ts_iso,slug,market_url,window_text,buy_up_cents,buy_down_cents,sell_up_cents,sell_down_cents,buy_up_size,buy_down_size,sell_up_size,sell_down_size,mid_up_cents,mid_down_cents,spread_up_cents,spread_down_cents,bid_depth_up_5,ask_depth_up_5,bid_depth_down_5,ask_depth_down_5,level_count_bid_up,level_count_ask_up,level_count_bid_down,level_count_ask_down,target_price,final_price,trade_count_1s,trade_volume_1s
2026-07-24T22:47:09+08:00,btc-updown-5m-1784904300,https://polymarket.com/zh/event/btc-updown-5m-1784904300,22:45-22:50,35.00,67.00,33.00,66.00,65.19,90.48,138.98,75.27,34.00,66.50,2.00,1.00,20788.69,17138.33,17274.33,20813.69,33,65,66,33,,63735.65,,
2026-07-24T22:47:11+08:00,btc-updown-5m-1784904300,https://polymarket.com/zh/event/btc-updown-5m-1784904300,22:45-22:50,37.00,64.00,36.00,63.00,870.60,97.91,174.33,997.68,36.50,63.50,1.00,1.00,20828.69,17098.32,17213.32,20838.69,36,63,63,36,,63734.93,,
2026-07-24T22:47:13+08:00,btc-updown-5m-1784904300,https://polymarket.com/zh/event/btc-updown-5m-1784904300,22:45-22:50,30.00,71.00,29.00,69.00,175.16,1326.56,99.70,253.00,29.50,70.00,1.00,2.00,20883.69,17208.33,17293.32,20888.69,29,70,69,29,,63727.58,,
2026-07-24T22:47:15+08:00,btc-updown-5m-1784904300,https://polymarket.com/zh/event/btc-updown-5m-1784904300,22:45-22:50,38.00,64.00,37.00,63.00,1161.12,433.00,225.00,690.66,37.50,63.50,1.00,1.00,23688.69,17263.33,17249.32,23688.69,37,62,63,36,,63740.97,,
2026-07-24T22:47:17+08:00,btc-updown-5m-1784904300,https://polymarket.com/zh/event/btc-updown-5m-1784904300,22:45-22:50,35.00,66.00,34.00,65.00,475.14,1153.59,1163.42,415.14,34.50,65.50,1.00,1.00,20838.69,17214.32,17098.33,20843.69,34,65,65,34,,63737.44,,
2026-07-24T22:47:19+08:00,btc-updown-5m-1784904300,https://polymarket.com/zh/event/btc-updown-5m-1784904300,22:45-22:50,35.00,66.00,34.00,65.00,458.60,173.46,118.53,528.60,34.50,65.50,1.00,1.00,24928.69,17313.33,17314.32,24953.69,34,65,65,34,,63732.20,,
2026-07-24T22:47:21+08:00,btc-updown-5m-1784904300,https://polymarket.com/zh/event/btc-updown-5m-1784904300,22:45-22:50,31.00,71.00,29.00,69.00,1411.76,230.00,230.00,1461.76,30.00,70.00,2.00,2.00,18783.69,17579.32,17579.33,18788.69,29,69,69,29,,63719.55,,
2026-07-24T22:47:23+08:00,btc-updown-5m-1784904300,https://polymarket.com/zh/event/btc-updown-5m-1784904300,22:45-22:50,27.00,74.00,26.00,73.00,556.77,800.22,592.22,493.31,26.50,73.50,1.00,1.00,22289.68,23674.31,22389.32,22284.68,26,73,73,26,,63720.73,,
2026-07-24T22:47:25+08:00,btc-updown-5m-1784904300,https://polymarket.com/zh/event/btc-updown-5m-1784904300,22:45-22:50,27.00,74.00,26.00,73.00,602.09,290.34,457.34,562.67,26.50,73.50,1.00,1.00,22354.68,20785.31,20689.31,22389.68,26,73,73,26,,63721.81,,
2026-07-24T22:47:27+08:00,btc-updown-5m-1784904300,https://polymarket.com/zh/event/btc-updown-5m-1784904300,22:45-22:50,27.00,75.00,26.00,74.00,1519.45,5.00,79.07,1358.23,26.50,74.50,1.00,1.00,22274.68,20464.32,20555.31,22264.68,26,73,74,24,,63721.43,,
2026-07-24T22:47:29+08:00,btc-updown-5m-1784904300,https://polymarket.com/zh/event/btc-updown-5m-1784904300,22:45-22:50,25.00,76.00,24.00,75.00,1449.42,908.93,273.62,1361.99,24.50,75.50,1.00,1.00,22369.68,20554.32,20560.31,22369.68,24,75,75,24,,63715.90,,
2026-07-24T22:47:31+08:00,btc-updown-5m-1784904300,https://polymarket.com/zh/event/btc-updown-5m-1784904300,22:45-22:50,26.00,75.00,25.00,74.00,620.79,381.60,431.60,703.66,25.50,74.50,1.00,1.00,22364.68,20469.32,20365.32,22169.68,25,74,74,25,,63713.25,,
2026-07-24T22:47:33+08:00,btc-updown-5m-1784904300,https://polymarket.com/zh/event/btc-updown-5m-1784904300,22:45-22:50,22.00,79.00,21.00,78.00,75.80,43.38,113.38,591.42,21.50,78.50,1.00,1.00,21949.68,20174.32,20185.31,21849.68,21,78,78,21,,63716.13,,
2026-07-24T22:47:35+08:00,btc-updown-5m-1784904300,https://polymarket.com/zh/event/btc-updown-5m-1784904300,22:45-22:50,22.00,80.00,21.00,79.00,1153.22,104.31,43.79,397.10,21.50,79.50,1.00,1.00,21819.68,20034.31,19914.31,21994.68,21,78,79,20,,63711.96,,
2026-07-24T22:47:37+08:00,btc-updown-5m-1784904300,https://polymarket.com/zh/event/btc-updown-5m-1784904300,22:45-22:50,21.00,80.00,20.00,79.00,1071.58,90.47,90.47,1086.58,20.50,79.50,1.00,1.00,21994.68,20035.31,20029.31,21994.68,20,79,79,20,,63711.93,,
2026-07-24T22:47:39+08:00,btc-updown-5m-1784904300,https://polymarket.com/zh/event/btc-updown-5m-1784904300,22:45-22:50,20.00,81.00,19.00,80.00,629.57,839.17,660.20,393.08,19.50,80.50,1.00,1.00,21988.68,19924.31,20025.31,22013.68,19,80,80,19,,63711.40,,
2026-07-24T22:47:41+08:00,btc-updown-5m-1784904300,https://polymarket.com/zh/event/btc-updown-5m-1784904300,22:45-22:50,18.00,82.00,17.00,81.00,176.44,215.85,1339.49,340.26,17.50,81.50,1.00,1.00,21923.68,20029.32,19909.31,21938.68,17,82,81,18,,63708.37,,
2026-07-24T22:47:43+08:00,btc-updown-5m-1784904300,https://polymarket.com/zh/event/btc-updown-5m-1784904300,22:45-22:50,19.00,82.00,18.00,81.00,675.42,637.16,687.16,759.57,18.50,81.50,1.00,1.00,22083.68,19921.31,19986.31,22078.68,18,81,81,18,,63709.77,,
2026-07-24T22:47:45+08:00,btc-updown-5m-1784904300,https://polymarket.com/zh/event/btc-updown-5m-1784904300,22:45-22:50,16.00,86.00,15.00,85.00,1042.13,7.00,56.80,25.00,15.50,85.50,1.00,1.00,21973.99,19905.32,19880.31,22434.44,15,84,85,14,,63701.94,,
2026-07-24T22:47:47+08:00,btc-updown-5m-1784904300,https://polymarket.com/zh/event/btc-updown-5m-1784904300,22:45-22:50,14.00,87.00,13.00,86.00,758.79,379.68,222.00,742.16,13.50,86.50,1.00,1.00,22969.44,19916.31,19901.31,23029.44,13,86,86,13,,63701.01,,
2026-07-24T22:47:48+08:00,btc-updown-5m-1784904300,https://polymarket.com/zh/event/btc-updown-5m-1784904300,22:45-22:50,13.00,88.00,12.00,87.00,461.71,855.80,634.60,311.99,12.50,87.50,1.00,1.00,23644.75,19880.31,20001.31,23654.44,12,87,87,12,,63695.54,,
2026-07-24T22:47:50+08:00,btc-updown-5m-1784904300,https://polymarket.com/zh/event/btc-updown-5m-1784904300,22:45-22:50,13.00,88.00,12.00,87.00,330.79,417.14,585.16,345.89,12.50,87.50,1.00,1.00,23717.90,19903.31,20004.31,23747.90,12,87,87,12,,63698.33,,
2026-07-24T22:47:52+08:00,btc-updown-5m-1784904300,https://polymarket.com/zh/event/btc-updown-5m-1784904300,22:45-22:50,11.00,90.00,10.00,89.00,2176.05,598.83,659.13,2948.05,10.50,89.50,1.00,1.00,23201.72,20009.31,20003.31,24828.72,10,89,89,10,,63677.76,,
2026-07-24T22:47:54+08:00,btc-updown-5m-1784904300,https://polymarket.com/zh/event/btc-updown-5m-1784904300,22:45-22:50,9.00,92.00,8.00,91.00,160.46,1234.70,1309.68,175.46,8.50,91.50,1.00,1.00,24721.05,19874.31,19960.31,24611.62,8,91,91,8,,63682.99,,
2026-07-24T22:47:57+08:00,btc-updown-5m-1784904300,https://polymarket.com/zh/event/btc-updown-5m-1784904300,22:45-22:50,9.00,92.00,8.00,91.00,1960.49,144.11,144.11,1960.49,8.50,91.50,1.00,1.00,23390.03,19970.31,19975.31,23148.03,8,91,91,8,,63683.57,,
2026-07-24T22:47:58+08:00,btc-updown-5m-1784904300,https://polymarket.com/zh/event/btc-updown-5m-1784904300,22:45-22:50,8.00,93.00,7.00,92.00,1503.93,37.24,42.46,1509.72,7.50,92.50,1.00,1.00,24024.90,20074.31,20170.31,23559.90,7,92,92,7,,63676.02,,
2026-07-24T22:48:00+08:00,btc-updown-5m-1784904300,https://polymarket.com/zh/event/btc-updown-5m-1784904300,22:45-22:50,6.00,95.00,5.00,94.00,768.88,275.32,266.25,856.66,5.50,94.50,1.00,1.00,20936.89,18459.31,18329.31,21103.91,5,94,94,5,,63661.93,,
2026-07-24T22:48:02+08:00,btc-updown-5m-1784904300,https://polymarket.com/zh/event/btc-updown-5m-1784904300,22:45-22:50,6.00,95.00,5.00,94.00,666.55,1095.76,1091.19,669.28,5.50,94.50,1.00,1.00,21997.57,18399.31,18314.32,22023.78,5,94,94,5,,63672.57,,
2026-07-24T22:48:04+08:00,btc-updown-5m-1784904300,https://polymarket.com/zh/event/btc-updown-5m-1784904300,22:45-22:50,7.00,94.00,6.00,93.00,444.66,1013.82,998.25,428.48,6.50,93.50,1.00,1.00,22756.11,18218.31,18302.31,22352.50,6,93,93,6,,63680.70,,
2026-07-24T22:48:06+08:00,btc-updown-5m-1784904300,https://polymarket.com/zh/event/btc-updown-5m-1784904300,22:45-22:50,7.00,94.00,6.00,93.00,145.34,1928.51,1236.51,60.77,6.50,93.50,1.00,1.00,22387.96,18313.31,18202.32,23177.14,6,93,93,6,,63684.58,,
2026-07-24T22:48:08+08:00,btc-updown-5m-1784904300,https://polymarket.com/zh/event/btc-updown-5m-1784904300,22:45-22:50,7.00,94.00,6.00,93.00,424.33,55.00,211.39,1082.54,6.50,93.50,1.00,1.00,23136.05,18302.31,18297.31,18183.77,6,93,93,6,,63681.65,,
2026-07-24T22:48:10+08:00,btc-updown-5m-1784904300,https://polymarket.com/zh/event/btc-updown-5m-1784904300,22:45-22:50,5.00,96.00,4.00,95.00,217.31,1185.72,1202.56,311.43,4.50,95.50,1.00,1.00,20927.05,18313.31,18307.31,20895.21,4,95,95,4,,63668.11,,
2026-07-24T22:48:12+08:00,btc-updown-5m-1784904300,https://polymarket.com/zh/event/btc-updown-5m-1784904300,22:45-22:50,5.00,96.00,4.00,95.00,387.07,1333.33,1313.33,296.07,4.50,95.50,1.00,1.00,19010.16,18089.31,18083.32,19119.46,4,95,95,4,,63671.01,,
2026-07-24T22:48:14+08:00,btc-updown-5m-1784904300,https://polymarket.com/zh/event/btc-updown-5m-1784904300,22:45-22:50,5.00,96.00,4.00,95.00,962.80,458.38,438.51,862.80,4.50,95.50,1.00,1.00,18026.34,18178.31,18093.32,18106.21,4,95,95,4,,63676.14,,
2026-07-24T22:48:16+08:00,btc-updown-5m-1784904300,https://polymarket.com/zh/event/btc-updown-5m-1784904300,22:45-22:50,5.00,96.00,4.00,95.00,230.16,1352.96,1363.17,261.73,4.50,95.50,1.00,1.00,19132.66,18104.31,18109.32,19197.45,4,95,95,4,,63680.85,,
2026-07-24T22:48:18+08:00,btc-updown-5m-1784904300,https://polymarket.com/zh/event/btc-updown-5m-1784904300,22:45-22:50,5.00,96.00,4.00,95.00,141.85,2242.50,1442.37,78.34,4.50,95.50,1.00,1.00,21186.86,18013.32,18019.31,20422.99,4,95,95,4,,63684.71,,
2026-07-24T22:48:20+08:00,btc-updown-5m-1784904300,https://polymarket.com/zh/event/btc-updown-5m-1784904300,22:45-22:50,6.00,95.00,5.00,94.00,39.99,1874.35,1470.87,69.99,5.50,94.50,1.00,1.00,25270.40,17979.31,17973.31,25476.33,5,94,94,5,,63688.58,,
2026-07-24T22:48:22+08:00,btc-updown-5m-1784904300,https://polymarket.com/zh/event/btc-updown-5m-1784904300,22:45-22:50,6.00,95.00,5.00,94.00,486.52,1290.96,1175.91,206.21,5.50,94.50,1.00,1.00,24405.00,17978.31,17979.31,24570.05,5,94,94,5,,63688.94,,
2026-07-24T22:48:24+08:00,btc-updown-5m-1784904300,https://polymarket.com/zh/event/btc-updown-5m-1784904300,22:45-22:50,6.00,95.00,5.00,94.00,774.72,268.73,273.73,804.72,5.50,94.50,1.00,1.00,23454.67,18079.31,18093.31,23414.67,5,94,94,5,,63688.94,,
2026-07-24T22:48:26+08:00,btc-updown-5m-1784904300,https://polymarket.com/zh/event/btc-updown-5m-1784904300,22:45-22:50,6.00,95.00,5.00,94.00,523.84,481.32,478.33,598.77,5.50,94.50,1.00,1.00,21698.73,18084.31,17999.31,21696.72,5,94,94,5,,63694.18,,
2026-07-24T22:48:28+08:00,btc-updown-5m-1784904300,https://polymarket.com/zh/event/btc-updown-5m-1784904300,22:45-22:50,5.00,96.00,4.00,95.00,51.82,3157.58,3122.58,51.82,4.50,95.50,1.00,1.00,21203.47,18053.31,18143.31,21232.47,4,95,95,4,,63690.15,,
2026-07-24T22:48:30+08:00,btc-updown-5m-1784904300,https://polymarket.com/zh/event/btc-updown-5m-1784904300,22:45-22:50,6.00,95.00,5.00,94.00,1114.11,73.94,38.94,1115.47,5.50,94.50,1.00,1.00,20737.18,17920.97,17824.97,20662.18,5,94,94,5,,63691.48,,
2026-07-24T22:48:32+08:00,btc-updown-5m-1784904300,https://polymarket.com/zh/event/btc-updown-5m-1784904300,22:45-22:50,5.00,96.00,4.00,95.00,278.77,2615.30,2615.30,278.77,4.50,95.50,1.00,1.00,20630.19,17875.98,17970.97,20630.19,4,95,95,4,,63688.88,,
2026-07-24T22:48:34+08:00,btc-updown-5m-1784904300,https://polymarket.com/zh/event/btc-updown-5m-1784904300,22:45-22:50,4.00,97.00,3.00,96.00,1730.47,455.60,452.60,1597.55,3.50,96.50,1.00,1.00,14500.05,17910.97,17809.97,14599.05,3,96,96,3,,63679.53,,
2026-07-24T22:48:36+08:00,btc-updown-5m-1784904300,https://polymarket.com/zh/event/btc-updown-5m-1784904300,22:45-22:50,4.00,97.00,3.00,96.00,2705.01,334.05,344.05,2682.13,3.50,96.50,1.00,1.00,12686.52,17885.97,17890.97,12741.52,3,96,96,3,,63674.71,,
2026-07-24T22:48:40+08:00,btc-updown-5m-1784904300,https://polymarket.com/zh/event/btc-updown-5m-1784904300,22:45-22:50,4.00,97.00,3.00,96.00,926.62,578.17,459.07,935.34,3.50,96.50,1.00,1.00,14248.23,17789.97,17794.97,15632.33,3,96,96,3,,63684.52,,
2026-07-24T22:48:42+08:00,btc-updown-5m-1784904300,https://polymarket.com/zh/event/btc-updown-5m-1784904300,22:45-22:50,4.00,97.00,3.00,96.00,688.05,448.12,451.24,658.05,3.50,96.50,1.00,1.00,16380.40,17794.97,17910.97,16302.28,3,96,96,3,,63685.11,,
2026-07-24T22:48:44+08:00,btc-updown-5m-1784904300,https://polymarket.com/zh/event/btc-updown-5m-1784904300,22:45-22:50,4.00,97.00,3.00,96.00,1442.93,124.50,263.76,1522.93,3.50,96.50,1.00,1.00,14752.23,17795.97,17899.97,14612.97,3,96,96,3,,63685.66,,
2026-07-24T22:48:46+08:00,btc-updown-5m-1784904300,https://polymarket.com/zh/event/btc-updown-5m-1784904300,22:45-22:50,3.00,98.00,2.00,97.00,594.82,1209.55,1214.55,528.15,2.50,97.50,1.00,1.00,13480.88,17909.98,17800.97,13460.88,2,97,97,2,,63681.99,,
2026-07-24T22:48:48+08:00,btc-updown-5m-1784904300,https://polymarket.com/zh/event/btc-updown-5m-1784904300,22:45-22:50,3.00,98.00,2.00,97.00,1988.88,189.07,210.70,2241.38,2.50,97.50,1.00,1.00,10249.72,17815.98,17804.97,10205.09,2,97,97,2,,63683.75,,
2026-07-24T22:48:50+08:00,btc-updown-5m-1784904300,https://polymarket.com/zh/event/btc-updown-5m-1784904300,22:45-22:50,2.00,99.00,1.00,98.00,705.91,10342.04,10352.04,700.91,1.50,98.50,1.00,1.00,10352.04,17835.78,17829.78,10342.04,1,98,98,1,,63674.51,,
2026-07-24T22:48:52+08:00,btc-updown-5m-1784904300,https://polymarket.com/zh/event/btc-updown-5m-1784904300,22:45-22:50,2.00,99.00,1.00,98.00,835.83,9558.40,9568.40,830.83,1.50,98.50,1.00,1.00,9568.40,17654.78,17664.78,9558.40,1,98,98,1,,63671.98,,
2026-07-24T22:48:54+08:00,btc-updown-5m-1784904300,https://polymarket.com/zh/event/btc-updown-5m-1784904300,22:45-22:50,2.00,99.00,1.00,98.00,1150.65,8878.57,8875.57,1119.42,1.50,98.50,1.00,1.00,8875.57,17659.78,17769.78,8878.57,1,98,98,1,,63671.27,,
2026-07-24T22:48:56+08:00,btc-updown-5m-1784904300,https://polymarket.com/zh/event/btc-updown-5m-1784904300,22:45-22:50,2.00,99.00,1.00,98.00,1178.68,8882.75,8895.44,1202.10,1.50,98.50,1.00,1.00,8895.44,17765.78,17664.78,8882.75,1,98,98,1,,63675.56,,
2026-07-24T22:48:58+08:00,btc-updown-5m-1784904300,https://polymarket.com/zh/event/btc-updown-5m-1784904300,22:45-22:50,2.00,99.00,1.00,98.00,1093.05,8729.06,8631.96,1359.01,1.50,98.50,1.00,1.00,8631.96,17770.79,17759.78,8729.06,1,98,98,1,,63677.12,,
2026-07-24T22:49:00+08:00,btc-updown-5m-1784904300,https://polymarket.com/zh/event/btc-updown-5m-1784904300,22:45-22:50,2.00,99.00,1.00,98.00,333.95,11404.02,11407.73,275.95,1.50,98.50,1.00,1.00,11407.73,17695.78,17700.76,11404.02,1,98,98,1,,63689.98,,
2026-07-24T22:49:02+08:00,btc-updown-5m-1784904300,https://polymarket.com/zh/event/btc-updown-5m-1784904300,22:45-22:50,2.00,99.00,1.00,98.00,233.12,8871.05,8971.44,384.12,1.50,98.50,1.00,1.00,8971.44,17664.76,17580.76,8871.05,1,98,98,1,,63685.32,,
2026-07-24T22:49:04+08:00,btc-updown-5m-1784904300,https://polymarket.com/zh/event/btc-updown-5m-1784904300,22:45-22:50,2.00,99.00,1.00,98.00,99.45,6125.35,6110.35,124.45,1.50,98.50,1.00,1.00,6110.35,17725.76,17619.76,6125.35,1,98,98,1,,63687.14,,
2026-07-24T22:49:06+08:00,btc-updown-5m-1784904300,https://polymarket.com/zh/event/btc-updown-5m-1784904300,22:45-22:50,2.00,99.00,1.00,98.00,59.45,6499.11,6589.11,59.45,1.50,98.50,1.00,1.00,6589.11,17730.76,17719.76,6499.11,1,98,98,1,,63690.00,,
2026-07-24T22:49:08+08:00,btc-updown-5m-1784904300,https://polymarket.com/zh/event/btc-updown-5m-1784904300,22:45-22:50,3.00,98.00,2.00,97.00,496.38,1026.88,577.39,456.38,2.50,97.50,1.00,1.00,10756.96,17650.76,17664.77,10117.07,2,97,97,2,,63697.95,,
2026-07-24T22:49:10+08:00,btc-updown-5m-1784904300,https://polymarket.com/zh/event/btc-updown-5m-1784904300,22:45-22:50,5.00,96.00,4.00,95.00,201.48,311.29,314.32,224.73,4.50,95.50,1.00,1.00,10981.52,17543.76,17659.76,10949.11,4,95,95,4,,63709.99,,
2026-07-24T22:49:12+08:00,btc-updown-5m-1784904300,https://polymarket.com/zh/event/btc-updown-5m-1784904300,22:45-22:50,4.00,97.00,3.00,96.00,42.00,1058.34,998.34,57.00,3.50,96.50,1.00,1.00,10555.52,17664.76,17543.76,10610.52,3,96,96,3,,63704.85,,
2026-07-24T22:49:14+08:00,btc-updown-5m-1784904300,https://polymarket.com/zh/event/btc-updown-5m-1784904300,22:45-22:50,2.00,99.00,1.00,98.00,50.00,5837.39,5837.39,50.00,1.50,98.50,1.00,1.00,5837.39,17648.76,17649.76,5837.39,1,97,97,1,,63706.49,,
2026-07-24T22:49:16+08:00,btc-updown-5m-1784904300,https://polymarket.com/zh/event/btc-updown-5m-1784904300,22:45-22:50,7.00,94.00,6.00,93.00,200.47,1025.77,46.10,133.06,6.50,93.50,1.00,1.00,11970.36,17599.76,17679.76,13009.36,6,93,93,6,,63717.91,,
2026-07-24T22:49:18+08:00,btc-updown-5m-1784904300,https://polymarket.com/zh/event/btc-updown-5m-1784904300,22:45-22:50,10.00,91.00,9.00,90.00,1087.22,1148.44,153.13,654.44,9.50,90.50,1.00,1.00,11491.81,17713.76,17678.76,12404.81,9,90,90,9,,63723.75,,
2026-07-24T22:49:20+08:00,btc-updown-5m-1784904300,https://polymarket.com/zh/event/btc-updown-5m-1784904300,22:45-22:50,13.00,88.00,12.00,87.00,146.16,91.43,234.12,370.59,12.50,87.50,1.00,1.00,12517.01,17594.76,17593.76,12507.01,12,87,87,12,,63731.04,,
2026-07-24T22:49:21+08:00,btc-updown-5m-1784904300,https://polymarket.com/zh/event/btc-updown-5m-1784904300,22:45-22:50,20.00,81.00,17.00,80.00,230.00,275.00,655.04,215.80,18.50,80.50,3.00,1.00,12342.38,17581.76,17682.76,12307.38,17,80,80,19,,63737.37,,
2026-07-24T22:49:23+08:00,btc-updown-5m-1784904300,https://polymarket.com/zh/event/btc-updown-5m-1784904300,22:45-22:50,52.00,55.00,51.00,48.00,903.69,2.00,6.43,814.01,51.50,51.50,1.00,7.00,15505.38,17905.77,18105.78,15041.38,41,48,48,40,,63755.06,,
2026-07-24T22:49:25+08:00,btc-updown-5m-1784904300,https://polymarket.com/zh/event/btc-updown-5m-1784904300,22:45-22:50,44.00,57.00,43.00,56.00,239.00,305.28,175.00,236.94,43.50,56.50,1.00,1.00,14985.38,17401.76,17391.76,14955.38,43,56,56,43,,63758.27,,
2026-07-24T22:49:27+08:00,btc-updown-5m-1784904300,https://polymarket.com/zh/event/btc-updown-5m-1784904300,22:45-22:50,46.00,56.00,45.00,55.00,491.63,75.66,170.76,160.00,45.50,55.50,1.00,1.00,15052.38,17600.77,17595.76,15047.38,45,54,55,44,,63758.42,,
2026-07-24T22:49:29+08:00,btc-updown-5m-1784904300,https://polymarket.com/zh/event/btc-updown-5m-1784904300,22:45-22:50,65.00,40.00,60.00,35.00,153.29,10.00,10.00,153.29,62.50,37.50,5.00,5.00,15032.38,13311.77,13641.77,14827.38,50,35,35,54,,63766.59,,
2026-07-24T22:49:31+08:00,btc-updown-5m-1784904300,https://polymarket.com/zh/event/btc-updown-5m-1784904300,22:45-22:50,62.00,45.00,59.00,41.00,102.53,50.00,3.30,164.27,60.50,43.00,3.00,4.00,15143.39,13701.60,16971.60,15153.39,53,38,39,50,,63760.13,,
2026-07-24T22:49:33+08:00,btc-updown-5m-1784904300,https://polymarket.com/zh/event/btc-updown-5m-1784904300,22:45-22:50,45.00,56.00,44.00,55.00,67.81,2903.91,496.46,6.73,44.50,55.50,1.00,1.00,15152.38,17463.60,17452.60,15137.38,44,48,47,44,,63756.47,,
2026-07-24T22:49:35+08:00,btc-updown-5m-1784904300,https://polymarket.com/zh/event/btc-updown-5m-1784904300,22:45-22:50,63.00,38.00,62.00,37.00,25.58,417.78,113.43,7.97,62.50,37.50,1.00,1.00,14281.08,19835.61,19835.61,13806.08,62,37,36,62,,63765.50,,
2026-07-24T22:49:37+08:00,btc-updown-5m-1784904300,https://polymarket.com/zh/event/btc-updown-5m-1784904300,22:45-22:50,84.00,17.00,83.00,16.00,169.69,465.96,580.28,25.00,83.50,16.50,1.00,1.00,14702.08,12107.61,12456.90,14702.08,83,16,16,83,,63778.86,,
2026-07-24T22:49:39+08:00,btc-updown-5m-1784904300,https://polymarket.com/zh/event/btc-updown-5m-1784904300,22:45-22:50,79.00,22.00,78.00,21.00,77.34,5.00,6.77,77.34,78.50,21.50,1.00,1.00,14677.08,14093.90,14078.90,14687.08,77,21,21,78,,63774.78,,
2026-07-24T22:49:41+08:00,btc-updown-5m-1784904300,https://polymarket.com/zh/event/btc-updown-5m-1784904300,22:45-22:50,77.00,37.00,69.00,24.00,403.43,0.07,171.98,214.46,73.00,30.50,8.00,13.00,13861.09,12448.87,12443.87,14371.09,69,22,24,63,,63768.76,,
2026-07-24T22:49:43+08:00,btc-updown-5m-1784904300,https://polymarket.com/zh/event/btc-updown-5m-1784904300,22:45-22:50,75.00,27.00,74.00,25.00,68.62,13.98,77.52,33.95,74.50,26.00,1.00,2.00,14596.08,12183.87,12063.87,14111.09,74,25,25,72,,63769.84,,
2026-07-24T22:49:45+08:00,btc-updown-5m-1784904300,https://polymarket.com/zh/event/btc-updown-5m-1784904300,22:45-22:50,77.00,24.00,76.00,23.00,59.74,201.21,30.00,17.40,76.50,23.50,1.00,1.00,13683.79,11164.28,11154.28,14193.78,73,23,23,73,,63769.84,,
2026-07-24T22:49:47+08:00,btc-updown-5m-1784904300,https://polymarket.com/zh/event/btc-updown-5m-1784904300,22:45-22:50,78.00,20.00,77.00,19.00,20.00,284.58,821.58,96.99,77.50,19.50,1.00,1.00,16008.79,10980.28,10980.28,15488.78,77,20,19,80,,63769.13,,
2026-07-24T22:49:49+08:00,btc-updown-5m-1784904300,https://polymarket.com/zh/event/btc-updown-5m-1784904300,22:45-22:50,89.00,13.00,87.00,11.00,31.94,112.86,53.93,29.54,88.00,12.00,2.00,2.00,11385.78,8777.64,8777.64,11390.78,87,11,11,87,,63775.72,,
2026-07-24T22:49:51+08:00,btc-updown-5m-1784904300,https://polymarket.com/zh/event/btc-updown-5m-1784904300,22:45-22:50,86.00,23.00,85.00,21.00,1351.53,8.00,245.53,500.00,85.50,22.00,1.00,2.00,12239.78,13236.28,13426.28,12854.78,79,14,21,76,,63772.88,,
2026-07-24T22:49:53+08:00,btc-updown-5m-1784904300,https://polymarket.com/zh/event/btc-updown-5m-1784904300,22:45-22:50,80.00,21.00,79.00,20.00,5.00,28.00,10.00,25.14,79.50,20.50,1.00,1.00,11464.78,13389.64,13372.28,10959.78,77,19,19,79,,63764.97,,
2026-07-24T22:49:55+08:00,btc-updown-5m-1784904300,https://polymarket.com/zh/event/btc-updown-5m-1784904300,22:45-22:50,88.00,12.00,87.00,11.00,352.09,261.00,155.00,56.53,87.50,11.50,1.00,1.00,14984.78,12781.28,11639.28,14964.78,73,11,10,74,,63768.95,,
2026-07-24T22:49:57+08:00,btc-updown-5m-1784904300,https://polymarket.com/zh/event/btc-updown-5m-1784904300,22:45-22:50,99.00,2.00,96.00,1.00,7245.38,459.18,310.94,7161.15,97.50,1.50,3.00,1.00,14865.79,7245.38,7161.15,14865.78,78,1,1,78,,63775.72,,
2026-07-24T22:49:59+08:00,btc-updown-5m-1784904300,https://polymarket.com/zh/event/btc-updown-5m-1784904300,22:45-22:50,,1.00,99.00,,,34769.40,33153.40,,,,,,14763.10,,,14268.10,83,0,0,83,,63779.56,,
2026-07-24T22:50:01+08:00,btc-updown-5m-1784904600,https://polymarket.com/zh/event/btc-updown-5m-1784904600,22:50-22:55,54.00,47.00,53.00,46.00,219.89,95.00,180.49,676.46,53.50,46.50,1.00,1.00,21222.43,19332.24,19337.24,20802.43,53,46,46,53,63785.94,63791.25,,
2026-07-24T22:50:03+08:00,btc-updown-5m-1784904600,https://polymarket.com/zh/event/btc-updown-5m-1784904600,22:50-22:55,59.00,42.00,58.00,41.00,550.14,503.43,775.23,560.14,58.50,41.50,1.00,1.00,21290.28,19628.08,19683.08,21990.27,58,41,41,58,63785.94,63800.00,,
2026-07-24T22:50:05+08:00,btc-updown-5m-1784904600,https://polymarket.com/zh/event/btc-updown-5m-1784904600,22:50-22:55,59.00,42.00,58.00,41.00,1213.50,240.92,234.53,1228.59,58.50,41.50,1.00,1.00,21771.28,19924.08,19909.08,22251.27,58,41,41,58,63785.94,63794.37,,
2026-07-24T22:50:07+08:00,btc-updown-5m-1784904600,https://polymarket.com/zh/event/btc-updown-5m-1784904600,22:50-22:55,61.00,40.00,60.00,39.00,34.00,1433.87,1139.74,7.00,60.50,39.50,1.00,1.00,21956.27,19664.08,19679.08,21371.27,60,39,39,60,63785.94,63803.09,,
2026-07-24T22:50:09+08:00,btc-updown-5m-1784904600,https://polymarket.com/zh/event/btc-updown-5m-1784904600,22:50-22:55,64.00,37.00,63.00,36.00,397.43,1948.16,1467.79,184.43,63.50,36.50,1.00,1.00,19997.28,17599.08,17609.08,19372.28,63,36,36,63,63785.94,63806.37,,
2026-07-24T22:50:11+08:00,btc-updown-5m-1784904600,https://polymarket.com/zh/event/btc-updown-5m-1784904600,22:50-22:55,66.00,35.00,65.00,34.00,11.00,199.05,1027.95,213.59,65.50,34.50,1.00,1.00,20294.38,17970.08,17903.08,19719.38,65,34,34,65,63785.94,63816.54,,
2026-07-24T22:50:13+08:00,btc-updown-5m-1784904600,https://polymarket.com/zh/event/btc-updown-5m-1784904600,22:50-22:55,63.00,38.00,62.00,37.00,1116.58,85.00,660.00,1155.89,62.50,37.50,1.00,1.00,20706.03,18337.74,18352.74,20221.03,62,37,37,62,63785.94,63809.47,,
2026-07-24T22:50:15+08:00,btc-updown-5m-1784904600,https://polymarket.com/zh/event/btc-updown-5m-1784904600,22:50-22:55,63.00,37.00,62.00,34.00,5.00,1361.86,1487.83,8.90,62.50,35.50,1.00,3.00,22075.03,18365.74,18375.74,21670.03,62,36,34,63,63785.94,63810.22,,
2026-07-24T22:50:17+08:00,btc-updown-5m-1784904600,https://polymarket.com/zh/event/btc-updown-5m-1784904600,22:50-22:55,69.00,32.00,68.00,31.00,433.04,1401.52,1306.90,408.04,68.50,31.50,1.00,1.00,21665.03,18365.74,18325.74,21155.03,68,31,31,68,63785.94,63818.99,,
2026-07-24T22:50:19+08:00,btc-updown-5m-1784904600,https://polymarket.com/zh/event/btc-updown-5m-1784904600,22:50-22:55,72.00,29.00,71.00,28.00,39.72,1905.18,1868.18,39.72,71.50,28.50,1.00,1.00,21041.03,19472.74,19472.74,20464.03,71,28,28,71,63785.94,63835.04,,
2026-07-24T22:50:21+08:00,btc-updown-5m-1784904600,https://polymarket.com/zh/event/btc-updown-5m-1784904600,22:50-22:55,73.00,28.00,72.00,27.00,109.72,1526.10,1478.75,109.92,72.50,27.50,1.00,1.00,19346.69,18037.74,17977.74,19756.69,72,27,27,72,63785.94,63834.88,,
2026-07-24T22:50:23+08:00,btc-updown-5m-1784904600,https://polymarket.com/zh/event/btc-updown-5m-1784904600,22:50-22:55,75.00,26.00,74.00,25.00,314.86,1491.98,1537.03,109.60,74.50,25.50,1.00,1.00,20014.29,18658.34,18443.34,19416.98,74,25,25,74,63785.94,63835.99,,
2026-07-24T22:50:25+08:00,btc-updown-5m-1784904600,https://polymarket.com/zh/event/btc-updown-5m-1784904600,22:50-22:55,77.00,24.00,76.00,23.00,751.13,777.27,313.79,687.14,76.50,23.50,1.00,1.00,19713.68,18738.03,18743.03,20486.28,76,23,23,76,63785.94,63836.93,,
2026-07-24T22:50:27+08:00,btc-updown-5m-1784904600,https://polymarket.com/zh/event/btc-updown-5m-1784904600,22:50-22:55,81.00,20.00,80.00,19.00,54.04,823.57,758.57,54.04,80.50,19.50,1.00,1.00,19770.98,23106.73,22956.73,19770.98,80,19,19,80,63785.94,63849.05,,
2026-07-24T22:50:29+08:00,btc-updown-5m-1784904600,https://polymarket.com/zh/event/btc-updown-5m-1784904600,22:50-22:55,84.00,17.00,83.00,16.00,374.81,681.41,681.41,367.02,83.50,16.50,1.00,1.00,19585.67,23262.02,23257.02,19965.67,83,16,16,83,63785.94,63863.07,,
2026-07-24T22:50:31+08:00,btc-updown-5m-1784904600,https://polymarket.com/zh/event/btc-updown-5m-1784904600,22:50-22:55,84.00,16.00,83.00,15.00,35.00,1111.00,2063.21,206.93,83.50,15.50,1.00,1.00,19830.67,23473.71,23442.02,19230.67,83,16,15,84,63785.94,63867.92,,
2026-07-24T22:50:33+08:00,btc-updown-5m-1784904600,https://polymarket.com/zh/event/btc-updown-5m-1784904600,22:50-22:55,85.00,16.00,84.00,15.00,145.04,1683.97,829.39,45.00,84.50,15.50,1.00,1.00,19600.68,24577.02,24070.72,19705.69,84,15,15,84,63785.94,63875.65,,
2026-07-24T22:50:35+08:00,btc-updown-5m-1784904600,https://polymarket.com/zh/event/btc-updown-5m-1784904600,22:50-22:55,86.00,16.00,84.00,15.00,329.85,1957.72,1353.07,51.55,85.00,15.50,2.00,1.00,18845.67,23890.72,23909.41,18755.68,84,14,15,84,63785.94,63876.46,,
2026-07-24T22:50:37+08:00,btc-updown-5m-1784904600,https://polymarket.com/zh/event/btc-updown-5m-1784904600,22:50-22:55,87.00,14.00,86.00,13.00,474.07,30.54,198.58,1748.89,86.50,13.50,1.00,1.00,19235.67,23829.74,23847.97,18820.67,86,13,13,86,63785.94,63877.63,,
2026-07-24T22:50:39+08:00,btc-updown-5m-1784904600,https://polymarket.com/zh/event/btc-updown-5m-1784904600,22:50-22:55,87.00,14.00,86.00,13.00,125.00,237.07,7.07,50.00,86.50,13.50,1.00,1.00,19317.68,23204.25,23195.20,18802.67,86,13,13,86,63785.94,63882.09,,
2026-07-24T22:50:41+08:00,btc-updown-5m-1784904600,https://polymarket.com/zh/event/btc-updown-5m-1784904600,22:50-22:55,88.00,13.00,87.00,12.00,1266.85,165.39,190.39,1192.06,87.50,12.50,1.00,1.00,18707.67,23686.53,23655.53,18712.67,87,12,12,87,63785.94,63881.35,,
2026-07-24T22:50:43+08:00,btc-updown-5m-1784904600,https://polymarket.com/zh/event/btc-updown-5m-1784904600,22:50-22:55,88.00,15.00,87.00,14.00,2147.93,480.77,124.52,176.96,87.50,14.50,1.00,1.00,19047.67,23982.44,23893.72,19157.67,87,12,14,85,63785.94,63878.74,,
2026-07-24T22:50:45+08:00,btc-updown-5m-1784904600,https://polymarket.com/zh/event/btc-updown-5m-1784904600,22:50-22:55,85.00,14.00,84.00,13.00,5.00,253.37,1659.21,944.76,84.50,13.50,1.00,1.00,19147.67,22490.96,22490.96,18662.68,84,15,13,86,63785.94,63874.35,,
2026-07-24T22:50:47+08:00,btc-updown-5m-1784904600,https://polymarket.com/zh/event/btc-updown-5m-1784904600,22:50-22:55,89.00,12.00,88.00,11.00,975.16,133.78,470.54,1136.16,88.50,11.50,1.00,1.00,18524.28,23402.20,23372.20,18924.27,88,11,11,88,63785.94,63878.12,,
2026-07-24T22:50:49+08:00,btc-updown-5m-1784904600,https://polymarket.com/zh/event/btc-updown-5m-1784904600,22:50-22:55,89.00,14.00,88.00,13.00,1735.98,459.00,27.79,653.62,88.50,13.50,1.00,1.00,18429.27,23477.96,23400.72,18819.27,88,11,13,86,63785.94,63884.09,,
2026-07-24T22:50:51+08:00,btc-updown-5m-1784904600,https://polymarket.com/zh/event/btc-updown-5m-1784904600,22:50-22:55,88.00,14.00,87.00,13.00,380.00,346.26,235.00,591.37,87.50,13.50,1.00,1.00,18939.28,23350.65,23315.65,19048.27,87,12,13,86,63785.94,63884.00,,
2026-07-24T22:50:53+08:00,btc-updown-5m-1784904600,https://polymarket.com/zh/event/btc-updown-5m-1784904600,22:50-22:55,88.00,13.00,87.00,12.00,804.56,701.57,710.32,738.56,87.50,12.50,1.00,1.00,18328.27,23540.85,23560.85,18818.27,87,12,12,87,63785.94,63881.57,,
2026-07-24T22:50:55+08:00,btc-updown-5m-1784904600,https://polymarket.com/zh/event/btc-updown-5m-1784904600,22:50-22:55,87.00,14.00,86.00,13.00,58.70,1209.56,1034.56,54.10,86.50,13.50,1.00,1.00,18164.16,23450.85,23455.85,18669.16,86,13,13,86,63785.94,63874.47,,
2026-07-24T22:50:57+08:00,btc-updown-5m-1784904600,https://polymarket.com/zh/event/btc-updown-5m-1784904600,22:50-22:55,87.00,14.00,86.00,13.00,69.00,522.39,465.30,69.00,86.50,13.50,1.00,1.00,18429.16,23115.75,23125.75,18434.17,86,13,13,86,63785.94,63875.75,,
2026-07-24T22:50:59+08:00,btc-updown-5m-1784904600,https://polymarket.com/zh/event/btc-updown-5m-1784904600,22:50-22:55,89.00,12.00,88.00,11.00,45.00,1714.35,1537.88,40.00,88.50,11.50,1.00,1.00,18494.16,22410.00,22436.92,17909.16,88,11,11,88,63785.94,63881.95,,
2026-07-24T22:51:01+08:00,btc-updown-5m-1784904600,https://polymarket.com/zh/event/btc-updown-5m-1784904600,22:50-22:55,87.00,14.00,86.00,13.00,447.17,717.38,567.44,208.42,86.50,13.50,1.00,1.00,23249.16,22376.60,22431.74,22814.16,86,13,13,86,63785.94,63877.09,,
2026-07-24T22:51:03+08:00,btc-updown-5m-1784904600,https://polymarket.com/zh/event/btc-updown-5m-1784904600,22:50-22:55,87.00,14.00,86.00,13.00,1115.54,312.85,307.85,830.84,86.50,13.50,1.00,1.00,23009.16,22136.50,22301.50,22994.16,86,13,13,86,63785.94,63866.61,,
2026-07-24T22:51:05+08:00,btc-updown-5m-1784904600,https://polymarket.com/zh/event/btc-updown-5m-1784904600,22:50-22:55,87.00,14.00,86.00,13.00,618.25,284.85,314.85,988.74,86.50,13.50,1.00,1.00,23019.16,22321.22,22326.22,22429.16,86,13,13,86,63785.94,63873.86,,
2026-07-24T22:51:06+08:00,btc-updown-5m-1784904600,https://polymarket.com/zh/event/btc-updown-5m-1784904600,22:50-22:55,86.00,15.00,85.00,14.00,1226.76,384.81,574.14,981.93,85.50,14.50,1.00,1.00,22094.16,22380.44,22390.44,22179.16,85,14,14,85,63785.94,63864.03,,
2026-07-24T22:51:09+08:00,btc-updown-5m-1784904600,https://polymarket.com/zh/event/btc-updown-5m-1784904600,22:50-22:55,86.00,15.00,85.00,14.00,1054.30,282.92,282.92,1019.30,85.50,14.50,1.00,1.00,21034.16,20140.44,20130.44,21084.16,85,14,14,85,63785.94,63861.47,,
2026-07-24T22:51:11+08:00,btc-updown-5m-1784904600,https://polymarket.com/zh/event/btc-updown-5m-1784904600,22:50-22:55,84.00,17.00,83.00,16.00,279.26,582.44,520.62,348.89,83.50,16.50,1.00,1.00,21784.16,20115.44,20090.44,21174.16,83,16,16,83,63785.94,63859.18,,
2026-07-24T22:51:12+08:00,btc-updown-5m-1784904600,https://polymarket.com/zh/event/btc-updown-5m-1784904600,22:50-22:55,85.00,16.00,84.00,15.00,744.55,519.90,512.58,744.55,84.50,15.50,1.00,1.00,21774.16,20115.44,20105.44,21774.16,84,15,15,84,63785.94,63863.12,,
2026-07-24T22:51:14+08:00,btc-updown-5m-1784904600,https://polymarket.com/zh/event/btc-updown-5m-1784904600,22:50-22:55,85.00,16.00,84.00,15.00,494.47,654.25,685.50,518.58,84.50,15.50,1.00,1.00,21784.16,20145.44,20080.44,21279.16,84,15,15,84,63785.94,63863.13,,
2026-07-24T22:51:16+08:00,btc-updown-5m-1784904600,https://polymarket.com/zh/event/btc-updown-5m-1784904600,22:50-22:55,86.00,15.00,85.00,14.00,1378.67,11.44,11.44,1386.57,85.50,14.50,1.00,1.00,21674.16,20125.44,20115.44,21189.17,85,14,14,85,63785.94,63864.40,,
2026-07-24T22:51:18+08:00,btc-updown-5m-1784904600,https://polymarket.com/zh/event/btc-updown-5m-1784904600,22:50-22:55,77.00,25.00,76.00,23.00,2206.31,30.45,82.07,2665.50,76.50,24.00,1.00,2.00,21104.16,20685.44,20650.44,21709.16,76,23,23,75,63785.94,63835.44,,
2026-07-24T22:51:20+08:00,btc-updown-5m-1784904600,https://polymarket.com/zh/event/btc-updown-5m-1784904600,22:50-22:55,74.00,27.00,73.00,26.00,44.53,1457.32,1436.98,54.53,73.50,26.50,1.00,1.00,21264.16,20480.44,20550.44,21264.16,73,26,26,73,63785.94,63822.80,,
2026-07-24T22:51:22+08:00,btc-updown-5m-1784904600,https://polymarket.com/zh/event/btc-updown-5m-1784904600,22:50-22:55,76.00,25.00,75.00,24.00,598.80,876.61,866.61,598.80,75.50,24.50,1.00,1.00,21274.17,20601.44,20596.44,21779.16,75,24,24,75,63785.94,63830.79,,
2026-07-24T22:51:24+08:00,btc-updown-5m-1784904600,https://polymarket.com/zh/event/btc-updown-5m-1784904600,22:50-22:55,77.00,24.00,76.00,23.00,56.08,1216.59,1321.59,86.08,76.50,23.50,1.00,1.00,21179.16,20586.44,20586.44,21184.16,76,23,23,76,63785.94,63833.58,,
2026-07-24T22:51:26+08:00,btc-updown-5m-1784904600,https://polymarket.com/zh/event/btc-updown-5m-1784904600,22:50-22:55,77.00,24.00,76.00,23.00,1089.39,6.00,545.70,1729.73,76.50,23.50,1.00,1.00,21289.16,20591.44,20586.44,21789.16,76,23,23,76,63785.94,63835.05,,
2026-07-24T22:51:28+08:00,btc-updown-5m-1784904600,https://polymarket.com/zh/event/btc-updown-5m-1784904600,22:50-22:55,74.00,27.00,73.00,26.00,1541.67,918.93,311.16,1255.42,73.50,26.50,1.00,1.00,21219.16,20546.44,20556.44,21824.16,73,26,26,73,63785.94,63825.27,,
2026-07-24T22:51:30+08:00,btc-updown-5m-1784904600,https://polymarket.com/zh/event/btc-updown-5m-1784904600,22:50-22:55,81.00,20.00,80.00,19.00,132.67,1069.69,835.86,94.24,80.50,19.50,1.00,1.00,21784.16,20601.44,20606.44,21784.17,80,19,19,80,63785.94,63841.95,,
2026-07-24T22:51:32+08:00,btc-updown-5m-1784904600,https://polymarket.com/zh/event/btc-updown-5m-1784904600,22:50-22:55,83.00,18.00,82.00,17.00,270.97,1008.49,1054.41,230.97,82.50,17.50,1.00,1.00,20649.17,20041.44,20046.44,21044.16,82,17,17,82,63785.94,63849.58,,
2026-07-24T22:51:34+08:00,btc-updown-5m-1784904600,https://polymarket.com/zh/event/btc-updown-5m-1784904600,22:50-22:55,78.00,23.00,77.00,22.00,376.19,480.25,210.84,403.98,77.50,22.50,1.00,1.00,21544.16,20191.44,20181.44,20659.16,77,22,22,77,63785.94,63839.52,,
2026-07-24T22:51:36+08:00,btc-updown-5m-1784904600,https://polymarket.com/zh/event/btc-updown-5m-1784904600,22:50-22:55,77.00,24.00,76.00,23.00,347.92,835.98,567.63,216.92,76.50,23.50,1.00,1.00,20579.16,20191.44,20191.44,20969.16,76,23,23,76,63785.94,63833.30,,
2026-07-24T22:51:38+08:00,btc-updown-5m-1784904600,https://polymarket.com/zh/event/btc-updown-5m-1784904600,22:50-22:55,75.00,26.00,74.00,25.00,646.58,1089.98,1039.44,1404.33,74.50,25.50,1.00,1.00,20994.16,20011.44,20036.44,20894.16,74,25,25,74,63785.94,63825.34,,
2026-07-24T22:51:40+08:00,btc-updown-5m-1784904600,https://polymarket.com/zh/event/btc-updown-5m-1784904600,22:50-22:55,79.00,22.00,78.00,21.00,641.30,592.31,667.31,641.58,78.50,21.50,1.00,1.00,21079.16,20086.44,20086.44,20984.16,78,21,21,78,63785.94,63833.36,,
2026-07-24T22:51:42+08:00,btc-updown-5m-1784904600,https://polymarket.com/zh/event/btc-updown-5m-1784904600,22:50-22:55,78.00,23.00,77.00,22.00,1797.50,5.00,14.53,1857.50,77.50,22.50,1.00,1.00,20309.16,19841.44,19841.44,20824.16,77,22,22,77,63785.94,63831.97,,
2026-07-24T22:51:44+08:00,btc-updown-5m-1784904600,https://polymarket.com/zh/event/btc-updown-5m-1784904600,22:50-22:55,77.00,24.00,76.00,23.00,1366.54,582.42,417.27,1127.50,76.50,23.50,1.00,1.00,20319.17,19841.44,19841.44,20329.16,76,23,23,76,63785.94,63827.17,,
2026-07-24T22:51:46+08:00,btc-updown-5m-1784904600,https://polymarket.com/zh/event/btc-updown-5m-1784904600,22:50-22:55,81.00,20.00,80.00,19.00,1040.25,320.00,325.00,1071.83,80.50,19.50,1.00,1.00,20714.16,19996.44,20001.44,20224.16,80,19,19,80,63785.94,63836.99,,
2026-07-24T22:51:48+08:00,btc-updown-5m-1784904600,https://polymarket.com/zh/event/btc-updown-5m-1784904600,22:50-22:55,81.00,20.00,80.00,19.00,843.62,93.01,143.01,883.01,80.50,19.50,1.00,1.00,20824.16,20001.44,20001.44,20319.16,80,19,19,80,63785.94,63838.08,,
2026-07-24T22:51:50+08:00,btc-updown-5m-1784904600,https://polymarket.com/zh/event/btc-updown-5m-1784904600,22:50-22:55,81.00,20.00,80.00,19.00,1021.21,479.73,510.00,1033.96,80.50,19.50,1.00,1.00,20229.17,19931.44,19986.44,20319.16,80,19,19,80,63785.94,63842.35,,
2026-07-24T22:51:56+08:00,btc-updown-5m-1784904600,https://polymarket.com/zh/event/btc-updown-5m-1784904600,22:50-22:55,79.00,22.00,78.00,21.00,317.07,520.88,530.88,409.23,78.50,21.50,1.00,1.00,20187.16,19838.22,19843.22,20587.16,78,21,21,78,63785.94,63830.12,,
2026-07-24T22:51:58+08:00,btc-updown-5m-1784904600,https://polymarket.com/zh/event/btc-updown-5m-1784904600,22:50-22:55,79.00,22.00,78.00,21.00,44.74,1247.67,1240.67,42.74,78.50,21.50,1.00,1.00,20684.16,19918.22,19918.22,20699.16,78,21,21,78,63785.94,63830.04,,
2026-07-24T22:52:00+08:00,btc-updown-5m-1784904600,https://polymarket.com/zh/event/btc-updown-5m-1784904600,22:50-22:55,79.00,22.00,78.00,21.00,109.83,767.60,1099.62,99.36,78.50,21.50,1.00,1.00,19872.50,19727.22,19727.22,19872.50,78,21,21,78,63785.94,63831.40,,
2026-07-24T22:52:02+08:00,btc-updown-5m-1784904600,https://polymarket.com/zh/event/btc-updown-5m-1784904600,22:50-22:55,80.00,21.00,79.00,20.00,65.00,1222.58,921.78,22.08,79.50,20.50,1.00,1.00,19967.50,19726.56,19731.56,20432.50,79,20,20,79,63785.94,63828.74,,
2026-07-24T22:52:04+08:00,btc-updown-5m-1784904600,https://polymarket.com/zh/event/btc-updown-5m-1784904600,22:50-22:55,81.00,20.00,80.00,19.00,859.07,225.00,309.67,1064.09,80.50,19.50,1.00,1.00,20547.50,19731.56,19556.56,20547.50,80,19,19,80,63785.94,63831.93,,
2026-07-24T22:52:06+08:00,btc-updown-5m-1784904600,https://polymarket.com/zh/event/btc-updown-5m-1784904600,22:50-22:55,78.00,23.00,77.00,22.00,1136.53,1156.85,1067.18,821.53,77.50,22.50,1.00,1.00,18057.50,18968.56,18973.56,18557.50,77,22,22,77,63785.94,63820.09,,
2026-07-24T22:52:08+08:00,btc-updown-5m-1784904600,https://polymarket.com/zh/event/btc-updown-5m-1784904600,22:50-22:55,78.00,23.00,77.00,22.00,310.85,1216.11,1198.61,310.85,77.50,22.50,1.00,1.00,18667.50,18988.56,18993.56,18072.50,77,22,22,77,63785.94,63823.04,,
2026-07-24T22:52:10+08:00,btc-updown-5m-1784904600,https://polymarket.com/zh/event/btc-updown-5m-1784904600,22:50-22:55,81.00,20.00,80.00,19.00,745.50,467.49,453.75,623.51,80.50,19.50,1.00,1.00,18137.51,19133.56,19157.57,18642.50,80,19,19,80,63785.94,63825.49,,
2026-07-24T22:52:12+08:00,btc-updown-5m-1784904600,https://polymarket.com/zh/event/btc-updown-5m-1784904600,22:50-22:55,84.00,17.00,83.00,16.00,577.76,713.96,414.57,468.49,83.50,16.50,1.00,1.00,18737.50,19207.57,19212.57,18232.50,83,16,16,83,63785.94,63836.62,,
2026-07-24T22:52:14+08:00,btc-updown-5m-1784904600,https://polymarket.com/zh/event/btc-updown-5m-1784904600,22:50-22:55,85.00,16.00,84.00,15.00,525.47,552.55,973.91,926.71,84.50,15.50,1.00,1.00,18732.50,18925.85,19092.57,18667.50,84,15,15,84,63785.94,63843.79,,
2026-07-24T22:52:16+08:00,btc-updown-5m-1784904600,https://polymarket.com/zh/event/btc-updown-5m-1784904600,22:50-22:55,83.00,18.00,82.00,17.00,535.33,919.41,647.97,85.00,82.50,17.50,1.00,1.00,18757.51,19162.57,19147.57,18167.50,82,17,17,82,63785.94,63833.11,,
2026-07-24T22:52:18+08:00,btc-updown-5m-1784904600,https://polymarket.com/zh/event/btc-updown-5m-1784904600,22:50-22:55,85.00,16.00,84.00,15.00,740.51,717.92,454.00,543.27,84.50,15.50,1.00,1.00,18162.50,19164.69,18989.69,18182.50,84,15,15,84,63785.94,63836.13,,
2026-07-24T22:52:20+08:00,btc-updown-5m-1784904600,https://polymarket.com/zh/event/btc-updown-5m-1784904600,22:50-22:55,85.00,16.00,84.00,15.00,339.36,870.51,1477.87,641.58,84.50,15.50,1.00,1.00,18667.50,18917.57,18922.57,18162.50,84,15,15,84,63785.94,63843.79,,
2026-07-24T22:52:22+08:00,btc-updown-5m-1784904600,https://polymarket.com/zh/event/btc-updown-5m-1784904600,22:50-22:55,88.00,13.00,87.00,12.00,19.99,1427.10,1470.85,19.99,87.50,12.50,1.00,1.00,18652.50,20067.47,20314.99,18152.50,87,12,12,87,63785.94,63846.98,,
2026-07-24T22:52:24+08:00,btc-updown-5m-1784904600,https://polymarket.com/zh/event/btc-updown-5m-1784904600,22:50-22:55,90.00,11.00,89.00,10.00,668.54,899.94,1053.52,816.92,89.50,10.50,1.00,1.00,18247.50,21056.87,20936.87,18162.50,89,10,10,89,63785.94,63852.72,,
2026-07-24T22:52:26+08:00,btc-updown-5m-1784904600,https://polymarket.com/zh/event/btc-updown-5m-1784904600,22:50-22:55,90.00,11.00,89.00,10.00,240.00,1212.95,1252.09,250.00,89.50,10.50,1.00,1.00,18032.50,20806.62,20791.62,18027.50,89,10,10,89,63785.94,63857.51,,
2026-07-24T22:52:28+08:00,btc-updown-5m-1784904600,https://polymarket.com/zh/event/btc-updown-5m-1784904600,22:50-22:55,91.00,10.00,90.00,9.00,151.31,2429.28,2312.34,62.31,90.50,9.50,1.00,1.00,18028.51,18874.51,21116.18,18648.51,90,9,9,90,63785.94,63859.60,,
2026-07-24T22:52:30+08:00,btc-updown-5m-1784904600,https://polymarket.com/zh/event/btc-updown-5m-1784904600,22:50-22:55,92.00,9.00,91.00,8.00,372.34,1242.68,1260.92,252.32,91.50,8.50,1.00,1.00,17828.51,21422.72,21422.72,17978.00,91,8,8,91,63785.94,63866.21,,
2026-07-24T22:52:32+08:00,btc-updown-5m-1784904600,https://polymarket.com/zh/event/btc-updown-5m-1784904600,22:50-22:55,92.00,9.00,91.00,8.00,569.72,1014.41,1034.41,508.07,91.50,8.50,1.00,1.00,17168.00,20794.94,20770.94,17158.00,91,8,8,91,63785.94,63861.51,,
2026-07-24T22:52:34+08:00,btc-updown-5m-1784904600,https://polymarket.com/zh/event/btc-updown-5m-1784904600,22:50-22:55,92.00,9.00,91.00,8.00,268.00,1087.76,1087.76,188.65,91.50,8.50,1.00,1.00,17283.00,21047.52,20940.52,17763.00,91,8,8,91,63785.94,63863.76,,
2026-07-24T22:52:36+08:00,btc-updown-5m-1784904600,https://polymarket.com/zh/event/btc-updown-5m-1784904600,22:50-22:55,92.00,9.00,91.00,8.00,1108.29,37.79,91.19,1360.05,91.50,8.50,1.00,1.00,17008.00,19590.94,19020.94,17068.01,91,8,8,91,63785.94,63855.01,,
2026-07-24T22:52:38+08:00,btc-updown-5m-1784904600,https://polymarket.com/zh/event/btc-updown-5m-1784904600,22:50-22:55,91.00,10.00,90.00,9.00,279.50,1564.29,1589.29,279.50,90.50,9.50,1.00,1.00,17678.00,19895.98,19842.13,17163.00,90,9,9,90,63785.94,63855.53,,
2026-07-24T22:52:40+08:00,btc-updown-5m-1784904600,https://polymarket.com/zh/event/btc-updown-5m-1784904600,22:50-22:55,91.00,10.00,90.00,9.00,288.51,1820.34,1850.34,331.42,90.50,9.50,1.00,1.00,17068.00,19756.80,19756.80,17568.00,90,9,9,90,63785.94,63856.50,,
2026-07-24T22:52:42+08:00,btc-updown-5m-1784904600,https://polymarket.com/zh/event/btc-updown-5m-1784904600,22:50-22:55,85.00,16.00,84.00,15.00,1232.60,636.95,110.00,1039.54,84.50,15.50,1.00,1.00,17603.00,19582.62,19587.62,17488.01,84,15,15,84,63785.94,63831.01,,
2026-07-24T22:52:44+08:00,btc-updown-5m-1784904600,https://polymarket.com/zh/event/btc-updown-5m-1784904600,22:50-22:55,82.00,19.00,81.00,18.00,1138.12,270.60,270.60,1138.12,81.50,18.50,1.00,1.00,17603.00,18088.62,18088.62,17603.00,81,18,18,81,63785.94,63824.04,,
2026-07-24T22:52:46+08:00,btc-updown-5m-1784904600,https://polymarket.com/zh/event/btc-updown-5m-1784904600,22:50-22:55,85.00,16.00,84.00,15.00,2003.15,353.78,407.93,2614.42,84.50,15.50,1.00,1.00,17563.00,17882.62,17872.62,17078.01,84,15,15,84,63785.94,63829.11,,
2026-07-24T22:52:48+08:00,btc-updown-5m-1784904600,https://polymarket.com/zh/event/btc-updown-5m-1784904600,22:50-22:55,84.00,17.00,83.00,16.00,1396.06,198.28,121.28,1326.06,83.50,16.50,1.00,1.00,16988.00,18072.62,18072.62,16988.01,83,16,16,83,63785.94,63823.54,,
2026-07-24T22:52:50+08:00,btc-updown-5m-1784904600,https://polymarket.com/zh/event/btc-updown-5m-1784904600,22:50-22:55,84.00,17.00,83.00,16.00,1020.65,137.20,167.20,964.92,83.50,16.50,1.00,1.00,16992.00,18169.62,18169.62,16992.01,83,16,16,83,63785.94,63827.41,,
2026-07-24T22:52:52+08:00,btc-updown-5m-1784904600,https://polymarket.com/zh/event/btc-updown-5m-1784904600,22:50-22:55,84.00,17.00,83.00,16.00,1334.23,71.60,101.02,1335.48,83.50,16.50,1.00,1.00,17592.00,18169.62,18169.62,17482.00,83,16,16,83,63785.94,63827.32,,
2026-07-24T22:52:54+08:00,btc-updown-5m-1784904600,https://polymarket.com/zh/event/btc-updown-5m-1784904600,22:50-22:55,76.00,26.00,75.00,25.00,2849.99,358.53,295.98,599.77,75.50,25.50,1.00,1.00,17662.00,18260.62,18240.62,17267.00,75,24,25,74,63785.94,63813.21,,
2026-07-24T22:52:56+08:00,btc-updown-5m-1784904600,https://polymarket.com/zh/event/btc-updown-5m-1784904600,22:50-22:55,72.00,30.00,71.00,29.00,1048.46,633.53,30.00,814.61,71.50,29.50,1.00,1.00,17657.00,17885.62,17780.62,17137.00,71,28,29,70,63785.94,63804.28,,
2026-07-24T22:52:58+08:00,btc-updown-5m-1784904600,https://polymarket.com/zh/event/btc-updown-5m-1784904600,22:50-22:55,71.00,30.00,70.00,29.00,1195.75,129.45,129.45,1195.75,70.50,29.50,1.00,1.00,17097.01,17815.62,17815.62,17097.01,70,29,29,70,63785.94,63802.04,,
2026-07-24T22:53:00+08:00,btc-updown-5m-1784904600,https://polymarket.com/zh/event/btc-updown-5m-1784904600,22:50-22:55,71.00,30.00,70.00,29.00,677.31,343.49,336.25,658.62,70.50,29.50,1.00,1.00,17417.05,17420.07,17430.07,19682.01,70,29,29,70,63785.94,63803.53,,
2026-07-24T22:53:02+08:00,btc-updown-5m-1784904600,https://polymarket.com/zh/event/btc-updown-5m-1784904600,22:50-22:55,78.00,24.00,73.00,23.00,5.00,371.60,134.38,28.70,75.50,23.50,5.00,1.00,17054.91,17200.07,17170.07,17534.91,73,21,23,76,63785.94,63804.63,,
2026-07-24T22:53:04+08:00,btc-updown-5m-1784904600,https://polymarket.com/zh/event/btc-updown-5m-1784904600,22:50-22:55,78.00,23.00,77.00,22.00,16.00,1138.76,1143.76,208.58,77.50,22.50,1.00,1.00,16734.90,17195.07,17195.07,16734.90,77,22,22,77,63785.94,63817.25,,
2026-07-24T22:53:06+08:00,btc-updown-5m-1784904600,https://polymarket.com/zh/event/btc-updown-5m-1784904600,22:50-22:55,88.00,13.00,87.00,12.00,1396.52,262.92,303.93,1651.78,87.50,12.50,1.00,1.00,17239.90,18433.38,18438.38,16749.90,87,12,12,87,63785.94,63830.62,,
2026-07-24T22:53:08+08:00,btc-updown-5m-1784904600,https://polymarket.com/zh/event/btc-updown-5m-1784904600,22:50-22:55,89.00,11.00,88.00,10.00,38.82,386.71,664.81,656.54,88.50,10.50,1.00,1.00,16829.90,18866.42,18816.42,16844.90,88,11,10,89,63785.94,63839.26,,
2026-07-24T22:53:10+08:00,btc-updown-5m-1784904600,https://polymarket.com/zh/event/btc-updown-5m-1784904600,22:50-22:55,90.00,11.00,89.00,10.00,308.95,820.01,159.73,84.00,89.50,10.50,1.00,1.00,16829.90,18924.47,18794.47,17244.90,89,10,10,89,63785.94,63834.92,,
2026-07-24T22:53:12+08:00,btc-updown-5m-1784904600,https://polymarket.com/zh/event/btc-updown-5m-1784904600,22:50-22:55,91.00,10.00,90.00,9.00,327.55,426.84,448.86,331.26,90.50,9.50,1.00,1.00,16829.90,18368.49,18408.49,16854.90,90,9,9,90,63785.94,63843.39,,
2026-07-24T22:53:14+08:00,btc-updown-5m-1784904600,https://polymarket.com/zh/event/btc-updown-5m-1784904600,22:50-22:55,92.00,9.00,91.00,8.00,18.45,1024.03,1120.03,85.68,91.50,8.50,1.00,1.00,16744.91,18739.66,18544.66,17234.90,91,8,8,91,63785.94,63852.18,,
2026-07-24T22:53:16+08:00,btc-updown-5m-1784904600,https://polymarket.com/zh/event/btc-updown-5m-1784904600,22:50-22:55,93.00,8.00,92.00,7.00,107.13,1087.52,1114.52,50.68,92.50,7.50,1.00,1.00,16431.91,18529.11,18544.11,16431.90,92,7,7,92,63785.94,63852.18,,
2026-07-24T22:53:18+08:00,btc-updown-5m-1784904600,https://polymarket.com/zh/event/btc-updown-5m-1784904600,22:50-22:55,93.00,8.00,92.00,7.00,118.92,935.62,1295.47,346.99,92.50,7.50,1.00,1.00,17016.90,18211.11,18590.11,16436.90,92,7,7,92,63785.94,63854.53,,
2026-07-24T22:53:20+08:00,btc-updown-5m-1784904600,https://polymarket.com/zh/event/btc-updown-5m-1784904600,22:50-22:55,94.00,7.00,93.00,6.00,752.24,722.23,605.94,714.36,93.50,6.50,1.00,1.00,15978.91,17511.09,17285.46,16483.90,93,6,6,93,63785.94,63853.46,,
2026-07-24T22:53:22+08:00,btc-updown-5m-1784904600,https://polymarket.com/zh/event/btc-updown-5m-1784904600,22:50-22:55,94.00,7.00,93.00,6.00,681.66,1020.32,1020.32,681.66,93.50,6.50,1.00,1.00,16063.90,16770.86,16780.86,15983.90,93,6,6,93,63785.94,63855.55,,
2026-07-24T22:53:24+08:00,btc-updown-5m-1784904600,https://polymarket.com/zh/event/btc-updown-5m-1784904600,22:50-22:55,94.00,7.00,93.00,6.00,568.16,1142.82,1238.82,568.16,93.50,6.50,1.00,1.00,15968.91,16359.01,16364.01,16478.90,93,6,6,93,63785.94,63856.47,,
2026-07-24T22:53:26+08:00,btc-updown-5m-1784904600,https://polymarket.com/zh/event/btc-updown-5m-1784904600,22:50-22:55,95.00,6.00,94.00,5.00,167.91,1436.64,1436.64,156.58,94.50,5.50,1.00,1.00,16043.90,12767.92,12751.59,15948.90,94,5,5,94,63785.94,63862.57,,
2026-07-24T22:53:28+08:00,btc-updown-5m-1784904600,https://polymarket.com/zh/event/btc-updown-5m-1784904600,22:50-22:55,97.00,4.00,96.00,3.00,582.21,1058.31,333.00,633.07,96.50,3.50,1.00,1.00,16593.90,8109.37,8025.23,16003.91,96,3,3,96,63785.94,63878.21,,
2026-07-24T22:53:30+08:00,btc-updown-5m-1784904600,https://polymarket.com/zh/event/btc-updown-5m-1784904600,22:50-22:55,98.00,3.00,97.00,2.00,1142.69,866.17,847.34,1005.00,97.50,2.50,1.00,1.00,16128.56,6921.48,6783.79,15648.57,97,2,2,97,63785.94,63874.01,,
2026-07-24T22:53:32+08:00,btc-updown-5m-1784904600,https://polymarket.com/zh/event/btc-updown-5m-1784904600,22:50-22:55,98.00,3.00,97.00,2.00,162.47,1262.89,1262.89,152.25,97.50,2.50,1.00,1.00,15463.56,5416.26,5406.04,15078.57,97,2,2,97,63785.94,63877.79,,
2026-07-24T22:53:34+08:00,btc-updown-5m-1784904600,https://polymarket.com/zh/event/btc-updown-5m-1784904600,22:50-22:55,99.00,2.00,98.00,1.00,4641.68,87.75,372.82,4629.58,98.50,1.50,1.00,1.00,15553.56,4641.68,4629.58,15058.56,98,1,1,98,63785.94,63872.39,,
2026-07-24T22:53:36+08:00,btc-updown-5m-1784904600,https://polymarket.com/zh/event/btc-updown-5m-1784904600,22:50-22:55,99.00,2.00,98.00,1.00,4307.62,216.06,231.06,4347.62,98.50,1.50,1.00,1.00,15568.56,4307.62,4347.62,15058.56,98,1,1,98,63785.94,63869.80,,
2026-07-24T22:53:38+08:00,btc-updown-5m-1784904600,https://polymarket.com/zh/event/btc-updown-5m-1784904600,22:50-22:55,99.00,2.00,98.00,1.00,4359.02,271.76,277.13,4303.96,98.50,1.50,1.00,1.00,14953.57,4359.02,4303.96,15053.56,98,1,1,98,63785.94,63875.99,,
2026-07-24T22:53:40+08:00,btc-updown-5m-1784904600,https://polymarket.com/zh/event/btc-updown-5m-1784904600,22:50-22:55,99.00,2.00,98.00,1.00,4271.46,614.13,301.84,4183.99,98.50,1.50,1.00,1.00,15558.56,4271.46,4183.99,15048.56,98,1,1,98,63785.94,63874.59,,
2026-07-24T22:53:42+08:00,btc-updown-5m-1784904600,https://polymarket.com/zh/event/btc-updown-5m-1784904600,22:50-22:55,99.00,2.00,98.00,1.00,3026.48,108.55,623.55,3026.48,98.50,1.50,1.00,1.00,14973.57,3026.48,3026.48,15053.56,98,1,1,98,63785.94,63879.75,,
2026-07-24T22:53:44+08:00,btc-updown-5m-1784904600,https://polymarket.com/zh/event/btc-updown-5m-1784904600,22:50-22:55,99.00,2.00,98.00,1.00,3033.46,404.80,364.80,2764.38,98.50,1.50,1.00,1.00,15058.56,3033.46,2764.38,15048.56,98,1,1,98,63785.94,63882.14,,
2026-07-24T22:53:46+08:00,btc-updown-5m-1784904600,https://polymarket.com/zh/event/btc-updown-5m-1784904600,22:50-22:55,99.00,2.00,98.00,1.00,2488.81,1258.73,1070.78,2470.81,98.50,1.50,1.00,1.00,15483.56,2488.81,2470.81,14878.56,98,1,1,98,63785.94,63882.15,,
2026-07-24T22:53:48+08:00,btc-updown-5m-1784904600,https://polymarket.com/zh/event/btc-updown-5m-1784904600,22:50-22:55,,1.00,99.00,,,6466.66,7071.66,,,,,,14873.56,,,15358.56,99,0,0,99,63785.94,63889.82,,
2026-07-24T22:53:50+08:00,btc-updown-5m-1784904600,https://polymarket.com/zh/event/btc-updown-5m-1784904600,22:50-22:55,,1.00,99.00,,,6126.79,6126.79,,,,,,14857.56,,,14867.56,99,0,0,99,63785.94,63887.74,,
2026-07-24T22:53:52+08:00,btc-updown-5m-1784904600,https://polymarket.com/zh/event/btc-updown-5m-1784904600,22:50-22:55,,1.00,99.00,,,4959.83,5142.82,,,,,,15362.56,,,14862.57,99,0,0,99,63785.94,63880.48,,
2026-07-24T22:53:54+08:00,btc-updown-5m-1784904600,https://polymarket.com/zh/event/btc-updown-5m-1784904600,22:50-22:55,,1.00,99.00,,,4628.07,4634.82,,,,,,14867.57,,,14857.56,99,0,0,99,63785.94,63880.49,,
2026-07-24T22:53:56+08:00,btc-updown-5m-1784904600,https://polymarket.com/zh/event/btc-updown-5m-1784904600,22:50-22:55,,1.00,99.00,,,5816.90,5816.90,,,,,,14852.56,,,14852.56,99,0,0,99,63785.94,63880.26,,
2026-07-24T22:53:58+08:00,btc-updown-5m-1784904600,https://polymarket.com/zh/event/btc-updown-5m-1784904600,22:50-22:55,,1.00,99.00,,,5334.90,5116.90,,,,,,14857.56,,,15367.56,99,0,0,99,63785.94,63874.35,,
2026-07-24T22:54:00+08:00,btc-updown-5m-1784904600,https://polymarket.com/zh/event/btc-updown-5m-1784904600,22:50-22:55,,1.00,99.00,,,4135.12,4135.12,,,,,,14847.54,,,14862.54,99,0,0,99,63785.94,63867.28,,
2026-07-24T22:54:02+08:00,btc-updown-5m-1784904600,https://polymarket.com/zh/event/btc-updown-5m-1784904600,22:50-22:55,,1.00,99.00,,,4340.43,4340.43,,,,,,15273.54,,,14778.54,99,0,0,99,63785.94,63880.34,,
2026-07-24T22:54:04+08:00,btc-updown-5m-1784904600,https://polymarket.com/zh/event/btc-updown-5m-1784904600,22:50-22:55,,1.00,99.00,,,3977.48,3987.54,,,,,,14773.55,,,14783.54,99,0,0,99,63785.94,63878.04,,
2026-07-24T22:54:06+08:00,btc-updown-5m-1784904600,https://polymarket.com/zh/event/btc-updown-5m-1784904600,22:50-22:55,,1.00,99.00,,,3875.03,3875.03,,,,,,14783.54,,,15278.55,99,0,0,99,63785.94,63875.03,,
2026-07-24T22:54:08+08:00,btc-updown-5m-1784904600,https://polymarket.com/zh/event/btc-updown-5m-1784904600,22:50-22:55,,1.00,99.00,,,3626.39,3621.38,,,,,,15288.54,,,14778.55,99,0,0,99,63785.94,63871.63,,
2026-07-24T22:54:10+08:00,btc-updown-5m-1784904600,https://polymarket.com/zh/event/btc-updown-5m-1784904600,22:50-22:55,,1.00,99.00,,,6507.11,6507.11,,,,,,14783.54,,,14768.54,99,0,0,99,63785.94,63872.42,,
2026-07-24T22:54:12+08:00,btc-updown-5m-1784904600,https://polymarket.com/zh/event/btc-updown-5m-1784904600,22:50-22:55,,1.00,99.00,,,5899.58,5899.58,,,,,,14783.54,,,14773.54,99,0,0,99,63785.94,63872.41,,
2026-07-24T22:54:14+08:00,btc-updown-5m-1784904600,https://polymarket.com/zh/event/btc-updown-5m-1784904600,22:50-22:55,,1.00,99.00,,,5394.53,5394.53,,,,,,15273.54,,,15268.54,99,0,0,99,63785.94,63870.48,,
2026-07-24T22:54:16+08:00,btc-updown-5m-1784904600,https://polymarket.com/zh/event/btc-updown-5m-1784904600,22:50-22:55,,1.00,99.00,,,8226.10,8226.10,,,,,,14788.54,,,14788.54,99,0,0,99,63785.94,63870.70,,
2026-07-24T22:54:18+08:00,btc-updown-5m-1784904600,https://polymarket.com/zh/event/btc-updown-5m-1784904600,22:50-22:55,,1.00,99.00,,,18436.16,18431.15,,,,,,14783.54,,,14793.55,99,0,0,99,63785.94,63878.01,,
2026-07-24T22:54:20+08:00,btc-updown-5m-1784904600,https://polymarket.com/zh/event/btc-updown-5m-1784904600,22:50-22:55,,1.00,99.00,,,23091.36,23091.36,,,,,,14783.54,,,14793.54,99,0,0,99,63785.94,63885.00,,
2026-07-24T22:54:22+08:00,btc-updown-5m-1784904600,https://polymarket.com/zh/event/btc-updown-5m-1784904600,22:50-22:55,,1.00,99.00,,,23452.06,23457.07,,,,,,15293.55,,,15293.54,99,0,0,99,63785.94,63880.93,,
2026-07-24T22:54:24+08:00,btc-updown-5m-1784904600,https://polymarket.com/zh/event/btc-updown-5m-1784904600,22:50-22:55,,1.00,99.00,,,23252.26,23172.26,,,,,,15283.54,,,14798.54,99,0,0,99,63785.94,63885.99,,
2026-07-24T22:54:26+08:00,btc-updown-5m-1784904600,https://polymarket.com/zh/event/btc-updown-5m-1784904600,22:50-22:55,,1.00,99.00,,,23292.26,23292.26,,,,,,14783.54,,,14803.54,99,0,0,99,63785.94,63880.96,,
2026-07-24T22:54:28+08:00,btc-updown-5m-1784904600,https://polymarket.com/zh/event/btc-updown-5m-1784904600,22:50-22:55,,1.00,99.00,,,23791.04,23791.04,,,,,,14798.54,,,15288.54,99,0,0,99,63785.94,63880.97,,
2026-07-24T22:54:30+08:00,btc-updown-5m-1784904600,https://polymarket.com/zh/event/btc-updown-5m-1784904600,22:50-22:55,,1.00,99.00,,,23379.20,23134.20,,,,,,14788.54,,,14730.88,99,0,0,99,63785.94,63878.23,,
2026-07-24T22:54:32+08:00,btc-updown-5m-1784904600,https://polymarket.com/zh/event/btc-updown-5m-1784904600,22:50-22:55,,1.00,99.00,,,24516.10,24516.10,,,,,,13953.38,,,14463.38,99,0,0,99,63785.94,63874.35,,
2026-07-24T22:54:34+08:00,btc-updown-5m-1784904600,https://polymarket.com/zh/event/btc-updown-5m-1784904600,22:50-22:55,,1.00,99.00,,,35524.11,29516.10,,,,,,14503.38,,,13988.38,99,0,0,99,63785.94,63874.67,,
2026-07-24T22:54:36+08:00,btc-updown-5m-1784904600,https://polymarket.com/zh/event/btc-updown-5m-1784904600,22:50-22:55,,1.00,99.00,,,32696.39,35346.27,,,,,,12952.39,,,12967.39,99,0,0,99,63785.94,63866.89,,
2026-07-24T22:54:38+08:00,btc-updown-5m-1784904600,https://polymarket.com/zh/event/btc-updown-5m-1784904600,22:50-22:55,,1.00,99.00,,,6061.59,6056.58,,,,,,12452.39,,,12447.39,99,0,0,99,63785.94,63850.33,,
2026-07-24T22:54:40+08:00,btc-updown-5m-1784904600,https://polymarket.com/zh/event/btc-updown-5m-1784904600,22:50-22:55,,1.00,99.00,,,5370.00,5564.18,,,,,,12957.39,,,12452.39,99,0,0,99,63785.94,63846.24,,
2026-07-24T22:54:42+08:00,btc-updown-5m-1784904600,https://polymarket.com/zh/event/btc-updown-5m-1784904600,22:50-22:55,,1.00,99.00,,,1304.56,1409.57,,,,,,12367.40,,,12857.39,99,0,0,99,63785.94,63824.04,,
2026-07-24T22:54:44+08:00,btc-updown-5m-1784904600,https://polymarket.com/zh/event/btc-updown-5m-1784904600,22:50-22:55,,1.00,99.00,,,1935.56,1940.57,,,,,,12377.40,,,12857.39,99,0,0,99,63785.94,63834.00,,
2026-07-24T22:54:46+08:00,btc-updown-5m-1784904600,https://polymarket.com/zh/event/btc-updown-5m-1784904600,22:50-22:55,,1.00,99.00,,,1049.66,1049.61,,,,,,11547.80,,,11542.80,99,0,0,99,63785.94,63839.50,,
2026-07-24T22:54:48+08:00,btc-updown-5m-1784904600,https://polymarket.com/zh/event/btc-updown-5m-1784904600,22:50-22:55,,1.00,99.00,,,7234.56,5739.56,,,,,,12007.80,,,12002.80,99,0,0,99,63785.94,63843.99,,
2026-07-24T22:54:49+08:00,btc-updown-5m-1784904600,https://polymarket.com/zh/event/btc-updown-5m-1784904600,22:50-22:55,,1.00,99.00,,,26942.38,27003.82,,,,,,11497.80,,,12002.80,84,0,0,84,63785.94,63850.57,,
2026-07-24T22:54:51+08:00,btc-updown-5m-1784904600,https://polymarket.com/zh/event/btc-updown-5m-1784904600,22:50-22:55,,1.00,99.00,,,28199.94,28194.93,,,,,,11362.80,,,11357.81,84,0,0,84,63785.94,63850.58,,
2026-07-24T22:54:53+08:00,btc-updown-5m-1784904600,https://polymarket.com/zh/event/btc-updown-5m-1784904600,22:50-22:55,,1.00,99.00,,,33926.39,33916.38,,,,,,11367.80,,,11357.81,85,0,0,85,63785.94,63853.47,,
2026-07-24T22:54:55+08:00,btc-updown-5m-1784904600,https://polymarket.com/zh/event/btc-updown-5m-1784904600,22:50-22:55,,1.00,99.00,,,36895.93,36540.88,,,,,,11182.80,,,11192.80,83,0,0,83,63785.94,63855.99,,
2026-07-24T22:54:57+08:00,btc-updown-5m-1784904600,https://polymarket.com/zh/event/btc-updown-5m-1784904600,22:50-22:55,,1.00,99.00,,,44994.76,44983.56,,,,,,19239.80,,,19744.80,80,0,0,80,63785.94,63858.02,,
2026-07-24T22:54:59+08:00,btc-updown-5m-1784904600,https://polymarket.com/zh/event/btc-updown-5m-1784904600,22:50-22:55,,1.00,99.00,,,112082.98,67434.86,,,,,,19422.80,,,13522.80,79,0,0,79,63785.94,63859.47,,
2026-07-24T22:55:02+08:00,btc-updown-5m-1784904900,https://polymarket.com/zh/event/btc-updown-5m-1784904900,22:55-23:00,52.00,49.00,51.00,48.00,77.30,311.41,311.41,81.18,51.50,48.50,1.00,1.00,20885.93,20009.86,20019.86,20920.94,51,48,48,51,63860.28,63860.28,,
2026-07-24T22:55:04+08:00,btc-updown-5m-1784904900,https://polymarket.com/zh/event/btc-updown-5m-1784904900,22:55-23:00,52.00,49.00,51.00,48.00,834.49,25.00,25.00,794.49,51.50,48.50,1.00,1.00,21080.93,20284.86,20294.86,20670.93,51,48,48,51,63860.28,63857.64,,
2026-07-24T22:55:06+08:00,btc-updown-5m-1784904900,https://polymarket.com/zh/event/btc-updown-5m-1784904900,22:55-23:00,51.00,50.00,50.00,49.00,191.68,1490.46,1490.46,175.68,50.50,49.50,1.00,1.00,20611.93,20400.86,20390.86,20691.93,50,49,49,50,63860.28,63860.36,,
2026-07-24T22:55:08+08:00,btc-updown-5m-1784904900,https://polymarket.com/zh/event/btc-updown-5m-1784904900,22:55-23:00,51.00,50.00,50.00,49.00,683.16,1033.04,1033.04,671.52,50.50,49.50,1.00,1.00,20306.93,20085.86,20100.86,20416.93,50,49,49,50,63860.28,63860.35,,
2026-07-24T22:55:10+08:00,btc-updown-5m-1784904900,https://polymarket.com/zh/event/btc-updown-5m-1784904900,22:55-23:00,51.00,50.00,50.00,49.00,593.38,1364.56,1349.56,499.94,50.50,49.50,1.00,1.00,18326.94,18115.86,18113.86,18401.93,50,49,49,50,63860.28,63858.42,,
2026-07-24T22:55:12+08:00,btc-updown-5m-1784904900,https://polymarket.com/zh/event/btc-updown-5m-1784904900,22:55-23:00,55.00,46.00,54.00,45.00,399.25,1125.39,883.75,410.25,54.50,45.50,1.00,1.00,19051.94,18365.86,18360.86,19026.93,54,45,45,54,63860.28,63866.61,,
2026-07-24T22:55:14+08:00,btc-updown-5m-1784904900,https://polymarket.com/zh/event/btc-updown-5m-1784904900,22:55-23:00,54.00,47.00,53.00,46.00,1311.38,40.00,262.12,1200.05,53.50,46.50,1.00,1.00,18616.93,18863.96,19001.46,19131.93,53,46,46,53,63860.28,63862.68,,
2026-07-24T22:55:16+08:00,btc-updown-5m-1784904900,https://polymarket.com/zh/event/btc-updown-5m-1784904900,22:55-23:00,55.00,44.00,54.00,43.00,21.00,1098.93,2337.91,46.00,54.50,43.50,1.00,1.00,19472.54,19119.86,19119.86,19876.73,54,44,43,56,63860.28,63871.68,,
2026-07-24T22:55:18+08:00,btc-updown-5m-1784904900,https://polymarket.com/zh/event/btc-updown-5m-1784904900,22:55-23:00,57.00,44.00,56.00,43.00,87.03,1120.84,1105.84,25.00,56.50,43.50,1.00,1.00,19521.94,19124.86,19114.86,20113.93,56,43,43,56,63860.28,63872.75,,
2026-07-24T22:55:20+08:00,btc-updown-5m-1784904900,https://polymarket.com/zh/event/btc-updown-5m-1784904900,22:55-23:00,60.00,41.00,59.00,40.00,437.78,449.61,469.61,437.78,59.50,40.50,1.00,1.00,19419.93,18404.86,18404.86,18939.94,59,40,40,59,63860.28,63876.49,,
2026-07-24T22:55:22+08:00,btc-updown-5m-1784904900,https://polymarket.com/zh/event/btc-updown-5m-1784904900,22:55-23:00,59.00,42.00,58.00,41.00,128.00,740.38,724.84,194.33,58.50,41.50,1.00,1.00,17652.59,19251.52,19236.52,18042.59,58,41,41,58,63860.28,63875.18,,
2026-07-24T22:55:24+08:00,btc-updown-5m-1784904900,https://polymarket.com/zh/event/btc-updown-5m-1784904900,22:55-23:00,60.00,41.00,59.00,40.00,1482.26,295.00,362.00,1562.26,59.50,40.50,1.00,1.00,17407.59,18931.52,18931.52,17317.60,59,40,40,59,63860.28,63872.11,,
2026-07-24T22:55:26+08:00,btc-updown-5m-1784904900,https://polymarket.com/zh/event/btc-updown-5m-1784904900,22:55-23:00,55.00,46.00,54.00,45.00,662.73,707.74,721.80,708.49,54.50,45.50,1.00,1.00,17947.47,19224.12,19239.12,18141.77,54,45,45,54,63860.28,63870.89,,
2026-07-24T22:55:28+08:00,btc-updown-5m-1784904900,https://polymarket.com/zh/event/btc-updown-5m-1784904900,22:55-23:00,56.00,45.00,55.00,44.00,389.98,2804.10,1089.60,389.98,55.50,44.50,1.00,1.00,18026.57,19798.10,19793.10,18611.57,55,44,44,55,63860.28,63870.44,,
2026-07-24T22:55:29+08:00,btc-updown-5m-1784904900,https://polymarket.com/zh/event/btc-updown-5m-1784904900,22:55-23:00,59.00,42.00,58.00,41.00,266.75,566.92,562.90,266.75,58.50,41.50,1.00,1.00,18291.57,19620.80,19670.50,18371.57,58,41,41,58,63860.28,63877.46,,
2026-07-24T22:55:31+08:00,btc-updown-5m-1784904900,https://polymarket.com/zh/event/btc-updown-5m-1784904900,22:55-23:00,63.00,38.00,62.00,37.00,899.29,157.96,422.96,1487.31,62.50,37.50,1.00,1.00,17647.57,19278.84,19293.84,17647.57,62,37,37,62,63860.28,63881.32,,
2026-07-24T22:55:33+08:00,btc-updown-5m-1784904900,https://polymarket.com/zh/event/btc-updown-5m-1784904900,22:55-23:00,64.00,36.00,63.00,35.00,146.00,1012.75,913.65,48.99,63.50,35.50,1.00,1.00,17757.58,19323.84,19048.84,17912.57,63,36,35,64,63860.28,63882.09,,
2026-07-24T22:55:35+08:00,btc-updown-5m-1784904900,https://polymarket.com/zh/event/btc-updown-5m-1784904900,22:55-23:00,63.00,39.00,62.00,38.00,1648.29,25.00,30.00,993.74,62.50,38.50,1.00,1.00,17552.58,19186.84,19201.84,18052.57,62,37,38,61,63860.28,63890.76,,
2026-07-24T22:55:37+08:00,btc-updown-5m-1784904900,https://polymarket.com/zh/event/btc-updown-5m-1784904900,22:55-23:00,61.00,40.00,60.00,39.00,250.27,813.88,824.38,250.27,60.50,39.50,1.00,1.00,17627.58,19161.84,19161.84,18112.57,60,39,39,60,63860.28,63878.22,,
2026-07-24T22:55:39+08:00,btc-updown-5m-1784904900,https://polymarket.com/zh/event/btc-updown-5m-1784904900,22:55-23:00,62.00,39.00,61.00,38.00,228.54,726.29,669.22,228.54,61.50,38.50,1.00,1.00,17517.57,19156.84,19171.84,17527.57,61,38,38,61,63860.28,63878.22,,
2026-07-24T22:55:41+08:00,btc-updown-5m-1784904900,https://polymarket.com/zh/event/btc-updown-5m-1784904900,22:55-23:00,63.00,38.00,62.00,37.00,180.07,1141.87,1178.12,174.91,62.50,37.50,1.00,1.00,18032.57,19116.84,19106.84,17632.57,62,37,37,62,63860.28,63883.32,,
2026-07-24T22:55:43+08:00,btc-updown-5m-1784904900,https://polymarket.com/zh/event/btc-updown-5m-1784904900,22:55-23:00,63.00,38.00,62.00,37.00,413.11,801.18,734.95,273.12,62.50,37.50,1.00,1.00,17512.57,19111.84,19176.84,18122.58,62,37,37,62,63860.28,63883.32,,
2026-07-24T22:55:45+08:00,btc-updown-5m-1784904900,https://polymarket.com/zh/event/btc-updown-5m-1784904900,22:55-23:00,58.00,43.00,57.00,42.00,1099.44,247.00,247.00,1236.52,57.50,42.50,1.00,1.00,18042.57,19151.84,19156.84,17957.57,57,42,42,57,63860.28,63870.48,,
2026-07-24T22:55:47+08:00,btc-updown-5m-1784904900,https://polymarket.com/zh/event/btc-updown-5m-1784904900,22:55-23:00,59.00,42.00,58.00,41.00,249.79,1451.85,1309.24,210.86,58.50,41.50,1.00,1.00,17398.18,18846.84,18916.84,17488.17,58,41,41,58,63860.28,63873.73,,
2026-07-24T22:55:49+08:00,btc-updown-5m-1784904900,https://polymarket.com/zh/event/btc-updown-5m-1784904900,22:55-23:00,64.00,37.00,63.00,36.00,995.56,18.99,18.99,1081.86,63.50,36.50,1.00,1.00,17393.18,19599.84,19614.84,17508.17,63,36,36,63,63860.28,63883.08,,
2026-07-24T22:55:51+08:00,btc-updown-5m-1784904900,https://polymarket.com/zh/event/btc-updown-5m-1784904900,22:55-23:00,63.00,38.00,62.00,37.00,33.41,1105.64,1100.64,31.82,62.50,37.50,1.00,1.00,17493.18,19614.84,19599.84,17883.17,62,37,37,62,63860.28,63883.08,,
2026-07-24T22:55:53+08:00,btc-updown-5m-1784904900,https://polymarket.com/zh/event/btc-updown-5m-1784904900,22:55-23:00,64.00,37.00,63.00,36.00,682.46,251.13,264.13,771.30,63.50,36.50,1.00,1.00,17243.17,19364.84,19364.84,17653.17,63,36,36,63,63860.28,63883.08,,
2026-07-24T22:55:55+08:00,btc-updown-5m-1784904900,https://polymarket.com/zh/event/btc-updown-5m-1784904900,22:55-23:00,59.00,42.00,58.00,41.00,111.27,1103.73,1098.73,111.27,58.50,41.50,1.00,1.00,17153.18,19344.84,19354.84,17758.17,58,41,41,58,63860.28,63876.31,,
2026-07-24T22:55:57+08:00,btc-updown-5m-1784904900,https://polymarket.com/zh/event/btc-updown-5m-1784904900,22:55-23:00,59.00,42.00,58.00,41.00,15.00,908.46,823.46,33.53,58.50,41.50,1.00,1.00,16928.17,19109.84,19109.84,17418.18,58,41,41,58,63860.28,63872.28,,
2026-07-24T22:55:59+08:00,btc-updown-5m-1784904900,https://polymarket.com/zh/event/btc-updown-5m-1784904900,22:55-23:00,59.00,42.00,58.00,41.00,18.53,947.28,982.28,451.53,58.50,41.50,1.00,1.00,16673.18,18959.84,18959.84,16683.17,58,41,41,58,63860.28,63872.28,,
2026-07-24T22:56:01+08:00,btc-updown-5m-1784904900,https://polymarket.com/zh/event/btc-updown-5m-1784904900,22:55-23:00,56.00,45.00,55.00,44.00,185.00,1386.52,1345.52,92.85,55.50,44.50,1.00,1.00,21548.17,23714.84,23724.84,22133.17,55,44,44,55,63860.28,63872.22,,
2026-07-24T22:56:03+08:00,btc-updown-5m-1784904900,https://polymarket.com/zh/event/btc-updown-5m-1784904900,22:55-23:00,62.00,39.00,61.00,38.00,171.25,620.92,425.00,475.12,61.50,38.50,1.00,1.00,21876.17,22324.84,22339.84,21891.17,61,38,38,61,63860.28,63871.65,,
2026-07-24T22:56:05+08:00,btc-updown-5m-1784904900,https://polymarket.com/zh/event/btc-updown-5m-1784904900,22:55-23:00,62.00,39.00,61.00,38.00,58.00,1384.32,1230.32,258.00,61.50,38.50,1.00,1.00,21157.17,22164.84,22149.84,21654.17,61,38,38,61,63860.28,63880.11,,
2026-07-24T22:56:07+08:00,btc-updown-5m-1784904900,https://polymarket.com/zh/event/btc-updown-5m-1784904900,22:55-23:00,64.00,37.00,63.00,36.00,300.20,1080.70,832.43,232.22,63.50,36.50,1.00,1.00,20251.17,21261.84,21246.84,20241.17,63,36,36,63,63860.28,63885.37,,
2026-07-24T22:56:09+08:00,btc-updown-5m-1784904900,https://polymarket.com/zh/event/btc-updown-5m-1784904900,22:55-23:00,69.00,32.00,68.00,31.00,1281.52,180.36,178.99,1321.67,68.50,31.50,1.00,1.00,20106.17,16976.84,17036.84,20111.17,68,31,31,68,63860.28,63893.09,,
2026-07-24T22:56:11+08:00,btc-updown-5m-1784904900,https://polymarket.com/zh/event/btc-updown-5m-1784904900,22:55-23:00,70.00,31.00,69.00,30.00,109.42,751.39,1177.24,375.92,69.50,30.50,1.00,1.00,20596.17,16956.84,16966.84,20111.17,69,30,30,69,63860.28,63897.14,,
2026-07-24T22:56:13+08:00,btc-updown-5m-1784904900,https://polymarket.com/zh/event/btc-updown-5m-1784904900,22:55-23:00,70.00,31.00,69.00,30.00,856.24,52.71,69.37,901.24,69.50,30.50,1.00,1.00,20011.18,17006.84,17006.84,20591.17,69,30,30,69,63860.28,63897.61,,
2026-07-24T22:56:15+08:00,btc-updown-5m-1784904900,https://polymarket.com/zh/event/btc-updown-5m-1784904900,22:55-23:00,70.00,31.00,69.00,30.00,1724.94,89.95,125.00,1338.06,69.50,30.50,1.00,1.00,20601.17,15032.63,15042.63,19931.17,69,30,30,69,63860.28,63897.60,,
2026-07-24T22:56:17+08:00,btc-updown-5m-1784904900,https://polymarket.com/zh/event/btc-updown-5m-1784904900,22:55-23:00,72.00,29.00,71.00,28.00,293.32,997.97,1030.07,265.54,71.50,28.50,1.00,1.00,20001.17,16564.63,16569.63,20556.17,71,28,28,71,63860.28,63899.72,,
2026-07-24T22:56:19+08:00,btc-updown-5m-1784904900,https://polymarket.com/zh/event/btc-updown-5m-1784904900,22:55-23:00,73.00,28.00,72.00,27.00,247.00,1059.90,1074.28,247.00,72.50,27.50,1.00,1.00,20096.17,16594.63,16599.63,20011.17,72,27,27,72,63860.28,63900.02,,
2026-07-24T22:56:21+08:00,btc-updown-5m-1784904900,https://polymarket.com/zh/event/btc-updown-5m-1784904900,22:55-23:00,69.00,32.00,68.00,31.00,1501.92,701.97,701.97,1501.92,68.50,31.50,1.00,1.00,20621.17,16504.63,16514.63,20026.18,68,31,31,68,63860.28,63886.31,,
2026-07-24T22:56:23+08:00,btc-updown-5m-1784904900,https://polymarket.com/zh/event/btc-updown-5m-1784904900,22:55-23:00,71.00,30.00,70.00,29.00,99.39,614.00,50.00,234.00,70.50,29.50,1.00,1.00,20426.17,16474.63,16409.63,20581.17,70,29,29,70,63860.28,63891.13,,
2026-07-24T22:56:25+08:00,btc-updown-5m-1784904900,https://polymarket.com/zh/event/btc-updown-5m-1784904900,22:55-23:00,71.00,30.00,70.00,29.00,709.44,333.51,559.39,673.40,70.50,29.50,1.00,1.00,20511.17,16564.63,16564.63,20496.17,70,29,29,70,63860.28,63893.49,,
2026-07-24T22:56:27+08:00,btc-updown-5m-1784904900,https://polymarket.com/zh/event/btc-updown-5m-1784904900,22:55-23:00,72.00,29.00,71.00,28.00,905.91,163.94,163.94,910.91,71.50,28.50,1.00,1.00,20091.17,16524.63,16524.63,20006.18,71,28,28,71,63860.28,63895.23,,
2026-07-24T22:56:29+08:00,btc-updown-5m-1784904900,https://polymarket.com/zh/event/btc-updown-5m-1784904900,22:55-23:00,72.00,29.00,71.00,28.00,1052.67,17.19,38.64,1129.67,71.50,28.50,1.00,1.00,20599.84,16549.63,16529.63,20219.84,71,28,28,71,63860.28,63896.78,,
2026-07-24T22:56:31+08:00,btc-updown-5m-1784904900,https://polymarket.com/zh/event/btc-updown-5m-1784904900,22:55-23:00,74.00,27.00,73.00,26.00,1175.82,161.20,108.20,1015.03,73.50,26.50,1.00,1.00,20064.84,16004.63,16014.63,19459.85,73,26,26,73,63860.28,63899.96,,
2026-07-24T22:56:33+08:00,btc-updown-5m-1784904900,https://polymarket.com/zh/event/btc-updown-5m-1784904900,22:55-23:00,73.00,28.00,72.00,27.00,1008.25,482.76,450.50,864.48,72.50,27.50,1.00,1.00,19444.84,16014.63,16044.63,20059.84,72,27,27,72,63860.28,63898.76,,
2026-07-24T22:56:35+08:00,btc-updown-5m-1784904900,https://polymarket.com/zh/event/btc-updown-5m-1784904900,22:55-23:00,73.00,28.00,72.00,27.00,985.16,54.09,59.09,1043.62,72.50,27.50,1.00,1.00,19919.84,15914.63,16014.63,19409.84,72,27,27,72,63860.28,63898.76,,
2026-07-24T22:56:37+08:00,btc-updown-5m-1784904900,https://polymarket.com/zh/event/btc-updown-5m-1784904900,22:55-23:00,77.00,24.00,76.00,23.00,303.66,666.10,687.63,492.78,76.50,23.50,1.00,1.00,19554.84,16189.63,16189.63,19564.84,76,23,23,76,63860.28,63901.43,,
2026-07-24T22:56:39+08:00,btc-updown-5m-1784904900,https://polymarket.com/zh/event/btc-updown-5m-1784904900,22:55-23:00,77.00,24.00,76.00,23.00,813.15,425.08,425.08,659.75,76.50,23.50,1.00,1.00,19549.84,16180.63,16180.63,19959.84,76,23,23,76,63860.28,63904.17,,
2026-07-24T22:56:41+08:00,btc-updown-5m-1784904900,https://polymarket.com/zh/event/btc-updown-5m-1784904900,22:55-23:00,78.00,23.00,77.00,22.00,157.68,1593.42,1595.42,157.68,77.50,22.50,1.00,1.00,19204.84,15980.63,15980.63,19194.84,77,22,22,77,63860.28,63906.32,,
2026-07-24T22:56:43+08:00,btc-updown-5m-1784904900,https://polymarket.com/zh/event/btc-updown-5m-1784904900,22:55-23:00,80.00,21.00,79.00,20.00,732.16,794.21,844.59,291.16,79.50,20.50,1.00,1.00,19209.85,16539.63,16624.63,19194.84,79,20,20,79,63860.28,63912.09,,
2026-07-24T22:56:45+08:00,btc-updown-5m-1784904900,https://polymarket.com/zh/event/btc-updown-5m-1784904900,22:55-23:00,81.00,20.00,80.00,19.00,39.36,1829.89,1063.97,6.00,80.50,19.50,1.00,1.00,18572.85,16439.63,17776.63,19157.84,80,19,19,80,63860.28,63912.09,,
2026-07-24T22:56:47+08:00,btc-updown-5m-1784904900,https://polymarket.com/zh/event/btc-updown-5m-1784904900,22:55-23:00,83.00,18.00,82.00,17.00,229.00,1736.08,1729.08,30.00,82.50,17.50,1.00,1.00,18572.85,18661.63,18656.63,19177.84,82,17,17,82,63860.28,63918.48,,
2026-07-24T22:56:49+08:00,btc-updown-5m-1784904900,https://polymarket.com/zh/event/btc-updown-5m-1784904900,22:55-23:00,85.00,16.00,84.00,15.00,1209.46,574.80,192.78,563.15,84.50,15.50,1.00,1.00,18567.85,20747.63,20742.63,18657.84,84,15,15,84,63860.28,63923.27,,
2026-07-24T22:56:51+08:00,btc-updown-5m-1784904900,https://polymarket.com/zh/event/btc-updown-5m-1784904900,22:55-23:00,87.00,14.00,86.00,13.00,127.95,1149.12,1185.12,71.95,86.50,13.50,1.00,1.00,18657.84,20838.77,20838.77,18662.84,86,13,13,86,63860.28,63926.40,,
2026-07-24T22:56:53+08:00,btc-updown-5m-1784904900,https://polymarket.com/zh/event/btc-updown-5m-1784904900,22:55-23:00,88.00,13.00,87.00,12.00,903.45,508.00,433.67,794.68,87.50,12.50,1.00,1.00,19187.84,20969.67,20997.22,18687.84,87,12,12,87,63860.28,63930.70,,
2026-07-24T22:56:55+08:00,btc-updown-5m-1784904900,https://polymarket.com/zh/event/btc-updown-5m-1784904900,22:55-23:00,88.00,13.00,87.00,12.00,938.44,676.24,427.23,976.35,87.50,12.50,1.00,1.00,19087.84,20925.44,20940.44,18677.84,87,12,12,87,63860.28,63926.87,,
2026-07-24T22:56:57+08:00,btc-updown-5m-1784904900,https://polymarket.com/zh/event/btc-updown-5m-1784904900,22:55-23:00,88.00,13.00,87.00,12.00,245.05,1153.66,1079.43,245.05,87.50,12.50,1.00,1.00,18470.84,20935.10,21080.32,18595.85,87,12,12,87,63860.28,63925.62,,
2026-07-24T22:56:59+08:00,btc-updown-5m-1784904900,https://polymarket.com/zh/event/btc-updown-5m-1784904900,22:55-23:00,88.00,13.00,87.00,12.00,283.36,985.31,985.31,283.36,87.50,12.50,1.00,1.00,19075.84,20994.09,21009.09,18603.84,87,12,12,87,63860.28,63925.60,,
2026-07-24T22:57:01+08:00,btc-updown-5m-1784904900,https://polymarket.com/zh/event/btc-updown-5m-1784904900,22:55-23:00,93.00,8.00,92.00,7.00,299.92,11.00,11.00,223.96,92.50,7.50,1.00,1.00,19077.18,18462.67,18527.09,18477.19,90,7,7,92,63860.28,63974.60,,
2026-07-24T22:57:03+08:00,btc-updown-5m-1784904900,https://polymarket.com/zh/event/btc-updown-5m-1784904900,22:55-23:00,95.00,6.00,94.00,5.00,1388.05,810.72,796.93,1260.06,94.50,5.50,1.00,1.00,17282.18,21037.68,21397.35,16552.18,94,5,5,94,63860.28,63960.97,,
2026-07-24T22:57:05+08:00,btc-updown-5m-1784904900,https://polymarket.com/zh/event/btc-updown-5m-1784904900,22:55-23:00,95.00,6.00,94.00,5.00,1092.95,849.03,840.51,1092.95,94.50,5.50,1.00,1.00,16525.18,21262.54,21237.54,17105.18,94,5,5,94,63860.28,63962.20,,
2026-07-24T22:57:07+08:00,btc-updown-5m-1784904900,https://polymarket.com/zh/event/btc-updown-5m-1784904900,22:55-23:00,95.00,6.00,94.00,5.00,1021.31,1514.53,1444.01,535.93,94.50,5.50,1.00,1.00,16058.97,18446.28,18079.20,16058.97,94,5,5,94,63860.28,63964.22,,
2026-07-24T22:57:09+08:00,btc-updown-5m-1784904900,https://polymarket.com/zh/event/btc-updown-5m-1784904900,22:55-23:00,95.00,6.00,94.00,5.00,1074.82,1008.88,1144.68,1146.64,94.50,5.50,1.00,1.00,16048.97,20658.29,20785.61,16033.97,94,5,5,94,63860.28,63960.18,,
2026-07-24T22:57:11+08:00,btc-updown-5m-1784904900,https://polymarket.com/zh/event/btc-updown-5m-1784904900,22:55-23:00,95.00,6.00,94.00,5.00,1510.99,239.65,232.99,1468.29,94.50,5.50,1.00,1.00,16508.97,21850.71,21899.32,15928.97,94,5,5,94,63860.28,63961.18,,
2026-07-24T22:57:13+08:00,btc-updown-5m-1784904900,https://polymarket.com/zh/event/btc-updown-5m-1784904900,22:55-23:00,95.00,6.00,94.00,5.00,1615.35,396.36,163.53,1614.29,94.50,5.50,1.00,1.00,15968.97,23474.07,23093.01,15973.98,94,5,5,94,63860.28,63959.69,,
2026-07-24T22:57:15+08:00,btc-updown-5m-1784904900,https://polymarket.com/zh/event/btc-updown-5m-1784904900,22:55-23:00,95.00,6.00,94.00,5.00,1488.56,158.46,161.65,1403.30,94.50,5.50,1.00,1.00,15863.98,21156.78,21058.52,15968.97,94,5,5,94,63860.28,63959.49,,
2026-07-24T22:57:17+08:00,btc-updown-5m-1784904900,https://polymarket.com/zh/event/btc-updown-5m-1784904900,22:55-23:00,94.00,7.00,93.00,6.00,338.75,843.98,795.40,303.56,93.50,6.50,1.00,1.00,15923.97,20220.61,20340.61,16513.97,93,6,6,93,63860.28,63959.50,,
2026-07-24T22:57:19+08:00,btc-updown-5m-1784904900,https://polymarket.com/zh/event/btc-updown-5m-1784904900,22:55-23:00,94.00,7.00,93.00,6.00,385.03,1320.95,1137.04,310.00,93.50,6.50,1.00,1.00,16438.97,19465.41,19965.41,15933.97,93,6,6,93,63860.28,63961.78,,
2026-07-24T22:57:20+08:00,btc-updown-5m-1784904900,https://polymarket.com/zh/event/btc-updown-5m-1784904900,22:55-23:00,94.00,7.00,93.00,6.00,247.80,1314.77,1314.77,246.73,93.50,6.50,1.00,1.00,16048.97,19975.82,20000.82,16433.97,93,6,6,93,63860.28,63964.84,,
2026-07-24T22:57:22+08:00,btc-updown-5m-1784904900,https://polymarket.com/zh/event/btc-updown-5m-1784904900,22:55-23:00,95.00,6.00,94.00,5.00,445.74,1189.41,870.25,345.47,94.50,5.50,1.00,1.00,15933.97,18682.52,18633.90,15918.97,94,5,5,94,63860.28,63966.42,,
2026-07-24T22:57:24+08:00,btc-updown-5m-1784904900,https://polymarket.com/zh/event/btc-updown-5m-1784904900,22:55-23:00,95.00,6.00,94.00,5.00,549.62,1311.14,1240.18,403.74,94.50,5.50,1.00,1.00,15928.97,18343.75,18350.87,16413.97,94,5,5,94,63860.28,63967.43,,
2026-07-24T22:57:26+08:00,btc-updown-5m-1784904900,https://polymarket.com/zh/event/btc-updown-5m-1784904900,22:55-23:00,95.00,6.00,94.00,5.00,75.32,2076.26,2016.26,4.32,94.50,5.50,1.00,1.00,16238.97,15739.80,14972.80,15848.98,94,5,5,94,63860.28,63974.01,,
2026-07-24T22:57:28+08:00,btc-updown-5m-1784904900,https://polymarket.com/zh/event/btc-updown-5m-1784904900,22:55-23:00,96.00,5.00,95.00,4.00,580.19,2118.76,1822.20,444.98,95.50,4.50,1.00,1.00,16223.97,13803.60,13412.39,15823.98,95,4,4,95,63860.28,63974.64,,
2026-07-24T22:57:30+08:00,btc-updown-5m-1784904900,https://polymarket.com/zh/event/btc-updown-5m-1784904900,22:55-23:00,97.00,4.00,96.00,3.00,1673.82,878.46,518.81,1722.56,96.50,3.50,1.00,1.00,15193.48,11489.11,11487.85,15283.47,96,3,3,96,63860.28,63984.69,,
2026-07-24T22:57:32+08:00,btc-updown-5m-1784904900,https://polymarket.com/zh/event/btc-updown-5m-1784904900,22:55-23:00,97.00,4.00,96.00,3.00,1450.40,1978.62,1757.62,1425.40,96.50,3.50,1.00,1.00,15043.47,10906.00,10881.00,15038.47,96,3,3,96,63860.28,63981.80,,
2026-07-24T22:57:34+08:00,btc-updown-5m-1784904900,https://polymarket.com/zh/event/btc-updown-5m-1784904900,22:55-23:00,97.00,4.00,96.00,3.00,1095.65,2074.54,1978.54,1100.65,96.50,3.50,1.00,1.00,14848.48,11212.25,11217.25,15323.47,96,3,3,96,63860.28,63975.11,,
2026-07-24T22:57:36+08:00,btc-updown-5m-1784904900,https://polymarket.com/zh/event/btc-updown-5m-1784904900,22:55-23:00,97.00,4.00,96.00,3.00,1158.33,1897.09,1831.03,1143.33,96.50,3.50,1.00,1.00,15438.47,10383.93,10393.93,14838.47,96,3,3,96,63860.28,63978.95,,
2026-07-24T22:57:38+08:00,btc-updown-5m-1784904900,https://polymarket.com/zh/event/btc-updown-5m-1784904900,22:55-23:00,97.00,4.00,96.00,3.00,2785.25,565.94,654.94,2780.25,96.50,3.50,1.00,1.00,15348.47,14809.23,14800.23,14763.47,96,3,3,96,63860.28,63967.23,,
2026-07-24T22:57:40+08:00,btc-updown-5m-1784904900,https://polymarket.com/zh/event/btc-updown-5m-1784904900,22:55-23:00,97.00,4.00,96.00,3.00,624.47,1338.68,2183.58,929.88,96.50,3.50,1.00,1.00,14828.47,9550.06,10236.47,14853.47,96,3,3,96,63860.28,63969.14,,
2026-07-24T22:57:42+08:00,btc-updown-5m-1784904900,https://polymarket.com/zh/event/btc-updown-5m-1784904900,22:55-23:00,97.00,4.00,96.00,3.00,1752.80,1213.08,1208.08,1758.15,96.50,3.50,1.00,1.00,15338.47,12389.08,12530.43,14763.47,96,3,3,96,63860.28,63958.52,,
2026-07-24T22:57:44+08:00,btc-updown-5m-1784904900,https://polymarket.com/zh/event/btc-updown-5m-1784904900,22:55-23:00,97.00,4.00,96.00,3.00,1444.38,1503.45,1463.25,1379.38,96.50,3.50,1.00,1.00,14933.47,12050.66,12025.66,14828.47,96,3,3,96,63860.28,63959.50,,
2026-07-24T22:57:46+08:00,btc-updown-5m-1784904900,https://polymarket.com/zh/event/btc-updown-5m-1784904900,22:55-23:00,97.00,4.00,96.00,3.00,3164.99,603.34,563.34,3170.99,96.50,3.50,1.00,1.00,14743.48,16420.96,16376.96,15358.47,96,3,3,96,63860.28,63947.88,,
2026-07-24T22:57:48+08:00,btc-updown-5m-1784904900,https://polymarket.com/zh/event/btc-updown-5m-1784904900,22:55-23:00,97.00,4.00,96.00,3.00,4309.88,430.83,525.83,4289.88,96.50,3.50,1.00,1.00,14833.47,17633.85,17613.85,14833.47,96,3,3,96,63860.28,63951.05,,
2026-07-24T22:57:50+08:00,btc-updown-5m-1784904900,https://polymarket.com/zh/event/btc-updown-5m-1784904900,22:55-23:00,97.00,4.00,96.00,3.00,4147.84,428.67,354.14,4147.84,96.50,3.50,1.00,1.00,14843.48,17840.81,17840.81,14737.47,96,3,3,96,63860.28,63948.60,,
2026-07-24T22:57:52+08:00,btc-updown-5m-1784904900,https://polymarket.com/zh/event/btc-updown-5m-1784904900,22:55-23:00,96.00,5.00,95.00,4.00,663.88,1001.13,1014.94,677.08,95.50,4.50,1.00,1.00,15342.47,17906.51,17978.71,14837.47,95,4,4,95,63860.28,63949.88,,
2026-07-24T22:57:54+08:00,btc-updown-5m-1784904900,https://polymarket.com/zh/event/btc-updown-5m-1784904900,22:55-23:00,96.00,5.00,95.00,4.00,601.46,1108.28,1002.08,692.81,95.50,4.50,1.00,1.00,14737.47,17079.95,17200.30,14827.47,95,4,4,95,63860.28,63948.60,,
2026-07-24T22:57:56+08:00,btc-updown-5m-1784904900,https://polymarket.com/zh/event/btc-updown-5m-1784904900,22:55-23:00,96.00,5.00,95.00,4.00,1240.44,1003.54,958.50,1168.78,95.50,4.50,1.00,1.00,14732.47,17437.93,17876.27,15357.47,95,4,4,95,63860.28,63947.74,,
2026-07-24T22:57:58+08:00,btc-updown-5m-1784904900,https://polymarket.com/zh/event/btc-updown-5m-1784904900,22:55-23:00,96.00,5.00,95.00,4.00,873.01,1038.68,1056.35,873.01,95.50,4.50,1.00,1.00,14842.47,17060.50,17052.50,15342.47,95,4,4,95,63860.28,63947.75,,
2026-07-24T22:58:00+08:00,btc-updown-5m-1784904900,https://polymarket.com/zh/event/btc-updown-5m-1784904900,22:55-23:00,96.00,5.00,95.00,4.00,505.23,1044.51,975.04,496.48,95.50,4.50,1.00,1.00,14827.47,16584.90,16453.46,15437.47,95,4,4,95,63860.28,63947.74,,
2026-07-24T22:58:02+08:00,btc-updown-5m-1784904900,https://polymarket.com/zh/event/btc-updown-5m-1784904900,22:55-23:00,96.00,5.00,95.00,4.00,1194.40,449.37,1028.51,1745.67,95.50,4.50,1.00,1.00,15322.47,16770.38,20292.05,14862.47,95,4,4,95,63860.28,63949.06,,
2026-07-24T22:58:04+08:00,btc-updown-5m-1784904900,https://polymarket.com/zh/event/btc-updown-5m-1784904900,22:55-23:00,95.00,6.00,94.00,5.00,342.96,1337.17,1405.51,337.96,94.50,5.50,1.00,1.00,14752.47,17656.46,17752.46,15257.47,94,5,5,94,63860.28,63941.64,,
2026-07-24T22:58:06+08:00,btc-updown-5m-1784904900,https://polymarket.com/zh/event/btc-updown-5m-1784904900,22:55-23:00,95.00,6.00,94.00,5.00,424.87,1071.81,1059.11,424.87,94.50,5.50,1.00,1.00,14777.47,18216.51,18231.51,15252.47,94,5,5,94,63860.28,63941.59,,
2026-07-24T22:58:08+08:00,btc-updown-5m-1784904900,https://polymarket.com/zh/event/btc-updown-5m-1784904900,22:55-23:00,95.00,6.00,94.00,5.00,414.63,1448.04,1396.94,214.63,94.50,5.50,1.00,1.00,14948.47,17946.72,17530.62,15438.47,94,5,5,94,63860.28,63941.59,,
2026-07-24T22:58:10+08:00,btc-updown-5m-1784904900,https://polymarket.com/zh/event/btc-updown-5m-1784904900,22:55-23:00,97.00,4.00,96.00,3.00,2415.73,16.00,16.00,2587.57,96.50,3.50,1.00,1.00,14848.47,16187.99,16957.83,14773.47,96,3,3,96,63860.28,63941.59,,
2026-07-24T22:58:12+08:00,btc-updown-5m-1784904900,https://polymarket.com/zh/event/btc-updown-5m-1784904900,22:55-23:00,97.00,4.00,96.00,3.00,2320.72,72.86,72.86,2328.48,96.50,3.50,1.00,1.00,15343.47,16670.98,16163.74,14948.48,96,3,3,96,63860.28,63941.15,,
2026-07-24T22:58:14+08:00,btc-updown-5m-1784904900,https://polymarket.com/zh/event/btc-updown-5m-1784904900,22:55-23:00,97.00,4.00,96.00,3.00,787.05,1537.65,1444.95,727.05,96.50,3.50,1.00,1.00,14863.48,10751.05,10558.93,14943.47,96,3,3,96,63860.28,63947.04,,
2026-07-24T22:58:16+08:00,btc-updown-5m-1784904900,https://polymarket.com/zh/event/btc-updown-5m-1784904900,22:55-23:00,97.00,4.00,96.00,3.00,390.15,434.84,279.29,360.15,96.50,3.50,1.00,1.00,14823.47,10512.03,10327.03,14848.47,96,3,3,96,63860.28,63960.45,,
2026-07-24T22:58:18+08:00,btc-updown-5m-1784904900,https://polymarket.com/zh/event/btc-updown-5m-1784904900,22:55-23:00,97.00,4.00,96.00,3.00,42.15,1436.25,1402.59,87.86,96.50,3.50,1.00,1.00,14928.47,9585.03,9630.74,14848.48,96,3,3,96,63860.28,63956.80,,
2026-07-24T22:58:20+08:00,btc-updown-5m-1784904900,https://polymarket.com/zh/event/btc-updown-5m-1784904900,22:55-23:00,98.00,3.00,97.00,2.00,2301.29,298.68,50.00,1966.19,97.50,2.50,1.00,1.00,14793.47,9092.88,9059.33,14908.47,97,2,2,97,63860.28,63953.64,,
2026-07-24T22:58:22+08:00,btc-updown-5m-1784904900,https://polymarket.com/zh/event/btc-updown-5m-1784904900,22:55-23:00,98.00,3.00,97.00,2.00,1822.92,298.68,298.68,1792.92,97.50,2.50,1.00,1.00,14898.48,8535.49,8475.49,14893.47,97,2,2,97,63860.28,63954.90,,
2026-07-24T22:58:24+08:00,btc-updown-5m-1784904900,https://polymarket.com/zh/event/btc-updown-5m-1784904900,22:55-23:00,98.00,3.00,97.00,2.00,1848.13,446.08,440.00,1858.13,97.50,2.50,1.00,1.00,14793.47,9305.27,9310.27,14808.47,97,2,2,97,63860.28,63955.08,,
2026-07-24T22:58:26+08:00,btc-updown-5m-1784904900,https://polymarket.com/zh/event/btc-updown-5m-1784904900,22:55-23:00,98.00,3.00,97.00,2.00,1702.34,377.29,496.59,1772.89,97.50,2.50,1.00,1.00,14792.47,8880.48,9225.03,15287.47,97,2,2,97,63860.28,63949.48,,
2026-07-24T22:58:28+08:00,btc-updown-5m-1784904900,https://polymarket.com/zh/event/btc-updown-5m-1784904900,22:55-23:00,98.00,3.00,97.00,2.00,1716.28,163.73,163.73,1731.28,97.50,2.50,1.00,1.00,14722.47,9143.42,9158.42,14797.47,97,2,2,97,63860.28,63950.01,,
2026-07-24T22:58:30+08:00,btc-updown-5m-1784904900,https://polymarket.com/zh/event/btc-updown-5m-1784904900,22:55-23:00,98.00,3.00,97.00,2.00,1284.73,178.98,178.98,1284.73,97.50,2.50,1.00,1.00,15262.47,9241.87,9136.87,14847.47,97,2,2,97,63860.28,63944.02,,
2026-07-24T22:58:32+08:00,btc-updown-5m-1784904900,https://polymarket.com/zh/event/btc-updown-5m-1784904900,22:55-23:00,98.00,3.00,97.00,2.00,767.98,491.74,376.74,231.54,97.50,2.50,1.00,1.00,14559.13,6845.55,6643.10,15049.13,97,2,2,97,63860.28,63948.48,,
2026-07-24T22:58:34+08:00,btc-updown-5m-1784904900,https://polymarket.com/zh/event/btc-updown-5m-1784904900,22:55-23:00,99.00,2.00,98.00,1.00,5737.77,321.71,334.74,5752.77,98.50,1.50,1.00,1.00,14559.13,5737.77,5752.77,14954.13,98,1,1,98,63860.28,63956.98,,
2026-07-24T22:58:36+08:00,btc-updown-5m-1784904900,https://polymarket.com/zh/event/btc-updown-5m-1784904900,22:55-23:00,99.00,2.00,98.00,1.00,5384.50,268.77,268.77,5359.50,98.50,1.50,1.00,1.00,15059.13,5384.50,5359.50,14554.13,98,1,1,98,63860.28,63955.35,,
2026-07-24T22:58:38+08:00,btc-updown-5m-1784904900,https://polymarket.com/zh/event/btc-updown-5m-1784904900,22:55-23:00,99.00,2.00,98.00,1.00,4598.53,843.02,796.18,4300.93,98.50,1.50,1.00,1.00,15064.14,4598.53,4300.93,14449.13,98,1,1,98,63860.28,63954.51,,
2026-07-24T22:58:40+08:00,btc-updown-5m-1784904900,https://polymarket.com/zh/event/btc-updown-5m-1784904900,22:55-23:00,99.00,2.00,98.00,1.00,3635.31,1254.40,1254.40,3635.31,98.50,1.50,1.00,1.00,14459.14,3635.31,3635.31,14549.13,98,1,1,98,63860.28,63950.01,,
2026-07-24T22:58:42+08:00,btc-updown-5m-1784904900,https://polymarket.com/zh/event/btc-updown-5m-1784904900,22:55-23:00,99.00,2.00,98.00,1.00,2230.55,1032.67,1032.67,2226.47,98.50,1.50,1.00,1.00,15034.13,2230.55,2226.47,14944.13,98,1,1,98,63860.28,63947.88,,
2026-07-24T22:58:43+08:00,btc-updown-5m-1784904900,https://polymarket.com/zh/event/btc-updown-5m-1784904900,22:55-23:00,99.00,2.00,98.00,1.00,1548.22,1119.82,1162.93,1471.93,98.50,1.50,1.00,1.00,14524.13,1548.22,1471.93,14529.13,98,1,1,98,63860.28,63947.42,,
2026-07-24T22:58:45+08:00,btc-updown-5m-1784904900,https://polymarket.com/zh/event/btc-updown-5m-1784904900,22:55-23:00,99.00,2.00,98.00,1.00,920.50,1322.44,1292.44,920.50,98.50,1.50,1.00,1.00,14534.13,920.50,920.50,14539.13,98,1,1,98,63860.28,63946.58,,
2026-07-24T22:58:47+08:00,btc-updown-5m-1784904900,https://polymarket.com/zh/event/btc-updown-5m-1784904900,22:55-23:00,,1.00,99.00,,,2031.63,2031.63,,,,,,14423.13,,,14933.13,99,0,0,99,63860.28,63947.77,,
2026-07-24T22:58:49+08:00,btc-updown-5m-1784904900,https://polymarket.com/zh/event/btc-updown-5m-1784904900,22:55-23:00,,1.00,99.00,,,2470.69,2470.69,,,,,,14428.14,,,14913.13,99,0,0,99,63860.28,63947.77,,
2026-07-24T22:58:51+08:00,btc-updown-5m-1784904900,https://polymarket.com/zh/event/btc-updown-5m-1784904900,22:55-23:00,,1.00,99.00,,,2358.77,2363.78,,,,,,14433.14,,,14913.13,99,0,0,99,63860.28,63947.78,,
2026-07-24T22:58:53+08:00,btc-updown-5m-1784904900,https://polymarket.com/zh/event/btc-updown-5m-1784904900,22:55-23:00,,1.00,99.00,,,1921.38,1921.38,,,,,,14408.13,,,14433.13,99,0,0,99,63860.28,63947.79,,
2026-07-24T22:58:55+08:00,btc-updown-5m-1784904900,https://polymarket.com/zh/event/btc-updown-5m-1784904900,22:55-23:00,,1.00,99.00,,,4686.48,2686.48,,,,,,14408.13,,,14413.13,99,0,0,99,63860.28,63952.97,,
2026-07-24T22:58:57+08:00,btc-updown-5m-1784904900,https://polymarket.com/zh/event/btc-updown-5m-1784904900,22:55-23:00,,1.00,99.00,,,4684.52,4609.52,,,,,,14353.13,,,14358.13,99,0,0,99,63860.28,63954.10,,
2026-07-24T22:58:59+08:00,btc-updown-5m-1784904900,https://polymarket.com/zh/event/btc-updown-5m-1784904900,22:55-23:00,,1.00,99.00,,,5110.40,5111.76,,,,,,14838.13,,,14853.13,99,0,0,99,63860.28,63956.98,,
2026-07-24T22:59:01+08:00,btc-updown-5m-1784904900,https://polymarket.com/zh/event/btc-updown-5m-1784904900,22:55-23:00,,1.00,99.00,,,6181.16,6181.16,,,,,,14823.11,,,14353.12,99,0,0,99,63860.28,63956.98,,
2026-07-24T22:59:03+08:00,btc-updown-5m-1784904900,https://polymarket.com/zh/event/btc-updown-5m-1784904900,22:55-23:00,,1.00,99.00,,,6181.16,6181.16,,,,,,14838.12,,,14318.11,99,0,0,99,63860.28,63956.98,,
2026-07-24T22:59:05+08:00,btc-updown-5m-1784904900,https://polymarket.com/zh/event/btc-updown-5m-1784904900,22:55-23:00,,1.00,99.00,,,7744.46,7739.46,,,,,,14824.11,,,14324.11,99,0,0,99,63860.28,63955.85,,
2026-07-24T22:59:07+08:00,btc-updown-5m-1784904900,https://polymarket.com/zh/event/btc-updown-5m-1784904900,22:55-23:00,,1.00,99.00,,,8105.40,8105.40,,,,,,14349.11,,,14844.11,99,0,0,99,63860.28,63962.75,,
2026-07-24T22:59:09+08:00,btc-updown-5m-1784904900,https://polymarket.com/zh/event/btc-updown-5m-1784904900,22:55-23:00,,1.00,99.00,,,11661.60,11661.60,,,,,,14354.11,,,14324.11,99,0,0,99,63860.28,63962.80,,
2026-07-24T22:59:11+08:00,btc-updown-5m-1784904900,https://polymarket.com/zh/event/btc-updown-5m-1784904900,22:55-23:00,,1.00,99.00,,,8476.59,5506.59,,,,,,14844.11,,,14334.11,99,0,0,99,63860.28,63957.98,,
2026-07-24T22:59:13+08:00,btc-updown-5m-1784904900,https://polymarket.com/zh/event/btc-updown-5m-1784904900,22:55-23:00,,1.00,99.00,,,8349.93,8437.60,,,,,,14349.12,,,14839.11,99,0,0,99,63860.28,63960.47,,
2026-07-24T22:59:15+08:00,btc-updown-5m-1784904900,https://polymarket.com/zh/event/btc-updown-5m-1784904900,22:55-23:00,,1.00,99.00,,,11308.03,11308.03,,,,,,14359.11,,,14874.11,99,0,0,99,63860.28,63967.05,,
2026-07-24T22:59:17+08:00,btc-updown-5m-1784904900,https://polymarket.com/zh/event/btc-updown-5m-1784904900,22:55-23:00,,1.00,99.00,,,19790.39,19760.39,,,,,,14859.11,,,14359.11,99,0,0,99,63860.28,63959.86,,
2026-07-24T22:59:19+08:00,btc-updown-5m-1784904900,https://polymarket.com/zh/event/btc-updown-5m-1784904900,22:55-23:00,,1.00,99.00,,,19800.39,19800.39,,,,,,14349.11,,,14369.11,99,0,0,99,63860.28,63958.42,,
2026-07-24T22:59:21+08:00,btc-updown-5m-1784904900,https://polymarket.com/zh/event/btc-updown-5m-1784904900,22:55-23:00,,1.00,99.00,,,19788.72,19778.71,,,,,,14839.11,,,14379.12,99,0,0,99,63860.28,63958.00,,
2026-07-24T22:59:23+08:00,btc-updown-5m-1784904900,https://polymarket.com/zh/event/btc-updown-5m-1784904900,22:55-23:00,,1.00,99.00,,,22540.23,22540.23,,,,,,14339.11,,,14359.11,99,0,0,99,63860.28,63958.85,,
2026-07-24T22:59:25+08:00,btc-updown-5m-1784904900,https://polymarket.com/zh/event/btc-updown-5m-1784904900,22:55-23:00,,1.00,99.00,,,22664.23,22670.23,,,,,,14344.12,,,14359.11,99,0,0,99,63860.28,63958.84,,
2026-07-24T22:59:27+08:00,btc-updown-5m-1784904900,https://polymarket.com/zh/event/btc-updown-5m-1784904900,22:55-23:00,,1.00,99.00,,,22673.73,22673.73,,,,,,14849.11,,,14849.11,99,0,0,99,63860.28,63958.84,,
2026-07-24T22:59:29+08:00,btc-updown-5m-1784904900,https://polymarket.com/zh/event/btc-updown-5m-1784904900,22:55-23:00,,1.00,99.00,,,30844.79,30829.74,,,,,,14369.11,,,14339.11,99,0,0,99,63860.28,63960.13,,
2026-07-24T22:59:31+08:00,btc-updown-5m-1784904900,https://polymarket.com/zh/event/btc-updown-5m-1784904900,22:55-23:00,,1.00,99.00,,,43605.17,43592.16,,,,,,13718.95,,,13703.95,99,0,0,99,63860.28,63972.11,,
2026-07-24T22:59:33+08:00,btc-updown-5m-1784904900,https://polymarket.com/zh/event/btc-updown-5m-1784904900,22:55-23:00,,1.00,99.00,,,43600.16,43600.16,,,,,,13563.95,,,14058.95,99,0,0,99,63860.28,63972.12,,
2026-07-24T22:59:35+08:00,btc-updown-5m-1784904900,https://polymarket.com/zh/event/btc-updown-5m-1784904900,22:55-23:00,,1.00,99.00,,,42753.04,42753.00,,,,,,12022.96,,,12502.96,99,0,0,99,63860.28,63974.16,,
2026-07-24T22:59:37+08:00,btc-updown-5m-1784904900,https://polymarket.com/zh/event/btc-updown-5m-1784904900,22:55-23:00,,1.00,99.00,,,42854.04,42854.04,,,,,,12522.96,,,12032.96,99,0,0,99,63860.28,63977.96,,
2026-07-24T22:59:39+08:00,btc-updown-5m-1784904900,https://polymarket.com/zh/event/btc-updown-5m-1784904900,22:55-23:00,,1.00,99.00,,,43025.24,43020.24,,,,,,12002.96,,,12532.96,99,0,0,99,63860.28,63980.03,,
2026-07-24T22:59:41+08:00,btc-updown-5m-1784904900,https://polymarket.com/zh/event/btc-updown-5m-1784904900,22:55-23:00,,1.00,99.00,,,43911.99,43303.98,,,,,,12007.96,,,12042.97,99,0,0,99,63860.28,63980.02,,
2026-07-24T22:59:43+08:00,btc-updown-5m-1784904900,https://polymarket.com/zh/event/btc-updown-5m-1784904900,22:55-23:00,,1.00,99.00,,,44840.18,44845.19,,,,,,12022.97,,,12507.96,99,0,0,99,63860.28,63978.50,,
2026-07-24T22:59:44+08:00,btc-updown-5m-1784904900,https://polymarket.com/zh/event/btc-updown-5m-1784904900,22:55-23:00,,1.00,99.00,,,45700.18,45700.18,,,,,,12027.96,,,12507.96,99,0,0,99,63860.28,63981.48,,
2026-07-24T22:59:46+08:00,btc-updown-5m-1784904900,https://polymarket.com/zh/event/btc-updown-5m-1784904900,22:55-23:00,,1.00,99.00,,,45773.72,45748.72,,,,,,11108.37,,,11093.37,99,0,0,99,63860.28,63984.48,,
2026-07-24T22:59:48+08:00,btc-updown-5m-1784904900,https://polymarket.com/zh/event/btc-updown-5m-1784904900,22:55-23:00,,1.00,99.00,,,44429.08,43960.33,,,,,,11008.37,,,11493.37,91,0,0,91,63860.28,63990.86,,
2026-07-24T22:59:50+08:00,btc-updown-5m-1784904900,https://polymarket.com/zh/event/btc-updown-5m-1784904900,22:55-23:00,,1.00,99.00,,,46044.28,46049.29,,,,,,10918.38,,,11413.37,91,0,0,91,63860.28,63990.86,,
2026-07-24T22:59:52+08:00,btc-updown-5m-1784904900,https://polymarket.com/zh/event/btc-updown-5m-1784904900,22:55-23:00,,1.00,99.00,,,45975.64,46000.64,,,,,,10843.37,,,10858.37,91,0,0,91,63860.28,63990.86,,
2026-07-24T22:59:54+08:00,btc-updown-5m-1784904900,https://polymarket.com/zh/event/btc-updown-5m-1784904900,22:55-23:00,,1.00,99.00,,,46496.94,46496.94,,,,,,10858.38,,,10863.37,91,0,0,91,63860.28,63990.87,,
2026-07-24T22:59:56+08:00,btc-updown-5m-1784904900,https://polymarket.com/zh/event/btc-updown-5m-1784904900,22:55-23:00,,1.00,99.00,,,55203.18,55149.18,,,,,,18745.37,,,19270.37,86,0,0,86,63860.28,63990.91,,
2026-07-24T22:59:58+08:00,btc-updown-5m-1784904900,https://polymarket.com/zh/event/btc-updown-5m-1784904900,22:55-23:00,,1.00,99.00,,,57574.07,57529.08,,,,,,18738.70,,,18743.69,89,0,0,89,63860.28,63993.52,,
2026-07-24T23:00:01+08:00,btc-updown-5m-1784905200,https://polymarket.com/zh/event/btc-updown-5m-1784905200,23:00-23:05,51.00,50.00,50.00,49.00,91.75,65.64,36.00,89.78,50.50,49.50,1.00,1.00,139733.74,140538.93,140525.09,139843.74,48,49,49,49,63993.51,63993.50,,
2026-07-24T23:00:03+08:00,btc-updown-5m-1784905200,https://polymarket.com/zh/event/btc-updown-5m-1784905200,23:00-23:05,42.00,59.00,41.00,58.00,1486.73,278.96,287.00,1764.09,41.50,58.50,1.00,1.00,18863.81,19855.57,19935.56,18863.81,41,58,58,41,63993.51,63973.07,,
2026-07-24T23:00:05+08:00,btc-updown-5m-1784905200,https://polymarket.com/zh/event/btc-updown-5m-1784905200,23:00-23:05,45.00,56.00,44.00,55.00,798.23,70.20,168.45,1072.81,44.50,55.50,1.00,1.00,19033.81,19951.56,20166.56,19048.81,44,55,55,44,63993.51,63982.66,,
2026-07-24T23:00:07+08:00,btc-updown-5m-1784905200,https://polymarket.com/zh/event/btc-updown-5m-1784905200,23:00-23:05,41.00,60.00,40.00,59.00,1074.17,148.29,148.29,1043.26,40.50,59.50,1.00,1.00,18949.81,20171.56,20176.56,18949.81,40,59,59,40,63993.51,63973.88,,
2026-07-24T23:00:09+08:00,btc-updown-5m-1784905200,https://polymarket.com/zh/event/btc-updown-5m-1784905200,23:00-23:05,33.00,68.00,32.00,67.00,339.15,257.62,241.88,600.92,32.50,67.50,1.00,1.00,17264.81,20392.36,18412.37,17488.14,32,67,67,32,63993.51,63962.02,,
2026-07-24T23:00:11+08:00,btc-updown-5m-1784905200,https://polymarket.com/zh/event/btc-updown-5m-1784905200,23:00-23:05,32.00,70.00,31.00,69.00,1973.62,331.07,92.11,1471.13,31.50,69.50,1.00,1.00,18274.47,19176.12,19181.13,18269.47,31,68,69,30,63993.51,63958.84,,
2026-07-24T23:00:13+08:00,btc-updown-5m-1784905200,https://polymarket.com/zh/event/btc-updown-5m-1784905200,23:00-23:05,31.00,70.00,30.00,69.00,1860.20,9.51,207.51,1510.58,30.50,69.50,1.00,1.00,19235.47,19451.13,19435.12,19230.47,30,69,69,30,63993.51,63951.75,,
2026-07-24T23:00:15+08:00,btc-updown-5m-1784905200,https://polymarket.com/zh/event/btc-updown-5m-1784905200,23:00-23:05,30.00,71.00,29.00,70.00,825.21,62.81,613.68,854.22,29.50,70.50,1.00,1.00,20269.47,20105.72,20421.92,20274.47,29,70,70,29,63993.51,63951.75,,
2026-07-24T23:00:17+08:00,btc-updown-5m-1784905200,https://polymarket.com/zh/event/btc-updown-5m-1784905200,23:00-23:05,30.00,71.00,29.00,70.00,974.71,219.34,219.34,1018.96,29.50,70.50,1.00,1.00,20419.47,20414.12,20315.12,20852.47,29,70,70,29,63993.51,63951.75,,
2026-07-24T23:00:19+08:00,btc-updown-5m-1784905200,https://polymarket.com/zh/event/btc-updown-5m-1784905200,23:00-23:05,29.00,72.00,28.00,71.00,1107.52,454.29,102.35,781.01,28.50,71.50,1.00,1.00,20395.47,19620.12,19657.13,20390.47,28,71,71,28,63993.51,63951.75,,
2026-07-24T23:00:21+08:00,btc-updown-5m-1784905200,https://polymarket.com/zh/event/btc-updown-5m-1784905200,23:00-23:05,31.00,70.00,30.00,69.00,846.19,362.90,632.95,877.42,30.50,69.50,1.00,1.00,19073.47,18455.78,18535.78,19083.47,30,69,69,30,63993.51,63953.42,,
2026-07-24T23:00:23+08:00,btc-updown-5m-1784905200,https://polymarket.com/zh/event/btc-updown-5m-1784905200,23:00-23:05,31.00,70.00,30.00,69.00,154.39,1221.11,1570.57,189.71,30.50,69.50,1.00,1.00,18993.47,18551.78,18120.78,18733.47,30,69,69,30,63993.51,63953.06,,
2026-07-24T23:00:25+08:00,btc-updown-5m-1784905200,https://polymarket.com/zh/event/btc-updown-5m-1784905200,23:00-23:05,35.00,66.00,34.00,65.00,359.23,615.51,382.31,344.23,34.50,65.50,1.00,1.00,18568.47,18050.78,17935.78,18558.47,34,65,65,34,63993.51,63953.06,,
2026-07-24T23:00:27+08:00,btc-updown-5m-1784905200,https://polymarket.com/zh/event/btc-updown-5m-1784905200,23:00-23:05,35.00,66.00,34.00,65.00,602.67,783.44,421.67,399.17,34.50,65.50,1.00,1.00,18817.07,17915.78,17920.78,18949.76,34,65,65,34,63993.51,63962.79,,
2026-07-24T23:00:29+08:00,btc-updown-5m-1784905200,https://polymarket.com/zh/event/btc-updown-5m-1784905200,23:00-23:05,35.00,66.00,34.00,65.00,283.72,637.02,644.12,281.90,34.50,65.50,1.00,1.00,20926.46,18243.07,18173.07,21189.06,34,65,65,34,63993.51,63962.63,,
2026-07-24T23:00:31+08:00,btc-updown-5m-1784905200,https://polymarket.com/zh/event/btc-updown-5m-1784905200,23:00-23:05,35.00,66.00,34.00,65.00,257.27,684.41,685.79,264.96,34.50,65.50,1.00,1.00,20701.05,17879.06,17893.07,20686.05,34,65,65,34,63993.51,63962.63,,
2026-07-24T23:00:33+08:00,btc-updown-5m-1784905200,https://polymarket.com/zh/event/btc-updown-5m-1784905200,23:00-23:05,36.00,65.00,35.00,64.00,503.91,1429.96,1386.38,498.77,35.50,64.50,1.00,1.00,20728.45,17707.36,17732.37,20733.45,35,64,64,35,63993.51,63967.00,,
2026-07-24T23:00:35+08:00,btc-updown-5m-1784905200,https://polymarket.com/zh/event/btc-updown-5m-1784905200,23:00-23:05,39.00,62.00,38.00,61.00,1673.27,5.00,5.00,1969.76,38.50,61.50,1.00,1.00,20775.11,17843.77,17733.76,20775.11,38,61,61,38,63993.51,63971.19,,
2026-07-24T23:00:37+08:00,btc-updown-5m-1784905200,https://polymarket.com/zh/event/btc-updown-5m-1784905200,23:00-23:05,30.00,71.00,29.00,70.00,775.64,432.21,150.00,633.18,29.50,70.50,1.00,1.00,20658.45,18009.77,17919.77,20668.45,29,70,70,29,63993.51,63963.37,,
2026-07-24T23:00:39+08:00,btc-updown-5m-1784905200,https://polymarket.com/zh/event/btc-updown-5m-1784905200,23:00-23:05,30.00,71.00,29.00,70.00,713.65,2569.48,344.97,120.85,29.50,70.50,1.00,1.00,18643.45,17899.76,17925.76,20648.45,29,70,70,29,63993.51,63955.01,,
2026-07-24T23:00:41+08:00,btc-updown-5m-1784905200,https://polymarket.com/zh/event/btc-updown-5m-1784905200,23:00-23:05,30.00,71.00,29.00,70.00,756.91,250.00,240.00,702.91,29.50,70.50,1.00,1.00,20718.45,18012.25,18126.26,20663.45,29,70,70,29,63993.51,63958.17,,
2026-07-24T23:00:43+08:00,btc-updown-5m-1784905200,https://polymarket.com/zh/event/btc-updown-5m-1784905200,23:00-23:05,30.00,71.00,29.00,70.00,73.83,3115.74,2904.46,10.00,29.50,70.50,1.00,1.00,18718.45,18042.26,18043.25,18723.45,29,70,70,29,63993.51,63955.01,,
2026-07-24T23:00:45+08:00,btc-updown-5m-1784905200,https://polymarket.com/zh/event/btc-updown-5m-1784905200,23:00-23:05,32.00,69.00,31.00,68.00,402.74,1393.23,1350.49,402.74,31.50,68.50,1.00,1.00,18728.45,18047.26,17963.25,18743.45,31,68,68,31,63993.51,63959.79,,
2026-07-24T23:00:47+08:00,btc-updown-5m-1784905200,https://polymarket.com/zh/event/btc-updown-5m-1784905200,23:00-23:05,34.00,68.00,33.00,67.00,1385.85,480.00,5.00,1272.06,33.50,67.50,1.00,1.00,20498.45,17883.25,17902.26,20618.45,33,66,67,32,63993.51,63959.79,,
2026-07-24T23:00:49+08:00,btc-updown-5m-1784905200,https://polymarket.com/zh/event/btc-updown-5m-1784905200,23:00-23:05,32.00,69.00,31.00,68.00,1173.62,409.74,330.99,1083.42,31.50,68.50,1.00,1.00,18598.45,17888.25,17997.26,18618.45,31,68,68,31,63993.51,63959.79,,
2026-07-24T23:00:51+08:00,btc-updown-5m-1784905200,https://polymarket.com/zh/event/btc-updown-5m-1784905200,23:00-23:05,32.00,69.00,31.00,68.00,330.87,1646.82,1632.68,330.87,31.50,68.50,1.00,1.00,18701.45,18100.26,18016.25,18716.45,31,68,68,31,63993.51,63963.35,,
2026-07-24T23:00:53+08:00,btc-updown-5m-1784905200,https://polymarket.com/zh/event/btc-updown-5m-1784905200,23:00-23:05,32.00,69.00,31.00,68.00,213.59,2952.13,2411.72,28.35,31.50,68.50,1.00,1.00,18471.45,17790.26,17690.25,18481.45,31,68,68,31,63993.51,63964.83,,
2026-07-24T23:00:55+08:00,btc-updown-5m-1784905200,https://polymarket.com/zh/event/btc-updown-5m-1784905200,23:00-23:05,35.00,66.00,34.00,65.00,1494.83,260.00,225.00,1249.83,34.50,65.50,1.00,1.00,20436.45,17751.25,17860.25,20456.45,34,65,65,34,63993.51,63967.02,,
2026-07-24T23:00:57+08:00,btc-updown-5m-1784905200,https://polymarket.com/zh/event/btc-updown-5m-1784905200,23:00-23:05,35.00,66.00,34.00,65.00,370.54,1060.79,1083.20,375.54,34.50,65.50,1.00,1.00,20216.45,17636.25,17630.25,20216.45,34,65,65,34,63993.51,63967.03,,
2026-07-24T23:00:59+08:00,btc-updown-5m-1784905200,https://polymarket.com/zh/event/btc-updown-5m-1784905200,23:00-23:05,38.00,63.00,37.00,62.00,1211.00,410.74,179.00,1190.29,37.50,62.50,1.00,1.00,20116.45,17451.25,17231.25,19991.45,37,62,62,37,63993.51,63968.09,,
2026-07-24T23:01:01+08:00,btc-updown-5m-1784905200,https://polymarket.com/zh/event/btc-updown-5m-1784905200,23:00-23:05,38.00,62.00,37.00,61.00,13.82,988.90,1437.65,45.00,37.50,61.50,1.00,1.00,23981.45,22225.25,22236.26,24286.45,37,62,61,38,63993.51,63971.09,,
2026-07-24T23:01:03+08:00,btc-updown-5m-1784905200,https://polymarket.com/zh/event/btc-updown-5m-1784905200,23:00-23:05,45.00,56.00,44.00,55.00,161.37,1523.81,881.37,141.47,44.50,55.50,1.00,1.00,24341.45,21977.26,21872.26,24346.45,44,55,55,44,63993.51,63986.56,,
2026-07-24T23:01:05+08:00,btc-updown-5m-1784905200,https://polymarket.com/zh/event/btc-updown-5m-1784905200,23:00-23:05,36.00,65.00,35.00,64.00,857.42,682.29,384.35,392.87,35.50,64.50,1.00,1.00,23251.45,22038.25,21843.25,23241.45,35,64,64,35,63993.51,63971.10,,
2026-07-24T23:01:07+08:00,btc-updown-5m-1784905200,https://polymarket.com/zh/event/btc-updown-5m-1784905200,23:00-23:05,41.00,60.00,39.00,59.00,197.14,674.36,508.45,251.00,40.00,59.50,2.00,1.00,24063.45,21712.25,21816.25,24368.45,39,59,59,40,63993.51,63974.94,,
2026-07-24T23:01:09+08:00,btc-updown-5m-1784905200,https://polymarket.com/zh/event/btc-updown-5m-1784905200,23:00-23:05,36.00,65.00,35.00,64.00,607.06,320.07,468.45,801.56,35.50,64.50,1.00,1.00,22168.45,21436.25,21442.25,22173.45,35,64,64,35,63993.51,63969.13,,
2026-07-24T23:01:11+08:00,btc-updown-5m-1784905200,https://polymarket.com/zh/event/btc-updown-5m-1784905200,23:00-23:05,30.00,72.00,28.00,71.00,105.00,51.75,2.99,246.66,29.00,71.50,2.00,1.00,18118.45,21352.26,21541.25,18163.45,28,70,71,28,63993.51,63969.12,,
2026-07-24T23:01:13+08:00,btc-updown-5m-1784905200,https://polymarket.com/zh/event/btc-updown-5m-1784905200,23:00-23:05,29.00,72.00,28.00,71.00,281.64,616.29,670.00,383.18,28.50,71.50,1.00,1.00,18193.45,21546.25,21447.26,18193.45,28,71,71,28,63993.51,63956.34,,
2026-07-24T23:01:15+08:00,btc-updown-5m-1784905200,https://polymarket.com/zh/event/btc-updown-5m-1784905200,23:00-23:05,30.00,71.00,29.00,70.00,57.04,2522.33,2596.05,36.49,29.50,70.50,1.00,1.00,18138.45,21432.25,21526.25,18143.45,29,70,70,29,63993.51,63955.64,,
2026-07-24T23:01:17+08:00,btc-updown-5m-1784905200,https://polymarket.com/zh/event/btc-updown-5m-1784905200,23:00-23:05,30.00,71.00,29.00,70.00,69.51,1082.27,1071.39,74.51,29.50,70.50,1.00,1.00,18148.45,21536.26,21437.25,18138.45,29,70,70,29,63993.51,63957.37,,
2026-07-24T23:01:19+08:00,btc-updown-5m-1784905200,https://polymarket.com/zh/event/btc-updown-5m-1784905200,23:00-23:05,30.00,71.00,29.00,70.00,496.94,809.49,814.16,488.35,29.50,70.50,1.00,1.00,16143.45,21427.25,21526.25,16143.45,29,70,70,29,63993.51,63957.36,,
2026-07-24T23:01:21+08:00,btc-updown-5m-1784905200,https://polymarket.com/zh/event/btc-updown-5m-1784905200,23:00-23:05,30.00,71.00,29.00,70.00,566.63,472.13,472.13,616.63,29.50,70.50,1.00,1.00,16143.45,21521.25,21542.25,16143.45,29,70,70,29,63993.51,63956.35,,
2026-07-24T23:01:23+08:00,btc-updown-5m-1784905200,https://polymarket.com/zh/event/btc-updown-5m-1784905200,23:00-23:05,31.00,70.00,30.00,69.00,696.12,518.05,718.05,696.12,30.50,69.50,1.00,1.00,16153.45,21326.26,21352.25,16158.45,30,69,69,30,63993.51,63956.40,,
2026-07-24T23:01:25+08:00,btc-updown-5m-1784905200,https://polymarket.com/zh/event/btc-updown-5m-1784905200,23:00-23:05,30.00,71.00,29.00,70.00,818.53,438.00,676.00,1173.53,29.50,70.50,1.00,1.00,16183.45,21431.26,21432.25,16183.45,29,70,70,29,63993.51,63957.75,,
2026-07-24T23:01:27+08:00,btc-updown-5m-1784905200,https://polymarket.com/zh/event/btc-updown-5m-1784905200,23:00-23:05,29.00,72.00,28.00,71.00,1201.83,34.97,44.97,1326.83,28.50,71.50,1.00,1.00,16183.45,21441.26,21442.25,16178.45,28,71,71,28,63993.51,63957.76,,
2026-07-24T23:01:29+08:00,btc-updown-5m-1784905200,https://polymarket.com/zh/event/btc-updown-5m-1784905200,23:00-23:05,25.00,76.00,24.00,75.00,350.64,532.21,900.08,1416.92,24.50,75.50,1.00,1.00,16193.45,21521.25,21447.25,16293.45,24,75,75,24,63993.51,63952.95,,
2026-07-24T23:01:31+08:00,btc-updown-5m-1784905200,https://polymarket.com/zh/event/btc-updown-5m-1784905200,23:00-23:05,25.00,76.00,24.00,75.00,283.72,1659.58,1646.78,288.72,24.50,75.50,1.00,1.00,16388.45,21431.26,21452.25,16388.45,24,75,75,24,63993.51,63951.75,,
2026-07-24T23:01:33+08:00,btc-updown-5m-1784905200,https://polymarket.com/zh/event/btc-updown-5m-1784905200,23:00-23:05,26.00,75.00,25.00,74.00,1070.70,1424.08,366.07,15.00,25.50,74.50,1.00,1.00,16388.45,21332.25,21442.25,16388.45,25,74,74,25,63993.51,63951.75,,
2026-07-24T23:01:35+08:00,btc-updown-5m-1784905200,https://polymarket.com/zh/event/btc-updown-5m-1784905200,23:00-23:05,26.00,75.00,25.00,74.00,1433.75,40.00,217.98,1433.61,25.50,74.50,1.00,1.00,16378.45,21426.25,21421.25,16378.45,25,74,74,25,63993.51,63950.15,,
2026-07-24T23:01:37+08:00,btc-updown-5m-1784905200,https://polymarket.com/zh/event/btc-updown-5m-1784905200,23:00-23:05,23.00,78.00,22.00,77.00,1941.72,107.29,184.04,2053.87,22.50,77.50,1.00,1.00,16373.45,21332.25,21331.25,16368.45,22,77,77,22,63993.51,63944.02,,
2026-07-24T23:01:39+08:00,btc-updown-5m-1784905200,https://polymarket.com/zh/event/btc-updown-5m-1784905200,23:00-23:05,19.00,82.00,18.00,81.00,1242.47,208.00,263.00,1873.56,18.50,81.50,1.00,1.00,17644.45,21421.25,21431.25,17649.45,18,81,81,18,63993.51,63936.28,,
2026-07-24T23:01:41+08:00,btc-updown-5m-1784905200,https://polymarket.com/zh/event/btc-updown-5m-1784905200,23:00-23:05,24.00,76.00,23.00,75.00,37.66,330.75,926.34,486.08,23.50,75.50,1.00,1.00,19136.45,21272.26,21366.26,19051.45,23,76,75,24,63993.51,63948.71,,
2026-07-24T23:01:43+08:00,btc-updown-5m-1784905200,https://polymarket.com/zh/event/btc-updown-5m-1784905200,23:00-23:05,26.00,75.00,25.00,74.00,724.08,935.59,1392.59,758.08,25.50,74.50,1.00,1.00,19146.45,21066.25,21166.25,19141.45,25,74,74,25,63993.51,63951.74,,
2026-07-24T23:01:45+08:00,btc-updown-5m-1784905200,https://polymarket.com/zh/event/btc-updown-5m-1784905200,23:00-23:05,26.00,75.00,25.00,74.00,1135.83,71.00,689.92,1830.02,25.50,74.50,1.00,1.00,19126.45,21066.25,21181.26,19151.45,25,74,74,25,63993.51,63954.99,,
2026-07-24T23:01:47+08:00,btc-updown-5m-1784905200,https://polymarket.com/zh/event/btc-updown-5m-1784905200,23:00-23:05,25.00,79.00,24.00,78.00,2471.82,514.18,9.84,100.00,24.50,78.50,1.00,1.00,19181.45,21177.51,21282.52,19201.45,24,75,78,21,63993.51,63947.09,,
2026-07-24T23:01:49+08:00,btc-updown-5m-1784905200,https://polymarket.com/zh/event/btc-updown-5m-1784905200,23:00-23:05,20.00,81.00,19.00,80.00,1026.67,648.10,659.55,1016.67,19.50,80.50,1.00,1.00,19131.45,21278.51,21282.51,19131.45,19,80,80,19,63993.51,63939.20,,
2026-07-24T23:01:51+08:00,btc-updown-5m-1784905200,https://polymarket.com/zh/event/btc-updown-5m-1784905200,23:00-23:05,20.00,81.00,19.00,80.00,1870.56,179.22,203.04,1656.70,19.50,80.50,1.00,1.00,19151.45,21302.51,21318.51,19081.45,19,80,80,19,63993.51,63937.89,,
2026-07-24T23:01:53+08:00,btc-updown-5m-1784905200,https://polymarket.com/zh/event/btc-updown-5m-1784905200,23:00-23:05,20.00,83.00,19.00,82.00,2094.20,225.11,4.33,786.45,19.50,82.50,1.00,1.00,19572.45,21202.51,21303.51,18941.45,19,80,82,17,63993.51,63936.28,,
2026-07-24T23:01:55+08:00,btc-updown-5m-1784905200,https://polymarket.com/zh/event/btc-updown-5m-1784905200,23:00-23:05,18.00,83.00,17.00,82.00,1212.48,465.17,465.17,1212.48,17.50,82.50,1.00,1.00,19186.45,21239.51,21328.51,19186.45,17,82,82,17,63993.51,63933.83,,
2026-07-24T23:01:57+08:00,btc-updown-5m-1784905200,https://polymarket.com/zh/event/btc-updown-5m-1784905200,23:00-23:05,18.00,83.00,17.00,82.00,1377.09,369.75,376.96,1365.91,17.50,82.50,1.00,1.00,19091.45,21333.51,21234.51,19086.45,17,82,82,17,63993.51,63933.82,,
2026-07-24T23:01:59+08:00,btc-updown-5m-1784905200,https://polymarket.com/zh/event/btc-updown-5m-1784905200,23:00-23:05,17.00,84.00,16.00,83.00,815.23,268.00,70.00,863.01,16.50,83.50,1.00,1.00,20941.45,21323.51,21068.51,20931.45,16,83,83,16,63993.51,63933.82,,
2026-07-24T23:02:01+08:00,btc-updown-5m-1784905200,https://polymarket.com/zh/event/btc-updown-5m-1784905200,23:00-23:05,16.00,85.00,15.00,84.00,61.48,1950.79,2177.04,61.48,15.50,84.50,1.00,1.00,22104.79,20821.85,20727.85,22159.79,15,84,84,15,63993.51,63929.53,,
2026-07-24T23:02:03+08:00,btc-updown-5m-1784905200,https://polymarket.com/zh/event/btc-updown-5m-1784905200,23:00-23:05,18.00,83.00,17.00,82.00,1633.00,103.00,109.97,1801.16,17.50,82.50,1.00,1.00,20872.79,20842.85,20837.85,20692.79,17,82,82,17,63993.51,63935.70,,
2026-07-24T23:02:05+08:00,btc-updown-5m-1784905200,https://polymarket.com/zh/event/btc-updown-5m-1784905200,23:00-23:05,16.00,85.00,15.00,84.00,2133.03,55.51,55.51,2338.05,15.50,84.50,1.00,1.00,20611.44,20852.85,20837.85,20606.44,15,84,84,15,63993.51,63933.89,,
2026-07-24T23:02:07+08:00,btc-updown-5m-1784905200,https://polymarket.com/zh/event/btc-updown-5m-1784905200,23:00-23:05,15.00,86.00,14.00,85.00,1948.70,111.32,121.84,1810.80,14.50,85.50,1.00,1.00,20103.44,20247.85,20246.85,20120.19,14,85,85,14,63993.51,63929.16,,
2026-07-24T23:02:09+08:00,btc-updown-5m-1784905200,https://polymarket.com/zh/event/btc-updown-5m-1784905200,23:00-23:05,15.00,86.00,14.00,85.00,1745.40,178.87,168.79,1568.65,14.50,85.50,1.00,1.00,20099.44,20236.85,20237.85,20136.19,14,85,85,14,63993.51,63929.15,,
2026-07-24T23:02:11+08:00,btc-updown-5m-1784905200,https://polymarket.com/zh/event/btc-updown-5m-1784905200,23:00-23:05,15.00,86.00,14.00,85.00,979.19,445.56,461.73,1011.84,14.50,85.50,1.00,1.00,20206.79,20136.85,20131.85,20250.42,14,85,85,14,63993.51,63929.14,,
2026-07-24T23:02:13+08:00,btc-updown-5m-1784905200,https://polymarket.com/zh/event/btc-updown-5m-1784905200,23:00-23:05,16.00,85.00,15.00,84.00,1110.98,75.80,173.93,1210.26,15.50,84.50,1.00,1.00,22020.54,20151.85,20232.85,22025.54,15,84,84,15,63993.51,63933.33,,
2026-07-24T23:02:15+08:00,btc-updown-5m-1784905200,https://polymarket.com/zh/event/btc-updown-5m-1784905200,23:00-23:05,14.00,87.00,13.00,86.00,1577.55,482.08,212.14,1189.21,13.50,86.50,1.00,1.00,21876.32,20147.85,20241.85,21849.29,13,86,86,13,63993.51,63931.66,,
2026-07-24T23:02:17+08:00,btc-updown-5m-1784905200,https://polymarket.com/zh/event/btc-updown-5m-1784905200,23:00-23:05,16.00,85.00,15.00,84.00,999.52,266.95,266.95,1070.78,15.50,84.50,1.00,1.00,21860.42,20236.85,20226.85,21875.54,15,84,84,15,63993.51,63935.92,,
2026-07-24T23:02:19+08:00,btc-updown-5m-1784905200,https://polymarket.com/zh/event/btc-updown-5m-1784905200,23:00-23:05,13.00,88.00,12.00,87.00,854.68,375.23,518.55,1238.35,12.50,87.50,1.00,1.00,21787.95,20126.85,20131.86,21802.95,12,87,87,12,63993.51,63926.94,,
2026-07-24T23:02:21+08:00,btc-updown-5m-1784905200,https://polymarket.com/zh/event/btc-updown-5m-1784905200,23:00-23:05,13.00,88.00,12.00,87.00,1392.35,219.89,219.89,1354.10,12.50,87.50,1.00,1.00,21666.70,20231.85,20137.85,21676.58,12,87,87,12,63993.51,63926.94,,
2026-07-24T23:02:23+08:00,btc-updown-5m-1784905200,https://polymarket.com/zh/event/btc-updown-5m-1784905200,23:00-23:05,11.00,90.00,10.00,89.00,1372.74,441.60,1254.54,1784.67,10.50,89.50,1.00,1.00,22572.29,20221.85,20241.85,22948.36,10,89,89,10,63993.51,63923.47,,
2026-07-24T23:02:25+08:00,btc-updown-5m-1784905200,https://polymarket.com/zh/event/btc-updown-5m-1784905200,23:00-23:05,13.00,88.00,12.00,87.00,540.36,485.56,485.56,548.46,12.50,87.50,1.00,1.00,22724.05,20241.85,20121.86,22774.05,12,87,87,12,63993.51,63928.52,,
2026-07-24T23:02:27+08:00,btc-updown-5m-1784905200,https://polymarket.com/zh/event/btc-updown-5m-1784905200,23:00-23:05,13.00,88.00,12.00,87.00,1001.08,225.37,230.37,1024.31,12.50,87.50,1.00,1.00,22678.09,20101.86,20096.85,22688.09,12,87,87,12,63993.51,63928.52,,
2026-07-24T23:02:29+08:00,btc-updown-5m-1784905200,https://polymarket.com/zh/event/btc-updown-5m-1784905200,23:00-23:05,11.00,90.00,10.00,89.00,828.64,247.30,185.00,847.64,10.50,89.50,1.00,1.00,23471.23,20101.85,20112.85,23296.23,10,89,89,10,63993.51,63922.32,,
2026-07-24T23:02:31+08:00,btc-updown-5m-1784905200,https://polymarket.com/zh/event/btc-updown-5m-1784905200,23:00-23:05,11.00,90.00,10.00,89.00,1309.99,102.77,67.77,1365.32,10.50,89.50,1.00,1.00,22655.73,19526.35,19232.35,22500.73,10,89,89,10,63993.51,63922.33,,
2026-07-24T23:02:33+08:00,btc-updown-5m-1784905200,https://polymarket.com/zh/event/btc-updown-5m-1784905200,23:00-23:05,11.00,91.00,10.00,90.00,788.52,150.60,208.66,1157.54,10.50,90.50,1.00,1.00,22410.86,19242.36,19346.37,19292.50,10,89,90,9,63993.51,63917.54,,
2026-07-24T23:02:35+08:00,btc-updown-5m-1784905200,https://polymarket.com/zh/event/btc-updown-5m-1784905200,23:00-23:05,9.00,92.00,8.00,91.00,2696.04,107.25,112.02,2727.81,8.50,91.50,1.00,1.00,22821.90,19246.36,19236.35,22898.21,8,91,91,8,63993.51,63906.91,,
2026-07-24T23:02:37+08:00,btc-updown-5m-1784905200,https://polymarket.com/zh/event/btc-updown-5m-1784905200,23:00-23:05,8.00,93.00,7.00,92.00,709.26,936.45,806.59,656.76,7.50,92.50,1.00,1.00,22545.81,17517.35,17511.35,22515.81,7,92,92,7,63993.51,63914.87,,
2026-07-24T23:02:39+08:00,btc-updown-5m-1784905200,https://polymarket.com/zh/event/btc-updown-5m-1784905200,23:00-23:05,8.00,93.00,7.00,92.00,894.32,491.92,491.92,899.32,7.50,92.50,1.00,1.00,22598.81,17606.35,17607.35,22732.19,7,92,92,7,63993.51,63914.88,,
2026-07-24T23:02:41+08:00,btc-updown-5m-1784905200,https://polymarket.com/zh/event/btc-updown-5m-1784905200,23:00-23:05,8.00,93.00,7.00,92.00,1402.05,242.56,230.45,1099.05,7.50,92.50,1.00,1.00,22661.02,17507.35,17516.36,22758.02,7,92,92,7,63993.51,63911.19,,
2026-07-24T23:02:43+08:00,btc-updown-5m-1784905200,https://polymarket.com/zh/event/btc-updown-5m-1784905200,23:00-23:05,8.00,93.00,7.00,92.00,1017.23,171.19,175.43,1017.23,7.50,92.50,1.00,1.00,22742.66,17496.35,17611.36,22792.66,7,92,92,7,63993.51,63912.78,,
2026-07-24T23:02:45+08:00,btc-updown-5m-1784905200,https://polymarket.com/zh/event/btc-updown-5m-1784905200,23:00-23:05,8.00,93.00,7.00,92.00,1588.00,56.64,72.02,1928.48,7.50,92.50,1.00,1.00,22553.74,17601.35,17611.35,22498.74,7,92,92,7,63993.51,63909.00,,
2026-07-24T23:02:47+08:00,btc-updown-5m-1784905200,https://polymarket.com/zh/event/btc-updown-5m-1784905200,23:00-23:05,8.00,93.00,7.00,92.00,750.57,903.14,965.40,802.58,7.50,92.50,1.00,1.00,22444.37,17421.35,17431.35,22429.37,7,92,92,7,63993.51,63910.00,,
2026-07-24T23:02:49+08:00,btc-updown-5m-1784905200,https://polymarket.com/zh/event/btc-updown-5m-1784905200,23:00-23:05,7.00,94.00,6.00,93.00,333.67,1418.41,1448.11,641.11,6.50,93.50,1.00,1.00,22506.71,17496.35,17596.35,22532.71,6,93,93,6,63993.51,63916.26,,
2026-07-24T23:02:51+08:00,btc-updown-5m-1784905200,https://polymarket.com/zh/event/btc-updown-5m-1784905200,23:00-23:05,7.00,94.00,6.00,93.00,2264.15,194.21,207.48,2264.15,6.50,93.50,1.00,1.00,20416.22,17602.35,17616.35,19358.93,6,93,93,6,63993.51,63916.25,,
2026-07-24T23:02:53+08:00,btc-updown-5m-1784905200,https://polymarket.com/zh/event/btc-updown-5m-1784905200,23:00-23:05,7.00,94.00,6.00,93.00,1223.15,261.92,563.14,1539.27,6.50,93.50,1.00,1.00,22510.32,17452.35,17506.35,22543.32,6,93,93,6,63993.51,63909.19,,
2026-07-24T23:02:55+08:00,btc-updown-5m-1784905200,https://polymarket.com/zh/event/btc-updown-5m-1784905200,23:00-23:05,7.00,94.00,6.00,93.00,1956.76,85.37,142.51,1675.51,6.50,93.50,1.00,1.00,20817.75,17505.35,17404.35,21396.23,6,93,93,6,63993.51,63913.88,,
2026-07-24T23:02:57+08:00,btc-updown-5m-1784905200,https://polymarket.com/zh/event/btc-updown-5m-1784905200,23:00-23:05,6.00,95.00,5.00,94.00,536.55,1715.81,1680.81,624.55,5.50,94.50,1.00,1.00,21271.59,17489.35,17474.35,21301.59,5,94,94,5,63993.51,63913.88,,
2026-07-24T23:02:59+08:00,btc-updown-5m-1784905200,https://polymarket.com/zh/event/btc-updown-5m-1784905200,23:00-23:05,6.00,95.00,5.00,94.00,855.97,330.90,338.48,870.97,5.50,94.50,1.00,1.00,19876.31,17310.35,17420.35,20054.93,5,94,94,5,63993.51,63913.88,,
2026-07-24T23:03:01+08:00,btc-updown-5m-1784905200,https://polymarket.com/zh/event/btc-updown-5m-1784905200,23:00-23:05,5.00,96.00,4.00,95.00,611.49,1462.26,1484.49,668.09,4.50,95.50,1.00,1.00,18864.20,17323.25,17317.26,18846.97,4,95,95,4,63993.51,63913.88,,
2026-07-24T23:03:03+08:00,btc-updown-5m-1784905200,https://polymarket.com/zh/event/btc-updown-5m-1784905200,23:00-23:05,5.00,96.00,4.00,95.00,1557.67,2555.51,475.25,353.13,4.50,95.50,1.00,1.00,17574.01,17412.25,17433.25,19343.06,4,95,95,4,63993.51,63909.88,,
2026-07-24T23:03:05+08:00,btc-updown-5m-1784905200,https://polymarket.com/zh/event/btc-updown-5m-1784905200,23:00-23:05,19.00,83.00,17.00,82.00,478.71,19.58,32.69,837.41,18.00,82.50,2.00,1.00,20859.98,17358.26,17368.26,18371.62,15,81,82,16,63993.51,63936.75,,
2026-07-24T23:03:07+08:00,btc-updown-5m-1784905200,https://polymarket.com/zh/event/btc-updown-5m-1784905200,23:00-23:05,9.00,92.00,8.00,91.00,1187.34,87.55,97.78,1210.72,8.50,91.50,1.00,1.00,19708.93,17427.25,17432.25,19889.23,8,91,91,8,63993.51,63918.31,,
2026-07-24T23:03:09+08:00,btc-updown-5m-1784905200,https://polymarket.com/zh/event/btc-updown-5m-1784905200,23:00-23:05,9.00,92.00,8.00,91.00,818.81,25.00,75.00,984.41,8.50,91.50,1.00,1.00,20873.00,17367.25,17352.25,21174.32,8,91,91,8,63993.51,63917.80,,
2026-07-24T23:03:11+08:00,btc-updown-5m-1784905200,https://polymarket.com/zh/event/btc-updown-5m-1784905200,23:00-23:05,7.00,94.00,6.00,93.00,781.80,501.07,513.37,776.80,6.50,93.50,1.00,1.00,20297.01,17347.26,17333.25,20750.76,6,93,93,6,63993.51,63914.42,,
2026-07-24T23:03:13+08:00,btc-updown-5m-1784905200,https://polymarket.com/zh/event/btc-updown-5m-1784905200,23:00-23:05,6.00,95.00,5.00,94.00,127.41,1115.44,1144.24,122.55,5.50,94.50,1.00,1.00,20470.68,17437.26,17332.25,19926.88,5,94,94,5,63993.51,63913.29,,
2026-07-24T23:03:15+08:00,btc-updown-5m-1784905200,https://polymarket.com/zh/event/btc-updown-5m-1784905200,23:00-23:05,7.00,94.00,6.00,93.00,1488.21,311.57,311.57,1483.77,6.50,93.50,1.00,1.00,19912.30,17427.25,17343.25,19947.30,6,93,93,6,63993.51,63916.80,,
2026-07-24T23:03:17+08:00,btc-updown-5m-1784905200,https://polymarket.com/zh/event/btc-updown-5m-1784905200,23:00-23:05,7.00,94.00,6.00,93.00,686.01,545.15,537.46,962.17,6.50,93.50,1.00,1.00,20158.88,17538.25,17277.26,20482.89,6,93,93,6,63993.51,63916.79,,
2026-07-24T23:03:19+08:00,btc-updown-5m-1784905200,https://polymarket.com/zh/event/btc-updown-5m-1784905200,23:00-23:05,6.00,95.00,5.00,94.00,218.44,84.98,59.98,480.32,5.50,94.50,1.00,1.00,17969.42,17317.25,17402.25,18042.42,5,94,94,5,63993.51,63915.80,,
2026-07-24T23:03:21+08:00,btc-updown-5m-1784905200,https://polymarket.com/zh/event/btc-updown-5m-1784905200,23:00-23:05,7.00,94.00,6.00,93.00,1510.70,6.58,36.58,1525.70,6.50,93.50,1.00,1.00,17725.85,17387.25,17393.25,17805.16,6,93,93,6,63993.51,63916.20,,
2026-07-24T23:03:23+08:00,btc-updown-5m-1784905200,https://polymarket.com/zh/event/btc-updown-5m-1784905200,23:00-23:05,5.00,96.00,4.00,95.00,1135.24,725.11,725.11,1173.04,4.50,95.50,1.00,1.00,12279.39,17382.25,17297.26,12279.39,4,95,95,4,63993.51,63909.38,,
2026-07-24T23:03:25+08:00,btc-updown-5m-1784905200,https://polymarket.com/zh/event/btc-updown-5m-1784905200,23:00-23:05,5.00,96.00,4.00,95.00,1157.58,368.31,351.19,1064.58,4.50,95.50,1.00,1.00,11101.83,17382.26,17283.25,11118.95,4,95,95,4,63993.51,63900.47,,
2026-07-24T23:03:27+08:00,btc-updown-5m-1784905200,https://polymarket.com/zh/event/btc-updown-5m-1784905200,23:00-23:05,5.00,96.00,4.00,95.00,892.37,338.54,383.54,784.54,4.50,95.50,1.00,1.00,11021.87,17267.25,17277.25,10916.87,4,95,95,4,63993.51,63903.83,,
2026-07-24T23:03:29+08:00,btc-updown-5m-1784905200,https://polymarket.com/zh/event/btc-updown-5m-1784905200,23:00-23:05,5.00,96.00,4.00,95.00,1598.70,263.58,295.66,2042.53,4.50,95.50,1.00,1.00,10085.37,17268.25,17377.25,9752.60,4,95,95,4,63993.51,63900.54,,
2026-07-24T23:03:31+08:00,btc-updown-5m-1784905200,https://polymarket.com/zh/event/btc-updown-5m-1784905200,23:00-23:05,4.00,97.00,3.00,96.00,976.53,681.72,731.72,991.73,3.50,96.50,1.00,1.00,8466.30,17198.91,17034.91,8346.30,3,96,96,3,63993.51,63898.97,,
2026-07-24T23:03:33+08:00,btc-updown-5m-1784905200,https://polymarket.com/zh/event/btc-updown-5m-1784905200,23:00-23:05,4.00,97.00,3.00,96.00,143.93,2021.61,2062.27,103.93,3.50,96.50,1.00,1.00,10186.64,17133.92,17034.91,10655.98,3,96,96,3,63993.51,63914.23,,
2026-07-24T23:03:35+08:00,btc-updown-5m-1784905200,https://polymarket.com/zh/event/btc-updown-5m-1784905200,23:00-23:05,6.00,95.00,5.00,94.00,52.98,830.23,835.76,52.98,5.50,94.50,1.00,1.00,14803.21,16963.92,17069.91,15417.68,5,94,94,5,63993.51,63921.58,,
2026-07-24T23:03:37+08:00,btc-updown-5m-1784905200,https://polymarket.com/zh/event/btc-updown-5m-1784905200,23:00-23:05,9.00,93.00,8.00,91.00,189.05,50.29,161.87,1070.75,8.50,92.00,1.00,2.00,17947.26,17078.91,17084.91,18258.06,8,91,91,7,63993.51,63928.39,,
2026-07-24T23:03:39+08:00,btc-updown-5m-1784905200,https://polymarket.com/zh/event/btc-updown-5m-1784905200,23:00-23:05,4.00,97.00,3.00,96.00,180.93,1157.13,1223.72,133.34,3.50,96.50,1.00,1.00,10382.11,17028.91,17153.92,10260.52,3,96,96,3,63993.51,63913.05,,
2026-07-24T23:03:41+08:00,btc-updown-5m-1784905200,https://polymarket.com/zh/event/btc-updown-5m-1784905200,23:00-23:05,4.00,97.00,3.00,96.00,670.28,798.22,812.66,685.28,3.50,96.50,1.00,1.00,9307.36,17039.91,17118.92,9277.92,3,96,96,3,63993.51,63912.11,,
2026-07-24T23:03:43+08:00,btc-updown-5m-1784905200,https://polymarket.com/zh/event/btc-updown-5m-1784905200,23:00-23:05,4.00,97.00,3.00,96.00,778.55,772.23,752.23,793.55,3.50,96.50,1.00,1.00,9241.93,17119.91,17123.92,9271.93,3,96,96,3,63993.51,63910.99,,
2026-07-24T23:03:45+08:00,btc-updown-5m-1784905200,https://polymarket.com/zh/event/btc-updown-5m-1784905200,23:00-23:05,4.00,97.00,3.00,96.00,954.48,612.87,353.82,883.70,3.50,96.50,1.00,1.00,7712.73,17104.76,17203.77,8161.78,3,96,96,3,63993.51,63908.75,,
2026-07-24T23:03:47+08:00,btc-updown-5m-1784905200,https://polymarket.com/zh/event/btc-updown-5m-1784905200,23:00-23:05,4.00,97.00,3.00,96.00,1101.74,318.76,318.76,1112.99,3.50,96.50,1.00,1.00,7557.63,17102.76,17087.76,7572.63,3,96,96,3,63993.51,63908.73,,
2026-07-24T23:03:49+08:00,btc-updown-5m-1784905200,https://polymarket.com/zh/event/btc-updown-5m-1784905200,23:00-23:05,4.00,97.00,3.00,96.00,1036.02,654.66,659.66,1036.02,3.50,96.50,1.00,1.00,8043.53,17092.76,17207.77,8038.53,3,96,96,3,63993.51,63908.73,,
2026-07-24T23:03:51+08:00,btc-updown-5m-1784905200,https://polymarket.com/zh/event/btc-updown-5m-1784905200,23:00-23:05,2.00,99.00,1.00,98.00,1173.81,2378.21,2455.88,1286.30,1.50,98.50,1.00,1.00,2455.88,17042.63,17163.64,2378.21,1,98,98,1,63993.51,63891.52,,
2026-07-24T23:03:53+08:00,btc-updown-5m-1784905200,https://polymarket.com/zh/event/btc-updown-5m-1784905200,23:00-23:05,2.00,99.00,1.00,98.00,1487.09,1848.59,2308.59,1502.74,1.50,98.50,1.00,1.00,2308.59,17043.64,17142.63,1848.59,1,98,98,1,63993.51,63891.62,,
2026-07-24T23:03:55+08:00,btc-updown-5m-1784905200,https://polymarket.com/zh/event/btc-updown-5m-1784905200,23:00-23:05,1.00,,,99.00,10845.49,,,10845.49,,,,,,17037.63,17047.63,,0,99,99,0,63993.51,63885.57,,
2026-07-24T23:03:57+08:00,btc-updown-5m-1784905200,https://polymarket.com/zh/event/btc-updown-5m-1784905200,23:00-23:05,1.00,,,99.00,10699.96,,,10699.96,,,,,,17032.63,17042.63,,0,99,99,0,63993.51,63885.57,,
2026-07-24T23:03:59+08:00,btc-updown-5m-1784905200,https://polymarket.com/zh/event/btc-updown-5m-1784905200,23:00-23:05,1.00,,,99.00,10692.02,,,10722.02,,,,,,17042.63,17036.63,,0,99,99,0,63993.51,63885.57,,
2026-07-24T23:04:01+08:00,btc-updown-5m-1784905200,https://polymarket.com/zh/event/btc-updown-5m-1784905200,23:00-23:05,1.00,,,99.00,11903.18,,,11296.18,,,,,,17021.61,17032.61,,0,99,99,0,63993.51,63886.75,,
2026-07-24T23:04:03+08:00,btc-updown-5m-1784905200,https://polymarket.com/zh/event/btc-updown-5m-1784905200,23:00-23:05,1.00,,,99.00,11151.23,,,11151.23,,,,,,17017.61,17026.61,,0,99,99,0,63993.51,63891.13,,
2026-07-24T23:04:05+08:00,btc-updown-5m-1784905200,https://polymarket.com/zh/event/btc-updown-5m-1784905200,23:00-23:05,1.00,,,99.00,11920.02,,,11920.02,,,,,,17026.61,17037.61,,0,99,99,0,63993.51,63888.90,,
2026-07-24T23:04:07+08:00,btc-updown-5m-1784905200,https://polymarket.com/zh/event/btc-updown-5m-1784905200,23:00-23:05,1.00,,,99.00,15593.41,,,15600.99,,,,,,16946.61,16941.61,,0,99,99,0,63993.51,63874.36,,
2026-07-24T23:04:09+08:00,btc-updown-5m-1784905200,https://polymarket.com/zh/event/btc-updown-5m-1784905200,23:00-23:05,1.00,,,99.00,21492.65,,,21497.95,,,,,,16942.61,16956.61,,0,99,99,0,63993.51,63862.74,,
2026-07-24T23:04:11+08:00,btc-updown-5m-1784905200,https://polymarket.com/zh/event/btc-updown-5m-1784905200,23:00-23:05,1.00,,,99.00,21895.91,,,21895.91,,,,,,16942.61,16952.61,,0,99,99,0,63993.51,63866.49,,
2026-07-24T23:04:13+08:00,btc-updown-5m-1784905200,https://polymarket.com/zh/event/btc-updown-5m-1784905200,23:00-23:05,1.00,,,99.00,32009.71,,,32009.71,,,,,,16936.61,16951.61,,0,99,99,0,63993.51,63863.09,,
2026-07-24T23:04:15+08:00,btc-updown-5m-1784905200,https://polymarket.com/zh/event/btc-updown-5m-1784905200,23:00-23:05,1.00,,,99.00,33837.26,,,34037.26,,,,,,16951.61,16966.61,,0,99,99,0,63993.51,63852.10,,
2026-07-24T23:04:17+08:00,btc-updown-5m-1784905200,https://polymarket.com/zh/event/btc-updown-5m-1784905200,23:00-23:05,1.00,,,99.00,40202.21,,,40602.21,,,,,,16961.61,16967.61,,0,99,99,0,63993.51,63853.77,,
2026-07-24T23:04:19+08:00,btc-updown-5m-1784905200,https://polymarket.com/zh/event/btc-updown-5m-1784905200,23:00-23:05,1.00,,,99.00,45682.31,,,45682.31,,,,,,16977.61,16987.61,,0,99,99,0,63993.51,63839.29,,
2026-07-24T23:04:21+08:00,btc-updown-5m-1784905200,https://polymarket.com/zh/event/btc-updown-5m-1784905200,23:00-23:05,1.00,,,99.00,46157.00,,,46162.05,,,,,,16976.61,16977.61,,0,99,99,0,63993.51,63839.50,,
2026-07-24T23:04:23+08:00,btc-updown-5m-1784905200,https://polymarket.com/zh/event/btc-updown-5m-1784905200,23:00-23:05,1.00,,,99.00,45722.00,,,45722.00,,,,,,16976.61,16981.61,,0,99,99,0,63993.51,63847.25,,
2026-07-24T23:04:25+08:00,btc-updown-5m-1784905200,https://polymarket.com/zh/event/btc-updown-5m-1784905200,23:00-23:05,1.00,,,99.00,45798.44,,,45727.25,,,,,,16983.61,16987.61,,0,99,99,0,63993.51,63836.20,,
2026-07-24T23:04:27+08:00,btc-updown-5m-1784905200,https://polymarket.com/zh/event/btc-updown-5m-1784905200,23:00-23:05,1.00,,,99.00,45107.25,,,45097.25,,,,,,16983.61,16988.61,,0,99,99,0,63993.51,63840.00,,
2026-07-24T23:04:29+08:00,btc-updown-5m-1784905200,https://polymarket.com/zh/event/btc-updown-5m-1784905200,23:00-23:05,1.00,,,99.00,45203.20,,,45203.20,,,,,,16983.61,17014.29,,0,99,99,0,63993.51,63862.59,,
2026-07-24T23:04:31+08:00,btc-updown-5m-1784905200,https://polymarket.com/zh/event/btc-updown-5m-1784905200,23:00-23:05,1.00,,,99.00,47738.99,,,47578.99,,,,,,16241.63,16230.63,,0,99,99,0,63993.51,63870.48,,
2026-07-24T23:04:33+08:00,btc-updown-5m-1784905200,https://polymarket.com/zh/event/btc-updown-5m-1784905200,23:00-23:05,1.00,,,99.00,47473.73,,,47413.13,,,,,,16230.63,16241.63,,0,99,99,0,63993.51,63875.00,,
2026-07-24T23:04:35+08:00,btc-updown-5m-1784905200,https://polymarket.com/zh/event/btc-updown-5m-1784905200,23:00-23:05,1.00,,,99.00,46575.84,,,46570.84,,,,,,14705.64,14685.64,,0,99,99,0,63993.51,63878.34,,
2026-07-24T23:04:37+08:00,btc-updown-5m-1784905200,https://polymarket.com/zh/event/btc-updown-5m-1784905200,23:00-23:05,1.00,,,99.00,46580.94,,,46580.94,,,,,,14690.64,14689.64,,0,99,99,0,63993.51,63878.35,,
2026-07-24T23:04:39+08:00,btc-updown-5m-1784905200,https://polymarket.com/zh/event/btc-updown-5m-1784905200,23:00-23:05,1.00,,,99.00,46731.94,,,46731.94,,,,,,14653.96,14695.64,,0,99,99,0,63993.51,63878.89,,
2026-07-24T23:04:42+08:00,btc-updown-5m-1784905200,https://polymarket.com/zh/event/btc-updown-5m-1784905200,23:00-23:05,1.00,,,99.00,47933.37,,,47933.37,,,,,,14534.79,14524.79,,0,99,99,0,63993.51,63876.06,,
2026-07-24T23:04:44+08:00,btc-updown-5m-1784905200,https://polymarket.com/zh/event/btc-updown-5m-1784905200,23:00-23:05,1.00,,,99.00,48950.04,,,48950.04,,,,,,14534.79,14539.79,,0,99,99,0,63993.51,63879.38,,
2026-07-24T23:04:46+08:00,btc-updown-5m-1784905200,https://polymarket.com/zh/event/btc-updown-5m-1784905200,23:00-23:05,1.00,,,99.00,49518.62,,,49518.62,,,,,,13584.52,13610.52,,0,99,99,0,63993.51,63856.49,,
2026-07-24T23:04:48+08:00,btc-updown-5m-1784905200,https://polymarket.com/zh/event/btc-updown-5m-1784905200,23:00-23:05,1.00,,,99.00,49385.49,,,49380.59,,,,,,12866.52,12877.52,,0,99,99,0,63993.51,63858.99,,
2026-07-24T23:04:50+08:00,btc-updown-5m-1784905200,https://polymarket.com/zh/event/btc-updown-5m-1784905200,23:00-23:05,1.00,,,99.00,50819.84,,,50894.89,,,,,,12866.52,12771.52,,0,84,84,0,63993.51,63865.25,,
2026-07-24T23:04:52+08:00,btc-updown-5m-1784905200,https://polymarket.com/zh/event/btc-updown-5m-1784905200,23:00-23:05,1.00,,,99.00,50904.89,,,50884.84,,,,,,12736.52,12721.52,,0,84,84,0,63993.51,63862.22,,
2026-07-24T23:04:54+08:00,btc-updown-5m-1784905200,https://polymarket.com/zh/event/btc-updown-5m-1784905200,23:00-23:05,1.00,,,99.00,51215.09,,,51496.14,,,,,,12736.52,12727.52,,0,84,84,0,63993.51,63860.95,,
2026-07-24T23:04:56+08:00,btc-updown-5m-1784905200,https://polymarket.com/zh/event/btc-updown-5m-1784905200,23:00-23:05,1.00,,,99.00,57391.52,,,58022.09,,,,,,20638.52,20618.52,,0,79,79,0,63993.51,63858.11,,
2026-07-24T23:04:58+08:00,btc-updown-5m-1784905200,https://polymarket.com/zh/event/btc-updown-5m-1784905200,23:00-23:05,1.00,,,99.00,60163.98,,,60234.98,,,,,,20390.52,20478.84,,0,80,85,0,63993.51,63853.28,,
2026-07-24T23:05:00+08:00,btc-updown-5m-1784905500,https://polymarket.com/zh/event/btc-updown-5m-1784905500,23:05-23:10,50.00,51.00,49.00,50.00,239.83,830.27,680.27,19.00,49.50,50.50,1.00,1.00,140655.31,140222.29,140387.29,140766.56,49,50,50,49,63854.55,63854.55,,
2026-07-24T23:05:02+08:00,btc-updown-5m-1784905500,https://polymarket.com/zh/event/btc-updown-5m-1784905500,23:05-23:10,50.00,51.00,49.00,50.00,655.39,570.92,715.47,883.34,49.50,50.50,1.00,1.00,20365.15,19815.88,19831.89,20350.15,49,50,50,49,63854.55,63854.55,,
2026-07-24T23:05:04+08:00,btc-updown-5m-1784905500,https://polymarket.com/zh/event/btc-updown-5m-1784905500,23:05-23:10,43.00,58.00,42.00,57.00,1006.11,30.39,290.55,1334.27,42.50,57.50,1.00,1.00,20438.15,20194.89,20239.88,20448.15,42,57,57,42,63854.55,63842.49,,
2026-07-24T23:05:06+08:00,btc-updown-5m-1784905500,https://polymarket.com/zh/event/btc-updown-5m-1784905500,23:05-23:10,40.00,61.00,39.00,60.00,1048.73,951.63,397.75,295.00,39.50,60.50,1.00,1.00,20338.15,20335.88,20376.89,20338.15,39,60,60,39,63854.55,63834.64,,
2026-07-24T23:05:09+08:00,btc-updown-5m-1784905500,https://polymarket.com/zh/event/btc-updown-5m-1784905500,23:05-23:10,46.00,54.00,45.00,53.00,59.26,1755.68,1387.71,24.35,45.50,53.50,1.00,1.00,20819.81,18778.54,18655.54,20814.81,45,54,53,46,63854.55,63843.32,,
2026-07-24T23:05:11+08:00,btc-updown-5m-1784905500,https://polymarket.com/zh/event/btc-updown-5m-1784905500,23:05-23:10,51.00,50.00,50.00,49.00,1292.72,56.00,208.00,1296.33,50.50,49.50,1.00,1.00,19369.92,18571.54,18571.54,19377.92,50,49,49,50,63854.55,63839.79,,
2026-07-24T23:05:13+08:00,btc-updown-5m-1784905500,https://polymarket.com/zh/event/btc-updown-5m-1784905500,23:05-23:10,43.00,58.00,42.00,57.00,394.39,1179.19,1086.07,285.00,42.50,57.50,1.00,1.00,19047.91,19124.54,19049.54,19456.91,42,57,57,42,63854.55,63839.37,,
2026-07-24T23:05:15+08:00,btc-updown-5m-1784905500,https://polymarket.com/zh/event/btc-updown-5m-1784905500,23:05-23:10,44.00,57.00,43.00,56.00,906.50,886.56,897.42,745.25,43.50,56.50,1.00,1.00,19981.91,20057.54,19983.54,19976.91,43,56,56,43,63854.55,63840.11,,
2026-07-24T23:05:17+08:00,btc-updown-5m-1784905500,https://polymarket.com/zh/event/btc-updown-5m-1784905500,23:05-23:10,44.00,57.00,43.00,56.00,1170.05,14.67,67.36,1272.67,43.50,56.50,1.00,1.00,19981.91,20092.54,20117.54,19981.91,43,56,56,43,63854.55,63840.11,,
2026-07-24T23:05:19+08:00,btc-updown-5m-1784905500,https://polymarket.com/zh/event/btc-updown-5m-1784905500,23:05-23:10,44.00,59.00,43.00,58.00,2140.51,33.00,336.66,861.80,43.50,58.50,1.00,1.00,19271.91,19392.54,19398.54,19206.91,43,56,58,41,63854.55,63831.21,,
2026-07-24T23:05:21+08:00,btc-updown-5m-1784905500,https://polymarket.com/zh/event/btc-updown-5m-1784905500,23:05-23:10,41.00,60.00,40.00,59.00,1241.48,416.42,631.57,1673.96,40.50,59.50,1.00,1.00,18148.57,18079.20,18055.20,18143.57,40,59,59,40,63854.55,63834.08,,
2026-07-24T23:05:23+08:00,btc-updown-5m-1784905500,https://polymarket.com/zh/event/btc-updown-5m-1784905500,23:05-23:10,40.00,61.00,39.00,60.00,1550.46,98.75,98.75,1499.21,39.50,60.50,1.00,1.00,18124.51,17835.20,18193.80,18144.51,39,60,60,39,63854.55,63831.71,,
2026-07-24T23:05:25+08:00,btc-updown-5m-1784905500,https://polymarket.com/zh/event/btc-updown-5m-1784905500,23:05-23:10,40.00,61.00,39.00,60.00,1803.96,77.35,112.35,1753.70,39.50,60.50,1.00,1.00,18017.20,18224.79,18393.49,18042.20,39,60,60,39,63854.55,63829.73,,
2026-07-24T23:05:27+08:00,btc-updown-5m-1784905500,https://polymarket.com/zh/event/btc-updown-5m-1784905500,23:05-23:10,40.00,61.00,39.00,60.00,102.46,1513.63,1183.63,67.46,39.50,60.50,1.00,1.00,18536.19,18603.48,18482.48,18595.89,39,60,60,39,63854.55,63827.13,,
2026-07-24T23:05:29+08:00,btc-updown-5m-1784905500,https://polymarket.com/zh/event/btc-updown-5m-1784905500,23:05-23:10,48.00,53.00,47.00,52.00,243.38,1762.07,1666.93,93.38,47.50,52.50,1.00,1.00,18345.89,18820.18,18600.18,18345.89,47,52,52,47,63854.55,63849.35,,
2026-07-24T23:05:31+08:00,btc-updown-5m-1784905500,https://polymarket.com/zh/event/btc-updown-5m-1784905500,23:05-23:10,51.00,52.00,48.00,49.00,384.99,1954.60,1989.60,234.00,49.50,50.50,3.00,3.00,18085.89,18379.19,18277.19,18085.89,48,49,49,48,63854.55,63852.06,,
2026-07-24T23:05:33+08:00,btc-updown-5m-1784905500,https://polymarket.com/zh/event/btc-updown-5m-1784905500,23:05-23:10,43.00,58.00,42.00,57.00,247.87,156.87,300.08,420.67,42.50,57.50,1.00,1.00,19830.90,17945.18,17964.18,19490.91,42,57,57,42,63854.55,63841.74,,
2026-07-24T23:05:35+08:00,btc-updown-5m-1784905500,https://polymarket.com/zh/event/btc-updown-5m-1784905500,23:05-23:10,43.00,58.00,42.00,57.00,1162.41,16.30,196.17,1786.26,42.50,57.50,1.00,1.00,19580.89,17688.18,17573.18,19570.89,42,57,57,42,63854.55,63840.33,,
2026-07-24T23:05:37+08:00,btc-updown-5m-1784905500,https://polymarket.com/zh/event/btc-updown-5m-1784905500,23:05-23:10,42.00,59.00,41.00,58.00,77.81,1431.84,1397.34,77.81,41.50,58.50,1.00,1.00,19555.89,17563.18,17564.18,19545.89,41,58,58,41,63854.55,63839.23,,
2026-07-24T23:05:39+08:00,btc-updown-5m-1784905500,https://polymarket.com/zh/event/btc-updown-5m-1784905500,23:05-23:10,42.00,59.00,41.00,58.00,65.06,1314.34,1315.79,65.06,41.50,58.50,1.00,1.00,19555.89,17583.18,17568.18,19545.89,41,58,58,41,63854.55,63839.67,,
2026-07-24T23:05:41+08:00,btc-updown-5m-1784905500,https://polymarket.com/zh/event/btc-updown-5m-1784905500,23:05-23:10,46.00,55.00,45.00,54.00,349.86,1267.00,1268.22,72.08,45.50,54.50,1.00,1.00,19555.89,17473.19,17568.18,19550.89,45,54,54,45,63854.55,63847.11,,
2026-07-24T23:05:43+08:00,btc-updown-5m-1784905500,https://polymarket.com/zh/event/btc-updown-5m-1784905500,23:05-23:10,46.00,55.00,45.00,54.00,1097.95,294.13,2.00,778.12,45.50,54.50,1.00,1.00,19545.89,17650.18,17649.19,19555.89,45,54,54,45,63854.55,63842.59,,
2026-07-24T23:05:45+08:00,btc-updown-5m-1784905500,https://polymarket.com/zh/event/btc-updown-5m-1784905500,23:05-23:10,46.00,55.00,45.00,54.00,1112.26,35.90,39.54,1112.26,45.50,54.50,1.00,1.00,19445.89,17544.18,17664.19,19460.89,45,54,54,45,63854.55,63844.99,,
2026-07-24T23:05:47+08:00,btc-updown-5m-1784905500,https://polymarket.com/zh/event/btc-updown-5m-1784905500,23:05-23:10,48.00,53.00,46.00,52.00,87.00,837.02,683.00,222.16,47.00,52.50,2.00,1.00,19425.89,17445.19,17444.18,19430.89,46,52,52,47,63854.55,63842.17,,
2026-07-24T23:05:49+08:00,btc-updown-5m-1784905500,https://polymarket.com/zh/event/btc-updown-5m-1784905500,23:05-23:10,45.00,56.00,44.00,55.00,1450.53,222.30,182.30,1437.89,44.50,55.50,1.00,1.00,19420.89,17317.18,17432.18,19430.89,44,55,55,44,63854.55,63845.33,,
2026-07-24T23:05:51+08:00,btc-updown-5m-1784905500,https://polymarket.com/zh/event/btc-updown-5m-1784905500,23:05-23:10,49.00,52.00,48.00,51.00,454.60,858.56,816.29,539.64,48.50,51.50,1.00,1.00,17420.89,17620.18,17414.18,17415.89,48,51,51,48,63854.55,63847.45,,
2026-07-24T23:05:53+08:00,btc-updown-5m-1784905500,https://polymarket.com/zh/event/btc-updown-5m-1784905500,23:05-23:10,45.00,56.00,44.00,55.00,310.23,251.03,273.61,502.75,44.50,55.50,1.00,1.00,17415.89,17414.18,17419.18,17430.89,44,55,55,44,63854.55,63842.14,,
2026-07-24T23:05:55+08:00,btc-updown-5m-1784905500,https://polymarket.com/zh/event/btc-updown-5m-1784905500,23:05-23:10,44.00,57.00,43.00,56.00,1024.10,302.44,262.44,1141.20,43.50,56.50,1.00,1.00,17175.89,17185.18,17195.18,17185.89,43,56,56,43,63854.55,63839.67,,
2026-07-24T23:05:57+08:00,btc-updown-5m-1784905500,https://polymarket.com/zh/event/btc-updown-5m-1784905500,23:05-23:10,41.00,60.00,40.00,59.00,319.27,746.24,520.38,259.38,40.50,59.50,1.00,1.00,18855.89,17039.18,17045.18,18855.89,40,59,59,40,63854.55,63835.65,,
2026-07-24T23:05:59+08:00,btc-updown-5m-1784905500,https://polymarket.com/zh/event/btc-updown-5m-1784905500,23:05-23:10,41.00,60.00,40.00,59.00,685.96,948.18,917.20,640.96,40.50,59.50,1.00,1.00,18870.89,16955.19,16930.18,18875.89,40,59,59,40,63854.55,63835.65,,
2026-07-24T23:06:01+08:00,btc-updown-5m-1784905500,https://polymarket.com/zh/event/btc-updown-5m-1784905500,23:05-23:10,39.00,62.00,38.00,61.00,130.00,1437.51,1222.51,130.00,38.50,61.50,1.00,1.00,18465.89,21914.19,21805.18,18450.89,38,61,61,38,63854.55,63831.79,,
2026-07-24T23:06:03+08:00,btc-updown-5m-1784905500,https://polymarket.com/zh/event/btc-updown-5m-1784905500,23:05-23:10,40.00,62.00,39.00,61.00,524.94,910.23,70.00,280.00,39.50,61.50,1.00,1.00,18142.89,21546.19,21547.18,18182.89,39,60,61,38,63854.55,63835.43,,
2026-07-24T23:06:05+08:00,btc-updown-5m-1784905500,https://polymarket.com/zh/event/btc-updown-5m-1784905500,23:05-23:10,44.00,59.00,41.00,56.00,230.00,1400.15,1395.15,230.00,42.50,57.50,3.00,3.00,22042.89,21321.18,21321.18,22047.89,41,56,56,41,63854.55,63845.96,,
2026-07-24T23:06:07+08:00,btc-updown-5m-1784905500,https://polymarket.com/zh/event/btc-updown-5m-1784905500,23:05-23:10,46.00,56.00,45.00,55.00,1300.24,718.99,34.00,907.94,45.50,55.50,1.00,1.00,21077.89,20517.18,20587.18,21062.89,45,54,55,44,63854.55,63844.96,,
2026-07-24T23:06:09+08:00,btc-updown-5m-1784905500,https://polymarket.com/zh/event/btc-updown-5m-1784905500,23:05-23:10,39.00,62.00,38.00,61.00,275.00,1391.65,1038.98,215.00,38.50,61.50,1.00,1.00,16677.89,20841.18,20657.18,16702.89,38,61,61,38,63854.55,63836.42,,
2026-07-24T23:06:11+08:00,btc-updown-5m-1784905500,https://polymarket.com/zh/event/btc-updown-5m-1784905500,23:05-23:10,45.00,56.00,44.00,55.00,282.13,1339.85,1407.67,418.65,44.50,55.50,1.00,1.00,21582.89,20657.18,20651.18,21572.89,44,55,55,44,63854.55,63840.41,,
2026-07-24T23:06:13+08:00,btc-updown-5m-1784905500,https://polymarket.com/zh/event/btc-updown-5m-1784905500,23:05-23:10,38.00,63.00,37.00,62.00,604.18,91.25,231.25,591.75,37.50,62.50,1.00,1.00,16707.89,20501.18,20502.18,16707.89,37,62,62,37,63854.55,63828.92,,
2026-07-24T23:06:15+08:00,btc-updown-5m-1784905500,https://polymarket.com/zh/event/btc-updown-5m-1784905500,23:05-23:10,35.00,67.00,33.00,66.00,351.47,634.02,508.00,581.02,34.00,66.50,2.00,1.00,16775.89,20507.18,20516.19,16770.89,33,65,66,33,63854.55,63823.86,,
2026-07-24T23:06:17+08:00,btc-updown-5m-1784905500,https://polymarket.com/zh/event/btc-updown-5m-1784905500,23:05-23:10,36.00,65.00,35.00,64.00,324.17,584.03,564.03,165.46,35.50,64.50,1.00,1.00,16785.89,20527.19,20397.18,16775.89,35,64,64,35,63854.55,63827.60,,
2026-07-24T23:06:19+08:00,btc-updown-5m-1784905500,https://polymarket.com/zh/event/btc-updown-5m-1784905500,23:05-23:10,35.00,66.00,34.00,65.00,338.04,1147.42,1070.93,343.04,34.50,65.50,1.00,1.00,16765.89,20396.19,20486.18,16760.89,34,65,65,34,63854.55,63823.41,,
2026-07-24T23:06:21+08:00,btc-updown-5m-1784905500,https://polymarket.com/zh/event/btc-updown-5m-1784905500,23:05-23:10,35.00,66.00,34.00,65.00,339.23,701.90,696.90,334.23,34.50,65.50,1.00,1.00,16695.89,20491.18,20397.18,16680.89,34,65,65,34,63854.55,63825.33,,
2026-07-24T23:06:23+08:00,btc-updown-5m-1784905500,https://polymarket.com/zh/event/btc-updown-5m-1784905500,23:05-23:10,35.00,66.00,34.00,65.00,279.08,936.53,980.53,279.08,34.50,65.50,1.00,1.00,16790.89,20481.18,20507.18,16790.89,34,65,65,34,63854.55,63825.33,,
2026-07-24T23:06:25+08:00,btc-updown-5m-1784905500,https://polymarket.com/zh/event/btc-updown-5m-1784905500,23:05-23:10,35.00,66.00,34.00,65.00,247.22,952.79,937.79,247.22,34.50,65.50,1.00,1.00,16795.89,20401.18,20386.18,16785.89,34,65,65,34,63854.55,63825.33,,
2026-07-24T23:06:27+08:00,btc-updown-5m-1784905500,https://polymarket.com/zh/event/btc-updown-5m-1784905500,23:05-23:10,40.00,61.00,39.00,60.00,113.00,887.65,1144.67,64.25,39.50,60.50,1.00,1.00,14780.89,20442.18,20496.19,16775.89,39,60,60,39,63854.55,63827.31,,
2026-07-24T23:06:29+08:00,btc-updown-5m-1784905500,https://polymarket.com/zh/event/btc-updown-5m-1784905500,23:05-23:10,34.00,67.00,33.00,66.00,611.13,294.23,300.73,821.67,33.50,66.50,1.00,1.00,14845.89,20491.18,20491.19,14835.89,33,66,66,33,63854.55,63827.44,,
2026-07-24T23:06:31+08:00,btc-updown-5m-1784905500,https://polymarket.com/zh/event/btc-updown-5m-1784905500,23:05-23:10,33.00,68.00,32.00,67.00,235.00,628.50,604.81,275.00,32.50,67.50,1.00,1.00,16775.89,20486.18,20486.18,16765.89,32,67,67,32,63854.55,63821.60,,
2026-07-24T23:06:33+08:00,btc-updown-5m-1784905500,https://polymarket.com/zh/event/btc-updown-5m-1784905500,23:05-23:10,33.00,68.00,32.00,67.00,420.87,318.89,268.75,462.73,32.50,67.50,1.00,1.00,14680.89,20390.19,20490.18,14685.89,32,67,67,32,63854.55,63822.77,,
2026-07-24T23:06:35+08:00,btc-updown-5m-1784905500,https://polymarket.com/zh/event/btc-updown-5m-1784905500,23:05-23:10,31.00,70.00,30.00,69.00,1821.69,289.43,272.97,2075.88,30.50,69.50,1.00,1.00,16321.89,20385.18,20495.18,16376.89,30,69,69,30,63854.55,63817.63,,
2026-07-24T23:06:37+08:00,btc-updown-5m-1784905500,https://polymarket.com/zh/event/btc-updown-5m-1784905500,23:05-23:10,28.00,73.00,27.00,72.00,408.33,76.00,158.49,949.27,27.50,72.50,1.00,1.00,16694.89,20390.18,20490.18,16694.89,27,72,72,27,63854.55,63815.62,,
2026-07-24T23:06:39+08:00,btc-updown-5m-1784905500,https://polymarket.com/zh/event/btc-updown-5m-1784905500,23:05-23:10,28.00,72.00,27.00,69.00,23.50,1521.92,2125.23,250.29,27.50,70.50,1.00,3.00,16654.89,20396.18,20385.18,16724.89,27,72,69,28,63854.55,63814.31,,
2026-07-24T23:06:41+08:00,btc-updown-5m-1784905500,https://polymarket.com/zh/event/btc-updown-5m-1784905500,23:05-23:10,36.00,64.00,35.00,63.00,1.00,856.38,845.00,30.98,35.50,63.50,1.00,1.00,16309.89,20231.18,20331.18,16304.89,35,63,63,36,63854.55,63825.00,,
2026-07-24T23:06:43+08:00,btc-updown-5m-1784905500,https://polymarket.com/zh/event/btc-updown-5m-1784905500,23:05-23:10,35.00,67.00,34.00,66.00,1121.25,199.25,5.00,793.99,34.50,66.50,1.00,1.00,16234.89,20220.18,20320.18,16234.89,34,65,66,33,63854.55,63830.31,,
2026-07-24T23:06:45+08:00,btc-updown-5m-1784905500,https://polymarket.com/zh/event/btc-updown-5m-1784905500,23:05-23:10,31.00,70.00,30.00,69.00,971.29,280.97,280.97,832.67,30.50,69.50,1.00,1.00,16154.89,20226.18,20230.18,16174.89,30,69,69,30,63854.55,63821.75,,
2026-07-24T23:06:47+08:00,btc-updown-5m-1784905500,https://polymarket.com/zh/event/btc-updown-5m-1784905500,23:05-23:10,31.00,74.00,30.00,70.00,1887.21,199.00,10.00,1289.03,30.50,72.00,1.00,4.00,16299.89,20262.19,20132.18,16700.89,30,69,70,26,63854.55,63820.17,,
2026-07-24T23:06:49+08:00,btc-updown-5m-1784905500,https://polymarket.com/zh/event/btc-updown-5m-1784905500,23:05-23:10,25.00,76.00,24.00,75.00,1053.85,276.69,234.78,772.43,24.50,75.50,1.00,1.00,17160.89,20151.19,20226.18,16985.89,24,75,75,24,63854.55,63811.58,,
2026-07-24T23:06:51+08:00,btc-updown-5m-1784905500,https://polymarket.com/zh/event/btc-updown-5m-1784905500,23:05-23:10,25.00,76.00,24.00,75.00,923.84,109.26,109.26,923.84,24.50,75.50,1.00,1.00,16905.89,20226.18,20231.18,16905.89,24,75,75,24,63854.55,63810.68,,
2026-07-24T23:06:53+08:00,btc-updown-5m-1784905500,https://polymarket.com/zh/event/btc-updown-5m-1784905500,23:05-23:10,24.00,78.00,23.00,77.00,1282.84,20.00,44.71,1354.33,23.50,77.50,1.00,1.00,17555.89,20236.18,20126.18,17550.89,23,76,77,22,63854.55,63805.01,,
2026-07-24T23:06:55+08:00,btc-updown-5m-1784905500,https://polymarket.com/zh/event/btc-updown-5m-1784905500,23:05-23:10,23.00,78.00,22.00,77.00,1600.64,391.69,47.43,542.44,22.50,77.50,1.00,1.00,17631.89,20131.18,20247.18,17536.89,22,77,77,22,63854.55,63804.91,,
2026-07-24T23:06:57+08:00,btc-updown-5m-1784905500,https://polymarket.com/zh/event/btc-updown-5m-1784905500,23:05-23:10,21.00,80.00,20.00,79.00,2237.55,81.62,112.62,2398.55,20.50,79.50,1.00,1.00,18642.89,20221.18,20226.18,18587.89,20,79,79,20,63854.55,63804.40,,
2026-07-24T23:06:59+08:00,btc-updown-5m-1784905500,https://polymarket.com/zh/event/btc-updown-5m-1784905500,23:05-23:10,16.00,85.00,15.00,84.00,1412.95,169.91,187.85,1721.54,15.50,84.50,1.00,1.00,23061.22,20221.18,20132.18,23150.56,15,84,84,15,63854.55,63793.08,,
2026-07-24T23:07:01+08:00,btc-updown-5m-1784905500,https://polymarket.com/zh/event/btc-updown-5m-1784905500,23:05-23:10,14.00,87.00,13.00,86.00,1810.35,7.80,7.80,1892.88,13.50,86.50,1.00,1.00,23293.16,19824.52,19965.54,23103.22,13,86,86,13,63854.55,63781.74,,
2026-07-24T23:07:03+08:00,btc-updown-5m-1784905500,https://polymarket.com/zh/event/btc-updown-5m-1784905500,23:05-23:10,14.00,87.00,13.00,86.00,1563.61,341.41,332.01,1452.55,13.50,86.50,1.00,1.00,22775.46,19639.52,19725.52,22770.46,13,86,86,13,63854.55,63778.16,,
2026-07-24T23:07:05+08:00,btc-updown-5m-1784905500,https://polymarket.com/zh/event/btc-updown-5m-1784905500,23:05-23:10,13.00,88.00,12.00,87.00,731.35,196.25,187.94,149.05,12.50,87.50,1.00,1.00,23109.66,19624.52,19630.52,23050.09,12,87,87,12,63854.55,63782.01,,
2026-07-24T23:07:08+08:00,btc-updown-5m-1784905500,https://polymarket.com/zh/event/btc-updown-5m-1784905500,23:05-23:10,13.00,88.00,12.00,87.00,899.46,335.50,330.50,924.46,12.50,87.50,1.00,1.00,21799.70,18055.52,18189.53,21819.70,12,87,87,12,63854.55,63783.79,,
2026-07-24T23:07:10+08:00,btc-updown-5m-1784905500,https://polymarket.com/zh/event/btc-updown-5m-1784905500,23:05-23:10,12.00,89.00,11.00,88.00,258.48,705.25,707.87,295.48,11.50,88.50,1.00,1.00,21837.41,18168.52,18158.52,21917.41,11,88,88,11,63854.55,63780.76,,
2026-07-24T23:07:12+08:00,btc-updown-5m-1784905500,https://polymarket.com/zh/event/btc-updown-5m-1784905500,23:05-23:10,11.00,90.00,10.00,89.00,1114.53,124.00,124.00,1115.71,10.50,89.50,1.00,1.00,22369.69,18264.52,18278.53,22214.69,10,89,89,10,63854.55,63781.91,,
2026-07-24T23:07:14+08:00,btc-updown-5m-1784905500,https://polymarket.com/zh/event/btc-updown-5m-1784905500,23:05-23:10,13.00,88.00,12.00,87.00,30.00,1059.52,897.52,328.81,12.50,87.50,1.00,1.00,22602.09,18223.52,18223.52,22204.75,12,87,87,12,63854.55,63783.95,,
2026-07-24T23:07:16+08:00,btc-updown-5m-1784905500,https://polymarket.com/zh/event/btc-updown-5m-1784905500,23:05-23:10,13.00,88.00,12.00,87.00,230.98,762.10,762.10,220.98,12.50,87.50,1.00,1.00,22325.24,18227.52,18132.52,22325.24,12,87,87,12,63854.55,63785.21,,
2026-07-24T23:07:18+08:00,btc-updown-5m-1784905500,https://polymarket.com/zh/event/btc-updown-5m-1784905500,23:05-23:10,13.00,88.00,12.00,87.00,154.26,690.08,581.36,106.28,12.50,87.50,1.00,1.00,22235.24,18128.52,18223.52,22280.24,12,87,87,12,63854.55,63785.20,,
2026-07-24T23:07:20+08:00,btc-updown-5m-1784905500,https://polymarket.com/zh/event/btc-updown-5m-1784905500,23:05-23:10,16.00,84.00,15.00,83.00,55.52,1372.80,2062.10,524.59,15.50,83.50,1.00,1.00,21668.70,18128.52,18227.52,21443.70,15,84,83,16,63854.55,63799.09,,
2026-07-24T23:07:22+08:00,btc-updown-5m-1784905500,https://polymarket.com/zh/event/btc-updown-5m-1784905500,23:05-23:10,22.00,79.00,21.00,78.00,562.85,203.50,368.80,1554.31,21.50,78.50,1.00,1.00,19943.70,18122.52,18217.52,19938.70,21,78,78,21,63854.55,63810.00,,
2026-07-24T23:07:24+08:00,btc-updown-5m-1784905500,https://polymarket.com/zh/event/btc-updown-5m-1784905500,23:05-23:10,25.00,76.00,24.00,75.00,226.48,1539.32,753.91,133.73,24.50,75.50,1.00,1.00,20015.70,18248.53,18238.53,20025.70,24,75,75,24,63854.55,63809.76,,
2026-07-24T23:07:26+08:00,btc-updown-5m-1784905500,https://polymarket.com/zh/event/btc-updown-5m-1784905500,23:05-23:10,26.00,75.00,25.00,74.00,10.00,2064.96,2041.88,10.00,25.50,74.50,1.00,1.00,19725.70,17892.52,18017.53,19710.70,25,74,74,25,63854.55,63820.15,,
2026-07-24T23:07:28+08:00,btc-updown-5m-1784905500,https://polymarket.com/zh/event/btc-updown-5m-1784905500,23:05-23:10,24.00,77.00,23.00,76.00,927.45,141.20,136.20,1460.65,23.50,76.50,1.00,1.00,19640.70,18188.52,17977.52,19630.70,23,76,76,23,63854.55,63824.33,,
2026-07-24T23:07:30+08:00,btc-updown-5m-1784905500,https://polymarket.com/zh/event/btc-updown-5m-1784905500,23:05-23:10,26.00,75.00,25.00,74.00,358.13,564.23,325.00,427.02,25.50,74.50,1.00,1.00,19431.70,17982.53,17883.52,19396.70,25,74,74,25,63854.55,63815.19,,
2026-07-24T23:07:32+08:00,btc-updown-5m-1784905500,https://polymarket.com/zh/event/btc-updown-5m-1784905500,23:05-23:10,31.00,70.00,30.00,69.00,409.87,405.68,407.68,400.87,30.50,69.50,1.00,1.00,19016.70,17663.52,17572.53,19016.70,30,69,69,30,63854.55,63828.73,,
2026-07-24T23:07:34+08:00,btc-updown-5m-1784905500,https://polymarket.com/zh/event/btc-updown-5m-1784905500,23:05-23:10,31.00,70.00,30.00,69.00,1122.86,363.42,363.42,1148.50,30.50,69.50,1.00,1.00,18911.70,17652.52,17568.52,18921.70,30,69,69,30,63854.55,63831.03,,
2026-07-24T23:07:36+08:00,btc-updown-5m-1784905500,https://polymarket.com/zh/event/btc-updown-5m-1784905500,23:05-23:10,34.00,67.00,33.00,66.00,911.16,266.79,133.25,1328.26,33.50,66.50,1.00,1.00,18676.70,17592.53,17693.53,18671.70,33,66,66,33,63854.55,63832.64,,
2026-07-24T23:07:38+08:00,btc-updown-5m-1784905500,https://polymarket.com/zh/event/btc-updown-5m-1784905500,23:05-23:10,32.00,70.00,31.00,69.00,1544.52,18.00,2.10,688.06,31.50,69.50,1.00,1.00,18811.70,17547.52,17657.52,18816.70,31,68,69,30,63854.55,63831.57,,
2026-07-24T23:07:40+08:00,btc-updown-5m-1784905500,https://polymarket.com/zh/event/btc-updown-5m-1784905500,23:05-23:10,30.00,71.00,29.00,70.00,102.33,959.79,1388.16,474.65,29.50,70.50,1.00,1.00,18696.70,17647.52,17667.53,18686.70,29,70,70,29,63854.55,63828.87,,
2026-07-24T23:07:42+08:00,btc-updown-5m-1784905500,https://polymarket.com/zh/event/btc-updown-5m-1784905500,23:05-23:10,29.00,72.00,28.00,71.00,1836.16,58.00,58.00,1821.16,28.50,71.50,1.00,1.00,18616.70,17563.52,17552.52,18611.70,28,71,71,28,63854.55,63826.81,,
2026-07-24T23:07:45+08:00,btc-updown-5m-1784905500,https://polymarket.com/zh/event/btc-updown-5m-1784905500,23:05-23:10,29.00,72.00,28.00,71.00,107.27,1002.95,1029.20,107.27,28.50,71.50,1.00,1.00,18671.70,17557.52,17652.52,18661.70,28,71,71,28,63854.55,63826.81,,
2026-07-24T23:07:47+08:00,btc-updown-5m-1784905500,https://polymarket.com/zh/event/btc-updown-5m-1784905500,23:05-23:10,29.00,65.00,28.00,62.00,5.00,300.00,2462.19,86.40,28.50,63.50,1.00,3.00,18616.70,17756.52,17652.53,18571.70,28,69,62,35,63854.55,63827.82,,
2026-07-24T23:07:49+08:00,btc-updown-5m-1784905500,https://polymarket.com/zh/event/btc-updown-5m-1784905500,23:05-23:10,42.00,59.00,41.00,58.00,246.13,489.04,531.33,246.13,41.50,58.50,1.00,1.00,25799.70,17636.52,17636.53,25799.70,41,58,58,41,63854.55,63842.74,,
2026-07-24T23:07:51+08:00,btc-updown-5m-1784905500,https://polymarket.com/zh/event/btc-updown-5m-1784905500,23:05-23:10,43.00,58.00,42.00,57.00,361.53,1127.94,1115.12,341.53,42.50,57.50,1.00,1.00,25494.70,17642.53,17536.52,25514.70,42,57,57,42,63854.55,63844.54,,
2026-07-24T23:07:53+08:00,btc-updown-5m-1784905500,https://polymarket.com/zh/event/btc-updown-5m-1784905500,23:05-23:10,49.00,52.00,48.00,51.00,318.49,1323.57,318.00,318.49,48.50,51.50,1.00,1.00,26127.70,17474.53,17685.52,26152.70,48,51,51,48,63854.55,63850.97,,
2026-07-24T23:07:55+08:00,btc-updown-5m-1784905500,https://polymarket.com/zh/event/btc-updown-5m-1784905500,23:05-23:10,51.00,50.00,50.00,49.00,485.27,425.00,360.00,483.30,50.50,49.50,1.00,1.00,26247.71,17499.52,17494.52,26642.70,50,49,49,50,63854.55,63858.77,,
2026-07-24T23:07:57+08:00,btc-updown-5m-1784905500,https://polymarket.com/zh/event/btc-updown-5m-1784905500,23:05-23:10,54.00,47.00,53.00,46.00,1041.14,129.52,532.07,1406.23,53.50,46.50,1.00,1.00,24166.04,17264.52,17259.52,24756.03,53,46,46,53,63854.55,63862.52,,
2026-07-24T23:07:59+08:00,btc-updown-5m-1784905500,https://polymarket.com/zh/event/btc-updown-5m-1784905500,23:05-23:10,52.00,49.00,51.00,48.00,155.84,1924.14,1924.14,145.84,51.50,48.50,1.00,1.00,24711.03,17364.52,17379.52,24316.03,51,48,48,51,63854.55,63861.05,,
2026-07-24T23:08:01+08:00,btc-updown-5m-1784905500,https://polymarket.com/zh/event/btc-updown-5m-1784905500,23:05-23:10,55.00,47.00,54.00,46.00,1346.04,769.23,139.00,211.39,54.50,46.50,1.00,1.00,24133.56,16979.52,16969.52,24118.56,54,45,46,53,63854.55,63862.27,,
2026-07-24T23:08:02+08:00,btc-updown-5m-1784905500,https://polymarket.com/zh/event/btc-updown-5m-1784905500,23:05-23:10,63.00,38.00,62.00,36.00,10.92,808.11,893.90,291.14,62.50,37.00,1.00,2.00,23946.47,18574.52,17789.52,24626.47,62,37,36,62,63854.55,63872.35,,
2026-07-24T23:08:05+08:00,btc-updown-5m-1784905500,https://polymarket.com/zh/event/btc-updown-5m-1784905500,23:05-23:10,71.00,30.00,69.00,29.00,18.60,222.29,84.56,18.60,70.00,29.50,2.00,1.00,23978.14,14497.85,14477.85,24318.14,69,28,29,70,63854.55,63884.58,,
2026-07-24T23:08:07+08:00,btc-updown-5m-1784905500,https://polymarket.com/zh/event/btc-updown-5m-1784905500,23:05-23:10,73.00,28.00,71.00,27.00,217.99,270.00,73.07,32.08,72.00,27.50,2.00,1.00,23667.14,14414.52,14419.52,24232.14,70,27,26,72,63854.55,63891.86,,
2026-07-24T23:08:09+08:00,btc-updown-5m-1784905500,https://polymarket.com/zh/event/btc-updown-5m-1784905500,23:05-23:10,77.00,24.00,76.00,23.00,677.63,315.06,320.06,692.63,76.50,23.50,1.00,1.00,24348.14,15524.52,15529.52,26023.13,76,23,23,76,63854.55,63889.43,,
2026-07-24T23:08:11+08:00,btc-updown-5m-1784905500,https://polymarket.com/zh/event/btc-updown-5m-1784905500,23:05-23:10,79.00,22.00,78.00,21.00,314.93,617.04,691.60,337.93,78.50,21.50,1.00,1.00,23938.13,13677.52,13682.52,23938.14,78,21,21,78,63854.55,63892.96,,
2026-07-24T23:08:13+08:00,btc-updown-5m-1784905500,https://polymarket.com/zh/event/btc-updown-5m-1784905500,23:05-23:10,81.00,20.00,80.00,19.00,543.45,753.53,759.27,576.59,80.50,19.50,1.00,1.00,24438.13,13732.52,13742.52,23923.13,80,19,19,80,63854.55,63896.58,,
2026-07-24T23:08:15+08:00,btc-updown-5m-1784905500,https://polymarket.com/zh/event/btc-updown-5m-1784905500,23:05-23:10,83.00,18.00,82.00,17.00,350.00,756.56,534.33,207.00,82.50,17.50,1.00,1.00,23943.13,14384.52,14399.52,24423.13,82,17,17,82,63854.55,63899.92,,
2026-07-24T23:08:17+08:00,btc-updown-5m-1784905500,https://polymarket.com/zh/event/btc-updown-5m-1784905500,23:05-23:10,85.00,16.00,84.00,15.00,673.15,523.30,542.25,501.34,84.50,15.50,1.00,1.00,18951.13,18306.52,18311.52,19431.13,84,15,15,84,63854.55,63900.18,,
2026-07-24T23:08:19+08:00,btc-updown-5m-1784905500,https://polymarket.com/zh/event/btc-updown-5m-1784905500,23:05-23:10,87.00,14.00,86.00,13.00,570.00,314.94,334.03,593.60,86.50,13.50,1.00,1.00,19051.13,19375.28,19630.28,19431.13,86,13,13,86,63854.55,63908.26,,
2026-07-24T23:08:21+08:00,btc-updown-5m-1784905500,https://polymarket.com/zh/event/btc-updown-5m-1784905500,23:05-23:10,87.00,14.00,86.00,13.00,281.49,681.96,769.94,286.49,86.50,13.50,1.00,1.00,18571.13,19415.84,19419.36,19076.13,86,13,13,86,63854.55,63907.14,,
2026-07-24T23:08:23+08:00,btc-updown-5m-1784905500,https://polymarket.com/zh/event/btc-updown-5m-1784905500,23:05-23:10,87.00,14.00,86.00,13.00,648.05,177.71,177.71,709.93,86.50,13.50,1.00,1.00,18948.13,19274.47,19239.47,18948.13,86,13,13,86,63854.55,63905.72,,
2026-07-24T23:08:25+08:00,btc-updown-5m-1784905500,https://polymarket.com/zh/event/btc-updown-5m-1784905500,23:05-23:10,83.00,18.00,82.00,17.00,1151.84,338.55,126.31,1236.09,82.50,17.50,1.00,1.00,18948.13,19428.67,19408.67,18438.13,82,17,17,82,63854.55,63897.57,,
2026-07-24T23:08:27+08:00,btc-updown-5m-1784905500,https://polymarket.com/zh/event/btc-updown-5m-1784905500,23:05-23:10,80.00,21.00,79.00,20.00,696.97,70.00,70.00,755.22,79.50,20.50,1.00,1.00,18458.14,17463.67,17463.67,18938.13,79,20,20,79,63854.55,63889.84,,
2026-07-24T23:08:29+08:00,btc-updown-5m-1784905500,https://polymarket.com/zh/event/btc-updown-5m-1784905500,23:05-23:10,79.00,22.00,78.00,21.00,104.71,742.37,748.54,15.80,78.50,21.50,1.00,1.00,18423.13,17368.67,17228.67,18438.14,78,21,21,78,63854.55,63889.34,,
2026-07-24T23:08:31+08:00,btc-updown-5m-1784905500,https://polymarket.com/zh/event/btc-updown-5m-1784905500,23:05-23:10,78.00,27.00,74.00,25.00,293.00,6.13,117.83,223.66,76.00,26.00,4.00,2.00,18224.79,17183.67,17673.67,18129.80,74,22,25,73,63854.55,63874.91,,
2026-07-24T23:08:33+08:00,btc-updown-5m-1784905500,https://polymarket.com/zh/event/btc-updown-5m-1784905500,23:05-23:10,64.00,37.00,63.00,36.00,1185.63,196.26,186.26,1239.37,63.50,36.50,1.00,1.00,18048.79,21738.67,21753.67,17668.80,63,36,36,63,63854.55,63870.48,,
2026-07-24T23:08:35+08:00,btc-updown-5m-1784905500,https://polymarket.com/zh/event/btc-updown-5m-1784905500,23:05-23:10,61.00,40.00,60.00,39.00,756.39,796.58,710.62,621.00,60.50,39.50,1.00,1.00,18148.79,21205.33,21225.33,17553.79,60,39,39,60,63854.55,63870.48,,
2026-07-24T23:08:37+08:00,btc-updown-5m-1784905500,https://polymarket.com/zh/event/btc-updown-5m-1784905500,23:05-23:10,61.00,40.00,60.00,39.00,553.22,316.00,410.59,543.22,60.50,39.50,1.00,1.00,17678.80,21220.33,21210.33,18153.79,60,39,39,60,63854.55,63868.59,,
2026-07-24T23:08:39+08:00,btc-updown-5m-1784905500,https://polymarket.com/zh/event/btc-updown-5m-1784905500,23:05-23:10,55.00,46.00,54.00,45.00,530.24,689.50,635.43,518.94,54.50,45.50,1.00,1.00,17643.79,23812.33,23807.33,17558.79,54,45,45,54,63854.55,63859.91,,
2026-07-24T23:08:41+08:00,btc-updown-5m-1784905500,https://polymarket.com/zh/event/btc-updown-5m-1784905500,23:05-23:10,55.00,49.00,53.00,47.00,1292.74,25.00,5.00,1047.13,54.00,48.00,2.00,2.00,17653.79,23817.33,23837.33,18158.79,53,45,47,51,63854.55,63861.70,,
2026-07-24T23:08:43+08:00,btc-updown-5m-1784905500,https://polymarket.com/zh/event/btc-updown-5m-1784905500,23:05-23:10,50.00,51.00,49.00,50.00,103.75,1854.20,1065.15,71.55,49.50,50.50,1.00,1.00,17197.79,24065.66,24061.66,17187.79,49,50,50,49,63854.55,63857.58,,
2026-07-24T23:08:45+08:00,btc-updown-5m-1784905500,https://polymarket.com/zh/event/btc-updown-5m-1784905500,23:05-23:10,61.00,40.00,60.00,39.00,260.00,334.35,992.78,296.25,60.50,39.50,1.00,1.00,17497.79,23685.66,23685.66,17832.79,60,39,39,60,63854.55,63868.21,,
2026-07-24T23:08:47+08:00,btc-updown-5m-1784905500,https://polymarket.com/zh/event/btc-updown-5m-1784905500,23:05-23:10,66.00,35.00,65.00,34.00,324.37,700.10,815.10,264.37,65.50,34.50,1.00,1.00,17463.79,23550.66,23560.66,17973.79,65,34,34,65,63854.55,63866.94,,
2026-07-24T23:08:49+08:00,btc-updown-5m-1784905500,https://polymarket.com/zh/event/btc-updown-5m-1784905500,23:05-23:10,67.00,34.00,66.00,33.00,226.33,1085.37,1085.37,226.33,66.50,33.50,1.00,1.00,17418.79,23162.33,23172.33,17328.79,66,33,33,66,63854.55,63870.78,,
2026-07-24T23:08:51+08:00,btc-updown-5m-1784905500,https://polymarket.com/zh/event/btc-updown-5m-1784905500,23:05-23:10,65.00,36.00,64.00,35.00,1076.88,5.00,5.00,1749.18,64.50,35.50,1.00,1.00,17313.79,23162.33,23167.33,17428.80,64,35,35,64,63854.55,63869.55,,
2026-07-24T23:08:53+08:00,btc-updown-5m-1784905500,https://polymarket.com/zh/event/btc-updown-5m-1784905500,23:05-23:10,58.00,43.00,57.00,42.00,77.25,781.65,730.65,11.41,57.50,42.50,1.00,1.00,17913.79,21812.33,21832.33,17433.80,57,42,42,57,63854.55,63864.99,,
2026-07-24T23:08:55+08:00,btc-updown-5m-1784905500,https://polymarket.com/zh/event/btc-updown-5m-1784905500,23:05-23:10,54.00,47.00,53.00,46.00,100.00,666.94,499.07,54.00,53.50,46.50,1.00,1.00,17218.80,23937.33,23942.33,17208.79,53,46,46,53,63854.55,63860.87,,
2026-07-24T23:08:57+08:00,btc-updown-5m-1784905500,https://polymarket.com/zh/event/btc-updown-5m-1784905500,23:05-23:10,54.00,46.00,53.00,44.00,5.00,723.08,369.18,217.98,53.50,45.00,1.00,2.00,17953.79,24140.66,24140.66,17953.79,53,46,44,54,63854.55,63860.38,,
2026-07-24T23:08:59+08:00,btc-updown-5m-1784905500,https://polymarket.com/zh/event/btc-updown-5m-1784905500,23:05-23:10,65.00,35.00,64.00,34.00,11.84,822.55,2388.28,11.00,64.50,34.50,1.00,1.00,18173.79,23825.66,23815.66,18163.79,64,35,34,65,63854.55,63870.46,,
2026-07-24T23:09:00+08:00,btc-updown-5m-1784905500,https://polymarket.com/zh/event/btc-updown-5m-1784905500,23:05-23:10,69.00,32.00,68.00,31.00,146.15,904.64,869.64,146.15,68.50,31.50,1.00,1.00,18232.39,23637.64,23637.64,17637.40,68,31,31,68,63854.55,63873.00,,
2026-07-24T23:09:02+08:00,btc-updown-5m-1784905500,https://polymarket.com/zh/event/btc-updown-5m-1784905500,23:05-23:10,71.00,30.00,70.00,27.00,329.71,2075.24,125.00,8.00,70.50,28.50,1.00,3.00,18232.40,23377.64,23297.64,17727.39,70,29,27,70,63854.55,63873.00,,
2026-07-24T23:09:04+08:00,btc-updown-5m-1784905500,https://polymarket.com/zh/event/btc-updown-5m-1784905500,23:05-23:10,71.00,30.00,70.00,29.00,225.00,101.00,105.00,1985.19,70.50,29.50,1.00,1.00,17628.39,20582.64,21027.64,18223.39,65,29,29,63,63854.55,63872.98,,
2026-07-24T23:09:06+08:00,btc-updown-5m-1784905500,https://polymarket.com/zh/event/btc-updown-5m-1784905500,23:05-23:10,77.00,24.00,76.00,23.00,1467.26,243.51,352.58,1877.61,76.50,23.50,1.00,1.00,18093.39,16589.31,16569.31,17698.39,76,23,23,76,63854.55,63877.29,,
2026-07-24T23:09:08+08:00,btc-updown-5m-1784905500,https://polymarket.com/zh/event/btc-updown-5m-1784905500,23:05-23:10,73.00,31.00,72.00,30.00,1535.36,6.32,5.00,535.26,72.50,30.50,1.00,1.00,17583.39,20539.31,20539.31,18193.39,71,27,30,69,63854.55,63870.92,,
2026-07-24T23:09:10+08:00,btc-updown-5m-1784905500,https://polymarket.com/zh/event/btc-updown-5m-1784905500,23:05-23:10,67.00,34.00,66.00,33.00,611.35,854.04,538.05,481.35,66.50,33.50,1.00,1.00,17708.40,16549.31,16539.31,17693.39,66,33,33,66,63854.55,63867.90,,
2026-07-24T23:09:12+08:00,btc-updown-5m-1784905500,https://polymarket.com/zh/event/btc-updown-5m-1784905500,23:05-23:10,76.00,25.00,75.00,24.00,417.62,320.39,270.39,417.62,75.50,24.50,1.00,1.00,17593.39,16589.31,16584.31,18088.39,75,24,24,75,63854.55,63877.64,,
2026-07-24T23:09:14+08:00,btc-updown-5m-1784905500,https://polymarket.com/zh/event/btc-updown-5m-1784905500,23:05-23:10,66.00,35.00,65.00,34.00,448.84,662.78,662.78,443.84,65.50,34.50,1.00,1.00,17588.39,23634.31,23649.31,18193.39,65,34,34,65,63854.55,63867.61,,
2026-07-24T23:09:16+08:00,btc-updown-5m-1784905500,https://polymarket.com/zh/event/btc-updown-5m-1784905500,23:05-23:10,70.00,31.00,69.00,30.00,797.44,113.58,143.58,828.14,69.50,30.50,1.00,1.00,18108.39,20559.31,20569.31,17623.40,68,30,30,69,63854.55,63867.62,,
2026-07-24T23:09:18+08:00,btc-updown-5m-1784905500,https://polymarket.com/zh/event/btc-updown-5m-1784905500,23:05-23:10,73.00,24.00,72.00,23.00,25.00,111.00,368.44,34.82,72.50,23.50,1.00,1.00,18108.39,20689.31,20689.31,17613.40,72,27,23,76,63854.55,63868.88,,
2026-07-24T23:09:20+08:00,btc-updown-5m-1784905500,https://polymarket.com/zh/event/btc-updown-5m-1784905500,23:05-23:10,75.00,24.00,74.00,23.00,51.52,411.00,825.74,421.84,74.50,23.50,1.00,1.00,17603.39,20694.31,20669.31,17708.39,74,24,23,76,63854.55,63870.51,,
2026-07-24T23:09:22+08:00,btc-updown-5m-1784905500,https://polymarket.com/zh/event/btc-updown-5m-1784905500,23:05-23:10,72.00,29.00,71.00,28.00,194.00,19.55,19.55,494.58,71.50,28.50,1.00,1.00,18147.39,22544.31,22539.31,17542.40,71,28,28,71,63854.55,63875.32,,
2026-07-24T23:09:24+08:00,btc-updown-5m-1784905500,https://polymarket.com/zh/event/btc-updown-5m-1784905500,23:05-23:10,66.00,35.00,65.00,34.00,10.00,99.43,106.06,51.00,65.50,34.50,1.00,1.00,18212.39,25649.31,25659.31,17627.40,65,34,34,64,63854.55,63862.60,,
2026-07-24T23:09:26+08:00,btc-updown-5m-1784905500,https://polymarket.com/zh/event/btc-updown-5m-1784905500,23:05-23:10,67.00,34.00,66.00,33.00,49.00,235.00,242.23,105.46,66.50,33.50,1.00,1.00,18107.39,25384.31,25389.31,18222.39,66,33,33,66,63854.55,63862.73,,
2026-07-24T23:09:28+08:00,btc-updown-5m-1784905500,https://polymarket.com/zh/event/btc-updown-5m-1784905500,23:05-23:10,69.00,32.00,68.00,31.00,177.16,68.61,61.29,106.39,68.50,31.50,1.00,1.00,17722.40,25389.31,25384.31,18212.39,68,31,31,68,63854.55,63862.73,,
2026-07-24T23:09:30+08:00,btc-updown-5m-1784905500,https://polymarket.com/zh/event/btc-updown-5m-1784905500,23:05-23:10,71.00,30.00,70.00,29.00,504.62,268.74,253.91,79.53,70.50,29.50,1.00,1.00,17722.39,24846.31,24846.31,17232.39,70,29,29,70,63854.55,63862.74,,
2026-07-24T23:09:32+08:00,btc-updown-5m-1784905500,https://polymarket.com/zh/event/btc-updown-5m-1784905500,23:05-23:10,67.00,34.00,66.00,33.00,59.93,19.20,0.38,126.03,66.50,33.50,1.00,1.00,16972.39,24650.31,24655.31,16857.39,66,32,33,66,63854.55,63863.99,,
2026-07-24T23:09:34+08:00,btc-updown-5m-1784905500,https://polymarket.com/zh/event/btc-updown-5m-1784905500,23:05-23:10,67.00,35.00,65.00,34.00,266.26,31.68,5.00,125.00,66.00,34.50,2.00,1.00,16852.40,24908.31,24893.31,16837.39,65,32,34,65,63854.55,63858.87,,
2026-07-24T23:09:36+08:00,btc-updown-5m-1784905500,https://polymarket.com/zh/event/btc-updown-5m-1784905500,23:05-23:10,63.00,38.00,62.00,37.00,10.00,444.93,403.10,0.06,62.50,37.50,1.00,1.00,15799.40,23861.32,23869.32,15289.40,62,36,37,62,63854.55,63858.87,,
2026-07-24T23:09:38+08:00,btc-updown-5m-1784905500,https://polymarket.com/zh/event/btc-updown-5m-1784905500,23:05-23:10,59.00,42.00,58.00,41.00,433.00,90.40,32.40,448.00,58.50,41.50,1.00,1.00,16574.40,23612.32,23627.32,17709.40,58,41,41,58,63854.55,63858.88,,
2026-07-24T23:09:40+08:00,btc-updown-5m-1784905500,https://polymarket.com/zh/event/btc-updown-5m-1784905500,23:05-23:10,61.00,44.00,60.00,40.00,322.00,355.00,55.00,109.00,60.50,42.00,1.00,4.00,17114.40,23462.32,23467.32,17114.40,58,39,40,56,63854.55,63858.87,,
2026-07-24T23:09:42+08:00,btc-updown-5m-1784905500,https://polymarket.com/zh/event/btc-updown-5m-1784905500,23:05-23:10,40.00,61.00,39.00,60.00,16126.10,1270.74,1597.57,16401.45,39.50,60.50,1.00,1.00,16512.40,21877.32,22005.32,16527.40,39,55,55,39,63854.55,63855.00,,
2026-07-24T23:09:44+08:00,btc-updown-5m-1784905500,https://polymarket.com/zh/event/btc-updown-5m-1784905500,23:05-23:10,40.00,67.00,36.00,66.00,16142.13,458.65,3.43,50.00,38.00,66.50,4.00,1.00,15685.40,20312.32,20271.32,15720.26,36,55,60,33,63854.55,63855.00,,
2026-07-24T23:09:46+08:00,btc-updown-5m-1784905500,https://polymarket.com/zh/event/btc-updown-5m-1784905500,23:05-23:10,31.00,71.00,30.00,70.00,5.00,711.51,11.57,383.63,30.50,70.50,1.00,1.00,14791.64,19122.73,19122.74,14786.64,30,59,60,29,63854.55,63856.27,,
2026-07-24T23:09:48+08:00,btc-updown-5m-1784905500,https://polymarket.com/zh/event/btc-updown-5m-1784905500,23:05-23:10,31.00,72.00,30.00,70.00,1.45,23.85,15.97,8.33,30.50,71.00,1.00,2.00,12421.97,15530.74,15521.73,12411.97,28,53,55,26,63854.55,63856.80,,
2026-07-24T23:09:50+08:00,btc-updown-5m-1784905500,https://polymarket.com/zh/event/btc-updown-5m-1784905500,23:05-23:10,28.00,73.00,25.00,72.00,16.85,1121.45,1476.54,23.91,26.50,72.50,3.00,1.00,11555.47,14866.73,14866.74,11550.47,16,63,63,15,63854.55,63856.89,,
2026-07-24T23:09:52+08:00,btc-updown-5m-1784905500,https://polymarket.com/zh/event/btc-updown-5m-1784905500,23:05-23:10,26.00,74.00,24.00,73.00,35.20,5.00,7.68,20.00,25.00,73.50,2.00,1.00,11772.74,11037.73,11021.74,11767.74,22,57,57,21,63854.55,63859.80,,
2026-07-24T23:09:54+08:00,btc-updown-5m-1784905500,https://polymarket.com/zh/event/btc-updown-5m-1784905500,23:05-23:10,43.00,60.00,40.00,59.00,8.00,30.56,116.16,650.73,41.50,59.50,3.00,1.00,6438.30,10873.73,15393.74,6577.30,25,35,47,25,63854.55,63865.89,,
2026-07-24T23:09:56+08:00,btc-updown-5m-1784905500,https://polymarket.com/zh/event/btc-updown-5m-1784905500,23:05-23:10,12.00,90.00,11.00,89.00,95.71,320.22,29.50,32.95,11.50,89.50,1.00,1.00,9131.43,17944.92,21904.92,5306.75,9,80,83,7,63854.55,63852.00,,
2026-07-24T23:09:58+08:00,btc-updown-5m-1784905500,https://polymarket.com/zh/event/btc-updown-5m-1784905500,23:05-23:10,2.00,99.00,1.00,98.00,1600.61,3327.45,3504.53,1541.74,1.50,98.50,1.00,1.00,3504.53,29192.96,29196.96,3327.45,1,87,87,1,63854.55,63847.21,,
2026-07-24T23:10:01+08:00,btc-updown-5m-1784905800,https://polymarket.com/zh/event/btc-updown-5m-1784905800,23:10-23:15,51.00,50.00,50.00,49.00,1045.54,937.54,984.17,2845.66,50.50,49.50,1.00,1.00,18801.72,19647.48,19667.48,18701.73,50,49,49,50,63843.23,63843.23,,
2026-07-24T23:10:03+08:00,btc-updown-5m-1784905800,https://polymarket.com/zh/event/btc-updown-5m-1784905800,23:10-23:15,50.00,51.00,49.00,50.00,1061.60,190.00,190.00,1099.26,49.50,50.50,1.00,1.00,19055.44,20104.20,20219.20,19030.44,49,50,50,49,63843.23,63838.73,,
2026-07-24T23:10:05+08:00,btc-updown-5m-1784905800,https://polymarket.com/zh/event/btc-updown-5m-1784905800,23:10-23:15,49.00,52.00,48.00,51.00,2039.34,135.92,160.92,2054.65,48.50,51.50,1.00,1.00,19028.44,20367.20,20291.21,19023.44,48,51,51,48,63843.23,63838.43,,
2026-07-24T23:10:07+08:00,btc-updown-5m-1784905800,https://polymarket.com/zh/event/btc-updown-5m-1784905800,23:10-23:15,56.00,45.00,55.00,44.00,29.55,1660.98,1596.64,29.43,55.50,44.50,1.00,1.00,20076.44,20204.70,20214.70,20061.45,55,44,44,55,63843.23,63857.99,,
2026-07-24T23:10:09+08:00,btc-updown-5m-1784905800,https://polymarket.com/zh/event/btc-updown-5m-1784905800,23:10-23:15,57.00,43.00,56.00,42.00,75.00,688.36,1026.01,148.41,56.50,42.50,1.00,1.00,17707.45,18262.30,18257.30,17692.44,56,43,42,57,63843.23,63860.98,,
2026-07-24T23:10:11+08:00,btc-updown-5m-1784905800,https://polymarket.com/zh/event/btc-updown-5m-1784905800,23:10-23:15,59.00,42.00,58.00,41.00,1205.46,144.06,148.06,1233.90,58.50,41.50,1.00,1.00,17764.55,18337.30,18322.30,17854.54,58,41,41,58,63843.23,63860.98,,
2026-07-24T23:10:13+08:00,btc-updown-5m-1784905800,https://polymarket.com/zh/event/btc-updown-5m-1784905800,23:10-23:15,59.00,42.00,58.00,41.00,429.66,545.45,359.35,628.45,58.50,41.50,1.00,1.00,18341.54,18440.63,18425.63,17844.54,58,41,41,58,63843.23,63863.09,,
2026-07-24T23:10:15+08:00,btc-updown-5m-1784905800,https://polymarket.com/zh/event/btc-updown-5m-1784905800,23:10-23:15,64.00,37.00,63.00,36.00,1829.26,26.78,26.78,1834.26,63.50,36.50,1.00,1.00,19690.20,18862.29,19256.29,19785.20,63,36,36,63,63843.23,63869.14,,
2026-07-24T23:10:17+08:00,btc-updown-5m-1784905800,https://polymarket.com/zh/event/btc-updown-5m-1784905800,23:10-23:15,66.00,35.00,65.00,34.00,48.00,791.61,847.04,177.72,65.50,34.50,1.00,1.00,19655.20,19797.96,19782.96,19255.20,65,34,34,65,63843.23,63870.06,,
2026-07-24T23:10:19+08:00,btc-updown-5m-1784905800,https://polymarket.com/zh/event/btc-updown-5m-1784905800,23:10-23:15,69.00,32.00,68.00,31.00,185.55,2268.31,2229.99,47.57,68.50,31.50,1.00,1.00,19290.20,19960.96,19965.96,18700.20,68,31,31,68,63843.23,63881.56,,
2026-07-24T23:10:21+08:00,btc-updown-5m-1784905800,https://polymarket.com/zh/event/btc-updown-5m-1784905800,23:10-23:15,69.00,32.00,68.00,31.00,683.14,266.31,296.81,872.65,68.50,31.50,1.00,1.00,17576.86,18609.78,18599.78,18056.86,68,31,31,68,63843.23,63883.35,,
2026-07-24T23:10:23+08:00,btc-updown-5m-1784905800,https://polymarket.com/zh/event/btc-updown-5m-1784905800,23:10-23:15,70.00,31.00,69.00,30.00,995.24,457.18,457.18,947.49,69.50,30.50,1.00,1.00,17456.86,18709.78,18704.78,17466.87,69,30,30,69,63843.23,63885.77,,
2026-07-24T23:10:25+08:00,btc-updown-5m-1784905800,https://polymarket.com/zh/event/btc-updown-5m-1784905800,23:10-23:15,72.00,29.00,71.00,28.00,1059.66,48.13,38.13,1104.66,71.50,28.50,1.00,1.00,17706.86,18549.78,18489.78,17454.46,71,28,28,71,63843.23,63887.30,,
2026-07-24T23:10:27+08:00,btc-updown-5m-1784905800,https://polymarket.com/zh/event/btc-updown-5m-1784905800,23:10-23:15,75.00,26.00,74.00,25.00,621.23,479.82,960.33,621.23,74.50,25.50,1.00,1.00,17491.74,20721.66,20711.66,17569.44,74,25,25,74,63843.23,63888.99,,
2026-07-24T23:10:29+08:00,btc-updown-5m-1784905800,https://polymarket.com/zh/event/btc-updown-5m-1784905800,23:10-23:15,73.00,28.00,72.00,27.00,146.41,613.65,534.82,86.42,72.50,27.50,1.00,1.00,17823.44,20833.76,20833.76,17781.14,72,27,27,72,63843.23,63893.71,,
2026-07-24T23:10:31+08:00,btc-updown-5m-1784905800,https://polymarket.com/zh/event/btc-updown-5m-1784905800,23:10-23:15,74.00,27.00,73.00,26.00,35.00,2387.52,2035.54,35.00,73.50,26.50,1.00,1.00,17780.15,20483.76,20483.76,17390.14,73,26,26,73,63843.23,63895.00,,
2026-07-24T23:10:33+08:00,btc-updown-5m-1784905800,https://polymarket.com/zh/event/btc-updown-5m-1784905800,23:10-23:15,76.00,25.00,75.00,24.00,261.86,2619.18,2624.22,259.22,75.50,24.50,1.00,1.00,17184.84,20173.76,20168.76,17209.84,75,24,24,75,63843.23,63900.30,,
2026-07-24T23:10:35+08:00,btc-updown-5m-1784905800,https://polymarket.com/zh/event/btc-updown-5m-1784905800,23:10-23:15,79.00,22.00,78.00,21.00,397.36,2161.86,2118.29,386.13,78.50,21.50,1.00,1.00,17454.84,21805.76,22800.76,16954.85,78,21,21,78,63843.23,63905.31,,
2026-07-24T23:10:37+08:00,btc-updown-5m-1784905800,https://polymarket.com/zh/event/btc-updown-5m-1784905800,23:10-23:15,81.00,20.00,80.00,19.00,130.16,1108.71,2192.27,888.18,80.50,19.50,1.00,1.00,17349.84,24810.76,24810.76,16959.84,80,19,19,80,63843.23,63910.22,,
2026-07-24T23:10:39+08:00,btc-updown-5m-1784905800,https://polymarket.com/zh/event/btc-updown-5m-1784905800,23:10-23:15,81.00,20.00,80.00,19.00,138.79,1115.45,1115.45,132.61,80.50,19.50,1.00,1.00,16944.84,24610.76,24605.76,17354.84,80,19,19,80,63843.23,63910.22,,
2026-07-24T23:10:41+08:00,btc-updown-5m-1784905800,https://polymarket.com/zh/event/btc-updown-5m-1784905800,23:10-23:15,82.00,17.00,81.00,15.00,20.00,1333.30,3003.71,506.03,81.50,16.00,1.00,2.00,17339.84,24642.76,24597.76,17359.84,81,18,15,83,63843.23,63911.86,,
2026-07-24T23:10:43+08:00,btc-updown-5m-1784905800,https://polymarket.com/zh/event/btc-updown-5m-1784905800,23:10-23:15,85.00,15.00,84.00,14.00,121.14,430.00,1171.66,659.00,84.50,14.50,1.00,1.00,16954.84,24412.76,24407.76,17349.84,84,15,14,85,63843.23,63920.79,,
2026-07-24T23:10:45+08:00,btc-updown-5m-1784905800,https://polymarket.com/zh/event/btc-updown-5m-1784905800,23:10-23:15,87.00,14.00,86.00,13.00,101.02,974.92,935.21,301.02,86.50,13.50,1.00,1.00,16954.84,26428.07,26388.07,17444.84,86,13,13,86,63843.23,63924.96,,
2026-07-24T23:10:47+08:00,btc-updown-5m-1784905800,https://polymarket.com/zh/event/btc-updown-5m-1784905800,23:10-23:15,87.00,14.00,86.00,13.00,794.13,7.36,230.36,794.13,86.50,13.50,1.00,1.00,17049.84,26143.76,26123.76,16654.84,86,13,13,86,63843.23,63928.62,,
2026-07-24T23:10:49+08:00,btc-updown-5m-1784905800,https://polymarket.com/zh/event/btc-updown-5m-1784905800,23:10-23:15,86.00,15.00,85.00,14.00,480.25,117.92,82.00,516.92,85.50,14.50,1.00,1.00,16674.84,26033.76,26033.76,16654.84,85,14,14,85,63843.23,63924.06,,
2026-07-24T23:10:51+08:00,btc-updown-5m-1784905800,https://polymarket.com/zh/event/btc-updown-5m-1784905800,23:10-23:15,88.00,12.00,87.00,11.00,18.54,380.00,39.11,168.30,87.50,11.50,1.00,1.00,16674.85,24084.35,25328.85,16654.84,87,12,11,88,63843.23,63935.56,,
2026-07-24T23:10:53+08:00,btc-updown-5m-1784905800,https://polymarket.com/zh/event/btc-updown-5m-1784905800,23:10-23:15,91.00,10.00,90.00,9.00,391.41,2577.73,2042.14,376.41,90.50,9.50,1.00,1.00,16664.85,25893.52,24064.82,16664.84,90,9,9,90,63843.23,63951.75,,
2026-07-24T23:10:55+08:00,btc-updown-5m-1784905800,https://polymarket.com/zh/event/btc-updown-5m-1784905800,23:10-23:15,95.00,6.00,94.00,5.00,504.18,1569.91,1903.88,534.47,94.50,5.50,1.00,1.00,14649.84,17850.44,18587.42,14749.84,94,5,5,94,63843.23,64000.00,,
2026-07-24T23:10:57+08:00,btc-updown-5m-1784905800,https://polymarket.com/zh/event/btc-updown-5m-1784905800,23:10-23:15,96.00,5.00,95.00,4.00,852.43,700.45,747.99,1214.51,95.50,4.50,1.00,1.00,14962.85,16503.23,16794.31,14852.85,95,4,4,95,63843.23,64012.95,,
2026-07-24T23:10:59+08:00,btc-updown-5m-1784905800,https://polymarket.com/zh/event/btc-updown-5m-1784905800,23:10-23:15,95.00,6.00,94.00,5.00,1258.52,813.00,697.10,1309.87,94.50,5.50,1.00,1.00,14100.84,19682.26,19778.61,14120.84,94,5,5,94,63843.23,63991.65,,
2026-07-24T23:11:01+08:00,btc-updown-5m-1784905800,https://polymarket.com/zh/event/btc-updown-5m-1784905800,23:10-23:15,94.00,7.00,93.00,6.00,795.55,268.59,235.77,820.20,93.50,6.50,1.00,1.00,19487.84,19696.57,19756.57,19002.84,93,6,6,93,63843.23,63982.12,,
2026-07-24T23:11:03+08:00,btc-updown-5m-1784905800,https://polymarket.com/zh/event/btc-updown-5m-1784905800,23:10-23:15,94.00,7.00,93.00,6.00,437.01,1807.54,1792.92,361.67,93.50,6.50,1.00,1.00,19262.85,16730.12,16724.39,19267.85,93,6,6,93,63843.23,63986.34,,
2026-07-24T23:11:05+08:00,btc-updown-5m-1784905800,https://polymarket.com/zh/event/btc-updown-5m-1784905800,23:10-23:15,96.00,5.00,95.00,4.00,324.55,785.70,520.55,187.71,95.50,4.50,1.00,1.00,20247.84,14761.40,14670.87,19957.84,95,4,4,95,63843.23,64029.14,,
2026-07-24T23:11:07+08:00,btc-updown-5m-1784905800,https://polymarket.com/zh/event/btc-updown-5m-1784905800,23:10-23:15,95.00,5.00,94.00,4.00,10.00,436.78,1682.05,10.00,94.50,4.50,1.00,1.00,18912.84,14055.86,13205.66,18932.84,94,5,4,95,63843.23,64026.17,,
2026-07-24T23:11:09+08:00,btc-updown-5m-1784905800,https://polymarket.com/zh/event/btc-updown-5m-1784905800,23:10-23:15,97.00,4.00,96.00,3.00,2192.66,60.10,5.10,1978.44,96.50,3.50,1.00,1.00,18587.84,15241.76,15029.23,18202.84,96,3,3,96,63843.23,64017.54,,
2026-07-24T23:11:11+08:00,btc-updown-5m-1784905800,https://polymarket.com/zh/event/btc-updown-5m-1784905800,23:10-23:15,96.00,5.00,95.00,4.00,325.81,1621.60,1487.10,266.81,95.50,4.50,1.00,1.00,18032.84,13603.58,13462.58,18517.84,95,4,4,95,63843.23,64040.76,,
2026-07-24T23:11:13+08:00,btc-updown-5m-1784905800,https://polymarket.com/zh/event/btc-updown-5m-1784905800,23:10-23:15,96.00,5.00,95.00,4.00,1095.96,204.60,245.00,1396.96,95.50,4.50,1.00,1.00,18376.18,16104.33,17691.74,18966.17,95,4,4,95,63843.23,64025.44,,
2026-07-24T23:11:15+08:00,btc-updown-5m-1784905800,https://polymarket.com/zh/event/btc-updown-5m-1784905800,23:10-23:15,95.00,6.00,94.00,5.00,495.48,358.56,387.99,426.24,94.50,5.50,1.00,1.00,18966.17,17402.59,17085.35,18386.18,94,5,5,94,63843.23,64007.91,,
2026-07-24T23:11:17+08:00,btc-updown-5m-1784905800,https://polymarket.com/zh/event/btc-updown-5m-1784905800,23:10-23:15,96.00,5.00,95.00,4.00,201.00,1056.90,1048.56,186.00,95.50,4.50,1.00,1.00,18951.17,14360.38,13390.04,18476.17,95,4,4,95,63843.23,64030.00,,
2026-07-24T23:11:19+08:00,btc-updown-5m-1784905800,https://polymarket.com/zh/event/btc-updown-5m-1784905800,23:10-23:15,97.00,4.00,96.00,3.00,1329.65,534.41,656.41,1517.67,96.50,3.50,1.00,1.00,18471.17,14394.75,14597.77,18851.17,96,3,3,96,63843.23,64033.03,,
2026-07-24T23:11:22+08:00,btc-updown-5m-1784905800,https://polymarket.com/zh/event/btc-updown-5m-1784905800,23:10-23:15,97.00,4.00,96.00,3.00,1602.78,294.25,279.25,1741.79,96.50,3.50,1.00,1.00,18886.17,14999.88,15168.89,18876.17,96,3,3,96,63843.23,64020.57,,
2026-07-24T23:11:24+08:00,btc-updown-5m-1784905800,https://polymarket.com/zh/event/btc-updown-5m-1784905800,23:10-23:15,97.00,4.00,96.00,3.00,1289.97,317.00,380.75,1268.97,96.50,3.50,1.00,1.00,18961.17,14597.58,14551.07,18371.18,96,3,3,96,63843.23,64020.94,,
2026-07-24T23:11:26+08:00,btc-updown-5m-1784905800,https://polymarket.com/zh/event/btc-updown-5m-1784905800,23:10-23:15,96.00,5.00,95.00,4.00,493.49,437.22,323.67,541.15,95.50,4.50,1.00,1.00,18386.17,16543.06,16545.72,18396.18,95,4,4,95,63843.23,64013.11,,
2026-07-24T23:11:28+08:00,btc-updown-5m-1784905800,https://polymarket.com/zh/event/btc-updown-5m-1784905800,23:10-23:15,96.00,5.00,95.00,4.00,1055.01,200.70,200.70,1065.01,95.50,4.50,1.00,1.00,18776.17,17547.37,17562.37,18306.18,95,4,4,95,63843.23,64003.32,,
2026-07-24T23:11:30+08:00,btc-updown-5m-1784905800,https://polymarket.com/zh/event/btc-updown-5m-1784905800,23:10-23:15,93.00,8.00,92.00,7.00,1314.66,209.46,195.50,1380.16,92.50,7.50,1.00,1.00,18277.17,20528.26,21058.26,18897.17,92,7,7,92,63843.23,63982.56,,
2026-07-24T23:11:32+08:00,btc-updown-5m-1784905800,https://polymarket.com/zh/event/btc-updown-5m-1784905800,23:10-23:15,91.00,10.00,90.00,9.00,165.69,903.52,924.40,783.16,90.50,9.50,1.00,1.00,17852.17,20500.21,20400.51,18662.17,90,9,9,90,63843.23,63973.87,,
2026-07-24T23:11:34+08:00,btc-updown-5m-1784905800,https://polymarket.com/zh/event/btc-updown-5m-1784905800,23:10-23:15,91.00,10.00,90.00,9.00,633.45,476.82,412.00,659.98,90.50,9.50,1.00,1.00,18167.18,19547.09,20177.09,18262.17,90,9,9,90,63843.23,63973.69,,
2026-07-24T23:11:36+08:00,btc-updown-5m-1784905800,https://polymarket.com/zh/event/btc-updown-5m-1784905800,23:10-23:15,91.00,10.00,90.00,9.00,683.59,211.46,201.46,683.59,90.50,9.50,1.00,1.00,18257.17,20287.22,20287.22,17762.17,90,9,9,90,63843.23,63970.67,,
2026-07-24T23:11:37+08:00,btc-updown-5m-1784905800,https://polymarket.com/zh/event/btc-updown-5m-1784905800,23:10-23:15,90.00,11.00,89.00,10.00,434.21,681.70,543.02,403.76,89.50,10.50,1.00,1.00,17657.17,20496.07,20496.07,18252.17,89,10,10,89,63843.23,63970.67,,
2026-07-24T23:11:40+08:00,btc-updown-5m-1784905800,https://polymarket.com/zh/event/btc-updown-5m-1784905800,23:10-23:15,88.00,13.00,87.00,12.00,356.29,803.92,593.95,348.29,87.50,12.50,1.00,1.00,18152.17,18236.38,18310.02,17647.17,87,12,12,87,63843.23,63959.49,,
2026-07-24T23:11:41+08:00,btc-updown-5m-1784905800,https://polymarket.com/zh/event/btc-updown-5m-1784905800,23:10-23:15,88.00,13.00,87.00,12.00,771.91,39.98,200.87,1171.24,87.50,12.50,1.00,1.00,17502.17,18311.92,18269.77,17992.17,87,12,12,87,63843.23,63947.89,,
2026-07-24T23:11:43+08:00,btc-updown-5m-1784905800,https://polymarket.com/zh/event/btc-updown-5m-1784905800,23:10-23:15,88.00,13.00,87.00,12.00,376.66,514.83,514.83,334.29,87.50,12.50,1.00,1.00,17512.17,17821.60,17721.60,17987.17,87,12,12,87,63843.23,63941.75,,
2026-07-24T23:11:45+08:00,btc-updown-5m-1784905800,https://polymarket.com/zh/event/btc-updown-5m-1784905800,23:10-23:15,88.00,13.00,87.00,12.00,461.76,196.38,261.91,522.11,87.50,12.50,1.00,1.00,17907.17,17498.97,17503.97,17387.17,87,12,12,87,63843.23,63943.82,,
2026-07-24T23:11:47+08:00,btc-updown-5m-1784905800,https://polymarket.com/zh/event/btc-updown-5m-1784905800,23:10-23:15,87.00,14.00,86.00,13.00,1055.52,100.00,110.00,1253.91,86.50,13.50,1.00,1.00,17497.17,19590.88,19600.53,17992.17,86,13,13,86,63843.23,63938.48,,
2026-07-24T23:11:49+08:00,btc-updown-5m-1784905800,https://polymarket.com/zh/event/btc-updown-5m-1784905800,23:10-23:15,84.00,18.00,82.00,17.00,899.72,26.41,58.00,703.56,83.00,17.50,2.00,1.00,17492.17,17700.53,18175.53,17402.18,82,16,17,82,63843.23,63928.53,,
2026-07-24T23:11:51+08:00,btc-updown-5m-1784905800,https://polymarket.com/zh/event/btc-updown-5m-1784905800,23:10-23:15,82.00,19.00,81.00,18.00,285.56,408.30,195.18,286.99,81.50,18.50,1.00,1.00,18027.18,20100.53,20110.53,17997.17,81,18,18,81,63843.23,63919.40,,
2026-07-24T23:11:53+08:00,btc-updown-5m-1784905800,https://polymarket.com/zh/event/btc-updown-5m-1784905800,23:10-23:15,85.00,16.00,84.00,15.00,505.41,648.10,399.65,180.41,84.50,15.50,1.00,1.00,18037.17,19070.53,19070.53,17442.17,84,15,15,84,63843.23,63928.52,,
2026-07-24T23:11:55+08:00,btc-updown-5m-1784905800,https://polymarket.com/zh/event/btc-updown-5m-1784905800,23:10-23:15,89.00,12.00,88.00,11.00,694.53,218.00,443.04,850.40,88.50,11.50,1.00,1.00,18082.17,17512.56,17498.46,17487.17,88,11,11,88,63843.23,63943.69,,
2026-07-24T23:11:57+08:00,btc-updown-5m-1784905800,https://polymarket.com/zh/event/btc-updown-5m-1784905800,23:10-23:15,87.00,15.00,85.00,14.00,665.42,310.97,249.46,108.52,86.00,14.50,2.00,1.00,17957.17,19469.69,19468.69,17357.17,85,13,14,85,63843.23,63938.91,,
2026-07-24T23:11:59+08:00,btc-updown-5m-1784905800,https://polymarket.com/zh/event/btc-updown-5m-1784905800,23:10-23:15,89.00,12.00,88.00,11.00,457.30,146.57,254.91,563.13,88.50,11.50,1.00,1.00,17942.17,17465.19,17450.19,17462.17,88,11,11,88,63843.23,63941.74,,
2026-07-24T23:12:01+08:00,btc-updown-5m-1784905800,https://polymarket.com/zh/event/btc-updown-5m-1784905800,23:10-23:15,91.00,10.00,90.00,9.00,744.92,760.86,925.45,229.05,90.50,9.50,1.00,1.00,16235.51,19692.29,19682.29,16735.51,90,9,9,90,63843.23,63951.76,,
2026-07-24T23:12:03+08:00,btc-updown-5m-1784905800,https://polymarket.com/zh/event/btc-updown-5m-1784905800,23:10-23:15,92.00,9.00,91.00,8.00,617.13,327.23,322.23,642.13,91.50,8.50,1.00,1.00,16820.51,20029.18,20014.18,16745.51,91,8,8,91,63843.23,63954.00,,
2026-07-24T23:12:05+08:00,btc-updown-5m-1784905800,https://polymarket.com/zh/event/btc-updown-5m-1784905800,23:10-23:15,90.00,11.00,89.00,10.00,208.97,359.81,93.69,165.50,89.50,10.50,1.00,1.00,16255.52,17724.08,17762.41,16720.51,89,10,10,89,63843.23,63945.43,,
2026-07-24T23:12:07+08:00,btc-updown-5m-1784905800,https://polymarket.com/zh/event/btc-updown-5m-1784905800,23:10-23:15,92.00,9.00,91.00,8.00,2.87,865.96,786.96,2.87,91.50,8.50,1.00,1.00,15755.51,19662.51,19951.51,15630.51,91,8,8,91,63843.23,63945.85,,
2026-07-24T23:12:09+08:00,btc-updown-5m-1784905800,https://polymarket.com/zh/event/btc-updown-5m-1784905800,23:10-23:15,95.00,6.00,94.00,5.00,1231.86,1.54,50.00,1357.86,94.50,5.50,1.00,1.00,16235.51,19407.17,19679.67,15735.52,94,5,5,94,63843.23,63964.37,,
2026-07-24T23:12:11+08:00,btc-updown-5m-1784905800,https://polymarket.com/zh/event/btc-updown-5m-1784905800,23:10-23:15,95.00,6.00,94.00,5.00,968.64,182.06,173.73,1023.25,94.50,5.50,1.00,1.00,16240.51,18970.01,19044.62,15735.51,94,5,5,94,63843.23,63963.20,,
2026-07-24T23:12:13+08:00,btc-updown-5m-1784905800,https://polymarket.com/zh/event/btc-updown-5m-1784905800,23:10-23:15,95.00,6.00,94.00,5.00,377.44,567.24,597.77,332.71,94.50,5.50,1.00,1.00,16145.51,17969.81,17925.08,15645.51,94,5,5,94,63843.23,63967.23,,
2026-07-24T23:12:15+08:00,btc-updown-5m-1784905800,https://polymarket.com/zh/event/btc-updown-5m-1784905800,23:10-23:15,95.00,6.00,94.00,5.00,107.47,811.74,766.48,6.22,94.50,5.50,1.00,1.00,16140.51,17917.15,17625.90,15745.52,94,5,5,94,63843.23,63963.22,,
2026-07-24T23:12:17+08:00,btc-updown-5m-1784905800,https://polymarket.com/zh/event/btc-updown-5m-1784905800,23:10-23:15,96.00,5.00,95.00,4.00,907.44,192.71,103.37,538.74,95.50,4.50,1.00,1.00,15625.52,17832.63,17398.93,15735.51,95,4,4,95,63843.23,63964.91,,
2026-07-24T23:12:19+08:00,btc-updown-5m-1784905800,https://polymarket.com/zh/event/btc-updown-5m-1784905800,23:10-23:15,96.00,5.00,95.00,4.00,1312.09,297.49,243.26,1305.87,95.50,4.50,1.00,1.00,16215.51,18101.41,17975.19,15725.51,95,4,4,95,63843.23,63966.94,,
2026-07-24T23:12:21+08:00,btc-updown-5m-1784905800,https://polymarket.com/zh/event/btc-updown-5m-1784905800,23:10-23:15,95.00,6.00,94.00,5.00,116.01,777.29,523.40,92.58,94.50,5.50,1.00,1.00,15749.52,17446.70,17291.39,16239.51,94,5,5,94,63843.23,63968.66,,
2026-07-24T23:12:23+08:00,btc-updown-5m-1784905800,https://polymarket.com/zh/event/btc-updown-5m-1784905800,23:10-23:15,96.00,5.00,95.00,4.00,327.09,794.87,710.62,322.09,95.50,4.50,1.00,1.00,16114.51,15812.77,15875.77,15714.51,95,4,4,95,63843.23,63976.26,,
2026-07-24T23:12:25+08:00,btc-updown-5m-1784905800,https://polymarket.com/zh/event/btc-updown-5m-1784905800,23:10-23:15,97.00,4.00,96.00,3.00,1442.00,613.98,613.98,1442.00,96.50,3.50,1.00,1.00,15699.51,15403.80,15667.40,16119.51,96,3,3,96,63843.23,63976.18,,
2026-07-24T23:12:27+08:00,btc-updown-5m-1784905800,https://polymarket.com/zh/event/btc-updown-5m-1784905800,23:10-23:15,97.00,4.00,96.00,3.00,419.96,650.20,732.67,484.96,96.50,3.50,1.00,1.00,15969.51,11018.45,10962.45,15479.51,96,3,3,96,63843.23,63986.33,,
2026-07-24T23:12:29+08:00,btc-updown-5m-1784905800,https://polymarket.com/zh/event/btc-updown-5m-1784905800,23:10-23:15,97.00,4.00,96.00,3.00,811.35,466.01,466.01,811.35,96.50,3.50,1.00,1.00,15474.51,11358.84,11358.84,15479.51,96,3,3,96,63843.23,63978.47,,
2026-07-24T23:12:31+08:00,btc-updown-5m-1784905800,https://polymarket.com/zh/event/btc-updown-5m-1784905800,23:10-23:15,97.00,4.00,96.00,3.00,266.92,878.82,792.82,266.92,96.50,3.50,1.00,1.00,15054.51,8638.96,8691.64,15569.51,96,3,3,96,63843.23,63978.48,,
2026-07-24T23:12:34+08:00,btc-updown-5m-1784905800,https://polymarket.com/zh/event/btc-updown-5m-1784905800,23:10-23:15,97.00,4.00,96.00,3.00,1031.01,288.38,204.18,1006.01,96.50,3.50,1.00,1.00,15479.51,10317.33,11792.33,14759.51,96,3,3,96,63843.23,63974.94,,
2026-07-24T23:12:36+08:00,btc-updown-5m-1784905800,https://polymarket.com/zh/event/btc-updown-5m-1784905800,23:10-23:15,97.00,4.00,96.00,3.00,471.03,405.63,417.51,496.03,96.50,3.50,1.00,1.00,15389.51,9969.75,9954.75,14859.51,96,3,3,96,63843.23,63973.24,,
2026-07-24T23:12:37+08:00,btc-updown-5m-1784905800,https://polymarket.com/zh/event/btc-updown-5m-1784905800,23:10-23:15,97.00,4.00,96.00,3.00,309.51,401.78,432.37,309.51,96.50,3.50,1.00,1.00,15064.51,9293.23,9555.83,15434.51,96,3,3,96,63843.23,63973.73,,
2026-07-24T23:12:39+08:00,btc-updown-5m-1784905800,https://polymarket.com/zh/event/btc-updown-5m-1784905800,23:10-23:15,97.00,4.00,96.00,3.00,45.61,1069.20,945.15,43.54,96.50,3.50,1.00,1.00,15464.51,10237.64,10356.57,14949.52,96,3,3,96,63843.23,63972.46,,
2026-07-24T23:12:41+08:00,btc-updown-5m-1784905800,https://polymarket.com/zh/event/btc-updown-5m-1784905800,23:10-23:15,97.00,4.00,96.00,3.00,34.22,1755.29,1745.29,21.79,96.50,3.50,1.00,1.00,14954.51,8392.80,8395.37,15449.51,96,3,3,96,63843.23,63978.55,,
2026-07-24T23:12:43+08:00,btc-updown-5m-1784905800,https://polymarket.com/zh/event/btc-updown-5m-1784905800,23:10-23:15,98.00,3.00,97.00,2.00,2171.82,152.49,152.49,2164.77,97.50,2.50,1.00,1.00,14969.51,8558.98,8551.93,14939.51,97,2,2,97,63843.23,63979.49,,
2026-07-24T23:12:46+08:00,btc-updown-5m-1784905800,https://polymarket.com/zh/event/btc-updown-5m-1784905800,23:10-23:15,98.00,3.00,97.00,2.00,1921.30,183.49,282.02,1848.26,97.50,2.50,1.00,1.00,15444.51,7978.01,7879.97,14849.51,97,2,2,97,63843.23,63979.49,,
2026-07-24T23:12:48+08:00,btc-updown-5m-1784905800,https://polymarket.com/zh/event/btc-updown-5m-1784905800,23:10-23:15,98.00,3.00,97.00,2.00,1928.74,77.55,90.48,1966.81,97.50,2.50,1.00,1.00,14839.51,8310.83,8879.90,15449.52,97,2,2,97,63843.23,63971.72,,
2026-07-24T23:12:50+08:00,btc-updown-5m-1784905800,https://polymarket.com/zh/event/btc-updown-5m-1784905800,23:10-23:15,98.00,3.00,97.00,2.00,1854.47,87.59,87.59,1854.47,97.50,2.50,1.00,1.00,14889.51,8661.56,8661.56,14889.51,97,2,2,97,63843.23,63967.24,,
2026-07-24T23:12:52+08:00,btc-updown-5m-1784905800,https://polymarket.com/zh/event/btc-updown-5m-1784905800,23:10-23:15,98.00,3.00,97.00,2.00,565.86,1412.78,916.96,455.60,97.50,2.50,1.00,1.00,14744.14,7422.95,6173.12,15314.13,97,2,2,97,63843.23,63967.24,,
2026-07-24T23:12:54+08:00,btc-updown-5m-1784905800,https://polymarket.com/zh/event/btc-updown-5m-1784905800,23:10-23:15,98.00,4.00,97.00,3.00,1391.48,139.40,178.94,420.00,97.50,3.50,1.00,1.00,15264.14,12839.38,13259.38,14739.13,97,2,3,96,63843.23,63955.62,,
2026-07-24T23:12:56+08:00,btc-updown-5m-1784905800,https://polymarket.com/zh/event/btc-updown-5m-1784905800,23:10-23:15,99.00,2.00,98.00,1.00,10719.39,517.92,116.00,10640.89,98.50,1.50,1.00,1.00,15154.13,10719.39,10640.89,14649.13,98,1,1,98,63843.23,63959.03,,
2026-07-24T23:12:57+08:00,btc-updown-5m-1784905800,https://polymarket.com/zh/event/btc-updown-5m-1784905800,23:10-23:15,98.00,3.00,97.00,2.00,136.56,1047.47,1047.47,136.56,97.50,2.50,1.00,1.00,14729.13,10107.96,10107.96,14719.13,97,2,2,97,63843.23,63959.92,,
2026-07-24T23:13:00+08:00,btc-updown-5m-1784905800,https://polymarket.com/zh/event/btc-updown-5m-1784905800,23:10-23:15,98.00,3.00,97.00,2.00,98.28,1304.89,1299.07,113.28,97.50,2.50,1.00,1.00,14834.13,8408.08,8092.08,14714.13,97,2,2,97,63843.23,63963.13,,
2026-07-24T23:13:02+08:00,btc-updown-5m-1784905800,https://polymarket.com/zh/event/btc-updown-5m-1784905800,23:10-23:15,99.00,2.00,98.00,1.00,5306.51,684.49,684.49,4888.51,98.50,1.50,1.00,1.00,14843.04,5306.51,4888.51,14713.03,98,1,1,98,63843.23,63963.28,,
2026-07-24T23:13:04+08:00,btc-updown-5m-1784905800,https://polymarket.com/zh/event/btc-updown-5m-1784905800,23:10-23:15,99.00,2.00,98.00,1.00,1752.63,1479.87,1514.87,1748.65,98.50,1.50,1.00,1.00,14708.03,1752.63,1748.65,14718.03,98,1,1,98,63843.23,63975.90,,
2026-07-24T23:13:06+08:00,btc-updown-5m-1784905800,https://polymarket.com/zh/event/btc-updown-5m-1784905800,23:10-23:15,99.00,2.00,98.00,1.00,1993.13,1285.90,1285.90,2078.06,98.50,1.50,1.00,1.00,15328.03,1993.13,2078.06,14728.04,98,1,1,98,63843.23,63970.26,,
2026-07-24T23:13:08+08:00,btc-updown-5m-1784905800,https://polymarket.com/zh/event/btc-updown-5m-1784905800,23:10-23:15,99.00,2.00,98.00,1.00,1607.38,1380.96,1387.03,1574.51,98.50,1.50,1.00,1.00,14808.03,1607.38,1574.51,14728.03,98,1,1,98,63843.23,63970.26,,
2026-07-24T23:13:10+08:00,btc-updown-5m-1784905800,https://polymarket.com/zh/event/btc-updown-5m-1784905800,23:10-23:15,99.00,2.00,98.00,1.00,1439.53,1736.57,1701.57,1447.57,98.50,1.50,1.00,1.00,14708.04,1439.53,1447.57,15308.03,98,1,1,98,63843.23,63976.49,,
2026-07-24T23:13:12+08:00,btc-updown-5m-1784905800,https://polymarket.com/zh/event/btc-updown-5m-1784905800,23:10-23:15,99.00,2.00,98.00,1.00,707.55,1928.21,2167.73,719.56,98.50,1.50,1.00,1.00,14813.04,707.55,719.56,14783.03,98,1,1,98,63843.23,63975.98,,
2026-07-24T23:13:14+08:00,btc-updown-5m-1784905800,https://polymarket.com/zh/event/btc-updown-5m-1784905800,23:10-23:15,99.00,2.00,98.00,1.00,600.42,1385.86,1379.39,545.22,98.50,1.50,1.00,1.00,14792.03,600.42,545.22,14692.03,98,1,1,98,63843.23,63974.47,,
2026-07-24T23:13:16+08:00,btc-updown-5m-1784905800,https://polymarket.com/zh/event/btc-updown-5m-1784905800,23:10-23:15,99.00,2.00,98.00,1.00,266.34,1773.03,1598.03,221.34,98.50,1.50,1.00,1.00,14796.03,266.34,221.34,14691.03,98,1,1,98,63843.23,63975.98,,
2026-07-24T23:13:18+08:00,btc-updown-5m-1784905800,https://polymarket.com/zh/event/btc-updown-5m-1784905800,23:10-23:15,,1.00,99.00,,,4254.03,4621.26,,,,,,14706.03,,,14691.03,99,0,0,99,63843.23,63987.29,,
2026-07-24T23:13:20+08:00,btc-updown-5m-1784905800,https://polymarket.com/zh/event/btc-updown-5m-1784905800,23:10-23:15,97.00,4.00,96.00,3.00,913.88,1547.67,1474.92,849.23,96.50,3.50,1.00,1.00,14706.04,5408.48,4873.83,14676.03,96,3,3,96,63843.23,63936.27,,
2026-07-24T23:13:22+08:00,btc-updown-5m-1784905800,https://polymarket.com/zh/event/btc-updown-5m-1784905800,23:10-23:15,97.00,4.00,96.00,3.00,459.01,1634.33,1654.33,359.04,96.50,3.50,1.00,1.00,14701.03,3826.30,4072.93,15191.03,96,3,3,96,63843.23,63926.52,,
2026-07-24T23:13:24+08:00,btc-updown-5m-1784905800,https://polymarket.com/zh/event/btc-updown-5m-1784905800,23:10-23:15,97.00,4.00,96.00,3.00,111.83,1509.19,1474.19,313.73,96.50,3.50,1.00,1.00,14586.03,5084.06,5290.96,14706.03,96,3,3,96,63843.23,63947.99,,
2026-07-24T23:13:26+08:00,btc-updown-5m-1784905800,https://polymarket.com/zh/event/btc-updown-5m-1784905800,23:10-23:15,97.00,4.00,96.00,3.00,1417.91,631.93,690.73,1201.90,96.50,3.50,1.00,1.00,15086.04,6380.35,6532.13,15096.03,96,3,3,96,63843.23,63945.63,,
2026-07-24T23:13:28+08:00,btc-updown-5m-1784905800,https://polymarket.com/zh/event/btc-updown-5m-1784905800,23:10-23:15,97.00,4.00,96.00,3.00,208.16,999.16,902.66,208.16,96.50,3.50,1.00,1.00,15186.03,4756.81,4750.81,14596.03,96,3,3,96,63843.23,63945.62,,
2026-07-24T23:13:30+08:00,btc-updown-5m-1784905800,https://polymarket.com/zh/event/btc-updown-5m-1784905800,23:10-23:15,97.00,4.00,96.00,3.00,33.75,707.42,764.20,33.75,96.50,3.50,1.00,1.00,15081.03,4681.40,4976.50,14357.69,96,3,3,96,63843.23,63945.62,,
2026-07-24T23:13:32+08:00,btc-updown-5m-1784905800,https://polymarket.com/zh/event/btc-updown-5m-1784905800,23:10-23:15,98.00,3.00,97.00,2.00,1118.22,128.67,65.00,738.56,97.50,2.50,1.00,1.00,14353.69,5964.83,5085.17,14858.69,97,2,2,97,63843.23,63936.04,,
2026-07-24T23:13:34+08:00,btc-updown-5m-1784905800,https://polymarket.com/zh/event/btc-updown-5m-1784905800,23:10-23:15,98.00,3.00,97.00,2.00,291.69,60.00,60.00,291.69,97.50,2.50,1.00,1.00,14858.69,4450.82,4450.82,14858.69,97,2,2,97,63843.23,63941.71,,
2026-07-24T23:13:36+08:00,btc-updown-5m-1784905800,https://polymarket.com/zh/event/btc-updown-5m-1784905800,23:10-23:15,99.00,2.00,98.00,1.00,426.14,348.48,132.41,841.65,98.50,1.50,1.00,1.00,14978.69,426.14,841.65,14423.71,98,1,1,98,63843.23,63951.75,,
2026-07-24T23:13:38+08:00,btc-updown-5m-1784905800,https://polymarket.com/zh/event/btc-updown-5m-1784905800,23:10-23:15,99.00,2.00,98.00,1.00,694.26,365.96,35.96,755.54,98.50,1.50,1.00,1.00,14428.69,694.26,755.54,14933.69,98,1,1,98,63843.23,63957.99,,
2026-07-24T23:13:40+08:00,btc-updown-5m-1784905800,https://polymarket.com/zh/event/btc-updown-5m-1784905800,23:10-23:15,99.00,2.00,98.00,1.00,1202.66,351.48,126.58,677.71,98.50,1.50,1.00,1.00,14448.70,1202.66,677.71,14971.70,98,1,1,98,63843.23,63953.43,,
2026-07-24T23:13:42+08:00,btc-updown-5m-1784905800,https://polymarket.com/zh/event/btc-updown-5m-1784905800,23:10-23:15,99.00,2.00,98.00,1.00,859.80,153.85,153.85,847.80,98.50,1.50,1.00,1.00,14976.69,859.80,847.80,15061.69,98,1,1,98,63843.23,63954.07,,
2026-07-24T23:13:44+08:00,btc-updown-5m-1784905800,https://polymarket.com/zh/event/btc-updown-5m-1784905800,23:10-23:15,99.00,2.00,98.00,1.00,542.89,809.53,809.53,542.89,98.50,1.50,1.00,1.00,14451.69,542.89,542.89,14451.69,98,1,1,98,63843.23,63954.07,,
2026-07-24T23:13:46+08:00,btc-updown-5m-1784905800,https://polymarket.com/zh/event/btc-updown-5m-1784905800,23:10-23:15,98.00,3.00,97.00,2.00,85.00,518.09,518.09,85.00,97.50,2.50,1.00,1.00,14576.70,1164.06,1174.06,15051.69,97,2,2,97,63843.23,63947.89,,
2026-07-24T23:13:48+08:00,btc-updown-5m-1784905800,https://polymarket.com/zh/event/btc-updown-5m-1784905800,23:10-23:15,99.00,2.00,97.00,1.00,683.06,135.24,599.05,413.00,98.00,1.50,2.00,1.00,14561.70,683.06,413.00,14466.70,97,1,1,98,63843.23,63947.89,,
2026-07-24T23:13:50+08:00,btc-updown-5m-1784905800,https://polymarket.com/zh/event/btc-updown-5m-1784905800,23:10-23:15,,1.00,99.00,,,731.00,731.00,,,,,,14952.69,,,14952.69,99,0,0,99,63843.23,63957.65,,
2026-07-24T23:13:52+08:00,btc-updown-5m-1784905800,https://polymarket.com/zh/event/btc-updown-5m-1784905800,23:10-23:15,,1.00,99.00,,,1958.10,1958.10,,,,,,14956.69,,,14456.70,99,0,0,99,63843.23,63957.65,,
2026-07-24T23:13:53+08:00,btc-updown-5m-1784905800,https://polymarket.com/zh/event/btc-updown-5m-1784905800,23:10-23:15,,1.00,99.00,,,1447.10,1847.10,,,,,,14471.69,,,14956.69,99,0,0,99,63843.23,63951.18,,
2026-07-24T23:13:55+08:00,btc-updown-5m-1784905800,https://polymarket.com/zh/event/btc-updown-5m-1784905800,23:10-23:15,,1.00,99.00,,,4238.08,4238.08,,,,,,14476.69,,,14451.69,99,0,0,99,63843.23,63961.51,,
2026-07-24T23:13:57+08:00,btc-updown-5m-1784905800,https://polymarket.com/zh/event/btc-updown-5m-1784905800,23:10-23:15,,1.00,99.00,,,4402.72,4402.72,,,,,,14466.69,,,14446.69,99,0,0,99,63843.23,63962.77,,
2026-07-24T23:13:59+08:00,btc-updown-5m-1784905800,https://polymarket.com/zh/event/btc-updown-5m-1784905800,23:10-23:15,,1.00,99.00,,,4351.19,4346.18,,,,,,14896.69,,,14386.70,99,0,0,99,63843.23,63966.61,,
2026-07-24T23:14:01+08:00,btc-updown-5m-1784905800,https://polymarket.com/zh/event/btc-updown-5m-1784905800,23:10-23:15,,1.00,99.00,,,4594.41,4594.37,,,,,,14811.68,,,14296.67,99,0,0,99,63843.23,63966.62,,
2026-07-24T23:14:03+08:00,btc-updown-5m-1784905800,https://polymarket.com/zh/event/btc-updown-5m-1784905800,23:10-23:15,,1.00,99.00,,,6397.91,6397.91,,,,,,14306.67,,,14796.67,99,0,0,99,63843.23,63967.23,,
2026-07-24T23:14:05+08:00,btc-updown-5m-1784905800,https://polymarket.com/zh/event/btc-updown-5m-1784905800,23:10-23:15,,1.00,99.00,,,11956.49,11949.49,,,,,,14791.67,,,14296.67,99,0,0,99,63843.23,63968.87,,
2026-07-24T23:14:07+08:00,btc-updown-5m-1784905800,https://polymarket.com/zh/event/btc-updown-5m-1784905800,23:10-23:15,,1.00,99.00,,,23649.99,23655.00,,,,,,14301.69,,,14806.67,99,0,0,99,63843.23,63968.89,,
2026-07-24T23:14:09+08:00,btc-updown-5m-1784905800,https://polymarket.com/zh/event/btc-updown-5m-1784905800,23:10-23:15,,1.00,99.00,,,26333.31,23828.30,,,,,,14801.67,,,14306.68,99,0,0,99,63843.23,63982.71,,
2026-07-24T23:14:11+08:00,btc-updown-5m-1784905800,https://polymarket.com/zh/event/btc-updown-5m-1784905800,23:10-23:15,,1.00,99.00,,,26628.91,26623.90,,,,,,14796.67,,,14316.68,99,0,0,99,63843.23,63982.40,,
2026-07-24T23:14:13+08:00,btc-updown-5m-1784905800,https://polymarket.com/zh/event/btc-updown-5m-1784905800,23:10-23:15,,1.00,99.00,,,26598.91,26593.90,,,,,,14791.67,,,14321.68,99,0,0,99,63843.23,63985.46,,
2026-07-24T23:14:15+08:00,btc-updown-5m-1784905800,https://polymarket.com/zh/event/btc-updown-5m-1784905800,23:10-23:15,,1.00,99.00,,,27043.91,27310.11,,,,,,14306.67,,,14326.67,99,0,0,99,63843.23,63977.93,,
2026-07-24T23:14:17+08:00,btc-updown-5m-1784905800,https://polymarket.com/zh/event/btc-updown-5m-1784905800,23:10-23:15,,1.00,99.00,,,26664.11,27043.91,,,,,,14301.67,,,14316.67,99,0,0,99,63843.23,63982.99,,
2026-07-24T23:14:19+08:00,btc-updown-5m-1784905800,https://polymarket.com/zh/event/btc-updown-5m-1784905800,23:10-23:15,,1.00,99.00,,,26729.12,26724.11,,,,,,14816.67,,,14311.68,99,0,0,99,63843.23,63980.73,,
2026-07-24T23:14:21+08:00,btc-updown-5m-1784905800,https://polymarket.com/zh/event/btc-updown-5m-1784905800,23:10-23:15,,1.00,99.00,,,41856.87,41851.86,,,,,,14806.67,,,14331.68,99,0,0,99,63843.23,63982.33,,
2026-07-24T23:14:23+08:00,btc-updown-5m-1784905800,https://polymarket.com/zh/event/btc-updown-5m-1784905800,23:10-23:15,,1.00,99.00,,,42274.86,42309.87,,,,,,14816.68,,,14821.67,99,0,0,99,63843.23,64008.01,,
2026-07-24T23:14:25+08:00,btc-updown-5m-1784905800,https://polymarket.com/zh/event/btc-updown-5m-1784905800,23:10-23:15,,1.00,99.00,,,43438.87,43428.86,,,,,,14816.67,,,14316.68,99,0,0,99,63843.23,64009.61,,
2026-07-24T23:14:27+08:00,btc-updown-5m-1784905800,https://polymarket.com/zh/event/btc-updown-5m-1784905800,23:10-23:15,,1.00,99.00,,,43713.88,43703.86,,,,,,14811.67,,,14326.69,99,0,0,99,63843.23,64015.32,,
2026-07-24T23:14:29+08:00,btc-updown-5m-1784905800,https://polymarket.com/zh/event/btc-updown-5m-1784905800,23:10-23:15,,1.00,99.00,,,45418.55,45423.56,,,,,,14341.68,,,14341.68,99,0,0,99,63843.23,64014.56,,
2026-07-24T23:14:31+08:00,btc-updown-5m-1784905800,https://polymarket.com/zh/event/btc-updown-5m-1784905800,23:10-23:15,,1.00,99.00,,,48655.34,48655.34,,,,,,13705.67,,,13710.67,99,0,0,99,63843.23,64012.73,,
2026-07-24T23:14:33+08:00,btc-updown-5m-1784905800,https://polymarket.com/zh/event/btc-updown-5m-1784905800,23:10-23:15,,1.00,99.00,,,48663.34,48663.34,,,,,,14225.67,,,14210.67,99,0,0,99,63843.23,64019.60,,
2026-07-24T23:14:35+08:00,btc-updown-5m-1784905800,https://polymarket.com/zh/event/btc-updown-5m-1784905800,23:10-23:15,,1.00,99.00,,,50119.79,50119.79,,,,,,12174.68,,,12164.68,99,0,0,99,63843.23,64028.95,,
2026-07-24T23:14:37+08:00,btc-updown-5m-1784905800,https://polymarket.com/zh/event/btc-updown-5m-1784905800,23:10-23:15,,1.00,99.00,,,50069.25,50064.24,,,,,,12664.68,,,12669.69,99,0,0,99,63843.23,64048.49,,
2026-07-24T23:14:39+08:00,btc-updown-5m-1784905800,https://polymarket.com/zh/event/btc-updown-5m-1784905800,23:10-23:15,,1.00,99.00,,,50020.95,50020.95,,,,,,12067.68,,,12552.68,99,0,0,99,63843.23,64061.04,,
2026-07-24T23:14:42+08:00,btc-updown-5m-1784905800,https://polymarket.com/zh/event/btc-updown-5m-1784905800,23:10-23:15,,1.00,99.00,,,48521.95,48521.95,,,,,,12567.68,,,12567.68,99,0,0,99,63843.23,64062.39,,
2026-07-24T23:14:44+08:00,btc-updown-5m-1784905800,https://polymarket.com/zh/event/btc-updown-5m-1784905800,23:10-23:15,,1.00,99.00,,,48172.95,48592.95,,,,,,12082.68,,,12052.68,99,0,0,99,63843.23,64059.54,,
2026-07-24T23:14:46+08:00,btc-updown-5m-1784905800,https://polymarket.com/zh/event/btc-updown-5m-1784905800,23:10-23:15,,1.00,99.00,,,47890.40,47875.40,,,,,,11320.69,,,11345.70,99,0,0,99,63843.23,64056.25,,
2026-07-24T23:14:48+08:00,btc-updown-5m-1784905800,https://polymarket.com/zh/event/btc-updown-5m-1784905800,23:10-23:15,,1.00,99.00,,,48523.40,48528.41,,,,,,11290.70,,,11775.69,93,0,0,93,63843.23,64062.65,,
2026-07-24T23:14:50+08:00,btc-updown-5m-1784905800,https://polymarket.com/zh/event/btc-updown-5m-1784905800,23:10-23:15,,1.00,99.00,,,48603.45,48533.45,,,,,,11742.69,,,11662.69,88,0,0,87,63843.23,64071.72,,
2026-07-24T23:14:52+08:00,btc-updown-5m-1784905800,https://polymarket.com/zh/event/btc-updown-5m-1784905800,23:10-23:15,,1.00,99.00,,,49023.49,49018.49,,,,,,10992.69,,,11502.69,87,0,0,87,63843.23,64072.36,,
2026-07-24T23:14:54+08:00,btc-updown-5m-1784905800,https://polymarket.com/zh/event/btc-updown-5m-1784905800,23:10-23:15,,1.00,99.00,,,49523.79,49383.79,,,,,,11012.69,,,11497.69,87,0,0,87,63843.23,64077.97,,
2026-07-24T23:14:56+08:00,btc-updown-5m-1784905800,https://polymarket.com/zh/event/btc-updown-5m-1784905800,23:10-23:15,,1.00,99.00,,,51110.55,50443.19,,,,,,19514.69,,,19024.69,83,0,0,82,63843.23,64073.97,,
2026-07-24T23:14:58+08:00,btc-updown-5m-1784905800,https://polymarket.com/zh/event/btc-updown-5m-1784905800,23:10-23:15,,1.00,99.00,,,56007.36,55595.83,,,,,,19488.70,,,18808.69,82,0,0,82,63843.23,64072.11,,
2026-07-24T23:15:00+08:00,btc-updown-5m-1784905800,https://polymarket.com/zh/event/btc-updown-5m-1784905800,23:10-23:15,,1.00,99.00,,,92852.02,92839.31,,,,,,13103.70,,,13053.70,65,0,0,65,63843.23,64073.96,,
2026-07-24T23:15:02+08:00,btc-updown-5m-1784906100,https://polymarket.com/zh/event/btc-updown-5m-1784906100,23:15-23:20,51.00,50.00,50.00,49.00,710.16,819.98,411.30,553.06,50.50,49.50,1.00,1.00,17606.02,17285.31,17275.97,17712.85,50,49,49,50,64058.00,64058.00,,
2026-07-24T23:15:04+08:00,btc-updown-5m-1784906100,https://polymarket.com/zh/event/btc-updown-5m-1784906100,23:15-23:20,45.00,56.00,44.00,55.00,373.00,727.78,1261.48,370.92,44.50,55.50,1.00,1.00,17697.84,17511.97,17616.98,17727.84,44,55,55,44,64058.00,64060.29,,
2026-07-24T23:15:06+08:00,btc-updown-5m-1784906100,https://polymarket.com/zh/event/btc-updown-5m-1784906100,23:15-23:20,48.00,53.00,47.00,52.00,234.96,1187.06,867.30,234.96,47.50,52.50,1.00,1.00,17900.84,17868.97,17743.97,17910.84,47,52,52,47,64058.00,64070.00,,
2026-07-24T23:15:08+08:00,btc-updown-5m-1784906100,https://polymarket.com/zh/event/btc-updown-5m-1784906100,23:15-23:20,59.00,42.00,56.00,40.00,188.31,307.17,228.36,242.81,57.50,41.00,3.00,2.00,15740.85,17448.97,17478.97,15741.85,56,41,40,58,64058.00,64118.38,,
2026-07-24T23:15:10+08:00,btc-updown-5m-1784906100,https://polymarket.com/zh/event/btc-updown-5m-1784906100,23:15-23:20,53.00,48.00,52.00,47.00,1123.33,44.87,2.29,1418.91,52.50,47.50,1.00,1.00,15861.85,15348.97,15353.97,15746.84,52,47,47,52,64058.00,64085.14,,
2026-07-24T23:15:12+08:00,btc-updown-5m-1784906100,https://polymarket.com/zh/event/btc-updown-5m-1784906100,23:15-23:20,53.00,48.00,52.00,47.00,740.21,90.00,161.01,1229.91,52.50,47.50,1.00,1.00,16681.84,15593.97,15608.97,16121.84,52,47,47,52,64058.00,64087.98,,
2026-07-24T23:15:14+08:00,btc-updown-5m-1784906100,https://polymarket.com/zh/event/btc-updown-5m-1784906100,23:15-23:20,53.00,48.00,52.00,47.00,948.50,922.53,434.53,643.52,52.50,47.50,1.00,1.00,17352.44,16312.07,16292.07,16981.65,52,47,47,52,64058.00,64087.37,,
2026-07-24T23:15:16+08:00,btc-updown-5m-1784906100,https://polymarket.com/zh/event/btc-updown-5m-1784906100,23:15-23:20,54.00,48.00,53.00,47.00,675.21,294.56,95.52,93.61,53.50,47.50,1.00,1.00,17815.84,16637.97,16627.97,17340.85,53,46,47,52,64058.00,64090.08,,
2026-07-24T23:15:18+08:00,btc-updown-5m-1784906100,https://polymarket.com/zh/event/btc-updown-5m-1784906100,23:15-23:20,49.00,52.00,48.00,51.00,1041.17,50.00,18.38,1252.86,48.50,51.50,1.00,1.00,17159.84,16648.97,16497.98,16954.84,48,51,51,48,64058.00,64076.11,,
2026-07-24T23:15:20+08:00,btc-updown-5m-1784906100,https://polymarket.com/zh/event/btc-updown-5m-1784906100,23:15-23:20,44.00,57.00,43.00,56.00,1312.93,141.15,131.06,1316.93,43.50,56.50,1.00,1.00,17012.84,16527.97,16262.97,16784.84,43,56,56,43,64058.00,64060.51,,
2026-07-24T23:15:22+08:00,btc-updown-5m-1784906100,https://polymarket.com/zh/event/btc-updown-5m-1784906100,23:15-23:20,42.00,59.00,41.00,58.00,261.00,1473.75,1477.91,244.00,41.50,58.50,1.00,1.00,15514.31,15158.97,15253.98,15529.31,41,58,58,41,64058.00,64058.99,,
2026-07-24T23:15:24+08:00,btc-updown-5m-1784906100,https://polymarket.com/zh/event/btc-updown-5m-1784906100,23:15-23:20,48.00,53.00,47.00,52.00,407.87,494.27,432.50,375.87,47.50,52.50,1.00,1.00,15364.31,15030.97,15031.97,15359.31,47,52,52,47,64058.00,64071.72,,
2026-07-24T23:15:26+08:00,btc-updown-5m-1784906100,https://polymarket.com/zh/event/btc-updown-5m-1784906100,23:15-23:20,48.00,53.00,47.00,52.00,948.16,358.92,247.59,468.24,47.50,52.50,1.00,1.00,15429.60,15403.27,15280.26,15648.90,47,52,52,47,64058.00,64074.80,,
2026-07-24T23:15:28+08:00,btc-updown-5m-1784906100,https://polymarket.com/zh/event/btc-updown-5m-1784906100,23:15-23:20,54.00,47.00,53.00,46.00,338.99,1055.35,1026.35,326.99,53.50,46.50,1.00,1.00,15551.30,15504.55,15494.55,15561.30,53,46,46,53,64058.00,64090.47,,
2026-07-24T23:15:30+08:00,btc-updown-5m-1784906100,https://polymarket.com/zh/event/btc-updown-5m-1784906100,23:15-23:20,56.00,45.00,55.00,44.00,1048.16,397.87,162.07,755.11,55.50,44.50,1.00,1.00,15316.31,15159.55,15154.55,15411.30,55,44,44,55,64058.00,64093.30,,
2026-07-24T23:15:32+08:00,btc-updown-5m-1784906100,https://polymarket.com/zh/event/btc-updown-5m-1784906100,23:15-23:20,55.00,46.00,54.00,45.00,1271.74,43.10,45.28,1257.88,54.50,45.50,1.00,1.00,15341.31,14879.55,14884.55,14936.30,54,45,45,54,64058.00,64095.59,,
2026-07-24T23:15:34+08:00,btc-updown-5m-1784906100,https://polymarket.com/zh/event/btc-updown-5m-1784906100,23:15-23:20,60.00,41.00,59.00,40.00,1330.42,155.00,125.00,1282.42,59.50,40.50,1.00,1.00,15211.30,14669.55,14654.55,14701.30,59,40,40,59,64058.00,64103.98,,
2026-07-24T23:15:36+08:00,btc-updown-5m-1784906100,https://polymarket.com/zh/event/btc-updown-5m-1784906100,23:15-23:20,61.00,40.00,60.00,39.00,863.41,364.99,550.00,943.41,60.50,39.50,1.00,1.00,15066.30,14539.55,14609.55,14696.31,60,39,39,60,64058.00,64103.97,,
2026-07-24T23:15:38+08:00,btc-updown-5m-1784906100,https://polymarket.com/zh/event/btc-updown-5m-1784906100,23:15-23:20,60.00,41.00,59.00,40.00,1617.46,1.31,36.31,1699.55,59.50,40.50,1.00,1.00,15076.30,14729.55,14709.55,14691.31,59,40,40,59,64058.00,64093.06,,
2026-07-24T23:15:40+08:00,btc-updown-5m-1784906100,https://polymarket.com/zh/event/btc-updown-5m-1784906100,23:15-23:20,54.00,50.00,51.00,49.00,1858.94,221.98,55.00,830.24,52.50,49.50,3.00,1.00,14686.30,14709.55,14699.55,15176.30,51,46,49,50,64058.00,64089.46,,
2026-07-24T23:15:42+08:00,btc-updown-5m-1784906100,https://polymarket.com/zh/event/btc-updown-5m-1784906100,23:15-23:20,53.00,45.00,52.00,44.00,5.00,455.79,1080.79,149.77,52.50,44.50,1.00,1.00,14758.97,16866.21,16861.21,15348.96,52,46,44,55,64058.00,64090.63,,
2026-07-24T23:15:44+08:00,btc-updown-5m-1784906100,https://polymarket.com/zh/event/btc-updown-5m-1784906100,23:15-23:20,54.00,49.00,53.00,48.00,768.23,723.99,40.00,191.00,53.50,48.50,1.00,1.00,15353.97,16866.21,16881.21,14848.96,53,46,48,51,64058.00,64083.34,,
2026-07-24T23:15:46+08:00,btc-updown-5m-1784906100,https://polymarket.com/zh/event/btc-updown-5m-1784906100,23:15-23:20,56.00,48.00,52.00,44.00,14.70,1506.38,1506.38,14.70,54.00,46.00,4.00,4.00,14618.97,16766.21,16766.21,14618.97,52,44,44,52,64058.00,64083.34,,
2026-07-24T23:15:48+08:00,btc-updown-5m-1784906100,https://polymarket.com/zh/event/btc-updown-5m-1784906100,23:15-23:20,58.00,43.00,57.00,42.00,483.00,397.87,227.07,505.66,57.50,42.50,1.00,1.00,14718.96,16741.21,16761.21,14638.97,57,42,42,57,64058.00,64092.00,,
2026-07-24T23:15:50+08:00,btc-updown-5m-1784906100,https://polymarket.com/zh/event/btc-updown-5m-1784906100,23:15-23:20,58.00,43.00,57.00,42.00,441.35,236.02,511.02,646.35,57.50,42.50,1.00,1.00,14623.96,16706.21,16701.21,14618.96,57,42,42,57,64058.00,64098.80,,
2026-07-24T23:15:52+08:00,btc-updown-5m-1784906100,https://polymarket.com/zh/event/btc-updown-5m-1784906100,23:15-23:20,61.00,40.00,60.00,39.00,12.08,801.17,746.18,25.96,60.50,39.50,1.00,1.00,14618.96,16616.21,16631.21,14728.96,60,39,39,60,64058.00,64096.17,,
2026-07-24T23:15:54+08:00,btc-updown-5m-1784906100,https://polymarket.com/zh/event/btc-updown-5m-1784906100,23:15-23:20,57.00,44.00,56.00,43.00,919.55,107.07,142.12,1014.61,56.50,43.50,1.00,1.00,14478.96,16451.21,16466.21,14488.96,56,43,43,56,64058.00,64093.66,,
2026-07-24T23:15:56+08:00,btc-updown-5m-1784906100,https://polymarket.com/zh/event/btc-updown-5m-1784906100,23:15-23:20,58.00,43.00,57.00,42.00,1169.20,45.00,45.00,920.10,57.50,42.50,1.00,1.00,15178.96,16471.21,16456.21,14678.96,57,42,42,57,64058.00,64093.13,,
2026-07-24T23:15:58+08:00,btc-updown-5m-1784906100,https://polymarket.com/zh/event/btc-updown-5m-1784906100,23:15-23:20,56.00,45.00,55.00,44.00,1875.48,5.00,457.02,2324.87,55.50,44.50,1.00,1.00,14933.96,16201.21,16226.21,14448.96,55,44,44,55,64058.00,64091.85,,
2026-07-24T23:16:00+08:00,btc-updown-5m-1784906100,https://polymarket.com/zh/event/btc-updown-5m-1784906100,23:15-23:20,52.00,50.00,51.00,49.00,1859.96,190.15,20.00,1718.97,51.50,49.50,1.00,1.00,19743.96,21506.21,21506.21,19753.97,51,48,49,50,64058.00,64083.33,,
2026-07-24T23:16:02+08:00,btc-updown-5m-1784906100,https://polymarket.com/zh/event/btc-updown-5m-1784906100,23:15-23:20,58.00,43.00,57.00,42.00,1011.05,50.00,10.00,1494.36,57.50,42.50,1.00,1.00,20008.96,15871.21,15861.21,19553.96,57,42,42,57,64058.00,64093.66,,
2026-07-24T23:16:04+08:00,btc-updown-5m-1784906100,https://polymarket.com/zh/event/btc-updown-5m-1784906100,23:15-23:20,60.00,41.00,59.00,40.00,623.10,245.84,228.56,655.56,59.50,40.50,1.00,1.00,20293.55,20488.91,20498.91,19803.56,59,40,40,59,64058.00,64091.47,,
2026-07-24T23:16:06+08:00,btc-updown-5m-1784906100,https://polymarket.com/zh/event/btc-updown-5m-1784906100,23:15-23:20,60.00,41.00,59.00,40.00,669.77,469.46,74.28,611.81,59.50,40.50,1.00,1.00,19599.25,19575.61,19585.61,19619.26,59,40,40,59,64058.00,64096.12,,
2026-07-24T23:16:08+08:00,btc-updown-5m-1784906100,https://polymarket.com/zh/event/btc-updown-5m-1784906100,23:15-23:20,60.00,42.00,59.00,41.00,1138.81,235.00,185.00,728.06,59.50,41.50,1.00,1.00,20158.95,19535.61,19525.61,19858.96,59,40,41,58,64058.00,64094.60,,
2026-07-24T23:16:10+08:00,btc-updown-5m-1784906100,https://polymarket.com/zh/event/btc-updown-5m-1784906100,23:15-23:20,59.00,40.00,58.00,39.00,18.54,492.00,803.61,272.88,58.50,39.50,1.00,1.00,19913.95,19285.61,19295.61,19528.95,58,41,39,60,64058.00,64093.08,,
2026-07-24T23:16:12+08:00,btc-updown-5m-1784906100,https://polymarket.com/zh/event/btc-updown-5m-1784906100,23:15-23:20,60.00,44.00,59.00,43.00,2057.88,35.00,50.00,1195.17,59.50,43.50,1.00,1.00,19523.95,19295.61,19285.61,19913.95,58,40,43,56,64058.00,64096.28,,
2026-07-24T23:16:14+08:00,btc-updown-5m-1784906100,https://polymarket.com/zh/event/btc-updown-5m-1784906100,23:15-23:20,56.00,45.00,55.00,44.00,158.27,704.76,699.76,166.27,55.50,44.50,1.00,1.00,20013.95,20035.61,20095.61,19423.95,55,44,44,55,64058.00,64086.68,,
2026-07-24T23:16:16+08:00,btc-updown-5m-1784906100,https://polymarket.com/zh/event/btc-updown-5m-1784906100,23:15-23:20,57.00,44.00,56.00,43.00,405.66,128.25,128.25,423.38,56.50,43.50,1.00,1.00,19513.95,19296.61,19286.61,20013.95,56,43,43,56,64058.00,64086.69,,
2026-07-24T23:16:18+08:00,btc-updown-5m-1784906100,https://polymarket.com/zh/event/btc-updown-5m-1784906100,23:15-23:20,59.00,42.00,58.00,41.00,64.69,822.84,769.54,38.44,58.50,41.50,1.00,1.00,19518.95,19396.61,19386.61,19413.95,58,41,41,58,64058.00,64087.93,,
2026-07-24T23:16:20+08:00,btc-updown-5m-1784906100,https://polymarket.com/zh/event/btc-updown-5m-1784906100,23:15-23:20,59.00,43.00,58.00,42.00,1190.92,50.00,225.00,1406.36,58.50,42.50,1.00,1.00,19503.95,19386.61,19396.61,20018.95,58,41,42,57,64058.00,64092.44,,
2026-07-24T23:16:22+08:00,btc-updown-5m-1784906100,https://polymarket.com/zh/event/btc-updown-5m-1784906100,23:15-23:20,55.00,46.00,54.00,45.00,42.79,511.85,486.85,24.60,54.50,45.50,1.00,1.00,19502.95,20181.61,20201.61,20017.96,54,45,45,54,64058.00,64086.68,,
2026-07-24T23:16:24+08:00,btc-updown-5m-1784906100,https://polymarket.com/zh/event/btc-updown-5m-1784906100,23:15-23:20,56.00,45.00,55.00,44.00,1121.83,9.99,59.99,1079.79,55.50,44.50,1.00,1.00,19507.95,20181.61,20186.61,19507.96,55,44,44,55,64058.00,64083.34,,
2026-07-24T23:16:27+08:00,btc-updown-5m-1784906100,https://polymarket.com/zh/event/btc-updown-5m-1784906100,23:15-23:20,56.00,45.00,55.00,44.00,567.66,1003.25,944.14,347.97,55.50,44.50,1.00,1.00,19962.95,20151.61,20136.61,19447.95,55,44,44,55,64058.00,64083.34,,
2026-07-24T23:16:29+08:00,btc-updown-5m-1784906100,https://polymarket.com/zh/event/btc-updown-5m-1784906100,23:15-23:20,52.00,49.00,51.00,48.00,1159.27,73.36,172.72,1435.91,51.50,48.50,1.00,1.00,19462.96,20736.61,20741.61,19857.95,51,48,48,51,64058.00,64079.47,,
2026-07-24T23:16:31+08:00,btc-updown-5m-1784906100,https://polymarket.com/zh/event/btc-updown-5m-1784906100,23:15-23:20,68.00,33.00,67.00,32.00,299.65,992.65,916.19,618.70,67.50,32.50,1.00,1.00,20267.95,19272.95,19821.95,19852.95,67,32,32,67,64058.00,64106.75,,
2026-07-24T23:16:33+08:00,btc-updown-5m-1784906100,https://polymarket.com/zh/event/btc-updown-5m-1784906100,23:15-23:20,72.00,29.00,71.00,28.00,506.79,64.99,567.89,936.49,71.50,28.50,1.00,1.00,19862.95,17916.95,17906.95,19452.95,71,28,28,71,64058.00,64120.51,,
2026-07-24T23:16:35+08:00,btc-updown-5m-1784906100,https://polymarket.com/zh/event/btc-updown-5m-1784906100,23:15-23:20,71.00,30.00,70.00,29.00,1095.42,309.32,573.37,505.00,70.50,29.50,1.00,1.00,19452.95,19916.95,19911.95,19467.95,70,29,29,70,64058.00,64115.93,,
2026-07-24T23:16:37+08:00,btc-updown-5m-1784906100,https://polymarket.com/zh/event/btc-updown-5m-1784906100,23:15-23:20,65.00,37.00,64.00,36.00,1624.76,70.00,16.14,1147.93,64.50,36.50,1.00,1.00,19472.96,19901.95,19891.95,19847.95,64,35,36,63,64058.00,64100.48,,
2026-07-24T23:16:39+08:00,btc-updown-5m-1784906100,https://polymarket.com/zh/event/btc-updown-5m-1784906100,23:15-23:20,60.00,41.00,59.00,40.00,1443.69,945.60,278.82,500.00,59.50,40.50,1.00,1.00,19382.95,23876.95,23886.95,19392.95,59,40,40,59,64058.00,64094.95,,
2026-07-24T23:16:41+08:00,btc-updown-5m-1784906100,https://polymarket.com/zh/event/btc-updown-5m-1784906100,23:15-23:20,65.00,36.00,64.00,35.00,283.39,544.25,581.25,283.39,64.50,35.50,1.00,1.00,19192.95,19651.95,19636.95,19692.95,64,35,35,64,64058.00,64101.19,,
2026-07-24T23:16:43+08:00,btc-updown-5m-1784906100,https://polymarket.com/zh/event/btc-updown-5m-1784906100,23:15-23:20,59.00,42.00,58.00,41.00,850.42,267.18,473.18,672.61,58.50,41.50,1.00,1.00,19693.95,19626.95,19631.95,19208.95,58,41,41,58,64058.00,64096.37,,
2026-07-24T23:16:45+08:00,btc-updown-5m-1784906100,https://polymarket.com/zh/event/btc-updown-5m-1784906100,23:15-23:20,68.00,33.00,67.00,32.00,1404.07,110.00,115.00,1274.00,67.50,32.50,1.00,1.00,19093.95,19646.95,19656.95,19223.96,67,32,32,66,64058.00,64109.12,,
2026-07-24T23:16:47+08:00,btc-updown-5m-1784906100,https://polymarket.com/zh/event/btc-updown-5m-1784906100,23:15-23:20,61.00,40.00,60.00,39.00,423.30,285.81,285.79,423.30,60.50,39.50,1.00,1.00,19593.95,19626.95,19641.95,19113.95,60,39,39,60,64058.00,64101.48,,
2026-07-24T23:16:49+08:00,btc-updown-5m-1784906100,https://polymarket.com/zh/event/btc-updown-5m-1784906100,23:15-23:20,60.00,41.00,59.00,40.00,1659.28,40.97,40.97,1717.98,59.50,40.50,1.00,1.00,19203.95,23521.95,23516.95,19098.95,59,40,40,59,64058.00,64094.95,,
2026-07-24T23:16:51+08:00,btc-updown-5m-1784906100,https://polymarket.com/zh/event/btc-updown-5m-1784906100,23:15-23:20,57.00,44.00,56.00,43.00,389.24,301.73,221.73,385.24,56.50,43.50,1.00,1.00,19718.95,24331.95,24321.95,19203.95,56,43,43,56,64058.00,64086.69,,
2026-07-24T23:16:53+08:00,btc-updown-5m-1784906100,https://polymarket.com/zh/event/btc-updown-5m-1784906100,23:15-23:20,53.00,48.00,52.00,47.00,775.59,16.01,45.90,1463.53,52.50,47.50,1.00,1.00,19698.95,24921.95,24916.95,19698.95,52,47,47,52,64058.00,64083.33,,
2026-07-24T23:16:55+08:00,btc-updown-5m-1784906100,https://polymarket.com/zh/event/btc-updown-5m-1784906100,23:15-23:20,51.00,50.00,50.00,49.00,103.24,1634.12,1572.36,55.00,50.50,49.50,1.00,1.00,19608.95,24916.95,24916.95,19198.95,50,49,49,50,64058.00,64080.75,,
2026-07-24T23:16:57+08:00,btc-updown-5m-1784906100,https://polymarket.com/zh/event/btc-updown-5m-1784906100,23:15-23:20,51.00,49.00,50.00,48.00,100.00,1178.07,1913.63,5.00,50.50,48.50,1.00,1.00,19138.95,24631.95,24621.95,19123.95,50,47,46,51,64058.00,64075.94,,
2026-07-24T23:16:59+08:00,btc-updown-5m-1784906100,https://polymarket.com/zh/event/btc-updown-5m-1784906100,23:15-23:20,58.00,43.00,57.00,42.00,263.00,427.38,488.79,292.65,57.50,42.50,1.00,1.00,19203.96,24416.95,24431.95,19613.95,57,42,42,57,64058.00,64087.20,,
2026-07-24T23:17:01+08:00,btc-updown-5m-1784906100,https://polymarket.com/zh/event/btc-updown-5m-1784906100,23:15-23:20,58.00,43.00,57.00,42.00,571.29,158.63,90.36,561.29,57.50,42.50,1.00,1.00,19698.95,24416.95,24411.95,19198.96,57,42,42,57,64058.00,64084.40,,
2026-07-24T23:17:03+08:00,btc-updown-5m-1784906100,https://polymarket.com/zh/event/btc-updown-5m-1784906100,23:15-23:20,57.00,42.00,56.00,41.00,112.00,478.00,567.31,12.66,56.50,41.50,1.00,1.00,19018.95,24311.95,24326.95,19038.96,56,43,41,58,64058.00,64084.40,,
2026-07-24T23:17:05+08:00,btc-updown-5m-1784906100,https://polymarket.com/zh/event/btc-updown-5m-1784906100,23:15-23:20,58.00,43.00,57.00,42.00,1063.07,901.74,385.52,100.73,57.50,42.50,1.00,1.00,19103.95,24326.95,24316.95,18988.95,57,42,42,57,64058.00,64090.30,,
2026-07-24T23:17:07+08:00,btc-updown-5m-1784906100,https://polymarket.com/zh/event/btc-updown-5m-1784906100,23:15-23:20,60.00,41.00,59.00,40.00,257.00,766.81,793.81,3.33,59.50,40.50,1.00,1.00,18503.95,23716.95,23711.95,18988.95,59,40,40,59,64058.00,64092.73,,
