ts_iso,slug,market_url,window_text,buy_up_cents,buy_down_cents,sell_up_cents,sell_down_cents,buy_up_size,buy_down_size,sell_up_size,sell_down_size,mid_up_cents,mid_down_cents,spread_up_cents,spread_down_cents,bid_depth_up_5,ask_depth_up_5,bid_depth_down_5,ask_depth_down_5,level_count_bid_up,level_count_ask_up,level_count_bid_down,level_count_ask_down,target_price,final_price,trade_count_1s,trade_volume_1s
2026-06-05T23:30:00+08:00,btc-updown-5m-1780673100,https://polymarket.com/zh/event/btc-updown-5m-1780673100,23:25-23:30,1.00,,,99.00,144416.37,,,150521.81,,,,,,8784.18,8890.18,,0,68,65,0,,60744.28,,
2026-06-05T23:30:02+08:00,btc-updown-5m-1780673400,https://polymarket.com/zh/event/btc-updown-5m-1780673400,23:30-23:35,51.00,57.00,49.00,55.00,248.28,5.16,3.27,150.00,50.00,56.00,2.00,2.00,111168.70,110844.34,110854.34,111813.71,49,49,53,43,60704.51,60704.51,,
2026-06-05T23:30:04+08:00,btc-updown-5m-1780673400,https://polymarket.com/zh/event/btc-updown-5m-1780673400,23:30-23:35,44.00,58.00,42.00,57.00,324.57,110.62,49.75,80.77,43.00,57.50,2.00,1.00,113906.04,111465.70,111465.70,113906.04,42,56,57,42,60704.51,60715.11,,
2026-06-05T23:30:06+08:00,btc-updown-5m-1780673400,https://polymarket.com/zh/event/btc-updown-5m-1780673400,23:30-23:35,43.00,58.00,42.00,57.00,133.60,236.17,256.17,54.52,42.50,57.50,1.00,1.00,113907.04,111595.70,111600.70,113897.04,42,57,57,42,60704.51,60730.00,,
2026-06-05T23:30:08+08:00,btc-updown-5m-1780673400,https://polymarket.com/zh/event/btc-updown-5m-1780673400,23:30-23:35,52.00,49.00,51.00,48.00,1322.44,26.02,49.16,1042.29,51.50,48.50,1.00,1.00,115484.38,114557.03,114562.03,113184.38,51,48,48,51,60704.51,60750.33,,
2026-06-05T23:30:10+08:00,btc-updown-5m-1780673400,https://polymarket.com/zh/event/btc-updown-5m-1780673400,23:30-23:35,48.00,53.00,47.00,52.00,28.32,308.69,308.69,28.32,47.50,52.50,1.00,1.00,113709.39,112765.03,112765.03,113704.39,47,50,51,47,60704.51,60736.97,,
2026-06-05T23:30:11+08:00,btc-updown-5m-1780673400,https://polymarket.com/zh/event/btc-updown-5m-1780673400,23:30-23:35,51.00,50.00,50.00,49.00,59.48,95.64,165.64,148.65,50.50,49.50,1.00,1.00,113419.38,112153.04,112148.04,113424.38,50,49,49,50,60704.51,60749.14,,
2026-06-05T23:30:13+08:00,btc-updown-5m-1780673400,https://polymarket.com/zh/event/btc-updown-5m-1780673400,23:30-23:35,51.00,50.00,50.00,49.00,1058.74,3.00,3.00,1114.73,50.50,49.50,1.00,1.00,114011.04,113156.03,113161.03,114011.04,50,49,49,50,60704.51,60744.78,,
2026-06-05T23:30:15+08:00,btc-updown-5m-1780673400,https://polymarket.com/zh/event/btc-updown-5m-1780673400,23:30-23:35,50.00,52.00,49.00,50.00,626.66,360.34,51.00,659.34,49.50,51.00,1.00,2.00,113836.05,112788.96,112788.96,113956.05,49,50,50,48,60704.51,60745.99,,
2026-06-05T23:30:18+08:00,btc-updown-5m-1780673400,https://polymarket.com/zh/event/btc-updown-5m-1780673400,23:30-23:35,44.00,57.00,43.00,56.00,1037.48,912.00,147.19,855.48,43.50,56.50,1.00,1.00,108271.04,105205.02,105209.80,108276.04,43,56,56,43,60704.51,60720.00,,
2026-06-05T23:30:19+08:00,btc-updown-5m-1780673400,https://polymarket.com/zh/event/btc-updown-5m-1780673400,23:30-23:35,45.00,56.00,44.00,55.00,123.66,267.18,329.44,542.96,44.50,55.50,1.00,1.00,108056.04,105194.80,105210.07,108161.04,44,55,55,44,60704.51,60726.16,,
2026-06-05T23:30:21+08:00,btc-updown-5m-1780673400,https://polymarket.com/zh/event/btc-updown-5m-1780673400,23:30-23:35,45.00,56.00,44.00,55.00,332.09,158.71,152.09,253.89,44.50,55.50,1.00,1.00,99823.44,96956.20,96976.20,99823.44,44,55,55,44,60704.51,60724.98,,
2026-06-05T23:30:23+08:00,btc-updown-5m-1780673400,https://polymarket.com/zh/event/btc-updown-5m-1780673400,23:30-23:35,45.00,56.00,44.00,55.00,1403.49,18.89,8.89,1371.09,44.50,55.50,1.00,1.00,98871.78,97313.87,97302.49,98866.78,44,55,55,44,60704.51,60720.13,,
2026-06-05T23:30:25+08:00,btc-updown-5m-1780673400,https://polymarket.com/zh/event/btc-updown-5m-1780673400,23:30-23:35,40.00,61.00,39.00,60.00,150.81,100.01,15.00,185.05,39.50,60.50,1.00,1.00,98869.38,97437.91,97437.92,98869.38,39,60,60,39,60704.51,60704.01,,
2026-06-05T23:30:27+08:00,btc-updown-5m-1780673400,https://polymarket.com/zh/event/btc-updown-5m-1780673400,23:30-23:35,40.00,63.00,39.00,62.00,410.56,503.58,52.10,30.00,39.50,62.50,1.00,1.00,98937.98,97458.50,97958.50,98937.98,39,60,61,37,60704.51,60697.50,,
2026-06-05T23:30:29+08:00,btc-updown-5m-1780673400,https://polymarket.com/zh/event/btc-updown-5m-1780673400,23:30-23:35,40.00,61.00,39.00,60.00,1276.69,409.24,15.24,1238.24,39.50,60.50,1.00,1.00,99275.38,98426.46,98426.45,99375.38,39,60,60,39,60704.51,60701.99,,
2026-06-05T23:30:31+08:00,btc-updown-5m-1780673400,https://polymarket.com/zh/event/btc-updown-5m-1780673400,23:30-23:35,40.00,63.00,37.00,60.00,813.27,212.46,434.63,795.08,38.50,61.50,3.00,3.00,87155.38,86556.97,86561.97,87160.38,37,60,60,37,60704.51,60694.88,,
2026-06-05T23:30:33+08:00,btc-updown-5m-1780673400,https://polymarket.com/zh/event/btc-updown-5m-1780673400,23:30-23:35,38.00,64.00,36.00,63.00,912.11,2.31,127.00,38.00,37.00,63.50,2.00,1.00,87204.30,86696.37,86680.38,86994.30,36,62,63,35,60704.51,60675.83,,
2026-06-05T23:30:35+08:00,btc-updown-5m-1780673400,https://polymarket.com/zh/event/btc-updown-5m-1780673400,23:30-23:35,30.00,71.00,29.00,70.00,292.71,357.14,367.02,316.07,29.50,70.50,1.00,1.00,87194.30,86690.99,86690.99,87199.30,29,70,70,29,60704.51,60663.65,,
2026-06-05T23:30:37+08:00,btc-updown-5m-1780673400,https://polymarket.com/zh/event/btc-updown-5m-1780673400,23:30-23:35,32.00,69.00,31.00,68.00,406.96,163.00,177.50,406.96,31.50,68.50,1.00,1.00,87189.30,86680.38,86680.38,87189.30,31,68,68,31,60704.51,60668.07,,
2026-06-05T23:30:39+08:00,btc-updown-5m-1780673400,https://polymarket.com/zh/event/btc-updown-5m-1780673400,23:30-23:35,38.00,63.00,37.00,62.00,151.09,355.70,258.38,493.91,37.50,62.50,1.00,1.00,87319.30,86705.38,86711.38,87309.30,37,62,62,37,60704.51,60691.76,,
2026-06-05T23:30:41+08:00,btc-updown-5m-1780673400,https://polymarket.com/zh/event/btc-updown-5m-1780673400,23:30-23:35,38.00,63.00,37.00,62.00,102.36,910.30,879.30,92.36,37.50,62.50,1.00,1.00,67739.30,67231.15,67236.15,67739.30,37,62,62,37,60704.51,60699.37,,
2026-06-05T23:30:43+08:00,btc-updown-5m-1780673400,https://polymarket.com/zh/event/btc-updown-5m-1780673400,23:30-23:35,38.00,63.00,37.00,62.00,62.62,1343.99,1343.99,62.62,37.50,62.50,1.00,1.00,67824.30,67300.37,67300.37,67824.30,37,62,62,37,60704.51,60692.95,,
2026-06-05T23:30:45+08:00,btc-updown-5m-1780673400,https://polymarket.com/zh/event/btc-updown-5m-1780673400,23:30-23:35,45.00,56.00,44.00,55.00,69.90,1517.61,1445.13,59.90,44.50,55.50,1.00,1.00,68039.30,67710.37,67711.37,67939.30,44,55,55,44,60704.51,60726.16,,
2026-06-05T23:30:47+08:00,btc-updown-5m-1780673400,https://polymarket.com/zh/event/btc-updown-5m-1780673400,23:30-23:35,46.00,55.00,45.00,54.00,28.78,1557.51,1558.41,22.21,45.50,54.50,1.00,1.00,67834.30,67716.29,67721.29,67834.30,45,54,54,45,60704.51,60745.00,,
2026-06-05T23:30:49+08:00,btc-updown-5m-1780673400,https://polymarket.com/zh/event/btc-updown-5m-1780673400,23:30-23:35,49.00,52.00,48.00,51.00,945.65,288.70,192.73,888.05,48.50,51.50,1.00,1.00,67849.30,68516.38,68910.38,67949.30,48,51,51,48,60704.51,60735.23,,
2026-06-05T23:30:50+08:00,btc-updown-5m-1780673400,https://polymarket.com/zh/event/btc-updown-5m-1780673400,23:30-23:35,52.00,50.00,50.00,48.00,352.47,526.04,463.93,288.88,51.00,49.00,2.00,2.00,67939.30,69326.40,69326.40,67939.30,50,48,48,50,60704.51,60756.36,,
2026-06-05T23:30:52+08:00,btc-updown-5m-1780673400,https://polymarket.com/zh/event/btc-updown-5m-1780673400,23:30-23:35,53.00,48.00,52.00,47.00,176.79,169.16,169.16,176.79,52.50,47.50,1.00,1.00,24660.32,27175.37,27175.37,24660.32,52,47,47,52,60704.51,60754.25,,
2026-06-05T23:30:54+08:00,btc-updown-5m-1780673400,https://polymarket.com/zh/event/btc-updown-5m-1780673400,23:30-23:35,53.00,48.00,52.00,47.00,1422.78,535.54,43.00,660.03,52.50,47.50,1.00,1.00,25334.30,27250.37,27250.37,25529.30,52,47,47,52,60704.51,60759.49,,
2026-06-05T23:30:56+08:00,btc-updown-5m-1780673400,https://polymarket.com/zh/event/btc-updown-5m-1780673400,23:30-23:35,55.00,46.00,54.00,45.00,561.00,1100.86,1269.79,1037.00,54.50,45.50,1.00,1.00,24654.31,27250.37,27245.37,24654.31,54,45,45,54,60704.51,60770.00,,
2026-06-05T23:30:58+08:00,btc-updown-5m-1780673400,https://polymarket.com/zh/event/btc-updown-5m-1780673400,23:30-23:35,55.00,46.00,54.00,45.00,383.82,630.31,593.14,393.82,54.50,45.50,1.00,1.00,24159.31,27265.37,27265.37,24159.31,54,45,45,54,60704.51,60759.39,,
2026-06-05T23:31:00+08:00,btc-updown-5m-1780673400,https://polymarket.com/zh/event/btc-updown-5m-1780673400,23:30-23:35,60.00,41.00,58.00,40.00,731.08,200.41,514.75,727.74,59.00,40.50,2.00,1.00,30754.30,27230.37,27230.37,30749.30,58,40,40,59,60704.51,60778.12,,
2026-06-05T23:31:02+08:00,btc-updown-5m-1780673400,https://polymarket.com/zh/event/btc-updown-5m-1780673400,23:30-23:35,60.00,41.00,59.00,40.00,1189.42,10.00,8.00,1189.42,59.50,40.50,1.00,1.00,30770.56,27245.57,27245.57,30770.56,59,40,40,59,60704.51,60756.36,,
2026-06-05T23:31:04+08:00,btc-updown-5m-1780673400,https://polymarket.com/zh/event/btc-updown-5m-1780673400,23:30-23:35,56.00,45.00,55.00,44.00,10.63,71.21,45.56,191.11,55.50,44.50,1.00,1.00,31275.58,27230.57,27230.57,31275.59,55,44,44,55,60704.51,60778.10,,
2026-06-05T23:31:06+08:00,btc-updown-5m-1780673400,https://polymarket.com/zh/event/btc-updown-5m-1780673400,23:30-23:35,56.00,45.00,55.00,44.00,813.70,688.37,616.50,876.97,55.50,44.50,1.00,1.00,30741.30,27242.57,27252.57,31346.30,55,44,44,55,60704.51,60766.01,,
2026-06-05T23:31:08+08:00,btc-updown-5m-1780673400,https://polymarket.com/zh/event/btc-updown-5m-1780673400,23:30-23:35,56.00,47.00,55.00,44.00,1991.75,157.96,5.00,1990.33,55.50,45.50,1.00,3.00,31166.33,32237.57,31837.57,30756.31,53,44,44,52,60704.51,60756.56,,
2026-06-05T23:31:10+08:00,btc-updown-5m-1780673400,https://polymarket.com/zh/event/btc-updown-5m-1780673400,23:30-23:35,52.00,50.00,51.00,48.00,102.93,430.00,153.89,216.88,51.50,49.00,1.00,2.00,30891.31,33277.37,33282.37,30312.74,51,48,48,50,60704.51,60750.32,,
2026-06-05T23:31:12+08:00,btc-updown-5m-1780673400,https://polymarket.com/zh/event/btc-updown-5m-1780673400,23:30-23:35,55.00,47.00,53.00,45.00,16.94,1650.36,1596.36,16.94,54.00,46.00,2.00,2.00,30796.32,26374.56,26379.56,30796.32,53,45,45,53,60704.51,60762.13,,
2026-06-05T23:31:14+08:00,btc-updown-5m-1780673400,https://polymarket.com/zh/event/btc-updown-5m-1780673400,23:30-23:35,58.00,42.00,55.00,40.00,11.55,13.53,104.95,58.11,56.50,41.00,3.00,2.00,29906.31,26448.63,26458.63,29916.31,55,42,40,58,60704.51,60791.84,,
2026-06-05T23:31:15+08:00,btc-updown-5m-1780673400,https://polymarket.com/zh/event/btc-updown-5m-1780673400,23:30-23:35,63.00,38.00,62.00,37.00,1183.29,134.50,182.50,1561.83,62.50,37.50,1.00,1.00,30117.88,26382.37,26387.37,30606.31,62,37,37,62,60704.51,60807.03,,
2026-06-05T23:31:17+08:00,btc-updown-5m-1780673400,https://polymarket.com/zh/event/btc-updown-5m-1780673400,23:30-23:35,60.00,41.00,59.00,39.00,5.00,43.19,50.00,279.63,59.50,40.00,1.00,2.00,30391.31,26486.65,26486.65,30402.90,59,40,39,59,60704.51,60782.38,,
2026-06-05T23:31:19+08:00,btc-updown-5m-1780673400,https://polymarket.com/zh/event/btc-updown-5m-1780673400,23:30-23:35,63.00,38.00,60.00,37.00,432.76,19.52,348.24,416.43,61.50,37.50,3.00,1.00,29907.92,25245.91,25240.71,30506.32,60,37,37,62,60704.51,60801.99,,
2026-06-05T23:31:21+08:00,btc-updown-5m-1780673400,https://polymarket.com/zh/event/btc-updown-5m-1780673400,23:30-23:35,59.00,42.00,58.00,41.00,682.93,20.00,72.38,924.20,58.50,41.50,1.00,1.00,29961.31,25215.91,25215.91,30466.30,58,41,41,58,60704.51,60780.52,,
2026-06-05T23:31:23+08:00,btc-updown-5m-1780673400,https://polymarket.com/zh/event/btc-updown-5m-1780673400,23:30-23:35,57.00,45.00,56.00,43.00,397.65,399.31,32.31,639.65,56.50,44.00,1.00,2.00,30378.02,25301.72,25306.72,30373.02,56,43,43,55,60704.51,60766.85,,
2026-06-05T23:31:25+08:00,btc-updown-5m-1780673400,https://polymarket.com/zh/event/btc-updown-5m-1780673400,23:30-23:35,49.00,53.00,47.00,49.00,7.84,135.39,232.30,1.91,48.00,51.00,2.00,4.00,29286.31,29420.71,29015.71,28186.31,47,50,49,47,60704.51,60721.78,,
2026-06-05T23:31:27+08:00,btc-updown-5m-1780673400,https://polymarket.com/zh/event/btc-updown-5m-1780673400,23:30-23:35,44.00,57.00,43.00,56.00,360.84,631.78,431.75,107.94,43.50,56.50,1.00,1.00,29451.30,29525.93,29526.93,29456.30,43,56,56,43,60704.51,60725.31,,
2026-06-05T23:31:29+08:00,btc-updown-5m-1780673400,https://polymarket.com/zh/event/btc-updown-5m-1780673400,23:30-23:35,44.00,57.00,43.00,55.00,168.35,800.30,557.77,5.75,43.50,56.00,1.00,2.00,29926.30,29495.72,29495.72,29921.30,43,56,55,43,60704.51,60739.95,,
2026-06-05T23:31:31+08:00,btc-updown-5m-1780673400,https://polymarket.com/zh/event/btc-updown-5m-1780673400,23:30-23:35,49.00,52.00,48.00,51.00,41.24,1323.98,708.91,41.24,48.50,51.50,1.00,1.00,30840.30,30855.71,30844.71,30840.30,48,51,51,48,60704.51,60735.16,,
2026-06-05T23:31:33+08:00,btc-updown-5m-1780673400,https://polymarket.com/zh/event/btc-updown-5m-1780673400,23:30-23:35,47.00,54.00,46.00,53.00,80.03,1305.33,1299.62,63.03,46.50,53.50,1.00,1.00,30730.30,30155.71,30155.71,30730.30,46,53,53,46,60704.51,60731.99,,
2026-06-05T23:31:35+08:00,btc-updown-5m-1780673400,https://polymarket.com/zh/event/btc-updown-5m-1780673400,23:30-23:35,49.00,52.00,48.00,51.00,10.52,1058.80,1211.55,10.52,48.50,51.50,1.00,1.00,30730.30,31060.72,31054.71,30735.30,48,51,51,48,60704.51,60744.14,,
2026-06-05T23:31:37+08:00,btc-updown-5m-1780673400,https://polymarket.com/zh/event/btc-updown-5m-1780673400,23:30-23:35,47.00,54.00,46.00,53.00,25.74,1172.71,1172.71,25.74,46.50,53.50,1.00,1.00,30425.30,30669.72,30669.72,30425.30,46,53,53,46,60704.51,60735.48,,
2026-06-05T23:31:39+08:00,btc-updown-5m-1780673400,https://polymarket.com/zh/event/btc-updown-5m-1780673400,23:30-23:35,47.00,54.00,46.00,53.00,764.67,34.64,34.64,801.67,46.50,53.50,1.00,1.00,30430.30,29885.84,29885.85,30430.30,46,53,53,46,60704.51,60705.02,,
2026-06-05T23:31:41+08:00,btc-updown-5m-1780673400,https://polymarket.com/zh/event/btc-updown-5m-1780673400,23:30-23:35,44.00,57.00,43.00,56.00,270.99,360.50,370.50,520.99,43.50,56.50,1.00,1.00,28925.30,29074.73,29079.73,28830.30,43,56,56,43,60704.51,60721.27,,
2026-06-05T23:31:43+08:00,btc-updown-5m-1780673400,https://polymarket.com/zh/event/btc-updown-5m-1780673400,23:30-23:35,44.00,57.00,43.00,56.00,926.81,28.92,36.92,964.81,43.50,56.50,1.00,1.00,24040.30,29065.71,29065.71,23845.30,43,56,56,43,60704.51,60708.04,,
2026-06-05T23:31:45+08:00,btc-updown-5m-1780673400,https://polymarket.com/zh/event/btc-updown-5m-1780673400,23:30-23:35,40.00,61.00,39.00,60.00,47.68,330.00,122.71,188.48,39.50,60.50,1.00,1.00,23915.30,29065.73,29075.73,23825.30,39,60,60,39,60704.51,60702.00,,
2026-06-05T23:31:47+08:00,btc-updown-5m-1780673400,https://polymarket.com/zh/event/btc-updown-5m-1780673400,23:30-23:35,40.00,64.00,39.00,63.00,1999.18,309.75,15.00,276.51,39.50,63.50,1.00,1.00,24051.30,29081.07,29060.72,24031.30,38,60,63,36,60704.51,60708.60,,
2026-06-05T23:31:48+08:00,btc-updown-5m-1780673400,https://polymarket.com/zh/event/btc-updown-5m-1780673400,23:30-23:35,35.00,66.00,34.00,65.00,55.98,1287.91,1264.91,48.00,34.50,65.50,1.00,1.00,23931.30,29054.73,29059.73,23931.30,34,64,64,34,60704.51,60692.76,,
2026-06-05T23:31:50+08:00,btc-updown-5m-1780673400,https://polymarket.com/zh/event/btc-updown-5m-1780673400,23:30-23:35,36.00,66.00,34.00,65.00,60.00,483.09,751.70,35.73,35.00,65.50,2.00,1.00,23836.30,29075.17,29075.17,23836.30,34,64,65,34,60704.51,60686.01,,
2026-06-05T23:31:52+08:00,btc-updown-5m-1780673400,https://polymarket.com/zh/event/btc-updown-5m-1780673400,23:30-23:35,46.00,54.00,45.00,53.00,440.18,50.00,531.56,837.78,45.50,53.50,1.00,1.00,30236.30,29056.22,29434.71,30331.30,45,54,53,46,60704.51,60748.29,,
2026-06-05T23:31:54+08:00,btc-updown-5m-1780673400,https://polymarket.com/zh/event/btc-updown-5m-1780673400,23:30-23:35,48.00,54.00,46.00,52.00,103.75,1040.53,1042.70,48.75,47.00,53.00,2.00,2.00,30431.30,30265.30,30665.30,30431.30,46,52,52,46,60704.51,60735.58,,
2026-06-05T23:31:56+08:00,btc-updown-5m-1780673400,https://polymarket.com/zh/event/btc-updown-5m-1780673400,23:30-23:35,49.00,52.00,48.00,51.00,854.65,423.00,24.00,1482.33,48.50,51.50,1.00,1.00,30195.30,30264.74,30650.71,30182.30,48,51,51,48,60704.51,60733.11,,
2026-06-05T23:31:58+08:00,btc-updown-5m-1780673400,https://polymarket.com/zh/event/btc-updown-5m-1780673400,23:30-23:35,47.00,54.00,46.00,53.00,821.46,515.29,510.29,412.36,46.50,53.50,1.00,1.00,29725.30,30214.72,30219.72,29725.30,46,53,53,46,60704.51,60728.93,,
2026-06-05T23:32:00+08:00,btc-updown-5m-1780673400,https://polymarket.com/zh/event/btc-updown-5m-1780673400,23:30-23:35,47.00,54.00,46.00,53.00,1404.93,34.81,63.56,1404.93,46.50,53.50,1.00,1.00,23315.30,29024.72,29009.72,23300.30,46,53,53,46,60704.51,60726.16,,
2026-06-05T23:32:02+08:00,btc-updown-5m-1780673400,https://polymarket.com/zh/event/btc-updown-5m-1780673400,23:30-23:35,45.00,56.00,44.00,55.00,252.46,9.18,80.27,69.00,44.50,55.50,1.00,1.00,23827.80,28438.72,28427.72,23522.80,43,55,55,44,60704.51,60723.84,,
2026-06-05T23:32:04+08:00,btc-updown-5m-1780673400,https://polymarket.com/zh/event/btc-updown-5m-1780673400,23:30-23:35,41.00,60.00,40.00,59.00,387.87,55.01,337.90,346.39,40.50,59.50,1.00,1.00,23227.80,28427.72,28454.52,23232.80,40,59,59,40,60704.51,60713.01,,
2026-06-05T23:32:06+08:00,btc-updown-5m-1780673400,https://polymarket.com/zh/event/btc-updown-5m-1780673400,23:30-23:35,41.00,60.00,40.00,59.00,856.89,139.91,156.75,844.01,40.50,59.50,1.00,1.00,23217.80,28453.57,28453.57,23207.80,37,59,59,38,60704.51,60702.00,,
2026-06-05T23:32:08+08:00,btc-updown-5m-1780673400,https://polymarket.com/zh/event/btc-updown-5m-1780673400,23:30-23:35,32.00,69.00,31.00,68.00,839.01,1.75,31.75,1220.21,31.50,68.50,1.00,1.00,23337.80,28437.72,28438.71,23367.80,31,68,68,31,60704.51,60686.92,,
2026-06-05T23:32:10+08:00,btc-updown-5m-1780673400,https://polymarket.com/zh/event/btc-updown-5m-1780673400,23:30-23:35,30.00,71.00,29.00,70.00,1118.81,91.00,96.00,745.93,29.50,70.50,1.00,1.00,23192.80,28228.67,28228.67,23192.80,29,70,70,29,60704.51,60680.62,,
2026-06-05T23:32:12+08:00,btc-updown-5m-1780673400,https://polymarket.com/zh/event/btc-updown-5m-1780673400,23:30-23:35,30.00,71.00,29.00,69.00,233.73,1531.61,1121.25,17.00,29.50,70.00,1.00,2.00,23192.80,28257.73,28237.71,23292.80,29,70,69,29,60704.51,60680.86,,
2026-06-05T23:32:14+08:00,btc-updown-5m-1780673400,https://polymarket.com/zh/event/btc-updown-5m-1780673400,23:30-23:35,35.00,67.00,34.00,66.00,1219.23,430.28,322.93,147.00,34.50,66.50,1.00,1.00,22987.80,28227.71,28233.71,23087.80,34,65,66,33,60704.51,60693.33,,
2026-06-05T23:32:16+08:00,btc-updown-5m-1780673400,https://polymarket.com/zh/event/btc-updown-5m-1780673400,23:30-23:35,33.00,69.00,32.00,67.00,50.00,391.04,0.35,68.75,32.50,68.00,1.00,2.00,22817.80,28243.87,28233.85,22852.80,32,67,67,31,60704.51,60677.84,,
2026-06-05T23:32:18+08:00,btc-updown-5m-1780673400,https://polymarket.com/zh/event/btc-updown-5m-1780673400,23:30-23:35,32.00,69.00,31.00,68.00,1608.40,168.71,168.71,1688.89,31.50,68.50,1.00,1.00,22922.80,28243.90,28242.71,23007.80,31,68,68,31,60704.51,60671.75,,
2026-06-05T23:32:20+08:00,btc-updown-5m-1780673400,https://polymarket.com/zh/event/btc-updown-5m-1780673400,23:30-23:35,28.00,73.00,27.00,72.00,994.41,483.71,483.71,939.85,27.50,72.50,1.00,1.00,22777.80,28250.24,28235.21,22777.80,27,72,72,27,60704.51,60663.50,,
2026-06-05T23:32:22+08:00,btc-updown-5m-1780673400,https://polymarket.com/zh/event/btc-updown-5m-1780673400,23:30-23:35,28.00,73.00,27.00,72.00,1174.09,48.28,7.00,1179.09,27.50,72.50,1.00,1.00,22757.80,28225.22,28230.22,22757.80,27,72,72,27,60704.51,60651.00,,
2026-06-05T23:32:24+08:00,btc-updown-5m-1780673400,https://polymarket.com/zh/event/btc-updown-5m-1780673400,23:30-23:35,23.00,78.00,22.00,77.00,76.08,1290.60,1425.24,301.34,22.50,77.50,1.00,1.00,22768.80,28215.22,28231.58,22768.80,22,77,77,22,60704.51,60651.01,,
2026-06-05T23:32:26+08:00,btc-updown-5m-1780673400,https://polymarket.com/zh/event/btc-updown-5m-1780673400,23:30-23:35,24.00,77.00,23.00,76.00,493.01,234.18,232.18,504.29,23.50,76.50,1.00,1.00,22738.13,28222.61,28222.61,22733.13,23,76,76,23,60704.51,60632.54,,
2026-06-05T23:32:28+08:00,btc-updown-5m-1780673400,https://polymarket.com/zh/event/btc-updown-5m-1780673400,23:30-23:35,21.00,80.00,20.00,79.00,515.94,31.03,31.03,722.30,20.50,79.50,1.00,1.00,23198.13,28232.64,28216.22,23465.30,20,79,79,20,60704.51,60626.11,,
2026-06-05T23:32:30+08:00,btc-updown-5m-1780673400,https://polymarket.com/zh/event/btc-updown-5m-1780673400,23:30-23:35,21.00,81.00,20.00,79.00,1000.92,30.24,96.05,1079.13,20.50,80.00,1.00,2.00,23710.30,28212.71,28231.23,23630.30,20,79,79,19,60704.51,60629.53,,
2026-06-05T23:32:32+08:00,btc-updown-5m-1780673400,https://polymarket.com/zh/event/btc-updown-5m-1780673400,23:30-23:35,20.00,81.00,18.00,80.00,815.42,47.53,710.47,685.08,19.00,80.50,2.00,1.00,23790.30,28127.76,28132.75,23885.30,18,80,80,19,60704.51,60633.96,,
2026-06-05T23:32:34+08:00,btc-updown-5m-1780673400,https://polymarket.com/zh/event/btc-updown-5m-1780673400,23:30-23:35,18.00,87.00,14.00,83.00,32.00,215.00,512.34,63.64,16.00,85.00,4.00,4.00,23697.80,28102.77,28091.22,24007.80,14,82,83,13,60704.51,60570.64,,
2026-06-05T23:32:36+08:00,btc-updown-5m-1780673400,https://polymarket.com/zh/event/btc-updown-5m-1780673400,23:30-23:35,11.00,90.00,10.00,89.00,805.23,330.55,325.55,795.23,10.50,89.50,1.00,1.00,24482.33,27615.83,27615.83,24332.33,10,89,89,10,60704.51,60565.97,,
2026-06-05T23:32:38+08:00,btc-updown-5m-1780673400,https://polymarket.com/zh/event/btc-updown-5m-1780673400,23:30-23:35,10.00,91.00,9.00,90.00,291.29,185.00,190.00,289.29,9.50,90.50,1.00,1.00,22234.26,27628.86,27623.86,22984.26,9,90,90,9,60704.51,60591.14,,
2026-06-05T23:32:40+08:00,btc-updown-5m-1780673400,https://polymarket.com/zh/event/btc-updown-5m-1780673400,23:30-23:35,12.00,89.00,11.00,88.00,41.64,1700.38,1713.89,41.64,11.50,88.50,1.00,1.00,24415.97,27409.22,27404.21,24305.97,11,88,88,11,60704.51,60584.67,,
2026-06-05T23:32:42+08:00,btc-updown-5m-1780673400,https://polymarket.com/zh/event/btc-updown-5m-1780673400,23:30-23:35,12.00,89.00,11.00,88.00,42.32,1152.66,1152.66,42.32,11.50,88.50,1.00,1.00,23260.86,27415.93,27415.93,23260.86,11,88,88,11,60704.51,60593.49,,
2026-06-05T23:32:44+08:00,btc-updown-5m-1780673400,https://polymarket.com/zh/event/btc-updown-5m-1780673400,23:30-23:35,12.00,89.00,11.00,88.00,512.81,48.82,48.82,512.81,11.50,88.50,1.00,1.00,22730.48,27410.22,27410.22,22735.48,11,88,88,11,60704.51,60551.00,,
2026-06-05T23:32:46+08:00,btc-updown-5m-1780673400,https://polymarket.com/zh/event/btc-updown-5m-1780673400,23:30-23:35,10.00,91.00,9.00,90.00,45.00,1056.74,961.14,17.00,9.50,90.50,1.00,1.00,24401.40,26668.23,26677.24,23810.40,9,90,90,9,60704.51,60568.51,,
2026-06-05T23:32:48+08:00,btc-updown-5m-1780673400,https://polymarket.com/zh/event/btc-updown-5m-1780673400,23:30-23:35,9.00,92.00,7.00,91.00,926.20,91.42,196.28,49.00,8.00,91.50,2.00,1.00,21810.36,26659.06,26647.22,21824.17,7,91,91,8,60704.51,60541.38,,
2026-06-05T23:32:49+08:00,btc-updown-5m-1780673400,https://polymarket.com/zh/event/btc-updown-5m-1780673400,23:30-23:35,8.00,94.00,7.00,93.00,1561.00,784.78,10.00,922.02,7.50,93.50,1.00,1.00,22788.09,24373.23,24372.24,22407.49,7,92,93,6,60704.51,60534.00,,
2026-06-05T23:32:51+08:00,btc-updown-5m-1780673400,https://polymarket.com/zh/event/btc-updown-5m-1780673400,23:30-23:35,7.00,94.00,6.00,93.00,147.95,1021.16,911.57,804.99,6.50,93.50,1.00,1.00,21715.27,23879.19,23869.19,21661.67,6,93,93,6,60704.51,60537.95,,
2026-06-05T23:32:53+08:00,btc-updown-5m-1780673400,https://polymarket.com/zh/event/btc-updown-5m-1780673400,23:30-23:35,6.00,95.00,5.00,94.00,104.55,1227.23,1254.30,179.00,5.50,94.50,1.00,1.00,21880.19,23872.23,23873.23,21778.26,5,94,94,5,60704.51,60541.43,,
2026-06-05T23:32:55+08:00,btc-updown-5m-1780673400,https://polymarket.com/zh/event/btc-updown-5m-1780673400,23:30-23:35,6.00,95.00,5.00,94.00,486.27,1075.83,1031.83,437.27,5.50,94.50,1.00,1.00,21380.47,23837.21,23842.21,21564.47,5,94,94,5,60704.51,60541.93,,
2026-06-05T23:32:57+08:00,btc-updown-5m-1780673400,https://polymarket.com/zh/event/btc-updown-5m-1780673400,23:30-23:35,7.00,94.00,6.00,93.00,520.58,450.34,440.34,479.33,6.50,93.50,1.00,1.00,20831.15,23858.21,23857.22,21006.15,6,93,93,6,60704.51,60537.37,,
2026-06-05T23:32:59+08:00,btc-updown-5m-1780673400,https://polymarket.com/zh/event/btc-updown-5m-1780673400,23:30-23:35,7.00,94.00,6.00,93.00,530.98,140.64,788.50,621.73,6.50,93.50,1.00,1.00,21898.18,23878.23,23868.23,21332.18,6,93,93,6,60704.51,60539.27,,
2026-06-05T23:33:01+08:00,btc-updown-5m-1780673400,https://polymarket.com/zh/event/btc-updown-5m-1780673400,23:30-23:35,6.00,95.00,5.00,94.00,103.00,1792.97,2149.30,103.00,5.50,94.50,1.00,1.00,20211.09,23197.22,23203.21,19686.74,5,94,94,5,60704.51,60529.65,,
2026-06-05T23:33:03+08:00,btc-updown-5m-1780673400,https://polymarket.com/zh/event/btc-updown-5m-1780673400,23:30-23:35,6.00,95.00,5.00,94.00,419.45,1075.16,1075.16,433.45,5.50,94.50,1.00,1.00,19555.84,23218.22,23218.22,19560.84,5,94,94,5,60704.51,60531.38,,
2026-06-05T23:33:05+08:00,btc-updown-5m-1780673400,https://polymarket.com/zh/event/btc-updown-5m-1780673400,23:30-23:35,8.00,93.00,7.00,92.00,263.52,737.16,1159.33,288.42,7.50,92.50,1.00,1.00,18824.40,23202.22,23207.62,18550.01,7,92,92,7,60704.51,60557.10,,
2026-06-05T23:33:07+08:00,btc-updown-5m-1780673400,https://polymarket.com/zh/event/btc-updown-5m-1780673400,23:30-23:35,7.00,94.00,6.00,93.00,962.53,576.91,478.18,988.53,6.50,93.50,1.00,1.00,19316.67,23218.22,23197.23,18727.67,6,93,93,6,60704.51,60538.22,,
2026-06-05T23:33:09+08:00,btc-updown-5m-1780673400,https://polymarket.com/zh/event/btc-updown-5m-1780673400,23:30-23:35,6.00,95.00,5.00,94.00,183.35,1016.98,806.37,368.63,5.50,94.50,1.00,1.00,18566.39,23167.35,23160.82,18845.00,5,94,94,5,60704.51,60531.96,,
2026-06-05T23:33:11+08:00,btc-updown-5m-1780673400,https://polymarket.com/zh/event/btc-updown-5m-1780673400,23:30-23:35,5.00,96.00,4.00,95.00,312.50,1002.20,1087.20,297.82,4.50,95.50,1.00,1.00,17308.05,22430.81,22445.81,17231.05,4,95,95,4,60704.51,60529.86,,
2026-06-05T23:33:13+08:00,btc-updown-5m-1780673400,https://polymarket.com/zh/event/btc-updown-5m-1780673400,23:30-23:35,5.00,96.00,4.00,95.00,338.61,1356.96,1224.01,367.69,4.50,95.50,1.00,1.00,17326.04,22421.81,22420.81,17251.75,4,95,95,4,60704.51,60545.99,,
2026-06-05T23:33:14+08:00,btc-updown-5m-1780673400,https://polymarket.com/zh/event/btc-updown-5m-1780673400,23:30-23:35,5.00,96.00,4.00,95.00,320.66,864.44,828.46,261.68,4.50,95.50,1.00,1.00,16492.79,22411.81,22431.57,16522.77,4,95,95,4,60704.51,60544.00,,
2026-06-05T23:33:16+08:00,btc-updown-5m-1780673400,https://polymarket.com/zh/event/btc-updown-5m-1780673400,23:30-23:35,5.00,96.00,4.00,95.00,82.17,962.37,903.06,91.86,4.50,95.50,1.00,1.00,17207.67,22410.81,22435.81,17242.98,4,95,95,4,60704.51,60541.95,,
2026-06-05T23:33:18+08:00,btc-updown-5m-1780673400,https://polymarket.com/zh/event/btc-updown-5m-1780673400,23:30-23:35,4.00,97.00,3.00,96.00,234.56,1505.55,1407.63,217.08,3.50,96.50,1.00,1.00,15674.10,22426.81,22431.81,15851.32,3,96,96,3,60704.51,60545.90,,
2026-06-05T23:33:20+08:00,btc-updown-5m-1780673400,https://polymarket.com/zh/event/btc-updown-5m-1780673400,23:30-23:35,4.00,97.00,3.00,96.00,70.03,2170.93,1770.56,20.03,3.50,96.50,1.00,1.00,16044.62,22302.46,22208.44,16349.99,3,96,95,3,60704.51,60575.76,,
2026-06-05T23:33:22+08:00,btc-updown-5m-1780673400,https://polymarket.com/zh/event/btc-updown-5m-1780673400,23:30-23:35,6.00,95.00,5.00,94.00,726.44,957.65,850.65,408.49,5.50,94.50,1.00,1.00,16771.33,22188.46,22193.46,17013.33,5,94,94,5,60704.51,60554.13,,
2026-06-05T23:33:24+08:00,btc-updown-5m-1780673400,https://polymarket.com/zh/event/btc-updown-5m-1780673400,23:30-23:35,6.00,95.00,5.00,94.00,818.61,73.14,75.20,757.36,5.50,94.50,1.00,1.00,15615.00,22198.46,22198.47,15612.94,5,94,94,5,60704.51,60546.61,,
2026-06-05T23:33:26+08:00,btc-updown-5m-1780673400,https://polymarket.com/zh/event/btc-updown-5m-1780673400,23:30-23:35,5.00,96.00,4.00,95.00,591.00,607.28,452.28,290.00,4.50,95.50,1.00,1.00,15244.32,22223.47,22202.46,15503.21,4,95,95,4,60704.51,60550.00,,
2026-06-05T23:33:28+08:00,btc-updown-5m-1780673400,https://polymarket.com/zh/event/btc-updown-5m-1780673400,23:30-23:35,5.00,96.00,4.00,95.00,469.60,235.25,183.16,500.63,4.50,95.50,1.00,1.00,15398.69,22199.71,22197.47,14794.90,4,95,95,4,60704.51,60546.01,,
2026-06-05T23:33:30+08:00,btc-updown-5m-1780673400,https://polymarket.com/zh/event/btc-updown-5m-1780673400,23:30-23:35,5.00,96.00,4.00,95.00,371.39,394.22,414.22,376.37,4.50,95.50,1.00,1.00,15158.06,22217.47,22213.46,15138.06,4,95,95,4,60704.51,60549.09,,
2026-06-05T23:33:32+08:00,btc-updown-5m-1780673400,https://polymarket.com/zh/event/btc-updown-5m-1780673400,23:30-23:35,4.00,97.00,3.00,96.00,521.90,456.72,608.96,622.90,3.50,96.50,1.00,1.00,13890.53,22198.46,22187.47,14039.29,3,96,96,3,60704.51,60540.19,,
2026-06-05T23:33:34+08:00,btc-updown-5m-1780673400,https://polymarket.com/zh/event/btc-updown-5m-1780673400,23:30-23:35,3.00,98.00,2.00,97.00,992.70,677.30,845.06,894.30,2.50,97.50,1.00,1.00,11755.87,22058.47,22023.46,11598.11,2,97,97,2,60704.51,60513.60,,
2026-06-05T23:33:36+08:00,btc-updown-5m-1780673400,https://polymarket.com/zh/event/btc-updown-5m-1780673400,23:30-23:35,2.00,99.00,1.00,98.00,1925.39,10508.92,10844.98,1925.39,1.50,98.50,1.00,1.00,10844.98,22020.06,21999.06,10508.92,1,98,98,1,60704.51,60511.66,,
2026-06-05T23:33:37+08:00,btc-updown-5m-1780673400,https://polymarket.com/zh/event/btc-updown-5m-1780673400,23:30-23:35,1.00,,,99.00,16154.75,,,16577.35,,,,,,21766.71,21776.71,,0,99,99,0,60704.51,60491.72,,
2026-06-05T23:33:39+08:00,btc-updown-5m-1780673400,https://polymarket.com/zh/event/btc-updown-5m-1780673400,23:30-23:35,1.00,,,99.00,18478.28,,,18460.28,,,,,,21765.71,21770.71,,0,99,99,0,60704.51,60492.53,,
2026-06-05T23:33:41+08:00,btc-updown-5m-1780673400,https://polymarket.com/zh/event/btc-updown-5m-1780673400,23:30-23:35,2.00,99.00,1.00,98.00,3177.68,1026.34,798.98,3264.68,1.50,98.50,1.00,1.00,798.98,21276.72,21261.71,1026.34,1,98,98,1,60704.51,60511.99,,
2026-06-05T23:33:43+08:00,btc-updown-5m-1780673400,https://polymarket.com/zh/event/btc-updown-5m-1780673400,23:30-23:35,2.00,99.00,1.00,98.00,3268.29,354.24,426.72,3301.29,1.50,98.50,1.00,1.00,426.72,21496.93,21499.06,354.24,1,98,98,1,60704.51,60520.52,,
2026-06-05T23:33:45+08:00,btc-updown-5m-1780673400,https://polymarket.com/zh/event/btc-updown-5m-1780673400,23:30-23:35,2.00,99.00,1.00,98.00,3335.44,221.78,221.78,3375.37,1.50,98.50,1.00,1.00,221.78,21479.06,21474.06,221.78,1,98,98,1,60704.51,60516.87,,
2026-06-05T23:33:47+08:00,btc-updown-5m-1780673400,https://polymarket.com/zh/event/btc-updown-5m-1780673400,23:30-23:35,1.00,,,99.00,6493.39,,,6798.39,,,,,,21255.71,21271.71,,0,99,99,0,60704.51,60516.00,,
2026-06-05T23:33:49+08:00,btc-updown-5m-1780673400,https://polymarket.com/zh/event/btc-updown-5m-1780673400,23:30-23:35,1.00,,,99.00,7088.91,,,7113.91,,,,,,21251.71,21260.71,,0,99,99,0,60704.51,60535.91,,
2026-06-05T23:33:51+08:00,btc-updown-5m-1780673400,https://polymarket.com/zh/event/btc-updown-5m-1780673400,23:30-23:35,1.00,,,99.00,6698.53,,,6692.06,,,,,,21251.71,21251.71,,0,99,99,0,60704.51,60537.42,,
2026-06-05T23:33:53+08:00,btc-updown-5m-1780673400,https://polymarket.com/zh/event/btc-updown-5m-1780673400,23:30-23:35,1.00,,,99.00,7046.44,,,7046.44,,,,,,21251.71,21250.71,,0,99,99,0,60704.51,60529.87,,
2026-06-05T23:33:55+08:00,btc-updown-5m-1780673400,https://polymarket.com/zh/event/btc-updown-5m-1780673400,23:30-23:35,1.00,,,99.00,7208.63,,,7208.63,,,,,,21256.71,21256.71,,0,99,99,0,60704.51,60522.89,,
2026-06-05T23:33:57+08:00,btc-updown-5m-1780673400,https://polymarket.com/zh/event/btc-updown-5m-1780673400,23:30-23:35,1.00,,,99.00,7022.65,,,7056.31,,,,,,21271.71,21271.71,,0,99,99,0,60704.51,60514.79,,
2026-06-05T23:33:59+08:00,btc-updown-5m-1780673400,https://polymarket.com/zh/event/btc-updown-5m-1780673400,23:30-23:35,1.00,,,99.00,7901.66,,,7496.65,,,,,,21277.20,21270.71,,0,99,99,0,60704.51,60510.27,,
2026-06-05T23:34:01+08:00,btc-updown-5m-1780673400,https://polymarket.com/zh/event/btc-updown-5m-1780673400,23:30-23:35,1.00,,,99.00,17361.91,,,17361.91,,,,,,21566.28,21555.71,,0,99,99,0,60704.51,60508.85,,
2026-06-05T23:34:03+08:00,btc-updown-5m-1780673400,https://polymarket.com/zh/event/btc-updown-5m-1780673400,23:30-23:35,1.00,,,99.00,17636.84,,,17737.84,,,,,,23861.71,23861.71,,0,99,99,0,60704.51,60532.03,,
2026-06-05T23:34:05+08:00,btc-updown-5m-1780673400,https://polymarket.com/zh/event/btc-updown-5m-1780673400,23:30-23:35,1.00,,,99.00,17347.84,,,17347.84,,,,,,23850.71,23872.44,,0,99,99,0,60704.51,60538.94,,
2026-06-05T23:34:07+08:00,btc-updown-5m-1780673400,https://polymarket.com/zh/event/btc-updown-5m-1780673400,23:30-23:35,1.00,,,99.00,17282.22,,,17282.22,,,,,,23546.71,23535.71,,0,99,99,0,60704.51,60532.55,,
2026-06-05T23:34:09+08:00,btc-updown-5m-1780673400,https://polymarket.com/zh/event/btc-updown-5m-1780673400,23:30-23:35,1.00,,,99.00,16943.75,,,16943.75,,,,,,23866.71,23871.71,,0,99,99,0,60704.51,60539.99,,
2026-06-05T23:34:10+08:00,btc-updown-5m-1780673400,https://polymarket.com/zh/event/btc-updown-5m-1780673400,23:30-23:35,1.00,,,99.00,17962.78,,,17957.78,,,,,,23851.71,23871.71,,0,99,99,0,60704.51,60538.57,,
2026-06-05T23:34:12+08:00,btc-updown-5m-1780673400,https://polymarket.com/zh/event/btc-updown-5m-1780673400,23:30-23:35,1.00,,,99.00,16498.54,,,16498.54,,,,,,23845.71,23871.71,,0,99,99,0,60704.51,60572.86,,
2026-06-05T23:34:14+08:00,btc-updown-5m-1780673400,https://polymarket.com/zh/event/btc-updown-5m-1780673400,23:30-23:35,1.00,,,99.00,16096.41,,,16057.41,,,,,,23840.71,23845.71,,0,99,99,0,60704.51,60526.64,,
2026-06-05T23:34:16+08:00,btc-updown-5m-1780673400,https://polymarket.com/zh/event/btc-updown-5m-1780673400,23:30-23:35,1.00,,,99.00,15441.07,,,15441.07,,,,,,23861.71,23855.71,,0,99,99,0,60704.51,60535.75,,
2026-06-05T23:34:18+08:00,btc-updown-5m-1780673400,https://polymarket.com/zh/event/btc-updown-5m-1780673400,23:30-23:35,1.00,,,99.00,15577.07,,,15582.21,,,,,,23540.71,23535.71,,0,99,99,0,60704.51,60537.95,,
2026-06-05T23:34:20+08:00,btc-updown-5m-1780673400,https://polymarket.com/zh/event/btc-updown-5m-1780673400,23:30-23:35,1.00,,,99.00,17843.06,,,17923.87,,,,,,23866.71,23860.71,,0,99,99,0,60704.51,60537.96,,
2026-06-05T23:34:22+08:00,btc-updown-5m-1780673400,https://polymarket.com/zh/event/btc-updown-5m-1780673400,23:30-23:35,1.00,,,99.00,17106.96,,,17106.96,,,,,,23845.71,23846.71,,0,99,99,0,60704.51,60538.92,,
2026-06-05T23:34:24+08:00,btc-updown-5m-1780673400,https://polymarket.com/zh/event/btc-updown-5m-1780673400,23:30-23:35,1.00,,,99.00,44950.34,,,44540.64,,,,,,23845.71,23845.71,,0,99,99,0,60704.51,60529.86,,
2026-06-05T23:34:26+08:00,btc-updown-5m-1780673400,https://polymarket.com/zh/event/btc-updown-5m-1780673400,23:30-23:35,1.00,,,99.00,46185.71,,,46185.71,,,,,,23855.71,23865.71,,0,99,99,0,60704.51,60536.76,,
2026-06-05T23:34:28+08:00,btc-updown-5m-1780673400,https://polymarket.com/zh/event/btc-updown-5m-1780673400,23:30-23:35,1.00,,,99.00,46169.64,,,46169.64,,,,,,23860.71,23866.71,,0,99,99,0,60704.51,60536.30,,
2026-06-05T23:34:30+08:00,btc-updown-5m-1780673400,https://polymarket.com/zh/event/btc-updown-5m-1780673400,23:30-23:35,1.00,,,99.00,46056.88,,,46056.88,,,,,,23855.71,23856.71,,0,99,99,0,60704.51,60559.99,,
2026-06-05T23:34:32+08:00,btc-updown-5m-1780673400,https://polymarket.com/zh/event/btc-updown-5m-1780673400,23:30-23:35,1.00,,,99.00,45485.05,,,45485.05,,,,,,21887.09,21897.09,,0,99,99,0,60704.51,60572.00,,
2026-06-05T23:34:33+08:00,btc-updown-5m-1780673400,https://polymarket.com/zh/event/btc-updown-5m-1780673400,23:30-23:35,1.00,,,99.00,45503.04,,,45503.04,,,,,,21867.09,21886.09,,0,99,99,0,60704.51,60561.94,,
2026-06-05T23:34:35+08:00,btc-updown-5m-1780673400,https://polymarket.com/zh/event/btc-updown-5m-1780673400,23:30-23:35,1.00,,,99.00,45073.50,,,45073.50,,,,,,21572.49,21593.49,,0,99,99,0,60704.51,60561.86,,
2026-06-05T23:34:38+08:00,btc-updown-5m-1780673400,https://polymarket.com/zh/event/btc-updown-5m-1780673400,23:30-23:35,1.00,,,99.00,47571.71,,,47571.71,,,,,,21568.49,21592.49,,0,99,99,0,60704.51,60557.97,,
2026-06-05T23:34:39+08:00,btc-updown-5m-1780673400,https://polymarket.com/zh/event/btc-updown-5m-1780673400,23:30-23:35,1.00,,,99.00,47581.80,,,47581.80,,,,,,21572.49,21588.49,,0,99,99,0,60704.51,60561.89,,
2026-06-05T23:34:41+08:00,btc-updown-5m-1780673400,https://polymarket.com/zh/event/btc-updown-5m-1780673400,23:30-23:35,1.00,,,99.00,50660.68,,,50660.68,,,,,,21572.49,21562.49,,0,99,99,0,60704.51,60541.53,,
2026-06-05T23:34:43+08:00,btc-updown-5m-1780673400,https://polymarket.com/zh/event/btc-updown-5m-1780673400,23:30-23:35,1.00,,,99.00,47648.68,,,47653.80,,,,,,21572.49,21568.49,,0,99,99,0,60704.51,60544.22,,
2026-06-05T23:34:45+08:00,btc-updown-5m-1780673400,https://polymarket.com/zh/event/btc-updown-5m-1780673400,23:30-23:35,1.00,,,99.00,50651.88,,,50651.88,,,,,,21568.49,21562.49,,0,99,99,0,60704.51,60542.78,,
2026-06-05T23:34:47+08:00,btc-updown-5m-1780673400,https://polymarket.com/zh/event/btc-updown-5m-1780673400,23:30-23:35,1.00,,,99.00,50698.88,,,50698.88,,,,,,21272.49,21288.49,,0,99,99,0,60704.51,60583.45,,
2026-06-05T23:34:49+08:00,btc-updown-5m-1780673400,https://polymarket.com/zh/event/btc-updown-5m-1780673400,23:30-23:35,1.00,,,99.00,51104.91,,,51104.91,,,,,,21273.49,21277.49,,0,99,99,0,60704.51,60580.04,,
2026-06-05T23:34:51+08:00,btc-updown-5m-1780673400,https://polymarket.com/zh/event/btc-updown-5m-1780673400,23:30-23:35,1.00,,,99.00,51330.21,,,51419.21,,,,,,13914.49,13919.49,,0,99,99,0,60704.51,60578.16,,
2026-06-05T23:34:53+08:00,btc-updown-5m-1780673400,https://polymarket.com/zh/event/btc-updown-5m-1780673400,23:30-23:35,1.00,,,99.00,56547.86,,,59074.06,,,,,,13884.49,13884.49,,0,64,64,0,60704.51,60570.00,,
2026-06-05T23:34:55+08:00,btc-updown-5m-1780673400,https://polymarket.com/zh/event/btc-updown-5m-1780673400,23:30-23:35,1.00,,,99.00,62167.24,,,61938.24,,,,,,13886.59,13890.60,,0,64,64,0,60704.51,60573.74,,
2026-06-05T23:34:57+08:00,btc-updown-5m-1780673400,https://polymarket.com/zh/event/btc-updown-5m-1780673400,23:30-23:35,1.00,,,99.00,67610.50,,,67626.56,,,,,,13870.57,13870.58,,0,64,64,0,60704.51,60569.98,,
2026-06-05T23:34:59+08:00,btc-updown-5m-1780673400,https://polymarket.com/zh/event/btc-updown-5m-1780673400,23:30-23:35,1.00,,,99.00,77448.53,,,78106.54,,,,,,13982.58,13988.59,,0,66,64,0,60704.51,60572.29,,
2026-06-05T23:35:01+08:00,btc-updown-5m-1780673700,https://polymarket.com/zh/event/btc-updown-5m-1780673700,23:35-23:40,51.00,50.00,50.00,49.00,305.50,1955.40,1793.40,154.41,50.50,49.50,1.00,1.00,111692.02,110359.61,110359.61,111692.02,50,49,49,50,60585.51,60585.51,,
2026-06-05T23:35:03+08:00,btc-updown-5m-1780673700,https://polymarket.com/zh/event/btc-updown-5m-1780673700,23:35-23:40,59.00,42.00,58.00,41.00,50.00,247.20,240.61,50.00,58.50,41.50,1.00,1.00,111845.04,110775.81,110775.81,111859.03,58,41,41,58,60585.51,60602.34,,
2026-06-05T23:35:05+08:00,btc-updown-5m-1780673700,https://polymarket.com/zh/event/btc-updown-5m-1780673700,23:35-23:40,51.00,50.00,50.00,49.00,253.60,67.03,314.23,543.19,50.50,49.50,1.00,1.00,112480.03,110935.81,110935.81,111975.03,50,49,49,50,60585.51,60551.99,,
2026-06-05T23:35:07+08:00,btc-updown-5m-1780673700,https://polymarket.com/zh/event/btc-updown-5m-1780673700,23:35-23:40,44.00,57.00,43.00,56.00,101.60,1232.69,1000.50,76.58,43.50,56.50,1.00,1.00,113626.36,111576.16,111580.17,114426.36,43,56,56,43,60585.51,60550.52,,
2026-06-05T23:35:09+08:00,btc-updown-5m-1780673700,https://polymarket.com/zh/event/btc-updown-5m-1780673700,23:35-23:40,48.00,54.00,44.00,52.00,25.00,39.99,3.05,25.00,46.00,53.00,4.00,2.00,113178.36,111184.17,111194.17,113178.36,44,52,52,45,60585.51,60563.32,,
2026-06-05T23:35:11+08:00,btc-updown-5m-1780673700,https://polymarket.com/zh/event/btc-updown-5m-1780673700,23:35-23:40,50.00,51.00,49.00,50.00,795.73,490.24,194.47,536.32,49.50,50.50,1.00,1.00,111978.36,112845.97,112855.97,112178.36,49,50,50,49,60585.51,60587.29,,
2026-06-05T23:35:13+08:00,btc-updown-5m-1780673700,https://polymarket.com/zh/event/btc-updown-5m-1780673700,23:35-23:40,50.00,51.00,49.00,50.00,125.16,2237.87,2247.87,116.48,49.50,50.50,1.00,1.00,111401.36,113024.97,113024.97,111406.36,49,50,50,49,60585.51,60593.28,,
2026-06-05T23:35:15+08:00,btc-updown-5m-1780673700,https://polymarket.com/zh/event/btc-updown-5m-1780673700,23:35-23:40,54.00,47.00,52.00,46.00,10.00,206.53,615.79,21.00,53.00,46.50,2.00,1.00,111421.36,113141.14,113128.56,111426.36,52,45,45,53,60585.51,60586.90,,
2026-06-05T23:35:17+08:00,btc-updown-5m-1780673700,https://polymarket.com/zh/event/btc-updown-5m-1780673700,23:35-23:40,56.00,45.00,55.00,44.00,636.78,291.78,425.78,667.85,55.50,44.50,1.00,1.00,107523.36,106708.75,106708.75,107533.36,55,44,44,55,60585.51,60594.02,,
2026-06-05T23:35:18+08:00,btc-updown-5m-1780673700,https://polymarket.com/zh/event/btc-updown-5m-1780673700,23:35-23:40,56.00,45.00,55.00,44.00,393.11,710.17,522.17,213.11,55.50,44.50,1.00,1.00,106128.65,106693.75,106693.75,106133.65,55,44,44,55,60585.51,60596.28,,
2026-06-05T23:35:20+08:00,btc-updown-5m-1780673700,https://polymarket.com/zh/event/btc-updown-5m-1780673700,23:35-23:40,54.00,47.00,53.00,46.00,897.08,348.44,446.73,870.08,53.50,46.50,1.00,1.00,107903.27,106948.66,106953.66,107908.27,53,46,46,53,60585.51,60589.40,,
2026-06-05T23:35:22+08:00,btc-updown-5m-1780673700,https://polymarket.com/zh/event/btc-updown-5m-1780673700,23:35-23:40,53.00,48.00,52.00,47.00,1605.87,188.73,224.98,1720.74,52.50,47.50,1.00,1.00,100228.28,98758.66,98768.66,99738.27,52,47,47,52,60585.51,60572.15,,
2026-06-05T23:35:24+08:00,btc-updown-5m-1780673700,https://polymarket.com/zh/event/btc-updown-5m-1780673700,23:35-23:40,52.00,49.00,51.00,48.00,970.91,246.11,261.61,1008.91,51.50,48.50,1.00,1.00,99538.28,98507.56,98107.56,99538.28,51,48,48,51,60585.51,60573.98,,
2026-06-05T23:35:26+08:00,btc-updown-5m-1780673700,https://polymarket.com/zh/event/btc-updown-5m-1780673700,23:35-23:40,52.00,49.00,51.00,48.00,413.35,1049.37,1251.53,420.52,51.50,48.50,1.00,1.00,100294.57,98830.64,98835.64,99799.57,51,48,48,51,60585.51,60588.66,,
2026-06-05T23:35:28+08:00,btc-updown-5m-1780673700,https://polymarket.com/zh/event/btc-updown-5m-1780673700,23:35-23:40,53.00,48.00,52.00,47.00,1044.89,319.00,359.00,851.42,52.50,47.50,1.00,1.00,99959.58,98855.64,98855.64,100054.57,52,47,47,52,60585.51,60584.18,,
2026-06-05T23:35:30+08:00,btc-updown-5m-1780673700,https://polymarket.com/zh/event/btc-updown-5m-1780673700,23:35-23:40,51.00,52.00,48.00,49.00,93.24,123.02,132.62,93.24,49.50,50.50,3.00,3.00,99349.58,98440.64,98435.64,99354.58,48,49,49,48,60585.51,60564.84,,
2026-06-05T23:35:32+08:00,btc-updown-5m-1780673700,https://polymarket.com/zh/event/btc-updown-5m-1780673700,23:35-23:40,47.00,54.00,46.00,53.00,467.79,529.59,674.35,642.43,46.50,53.50,1.00,1.00,87478.49,85695.56,85689.56,87483.49,46,53,53,46,60585.51,60555.06,,
2026-06-05T23:35:34+08:00,btc-updown-5m-1780673700,https://polymarket.com/zh/event/btc-updown-5m-1780673700,23:35-23:40,46.00,55.00,45.00,54.00,1113.05,72.44,72.44,1118.55,45.50,54.50,1.00,1.00,87586.49,85475.58,85475.58,87586.49,45,54,54,45,60585.51,60555.97,,
2026-06-05T23:35:36+08:00,btc-updown-5m-1780673700,https://polymarket.com/zh/event/btc-updown-5m-1780673700,23:35-23:40,45.00,57.00,44.00,56.00,172.75,201.36,188.00,91.75,44.50,56.50,1.00,1.00,87566.49,85100.58,85109.58,87571.49,44,55,56,43,60585.51,60547.04,,
2026-06-05T23:35:38+08:00,btc-updown-5m-1780673700,https://polymarket.com/zh/event/btc-updown-5m-1780673700,23:35-23:40,44.00,57.00,43.00,56.00,783.00,103.00,1083.79,956.61,43.50,56.50,1.00,1.00,87811.49,85139.57,85135.56,87611.49,43,56,56,43,60585.51,60549.98,,
2026-06-05T23:35:40+08:00,btc-updown-5m-1780673700,https://polymarket.com/zh/event/btc-updown-5m-1780673700,23:35-23:40,43.00,58.00,42.00,57.00,673.25,235.00,324.33,850.42,42.50,57.50,1.00,1.00,87691.49,85120.35,85115.35,87596.49,42,57,57,42,60585.51,60538.00,,
2026-06-05T23:35:42+08:00,btc-updown-5m-1780673700,https://polymarket.com/zh/event/btc-updown-5m-1780673700,23:35-23:40,41.00,60.00,40.00,59.00,417.13,1402.31,682.73,501.13,40.50,59.50,1.00,1.00,68311.49,65654.60,65660.58,68116.49,40,59,59,40,60585.51,60532.88,,
2026-06-05T23:35:43+08:00,btc-updown-5m-1780673700,https://polymarket.com/zh/event/btc-updown-5m-1780673700,23:35-23:40,43.00,58.00,42.00,57.00,49.29,336.91,181.91,49.29,42.50,57.50,1.00,1.00,68196.49,65619.56,65625.47,68196.49,42,57,57,42,60585.51,60538.92,,
2026-06-05T23:35:45+08:00,btc-updown-5m-1780673700,https://polymarket.com/zh/event/btc-updown-5m-1780673700,23:35-23:40,44.00,57.00,43.00,56.00,283.14,299.15,296.15,451.14,43.50,56.50,1.00,1.00,68416.49,65649.58,65641.53,68401.49,43,56,56,43,60585.51,60548.00,,
2026-06-05T23:35:47+08:00,btc-updown-5m-1780673700,https://polymarket.com/zh/event/btc-updown-5m-1780673700,23:35-23:40,46.00,55.00,45.00,54.00,817.53,1025.03,869.41,469.23,45.50,54.50,1.00,1.00,68311.49,66040.56,66451.60,68411.49,45,54,54,45,60585.51,60556.73,,
2026-06-05T23:35:49+08:00,btc-updown-5m-1780673700,https://polymarket.com/zh/event/btc-updown-5m-1780673700,23:35-23:40,48.00,54.00,46.00,53.00,86.48,100.00,100.00,61.93,47.00,53.50,2.00,1.00,68211.49,65661.63,65661.62,68206.49,46,52,53,46,60585.51,60545.47,,
2026-06-05T23:35:51+08:00,btc-updown-5m-1780673700,https://polymarket.com/zh/event/btc-updown-5m-1780673700,23:35-23:40,44.00,57.00,43.00,56.00,183.39,18.25,137.91,669.18,43.50,56.50,1.00,1.00,26196.49,23639.57,23646.66,26301.49,43,56,56,43,60585.51,60527.82,,
2026-06-05T23:35:53+08:00,btc-updown-5m-1780673700,https://polymarket.com/zh/event/btc-updown-5m-1780673700,23:35-23:40,42.00,59.00,41.00,58.00,497.35,785.01,813.01,582.35,41.50,58.50,1.00,1.00,26551.49,23624.56,23630.56,26546.49,41,58,58,41,60585.51,60536.00,,
2026-06-05T23:35:55+08:00,btc-updown-5m-1780673700,https://polymarket.com/zh/event/btc-updown-5m-1780673700,23:35-23:40,41.00,60.00,40.00,59.00,572.07,551.00,551.00,501.31,40.50,59.50,1.00,1.00,26291.49,23624.56,23624.57,26291.49,40,59,59,40,60585.51,60530.10,,
2026-06-05T23:35:57+08:00,btc-updown-5m-1780673700,https://polymarket.com/zh/event/btc-updown-5m-1780673700,23:35-23:40,41.00,60.00,40.00,59.00,138.38,115.57,185.59,195.94,40.50,59.50,1.00,1.00,26296.49,23629.57,23634.57,26301.49,40,59,59,40,60585.51,60512.01,,
2026-06-05T23:35:59+08:00,btc-updown-5m-1780673700,https://polymarket.com/zh/event/btc-updown-5m-1780673700,23:35-23:40,38.00,63.00,37.00,62.00,1156.96,118.28,118.28,1411.96,37.50,62.50,1.00,1.00,26501.49,23854.57,23820.56,26261.49,37,62,62,37,60585.51,60515.70,,
2026-06-05T23:36:01+08:00,btc-updown-5m-1780673700,https://polymarket.com/zh/event/btc-updown-5m-1780673700,23:35-23:40,38.00,63.00,37.00,62.00,98.89,1224.28,1224.28,73.62,37.50,62.50,1.00,1.00,26241.49,23810.57,23810.57,26241.49,37,62,62,37,60585.51,60527.37,,
2026-06-05T23:36:03+08:00,btc-updown-5m-1780673700,https://polymarket.com/zh/event/btc-updown-5m-1780673700,23:35-23:40,44.00,57.00,43.00,56.00,1381.09,46.49,56.49,999.08,43.50,56.50,1.00,1.00,27371.49,30805.56,30805.56,27371.49,43,56,56,43,60585.51,60546.00,,
2026-06-05T23:36:05+08:00,btc-updown-5m-1780673700,https://polymarket.com/zh/event/btc-updown-5m-1780673700,23:35-23:40,40.00,63.00,37.00,60.00,25.00,12.75,12.75,25.00,38.50,61.50,3.00,3.00,27361.49,30805.98,30805.98,27361.49,37,60,60,37,60585.51,60511.98,,
2026-06-05T23:36:07+08:00,btc-updown-5m-1780673700,https://polymarket.com/zh/event/btc-updown-5m-1780673700,23:35-23:40,41.00,60.00,40.00,59.00,798.48,71.00,116.00,1003.23,40.50,59.50,1.00,1.00,27413.49,30651.58,30637.57,27193.49,40,59,59,40,60585.51,60528.96,,
2026-06-05T23:36:09+08:00,btc-updown-5m-1780673700,https://polymarket.com/zh/event/btc-updown-5m-1780673700,23:35-23:40,36.00,65.00,35.00,64.00,1287.02,83.46,85.00,1155.41,35.50,64.50,1.00,1.00,26543.49,29887.56,29876.56,26543.49,35,64,64,35,60585.51,60511.73,,
2026-06-05T23:36:10+08:00,btc-updown-5m-1780673700,https://polymarket.com/zh/event/btc-updown-5m-1780673700,23:35-23:40,36.00,65.00,35.00,64.00,363.82,653.81,693.26,405.82,35.50,64.50,1.00,1.00,26318.49,29881.57,29876.57,26323.49,35,64,64,35,60585.51,60511.99,,
2026-06-05T23:36:12+08:00,btc-updown-5m-1780673700,https://polymarket.com/zh/event/btc-updown-5m-1780673700,23:35-23:40,35.00,66.00,34.00,65.00,514.93,163.02,168.93,761.79,34.50,65.50,1.00,1.00,26433.49,29878.16,29882.56,26543.49,34,65,65,34,60585.51,60511.72,,
2026-06-05T23:36:14+08:00,btc-updown-5m-1780673700,https://polymarket.com/zh/event/btc-updown-5m-1780673700,23:35-23:40,32.00,70.00,31.00,68.00,1662.03,20.74,89.19,1674.03,31.50,69.00,1.00,2.00,26368.49,29872.57,29867.57,26373.49,31,68,68,30,60585.51,60487.63,,
2026-06-05T23:36:16+08:00,btc-updown-5m-1780673700,https://polymarket.com/zh/event/btc-updown-5m-1780673700,23:35-23:40,29.00,72.00,28.00,71.00,39.00,315.70,327.23,39.00,28.50,71.50,1.00,1.00,26278.49,29883.25,29878.24,26273.49,28,71,71,28,60585.51,60479.97,,
2026-06-05T23:36:18+08:00,btc-updown-5m-1780673700,https://polymarket.com/zh/event/btc-updown-5m-1780673700,23:35-23:40,28.00,73.00,27.00,72.00,1427.29,10.00,10.00,1655.69,27.50,72.50,1.00,1.00,26418.49,29786.58,29809.31,26493.49,26,72,72,26,60585.51,60482.00,,
2026-06-05T23:36:20+08:00,btc-updown-5m-1780673700,https://polymarket.com/zh/event/btc-updown-5m-1780673700,23:35-23:40,26.00,75.00,25.00,74.00,1620.76,22.63,67.63,1612.76,25.50,74.50,1.00,1.00,26333.49,29778.34,29778.34,26333.49,25,74,74,25,60585.51,60463.43,,
2026-06-05T23:36:22+08:00,btc-updown-5m-1780673700,https://polymarket.com/zh/event/btc-updown-5m-1780673700,23:35-23:40,23.00,78.00,22.00,77.00,140.39,283.16,74.36,177.98,22.50,77.50,1.00,1.00,26234.49,29768.36,28701.57,26224.49,22,77,77,22,60585.51,60460.51,,
2026-06-05T23:36:24+08:00,btc-updown-5m-1780673700,https://polymarket.com/zh/event/btc-updown-5m-1780673700,23:35-23:40,22.00,79.00,21.00,78.00,635.64,361.98,876.98,1164.50,21.50,78.50,1.00,1.00,26507.58,28692.57,28697.56,26507.58,21,78,78,21,60585.51,60451.39,,
2026-06-05T23:36:26+08:00,btc-updown-5m-1780673700,https://polymarket.com/zh/event/btc-updown-5m-1780673700,23:35-23:40,22.00,79.00,21.00,78.00,250.08,1125.54,933.54,250.08,21.50,78.50,1.00,1.00,26287.58,28707.58,28697.57,26287.58,21,78,78,21,60585.51,60456.68,,
2026-06-05T23:36:28+08:00,btc-updown-5m-1780673700,https://polymarket.com/zh/event/btc-updown-5m-1780673700,23:35-23:40,22.00,80.00,21.00,79.00,1106.83,15.63,267.46,37.00,21.50,79.50,1.00,1.00,26377.58,28693.52,28692.57,26542.58,21,78,79,20,60585.51,60430.31,,
2026-06-05T23:36:30+08:00,btc-updown-5m-1780673700,https://polymarket.com/zh/event/btc-updown-5m-1780673700,23:35-23:40,18.00,83.00,17.00,82.00,1001.40,287.44,140.79,1009.60,17.50,82.50,1.00,1.00,26837.91,28707.58,28707.58,26837.91,17,82,82,17,60585.51,60436.00,,
2026-06-05T23:36:32+08:00,btc-updown-5m-1780673700,https://polymarket.com/zh/event/btc-updown-5m-1780673700,23:35-23:40,18.00,83.00,17.00,82.00,686.91,623.40,566.40,450.89,17.50,82.50,1.00,1.00,26411.91,28231.57,28231.57,26511.91,17,82,82,17,60585.51,60447.97,,
2026-06-05T23:36:34+08:00,btc-updown-5m-1780673700,https://polymarket.com/zh/event/btc-updown-5m-1780673700,23:35-23:40,18.00,83.00,17.00,82.00,549.85,124.67,470.47,696.35,17.50,82.50,1.00,1.00,26517.91,28241.57,28231.65,26592.91,17,82,82,17,60585.51,60437.99,,
2026-06-05T23:36:36+08:00,btc-updown-5m-1780673700,https://polymarket.com/zh/event/btc-updown-5m-1780673700,23:35-23:40,18.00,83.00,17.00,81.00,52.87,567.32,585.88,297.88,17.50,82.00,1.00,2.00,26592.91,28231.57,28236.57,26597.91,17,82,81,17,60585.51,60432.02,,
2026-06-05T23:36:38+08:00,btc-updown-5m-1780673700,https://polymarket.com/zh/event/btc-updown-5m-1780673700,23:35-23:40,18.00,83.00,17.00,82.00,1274.34,140.20,140.22,1250.91,17.50,82.50,1.00,1.00,26792.91,28225.56,28241.57,26792.91,17,82,82,17,60585.51,60424.17,,
2026-06-05T23:36:39+08:00,btc-updown-5m-1780673700,https://polymarket.com/zh/event/btc-updown-5m-1780673700,23:35-23:40,17.00,84.00,16.00,83.00,1702.93,0.18,0.18,2014.46,16.50,83.50,1.00,1.00,26637.91,28205.56,28221.56,26592.91,16,83,83,16,60585.51,60428.25,,
2026-06-05T23:36:41+08:00,btc-updown-5m-1780673700,https://polymarket.com/zh/event/btc-updown-5m-1780673700,23:35-23:40,15.00,86.00,14.00,85.00,88.79,1159.80,1124.80,55.79,14.50,85.50,1.00,1.00,26932.91,28231.57,28226.57,26932.91,14,85,85,14,60585.51,60421.99,,
2026-06-05T23:36:43+08:00,btc-updown-5m-1780673700,https://polymarket.com/zh/event/btc-updown-5m-1780673700,23:35-23:40,20.00,81.00,19.00,80.00,108.45,196.00,92.88,892.45,19.50,80.50,1.00,1.00,26654.89,28251.88,28230.58,26889.89,19,80,80,19,60585.51,60438.29,,
2026-06-05T23:36:45+08:00,btc-updown-5m-1780673700,https://polymarket.com/zh/event/btc-updown-5m-1780673700,23:35-23:40,17.00,85.00,16.00,84.00,1719.49,387.67,156.47,1380.25,16.50,84.50,1.00,1.00,27749.89,28210.57,28206.56,27849.89,16,83,84,15,60585.51,60420.07,,
2026-06-05T23:36:47+08:00,btc-updown-5m-1780673700,https://polymarket.com/zh/event/btc-updown-5m-1780673700,23:35-23:40,15.00,86.00,14.00,85.00,295.24,924.03,744.03,295.24,14.50,85.50,1.00,1.00,28139.89,28226.56,28231.57,27839.89,14,85,85,14,60585.51,60413.66,,
2026-06-05T23:36:49+08:00,btc-updown-5m-1780673700,https://polymarket.com/zh/event/btc-updown-5m-1780673700,23:35-23:40,14.00,88.00,13.00,87.00,986.64,202.65,20.88,520.11,13.50,87.50,1.00,1.00,26915.89,28246.06,28231.56,27516.89,13,86,87,12,60585.51,60399.80,,
2026-06-05T23:36:51+08:00,btc-updown-5m-1780673700,https://polymarket.com/zh/event/btc-updown-5m-1780673700,23:35-23:40,12.00,89.00,11.00,88.00,1610.00,38.14,161.97,1426.33,11.50,88.50,1.00,1.00,26720.89,28141.58,28130.59,27578.89,11,88,88,11,60585.51,60393.76,,
2026-06-05T23:36:53+08:00,btc-updown-5m-1780673700,https://polymarket.com/zh/event/btc-updown-5m-1780673700,23:35-23:40,13.00,88.00,12.00,87.00,705.88,103.96,107.53,792.12,12.50,87.50,1.00,1.00,27888.16,28122.19,28135.56,28360.16,12,87,87,12,60585.51,60393.05,,
2026-06-05T23:36:55+08:00,btc-updown-5m-1780673700,https://polymarket.com/zh/event/btc-updown-5m-1780673700,23:35-23:40,13.00,88.00,12.00,87.00,484.36,1516.78,1699.74,14.36,12.50,87.50,1.00,1.00,27015.56,28125.57,28126.56,26750.56,12,87,87,12,60585.51,60392.60,,
2026-06-05T23:36:57+08:00,btc-updown-5m-1780673700,https://polymarket.com/zh/event/btc-updown-5m-1780673700,23:35-23:40,13.00,88.00,12.00,87.00,1604.94,16.05,46.05,1401.94,12.50,87.50,1.00,1.00,26438.76,28136.56,28130.56,26208.76,12,87,87,12,60585.51,60400.00,,
2026-06-05T23:36:59+08:00,btc-updown-5m-1780673700,https://polymarket.com/zh/event/btc-updown-5m-1780673700,23:35-23:40,12.00,89.00,11.00,88.00,1367.57,179.42,179.42,1127.57,11.50,88.50,1.00,1.00,27422.76,28146.57,28135.57,27427.76,11,88,88,11,60585.51,60391.96,,
2026-06-05T23:37:01+08:00,btc-updown-5m-1780673700,https://polymarket.com/zh/event/btc-updown-5m-1780673700,23:35-23:40,12.00,89.00,11.00,88.00,607.29,266.39,223.98,1484.88,11.50,88.50,1.00,1.00,26913.28,28013.56,28024.56,27252.28,11,88,88,11,60585.51,60396.03,,
2026-06-05T23:37:02+08:00,btc-updown-5m-1780673700,https://polymarket.com/zh/event/btc-updown-5m-1780673700,23:35-23:40,11.00,90.00,10.00,89.00,1092.05,88.95,200.07,1100.05,10.50,89.50,1.00,1.00,26604.78,27939.57,27939.57,26594.78,10,89,89,10,60585.51,60386.42,,
2026-06-05T23:37:04+08:00,btc-updown-5m-1780673700,https://polymarket.com/zh/event/btc-updown-5m-1780673700,23:35-23:40,10.00,91.00,9.00,90.00,137.11,1735.75,1880.82,117.11,9.50,90.50,1.00,1.00,26645.82,27933.60,27911.56,26622.82,9,90,90,9,60585.51,60385.99,,
2026-06-05T23:37:06+08:00,btc-updown-5m-1780673700,https://polymarket.com/zh/event/btc-updown-5m-1780673700,23:35-23:40,13.00,88.00,12.00,87.00,892.56,568.34,58.34,908.73,12.50,87.50,1.00,1.00,27929.82,27937.56,27932.56,27939.82,12,87,87,12,60585.51,60402.96,,
2026-06-05T23:37:08+08:00,btc-updown-5m-1780673700,https://polymarket.com/zh/event/btc-updown-5m-1780673700,23:35-23:40,12.00,89.00,11.00,88.00,548.82,669.23,1019.17,552.78,11.50,88.50,1.00,1.00,27906.18,27936.57,27932.56,27836.18,11,88,88,11,60585.51,60401.94,,
2026-06-05T23:37:10+08:00,btc-updown-5m-1780673700,https://polymarket.com/zh/event/btc-updown-5m-1780673700,23:35-23:40,12.00,89.00,11.00,88.00,76.99,1348.30,1558.08,76.99,11.50,88.50,1.00,1.00,27628.18,27842.56,27838.83,27638.18,11,88,88,11,60585.51,60404.00,,
2026-06-05T23:37:12+08:00,btc-updown-5m-1780673700,https://polymarket.com/zh/event/btc-updown-5m-1780673700,23:35-23:40,12.00,89.00,11.00,88.00,40.62,418.10,704.86,253.28,11.50,88.50,1.00,1.00,27990.18,27831.56,27831.57,28415.18,11,88,88,11,60585.51,60400.00,,
2026-06-05T23:37:14+08:00,btc-updown-5m-1780673700,https://polymarket.com/zh/event/btc-updown-5m-1780673700,23:35-23:40,12.00,89.00,11.00,88.00,1102.88,54.10,119.10,1274.37,11.50,88.50,1.00,1.00,27870.18,27837.57,27837.56,27883.18,11,88,88,11,60585.51,60400.35,,
2026-06-05T23:37:16+08:00,btc-updown-5m-1780673700,https://polymarket.com/zh/event/btc-updown-5m-1780673700,23:35-23:40,13.00,88.00,12.00,87.00,108.67,1732.50,1245.56,108.67,12.50,87.50,1.00,1.00,27217.82,27841.56,27841.56,26907.82,12,87,87,12,60585.51,60412.08,,
2026-06-05T23:37:18+08:00,btc-updown-5m-1780673700,https://polymarket.com/zh/event/btc-updown-5m-1780673700,23:35-23:40,14.00,87.00,13.00,86.00,467.44,891.32,902.13,429.44,13.50,86.50,1.00,1.00,26906.18,27855.08,27850.07,26906.18,13,86,86,13,60585.51,60418.01,,
2026-06-05T23:37:20+08:00,btc-updown-5m-1780673700,https://polymarket.com/zh/event/btc-updown-5m-1780673700,23:35-23:40,14.00,88.00,13.00,87.00,1508.84,47.75,36.85,76.75,13.50,87.50,1.00,1.00,25999.82,27860.68,27860.07,25931.82,13,86,87,12,60585.51,60409.06,,
2026-06-05T23:37:22+08:00,btc-updown-5m-1780673700,https://polymarket.com/zh/event/btc-updown-5m-1780673700,23:35-23:40,11.00,90.00,10.00,89.00,163.90,387.92,934.78,884.24,10.50,89.50,1.00,1.00,27133.18,27846.76,27840.06,26878.18,10,89,89,10,60585.51,60392.00,,
2026-06-05T23:37:24+08:00,btc-updown-5m-1780673700,https://polymarket.com/zh/event/btc-updown-5m-1780673700,23:35-23:40,11.00,90.00,10.00,89.00,1266.17,16.60,16.60,1296.17,10.50,89.50,1.00,1.00,22344.84,27825.07,27825.07,22395.84,10,89,89,10,60585.51,60330.34,,
2026-06-05T23:37:26+08:00,btc-updown-5m-1780673700,https://polymarket.com/zh/event/btc-updown-5m-1780673700,23:35-23:40,7.00,95.00,6.00,94.00,160.41,650.86,115.00,55.00,6.50,94.50,1.00,1.00,20033.35,24910.72,24721.73,19563.35,6,93,94,5,60585.51,60330.38,,
2026-06-05T23:37:28+08:00,btc-updown-5m-1780673700,https://polymarket.com/zh/event/btc-updown-5m-1780673700,23:35-23:40,6.00,95.00,5.00,94.00,1127.44,578.70,639.76,1147.95,5.50,94.50,1.00,1.00,19775.00,24524.09,24520.06,19758.94,5,94,94,5,60585.51,60321.48,,
2026-06-05T23:37:30+08:00,btc-updown-5m-1780673700,https://polymarket.com/zh/event/btc-updown-5m-1780673700,23:35-23:40,5.00,96.00,4.00,95.00,986.83,512.96,512.96,987.83,4.50,95.50,1.00,1.00,17895.22,24570.08,24565.08,17965.22,4,95,95,4,60585.51,60317.38,,
2026-06-05T23:37:32+08:00,btc-updown-5m-1780673700,https://polymarket.com/zh/event/btc-updown-5m-1780673700,23:35-23:40,5.00,96.00,4.00,95.00,1814.63,385.73,778.78,1604.69,4.50,95.50,1.00,1.00,18087.04,24435.06,24445.06,12674.99,4,95,95,4,60585.51,60327.68,,
2026-06-05T23:37:34+08:00,btc-updown-5m-1780673700,https://polymarket.com/zh/event/btc-updown-5m-1780673700,23:35-23:40,5.00,97.00,4.00,96.00,1385.25,1981.17,25.00,5.00,4.50,96.50,1.00,1.00,12541.19,24400.10,24384.07,12116.19,4,95,96,3,60585.51,60307.98,,
2026-06-05T23:37:35+08:00,btc-updown-5m-1780673700,https://polymarket.com/zh/event/btc-updown-5m-1780673700,23:35-23:40,4.00,97.00,3.00,96.00,1926.25,1116.18,1165.18,2013.36,3.50,96.50,1.00,1.00,10906.24,24151.71,24150.72,10837.24,3,96,96,3,60585.51,60299.02,,
2026-06-05T23:37:37+08:00,btc-updown-5m-1780673700,https://polymarket.com/zh/event/btc-updown-5m-1780673700,23:35-23:40,4.00,97.00,3.00,96.00,1619.40,719.08,749.08,2019.40,3.50,96.50,1.00,1.00,10243.32,24170.71,24180.71,10074.11,3,96,96,3,60585.51,60286.00,,
2026-06-05T23:37:39+08:00,btc-updown-5m-1780673700,https://polymarket.com/zh/event/btc-updown-5m-1780673700,23:35-23:40,4.00,97.00,3.00,96.00,2227.45,849.55,551.55,2102.20,3.50,96.50,1.00,1.00,10680.72,24160.71,24065.99,10705.72,3,96,96,3,60585.51,60288.01,,
2026-06-05T23:37:41+08:00,btc-updown-5m-1780673700,https://polymarket.com/zh/event/btc-updown-5m-1780673700,23:35-23:40,3.00,98.00,2.00,97.00,496.75,3169.72,2846.49,612.89,2.50,97.50,1.00,1.00,10043.83,24275.06,24274.06,10367.06,2,97,97,2,60585.51,60289.13,,
2026-06-05T23:37:43+08:00,btc-updown-5m-1780673700,https://polymarket.com/zh/event/btc-updown-5m-1780673700,23:35-23:40,3.00,98.00,2.00,97.00,366.51,2362.97,2387.97,386.51,2.50,97.50,1.00,1.00,9569.86,24266.06,24271.07,9644.86,2,97,97,2,60585.51,60291.81,,
2026-06-05T23:37:45+08:00,btc-updown-5m-1780673700,https://polymarket.com/zh/event/btc-updown-5m-1780673700,23:35-23:40,4.00,97.00,3.00,96.00,1009.95,1111.48,1144.66,1112.95,3.50,96.50,1.00,1.00,11142.08,24289.06,24300.06,10924.04,3,96,96,3,60585.51,60313.63,,
2026-06-05T23:37:47+08:00,btc-updown-5m-1780673700,https://polymarket.com/zh/event/btc-updown-5m-1780673700,23:35-23:40,4.00,97.00,3.00,96.00,1888.55,712.18,408.18,1313.54,3.50,96.50,1.00,1.00,10724.10,24304.06,24304.06,11058.10,3,96,96,3,60585.51,60294.21,,
2026-06-05T23:37:49+08:00,btc-updown-5m-1780673700,https://polymarket.com/zh/event/btc-updown-5m-1780673700,23:35-23:40,4.00,97.00,3.00,96.00,432.11,855.17,652.32,449.31,3.50,96.50,1.00,1.00,10319.65,24315.07,24310.08,10810.50,3,96,96,3,60585.51,60306.38,,
2026-06-05T23:37:51+08:00,btc-updown-5m-1780673700,https://polymarket.com/zh/event/btc-updown-5m-1780673700,23:35-23:40,3.00,98.00,2.00,97.00,295.00,2720.60,2982.65,315.00,2.50,97.50,1.00,1.00,10076.45,23790.07,23810.77,9789.40,2,97,97,2,60585.51,60293.45,,
2026-06-05T23:37:53+08:00,btc-updown-5m-1780673700,https://polymarket.com/zh/event/btc-updown-5m-1780673700,23:35-23:40,3.00,98.00,2.00,97.00,1736.36,1141.13,1145.22,1749.36,2.50,97.50,1.00,1.00,8162.87,23665.06,23640.07,8027.48,2,97,97,2,60585.51,60283.00,,
2026-06-05T23:37:55+08:00,btc-updown-5m-1780673700,https://polymarket.com/zh/event/btc-updown-5m-1780673700,23:35-23:40,3.00,98.00,2.00,97.00,1228.98,1314.95,1299.95,1198.98,2.50,97.50,1.00,1.00,8232.30,23636.45,23651.45,8363.60,2,97,97,2,60585.51,60280.00,,
2026-06-05T23:37:56+08:00,btc-updown-5m-1780673700,https://polymarket.com/zh/event/btc-updown-5m-1780673700,23:35-23:40,3.00,98.00,2.00,97.00,1065.26,1490.57,1516.90,1055.26,2.50,97.50,1.00,1.00,8562.55,23641.45,23645.46,8560.22,2,97,97,2,60585.51,60291.26,,
2026-06-05T23:37:58+08:00,btc-updown-5m-1780673700,https://polymarket.com/zh/event/btc-updown-5m-1780673700,23:35-23:40,3.00,98.00,2.00,97.00,328.05,1343.14,1296.73,363.05,2.50,97.50,1.00,1.00,8558.84,23642.46,23651.45,8547.79,2,97,97,2,60585.51,60325.47,,
2026-06-05T23:38:00+08:00,btc-updown-5m-1780673700,https://polymarket.com/zh/event/btc-updown-5m-1780673700,23:35-23:40,3.00,98.00,2.00,97.00,637.54,1141.79,1347.79,612.54,2.50,97.50,1.00,1.00,7834.83,23531.45,23130.45,7677.33,2,97,97,2,60585.51,60319.93,,
2026-06-05T23:38:02+08:00,btc-updown-5m-1780673700,https://polymarket.com/zh/event/btc-updown-5m-1780673700,23:35-23:40,3.00,98.00,2.00,97.00,672.55,534.00,504.00,677.55,2.50,97.50,1.00,1.00,6922.65,22981.45,22975.45,6917.65,2,97,97,2,60585.51,60321.90,,
2026-06-05T23:38:04+08:00,btc-updown-5m-1780673700,https://polymarket.com/zh/event/btc-updown-5m-1780673700,23:35-23:40,4.00,97.00,3.00,96.00,197.53,1410.23,1677.80,211.03,3.50,96.50,1.00,1.00,10132.28,22980.46,22971.45,9300.71,3,96,96,3,60585.51,60349.99,,
2026-06-05T23:38:06+08:00,btc-updown-5m-1780673700,https://polymarket.com/zh/event/btc-updown-5m-1780673700,23:35-23:40,4.00,97.00,3.00,96.00,60.37,1165.89,1242.62,60.37,3.50,96.50,1.00,1.00,9479.19,22996.45,22991.45,9207.46,3,96,96,3,60585.51,60344.82,,
2026-06-05T23:38:08+08:00,btc-updown-5m-1780673700,https://polymarket.com/zh/event/btc-updown-5m-1780673700,23:35-23:40,4.00,97.00,3.00,96.00,577.37,414.09,268.49,607.37,3.50,96.50,1.00,1.00,8840.06,22985.45,23001.45,9040.66,3,96,96,3,60585.51,60338.92,,
2026-06-05T23:38:10+08:00,btc-updown-5m-1780673700,https://polymarket.com/zh/event/btc-updown-5m-1780673700,23:35-23:40,4.00,97.00,3.00,96.00,412.31,61.30,126.12,423.31,3.50,96.50,1.00,1.00,8331.59,23016.48,23005.48,8241.77,3,96,96,3,60585.51,60346.48,,
2026-06-05T23:38:12+08:00,btc-updown-5m-1780673700,https://polymarket.com/zh/event/btc-updown-5m-1780673700,23:35-23:40,3.00,98.00,2.00,97.00,1147.95,597.26,1079.05,1203.68,2.50,97.50,1.00,1.00,8139.42,22475.45,22475.45,6709.63,2,97,97,2,60585.51,60354.89,,
2026-06-05T23:38:14+08:00,btc-updown-5m-1780673700,https://polymarket.com/zh/event/btc-updown-5m-1780673700,23:35-23:40,2.00,99.00,1.00,98.00,1133.90,6060.63,6045.70,1048.34,1.50,98.50,1.00,1.00,6045.70,22486.46,22493.07,6060.63,1,98,98,1,60585.51,60328.00,,
2026-06-05T23:38:16+08:00,btc-updown-5m-1780673700,https://polymarket.com/zh/event/btc-updown-5m-1780673700,23:35-23:40,2.00,99.00,1.00,98.00,806.69,5537.37,5357.39,810.69,1.50,98.50,1.00,1.00,5357.39,22038.75,22028.75,5537.37,1,98,98,1,60585.51,60300.32,,
2026-06-05T23:38:18+08:00,btc-updown-5m-1780673700,https://polymarket.com/zh/event/btc-updown-5m-1780673700,23:35-23:40,2.00,99.00,1.00,98.00,360.81,5217.33,5236.38,370.81,1.50,98.50,1.00,1.00,5236.38,22043.76,22050.52,5217.33,1,98,98,1,60585.51,60290.97,,
2026-06-05T23:38:20+08:00,btc-updown-5m-1780673700,https://polymarket.com/zh/event/btc-updown-5m-1780673700,23:35-23:40,2.00,99.00,1.00,98.00,304.25,5271.61,5301.51,324.25,1.50,98.50,1.00,1.00,5301.51,22049.75,22043.75,5271.61,1,98,98,1,60585.51,60299.97,,
2026-06-05T23:38:22+08:00,btc-updown-5m-1780673700,https://polymarket.com/zh/event/btc-updown-5m-1780673700,23:35-23:40,2.00,99.00,1.00,98.00,935.54,5012.77,5042.77,942.37,1.50,98.50,1.00,1.00,5042.77,22028.76,22043.75,5012.77,1,98,98,1,60585.51,60286.00,,
2026-06-05T23:38:23+08:00,btc-updown-5m-1780673700,https://polymarket.com/zh/event/btc-updown-5m-1780673700,23:35-23:40,2.00,99.00,1.00,98.00,3391.99,410.69,517.47,3224.11,1.50,98.50,1.00,1.00,517.47,21724.75,21724.76,410.69,1,98,98,1,60585.51,60274.25,,
2026-06-05T23:38:26+08:00,btc-updown-5m-1780673700,https://polymarket.com/zh/event/btc-updown-5m-1780673700,23:35-23:40,2.00,99.00,1.00,98.00,3246.36,302.54,406.30,3313.36,1.50,98.50,1.00,1.00,406.30,21948.10,21912.10,302.54,1,98,98,1,60585.51,60291.98,,
2026-06-05T23:38:28+08:00,btc-updown-5m-1780673700,https://polymarket.com/zh/event/btc-updown-5m-1780673700,23:35-23:40,2.00,99.00,1.00,98.00,3362.86,389.10,382.85,3377.86,1.50,98.50,1.00,1.00,382.85,21724.75,21713.75,389.10,1,98,98,1,60585.51,60286.01,,
2026-06-05T23:38:29+08:00,btc-updown-5m-1780673700,https://polymarket.com/zh/event/btc-updown-5m-1780673700,23:35-23:40,1.00,,,99.00,14646.26,,,15421.26,,,,,,21698.75,21699.75,,0,99,99,0,60585.51,60286.19,,
2026-06-05T23:38:31+08:00,btc-updown-5m-1780673700,https://polymarket.com/zh/event/btc-updown-5m-1780673700,23:35-23:40,1.00,,,99.00,26343.93,,,26331.93,,,,,,21710.04,21703.75,,0,99,99,0,60585.51,60280.68,,
2026-06-05T23:38:33+08:00,btc-updown-5m-1780673700,https://polymarket.com/zh/event/btc-updown-5m-1780673700,23:35-23:40,1.00,,,99.00,27545.07,,,27570.07,,,,,,21699.75,21704.12,,0,99,99,0,60585.51,60285.43,,
2026-06-05T23:38:35+08:00,btc-updown-5m-1780673700,https://polymarket.com/zh/event/btc-updown-5m-1780673700,23:35-23:40,1.00,,,99.00,30387.42,,,29980.94,,,,,,21694.75,21688.75,,0,99,99,0,60585.51,60277.06,,
2026-06-05T23:38:37+08:00,btc-updown-5m-1780673700,https://polymarket.com/zh/event/btc-updown-5m-1780673700,23:35-23:40,1.00,,,99.00,55197.13,,,55197.13,,,,,,21694.75,21704.75,,0,99,99,0,60585.51,60277.85,,
2026-06-05T23:38:39+08:00,btc-updown-5m-1780673700,https://polymarket.com/zh/event/btc-updown-5m-1780673700,23:35-23:40,1.00,,,99.00,58893.04,,,58893.04,,,,,,21703.75,21704.75,,0,99,99,0,60585.51,60250.24,,
2026-06-05T23:38:41+08:00,btc-updown-5m-1780673700,https://polymarket.com/zh/event/btc-updown-5m-1780673700,23:35-23:40,1.00,,,99.00,58757.68,,,58757.68,,,,,,21213.75,21188.75,,0,99,99,0,60585.51,60253.99,,
2026-06-05T23:38:43+08:00,btc-updown-5m-1780673700,https://polymarket.com/zh/event/btc-updown-5m-1780673700,23:35-23:40,1.00,,,99.00,61131.62,,,61106.62,,,,,,21198.75,21214.75,,0,99,99,0,60585.51,60254.27,,
2026-06-05T23:38:45+08:00,btc-updown-5m-1780673700,https://polymarket.com/zh/event/btc-updown-5m-1780673700,23:35-23:40,1.00,,,99.00,60676.62,,,60676.62,,,,,,21193.75,21198.75,,0,99,99,0,60585.51,60249.12,,
2026-06-05T23:38:47+08:00,btc-updown-5m-1780673700,https://polymarket.com/zh/event/btc-updown-5m-1780673700,23:35-23:40,1.00,,,99.00,60591.94,,,60601.89,,,,,,21213.75,21220.66,,0,99,99,0,60585.51,60258.00,,
2026-06-05T23:38:49+08:00,btc-updown-5m-1780673700,https://polymarket.com/zh/event/btc-updown-5m-1780673700,23:35-23:40,1.00,,,99.00,60231.89,,,50231.89,,,,,,21198.75,21208.75,,0,99,99,0,60585.51,60288.26,,
2026-06-05T23:38:51+08:00,btc-updown-5m-1780673700,https://polymarket.com/zh/event/btc-updown-5m-1780673700,23:35-23:40,1.00,,,99.00,49059.83,,,49059.83,,,,,,21204.75,21193.75,,0,99,99,0,60585.51,60259.39,,
2026-06-05T23:38:53+08:00,btc-updown-5m-1780673700,https://polymarket.com/zh/event/btc-updown-5m-1780673700,23:35-23:40,1.00,,,99.00,49998.92,,,49973.92,,,,,,21193.75,21198.75,,0,99,99,0,60585.51,60239.99,,
2026-06-05T23:38:54+08:00,btc-updown-5m-1780673700,https://polymarket.com/zh/event/btc-updown-5m-1780673700,23:35-23:40,1.00,,,99.00,50323.15,,,49923.15,,,,,,21049.75,21053.75,,0,99,99,0,60585.51,60252.67,,
2026-06-05T23:38:56+08:00,btc-updown-5m-1780673700,https://polymarket.com/zh/event/btc-updown-5m-1780673700,23:35-23:40,1.00,,,99.00,49905.92,,,49905.92,,,,,,21071.04,21053.75,,0,99,99,0,60585.51,60259.41,,
2026-06-05T23:38:58+08:00,btc-updown-5m-1780673700,https://polymarket.com/zh/event/btc-updown-5m-1780673700,23:35-23:40,1.00,,,99.00,49926.93,,,49926.93,,,,,,21064.75,21048.75,,0,99,99,0,60585.51,60258.35,,
2026-06-05T23:39:00+08:00,btc-updown-5m-1780673700,https://polymarket.com/zh/event/btc-updown-5m-1780673700,23:35-23:40,1.00,,,99.00,52864.78,,,52869.78,,,,,,21364.75,21361.20,,0,99,99,0,60585.51,60276.91,,
2026-06-05T23:39:02+08:00,btc-updown-5m-1780673700,https://polymarket.com/zh/event/btc-updown-5m-1780673700,23:35-23:40,1.00,,,99.00,54993.60,,,54993.60,,,,,,23664.75,23650.28,,0,99,99,0,60585.51,60286.11,,
2026-06-05T23:39:04+08:00,btc-updown-5m-1780673700,https://polymarket.com/zh/event/btc-updown-5m-1780673700,23:35-23:40,1.00,,,99.00,54729.60,,,54736.75,,,,,,23649.75,23648.75,,0,99,99,0,60585.51,60279.20,,
2026-06-05T23:39:06+08:00,btc-updown-5m-1780673700,https://polymarket.com/zh/event/btc-updown-5m-1780673700,23:35-23:40,1.00,,,99.00,54710.40,,,54710.40,,,,,,23674.75,23673.75,,0,99,99,0,60585.51,60269.60,,
2026-06-05T23:39:08+08:00,btc-updown-5m-1780673700,https://polymarket.com/zh/event/btc-updown-5m-1780673700,23:35-23:40,1.00,,,99.00,54711.30,,,54711.30,,,,,,23664.75,23664.75,,0,99,99,0,60585.51,60268.51,,
2026-06-05T23:39:10+08:00,btc-updown-5m-1780673700,https://polymarket.com/zh/event/btc-updown-5m-1780673700,23:35-23:40,1.00,,,99.00,54718.37,,,54718.37,,,,,,23680.58,23663.75,,0,99,99,0,60585.51,60270.00,,
2026-06-05T23:39:12+08:00,btc-updown-5m-1780673700,https://polymarket.com/zh/event/btc-updown-5m-1780673700,23:35-23:40,1.00,,,99.00,54719.52,,,54719.52,,,,,,23659.75,23649.75,,0,99,99,0,60585.51,60270.00,,
2026-06-05T23:39:14+08:00,btc-updown-5m-1780673700,https://polymarket.com/zh/event/btc-updown-5m-1780673700,23:35-23:40,1.00,,,99.00,57257.82,,,57357.82,,,,,,23653.75,23660.74,,0,99,99,0,60585.51,60262.65,,
2026-06-05T23:39:16+08:00,btc-updown-5m-1780673700,https://polymarket.com/zh/event/btc-updown-5m-1780673700,23:35-23:40,1.00,,,99.00,57577.85,,,57577.85,,,,,,23673.75,23663.75,,0,99,99,0,60585.51,60267.13,,
2026-06-05T23:39:18+08:00,btc-updown-5m-1780673700,https://polymarket.com/zh/event/btc-updown-5m-1780673700,23:35-23:40,1.00,,,99.00,60384.94,,,60384.94,,,,,,23658.75,23674.75,,0,99,99,0,60585.51,60267.14,,
2026-06-05T23:39:19+08:00,btc-updown-5m-1780673700,https://polymarket.com/zh/event/btc-updown-5m-1780673700,23:35-23:40,1.00,,,99.00,60380.85,,,60380.85,,,,,,23668.75,23663.75,,0,99,99,0,60585.51,60277.74,,
2026-06-05T23:39:21+08:00,btc-updown-5m-1780673700,https://polymarket.com/zh/event/btc-updown-5m-1780673700,23:35-23:40,1.00,,,99.00,60288.30,,,60288.30,,,,,,23655.04,23643.75,,0,99,99,0,60585.51,60276.20,,
2026-06-05T23:39:23+08:00,btc-updown-5m-1780673700,https://polymarket.com/zh/event/btc-updown-5m-1780673700,23:35-23:40,1.00,,,99.00,60312.94,,,60312.94,,,,,,23649.75,23653.75,,0,99,99,0,60585.51,60276.19,,
2026-06-05T23:39:25+08:00,btc-updown-5m-1780673700,https://polymarket.com/zh/event/btc-updown-5m-1780673700,23:35-23:40,1.00,,,99.00,60491.02,,,60091.02,,,,,,23654.75,23648.75,,0,99,99,0,60585.51,60285.34,,
2026-06-05T23:39:27+08:00,btc-updown-5m-1780673700,https://polymarket.com/zh/event/btc-updown-5m-1780673700,23:35-23:40,1.00,,,99.00,60082.33,,,60082.33,,,,,,23674.75,23663.75,,0,99,99,0,60585.51,60260.00,,
2026-06-05T23:39:29+08:00,btc-updown-5m-1780673700,https://polymarket.com/zh/event/btc-updown-5m-1780673700,23:35-23:40,1.00,,,99.00,59993.87,,,59993.87,,,,,,23679.75,23663.75,,0,99,99,0,60585.51,60262.97,,
2026-06-05T23:39:31+08:00,btc-updown-5m-1780673700,https://polymarket.com/zh/event/btc-updown-5m-1780673700,23:35-23:40,1.00,,,99.00,62279.53,,,62279.53,,,,,,21654.13,21644.13,,0,99,99,0,60585.51,60249.00,,
2026-06-05T23:39:33+08:00,btc-updown-5m-1780673700,https://polymarket.com/zh/event/btc-updown-5m-1780673700,23:35-23:40,1.00,,,99.00,62312.82,,,62312.82,,,,,,21685.13,21679.13,,0,99,99,0,60585.51,60245.99,,
2026-06-05T23:39:35+08:00,btc-updown-5m-1780673700,https://polymarket.com/zh/event/btc-updown-5m-1780673700,23:35-23:40,1.00,,,99.00,64445.70,,,64660.70,,,,,,21385.53,21386.53,,0,99,99,0,60585.51,60227.86,,
2026-06-05T23:39:37+08:00,btc-updown-5m-1780673700,https://polymarket.com/zh/event/btc-updown-5m-1780673700,23:35-23:40,1.00,,,99.00,64407.62,,,64407.62,,,,,,21390.53,21375.53,,0,99,99,0,60585.51,60168.85,,
2026-06-05T23:39:39+08:00,btc-updown-5m-1780673700,https://polymarket.com/zh/event/btc-updown-5m-1780673700,23:35-23:40,1.00,,,99.00,64412.67,,,64412.67,,,,,,21390.53,21390.53,,0,99,99,0,60585.51,60170.03,,
2026-06-05T23:39:40+08:00,btc-updown-5m-1780673700,https://polymarket.com/zh/event/btc-updown-5m-1780673700,23:35-23:40,1.00,,,99.00,64567.71,,,64512.71,,,,,,21386.53,21395.53,,0,99,99,0,60585.51,60161.05,,
2026-06-05T23:39:42+08:00,btc-updown-5m-1780673700,https://polymarket.com/zh/event/btc-updown-5m-1780673700,23:35-23:40,1.00,,,99.00,64719.64,,,64704.64,,,,,,21365.53,21376.53,,0,99,99,0,60585.51,60183.01,,
2026-06-05T23:39:44+08:00,btc-updown-5m-1780673700,https://polymarket.com/zh/event/btc-updown-5m-1780673700,23:35-23:40,1.00,,,99.00,64673.89,,,64681.04,,,,,,21376.53,21370.53,,0,99,99,0,60585.51,60188.15,,
2026-06-05T23:39:46+08:00,btc-updown-5m-1780673700,https://polymarket.com/zh/event/btc-updown-5m-1780673700,23:35-23:40,1.00,,,99.00,64761.89,,,64781.97,,,,,,21371.53,21391.53,,0,99,99,0,60585.51,60186.36,,
2026-06-05T23:39:48+08:00,btc-updown-5m-1780673700,https://polymarket.com/zh/event/btc-updown-5m-1780673700,23:35-23:40,1.00,,,99.00,64766.97,,,64792.06,,,,,,21385.53,21381.53,,0,99,99,0,60585.51,60172.00,,
2026-06-05T23:39:50+08:00,btc-updown-5m-1780673700,https://polymarket.com/zh/event/btc-updown-5m-1780673700,23:35-23:40,1.00,,,99.00,68910.97,,,70032.97,,,,,,14525.53,14520.53,,0,99,99,0,60585.51,60159.89,,
2026-06-05T23:39:54+08:00,btc-updown-5m-1780673700,https://polymarket.com/zh/event/btc-updown-5m-1780673700,23:35-23:40,1.00,,,99.00,74856.05,,,74714.35,,,,,,14363.53,14357.53,,0,73,73,0,60585.51,60146.97,,
2026-06-05T23:39:56+08:00,btc-updown-5m-1780673700,https://polymarket.com/zh/event/btc-updown-5m-1780673700,23:35-23:40,1.00,,,99.00,78120.35,,,78820.35,,,,,,14353.61,14339.61,,0,73,73,0,60585.51,60151.67,,
2026-06-05T23:39:58+08:00,btc-updown-5m-1780673700,https://polymarket.com/zh/event/btc-updown-5m-1780673700,23:35-23:40,1.00,,,99.00,81258.54,,,81407.13,,,,,,13442.61,13426.61,,0,73,73,0,60585.51,60157.02,,
2026-06-05T23:40:00+08:00,btc-updown-5m-1780674000,https://polymarket.com/zh/event/btc-updown-5m-1780674000,23:40-23:45,53.00,48.00,52.00,47.00,110.75,26.79,26.79,200.02,52.50,47.50,1.00,1.00,131924.85,131530.80,131530.80,131934.85,51,47,47,51,60156.56,60156.56,,
2026-06-05T23:40:02+08:00,btc-updown-5m-1780674000,https://polymarket.com/zh/event/btc-updown-5m-1780674000,23:40-23:45,52.00,49.00,51.00,48.00,200.03,47.61,47.61,229.03,51.50,48.50,1.00,1.00,111208.53,110809.50,110862.50,111213.54,51,48,48,51,60156.56,60145.00,,
2026-06-05T23:40:04+08:00,btc-updown-5m-1780674000,https://polymarket.com/zh/event/btc-updown-5m-1780674000,23:40-23:45,52.00,49.00,51.00,48.00,522.34,125.29,95.00,421.81,51.50,48.50,1.00,1.00,114614.54,114132.50,114137.50,114869.53,51,48,48,51,60156.56,60152.00,,
2026-06-05T23:40:06+08:00,btc-updown-5m-1780674000,https://polymarket.com/zh/event/btc-updown-5m-1780674000,23:40-23:45,51.00,50.00,50.00,49.00,673.12,2254.34,1380.74,527.00,50.50,49.50,1.00,1.00,115802.20,114663.50,114653.50,116302.19,50,49,49,50,60156.56,60147.96,,
2026-06-05T23:40:08+08:00,btc-updown-5m-1780674000,https://polymarket.com/zh/event/btc-updown-5m-1780674000,23:40-23:45,53.00,48.00,52.00,47.00,201.00,1241.66,1052.31,111.30,52.50,47.50,1.00,1.00,115897.20,113153.50,113153.50,115007.20,52,47,47,52,60156.56,60169.37,,
2026-06-05T23:40:10+08:00,btc-updown-5m-1780674000,https://polymarket.com/zh/event/btc-updown-5m-1780674000,23:40-23:45,53.00,48.00,52.00,47.00,162.02,951.06,829.31,119.84,52.50,47.50,1.00,1.00,113507.19,113710.16,113705.16,113312.19,52,47,47,52,60156.56,60167.45,,
2026-06-05T23:40:12+08:00,btc-updown-5m-1780674000,https://polymarket.com/zh/event/btc-updown-5m-1780674000,23:40-23:45,54.00,45.00,53.00,44.00,5.00,26.01,1934.37,42.00,53.50,44.50,1.00,1.00,112034.14,113736.16,113731.16,112044.14,53,46,44,55,60156.56,60167.05,,
2026-06-05T23:40:14+08:00,btc-updown-5m-1780674000,https://polymarket.com/zh/event/btc-updown-5m-1780674000,23:40-23:45,55.00,46.00,54.00,45.00,1041.87,5.00,44.23,1432.00,54.50,45.50,1.00,1.00,112874.03,113752.16,113754.16,114139.00,54,45,45,53,60156.56,60159.23,,
2026-06-05T23:40:16+08:00,btc-updown-5m-1780674000,https://polymarket.com/zh/event/btc-updown-5m-1780674000,23:40-23:45,54.00,49.00,53.00,46.00,560.37,158.00,43.40,581.37,53.50,47.50,1.00,3.00,107856.00,107555.16,107555.16,107856.00,53,46,46,51,60156.56,60158.69,,
2026-06-05T23:40:18+08:00,btc-updown-5m-1780674000,https://polymarket.com/zh/event/btc-updown-5m-1780674000,23:40-23:45,51.00,50.00,50.00,49.00,473.00,1082.12,1111.92,473.00,50.50,49.50,1.00,1.00,107894.00,107585.16,107585.16,107894.00,50,49,49,50,60156.56,60155.84,,
2026-06-05T23:40:20+08:00,btc-updown-5m-1780674000,https://polymarket.com/zh/event/btc-updown-5m-1780674000,23:40-23:45,50.00,51.00,49.00,50.00,2351.96,42.40,32.20,2156.63,49.50,50.50,1.00,1.00,107889.00,107196.16,107596.17,107884.00,49,50,50,49,60156.56,60140.14,,
2026-06-05T23:40:22+08:00,btc-updown-5m-1780674000,https://polymarket.com/zh/event/btc-updown-5m-1780674000,23:40-23:45,47.00,54.00,46.00,53.00,1718.93,253.74,253.74,1633.93,46.50,53.50,1.00,1.00,99606.82,97302.99,97297.99,99606.82,46,53,53,46,60156.56,60128.20,,
2026-06-05T23:40:24+08:00,btc-updown-5m-1780674000,https://polymarket.com/zh/event/btc-updown-5m-1780674000,23:40-23:45,47.00,59.00,44.00,56.00,983.22,1242.73,2.56,6.15,45.50,57.50,3.00,3.00,99606.82,97343.99,97342.99,99738.12,44,53,56,41,60156.56,60111.00,,
2026-06-05T23:40:26+08:00,btc-updown-5m-1780674000,https://polymarket.com/zh/event/btc-updown-5m-1780674000,23:40-23:45,41.00,60.00,40.00,59.00,1150.29,214.75,229.75,1178.41,40.50,59.50,1.00,1.00,99905.42,97752.10,97750.59,99905.42,40,59,59,40,60156.56,60108.22,,
2026-06-05T23:40:28+08:00,btc-updown-5m-1780674000,https://polymarket.com/zh/event/btc-updown-5m-1780674000,23:40-23:45,40.00,61.00,39.00,60.00,382.60,198.21,145.07,565.42,39.50,60.50,1.00,1.00,99885.42,97830.20,97824.76,100080.42,39,60,60,39,60156.56,60108.22,,
2026-06-05T23:40:30+08:00,btc-updown-5m-1780674000,https://polymarket.com/zh/event/btc-updown-5m-1780674000,23:40-23:45,40.00,62.00,39.00,61.00,432.57,969.20,201.19,0.74,39.50,61.50,1.00,1.00,100090.42,97846.59,97842.58,100080.42,39,60,61,38,60156.56,60106.53,,
2026-06-05T23:40:32+08:00,btc-updown-5m-1780674000,https://polymarket.com/zh/event/btc-updown-5m-1780674000,23:40-23:45,40.00,61.00,39.00,60.00,63.21,269.14,275.70,78.19,39.50,60.50,1.00,1.00,88072.09,85838.95,85838.95,88067.09,39,60,60,39,60156.56,60099.01,,
2026-06-05T23:40:34+08:00,btc-updown-5m-1780674000,https://polymarket.com/zh/event/btc-updown-5m-1780674000,23:40-23:45,42.00,60.00,40.00,58.00,19.09,89.00,26.67,19.09,41.00,59.00,2.00,2.00,88088.34,85860.22,85860.22,88088.34,40,58,58,40,60156.56,60125.50,,
2026-06-05T23:40:36+08:00,btc-updown-5m-1780674000,https://polymarket.com/zh/event/btc-updown-5m-1780674000,23:40-23:45,42.00,58.00,41.00,57.00,78.00,310.00,1149.80,198.50,41.50,57.50,1.00,1.00,88089.34,85856.50,85850.51,88089.34,41,58,57,42,60156.56,60102.64,,
2026-06-05T23:40:38+08:00,btc-updown-5m-1780674000,https://polymarket.com/zh/event/btc-updown-5m-1780674000,23:40-23:45,47.00,55.00,45.00,53.00,168.44,30.95,30.95,168.44,46.00,54.00,2.00,2.00,88094.34,86251.28,86251.28,88094.34,44,53,53,44,60156.56,60124.30,,
2026-06-05T23:40:40+08:00,btc-updown-5m-1780674000,https://polymarket.com/zh/event/btc-updown-5m-1780674000,23:40-23:45,47.00,54.00,46.00,53.00,280.56,140.92,415.35,639.48,46.50,53.50,1.00,1.00,88114.34,85871.51,85866.51,88119.34,46,53,53,46,60156.56,60107.90,,
2026-06-05T23:40:42+08:00,btc-updown-5m-1780674000,https://polymarket.com/zh/event/btc-updown-5m-1780674000,23:40-23:45,45.00,56.00,44.00,55.00,565.16,535.44,718.44,357.16,44.50,55.50,1.00,1.00,68604.34,66765.51,66770.51,68604.34,44,55,55,44,60156.56,60111.25,,
2026-06-05T23:40:44+08:00,btc-updown-5m-1780674000,https://polymarket.com/zh/event/btc-updown-5m-1780674000,23:40-23:45,43.00,58.00,42.00,57.00,29.25,151.55,165.04,29.25,42.50,57.50,1.00,1.00,67467.68,65244.74,65239.74,67467.68,42,57,57,42,60156.56,60106.52,,
2026-06-05T23:40:46+08:00,btc-updown-5m-1780674000,https://polymarket.com/zh/event/btc-updown-5m-1780674000,23:40-23:45,41.00,60.00,40.00,59.00,470.37,246.77,246.77,1224.40,40.50,59.50,1.00,1.00,67462.68,65249.86,65228.84,67487.68,40,59,59,40,60156.56,60107.06,,
2026-06-05T23:40:48+08:00,btc-updown-5m-1780674000,https://polymarket.com/zh/event/btc-updown-5m-1780674000,23:40-23:45,41.00,60.00,40.00,59.00,1602.03,332.95,348.95,1629.19,40.50,59.50,1.00,1.00,67462.68,65240.83,65245.84,67462.68,40,59,59,40,60156.56,60087.51,,
2026-06-05T23:40:49+08:00,btc-updown-5m-1780674000,https://polymarket.com/zh/event/btc-updown-5m-1780674000,23:40-23:45,41.00,60.00,40.00,59.00,717.43,5.00,50.00,689.97,40.50,59.50,1.00,1.00,67482.68,65259.85,65259.85,67482.68,40,59,59,40,60156.56,60091.96,,
2026-06-05T23:40:51+08:00,btc-updown-5m-1780674000,https://polymarket.com/zh/event/btc-updown-5m-1780674000,23:40-23:45,49.00,52.00,48.00,51.00,535.01,830.27,610.17,384.01,48.50,51.50,1.00,1.00,24677.68,24449.89,24433.90,24662.68,48,51,51,48,60156.56,60144.77,,
2026-06-05T23:40:53+08:00,btc-updown-5m-1780674000,https://polymarket.com/zh/event/btc-updown-5m-1780674000,23:40-23:45,51.00,50.00,50.00,49.00,337.71,227.82,276.72,337.71,50.50,49.50,1.00,1.00,24278.78,23208.84,23208.84,24278.78,50,49,49,50,60156.56,60140.27,,
2026-06-05T23:40:55+08:00,btc-updown-5m-1780674000,https://polymarket.com/zh/event/btc-updown-5m-1780674000,23:40-23:45,51.00,50.00,50.00,49.00,1054.19,434.94,27.94,960.19,50.50,49.50,1.00,1.00,24377.69,23671.41,25281.39,25482.69,50,49,49,50,60156.56,60141.16,,
2026-06-05T23:40:57+08:00,btc-updown-5m-1780674000,https://polymarket.com/zh/event/btc-updown-5m-1780674000,23:40-23:45,47.00,54.00,46.00,53.00,57.79,1437.31,1636.50,69.79,46.50,53.50,1.00,1.00,25498.68,24891.40,24876.39,25498.68,46,53,53,46,60156.56,60125.72,,
2026-06-05T23:40:59+08:00,btc-updown-5m-1780674000,https://polymarket.com/zh/event/btc-updown-5m-1780674000,23:40-23:45,47.00,56.00,42.00,55.00,802.47,43.51,56.00,6.00,44.50,55.50,5.00,1.00,25448.68,23251.40,23251.40,25448.68,42,53,54,42,60156.56,60111.83,,
2026-06-05T23:41:01+08:00,btc-updown-5m-1780674000,https://polymarket.com/zh/event/btc-updown-5m-1780674000,23:40-23:45,43.00,58.00,42.00,57.00,269.12,134.00,239.82,1206.52,42.50,57.50,1.00,1.00,25458.68,30151.40,30131.39,25473.68,42,57,57,42,60156.56,60117.18,,
2026-06-05T23:41:03+08:00,btc-updown-5m-1780674000,https://polymarket.com/zh/event/btc-updown-5m-1780674000,23:40-23:45,34.00,67.00,33.00,66.00,79.13,15.00,15.00,129.07,33.50,66.50,1.00,1.00,25475.68,30147.42,30141.42,25475.68,33,66,66,33,60156.56,60075.99,,
2026-06-05T23:41:05+08:00,btc-updown-5m-1780674000,https://polymarket.com/zh/event/btc-updown-5m-1780674000,23:40-23:45,33.00,68.00,32.00,67.00,501.32,237.05,40.00,577.02,32.50,67.50,1.00,1.00,25447.68,30134.40,30133.40,25447.68,31,67,67,31,60156.56,60057.93,,
2026-06-05T23:41:07+08:00,btc-updown-5m-1780674000,https://polymarket.com/zh/event/btc-updown-5m-1780674000,23:40-23:45,32.00,70.00,31.00,69.00,310.95,66.17,167.24,133.00,31.50,69.50,1.00,1.00,24477.68,29155.82,29144.39,24477.68,31,68,69,30,60156.56,60060.00,,
2026-06-05T23:41:09+08:00,btc-updown-5m-1780674000,https://polymarket.com/zh/event/btc-updown-5m-1780674000,23:40-23:45,30.00,71.00,29.00,70.00,615.87,640.97,765.91,624.62,29.50,70.50,1.00,1.00,24632.68,29138.40,29138.40,24632.68,29,70,70,29,60156.56,60057.51,,
2026-06-05T23:41:11+08:00,btc-updown-5m-1780674000,https://polymarket.com/zh/event/btc-updown-5m-1780674000,23:40-23:45,30.00,71.00,29.00,70.00,1107.66,285.63,589.10,1028.66,29.50,70.50,1.00,1.00,24519.72,29138.41,29144.91,24519.72,29,70,70,29,60156.56,60063.79,,
2026-06-05T23:41:13+08:00,btc-updown-5m-1780674000,https://polymarket.com/zh/event/btc-updown-5m-1780674000,23:40-23:45,28.00,73.00,27.00,72.00,1566.60,298.76,307.76,1395.61,27.50,72.50,1.00,1.00,24509.72,29023.39,29029.39,24509.72,27,72,72,27,60156.56,60053.05,,
2026-06-05T23:41:15+08:00,btc-updown-5m-1780674000,https://polymarket.com/zh/event/btc-updown-5m-1780674000,23:40-23:45,28.00,73.00,27.00,72.00,466.70,275.55,282.40,466.71,27.50,72.50,1.00,1.00,24514.72,29033.40,29033.40,24514.72,27,72,72,27,60156.56,60054.01,,
2026-06-05T23:41:17+08:00,btc-updown-5m-1780674000,https://polymarket.com/zh/event/btc-updown-5m-1780674000,23:40-23:45,28.00,73.00,27.00,72.00,17.64,266.03,428.87,90.00,27.50,72.50,1.00,1.00,24529.72,29043.40,29046.06,24524.72,27,72,72,27,60156.56,60070.70,,
2026-06-05T23:41:18+08:00,btc-updown-5m-1780674000,https://polymarket.com/zh/event/btc-updown-5m-1780674000,23:40-23:45,29.00,75.00,25.00,72.00,216.92,423.35,423.35,23.75,27.00,73.50,4.00,3.00,25119.72,29044.41,29029.41,25004.72,25,71,72,25,60156.56,60042.00,,
2026-06-05T23:41:20+08:00,btc-updown-5m-1780674000,https://polymarket.com/zh/event/btc-updown-5m-1780674000,23:40-23:45,26.00,75.00,25.00,74.00,27.78,273.54,138.45,71.78,25.50,74.50,1.00,1.00,24509.72,29038.40,29014.40,24484.72,25,74,74,25,60156.56,60043.05,,
2026-06-05T23:41:22+08:00,btc-updown-5m-1780674000,https://polymarket.com/zh/event/btc-updown-5m-1780674000,23:40-23:45,28.00,77.00,25.00,73.00,956.15,185.94,45.50,400.00,26.50,75.00,3.00,4.00,24444.72,29010.19,29020.20,24444.72,25,72,73,23,60156.56,60060.56,,
2026-06-05T23:41:24+08:00,btc-updown-5m-1780674000,https://polymarket.com/zh/event/btc-updown-5m-1780674000,23:40-23:45,24.00,77.00,23.00,76.00,134.80,1134.67,1090.07,134.80,23.50,76.50,1.00,1.00,24414.72,27964.40,27964.40,24414.72,23,76,76,23,60156.56,60041.55,,
2026-06-05T23:41:26+08:00,btc-updown-5m-1780674000,https://polymarket.com/zh/event/btc-updown-5m-1780674000,23:40-23:45,25.00,76.00,24.00,75.00,215.38,466.09,351.00,260.01,24.50,75.50,1.00,1.00,24493.72,27974.40,27959.40,24493.72,24,75,75,24,60156.56,60050.00,,
2026-06-05T23:41:28+08:00,btc-updown-5m-1780674000,https://polymarket.com/zh/event/btc-updown-5m-1780674000,23:40-23:45,25.00,76.00,24.00,75.00,163.19,253.82,185.55,203.19,24.50,75.50,1.00,1.00,22023.72,27958.39,27964.39,21993.72,24,75,75,24,60156.56,60039.99,,
2026-06-05T23:41:30+08:00,btc-updown-5m-1780674000,https://polymarket.com/zh/event/btc-updown-5m-1780674000,23:40-23:45,26.00,75.00,25.00,74.00,485.21,177.55,234.55,598.23,25.50,74.50,1.00,1.00,21993.72,27958.40,27958.40,21993.72,25,74,74,25,60156.56,60045.77,,
2026-06-05T23:41:32+08:00,btc-updown-5m-1780674000,https://polymarket.com/zh/event/btc-updown-5m-1780674000,23:40-23:45,24.00,77.00,23.00,76.00,313.00,3.00,3.00,313.00,23.50,76.50,1.00,1.00,21857.72,27487.43,27492.40,21947.72,22,76,76,23,60156.56,60042.01,,
2026-06-05T23:41:34+08:00,btc-updown-5m-1780674000,https://polymarket.com/zh/event/btc-updown-5m-1780674000,23:40-23:45,24.00,78.00,23.00,77.00,1358.44,632.31,6.00,748.15,23.50,77.50,1.00,1.00,23937.81,27503.41,27508.42,24127.81,23,76,77,22,60156.56,60037.61,,
2026-06-05T23:41:36+08:00,btc-updown-5m-1780674000,https://polymarket.com/zh/event/btc-updown-5m-1780674000,23:40-23:45,21.00,80.00,20.00,79.00,1150.23,1889.67,2049.67,1180.23,20.50,79.50,1.00,1.00,24422.14,27498.39,27492.39,24322.14,20,79,79,20,60156.56,60016.00,,
2026-06-05T23:41:38+08:00,btc-updown-5m-1780674000,https://polymarket.com/zh/event/btc-updown-5m-1780674000,23:40-23:45,21.00,80.00,20.00,79.00,1016.98,37.06,59.50,983.19,20.50,79.50,1.00,1.00,24477.14,27498.39,27497.39,25472.14,20,79,79,20,60156.56,60019.92,,
2026-06-05T23:41:40+08:00,btc-updown-5m-1780674000,https://polymarket.com/zh/event/btc-updown-5m-1780674000,23:40-23:45,19.00,82.00,18.00,81.00,843.95,281.77,325.77,843.95,18.50,81.50,1.00,1.00,24562.14,27487.40,27487.39,24647.14,18,81,81,18,60156.56,60015.97,,
2026-06-05T23:41:42+08:00,btc-updown-5m-1780674000,https://polymarket.com/zh/event/btc-updown-5m-1780674000,23:40-23:45,19.00,82.00,18.00,81.00,122.70,413.90,404.17,242.70,18.50,81.50,1.00,1.00,24137.14,27497.40,27508.40,24132.14,18,81,81,18,60156.56,60028.00,,
2026-06-05T23:41:44+08:00,btc-updown-5m-1780674000,https://polymarket.com/zh/event/btc-updown-5m-1780674000,23:40-23:45,18.00,83.00,17.00,82.00,228.00,1131.85,901.98,111.21,17.50,82.50,1.00,1.00,25158.93,27488.39,27493.40,24954.33,17,82,82,17,60156.56,60020.00,,
2026-06-05T23:41:45+08:00,btc-updown-5m-1780674000,https://polymarket.com/zh/event/btc-updown-5m-1780674000,23:40-23:45,19.00,82.00,18.00,81.00,413.40,1018.31,1168.40,204.69,18.50,81.50,1.00,1.00,24292.85,27498.40,27482.40,24302.85,18,81,81,18,60156.56,60024.00,,
2026-06-05T23:41:47+08:00,btc-updown-5m-1780674000,https://polymarket.com/zh/event/btc-updown-5m-1780674000,23:40-23:45,26.00,75.00,25.00,74.00,233.34,538.92,464.60,227.52,25.50,74.50,1.00,1.00,23632.85,27493.91,27488.39,23612.85,25,74,74,25,60156.56,60056.16,,
2026-06-05T23:41:49+08:00,btc-updown-5m-1780674000,https://polymarket.com/zh/event/btc-updown-5m-1780674000,23:40-23:45,25.00,76.00,24.00,75.00,293.00,22.02,33.00,927.50,24.50,75.50,1.00,1.00,23657.85,27502.98,27483.39,23662.85,24,75,75,24,60156.56,60046.67,,
2026-06-05T23:41:51+08:00,btc-updown-5m-1780674000,https://polymarket.com/zh/event/btc-updown-5m-1780674000,23:40-23:45,24.00,77.00,23.00,76.00,241.57,279.06,31.25,682.07,23.50,76.50,1.00,1.00,23617.85,27503.40,27492.40,23642.85,22,76,76,23,60156.56,60049.97,,
2026-06-05T23:41:53+08:00,btc-updown-5m-1780674000,https://polymarket.com/zh/event/btc-updown-5m-1780674000,23:40-23:45,25.00,76.00,24.00,75.00,681.25,120.63,652.46,1060.38,24.50,75.50,1.00,1.00,23674.66,27477.39,27467.39,23699.66,24,75,75,24,60156.56,60053.99,,
2026-06-05T23:41:55+08:00,btc-updown-5m-1780674000,https://polymarket.com/zh/event/btc-updown-5m-1780674000,23:40-23:45,23.00,78.00,22.00,77.00,155.10,2040.28,1749.85,70.61,22.50,77.50,1.00,1.00,23664.66,27478.39,27483.39,23659.66,22,77,77,22,60156.56,60041.21,,
2026-06-05T23:41:57+08:00,btc-updown-5m-1780674000,https://polymarket.com/zh/event/btc-updown-5m-1780674000,23:40-23:45,28.00,73.00,27.00,72.00,447.77,70.75,52.00,328.20,27.50,72.50,1.00,1.00,23542.57,27503.41,27503.19,23092.57,27,72,72,27,60156.56,60079.92,,
2026-06-05T23:41:59+08:00,btc-updown-5m-1780674000,https://polymarket.com/zh/event/btc-updown-5m-1780674000,23:40-23:45,30.00,71.00,29.00,70.00,24.53,2180.44,1716.45,3.53,29.50,70.50,1.00,1.00,23002.57,27493.39,27482.39,23002.57,29,70,70,29,60156.56,60085.11,,
2026-06-05T23:42:01+08:00,btc-updown-5m-1780674000,https://polymarket.com/zh/event/btc-updown-5m-1780674000,23:40-23:45,32.00,69.00,31.00,68.00,95.00,1618.89,1627.64,79.37,31.50,68.50,1.00,1.00,22902.57,27323.31,27316.31,22902.57,31,68,68,31,60156.56,60091.95,,
2026-06-05T23:42:03+08:00,btc-updown-5m-1780674000,https://polymarket.com/zh/event/btc-updown-5m-1780674000,23:40-23:45,43.00,58.00,42.00,57.00,168.97,90.00,10.00,239.97,42.50,57.50,1.00,1.00,23115.07,27290.40,27290.40,23110.07,42,56,57,42,60156.56,60131.64,,
2026-06-05T23:42:05+08:00,btc-updown-5m-1780674000,https://polymarket.com/zh/event/btc-updown-5m-1780674000,23:40-23:45,48.00,53.00,47.00,52.00,472.50,20.00,20.00,465.33,47.50,52.50,1.00,1.00,20995.07,27305.40,27305.40,20995.07,47,52,52,47,60156.56,60137.99,,
2026-06-05T23:42:07+08:00,btc-updown-5m-1780674000,https://polymarket.com/zh/event/btc-updown-5m-1780674000,23:40-23:45,43.00,58.00,40.00,57.00,205.38,27.92,415.21,288.20,41.50,57.50,3.00,1.00,20991.26,27317.45,27290.40,20976.26,40,56,57,42,60156.56,60111.98,,
2026-06-05T23:42:09+08:00,btc-updown-5m-1780674000,https://polymarket.com/zh/event/btc-updown-5m-1780674000,23:40-23:45,40.00,61.00,39.00,60.00,1170.22,308.00,135.00,1760.19,39.50,60.50,1.00,1.00,22181.26,27307.52,27286.39,22936.26,39,60,60,39,60156.56,60123.31,,
2026-06-05T23:42:11+08:00,btc-updown-5m-1780674000,https://polymarket.com/zh/event/btc-updown-5m-1780674000,23:40-23:45,43.00,59.00,41.00,57.00,80.76,61.16,61.16,80.76,42.00,58.00,2.00,2.00,23006.26,27200.40,27200.40,22906.26,41,57,57,41,60156.56,60137.97,,
2026-06-05T23:42:13+08:00,btc-updown-5m-1780674000,https://polymarket.com/zh/event/btc-updown-5m-1780674000,23:40-23:45,45.00,55.00,44.00,53.00,9.09,18.75,735.20,12.25,44.50,54.00,1.00,2.00,22901.26,27211.64,27206.63,27496.26,44,55,53,45,60156.56,60153.02,,
2026-06-05T23:42:15+08:00,btc-updown-5m-1780674000,https://polymarket.com/zh/event/btc-updown-5m-1780674000,23:40-23:45,49.00,51.00,48.00,50.00,1.35,634.98,1945.10,114.00,48.50,50.50,1.00,1.00,29906.26,29196.39,29190.40,29706.26,48,51,50,49,60156.56,60151.11,,
2026-06-05T23:42:16+08:00,btc-updown-5m-1780674000,https://polymarket.com/zh/event/btc-updown-5m-1780674000,23:40-23:45,50.00,51.00,49.00,50.00,39.75,1622.21,1373.94,6.00,49.50,50.50,1.00,1.00,29706.26,29206.75,29212.75,28491.26,49,50,50,49,60156.56,60167.46,,
2026-06-05T23:42:18+08:00,btc-updown-5m-1780674000,https://polymarket.com/zh/event/btc-updown-5m-1780674000,23:40-23:45,59.00,42.00,58.00,41.00,7.30,83.42,90.00,16.46,58.50,41.50,1.00,1.00,27732.65,22510.60,22510.60,27737.65,58,41,39,58,60156.56,60197.08,,
2026-06-05T23:42:20+08:00,btc-updown-5m-1780674000,https://polymarket.com/zh/event/btc-updown-5m-1780674000,23:40-23:45,75.00,30.00,70.00,28.00,40.00,941.75,892.32,62.65,72.50,29.00,5.00,2.00,27376.27,22234.37,22239.37,27366.27,70,25,26,70,60156.56,60248.30,,
2026-06-05T23:42:22+08:00,btc-updown-5m-1780674000,https://polymarket.com/zh/event/btc-updown-5m-1780674000,23:40-23:45,72.00,27.00,71.00,26.00,33.52,176.64,38.55,301.06,71.50,26.50,1.00,1.00,27381.55,22244.37,22254.37,27386.55,71,28,26,72,60156.56,60235.24,,
2026-06-05T23:42:24+08:00,btc-updown-5m-1780674000,https://polymarket.com/zh/event/btc-updown-5m-1780674000,23:40-23:45,71.00,30.00,70.00,29.00,675.87,51.00,314.05,646.76,70.50,29.50,1.00,1.00,27695.07,22234.37,22249.37,27705.07,70,29,29,70,60156.56,60225.99,,
2026-06-05T23:42:26+08:00,btc-updown-5m-1780674000,https://polymarket.com/zh/event/btc-updown-5m-1780674000,23:40-23:45,71.00,24.00,70.00,22.00,24.70,127.22,1352.87,12.51,70.50,23.00,1.00,2.00,27615.08,22054.37,22054.37,28210.08,70,27,22,74,60156.56,60229.97,,
2026-06-05T23:42:28+08:00,btc-updown-5m-1780674000,https://polymarket.com/zh/event/btc-updown-5m-1780674000,23:40-23:45,77.00,24.00,76.00,23.00,1161.15,37.60,176.60,1273.82,76.50,23.50,1.00,1.00,28210.07,22240.37,22240.37,27721.77,76,23,23,76,60156.56,60242.23,,
2026-06-05T23:42:30+08:00,btc-updown-5m-1780674000,https://polymarket.com/zh/event/btc-updown-5m-1780674000,23:40-23:45,74.00,28.00,73.00,27.00,1155.70,420.00,81.80,97.00,73.50,27.50,1.00,1.00,27610.07,22240.37,22240.37,27700.07,73,26,27,72,60156.56,60248.99,,
2026-06-05T23:42:32+08:00,btc-updown-5m-1780674000,https://polymarket.com/zh/event/btc-updown-5m-1780674000,23:40-23:45,73.00,28.00,72.00,27.00,700.87,1251.08,1381.43,795.87,72.50,27.50,1.00,1.00,28005.07,21990.37,21995.37,27510.08,72,27,27,72,60156.56,60236.88,,
2026-06-05T23:42:34+08:00,btc-updown-5m-1780674000,https://polymarket.com/zh/event/btc-updown-5m-1780674000,23:40-23:45,67.00,34.00,66.00,33.00,449.39,400.86,593.75,609.13,66.50,33.50,1.00,1.00,27576.98,22190.37,22190.37,28075.07,66,33,33,66,60156.56,60206.72,,
2026-06-05T23:42:36+08:00,btc-updown-5m-1780674000,https://polymarket.com/zh/event/btc-updown-5m-1780674000,23:40-23:45,69.00,32.00,68.00,31.00,148.57,1326.61,1541.11,105.27,68.50,31.50,1.00,1.00,27587.06,22017.17,22012.17,27585.07,68,30,30,68,60156.56,60208.03,,
2026-06-05T23:42:38+08:00,btc-updown-5m-1780674000,https://polymarket.com/zh/event/btc-updown-5m-1780674000,23:40-23:45,72.00,29.00,71.00,28.00,11.00,14.80,14.80,6.00,71.50,28.50,1.00,1.00,28075.08,22212.17,22017.17,27565.08,71,28,27,71,60156.56,60242.88,,
2026-06-05T23:42:40+08:00,btc-updown-5m-1780674000,https://polymarket.com/zh/event/btc-updown-5m-1780674000,23:40-23:45,76.00,25.00,75.00,24.00,493.40,1393.02,1170.36,493.40,75.50,24.50,1.00,1.00,27675.07,22112.17,22112.17,27775.20,75,24,24,75,60156.56,60247.62,,
2026-06-05T23:42:42+08:00,btc-updown-5m-1780674000,https://polymarket.com/zh/event/btc-updown-5m-1780674000,23:40-23:45,81.00,20.00,80.00,19.00,40.00,1211.92,532.00,25.00,80.50,19.50,1.00,1.00,28165.09,22187.17,22362.17,27770.10,80,19,19,80,60156.56,60261.30,,
2026-06-05T23:42:43+08:00,btc-updown-5m-1780674000,https://polymarket.com/zh/event/btc-updown-5m-1780674000,23:40-23:45,82.00,19.00,81.00,18.00,470.85,77.84,108.64,490.35,81.50,18.50,1.00,1.00,27560.31,22867.17,22867.17,27565.31,81,18,18,81,60156.56,60260.35,,
2026-06-05T23:42:45+08:00,btc-updown-5m-1780674000,https://polymarket.com/zh/event/btc-updown-5m-1780674000,23:40-23:45,82.00,19.00,81.00,18.00,90.47,1315.98,1322.34,90.47,81.50,18.50,1.00,1.00,27570.07,23077.17,23017.17,28075.07,81,18,18,81,60156.56,60270.60,,
2026-06-05T23:42:47+08:00,btc-updown-5m-1780674000,https://polymarket.com/zh/event/btc-updown-5m-1780674000,23:40-23:45,85.00,16.00,84.00,15.00,512.33,307.48,507.06,1324.54,84.50,15.50,1.00,1.00,28080.08,23417.17,23557.17,27575.08,84,15,15,84,60156.56,60284.02,,
2026-06-05T23:42:49+08:00,btc-updown-5m-1780674000,https://polymarket.com/zh/event/btc-updown-5m-1780674000,23:40-23:45,85.00,16.00,84.00,15.00,324.75,186.90,854.72,743.55,84.50,15.50,1.00,1.00,27565.07,23482.17,23182.17,28075.48,84,15,15,84,60156.56,60288.60,,
2026-06-05T23:42:51+08:00,btc-updown-5m-1780674000,https://polymarket.com/zh/event/btc-updown-5m-1780674000,23:40-23:45,86.00,16.00,85.00,15.00,1166.98,15.24,61.02,32.00,85.50,15.50,1.00,1.00,27550.07,22862.17,22607.17,27050.07,85,14,15,84,60156.56,60283.40,,
2026-06-05T23:42:53+08:00,btc-updown-5m-1780674000,https://polymarket.com/zh/event/btc-updown-5m-1780674000,23:40-23:45,85.00,15.00,84.00,14.00,102.52,146.52,1284.00,35.10,84.50,14.50,1.00,1.00,27555.07,22847.17,22937.17,27555.64,84,15,14,85,60156.56,60280.40,,
2026-06-05T23:42:55+08:00,btc-updown-5m-1780674000,https://polymarket.com/zh/event/btc-updown-5m-1780674000,23:40-23:45,86.00,15.00,85.00,14.00,156.21,503.02,329.35,148.49,85.50,14.50,1.00,1.00,27565.07,23907.17,23947.17,27560.07,85,14,14,85,60156.56,60283.51,,
2026-06-05T23:42:57+08:00,btc-updown-5m-1780674000,https://polymarket.com/zh/event/btc-updown-5m-1780674000,23:40-23:45,87.00,14.00,86.00,13.00,149.42,315.79,455.79,410.62,86.50,13.50,1.00,1.00,27585.78,23832.17,23727.17,27075.08,86,13,13,86,60156.56,60286.01,,
2026-06-05T23:42:59+08:00,btc-updown-5m-1780674000,https://polymarket.com/zh/event/btc-updown-5m-1780674000,23:40-23:45,88.00,13.00,87.00,12.00,297.51,1786.38,1666.77,50.26,87.50,12.50,1.00,1.00,27065.86,22386.15,23211.15,27570.08,87,12,11,87,60156.56,60334.44,,
2026-06-05T23:43:01+08:00,btc-updown-5m-1780674000,https://polymarket.com/zh/event/btc-updown-5m-1780674000,23:40-23:45,95.00,6.00,94.00,5.00,347.39,710.50,30.00,309.15,94.50,5.50,1.00,1.00,26061.92,16098.10,15421.20,25358.07,94,5,5,94,60156.56,60372.01,,
2026-06-05T23:43:03+08:00,btc-updown-5m-1780674000,https://polymarket.com/zh/event/btc-updown-5m-1780674000,23:40-23:45,97.00,4.00,96.00,3.00,647.46,339.50,504.27,756.06,96.50,3.50,1.00,1.00,25440.07,14163.47,14570.07,25445.07,96,3,3,96,60156.56,60394.00,,
2026-06-05T23:43:05+08:00,btc-updown-5m-1780674000,https://polymarket.com/zh/event/btc-updown-5m-1780674000,23:40-23:45,96.00,5.00,95.00,4.00,967.12,405.99,487.99,865.64,95.50,4.50,1.00,1.00,25420.07,17269.39,16218.58,25420.07,95,4,4,95,60156.56,60366.03,,
2026-06-05T23:43:07+08:00,btc-updown-5m-1780674000,https://polymarket.com/zh/event/btc-updown-5m-1780674000,23:40-23:45,96.00,5.00,95.00,4.00,295.61,777.70,902.71,293.89,95.50,4.50,1.00,1.00,24930.10,15097.62,15476.90,25420.08,95,4,4,95,60156.56,60362.47,,
2026-06-05T23:43:09+08:00,btc-updown-5m-1780674000,https://polymarket.com/zh/event/btc-updown-5m-1780674000,23:40-23:45,96.00,5.00,95.00,4.00,85.00,674.98,569.63,85.00,95.50,4.50,1.00,1.00,25275.07,15102.20,15422.20,24776.24,95,4,4,95,60156.56,60348.66,,
2026-06-05T23:43:11+08:00,btc-updown-5m-1780674000,https://polymarket.com/zh/event/btc-updown-5m-1780674000,23:40-23:45,95.00,6.00,94.00,5.00,566.01,600.81,725.14,627.65,94.50,5.50,1.00,1.00,24270.10,15656.34,15735.98,24770.10,94,5,5,94,60156.56,60345.64,,
2026-06-05T23:43:13+08:00,btc-updown-5m-1780674000,https://polymarket.com/zh/event/btc-updown-5m-1780674000,23:40-23:45,94.00,7.00,93.00,6.00,7.65,1575.19,1593.00,7.65,93.50,6.50,1.00,1.00,24770.07,14308.84,14470.28,24765.07,93,6,6,93,60156.56,60354.05,,
2026-06-05T23:43:14+08:00,btc-updown-5m-1780674000,https://polymarket.com/zh/event/btc-updown-5m-1780674000,23:40-23:45,95.00,4.00,94.00,3.00,136.86,454.39,1147.76,861.36,94.50,3.50,1.00,1.00,24265.07,14690.69,14621.74,24265.07,94,5,3,96,60156.56,60361.02,,
2026-06-05T23:43:17+08:00,btc-updown-5m-1780674000,https://polymarket.com/zh/event/btc-updown-5m-1780674000,23:40-23:45,97.00,4.00,96.00,3.00,347.43,416.58,588.16,387.43,96.50,3.50,1.00,1.00,24780.07,13910.31,14110.31,24286.56,96,3,3,96,60156.56,60369.21,,
2026-06-05T23:43:19+08:00,btc-updown-5m-1780674000,https://polymarket.com/zh/event/btc-updown-5m-1780674000,23:40-23:45,97.00,4.00,96.00,3.00,6.84,1117.19,1039.19,1.73,96.50,3.50,1.00,1.00,24280.08,11659.92,11954.81,24785.09,96,3,3,96,60156.56,60400.00,,
2026-06-05T23:43:20+08:00,btc-updown-5m-1780674000,https://polymarket.com/zh/event/btc-updown-5m-1780674000,23:40-23:45,99.00,2.00,98.00,1.00,10206.05,701.69,653.74,10180.48,98.50,1.50,1.00,1.00,24522.91,10206.05,10180.48,24042.92,98,1,1,98,60156.56,60402.07,,
2026-06-05T23:43:22+08:00,btc-updown-5m-1780674000,https://polymarket.com/zh/event/btc-updown-5m-1780674000,23:40-23:45,97.00,4.00,96.00,3.00,553.20,565.76,432.76,686.47,96.50,3.50,1.00,1.00,24522.91,12717.22,12110.37,24542.91,96,3,3,96,60156.56,60364.01,,
2026-06-05T23:43:24+08:00,btc-updown-5m-1780674000,https://polymarket.com/zh/event/btc-updown-5m-1780674000,23:40-23:45,95.00,4.00,94.00,3.00,25.00,118.00,1310.78,457.39,94.50,3.50,1.00,1.00,24527.91,12061.22,11580.56,24022.91,94,5,3,96,60156.56,60356.59,,
2026-06-05T23:43:26+08:00,btc-updown-5m-1780674000,https://polymarket.com/zh/event/btc-updown-5m-1780674000,23:40-23:45,97.00,4.00,96.00,3.00,690.00,35.00,122.47,1035.05,96.50,3.50,1.00,1.00,24042.91,13008.60,13353.65,24047.92,96,3,3,96,60156.56,60358.10,,
2026-06-05T23:43:28+08:00,btc-updown-5m-1780674000,https://polymarket.com/zh/event/btc-updown-5m-1780674000,23:40-23:45,97.00,4.00,96.00,3.00,499.66,460.71,390.19,278.73,96.50,3.50,1.00,1.00,24542.91,12468.26,12200.33,24032.91,96,3,3,96,60156.56,60353.26,,
2026-06-05T23:43:30+08:00,btc-updown-5m-1780674000,https://polymarket.com/zh/event/btc-updown-5m-1780674000,23:40-23:45,97.00,4.00,96.00,3.00,180.53,520.20,208.20,180.00,96.50,3.50,1.00,1.00,24052.93,11690.13,11649.60,24032.91,96,3,3,96,60156.56,60362.03,,
2026-06-05T23:43:32+08:00,btc-updown-5m-1780674000,https://polymarket.com/zh/event/btc-updown-5m-1780674000,23:40-23:45,98.00,3.00,97.00,2.00,745.25,261.00,221.00,710.22,97.50,2.50,1.00,1.00,24017.91,11757.07,11722.04,24533.01,97,2,2,97,60156.56,60363.71,,
2026-06-05T23:43:34+08:00,btc-updown-5m-1780674000,https://polymarket.com/zh/event/btc-updown-5m-1780674000,23:40-23:45,99.00,2.00,98.00,1.00,10771.51,127.24,181.03,10747.89,98.50,1.50,1.00,1.00,24532.92,10771.51,10747.89,24022.91,98,1,1,98,60156.56,60370.50,,
2026-06-05T23:43:36+08:00,btc-updown-5m-1780674000,https://polymarket.com/zh/event/btc-updown-5m-1780674000,23:40-23:45,99.00,2.00,98.00,1.00,8368.18,1276.69,1306.39,8268.18,98.50,1.50,1.00,1.00,24527.91,8368.18,8268.18,24517.91,98,1,1,98,60156.56,60393.58,,
2026-06-05T23:43:38+08:00,btc-updown-5m-1780674000,https://polymarket.com/zh/event/btc-updown-5m-1780674000,23:40-23:45,97.00,3.00,96.00,2.00,15.00,371.99,1011.87,75.00,96.50,2.50,1.00,1.00,24547.91,4831.87,4761.87,23742.92,96,3,2,97,60156.56,60371.60,,
2026-06-05T23:43:40+08:00,btc-updown-5m-1780674000,https://polymarket.com/zh/event/btc-updown-5m-1780674000,23:40-23:45,99.00,2.00,98.00,1.00,4058.03,1734.94,1630.94,3689.89,98.50,1.50,1.00,1.00,23753.29,4058.03,3689.89,23748.29,98,1,1,98,60156.56,60392.84,,
2026-06-05T23:43:42+08:00,btc-updown-5m-1780674000,https://polymarket.com/zh/event/btc-updown-5m-1780674000,23:40-23:45,99.00,2.00,98.00,1.00,960.90,2743.72,2841.72,1011.90,98.50,1.50,1.00,1.00,23207.91,960.90,1011.90,23712.91,98,1,1,98,60156.56,60374.31,,
2026-06-05T23:43:44+08:00,btc-updown-5m-1780674000,https://polymarket.com/zh/event/btc-updown-5m-1780674000,23:40-23:45,99.00,2.00,98.00,1.00,278.98,2295.48,2231.48,275.92,98.50,1.50,1.00,1.00,23217.91,278.98,275.92,23722.91,98,1,1,98,60156.56,60363.97,,
2026-06-05T23:43:46+08:00,btc-updown-5m-1780674000,https://polymarket.com/zh/event/btc-updown-5m-1780674000,23:40-23:45,,1.00,99.00,,,10743.10,10729.98,,,,,,23217.91,,,23222.92,99,0,0,99,60156.56,60377.62,,
2026-06-05T23:43:48+08:00,btc-updown-5m-1780674000,https://polymarket.com/zh/event/btc-updown-5m-1780674000,23:40-23:45,,1.00,99.00,,,13874.80,13868.80,,,,,,23202.91,,,23218.60,99,0,0,99,60156.56,60384.31,,
2026-06-05T23:43:49+08:00,btc-updown-5m-1780674000,https://polymarket.com/zh/event/btc-updown-5m-1780674000,23:40-23:45,,1.00,99.00,,,13902.73,13914.21,,,,,,23712.91,,,23222.92,99,0,0,99,60156.56,60388.01,,
2026-06-05T23:43:51+08:00,btc-updown-5m-1780674000,https://polymarket.com/zh/event/btc-updown-5m-1780674000,23:40-23:45,,1.00,99.00,,,14090.41,14090.41,,,,,,23192.91,,,23197.91,99,0,0,99,60156.56,60399.22,,
2026-06-05T23:43:53+08:00,btc-updown-5m-1780674000,https://polymarket.com/zh/event/btc-updown-5m-1780674000,23:40-23:45,,1.00,99.00,,,17160.05,14130.05,,,,,,23197.91,,,23192.91,99,0,0,99,60156.56,60401.00,,
2026-06-05T23:43:55+08:00,btc-updown-5m-1780674000,https://polymarket.com/zh/event/btc-updown-5m-1780674000,23:40-23:45,,1.00,99.00,,,17152.55,17558.55,,,,,,23494.60,,,23484.58,99,0,0,99,60156.56,60404.34,,
2026-06-05T23:43:57+08:00,btc-updown-5m-1780674000,https://polymarket.com/zh/event/btc-updown-5m-1780674000,23:40-23:45,,1.00,99.00,,,17661.58,17661.58,,,,,,23474.57,,,22974.57,99,0,0,99,60156.56,60406.01,,
2026-06-05T23:43:59+08:00,btc-updown-5m-1780674000,https://polymarket.com/zh/event/btc-updown-5m-1780674000,23:40-23:45,,1.00,99.00,,,17386.68,17986.68,,,,,,23494.60,,,22979.57,99,0,0,99,60156.56,60399.65,,
2026-06-05T23:44:01+08:00,btc-updown-5m-1780674000,https://polymarket.com/zh/event/btc-updown-5m-1780674000,23:40-23:45,,1.00,99.00,,,21320.97,21787.97,,,,,,24304.57,,,24310.80,99,0,0,99,60156.56,60402.61,,
2026-06-05T23:44:03+08:00,btc-updown-5m-1780674000,https://polymarket.com/zh/event/btc-updown-5m-1780674000,23:40-23:45,,1.00,99.00,,,21461.10,21443.67,,,,,,24604.57,,,25114.57,99,0,0,99,60156.56,60423.80,,
2026-06-05T23:44:05+08:00,btc-updown-5m-1780674000,https://polymarket.com/zh/event/btc-updown-5m-1780674000,23:40-23:45,,1.00,99.00,,,29319.86,29311.36,,,,,,25104.57,,,24609.57,99,0,0,99,60156.56,60424.16,,
2026-06-05T23:44:07+08:00,btc-updown-5m-1780674000,https://polymarket.com/zh/event/btc-updown-5m-1780674000,23:40-23:45,,1.00,99.00,,,27620.93,27620.93,,,,,,25124.58,,,25134.59,99,0,0,99,60156.56,60374.44,,
2026-06-05T23:44:09+08:00,btc-updown-5m-1780674000,https://polymarket.com/zh/event/btc-updown-5m-1780674000,23:40-23:45,,1.00,99.00,,,27616.93,27670.93,,,,,,25129.57,,,25121.13,99,0,0,99,60156.56,60374.07,,
2026-06-05T23:44:11+08:00,btc-updown-5m-1780674000,https://polymarket.com/zh/event/btc-updown-5m-1780674000,23:40-23:45,,1.00,99.00,,,27439.45,27439.45,,,,,,25114.58,,,25109.59,99,0,0,99,60156.56,60390.08,,
2026-06-05T23:44:13+08:00,btc-updown-5m-1780674000,https://polymarket.com/zh/event/btc-updown-5m-1780674000,23:40-23:45,,1.00,99.00,,,27668.90,27689.08,,,,,,24599.57,,,25104.57,99,0,0,99,60156.56,60380.75,,
2026-06-05T23:44:15+08:00,btc-updown-5m-1780674000,https://polymarket.com/zh/event/btc-updown-5m-1780674000,23:40-23:45,,1.00,99.00,,,26767.15,26737.15,,,,,,24614.59,,,24609.58,99,0,0,99,60156.56,60373.24,,
2026-06-05T23:44:17+08:00,btc-updown-5m-1780674000,https://polymarket.com/zh/event/btc-updown-5m-1780674000,23:40-23:45,,1.00,99.00,,,26843.18,26843.18,,,,,,25119.57,,,24624.58,99,0,0,99,60156.56,60365.99,,
2026-06-05T23:44:19+08:00,btc-updown-5m-1780674000,https://polymarket.com/zh/event/btc-updown-5m-1780674000,23:40-23:45,,1.00,99.00,,,26103.89,26109.89,,,,,,25124.58,,,24609.58,99,0,0,99,60156.56,60339.95,,
2026-06-05T23:44:21+08:00,btc-updown-5m-1780674000,https://polymarket.com/zh/event/btc-updown-5m-1780674000,23:40-23:45,,1.00,99.00,,,7449.48,17463.48,,,,,,25119.57,,,24614.58,99,0,0,99,60156.56,60329.02,,
2026-06-05T23:44:22+08:00,btc-updown-5m-1780674000,https://polymarket.com/zh/event/btc-updown-5m-1780674000,23:40-23:45,,1.00,99.00,,,14211.07,14271.07,,,,,,25094.57,,,25109.57,99,0,0,99,60156.56,60280.25,,
2026-06-05T23:44:24+08:00,btc-updown-5m-1780674000,https://polymarket.com/zh/event/btc-updown-5m-1780674000,23:40-23:45,,1.00,99.00,,,13689.82,13749.82,,,,,,25094.57,,,24599.57,99,0,0,99,60156.56,60300.66,,
2026-06-05T23:44:26+08:00,btc-updown-5m-1780674000,https://polymarket.com/zh/event/btc-updown-5m-1780674000,23:40-23:45,,1.00,99.00,,,17178.20,17238.20,,,,,,24819.57,,,24319.58,99,0,0,99,60156.56,60292.15,,
2026-06-05T23:44:28+08:00,btc-updown-5m-1780674000,https://polymarket.com/zh/event/btc-updown-5m-1780674000,23:40-23:45,,1.00,99.00,,,17577.20,17577.20,,,,,,24809.89,,,24299.57,99,0,0,99,60156.56,60290.36,,
2026-06-05T23:44:30+08:00,btc-updown-5m-1780674000,https://polymarket.com/zh/event/btc-updown-5m-1780674000,23:40-23:45,,1.00,99.00,,,12419.71,11945.71,,,,,,24319.57,,,24824.97,99,0,0,99,60156.56,60273.17,,
2026-06-05T23:44:32+08:00,btc-updown-5m-1780674000,https://polymarket.com/zh/event/btc-updown-5m-1780674000,23:40-23:45,,1.00,99.00,,,15881.23,15875.23,,,,,,22339.96,,,22324.95,99,0,0,99,60156.56,60280.98,,
2026-06-05T23:44:34+08:00,btc-updown-5m-1780674000,https://polymarket.com/zh/event/btc-updown-5m-1780674000,23:40-23:45,,1.00,99.00,,,15686.71,15686.71,,,,,,22844.95,,,22834.96,99,0,0,99,60156.56,60290.01,,
2026-06-05T23:44:36+08:00,btc-updown-5m-1780674000,https://polymarket.com/zh/event/btc-updown-5m-1780674000,23:40-23:45,,1.00,99.00,,,15961.67,15952.67,,,,,,22546.35,,,22046.35,99,0,0,99,60156.56,60282.01,,
2026-06-05T23:44:38+08:00,btc-updown-5m-1780674000,https://polymarket.com/zh/event/btc-updown-5m-1780674000,23:40-23:45,,1.00,99.00,,,15597.22,15601.17,,,,,,22041.35,,,22551.35,99,0,0,99,60156.56,60297.99,,
2026-06-05T23:44:40+08:00,btc-updown-5m-1780674000,https://polymarket.com/zh/event/btc-updown-5m-1780674000,23:40-23:45,,1.00,99.00,,,15118.56,15088.56,,,,,,22036.35,,,22546.35,99,0,0,99,60156.56,60282.00,,
2026-06-05T23:44:41+08:00,btc-updown-5m-1780674000,https://polymarket.com/zh/event/btc-updown-5m-1780674000,23:40-23:45,,1.00,99.00,,,14346.07,14346.07,,,,,,22036.36,,,22531.35,99,0,0,99,60156.56,60268.97,,
2026-06-05T23:44:43+08:00,btc-updown-5m-1780674000,https://polymarket.com/zh/event/btc-updown-5m-1780674000,23:40-23:45,,1.00,99.00,,,16085.30,15985.30,,,,,,20881.35,,,21386.35,99,0,0,99,60156.56,60290.50,,
2026-06-05T23:44:45+08:00,btc-updown-5m-1780674000,https://polymarket.com/zh/event/btc-updown-5m-1780674000,23:40-23:45,,1.00,99.00,,,16643.47,16643.47,,,,,,20901.37,,,21396.37,99,0,0,99,60156.56,60291.03,,
2026-06-05T23:44:47+08:00,btc-updown-5m-1780674000,https://polymarket.com/zh/event/btc-updown-5m-1780674000,23:40-23:45,,1.00,99.00,,,17655.23,23200.78,,,,,,20866.35,,,20861.35,99,0,0,99,60156.56,60290.92,,
2026-06-05T23:44:49+08:00,btc-updown-5m-1780674000,https://polymarket.com/zh/event/btc-updown-5m-1780674000,23:40-23:45,,1.00,99.00,,,17385.23,17385.23,,,,,,20876.35,,,21366.36,99,0,0,99,60156.56,60279.91,,
2026-06-05T23:44:51+08:00,btc-updown-5m-1780674000,https://polymarket.com/zh/event/btc-updown-5m-1780674000,23:40-23:45,,1.00,99.00,,,17136.92,17138.21,,,,,,13878.35,,,14373.35,99,0,0,99,60156.56,60261.21,,
2026-06-05T23:44:53+08:00,btc-updown-5m-1780674000,https://polymarket.com/zh/event/btc-updown-5m-1780674000,23:40-23:45,,1.00,99.00,,,22689.94,23589.92,,,,,,13848.36,,,13858.37,75,0,0,75,60156.56,60265.11,,
2026-06-05T23:44:55+08:00,btc-updown-5m-1780674000,https://polymarket.com/zh/event/btc-updown-5m-1780674000,23:40-23:45,,1.00,99.00,,,41430.11,41400.06,,,,,,13841.69,,,13829.43,76,0,0,76,60156.56,60269.98,,
2026-06-05T23:44:57+08:00,btc-updown-5m-1780674000,https://polymarket.com/zh/event/btc-updown-5m-1780674000,23:40-23:45,,1.00,99.00,,,46315.78,43624.72,,,,,,13844.43,,,14339.43,75,0,0,75,60156.56,60288.39,,
2026-06-05T23:44:59+08:00,btc-updown-5m-1780674000,https://polymarket.com/zh/event/btc-updown-5m-1780674000,23:40-23:45,,1.00,99.00,,,70292.87,69595.78,,,,,,14489.43,,,14269.43,75,0,0,70,60156.56,60309.40,,
2026-06-05T23:45:01+08:00,btc-updown-5m-1780674300,https://polymarket.com/zh/event/btc-updown-5m-1780674300,23:45-23:50,49.00,52.00,48.00,51.00,15.00,306.44,306.44,15.00,48.50,51.50,1.00,1.00,109862.12,109536.78,109536.78,109862.12,48,49,49,48,60335.00,60345.12,,
2026-06-05T23:45:03+08:00,btc-updown-5m-1780674300,https://polymarket.com/zh/event/btc-updown-5m-1780674300,23:45-23:50,49.00,52.00,48.00,49.00,20.00,290.94,270.94,3762.09,48.50,50.50,1.00,3.00,109882.12,109652.79,109657.79,109887.12,48,48,47,48,60335.00,60318.46,,
2026-06-05T23:45:05+08:00,btc-updown-5m-1780674300,https://polymarket.com/zh/event/btc-updown-5m-1780674300,23:45-23:50,51.00,50.00,50.00,49.00,3021.87,631.29,542.29,3004.55,50.50,49.50,1.00,1.00,111256.12,109904.80,110522.78,110546.12,50,49,49,50,60335.00,60310.01,,
2026-06-05T23:45:07+08:00,btc-updown-5m-1780674300,https://polymarket.com/zh/event/btc-updown-5m-1780674300,23:45-23:50,50.00,51.00,49.00,50.00,433.66,538.17,538.17,427.87,49.50,50.50,1.00,1.00,112279.80,113358.49,113358.49,112269.80,49,50,50,49,60335.00,60322.02,,
2026-06-05T23:45:08+08:00,btc-updown-5m-1780674300,https://polymarket.com/zh/event/btc-updown-5m-1780674300,23:45-23:50,50.00,51.00,49.00,50.00,133.74,140.02,1095.62,1231.48,49.50,50.50,1.00,1.00,113462.80,113596.48,113581.49,113547.80,49,50,50,49,60335.00,60320.45,,
2026-06-05T23:45:10+08:00,btc-updown-5m-1780674300,https://polymarket.com/zh/event/btc-updown-5m-1780674300,23:45-23:50,49.00,52.00,48.00,51.00,1563.07,46.96,366.87,1639.95,48.50,51.50,1.00,1.00,113844.46,112176.48,111770.48,113844.46,48,51,51,48,60335.00,60315.96,,
2026-06-05T23:45:12+08:00,btc-updown-5m-1780674300,https://polymarket.com/zh/event/btc-updown-5m-1780674300,23:45-23:50,49.00,54.00,46.00,51.00,1605.75,121.76,126.76,1616.51,47.50,52.50,3.00,3.00,113749.46,111705.49,111700.49,113749.46,46,51,51,46,60335.00,60269.98,,
2026-06-05T23:45:14+08:00,btc-updown-5m-1780674300,https://polymarket.com/zh/event/btc-updown-5m-1780674300,23:45-23:50,39.00,62.00,38.00,61.00,880.03,26.66,10.83,969.60,38.50,61.50,1.00,1.00,113951.00,110501.50,110495.49,114051.00,38,61,61,38,60335.00,60251.99,,
2026-06-05T23:45:16+08:00,btc-updown-5m-1780674300,https://polymarket.com/zh/event/btc-updown-5m-1780674300,23:45-23:50,38.00,63.00,37.00,62.00,723.06,908.48,657.48,324.06,37.50,62.50,1.00,1.00,107796.00,104460.49,104460.49,107796.00,37,62,62,37,60335.00,60272.01,,
2026-06-05T23:45:18+08:00,btc-updown-5m-1780674300,https://polymarket.com/zh/event/btc-updown-5m-1780674300,23:45-23:50,40.00,61.00,39.00,60.00,708.45,372.18,370.18,726.45,39.50,60.50,1.00,1.00,107786.00,104645.49,104645.49,107791.00,39,60,60,39,60335.00,60264.12,,
2026-06-05T23:45:20+08:00,btc-updown-5m-1780674300,https://polymarket.com/zh/event/btc-updown-5m-1780674300,23:45-23:50,39.00,62.00,38.00,61.00,1234.79,32.07,86.66,1308.41,38.50,61.50,1.00,1.00,106754.34,105425.49,105421.48,106854.34,38,61,61,38,60335.00,60257.93,,
2026-06-05T23:45:22+08:00,btc-updown-5m-1780674300,https://polymarket.com/zh/event/btc-updown-5m-1780674300,23:45-23:50,38.00,63.00,37.00,62.00,1938.15,0.20,0.20,2012.51,37.50,62.50,1.00,1.00,98768.67,97648.78,97643.79,98753.67,37,62,62,37,60335.00,60250.00,,
2026-06-05T23:45:24+08:00,btc-updown-5m-1780674300,https://polymarket.com/zh/event/btc-updown-5m-1780674300,23:45-23:50,36.00,65.00,35.00,64.00,1643.24,379.58,428.58,1737.88,35.50,64.50,1.00,1.00,98963.57,97748.77,97733.77,99075.97,35,64,64,35,60335.00,60249.00,,
2026-06-05T23:45:26+08:00,btc-updown-5m-1780674300,https://polymarket.com/zh/event/btc-updown-5m-1780674300,23:45-23:50,33.00,68.00,32.00,67.00,978.84,1137.28,845.42,175.11,32.50,67.50,1.00,1.00,98960.97,97807.38,97792.37,98945.97,32,67,67,32,60335.00,60228.34,,
2026-06-05T23:45:28+08:00,btc-updown-5m-1780674300,https://polymarket.com/zh/event/btc-updown-5m-1780674300,23:45-23:50,33.00,70.00,32.00,67.00,1305.09,38.26,3.41,1305.09,32.50,68.50,1.00,3.00,98940.97,97824.35,97824.35,98940.97,31,67,67,30,60335.00,60233.90,,
2026-06-05T23:45:30+08:00,btc-updown-5m-1780674300,https://polymarket.com/zh/event/btc-updown-5m-1780674300,23:45-23:50,30.00,71.00,29.00,70.00,265.92,273.00,36.32,627.12,29.50,70.50,1.00,1.00,99040.97,97738.79,97745.37,99060.97,28,70,70,28,60335.00,60203.09,,
2026-06-05T23:45:32+08:00,btc-updown-5m-1780674300,https://polymarket.com/zh/event/btc-updown-5m-1780674300,23:45-23:50,30.00,71.00,29.00,70.00,53.86,486.72,490.72,53.86,29.50,70.50,1.00,1.00,87082.64,85710.44,85710.44,87082.64,29,70,70,29,60335.00,60230.10,,
2026-06-05T23:45:34+08:00,btc-updown-5m-1780674300,https://polymarket.com/zh/event/btc-updown-5m-1780674300,23:45-23:50,30.00,70.00,29.00,69.00,38.88,74.12,1511.98,71.52,29.50,69.50,1.00,1.00,86988.89,85740.45,85746.70,86993.89,29,70,69,30,60335.00,60221.83,,
2026-06-05T23:45:36+08:00,btc-updown-5m-1780674300,https://polymarket.com/zh/event/btc-updown-5m-1780674300,23:45-23:50,29.00,72.00,28.00,71.00,1129.44,335.24,353.24,1090.49,28.50,71.50,1.00,1.00,86904.89,85753.69,85768.69,87094.89,28,71,71,28,60335.00,60209.98,,
2026-06-05T23:45:37+08:00,btc-updown-5m-1780674300,https://polymarket.com/zh/event/btc-updown-5m-1780674300,23:45-23:50,30.00,71.00,29.00,70.00,741.99,117.73,202.32,585.99,29.50,70.50,1.00,1.00,86999.89,85743.72,85722.70,86999.89,29,70,70,29,60335.00,60221.82,,
2026-06-05T23:45:39+08:00,btc-updown-5m-1780674300,https://polymarket.com/zh/event/btc-updown-5m-1780674300,23:45-23:50,29.00,72.00,28.00,71.00,531.74,65.71,50.71,566.44,28.50,71.50,1.00,1.00,86774.89,85742.70,85737.70,86774.89,28,71,71,28,60335.00,60196.91,,
2026-06-05T23:45:41+08:00,btc-updown-5m-1780674300,https://polymarket.com/zh/event/btc-updown-5m-1780674300,23:45-23:50,27.00,75.00,26.00,74.00,2203.41,1083.00,94.36,82.00,26.50,74.50,1.00,1.00,67514.89,66243.71,66238.62,67559.89,26,73,74,25,60335.00,60203.34,,
2026-06-05T23:45:43+08:00,btc-updown-5m-1780674300,https://polymarket.com/zh/event/btc-updown-5m-1780674300,23:45-23:50,28.00,73.00,27.00,72.00,972.23,149.32,149.32,1052.98,27.50,72.50,1.00,1.00,67409.89,66259.69,66253.69,67414.89,27,72,72,27,60335.00,60199.24,,
2026-06-05T23:45:45+08:00,btc-updown-5m-1780674300,https://polymarket.com/zh/event/btc-updown-5m-1780674300,23:45-23:50,27.00,74.00,26.00,73.00,664.90,532.30,484.06,661.28,26.50,73.50,1.00,1.00,67414.89,66233.69,66243.75,67414.89,26,73,73,26,60335.00,60197.44,,
2026-06-05T23:45:47+08:00,btc-updown-5m-1780674300,https://polymarket.com/zh/event/btc-updown-5m-1780674300,23:45-23:50,29.00,72.00,28.00,71.00,206.89,1670.16,1342.84,142.45,28.50,71.50,1.00,1.00,67428.89,66277.70,66262.69,67533.89,28,71,71,28,60335.00,60207.42,,
2026-06-05T23:45:49+08:00,btc-updown-5m-1780674300,https://polymarket.com/zh/event/btc-updown-5m-1780674300,23:45-23:50,29.00,72.00,28.00,71.00,447.55,986.20,361.58,190.55,28.50,71.50,1.00,1.00,67533.89,66277.71,66278.72,67518.89,28,71,71,28,60335.00,60203.68,,
2026-06-05T23:45:51+08:00,btc-updown-5m-1780674300,https://polymarket.com/zh/event/btc-updown-5m-1780674300,23:45-23:50,31.00,70.00,30.00,69.00,382.69,1305.39,1192.64,269.46,30.50,69.50,1.00,1.00,25368.89,24293.70,24268.69,25473.89,30,69,69,30,60335.00,60224.00,,
2026-06-05T23:45:53+08:00,btc-updown-5m-1780674300,https://polymarket.com/zh/event/btc-updown-5m-1780674300,23:45-23:50,33.00,68.00,32.00,67.00,1086.94,16.00,16.00,1287.94,32.50,67.50,1.00,1.00,25516.42,24270.04,24267.70,25516.42,32,67,67,32,60335.00,60222.71,,
2026-06-05T23:45:55+08:00,btc-updown-5m-1780674300,https://polymarket.com/zh/event/btc-updown-5m-1780674300,23:45-23:50,29.00,72.00,28.00,71.00,1255.08,121.97,16.00,1146.03,28.50,71.50,1.00,1.00,25541.51,23127.43,23142.04,25536.51,28,71,71,28,60335.00,60203.71,,
2026-06-05T23:45:57+08:00,btc-updown-5m-1780674300,https://polymarket.com/zh/event/btc-updown-5m-1780674300,23:45-23:50,26.00,75.00,25.00,74.00,1717.03,879.34,864.34,1751.03,25.50,74.50,1.00,1.00,25561.51,23142.04,23141.05,25566.51,25,74,74,25,60335.00,60203.89,,
2026-06-05T23:45:59+08:00,btc-updown-5m-1780674300,https://polymarket.com/zh/event/btc-updown-5m-1780674300,23:45-23:50,26.00,75.00,25.00,74.00,1804.34,679.54,594.54,1589.69,25.50,74.50,1.00,1.00,25506.51,23102.04,23097.59,25491.51,25,74,74,25,60335.00,60182.57,,
2026-06-05T23:46:01+08:00,btc-updown-5m-1780674300,https://polymarket.com/zh/event/btc-updown-5m-1780674300,23:45-23:50,26.00,75.00,25.00,74.00,1307.86,338.87,356.21,1245.86,25.50,74.50,1.00,1.00,25501.51,30007.05,30002.04,25501.51,25,74,74,25,60335.00,60195.94,,
2026-06-05T23:46:03+08:00,btc-updown-5m-1780674300,https://polymarket.com/zh/event/btc-updown-5m-1780674300,23:45-23:50,25.00,76.00,24.00,75.00,1652.73,115.00,115.00,1525.43,24.50,75.50,1.00,1.00,25561.51,28102.03,28078.03,25518.51,24,75,75,24,60335.00,60188.85,,
2026-06-05T23:46:05+08:00,btc-updown-5m-1780674300,https://polymarket.com/zh/event/btc-updown-5m-1780674300,23:45-23:50,25.00,76.00,24.00,75.00,1599.07,48.46,48.46,1611.21,24.50,75.50,1.00,1.00,25529.51,28078.04,28083.04,25524.51,24,75,75,24,60335.00,60188.00,,
2026-06-05T23:46:07+08:00,btc-updown-5m-1780674300,https://polymarket.com/zh/event/btc-updown-5m-1780674300,23:45-23:50,22.00,79.00,21.00,78.00,795.61,31.00,41.20,1023.61,21.50,78.50,1.00,1.00,25924.51,27760.03,27755.03,26024.51,21,78,78,21,60335.00,60170.00,,
2026-06-05T23:46:09+08:00,btc-updown-5m-1780674300,https://polymarket.com/zh/event/btc-updown-5m-1780674300,23:45-23:50,23.00,78.00,22.00,77.00,819.00,1018.64,852.55,602.00,22.50,77.50,1.00,1.00,25179.51,27745.03,27751.03,24979.51,22,77,77,22,60335.00,60189.11,,
2026-06-05T23:46:11+08:00,btc-updown-5m-1780674300,https://polymarket.com/zh/event/btc-updown-5m-1780674300,23:45-23:50,23.00,78.00,22.00,77.00,390.30,735.22,627.40,396.00,22.50,77.50,1.00,1.00,25197.90,27757.98,27757.97,25192.90,22,77,77,22,60335.00,60188.25,,
2026-06-05T23:46:12+08:00,btc-updown-5m-1780674300,https://polymarket.com/zh/event/btc-updown-5m-1780674300,23:45-23:50,23.00,78.00,22.00,77.00,1039.95,1726.76,128.60,251.39,22.50,77.50,1.00,1.00,25087.90,27741.03,27741.03,25087.90,22,77,77,22,60335.00,60180.03,,
2026-06-05T23:46:14+08:00,btc-updown-5m-1780674300,https://polymarket.com/zh/event/btc-updown-5m-1780674300,23:45-23:50,26.00,75.00,25.00,74.00,18.75,24.13,46.53,14.71,25.50,74.50,1.00,1.00,24903.90,27740.03,27740.03,24853.90,25,74,74,25,60335.00,60182.00,,
2026-06-05T23:46:16+08:00,btc-updown-5m-1780674300,https://polymarket.com/zh/event/btc-updown-5m-1780674300,23:45-23:50,22.00,79.00,21.00,78.00,23.65,89.25,91.15,19.10,21.50,78.50,1.00,1.00,25133.90,27770.04,27770.11,25228.90,21,78,78,21,60335.00,60169.51,,
2026-06-05T23:46:18+08:00,btc-updown-5m-1780674300,https://polymarket.com/zh/event/btc-updown-5m-1780674300,23:45-23:50,23.00,78.00,22.00,77.00,1493.84,495.00,544.94,1419.71,22.50,77.50,1.00,1.00,25213.90,27750.04,27741.04,25203.90,22,77,77,22,60335.00,60196.01,,
2026-06-05T23:46:20+08:00,btc-updown-5m-1780674300,https://polymarket.com/zh/event/btc-updown-5m-1780674300,23:45-23:50,22.00,79.00,21.00,78.00,196.25,562.93,390.33,178.00,21.50,78.50,1.00,1.00,25018.90,27766.23,27715.04,24978.90,21,78,78,21,60335.00,60191.88,,
2026-06-05T23:46:22+08:00,btc-updown-5m-1780674300,https://polymarket.com/zh/event/btc-updown-5m-1780674300,23:45-23:50,20.00,81.00,19.00,80.00,16.00,96.00,106.00,27.00,19.50,80.50,1.00,1.00,25143.90,27730.04,27735.04,25233.90,19,79,79,19,60335.00,60169.50,,
2026-06-05T23:46:24+08:00,btc-updown-5m-1780674300,https://polymarket.com/zh/event/btc-updown-5m-1780674300,23:45-23:50,20.00,81.00,19.00,80.00,203.00,1194.59,1357.45,233.00,19.50,80.50,1.00,1.00,25473.90,27334.04,27345.03,25568.90,19,80,80,19,60335.00,60185.64,,
2026-06-05T23:46:26+08:00,btc-updown-5m-1780674300,https://polymarket.com/zh/event/btc-updown-5m-1780674300,23:45-23:50,20.00,81.00,19.00,80.00,776.93,647.00,685.89,707.93,19.50,80.50,1.00,1.00,25463.90,27349.03,27349.03,25463.90,19,80,80,19,60335.00,60174.00,,
2026-06-05T23:46:28+08:00,btc-updown-5m-1780674300,https://polymarket.com/zh/event/btc-updown-5m-1780674300,23:45-23:50,19.00,82.00,18.00,81.00,1431.84,55.61,226.49,1473.84,18.50,81.50,1.00,1.00,25483.90,27166.03,27156.04,25023.90,18,81,81,18,60335.00,60169.07,,
2026-06-05T23:46:30+08:00,btc-updown-5m-1780674300,https://polymarket.com/zh/event/btc-updown-5m-1780674300,23:45-23:50,20.00,81.00,19.00,80.00,587.49,644.07,1087.33,1602.07,19.50,80.50,1.00,1.00,25379.90,27151.04,27166.04,25394.90,19,80,80,19,60335.00,60185.58,,
2026-06-05T23:46:32+08:00,btc-updown-5m-1780674300,https://polymarket.com/zh/event/btc-updown-5m-1780674300,23:45-23:50,20.00,81.00,19.00,80.00,1242.74,1215.65,821.72,395.81,19.50,80.50,1.00,1.00,26179.90,27161.05,27146.64,25254.90,19,80,80,19,60335.00,60190.71,,
2026-06-05T23:46:34+08:00,btc-updown-5m-1780674300,https://polymarket.com/zh/event/btc-updown-5m-1780674300,23:45-23:50,21.00,80.00,20.00,79.00,1782.40,5.00,25.14,2148.66,20.50,79.50,1.00,1.00,25184.90,27147.03,27152.03,25184.90,20,79,79,20,60335.00,60176.92,,
2026-06-05T23:46:36+08:00,btc-updown-5m-1780674300,https://polymarket.com/zh/event/btc-updown-5m-1780674300,23:45-23:50,21.00,81.00,20.00,80.00,1682.84,44.83,20.00,561.74,20.50,80.50,1.00,1.00,26594.90,27172.03,27177.04,25399.90,20,79,80,19,60335.00,60188.58,,
2026-06-05T23:46:38+08:00,btc-updown-5m-1780674300,https://polymarket.com/zh/event/btc-updown-5m-1780674300,23:45-23:50,18.00,83.00,17.00,82.00,1234.90,228.00,50.66,695.51,17.50,82.50,1.00,1.00,26499.90,27166.04,27172.03,25294.90,17,82,82,17,60335.00,60179.54,,
2026-06-05T23:46:40+08:00,btc-updown-5m-1780674300,https://polymarket.com/zh/event/btc-updown-5m-1780674300,23:45-23:50,20.00,81.00,19.00,80.00,8.90,1792.04,1531.68,8.90,19.50,80.50,1.00,1.00,25449.90,27146.03,27172.04,25564.90,19,80,80,19,60335.00,60186.73,,
2026-06-05T23:46:43+08:00,btc-updown-5m-1780674300,https://polymarket.com/zh/event/btc-updown-5m-1780674300,23:45-23:50,22.00,79.00,21.00,78.00,511.69,944.58,50.00,345.51,21.50,78.50,1.00,1.00,24759.90,27151.04,27172.04,24664.90,21,78,78,21,60335.00,60198.03,,
2026-06-05T23:46:45+08:00,btc-updown-5m-1780674300,https://polymarket.com/zh/event/btc-updown-5m-1780674300,23:45-23:50,29.00,72.00,28.00,71.00,117.93,297.86,93.00,784.20,28.50,71.50,1.00,1.00,24203.90,27167.04,27156.03,24203.90,28,71,71,28,60335.00,60237.91,,
2026-06-05T23:46:47+08:00,btc-updown-5m-1780674300,https://polymarket.com/zh/event/btc-updown-5m-1780674300,23:45-23:50,27.00,75.00,26.00,74.00,1055.50,68.00,6.80,33.20,26.50,74.50,1.00,1.00,24203.90,27161.04,27166.04,24203.90,26,73,74,25,60335.00,60215.87,,
2026-06-05T23:46:49+08:00,btc-updown-5m-1780674300,https://polymarket.com/zh/event/btc-updown-5m-1780674300,23:45-23:50,25.00,76.00,24.00,75.00,2648.29,6.27,6.27,2405.40,24.50,75.50,1.00,1.00,24573.90,27177.03,27166.03,24348.90,23,75,75,23,60335.00,60203.65,,
2026-06-05T23:46:51+08:00,btc-updown-5m-1780674300,https://polymarket.com/zh/event/btc-updown-5m-1780674300,23:45-23:50,23.00,78.00,22.00,77.00,1724.43,103.85,94.96,1577.82,22.50,77.50,1.00,1.00,25083.90,27162.03,27167.03,24938.90,22,77,77,22,60335.00,60187.89,,
2026-06-05T23:46:53+08:00,btc-updown-5m-1780674300,https://polymarket.com/zh/event/btc-updown-5m-1780674300,23:45-23:50,21.00,80.00,20.00,79.00,0.23,356.79,365.02,0.23,20.50,79.50,1.00,1.00,24958.90,27171.04,27171.04,24958.90,20,79,79,20,60335.00,60177.89,,
2026-06-05T23:46:55+08:00,btc-updown-5m-1780674300,https://polymarket.com/zh/event/btc-updown-5m-1780674300,23:45-23:50,20.00,81.00,19.00,80.00,27.80,1096.77,1033.02,53.50,19.50,80.50,1.00,1.00,25373.90,27166.03,27151.03,25358.90,19,80,80,19,60335.00,60189.01,,
2026-06-05T23:46:56+08:00,btc-updown-5m-1780674300,https://polymarket.com/zh/event/btc-updown-5m-1780674300,23:45-23:50,22.00,79.00,21.00,78.00,346.59,268.94,39.75,321.18,21.50,78.50,1.00,1.00,24723.90,27187.49,27178.49,24713.90,21,78,78,21,60335.00,60212.23,,
2026-06-05T23:46:58+08:00,btc-updown-5m-1780674300,https://polymarket.com/zh/event/btc-updown-5m-1780674300,23:45-23:50,25.00,76.00,24.00,75.00,14.00,418.51,382.22,14.00,24.50,75.50,1.00,1.00,23661.90,27172.53,27172.53,23661.90,24,74,74,24,60335.00,60221.73,,
2026-06-05T23:47:00+08:00,btc-updown-5m-1780674300,https://polymarket.com/zh/event/btc-updown-5m-1780674300,23:45-23:50,30.00,67.00,29.00,66.00,25.00,90.00,1206.41,23.00,29.50,66.50,1.00,1.00,23751.90,27076.04,27067.03,23751.90,29,69,66,33,60335.00,60239.05,,
2026-06-05T23:47:02+08:00,btc-updown-5m-1780674300,https://polymarket.com/zh/event/btc-updown-5m-1780674300,23:45-23:50,35.00,66.00,34.00,65.00,580.57,342.39,337.39,550.57,34.50,65.50,1.00,1.00,23478.40,26986.65,26991.65,23478.40,34,65,65,34,60335.00,60253.43,,
2026-06-05T23:47:04+08:00,btc-updown-5m-1780674300,https://polymarket.com/zh/event/btc-updown-5m-1780674300,23:45-23:50,37.00,65.00,36.00,63.00,1389.27,356.00,234.17,1538.25,36.50,64.00,1.00,2.00,23618.31,26970.03,26974.03,23788.31,36,63,63,35,60335.00,60262.01,,
2026-06-05T23:47:06+08:00,btc-updown-5m-1780674300,https://polymarket.com/zh/event/btc-updown-5m-1780674300,23:45-23:50,37.00,64.00,36.00,63.00,1047.27,1075.70,408.00,586.90,36.50,63.50,1.00,1.00,23709.31,26954.03,26970.03,23668.31,36,63,63,36,60335.00,60261.19,,
2026-06-05T23:47:08+08:00,btc-updown-5m-1780674300,https://polymarket.com/zh/event/btc-updown-5m-1780674300,23:45-23:50,37.00,64.00,36.00,63.00,360.73,938.30,993.45,204.89,36.50,63.50,1.00,1.00,23618.31,26974.03,26980.03,23618.31,36,63,63,36,60335.00,60258.07,,
2026-06-05T23:47:10+08:00,btc-updown-5m-1780674300,https://polymarket.com/zh/event/btc-updown-5m-1780674300,23:45-23:50,41.00,60.00,40.00,59.00,15.02,1319.39,1100.68,1.07,40.50,59.50,1.00,1.00,23488.31,26889.04,26890.04,23593.31,40,59,59,40,60335.00,60282.22,,
2026-06-05T23:47:12+08:00,btc-updown-5m-1780674300,https://polymarket.com/zh/event/btc-updown-5m-1780674300,23:45-23:50,44.00,57.00,43.00,56.00,110.00,1009.38,463.74,10.00,43.50,56.50,1.00,1.00,23478.31,26912.02,26894.05,23498.31,43,56,56,43,60335.00,60293.38,,
2026-06-05T23:47:14+08:00,btc-updown-5m-1780674300,https://polymarket.com/zh/event/btc-updown-5m-1780674300,23:45-23:50,45.00,56.00,44.00,55.00,1223.92,212.42,261.42,1545.04,44.50,55.50,1.00,1.00,23453.31,26939.03,26944.03,23448.31,44,55,55,44,60335.00,60296.61,,
2026-06-05T23:47:16+08:00,btc-updown-5m-1780674300,https://polymarket.com/zh/event/btc-updown-5m-1780674300,23:45-23:50,40.00,61.00,39.00,60.00,494.08,1033.06,1057.88,416.58,39.50,60.50,1.00,1.00,23453.31,26959.03,26970.03,23448.31,39,60,60,39,60335.00,60279.21,,
2026-06-05T23:47:18+08:00,btc-updown-5m-1780674300,https://polymarket.com/zh/event/btc-updown-5m-1780674300,23:45-23:50,37.00,64.00,36.00,63.00,57.00,104.83,65.33,147.00,36.50,63.50,1.00,1.00,23508.31,26952.54,26957.54,23508.31,36,63,63,36,60335.00,60270.15,,
2026-06-05T23:47:20+08:00,btc-updown-5m-1780674300,https://polymarket.com/zh/event/btc-updown-5m-1780674300,23:45-23:50,37.00,64.00,36.00,63.00,440.69,491.53,250.12,495.72,36.50,63.50,1.00,1.00,23498.31,26972.54,26976.71,23528.31,36,63,63,36,60335.00,60268.34,,
2026-06-05T23:47:22+08:00,btc-updown-5m-1780674300,https://polymarket.com/zh/event/btc-updown-5m-1780674300,23:45-23:50,37.00,64.00,36.00,63.00,446.53,2218.82,2224.41,452.53,36.50,63.50,1.00,1.00,23413.31,26931.53,26961.77,23523.31,36,63,63,36,60335.00,60269.30,,
2026-06-05T23:47:24+08:00,btc-updown-5m-1780674300,https://polymarket.com/zh/event/btc-updown-5m-1780674300,23:45-23:50,37.00,64.00,36.00,63.00,1518.43,1459.23,1496.23,971.54,36.50,63.50,1.00,1.00,23393.31,26952.54,26947.54,23333.31,36,63,63,36,60335.00,60279.21,,
2026-06-05T23:47:26+08:00,btc-updown-5m-1780674300,https://polymarket.com/zh/event/btc-updown-5m-1780674300,23:45-23:50,43.00,58.00,42.00,57.00,633.85,87.03,20.00,373.69,42.50,57.50,1.00,1.00,23313.31,26936.54,26952.84,23408.31,42,57,57,42,60335.00,60298.70,,
2026-06-05T23:47:28+08:00,btc-updown-5m-1780674300,https://polymarket.com/zh/event/btc-updown-5m-1780674300,23:45-23:50,45.00,56.00,44.00,55.00,747.77,356.19,357.19,743.77,44.50,55.50,1.00,1.00,23323.31,26946.53,26952.53,23323.31,44,55,55,44,60335.00,60297.67,,
2026-06-05T23:47:30+08:00,btc-updown-5m-1780674300,https://polymarket.com/zh/event/btc-updown-5m-1780674300,23:45-23:50,44.00,57.00,43.00,56.00,18.75,77.28,65.28,18.75,43.50,56.50,1.00,1.00,23303.31,26952.95,26932.95,23303.31,43,56,56,43,60335.00,60273.47,,
2026-06-05T23:47:32+08:00,btc-updown-5m-1780674300,https://polymarket.com/zh/event/btc-updown-5m-1780674300,23:45-23:50,39.00,62.00,38.00,61.00,1123.30,6.76,111.78,1300.75,38.50,61.50,1.00,1.00,23408.31,26901.53,26901.53,23303.31,38,61,61,38,60335.00,60282.00,,
2026-06-05T23:47:34+08:00,btc-updown-5m-1780674300,https://polymarket.com/zh/event/btc-updown-5m-1780674300,23:45-23:50,38.00,63.00,37.00,62.00,1185.13,91.99,154.21,1233.93,37.50,62.50,1.00,1.00,23448.31,26906.55,26881.53,23438.31,37,62,62,37,60335.00,60277.20,,
2026-06-05T23:47:36+08:00,btc-updown-5m-1780674300,https://polymarket.com/zh/event/btc-updown-5m-1780674300,23:45-23:50,37.00,65.00,36.00,63.00,20.00,10.00,45.00,823.47,36.50,64.00,1.00,2.00,23553.31,26911.54,26902.53,23358.31,36,63,63,35,60335.00,60277.20,,
2026-06-05T23:47:38+08:00,btc-updown-5m-1780674300,https://polymarket.com/zh/event/btc-updown-5m-1780674300,23:45-23:50,34.00,67.00,33.00,66.00,1634.19,15.38,39.38,1649.01,33.50,66.50,1.00,1.00,23403.31,26912.54,26896.54,23188.31,33,66,66,33,60335.00,60256.50,,
2026-06-05T23:47:39+08:00,btc-updown-5m-1780674300,https://polymarket.com/zh/event/btc-updown-5m-1780674300,23:45-23:50,30.00,73.00,29.00,70.00,130.30,25.70,1.18,130.30,29.50,71.50,1.00,3.00,23213.31,26917.25,26906.54,23213.31,29,68,69,27,60335.00,60248.99,,
2026-06-05T23:47:41+08:00,btc-updown-5m-1780674300,https://polymarket.com/zh/event/btc-updown-5m-1780674300,23:45-23:50,30.00,71.00,29.00,70.00,1158.38,5.00,70.28,1914.10,29.50,70.50,1.00,1.00,23453.31,26892.53,26892.53,23478.31,29,70,70,29,60335.00,60256.51,,
2026-06-05T23:47:44+08:00,btc-updown-5m-1780674300,https://polymarket.com/zh/event/btc-updown-5m-1780674300,23:45-23:50,25.00,76.00,24.00,75.00,352.62,0.54,19.29,362.62,24.50,75.50,1.00,1.00,23078.31,26891.54,26891.54,23078.31,24,75,75,24,60335.00,60217.76,,
2026-06-05T23:47:45+08:00,btc-updown-5m-1780674300,https://polymarket.com/zh/event/btc-updown-5m-1780674300,23:45-23:50,21.00,81.00,18.00,80.00,33.65,18.75,10.00,20.58,19.50,80.50,3.00,1.00,23808.31,26911.55,26896.55,23583.31,18,79,80,19,60335.00,60190.73,,
2026-06-05T23:47:47+08:00,btc-updown-5m-1780674300,https://polymarket.com/zh/event/btc-updown-5m-1780674300,23:45-23:50,16.00,85.00,15.00,84.00,828.47,661.19,526.49,1199.17,15.50,84.50,1.00,1.00,24798.31,26510.53,26537.45,25108.31,15,84,84,15,60335.00,60196.00,,
2026-06-05T23:47:49+08:00,btc-updown-5m-1780674300,https://polymarket.com/zh/event/btc-updown-5m-1780674300,23:45-23:50,16.00,85.00,15.00,84.00,531.95,732.05,755.58,525.20,15.50,84.50,1.00,1.00,23918.31,26525.54,26520.54,23973.31,15,84,84,15,60335.00,60201.38,,
2026-06-05T23:47:51+08:00,btc-updown-5m-1780674300,https://polymarket.com/zh/event/btc-updown-5m-1780674300,23:45-23:50,14.00,87.00,13.00,86.00,56.07,1449.39,1098.56,39.70,13.50,86.50,1.00,1.00,23508.42,26015.53,26025.53,23688.42,13,86,86,13,60335.00,60179.96,,
2026-06-05T23:47:53+08:00,btc-updown-5m-1780674300,https://polymarket.com/zh/event/btc-updown-5m-1780674300,23:45-23:50,15.00,86.00,14.00,85.00,83.26,694.74,227.33,217.84,14.50,85.50,1.00,1.00,24433.42,26005.54,26016.53,23028.31,14,85,85,14,60335.00,60189.98,,
2026-06-05T23:47:55+08:00,btc-updown-5m-1780674300,https://polymarket.com/zh/event/btc-updown-5m-1780674300,23:45-23:50,15.00,86.00,14.00,85.00,99.02,118.21,454.21,364.82,14.50,85.50,1.00,1.00,24513.31,26000.53,26005.53,24483.31,14,85,85,14,60335.00,60188.48,,
2026-06-05T23:47:57+08:00,btc-updown-5m-1780674300,https://polymarket.com/zh/event/btc-updown-5m-1780674300,23:45-23:50,14.00,87.00,13.00,86.00,544.96,422.76,528.76,386.76,13.50,86.50,1.00,1.00,24454.42,26031.53,26020.53,24434.42,13,86,86,13,60335.00,60185.58,,
2026-06-05T23:47:59+08:00,btc-updown-5m-1780674300,https://polymarket.com/zh/event/btc-updown-5m-1780674300,23:45-23:50,13.00,89.00,12.00,88.00,1267.91,576.02,12.37,20.00,12.50,88.50,1.00,1.00,24842.31,26016.82,26026.53,24848.31,12,87,88,11,60335.00,60179.54,,
2026-06-05T23:48:01+08:00,btc-updown-5m-1780674300,https://polymarket.com/zh/event/btc-updown-5m-1780674300,23:45-23:50,14.00,87.00,13.00,86.00,182.15,1176.94,684.94,28.15,13.50,86.50,1.00,1.00,21482.81,25366.90,25360.53,21482.81,13,86,86,13,60335.00,60196.49,,
2026-06-05T23:48:03+08:00,btc-updown-5m-1780674300,https://polymarket.com/zh/event/btc-updown-5m-1780674300,23:45-23:50,13.00,89.00,12.00,88.00,1483.25,685.30,25.00,152.90,12.50,88.50,1.00,1.00,20897.81,25366.98,25386.53,22094.24,12,87,88,11,60335.00,60185.59,,
2026-06-05T23:48:05+08:00,btc-updown-5m-1780674300,https://polymarket.com/zh/event/btc-updown-5m-1780674300,23:45-23:50,12.00,89.00,11.00,88.00,1.43,2684.89,2163.68,11.45,11.50,88.50,1.00,1.00,22884.24,25362.06,25365.53,22112.81,11,88,88,11,60335.00,60186.82,,
2026-06-05T23:48:07+08:00,btc-updown-5m-1780674300,https://polymarket.com/zh/event/btc-updown-5m-1780674300,23:45-23:50,13.00,88.00,12.00,87.00,8.00,768.32,1507.82,481.00,12.50,87.50,1.00,1.00,22905.35,25371.53,25366.53,23085.24,12,87,87,12,60335.00,60192.66,,
2026-06-05T23:48:09+08:00,btc-updown-5m-1780674300,https://polymarket.com/zh/event/btc-updown-5m-1780674300,23:45-23:50,13.00,88.00,12.00,87.00,1030.00,24.96,24.96,1093.00,12.50,87.50,1.00,1.00,24350.35,25387.22,25386.53,24345.35,12,87,87,12,60335.00,60190.94,,
2026-06-05T23:48:11+08:00,btc-updown-5m-1780674300,https://polymarket.com/zh/event/btc-updown-5m-1780674300,23:45-23:50,12.00,89.00,11.00,88.00,345.02,830.34,512.34,142.18,11.50,88.50,1.00,1.00,21896.85,24896.56,24880.53,22946.85,11,88,88,11,60335.00,60194.64,,
2026-06-05T23:48:13+08:00,btc-updown-5m-1780674300,https://polymarket.com/zh/event/btc-updown-5m-1780674300,23:45-23:50,11.00,90.00,10.00,89.00,472.87,231.32,231.32,463.87,10.50,89.50,1.00,1.00,23135.74,24775.53,24780.54,23130.74,10,89,89,10,60335.00,60193.60,,
2026-06-05T23:48:15+08:00,btc-updown-5m-1780674300,https://polymarket.com/zh/event/btc-updown-5m-1780674300,23:45-23:50,8.00,93.00,7.00,92.00,222.33,36.00,36.00,454.33,7.50,92.50,1.00,1.00,21660.21,24764.53,24776.46,21787.22,7,92,92,7,60335.00,60166.44,,
2026-06-05T23:48:17+08:00,btc-updown-5m-1780674300,https://polymarket.com/zh/event/btc-updown-5m-1780674300,23:45-23:50,9.00,92.00,8.00,91.00,181.36,461.00,357.78,856.36,8.50,91.50,1.00,1.00,21797.45,24784.53,24784.54,22232.45,8,91,91,8,60335.00,60169.07,,
2026-06-05T23:48:19+08:00,btc-updown-5m-1780674300,https://polymarket.com/zh/event/btc-updown-5m-1780674300,23:45-23:50,9.00,91.00,8.00,90.00,17.55,32.00,1313.50,163.67,8.50,90.50,1.00,1.00,21833.96,24793.54,24778.54,21173.96,8,91,90,9,60335.00,60169.65,,
2026-06-05T23:48:21+08:00,btc-updown-5m-1780674300,https://polymarket.com/zh/event/btc-updown-5m-1780674300,23:45-23:50,9.00,92.00,7.00,91.00,28.13,50.00,76.15,369.02,8.00,91.50,2.00,1.00,20816.01,24536.19,24556.18,21563.44,7,91,91,8,60335.00,60174.89,,
2026-06-05T23:48:23+08:00,btc-updown-5m-1780674300,https://polymarket.com/zh/event/btc-updown-5m-1780674300,23:45-23:50,9.00,92.00,8.00,91.00,41.35,654.00,606.00,32.17,8.50,91.50,1.00,1.00,22205.54,24540.18,24551.18,21853.59,8,91,91,8,60335.00,60179.66,,
2026-06-05T23:48:25+08:00,btc-updown-5m-1780674300,https://polymarket.com/zh/event/btc-updown-5m-1780674300,23:45-23:50,11.00,90.00,10.00,89.00,254.11,188.35,131.35,94.38,10.50,89.50,1.00,1.00,21306.43,24541.18,24546.18,21210.43,10,89,89,10,60335.00,60197.11,,
2026-06-05T23:48:26+08:00,btc-updown-5m-1780674300,https://polymarket.com/zh/event/btc-updown-5m-1780674300,23:45-23:50,12.00,89.00,11.00,88.00,221.00,126.16,132.10,217.00,11.50,88.50,1.00,1.00,20791.97,24550.19,24561.19,20751.97,11,88,88,11,60335.00,60200.69,,
2026-06-05T23:48:28+08:00,btc-updown-5m-1780674300,https://polymarket.com/zh/event/btc-updown-5m-1780674300,23:45-23:50,18.00,83.00,17.00,82.00,425.80,394.03,541.03,421.80,17.50,82.50,1.00,1.00,20140.54,24546.18,24555.18,19270.54,17,82,82,17,60335.00,60221.81,,
2026-06-05T23:48:31+08:00,btc-updown-5m-1780674300,https://polymarket.com/zh/event/btc-updown-5m-1780674300,23:45-23:50,19.00,82.00,18.00,81.00,585.21,78.20,94.00,662.21,18.50,81.50,1.00,1.00,19481.54,24560.20,24540.20,20221.43,18,81,81,18,60335.00,60229.88,,
2026-06-05T23:48:33+08:00,btc-updown-5m-1780674300,https://polymarket.com/zh/event/btc-updown-5m-1780674300,23:45-23:50,11.00,90.00,10.00,89.00,162.02,699.23,814.23,162.02,10.50,89.50,1.00,1.00,20667.43,24535.18,24535.18,19732.43,10,89,89,10,60335.00,60205.01,,
2026-06-05T23:48:35+08:00,btc-updown-5m-1780674300,https://polymarket.com/zh/event/btc-updown-5m-1780674300,23:45-23:50,11.00,90.00,10.00,89.00,962.94,145.22,224.02,1339.94,10.50,89.50,1.00,1.00,21503.86,24560.86,24489.98,21953.66,10,89,89,10,60335.00,60209.35,,
2026-06-05T23:48:37+08:00,btc-updown-5m-1780674300,https://polymarket.com/zh/event/btc-updown-5m-1780674300,23:45-23:50,10.00,91.00,9.00,90.00,339.68,173.03,207.98,373.68,9.50,90.50,1.00,1.00,21958.66,24509.98,24514.98,22183.77,9,90,90,9,60335.00,60202.37,,
2026-06-05T23:48:38+08:00,btc-updown-5m-1780674300,https://polymarket.com/zh/event/btc-updown-5m-1780674300,23:45-23:50,8.00,93.00,7.00,92.00,107.00,460.29,580.89,588.74,7.50,92.50,1.00,1.00,21579.87,24510.98,24510.99,20858.46,7,92,92,7,60335.00,60197.59,,
2026-06-05T23:48:40+08:00,btc-updown-5m-1780674300,https://polymarket.com/zh/event/btc-updown-5m-1780674300,23:45-23:50,7.00,94.00,6.00,93.00,484.51,620.68,55.00,293.38,6.50,93.50,1.00,1.00,19926.77,24484.98,23994.98,19542.77,6,93,93,6,60335.00,60176.88,,
2026-06-05T23:48:42+08:00,btc-updown-5m-1780674300,https://polymarket.com/zh/event/btc-updown-5m-1780674300,23:45-23:50,11.00,90.00,9.00,89.00,76.23,62.00,1426.96,39.23,10.00,89.50,2.00,1.00,20234.03,24020.96,24010.00,20541.46,9,89,89,10,60335.00,60203.46,,
2026-06-05T23:48:44+08:00,btc-updown-5m-1780674300,https://polymarket.com/zh/event/btc-updown-5m-1780674300,23:45-23:50,9.00,92.00,8.00,91.00,175.60,689.46,643.85,115.48,8.50,91.50,1.00,1.00,20711.98,23989.98,23995.98,20816.98,8,91,91,8,60335.00,60201.93,,
2026-06-05T23:48:46+08:00,btc-updown-5m-1780674300,https://polymarket.com/zh/event/btc-updown-5m-1780674300,23:45-23:50,9.00,92.00,8.00,91.00,116.00,1557.90,841.52,105.00,8.50,91.50,1.00,1.00,21799.41,23994.98,24015.98,21097.41,8,91,91,8,60335.00,60195.93,,
2026-06-05T23:48:48+08:00,btc-updown-5m-1780674300,https://polymarket.com/zh/event/btc-updown-5m-1780674300,23:45-23:50,12.00,88.00,11.00,87.00,15.21,20.00,1205.16,69.00,11.50,87.50,1.00,1.00,19878.41,23999.98,24014.99,20287.41,11,88,87,12,60335.00,60225.41,,
2026-06-05T23:48:50+08:00,btc-updown-5m-1780674300,https://polymarket.com/zh/event/btc-updown-5m-1780674300,23:45-23:50,14.00,87.00,13.00,86.00,332.33,97.21,97.21,301.33,13.50,86.50,1.00,1.00,20306.30,24015.98,23995.98,19786.30,13,86,86,13,60335.00,60222.97,,
2026-06-05T23:48:52+08:00,btc-updown-5m-1780674300,https://polymarket.com/zh/event/btc-updown-5m-1780674300,23:45-23:50,14.00,87.00,13.00,86.00,40.85,795.86,932.27,40.85,13.50,86.50,1.00,1.00,19119.87,24000.98,23999.98,19134.87,13,86,86,13,60335.00,60224.99,,
2026-06-05T23:48:54+08:00,btc-updown-5m-1780674300,https://polymarket.com/zh/event/btc-updown-5m-1780674300,23:45-23:50,19.00,83.00,18.00,82.00,1607.94,19.62,3.95,420.66,18.50,82.50,1.00,1.00,17924.87,24001.41,23984.98,18124.87,18,81,82,17,60335.00,60246.34,,
2026-06-05T23:48:56+08:00,btc-updown-5m-1780674300,https://polymarket.com/zh/event/btc-updown-5m-1780674300,23:45-23:50,17.00,84.00,16.00,83.00,221.57,54.00,87.90,311.57,16.50,83.50,1.00,1.00,18496.53,23793.14,23771.63,18501.53,16,83,83,16,60335.00,60243.99,,
2026-06-05T23:48:58+08:00,btc-updown-5m-1780674300,https://polymarket.com/zh/event/btc-updown-5m-1780674300,23:45-23:50,16.00,85.00,15.00,84.00,82.00,226.87,231.87,42.00,15.50,84.50,1.00,1.00,18691.53,23797.63,23787.63,18800.53,15,84,84,15,60335.00,60245.96,,
2026-06-05T23:49:00+08:00,btc-updown-5m-1780674300,https://polymarket.com/zh/event/btc-updown-5m-1780674300,23:45-23:50,16.00,85.00,15.00,84.00,17.76,1009.86,466.71,17.76,15.50,84.50,1.00,1.00,18441.86,23542.63,23238.30,18636.86,15,84,84,15,60335.00,60242.00,,
2026-06-05T23:49:02+08:00,btc-updown-5m-1780674300,https://polymarket.com/zh/event/btc-updown-5m-1780674300,23:45-23:50,23.00,78.00,22.00,77.00,108.51,664.21,152.11,128.14,22.50,77.50,1.00,1.00,17598.53,24821.64,24836.64,17533.53,22,77,77,20,60335.00,60237.22,,
2026-06-05T23:49:04+08:00,btc-updown-5m-1780674300,https://polymarket.com/zh/event/btc-updown-5m-1780674300,23:45-23:50,14.00,87.00,13.00,86.00,339.16,32.00,25.00,630.50,13.50,86.50,1.00,1.00,17724.95,25527.63,25532.64,17714.84,13,86,86,13,60335.00,60233.90,,
2026-06-05T23:49:06+08:00,btc-updown-5m-1780674300,https://polymarket.com/zh/event/btc-updown-5m-1780674300,23:45-23:50,8.00,93.00,7.00,92.00,350.90,209.88,265.56,374.00,7.50,92.50,1.00,1.00,18135.17,25547.63,25541.64,18460.17,7,92,92,7,60335.00,60220.43,,
2026-06-05T23:49:08+08:00,btc-updown-5m-1780674300,https://polymarket.com/zh/event/btc-updown-5m-1780674300,23:45-23:50,10.00,91.00,9.00,90.00,136.00,749.00,218.00,120.00,9.50,90.50,1.00,1.00,19945.41,25526.64,25547.64,19838.41,9,90,90,9,60335.00,60227.85,,
2026-06-05T23:49:09+08:00,btc-updown-5m-1780674300,https://polymarket.com/zh/event/btc-updown-5m-1780674300,23:45-23:50,10.00,90.00,9.00,87.00,86.00,719.49,1676.74,31.40,9.50,88.50,1.00,3.00,17716.53,25537.63,25547.64,17004.92,9,90,86,10,60335.00,60235.53,,
2026-06-05T23:49:11+08:00,btc-updown-5m-1780674300,https://polymarket.com/zh/event/btc-updown-5m-1780674300,23:45-23:50,23.00,78.00,20.00,77.00,2.44,585.02,209.52,2.44,21.50,77.50,3.00,1.00,17517.39,25531.73,25522.63,17522.39,20,77,77,22,60335.00,60252.92,,
2026-06-05T23:49:13+08:00,btc-updown-5m-1780674300,https://polymarket.com/zh/event/btc-updown-5m-1780674300,23:45-23:50,33.00,70.00,32.00,68.00,14.00,268.41,75.53,65.00,32.50,69.00,1.00,2.00,17007.39,25512.65,25516.65,17847.39,32,64,68,30,60335.00,60289.85,,
2026-06-05T23:49:15+08:00,btc-updown-5m-1780674300,https://polymarket.com/zh/event/btc-updown-5m-1780674300,23:45-23:50,23.00,78.00,22.00,77.00,682.09,43.80,46.36,687.86,22.50,77.50,1.00,1.00,17627.39,25502.63,25497.63,18133.14,20,77,77,19,60335.00,60267.13,,
2026-06-05T23:49:17+08:00,btc-updown-5m-1780674300,https://polymarket.com/zh/event/btc-updown-5m-1780674300,23:45-23:50,16.00,85.00,15.00,84.00,379.02,889.86,276.23,88.02,15.50,84.50,1.00,1.00,18603.14,25511.63,25527.95,18603.14,15,84,84,15,60335.00,60259.00,,
2026-06-05T23:49:19+08:00,btc-updown-5m-1780674300,https://polymarket.com/zh/event/btc-updown-5m-1780674300,23:45-23:50,18.00,82.00,17.00,81.00,5.02,572.61,510.57,67.00,17.50,81.50,1.00,1.00,18378.25,25511.63,25497.63,19588.14,17,81,81,18,60335.00,60253.96,,
2026-06-05T23:49:21+08:00,btc-updown-5m-1780674300,https://polymarket.com/zh/event/btc-updown-5m-1780674300,23:45-23:50,22.00,78.00,21.00,77.00,40.15,255.46,671.24,184.00,21.50,77.50,1.00,1.00,17418.14,25497.63,25502.63,17618.14,21,78,77,22,60335.00,60270.14,,
2026-06-05T23:49:23+08:00,btc-updown-5m-1780674300,https://polymarket.com/zh/event/btc-updown-5m-1780674300,23:45-23:50,27.00,73.00,26.00,72.00,13.41,199.02,444.40,6.00,26.50,72.50,1.00,1.00,17622.39,25502.63,25502.63,17622.39,26,73,72,27,60335.00,60279.20,,
2026-06-05T23:49:25+08:00,btc-updown-5m-1780674300,https://polymarket.com/zh/event/btc-updown-5m-1780674300,23:45-23:50,39.00,62.00,38.00,61.00,118.83,254.36,473.32,107.13,38.50,61.50,1.00,1.00,17017.39,25207.63,25201.64,17017.39,38,61,61,37,60335.00,60303.33,,
2026-06-05T23:49:27+08:00,btc-updown-5m-1780674300,https://polymarket.com/zh/event/btc-updown-5m-1780674300,23:45-23:50,30.00,71.00,29.00,70.00,512.31,65.22,65.22,462.31,29.50,70.50,1.00,1.00,17344.83,25197.64,25191.63,17359.83,29,70,70,29,60335.00,60289.72,,
2026-06-05T23:49:29+08:00,btc-updown-5m-1780674300,https://polymarket.com/zh/event/btc-updown-5m-1780674300,23:45-23:50,38.00,63.00,37.00,62.00,316.00,81.37,179.02,84.00,37.50,62.50,1.00,1.00,17072.95,25301.63,25297.63,17072.95,37,62,62,37,60335.00,60290.02,,
2026-06-05T23:49:31+08:00,btc-updown-5m-1780674300,https://polymarket.com/zh/event/btc-updown-5m-1780674300,23:45-23:50,30.00,70.00,29.00,69.00,32.00,583.46,375.88,20.00,29.50,69.50,1.00,1.00,15247.77,23297.86,23303.01,15252.77,29,68,65,30,60335.00,60298.00,,
2026-06-05T23:49:33+08:00,btc-updown-5m-1780674300,https://polymarket.com/zh/event/btc-updown-5m-1780674300,23:45-23:50,43.00,59.00,41.00,58.00,433.76,567.44,50.75,54.24,42.00,58.50,2.00,1.00,15252.77,23923.02,24248.02,15252.77,40,57,58,41,60335.00,60315.44,,
2026-06-05T23:49:35+08:00,btc-updown-5m-1780674300,https://polymarket.com/zh/event/btc-updown-5m-1780674300,23:45-23:50,60.00,38.00,59.00,37.00,3.70,218.40,297.60,29.47,59.50,37.50,1.00,1.00,22127.17,23623.41,23613.41,22633.16,57,40,37,58,60335.00,60323.02,,
2026-06-05T23:49:37+08:00,btc-updown-5m-1780674300,https://polymarket.com/zh/event/btc-updown-5m-1780674300,23:45-23:50,65.00,33.00,63.00,31.00,5.02,64.62,29.00,125.88,64.00,32.00,2.00,2.00,22229.70,21918.41,21678.41,22689.70,63,35,31,65,60335.00,60336.58,,
2026-06-05T23:49:39+08:00,btc-updown-5m-1780674300,https://polymarket.com/zh/event/btc-updown-5m-1780674300,23:45-23:50,84.00,17.00,83.00,16.00,512.32,2.94,2.94,574.12,83.50,16.50,1.00,1.00,22175.10,17008.41,17103.41,22180.10,74,16,16,73,60335.00,60338.62,,
2026-06-05T23:49:41+08:00,btc-updown-5m-1780674300,https://polymarket.com/zh/event/btc-updown-5m-1780674300,23:45-23:50,96.00,6.00,94.00,4.00,700.05,694.55,434.00,367.47,95.00,5.00,2.00,2.00,22666.29,8368.56,8035.98,22666.28,84,4,4,86,60335.00,60509.93,,
2026-06-05T23:49:43+08:00,btc-updown-5m-1780674300,https://polymarket.com/zh/event/btc-updown-5m-1780674300,23:45-23:50,99.00,3.00,97.00,1.00,326.74,39.63,39.63,304.74,98.00,2.00,2.00,2.00,22715.11,326.74,304.74,22715.11,92,1,1,92,60335.00,60469.96,,
2026-06-05T23:49:45+08:00,btc-updown-5m-1780674300,https://polymarket.com/zh/event/btc-updown-5m-1780674300,23:45-23:50,,1.00,99.00,,,4506.78,4671.63,,,,,,20771.07,,,20771.07,99,0,0,95,60335.00,60438.66,,
2026-06-05T23:49:47+08:00,btc-updown-5m-1780674300,https://polymarket.com/zh/event/btc-updown-5m-1780674300,23:45-23:50,,1.00,99.00,,,3094.56,3077.57,,,,,,20828.92,,,20828.92,91,0,0,91,60335.00,60421.46,,
2026-06-05T23:49:49+08:00,btc-updown-5m-1780674300,https://polymarket.com/zh/event/btc-updown-5m-1780674300,23:45-23:50,,1.00,99.00,,,16024.15,3597.31,,,,,,20283.92,,,20288.92,94,0,0,94,60335.00,60388.00,,
2026-06-05T23:49:51+08:00,btc-updown-5m-1780674300,https://polymarket.com/zh/event/btc-updown-5m-1780674300,23:45-23:50,,1.00,99.00,,,31178.62,31184.02,,,,,,13223.92,,,13233.92,97,0,0,97,60335.00,60482.00,,
2026-06-05T23:49:53+08:00,btc-updown-5m-1780674300,https://polymarket.com/zh/event/btc-updown-5m-1780674300,23:45-23:50,,1.00,99.00,,,39526.82,39531.89,,,,,,14275.93,,,13770.94,66,0,0,65,60335.00,60484.31,,
2026-06-05T23:49:55+08:00,btc-updown-5m-1780674300,https://polymarket.com/zh/event/btc-updown-5m-1780674300,23:45-23:50,,1.00,99.00,,,54702.64,51781.38,,,,,,13760.92,,,14260.92,66,0,0,66,60335.00,60551.91,,
2026-06-05T23:49:57+08:00,btc-updown-5m-1780674300,https://polymarket.com/zh/event/btc-updown-5m-1780674300,23:45-23:50,,1.00,99.00,,,59848.72,59729.25,,,,,,13714.80,,,14270.25,67,0,0,67,60335.00,60547.76,,
2026-06-05T23:49:58+08:00,btc-updown-5m-1780674300,https://polymarket.com/zh/event/btc-updown-5m-1780674300,23:45-23:50,,1.00,99.00,,,67523.70,62058.03,,,,,,14900.25,,,14915.26,70,0,0,71,60335.00,60546.26,,
2026-06-05T23:50:01+08:00,btc-updown-5m-1780674600,https://polymarket.com/zh/event/btc-updown-5m-1780674600,23:50-23:55,52.00,49.00,51.00,48.00,370.00,60.63,55.63,441.71,51.50,48.50,1.00,1.00,132943.22,131613.00,110236.00,111576.22,51,48,48,51,60516.00,60516.00,,
2026-06-05T23:50:03+08:00,btc-updown-5m-1780674600,https://polymarket.com/zh/event/btc-updown-5m-1780674600,23:50-23:55,46.00,56.00,45.00,55.00,94.00,70.25,15.20,9.80,45.50,55.50,1.00,1.00,112027.56,110808.36,110808.36,112027.56,45,54,55,44,60516.00,60515.02,,
2026-06-05T23:50:05+08:00,btc-updown-5m-1780674600,https://polymarket.com/zh/event/btc-updown-5m-1780674600,23:50-23:55,42.00,59.00,41.00,58.00,67.41,464.35,381.62,345.92,41.50,58.50,1.00,1.00,112083.56,111097.92,111092.93,112507.56,41,58,58,41,60516.00,60485.02,,
2026-06-05T23:50:07+08:00,btc-updown-5m-1780674600,https://polymarket.com/zh/event/btc-updown-5m-1780674600,23:50-23:55,27.00,75.00,26.00,73.00,278.48,18.66,30.00,430.48,26.50,74.00,1.00,2.00,114523.56,110963.36,110958.35,114523.56,26,73,73,25,60516.00,60375.84,,
2026-06-05T23:50:09+08:00,btc-updown-5m-1780674600,https://polymarket.com/zh/event/btc-updown-5m-1780674600,23:50-23:55,25.00,76.00,24.00,75.00,239.41,914.54,964.21,253.13,24.50,75.50,1.00,1.00,114731.18,108082.36,108082.36,114731.18,24,75,75,24,60516.00,60382.01,,
2026-06-05T23:50:10+08:00,btc-updown-5m-1780674600,https://polymarket.com/zh/event/btc-updown-5m-1780674600,23:50-23:55,25.00,76.00,24.00,75.00,18.77,633.95,655.65,28.77,24.50,75.50,1.00,1.00,112759.56,108253.37,108248.37,112656.56,24,75,75,24,60516.00,60378.01,,
2026-06-05T23:50:13+08:00,btc-updown-5m-1780674600,https://polymarket.com/zh/event/btc-updown-5m-1780674600,23:50-23:55,26.00,75.00,25.00,74.00,54.66,1817.65,1961.14,19.66,25.50,74.50,1.00,1.00,113547.56,108277.36,108288.36,113577.56,25,74,74,25,60516.00,60403.94,,
2026-06-05T23:50:15+08:00,btc-updown-5m-1780674600,https://polymarket.com/zh/event/btc-updown-5m-1780674600,23:50-23:55,27.00,69.00,26.00,68.00,2.00,131.25,1475.71,444.28,26.50,68.50,1.00,1.00,113602.56,108383.36,108377.36,113607.56,26,71,68,29,60516.00,60417.88,,
2026-06-05T23:50:16+08:00,btc-updown-5m-1780674600,https://polymarket.com/zh/event/btc-updown-5m-1780674600,23:50-23:55,37.00,64.00,36.00,63.00,45.14,558.87,466.17,313.22,36.50,63.50,1.00,1.00,107422.56,102103.38,102113.37,107432.56,36,63,63,36,60516.00,60461.30,,
2026-06-05T23:50:18+08:00,btc-updown-5m-1780674600,https://polymarket.com/zh/event/btc-updown-5m-1780674600,23:50-23:55,37.00,64.00,36.00,63.00,11.98,1983.25,1967.24,11.98,36.50,63.50,1.00,1.00,107427.56,102178.36,102178.36,107427.56,36,63,63,36,60516.00,60486.30,,
2026-06-05T23:50:21+08:00,btc-updown-5m-1780674600,https://polymarket.com/zh/event/btc-updown-5m-1780674600,23:50-23:55,41.00,60.00,40.00,59.00,177.41,218.80,120.05,177.41,40.50,59.50,1.00,1.00,107441.83,102167.36,93887.36,99165.83,40,59,59,40,60516.00,60493.02,,
2026-06-05T23:50:23+08:00,btc-updown-5m-1780674600,https://polymarket.com/zh/event/btc-updown-5m-1780674600,23:50-23:55,41.00,60.00,40.00,59.00,53.01,1086.07,1527.41,129.56,40.50,59.50,1.00,1.00,100438.69,94062.93,94123.24,100338.69,40,59,59,40,60516.00,60489.97,,
2026-06-05T23:50:24+08:00,btc-updown-5m-1780674600,https://polymarket.com/zh/event/btc-updown-5m-1780674600,23:50-23:55,40.00,62.00,38.00,60.00,32.00,440.31,504.67,64.00,39.00,61.00,2.00,2.00,100458.69,94134.23,94184.30,100558.69,38,60,60,38,60516.00,60487.57,,
2026-06-05T23:50:26+08:00,btc-updown-5m-1780674600,https://polymarket.com/zh/event/btc-updown-5m-1780674600,23:50-23:55,41.00,60.00,40.00,59.00,199.00,365.02,810.97,590.51,40.50,59.50,1.00,1.00,100586.09,94191.83,94225.23,100686.09,40,59,59,40,60516.00,60503.33,,
2026-06-05T23:50:28+08:00,btc-updown-5m-1780674600,https://polymarket.com/zh/event/btc-updown-5m-1780674600,23:50-23:55,42.00,60.00,40.00,58.00,511.03,1256.57,1206.86,511.03,41.00,59.00,2.00,2.00,100571.09,95319.89,95314.89,100566.09,40,58,58,40,60516.00,60492.02,,
2026-06-05T23:50:30+08:00,btc-updown-5m-1780674600,https://polymarket.com/zh/event/btc-updown-5m-1780674600,23:50-23:55,42.00,59.00,41.00,58.00,943.91,8.00,14.40,1042.53,41.50,58.50,1.00,1.00,100591.09,95460.39,95454.38,100591.09,41,58,58,41,60516.00,60475.99,,
2026-06-05T23:50:32+08:00,btc-updown-5m-1780674600,https://polymarket.com/zh/event/btc-updown-5m-1780674600,23:50-23:55,36.00,65.00,35.00,64.00,954.43,368.67,356.35,954.00,35.50,64.50,1.00,1.00,88647.76,83535.55,83540.55,88652.76,35,64,64,35,60516.00,60466.40,,
2026-06-05T23:50:34+08:00,btc-updown-5m-1780674600,https://polymarket.com/zh/event/btc-updown-5m-1780674600,23:50-23:55,36.00,66.00,34.00,64.00,1924.86,23.03,28.34,1939.46,35.00,65.00,2.00,2.00,88837.76,83582.28,83582.28,88842.76,34,64,64,34,60516.00,60456.81,,
2026-06-05T23:50:36+08:00,btc-updown-5m-1780674600,https://polymarket.com/zh/event/btc-updown-5m-1780674600,23:50-23:55,36.00,66.00,34.00,65.00,226.54,411.50,126.02,71.42,35.00,65.50,2.00,1.00,88787.76,83535.71,83556.30,88832.76,34,64,65,34,60516.00,60479.37,,
2026-06-05T23:50:38+08:00,btc-updown-5m-1780674600,https://polymarket.com/zh/event/btc-updown-5m-1780674600,23:50-23:55,48.00,53.00,47.00,52.00,86.84,107.79,87.79,233.29,47.50,52.50,1.00,1.00,88773.76,83752.32,83747.32,88773.76,46,52,52,46,60516.00,60533.41,,
2026-06-05T23:50:40+08:00,btc-updown-5m-1780674600,https://polymarket.com/zh/event/btc-updown-5m-1780674600,23:50-23:55,48.00,53.00,47.00,52.00,348.29,244.62,250.12,368.29,47.50,52.50,1.00,1.00,88768.76,83520.71,83525.71,88768.76,47,52,52,47,60516.00,60508.03,,
2026-06-05T23:50:42+08:00,btc-updown-5m-1780674600,https://polymarket.com/zh/event/btc-updown-5m-1780674600,23:50-23:55,42.00,59.00,41.00,58.00,281.02,5.00,56.00,484.19,41.50,58.50,1.00,1.00,69268.76,64030.71,64051.38,69283.76,41,58,58,41,60516.00,60496.64,,
2026-06-05T23:50:44+08:00,btc-updown-5m-1780674600,https://polymarket.com/zh/event/btc-updown-5m-1780674600,23:50-23:55,40.00,61.00,39.00,60.00,333.97,902.05,937.07,296.93,39.50,60.50,1.00,1.00,68132.10,62920.04,62920.04,68132.10,39,60,60,39,60516.00,60489.98,,
2026-06-05T23:50:46+08:00,btc-updown-5m-1780674600,https://polymarket.com/zh/event/btc-updown-5m-1780674600,23:50-23:55,41.00,60.00,40.00,59.00,51.02,74.77,106.60,349.02,40.50,59.50,1.00,1.00,68165.10,62935.05,62935.05,68165.10,40,59,59,40,60516.00,60474.17,,
2026-06-05T23:50:48+08:00,btc-updown-5m-1780674600,https://polymarket.com/zh/event/btc-updown-5m-1780674600,23:50-23:55,40.00,61.00,39.00,60.00,35.26,1092.35,344.36,213.26,39.50,60.50,1.00,1.00,68145.10,62914.04,62940.05,68210.10,39,60,60,39,60516.00,60488.49,,
2026-06-05T23:50:50+08:00,btc-updown-5m-1780674600,https://polymarket.com/zh/event/btc-updown-5m-1780674600,23:50-23:55,43.00,58.00,42.00,57.00,629.29,44.00,179.08,1055.29,42.50,57.50,1.00,1.00,68160.10,62924.05,62924.05,68160.10,42,57,57,42,60516.00,60490.39,,
2026-06-05T23:50:52+08:00,btc-updown-5m-1780674600,https://polymarket.com/zh/event/btc-updown-5m-1780674600,23:50-23:55,40.00,61.00,39.00,60.00,161.43,14.00,14.00,233.81,39.50,60.50,1.00,1.00,26165.10,20940.06,20940.06,26165.10,39,60,60,39,60516.00,60481.53,,
2026-06-05T23:50:54+08:00,btc-updown-5m-1780674600,https://polymarket.com/zh/event/btc-updown-5m-1780674600,23:50-23:55,39.00,63.00,38.00,62.00,1712.39,499.40,10.19,504.04,38.50,62.50,1.00,1.00,26290.10,20919.05,20910.04,26290.10,38,61,62,37,60516.00,60475.82,,
2026-06-05T23:50:56+08:00,btc-updown-5m-1780674600,https://polymarket.com/zh/event/btc-updown-5m-1780674600,23:50-23:55,37.00,64.00,36.00,63.00,279.95,1317.81,1209.81,279.95,36.50,63.50,1.00,1.00,26145.10,20924.05,20924.05,26145.10,36,63,63,36,60516.00,60472.82,,
2026-06-05T23:50:58+08:00,btc-updown-5m-1780674600,https://polymarket.com/zh/event/btc-updown-5m-1780674600,23:50-23:55,37.00,63.00,36.00,62.00,13.00,107.00,1509.21,584.33,36.50,62.50,1.00,1.00,26245.10,20921.14,20934.06,26155.10,36,63,62,37,60516.00,60471.75,,
2026-06-05T23:51:00+08:00,btc-updown-5m-1780674600,https://polymarket.com/zh/event/btc-updown-5m-1780674600,23:50-23:55,37.00,64.00,36.00,63.00,231.74,1317.54,1214.44,181.18,36.50,63.50,1.00,1.00,26320.10,20890.04,27794.05,26215.10,36,63,63,36,60516.00,60471.70,,
2026-06-05T23:51:02+08:00,btc-updown-5m-1780674600,https://polymarket.com/zh/event/btc-updown-5m-1780674600,23:50-23:55,38.00,63.00,37.00,62.00,1163.57,25.25,69.27,1264.00,37.50,62.50,1.00,1.00,26215.10,27785.27,27790.27,26110.10,37,62,62,37,60516.00,60460.83,,
2026-06-05T23:51:04+08:00,btc-updown-5m-1780674600,https://polymarket.com/zh/event/btc-updown-5m-1780674600,23:50-23:55,33.00,68.00,32.00,67.00,728.68,525.00,643.79,1140.18,32.50,67.50,1.00,1.00,26320.10,27774.04,27780.04,26215.10,32,67,67,32,60516.00,60450.33,,
2026-06-05T23:51:06+08:00,btc-updown-5m-1780674600,https://polymarket.com/zh/event/btc-updown-5m-1780674600,23:50-23:55,31.00,70.00,30.00,69.00,270.26,749.68,790.67,251.51,30.50,69.50,1.00,1.00,26370.10,27710.06,27694.04,26470.10,30,69,69,30,60516.00,60459.85,,
2026-06-05T23:51:08+08:00,btc-updown-5m-1780674600,https://polymarket.com/zh/event/btc-updown-5m-1780674600,23:50-23:55,36.00,65.00,32.00,62.00,349.73,107.70,41.00,1.84,34.00,63.50,4.00,3.00,26102.10,27537.05,27552.40,25242.10,32,64,62,35,60516.00,60507.08,,
2026-06-05T23:51:09+08:00,btc-updown-5m-1780674600,https://polymarket.com/zh/event/btc-updown-5m-1780674600,23:50-23:55,39.00,62.00,38.00,61.00,1387.99,3.20,72.42,2019.17,38.50,61.50,1.00,1.00,25291.10,27537.47,27537.06,25291.10,38,61,61,38,60516.00,60482.05,,
2026-06-05T23:51:11+08:00,btc-updown-5m-1780674600,https://polymarket.com/zh/event/btc-updown-5m-1780674600,23:50-23:55,37.00,64.00,36.00,63.00,591.08,140.73,53.32,476.99,36.50,63.50,1.00,1.00,25106.10,27562.50,27562.50,25106.10,36,63,63,36,60516.00,60479.14,,
2026-06-05T23:51:13+08:00,btc-updown-5m-1780674600,https://polymarket.com/zh/event/btc-updown-5m-1780674600,23:50-23:55,36.00,65.00,35.00,64.00,757.70,198.74,198.74,581.72,35.50,64.50,1.00,1.00,25447.35,27533.30,27543.31,25447.35,35,64,64,35,60516.00,60475.96,,
2026-06-05T23:51:15+08:00,btc-updown-5m-1780674600,https://polymarket.com/zh/event/btc-updown-5m-1780674600,23:50-23:55,33.00,68.00,32.00,67.00,282.52,600.93,693.93,251.73,32.50,67.50,1.00,1.00,25362.35,27553.29,27553.29,25357.35,32,67,67,32,60516.00,60463.42,,
2026-06-05T23:51:17+08:00,btc-updown-5m-1780674600,https://polymarket.com/zh/event/btc-updown-5m-1780674600,23:50-23:55,33.00,68.00,32.00,67.00,291.46,1330.12,1221.07,170.60,32.50,67.50,1.00,1.00,25402.35,27563.32,27558.31,25397.35,32,67,67,32,60516.00,60467.31,,
2026-06-05T23:51:19+08:00,btc-updown-5m-1780674600,https://polymarket.com/zh/event/btc-updown-5m-1780674600,23:50-23:55,34.00,67.00,33.00,66.00,950.34,168.02,168.52,1095.64,33.50,66.50,1.00,1.00,25462.35,27548.29,27538.29,25447.35,33,66,66,33,60516.00,60471.01,,
2026-06-05T23:51:21+08:00,btc-updown-5m-1780674600,https://polymarket.com/zh/event/btc-updown-5m-1780674600,23:50-23:55,36.00,65.00,35.00,64.00,649.57,60.00,60.00,119.87,35.50,64.50,1.00,1.00,25177.35,27545.05,27545.05,25177.35,35,64,64,35,60516.00,60480.43,,
2026-06-05T23:51:23+08:00,btc-updown-5m-1780674600,https://polymarket.com/zh/event/btc-updown-5m-1780674600,23:50-23:55,36.00,64.00,35.00,63.00,25.00,1356.34,1571.58,504.00,35.50,63.50,1.00,1.00,25332.35,27508.29,27518.29,25297.35,35,64,63,36,60516.00,60480.89,,
2026-06-05T23:51:25+08:00,btc-updown-5m-1780674600,https://polymarket.com/zh/event/btc-updown-5m-1780674600,23:50-23:55,42.00,59.00,41.00,58.00,62.00,1675.73,1213.74,79.00,41.50,58.50,1.00,1.00,25282.35,27522.31,27522.31,25302.35,41,58,58,41,60516.00,60511.00,,
2026-06-05T23:51:27+08:00,btc-updown-5m-1780674600,https://polymarket.com/zh/event/btc-updown-5m-1780674600,23:50-23:55,44.00,57.00,42.00,56.00,150.68,225.12,1293.64,143.00,43.00,56.50,2.00,1.00,24482.35,27529.23,27717.23,24587.35,42,56,56,43,60516.00,60512.97,,
2026-06-05T23:51:29+08:00,btc-updown-5m-1780674600,https://polymarket.com/zh/event/btc-updown-5m-1780674600,23:50-23:55,39.00,63.00,38.00,62.00,1317.86,47.02,8.02,878.98,38.50,62.50,1.00,1.00,24687.35,27716.31,27711.29,24711.35,38,61,62,37,60516.00,60483.91,,
2026-06-05T23:51:31+08:00,btc-updown-5m-1780674600,https://polymarket.com/zh/event/btc-updown-5m-1780674600,23:50-23:55,37.00,64.00,36.00,63.00,25.02,781.08,784.52,25.02,36.50,63.50,1.00,1.00,24131.35,27224.30,27224.30,24107.35,36,63,63,36,60516.00,60486.25,,
2026-06-05T23:51:33+08:00,btc-updown-5m-1780674600,https://polymarket.com/zh/event/btc-updown-5m-1780674600,23:50-23:55,40.00,61.00,39.00,60.00,396.64,214.20,320.79,963.60,39.50,60.50,1.00,1.00,24052.35,27254.30,27224.31,24252.35,39,59,60,39,60516.00,60495.00,,
2026-06-05T23:51:35+08:00,btc-updown-5m-1780674600,https://polymarket.com/zh/event/btc-updown-5m-1780674600,23:50-23:55,39.00,62.00,38.00,61.00,128.27,719.95,981.95,511.69,38.50,61.50,1.00,1.00,24221.35,27231.29,27230.30,24376.35,38,61,61,38,60516.00,60492.72,,
2026-06-05T23:51:37+08:00,btc-updown-5m-1780674600,https://polymarket.com/zh/event/btc-updown-5m-1780674600,23:50-23:55,39.00,64.00,37.00,63.00,1694.23,392.51,10.00,5.00,38.00,63.50,2.00,1.00,24172.35,27245.51,27245.51,24172.35,37,61,62,36,60516.00,60468.96,,
2026-06-05T23:51:39+08:00,btc-updown-5m-1780674600,https://polymarket.com/zh/event/btc-updown-5m-1780674600,23:50-23:55,34.00,67.00,33.00,66.00,1608.96,725.63,574.13,1315.42,33.50,66.50,1.00,1.00,24236.35,27261.29,27250.29,24236.35,33,66,66,33,60516.00,60468.22,,
2026-06-05T23:51:41+08:00,btc-updown-5m-1780674600,https://polymarket.com/zh/event/btc-updown-5m-1780674600,23:50-23:55,35.00,66.00,34.00,65.00,202.08,1333.37,1428.37,151.93,34.50,65.50,1.00,1.00,24162.35,27230.29,27235.29,24157.35,34,65,65,34,60516.00,60501.85,,
2026-06-05T23:51:43+08:00,btc-updown-5m-1780674600,https://polymarket.com/zh/event/btc-updown-5m-1780674600,23:50-23:55,38.00,63.00,37.00,62.00,40.00,541.14,490.89,50.00,37.50,62.50,1.00,1.00,24187.35,27256.31,27256.30,24192.35,37,62,61,37,60516.00,60488.29,,
2026-06-05T23:51:45+08:00,btc-updown-5m-1780674600,https://polymarket.com/zh/event/btc-updown-5m-1780674600,23:50-23:55,43.00,59.00,40.00,58.00,36.24,387.22,104.15,564.01,41.50,58.50,3.00,1.00,24147.35,27246.71,27245.30,24182.35,40,57,58,41,60516.00,60488.03,,
2026-06-05T23:51:47+08:00,btc-updown-5m-1780674600,https://polymarket.com/zh/event/btc-updown-5m-1780674600,23:50-23:55,42.00,59.00,41.00,58.00,787.87,178.00,203.00,1085.42,41.50,58.50,1.00,1.00,24196.35,27236.30,27236.30,24201.35,41,58,58,41,60516.00,60503.86,,
2026-06-05T23:51:49+08:00,btc-updown-5m-1780674600,https://polymarket.com/zh/event/btc-updown-5m-1780674600,23:50-23:55,38.00,63.00,37.00,62.00,1141.12,544.77,579.75,1121.69,37.50,62.50,1.00,1.00,24296.35,27266.29,27240.29,24296.35,37,62,62,37,60516.00,60492.99,,
2026-06-05T23:51:51+08:00,btc-updown-5m-1780674600,https://polymarket.com/zh/event/btc-updown-5m-1780674600,23:50-23:55,38.00,63.00,37.00,62.00,1047.04,672.35,594.35,757.75,37.50,62.50,1.00,1.00,24281.35,27235.29,27251.30,24281.35,37,62,62,37,60516.00,60488.59,,
2026-06-05T23:51:53+08:00,btc-updown-5m-1780674600,https://polymarket.com/zh/event/btc-updown-5m-1780674600,23:50-23:55,38.00,63.00,37.00,62.00,1097.21,179.24,626.24,1430.57,37.50,62.50,1.00,1.00,24181.35,27246.29,27246.30,24181.35,37,62,62,37,60516.00,60490.55,,
2026-06-05T23:51:55+08:00,btc-updown-5m-1780674600,https://polymarket.com/zh/event/btc-updown-5m-1780674600,23:50-23:55,30.00,71.00,29.00,70.00,1039.51,1020.06,489.53,1023.65,29.50,70.50,1.00,1.00,23882.35,27250.29,27247.03,23991.35,29,70,70,29,60516.00,60448.31,,
2026-06-05T23:51:57+08:00,btc-updown-5m-1780674600,https://polymarket.com/zh/event/btc-updown-5m-1780674600,23:50-23:55,30.00,71.00,29.00,70.00,364.07,960.82,944.82,388.89,29.50,70.50,1.00,1.00,24099.35,27251.09,27257.09,24075.35,29,70,70,29,60516.00,60459.69,,
2026-06-05T23:51:59+08:00,btc-updown-5m-1780674600,https://polymarket.com/zh/event/btc-updown-5m-1780674600,23:50-23:55,30.00,71.00,29.00,70.00,177.02,1108.63,1108.63,150.02,29.50,70.50,1.00,1.00,23615.35,27245.30,27245.30,23615.35,29,70,70,29,60516.00,60464.00,,
2026-06-05T23:52:01+08:00,btc-updown-5m-1780674600,https://polymarket.com/zh/event/btc-updown-5m-1780674600,23:50-23:55,28.00,73.00,27.00,72.00,298.53,1207.38,1520.97,616.47,27.50,72.50,1.00,1.00,23489.35,27154.30,27049.29,23165.35,27,72,72,27,60516.00,60446.01,,
2026-06-05T23:52:03+08:00,btc-updown-5m-1780674600,https://polymarket.com/zh/event/btc-updown-5m-1780674600,23:50-23:55,26.00,75.00,25.00,74.00,14.39,124.75,124.75,14.39,25.50,74.50,1.00,1.00,23252.85,27080.25,27085.26,23252.85,25,74,74,25,60516.00,60415.11,,
2026-06-05T23:52:05+08:00,btc-updown-5m-1780674600,https://polymarket.com/zh/event/btc-updown-5m-1780674600,23:50-23:55,22.00,79.00,21.00,78.00,334.77,510.30,153.66,719.70,21.50,78.50,1.00,1.00,24740.35,27048.31,27058.32,24014.35,21,78,78,21,60516.00,60425.36,,
2026-06-05T23:52:07+08:00,btc-updown-5m-1780674600,https://polymarket.com/zh/event/btc-updown-5m-1780674600,23:50-23:55,22.00,79.00,21.00,78.00,234.11,839.55,878.55,183.65,21.50,78.50,1.00,1.00,23987.85,27059.34,27064.35,24087.85,21,78,78,21,60516.00,60424.16,,
2026-06-05T23:52:09+08:00,btc-updown-5m-1780674600,https://polymarket.com/zh/event/btc-updown-5m-1780674600,23:50-23:55,25.00,76.00,24.00,75.00,314.45,531.18,531.18,283.69,24.50,75.50,1.00,1.00,23452.49,26973.30,26978.31,23452.49,24,75,75,24,60516.00,60441.01,,
2026-06-05T23:52:11+08:00,btc-updown-5m-1780674600,https://polymarket.com/zh/event/btc-updown-5m-1780674600,23:50-23:55,33.00,68.00,32.00,67.00,1162.52,800.36,347.28,501.27,32.50,67.50,1.00,1.00,23433.49,26969.31,26968.31,23223.49,32,67,67,32,60516.00,60481.32,,
2026-06-05T23:52:13+08:00,btc-updown-5m-1780674600,https://polymarket.com/zh/event/btc-updown-5m-1780674600,23:50-23:55,33.00,68.00,32.00,67.00,740.39,577.40,511.40,476.10,32.50,67.50,1.00,1.00,23247.49,26983.34,26984.33,23247.49,32,67,67,32,60516.00,60466.43,,
2026-06-05T23:52:15+08:00,btc-updown-5m-1780674600,https://polymarket.com/zh/event/btc-updown-5m-1780674600,23:50-23:55,28.00,73.00,27.00,72.00,610.06,597.37,569.65,1033.63,27.50,72.50,1.00,1.00,23217.49,27003.38,26988.35,23317.49,27,72,72,27,60516.00,60452.02,,
2026-06-05T23:52:17+08:00,btc-updown-5m-1780674600,https://polymarket.com/zh/event/btc-updown-5m-1780674600,23:50-23:55,27.00,74.00,26.00,73.00,264.40,353.74,470.82,603.22,26.50,73.50,1.00,1.00,23132.49,26969.29,26973.29,23227.49,26,73,73,26,60516.00,60442.28,,
2026-06-05T23:52:19+08:00,btc-updown-5m-1780674600,https://polymarket.com/zh/event/btc-updown-5m-1780674600,23:50-23:55,27.00,74.00,26.00,73.00,177.95,1413.69,1161.97,76.80,26.50,73.50,1.00,1.00,23132.49,26971.80,26945.79,23212.49,26,73,73,26,60516.00,60456.28,,
2026-06-05T23:52:21+08:00,btc-updown-5m-1780674600,https://polymarket.com/zh/event/btc-updown-5m-1780674600,23:50-23:55,32.00,68.00,31.00,67.00,36.00,677.27,1592.51,761.63,31.50,67.50,1.00,1.00,23132.49,26965.79,26955.80,23212.49,31,68,67,32,60516.00,60477.40,,
2026-06-05T23:52:23+08:00,btc-updown-5m-1780674600,https://polymarket.com/zh/event/btc-updown-5m-1780674600,23:50-23:55,33.00,68.00,32.00,67.00,713.03,380.23,370.23,756.03,32.50,67.50,1.00,1.00,22967.49,26973.42,26973.42,22972.49,32,67,67,32,60516.00,60484.56,,
2026-06-05T23:52:25+08:00,btc-updown-5m-1780674600,https://polymarket.com/zh/event/btc-updown-5m-1780674600,23:50-23:55,32.00,69.00,31.00,68.00,237.42,8.00,34.73,488.69,31.50,68.50,1.00,1.00,22977.49,26960.80,26955.80,22958.49,31,68,68,31,60516.00,60477.98,,
2026-06-05T23:52:27+08:00,btc-updown-5m-1780674600,https://polymarket.com/zh/event/btc-updown-5m-1780674600,23:50-23:55,33.00,68.00,32.00,67.00,820.65,729.00,140.81,438.91,32.50,67.50,1.00,1.00,22953.49,26935.79,26933.52,22967.49,32,67,67,32,60516.00,60479.93,,
2026-06-05T23:52:29+08:00,btc-updown-5m-1780674600,https://polymarket.com/zh/event/btc-updown-5m-1780674600,23:50-23:55,34.00,67.00,33.00,66.00,290.20,186.29,195.08,871.79,33.50,66.50,1.00,1.00,22938.49,26941.80,26931.80,22943.49,33,66,66,33,60516.00,60484.56,,
2026-06-05T23:52:31+08:00,btc-updown-5m-1780674600,https://polymarket.com/zh/event/btc-updown-5m-1780674600,23:50-23:55,38.00,63.00,34.00,62.00,527.32,87.53,1117.04,485.75,36.00,62.50,4.00,1.00,23343.49,26890.80,26810.81,23167.49,34,62,62,37,60516.00,60490.22,,
2026-06-05T23:52:33+08:00,btc-updown-5m-1780674600,https://polymarket.com/zh/event/btc-updown-5m-1780674600,23:50-23:55,38.00,63.00,37.00,62.00,8.06,1432.55,1385.55,8.06,37.50,62.50,1.00,1.00,23138.49,26790.79,26790.79,23238.49,37,62,62,37,60516.00,60511.30,,
2026-06-05T23:52:35+08:00,btc-updown-5m-1780674600,https://polymarket.com/zh/event/btc-updown-5m-1780674600,23:50-23:55,41.00,61.00,39.00,59.00,5.00,96.00,86.00,5.00,40.00,60.00,2.00,2.00,23172.49,26797.73,26797.73,23172.49,39,59,59,39,60516.00,60507.60,,
2026-06-05T23:52:37+08:00,btc-updown-5m-1780674600,https://polymarket.com/zh/event/btc-updown-5m-1780674600,23:50-23:55,40.00,61.00,39.00,60.00,413.03,795.88,642.39,290.33,39.50,60.50,1.00,1.00,23292.49,27374.81,27394.81,23363.49,39,60,60,39,60516.00,60498.01,,
2026-06-05T23:52:38+08:00,btc-updown-5m-1780674600,https://polymarket.com/zh/event/btc-updown-5m-1780674600,23:50-23:55,40.00,61.00,39.00,60.00,37.50,1389.79,1345.79,47.50,39.50,60.50,1.00,1.00,23158.49,27390.81,27390.81,23158.49,39,60,60,39,60516.00,60523.98,,
2026-06-05T23:52:40+08:00,btc-updown-5m-1780674600,https://polymarket.com/zh/event/btc-updown-5m-1780674600,23:50-23:55,42.00,59.00,41.00,58.00,170.40,396.87,225.43,454.04,41.50,58.50,1.00,1.00,23158.49,27385.83,27390.83,23168.49,41,57,58,41,60516.00,60525.96,,
2026-06-05T23:52:42+08:00,btc-updown-5m-1780674600,https://polymarket.com/zh/event/btc-updown-5m-1780674600,23:50-23:55,44.00,57.00,43.00,56.00,955.44,390.97,476.77,976.44,43.50,56.50,1.00,1.00,23297.49,27379.79,27379.79,23297.49,43,56,56,43,60516.00,60529.82,,
2026-06-05T23:52:44+08:00,btc-updown-5m-1780674600,https://polymarket.com/zh/event/btc-updown-5m-1780674600,23:50-23:55,40.00,61.00,39.00,60.00,59.00,48.75,48.75,32.00,39.50,60.50,1.00,1.00,23187.49,27365.80,27359.80,23177.49,39,60,60,39,60516.00,60511.98,,
2026-06-05T23:52:46+08:00,btc-updown-5m-1780674600,https://polymarket.com/zh/event/btc-updown-5m-1780674600,23:50-23:55,41.00,60.00,40.00,59.00,200.75,247.44,213.94,299.75,40.50,59.50,1.00,1.00,23172.49,27385.96,27360.80,23272.49,40,59,59,40,60516.00,60509.99,,
2026-06-05T23:52:48+08:00,btc-updown-5m-1780674600,https://polymarket.com/zh/event/btc-updown-5m-1780674600,23:50-23:55,41.00,60.00,40.00,59.00,489.77,77.46,117.46,785.36,40.50,59.50,1.00,1.00,23277.49,27364.79,27375.79,23297.49,40,59,59,40,60516.00,60512.00,,
2026-06-05T23:52:50+08:00,btc-updown-5m-1780674600,https://polymarket.com/zh/event/btc-updown-5m-1780674600,23:50-23:55,35.00,67.00,34.00,65.00,894.09,65.75,5.00,1046.24,34.50,66.00,1.00,2.00,23008.49,27380.79,27374.80,23108.49,34,65,65,33,60516.00,60486.82,,
2026-06-05T23:52:52+08:00,btc-updown-5m-1780674600,https://polymarket.com/zh/event/btc-updown-5m-1780674600,23:50-23:55,31.00,70.00,30.00,69.00,56.18,95.00,880.25,1121.22,30.50,69.50,1.00,1.00,22667.49,26860.89,26864.90,22593.49,30,69,69,30,60516.00,60483.79,,
2026-06-05T23:52:54+08:00,btc-updown-5m-1780674600,https://polymarket.com/zh/event/btc-updown-5m-1780674600,23:50-23:55,27.00,74.00,26.00,73.00,489.71,517.28,117.28,489.71,26.50,73.50,1.00,1.00,22293.49,26876.31,26871.31,22293.49,26,73,73,26,60516.00,60457.39,,
2026-06-05T23:52:56+08:00,btc-updown-5m-1780674600,https://polymarket.com/zh/event/btc-updown-5m-1780674600,23:50-23:55,27.00,74.00,26.00,73.00,326.12,1333.50,920.92,54.83,26.50,73.50,1.00,1.00,22477.49,26865.90,26879.89,22587.49,26,73,73,26,60516.00,60462.29,,
2026-06-05T23:52:58+08:00,btc-updown-5m-1780674600,https://polymarket.com/zh/event/btc-updown-5m-1780674600,23:50-23:55,30.00,71.00,29.00,70.00,68.64,1056.72,856.98,120.43,29.50,70.50,1.00,1.00,22468.49,26879.89,26885.89,22592.49,29,70,70,29,60516.00,60474.64,,
2026-06-05T23:53:00+08:00,btc-updown-5m-1780674600,https://polymarket.com/zh/event/btc-updown-5m-1780674600,23:50-23:55,29.00,72.00,28.00,71.00,50.00,135.71,121.10,268.00,28.50,71.50,1.00,1.00,22492.49,26884.90,26884.90,22487.49,28,71,71,28,60516.00,60470.00,,
2026-06-05T23:53:02+08:00,btc-updown-5m-1780674600,https://polymarket.com/zh/event/btc-updown-5m-1780674600,23:50-23:55,41.00,61.00,38.00,59.00,399.96,81.80,117.56,385.05,39.50,60.00,3.00,2.00,20873.59,26254.90,26259.90,20897.59,38,59,59,39,60516.00,60512.59,,
2026-06-05T23:53:04+08:00,btc-updown-5m-1780674600,https://polymarket.com/zh/event/btc-updown-5m-1780674600,23:50-23:55,47.00,55.00,45.00,53.00,479.75,877.11,674.67,79.75,46.00,54.00,2.00,2.00,27188.59,26244.91,26230.91,27473.59,45,53,53,45,60516.00,60532.72,,
2026-06-05T23:53:06+08:00,btc-updown-5m-1780674600,https://polymarket.com/zh/event/btc-updown-5m-1780674600,23:50-23:55,52.00,50.00,50.00,48.00,98.50,304.20,4.20,88.83,51.00,49.00,2.00,2.00,27468.59,24490.63,24190.63,27068.59,49,48,48,49,60516.00,60568.90,,
2026-06-05T23:53:08+08:00,btc-updown-5m-1780674600,https://polymarket.com/zh/event/btc-updown-5m-1780674600,23:50-23:55,56.00,47.00,55.00,46.00,568.94,70.00,196.10,47.75,55.50,46.50,1.00,1.00,26348.61,23865.09,24270.09,26038.60,55,44,46,53,60516.00,60560.25,,
2026-06-05T23:53:10+08:00,btc-updown-5m-1780674600,https://polymarket.com/zh/event/btc-updown-5m-1780674600,23:50-23:55,55.00,46.00,54.00,45.00,16.31,637.05,617.95,16.31,54.50,45.50,1.00,1.00,26534.44,26450.09,26450.09,26434.44,54,45,45,54,60516.00,60560.02,,
2026-06-05T23:53:12+08:00,btc-updown-5m-1780674600,https://polymarket.com/zh/event/btc-updown-5m-1780674600,23:50-23:55,52.00,51.00,51.00,49.00,837.38,26.84,2.50,279.11,51.50,50.00,1.00,2.00,26243.60,26545.09,26550.09,26173.60,51,48,49,49,60516.00,60551.00,,
2026-06-05T23:53:14+08:00,btc-updown-5m-1780674600,https://polymarket.com/zh/event/btc-updown-5m-1780674600,23:50-23:55,54.00,47.00,53.00,46.00,5.00,535.67,256.69,18.75,53.50,46.50,1.00,1.00,26893.61,26544.91,26524.89,26278.61,53,46,46,53,60516.00,60554.98,,
2026-06-05T23:53:16+08:00,btc-updown-5m-1780674600,https://polymarket.com/zh/event/btc-updown-5m-1780674600,23:50-23:55,54.00,47.00,53.00,46.00,480.18,94.60,10.25,1113.96,53.50,46.50,1.00,1.00,26659.57,26546.75,26541.75,27668.60,53,46,46,53,60516.00,60547.25,,
2026-06-05T23:53:17+08:00,btc-updown-5m-1780674600,https://polymarket.com/zh/event/btc-updown-5m-1780674600,23:50-23:55,55.00,46.00,54.00,45.00,1823.83,131.09,137.64,1083.59,54.50,45.50,1.00,1.00,26244.65,26531.75,26541.75,26348.59,54,45,45,54,60516.00,60550.29,,
2026-06-05T23:53:19+08:00,btc-updown-5m-1780674600,https://polymarket.com/zh/event/btc-updown-5m-1780674600,23:50-23:55,55.00,46.00,54.00,45.00,18.00,447.97,525.33,6.00,54.50,45.50,1.00,1.00,25843.60,26526.75,26531.75,25843.60,54,45,45,54,60516.00,60539.41,,
2026-06-05T23:53:21+08:00,btc-updown-5m-1780674600,https://polymarket.com/zh/event/btc-updown-5m-1780674600,23:50-23:55,55.00,49.00,52.00,46.00,1078.11,5.00,11.38,32.00,53.50,47.50,3.00,3.00,20229.73,26453.41,24833.40,19836.39,52,45,46,51,60516.00,60518.51,,
2026-06-05T23:53:23+08:00,btc-updown-5m-1780674600,https://polymarket.com/zh/event/btc-updown-5m-1780674600,23:50-23:55,43.00,59.00,42.00,58.00,612.21,70.75,12.48,19.71,42.50,58.50,1.00,1.00,20139.25,24168.42,24164.41,20139.25,42,57,58,41,60516.00,60518.00,,
2026-06-05T23:53:25+08:00,btc-updown-5m-1780674600,https://polymarket.com/zh/event/btc-updown-5m-1780674600,23:50-23:55,40.00,61.00,39.00,60.00,59.50,74.69,74.69,64.50,39.50,60.50,1.00,1.00,20014.25,24394.64,24384.64,20014.25,39,60,60,39,60516.00,60508.05,,
2026-06-05T23:53:27+08:00,btc-updown-5m-1780674600,https://polymarket.com/zh/event/btc-updown-5m-1780674600,23:50-23:55,35.00,66.00,34.00,65.00,435.02,463.37,419.62,487.90,34.50,65.50,1.00,1.00,20134.25,24388.41,24389.40,20105.25,34,65,65,34,60516.00,60490.60,,
2026-06-05T23:53:29+08:00,btc-updown-5m-1780674600,https://polymarket.com/zh/event/btc-updown-5m-1780674600,23:50-23:55,37.00,64.00,36.00,63.00,562.78,54.09,476.00,548.85,36.50,63.50,1.00,1.00,20179.25,24377.54,24377.54,20029.25,36,63,63,36,60516.00,60499.93,,
2026-06-05T23:53:31+08:00,btc-updown-5m-1780674600,https://polymarket.com/zh/event/btc-updown-5m-1780674600,23:50-23:55,39.00,63.00,37.00,62.00,11.78,43.75,13.75,10.00,38.00,62.50,2.00,1.00,19990.25,24392.55,24387.55,19990.25,37,61,62,37,60516.00,60517.90,,
2026-06-05T23:53:33+08:00,btc-updown-5m-1780674600,https://polymarket.com/zh/event/btc-updown-5m-1780674600,23:50-23:55,42.00,59.00,41.00,58.00,256.02,182.00,1104.61,915.26,41.50,58.50,1.00,1.00,19999.05,24327.34,24316.35,20105.05,41,58,58,41,60516.00,60521.67,,
2026-06-05T23:53:35+08:00,btc-updown-5m-1780674600,https://polymarket.com/zh/event/btc-updown-5m-1780674600,23:50-23:55,33.00,68.00,32.00,67.00,20.00,23.56,23.56,4.84,32.50,67.50,1.00,1.00,19755.05,24332.86,24327.86,19755.05,32,65,66,32,60516.00,60484.60,,
2026-06-05T23:53:37+08:00,btc-updown-5m-1780674600,https://polymarket.com/zh/event/btc-updown-5m-1780674600,23:50-23:55,44.00,58.00,39.00,57.00,52.02,104.75,140.00,10.00,41.50,57.50,5.00,1.00,19985.05,24354.93,24358.92,20000.05,39,56,57,42,60516.00,60519.55,,
2026-06-05T23:53:39+08:00,btc-updown-5m-1780674600,https://polymarket.com/zh/event/btc-updown-5m-1780674600,23:50-23:55,53.00,48.00,51.00,47.00,1395.00,127.01,100.00,750.30,52.00,47.50,2.00,1.00,26875.05,26360.06,26354.06,26875.06,50,47,47,52,60516.00,60539.73,,
2026-06-05T23:53:41+08:00,btc-updown-5m-1780674600,https://polymarket.com/zh/event/btc-updown-5m-1780674600,23:50-23:55,50.00,51.00,49.00,50.00,1356.94,56.38,26.38,1331.26,49.50,50.50,1.00,1.00,26200.05,25461.77,25465.06,26159.05,49,50,50,49,60516.00,60535.05,,
2026-06-05T23:53:43+08:00,btc-updown-5m-1780674600,https://polymarket.com/zh/event/btc-updown-5m-1780674600,23:50-23:55,42.00,61.00,40.00,60.00,383.92,42.00,33.24,77.00,41.00,60.50,2.00,1.00,19465.05,24659.49,24270.29,19465.05,40,58,60,39,60516.00,60530.35,,
2026-06-05T23:53:45+08:00,btc-updown-5m-1780674600,https://polymarket.com/zh/event/btc-updown-5m-1780674600,23:50-23:55,40.00,62.00,39.00,60.00,665.10,76.00,113.99,661.10,39.50,61.00,1.00,2.00,20465.05,23843.50,23848.50,20460.05,39,60,59,38,60516.00,60519.19,,
2026-06-05T23:53:47+08:00,btc-updown-5m-1780674600,https://polymarket.com/zh/event/btc-updown-5m-1780674600,23:50-23:55,39.00,63.00,37.00,62.00,10.00,281.56,77.00,27.36,38.00,62.50,2.00,1.00,19670.05,23864.51,23853.50,19624.05,37,61,62,37,60516.00,60514.06,,
2026-06-05T23:53:49+08:00,btc-updown-5m-1780674600,https://polymarket.com/zh/event/btc-updown-5m-1780674600,23:50-23:55,43.00,58.00,42.00,57.00,716.25,306.15,252.15,584.50,42.50,57.50,1.00,1.00,19727.59,23853.50,23868.49,19647.59,42,57,57,42,60516.00,60526.00,,
2026-06-05T23:53:51+08:00,btc-updown-5m-1780674600,https://polymarket.com/zh/event/btc-updown-5m-1780674600,23:50-23:55,42.00,59.00,41.00,58.00,746.55,231.82,24.50,219.79,41.50,58.50,1.00,1.00,19756.59,23859.49,23859.49,19856.59,41,58,58,41,60516.00,60520.00,,
2026-06-05T23:53:52+08:00,btc-updown-5m-1780674600,https://polymarket.com/zh/event/btc-updown-5m-1780674600,23:50-23:55,45.00,56.00,44.00,55.00,754.07,48.02,75.02,846.46,44.50,55.50,1.00,1.00,19751.59,23853.58,23869.59,19751.59,44,55,55,44,60516.00,60524.04,,
2026-06-05T23:53:55+08:00,btc-updown-5m-1780674600,https://polymarket.com/zh/event/btc-updown-5m-1780674600,23:50-23:55,41.00,62.00,40.00,61.00,439.96,10.00,7.00,208.00,40.50,61.50,1.00,1.00,19592.59,23869.49,23854.49,19667.59,40,59,61,38,60516.00,60514.76,,
2026-06-05T23:53:56+08:00,btc-updown-5m-1780674600,https://polymarket.com/zh/event/btc-updown-5m-1780674600,23:50-23:55,34.00,70.00,33.00,66.00,828.38,610.54,129.29,812.38,33.50,68.00,1.00,4.00,19254.25,23645.37,23640.36,19278.25,32,66,66,30,60516.00,60496.64,,
2026-06-05T23:53:58+08:00,btc-updown-5m-1780674600,https://polymarket.com/zh/event/btc-updown-5m-1780674600,23:50-23:55,24.00,77.00,23.00,76.00,521.40,35.00,441.00,732.47,23.50,76.50,1.00,1.00,20849.25,23641.43,23641.14,20293.25,23,76,76,23,60516.00,60478.72,,
2026-06-05T23:54:00+08:00,btc-updown-5m-1780674600,https://polymarket.com/zh/event/btc-updown-5m-1780674600,23:50-23:55,25.00,75.00,24.00,73.00,10.33,750.22,767.02,2.68,24.50,74.00,1.00,2.00,18602.00,23631.71,25615.71,19072.00,24,75,73,25,60516.00,60492.47,,
2026-06-05T23:54:02+08:00,btc-updown-5m-1780674600,https://polymarket.com/zh/event/btc-updown-5m-1780674600,23:50-23:55,25.00,78.00,22.00,77.00,23.35,671.61,755.63,3.65,23.50,77.50,3.00,1.00,18474.25,25936.11,25851.72,18679.25,22,74,77,22,60516.00,60492.47,,
2026-06-05T23:54:04+08:00,btc-updown-5m-1780674600,https://polymarket.com/zh/event/btc-updown-5m-1780674600,23:50-23:55,23.00,78.00,22.00,77.00,32.69,286.09,98.06,101.07,22.50,77.50,1.00,1.00,19364.25,25846.74,25820.71,19259.25,22,77,77,22,60516.00,60484.14,,
2026-06-05T23:54:06+08:00,btc-updown-5m-1780674600,https://polymarket.com/zh/event/btc-updown-5m-1780674600,23:50-23:55,36.00,67.00,33.00,64.00,10.00,182.82,124.82,10.00,34.50,65.50,3.00,3.00,18074.25,25847.21,25857.22,18074.25,33,64,64,33,60516.00,60511.74,,
2026-06-05T23:54:08+08:00,btc-updown-5m-1780674600,https://polymarket.com/zh/event/btc-updown-5m-1780674600,23:50-23:55,40.00,61.00,39.00,60.00,139.02,1001.81,804.59,32.84,39.50,60.50,1.00,1.00,18099.26,25835.71,25846.29,18099.26,39,60,59,39,60516.00,60523.82,,
2026-06-05T23:54:10+08:00,btc-updown-5m-1780674600,https://polymarket.com/zh/event/btc-updown-5m-1780674600,23:50-23:55,51.00,50.00,48.00,49.00,376.86,334.25,793.83,134.21,49.50,49.50,3.00,1.00,25149.32,25841.72,25835.71,25164.32,48,49,49,50,60516.00,60539.97,,
2026-06-05T23:54:12+08:00,btc-updown-5m-1780674600,https://polymarket.com/zh/event/btc-updown-5m-1780674600,23:50-23:55,51.00,50.00,50.00,49.00,287.20,1314.86,1471.86,291.91,50.50,49.50,1.00,1.00,25594.95,25500.71,25500.71,25594.95,50,49,49,50,60516.00,60553.99,,
2026-06-05T23:54:14+08:00,btc-updown-5m-1780674600,https://polymarket.com/zh/event/btc-updown-5m-1780674600,23:50-23:55,49.00,52.00,48.00,51.00,62.00,420.70,338.00,96.03,48.50,51.50,1.00,1.00,25109.94,25586.71,25595.71,25259.94,48,51,51,48,60516.00,60544.64,,
2026-06-05T23:54:16+08:00,btc-updown-5m-1780674600,https://polymarket.com/zh/event/btc-updown-5m-1780674600,23:50-23:55,46.00,55.00,45.00,54.00,243.30,555.52,592.52,223.30,45.50,54.50,1.00,1.00,25256.26,25364.81,25363.95,25256.26,45,54,54,45,60516.00,60543.68,,
2026-06-05T23:54:18+08:00,btc-updown-5m-1780674600,https://polymarket.com/zh/event/btc-updown-5m-1780674600,23:50-23:55,49.00,55.00,48.00,54.00,1133.70,11.11,10.00,217.02,48.50,54.50,1.00,1.00,25116.26,25503.95,25628.90,23211.26,46,51,54,42,60516.00,60534.96,,
2026-06-05T23:54:20+08:00,btc-updown-5m-1780674600,https://polymarket.com/zh/event/btc-updown-5m-1780674600,23:50-23:55,42.00,59.00,41.00,58.00,261.36,617.05,609.05,266.34,41.50,58.50,1.00,1.00,18231.26,25807.94,25823.97,18231.26,41,58,58,41,60516.00,60533.02,,
2026-06-05T23:54:22+08:00,btc-updown-5m-1780674600,https://polymarket.com/zh/event/btc-updown-5m-1780674600,23:50-23:55,33.00,68.00,32.00,67.00,560.96,492.97,421.00,220.15,32.50,67.50,1.00,1.00,18501.26,25678.94,25662.94,18601.26,32,67,67,32,60516.00,60535.98,,
2026-06-05T23:54:24+08:00,btc-updown-5m-1780674600,https://polymarket.com/zh/event/btc-updown-5m-1780674600,23:50-23:55,42.00,59.00,40.00,58.00,11.13,24.54,35.00,61.13,41.00,58.50,2.00,1.00,18501.26,25827.95,25827.95,18501.26,40,57,58,40,60516.00,60531.65,,
2026-06-05T23:54:26+08:00,btc-updown-5m-1780674600,https://polymarket.com/zh/event/btc-updown-5m-1780674600,23:50-23:55,25.00,74.00,24.00,73.00,11.00,119.02,577.16,52.90,24.50,73.50,1.00,1.00,19911.26,25927.95,25924.14,18966.26,24,73,73,26,60516.00,60502.68,,
2026-06-05T23:54:28+08:00,btc-updown-5m-1780674600,https://polymarket.com/zh/event/btc-updown-5m-1780674600,23:50-23:55,28.00,77.00,27.00,76.00,1548.79,10.00,23.41,212.02,27.50,76.50,1.00,1.00,18711.26,25919.14,25924.14,18811.26,24,72,76,23,60516.00,60510.99,,
2026-06-05T23:54:29+08:00,btc-updown-5m-1780674600,https://polymarket.com/zh/event/btc-updown-5m-1780674600,23:50-23:55,17.00,85.00,15.00,84.00,1509.76,32.55,56.96,988.67,16.00,84.50,2.00,1.00,19402.26,25904.14,25924.14,19711.26,15,83,84,15,60516.00,60496.33,,
2026-06-05T23:54:32+08:00,btc-updown-5m-1780674600,https://polymarket.com/zh/event/btc-updown-5m-1780674600,23:50-23:55,12.00,89.00,11.00,88.00,49.44,1523.85,1569.28,32.77,11.50,88.50,1.00,1.00,16664.66,24211.55,24211.54,16984.66,11,88,88,11,60516.00,60480.97,,
2026-06-05T23:54:34+08:00,btc-updown-5m-1780674600,https://polymarket.com/zh/event/btc-updown-5m-1780674600,23:50-23:55,12.00,89.00,11.00,88.00,1072.71,531.63,531.63,1096.95,11.50,88.50,1.00,1.00,15977.66,23876.54,24202.54,15977.66,11,88,88,11,60516.00,60478.97,,
2026-06-05T23:54:35+08:00,btc-updown-5m-1780674600,https://polymarket.com/zh/event/btc-updown-5m-1780674600,23:50-23:55,23.00,78.00,22.00,77.00,455.60,91.57,320.02,788.40,22.50,77.50,1.00,1.00,16134.06,23908.94,23912.95,15834.06,22,77,77,22,60516.00,60502.67,,
2026-06-05T23:54:37+08:00,btc-updown-5m-1780674600,https://polymarket.com/zh/event/btc-updown-5m-1780674600,23:50-23:55,14.00,87.00,13.00,86.00,265.22,144.25,191.41,335.74,13.50,86.50,1.00,1.00,16663.06,23898.95,23897.94,16688.06,13,85,86,13,60516.00,60493.62,,
2026-06-05T23:54:39+08:00,btc-updown-5m-1780674600,https://polymarket.com/zh/event/btc-updown-5m-1780674600,23:50-23:55,11.00,90.00,10.00,88.00,359.02,336.60,346.66,60.59,10.50,89.00,1.00,2.00,15499.93,23907.94,23902.94,15499.93,10,89,88,10,60516.00,60487.99,,
2026-06-05T23:54:42+08:00,btc-updown-5m-1780674600,https://polymarket.com/zh/event/btc-updown-5m-1780674600,23:50-23:55,13.00,89.00,12.00,88.00,766.59,8.00,27.38,355.52,12.50,88.50,1.00,1.00,15677.93,23893.94,22747.95,15972.93,12,87,88,11,60516.00,60487.99,,
2026-06-05T23:54:44+08:00,btc-updown-5m-1780674600,https://polymarket.com/zh/event/btc-updown-5m-1780674600,23:50-23:55,11.00,90.00,10.00,89.00,479.06,50.00,50.00,271.06,10.50,89.50,1.00,1.00,14557.67,22747.94,22742.94,14514.92,10,88,87,10,60516.00,60496.65,,
2026-06-05T23:54:46+08:00,btc-updown-5m-1780674600,https://polymarket.com/zh/event/btc-updown-5m-1780674600,23:50-23:55,18.00,84.00,14.00,82.00,101.00,158.00,70.00,101.00,16.00,83.00,4.00,2.00,15010.21,22054.74,22059.74,14257.79,14,82,82,16,60516.00,60507.37,,
2026-06-05T23:54:47+08:00,btc-updown-5m-1780674600,https://polymarket.com/zh/event/btc-updown-5m-1780674600,23:50-23:55,15.00,86.00,14.00,85.00,416.35,214.86,284.66,320.45,14.50,85.50,1.00,1.00,14827.79,21945.74,21970.74,14832.79,14,85,85,14,60516.00,60511.74,,
2026-06-05T23:54:49+08:00,btc-updown-5m-1780674600,https://polymarket.com/zh/event/btc-updown-5m-1780674600,23:50-23:55,20.00,81.00,19.00,80.00,21.63,338.10,78.10,31.63,19.50,80.50,1.00,1.00,13767.79,21020.74,21024.75,13162.79,17,80,80,18,60516.00,60511.75,,
2026-06-05T23:54:51+08:00,btc-updown-5m-1780674600,https://polymarket.com/zh/event/btc-updown-5m-1780674600,23:50-23:55,6.00,95.00,5.00,94.00,11.24,483.43,582.60,106.80,5.50,94.50,1.00,1.00,4716.81,12434.74,13011.75,4528.58,5,94,94,5,60516.00,60504.81,,
2026-06-05T23:54:53+08:00,btc-updown-5m-1780674600,https://polymarket.com/zh/event/btc-updown-5m-1780674600,23:50-23:55,5.00,97.00,4.00,95.00,282.86,402.25,95.00,1112.35,4.50,96.00,1.00,2.00,4095.39,12966.75,12967.74,4012.14,4,65,62,3,60516.00,60498.89,,
2026-06-05T23:54:55+08:00,btc-updown-5m-1780674600,https://polymarket.com/zh/event/btc-updown-5m-1780674600,23:50-23:55,2.00,99.00,1.00,98.00,813.51,1247.39,1299.61,798.51,1.50,98.50,1.00,1.00,1299.61,12939.55,12928.55,1247.39,1,61,61,1,60516.00,60475.82,,
2026-06-05T23:54:57+08:00,btc-updown-5m-1780674600,https://polymarket.com/zh/event/btc-updown-5m-1780674600,23:50-23:55,1.00,,,99.00,8275.55,,,8332.17,,,,,,12883.57,12878.57,,0,66,66,0,60516.00,60511.74,,
2026-06-05T23:54:59+08:00,btc-updown-5m-1780674600,https://polymarket.com/zh/event/btc-updown-5m-1780674600,23:50-23:55,1.00,,,99.00,36335.28,,,41560.78,,,,,,13072.55,13077.55,,0,66,65,0,60516.00,60508.73,,
2026-06-05T23:55:01+08:00,btc-updown-5m-1780674900,https://polymarket.com/zh/event/btc-updown-5m-1780674900,23:55-00:00,50.00,51.00,49.00,50.00,3266.05,55.46,48.83,3380.05,49.50,50.50,1.00,1.00,109377.08,110147.22,110158.22,109427.08,49,50,50,49,60514.98,60514.98,,
2026-06-05T23:55:03+08:00,btc-updown-5m-1780674900,https://polymarket.com/zh/event/btc-updown-5m-1780674900,23:55-00:00,50.00,51.00,49.00,50.00,3117.61,764.27,771.00,2128.61,49.50,50.50,1.00,1.00,112575.08,113352.22,113362.22,112575.08,49,50,50,49,60514.98,60517.78,,
2026-06-05T23:55:05+08:00,btc-updown-5m-1780674900,https://polymarket.com/zh/event/btc-updown-5m-1780674900,23:55-00:00,50.00,51.00,49.00,50.00,817.84,942.89,569.59,736.49,49.50,50.50,1.00,1.00,111485.08,113376.23,113382.23,111485.08,49,50,50,49,60514.98,60530.64,,
2026-06-05T23:55:07+08:00,btc-updown-5m-1780674900,https://polymarket.com/zh/event/btc-updown-5m-1780674900,23:55-00:00,50.00,51.00,49.00,50.00,139.71,1886.27,1546.03,139.71,49.50,50.50,1.00,1.00,112740.17,113552.31,113541.31,112725.17,49,50,50,49,60514.98,60532.88,,
2026-06-05T23:55:09+08:00,btc-updown-5m-1780674900,https://polymarket.com/zh/event/btc-updown-5m-1780674900,23:55-00:00,59.00,43.00,57.00,41.00,392.21,5.00,5.00,376.58,58.00,42.00,2.00,2.00,110530.23,111671.51,111671.51,110515.18,57,41,41,57,60514.98,60562.50,,
2026-06-05T23:55:11+08:00,btc-updown-5m-1780674900,https://polymarket.com/zh/event/btc-updown-5m-1780674900,23:55-00:00,59.00,42.00,58.00,41.00,586.03,5.00,53.88,397.43,58.50,41.50,1.00,1.00,110841.84,111691.51,111696.51,111451.93,58,41,41,58,60514.98,60547.97,,
2026-06-05T23:55:13+08:00,btc-updown-5m-1780674900,https://polymarket.com/zh/event/btc-updown-5m-1780674900,23:55-00:00,60.00,41.00,59.00,40.00,554.38,214.68,201.41,780.62,59.50,40.50,1.00,1.00,111526.83,111686.31,111701.51,111511.83,59,40,40,59,60514.98,60560.06,,
2026-06-05T23:55:15+08:00,btc-updown-5m-1780674900,https://polymarket.com/zh/event/btc-updown-5m-1780674900,23:55-00:00,59.00,44.00,57.00,41.00,1335.68,45.88,30.00,1465.14,58.00,42.50,2.00,3.00,111707.05,111776.51,111776.51,111707.05,57,41,41,56,60514.98,60552.98,,
2026-06-05T23:55:17+08:00,btc-updown-5m-1780674900,https://polymarket.com/zh/event/btc-updown-5m-1780674900,23:55-00:00,58.00,43.00,57.00,42.00,1032.31,254.34,264.34,959.83,57.50,42.50,1.00,1.00,105471.83,105806.51,105806.51,105981.83,57,42,42,57,60514.98,60543.46,,
2026-06-05T23:55:19+08:00,btc-updown-5m-1780674900,https://polymarket.com/zh/event/btc-updown-5m-1780674900,23:55-00:00,57.00,44.00,56.00,43.00,329.87,514.45,1053.45,303.88,56.50,43.50,1.00,1.00,105461.83,105796.51,105796.51,105971.83,56,43,43,56,60514.98,60543.46,,
2026-06-05T23:55:21+08:00,btc-updown-5m-1780674900,https://polymarket.com/zh/event/btc-updown-5m-1780674900,23:55-00:00,57.00,44.00,56.00,43.00,1011.32,21.92,179.83,1024.32,56.50,43.50,1.00,1.00,105581.34,106208.17,97961.67,97135.34,56,43,43,56,60514.98,60541.94,,
2026-06-05T23:55:23+08:00,btc-updown-5m-1780674900,https://polymarket.com/zh/event/btc-updown-5m-1780674900,23:55-00:00,54.00,48.00,52.00,47.00,1662.20,1097.13,604.75,50.22,53.00,47.50,2.00,1.00,98822.01,98201.67,98191.67,98291.54,52,46,47,52,60514.98,60526.52,,
2026-06-05T23:55:25+08:00,btc-updown-5m-1780674900,https://polymarket.com/zh/event/btc-updown-5m-1780674900,23:55-00:00,53.00,48.00,52.00,47.00,595.99,680.69,1245.33,588.99,52.50,47.50,1.00,1.00,99318.93,98584.27,98584.27,98618.93,52,47,47,52,60514.98,60525.96,,
2026-06-05T23:55:27+08:00,btc-updown-5m-1780674900,https://polymarket.com/zh/event/btc-updown-5m-1780674900,23:55-00:00,54.00,47.00,53.00,46.00,117.96,98.10,47.02,82.76,53.50,46.50,1.00,1.00,99244.53,98677.87,98677.87,99149.53,53,46,46,53,60514.98,60532.87,,
2026-06-05T23:55:29+08:00,btc-updown-5m-1780674900,https://polymarket.com/zh/event/btc-updown-5m-1780674900,23:55-00:00,51.00,50.00,50.00,49.00,896.34,95.38,107.78,1255.92,50.50,49.50,1.00,1.00,99623.93,98705.27,98705.27,99628.94,50,49,49,50,60514.98,60520.81,,
2026-06-05T23:55:30+08:00,btc-updown-5m-1780674900,https://polymarket.com/zh/event/btc-updown-5m-1780674900,23:55-00:00,48.00,55.00,45.00,52.00,10.00,459.84,474.40,10.00,46.50,53.50,3.00,3.00,99424.61,97885.27,97885.27,99418.94,45,52,52,45,60514.98,60521.24,,
2026-06-05T23:55:32+08:00,btc-updown-5m-1780674900,https://polymarket.com/zh/event/btc-updown-5m-1780674900,23:55-00:00,50.00,51.00,48.00,50.00,92.13,188.00,14.58,38.74,49.00,50.50,2.00,1.00,87023.94,85906.27,85916.96,87030.61,48,50,50,49,60514.98,60554.02,,
2026-06-05T23:55:34+08:00,btc-updown-5m-1780674900,https://polymarket.com/zh/event/btc-updown-5m-1780674900,23:55-00:00,59.00,42.00,58.00,41.00,573.19,849.77,489.09,585.48,58.50,41.50,1.00,1.00,86057.88,86714.19,86714.19,85552.88,58,41,41,58,60514.98,60562.00,,
2026-06-05T23:55:36+08:00,btc-updown-5m-1780674900,https://polymarket.com/zh/event/btc-updown-5m-1780674900,23:55-00:00,59.00,42.00,58.00,41.00,883.92,181.76,190.06,507.47,58.50,41.50,1.00,1.00,85458.63,86719.19,86724.19,85453.63,58,41,41,58,60514.98,60553.27,,
2026-06-05T23:55:38+08:00,btc-updown-5m-1780674900,https://polymarket.com/zh/event/btc-updown-5m-1780674900,23:55-00:00,58.00,42.00,57.00,41.00,10.00,479.65,1356.33,816.15,57.50,41.50,1.00,1.00,85563.71,86729.19,86724.19,86062.88,57,42,41,58,60514.98,60557.03,,
2026-06-05T23:55:40+08:00,btc-updown-5m-1780674900,https://polymarket.com/zh/event/btc-updown-5m-1780674900,23:55-00:00,58.00,43.00,57.00,42.00,892.84,808.57,802.97,870.84,57.50,42.50,1.00,1.00,86037.86,86719.19,86719.19,86027.85,57,42,42,57,60514.98,60554.46,,
2026-06-05T23:55:42+08:00,btc-updown-5m-1780674900,https://polymarket.com/zh/event/btc-updown-5m-1780674900,23:55-00:00,56.00,45.00,55.00,44.00,685.09,94.89,221.56,884.41,55.50,44.50,1.00,1.00,65947.86,67223.99,67239.19,66562.87,55,44,44,55,60514.98,60538.32,,
2026-06-05T23:55:44+08:00,btc-updown-5m-1780674900,https://polymarket.com/zh/event/btc-updown-5m-1780674900,23:55-00:00,55.00,46.00,54.00,45.00,911.57,85.09,162.55,959.60,54.50,45.50,1.00,1.00,66596.19,66572.53,66582.53,66091.19,54,45,45,54,60514.98,60536.01,,
2026-06-05T23:55:46+08:00,btc-updown-5m-1780674900,https://polymarket.com/zh/event/btc-updown-5m-1780674900,23:55-00:00,55.00,46.00,54.00,45.00,5.00,1316.41,1059.22,5.00,54.50,45.50,1.00,1.00,66116.19,66587.53,66587.53,65221.20,54,45,45,54,60514.98,60541.70,,
2026-06-05T23:55:48+08:00,btc-updown-5m-1780674900,https://polymarket.com/zh/event/btc-updown-5m-1780674900,23:55-00:00,56.00,45.00,55.00,44.00,25.30,858.78,773.18,25.30,55.50,44.50,1.00,1.00,64806.20,66567.53,66567.53,64801.20,55,44,44,55,60514.98,60547.98,,
2026-06-05T23:55:50+08:00,btc-updown-5m-1780674900,https://polymarket.com/zh/event/btc-updown-5m-1780674900,23:55-00:00,61.00,40.00,60.00,39.00,1168.66,60.14,205.36,2019.77,60.50,39.50,1.00,1.00,65007.39,66562.33,66562.33,65296.19,60,39,39,60,60514.98,60564.08,,
2026-06-05T23:55:52+08:00,btc-updown-5m-1780674900,https://polymarket.com/zh/event/btc-updown-5m-1780674900,23:55-00:00,62.00,38.00,59.00,37.00,94.35,7.00,40.00,456.17,60.50,37.50,3.00,1.00,22837.44,24577.33,24577.33,22837.44,59,38,37,60,60514.98,60558.95,,
2026-06-05T23:55:53+08:00,btc-updown-5m-1780674900,https://polymarket.com/zh/event/btc-updown-5m-1780674900,23:55-00:00,59.00,42.00,58.00,41.00,57.00,317.85,299.62,1139.26,58.50,41.50,1.00,1.00,23011.19,24592.53,24572.53,23012.51,58,41,41,58,60514.98,60557.32,,
2026-06-05T23:55:56+08:00,btc-updown-5m-1780674900,https://polymarket.com/zh/event/btc-updown-5m-1780674900,23:55-00:00,54.00,47.00,53.00,46.00,99.12,1870.53,2008.75,44.12,53.50,46.50,1.00,1.00,23822.59,24592.53,24592.53,23216.19,53,46,46,53,60514.98,60531.93,,
2026-06-05T23:55:58+08:00,btc-updown-5m-1780674900,https://polymarket.com/zh/event/btc-updown-5m-1780674900,23:55-00:00,56.00,45.00,55.00,44.00,720.16,1127.89,1013.89,716.58,55.50,44.50,1.00,1.00,23027.64,24597.53,24597.53,22821.19,55,44,44,55,60514.98,60536.18,,
2026-06-05T23:56:00+08:00,btc-updown-5m-1780674900,https://polymarket.com/zh/event/btc-updown-5m-1780674900,23:55-00:00,58.00,43.00,57.00,42.00,401.26,372.84,559.35,439.84,57.50,42.50,1.00,1.00,22986.20,24702.53,24707.53,23871.19,57,42,42,57,60514.98,60545.56,,
2026-06-05T23:56:02+08:00,btc-updown-5m-1780674900,https://polymarket.com/zh/event/btc-updown-5m-1780674900,23:55-00:00,61.00,39.00,60.00,38.00,84.69,6.31,1214.96,680.75,60.50,38.50,1.00,1.00,29856.20,24687.33,24687.33,29856.20,60,39,38,61,60514.98,60560.84,,
2026-06-05T23:56:04+08:00,btc-updown-5m-1780674900,https://polymarket.com/zh/event/btc-updown-5m-1780674900,23:55-00:00,64.00,39.00,62.00,38.00,559.94,307.19,75.60,192.00,63.00,38.50,2.00,1.00,29691.20,24568.33,24573.33,30211.20,62,36,38,61,60514.98,60554.99,,
2026-06-05T23:56:06+08:00,btc-updown-5m-1780674900,https://polymarket.com/zh/event/btc-updown-5m-1780674900,23:55-00:00,58.00,43.00,57.00,42.00,1088.46,322.00,322.00,685.47,57.50,42.50,1.00,1.00,30188.20,24580.53,24580.53,30178.19,57,42,42,57,60514.98,60545.99,,
2026-06-05T23:56:08+08:00,btc-updown-5m-1780674900,https://polymarket.com/zh/event/btc-updown-5m-1780674900,23:55-00:00,58.00,43.00,57.00,42.00,1357.06,109.34,109.34,1385.27,57.50,42.50,1.00,1.00,29348.19,23760.53,23760.53,29748.19,57,42,42,57,60514.98,60541.28,,
2026-06-05T23:56:10+08:00,btc-updown-5m-1780674900,https://polymarket.com/zh/event/btc-updown-5m-1780674900,23:55-00:00,48.00,53.00,47.00,52.00,471.30,6.82,17.00,1036.06,47.50,52.50,1.00,1.00,29838.21,29530.53,29440.53,29738.20,47,52,52,47,60514.98,60496.64,,
2026-06-05T23:56:12+08:00,btc-updown-5m-1780674900,https://polymarket.com/zh/event/btc-updown-5m-1780674900,23:55-00:00,46.00,55.00,45.00,54.00,131.80,1024.63,1076.63,131.80,45.50,54.50,1.00,1.00,30713.19,29431.53,29431.53,30518.19,45,54,54,45,60514.98,60501.11,,
2026-06-05T23:56:14+08:00,btc-updown-5m-1780674900,https://polymarket.com/zh/event/btc-updown-5m-1780674900,23:55-00:00,47.00,54.00,46.00,53.00,376.96,619.25,77.00,187.00,46.50,53.50,1.00,1.00,30713.19,29431.33,29810.33,30513.19,46,53,53,46,60514.98,60502.56,,
2026-06-05T23:56:16+08:00,btc-updown-5m-1780674900,https://polymarket.com/zh/event/btc-updown-5m-1780674900,23:55-00:00,51.00,49.00,49.00,48.00,475.00,24.75,1102.57,22.00,50.00,48.50,2.00,1.00,30903.19,30635.33,30640.34,30708.19,49,49,48,51,60514.98,60514.75,,
2026-06-05T23:56:18+08:00,btc-updown-5m-1780674900,https://polymarket.com/zh/event/btc-updown-5m-1780674900,23:55-00:00,52.00,49.00,51.00,48.00,209.13,981.47,613.03,101.07,51.50,48.50,1.00,1.00,30518.20,30310.33,30310.33,30513.27,51,48,48,51,60514.98,60521.03,,
2026-06-05T23:56:20+08:00,btc-updown-5m-1780674900,https://polymarket.com/zh/event/btc-updown-5m-1780674900,23:55-00:00,50.00,51.00,49.00,50.00,388.78,569.11,572.14,753.01,49.50,50.50,1.00,1.00,31489.19,30585.33,30621.48,31014.19,49,50,50,49,60514.98,60508.72,,
2026-06-05T23:56:22+08:00,btc-updown-5m-1780674900,https://polymarket.com/zh/event/btc-updown-5m-1780674900,23:55-00:00,51.00,50.00,50.00,49.00,312.72,453.86,532.86,432.72,50.50,49.50,1.00,1.00,30684.19,30590.33,30590.33,31289.20,50,49,49,50,60514.98,60513.44,,
2026-06-05T23:56:24+08:00,btc-updown-5m-1780674900,https://polymarket.com/zh/event/btc-updown-5m-1780674900,23:55-00:00,52.00,49.00,50.00,48.00,2.10,714.42,1243.39,162.00,51.00,48.50,2.00,1.00,29909.45,30295.33,30300.33,29914.20,50,48,48,51,60514.98,60520.28,,
2026-06-05T23:56:26+08:00,btc-updown-5m-1780674900,https://polymarket.com/zh/event/btc-updown-5m-1780674900,23:55-00:00,54.00,47.00,53.00,46.00,118.75,1063.04,52.00,111.89,53.50,46.50,1.00,1.00,30304.19,30336.32,30336.32,30504.19,53,46,46,53,60514.98,60524.45,,
2026-06-05T23:56:28+08:00,btc-updown-5m-1780674900,https://polymarket.com/zh/event/btc-updown-5m-1780674900,23:55-00:00,57.00,44.00,56.00,43.00,32.02,258.00,258.00,42.02,56.50,43.50,1.00,1.00,28109.57,23081.32,23081.32,28114.58,56,43,43,56,60514.98,60533.45,,
2026-06-05T23:56:30+08:00,btc-updown-5m-1780674900,https://polymarket.com/zh/event/btc-updown-5m-1780674900,23:55-00:00,58.00,43.00,57.00,42.00,66.00,1072.00,1119.18,51.00,57.50,42.50,1.00,1.00,28119.19,23131.52,23156.52,28739.19,57,42,42,57,60514.98,60544.04,,
2026-06-05T23:56:32+08:00,btc-updown-5m-1780674900,https://polymarket.com/zh/event/btc-updown-5m-1780674900,23:55-00:00,57.00,44.00,56.00,43.00,513.00,1323.78,999.68,310.98,56.50,43.50,1.00,1.00,28219.19,23101.52,23106.52,28219.19,56,43,43,56,60514.98,60538.92,,
2026-06-05T23:56:34+08:00,btc-updown-5m-1780674900,https://polymarket.com/zh/event/btc-updown-5m-1780674900,23:55-00:00,61.00,40.00,60.00,39.00,488.63,1166.76,576.02,478.99,60.50,39.50,1.00,1.00,28714.19,23231.32,23231.32,28219.19,60,39,39,60,60514.98,60542.00,,
2026-06-05T23:56:36+08:00,btc-updown-5m-1780674900,https://polymarket.com/zh/event/btc-updown-5m-1780674900,23:55-00:00,63.00,38.00,62.00,37.00,439.75,1075.79,920.67,421.00,62.50,37.50,1.00,1.00,28924.19,23251.32,23251.32,28724.19,62,37,37,62,60514.98,60558.06,,
2026-06-05T23:56:38+08:00,btc-updown-5m-1780674900,https://polymarket.com/zh/event/btc-updown-5m-1780674900,23:55-00:00,66.00,35.00,65.00,34.00,720.08,397.96,356.01,479.08,65.50,34.50,1.00,1.00,28850.31,23126.32,23156.32,28749.60,65,34,34,65,60514.98,60570.02,,
2026-06-05T23:56:40+08:00,btc-updown-5m-1780674900,https://polymarket.com/zh/event/btc-updown-5m-1780674900,23:55-00:00,67.00,34.00,66.00,33.00,191.77,982.60,1014.60,191.77,66.50,33.50,1.00,1.00,28450.37,23096.32,23096.32,28250.37,66,33,33,66,60514.98,60568.61,,
2026-06-05T23:56:42+08:00,btc-updown-5m-1780674900,https://polymarket.com/zh/event/btc-updown-5m-1780674900,23:55-00:00,67.00,34.00,66.00,33.00,1408.52,28.11,41.86,1302.53,66.50,33.50,1.00,1.00,28436.59,23081.32,23081.32,28731.59,66,33,33,66,60514.98,60558.55,,
2026-06-05T23:56:44+08:00,btc-updown-5m-1780674900,https://polymarket.com/zh/event/btc-updown-5m-1780674900,23:55-00:00,65.00,38.00,62.00,35.00,2103.94,0.54,0.54,2089.94,63.50,36.50,3.00,3.00,28846.60,23081.32,23081.32,28841.60,62,35,35,62,60514.98,60530.01,,
2026-06-05T23:56:45+08:00,btc-updown-5m-1780674900,https://polymarket.com/zh/event/btc-updown-5m-1780674900,23:55-00:00,57.00,44.00,56.00,43.00,67.95,218.27,221.99,616.52,56.50,43.50,1.00,1.00,28746.60,29411.92,29701.92,28447.56,56,43,43,56,60514.98,60520.80,,
2026-06-05T23:56:48+08:00,btc-updown-5m-1780674900,https://polymarket.com/zh/event/btc-updown-5m-1780674900,23:55-00:00,55.00,45.00,54.00,44.00,13.00,830.96,1010.25,785.90,54.50,44.50,1.00,1.00,29231.59,29416.92,29416.92,28941.59,54,45,44,55,60514.98,60526.16,,
2026-06-05T23:56:49+08:00,btc-updown-5m-1780674900,https://polymarket.com/zh/event/btc-updown-5m-1780674900,23:55-00:00,56.00,45.00,53.00,44.00,2.03,26.77,495.32,838.57,54.50,44.50,3.00,1.00,29242.69,29401.92,29416.92,29341.60,53,44,44,55,60514.98,60519.12,,
2026-06-05T23:56:51+08:00,btc-updown-5m-1780674900,https://polymarket.com/zh/event/btc-updown-5m-1780674900,23:55-00:00,52.00,49.00,51.00,48.00,1160.54,170.20,482.03,1396.20,51.50,48.50,1.00,1.00,29931.60,29996.92,30001.92,30021.59,51,48,48,51,60514.98,60509.99,,
2026-06-05T23:56:53+08:00,btc-updown-5m-1780674900,https://polymarket.com/zh/event/btc-updown-5m-1780674900,23:55-00:00,50.00,51.00,49.00,50.00,82.25,401.30,486.69,886.81,49.50,50.50,1.00,1.00,30826.59,30001.92,30001.93,30821.59,49,50,50,49,60514.98,60508.20,,
2026-06-05T23:56:55+08:00,btc-updown-5m-1780674900,https://polymarket.com/zh/event/btc-updown-5m-1780674900,23:55-00:00,46.00,55.00,45.00,54.00,1158.73,140.89,211.00,1133.73,45.50,54.50,1.00,1.00,29801.59,28396.72,28396.72,29801.59,45,54,54,45,60514.98,60495.48,,
2026-06-05T23:56:57+08:00,btc-updown-5m-1780674900,https://polymarket.com/zh/event/btc-updown-5m-1780674900,23:55-00:00,45.00,56.00,44.00,55.00,302.69,1119.68,1075.66,169.35,44.50,55.50,1.00,1.00,23006.59,27757.72,27762.72,23006.59,44,55,55,44,60514.98,60490.22,,
2026-06-05T23:56:59+08:00,btc-updown-5m-1780674900,https://polymarket.com/zh/event/btc-updown-5m-1780674900,23:55-00:00,44.00,57.00,43.00,56.00,621.60,852.47,986.47,454.02,43.50,56.50,1.00,1.00,22991.59,27473.18,27478.18,22996.59,43,56,56,43,60514.98,60490.12,,
2026-06-05T23:57:01+08:00,btc-updown-5m-1780674900,https://polymarket.com/zh/event/btc-updown-5m-1780674900,23:55-00:00,43.00,58.00,42.00,57.00,261.90,1180.07,1046.26,151.50,42.50,57.50,1.00,1.00,27784.09,27284.74,27289.75,28184.09,42,57,57,42,60514.98,60481.55,,
2026-06-05T23:57:03+08:00,btc-updown-5m-1780674900,https://polymarket.com/zh/event/btc-updown-5m-1780674900,23:55-00:00,46.00,55.00,45.00,54.00,45.59,542.73,512.72,876.27,45.50,54.50,1.00,1.00,29489.09,28073.73,27291.30,29484.09,45,54,54,45,60514.98,60505.70,,
2026-06-05T23:57:05+08:00,btc-updown-5m-1780674900,https://polymarket.com/zh/event/btc-updown-5m-1780674900,23:55-00:00,44.00,56.00,43.00,54.00,415.79,52.00,981.37,4.02,43.50,55.00,1.00,2.00,29099.09,27284.74,27295.35,29484.09,43,56,54,44,60514.98,60502.05,,
2026-06-05T23:57:07+08:00,btc-updown-5m-1780674900,https://polymarket.com/zh/event/btc-updown-5m-1780674900,23:55-00:00,47.00,55.00,46.00,54.00,1088.48,302.02,136.55,77.00,46.50,54.50,1.00,1.00,29794.09,28089.73,27693.74,29794.09,46,53,54,45,60514.98,60499.95,,
2026-06-05T23:57:09+08:00,btc-updown-5m-1780674900,https://polymarket.com/zh/event/btc-updown-5m-1780674900,23:55-00:00,44.00,57.00,43.00,56.00,729.72,127.50,127.50,745.72,43.50,56.50,1.00,1.00,27719.09,27226.49,27226.49,27719.09,43,56,56,43,60514.98,60491.29,,
2026-06-05T23:57:11+08:00,btc-updown-5m-1780674900,https://polymarket.com/zh/event/btc-updown-5m-1780674900,23:55-00:00,49.00,55.00,44.00,50.00,407.65,30.00,269.69,425.00,46.50,52.50,5.00,5.00,29279.09,27201.51,27200.51,29279.09,44,51,50,45,60514.98,60505.96,,
2026-06-05T23:57:13+08:00,btc-updown-5m-1780674900,https://polymarket.com/zh/event/btc-updown-5m-1780674900,23:55-00:00,49.00,51.00,48.00,50.00,3.63,431.12,1192.88,824.05,48.50,50.50,1.00,1.00,29564.09,29178.73,29198.74,29579.09,48,51,50,49,60514.98,60503.08,,
2026-06-05T23:57:15+08:00,btc-updown-5m-1780674900,https://polymarket.com/zh/event/btc-updown-5m-1780674900,23:55-00:00,50.00,51.00,49.00,50.00,27.02,1254.88,1327.88,27.02,49.50,50.50,1.00,1.00,29744.09,29073.73,29074.74,29539.09,49,50,50,49,60514.98,60510.02,,
2026-06-05T23:57:17+08:00,btc-updown-5m-1780674900,https://polymarket.com/zh/event/btc-updown-5m-1780674900,23:55-00:00,50.00,51.00,49.00,50.00,141.02,832.01,684.99,385.14,49.50,50.50,1.00,1.00,30266.09,29068.73,29068.73,29554.09,49,50,50,49,60514.98,60510.01,,
2026-06-05T23:57:19+08:00,btc-updown-5m-1780674900,https://polymarket.com/zh/event/btc-updown-5m-1780674900,23:55-00:00,49.00,54.00,47.00,53.00,18.75,400.96,28.83,40.00,48.00,53.50,2.00,1.00,29664.15,29061.23,29046.23,30144.15,47,51,52,46,60514.98,60498.00,,
2026-06-05T23:57:20+08:00,btc-updown-5m-1780674900,https://polymarket.com/zh/event/btc-updown-5m-1780674900,23:55-00:00,47.00,60.00,45.00,58.00,104.44,328.07,11.86,10.00,46.00,59.00,2.00,2.00,22634.09,27066.24,27071.31,22629.09,44,53,58,40,60514.98,60493.70,,
2026-06-05T23:57:22+08:00,btc-updown-5m-1780674900,https://polymarket.com/zh/event/btc-updown-5m-1780674900,23:55-00:00,43.00,58.00,42.00,57.00,710.16,223.19,5.00,246.57,42.50,57.50,1.00,1.00,22624.09,27086.24,27171.24,22619.09,42,57,57,42,60514.98,60485.99,,
2026-06-05T23:57:24+08:00,btc-updown-5m-1780674900,https://polymarket.com/zh/event/btc-updown-5m-1780674900,23:55-00:00,43.00,58.00,42.00,57.00,105.00,1260.47,1118.60,42.00,42.50,57.50,1.00,1.00,22509.09,27181.23,27187.23,22504.09,42,57,57,42,60514.98,60505.70,,
2026-06-05T23:57:26+08:00,btc-updown-5m-1780674900,https://polymarket.com/zh/event/btc-updown-5m-1780674900,23:55-00:00,46.00,55.00,45.00,54.00,1038.31,225.71,341.71,1576.56,45.50,54.50,1.00,1.00,27499.09,27607.99,27613.99,27604.09,45,54,54,45,60514.98,60495.33,,
2026-06-05T23:57:28+08:00,btc-updown-5m-1780674900,https://polymarket.com/zh/event/btc-updown-5m-1780674900,23:55-00:00,44.00,57.00,43.00,56.00,429.53,455.00,487.67,429.53,43.50,56.50,1.00,1.00,22619.09,27261.00,27260.99,22619.09,43,56,56,43,60514.98,60496.05,,
2026-06-05T23:57:30+08:00,btc-updown-5m-1780674900,https://polymarket.com/zh/event/btc-updown-5m-1780674900,23:55-00:00,46.00,56.00,44.00,55.00,43.15,149.94,80.88,5.00,45.00,55.50,2.00,1.00,28804.09,27251.39,27246.00,28804.09,44,54,55,44,60514.98,60490.64,,
2026-06-05T23:57:32+08:00,btc-updown-5m-1780674900,https://polymarket.com/zh/event/btc-updown-5m-1780674900,23:55-00:00,39.00,62.00,38.00,61.00,16.39,586.60,591.60,268.52,38.50,61.50,1.00,1.00,22589.09,27121.47,27110.00,22589.09,38,61,61,38,60514.98,60487.58,,
2026-06-05T23:57:34+08:00,btc-updown-5m-1780674900,https://polymarket.com/zh/event/btc-updown-5m-1780674900,23:55-00:00,38.00,62.00,37.00,61.00,15.00,9.35,1708.61,5.00,37.50,61.50,1.00,1.00,22489.09,27120.00,27125.55,22589.09,37,61,61,38,60514.98,60482.49,,
2026-06-05T23:57:36+08:00,btc-updown-5m-1780674900,https://polymarket.com/zh/event/btc-updown-5m-1780674900,23:55-00:00,38.00,64.00,37.00,63.00,40.86,466.90,10.66,77.00,37.50,63.50,1.00,1.00,22582.40,27126.00,27125.01,22692.40,37,62,63,36,60514.98,60476.10,,
2026-06-05T23:57:38+08:00,btc-updown-5m-1780674900,https://polymarket.com/zh/event/btc-updown-5m-1780674900,23:55-00:00,34.00,67.00,33.00,66.00,466.41,82.65,440.59,1260.60,33.50,66.50,1.00,1.00,22717.40,27124.99,27131.00,22687.40,33,66,66,33,60514.98,60475.43,,
2026-06-05T23:57:40+08:00,btc-updown-5m-1780674900,https://polymarket.com/zh/event/btc-updown-5m-1780674900,23:55-00:00,29.00,72.00,28.00,71.00,230.70,172.00,164.20,841.70,28.50,71.50,1.00,1.00,22647.40,27131.00,27141.00,22642.40,28,71,71,28,60514.98,60453.35,,
2026-06-05T23:57:42+08:00,btc-updown-5m-1780674900,https://polymarket.com/zh/event/btc-updown-5m-1780674900,23:55-00:00,27.00,73.00,26.00,72.00,22.40,39.00,142.51,147.90,26.50,72.50,1.00,1.00,22547.40,27145.77,27369.63,22397.40,26,73,72,27,60514.98,60445.30,,
2026-06-05T23:57:44+08:00,btc-updown-5m-1780674900,https://polymarket.com/zh/event/btc-updown-5m-1780674900,23:55-00:00,31.00,72.00,30.00,71.00,1265.46,603.26,39.89,76.00,30.50,71.50,1.00,1.00,22582.40,27274.62,27274.47,22582.40,30,69,71,28,60514.98,60461.34,,
2026-06-05T23:57:46+08:00,btc-updown-5m-1780674900,https://polymarket.com/zh/event/btc-updown-5m-1780674900,23:55-00:00,32.00,69.00,31.00,68.00,175.77,453.98,456.98,216.77,31.50,68.50,1.00,1.00,22587.40,27273.63,27268.63,22587.40,30,68,68,30,60514.98,60446.82,,
2026-06-05T23:57:48+08:00,btc-updown-5m-1780674900,https://polymarket.com/zh/event/btc-updown-5m-1780674900,23:55-00:00,26.00,75.00,25.00,74.00,86.25,4758.14,4982.44,21.25,25.50,74.50,1.00,1.00,22387.40,27284.64,27284.64,22387.40,25,74,74,25,60514.98,60446.02,,
2026-06-05T23:57:50+08:00,btc-updown-5m-1780674900,https://polymarket.com/zh/event/btc-updown-5m-1780674900,23:55-00:00,28.00,73.00,27.00,72.00,453.35,503.07,733.31,622.77,27.50,72.50,1.00,1.00,22388.40,27283.64,27283.62,22388.40,27,72,72,27,60514.98,60449.74,,
2026-06-05T23:57:52+08:00,btc-updown-5m-1780674900,https://polymarket.com/zh/event/btc-updown-5m-1780674900,23:55-00:00,31.00,70.00,30.00,69.00,179.08,1053.03,1229.33,145.08,30.50,69.50,1.00,1.00,22093.40,26778.62,26783.62,21888.40,30,69,69,30,60514.98,60451.99,,
2026-06-05T23:57:54+08:00,btc-updown-5m-1780674900,https://polymarket.com/zh/event/btc-updown-5m-1780674900,23:55-00:00,39.00,61.00,38.00,60.00,111.77,261.77,562.81,532.00,38.50,60.50,1.00,1.00,22143.40,26784.62,26784.62,22018.40,38,61,60,39,60514.98,60484.57,,
2026-06-05T23:57:56+08:00,btc-updown-5m-1780674900,https://polymarket.com/zh/event/btc-updown-5m-1780674900,23:55-00:00,47.00,54.00,45.00,53.00,460.49,83.44,5.00,414.11,46.00,53.50,2.00,1.00,23133.40,26775.84,26768.63,23448.40,43,53,53,46,60514.98,60496.98,,
2026-06-05T23:57:58+08:00,btc-updown-5m-1780674900,https://polymarket.com/zh/event/btc-updown-5m-1780674900,23:55-00:00,52.00,48.00,51.00,47.00,34.58,743.46,381.98,115.35,51.50,47.50,1.00,1.00,24049.68,28773.62,28773.62,24448.41,51,48,47,52,60514.98,60516.02,,
2026-06-05T23:57:59+08:00,btc-updown-5m-1780674900,https://polymarket.com/zh/event/btc-updown-5m-1780674900,23:55-00:00,56.00,45.00,55.00,44.00,1233.06,25.55,80.00,892.59,55.50,44.50,1.00,1.00,22453.40,28185.82,28180.82,22969.74,55,44,44,55,60514.98,60524.26,,
2026-06-05T23:58:02+08:00,btc-updown-5m-1780674900,https://polymarket.com/zh/event/btc-updown-5m-1780674900,23:55-00:00,56.00,47.00,53.00,45.00,860.12,243.40,395.00,135.89,54.50,46.00,3.00,2.00,28468.40,27695.62,27690.62,28468.41,50,44,45,51,60514.98,60528.40,,
2026-06-05T23:58:04+08:00,btc-updown-5m-1780674900,https://polymarket.com/zh/event/btc-updown-5m-1780674900,23:55-00:00,46.00,58.00,45.00,54.00,1559.54,5.00,60.00,1882.24,45.50,56.00,1.00,4.00,27788.40,27211.62,26000.63,22583.40,45,54,54,42,60514.98,60499.76,,
2026-06-05T23:58:05+08:00,btc-updown-5m-1780674900,https://polymarket.com/zh/event/btc-updown-5m-1780674900,23:55-00:00,47.00,54.00,46.00,53.00,11.27,1576.21,723.09,11.27,46.50,53.50,1.00,1.00,28198.40,27420.62,27816.62,28303.40,46,53,53,46,60514.98,60503.53,,
2026-06-05T23:58:08+08:00,btc-updown-5m-1780674900,https://polymarket.com/zh/event/btc-updown-5m-1780674900,23:55-00:00,52.00,49.00,51.00,48.00,1071.65,13.13,23.33,919.55,51.50,48.50,1.00,1.00,28193.42,28205.62,28200.62,28178.40,50,48,48,50,60514.98,60517.77,,
2026-06-05T23:58:10+08:00,btc-updown-5m-1780674900,https://polymarket.com/zh/event/btc-updown-5m-1780674900,23:55-00:00,45.00,57.00,44.00,56.00,291.03,20.00,3.59,25.00,44.50,56.50,1.00,1.00,28047.40,26795.62,26011.63,27482.40,44,55,56,43,60514.98,60500.93,,
2026-06-05T23:58:12+08:00,btc-updown-5m-1780674900,https://polymarket.com/zh/event/btc-updown-5m-1780674900,23:55-00:00,49.00,53.00,48.00,52.00,716.17,125.00,28.43,21.57,48.50,52.50,1.00,1.00,27172.40,27096.62,27107.40,27277.40,48,51,52,47,60514.98,60498.01,,
2026-06-05T23:58:13+08:00,btc-updown-5m-1780674900,https://polymarket.com/zh/event/btc-updown-5m-1780674900,23:55-00:00,48.00,54.00,47.00,53.00,961.21,535.20,6.69,221.17,47.50,53.50,1.00,1.00,27882.40,27515.62,27518.47,27872.40,47,52,53,46,60514.98,60501.99,,
2026-06-05T23:58:15+08:00,btc-updown-5m-1780674900,https://polymarket.com/zh/event/btc-updown-5m-1780674900,23:55-00:00,43.00,58.00,42.00,57.00,180.53,776.19,608.26,180.53,42.50,57.50,1.00,1.00,27277.40,25526.62,25536.62,27292.40,42,57,57,42,60514.98,60494.01,,
2026-06-05T23:58:17+08:00,btc-updown-5m-1780674900,https://polymarket.com/zh/event/btc-updown-5m-1780674900,23:55-00:00,39.00,63.00,36.00,62.00,65.00,101.01,286.35,25.00,37.50,62.50,3.00,1.00,20872.40,25538.60,25525.64,20967.40,36,61,62,37,60514.98,60487.97,,
2026-06-05T23:58:19+08:00,btc-updown-5m-1780674900,https://polymarket.com/zh/event/btc-updown-5m-1780674900,23:55-00:00,35.00,66.00,34.00,65.00,37.01,1142.59,1183.59,15.40,34.50,65.50,1.00,1.00,21158.90,25551.62,25645.62,21168.90,34,65,65,34,60514.98,60475.50,,
2026-06-05T23:58:21+08:00,btc-updown-5m-1780674900,https://polymarket.com/zh/event/btc-updown-5m-1780674900,23:55-00:00,42.00,59.00,41.00,58.00,37.25,873.05,989.74,9.06,41.50,58.50,1.00,1.00,20795.56,25393.27,25382.27,20770.56,41,58,58,41,60514.98,60492.83,,
2026-06-05T23:58:23+08:00,btc-updown-5m-1780674900,https://polymarket.com/zh/event/btc-updown-5m-1780674900,23:55-00:00,39.00,62.00,38.00,61.00,260.86,170.25,180.25,253.86,38.50,61.50,1.00,1.00,20675.56,25398.27,25398.27,20675.56,38,61,61,38,60514.98,60483.66,,
2026-06-05T23:58:25+08:00,btc-updown-5m-1780674900,https://polymarket.com/zh/event/btc-updown-5m-1780674900,23:55-00:00,40.00,61.00,39.00,60.00,48.23,1201.94,1573.86,48.23,39.50,60.50,1.00,1.00,20660.56,25383.27,25383.28,20760.56,39,60,60,39,60514.98,60493.23,,
2026-06-05T23:58:27+08:00,btc-updown-5m-1780674900,https://polymarket.com/zh/event/btc-updown-5m-1780674900,23:55-00:00,44.00,57.00,43.00,56.00,159.95,475.72,514.72,149.95,43.50,56.50,1.00,1.00,25675.56,25382.28,25372.27,25675.56,43,56,56,43,60514.98,60496.94,,
2026-06-05T23:58:29+08:00,btc-updown-5m-1780674900,https://polymarket.com/zh/event/btc-updown-5m-1780674900,23:55-00:00,40.00,61.00,39.00,60.00,808.19,137.00,139.83,730.67,39.50,60.50,1.00,1.00,20825.56,25398.28,25382.27,20825.56,39,60,60,39,60514.98,60486.52,,
2026-06-05T23:58:31+08:00,btc-updown-5m-1780674900,https://polymarket.com/zh/event/btc-updown-5m-1780674900,23:55-00:00,38.00,63.00,37.00,62.00,350.10,97.13,505.07,361.60,37.50,62.50,1.00,1.00,20825.56,25402.29,25402.29,20825.56,37,62,62,37,60514.98,60485.15,,
2026-06-05T23:58:33+08:00,btc-updown-5m-1780674900,https://polymarket.com/zh/event/btc-updown-5m-1780674900,23:55-00:00,37.00,68.00,35.00,65.00,1894.26,10.40,1.49,30.00,36.00,66.50,2.00,3.00,20620.36,25342.08,25342.08,20620.36,34,63,65,32,60514.98,60468.00,,
2026-06-05T23:58:35+08:00,btc-updown-5m-1780674900,https://polymarket.com/zh/event/btc-updown-5m-1780674900,23:55-00:00,34.00,67.00,33.00,66.00,304.82,984.00,1020.38,309.82,33.50,66.50,1.00,1.00,20658.17,25343.07,25337.07,20663.17,33,66,66,33,60514.98,60473.95,,
2026-06-05T23:58:37+08:00,btc-updown-5m-1780674900,https://polymarket.com/zh/event/btc-updown-5m-1780674900,23:55-00:00,31.00,71.00,30.00,70.00,1088.19,556.84,97.14,227.20,30.50,70.50,1.00,1.00,20791.10,25335.07,25350.07,20801.10,30,69,70,29,60514.98,60471.89,,
2026-06-05T23:58:39+08:00,btc-updown-5m-1780674900,https://polymarket.com/zh/event/btc-updown-5m-1780674900,23:55-00:00,28.00,73.00,27.00,72.00,246.20,707.22,675.22,261.20,27.50,72.50,1.00,1.00,19011.10,25345.07,25351.07,19011.10,27,72,72,27,60514.98,60458.89,,
2026-06-05T23:58:41+08:00,btc-updown-5m-1780674900,https://polymarket.com/zh/event/btc-updown-5m-1780674900,23:55-00:00,29.00,72.00,28.00,71.00,441.88,484.48,609.31,515.82,28.50,71.50,1.00,1.00,18118.34,24856.93,24845.07,18013.34,28,71,71,28,60514.98,60467.78,,
2026-06-05T23:58:43+08:00,btc-updown-5m-1780674900,https://polymarket.com/zh/event/btc-updown-5m-1780674900,23:55-00:00,33.00,68.00,32.00,67.00,162.51,151.42,216.12,593.51,32.50,67.50,1.00,1.00,17853.34,24846.07,24831.07,17873.34,32,67,67,32,60514.98,60469.49,,
2026-06-05T23:58:44+08:00,btc-updown-5m-1780674900,https://polymarket.com/zh/event/btc-updown-5m-1780674900,23:55-00:00,33.00,68.00,32.00,67.00,429.24,87.31,412.18,534.88,32.50,67.50,1.00,1.00,17898.34,24859.94,24854.94,17903.34,32,67,67,32,60514.98,60472.69,,
2026-06-05T23:58:46+08:00,btc-updown-5m-1780674900,https://polymarket.com/zh/event/btc-updown-5m-1780674900,23:55-00:00,31.00,70.00,30.00,69.00,98.65,962.15,1129.61,261.62,30.50,69.50,1.00,1.00,17998.34,24854.93,24843.93,17998.34,30,69,69,30,60514.98,60472.97,,
2026-06-05T23:58:48+08:00,btc-updown-5m-1780674900,https://polymarket.com/zh/event/btc-updown-5m-1780674900,23:55-00:00,31.00,70.00,30.00,69.00,190.19,897.80,929.38,190.19,30.50,69.50,1.00,1.00,18018.34,24874.94,24868.95,18013.34,30,69,69,30,60514.98,60474.49,,
2026-06-05T23:58:50+08:00,btc-updown-5m-1780674900,https://polymarket.com/zh/event/btc-updown-5m-1780674900,23:55-00:00,38.00,63.00,37.00,62.00,114.01,342.95,445.93,130.30,37.50,62.50,1.00,1.00,18065.10,24858.93,24843.93,18145.10,37,62,62,37,60514.98,60488.44,,
2026-06-05T23:58:52+08:00,btc-updown-5m-1780674900,https://polymarket.com/zh/event/btc-updown-5m-1780674900,23:55-00:00,37.00,62.00,36.00,61.00,5.00,527.75,77.00,25.00,36.50,61.50,1.00,1.00,18050.10,24848.94,24881.62,18145.10,36,63,61,38,60514.98,60486.01,,
2026-06-05T23:58:54+08:00,btc-updown-5m-1780674900,https://polymarket.com/zh/event/btc-updown-5m-1780674900,23:55-00:00,40.00,69.00,39.00,67.00,902.43,3.00,108.59,24.18,39.50,68.00,1.00,2.00,17950.10,24870.62,24907.99,17745.10,37,60,65,31,60514.98,60490.60,,
2026-06-05T23:58:56+08:00,btc-updown-5m-1780674900,https://polymarket.com/zh/event/btc-updown-5m-1780674900,23:55-00:00,28.00,73.00,27.00,72.00,1030.51,250.36,254.92,1422.45,27.50,72.50,1.00,1.00,18386.76,24667.27,24667.27,18386.76,27,72,72,27,60514.98,60460.97,,
2026-06-05T23:58:58+08:00,btc-updown-5m-1780674900,https://polymarket.com/zh/event/btc-updown-5m-1780674900,23:55-00:00,26.00,75.00,25.00,74.00,1578.76,2856.78,2856.78,1528.91,25.50,74.50,1.00,1.00,18386.76,24673.77,24662.26,18386.76,25,74,74,25,60514.98,60458.01,,
2026-06-05T23:59:00+08:00,btc-updown-5m-1780674900,https://polymarket.com/zh/event/btc-updown-5m-1780674900,23:55-00:00,22.00,79.00,21.00,78.00,194.42,1070.45,103.08,0.02,21.50,78.50,1.00,1.00,20101.76,24197.26,24203.26,18701.76,21,78,78,21,60514.98,60451.31,,
2026-06-05T23:59:02+08:00,btc-updown-5m-1780674900,https://polymarket.com/zh/event/btc-updown-5m-1780674900,23:55-00:00,23.00,79.00,22.00,78.00,52.00,23.48,5.02,708.78,22.50,78.50,1.00,1.00,18083.42,26098.27,26094.95,18133.42,22,77,78,21,60514.98,60457.99,,
2026-06-05T23:59:04+08:00,btc-updown-5m-1780674900,https://polymarket.com/zh/event/btc-updown-5m-1780674900,23:55-00:00,22.00,79.00,21.00,78.00,26.00,732.34,685.34,6.00,21.50,78.50,1.00,1.00,18003.42,26077.26,26095.01,18003.42,21,78,78,21,60514.98,60456.33,,
2026-06-05T23:59:06+08:00,btc-updown-5m-1780674900,https://polymarket.com/zh/event/btc-updown-5m-1780674900,23:55-00:00,21.00,80.00,20.00,79.00,408.50,576.76,453.81,196.00,20.50,79.50,1.00,1.00,18159.42,26092.27,26097.28,19034.42,20,79,79,20,60514.98,60462.70,,
2026-06-05T23:59:08+08:00,btc-updown-5m-1780674900,https://polymarket.com/zh/event/btc-updown-5m-1780674900,23:55-00:00,21.00,80.00,20.00,79.00,906.59,3.80,3.80,977.63,20.50,79.50,1.00,1.00,18059.42,26081.26,26067.26,17929.42,19,79,79,16,60514.98,60458.17,,
2026-06-05T23:59:10+08:00,btc-updown-5m-1780674900,https://polymarket.com/zh/event/btc-updown-5m-1780674900,23:55-00:00,12.00,90.00,11.00,88.00,98.93,119.79,69.09,140.93,11.50,89.00,1.00,2.00,16041.60,26079.22,26077.28,16011.60,11,88,88,10,60514.98,60428.66,,
2026-06-05T23:59:12+08:00,btc-updown-5m-1780674900,https://polymarket.com/zh/event/btc-updown-5m-1780674900,23:55-00:00,10.00,91.00,9.00,90.00,357.68,98.32,114.57,315.00,9.50,90.50,1.00,1.00,15177.73,26049.26,26065.26,15370.59,9,90,90,9,60514.98,60429.99,,
2026-06-05T23:59:14+08:00,btc-updown-5m-1780674900,https://polymarket.com/zh/event/btc-updown-5m-1780674900,23:55-00:00,10.00,93.00,9.00,92.00,1287.14,87.79,29.76,32.00,9.50,92.50,1.00,1.00,14801.59,26089.27,26084.27,15031.59,8,90,92,7,60514.98,60420.72,,
2026-06-05T23:59:16+08:00,btc-updown-5m-1780674900,https://polymarket.com/zh/event/btc-updown-5m-1780674900,23:55-00:00,5.00,96.00,4.00,95.00,470.30,29.68,472.93,673.23,4.50,95.50,1.00,1.00,11786.25,26029.26,26025.26,11364.69,4,95,95,4,60514.98,60400.49,,
2026-06-05T23:59:18+08:00,btc-updown-5m-1780674900,https://polymarket.com/zh/event/btc-updown-5m-1780674900,23:55-00:00,2.00,98.00,1.00,97.00,84.48,216.80,5680.02,335.38,1.50,97.50,1.00,1.00,5680.02,25506.95,25502.67,5680.12,1,98,97,2,60514.98,60375.11,,
2026-06-05T23:59:20+08:00,btc-updown-5m-1780674900,https://polymarket.com/zh/event/btc-updown-5m-1780674900,23:55-00:00,3.00,98.00,2.00,96.00,129.16,139.82,85.00,177.49,2.50,97.00,1.00,2.00,5166.84,25473.03,25451.67,5204.66,2,97,96,2,60514.98,60381.88,,
2026-06-05T23:59:22+08:00,btc-updown-5m-1780674900,https://polymarket.com/zh/event/btc-updown-5m-1780674900,23:55-00:00,3.00,98.00,2.00,97.00,157.08,276.00,252.59,152.08,2.50,97.50,1.00,1.00,4601.53,25537.67,25536.67,4624.94,2,97,97,2,60514.98,60390.93,,
2026-06-05T23:59:23+08:00,btc-updown-5m-1780674900,https://polymarket.com/zh/event/btc-updown-5m-1780674900,23:55-00:00,2.00,99.00,1.00,98.00,322.47,3117.01,3086.72,247.47,1.50,98.50,1.00,1.00,3086.72,25276.67,25271.67,3117.01,1,98,98,1,60514.98,60390.85,,
2026-06-05T23:59:25+08:00,btc-updown-5m-1780674900,https://polymarket.com/zh/event/btc-updown-5m-1780674900,23:55-00:00,2.00,99.00,1.00,98.00,499.36,2491.09,2493.76,474.36,1.50,98.50,1.00,1.00,2493.76,24961.67,24962.67,2491.09,1,98,98,1,60514.98,60389.98,,
2026-06-05T23:59:27+08:00,btc-updown-5m-1780674900,https://polymarket.com/zh/event/btc-updown-5m-1780674900,23:55-00:00,9.00,92.00,8.00,91.00,19.00,721.23,66.45,12.06,8.50,91.50,1.00,1.00,4435.58,24962.67,24936.67,6163.28,8,91,91,8,60514.98,60429.68,,
2026-06-05T23:59:29+08:00,btc-updown-5m-1780674900,https://polymarket.com/zh/event/btc-updown-5m-1780674900,23:55-00:00,10.00,91.00,9.00,90.00,548.75,253.22,266.73,893.80,9.50,90.50,1.00,1.00,5726.18,24956.67,24957.67,5542.18,9,90,90,9,60514.98,60442.88,,
2026-06-05T23:59:31+08:00,btc-updown-5m-1780674900,https://polymarket.com/zh/event/btc-updown-5m-1780674900,23:55-00:00,5.00,96.00,4.00,95.00,10.00,317.82,275.00,330.00,4.50,95.50,1.00,1.00,2934.03,22947.11,22948.11,2990.22,4,95,95,4,60514.98,60425.98,,
2026-06-05T23:59:33+08:00,btc-updown-5m-1780674900,https://polymarket.com/zh/event/btc-updown-5m-1780674900,23:55-00:00,5.00,96.00,4.00,95.00,147.76,664.32,343.80,20.00,4.50,95.50,1.00,1.00,3653.76,22988.12,23002.13,4297.28,4,95,95,4,60514.98,60433.23,,
2026-06-05T23:59:35+08:00,btc-updown-5m-1780674900,https://polymarket.com/zh/event/btc-updown-5m-1780674900,23:55-00:00,7.00,94.00,6.00,93.00,207.09,333.57,224.64,119.00,6.50,93.50,1.00,1.00,3949.80,22689.51,22684.48,3691.80,6,93,93,6,60514.98,60441.21,,
2026-06-05T23:59:37+08:00,btc-updown-5m-1780674900,https://polymarket.com/zh/event/btc-updown-5m-1780674900,23:55-00:00,6.00,95.00,5.00,94.00,6.00,888.90,829.05,6.00,5.50,94.50,1.00,1.00,4707.34,22709.52,22709.53,4672.19,5,93,94,5,60514.98,60438.89,,
2026-06-05T23:59:39+08:00,btc-updown-5m-1780674900,https://polymarket.com/zh/event/btc-updown-5m-1780674900,23:55-00:00,3.00,98.00,2.00,97.00,123.94,267.27,87.27,171.36,2.50,97.50,1.00,1.00,2580.56,22684.51,22673.51,2771.56,2,97,97,2,60514.98,60430.20,,
2026-06-05T23:59:41+08:00,btc-updown-5m-1780674900,https://polymarket.com/zh/event/btc-updown-5m-1780674900,23:55-00:00,3.00,98.00,2.00,97.00,442.07,10.03,14.96,469.73,2.50,97.50,1.00,1.00,1708.93,22723.51,22724.52,1666.43,2,97,97,2,60514.98,60431.70,,
2026-06-05T23:59:43+08:00,btc-updown-5m-1780674900,https://polymarket.com/zh/event/btc-updown-5m-1780674900,23:55-00:00,3.00,98.00,2.00,97.00,215.00,160.00,215.00,251.60,2.50,97.50,1.00,1.00,1976.40,21883.51,21873.51,1927.40,2,97,96,2,60514.98,60424.16,,
2026-06-05T23:59:45+08:00,btc-updown-5m-1780674900,https://polymarket.com/zh/event/btc-updown-5m-1780674900,23:55-00:00,3.00,99.00,2.00,98.00,487.92,1941.40,5.00,284.66,2.50,98.50,1.00,1.00,1761.40,21879.51,21879.51,1941.40,2,97,98,1,60514.98,60424.25,,
2026-06-05T23:59:46+08:00,btc-updown-5m-1780674900,https://polymarket.com/zh/event/btc-updown-5m-1780674900,23:55-00:00,2.00,99.00,1.00,98.00,452.00,929.14,1052.15,436.00,1.50,98.50,1.00,1.00,1052.15,21818.51,21834.51,929.14,1,98,98,1,60514.98,60410.18,,
2026-06-05T23:59:48+08:00,btc-updown-5m-1780674900,https://polymarket.com/zh/event/btc-updown-5m-1780674900,23:55-00:00,1.00,,,99.00,3985.46,,,4410.51,,,,,,21808.51,21066.51,,0,99,99,0,60514.98,60415.91,,
2026-06-05T23:59:50+08:00,btc-updown-5m-1780674900,https://polymarket.com/zh/event/btc-updown-5m-1780674900,23:55-00:00,1.00,,,99.00,12548.17,,,12958.17,,,,,,14041.51,14041.51,,0,99,99,0,60514.98,60409.05,,
2026-06-05T23:59:52+08:00,btc-updown-5m-1780674900,https://polymarket.com/zh/event/btc-updown-5m-1780674900,23:55-00:00,1.00,,,99.00,33423.02,,,33583.50,,,,,,13889.51,13873.51,,0,67,67,0,60514.98,60417.75,,
2026-06-05T23:59:54+08:00,btc-updown-5m-1780674900,https://polymarket.com/zh/event/btc-updown-5m-1780674900,23:55-00:00,1.00,,,99.00,43225.90,,,43220.64,,,,,,14253.52,14244.51,,0,66,66,0,60514.98,60419.90,,
2026-06-05T23:59:56+08:00,btc-updown-5m-1780674900,https://polymarket.com/zh/event/btc-updown-5m-1780674900,23:55-00:00,1.00,,,99.00,62807.18,,,62797.18,,,,,,14220.59,14210.59,,0,66,66,0,60514.98,60417.80,,
2026-06-05T23:59:58+08:00,btc-updown-5m-1780674900,https://polymarket.com/zh/event/btc-updown-5m-1780674900,23:55-00:00,1.00,,,99.00,87956.71,,,88151.71,,,,,,14844.59,14282.59,,0,67,67,0,60514.98,60406.52,,
