ts_iso,slug,market_url,window_text,buy_up_cents,buy_down_cents,sell_up_cents,sell_down_cents,buy_up_size,buy_down_size,sell_up_size,sell_down_size,mid_up_cents,mid_down_cents,spread_up_cents,spread_down_cents,bid_depth_up_5,ask_depth_up_5,bid_depth_down_5,ask_depth_down_5,level_count_bid_up,level_count_ask_up,level_count_bid_down,level_count_ask_down,target_price,final_price,trade_count_1s,trade_volume_1s
2026-06-30T12:49:41+08:00,btc-updown-5m-1782794700,https://polymarket.com/zh/event/btc-updown-5m-1782794700,12:45-12:50,1.00,,,99.00,5800.76,,,5800.76,,,,,,15564.04,15590.04,,0,98,98,0,,59421.52,,
2026-06-30T12:49:43+08:00,btc-updown-5m-1782794700,https://polymarket.com/zh/event/btc-updown-5m-1782794700,12:45-12:50,1.00,,,99.00,5880.76,,,6082.76,,,,,,15554.04,15574.04,,0,98,98,0,,59421.52,,
2026-06-30T12:49:45+08:00,btc-updown-5m-1782794700,https://polymarket.com/zh/event/btc-updown-5m-1782794700,12:45-12:50,1.00,,,99.00,6508.97,,,6508.97,,,,,,13848.31,13834.31,,0,81,81,0,,59424.19,,
2026-06-30T12:49:47+08:00,btc-updown-5m-1782794700,https://polymarket.com/zh/event/btc-updown-5m-1782794700,12:45-12:50,1.00,,,99.00,6879.37,,,6596.37,,,,,,13548.31,13543.31,,0,80,80,0,,59425.65,,
2026-06-30T12:49:49+08:00,btc-updown-5m-1782794700,https://polymarket.com/zh/event/btc-updown-5m-1782794700,12:45-12:50,1.00,,,99.00,6626.52,,,6626.52,,,,,,13548.31,13534.31,,0,80,80,0,,59425.65,,
2026-06-30T12:49:51+08:00,btc-updown-5m-1782794700,https://polymarket.com/zh/event/btc-updown-5m-1782794700,12:45-12:50,1.00,,,99.00,9992.62,,,9997.62,,,,,,6544.31,6558.31,,0,76,76,0,,59425.65,,
2026-06-30T12:49:53+08:00,btc-updown-5m-1782794700,https://polymarket.com/zh/event/btc-updown-5m-1782794700,12:45-12:50,1.00,99.10,0.90,99.00,10262.31,190.49,190.49,10315.21,0.95,99.05,0.10,0.10,224.06,5681.29,5696.29,249.06,2,84,84,2,,59425.64,,
2026-06-30T12:49:54+08:00,btc-updown-5m-1782794700,https://polymarket.com/zh/event/btc-updown-5m-1782794700,12:45-12:50,0.10,,,99.90,3425.69,,,3377.53,,,,,,5737.29,5721.30,,0,93,93,0,,59437.98,,
2026-06-30T12:49:56+08:00,btc-updown-5m-1782794700,https://polymarket.com/zh/event/btc-updown-5m-1782794700,12:45-12:50,0.10,,,99.90,7574.39,,,7574.39,,,,,,5821.29,5826.29,,0,92,92,0,,59442.45,,
2026-06-30T12:49:58+08:00,btc-updown-5m-1782794700,https://polymarket.com/zh/event/btc-updown-5m-1782794700,12:45-12:50,0.10,,,99.90,7780.34,,,7780.34,,,,,,5836.29,5851.29,,0,97,97,0,,59442.44,,
2026-06-30T12:50:00+08:00,btc-updown-5m-1782795000,https://polymarket.com/zh/event/btc-updown-5m-1782795000,12:50-12:55,54.00,47.00,53.00,46.00,511.48,17.87,117.77,828.57,53.50,46.50,1.00,1.00,32517.44,32585.96,32595.96,32532.44,47,41,45,52,59442.44,59442.44,,
2026-06-30T12:50:02+08:00,btc-updown-5m-1782795000,https://polymarket.com/zh/event/btc-updown-5m-1782795000,12:50-12:55,53.00,49.00,52.00,48.00,188.20,338.86,22.00,277.48,52.50,48.50,1.00,1.00,23324.62,23320.66,23325.66,23414.62,52,47,48,51,59442.44,59436.53,,
2026-06-30T12:50:04+08:00,btc-updown-5m-1782795000,https://polymarket.com/zh/event/btc-updown-5m-1782795000,12:50-12:55,52.00,49.00,51.00,48.00,976.37,134.21,134.21,845.16,51.50,48.50,1.00,1.00,24002.12,23860.66,23870.66,24552.12,50,48,48,51,59442.44,59434.77,,
2026-06-30T12:50:06+08:00,btc-updown-5m-1782795000,https://polymarket.com/zh/event/btc-updown-5m-1782795000,12:50-12:55,47.00,54.00,46.00,53.00,575.67,6.81,12.00,576.38,46.50,53.50,1.00,1.00,23912.12,24028.17,24023.16,23912.12,46,53,53,46,59442.44,59430.59,,
2026-06-30T12:50:08+08:00,btc-updown-5m-1782795000,https://polymarket.com/zh/event/btc-updown-5m-1782795000,12:50-12:55,54.00,47.00,53.00,46.00,274.97,266.57,267.57,274.97,53.50,46.50,1.00,1.00,24257.12,23690.66,21690.66,23737.13,53,46,46,53,59442.44,59437.99,,
2026-06-30T12:50:09+08:00,btc-updown-5m-1782795000,https://polymarket.com/zh/event/btc-updown-5m-1782795000,12:50-12:55,56.00,45.00,55.00,44.00,555.07,125.36,148.25,555.07,55.50,44.50,1.00,1.00,21739.77,21783.81,21788.81,21754.77,55,44,44,55,59442.44,59442.00,,
2026-06-30T12:50:11+08:00,btc-updown-5m-1782795000,https://polymarket.com/zh/event/btc-updown-5m-1782795000,12:50-12:55,62.00,39.00,61.00,38.00,485.34,126.97,125.00,510.34,61.50,38.50,1.00,1.00,21082.27,20608.81,20553.81,20587.27,61,38,38,61,59442.44,59442.02,,
2026-06-30T12:50:13+08:00,btc-updown-5m-1782795000,https://polymarket.com/zh/event/btc-updown-5m-1782795000,12:50-12:55,64.00,37.00,63.00,36.00,11.88,389.23,366.00,181.29,63.50,36.50,1.00,1.00,21127.27,20640.81,20640.81,20654.77,63,36,36,63,59442.44,59442.91,,
2026-06-30T12:50:15+08:00,btc-updown-5m-1782795000,https://polymarket.com/zh/event/btc-updown-5m-1782795000,12:50-12:55,60.00,43.00,59.00,40.00,873.72,25.06,67.13,887.05,59.50,41.50,1.00,3.00,21152.27,20505.81,20515.81,20747.27,58,40,40,57,59442.44,59439.64,,
2026-06-30T12:50:17+08:00,btc-updown-5m-1782795000,https://polymarket.com/zh/event/btc-updown-5m-1782795000,12:50-12:55,55.00,46.00,54.00,45.00,987.93,48.14,54.73,1047.97,54.50,45.50,1.00,1.00,20647.27,20510.81,20500.81,21262.27,54,45,45,54,59442.44,59437.99,,
2026-06-30T12:50:19+08:00,btc-updown-5m-1782795000,https://polymarket.com/zh/event/btc-updown-5m-1782795000,12:50-12:55,52.00,49.00,51.00,48.00,392.46,98.49,233.40,467.46,51.50,48.50,1.00,1.00,20663.27,20500.81,20505.81,20643.27,51,48,48,51,59442.44,59437.99,,
2026-06-30T12:50:21+08:00,btc-updown-5m-1782795000,https://polymarket.com/zh/event/btc-updown-5m-1782795000,12:50-12:55,51.00,50.00,50.00,49.00,737.67,256.24,271.40,779.63,50.50,49.50,1.00,1.00,21830.89,22798.14,22773.14,21420.19,50,49,49,50,59442.44,59436.62,,
2026-06-30T12:50:23+08:00,btc-updown-5m-1782795000,https://polymarket.com/zh/event/btc-updown-5m-1782795000,12:50-12:55,47.00,54.00,46.00,53.00,585.60,498.68,499.56,310.60,46.50,53.50,1.00,1.00,21734.58,23512.82,23618.82,21744.58,46,53,53,46,59442.44,59436.62,,
2026-06-30T12:50:24+08:00,btc-updown-5m-1782795000,https://polymarket.com/zh/event/btc-updown-5m-1782795000,12:50-12:55,45.00,56.00,44.00,55.00,110.00,428.15,453.97,110.00,44.50,55.50,1.00,1.00,21866.98,21722.12,21602.12,23856.98,44,55,55,44,59442.44,59430.59,,
2026-06-30T12:50:26+08:00,btc-updown-5m-1782795000,https://polymarket.com/zh/event/btc-updown-5m-1782795000,12:50-12:55,45.00,56.00,44.00,55.00,625.94,270.72,288.61,625.94,44.50,55.50,1.00,1.00,23866.98,23790.52,23674.52,23856.98,44,55,55,44,59442.44,59430.59,,
2026-06-30T12:50:28+08:00,btc-updown-5m-1782795000,https://polymarket.com/zh/event/btc-updown-5m-1782795000,12:50-12:55,42.00,59.00,41.00,58.00,140.00,647.92,632.55,155.00,41.50,58.50,1.00,1.00,24051.98,21789.52,21809.52,24056.98,41,58,58,41,59442.44,59430.58,,
2026-06-30T12:50:30+08:00,btc-updown-5m-1782795000,https://polymarket.com/zh/event/btc-updown-5m-1782795000,12:50-12:55,45.00,56.00,44.00,55.00,674.64,43.66,70.25,669.64,44.50,55.50,1.00,1.00,24061.98,21848.02,21392.03,23591.98,44,55,55,44,59442.44,59425.98,,
2026-06-30T12:50:32+08:00,btc-updown-5m-1782795000,https://polymarket.com/zh/event/btc-updown-5m-1782795000,12:50-12:55,43.00,58.00,42.00,57.00,711.35,8.02,20.27,576.55,42.50,57.50,1.00,1.00,23617.98,21340.53,21319.52,23697.98,42,57,57,42,59442.44,59425.98,,
2026-06-30T12:50:34+08:00,btc-updown-5m-1782795000,https://polymarket.com/zh/event/btc-updown-5m-1782795000,12:50-12:55,42.00,59.00,41.00,58.00,90.22,519.59,416.29,90.22,41.50,58.50,1.00,1.00,23612.98,21383.02,21278.03,23607.98,41,58,58,41,59442.44,59423.95,,
2026-06-30T12:50:36+08:00,btc-updown-5m-1782795000,https://polymarket.com/zh/event/btc-updown-5m-1782795000,12:50-12:55,43.00,58.00,42.00,57.00,305.60,111.54,111.54,305.60,42.50,57.50,1.00,1.00,23636.31,21349.52,21324.52,23596.31,42,57,57,42,59442.44,59422.00,,
2026-06-30T12:50:37+08:00,btc-updown-5m-1782795000,https://polymarket.com/zh/event/btc-updown-5m-1782795000,12:50-12:55,44.00,57.00,43.00,56.00,178.77,459.79,470.33,183.77,43.50,56.50,1.00,1.00,23591.31,21377.02,21388.02,23611.31,43,56,56,43,59442.44,59421.90,,
2026-06-30T12:50:39+08:00,btc-updown-5m-1782795000,https://polymarket.com/zh/event/btc-updown-5m-1782795000,12:50-12:55,48.00,53.00,47.00,52.00,177.92,1060.40,1060.40,150.00,47.50,52.50,1.00,1.00,23596.31,21430.52,21439.53,23596.31,47,52,52,47,59442.44,59421.90,,
2026-06-30T12:50:41+08:00,btc-updown-5m-1782795000,https://polymarket.com/zh/event/btc-updown-5m-1782795000,12:50-12:55,49.00,52.00,48.00,51.00,305.76,600.78,575.78,305.76,48.50,51.50,1.00,1.00,23707.37,21324.52,21367.02,23702.37,48,51,51,48,59442.44,59430.01,,
2026-06-30T12:50:43+08:00,btc-updown-5m-1782795000,https://polymarket.com/zh/event/btc-updown-5m-1782795000,12:50-12:55,49.00,52.00,48.00,51.00,307.66,538.96,513.96,277.66,48.50,51.50,1.00,1.00,23707.37,21345.52,21225.52,23707.37,48,51,51,48,59442.44,59430.01,,
2026-06-30T12:50:45+08:00,btc-updown-5m-1782795000,https://polymarket.com/zh/event/btc-updown-5m-1782795000,12:50-12:55,50.00,51.00,49.00,49.00,60.00,649.41,299.83,182.12,49.50,50.00,1.00,2.00,23707.37,21273.52,21267.52,23707.37,49,50,49,49,59442.44,59428.00,,
2026-06-30T12:50:47+08:00,btc-updown-5m-1782795000,https://polymarket.com/zh/event/btc-updown-5m-1782795000,12:50-12:55,47.00,54.00,46.00,53.00,115.00,1507.35,1439.21,115.00,46.50,53.50,1.00,1.00,23702.37,21457.52,21437.53,23702.37,46,53,53,46,59442.44,59430.00,,
2026-06-30T12:50:49+08:00,btc-updown-5m-1782795000,https://polymarket.com/zh/event/btc-updown-5m-1782795000,12:50-12:55,50.00,51.00,49.00,50.00,53.00,885.79,912.76,58.00,49.50,50.50,1.00,1.00,23707.37,21379.52,21384.52,23702.37,49,50,50,49,59442.44,59430.59,,
2026-06-30T12:50:51+08:00,btc-updown-5m-1782795000,https://polymarket.com/zh/event/btc-updown-5m-1782795000,12:50-12:55,50.00,52.00,49.00,51.00,613.39,540.99,29.61,100.00,49.50,51.50,1.00,1.00,23702.37,21469.52,21480.52,23712.37,49,50,51,48,59442.44,59430.58,,
2026-06-30T12:50:52+08:00,btc-updown-5m-1782795000,https://polymarket.com/zh/event/btc-updown-5m-1782795000,12:50-12:55,49.00,52.00,48.00,51.00,326.42,936.68,1012.84,326.42,48.50,51.50,1.00,1.00,23702.37,21364.52,21469.52,23712.37,48,51,51,48,59442.44,59430.58,,
2026-06-30T12:50:54+08:00,btc-updown-5m-1782795000,https://polymarket.com/zh/event/btc-updown-5m-1782795000,12:50-12:55,49.00,52.00,48.00,51.00,198.20,953.72,957.72,196.15,48.50,51.50,1.00,1.00,23702.37,21428.02,21380.53,23717.37,48,51,51,48,59442.44,59430.58,,
2026-06-30T12:50:56+08:00,btc-updown-5m-1782795000,https://polymarket.com/zh/event/btc-updown-5m-1782795000,12:50-12:55,49.00,52.00,48.00,51.00,86.78,1390.55,1416.53,81.78,48.50,51.50,1.00,1.00,23702.37,21479.52,21484.52,23702.37,48,51,51,48,59442.44,59430.58,,
2026-06-30T12:50:58+08:00,btc-updown-5m-1782795000,https://polymarket.com/zh/event/btc-updown-5m-1782795000,12:50-12:55,50.00,51.00,49.00,50.00,166.00,1271.00,473.00,54.28,49.50,50.50,1.00,1.00,23707.37,21427.03,21369.02,23702.37,49,50,50,49,59442.44,59430.58,,
2026-06-30T12:51:00+08:00,btc-updown-5m-1782795000,https://polymarket.com/zh/event/btc-updown-5m-1782795000,12:50-12:55,53.00,48.00,52.00,47.00,147.56,477.44,352.73,152.56,52.50,47.50,1.00,1.00,25767.37,23279.52,23274.52,25829.07,52,47,47,52,59442.44,59430.59,,
2026-06-30T12:51:02+08:00,btc-updown-5m-1782795000,https://polymarket.com/zh/event/btc-updown-5m-1782795000,12:50-12:55,52.00,49.00,51.00,48.00,552.10,40.00,95.00,678.98,51.50,48.50,1.00,1.00,26451.57,23501.22,23496.22,25871.58,51,48,48,51,59442.44,59430.58,,
2026-06-30T12:51:04+08:00,btc-updown-5m-1782795000,https://polymarket.com/zh/event/btc-updown-5m-1782795000,12:50-12:55,44.00,57.00,43.00,56.00,151.00,511.55,441.55,145.00,43.50,56.50,1.00,1.00,25814.07,23382.23,23381.22,25799.07,43,56,56,43,59442.44,59423.21,,
2026-06-30T12:51:05+08:00,btc-updown-5m-1782795000,https://polymarket.com/zh/event/btc-updown-5m-1782795000,12:50-12:55,48.00,53.00,47.00,52.00,224.31,106.15,88.74,373.49,47.50,52.50,1.00,1.00,25904.07,23387.73,23481.72,25819.07,47,52,52,47,59442.44,59430.57,,
2026-06-30T12:51:07+08:00,btc-updown-5m-1782795000,https://polymarket.com/zh/event/btc-updown-5m-1782795000,12:50-12:55,48.00,53.00,47.00,52.00,99.36,754.06,749.06,99.36,47.50,52.50,1.00,1.00,25507.07,23118.22,23112.23,25497.07,47,52,52,47,59442.44,59429.14,,
2026-06-30T12:51:09+08:00,btc-updown-5m-1782795000,https://polymarket.com/zh/event/btc-updown-5m-1782795000,12:50-12:55,47.00,54.00,46.00,53.00,1001.74,537.01,118.14,115.64,46.50,53.50,1.00,1.00,25502.07,23049.22,22992.22,25497.07,46,53,53,46,59442.44,59426.87,,
2026-06-30T12:51:11+08:00,btc-updown-5m-1782795000,https://polymarket.com/zh/event/btc-updown-5m-1782795000,12:50-12:55,48.00,53.00,47.00,52.00,60.62,1526.42,1532.42,55.62,47.50,52.50,1.00,1.00,24885.37,22717.53,22597.52,24880.37,47,52,52,47,59442.44,59426.87,,
2026-06-30T12:51:13+08:00,btc-updown-5m-1782795000,https://polymarket.com/zh/event/btc-updown-5m-1782795000,12:50-12:55,50.00,51.00,49.00,50.00,100.00,488.62,372.51,99.00,49.50,50.50,1.00,1.00,24885.37,22554.52,22515.52,24880.37,49,50,50,49,59442.44,59429.14,,
2026-06-30T12:51:15+08:00,btc-updown-5m-1782795000,https://polymarket.com/zh/event/btc-updown-5m-1782795000,12:50-12:55,50.00,51.00,49.00,50.00,165.32,469.04,469.04,165.32,49.50,50.50,1.00,1.00,24880.37,22487.52,22517.52,24895.37,49,50,50,49,59442.44,59429.15,,
2026-06-30T12:51:17+08:00,btc-updown-5m-1782795000,https://polymarket.com/zh/event/btc-updown-5m-1782795000,12:50-12:55,54.00,47.00,53.00,46.00,552.18,19.80,46.80,552.18,53.50,46.50,1.00,1.00,24985.37,22487.52,22497.52,25495.37,53,46,46,53,59442.44,59434.99,,
2026-06-30T12:51:18+08:00,btc-updown-5m-1782795000,https://polymarket.com/zh/event/btc-updown-5m-1782795000,12:50-12:55,59.00,42.00,58.00,41.00,209.83,597.21,646.79,209.83,58.50,41.50,1.00,1.00,24980.37,22482.52,22492.52,25490.37,58,41,41,58,59442.44,59437.99,,
2026-06-30T12:51:20+08:00,btc-updown-5m-1782795000,https://polymarket.com/zh/event/btc-updown-5m-1782795000,12:50-12:55,60.00,41.00,59.00,40.00,470.58,126.21,126.21,463.58,59.50,40.50,1.00,1.00,24985.37,22502.52,22487.52,24890.37,59,40,40,59,59442.44,59437.99,,
2026-06-30T12:51:22+08:00,btc-updown-5m-1782795000,https://polymarket.com/zh/event/btc-updown-5m-1782795000,12:50-12:55,58.00,43.00,57.00,39.00,230.57,570.39,305.81,23.92,57.50,41.00,1.00,4.00,24947.87,22502.52,22487.52,24932.87,57,42,39,57,59442.44,59437.99,,
2026-06-30T12:51:24+08:00,btc-updown-5m-1782795000,https://polymarket.com/zh/event/btc-updown-5m-1782795000,12:50-12:55,60.00,41.00,59.00,40.00,176.21,124.26,124.26,352.81,59.50,40.50,1.00,1.00,24995.37,22487.52,22487.52,24990.37,59,40,40,59,59442.44,59437.99,,
2026-06-30T12:51:26+08:00,btc-updown-5m-1782795000,https://polymarket.com/zh/event/btc-updown-5m-1782795000,12:50-12:55,53.00,48.00,52.00,47.00,303.66,399.87,399.87,278.66,52.50,47.50,1.00,1.00,25042.87,22342.52,22332.52,25432.87,52,47,47,52,59442.44,59437.99,,
2026-06-30T12:51:28+08:00,btc-updown-5m-1782795000,https://polymarket.com/zh/event/btc-updown-5m-1782795000,12:50-12:55,52.00,49.00,51.00,48.00,575.42,217.66,120.00,575.42,51.50,48.50,1.00,1.00,25000.37,22527.52,22522.52,25090.37,51,48,48,51,59442.44,59436.40,,
2026-06-30T12:51:30+08:00,btc-updown-5m-1782795000,https://polymarket.com/zh/event/btc-updown-5m-1782795000,12:50-12:55,52.00,49.00,51.00,48.00,887.10,47.55,47.55,987.10,51.50,48.50,1.00,1.00,25057.87,22527.52,22517.52,25452.87,51,48,48,51,59442.44,59433.34,,
2026-06-30T12:51:31+08:00,btc-updown-5m-1782795000,https://polymarket.com/zh/event/btc-updown-5m-1782795000,12:50-12:55,46.00,55.00,45.00,54.00,485.57,1093.25,1049.67,350.28,45.50,54.50,1.00,1.00,24519.37,22252.52,22236.53,24509.37,45,54,54,45,59442.44,59433.34,,
2026-06-30T12:51:33+08:00,btc-updown-5m-1782795000,https://polymarket.com/zh/event/btc-updown-5m-1782795000,12:50-12:55,48.00,53.00,47.00,52.00,53.67,1080.07,1116.72,28.67,47.50,52.50,1.00,1.00,24377.37,22131.52,22189.02,24499.37,47,52,52,47,59442.44,59432.90,,
2026-06-30T12:51:35+08:00,btc-updown-5m-1782795000,https://polymarket.com/zh/event/btc-updown-5m-1782795000,12:50-12:55,53.00,48.00,52.00,47.00,41.91,866.88,906.88,41.91,52.50,47.50,1.00,1.00,25114.37,22126.52,22121.52,24609.37,52,47,47,52,59442.44,59433.34,,
2026-06-30T12:51:37+08:00,btc-updown-5m-1782795000,https://polymarket.com/zh/event/btc-updown-5m-1782795000,12:50-12:55,58.00,43.00,57.00,42.00,85.00,278.54,912.70,1110.94,57.50,42.50,1.00,1.00,25084.37,22121.52,22126.52,25124.37,57,42,42,57,59442.44,59437.18,,
2026-06-30T12:51:39+08:00,btc-updown-5m-1782795000,https://polymarket.com/zh/event/btc-updown-5m-1782795000,12:50-12:55,56.00,45.00,55.00,44.00,788.01,30.00,80.67,929.95,55.50,44.50,1.00,1.00,24604.38,22121.52,22131.52,24514.37,55,44,44,55,59442.44,59437.99,,
2026-06-30T12:51:41+08:00,btc-updown-5m-1782795000,https://polymarket.com/zh/event/btc-updown-5m-1782795000,12:50-12:55,48.00,53.00,47.00,52.00,361.88,549.75,581.37,306.88,47.50,52.50,1.00,1.00,24382.37,22226.52,22221.52,24372.37,47,52,52,47,59442.44,59433.34,,
2026-06-30T12:51:42+08:00,btc-updown-5m-1782795000,https://polymarket.com/zh/event/btc-updown-5m-1782795000,12:50-12:55,52.00,49.00,51.00,48.00,722.26,480.28,480.28,752.33,51.50,48.50,1.00,1.00,24589.37,22121.52,22131.52,25099.37,51,48,48,51,59442.44,59433.34,,
2026-06-30T12:51:44+08:00,btc-updown-5m-1782795000,https://polymarket.com/zh/event/btc-updown-5m-1782795000,12:50-12:55,50.00,51.00,49.00,50.00,714.87,35.00,70.00,738.28,49.50,50.50,1.00,1.00,24594.38,22121.52,22131.52,24499.37,49,50,50,49,59442.44,59433.34,,
2026-06-30T12:51:46+08:00,btc-updown-5m-1782795000,https://polymarket.com/zh/event/btc-updown-5m-1782795000,12:50-12:55,48.00,53.00,47.00,52.00,165.00,1255.03,1305.03,135.00,47.50,52.50,1.00,1.00,24484.37,22279.02,22294.03,24499.37,47,52,52,47,59442.44,59433.34,,
2026-06-30T12:51:48+08:00,btc-updown-5m-1782795000,https://polymarket.com/zh/event/btc-updown-5m-1782795000,12:50-12:55,48.00,53.00,47.00,52.00,619.19,581.18,434.43,452.92,47.50,52.50,1.00,1.00,24484.37,22226.52,22347.52,24499.37,47,52,52,47,59442.44,59433.34,,
2026-06-30T12:51:50+08:00,btc-updown-5m-1782795000,https://polymarket.com/zh/event/btc-updown-5m-1782795000,12:50-12:55,48.00,53.00,47.00,52.00,115.82,979.20,1026.37,115.82,47.50,52.50,1.00,1.00,24484.37,22185.02,22195.02,24499.37,47,52,52,47,59442.44,59433.35,,
2026-06-30T12:51:52+08:00,btc-updown-5m-1782795000,https://polymarket.com/zh/event/btc-updown-5m-1782795000,12:50-12:55,48.00,53.00,47.00,52.00,130.82,644.25,644.25,130.82,47.50,52.50,1.00,1.00,24489.37,22241.52,22331.52,24484.37,47,52,52,47,59442.44,59433.34,,
2026-06-30T12:51:54+08:00,btc-updown-5m-1782795000,https://polymarket.com/zh/event/btc-updown-5m-1782795000,12:50-12:55,48.00,53.00,47.00,52.00,321.64,582.24,502.44,194.04,47.50,52.50,1.00,1.00,24489.37,22274.02,22279.02,24484.37,47,52,52,47,59442.44,59433.34,,
2026-06-30T12:51:56+08:00,btc-updown-5m-1782795000,https://polymarket.com/zh/event/btc-updown-5m-1782795000,12:50-12:55,54.00,47.00,53.00,46.00,621.07,205.67,255.67,634.06,53.50,46.50,1.00,1.00,25194.37,22131.52,22121.52,24689.37,53,46,46,53,59442.44,59433.34,,
2026-06-30T12:51:57+08:00,btc-updown-5m-1782795000,https://polymarket.com/zh/event/btc-updown-5m-1782795000,12:50-12:55,43.00,59.00,41.00,58.00,391.95,96.45,160.00,216.82,42.00,58.50,2.00,1.00,24897.37,22236.52,22246.53,24922.37,41,57,58,41,59442.44,59432.54,,
2026-06-30T12:51:59+08:00,btc-updown-5m-1782795000,https://polymarket.com/zh/event/btc-updown-5m-1782795000,12:50-12:55,41.00,60.00,40.00,59.00,855.88,121.91,108.37,860.88,40.50,59.50,1.00,1.00,24964.37,22121.52,22221.52,24969.37,40,59,59,40,59442.44,59424.54,,
2026-06-30T12:52:01+08:00,btc-updown-5m-1782795000,https://polymarket.com/zh/event/btc-updown-5m-1782795000,12:50-12:55,41.00,61.00,39.00,60.00,937.59,25.00,25.00,818.89,40.00,60.50,2.00,1.00,24311.37,22068.52,22093.53,24536.37,39,59,60,39,59442.44,59421.90,,
2026-06-30T12:52:03+08:00,btc-updown-5m-1782795000,https://polymarket.com/zh/event/btc-updown-5m-1782795000,12:50-12:55,30.00,71.00,29.00,70.00,66.67,29.95,162.41,66.67,29.50,70.50,1.00,1.00,24191.37,21924.53,21918.52,24241.37,29,69,70,29,59442.44,59421.91,,
2026-06-30T12:52:05+08:00,btc-updown-5m-1782795000,https://polymarket.com/zh/event/btc-updown-5m-1782795000,12:50-12:55,30.00,71.00,29.00,70.00,547.74,315.68,290.68,506.49,29.50,70.50,1.00,1.00,24468.37,21789.53,21794.52,24473.37,29,70,70,29,59442.44,59415.48,,
2026-06-30T12:52:07+08:00,btc-updown-5m-1782795000,https://polymarket.com/zh/event/btc-updown-5m-1782795000,12:50-12:55,30.00,71.00,29.00,70.00,1115.92,85.12,87.01,1035.92,29.50,70.50,1.00,1.00,24468.37,21774.52,21774.52,24518.37,29,70,70,29,59442.44,59415.49,,
2026-06-30T12:52:08+08:00,btc-updown-5m-1782795000,https://polymarket.com/zh/event/btc-updown-5m-1782795000,12:50-12:55,26.00,75.00,25.00,74.00,334.81,511.44,430.88,115.97,25.50,74.50,1.00,1.00,24383.37,21879.52,22039.52,24353.37,25,74,74,25,59442.44,59415.49,,
2026-06-30T12:52:10+08:00,btc-updown-5m-1782795000,https://polymarket.com/zh/event/btc-updown-5m-1782795000,12:50-12:55,29.00,72.00,28.00,71.00,63.75,734.60,875.25,93.75,28.50,71.50,1.00,1.00,23933.37,21998.03,21997.02,23963.37,28,71,71,28,59442.44,59415.48,,
2026-06-30T12:52:12+08:00,btc-updown-5m-1782795000,https://polymarket.com/zh/event/btc-updown-5m-1782795000,12:50-12:55,27.00,74.00,26.00,73.00,707.90,147.00,147.00,737.90,26.50,73.50,1.00,1.00,24003.37,21979.52,21995.52,24003.37,26,73,73,26,59442.44,59415.48,,
2026-06-30T12:52:14+08:00,btc-updown-5m-1782795000,https://polymarket.com/zh/event/btc-updown-5m-1782795000,12:50-12:55,25.00,76.00,24.00,75.00,498.08,464.76,531.95,443.39,24.50,75.50,1.00,1.00,24257.37,22032.02,22048.03,24257.37,24,75,75,24,59442.44,59413.18,,
2026-06-30T12:52:16+08:00,btc-updown-5m-1782795000,https://polymarket.com/zh/event/btc-updown-5m-1782795000,12:50-12:55,25.00,75.00,24.00,74.00,22.72,390.71,564.14,281.03,24.50,74.50,1.00,1.00,24423.28,22005.52,22095.52,24453.28,24,75,74,25,59442.44,59412.99,,
2026-06-30T12:52:18+08:00,btc-updown-5m-1782795000,https://polymarket.com/zh/event/btc-updown-5m-1782795000,12:50-12:55,25.00,76.00,24.00,75.00,833.62,411.53,116.33,225.50,24.50,75.50,1.00,1.00,24711.95,21832.02,22142.02,24913.95,24,75,75,24,59442.44,59409.44,,
2026-06-30T12:52:20+08:00,btc-updown-5m-1782795000,https://polymarket.com/zh/event/btc-updown-5m-1782795000,12:50-12:55,26.00,75.00,25.00,74.00,478.65,426.41,403.54,324.74,25.50,74.50,1.00,1.00,23613.95,22105.52,22089.53,23613.95,25,74,74,25,59442.44,59409.44,,
2026-06-30T12:52:22+08:00,btc-updown-5m-1782795000,https://polymarket.com/zh/event/btc-updown-5m-1782795000,12:50-12:55,33.00,68.00,32.00,67.00,650.01,38.42,38.42,650.01,32.50,67.50,1.00,1.00,23537.38,22212.02,22197.02,23532.38,32,67,67,32,59442.44,59414.61,,
2026-06-30T12:52:24+08:00,btc-updown-5m-1782795000,https://polymarket.com/zh/event/btc-updown-5m-1782795000,12:50-12:55,33.00,68.00,32.00,67.00,233.00,348.04,402.51,240.33,32.50,67.50,1.00,1.00,23421.38,22264.53,22259.52,23224.38,32,67,67,32,59442.44,59414.61,,
2026-06-30T12:52:25+08:00,btc-updown-5m-1782795000,https://polymarket.com/zh/event/btc-updown-5m-1782795000,12:50-12:55,34.00,67.00,33.00,66.00,631.89,587.76,490.56,282.01,33.50,66.50,1.00,1.00,23046.38,22064.52,22237.02,23061.38,33,66,66,33,59442.44,59414.61,,
2026-06-30T12:52:27+08:00,btc-updown-5m-1782795000,https://polymarket.com/zh/event/btc-updown-5m-1782795000,12:50-12:55,34.00,67.00,33.00,66.00,131.39,729.24,669.83,104.91,33.50,66.50,1.00,1.00,23056.38,22263.18,22153.18,23046.38,33,66,66,33,59442.44,59414.61,,
2026-06-30T12:52:29+08:00,btc-updown-5m-1782795000,https://polymarket.com/zh/event/btc-updown-5m-1782795000,12:50-12:55,29.00,72.00,28.00,71.00,532.32,94.42,65.79,455.67,28.50,71.50,1.00,1.00,23632.38,22098.19,21998.18,23637.38,28,71,71,28,59442.44,59414.61,,
2026-06-30T12:52:31+08:00,btc-updown-5m-1782795000,https://polymarket.com/zh/event/btc-updown-5m-1782795000,12:50-12:55,29.00,72.00,28.00,71.00,286.11,618.30,662.25,302.89,28.50,71.50,1.00,1.00,21591.38,22098.18,22009.18,21598.38,28,71,71,28,59442.44,59409.45,,
2026-06-30T12:52:33+08:00,btc-updown-5m-1782795000,https://polymarket.com/zh/event/btc-updown-5m-1782795000,12:50-12:55,29.00,72.00,28.00,71.00,305.35,302.30,554.39,295.35,28.50,71.50,1.00,1.00,21498.38,21799.18,21813.19,21498.38,28,71,71,28,59442.44,59409.44,,
2026-06-30T12:52:35+08:00,btc-updown-5m-1782795000,https://polymarket.com/zh/event/btc-updown-5m-1782795000,12:50-12:55,28.00,73.00,27.00,72.00,88.26,685.44,730.01,88.26,27.50,72.50,1.00,1.00,21402.38,22109.52,22109.52,21402.38,27,72,72,27,59442.44,59412.77,,
2026-06-30T12:52:37+08:00,btc-updown-5m-1782795000,https://polymarket.com/zh/event/btc-updown-5m-1782795000,12:50-12:55,29.00,72.00,28.00,71.00,53.88,172.86,368.25,463.88,28.50,71.50,1.00,1.00,21532.38,22113.52,22009.52,21532.38,28,71,71,28,59442.44,59412.78,,
2026-06-30T12:52:38+08:00,btc-updown-5m-1782795000,https://polymarket.com/zh/event/btc-updown-5m-1782795000,12:50-12:55,25.00,76.00,24.00,75.00,596.82,308.08,308.08,574.25,24.50,75.50,1.00,1.00,21547.38,21901.02,21848.52,21532.38,24,75,75,24,59442.44,59412.77,,
2026-06-30T12:52:40+08:00,btc-updown-5m-1782795000,https://polymarket.com/zh/event/btc-updown-5m-1782795000,12:50-12:55,24.00,77.00,23.00,76.00,253.19,557.40,557.40,220.19,23.50,76.50,1.00,1.00,21968.38,22059.52,21954.52,21968.38,23,76,76,23,59442.44,59406.42,,
2026-06-30T12:52:42+08:00,btc-updown-5m-1782795000,https://polymarket.com/zh/event/btc-updown-5m-1782795000,12:50-12:55,23.00,78.00,22.00,77.00,93.86,724.75,644.08,203.83,22.50,77.50,1.00,1.00,21801.01,21896.03,21906.02,21801.01,22,77,77,22,59442.44,59404.40,,
2026-06-30T12:52:44+08:00,btc-updown-5m-1782795000,https://polymarket.com/zh/event/btc-updown-5m-1782795000,12:50-12:55,23.00,78.00,22.00,77.00,1317.29,46.55,79.61,1359.29,22.50,77.50,1.00,1.00,21494.76,21978.52,21868.52,21594.76,22,77,77,22,59442.44,59401.41,,
2026-06-30T12:52:46+08:00,btc-updown-5m-1782795000,https://polymarket.com/zh/event/btc-updown-5m-1782795000,12:50-12:55,24.00,77.00,23.00,76.00,562.45,301.44,301.44,557.95,23.50,76.50,1.00,1.00,21119.89,21921.02,21916.02,21119.89,23,76,76,23,59442.44,59402.30,,
2026-06-30T12:52:48+08:00,btc-updown-5m-1782795000,https://polymarket.com/zh/event/btc-updown-5m-1782795000,12:50-12:55,24.00,77.00,23.00,76.00,119.87,600.83,582.13,114.53,23.50,76.50,1.00,1.00,21106.38,21914.53,21893.52,21106.38,23,76,76,23,59442.44,59402.91,,
2026-06-30T12:52:50+08:00,btc-updown-5m-1782795000,https://polymarket.com/zh/event/btc-updown-5m-1782795000,12:50-12:55,24.00,77.00,23.00,76.00,629.54,107.80,95.80,629.54,23.50,76.50,1.00,1.00,21171.38,21852.02,21946.02,21176.38,23,76,76,23,59442.44,59403.64,,
2026-06-30T12:52:51+08:00,btc-updown-5m-1782795000,https://polymarket.com/zh/event/btc-updown-5m-1782795000,12:50-12:55,29.00,72.00,28.00,71.00,185.28,272.39,304.13,268.92,28.50,71.50,1.00,1.00,21967.38,21974.52,22043.52,21967.38,28,71,71,28,59442.44,59406.43,,
2026-06-30T12:52:53+08:00,btc-updown-5m-1782795000,https://polymarket.com/zh/event/btc-updown-5m-1782795000,12:50-12:55,27.00,74.00,26.00,73.00,717.63,15.00,15.00,732.63,26.50,73.50,1.00,1.00,21967.38,21958.52,22121.02,21962.38,26,73,73,26,59442.44,59410.61,,
2026-06-30T12:52:55+08:00,btc-updown-5m-1782795000,https://polymarket.com/zh/event/btc-updown-5m-1782795000,12:50-12:55,25.00,76.00,24.00,75.00,635.75,160.87,161.61,497.28,24.50,75.50,1.00,1.00,21832.38,21914.52,21949.53,21837.38,24,75,75,24,59442.44,59410.61,,
2026-06-30T12:52:57+08:00,btc-updown-5m-1782795000,https://polymarket.com/zh/event/btc-updown-5m-1782795000,12:50-12:55,28.00,76.00,27.00,75.00,1449.97,49.38,109.27,300.01,27.50,75.50,1.00,1.00,21886.38,21643.52,21673.52,21881.38,27,72,75,24,59442.44,59410.61,,
2026-06-30T12:52:59+08:00,btc-updown-5m-1782795000,https://polymarket.com/zh/event/btc-updown-5m-1782795000,12:50-12:55,23.00,77.00,22.00,76.00,34.04,176.26,561.88,229.00,22.50,76.50,1.00,1.00,21846.38,21929.53,21823.52,21846.38,22,77,76,23,59442.44,59403.99,,
2026-06-30T12:53:01+08:00,btc-updown-5m-1782795000,https://polymarket.com/zh/event/btc-updown-5m-1782795000,12:50-12:55,29.00,72.00,28.00,71.00,198.29,337.80,432.04,163.23,28.50,71.50,1.00,1.00,21536.38,21613.52,21714.52,21546.38,28,71,71,28,59442.44,59410.64,,
2026-06-30T12:53:03+08:00,btc-updown-5m-1782795000,https://polymarket.com/zh/event/btc-updown-5m-1782795000,12:50-12:55,29.00,72.00,28.00,71.00,77.56,583.92,588.92,77.56,28.50,71.50,1.00,1.00,21581.38,21588.52,21458.52,21326.38,28,71,71,28,59442.44,59411.92,,
2026-06-30T12:53:04+08:00,btc-updown-5m-1782795000,https://polymarket.com/zh/event/btc-updown-5m-1782795000,12:50-12:55,30.00,71.00,29.00,70.00,121.95,536.59,556.59,121.95,29.50,70.50,1.00,1.00,21226.38,21457.08,21342.08,21226.38,29,70,70,29,59442.44,59413.01,,
2026-06-30T12:53:06+08:00,btc-updown-5m-1782795000,https://polymarket.com/zh/event/btc-updown-5m-1782795000,12:50-12:55,31.00,70.00,30.00,69.00,412.51,323.98,454.80,685.18,30.50,69.50,1.00,1.00,21066.25,21404.59,21398.58,21071.25,30,69,69,30,59442.44,59413.01,,
2026-06-30T12:53:08+08:00,btc-updown-5m-1782795000,https://polymarket.com/zh/event/btc-updown-5m-1782795000,12:50-12:55,34.00,67.00,33.00,66.00,393.79,281.77,240.15,387.46,33.50,66.50,1.00,1.00,21106.25,21446.09,21351.08,21111.25,33,66,66,33,59442.44,59413.02,,
2026-06-30T12:53:10+08:00,btc-updown-5m-1782795000,https://polymarket.com/zh/event/btc-updown-5m-1782795000,12:50-12:55,31.00,70.00,30.00,69.00,512.65,135.52,135.52,512.65,30.50,69.50,1.00,1.00,21086.25,21398.58,21389.58,21086.25,30,69,69,30,59442.44,59410.63,,
2026-06-30T12:53:12+08:00,btc-updown-5m-1782795000,https://polymarket.com/zh/event/btc-updown-5m-1782795000,12:50-12:55,30.00,71.00,29.00,70.00,265.74,413.18,131.00,106.15,29.50,70.50,1.00,1.00,21032.50,21346.08,21361.08,21032.50,29,70,70,29,59442.44,59414.16,,
2026-06-30T12:53:14+08:00,btc-updown-5m-1782795000,https://polymarket.com/zh/event/btc-updown-5m-1782795000,12:50-12:55,30.00,71.00,29.00,70.00,73.99,329.17,443.03,337.30,29.50,70.50,1.00,1.00,21012.50,21293.58,21388.58,21007.50,29,70,70,29,59442.44,59415.49,,
2026-06-30T12:53:16+08:00,btc-updown-5m-1782795000,https://polymarket.com/zh/event/btc-updown-5m-1782795000,12:50-12:55,30.00,72.00,29.00,71.00,510.29,442.73,35.99,579.81,29.50,71.50,1.00,1.00,21185.50,21507.04,21173.21,20855.50,28,70,71,28,59442.44,59406.03,,
2026-06-30T12:53:18+08:00,btc-updown-5m-1782795000,https://polymarket.com/zh/event/btc-updown-5m-1782795000,12:50-12:55,29.00,72.00,28.00,71.00,104.40,554.28,554.28,100.24,28.50,71.50,1.00,1.00,20677.50,21031.71,21020.71,20672.50,28,71,71,28,59442.44,59407.00,,
2026-06-30T12:53:19+08:00,btc-updown-5m-1782795000,https://polymarket.com/zh/event/btc-updown-5m-1782795000,12:50-12:55,29.00,72.00,28.00,71.00,373.22,385.58,207.61,373.22,28.50,71.50,1.00,1.00,20707.50,20963.21,21158.21,20707.50,28,71,71,28,59442.44,59407.00,,
2026-06-30T12:53:21+08:00,btc-updown-5m-1782795000,https://polymarket.com/zh/event/btc-updown-5m-1782795000,12:50-12:55,29.00,72.00,28.00,71.00,136.10,475.65,475.65,136.10,28.50,71.50,1.00,1.00,19820.82,20027.51,20021.52,19825.82,28,71,71,28,59442.44,59407.01,,
2026-06-30T12:53:23+08:00,btc-updown-5m-1782795000,https://polymarket.com/zh/event/btc-updown-5m-1782795000,12:50-12:55,29.00,72.00,28.00,71.00,5.00,554.91,605.91,5.00,28.50,71.50,1.00,1.00,19747.49,20111.51,20116.51,19742.49,28,70,70,28,59442.44,59407.01,,
2026-06-30T12:53:25+08:00,btc-updown-5m-1782795000,https://polymarket.com/zh/event/btc-updown-5m-1782795000,12:50-12:55,31.00,70.00,30.00,69.00,271.68,641.72,411.68,79.79,30.50,69.50,1.00,1.00,19592.49,19861.51,19961.51,19607.49,30,69,69,30,59442.44,59415.98,,
2026-06-30T12:53:27+08:00,btc-updown-5m-1782795000,https://polymarket.com/zh/event/btc-updown-5m-1782795000,12:50-12:55,32.00,69.00,31.00,68.00,234.94,188.99,303.25,291.02,31.50,68.50,1.00,1.00,19626.24,19851.51,19861.51,19641.24,31,68,68,31,59442.44,59415.97,,
2026-06-30T12:53:29+08:00,btc-updown-5m-1782795000,https://polymarket.com/zh/event/btc-updown-5m-1782795000,12:50-12:55,28.00,73.00,27.00,72.00,98.83,507.17,529.41,159.74,27.50,72.50,1.00,1.00,19672.75,19872.51,19882.52,19667.75,27,72,72,27,59442.44,59415.98,,
2026-06-30T12:53:30+08:00,btc-updown-5m-1782795000,https://polymarket.com/zh/event/btc-updown-5m-1782795000,12:50-12:55,31.00,70.00,30.00,69.00,319.41,363.46,310.45,217.41,30.50,69.50,1.00,1.00,19400.75,19767.01,19719.51,19415.75,30,69,69,30,59442.44,59415.98,,
2026-06-30T12:53:32+08:00,btc-updown-5m-1782795000,https://polymarket.com/zh/event/btc-updown-5m-1782795000,12:50-12:55,32.00,71.00,31.00,70.00,860.10,362.40,21.12,85.00,31.50,70.50,1.00,1.00,19373.75,19279.52,19284.51,19328.75,31,68,70,29,59442.44,59415.97,,
2026-06-30T12:53:34+08:00,btc-updown-5m-1782795000,https://polymarket.com/zh/event/btc-updown-5m-1782795000,12:50-12:55,33.00,68.00,32.00,66.00,203.30,839.53,598.72,49.34,32.50,67.00,1.00,2.00,17375.75,18998.01,18891.01,17375.75,32,67,66,32,59442.44,59413.95,,
2026-06-30T12:53:36+08:00,btc-updown-5m-1782795000,https://polymarket.com/zh/event/btc-updown-5m-1782795000,12:50-12:55,35.00,67.00,33.00,66.00,50.00,101.91,52.05,269.32,34.00,66.50,2.00,1.00,17724.20,19226.32,19087.33,17714.20,33,65,66,33,59442.44,59418.57,,
2026-06-30T12:53:38+08:00,btc-updown-5m-1782795000,https://polymarket.com/zh/event/btc-updown-5m-1782795000,12:50-12:55,33.00,66.00,32.00,65.00,338.92,35.00,106.46,277.03,32.50,65.50,1.00,1.00,18087.69,19137.13,19133.13,18072.69,32,67,65,34,59442.44,59418.17,,
2026-06-30T12:53:40+08:00,btc-updown-5m-1782795000,https://polymarket.com/zh/event/btc-updown-5m-1782795000,12:50-12:55,34.00,67.00,33.00,66.00,128.27,527.28,477.28,120.00,33.50,66.50,1.00,1.00,17714.20,19194.63,19220.63,17714.20,33,66,66,33,59442.44,59418.17,,
2026-06-30T12:53:42+08:00,btc-updown-5m-1782795000,https://polymarket.com/zh/event/btc-updown-5m-1782795000,12:50-12:55,34.00,67.00,33.00,66.00,14.25,455.30,455.30,27.72,33.50,66.50,1.00,1.00,17709.20,19233.86,19433.87,17714.20,33,66,66,33,59442.44,59418.17,,
2026-06-30T12:53:43+08:00,btc-updown-5m-1782795000,https://polymarket.com/zh/event/btc-updown-5m-1782795000,12:50-12:55,33.00,68.00,32.00,67.00,85.52,290.12,46.09,87.00,32.50,67.50,1.00,1.00,17843.79,19356.14,19392.15,17828.89,31,67,67,32,59442.44,59407.52,,
2026-06-30T12:53:45+08:00,btc-updown-5m-1782795000,https://polymarket.com/zh/event/btc-updown-5m-1782795000,12:50-12:55,33.00,68.00,32.00,67.00,254.42,336.85,463.34,254.42,32.50,67.50,1.00,1.00,18753.89,19398.64,19403.64,18773.89,32,67,67,32,59442.44,59414.00,,
2026-06-30T12:53:47+08:00,btc-updown-5m-1782795000,https://polymarket.com/zh/event/btc-updown-5m-1782795000,12:50-12:55,28.00,73.00,27.00,72.00,54.28,353.76,353.76,36.93,27.50,72.50,1.00,1.00,10415.09,19223.65,19261.14,10442.09,27,72,72,27,59442.44,59407.77,,
2026-06-30T12:53:49+08:00,btc-updown-5m-1782795000,https://polymarket.com/zh/event/btc-updown-5m-1782795000,12:50-12:55,26.00,73.00,25.00,72.00,14.61,463.60,1416.33,113.80,25.50,72.50,1.00,1.00,10256.69,19359.95,19455.95,10246.69,25,74,72,27,59442.44,59407.77,,
2026-06-30T12:53:51+08:00,btc-updown-5m-1782795000,https://polymarket.com/zh/event/btc-updown-5m-1782795000,12:50-12:55,29.00,72.00,28.00,71.00,47.81,610.87,610.87,47.81,28.50,71.50,1.00,1.00,10402.09,19476.96,19476.96,10402.09,28,71,71,28,59442.44,59407.77,,
2026-06-30T12:53:53+08:00,btc-updown-5m-1782795000,https://polymarket.com/zh/event/btc-updown-5m-1782795000,12:50-12:55,31.00,71.00,30.00,69.00,136.85,226.92,51.03,111.60,30.50,70.00,1.00,2.00,10114.79,19796.96,19611.96,10168.56,30,69,69,29,59442.44,59403.40,,
2026-06-30T12:53:55+08:00,btc-updown-5m-1782795000,https://polymarket.com/zh/event/btc-updown-5m-1782795000,12:50-12:55,35.00,66.00,34.00,65.00,350.34,611.62,641.62,250.85,34.50,65.50,1.00,1.00,10829.14,19371.27,19266.27,10834.14,34,65,65,34,59442.44,59407.77,,
2026-06-30T12:53:57+08:00,btc-updown-5m-1782795000,https://polymarket.com/zh/event/btc-updown-5m-1782795000,12:50-12:55,33.00,68.00,32.00,67.00,192.87,398.55,373.55,202.87,32.50,67.50,1.00,1.00,10502.79,18941.26,18966.26,10502.79,32,67,67,32,59442.44,59409.29,,
2026-06-30T12:53:58+08:00,btc-updown-5m-1782795000,https://polymarket.com/zh/event/btc-updown-5m-1782795000,12:50-12:55,27.00,75.00,25.00,74.00,168.31,1280.28,819.79,46.00,26.00,74.50,2.00,1.00,8952.71,18916.27,19101.27,9016.46,25,73,74,25,59442.44,59394.04,,
2026-06-30T12:54:00+08:00,btc-updown-5m-1782795000,https://polymarket.com/zh/event/btc-updown-5m-1782795000,12:50-12:55,26.00,75.00,25.00,74.00,181.69,1169.49,818.49,177.69,25.50,74.50,1.00,1.00,9075.77,19485.26,19501.26,9075.77,25,73,73,25,59442.44,59392.92,,
2026-06-30T12:54:02+08:00,btc-updown-5m-1782795000,https://polymarket.com/zh/event/btc-updown-5m-1782795000,12:50-12:55,29.00,72.00,28.00,71.00,72.97,486.24,201.47,56.17,28.50,71.50,1.00,1.00,8900.62,19546.12,19388.11,8931.25,28,71,71,28,59442.44,59394.00,,
2026-06-30T12:54:04+08:00,btc-updown-5m-1782795000,https://polymarket.com/zh/event/btc-updown-5m-1782795000,12:50-12:55,31.00,70.00,30.00,69.00,25.60,220.62,262.77,84.05,30.50,69.50,1.00,1.00,8815.62,19307.61,19318.61,8825.62,30,69,69,30,59442.44,59394.00,,
2026-06-30T12:54:06+08:00,btc-updown-5m-1782795000,https://polymarket.com/zh/event/btc-updown-5m-1782795000,12:50-12:55,28.00,72.00,27.00,71.00,30.00,97.07,311.61,155.96,27.50,71.50,1.00,1.00,8678.62,19361.11,19265.12,8682.62,27,72,71,28,59442.44,59393.99,,
2026-06-30T12:54:08+08:00,btc-updown-5m-1782795000,https://polymarket.com/zh/event/btc-updown-5m-1782795000,12:50-12:55,21.00,81.00,20.00,79.00,375.98,237.87,350.69,317.24,20.50,80.00,1.00,2.00,8423.42,19366.62,19230.61,8828.42,20,78,78,19,59442.44,59373.98,,
2026-06-30T12:54:09+08:00,btc-updown-5m-1782795000,https://polymarket.com/zh/event/btc-updown-5m-1782795000,12:50-12:55,20.00,82.00,18.00,81.00,273.73,91.62,90.92,231.88,19.00,81.50,2.00,1.00,9108.08,19143.11,19153.11,9128.08,18,79,80,18,59442.44,59377.02,,
2026-06-30T12:54:11+08:00,btc-updown-5m-1782795000,https://polymarket.com/zh/event/btc-updown-5m-1782795000,12:50-12:55,17.00,84.00,16.00,83.00,134.69,11.79,142.06,84.69,16.50,83.50,1.00,1.00,9279.07,19216.61,19095.61,9304.07,16,80,80,16,59442.44,59377.03,,
2026-06-30T12:54:13+08:00,btc-updown-5m-1782795000,https://polymarket.com/zh/event/btc-updown-5m-1782795000,12:50-12:55,12.00,89.00,11.00,88.00,157.90,173.70,175.95,163.01,11.50,88.50,1.00,1.00,9224.57,19042.61,19263.61,9234.57,11,87,87,11,59442.44,59373.99,,
2026-06-30T12:54:15+08:00,btc-updown-5m-1782795000,https://polymarket.com/zh/event/btc-updown-5m-1782795000,12:50-12:55,10.00,91.00,9.00,90.00,55.00,455.87,435.88,88.73,9.50,90.50,1.00,1.00,8379.57,18543.61,18553.61,8374.57,9,90,90,9,59442.44,59373.98,,
2026-06-30T12:54:17+08:00,btc-updown-5m-1782795000,https://polymarket.com/zh/event/btc-updown-5m-1782795000,12:50-12:55,10.00,90.00,9.00,89.00,67.18,25.00,34.50,162.48,9.50,89.50,1.00,1.00,11245.82,21745.51,21756.25,11284.57,9,87,87,10,59442.44,59373.98,,
2026-06-30T12:54:19+08:00,btc-updown-5m-1782795000,https://polymarket.com/zh/event/btc-updown-5m-1782795000,12:50-12:55,9.00,92.00,8.00,91.00,206.65,5.00,134.48,206.65,8.50,91.50,1.00,1.00,10448.37,21905.35,21774.34,10482.12,8,88,88,8,59442.44,59373.98,,
2026-06-30T12:54:21+08:00,btc-updown-5m-1782795000,https://polymarket.com/zh/event/btc-updown-5m-1782795000,12:50-12:55,7.00,94.00,6.00,93.00,74.49,978.55,511.53,74.49,6.50,93.50,1.00,1.00,10058.79,21774.34,21785.34,10122.12,6,92,92,6,59442.44,59374.02,,
2026-06-30T12:54:22+08:00,btc-updown-5m-1782795000,https://polymarket.com/zh/event/btc-updown-5m-1782795000,12:50-12:55,7.00,94.00,5.00,93.00,609.59,125.00,493.06,609.61,6.00,93.50,2.00,1.00,10102.72,21843.08,21878.08,10157.91,5,93,93,6,59442.44,59374.16,,
2026-06-30T12:54:24+08:00,btc-updown-5m-1782795000,https://polymarket.com/zh/event/btc-updown-5m-1782795000,12:50-12:55,6.00,95.00,5.00,94.00,231.12,225.48,188.92,154.47,5.50,94.50,1.00,1.00,43178.58,21768.09,21747.08,43215.14,5,94,94,5,59442.44,59377.03,,
2026-06-30T12:54:26+08:00,btc-updown-5m-1782795000,https://polymarket.com/zh/event/btc-updown-5m-1782795000,12:50-12:55,7.00,94.00,6.00,93.00,362.21,38.17,38.17,680.14,6.50,93.50,1.00,1.00,42982.93,21672.08,21577.08,42908.11,6,93,93,6,59442.44,59377.04,,
2026-06-30T12:54:28+08:00,btc-updown-5m-1782795000,https://polymarket.com/zh/event/btc-updown-5m-1782795000,12:50-12:55,7.00,94.00,6.00,93.00,154.70,110.00,110.00,178.30,6.50,93.50,1.00,1.00,42833.22,21695.58,21599.59,42831.49,6,91,92,6,59442.44,59373.98,,
2026-06-30T12:54:30+08:00,btc-updown-5m-1782795000,https://polymarket.com/zh/event/btc-updown-5m-1782795000,12:50-12:55,2.00,99.00,1.00,98.00,1299.18,36948.27,37028.58,1305.18,1.50,98.50,1.00,1.00,37028.58,20234.35,20244.35,36948.27,1,98,98,1,59442.44,59370.18,,
2026-06-30T12:54:32+08:00,btc-updown-5m-1782795000,https://polymarket.com/zh/event/btc-updown-5m-1782795000,12:50-12:55,2.00,99.00,1.00,98.00,1131.27,30415.34,30420.34,1131.27,1.50,98.50,1.00,1.00,30420.34,20137.86,20126.85,30415.34,1,97,98,1,59442.44,59370.19,,
2026-06-30T12:54:34+08:00,btc-updown-5m-1782795000,https://polymarket.com/zh/event/btc-updown-5m-1782795000,12:50-12:55,2.00,99.00,1.00,98.00,836.76,30445.28,30445.28,836.76,1.50,98.50,1.00,1.00,30445.28,20797.55,20581.56,30445.28,1,98,98,1,59442.44,59370.18,,
2026-06-30T12:54:35+08:00,btc-updown-5m-1782795000,https://polymarket.com/zh/event/btc-updown-5m-1782795000,12:50-12:55,2.00,99.00,1.00,98.00,582.96,30321.00,30296.00,520.63,1.50,98.50,1.00,1.00,30296.00,19997.06,19922.06,30321.00,1,97,97,1,59442.44,59370.18,,
2026-06-30T12:54:37+08:00,btc-updown-5m-1782795000,https://polymarket.com/zh/event/btc-updown-5m-1782795000,12:50-12:55,2.00,99.00,1.00,98.00,310.92,29943.33,30003.94,310.92,1.50,98.50,1.00,1.00,30003.94,20062.57,20047.56,29943.33,1,98,98,1,59442.44,59370.18,,
2026-06-30T12:54:39+08:00,btc-updown-5m-1782795000,https://polymarket.com/zh/event/btc-updown-5m-1782795000,12:50-12:55,3.00,98.00,2.00,97.00,492.47,311.51,322.37,352.97,2.50,97.50,1.00,1.00,30062.83,20063.56,20005.06,30051.97,2,97,96,2,59442.44,59370.18,,
2026-06-30T12:54:41+08:00,btc-updown-5m-1782795000,https://polymarket.com/zh/event/btc-updown-5m-1782795000,12:50-12:55,3.00,98.00,2.00,97.00,248.26,794.32,714.34,255.01,2.50,97.50,1.00,1.00,3554.38,22709.96,22624.96,3609.36,2,96,96,2,59442.44,59366.56,,
2026-06-30T12:54:43+08:00,btc-updown-5m-1782795000,https://polymarket.com/zh/event/btc-updown-5m-1782795000,12:50-12:55,3.00,98.00,2.00,97.00,148.48,134.51,3.97,53.50,2.50,97.50,1.00,1.00,2789.33,22610.96,22569.96,2904.87,2,97,97,2,59442.44,59369.07,,
2026-06-30T12:54:45+08:00,btc-updown-5m-1782795000,https://polymarket.com/zh/event/btc-updown-5m-1782795000,12:50-12:55,2.00,99.00,1.00,98.00,253.64,2301.35,2326.35,253.64,1.50,98.50,1.00,1.00,2326.35,21355.58,20993.73,2301.35,1,86,86,1,59442.44,59368.10,,
2026-06-30T12:54:47+08:00,btc-updown-5m-1782795000,https://polymarket.com/zh/event/btc-updown-5m-1782795000,12:50-12:55,2.00,99.00,1.00,98.00,335.35,797.49,1209.22,335.35,1.50,98.50,1.00,1.00,1209.22,20832.23,21061.24,797.49,1,84,84,1,59442.44,59368.09,,
2026-06-30T12:54:49+08:00,btc-updown-5m-1782795000,https://polymarket.com/zh/event/btc-updown-5m-1782795000,12:50-12:55,1.00,,,99.00,6531.05,,,6762.30,,,,,,21021.24,21026.23,,0,85,84,0,59442.44,59368.09,,
2026-06-30T12:54:50+08:00,btc-updown-5m-1782795000,https://polymarket.com/zh/event/btc-updown-5m-1782795000,12:50-12:55,1.00,,,99.00,9666.64,,,9791.64,,,,,,15097.23,15097.23,,0,81,81,0,59442.44,59368.10,,
2026-06-30T12:54:52+08:00,btc-updown-5m-1782795000,https://polymarket.com/zh/event/btc-updown-5m-1782795000,12:50-12:55,1.00,,,99.00,12386.77,,,12401.77,,,,,,14778.23,14798.24,,0,81,81,0,59442.44,59364.14,,
2026-06-30T12:54:54+08:00,btc-updown-5m-1782795000,https://polymarket.com/zh/event/btc-updown-5m-1782795000,12:50-12:55,1.00,,,99.00,18345.54,,,18345.54,,,,,,14793.23,14772.23,,0,81,81,0,59442.44,59358.11,,
2026-06-30T12:54:56+08:00,btc-updown-5m-1782795000,https://polymarket.com/zh/event/btc-updown-5m-1782795000,12:50-12:55,1.00,,,99.00,19337.18,,,19331.18,,,,,,16377.23,16393.23,,0,78,78,0,59442.44,59368.10,,
2026-06-30T12:54:58+08:00,btc-updown-5m-1782795000,https://polymarket.com/zh/event/btc-updown-5m-1782795000,12:50-12:55,1.00,,,99.00,36171.14,,,37484.90,,,,,,17392.23,17392.23,,0,83,83,0,59442.44,59370.18,,
2026-06-30T12:55:00+08:00,btc-updown-5m-1782795000,https://polymarket.com/zh/event/btc-updown-5m-1782795000,12:50-12:55,1.00,,,99.00,123084.39,,,123287.88,,,,,,16807.23,12920.23,,0,47,46,0,59442.44,59373.48,,
2026-06-30T12:55:02+08:00,btc-updown-5m-1782795300,https://polymarket.com/zh/event/btc-updown-5m-1782795300,12:55-13:00,52.00,49.00,51.00,48.00,297.55,735.07,780.14,260.60,51.50,48.50,1.00,1.00,20773.68,20003.75,20003.75,20828.68,42,40,41,43,59373.48,59373.48,,
2026-06-30T12:55:04+08:00,btc-updown-5m-1782795300,https://polymarket.com/zh/event/btc-updown-5m-1782795300,12:55-13:00,47.00,54.00,46.00,53.00,665.62,124.26,139.26,665.62,46.50,53.50,1.00,1.00,22233.36,21335.96,21445.95,22243.36,46,53,53,46,59373.48,59363.68,,
2026-06-30T12:55:06+08:00,btc-updown-5m-1782795300,https://polymarket.com/zh/event/btc-updown-5m-1782795300,12:55-13:00,47.00,54.00,46.00,53.00,817.85,176.00,76.00,834.78,46.50,53.50,1.00,1.00,22313.51,21614.60,21629.61,22313.51,46,53,53,46,59373.48,59363.69,,
2026-06-30T12:55:07+08:00,btc-updown-5m-1782795300,https://polymarket.com/zh/event/btc-updown-5m-1782795300,12:55-13:00,42.00,59.00,41.00,58.00,496.68,107.00,23.41,710.94,41.50,58.50,1.00,1.00,22381.51,21592.10,21681.10,22381.51,41,58,58,41,59373.48,59358.10,,
2026-06-30T12:55:09+08:00,btc-updown-5m-1782795300,https://polymarket.com/zh/event/btc-updown-5m-1782795300,12:55-13:00,42.00,59.00,41.00,58.00,110.96,472.57,461.05,115.96,41.50,58.50,1.00,1.00,21500.45,20798.60,20819.60,21510.45,41,58,58,41,59373.48,59358.10,,
2026-06-30T12:55:11+08:00,btc-updown-5m-1782795300,https://polymarket.com/zh/event/btc-updown-5m-1782795300,12:55-13:00,43.00,58.00,42.00,57.00,491.36,137.09,204.12,566.36,42.50,57.50,1.00,1.00,20300.45,19329.60,19397.10,20305.45,42,57,57,42,59373.48,59355.08,,
2026-06-30T12:55:13+08:00,btc-updown-5m-1782795300,https://polymarket.com/zh/event/btc-updown-5m-1782795300,12:55-13:00,39.00,62.00,38.00,61.00,459.73,801.74,80.74,81.10,38.50,61.50,1.00,1.00,20280.45,19438.60,19363.60,20290.45,38,61,61,38,59373.48,59352.37,,
2026-06-30T12:55:15+08:00,btc-updown-5m-1782795300,https://polymarket.com/zh/event/btc-updown-5m-1782795300,12:55-13:00,41.00,60.00,40.00,59.00,199.72,593.32,588.32,194.45,40.50,59.50,1.00,1.00,20480.45,19556.60,19471.60,20480.45,40,59,59,40,59373.48,59352.37,,
2026-06-30T12:55:17+08:00,btc-updown-5m-1782795300,https://polymarket.com/zh/event/btc-updown-5m-1782795300,12:55-13:00,36.00,65.00,35.00,64.00,448.70,133.35,123.35,423.70,35.50,64.50,1.00,1.00,20515.45,19369.61,19453.60,20560.45,35,64,64,35,59373.48,59346.02,,
2026-06-30T12:55:19+08:00,btc-updown-5m-1782795300,https://polymarket.com/zh/event/btc-updown-5m-1782795300,12:55-13:00,30.00,71.00,29.00,70.00,389.66,196.00,166.00,424.80,29.50,70.50,1.00,1.00,21253.45,19443.61,19428.60,21243.45,29,70,70,29,59373.48,59346.03,,
2026-06-30T12:55:20+08:00,btc-updown-5m-1782795300,https://polymarket.com/zh/event/btc-updown-5m-1782795300,12:55-13:00,38.00,63.00,37.00,62.00,612.79,439.19,314.94,546.67,37.50,62.50,1.00,1.00,21135.34,19508.49,19398.49,21135.34,37,62,62,37,59373.48,59346.28,,
2026-06-30T12:55:22+08:00,btc-updown-5m-1782795300,https://polymarket.com/zh/event/btc-updown-5m-1782795300,12:55-13:00,39.00,62.00,38.00,61.00,59.83,582.55,628.97,112.51,38.50,61.50,1.00,1.00,21130.34,19678.50,19683.49,21397.94,38,61,61,38,59373.48,59347.85,,
2026-06-30T12:55:25+08:00,btc-updown-5m-1782795300,https://polymarket.com/zh/event/btc-updown-5m-1782795300,12:55-13:00,40.00,61.00,39.00,60.00,107.87,1226.97,1226.97,162.87,39.50,60.50,1.00,1.00,21777.22,20568.08,20569.08,21772.22,39,60,60,39,59373.48,59352.05,,
2026-06-30T12:55:26+08:00,btc-updown-5m-1782795300,https://polymarket.com/zh/event/btc-updown-5m-1782795300,12:55-13:00,40.00,61.00,39.00,60.00,705.90,530.12,162.42,300.83,39.50,60.50,1.00,1.00,22149.32,20790.77,20805.77,22154.32,39,60,60,39,59373.48,59352.05,,
2026-06-30T12:55:28+08:00,btc-updown-5m-1782795300,https://polymarket.com/zh/event/btc-updown-5m-1782795300,12:55-13:00,40.00,61.00,39.00,60.00,748.02,65.00,267.84,891.74,39.50,60.50,1.00,1.00,24044.32,20838.57,20802.07,24064.32,39,60,60,39,59373.48,59352.05,,
2026-06-30T12:55:30+08:00,btc-updown-5m-1782795300,https://polymarket.com/zh/event/btc-updown-5m-1782795300,12:55-13:00,39.00,62.00,38.00,61.00,112.37,311.97,392.55,112.37,38.50,61.50,1.00,1.00,24049.32,20969.77,20969.77,24044.32,38,61,61,38,59373.48,59352.05,,
2026-06-30T12:55:32+08:00,btc-updown-5m-1782795300,https://polymarket.com/zh/event/btc-updown-5m-1782795300,12:55-13:00,39.00,62.00,38.00,61.00,35.21,545.59,640.24,30.16,38.50,61.50,1.00,1.00,23589.32,20600.97,20515.97,23599.32,38,61,61,38,59373.48,59352.05,,
2026-06-30T12:55:34+08:00,btc-updown-5m-1782795300,https://polymarket.com/zh/event/btc-updown-5m-1782795300,12:55-13:00,39.00,62.00,38.00,61.00,541.51,19.01,25.63,668.62,38.50,61.50,1.00,1.00,23605.32,20688.47,20584.47,23595.32,38,61,61,38,59373.48,59352.05,,
2026-06-30T12:55:36+08:00,btc-updown-5m-1782795300,https://polymarket.com/zh/event/btc-updown-5m-1782795300,12:55-13:00,37.00,64.00,36.00,63.00,499.50,48.66,50.23,424.50,36.50,63.50,1.00,1.00,23603.32,20530.97,20625.97,23523.32,36,63,63,36,59373.48,59352.05,,
2026-06-30T12:55:38+08:00,btc-updown-5m-1782795300,https://polymarket.com/zh/event/btc-updown-5m-1782795300,12:55-13:00,35.00,66.00,34.00,65.00,619.18,146.00,146.00,670.18,34.50,65.50,1.00,1.00,23541.65,20614.48,20703.47,23591.65,34,65,65,34,59373.48,59351.15,,
2026-06-30T12:55:39+08:00,btc-updown-5m-1782795300,https://polymarket.com/zh/event/btc-updown-5m-1782795300,12:55-13:00,35.00,66.00,34.00,65.00,125.14,1119.51,1124.53,185.45,34.50,65.50,1.00,1.00,23601.65,20640.97,20650.98,23581.65,34,65,65,34,59373.48,59346.29,,
2026-06-30T12:55:41+08:00,btc-updown-5m-1782795300,https://polymarket.com/zh/event/btc-updown-5m-1782795300,12:55-13:00,36.00,66.00,35.00,65.00,1340.81,500.00,18.88,788.02,35.50,65.50,1.00,1.00,23764.65,20498.47,20583.47,23764.65,35,64,65,34,59373.48,59346.28,,
2026-06-30T12:55:43+08:00,btc-updown-5m-1782795300,https://polymarket.com/zh/event/btc-updown-5m-1782795300,12:55-13:00,35.00,66.00,34.00,65.00,637.45,293.58,295.58,592.22,34.50,65.50,1.00,1.00,24264.65,20503.47,20593.47,24264.65,34,65,65,34,59373.48,59346.29,,
2026-06-30T12:55:45+08:00,btc-updown-5m-1782795300,https://polymarket.com/zh/event/btc-updown-5m-1782795300,12:55-13:00,35.00,66.00,34.00,65.00,170.00,465.91,3.81,212.87,34.50,65.50,1.00,1.00,24282.65,20478.47,20624.48,24257.65,34,65,65,34,59373.48,59346.28,,
2026-06-30T12:55:47+08:00,btc-updown-5m-1782795300,https://polymarket.com/zh/event/btc-updown-5m-1782795300,12:55-13:00,35.00,66.00,34.00,65.00,211.87,288.34,552.25,263.84,34.50,65.50,1.00,1.00,23692.65,20593.47,20588.47,23711.65,34,65,65,34,59373.48,59341.99,,
2026-06-30T12:55:49+08:00,btc-updown-5m-1782795300,https://polymarket.com/zh/event/btc-updown-5m-1782795300,12:55-13:00,34.00,67.00,33.00,66.00,184.25,935.55,935.55,184.25,33.50,66.50,1.00,1.00,23731.65,20494.47,20483.47,23726.65,33,66,66,33,59373.48,59341.99,,
2026-06-30T12:55:51+08:00,btc-updown-5m-1782795300,https://polymarket.com/zh/event/btc-updown-5m-1782795300,12:55-13:00,35.00,66.00,34.00,65.00,677.30,401.70,106.83,223.93,34.50,65.50,1.00,1.00,24080.32,20584.48,20578.47,24285.32,34,65,65,34,59373.48,59341.99,,
2026-06-30T12:55:52+08:00,btc-updown-5m-1782795300,https://polymarket.com/zh/event/btc-updown-5m-1782795300,12:55-13:00,35.00,66.00,34.00,65.00,25.00,797.61,812.54,17.88,34.50,65.50,1.00,1.00,24275.32,20473.47,20484.47,24295.32,34,65,65,34,59373.48,59342.00,,
2026-06-30T12:55:54+08:00,btc-updown-5m-1782795300,https://polymarket.com/zh/event/btc-updown-5m-1782795300,12:55-13:00,36.00,65.00,35.00,64.00,132.21,442.95,617.60,154.43,35.50,64.50,1.00,1.00,24290.32,20579.47,20573.47,24275.32,35,64,64,35,59373.48,59342.00,,
2026-06-30T12:55:56+08:00,btc-updown-5m-1782795300,https://polymarket.com/zh/event/btc-updown-5m-1782795300,12:55-13:00,37.00,64.00,36.00,63.00,333.25,596.19,542.96,444.99,36.50,63.50,1.00,1.00,23775.32,20530.97,20526.97,23780.32,36,63,63,36,59373.48,59341.99,,
2026-06-30T12:55:58+08:00,btc-updown-5m-1782795300,https://polymarket.com/zh/event/btc-updown-5m-1782795300,12:55-13:00,37.00,64.00,36.00,63.00,442.31,290.35,290.35,442.31,36.50,63.50,1.00,1.00,23780.32,20583.48,20683.47,23775.32,36,63,63,36,59373.48,59343.99,,
2026-06-30T12:56:00+08:00,btc-updown-5m-1782795300,https://polymarket.com/zh/event/btc-updown-5m-1782795300,12:55-13:00,34.00,67.00,33.00,66.00,493.64,247.40,255.49,505.43,33.50,66.50,1.00,1.00,23755.32,22381.97,22376.97,23745.32,33,66,66,33,59373.48,59343.97,,
2026-06-30T12:56:02+08:00,btc-updown-5m-1782795300,https://polymarket.com/zh/event/btc-updown-5m-1782795300,12:55-13:00,35.00,65.00,34.00,64.00,130.74,513.30,617.68,55.58,34.50,64.50,1.00,1.00,23707.32,22421.47,22500.48,23702.32,34,65,64,35,59373.48,59343.09,,
2026-06-30T12:56:04+08:00,btc-updown-5m-1782795300,https://polymarket.com/zh/event/btc-updown-5m-1782795300,12:55-13:00,36.00,65.00,35.00,64.00,53.93,256.52,264.34,60.20,35.50,64.50,1.00,1.00,23597.32,22372.98,22467.97,23607.32,35,64,64,35,59373.48,59343.09,,
2026-06-30T12:56:05+08:00,btc-updown-5m-1782795300,https://polymarket.com/zh/event/btc-updown-5m-1782795300,12:55-13:00,34.00,67.00,33.00,66.00,692.77,52.09,39.51,698.72,33.50,66.50,1.00,1.00,23542.32,23276.43,23191.43,23542.32,33,66,66,33,59373.48,59343.85,,
2026-06-30T12:56:07+08:00,btc-updown-5m-1782795300,https://polymarket.com/zh/event/btc-updown-5m-1782795300,12:55-13:00,34.00,67.00,33.00,66.00,138.49,504.21,498.73,113.00,33.50,66.50,1.00,1.00,23398.32,22970.93,22969.93,23413.32,33,66,66,33,59373.48,59343.09,,
2026-06-30T12:56:09+08:00,btc-updown-5m-1782795300,https://polymarket.com/zh/event/btc-updown-5m-1782795300,12:55-13:00,38.00,63.00,37.00,62.00,438.16,305.76,438.42,659.00,37.50,62.50,1.00,1.00,23348.32,22932.43,23117.43,23348.32,37,62,62,37,59373.48,59344.00,,
2026-06-30T12:56:11+08:00,btc-updown-5m-1782795300,https://polymarket.com/zh/event/btc-updown-5m-1782795300,12:55-13:00,38.00,63.00,37.00,62.00,85.97,424.77,441.12,90.97,37.50,62.50,1.00,1.00,22948.32,22643.43,22542.43,22938.32,37,62,62,37,59373.48,59346.29,,
2026-06-30T12:56:13+08:00,btc-updown-5m-1782795300,https://polymarket.com/zh/event/btc-updown-5m-1782795300,12:55-13:00,37.00,64.00,36.00,63.00,585.05,288.75,253.10,540.05,36.50,63.50,1.00,1.00,22998.32,22623.43,22532.43,23008.32,36,63,63,36,59373.48,59346.28,,
2026-06-30T12:56:15+08:00,btc-updown-5m-1782795300,https://polymarket.com/zh/event/btc-updown-5m-1782795300,12:55-13:00,36.00,65.00,35.00,64.00,812.03,108.55,157.05,812.03,35.50,64.50,1.00,1.00,22998.32,22632.43,22627.43,22998.32,35,64,64,35,59373.48,59343.55,,
2026-06-30T12:56:17+08:00,btc-updown-5m-1782795300,https://polymarket.com/zh/event/btc-updown-5m-1782795300,12:55-13:00,35.00,66.00,34.00,65.00,209.41,212.65,220.63,209.41,34.50,65.50,1.00,1.00,22963.32,22543.44,22632.43,22973.32,34,65,65,34,59373.48,59346.28,,
2026-06-30T12:56:19+08:00,btc-updown-5m-1782795300,https://polymarket.com/zh/event/btc-updown-5m-1782795300,12:55-13:00,33.00,68.00,32.00,67.00,81.15,538.20,493.66,32.24,32.50,67.50,1.00,1.00,23073.32,22617.43,22543.43,23063.32,32,67,67,32,59373.48,59344.00,,
2026-06-30T12:56:21+08:00,btc-updown-5m-1782795300,https://polymarket.com/zh/event/btc-updown-5m-1782795300,12:55-13:00,35.00,66.00,34.00,65.00,386.62,427.30,427.30,383.50,34.50,65.50,1.00,1.00,23068.32,22512.43,22538.44,23073.32,34,65,65,34,59373.48,59343.99,,
2026-06-30T12:56:22+08:00,btc-updown-5m-1782795300,https://polymarket.com/zh/event/btc-updown-5m-1782795300,12:55-13:00,35.00,66.00,34.00,65.00,675.18,35.27,45.27,622.46,34.50,65.50,1.00,1.00,23068.32,22528.43,22622.44,23088.32,34,65,65,34,59373.48,59343.99,,
2026-06-30T12:56:24+08:00,btc-updown-5m-1782795300,https://polymarket.com/zh/event/btc-updown-5m-1782795300,12:55-13:00,45.00,56.00,44.00,55.00,704.48,133.06,183.74,718.24,44.50,55.50,1.00,1.00,24893.72,22944.33,22838.33,24883.72,44,55,55,44,59373.48,59356.08,,
2026-06-30T12:56:26+08:00,btc-updown-5m-1782795300,https://polymarket.com/zh/event/btc-updown-5m-1782795300,12:55-13:00,42.00,59.00,41.00,58.00,13.73,399.30,332.19,13.73,41.50,58.50,1.00,1.00,24908.72,22891.83,22986.83,24888.72,41,58,58,41,59373.48,59356.08,,
2026-06-30T12:56:28+08:00,btc-updown-5m-1782795300,https://polymarket.com/zh/event/btc-updown-5m-1782795300,12:55-13:00,41.00,60.00,40.00,59.00,445.38,567.87,125.58,99.66,40.50,59.50,1.00,1.00,24960.05,22958.34,22948.33,24950.05,40,59,59,40,59373.48,59356.08,,
2026-06-30T12:56:30+08:00,btc-updown-5m-1782795300,https://polymarket.com/zh/event/btc-updown-5m-1782795300,12:55-13:00,40.00,61.00,39.00,60.00,451.85,318.40,299.96,201.85,39.50,60.50,1.00,1.00,24460.05,22916.83,23000.84,24455.05,39,60,60,39,59373.48,59356.09,,
2026-06-30T12:56:32+08:00,btc-updown-5m-1782795300,https://polymarket.com/zh/event/btc-updown-5m-1782795300,12:55-13:00,40.00,61.00,39.00,60.00,634.79,179.11,204.11,621.37,39.50,60.50,1.00,1.00,24179.05,22963.33,22843.33,24269.05,39,60,60,39,59373.48,59356.08,,
2026-06-30T12:56:34+08:00,btc-updown-5m-1782795300,https://polymarket.com/zh/event/btc-updown-5m-1782795300,12:55-13:00,39.00,62.00,38.00,61.00,178.43,315.80,428.86,506.56,38.50,61.50,1.00,1.00,24374.05,22905.83,22906.83,24274.05,38,61,61,38,59373.48,59356.09,,
2026-06-30T12:56:35+08:00,btc-updown-5m-1782795300,https://polymarket.com/zh/event/btc-updown-5m-1782795300,12:55-13:00,38.00,63.00,37.00,62.00,773.90,5.00,5.00,840.90,37.50,62.50,1.00,1.00,24260.65,22894.93,22744.93,24255.65,37,62,62,37,59373.48,59356.08,,
2026-06-30T12:56:37+08:00,btc-updown-5m-1782795300,https://polymarket.com/zh/event/btc-updown-5m-1782795300,12:55-13:00,38.00,63.00,37.00,62.00,102.50,287.24,287.24,362.87,37.50,62.50,1.00,1.00,24271.65,22694.43,22804.43,24266.65,37,62,62,37,59373.48,59356.09,,
2026-06-30T12:56:39+08:00,btc-updown-5m-1782795300,https://polymarket.com/zh/event/btc-updown-5m-1782795300,12:55-13:00,37.00,64.00,36.00,63.00,140.99,531.26,516.26,140.99,36.50,63.50,1.00,1.00,24061.65,22793.44,22788.43,24066.65,36,63,63,36,59373.48,59356.08,,
2026-06-30T12:56:41+08:00,btc-updown-5m-1782795300,https://polymarket.com/zh/event/btc-updown-5m-1782795300,12:55-13:00,38.00,63.00,37.00,62.00,941.70,7.20,37.20,951.70,37.50,62.50,1.00,1.00,24011.65,22804.43,22704.43,23879.65,37,62,62,37,59373.48,59356.08,,
2026-06-30T12:56:43+08:00,btc-updown-5m-1782795300,https://polymarket.com/zh/event/btc-updown-5m-1782795300,12:55-13:00,39.00,62.00,38.00,61.00,207.80,491.85,496.85,207.80,38.50,61.50,1.00,1.00,23764.65,22688.43,22688.43,23754.65,38,61,61,38,59373.48,59356.08,,
2026-06-30T12:56:45+08:00,btc-updown-5m-1782795300,https://polymarket.com/zh/event/btc-updown-5m-1782795300,12:55-13:00,40.00,61.00,39.00,60.00,155.25,373.22,308.22,110.25,39.50,60.50,1.00,1.00,23749.65,22689.43,22688.43,23759.65,39,60,60,39,59373.48,59356.08,,
2026-06-30T12:56:47+08:00,btc-updown-5m-1782795300,https://polymarket.com/zh/event/btc-updown-5m-1782795300,12:55-13:00,44.00,57.00,43.00,56.00,774.90,503.67,158.85,461.38,43.50,56.50,1.00,1.00,24649.65,22783.43,22683.43,24644.65,43,56,56,43,59373.48,59361.70,,
2026-06-30T12:56:48+08:00,btc-updown-5m-1782795300,https://polymarket.com/zh/event/btc-updown-5m-1782795300,12:55-13:00,44.00,58.00,42.00,57.00,515.90,35.00,105.00,837.08,43.00,57.50,2.00,1.00,24659.65,22699.43,22678.44,24659.65,42,56,57,42,59373.48,59359.95,,
2026-06-30T12:56:50+08:00,btc-updown-5m-1782795300,https://polymarket.com/zh/event/btc-updown-5m-1782795300,12:55-13:00,36.00,65.00,35.00,64.00,466.84,770.94,810.27,473.58,35.50,64.50,1.00,1.00,24544.65,22783.43,22783.43,24949.65,35,64,64,35,59373.48,59357.98,,
2026-06-30T12:56:52+08:00,btc-updown-5m-1782795300,https://polymarket.com/zh/event/btc-updown-5m-1782795300,12:55-13:00,36.00,65.00,35.00,64.00,76.04,1445.41,1445.41,12.67,35.50,64.50,1.00,1.00,24939.65,22730.93,22736.93,24954.65,35,64,64,35,59373.48,59357.98,,
2026-06-30T12:56:54+08:00,btc-updown-5m-1782795300,https://polymarket.com/zh/event/btc-updown-5m-1782795300,12:55-13:00,41.00,60.00,40.00,59.00,778.94,39.48,39.48,706.50,40.50,59.50,1.00,1.00,24939.65,22788.43,22883.43,24954.65,40,59,59,40,59373.48,59357.98,,
2026-06-30T12:56:56+08:00,btc-updown-5m-1782795300,https://polymarket.com/zh/event/btc-updown-5m-1782795300,12:55-13:00,39.00,63.00,37.00,62.00,1070.30,45.00,40.00,660.61,38.00,62.50,2.00,1.00,24353.65,22840.93,22841.93,24258.65,37,61,62,37,59373.48,59357.99,,
2026-06-30T12:56:58+08:00,btc-updown-5m-1782795300,https://polymarket.com/zh/event/btc-updown-5m-1782795300,12:55-13:00,37.00,64.00,36.00,63.00,126.73,725.26,709.26,126.73,36.50,63.50,1.00,1.00,24049.65,22804.43,22778.43,24049.65,36,63,63,36,59373.48,59357.98,,
2026-06-30T12:57:00+08:00,btc-updown-5m-1782795300,https://polymarket.com/zh/event/btc-updown-5m-1782795300,12:55-13:00,36.00,65.00,35.00,64.00,595.21,670.07,549.66,328.81,35.50,64.50,1.00,1.00,24021.65,22756.94,22740.93,24051.65,35,64,64,35,59373.48,59357.98,,
2026-06-30T12:57:01+08:00,btc-updown-5m-1782795300,https://polymarket.com/zh/event/btc-updown-5m-1782795300,12:55-13:00,50.00,49.00,49.00,45.00,18.88,34.05,155.79,37.87,49.50,47.00,1.00,4.00,24308.65,22790.44,22885.44,24313.65,49,49,45,50,59373.48,59358.00,,
2026-06-30T12:57:03+08:00,btc-updown-5m-1782795300,https://polymarket.com/zh/event/btc-updown-5m-1782795300,12:55-13:00,57.00,44.00,56.00,43.00,744.19,604.07,626.78,713.87,56.50,43.50,1.00,1.00,24896.71,22605.43,22585.43,24301.72,56,43,43,56,59373.48,59373.19,,
2026-06-30T12:57:05+08:00,btc-updown-5m-1782795300,https://polymarket.com/zh/event/btc-updown-5m-1782795300,12:55-13:00,57.00,44.00,56.00,43.00,1129.76,182.21,182.48,1129.76,56.50,43.50,1.00,1.00,24292.71,22376.43,22371.43,24772.71,56,43,43,56,59373.48,59375.98,,
2026-06-30T12:57:07+08:00,btc-updown-5m-1782795300,https://polymarket.com/zh/event/btc-updown-5m-1782795300,12:55-13:00,57.00,44.00,56.00,43.00,1015.65,258.45,283.45,1015.65,56.50,43.50,1.00,1.00,24367.71,22216.43,22216.43,24857.71,56,43,43,56,59373.48,59375.98,,
2026-06-30T12:57:09+08:00,btc-updown-5m-1782795300,https://polymarket.com/zh/event/btc-updown-5m-1782795300,12:55-13:00,57.00,44.00,56.00,43.00,650.76,406.74,482.30,600.36,56.50,43.50,1.00,1.00,24857.71,22236.43,22211.43,24257.71,56,43,43,56,59373.48,59375.98,,
2026-06-30T12:57:11+08:00,btc-updown-5m-1782795300,https://polymarket.com/zh/event/btc-updown-5m-1782795300,12:55-13:00,57.00,46.00,56.00,45.00,955.98,243.25,81.53,564.91,56.50,45.50,1.00,1.00,22357.71,24690.67,24675.67,22752.71,56,43,45,54,59373.48,59375.98,,
2026-06-30T12:57:13+08:00,btc-updown-5m-1782795300,https://polymarket.com/zh/event/btc-updown-5m-1782795300,12:55-13:00,55.00,46.00,54.00,45.00,45.00,872.45,789.82,40.00,54.50,45.50,1.00,1.00,22164.38,24804.00,24804.00,22059.38,54,45,45,54,59373.48,59375.99,,
2026-06-30T12:57:15+08:00,btc-updown-5m-1782795300,https://polymarket.com/zh/event/btc-updown-5m-1782795300,12:55-13:00,57.00,44.00,56.00,43.00,58.13,1076.87,1052.87,40.58,56.50,43.50,1.00,1.00,22014.39,24862.47,24857.47,22104.38,56,43,43,56,59373.48,59375.98,,
2026-06-30T12:57:16+08:00,btc-updown-5m-1782795300,https://polymarket.com/zh/event/btc-updown-5m-1782795300,12:55-13:00,57.00,44.00,56.00,43.00,97.24,825.93,837.30,97.24,56.50,43.50,1.00,1.00,22524.38,25104.12,25089.12,22109.39,56,43,43,56,59373.48,59375.99,,
2026-06-30T12:57:18+08:00,btc-updown-5m-1782795300,https://polymarket.com/zh/event/btc-updown-5m-1782795300,12:55-13:00,57.00,44.00,56.00,43.00,73.72,631.74,636.74,73.72,56.50,43.50,1.00,1.00,22624.39,25094.12,25089.12,22099.38,56,43,43,56,59373.48,59375.98,,
2026-06-30T12:57:20+08:00,btc-updown-5m-1782795300,https://polymarket.com/zh/event/btc-updown-5m-1782795300,12:55-13:00,59.00,42.00,58.00,41.00,175.50,529.06,529.06,167.02,58.50,41.50,1.00,1.00,22166.88,25125.32,25110.32,22166.88,58,41,41,58,59373.48,59378.15,,
2026-06-30T12:57:22+08:00,btc-updown-5m-1782795300,https://polymarket.com/zh/event/btc-updown-5m-1782795300,12:55-13:00,69.00,31.00,68.00,30.00,26.00,715.81,842.69,262.05,68.50,30.50,1.00,1.00,22219.38,24780.32,24780.32,22224.38,68,31,30,69,59373.48,59385.28,,
2026-06-30T12:57:24+08:00,btc-updown-5m-1782795300,https://polymarket.com/zh/event/btc-updown-5m-1782795300,12:55-13:00,72.00,29.00,71.00,28.00,699.55,254.50,222.58,709.55,71.50,28.50,1.00,1.00,21966.88,24776.32,24881.32,22481.88,71,28,28,71,59373.48,59388.29,,
2026-06-30T12:57:26+08:00,btc-updown-5m-1782795300,https://polymarket.com/zh/event/btc-updown-5m-1782795300,12:55-13:00,76.00,25.00,75.00,24.00,100.39,334.30,693.74,636.15,75.50,24.50,1.00,1.00,21999.39,24461.32,24466.32,21932.38,75,24,24,75,59373.48,59388.29,,
2026-06-30T12:57:28+08:00,btc-updown-5m-1782795300,https://polymarket.com/zh/event/btc-updown-5m-1782795300,12:55-13:00,75.00,26.00,74.00,25.00,683.73,136.77,224.65,434.25,74.50,25.50,1.00,1.00,21986.88,24667.99,24662.99,22506.88,74,25,25,74,59373.48,59392.99,,
2026-06-30T12:57:29+08:00,btc-updown-5m-1782795300,https://polymarket.com/zh/event/btc-updown-5m-1782795300,12:55-13:00,81.00,19.00,80.00,18.00,13.00,427.24,360.83,176.07,80.50,18.50,1.00,1.00,22359.38,24251.99,24226.99,22639.38,80,19,18,81,59373.48,59393.01,,
2026-06-30T12:57:31+08:00,btc-updown-5m-1782795300,https://polymarket.com/zh/event/btc-updown-5m-1782795300,12:55-13:00,85.00,16.00,84.00,15.00,20.15,595.08,446.92,20.15,84.50,15.50,1.00,1.00,22563.89,23416.28,24152.32,22576.38,84,15,15,84,59373.48,59400.38,,
2026-06-30T12:57:33+08:00,btc-updown-5m-1782795300,https://polymarket.com/zh/event/btc-updown-5m-1782795300,12:55-13:00,88.00,13.00,87.00,12.00,647.32,253.45,253.45,692.32,87.50,12.50,1.00,1.00,22378.89,23132.68,23132.68,22078.88,87,12,12,87,59373.48,59402.82,,
2026-06-30T12:57:35+08:00,btc-updown-5m-1782795300,https://polymarket.com/zh/event/btc-updown-5m-1782795300,12:55-13:00,88.00,14.00,87.00,13.00,789.03,216.68,183.04,413.40,87.50,13.50,1.00,1.00,21692.88,23077.36,22940.96,21677.88,87,12,13,86,59373.48,59402.82,,
2026-06-30T12:57:37+08:00,btc-updown-5m-1782795300,https://polymarket.com/zh/event/btc-updown-5m-1782795300,12:55-13:00,81.00,20.00,80.00,19.00,395.79,237.93,227.93,331.85,80.50,19.50,1.00,1.00,21667.88,22591.96,22596.96,22187.88,80,19,19,80,59373.48,59397.36,,
2026-06-30T12:57:39+08:00,btc-updown-5m-1782795300,https://polymarket.com/zh/event/btc-updown-5m-1782795300,12:55-13:00,82.00,19.00,81.00,18.00,24.42,599.91,599.91,35.43,81.50,18.50,1.00,1.00,22268.89,22596.96,22596.96,21773.88,81,18,18,81,59373.48,59397.36,,
2026-06-30T12:57:41+08:00,btc-updown-5m-1782795300,https://polymarket.com/zh/event/btc-updown-5m-1782795300,12:55-13:00,79.00,22.00,78.00,21.00,40.08,534.83,529.72,42.29,78.50,21.50,1.00,1.00,22168.89,22609.66,22604.66,22288.88,78,21,21,78,59373.48,59395.74,,
2026-06-30T12:57:43+08:00,btc-updown-5m-1782795300,https://polymarket.com/zh/event/btc-updown-5m-1782795300,12:55-13:00,80.00,20.00,79.00,19.00,15.00,443.68,656.03,249.78,79.50,19.50,1.00,1.00,21803.88,22569.66,22604.66,21663.88,79,20,19,80,59373.48,59395.75,,
2026-06-30T12:57:45+08:00,btc-updown-5m-1782795300,https://polymarket.com/zh/event/btc-updown-5m-1782795300,12:55-13:00,77.00,24.00,76.00,23.00,739.12,85.98,39.58,594.23,76.50,23.50,1.00,1.00,21873.88,22038.66,22103.66,22278.88,76,23,23,76,59373.48,59394.35,,
2026-06-30T12:57:47+08:00,btc-updown-5m-1782795300,https://polymarket.com/zh/event/btc-updown-5m-1782795300,12:55-13:00,77.00,24.00,76.00,23.00,51.53,701.38,701.38,51.53,76.50,23.50,1.00,1.00,21848.88,22163.66,22158.66,21768.89,76,23,23,76,59373.48,59394.34,,
2026-06-30T12:57:49+08:00,btc-updown-5m-1782795300,https://polymarket.com/zh/event/btc-updown-5m-1782795300,12:55-13:00,74.00,27.00,73.00,26.00,371.97,75.00,197.00,549.79,73.50,26.50,1.00,1.00,21758.88,22078.66,22073.66,21768.88,73,26,26,73,59373.48,59391.32,,
2026-06-30T12:57:51+08:00,btc-updown-5m-1782795300,https://polymarket.com/zh/event/btc-updown-5m-1782795300,12:55-13:00,74.00,27.00,73.00,26.00,488.94,311.08,314.79,482.18,73.50,26.50,1.00,1.00,21858.88,22049.66,22049.66,21753.88,73,26,26,73,59373.48,59388.30,,
2026-06-30T12:57:53+08:00,btc-updown-5m-1782795300,https://polymarket.com/zh/event/btc-updown-5m-1782795300,12:55-13:00,73.00,28.00,72.00,27.00,203.92,401.05,411.28,203.92,72.50,27.50,1.00,1.00,22263.88,22049.66,22049.66,21758.88,72,27,27,72,59373.48,59388.30,,
2026-06-30T12:57:55+08:00,btc-updown-5m-1782795300,https://polymarket.com/zh/event/btc-updown-5m-1782795300,12:55-13:00,72.00,29.00,71.00,28.00,110.69,5.00,490.25,723.51,71.50,28.50,1.00,1.00,22242.28,21918.06,23425.06,22347.29,71,28,28,71,59373.48,59385.28,,
2026-06-30T12:57:57+08:00,btc-updown-5m-1782795300,https://polymarket.com/zh/event/btc-updown-5m-1782795300,12:55-13:00,71.00,30.00,70.00,29.00,93.94,721.66,695.66,83.60,70.50,29.50,1.00,1.00,22247.28,23314.06,23314.06,21837.28,70,29,29,70,59373.48,59385.28,,
2026-06-30T12:57:59+08:00,btc-updown-5m-1782795300,https://polymarket.com/zh/event/btc-updown-5m-1782795300,12:55-13:00,72.00,30.00,71.00,29.00,157.74,29.79,308.69,155.00,71.50,29.50,1.00,1.00,22390.28,23263.06,22451.06,21832.28,71,28,29,68,59373.48,59385.28,,
2026-06-30T12:58:00+08:00,btc-updown-5m-1782795300,https://polymarket.com/zh/event/btc-updown-5m-1782795300,12:55-13:00,69.00,32.00,68.00,31.00,314.84,533.13,508.13,314.84,68.50,31.50,1.00,1.00,21464.78,24679.67,24674.67,21464.78,68,31,31,68,59373.48,59379.24,,
2026-06-30T12:58:02+08:00,btc-updown-5m-1782795300,https://polymarket.com/zh/event/btc-updown-5m-1782795300,12:55-13:00,68.00,36.00,65.00,34.00,30.00,80.81,5.00,20.00,66.50,35.00,3.00,2.00,21977.29,24964.67,24959.67,22097.30,65,32,34,64,59373.48,59379.24,,
2026-06-30T12:58:04+08:00,btc-updown-5m-1782795300,https://polymarket.com/zh/event/btc-updown-5m-1782795300,12:55-13:00,62.00,39.00,61.00,38.00,40.15,495.47,485.47,40.15,61.50,38.50,1.00,1.00,20981.39,24597.60,24597.60,21076.38,61,38,38,61,59373.48,59373.20,,
2026-06-30T12:58:06+08:00,btc-updown-5m-1782795300,https://polymarket.com/zh/event/btc-updown-5m-1782795300,12:55-13:00,62.00,39.00,61.00,38.00,76.39,499.52,499.52,76.39,61.50,38.50,1.00,1.00,21623.88,24547.60,24542.60,21028.88,61,38,38,61,59373.48,59373.20,,
2026-06-30T12:58:08+08:00,btc-updown-5m-1782795300,https://polymarket.com/zh/event/btc-updown-5m-1782795300,12:55-13:00,72.00,29.00,71.00,28.00,995.86,147.03,140.48,985.86,71.50,28.50,1.00,1.00,20701.38,24459.60,24559.60,21216.38,71,28,28,71,59373.48,59379.24,,
2026-06-30T12:58:10+08:00,btc-updown-5m-1782795300,https://polymarket.com/zh/event/btc-updown-5m-1782795300,12:55-13:00,72.00,29.00,71.00,28.00,1038.02,62.14,62.14,1038.02,71.50,28.50,1.00,1.00,21358.88,24454.60,24454.60,20868.89,71,28,28,71,59373.48,59379.25,,
2026-06-30T12:58:12+08:00,btc-updown-5m-1782795300,https://polymarket.com/zh/event/btc-updown-5m-1782795300,12:55-13:00,72.00,29.00,71.00,28.00,820.02,45.11,81.56,785.29,71.50,28.50,1.00,1.00,20836.38,24454.60,23848.60,20706.38,71,28,28,71,59373.48,59379.24,,
2026-06-30T12:58:14+08:00,btc-updown-5m-1782795300,https://polymarket.com/zh/event/btc-updown-5m-1782795300,12:55-13:00,72.00,29.00,71.00,28.00,769.46,50.62,50.62,769.46,71.50,28.50,1.00,1.00,21263.88,23848.60,23848.60,21263.88,71,28,28,71,59373.48,59379.25,,
2026-06-30T12:58:15+08:00,btc-updown-5m-1782795300,https://polymarket.com/zh/event/btc-updown-5m-1782795300,12:55-13:00,71.00,30.00,70.00,29.00,469.89,311.84,311.84,461.30,70.50,29.50,1.00,1.00,20826.38,23828.60,23828.60,20806.38,70,29,29,70,59373.48,59379.24,,
2026-06-30T12:58:17+08:00,btc-updown-5m-1782795300,https://polymarket.com/zh/event/btc-updown-5m-1782795300,12:55-13:00,71.00,30.00,70.00,29.00,188.18,541.23,263.01,28.72,70.50,29.50,1.00,1.00,20311.00,23368.60,23373.60,20216.00,70,29,29,70,59373.48,59379.24,,
2026-06-30T12:58:19+08:00,btc-updown-5m-1782795300,https://polymarket.com/zh/event/btc-updown-5m-1782795300,12:55-13:00,74.00,27.00,73.00,26.00,153.00,503.35,573.35,153.00,73.50,26.50,1.00,1.00,20696.01,23398.60,23398.60,20311.00,73,26,26,73,59373.48,59379.24,,
2026-06-30T12:58:21+08:00,btc-updown-5m-1782795300,https://polymarket.com/zh/event/btc-updown-5m-1782795300,12:55-13:00,78.00,23.00,77.00,22.00,138.38,306.63,321.66,188.38,77.50,22.50,1.00,1.00,19254.32,22926.34,22946.34,19749.32,77,22,22,77,59373.48,59385.32,,
2026-06-30T12:58:23+08:00,btc-updown-5m-1782795300,https://polymarket.com/zh/event/btc-updown-5m-1782795300,12:55-13:00,84.00,17.00,83.00,16.00,149.11,407.99,407.99,145.91,83.50,16.50,1.00,1.00,19849.32,22838.01,23238.01,19259.32,83,16,16,83,59373.48,59388.30,,
2026-06-30T12:58:25+08:00,btc-updown-5m-1782795300,https://polymarket.com/zh/event/btc-updown-5m-1782795300,12:55-13:00,85.00,16.00,84.00,15.00,100.99,471.99,471.99,70.99,84.50,15.50,1.00,1.00,19099.33,23884.68,23884.68,19194.32,84,15,15,84,59373.48,59391.29,,
2026-06-30T12:58:27+08:00,btc-updown-5m-1782795300,https://polymarket.com/zh/event/btc-updown-5m-1782795300,12:55-13:00,87.00,14.00,86.00,13.00,175.70,166.33,268.39,175.70,86.50,13.50,1.00,1.00,19189.32,20700.55,20819.78,19079.32,86,13,13,86,59373.48,59391.29,,
2026-06-30T12:58:29+08:00,btc-updown-5m-1782795300,https://polymarket.com/zh/event/btc-updown-5m-1782795300,12:55-13:00,85.00,16.00,84.00,15.00,196.37,405.20,351.24,131.66,84.50,15.50,1.00,1.00,19749.32,20351.94,20351.94,19769.32,84,15,15,84,59373.48,59391.29,,
2026-06-30T12:58:30+08:00,btc-updown-5m-1782795300,https://polymarket.com/zh/event/btc-updown-5m-1782795300,12:55-13:00,85.00,16.00,84.00,15.00,119.49,261.33,311.33,119.49,84.50,15.50,1.00,1.00,19337.33,20179.93,20179.93,19312.32,84,15,15,84,59373.48,59391.29,,
2026-06-30T12:58:32+08:00,btc-updown-5m-1782795300,https://polymarket.com/zh/event/btc-updown-5m-1782795300,12:55-13:00,84.00,17.00,83.00,16.00,292.92,175.32,170.32,261.96,83.50,16.50,1.00,1.00,18674.82,19501.59,19526.59,19179.82,83,16,16,83,59373.48,59391.29,,
2026-06-30T12:58:34+08:00,btc-updown-5m-1782795300,https://polymarket.com/zh/event/btc-updown-5m-1782795300,12:55-13:00,85.00,16.00,84.00,15.00,51.44,926.36,725.80,121.17,84.50,15.50,1.00,1.00,19057.32,19540.89,19540.88,18557.33,84,15,15,84,59373.48,59391.29,,
2026-06-30T12:58:36+08:00,btc-updown-5m-1782795300,https://polymarket.com/zh/event/btc-updown-5m-1782795300,12:55-13:00,87.00,14.00,86.00,13.00,375.27,508.81,363.32,69.52,86.50,13.50,1.00,1.00,18631.82,19337.89,19867.64,18606.82,86,13,13,86,59373.48,59391.29,,
2026-06-30T12:58:38+08:00,btc-updown-5m-1782795300,https://polymarket.com/zh/event/btc-updown-5m-1782795300,12:55-13:00,88.00,13.00,87.00,12.00,478.89,239.97,239.97,478.89,87.50,12.50,1.00,1.00,19074.33,19534.43,19534.43,18674.32,87,12,12,87,59373.48,59391.30,,
2026-06-30T12:58:40+08:00,btc-updown-5m-1782795300,https://polymarket.com/zh/event/btc-updown-5m-1782795300,12:55-13:00,89.00,12.00,88.00,11.00,181.10,540.09,445.09,150.51,88.50,11.50,1.00,1.00,18631.82,19922.94,19935.76,18606.82,88,11,11,88,59373.48,59391.29,,
2026-06-30T12:58:42+08:00,btc-updown-5m-1782795300,https://polymarket.com/zh/event/btc-updown-5m-1782795300,12:55-13:00,90.00,11.00,89.00,10.00,829.52,465.92,755.31,872.76,89.50,10.50,1.00,1.00,18709.32,19990.15,20120.15,19194.32,89,10,10,89,59373.48,59391.29,,
2026-06-30T12:58:43+08:00,btc-updown-5m-1782795300,https://polymarket.com/zh/event/btc-updown-5m-1782795300,12:55-13:00,90.00,11.00,89.00,10.00,699.29,229.31,259.31,699.29,89.50,10.50,1.00,1.00,18679.32,20044.76,19994.76,18641.82,89,10,10,89,59373.48,59393.22,,
2026-06-30T12:58:45+08:00,btc-updown-5m-1782795300,https://polymarket.com/zh/event/btc-updown-5m-1782795300,12:55-13:00,90.00,11.00,89.00,10.00,541.73,88.26,90.98,511.73,89.50,10.50,1.00,1.00,18564.32,19035.11,19518.86,18959.33,89,10,10,89,59373.48,59393.22,,
2026-06-30T12:58:47+08:00,btc-updown-5m-1782795300,https://polymarket.com/zh/event/btc-updown-5m-1782795300,12:55-13:00,90.00,11.00,89.00,10.00,111.82,242.49,520.90,37.57,89.50,10.50,1.00,1.00,18469.32,20065.10,20040.10,18979.32,89,10,10,89,59373.48,59393.22,,
2026-06-30T12:58:49+08:00,btc-updown-5m-1782795300,https://polymarket.com/zh/event/btc-updown-5m-1782795300,12:55-13:00,91.00,10.00,90.00,9.00,28.56,583.90,587.33,9.50,90.50,9.50,1.00,1.00,18569.32,20064.10,20064.10,18464.32,90,9,9,90,59373.48,59393.22,,
2026-06-30T12:58:51+08:00,btc-updown-5m-1782795300,https://polymarket.com/zh/event/btc-updown-5m-1782795300,12:55-13:00,92.00,9.00,91.00,8.00,562.09,305.52,340.63,577.09,91.50,8.50,1.00,1.00,19059.32,20313.48,20313.48,18574.33,91,8,8,91,59373.48,59393.22,,
2026-06-30T12:58:53+08:00,btc-updown-5m-1782795300,https://polymarket.com/zh/event/btc-updown-5m-1782795300,12:55-13:00,92.00,9.00,91.00,8.00,571.65,224.86,230.26,571.65,91.50,8.50,1.00,1.00,18544.32,20180.48,20210.48,18454.32,91,8,8,91,59373.48,59393.22,,
2026-06-30T12:58:55+08:00,btc-updown-5m-1782795300,https://polymarket.com/zh/event/btc-updown-5m-1782795300,12:55-13:00,91.00,10.00,90.00,9.00,513.89,221.89,222.38,508.67,90.50,9.50,1.00,1.00,18234.33,20034.39,19956.43,18319.32,90,9,9,90,59373.48,59393.22,,
2026-06-30T12:58:56+08:00,btc-updown-5m-1782795300,https://polymarket.com/zh/event/btc-updown-5m-1782795300,12:55-13:00,91.00,10.00,90.00,9.00,470.10,99.00,205.35,470.10,90.50,9.50,1.00,1.00,18621.82,19702.61,19702.61,18079.33,90,9,9,90,59373.48,59395.58,,
2026-06-30T12:58:58+08:00,btc-updown-5m-1782795300,https://polymarket.com/zh/event/btc-updown-5m-1782795300,12:55-13:00,90.00,11.00,89.00,10.00,324.70,331.32,333.08,319.14,89.50,10.50,1.00,1.00,17979.32,19331.61,19426.61,17974.32,89,10,10,89,59373.48,59395.59,,
2026-06-30T12:59:00+08:00,btc-updown-5m-1782795300,https://polymarket.com/zh/event/btc-updown-5m-1782795300,12:55-13:00,90.00,11.00,89.00,10.00,86.08,260.41,233.81,41.66,89.50,10.50,1.00,1.00,19246.83,19287.66,19267.66,18751.82,89,10,10,89,59373.48,59395.58,,
2026-06-30T12:59:02+08:00,btc-updown-5m-1782795300,https://polymarket.com/zh/event/btc-updown-5m-1782795300,12:55-13:00,91.00,10.00,90.00,9.00,135.62,373.88,268.88,134.52,90.50,9.50,1.00,1.00,18744.17,17635.66,17575.51,18364.18,90,9,9,90,59373.48,59395.58,,
2026-06-30T12:59:04+08:00,btc-updown-5m-1782795300,https://polymarket.com/zh/event/btc-updown-5m-1782795300,12:55-13:00,94.00,7.00,93.00,6.00,283.62,205.74,205.74,253.30,93.50,6.50,1.00,1.00,18121.67,15883.24,15858.24,18121.67,93,6,6,93,59373.48,59395.95,,
2026-06-30T12:59:06+08:00,btc-updown-5m-1782795300,https://polymarket.com/zh/event/btc-updown-5m-1782795300,12:55-13:00,95.00,6.00,94.00,5.00,275.14,507.65,468.65,264.61,94.50,5.50,1.00,1.00,18094.17,15410.25,15399.72,18504.17,94,5,5,94,59373.48,59398.87,,
2026-06-30T12:59:08+08:00,btc-updown-5m-1782795300,https://polymarket.com/zh/event/btc-updown-5m-1782795300,12:55-13:00,93.00,6.00,92.00,5.00,54.92,47.37,329.04,414.32,92.50,5.50,1.00,1.00,17929.68,15871.74,15912.44,17944.68,92,7,5,94,59373.48,59395.10,,
2026-06-30T12:59:10+08:00,btc-updown-5m-1782795300,https://polymarket.com/zh/event/btc-updown-5m-1782795300,12:55-13:00,95.00,6.00,94.00,5.00,268.64,259.63,265.09,293.64,94.50,5.50,1.00,1.00,17996.17,15931.98,15901.98,17958.17,94,5,5,94,59373.48,59395.10,,
2026-06-30T12:59:11+08:00,btc-updown-5m-1782795300,https://polymarket.com/zh/event/btc-updown-5m-1782795300,12:55-13:00,95.00,6.00,94.00,5.00,95.95,173.16,173.16,90.68,94.50,5.50,1.00,1.00,17763.17,15608.19,15627.92,18348.17,94,5,5,94,59373.48,59395.10,,
2026-06-30T12:59:13+08:00,btc-updown-5m-1782795300,https://polymarket.com/zh/event/btc-updown-5m-1782795300,12:55-13:00,96.00,5.00,95.00,4.00,937.20,106.71,273.80,1116.87,95.50,4.50,1.00,1.00,18178.17,15319.34,15519.01,17693.18,95,4,4,95,59373.48,59395.10,,
2026-06-30T12:59:15+08:00,btc-updown-5m-1782795300,https://polymarket.com/zh/event/btc-updown-5m-1782795300,12:55-13:00,95.00,7.00,84.00,6.00,630.13,119.25,28.35,613.00,89.50,6.50,11.00,1.00,23053.17,18575.68,17776.28,23448.17,84,5,6,88,59373.48,59395.10,,
2026-06-30T12:59:17+08:00,btc-updown-5m-1782795300,https://polymarket.com/zh/event/btc-updown-5m-1782795300,12:55-13:00,95.00,6.00,94.00,5.00,175.95,253.37,248.37,175.95,94.50,5.50,1.00,1.00,23053.18,17404.45,17404.45,23048.17,91,5,5,91,59373.48,59395.10,,
2026-06-30T12:59:19+08:00,btc-updown-5m-1782795300,https://polymarket.com/zh/event/btc-updown-5m-1782795300,12:55-13:00,94.00,7.00,93.00,6.00,35.00,171.30,27.02,149.85,93.50,6.50,1.00,1.00,23048.17,17306.45,17124.63,23058.17,92,6,6,93,59373.48,59395.11,,
2026-06-30T12:59:21+08:00,btc-updown-5m-1782795300,https://polymarket.com/zh/event/btc-updown-5m-1782795300,12:55-13:00,94.00,7.00,93.00,6.00,112.26,145.32,159.61,110.13,93.50,6.50,1.00,1.00,22938.17,17322.12,17259.62,23053.17,93,6,6,93,59373.48,59395.10,,
2026-06-30T12:59:22+08:00,btc-updown-5m-1782795300,https://polymarket.com/zh/event/btc-updown-5m-1782795300,12:55-13:00,96.00,5.00,95.00,4.00,399.47,227.85,227.85,394.47,95.50,4.50,1.00,1.00,23033.17,16987.44,16982.44,22938.17,94,4,4,95,59373.48,59395.10,,
2026-06-30T12:59:24+08:00,btc-updown-5m-1782795300,https://polymarket.com/zh/event/btc-updown-5m-1782795300,12:55-13:00,96.00,5.00,95.00,4.00,274.52,250.35,250.35,248.47,95.50,4.50,1.00,1.00,23500.67,16622.73,16576.68,22980.67,95,4,4,95,59373.48,59395.10,,
2026-06-30T12:59:27+08:00,btc-updown-5m-1782795300,https://polymarket.com/zh/event/btc-updown-5m-1782795300,12:55-13:00,96.00,5.00,95.00,4.00,167.01,400.84,400.84,167.01,95.50,4.50,1.00,1.00,23028.17,19097.77,19137.47,22938.17,95,4,4,94,59373.48,59395.11,,
2026-06-30T12:59:29+08:00,btc-updown-5m-1782795300,https://polymarket.com/zh/event/btc-updown-5m-1782795300,12:55-13:00,96.00,5.00,95.00,4.00,138.96,295.84,295.84,138.96,95.50,4.50,1.00,1.00,22913.18,19066.42,19066.42,22918.17,95,4,4,94,59373.48,59395.10,,
2026-06-30T12:59:31+08:00,btc-updown-5m-1782795300,https://polymarket.com/zh/event/btc-updown-5m-1782795300,12:55-13:00,96.00,5.00,95.00,4.00,664.12,94.59,82.22,689.12,95.50,4.50,1.00,1.00,22519.84,19243.42,19263.42,22914.84,94,4,4,94,59373.48,59395.10,,
2026-06-30T12:59:32+08:00,btc-updown-5m-1782795300,https://polymarket.com/zh/event/btc-updown-5m-1782795300,12:55-13:00,96.00,5.00,95.00,4.00,37.27,655.97,655.97,16.91,95.50,4.50,1.00,1.00,22482.35,18060.58,17944.37,23087.34,95,4,4,95,59373.48,59395.11,,
2026-06-30T12:59:34+08:00,btc-updown-5m-1782795300,https://polymarket.com/zh/event/btc-updown-5m-1782795300,12:55-13:00,92.00,9.00,91.00,8.00,30.90,17.58,35.00,47.08,91.50,8.50,1.00,1.00,22549.84,18417.76,18422.76,22534.84,91,8,8,91,59373.48,59391.32,,
2026-06-30T12:59:36+08:00,btc-updown-5m-1782795300,https://polymarket.com/zh/event/btc-updown-5m-1782795300,12:55-13:00,96.00,5.00,95.00,4.00,116.51,59.99,59.99,91.51,95.50,4.50,1.00,1.00,18870.35,14772.15,14722.15,18985.35,94,4,4,94,59373.48,59391.32,,
2026-06-30T12:59:38+08:00,btc-updown-5m-1782795300,https://polymarket.com/zh/event/btc-updown-5m-1782795300,12:55-13:00,96.00,5.00,95.00,4.00,60.27,39.07,59.07,60.27,95.50,4.50,1.00,1.00,18952.85,14405.45,14698.27,18822.85,94,4,4,94,59373.48,59391.32,,
2026-06-30T12:59:40+08:00,btc-updown-5m-1782795300,https://polymarket.com/zh/event/btc-updown-5m-1782795300,12:55-13:00,97.00,4.00,96.00,3.00,825.30,143.64,143.64,785.90,96.50,3.50,1.00,1.00,15880.35,6521.75,6258.06,15785.35,96,3,3,96,59373.48,59391.33,,
2026-06-30T12:59:42+08:00,btc-updown-5m-1782795300,https://polymarket.com/zh/event/btc-updown-5m-1782795300,12:55-13:00,97.00,4.00,96.00,3.00,691.93,246.04,246.04,641.93,96.50,3.50,1.00,1.00,15852.85,6332.30,6247.30,15727.85,96,3,3,96,59373.48,59391.32,,
2026-06-30T12:59:44+08:00,btc-updown-5m-1782795300,https://polymarket.com/zh/event/btc-updown-5m-1782795300,12:55-13:00,97.00,4.00,96.00,3.00,396.95,387.07,171.48,394.96,96.50,3.50,1.00,1.00,15742.35,5998.48,6016.49,15662.35,95,3,3,95,59373.48,59391.32,,
2026-06-30T12:59:46+08:00,btc-updown-5m-1782795300,https://polymarket.com/zh/event/btc-updown-5m-1782795300,12:55-13:00,97.00,4.00,96.00,3.00,124.85,367.09,367.09,120.72,96.50,3.50,1.00,1.00,13296.12,4156.28,4152.15,13906.12,96,3,3,96,59373.48,59391.32,,
2026-06-30T12:59:47+08:00,btc-updown-5m-1782795300,https://polymarket.com/zh/event/btc-updown-5m-1782795300,12:55-13:00,96.00,5.00,95.00,4.00,14.79,152.18,152.18,4.79,95.50,4.50,1.00,1.00,13826.12,4277.70,4267.70,13801.13,94,4,4,94,59373.48,59388.30,,
2026-06-30T12:59:49+08:00,btc-updown-5m-1782795300,https://polymarket.com/zh/event/btc-updown-5m-1782795300,12:55-13:00,98.00,3.00,97.00,2.00,486.84,12.72,12.72,482.55,97.50,2.50,1.00,1.00,13307.12,3804.37,3800.08,12917.13,77,2,2,77,59373.48,59388.31,,
2026-06-30T12:59:51+08:00,btc-updown-5m-1782795300,https://polymarket.com/zh/event/btc-updown-5m-1782795300,12:55-13:00,99.00,2.00,98.00,1.00,3078.10,203.96,205.00,3065.24,98.50,1.50,1.00,1.00,5765.56,3078.10,3065.24,6255.56,80,1,1,80,59373.48,59388.30,,
2026-06-30T12:59:53+08:00,btc-updown-5m-1782795300,https://polymarket.com/zh/event/btc-updown-5m-1782795300,12:55-13:00,98.00,8.00,97.00,2.00,17.00,11.63,104.51,25.00,97.50,5.00,1.00,6.00,5799.32,2789.54,2797.54,5813.06,72,2,2,71,59373.48,59385.28,,
2026-06-30T12:59:55+08:00,btc-updown-5m-1782795300,https://polymarket.com/zh/event/btc-updown-5m-1782795300,12:55-13:00,99.00,2.00,98.00,1.00,2275.28,169.75,135.32,2225.28,98.50,1.50,1.00,1.00,8416.56,2275.28,2225.28,8411.56,72,1,1,72,59373.48,59385.29,,
2026-06-30T12:59:57+08:00,btc-updown-5m-1782795300,https://polymarket.com/zh/event/btc-updown-5m-1782795300,12:55-13:00,,1.00,99.00,,,4364.96,4209.45,,,,,,8891.56,,,8401.57,73,0,0,74,59373.48,59385.28,,
2026-06-30T12:59:59+08:00,btc-updown-5m-1782795300,https://polymarket.com/zh/event/btc-updown-5m-1782795300,12:55-13:00,,1.00,99.00,,,18799.95,18577.54,,,,,,9316.56,,,9146.56,79,0,0,68,59373.48,59385.28,,
2026-06-30T13:00:01+08:00,btc-updown-5m-1782795600,https://polymarket.com/zh/event/btc-updown-5m-1782795600,13:00-13:05,56.00,45.00,55.00,44.00,468.98,43.15,51.00,648.62,55.50,44.50,1.00,1.00,20917.92,20924.52,20909.52,20902.92,52,43,44,52,59385.29,59385.29,,
2026-06-30T13:00:03+08:00,btc-updown-5m-1782795600,https://polymarket.com/zh/event/btc-updown-5m-1782795600,13:00-13:05,54.00,47.00,53.00,46.00,223.29,606.55,611.66,223.29,53.50,46.50,1.00,1.00,21777.60,21684.22,21699.22,21797.60,53,46,46,53,59385.29,59385.28,,
2026-06-30T13:00:04+08:00,btc-updown-5m-1782795600,https://polymarket.com/zh/event/btc-updown-5m-1782795600,13:00-13:05,54.00,47.00,53.00,46.00,496.28,288.35,213.35,496.28,53.50,46.50,1.00,1.00,22255.10,22204.22,22204.22,22192.60,53,46,46,53,59385.29,59385.28,,
2026-06-30T13:00:06+08:00,btc-updown-5m-1782795600,https://polymarket.com/zh/event/btc-updown-5m-1782795600,13:00-13:05,57.00,44.00,56.00,43.00,57.85,631.18,546.87,55.58,56.50,43.50,1.00,1.00,22572.75,22214.22,22269.37,22572.75,56,43,43,56,59385.29,59385.28,,
2026-06-30T13:00:08+08:00,btc-updown-5m-1782795600,https://polymarket.com/zh/event/btc-updown-5m-1782795600,13:00-13:05,51.00,50.00,50.00,49.00,254.70,536.19,325.36,634.87,50.50,49.50,1.00,1.00,22520.25,21394.37,21384.37,22925.25,50,49,49,50,59385.29,59391.36,,
2026-06-30T13:00:10+08:00,btc-updown-5m-1782795600,https://polymarket.com/zh/event/btc-updown-5m-1782795600,13:00-13:05,51.00,50.00,50.00,49.00,65.64,968.35,993.35,65.64,50.50,49.50,1.00,1.00,21602.76,21399.37,21544.37,22142.75,50,49,49,50,59385.29,59385.28,,
2026-06-30T13:00:12+08:00,btc-updown-5m-1782795600,https://polymarket.com/zh/event/btc-updown-5m-1782795600,13:00-13:05,55.00,46.00,54.00,45.00,1081.99,161.40,100.01,878.13,54.50,45.50,1.00,1.00,20355.25,20199.37,20194.37,20335.25,54,45,45,54,59385.29,59385.28,,
2026-06-30T13:00:14+08:00,btc-updown-5m-1782795600,https://polymarket.com/zh/event/btc-updown-5m-1782795600,13:00-13:05,56.00,45.00,55.00,44.00,889.96,173.37,418.60,928.45,55.50,44.50,1.00,1.00,20342.75,20169.37,20174.37,20907.75,55,44,44,55,59385.29,59385.28,,
2026-06-30T13:00:16+08:00,btc-updown-5m-1782795600,https://polymarket.com/zh/event/btc-updown-5m-1782795600,13:00-13:05,53.00,48.00,52.00,47.00,273.50,267.11,268.65,377.70,52.50,47.50,1.00,1.00,20697.76,20174.37,20189.37,20260.25,52,47,47,52,59385.29,59385.28,,
2026-06-30T13:00:18+08:00,btc-updown-5m-1782795600,https://polymarket.com/zh/event/btc-updown-5m-1782795600,13:00-13:05,56.00,45.00,55.00,44.00,256.97,184.37,169.37,354.87,55.50,44.50,1.00,1.00,20717.75,20179.37,20184.37,20447.75,55,44,44,55,59385.29,59385.28,,
2026-06-30T13:00:19+08:00,btc-updown-5m-1782795600,https://polymarket.com/zh/event/btc-updown-5m-1782795600,13:00-13:05,57.00,44.00,56.00,43.00,462.32,212.09,240.94,477.32,56.50,43.50,1.00,1.00,20802.76,20179.37,20174.37,20277.75,56,43,43,56,59385.29,59385.28,,
2026-06-30T13:00:21+08:00,btc-updown-5m-1782795600,https://polymarket.com/zh/event/btc-updown-5m-1782795600,13:00-13:05,57.00,44.00,56.00,43.00,385.05,317.22,317.22,420.05,56.50,43.50,1.00,1.00,20812.80,20264.42,20522.02,20665.40,56,43,43,56,59385.29,59385.28,,
2026-06-30T13:00:23+08:00,btc-updown-5m-1782795600,https://polymarket.com/zh/event/btc-updown-5m-1782795600,13:00-13:05,53.00,50.00,52.00,48.00,526.85,168.34,10.00,300.70,52.50,49.00,1.00,2.00,21377.39,20891.41,20891.41,21372.39,52,47,48,50,59385.29,59385.28,,
2026-06-30T13:00:25+08:00,btc-updown-5m-1782795600,https://polymarket.com/zh/event/btc-updown-5m-1782795600,13:00-13:05,47.00,54.00,46.00,53.00,555.91,313.16,403.16,744.02,46.50,53.50,1.00,1.00,20894.79,21012.41,21002.41,20909.79,46,53,53,46,59385.29,59382.26,,
2026-06-30T13:00:27+08:00,btc-updown-5m-1782795600,https://polymarket.com/zh/event/btc-updown-5m-1782795600,13:00-13:05,47.00,54.00,46.00,53.00,523.42,25.00,265.21,932.03,46.50,53.50,1.00,1.00,20899.79,20992.41,20991.41,21011.79,46,53,53,46,59385.29,59382.26,,
2026-06-30T13:00:29+08:00,btc-updown-5m-1782795600,https://polymarket.com/zh/event/btc-updown-5m-1782795600,13:00-13:05,46.00,55.00,45.00,54.00,360.69,202.77,154.90,370.68,45.50,54.50,1.00,1.00,21264.79,20876.41,20976.41,21259.79,45,54,54,45,59385.29,59376.22,,
2026-06-30T13:00:31+08:00,btc-updown-5m-1782795600,https://polymarket.com/zh/event/btc-updown-5m-1782795600,13:00-13:05,46.00,55.00,45.00,54.00,70.69,664.65,673.75,70.69,45.50,54.50,1.00,1.00,20799.79,20627.41,20421.41,20794.79,45,54,54,45,59385.29,59376.22,,
2026-06-30T13:00:32+08:00,btc-updown-5m-1782795600,https://polymarket.com/zh/event/btc-updown-5m-1782795600,13:00-13:05,49.00,52.00,48.00,51.00,303.23,499.03,467.10,282.74,48.50,51.50,1.00,1.00,20804.79,20464.91,20494.92,20809.79,48,51,51,48,59385.29,59376.22,,
2026-06-30T13:00:34+08:00,btc-updown-5m-1782795600,https://polymarket.com/zh/event/btc-updown-5m-1782795600,13:00-13:05,49.00,52.00,48.00,51.00,247.95,376.36,454.42,589.23,48.50,51.50,1.00,1.00,20809.79,20537.41,20621.41,20799.79,48,51,51,48,59385.29,59376.22,,
2026-06-30T13:00:36+08:00,btc-updown-5m-1782795600,https://polymarket.com/zh/event/btc-updown-5m-1782795600,13:00-13:05,58.00,43.00,57.00,42.00,55.89,789.14,781.47,55.89,57.50,42.50,1.00,1.00,20805.62,20581.41,20581.41,21205.62,57,42,42,57,59385.29,59385.27,,
2026-06-30T13:00:38+08:00,btc-updown-5m-1782795600,https://polymarket.com/zh/event/btc-updown-5m-1782795600,13:00-13:05,59.00,42.00,58.00,41.00,188.74,608.64,618.64,193.74,58.50,41.50,1.00,1.00,23158.41,20844.01,20854.01,23263.41,58,41,41,58,59385.29,59385.28,,
2026-06-30T13:00:40+08:00,btc-updown-5m-1782795600,https://polymarket.com/zh/event/btc-updown-5m-1782795600,13:00-13:05,59.00,42.00,58.00,41.00,329.18,480.80,480.80,333.10,58.50,41.50,1.00,1.00,23090.91,21343.70,21338.70,23185.91,58,41,41,58,59385.29,59385.28,,
2026-06-30T13:00:42+08:00,btc-updown-5m-1782795600,https://polymarket.com/zh/event/btc-updown-5m-1782795600,13:00-13:05,59.00,42.00,58.00,41.00,146.60,613.39,608.39,186.60,58.50,41.50,1.00,1.00,21310.41,23383.40,23378.40,21415.41,58,41,41,58,59385.29,59385.28,,
2026-06-30T13:00:44+08:00,btc-updown-5m-1782795600,https://polymarket.com/zh/event/btc-updown-5m-1782795600,13:00-13:05,59.00,42.00,58.00,41.00,110.00,558.39,601.46,277.88,58.50,41.50,1.00,1.00,23827.62,23398.40,23378.40,23322.62,58,41,41,58,59385.29,59385.28,,
2026-06-30T13:00:46+08:00,btc-updown-5m-1782795600,https://polymarket.com/zh/event/btc-updown-5m-1782795600,13:00-13:05,56.00,44.00,55.00,43.00,16.07,669.39,1158.30,50.00,55.50,43.50,1.00,1.00,21255.11,23408.40,23403.40,21745.11,55,43,43,56,59385.29,59388.29,,
2026-06-30T13:00:48+08:00,btc-updown-5m-1782795600,https://polymarket.com/zh/event/btc-updown-5m-1782795600,13:00-13:05,67.00,34.00,66.00,33.00,210.00,636.75,613.68,80.00,66.50,33.50,1.00,1.00,21712.62,23453.40,23453.40,21104.28,66,33,33,66,59385.29,59394.33,,
2026-06-30T13:00:50+08:00,btc-updown-5m-1782795600,https://polymarket.com/zh/event/btc-updown-5m-1782795600,13:00-13:05,70.00,31.00,69.00,30.00,755.10,394.75,351.56,755.10,69.50,30.50,1.00,1.00,21436.79,23568.40,23538.40,21451.79,69,30,30,69,59385.29,59401.07,,
2026-06-30T13:00:52+08:00,btc-updown-5m-1782795600,https://polymarket.com/zh/event/btc-updown-5m-1782795600,13:00-13:05,72.00,31.00,69.00,27.00,2.50,875.50,590.18,52.76,70.50,29.00,3.00,4.00,21826.80,23847.40,24047.40,21406.79,69,28,27,69,59385.29,59403.39,,
2026-06-30T13:00:53+08:00,btc-updown-5m-1782795600,https://polymarket.com/zh/event/btc-updown-5m-1782795600,13:00-13:05,77.00,24.00,76.00,23.00,561.44,612.22,373.00,536.44,76.50,23.50,1.00,1.00,20767.78,24372.73,24372.73,20752.78,76,23,23,76,59385.29,59406.41,,
2026-06-30T13:00:55+08:00,btc-updown-5m-1782795600,https://polymarket.com/zh/event/btc-updown-5m-1782795600,13:00-13:05,83.00,19.00,82.00,18.00,600.45,561.95,117.29,250.03,82.50,18.50,1.00,1.00,21047.78,25411.71,25306.71,20952.78,82,17,18,81,59385.29,59411.04,,
2026-06-30T13:00:57+08:00,btc-updown-5m-1782795600,https://polymarket.com/zh/event/btc-updown-5m-1782795600,13:00-13:05,81.00,20.00,80.00,19.00,250.17,550.80,407.23,225.17,80.50,19.50,1.00,1.00,21062.78,25446.38,25451.38,21162.78,80,19,19,80,59385.29,59416.79,,
2026-06-30T13:00:59+08:00,btc-updown-5m-1782795600,https://polymarket.com/zh/event/btc-updown-5m-1782795600,13:00-13:05,78.00,23.00,77.00,22.00,77.07,704.27,704.27,87.07,77.50,22.50,1.00,1.00,20992.78,25073.38,25356.38,21632.79,77,22,22,77,59385.29,59417.02,,
2026-06-30T13:01:01+08:00,btc-updown-5m-1782795600,https://polymarket.com/zh/event/btc-updown-5m-1782795600,13:00-13:05,79.00,22.00,78.00,21.00,20.27,1484.78,1535.24,20.27,78.50,21.50,1.00,1.00,23402.78,24792.26,24792.26,22902.78,78,21,21,78,59385.29,59414.76,,
2026-06-30T13:01:03+08:00,btc-updown-5m-1782795600,https://polymarket.com/zh/event/btc-updown-5m-1782795600,13:00-13:05,81.00,20.00,80.00,19.00,13.54,1174.46,1063.68,5.00,80.50,19.50,1.00,1.00,23392.78,24787.26,24667.26,23017.78,80,19,19,80,59385.29,59414.76,,
2026-06-30T13:01:05+08:00,btc-updown-5m-1782795600,https://polymarket.com/zh/event/btc-updown-5m-1782795600,13:00-13:05,79.00,22.00,78.00,21.00,61.99,852.78,771.37,49.99,78.50,21.50,1.00,1.00,23465.28,24783.26,24783.26,22875.28,78,21,21,78,59385.29,59416.18,,
2026-06-30T13:01:06+08:00,btc-updown-5m-1782795600,https://polymarket.com/zh/event/btc-updown-5m-1782795600,13:00-13:05,85.00,16.00,84.00,15.00,38.82,366.31,966.58,292.21,84.50,15.50,1.00,1.00,23519.78,23706.26,23661.26,23004.78,84,15,15,84,59385.29,59416.19,,
2026-06-30T13:01:08+08:00,btc-updown-5m-1782795600,https://polymarket.com/zh/event/btc-updown-5m-1782795600,13:00-13:05,84.00,17.00,83.00,16.00,63.54,270.07,24.10,517.69,83.50,16.50,1.00,1.00,23462.29,23517.26,23517.26,22847.28,82,16,16,83,59385.29,59419.47,,
2026-06-30T13:01:10+08:00,btc-updown-5m-1782795600,https://polymarket.com/zh/event/btc-updown-5m-1782795600,13:00-13:05,81.00,20.00,80.00,19.00,718.78,102.00,69.79,721.36,80.50,19.50,1.00,1.00,22909.78,23416.26,23416.26,23509.78,80,19,19,80,59385.29,59419.48,,
2026-06-30T13:01:12+08:00,btc-updown-5m-1782795600,https://polymarket.com/zh/event/btc-updown-5m-1782795600,13:00-13:05,83.00,18.00,82.00,17.00,31.13,450.61,143.67,7.48,82.50,17.50,1.00,1.00,22563.29,22486.26,22536.26,22968.29,82,17,17,82,59385.29,59417.59,,
2026-06-30T13:01:14+08:00,btc-updown-5m-1782795600,https://polymarket.com/zh/event/btc-updown-5m-1782795600,13:00-13:05,84.00,17.00,83.00,16.00,513.02,271.59,473.83,658.97,83.50,16.50,1.00,1.00,22505.78,22466.26,22466.26,22495.78,83,16,16,83,59385.29,59419.48,,
2026-06-30T13:01:16+08:00,btc-updown-5m-1782795600,https://polymarket.com/zh/event/btc-updown-5m-1782795600,13:00-13:05,81.00,20.00,80.00,19.00,879.03,105.73,115.87,476.03,80.50,19.50,1.00,1.00,22553.28,22514.86,22514.86,23058.28,80,19,19,80,59385.29,59419.45,,
2026-06-30T13:01:18+08:00,btc-updown-5m-1782795600,https://polymarket.com/zh/event/btc-updown-5m-1782795600,13:00-13:05,85.00,16.00,84.00,15.00,589.04,77.39,72.39,556.32,84.50,15.50,1.00,1.00,22610.78,22526.26,22526.26,23010.78,84,15,15,84,59385.29,59419.46,,
2026-06-30T13:01:20+08:00,btc-updown-5m-1782795600,https://polymarket.com/zh/event/btc-updown-5m-1782795600,13:00-13:05,83.00,18.00,82.00,17.00,701.40,61.09,112.92,777.62,82.50,17.50,1.00,1.00,22948.28,22526.26,22526.26,22453.28,82,17,17,82,59385.29,59421.12,,
2026-06-30T13:01:22+08:00,btc-updown-5m-1782795600,https://polymarket.com/zh/event/btc-updown-5m-1782795600,13:00-13:05,80.00,21.00,79.00,20.00,641.77,387.95,382.95,613.77,79.50,20.50,1.00,1.00,23405.78,22466.26,22466.26,23115.78,79,20,20,79,59385.29,59416.05,,
2026-06-30T13:01:23+08:00,btc-updown-5m-1782795600,https://polymarket.com/zh/event/btc-updown-5m-1782795600,13:00-13:05,80.00,21.00,79.00,20.00,484.27,491.95,466.95,484.27,79.50,20.50,1.00,1.00,22925.78,22466.26,22486.26,22520.79,79,20,20,79,59385.29,59416.05,,
2026-06-30T13:01:25+08:00,btc-updown-5m-1782795600,https://polymarket.com/zh/event/btc-updown-5m-1782795600,13:00-13:05,85.00,16.00,84.00,15.00,91.93,560.90,561.74,96.04,84.50,15.50,1.00,1.00,22400.78,22852.39,22852.39,22495.78,84,15,15,84,59385.29,59420.33,,
2026-06-30T13:01:27+08:00,btc-updown-5m-1782795600,https://polymarket.com/zh/event/btc-updown-5m-1782795600,13:00-13:05,88.00,13.00,87.00,12.00,136.41,78.21,262.39,277.49,87.50,12.50,1.00,1.00,22500.79,21804.10,21436.60,22495.79,87,12,12,87,59385.29,59418.50,,
2026-06-30T13:01:29+08:00,btc-updown-5m-1782795600,https://polymarket.com/zh/event/btc-updown-5m-1782795600,13:00-13:05,84.00,16.00,83.00,15.00,6.25,466.34,473.83,218.16,83.50,15.50,1.00,1.00,22525.79,22524.65,21686.45,22540.78,83,16,15,84,59385.29,59422.01,,
2026-06-30T13:01:31+08:00,btc-updown-5m-1782795600,https://polymarket.com/zh/event/btc-updown-5m-1782795600,13:00-13:05,86.00,15.00,85.00,14.00,278.90,136.34,38.46,821.28,85.50,14.50,1.00,1.00,22400.78,22770.14,22731.94,23120.78,85,14,14,85,59385.29,59423.88,,
2026-06-30T13:01:33+08:00,btc-updown-5m-1782795600,https://polymarket.com/zh/event/btc-updown-5m-1782795600,13:00-13:05,82.00,19.00,81.00,18.00,429.55,324.12,274.12,399.55,81.50,18.50,1.00,1.00,22415.78,22825.69,22825.69,22910.78,81,18,18,81,59385.29,59416.08,,
2026-06-30T13:01:35+08:00,btc-updown-5m-1782795600,https://polymarket.com/zh/event/btc-updown-5m-1782795600,13:00-13:05,80.00,21.00,79.00,20.00,844.60,237.17,242.17,1274.53,79.50,20.50,1.00,1.00,22890.78,22598.54,22603.54,23020.78,79,20,20,79,59385.29,59416.07,,
2026-06-30T13:01:37+08:00,btc-updown-5m-1782795600,https://polymarket.com/zh/event/btc-updown-5m-1782795600,13:00-13:05,82.00,19.00,81.00,18.00,327.32,443.21,426.99,144.74,81.50,18.50,1.00,1.00,22448.28,22603.54,22603.54,22985.78,81,18,18,81,59385.29,59416.06,,
2026-06-30T13:01:39+08:00,btc-updown-5m-1782795600,https://polymarket.com/zh/event/btc-updown-5m-1782795600,13:00-13:05,82.00,19.00,81.00,18.00,455.67,115.64,101.58,455.67,81.50,18.50,1.00,1.00,22601.78,22609.54,22609.54,23096.78,81,18,18,81,59385.29,59416.06,,
2026-06-30T13:01:40+08:00,btc-updown-5m-1782795600,https://polymarket.com/zh/event/btc-updown-5m-1782795600,13:00-13:05,83.00,18.00,82.00,17.00,564.54,11.32,11.32,603.11,82.50,17.50,1.00,1.00,22449.28,22604.54,22604.54,22564.28,82,17,17,82,59385.29,59416.06,,
2026-06-30T13:01:42+08:00,btc-updown-5m-1782795600,https://polymarket.com/zh/event/btc-updown-5m-1782795600,13:00-13:05,80.00,21.00,79.00,20.00,66.87,690.35,668.91,30.63,79.50,20.50,1.00,1.00,22606.78,22559.54,22559.54,22611.79,79,20,20,79,59385.29,59412.46,,
2026-06-30T13:01:44+08:00,btc-updown-5m-1782795600,https://polymarket.com/zh/event/btc-updown-5m-1782795600,13:00-13:05,82.00,19.00,81.00,18.00,251.14,98.79,103.96,236.14,81.50,18.50,1.00,1.00,23049.28,22559.54,22554.54,22449.28,81,18,18,81,59385.29,59412.47,,
2026-06-30T13:01:46+08:00,btc-updown-5m-1782795600,https://polymarket.com/zh/event/btc-updown-5m-1782795600,13:00-13:05,82.00,19.00,81.00,18.00,241.14,129.04,139.80,246.14,81.50,18.50,1.00,1.00,23101.78,22554.54,22554.54,22516.79,81,18,18,81,59385.29,59412.46,,
2026-06-30T13:01:48+08:00,btc-updown-5m-1782795600,https://polymarket.com/zh/event/btc-updown-5m-1782795600,13:00-13:05,82.00,19.00,81.00,18.00,188.56,373.43,373.43,193.56,81.50,18.50,1.00,1.00,22444.28,22559.54,22559.54,22554.28,81,18,18,81,59385.29,59412.46,,
2026-06-30T13:01:50+08:00,btc-updown-5m-1782795600,https://polymarket.com/zh/event/btc-updown-5m-1782795600,13:00-13:05,80.00,22.00,79.00,21.00,230.06,8.98,5.88,381.81,79.50,21.50,1.00,1.00,22506.79,22609.54,22554.54,22606.78,79,20,21,78,59385.29,59412.46,,
2026-06-30T13:01:52+08:00,btc-updown-5m-1782795600,https://polymarket.com/zh/event/btc-updown-5m-1782795600,13:00-13:05,74.00,29.00,72.00,26.00,24.90,92.15,16.48,116.47,73.00,27.50,2.00,3.00,22666.79,24442.54,24442.54,23221.79,72,25,26,71,59385.29,59409.44,,
2026-06-30T13:01:53+08:00,btc-updown-5m-1782795600,https://polymarket.com/zh/event/btc-updown-5m-1782795600,13:00-13:05,76.00,25.00,75.00,24.00,220.75,617.65,462.65,170.75,75.50,24.50,1.00,1.00,22406.78,21925.54,21925.54,22501.78,75,24,24,75,59385.29,59406.42,,
2026-06-30T13:01:55+08:00,btc-updown-5m-1782795600,https://polymarket.com/zh/event/btc-updown-5m-1782795600,13:00-13:05,71.00,30.00,70.00,29.00,792.80,20.00,41.05,749.21,70.50,29.50,1.00,1.00,22475.18,24686.54,24889.54,23120.18,70,29,29,69,59385.29,59406.40,,
2026-06-30T13:01:57+08:00,btc-updown-5m-1782795600,https://polymarket.com/zh/event/btc-updown-5m-1782795600,13:00-13:05,69.00,32.00,68.00,31.00,394.34,91.09,89.16,480.57,68.50,31.50,1.00,1.00,23105.18,25068.94,25078.94,23000.18,68,31,31,68,59385.29,59401.08,,
2026-06-30T13:01:59+08:00,btc-updown-5m-1782795600,https://polymarket.com/zh/event/btc-updown-5m-1782795600,13:00-13:05,66.00,35.00,65.00,34.00,607.46,13.00,68.15,1224.84,65.50,34.50,1.00,1.00,22395.18,25313.94,25395.94,22420.18,65,34,34,65,59385.29,59394.34,,
2026-06-30T13:02:01+08:00,btc-updown-5m-1782795600,https://polymarket.com/zh/event/btc-updown-5m-1782795600,13:00-13:05,64.00,37.00,62.00,36.00,6.62,991.66,315.17,45.11,63.00,36.50,2.00,1.00,22622.19,25033.94,25057.27,23177.18,62,36,36,63,59385.29,59392.02,,
2026-06-30T13:02:03+08:00,btc-updown-5m-1782795600,https://polymarket.com/zh/event/btc-updown-5m-1782795600,13:00-13:05,64.00,37.00,63.00,36.00,22.71,887.71,857.71,31.06,63.50,36.50,1.00,1.00,22387.19,25197.27,25202.27,22397.18,63,36,36,63,59385.29,59392.02,,
2026-06-30T13:02:05+08:00,btc-updown-5m-1782795600,https://polymarket.com/zh/event/btc-updown-5m-1782795600,13:00-13:05,66.00,35.00,65.00,34.00,345.45,214.09,195.81,345.45,65.50,34.50,1.00,1.00,22363.18,24588.27,24578.27,22453.18,65,34,34,65,59385.29,59392.03,,
2026-06-30T13:02:07+08:00,btc-updown-5m-1782795600,https://polymarket.com/zh/event/btc-updown-5m-1782795600,13:00-13:05,66.00,35.00,65.00,34.00,72.56,497.10,497.10,65.00,65.50,34.50,1.00,1.00,21999.79,24579.27,24579.27,22589.78,65,34,34,65,59385.29,59392.02,,
2026-06-30T13:02:09+08:00,btc-updown-5m-1782795600,https://polymarket.com/zh/event/btc-updown-5m-1782795600,13:00-13:05,67.00,34.00,66.00,33.00,138.34,348.76,371.12,238.34,66.50,33.50,1.00,1.00,22097.29,24465.87,24470.87,22002.28,66,33,33,66,59385.29,59392.03,,
2026-06-30T13:02:10+08:00,btc-updown-5m-1782795600,https://polymarket.com/zh/event/btc-updown-5m-1782795600,13:00-13:05,65.00,36.00,64.00,35.00,863.08,47.22,77.22,940.50,64.50,35.50,1.00,1.00,22039.78,24520.87,24530.87,22266.78,64,35,35,64,59385.29,59392.02,,
2026-06-30T13:02:12+08:00,btc-updown-5m-1782795600,https://polymarket.com/zh/event/btc-updown-5m-1782795600,13:00-13:05,58.00,43.00,57.00,42.00,504.59,382.35,382.35,504.59,57.50,42.50,1.00,1.00,22752.28,24445.87,24440.87,22152.28,57,42,42,57,59385.29,59388.30,,
2026-06-30T13:02:14+08:00,btc-updown-5m-1782795600,https://polymarket.com/zh/event/btc-updown-5m-1782795600,13:00-13:05,58.00,43.00,57.00,42.00,500.09,67.00,72.00,514.85,57.50,42.50,1.00,1.00,22926.45,24385.87,24395.87,22941.46,57,42,42,57,59385.29,59388.30,,
2026-06-30T13:02:16+08:00,btc-updown-5m-1782795600,https://polymarket.com/zh/event/btc-updown-5m-1782795600,13:00-13:05,58.00,43.00,57.00,42.00,95.11,286.02,311.02,76.21,57.50,42.50,1.00,1.00,22368.94,24390.87,24380.87,22373.94,57,42,42,57,59385.29,59388.30,,
2026-06-30T13:02:18+08:00,btc-updown-5m-1782795600,https://polymarket.com/zh/event/btc-updown-5m-1782795600,13:00-13:05,59.00,41.00,58.00,39.00,25.00,208.97,593.35,40.00,58.50,40.00,1.00,2.00,22441.44,24395.87,24385.87,22926.44,58,41,39,59,59385.29,59388.30,,
2026-06-30T13:02:20+08:00,btc-updown-5m-1782795600,https://polymarket.com/zh/event/btc-updown-5m-1782795600,13:00-13:05,62.00,39.00,61.00,38.00,636.69,74.60,74.60,806.22,61.50,38.50,1.00,1.00,22207.28,24385.87,24380.87,22107.28,61,38,38,61,59385.29,59388.30,,
2026-06-30T13:02:22+08:00,btc-updown-5m-1782795600,https://polymarket.com/zh/event/btc-updown-5m-1782795600,13:00-13:05,60.00,44.00,59.00,43.00,1487.05,188.78,51.00,255.43,59.50,43.50,1.00,1.00,22669.78,24395.87,24395.87,22284.78,59,40,43,56,59385.29,59388.25,,
2026-06-30T13:02:23+08:00,btc-updown-5m-1782795600,https://polymarket.com/zh/event/btc-updown-5m-1782795600,13:00-13:05,57.00,44.00,56.00,43.00,321.60,422.23,422.23,321.60,56.50,43.50,1.00,1.00,22174.78,24390.87,24395.87,22084.78,56,43,43,56,59385.29,59388.25,,
2026-06-30T13:02:25+08:00,btc-updown-5m-1782795600,https://polymarket.com/zh/event/btc-updown-5m-1782795600,13:00-13:05,58.00,43.00,57.00,42.00,65.09,459.07,459.07,75.09,57.50,42.50,1.00,1.00,22094.78,24315.87,24310.87,22489.78,57,42,42,57,59385.29,59388.26,,
2026-06-30T13:02:27+08:00,btc-updown-5m-1782795600,https://polymarket.com/zh/event/btc-updown-5m-1782795600,13:00-13:05,58.00,43.00,57.00,42.00,54.95,256.40,311.51,274.95,57.50,42.50,1.00,1.00,22579.79,24295.87,24305.87,22089.78,57,42,42,57,59385.29,59388.25,,
2026-06-30T13:02:29+08:00,btc-updown-5m-1782795600,https://polymarket.com/zh/event/btc-updown-5m-1782795600,13:00-13:05,57.00,44.00,56.00,43.00,158.11,87.13,322.21,60.00,56.50,43.50,1.00,1.00,23194.79,24305.87,24295.87,22614.78,56,43,43,56,59385.29,59388.25,,
2026-06-30T13:02:31+08:00,btc-updown-5m-1782795600,https://polymarket.com/zh/event/btc-updown-5m-1782795600,13:00-13:05,56.00,44.00,55.00,43.00,5.00,30.00,224.38,411.19,55.50,43.50,1.00,1.00,22547.78,24258.87,24258.87,22552.78,55,44,43,56,59385.29,59388.25,,
2026-06-30T13:02:33+08:00,btc-updown-5m-1782795600,https://polymarket.com/zh/event/btc-updown-5m-1782795600,13:00-13:05,55.00,46.00,54.00,45.00,92.43,164.71,141.17,109.72,54.50,45.50,1.00,1.00,22437.78,24253.87,24258.87,23042.79,54,45,45,54,59385.29,59388.25,,
2026-06-30T13:02:35+08:00,btc-updown-5m-1782795600,https://polymarket.com/zh/event/btc-updown-5m-1782795600,13:00-13:05,54.00,47.00,53.00,46.00,303.87,332.63,268.01,610.85,53.50,46.50,1.00,1.00,22246.78,24158.87,24163.87,21721.78,53,46,46,53,59385.29,59388.30,,
2026-06-30T13:02:37+08:00,btc-updown-5m-1782795600,https://polymarket.com/zh/event/btc-updown-5m-1782795600,13:00-13:05,54.00,47.00,53.00,46.00,158.28,188.19,182.31,68.65,53.50,46.50,1.00,1.00,22326.78,24350.87,24360.87,21736.79,53,46,46,53,59385.29,59388.30,,
2026-06-30T13:02:39+08:00,btc-updown-5m-1782795600,https://polymarket.com/zh/event/btc-updown-5m-1782795600,13:00-13:05,53.00,48.00,52.00,47.00,246.71,102.02,109.22,694.01,52.50,47.50,1.00,1.00,21831.78,24568.87,24563.87,22426.78,52,47,47,52,59385.29,59388.30,,
2026-06-30T13:02:41+08:00,btc-updown-5m-1782795600,https://polymarket.com/zh/event/btc-updown-5m-1782795600,13:00-13:05,51.00,50.00,50.00,49.00,464.93,141.00,21.95,603.46,50.50,49.50,1.00,1.00,21884.29,24526.20,24521.20,21831.78,50,49,49,50,59385.29,59388.30,,
2026-06-30T13:02:43+08:00,btc-updown-5m-1782795600,https://polymarket.com/zh/event/btc-updown-5m-1782795600,13:00-13:05,55.00,46.00,54.00,45.00,149.41,102.94,161.72,654.05,54.50,45.50,1.00,1.00,22526.78,24747.20,24540.20,22621.78,54,45,45,54,59385.29,59388.31,,
2026-06-30T13:02:45+08:00,btc-updown-5m-1782795600,https://polymarket.com/zh/event/btc-updown-5m-1782795600,13:00-13:05,56.00,45.00,55.00,44.00,237.18,394.46,394.46,226.08,55.50,44.50,1.00,1.00,22709.28,24254.20,24254.20,22794.28,55,44,44,55,59385.29,59388.30,,
2026-06-30T13:02:46+08:00,btc-updown-5m-1782795600,https://polymarket.com/zh/event/btc-updown-5m-1782795600,13:00-13:05,52.00,53.00,51.00,52.00,708.61,112.80,25.00,156.88,51.50,52.50,1.00,1.00,22861.79,24047.20,24552.20,22441.78,49,48,52,45,59385.29,59388.30,,
2026-06-30T13:02:48+08:00,btc-updown-5m-1782795600,https://polymarket.com/zh/event/btc-updown-5m-1782795600,13:00-13:05,48.00,53.00,47.00,52.00,80.28,269.82,278.77,80.28,47.50,52.50,1.00,1.00,22241.78,24800.70,24804.71,22236.78,47,52,52,47,59385.29,59389.07,,
2026-06-30T13:02:50+08:00,btc-updown-5m-1782795600,https://polymarket.com/zh/event/btc-updown-5m-1782795600,13:00-13:05,47.00,55.00,46.00,54.00,623.07,176.83,83.46,354.81,46.50,54.50,1.00,1.00,22246.78,24752.20,24868.20,22241.78,46,53,54,45,59385.29,59389.07,,
2026-06-30T13:02:52+08:00,btc-updown-5m-1782795600,https://polymarket.com/zh/event/btc-updown-5m-1782795600,13:00-13:05,46.00,56.00,45.00,55.00,370.87,160.44,141.65,378.96,45.50,55.50,1.00,1.00,21651.78,24109.70,24210.70,21636.78,45,54,55,44,59385.29,59389.07,,
2026-06-30T13:02:54+08:00,btc-updown-5m-1782795600,https://polymarket.com/zh/event/btc-updown-5m-1782795600,13:00-13:05,46.00,54.00,45.00,53.00,5.00,364.23,528.23,6.93,45.50,53.50,1.00,1.00,21501.78,24022.20,24107.20,21501.78,45,53,52,46,59385.29,59389.07,,
2026-06-30T13:02:56+08:00,btc-updown-5m-1782795600,https://polymarket.com/zh/event/btc-updown-5m-1782795600,13:00-13:05,55.00,46.00,54.00,45.00,596.34,117.18,106.68,606.34,54.50,45.50,1.00,1.00,21564.28,24412.20,24407.20,21569.29,54,45,45,54,59385.29,59389.11,,
2026-06-30T13:02:58+08:00,btc-updown-5m-1782795600,https://polymarket.com/zh/event/btc-updown-5m-1782795600,13:00-13:05,46.00,55.00,45.00,54.00,85.00,185.00,250.00,662.01,45.50,54.50,1.00,1.00,21551.78,24713.20,24629.20,21506.78,45,54,54,45,59385.29,59391.33,,
2026-06-30T13:03:00+08:00,btc-updown-5m-1782795600,https://polymarket.com/zh/event/btc-updown-5m-1782795600,13:00-13:05,47.00,54.00,46.00,53.00,394.20,55.00,55.00,374.61,46.50,53.50,1.00,1.00,21516.78,24519.21,24528.20,21526.78,46,53,53,46,59385.29,59391.30,,
2026-06-30T13:03:01+08:00,btc-updown-5m-1782795600,https://polymarket.com/zh/event/btc-updown-5m-1782795600,13:00-13:05,46.00,55.00,45.00,54.00,72.46,230.43,230.43,67.46,45.50,54.50,1.00,1.00,21291.78,23909.20,23898.21,21286.78,45,54,54,45,59385.29,59391.30,,
2026-06-30T13:03:03+08:00,btc-updown-5m-1782795600,https://polymarket.com/zh/event/btc-updown-5m-1782795600,13:00-13:05,47.00,55.00,46.00,54.00,705.49,111.00,5.00,790.42,46.50,54.50,1.00,1.00,21111.78,23543.20,23542.20,21106.78,46,53,54,45,59385.29,59391.30,,
2026-06-30T13:03:05+08:00,btc-updown-5m-1782795600,https://polymarket.com/zh/event/btc-updown-5m-1782795600,13:00-13:05,42.00,62.00,40.00,61.00,282.00,10.09,34.93,232.00,41.00,61.50,2.00,1.00,21641.78,23518.20,23628.20,21551.78,40,58,61,38,59385.29,59388.86,,
2026-06-30T13:03:07+08:00,btc-updown-5m-1782795600,https://polymarket.com/zh/event/btc-updown-5m-1782795600,13:00-13:05,37.00,64.00,36.00,63.00,102.43,387.61,337.48,85.34,36.50,63.50,1.00,1.00,21586.78,23614.20,23610.20,21571.78,36,63,63,36,59385.29,59385.28,,
2026-06-30T13:03:09+08:00,btc-updown-5m-1782795600,https://polymarket.com/zh/event/btc-updown-5m-1782795600,13:00-13:05,39.00,62.00,38.00,61.00,279.14,306.41,315.50,276.14,38.50,61.50,1.00,1.00,21561.78,23614.20,23610.20,21561.78,38,61,61,38,59385.29,59385.28,,
2026-06-30T13:03:11+08:00,btc-updown-5m-1782795600,https://polymarket.com/zh/event/btc-updown-5m-1782795600,13:00-13:05,40.00,61.00,39.00,60.00,385.41,449.31,301.63,261.11,39.50,60.50,1.00,1.00,20936.78,23614.20,23620.20,20946.78,39,60,60,39,59385.29,59385.28,,
2026-06-30T13:03:13+08:00,btc-updown-5m-1782795600,https://polymarket.com/zh/event/btc-updown-5m-1782795600,13:00-13:05,39.00,62.00,38.00,61.00,159.59,284.88,272.28,123.16,38.50,61.50,1.00,1.00,20911.78,23560.70,23268.87,20980.11,38,61,61,38,59385.29,59385.28,,
2026-06-30T13:03:15+08:00,btc-updown-5m-1782795600,https://polymarket.com/zh/event/btc-updown-5m-1782795600,13:00-13:05,35.00,69.00,34.00,67.00,661.01,175.00,8.25,526.80,34.50,68.00,1.00,2.00,24259.11,21838.87,21738.87,24482.11,34,65,67,31,59385.29,59385.28,,
2026-06-30T13:03:16+08:00,btc-updown-5m-1782795600,https://polymarket.com/zh/event/btc-updown-5m-1782795600,13:00-13:05,37.00,64.00,36.00,63.00,31.14,372.47,372.47,44.14,36.50,63.50,1.00,1.00,23536.11,21236.37,21326.37,23536.11,36,63,63,36,59385.29,59382.27,,
2026-06-30T13:03:18+08:00,btc-updown-5m-1782795600,https://polymarket.com/zh/event/btc-updown-5m-1782795600,13:00-13:05,38.00,63.00,37.00,62.00,732.90,52.33,52.33,730.26,37.50,62.50,1.00,1.00,23489.44,21380.54,21275.54,23479.44,37,62,62,37,59385.29,59382.26,,
2026-06-30T13:03:20+08:00,btc-updown-5m-1782795600,https://polymarket.com/zh/event/btc-updown-5m-1782795600,13:00-13:05,39.00,62.00,38.00,61.00,132.18,249.32,249.32,132.18,38.50,61.50,1.00,1.00,21991.77,19781.34,19781.34,21991.77,38,61,61,38,59385.29,59382.26,,
2026-06-30T13:03:22+08:00,btc-updown-5m-1782795600,https://polymarket.com/zh/event/btc-updown-5m-1782795600,13:00-13:05,35.00,65.00,34.00,63.00,106.51,29.80,377.11,250.25,34.50,64.00,1.00,2.00,22061.77,20449.85,20444.84,22061.77,34,65,63,35,59385.29,59382.26,,
2026-06-30T13:03:24+08:00,btc-updown-5m-1782795600,https://polymarket.com/zh/event/btc-updown-5m-1782795600,13:00-13:05,41.00,60.00,40.00,59.00,526.33,62.09,57.09,249.58,40.50,59.50,1.00,1.00,21843.43,20413.34,20308.34,21833.43,40,59,59,40,59385.29,59382.26,,
2026-06-30T13:03:26+08:00,btc-updown-5m-1782795600,https://polymarket.com/zh/event/btc-updown-5m-1782795600,13:00-13:05,47.00,54.00,46.00,53.00,100.00,553.13,568.26,277.20,46.50,53.50,1.00,1.00,21684.43,20194.84,20290.84,21674.43,46,53,53,46,59385.29,59382.26,,
2026-06-30T13:03:28+08:00,btc-updown-5m-1782795600,https://polymarket.com/zh/event/btc-updown-5m-1782795600,13:00-13:05,46.00,56.00,45.00,55.00,200.00,26.66,32.66,776.49,45.50,55.50,1.00,1.00,21674.43,20074.85,20143.34,21669.43,44,54,55,44,59385.29,59382.26,,
2026-06-30T13:03:30+08:00,btc-updown-5m-1782795600,https://polymarket.com/zh/event/btc-updown-5m-1782795600,13:00-13:05,43.00,56.00,42.00,55.00,197.52,204.48,474.76,299.83,42.50,55.50,1.00,1.00,21782.54,19899.84,19694.84,21697.54,42,57,55,44,59385.29,59382.26,,
2026-06-30T13:03:32+08:00,btc-updown-5m-1782795600,https://polymarket.com/zh/event/btc-updown-5m-1782795600,13:00-13:05,47.00,54.00,46.00,53.00,1078.06,83.84,123.84,948.45,46.50,53.50,1.00,1.00,21024.54,18967.84,18815.34,21034.54,46,53,53,46,59385.29,59382.26,,
2026-06-30T13:03:33+08:00,btc-updown-5m-1782795600,https://polymarket.com/zh/event/btc-updown-5m-1782795600,13:00-13:05,36.00,65.00,35.00,64.00,475.46,504.00,464.00,508.29,35.50,64.50,1.00,1.00,20794.54,18753.84,18852.85,20811.54,35,64,64,35,59385.29,59382.24,,
2026-06-30T13:03:35+08:00,btc-updown-5m-1782795600,https://polymarket.com/zh/event/btc-updown-5m-1782795600,13:00-13:05,37.00,64.00,36.00,63.00,281.04,255.33,256.90,281.04,36.50,63.50,1.00,1.00,20729.54,18688.84,18567.84,20729.54,36,63,63,36,59385.29,59379.25,,
2026-06-30T13:03:37+08:00,btc-updown-5m-1782795600,https://polymarket.com/zh/event/btc-updown-5m-1782795600,13:00-13:05,38.00,63.00,37.00,62.00,143.92,441.63,268.83,115.48,37.50,62.50,1.00,1.00,20684.54,18698.85,18582.84,20679.54,37,62,62,37,59385.29,59379.24,,
2026-06-30T13:03:39+08:00,btc-updown-5m-1782795600,https://polymarket.com/zh/event/btc-updown-5m-1782795600,13:00-13:05,39.00,62.00,38.00,61.00,89.18,383.14,393.08,58.66,38.50,61.50,1.00,1.00,20739.54,18677.84,18587.84,20744.54,38,61,61,38,59385.29,59379.25,,
2026-06-30T13:03:41+08:00,btc-updown-5m-1782795600,https://polymarket.com/zh/event/btc-updown-5m-1782795600,13:00-13:05,35.00,66.00,34.00,65.00,140.68,1358.21,1367.46,151.48,34.50,65.50,1.00,1.00,21753.54,18807.84,18817.84,21748.54,34,65,65,34,59385.29,59371.33,,
2026-06-30T13:03:43+08:00,btc-updown-5m-1782795600,https://polymarket.com/zh/event/btc-updown-5m-1782795600,13:00-13:05,36.00,65.00,35.00,64.00,538.30,265.05,115.48,438.30,35.50,64.50,1.00,1.00,21723.54,18998.84,18807.84,21738.54,35,64,64,35,59385.29,59374.33,,
2026-06-30T13:03:45+08:00,btc-updown-5m-1782795600,https://polymarket.com/zh/event/btc-updown-5m-1782795600,13:00-13:05,43.00,58.00,42.00,57.00,727.83,461.13,303.20,108.55,42.50,57.50,1.00,1.00,21543.54,18825.34,18735.34,21558.54,42,57,57,42,59385.29,59374.34,,
2026-06-30T13:03:46+08:00,btc-updown-5m-1782795600,https://polymarket.com/zh/event/btc-updown-5m-1782795600,13:00-13:05,53.00,48.00,52.00,46.00,20.87,516.71,80.59,8.73,52.50,47.00,1.00,2.00,20689.54,18878.85,18778.84,20789.55,51,47,44,52,59385.29,59379.24,,
2026-06-30T13:03:48+08:00,btc-updown-5m-1782795600,https://polymarket.com/zh/event/btc-updown-5m-1782795600,13:00-13:05,61.00,40.00,60.00,39.00,1304.48,2.60,67.60,1346.18,60.50,39.50,1.00,1.00,21371.04,18574.84,18589.84,21381.04,60,39,39,59,59385.29,59390.66,,
2026-06-30T13:03:50+08:00,btc-updown-5m-1782795600,https://polymarket.com/zh/event/btc-updown-5m-1782795600,13:00-13:05,60.00,40.00,59.00,39.00,239.18,95.00,389.02,65.00,59.50,39.50,1.00,1.00,20920.21,18871.17,18997.17,21425.21,59,40,39,60,59385.29,59390.66,,
2026-06-30T13:03:52+08:00,btc-updown-5m-1782795600,https://polymarket.com/zh/event/btc-updown-5m-1782795600,13:00-13:05,44.00,57.00,43.00,56.00,135.65,465.47,129.00,387.13,43.50,56.50,1.00,1.00,20772.71,19506.17,19531.17,20762.71,43,56,56,43,59385.29,59389.89,,
2026-06-30T13:03:54+08:00,btc-updown-5m-1782795600,https://polymarket.com/zh/event/btc-updown-5m-1782795600,13:00-13:05,43.00,58.00,42.00,57.00,215.00,205.24,371.03,198.37,42.50,57.50,1.00,1.00,20490.21,19206.18,19185.17,20485.21,42,57,57,42,59385.29,59382.26,,
2026-06-30T13:03:56+08:00,btc-updown-5m-1782795600,https://polymarket.com/zh/event/btc-updown-5m-1782795600,13:00-13:05,45.00,56.00,44.00,54.00,108.75,221.37,221.37,151.27,44.50,55.00,1.00,2.00,20288.54,19048.56,18851.56,20348.54,44,55,54,44,59385.29,59382.26,,
2026-06-30T13:03:58+08:00,btc-updown-5m-1782795600,https://polymarket.com/zh/event/btc-updown-5m-1782795600,13:00-13:05,48.00,53.00,47.00,52.00,748.50,78.03,90.56,739.87,47.50,52.50,1.00,1.00,20038.54,18271.52,18380.52,20048.54,46,52,52,46,59385.29,59382.26,,
2026-06-30T13:04:00+08:00,btc-updown-5m-1782795600,https://polymarket.com/zh/event/btc-updown-5m-1782795600,13:00-13:05,47.00,54.00,46.00,53.00,86.48,633.62,634.94,86.48,46.50,53.50,1.00,1.00,20038.54,18249.66,18253.65,20043.54,46,53,53,46,59385.29,59382.26,,
2026-06-30T13:04:01+08:00,btc-updown-5m-1782795600,https://polymarket.com/zh/event/btc-updown-5m-1782795600,13:00-13:05,35.00,66.00,34.00,65.00,259.26,430.72,386.51,234.89,34.50,65.50,1.00,1.00,20336.72,19040.47,19219.25,20331.72,34,65,65,34,59385.29,59379.24,,
2026-06-30T13:04:03+08:00,btc-updown-5m-1782795600,https://polymarket.com/zh/event/btc-updown-5m-1782795600,13:00-13:05,35.00,66.00,34.00,65.00,490.00,240.83,60.00,510.25,34.50,65.50,1.00,1.00,20944.22,19151.26,19127.25,20944.22,33,65,65,33,59385.29,59373.20,,
2026-06-30T13:04:05+08:00,btc-updown-5m-1782795600,https://polymarket.com/zh/event/btc-updown-5m-1782795600,13:00-13:05,42.00,58.00,41.00,57.00,73.73,69.85,275.48,428.66,41.50,57.50,1.00,1.00,20794.22,18951.25,18936.26,20799.22,38,58,57,40,59385.29,59373.20,,
2026-06-30T13:04:07+08:00,btc-updown-5m-1782795600,https://polymarket.com/zh/event/btc-updown-5m-1782795600,13:00-13:05,48.00,53.00,47.00,52.00,1.43,49.92,217.18,18.35,47.50,52.50,1.00,1.00,20584.22,18938.91,18972.39,20596.22,46,52,52,46,59385.29,59373.20,,
2026-06-30T13:04:09+08:00,btc-updown-5m-1782795600,https://polymarket.com/zh/event/btc-updown-5m-1782795600,13:00-13:05,50.00,48.00,49.00,47.00,55.63,7.77,95.21,77.80,49.50,47.50,1.00,1.00,20611.22,18356.40,18356.39,20601.22,42,50,47,43,59385.29,59373.20,,
2026-06-30T13:04:11+08:00,btc-updown-5m-1782795600,https://polymarket.com/zh/event/btc-updown-5m-1782795600,13:00-13:05,51.00,50.00,50.00,49.00,706.92,29.92,96.59,723.92,50.50,49.50,1.00,1.00,21101.22,18757.39,18637.39,21191.22,44,49,49,44,59385.29,59373.21,,
2026-06-30T13:04:13+08:00,btc-updown-5m-1782795600,https://polymarket.com/zh/event/btc-updown-5m-1782795600,13:00-13:05,52.00,49.00,48.00,47.00,152.80,155.72,2.06,15.02,50.00,48.00,4.00,2.00,20803.22,19126.89,19226.89,20798.23,44,48,46,45,59385.29,59373.20,,
2026-06-30T13:04:15+08:00,btc-updown-5m-1782795600,https://polymarket.com/zh/event/btc-updown-5m-1782795600,13:00-13:05,54.00,51.00,53.00,50.00,185.00,15.03,15.00,100.68,53.50,50.50,1.00,1.00,20850.72,18551.89,18566.89,20255.72,45,46,50,45,59385.29,59373.21,,
2026-06-30T13:04:16+08:00,btc-updown-5m-1782795600,https://polymarket.com/zh/event/btc-updown-5m-1782795600,13:00-13:05,44.00,59.00,41.00,58.00,50.00,560.88,65.04,195.00,42.50,58.50,3.00,1.00,20019.28,18518.39,18608.39,20019.28,35,53,51,35,59385.29,59370.18,,
2026-06-30T13:04:18+08:00,btc-updown-5m-1782795600,https://polymarket.com/zh/event/btc-updown-5m-1782795600,13:00-13:05,29.00,71.00,28.00,70.00,16.00,137.48,103.56,13.36,28.50,70.50,1.00,1.00,14616.13,18219.28,18230.29,14706.13,24,70,70,26,59385.29,59364.15,,
2026-06-30T13:04:20+08:00,btc-updown-5m-1782795600,https://polymarket.com/zh/event/btc-updown-5m-1782795600,13:00-13:05,31.00,69.00,30.00,68.00,22.13,50.00,262.99,1.77,30.50,68.50,1.00,1.00,14889.53,18386.18,18486.18,14874.53,25,69,67,26,59385.29,59364.15,,
2026-06-30T13:04:22+08:00,btc-updown-5m-1782795600,https://polymarket.com/zh/event/btc-updown-5m-1782795600,13:00-13:05,29.00,72.00,28.00,71.00,41.98,31.32,163.35,47.37,28.50,71.50,1.00,1.00,14930.53,18697.68,18713.68,14930.53,24,71,71,24,59385.29,59364.14,,
2026-06-30T13:04:24+08:00,btc-updown-5m-1782795600,https://polymarket.com/zh/event/btc-updown-5m-1782795600,13:00-13:05,26.00,75.00,25.00,74.00,209.06,32.72,16.82,188.06,25.50,74.50,1.00,1.00,14880.53,18533.54,18647.54,15087.53,23,73,73,22,59385.29,59364.14,,
2026-06-30T13:04:26+08:00,btc-updown-5m-1782795600,https://polymarket.com/zh/event/btc-updown-5m-1782795600,13:00-13:05,21.00,80.00,20.00,79.00,254.87,158.08,173.13,259.87,20.50,79.50,1.00,1.00,14746.53,18646.71,18660.71,14746.53,16,77,77,17,59385.29,59364.14,,
2026-06-30T13:04:28+08:00,btc-updown-5m-1782795600,https://polymarket.com/zh/event/btc-updown-5m-1782795600,13:00-13:05,29.00,68.00,25.00,67.00,0.49,50.00,49.15,1.00,27.00,67.50,4.00,1.00,13609.08,18553.31,18567.31,13660.08,23,71,64,28,59385.29,59370.17,,
2026-06-30T13:04:29+08:00,btc-updown-5m-1782795600,https://polymarket.com/zh/event/btc-updown-5m-1782795600,13:00-13:05,21.00,80.00,20.00,79.00,67.99,797.63,48.64,62.99,20.50,79.50,1.00,1.00,13884.78,18997.32,18867.32,13879.78,18,71,69,18,59385.29,59370.17,,
2026-06-30T13:04:31+08:00,btc-updown-5m-1782795600,https://polymarket.com/zh/event/btc-updown-5m-1782795600,13:00-13:05,23.00,78.00,22.00,77.00,36.36,684.98,696.40,36.36,22.50,77.50,1.00,1.00,13371.45,18901.75,18977.75,13371.45,18,69,70,18,59385.29,59370.17,,
2026-06-30T13:04:33+08:00,btc-updown-5m-1782795600,https://polymarket.com/zh/event/btc-updown-5m-1782795600,13:00-13:05,26.00,74.00,25.00,71.00,1.25,58.62,788.25,13.75,25.50,72.50,1.00,3.00,12821.12,18921.76,19007.75,12826.12,23,71,69,23,59385.29,59370.17,,
2026-06-30T13:04:35+08:00,btc-updown-5m-1782795600,https://polymarket.com/zh/event/btc-updown-5m-1782795600,13:00-13:05,18.00,83.00,17.00,82.00,62.43,52.54,45.98,142.04,17.50,82.50,1.00,1.00,11510.23,18305.76,18279.76,11559.93,15,75,76,15,59385.29,59365.30,,
2026-06-30T13:04:37+08:00,btc-updown-5m-1782795600,https://polymarket.com/zh/event/btc-updown-5m-1782795600,13:00-13:05,31.00,75.00,23.00,74.00,75.57,10.00,85.00,111.15,27.00,74.50,8.00,1.00,11602.93,18380.76,17734.76,11616.93,20,65,68,21,59385.29,59366.46,,
2026-06-30T13:04:39+08:00,btc-updown-5m-1782795600,https://polymarket.com/zh/event/btc-updown-5m-1782795600,13:00-13:05,29.00,74.00,28.00,73.00,2.76,12.20,22.25,50.00,28.50,73.50,1.00,1.00,11570.93,18327.67,18214.67,11595.93,22,69,71,21,59385.29,59366.45,,
2026-06-30T13:04:41+08:00,btc-updown-5m-1782795600,https://polymarket.com/zh/event/btc-updown-5m-1782795600,13:00-13:05,30.00,73.00,27.00,71.00,3.17,6.52,36.62,16.84,28.50,72.00,3.00,2.00,11573.53,17716.17,17751.18,11568.53,21,70,70,21,59385.29,59367.50,,
2026-06-30T13:04:42+08:00,btc-updown-5m-1782795600,https://polymarket.com/zh/event/btc-updown-5m-1782795600,13:00-13:05,67.00,34.00,66.00,33.00,2.67,41.70,35.00,31.22,66.50,33.50,1.00,1.00,11659.23,17588.67,17598.67,11627.23,51,31,31,52,59385.29,59367.08,,
2026-06-30T13:04:44+08:00,btc-updown-5m-1782795600,https://polymarket.com/zh/event/btc-updown-5m-1782795600,13:00-13:05,68.00,35.00,66.00,34.00,11.40,87.54,19.02,1.00,67.00,34.50,2.00,1.00,12228.53,17476.67,17481.67,11711.23,54,28,31,54,59385.29,59367.09,,
2026-06-30T13:04:46+08:00,btc-updown-5m-1782795600,https://polymarket.com/zh/event/btc-updown-5m-1782795600,13:00-13:05,65.00,43.00,57.00,42.00,22.40,35.88,72.95,5.00,61.00,42.50,8.00,1.00,9164.20,14333.94,14323.94,9164.20,41,32,34,44,59385.29,59370.16,,
2026-06-30T13:04:48+08:00,btc-updown-5m-1782795600,https://polymarket.com/zh/event/btc-updown-5m-1782795600,13:00-13:05,67.00,34.00,66.00,33.00,20.25,216.71,231.42,18.75,66.50,33.50,1.00,1.00,4068.21,13587.94,13607.94,3583.20,48,30,30,49,59385.29,59370.16,,
2026-06-30T13:04:50+08:00,btc-updown-5m-1782795600,https://polymarket.com/zh/event/btc-updown-5m-1782795600,13:00-13:05,74.00,27.00,73.00,26.00,268.90,59.59,59.59,268.90,73.50,26.50,1.00,1.00,3429.20,7582.94,7582.94,3919.20,52,25,25,51,59385.29,59370.16,,
2026-06-30T13:04:52+08:00,btc-updown-5m-1782795600,https://polymarket.com/zh/event/btc-updown-5m-1782795600,13:00-13:05,53.00,50.00,49.00,45.00,8.50,13.15,24.71,4.21,51.00,47.50,4.00,5.00,3466.20,7910.94,7510.94,3876.20,34,40,38,35,59385.29,59370.16,,
2026-06-30T13:04:54+08:00,btc-updown-5m-1782795600,https://polymarket.com/zh/event/btc-updown-5m-1782795600,13:00-13:05,36.00,66.00,35.00,61.00,5.00,6.01,3.46,84.95,35.50,63.50,1.00,5.00,3337.20,7961.94,7975.95,3352.20,27,53,51,26,59385.29,59361.12,,
2026-06-30T13:04:56+08:00,btc-updown-5m-1782795600,https://polymarket.com/zh/event/btc-updown-5m-1782795600,13:00-13:05,97.00,6.00,94.00,3.00,110.66,456.88,3.33,21.08,95.50,4.50,3.00,3.00,7992.21,3562.12,3476.54,8634.21,68,3,3,68,59385.29,59403.40,,
2026-06-30T13:04:58+08:00,btc-updown-5m-1782795600,https://polymarket.com/zh/event/btc-updown-5m-1782795600,13:00-13:05,,1.00,99.00,,,2571.16,2191.63,,,,,,9320.48,,,9814.48,91,0,0,89,59385.29,59407.88,,
2026-06-30T13:04:59+08:00,btc-updown-5m-1782795600,https://polymarket.com/zh/event/btc-updown-5m-1782795600,13:00-13:05,,1.00,99.00,,,39257.60,12897.45,,,,,,8032.48,,,8012.48,83,0,0,82,59385.29,59407.89,,
2026-06-30T13:05:01+08:00,btc-updown-5m-1782795900,https://polymarket.com/zh/event/btc-updown-5m-1782795900,13:05-13:10,52.00,49.00,51.00,48.00,1274.34,20.00,20.00,1245.23,51.50,48.50,1.00,1.00,21448.88,21394.76,21379.76,21533.88,51,48,48,51,59409.22,59412.45,,
2026-06-30T13:05:03+08:00,btc-updown-5m-1782795900,https://polymarket.com/zh/event/btc-updown-5m-1782795900,13:05-13:10,52.00,49.00,51.00,48.00,681.98,649.51,649.51,672.36,51.50,48.50,1.00,1.00,22446.07,22414.46,22409.46,22388.56,51,48,48,51,59409.22,59412.45,,
2026-06-30T13:05:05+08:00,btc-updown-5m-1782795900,https://polymarket.com/zh/event/btc-updown-5m-1782795900,13:05-13:10,52.00,49.00,51.00,48.00,738.57,100.00,100.00,767.20,51.50,48.50,1.00,1.00,22758.71,22519.61,22519.61,22648.72,51,48,48,51,59409.22,59412.45,,
2026-06-30T13:05:07+08:00,btc-updown-5m-1782795900,https://polymarket.com/zh/event/btc-updown-5m-1782795900,13:05-13:10,51.00,50.00,50.00,49.00,52.43,455.59,921.61,381.42,50.50,49.50,1.00,1.00,22711.21,22559.61,22559.61,23221.21,50,49,49,50,59409.22,59412.45,,
2026-06-30T13:05:09+08:00,btc-updown-5m-1782795900,https://polymarket.com/zh/event/btc-updown-5m-1782795900,13:05-13:10,51.00,50.00,50.00,49.00,126.16,658.30,658.30,126.16,50.50,49.50,1.00,1.00,21763.72,21674.61,21659.61,21868.71,50,49,49,50,59409.22,59412.45,,
2026-06-30T13:05:11+08:00,btc-updown-5m-1782795900,https://polymarket.com/zh/event/btc-updown-5m-1782795900,13:05-13:10,47.00,54.00,46.00,53.00,444.14,615.03,302.07,334.14,46.50,53.50,1.00,1.00,20491.21,20449.61,20549.61,20486.21,46,53,53,46,59409.22,59412.42,,
2026-06-30T13:05:13+08:00,btc-updown-5m-1782795900,https://polymarket.com/zh/event/btc-updown-5m-1782795900,13:05-13:10,46.00,55.00,45.00,54.00,362.33,280.02,410.16,330.26,45.50,54.50,1.00,1.00,20438.71,20644.61,20580.61,20448.71,45,54,54,45,59409.22,59403.40,,
2026-06-30T13:05:15+08:00,btc-updown-5m-1782795900,https://polymarket.com/zh/event/btc-updown-5m-1782795900,13:05-13:10,46.00,55.00,45.00,54.00,449.61,348.43,335.38,372.43,45.50,54.50,1.00,1.00,20533.71,20608.11,20512.11,20548.71,45,54,54,45,59409.22,59403.40,,
2026-06-30T13:05:16+08:00,btc-updown-5m-1782795900,https://polymarket.com/zh/event/btc-updown-5m-1782795900,13:05-13:10,46.00,55.00,45.00,54.00,54.95,1019.35,1024.35,54.95,45.50,54.50,1.00,1.00,20673.71,20654.61,20559.61,20653.71,45,54,54,45,59409.22,59403.41,,
2026-06-30T13:05:18+08:00,btc-updown-5m-1782795900,https://polymarket.com/zh/event/btc-updown-5m-1782795900,13:05-13:10,50.00,51.00,49.00,50.00,648.22,597.49,393.70,443.71,49.50,50.50,1.00,1.00,20658.71,20565.61,20544.61,20658.71,49,50,50,49,59409.22,59403.40,,
2026-06-30T13:05:20+08:00,btc-updown-5m-1782795900,https://polymarket.com/zh/event/btc-updown-5m-1782795900,13:05-13:10,50.00,51.00,49.00,50.00,441.29,814.47,799.47,439.13,49.50,50.50,1.00,1.00,20693.93,20580.83,20589.83,20703.93,49,50,50,49,59409.22,59412.01,,
2026-06-30T13:05:22+08:00,btc-updown-5m-1782795900,https://polymarket.com/zh/event/btc-updown-5m-1782795900,13:05-13:10,53.00,48.00,52.00,47.00,141.28,828.61,823.61,141.28,52.50,47.50,1.00,1.00,21836.82,21117.83,21380.43,21331.82,52,47,47,52,59409.22,59412.01,,
2026-06-30T13:05:24+08:00,btc-updown-5m-1782795900,https://polymarket.com/zh/event/btc-updown-5m-1782795900,13:05-13:10,52.00,50.00,51.00,49.00,1133.67,210.04,113.80,191.47,51.50,49.50,1.00,1.00,21878.51,24137.42,24260.11,21878.51,51,48,49,50,59409.22,59412.01,,
2026-06-30T13:05:26+08:00,btc-updown-5m-1782795900,https://polymarket.com/zh/event/btc-updown-5m-1782795900,13:05-13:10,47.00,54.00,46.00,53.00,831.07,62.55,92.55,608.30,46.50,53.50,1.00,1.00,21892.91,24474.11,24460.11,21882.91,46,53,53,46,59409.22,59412.01,,
2026-06-30T13:05:28+08:00,btc-updown-5m-1782795900,https://polymarket.com/zh/event/btc-updown-5m-1782795900,13:05-13:10,51.00,49.00,50.00,48.00,6.30,290.12,346.01,1371.70,50.50,48.50,1.00,1.00,21897.92,24133.81,24171.81,21987.91,50,49,48,51,59409.22,59412.42,,
2026-06-30T13:05:29+08:00,btc-updown-5m-1782795900,https://polymarket.com/zh/event/btc-updown-5m-1782795900,13:05-13:10,49.00,52.00,48.00,51.00,260.47,380.52,321.31,313.42,48.50,51.50,1.00,1.00,21877.91,24133.81,24039.81,21892.91,48,51,51,48,59409.22,59412.42,,
2026-06-30T13:05:31+08:00,btc-updown-5m-1782795900,https://polymarket.com/zh/event/btc-updown-5m-1782795900,13:05-13:10,51.00,50.00,50.00,49.00,257.51,87.97,298.10,381.31,50.50,49.50,1.00,1.00,21532.91,23616.31,23553.81,21527.91,50,49,49,50,59409.22,59412.42,,
2026-06-30T13:05:33+08:00,btc-updown-5m-1782795900,https://polymarket.com/zh/event/btc-updown-5m-1782795900,13:05-13:10,37.00,64.00,36.00,63.00,180.86,628.73,653.73,175.86,36.50,63.50,1.00,1.00,24352.91,21374.81,21369.82,24342.91,36,63,63,36,59409.22,59394.34,,
2026-06-30T13:05:35+08:00,btc-updown-5m-1782795900,https://polymarket.com/zh/event/btc-updown-5m-1782795900,13:05-13:10,37.00,65.00,36.00,64.00,393.93,441.50,46.00,333.00,36.50,64.50,1.00,1.00,24429.57,21444.64,21431.31,24472.90,36,63,64,35,59409.22,59388.31,,
2026-06-30T13:05:37+08:00,btc-updown-5m-1782795900,https://polymarket.com/zh/event/btc-updown-5m-1782795900,13:05-13:10,39.00,62.00,38.00,61.00,160.43,744.42,794.42,160.43,38.50,61.50,1.00,1.00,24397.90,21418.82,21519.81,24392.90,38,61,61,38,59409.22,59388.30,,
2026-06-30T13:05:39+08:00,btc-updown-5m-1782795900,https://polymarket.com/zh/event/btc-updown-5m-1782795900,13:05-13:10,40.00,61.00,39.00,60.00,225.46,496.81,496.81,225.46,39.50,60.50,1.00,1.00,24292.90,21342.31,21441.31,24302.90,39,60,60,39,59409.22,59389.97,,
2026-06-30T13:05:41+08:00,btc-updown-5m-1782795900,https://polymarket.com/zh/event/btc-updown-5m-1782795900,13:05-13:10,42.00,59.00,41.00,58.00,171.46,760.81,806.85,262.46,41.50,58.50,1.00,1.00,23632.90,21498.82,21493.81,23637.90,41,58,58,41,59409.22,59389.98,,
2026-06-30T13:05:43+08:00,btc-updown-5m-1782795900,https://polymarket.com/zh/event/btc-updown-5m-1782795900,13:05-13:10,34.00,67.00,33.00,66.00,229.41,681.37,593.36,206.10,33.50,66.50,1.00,1.00,24412.90,21357.32,21441.31,24397.90,33,66,66,33,59409.22,59388.30,,
2026-06-30T13:05:45+08:00,btc-updown-5m-1782795900,https://polymarket.com/zh/event/btc-updown-5m-1782795900,13:05-13:10,35.00,66.00,34.00,65.00,149.34,791.69,791.69,149.34,34.50,65.50,1.00,1.00,24497.90,21399.81,21404.82,24392.90,34,65,65,34,59409.22,59388.30,,
2026-06-30T13:05:46+08:00,btc-updown-5m-1782795900,https://polymarket.com/zh/event/btc-updown-5m-1782795900,13:05-13:10,34.00,68.00,33.00,67.00,398.45,159.68,131.49,447.20,33.50,67.50,1.00,1.00,24553.90,21326.31,21426.31,24578.90,33,66,67,32,59409.22,59382.26,,
2026-06-30T13:05:48+08:00,btc-updown-5m-1782795900,https://polymarket.com/zh/event/btc-updown-5m-1782795900,13:05-13:10,41.00,60.00,39.00,59.00,64.80,195.00,1726.24,49.80,40.00,59.50,2.00,1.00,24345.90,21473.82,21473.82,24245.90,39,59,59,40,59409.22,59391.30,,
2026-06-30T13:05:50+08:00,btc-updown-5m-1782795900,https://polymarket.com/zh/event/btc-updown-5m-1782795900,13:05-13:10,43.00,58.00,42.00,57.00,79.52,562.72,427.22,79.52,42.50,57.50,1.00,1.00,24507.90,21438.81,21681.31,24507.90,42,57,57,42,59409.22,59391.32,,
2026-06-30T13:05:52+08:00,btc-updown-5m-1782795900,https://polymarket.com/zh/event/btc-updown-5m-1782795900,13:05-13:10,45.00,56.00,44.00,55.00,197.88,761.55,683.96,138.88,44.50,55.50,1.00,1.00,24395.90,21523.81,21639.81,24517.90,44,55,55,44,59409.22,59391.35,,
2026-06-30T13:05:54+08:00,btc-updown-5m-1782795900,https://polymarket.com/zh/event/btc-updown-5m-1782795900,13:05-13:10,46.00,55.00,45.00,54.00,45.00,975.35,1005.35,45.00,45.50,54.50,1.00,1.00,23917.90,21553.82,21638.81,23917.90,45,54,54,45,59409.22,59395.67,,
2026-06-30T13:05:56+08:00,btc-updown-5m-1782795900,https://polymarket.com/zh/event/btc-updown-5m-1782795900,13:05-13:10,47.00,54.00,46.00,53.00,215.87,493.81,508.81,215.87,46.50,53.50,1.00,1.00,23917.90,21633.81,21633.81,23907.90,46,53,53,46,59409.22,59395.66,,
2026-06-30T13:05:58+08:00,btc-updown-5m-1782795900,https://polymarket.com/zh/event/btc-updown-5m-1782795900,13:05-13:10,47.00,54.00,46.00,53.00,237.81,378.61,338.61,237.81,46.50,53.50,1.00,1.00,23907.90,21528.81,21544.81,23917.90,46,53,53,46,59409.22,59395.66,,
2026-06-30T13:06:00+08:00,btc-updown-5m-1782795900,https://polymarket.com/zh/event/btc-updown-5m-1782795900,13:05-13:10,47.00,54.00,46.00,53.00,787.32,379.89,379.89,883.32,46.50,53.50,1.00,1.00,25507.90,22889.82,23463.81,25807.90,46,53,53,46,59409.22,59395.66,,
2026-06-30T13:06:02+08:00,btc-updown-5m-1782795900,https://polymarket.com/zh/event/btc-updown-5m-1782795900,13:05-13:10,35.00,66.00,34.00,65.00,312.94,37.54,11.54,300.95,34.50,65.50,1.00,1.00,25961.60,23985.51,23611.51,25866.60,33,65,65,34,59409.22,59383.46,,
2026-06-30T13:06:04+08:00,btc-updown-5m-1782795900,https://polymarket.com/zh/event/btc-updown-5m-1782795900,13:05-13:10,35.00,66.00,34.00,65.00,647.84,26.00,31.00,894.84,34.50,65.50,1.00,1.00,25943.60,23406.52,23480.51,25910.60,34,65,65,34,59409.22,59383.46,,
2026-06-30T13:06:05+08:00,btc-updown-5m-1782795900,https://polymarket.com/zh/event/btc-updown-5m-1782795900,13:05-13:10,33.00,68.00,32.00,67.00,314.82,278.25,308.25,284.51,32.50,67.50,1.00,1.00,26010.60,23496.52,23401.51,26020.60,32,67,67,32,59409.22,59383.45,,
2026-06-30T13:06:07+08:00,btc-updown-5m-1782795900,https://polymarket.com/zh/event/btc-updown-5m-1782795900,13:05-13:10,33.00,68.00,32.00,67.00,26.00,784.73,779.73,26.00,32.50,67.50,1.00,1.00,25666.60,23413.01,23345.51,25656.60,32,67,67,32,59409.22,59383.45,,
2026-06-30T13:06:09+08:00,btc-updown-5m-1782795900,https://polymarket.com/zh/event/btc-updown-5m-1782795900,13:05-13:10,37.00,64.00,36.00,63.00,119.25,455.54,440.54,85.25,36.50,63.50,1.00,1.00,25257.60,23459.51,23364.51,25252.60,36,63,63,36,59409.22,59387.36,,
2026-06-30T13:06:11+08:00,btc-updown-5m-1782795900,https://polymarket.com/zh/event/btc-updown-5m-1782795900,13:05-13:10,39.00,62.00,38.00,61.00,968.58,103.05,73.88,942.58,38.50,61.50,1.00,1.00,24590.90,22887.01,22987.01,24580.90,38,61,61,38,59409.22,59387.36,,
2026-06-30T13:06:13+08:00,btc-updown-5m-1782795900,https://polymarket.com/zh/event/btc-updown-5m-1782795900,13:05-13:10,39.00,62.00,38.00,61.00,430.40,82.62,82.62,455.40,38.50,61.50,1.00,1.00,24585.90,22752.81,22738.81,24580.90,38,61,61,38,59409.22,59387.36,,
2026-06-30T13:06:15+08:00,btc-updown-5m-1782795900,https://polymarket.com/zh/event/btc-updown-5m-1782795900,13:05-13:10,39.00,62.00,38.00,61.00,484.75,30.50,30.50,479.75,38.50,61.50,1.00,1.00,24580.90,22880.31,22916.31,24595.90,38,61,61,38,59409.22,59387.36,,
2026-06-30T13:06:17+08:00,btc-updown-5m-1782795900,https://polymarket.com/zh/event/btc-updown-5m-1782795900,13:05-13:10,38.00,63.00,37.00,62.00,564.52,161.06,161.06,564.52,37.50,62.50,1.00,1.00,24590.90,22842.81,22858.82,24580.90,37,62,62,37,59409.22,59387.36,,
2026-06-30T13:06:18+08:00,btc-updown-5m-1782795900,https://polymarket.com/zh/event/btc-updown-5m-1782795900,13:05-13:10,37.00,64.00,36.00,63.00,274.11,248.93,265.97,318.19,36.50,63.50,1.00,1.00,24585.90,22890.31,22885.32,24580.90,36,63,63,36,59409.22,59387.36,,
2026-06-30T13:06:20+08:00,btc-updown-5m-1782795900,https://polymarket.com/zh/event/btc-updown-5m-1782795900,13:05-13:10,37.00,64.00,36.00,63.00,339.11,61.63,177.00,393.93,36.50,63.50,1.00,1.00,24590.90,22842.81,22832.81,24580.90,36,63,63,36,59409.22,59387.36,,
2026-06-30T13:06:22+08:00,btc-updown-5m-1782795900,https://polymarket.com/zh/event/btc-updown-5m-1782795900,13:05-13:10,31.00,71.00,30.00,70.00,1327.55,30.91,138.54,100.00,30.50,70.50,1.00,1.00,23273.90,22837.81,22832.81,23499.90,30,69,70,29,59409.22,59383.45,,
2026-06-30T13:06:24+08:00,btc-updown-5m-1782795900,https://polymarket.com/zh/event/btc-updown-5m-1782795900,13:05-13:10,29.00,72.00,28.00,71.00,197.63,258.38,248.86,189.44,28.50,71.50,1.00,1.00,23516.62,22737.81,22738.81,23516.62,28,71,71,28,59409.22,59379.24,,
2026-06-30T13:06:26+08:00,btc-updown-5m-1782795900,https://polymarket.com/zh/event/btc-updown-5m-1782795900,13:05-13:10,29.00,72.00,28.00,71.00,363.82,77.78,132.78,363.82,28.50,71.50,1.00,1.00,23503.29,22741.32,22741.32,23513.29,28,71,71,28,59409.22,59379.24,,
2026-06-30T13:06:28+08:00,btc-updown-5m-1782795900,https://polymarket.com/zh/event/btc-updown-5m-1782795900,13:05-13:10,28.00,73.00,27.00,72.00,296.00,687.69,687.69,296.00,27.50,72.50,1.00,1.00,23543.29,22851.32,22837.32,23543.29,27,72,72,27,59409.22,59379.24,,
2026-06-30T13:06:30+08:00,btc-updown-5m-1782795900,https://polymarket.com/zh/event/btc-updown-5m-1782795900,13:05-13:10,28.00,73.00,27.00,72.00,123.56,638.20,638.20,123.56,27.50,72.50,1.00,1.00,23543.29,22846.32,22841.32,23543.29,27,72,72,27,59409.22,59379.24,,
2026-06-30T13:06:32+08:00,btc-updown-5m-1782795900,https://polymarket.com/zh/event/btc-updown-5m-1782795900,13:05-13:10,26.00,75.00,25.00,74.00,212.86,762.26,689.77,193.88,25.50,74.50,1.00,1.00,23152.29,22371.33,22470.32,23152.29,25,74,74,25,59409.22,59379.24,,
2026-06-30T13:06:33+08:00,btc-updown-5m-1782795900,https://polymarket.com/zh/event/btc-updown-5m-1782795900,13:05-13:10,27.00,74.00,26.00,73.00,104.41,348.71,368.71,110.92,26.50,73.50,1.00,1.00,21212.29,22585.32,22346.32,21212.29,26,73,73,26,59409.22,59379.24,,
2026-06-30T13:06:35+08:00,btc-updown-5m-1782795900,https://polymarket.com/zh/event/btc-updown-5m-1782795900,13:05-13:10,26.00,75.00,25.00,74.00,1006.17,6.56,6.56,1071.17,25.50,74.50,1.00,1.00,21624.29,22528.82,22417.83,21639.29,25,74,74,24,59409.22,59379.22,,
2026-06-30T13:06:37+08:00,btc-updown-5m-1782795900,https://polymarket.com/zh/event/btc-updown-5m-1782795900,13:05-13:10,25.00,76.00,24.00,75.00,68.36,699.04,710.69,73.36,24.50,75.50,1.00,1.00,22549.29,22461.32,22456.32,22549.29,24,75,75,24,59409.22,59373.19,,
2026-06-30T13:06:39+08:00,btc-updown-5m-1782795900,https://polymarket.com/zh/event/btc-updown-5m-1782795900,13:05-13:10,24.00,77.00,23.00,76.00,285.58,532.92,513.79,196.41,23.50,76.50,1.00,1.00,22674.29,22527.82,22423.83,22679.29,23,76,76,23,59409.22,59374.53,,
2026-06-30T13:06:41+08:00,btc-updown-5m-1782795900,https://polymarket.com/zh/event/btc-updown-5m-1782795900,13:05-13:10,22.00,80.00,21.00,79.00,7.80,99.70,20.00,192.03,21.50,79.50,1.00,1.00,21724.29,22466.32,22465.32,21324.29,21,78,79,20,59409.22,59371.75,,
2026-06-30T13:06:43+08:00,btc-updown-5m-1782795900,https://polymarket.com/zh/event/btc-updown-5m-1782795900,13:05-13:10,21.00,80.00,20.00,79.00,177.58,238.09,228.09,289.79,20.50,79.50,1.00,1.00,22640.95,22512.82,22412.82,22645.95,20,79,78,20,59409.22,59363.84,,
2026-06-30T13:06:45+08:00,btc-updown-5m-1782795900,https://polymarket.com/zh/event/btc-updown-5m-1782795900,13:05-13:10,21.00,81.00,20.00,80.00,515.50,71.49,33.25,228.66,20.50,80.50,1.00,1.00,22640.95,22560.32,22565.32,22640.95,20,79,80,19,59409.22,59363.84,,
2026-06-30T13:06:46+08:00,btc-updown-5m-1782795900,https://polymarket.com/zh/event/btc-updown-5m-1782795900,13:05-13:10,19.00,82.00,18.00,81.00,220.99,782.01,794.16,220.99,18.50,81.50,1.00,1.00,22474.29,22392.82,22408.82,22474.29,18,81,81,18,59409.22,59363.90,,
2026-06-30T13:06:48+08:00,btc-updown-5m-1782795900,https://polymarket.com/zh/event/btc-updown-5m-1782795900,13:05-13:10,21.00,79.00,20.00,78.00,14.88,577.41,671.37,145.64,20.50,78.50,1.00,1.00,22524.29,22455.32,22556.33,22524.29,20,79,78,21,59409.22,59367.16,,
2026-06-30T13:06:50+08:00,btc-updown-5m-1782795900,https://polymarket.com/zh/event/btc-updown-5m-1782795900,13:05-13:10,23.00,78.00,22.00,77.00,231.82,440.40,330.71,226.82,22.50,77.50,1.00,1.00,22602.32,22350.32,22351.32,22602.32,22,77,77,22,59409.22,59367.16,,
2026-06-30T13:06:52+08:00,btc-updown-5m-1782795900,https://polymarket.com/zh/event/btc-updown-5m-1782795900,13:05-13:10,23.00,78.00,22.00,77.00,563.70,307.21,282.67,137.33,22.50,77.50,1.00,1.00,22610.08,22451.81,22331.81,22610.08,22,77,77,22,59409.22,59370.17,,
2026-06-30T13:06:54+08:00,btc-updown-5m-1782795900,https://polymarket.com/zh/event/btc-updown-5m-1782795900,13:05-13:10,23.00,78.00,22.00,77.00,64.05,825.87,850.77,64.05,22.50,77.50,1.00,1.00,22610.08,22347.81,22326.81,22610.08,22,77,77,22,59409.22,59370.17,,
2026-06-30T13:06:56+08:00,btc-updown-5m-1782795900,https://polymarket.com/zh/event/btc-updown-5m-1782795900,13:05-13:10,23.00,78.00,22.00,77.00,27.53,816.72,816.72,47.53,22.50,77.50,1.00,1.00,22500.08,22436.81,22331.81,22485.08,22,77,77,22,59409.22,59370.17,,
2026-06-30T13:06:58+08:00,btc-updown-5m-1782795900,https://polymarket.com/zh/event/btc-updown-5m-1782795900,13:05-13:10,23.00,78.00,22.00,77.00,274.17,173.81,283.17,287.56,22.50,77.50,1.00,1.00,22505.08,22326.81,22442.81,22505.08,22,77,77,22,59409.22,59370.17,,
2026-06-30T13:07:00+08:00,btc-updown-5m-1782795900,https://polymarket.com/zh/event/btc-updown-5m-1782795900,13:05-13:10,23.00,78.00,22.00,77.00,234.40,364.16,449.16,269.09,22.50,77.50,1.00,1.00,22405.08,22337.82,22281.81,22365.08,22,77,77,22,59409.22,59370.17,,
2026-06-30T13:07:02+08:00,btc-updown-5m-1782795900,https://polymarket.com/zh/event/btc-updown-5m-1782795900,13:05-13:10,24.00,77.00,23.00,76.00,251.80,366.18,432.42,272.84,23.50,76.50,1.00,1.00,22651.44,22273.81,22203.81,22651.44,23,76,76,23,59409.22,59370.17,,
2026-06-30T13:07:04+08:00,btc-updown-5m-1782795900,https://polymarket.com/zh/event/btc-updown-5m-1782795900,13:05-13:10,20.00,81.00,19.00,80.00,85.00,7.00,3.70,657.90,19.50,80.50,1.00,1.00,22551.44,22294.81,22188.81,22551.44,19,80,80,19,59409.22,59370.17,,
2026-06-30T13:07:05+08:00,btc-updown-5m-1782795900,https://polymarket.com/zh/event/btc-updown-5m-1782795900,13:05-13:10,16.00,85.00,15.00,84.00,708.66,5.00,17.00,713.66,15.50,84.50,1.00,1.00,22563.53,22270.81,22249.81,22563.53,15,84,84,15,59409.22,59370.17,,
2026-06-30T13:07:07+08:00,btc-updown-5m-1782795900,https://polymarket.com/zh/event/btc-updown-5m-1782795900,13:05-13:10,15.00,86.00,14.00,85.00,611.75,92.19,44.19,585.78,14.50,85.50,1.00,1.00,21748.85,22342.31,22312.31,21808.43,14,85,85,14,59409.22,59367.16,,
2026-06-30T13:07:09+08:00,btc-updown-5m-1782795900,https://polymarket.com/zh/event/btc-updown-5m-1782795900,13:05-13:10,15.00,86.00,14.00,85.00,35.00,819.48,710.26,40.00,14.50,85.50,1.00,1.00,22423.12,22264.82,22379.81,22428.12,14,85,85,14,59409.22,59367.16,,
2026-06-30T13:07:11+08:00,btc-updown-5m-1782795900,https://polymarket.com/zh/event/btc-updown-5m-1782795900,13:05-13:10,21.00,80.00,20.00,79.00,186.70,480.85,556.35,211.70,20.50,79.50,1.00,1.00,22329.35,22338.32,22208.31,22383.12,20,79,79,20,59409.22,59368.78,,
2026-06-30T13:07:13+08:00,btc-updown-5m-1782795900,https://polymarket.com/zh/event/btc-updown-5m-1782795900,13:05-13:10,21.00,80.00,20.00,79.00,124.71,401.09,289.38,124.71,20.50,79.50,1.00,1.00,22373.12,22259.81,22359.81,22373.12,20,79,79,20,59409.22,59370.17,,
2026-06-30T13:07:15+08:00,btc-updown-5m-1782795900,https://polymarket.com/zh/event/btc-updown-5m-1782795900,13:05-13:10,21.00,80.00,20.00,79.00,161.53,192.80,163.47,136.53,20.50,79.50,1.00,1.00,22426.05,22147.31,22162.31,22426.05,20,79,79,20,59409.22,59368.85,,
2026-06-30T13:07:17+08:00,btc-updown-5m-1782795900,https://polymarket.com/zh/event/btc-updown-5m-1782795900,13:05-13:10,18.00,83.00,17.00,82.00,322.28,373.41,433.66,287.28,17.50,82.50,1.00,1.00,22509.80,22220.82,22214.81,22509.80,17,82,82,17,59409.22,59368.86,,
2026-06-30T13:07:18+08:00,btc-updown-5m-1782795900,https://polymarket.com/zh/event/btc-updown-5m-1782795900,13:05-13:10,15.00,86.00,14.00,85.00,348.17,229.15,586.34,424.81,14.50,85.50,1.00,1.00,22577.80,22220.81,22194.81,22627.80,14,85,85,14,59409.22,59363.81,,
2026-06-30T13:07:20+08:00,btc-updown-5m-1782795900,https://polymarket.com/zh/event/btc-updown-5m-1782795900,13:05-13:10,15.00,86.00,14.00,85.00,75.30,1023.94,1014.94,46.07,14.50,85.50,1.00,1.00,22317.80,22110.81,22109.82,22317.80,14,85,85,14,59409.22,59363.49,,
2026-06-30T13:07:22+08:00,btc-updown-5m-1782795900,https://polymarket.com/zh/event/btc-updown-5m-1782795900,13:05-13:10,15.00,86.00,14.00,85.00,58.25,964.90,964.90,58.25,14.50,85.50,1.00,1.00,22317.80,22219.82,22099.81,22317.80,14,85,85,14,59409.22,59363.49,,
2026-06-30T13:07:24+08:00,btc-updown-5m-1782795900,https://polymarket.com/zh/event/btc-updown-5m-1782795900,13:05-13:10,15.00,86.00,14.00,85.00,50.90,938.02,914.71,50.90,14.50,85.50,1.00,1.00,22227.80,22010.81,22119.81,22227.80,14,85,85,14,59409.22,59363.49,,
2026-06-30T13:07:26+08:00,btc-updown-5m-1782795900,https://polymarket.com/zh/event/btc-updown-5m-1782795900,13:05-13:10,15.00,86.00,14.00,85.00,34.27,912.59,912.59,42.27,14.50,85.50,1.00,1.00,21037.25,22004.81,22010.81,21037.25,14,85,85,14,59409.22,59363.50,,
2026-06-30T13:07:28+08:00,btc-updown-5m-1782795900,https://polymarket.com/zh/event/btc-updown-5m-1782795900,13:05-13:10,15.00,86.00,14.00,85.00,66.26,621.74,621.74,66.26,14.50,85.50,1.00,1.00,21072.25,22035.81,22104.81,21072.25,14,85,85,14,59409.22,59363.49,,
2026-06-30T13:07:30+08:00,btc-updown-5m-1782795900,https://polymarket.com/zh/event/btc-updown-5m-1782795900,13:05-13:10,15.00,86.00,14.00,85.00,290.95,61.00,61.00,290.95,14.50,85.50,1.00,1.00,21382.25,22224.81,22145.81,21382.25,14,85,85,14,59409.22,59363.49,,
2026-06-30T13:07:31+08:00,btc-updown-5m-1782795900,https://polymarket.com/zh/event/btc-updown-5m-1782795900,13:05-13:10,14.00,87.00,13.00,86.00,616.51,50.19,86.28,616.51,13.50,86.50,1.00,1.00,21822.75,21971.82,22087.81,21802.75,13,86,86,13,59409.22,59363.49,,
2026-06-30T13:07:33+08:00,btc-updown-5m-1782795900,https://polymarket.com/zh/event/btc-updown-5m-1782795900,13:05-13:10,14.00,87.00,13.00,86.00,614.63,40.00,40.00,555.20,13.50,86.50,1.00,1.00,21778.49,22019.32,22139.31,21778.49,13,86,86,13,59409.22,59363.49,,
2026-06-30T13:07:35+08:00,btc-updown-5m-1782795900,https://polymarket.com/zh/event/btc-updown-5m-1782795900,13:05-13:10,12.00,89.00,11.00,88.00,612.48,20.15,77.88,837.86,11.50,88.50,1.00,1.00,21338.72,21755.81,21890.82,21168.72,11,88,88,11,59409.22,59363.00,,
2026-06-30T13:07:37+08:00,btc-updown-5m-1782795900,https://polymarket.com/zh/event/btc-updown-5m-1782795900,13:05-13:10,10.00,91.00,9.00,90.00,291.74,547.11,522.11,291.74,9.50,90.50,1.00,1.00,21342.72,21903.31,21813.31,21347.72,9,90,90,9,59409.22,59355.08,,
2026-06-30T13:07:39+08:00,btc-updown-5m-1782795900,https://polymarket.com/zh/event/btc-updown-5m-1782795900,13:05-13:10,10.00,91.00,9.00,90.00,250.04,503.46,503.46,249.62,9.50,90.50,1.00,1.00,21363.72,21966.80,21955.80,21363.72,9,90,90,9,59409.22,59355.09,,
2026-06-30T13:07:41+08:00,btc-updown-5m-1782795900,https://polymarket.com/zh/event/btc-updown-5m-1782795900,13:05-13:10,10.00,91.00,9.00,90.00,48.80,726.97,690.50,38.80,9.50,90.50,1.00,1.00,21042.72,22109.30,22083.30,21011.72,9,90,90,9,59409.22,59355.08,,
2026-06-30T13:07:43+08:00,btc-updown-5m-1782795900,https://polymarket.com/zh/event/btc-updown-5m-1782795900,13:05-13:10,11.00,90.00,10.00,89.00,220.88,552.68,558.91,220.88,10.50,89.50,1.00,1.00,21165.90,22040.81,22040.80,21165.90,10,89,89,10,59409.22,59355.09,,
2026-06-30T13:07:45+08:00,btc-updown-5m-1782795900,https://polymarket.com/zh/event/btc-updown-5m-1782795900,13:05-13:10,10.00,91.00,9.00,90.00,157.02,570.51,581.63,152.02,9.50,90.50,1.00,1.00,21287.90,21913.30,21929.30,21287.90,9,90,90,9,59409.22,59355.08,,
2026-06-30T13:07:46+08:00,btc-updown-5m-1782795900,https://polymarket.com/zh/event/btc-updown-5m-1782795900,13:05-13:10,10.00,91.00,9.00,90.00,109.53,675.80,653.90,42.53,9.50,90.50,1.00,1.00,21127.15,21908.30,21960.80,21132.15,9,90,90,9,59409.22,59355.09,,
2026-06-30T13:07:48+08:00,btc-updown-5m-1782795900,https://polymarket.com/zh/event/btc-updown-5m-1782795900,13:05-13:10,11.00,90.00,10.00,89.00,249.92,474.42,479.98,249.92,10.50,89.50,1.00,1.00,21367.15,21814.30,21814.30,21362.15,10,89,89,10,59409.22,59355.09,,
2026-06-30T13:07:50+08:00,btc-updown-5m-1782795900,https://polymarket.com/zh/event/btc-updown-5m-1782795900,13:05-13:10,11.00,90.00,10.00,89.00,127.67,566.47,566.47,127.67,10.50,89.50,1.00,1.00,21053.15,21918.31,21918.31,21053.15,10,89,89,10,59409.22,59355.09,,
2026-06-30T13:07:52+08:00,btc-updown-5m-1782795900,https://polymarket.com/zh/event/btc-updown-5m-1782795900,13:05-13:10,11.00,91.00,10.00,90.00,581.01,120.24,33.00,481.38,10.50,90.50,1.00,1.00,20590.05,21903.30,21913.30,20404.46,10,89,90,9,59409.22,59355.08,,
2026-06-30T13:07:54+08:00,btc-updown-5m-1782795900,https://polymarket.com/zh/event/btc-updown-5m-1782795900,13:05-13:10,9.00,92.00,8.00,91.00,429.07,319.18,290.98,404.07,8.50,91.50,1.00,1.00,20053.59,21674.30,21684.30,20053.59,8,91,91,8,59409.22,59352.07,,
2026-06-30T13:07:56+08:00,btc-updown-5m-1782795900,https://polymarket.com/zh/event/btc-updown-5m-1782795900,13:05-13:10,8.00,93.00,7.00,92.00,210.70,593.46,550.30,199.94,7.50,92.50,1.00,1.00,19985.34,21673.30,21773.30,19985.34,7,92,92,7,59409.22,59352.07,,
2026-06-30T13:07:58+08:00,btc-updown-5m-1782795900,https://polymarket.com/zh/event/btc-updown-5m-1782795900,13:05-13:10,8.00,93.00,7.00,92.00,450.42,513.05,497.29,264.29,7.50,92.50,1.00,1.00,19974.34,21773.30,21668.30,19974.34,7,92,92,7,59409.22,59352.06,,
2026-06-30T13:08:00+08:00,btc-updown-5m-1782795900,https://polymarket.com/zh/event/btc-updown-5m-1782795900,13:05-13:10,6.00,95.00,5.00,94.00,465.02,1457.42,1432.42,474.68,5.50,94.50,1.00,1.00,19311.56,19835.81,19858.30,19336.56,5,94,94,5,59409.22,59349.04,,
2026-06-30T13:08:01+08:00,btc-updown-5m-1782795900,https://polymarket.com/zh/event/btc-updown-5m-1782795900,13:05-13:10,6.00,95.00,5.00,94.00,1263.51,827.94,779.94,1263.51,5.50,94.50,1.00,1.00,16742.58,19897.30,19882.30,16785.58,5,94,94,5,59409.22,59346.02,,
2026-06-30T13:08:03+08:00,btc-updown-5m-1782795900,https://polymarket.com/zh/event/btc-updown-5m-1782795900,13:05-13:10,6.00,95.00,5.00,94.00,1371.25,553.74,605.06,1371.25,5.50,94.50,1.00,1.00,16541.17,19719.80,19824.80,16514.85,5,94,94,5,59409.22,59340.77,,
2026-06-30T13:08:05+08:00,btc-updown-5m-1782795900,https://polymarket.com/zh/event/btc-updown-5m-1782795900,13:05-13:10,6.00,95.00,5.00,94.00,1447.09,191.00,222.10,1447.09,5.50,94.50,1.00,1.00,16135.82,19742.30,19758.30,15952.11,5,94,94,5,59409.22,59340.77,,
2026-06-30T13:08:07+08:00,btc-updown-5m-1782795900,https://polymarket.com/zh/event/btc-updown-5m-1782795900,13:05-13:10,6.00,95.00,5.00,94.00,669.35,610.53,744.01,680.44,5.50,94.50,1.00,1.00,17427.40,19684.80,19595.80,17231.92,5,94,94,5,59409.22,59350.01,,
2026-06-30T13:08:09+08:00,btc-updown-5m-1782795900,https://polymarket.com/zh/event/btc-updown-5m-1782795900,13:05-13:10,6.00,95.00,5.00,94.00,524.55,675.26,700.26,524.55,5.50,94.50,1.00,1.00,17001.11,19732.30,19642.30,16966.11,5,94,94,5,59409.22,59350.01,,
2026-06-30T13:08:11+08:00,btc-updown-5m-1782795900,https://polymarket.com/zh/event/btc-updown-5m-1782795900,13:05-13:10,6.00,95.00,5.00,94.00,522.08,275.33,348.13,590.96,5.50,94.50,1.00,1.00,16594.37,19584.80,19600.80,16253.81,5,94,94,5,59409.22,59352.05,,
2026-06-30T13:08:13+08:00,btc-updown-5m-1782795900,https://polymarket.com/zh/event/btc-updown-5m-1782795900,13:05-13:10,6.00,95.00,5.00,94.00,757.92,248.21,33.21,869.92,5.50,94.50,1.00,1.00,10127.41,19723.30,19737.30,10944.85,5,94,94,5,59409.22,59352.06,,
2026-06-30T13:08:15+08:00,btc-updown-5m-1782795900,https://polymarket.com/zh/event/btc-updown-5m-1782795900,13:05-13:10,5.00,96.00,4.00,95.00,294.69,1127.23,1127.23,294.69,4.50,95.50,1.00,1.00,11095.36,19037.30,19079.80,11095.36,4,95,95,4,59409.22,59343.20,,
2026-06-30T13:08:16+08:00,btc-updown-5m-1782795900,https://polymarket.com/zh/event/btc-updown-5m-1782795900,13:05-13:10,5.00,96.00,4.00,95.00,589.64,1132.40,1158.40,589.64,4.50,95.50,1.00,1.00,11116.30,18932.30,18938.30,11090.30,4,95,95,4,59409.22,59343.20,,
2026-06-30T13:08:18+08:00,btc-updown-5m-1782795900,https://polymarket.com/zh/event/btc-updown-5m-1782795900,13:05-13:10,5.00,96.00,4.00,95.00,396.10,1179.74,1154.74,396.10,4.50,95.50,1.00,1.00,11138.13,19032.30,19022.30,11163.13,4,95,95,4,59409.22,59343.20,,
2026-06-30T13:08:20+08:00,btc-updown-5m-1782795900,https://polymarket.com/zh/event/btc-updown-5m-1782795900,13:05-13:10,5.00,96.00,4.00,95.00,366.66,1143.65,1144.70,376.66,4.50,95.50,1.00,1.00,10915.64,18451.60,18445.61,11109.55,4,95,95,4,59409.22,59343.20,,
2026-06-30T13:08:22+08:00,btc-updown-5m-1782795900,https://polymarket.com/zh/event/btc-updown-5m-1782795900,13:05-13:10,5.00,96.00,4.00,95.00,222.18,1127.99,1129.04,227.18,4.50,95.50,1.00,1.00,10713.45,18535.60,18450.60,10931.70,4,95,95,4,59409.22,59343.20,,
2026-06-30T13:08:24+08:00,btc-updown-5m-1782795900,https://polymarket.com/zh/event/btc-updown-5m-1782795900,13:05-13:10,5.00,96.00,4.00,95.00,628.38,598.54,623.54,628.38,4.50,95.50,1.00,1.00,10142.28,18551.60,18456.61,10142.28,4,95,95,4,59409.22,59343.20,,
2026-06-30T13:08:26+08:00,btc-updown-5m-1782795900,https://polymarket.com/zh/event/btc-updown-5m-1782795900,13:05-13:10,5.00,96.00,4.00,95.00,753.01,516.49,517.59,753.01,4.50,95.50,1.00,1.00,9948.85,18310.60,18300.61,9947.75,4,95,95,4,59409.22,59343.19,,
2026-06-30T13:08:28+08:00,btc-updown-5m-1782795900,https://polymarket.com/zh/event/btc-updown-5m-1782795900,13:05-13:10,5.00,96.00,4.00,95.00,724.47,427.19,516.49,729.47,4.50,95.50,1.00,1.00,10008.29,18211.60,18195.60,9832.99,4,95,95,4,59409.22,59343.19,,
2026-06-30T13:08:30+08:00,btc-updown-5m-1782795900,https://polymarket.com/zh/event/btc-updown-5m-1782795900,13:05-13:10,4.00,97.00,3.00,96.00,754.76,1531.57,1626.07,754.76,3.50,96.50,1.00,1.00,9717.82,18120.61,18120.60,9212.91,3,96,96,3,59409.22,59343.19,,
2026-06-30T13:08:32+08:00,btc-updown-5m-1782795900,https://polymarket.com/zh/event/btc-updown-5m-1782795900,13:05-13:10,4.00,97.00,3.00,96.00,666.15,1468.14,1468.14,657.53,3.50,96.50,1.00,1.00,8971.91,18080.60,17980.60,8976.91,3,96,96,3,59409.22,59343.20,,
2026-06-30T13:08:33+08:00,btc-updown-5m-1782795900,https://polymarket.com/zh/event/btc-updown-5m-1782795900,13:05-13:10,4.00,97.00,3.00,96.00,821.82,1420.90,1420.90,821.82,3.50,96.50,1.00,1.00,8662.07,17930.60,17941.60,8667.07,3,96,96,3,59409.22,59340.00,,
2026-06-30T13:08:35+08:00,btc-updown-5m-1782795900,https://polymarket.com/zh/event/btc-updown-5m-1782795900,13:05-13:10,4.00,97.00,3.00,96.00,1171.87,1184.26,1184.26,1171.87,3.50,96.50,1.00,1.00,8139.83,17993.10,17874.10,8059.83,3,96,96,3,59409.22,59340.00,,
2026-06-30T13:08:37+08:00,btc-updown-5m-1782795900,https://polymarket.com/zh/event/btc-updown-5m-1782795900,13:05-13:10,4.00,97.00,3.00,96.00,1224.84,1092.15,867.15,1224.84,3.50,96.50,1.00,1.00,7697.72,18035.60,18050.60,7922.72,3,96,96,3,59409.22,59340.00,,
2026-06-30T13:08:39+08:00,btc-updown-5m-1782795900,https://polymarket.com/zh/event/btc-updown-5m-1782795900,13:05-13:10,4.00,97.00,3.00,96.00,1371.82,842.83,847.59,1371.82,3.50,96.50,1.00,1.00,7714.23,17735.10,17761.10,7706.47,3,96,96,3,59409.22,59340.00,,
2026-06-30T13:08:41+08:00,btc-updown-5m-1782795900,https://polymarket.com/zh/event/btc-updown-5m-1782795900,13:05-13:10,4.00,97.00,3.00,96.00,1722.38,949.89,279.90,1629.77,3.50,96.50,1.00,1.00,7133.54,17887.61,17903.60,8116.13,3,96,96,3,59409.22,59336.96,,
2026-06-30T13:08:43+08:00,btc-updown-5m-1782795900,https://polymarket.com/zh/event/btc-updown-5m-1782795900,13:05-13:10,4.00,98.00,3.00,97.00,1360.60,2428.39,22.33,300.00,3.50,97.50,1.00,1.00,7515.32,17865.10,17940.10,7295.11,3,96,97,2,59409.22,59347.99,,
2026-06-30T13:08:45+08:00,btc-updown-5m-1782795900,https://polymarket.com/zh/event/btc-updown-5m-1782795900,13:05-13:10,3.00,98.00,2.00,97.00,550.38,2135.37,2168.89,850.38,2.50,97.50,1.00,1.00,7326.01,17682.61,17688.61,7302.49,2,97,97,2,59409.22,59347.99,,
2026-06-30T13:08:47+08:00,btc-updown-5m-1782795900,https://polymarket.com/zh/event/btc-updown-5m-1782795900,13:05-13:10,3.00,98.00,2.00,97.00,772.94,2297.84,1983.02,695.94,2.50,97.50,1.00,1.00,6887.54,17477.62,17620.11,7677.75,2,97,97,2,59409.22,59347.99,,
2026-06-30T13:08:48+08:00,btc-updown-5m-1782795900,https://polymarket.com/zh/event/btc-updown-5m-1782795900,13:05-13:10,3.00,98.00,2.00,97.00,931.66,1889.39,1856.71,931.66,2.50,97.50,1.00,1.00,7048.83,17577.62,17467.61,7369.12,2,97,97,2,59409.22,59348.00,,
2026-06-30T13:08:50+08:00,btc-updown-5m-1782795900,https://polymarket.com/zh/event/btc-updown-5m-1782795900,13:05-13:10,3.00,98.00,2.00,97.00,951.24,1802.09,1797.09,951.24,2.50,97.50,1.00,1.00,6789.82,17582.61,17562.62,6794.82,2,97,97,2,59409.22,59352.05,,
2026-06-30T13:08:52+08:00,btc-updown-5m-1782795900,https://polymarket.com/zh/event/btc-updown-5m-1782795900,13:05-13:10,3.00,98.00,2.00,97.00,938.77,1786.10,1786.10,938.77,2.50,97.50,1.00,1.00,6778.83,17563.61,17578.61,6778.83,2,97,97,2,59409.22,59352.05,,
2026-06-30T13:08:54+08:00,btc-updown-5m-1782795900,https://polymarket.com/zh/event/btc-updown-5m-1782795900,13:05-13:10,3.00,98.00,2.00,97.00,943.25,1786.10,1786.10,977.04,2.50,97.50,1.00,1.00,6496.23,17562.61,17577.61,6501.23,2,97,97,2,59409.22,59352.05,,
2026-06-30T13:08:56+08:00,btc-updown-5m-1782795900,https://polymarket.com/zh/event/btc-updown-5m-1782795900,13:05-13:10,3.00,98.00,2.00,97.00,1049.97,2113.29,1753.37,1005.42,2.50,97.50,1.00,1.00,6466.50,17262.61,17362.61,6826.42,2,97,97,2,59409.22,59352.05,,
2026-06-30T13:08:58+08:00,btc-updown-5m-1782795900,https://polymarket.com/zh/event/btc-updown-5m-1782795900,13:05-13:10,3.00,98.00,2.00,97.00,1106.19,1478.05,1478.05,1106.19,2.50,97.50,1.00,1.00,6418.78,16992.61,16978.61,6433.78,2,97,97,2,59409.22,59352.06,,
2026-06-30T13:09:00+08:00,btc-updown-5m-1782795900,https://polymarket.com/zh/event/btc-updown-5m-1782795900,13:05-13:10,3.00,98.00,2.00,97.00,1187.64,1552.37,1327.37,1187.64,2.50,97.50,1.00,1.00,5815.90,17115.11,17073.61,5965.90,2,97,97,2,59409.22,59352.05,,
2026-06-30T13:09:01+08:00,btc-updown-5m-1782795900,https://polymarket.com/zh/event/btc-updown-5m-1782795900,13:05-13:10,3.00,98.00,2.00,97.00,1246.64,1354.23,1359.23,1246.64,2.50,97.50,1.00,1.00,5817.76,17267.46,17277.47,5812.76,2,97,97,2,59409.22,59352.06,,
2026-06-30T13:09:03+08:00,btc-updown-5m-1782795900,https://polymarket.com/zh/event/btc-updown-5m-1782795900,13:05-13:10,3.00,98.00,2.00,97.00,1214.63,985.60,1017.67,1209.63,2.50,97.50,1.00,1.00,5381.20,17199.96,17315.96,5349.13,2,97,97,2,59409.22,59352.05,,
2026-06-30T13:09:05+08:00,btc-updown-5m-1782795900,https://polymarket.com/zh/event/btc-updown-5m-1782795900,13:05-13:10,3.00,98.00,2.00,97.00,1267.16,841.91,841.91,1272.16,2.50,97.50,1.00,1.00,4880.44,17357.46,17257.46,4885.44,2,97,97,2,59409.22,59352.06,,
2026-06-30T13:09:07+08:00,btc-updown-5m-1782795900,https://polymarket.com/zh/event/btc-updown-5m-1782795900,13:05-13:10,3.00,98.00,2.00,97.00,1272.98,252.33,302.33,1285.08,2.50,97.50,1.00,1.00,4340.86,17259.96,17350.96,4285.86,2,97,97,2,59409.22,59352.05,,
2026-06-30T13:09:09+08:00,btc-updown-5m-1782795900,https://polymarket.com/zh/event/btc-updown-5m-1782795900,13:05-13:10,2.00,99.00,1.00,98.00,1277.52,1925.88,1978.24,1311.52,1.50,98.50,1.00,1.00,1978.24,17176.57,17375.57,1925.88,1,98,98,1,59409.22,59347.92,,
2026-06-30T13:09:11+08:00,btc-updown-5m-1782795900,https://polymarket.com/zh/event/btc-updown-5m-1782795900,13:05-13:10,1.00,,,99.00,3374.74,,,3268.08,,,,,,17030.57,17010.57,,0,99,99,0,59409.22,59347.93,,
2026-06-30T13:09:12+08:00,btc-updown-5m-1782795900,https://polymarket.com/zh/event/btc-updown-5m-1782795900,13:05-13:10,1.00,,,99.00,3286.82,,,3286.82,,,,,,17020.57,17016.57,,0,99,99,0,59409.22,59347.93,,
2026-06-30T13:09:14+08:00,btc-updown-5m-1782795900,https://polymarket.com/zh/event/btc-updown-5m-1782795900,13:05-13:10,1.00,,,99.00,3263.15,,,3263.15,,,,,,16405.57,16425.57,,0,99,99,0,59409.22,59347.92,,
2026-06-30T13:09:16+08:00,btc-updown-5m-1782795900,https://polymarket.com/zh/event/btc-updown-5m-1782795900,13:05-13:10,1.00,,,99.00,2674.86,,,2774.86,,,,,,16420.57,16420.57,,0,99,99,0,59409.22,59347.92,,
2026-06-30T13:09:18+08:00,btc-updown-5m-1782795900,https://polymarket.com/zh/event/btc-updown-5m-1782795900,13:05-13:10,1.00,,,99.00,2760.34,,,2542.34,,,,,,16426.57,16410.57,,0,99,99,0,59409.22,59347.92,,
2026-06-30T13:09:20+08:00,btc-updown-5m-1782795900,https://polymarket.com/zh/event/btc-updown-5m-1782795900,13:05-13:10,1.00,,,99.00,2647.58,,,2647.58,,,,,,16425.57,16410.57,,0,99,99,0,59409.22,59353.10,,
2026-06-30T13:09:22+08:00,btc-updown-5m-1782795900,https://polymarket.com/zh/event/btc-updown-5m-1782795900,13:05-13:10,1.00,,,99.00,2667.73,,,2667.73,,,,,,16440.57,16416.57,,0,99,99,0,59409.22,59353.10,,
2026-06-30T13:09:24+08:00,btc-updown-5m-1782795900,https://polymarket.com/zh/event/btc-updown-5m-1782795900,13:05-13:10,1.00,,,99.00,2730.35,,,2730.35,,,,,,16451.57,16416.57,,0,99,99,0,59409.22,59353.10,,
2026-06-30T13:09:26+08:00,btc-updown-5m-1782795900,https://polymarket.com/zh/event/btc-updown-5m-1782795900,13:05-13:10,1.00,,,99.00,2416.56,,,2416.56,,,,,,16451.57,16230.57,,0,99,99,0,59409.22,59358.09,,
2026-06-30T13:09:27+08:00,btc-updown-5m-1782795900,https://polymarket.com/zh/event/btc-updown-5m-1782795900,13:05-13:10,1.00,,,99.00,4025.47,,,4325.47,,,,,,16415.57,16420.57,,0,99,99,0,59409.22,59358.09,,
2026-06-30T13:09:29+08:00,btc-updown-5m-1782795900,https://polymarket.com/zh/event/btc-updown-5m-1782795900,13:05-13:10,1.00,,,99.00,4150.52,,,4150.52,,,,,,16405.57,16436.57,,0,99,99,0,59409.22,59358.07,,
2026-06-30T13:09:31+08:00,btc-updown-5m-1782795900,https://polymarket.com/zh/event/btc-updown-5m-1782795900,13:05-13:10,1.00,,,99.00,5937.28,,,5937.28,,,,,,16055.57,16060.57,,0,99,99,0,59409.22,59358.07,,
2026-06-30T13:09:33+08:00,btc-updown-5m-1782795900,https://polymarket.com/zh/event/btc-updown-5m-1782795900,13:05-13:10,1.00,,,99.00,5948.01,,,5948.01,,,,,,16040.57,16051.57,,0,99,99,0,59409.22,59358.07,,
2026-06-30T13:09:35+08:00,btc-updown-5m-1782795900,https://polymarket.com/zh/event/btc-updown-5m-1782795900,13:05-13:10,1.00,,,99.00,5705.61,,,5705.61,,,,,,15453.58,15458.58,,0,99,99,0,59409.22,59358.07,,
2026-06-30T13:09:37+08:00,btc-updown-5m-1782795900,https://polymarket.com/zh/event/btc-updown-5m-1782795900,13:05-13:10,1.00,,,99.00,5710.61,,,5960.61,,,,,,15433.58,15438.58,,0,99,99,0,59409.22,59358.08,,
2026-06-30T13:09:39+08:00,btc-updown-5m-1782795900,https://polymarket.com/zh/event/btc-updown-5m-1782795900,13:05-13:10,1.00,,,99.00,5960.61,,,5960.61,,,,,,15428.58,15458.58,,0,99,99,0,59409.22,59358.07,,
2026-06-30T13:09:40+08:00,btc-updown-5m-1782795900,https://polymarket.com/zh/event/btc-updown-5m-1782795900,13:05-13:10,1.00,,,99.00,6132.22,,,6132.22,,,,,,15588.58,15588.58,,0,99,99,0,59409.22,59358.07,,
2026-06-30T13:09:42+08:00,btc-updown-5m-1782795900,https://polymarket.com/zh/event/btc-updown-5m-1782795900,13:05-13:10,1.00,,,99.00,5951.17,,,5951.17,,,,,,15604.58,15593.58,,0,99,99,0,59409.22,59361.09,,
2026-06-30T13:09:44+08:00,btc-updown-5m-1782795900,https://polymarket.com/zh/event/btc-updown-5m-1782795900,13:05-13:10,1.00,,,99.00,5549.17,,,5549.17,,,,,,15608.58,15583.58,,0,99,99,0,59409.22,59361.11,,
2026-06-30T13:09:46+08:00,btc-updown-5m-1782795900,https://polymarket.com/zh/event/btc-updown-5m-1782795900,13:05-13:10,1.00,,,99.00,7595.02,,,7595.02,,,,,,13427.85,13442.85,,0,78,78,0,59409.22,59361.11,,
2026-06-30T13:09:48+08:00,btc-updown-5m-1782795900,https://polymarket.com/zh/event/btc-updown-5m-1782795900,13:05-13:10,1.00,,,99.00,7385.07,,,7385.07,,,,,,13532.28,13527.28,,0,78,78,0,59409.22,59361.11,,
2026-06-30T13:09:50+08:00,btc-updown-5m-1782795900,https://polymarket.com/zh/event/btc-updown-5m-1782795900,13:05-13:10,1.00,,,99.00,7446.97,,,9494.97,,,,,,8521.28,8107.29,,0,78,78,0,59409.22,59361.11,,
2026-06-30T13:09:52+08:00,btc-updown-5m-1782795900,https://polymarket.com/zh/event/btc-updown-5m-1782795900,13:05-13:10,1.00,,,99.00,9827.47,,,9827.47,,,,,,7417.28,7382.28,,0,79,76,0,59409.22,59361.11,,
2026-06-30T13:09:54+08:00,btc-updown-5m-1782795900,https://polymarket.com/zh/event/btc-updown-5m-1782795900,13:05-13:10,1.00,,,99.00,9847.81,,,9847.81,,,,,,7377.28,7367.28,,0,77,77,0,59409.22,59361.83,,
2026-06-30T13:09:55+08:00,btc-updown-5m-1782795900,https://polymarket.com/zh/event/btc-updown-5m-1782795900,13:05-13:10,1.00,,,99.00,11107.02,,,11407.02,,,,,,8977.28,8972.28,,0,74,74,0,59409.22,59361.83,,
2026-06-30T13:09:57+08:00,btc-updown-5m-1782795900,https://polymarket.com/zh/event/btc-updown-5m-1782795900,13:05-13:10,1.00,,,99.00,14828.05,,,14853.05,,,,,,8962.28,8977.28,,0,74,74,0,59409.22,59361.83,,
2026-06-30T13:09:59+08:00,btc-updown-5m-1782795900,https://polymarket.com/zh/event/btc-updown-5m-1782795900,13:05-13:10,1.00,,,99.00,47627.00,,,48267.00,,,,,,9608.29,9622.28,,0,79,79,0,59409.22,59361.83,,
2026-06-30T13:10:01+08:00,btc-updown-5m-1782796200,https://polymarket.com/zh/event/btc-updown-5m-1782796200,13:10-13:15,52.00,49.00,51.00,48.00,669.29,38.37,38.37,674.29,51.50,48.50,1.00,1.00,21099.70,20589.69,20729.70,21104.70,51,48,48,51,59361.84,59361.83,,
2026-06-30T13:10:03+08:00,btc-updown-5m-1782796200,https://polymarket.com/zh/event/btc-updown-5m-1782796200,13:10-13:15,49.00,52.00,48.00,51.00,387.99,20.00,25.00,678.24,48.50,51.50,1.00,1.00,21854.38,21511.90,21606.89,21844.38,48,51,51,48,59361.84,59359.01,,
2026-06-30T13:10:05+08:00,btc-updown-5m-1782796200,https://polymarket.com/zh/event/btc-updown-5m-1782796200,13:10-13:15,43.00,58.00,42.00,57.00,354.73,517.28,523.72,349.73,42.50,57.50,1.00,1.00,22149.38,21964.39,21959.39,22144.38,42,57,57,42,59361.84,59353.11,,
2026-06-30T13:10:07+08:00,btc-updown-5m-1782796200,https://polymarket.com/zh/event/btc-updown-5m-1782796200,13:10-13:15,43.00,58.00,42.00,57.00,300.82,774.38,774.38,325.82,42.50,57.50,1.00,1.00,22199.38,21911.89,22036.90,22204.38,42,57,57,42,59361.84,59353.10,,
2026-06-30T13:10:09+08:00,btc-updown-5m-1782796200,https://polymarket.com/zh/event/btc-updown-5m-1782796200,13:10-13:15,43.00,58.00,42.00,57.00,203.07,758.56,769.24,178.07,42.50,57.50,1.00,1.00,21418.98,21039.99,20918.99,21413.98,42,57,57,42,59361.84,59353.11,,
2026-06-30T13:10:11+08:00,btc-updown-5m-1782796200,https://polymarket.com/zh/event/btc-updown-5m-1782796200,13:10-13:15,46.00,55.00,45.00,54.00,304.62,183.70,183.70,272.48,45.50,54.50,1.00,1.00,21573.98,21088.99,19723.99,20218.98,45,54,54,45,59361.84,59353.11,,
2026-06-30T13:10:12+08:00,btc-updown-5m-1782796200,https://polymarket.com/zh/event/btc-updown-5m-1782796200,13:10-13:15,46.00,54.00,45.00,53.00,174.30,158.40,308.03,453.64,45.50,53.50,1.00,1.00,20273.98,19778.99,19783.99,20263.98,45,54,53,46,59361.84,59353.10,,
2026-06-30T13:10:14+08:00,btc-updown-5m-1782796200,https://polymarket.com/zh/event/btc-updown-5m-1782796200,13:10-13:15,48.00,53.00,47.00,52.00,449.24,263.92,214.78,69.75,47.50,52.50,1.00,1.00,20478.98,19893.99,19884.99,20468.98,47,52,52,47,59361.84,59353.10,,
2026-06-30T13:10:16+08:00,btc-updown-5m-1782796200,https://polymarket.com/zh/event/btc-updown-5m-1782796200,13:10-13:15,49.00,52.00,48.00,51.00,876.49,64.42,64.42,742.40,48.50,51.50,1.00,1.00,20468.98,19804.00,19783.99,20473.98,48,51,51,48,59361.84,59353.10,,
2026-06-30T13:10:18+08:00,btc-updown-5m-1782796200,https://polymarket.com/zh/event/btc-updown-5m-1782796200,13:10-13:15,49.00,52.00,48.00,51.00,282.89,191.31,191.31,58.80,48.50,51.50,1.00,1.00,20468.98,19784.00,19783.99,20478.98,48,51,51,48,59361.84,59353.11,,
2026-06-30T13:10:20+08:00,btc-updown-5m-1782796200,https://polymarket.com/zh/event/btc-updown-5m-1782796200,13:10-13:15,51.00,50.00,50.00,49.00,38.15,286.72,286.72,53.15,50.50,49.50,1.00,1.00,20621.48,19778.99,19864.38,21069.37,50,49,49,50,59361.84,59353.10,,
2026-06-30T13:10:22+08:00,btc-updown-5m-1782796200,https://polymarket.com/zh/event/btc-updown-5m-1782796200,13:10-13:15,52.00,49.00,51.00,48.00,394.99,140.98,140.98,394.99,51.50,48.50,1.00,1.00,20609.37,19819.38,19819.38,20609.37,51,48,48,51,59361.84,59353.10,,
2026-06-30T13:10:23+08:00,btc-updown-5m-1782796200,https://polymarket.com/zh/event/btc-updown-5m-1782796200,13:10-13:15,52.00,49.00,51.00,48.00,537.16,244.47,158.15,223.24,51.50,48.50,1.00,1.00,21447.16,19829.38,19819.38,21136.46,51,48,48,51,59361.84,59353.10,,
2026-06-30T13:10:25+08:00,btc-updown-5m-1782796200,https://polymarket.com/zh/event/btc-updown-5m-1782796200,13:10-13:15,49.00,52.00,48.00,51.00,398.67,62.40,71.72,398.67,48.50,51.50,1.00,1.00,21111.36,20823.98,20803.97,21368.96,48,51,51,48,59361.84,59349.05,,
2026-06-30T13:10:27+08:00,btc-updown-5m-1782796200,https://polymarket.com/zh/event/btc-updown-5m-1782796200,13:10-13:15,48.00,53.00,47.00,52.00,109.97,443.16,443.16,109.97,47.50,52.50,1.00,1.00,21516.65,20973.47,21053.46,21511.65,47,52,52,47,59361.84,59349.05,,
2026-06-30T13:10:29+08:00,btc-updown-5m-1782796200,https://polymarket.com/zh/event/btc-updown-5m-1782796200,13:10-13:15,47.00,55.00,46.00,54.00,474.09,134.47,152.00,292.53,46.50,54.50,1.00,1.00,21585.95,21269.36,21139.36,21590.95,46,53,54,45,59361.84,59349.96,,
2026-06-30T13:10:31+08:00,btc-updown-5m-1782796200,https://polymarket.com/zh/event/btc-updown-5m-1782796200,13:10-13:15,46.00,55.00,45.00,54.00,407.77,291.94,251.94,407.77,45.50,54.50,1.00,1.00,23203.65,20630.86,20725.86,23193.65,45,54,54,45,59361.84,59349.75,,
2026-06-30T13:10:33+08:00,btc-updown-5m-1782796200,https://polymarket.com/zh/event/btc-updown-5m-1782796200,13:10-13:15,46.00,55.00,45.00,54.00,110.47,342.25,386.41,105.47,45.50,54.50,1.00,1.00,23453.35,20673.36,20693.36,23463.35,45,54,54,45,59361.84,59349.74,,
2026-06-30T13:10:35+08:00,btc-updown-5m-1782796200,https://polymarket.com/zh/event/btc-updown-5m-1782796200,13:10-13:15,46.00,55.00,45.00,54.00,6.35,748.89,750.71,6.35,45.50,54.50,1.00,1.00,23476.68,20603.37,20593.36,23466.68,45,54,54,45,59361.84,59349.75,,
2026-06-30T13:10:37+08:00,btc-updown-5m-1782796200,https://polymarket.com/zh/event/btc-updown-5m-1782796200,13:10-13:15,47.00,54.00,46.00,53.00,168.71,518.50,304.48,155.06,46.50,53.50,1.00,1.00,23476.68,20588.36,20673.36,23466.68,46,53,53,46,59361.84,59349.74,,
2026-06-30T13:10:38+08:00,btc-updown-5m-1782796200,https://polymarket.com/zh/event/btc-updown-5m-1782796200,13:10-13:15,47.00,54.00,46.00,53.00,252.91,271.22,97.41,158.51,46.50,53.50,1.00,1.00,23466.68,20574.36,20683.36,23482.68,46,53,53,46,59361.84,59349.74,,
2026-06-30T13:10:40+08:00,btc-updown-5m-1782796200,https://polymarket.com/zh/event/btc-updown-5m-1782796200,13:10-13:15,46.00,55.00,45.00,54.00,224.40,325.59,331.59,239.04,45.50,54.50,1.00,1.00,23482.68,20574.36,20578.36,23477.68,45,54,54,45,59361.84,59349.75,,
2026-06-30T13:10:42+08:00,btc-updown-5m-1782796200,https://polymarket.com/zh/event/btc-updown-5m-1782796200,13:10-13:15,46.00,55.00,45.00,54.00,540.47,24.00,24.00,882.27,45.50,54.50,1.00,1.00,23472.68,20584.36,20584.36,23365.68,45,54,54,45,59361.84,59349.74,,
2026-06-30T13:10:44+08:00,btc-updown-5m-1782796200,https://polymarket.com/zh/event/btc-updown-5m-1782796200,13:10-13:15,42.00,60.00,41.00,59.00,451.61,775.49,17.61,259.00,41.50,59.50,1.00,1.00,23507.68,20589.36,20679.36,23507.68,41,58,59,40,59361.84,59346.74,,
2026-06-30T13:10:46+08:00,btc-updown-5m-1782796200,https://polymarket.com/zh/event/btc-updown-5m-1782796200,13:10-13:15,41.00,60.00,40.00,59.00,224.80,815.56,825.28,144.80,40.50,59.50,1.00,1.00,23527.68,20584.37,20573.36,23512.68,40,59,59,40,59361.84,59346.74,,
2026-06-30T13:10:48+08:00,btc-updown-5m-1782796200,https://polymarket.com/zh/event/btc-updown-5m-1782796200,13:10-13:15,41.00,60.00,40.00,59.00,689.29,219.09,279.09,822.48,40.50,59.50,1.00,1.00,23567.68,20725.86,20683.36,23582.68,40,59,59,40,59361.84,59349.74,,
2026-06-30T13:10:50+08:00,btc-updown-5m-1782796200,https://polymarket.com/zh/event/btc-updown-5m-1782796200,13:10-13:15,40.00,61.00,39.00,60.00,416.08,165.00,145.01,439.48,39.50,60.50,1.00,1.00,23637.68,20693.36,20794.36,23637.68,39,60,60,39,59361.84,59349.74,,
2026-06-30T13:10:52+08:00,btc-updown-5m-1782796200,https://polymarket.com/zh/event/btc-updown-5m-1782796200,13:10-13:15,40.00,61.00,39.00,60.00,360.84,118.32,118.32,343.91,39.50,60.50,1.00,1.00,23602.68,20760.86,20646.86,23597.68,39,60,60,39,59361.84,59349.74,,
2026-06-30T13:10:53+08:00,btc-updown-5m-1782796200,https://polymarket.com/zh/event/btc-updown-5m-1782796200,13:10-13:15,40.00,61.00,39.00,60.00,102.12,407.79,407.79,102.12,39.50,60.50,1.00,1.00,23597.68,20703.37,20709.36,23587.68,39,60,60,39,59361.84,59349.74,,
2026-06-30T13:10:55+08:00,btc-updown-5m-1782796200,https://polymarket.com/zh/event/btc-updown-5m-1782796200,13:10-13:15,39.00,62.00,38.00,61.00,226.64,541.94,536.94,226.64,38.50,61.50,1.00,1.00,24107.68,20656.86,20635.87,24097.68,38,61,61,38,59361.84,59346.74,,
2026-06-30T13:10:57+08:00,btc-updown-5m-1782796200,https://polymarket.com/zh/event/btc-updown-5m-1782796200,13:10-13:15,40.00,61.00,39.00,60.00,35.33,363.20,445.02,313.00,39.50,60.50,1.00,1.00,24172.68,20703.36,20814.36,24192.68,39,60,60,39,59361.84,59349.09,,
2026-06-30T13:10:59+08:00,btc-updown-5m-1782796200,https://polymarket.com/zh/event/btc-updown-5m-1782796200,13:10-13:15,41.00,60.00,40.00,59.00,713.70,89.00,89.00,718.70,40.50,59.50,1.00,1.00,24127.68,20590.87,20590.86,24107.68,40,59,59,40,59361.84,59349.09,,
2026-06-30T13:11:02+08:00,btc-updown-5m-1782796200,https://polymarket.com/zh/event/btc-updown-5m-1782796200,13:10-13:15,40.00,61.00,39.00,60.00,1232.65,62.99,62.99,1211.13,39.50,60.50,1.00,1.00,25628.08,22638.76,22718.76,25598.08,39,60,60,39,59361.84,59346.73,,
2026-06-30T13:11:04+08:00,btc-updown-5m-1782796200,https://polymarket.com/zh/event/btc-updown-5m-1782796200,13:10-13:15,38.00,63.00,37.00,62.00,214.96,564.55,554.55,207.90,37.50,62.50,1.00,1.00,25388.08,22507.26,22476.26,25388.08,37,62,62,37,59361.84,59346.73,,
2026-06-30T13:11:05+08:00,btc-updown-5m-1782796200,https://polymarket.com/zh/event/btc-updown-5m-1782796200,13:10-13:15,28.00,74.00,26.00,73.00,120.89,5.00,38.33,57.73,27.00,73.50,2.00,1.00,25301.08,22693.76,22688.76,25311.08,26,72,73,26,59361.84,59333.96,,
2026-06-30T13:11:07+08:00,btc-updown-5m-1782796200,https://polymarket.com/zh/event/btc-updown-5m-1782796200,13:10-13:15,26.00,75.00,25.00,74.00,338.31,173.22,32.11,355.84,25.50,74.50,1.00,1.00,25518.08,22348.26,22442.26,25513.08,25,74,74,25,59361.84,59333.96,,
2026-06-30T13:11:09+08:00,btc-updown-5m-1782796200,https://polymarket.com/zh/event/btc-updown-5m-1782796200,13:10-13:15,26.00,75.00,25.00,74.00,231.93,423.70,455.36,231.93,25.50,74.50,1.00,1.00,25526.48,22465.77,22449.76,25526.48,25,74,74,25,59361.84,59333.96,,
2026-06-30T13:11:11+08:00,btc-updown-5m-1782796200,https://polymarket.com/zh/event/btc-updown-5m-1782796200,13:10-13:15,25.00,76.00,24.00,75.00,350.57,158.84,221.10,579.00,24.50,75.50,1.00,1.00,24613.08,22259.86,22154.86,24718.08,24,75,75,24,59361.84,59333.96,,
2026-06-30T13:11:13+08:00,btc-updown-5m-1782796200,https://polymarket.com/zh/event/btc-updown-5m-1782796200,13:10-13:15,24.00,77.00,23.00,76.00,218.26,200.98,98.09,200.65,23.50,76.50,1.00,1.00,22931.08,22051.36,22181.36,24926.08,23,76,76,23,59361.84,59332.71,,
2026-06-30T13:11:15+08:00,btc-updown-5m-1782796200,https://polymarket.com/zh/event/btc-updown-5m-1782796200,13:10-13:15,22.00,79.00,21.00,78.00,147.49,510.48,208.30,167.69,21.50,78.50,1.00,1.00,24917.75,22137.36,22057.36,24927.75,21,78,78,21,59361.84,59330.91,,
2026-06-30T13:11:17+08:00,btc-updown-5m-1782796200,https://polymarket.com/zh/event/btc-updown-5m-1782796200,13:10-13:15,24.00,77.00,23.00,76.00,244.44,114.42,114.42,223.34,23.50,76.50,1.00,1.00,24922.75,22052.37,22047.36,24922.75,23,76,76,23,59361.84,59330.91,,
2026-06-30T13:11:18+08:00,btc-updown-5m-1782796200,https://polymarket.com/zh/event/btc-updown-5m-1782796200,13:10-13:15,25.00,77.00,24.00,76.00,371.21,193.83,27.00,95.00,24.50,76.50,1.00,1.00,24271.75,22132.36,22152.36,24266.75,24,75,76,23,59361.84,59330.91,,
2026-06-30T13:11:20+08:00,btc-updown-5m-1782796200,https://polymarket.com/zh/event/btc-updown-5m-1782796200,13:10-13:15,23.00,78.00,22.00,77.00,84.88,362.42,368.21,61.57,22.50,77.50,1.00,1.00,22266.75,22037.36,22037.37,22271.75,22,77,77,22,59361.84,59331.99,,
2026-06-30T13:11:22+08:00,btc-updown-5m-1782796200,https://polymarket.com/zh/event/btc-updown-5m-1782796200,13:10-13:15,25.00,76.00,24.00,75.00,111.04,554.39,85.00,90.04,24.50,75.50,1.00,1.00,22266.75,22148.36,22048.36,22266.75,24,75,75,24,59361.84,59331.97,,
2026-06-30T13:11:24+08:00,btc-updown-5m-1782796200,https://polymarket.com/zh/event/btc-updown-5m-1782796200,13:10-13:15,26.00,75.00,25.00,74.00,552.48,15.00,50.00,537.48,25.50,74.50,1.00,1.00,22271.75,22137.37,22142.36,22271.75,25,74,74,25,59361.84,59333.95,,
2026-06-30T13:11:26+08:00,btc-updown-5m-1782796200,https://polymarket.com/zh/event/btc-updown-5m-1782796200,13:10-13:15,24.00,77.00,23.00,76.00,399.58,85.25,115.25,413.58,23.50,76.50,1.00,1.00,22266.75,22252.36,22143.36,22271.75,23,76,76,23,59361.84,59333.95,,
2026-06-30T13:11:28+08:00,btc-updown-5m-1782796200,https://polymarket.com/zh/event/btc-updown-5m-1782796200,13:10-13:15,23.00,78.00,22.00,77.00,276.02,221.45,176.61,216.00,22.50,77.50,1.00,1.00,22328.75,22089.86,22100.87,22323.75,22,77,77,22,59361.84,59333.95,,
2026-06-30T13:11:29+08:00,btc-updown-5m-1782796200,https://polymarket.com/zh/event/btc-updown-5m-1782796200,13:10-13:15,23.00,78.00,22.00,77.00,142.23,292.71,287.71,142.23,22.50,77.50,1.00,1.00,22323.75,22172.36,22262.36,22328.75,22,77,77,22,59361.84,59333.95,,
2026-06-30T13:11:31+08:00,btc-updown-5m-1782796200,https://polymarket.com/zh/event/btc-updown-5m-1782796200,13:10-13:15,23.00,78.00,22.00,77.00,172.34,184.75,240.91,175.74,22.50,77.50,1.00,1.00,21932.75,21713.86,21734.86,21932.75,22,77,77,22,59361.84,59333.95,,
2026-06-30T13:11:33+08:00,btc-updown-5m-1782796200,https://polymarket.com/zh/event/btc-updown-5m-1782796200,13:10-13:15,23.00,78.00,22.00,77.00,36.23,455.81,455.81,36.23,22.50,77.50,1.00,1.00,21937.75,21776.37,21777.36,21939.75,22,77,77,22,59361.84,59333.96,,
2026-06-30T13:11:35+08:00,btc-updown-5m-1782796200,https://polymarket.com/zh/event/btc-updown-5m-1782796200,13:10-13:15,24.00,77.00,23.00,76.00,211.05,262.50,263.91,186.70,23.50,76.50,1.00,1.00,21889.75,21738.86,21818.86,21894.75,23,76,76,23,59361.84,59333.96,,
2026-06-30T13:11:37+08:00,btc-updown-5m-1782796200,https://polymarket.com/zh/event/btc-updown-5m-1782796200,13:10-13:15,15.00,86.00,14.00,85.00,785.74,188.17,168.17,810.74,14.50,85.50,1.00,1.00,20857.25,21762.36,21761.36,20857.25,14,85,85,14,59361.84,59317.43,,
2026-06-30T13:11:39+08:00,btc-updown-5m-1782796200,https://polymarket.com/zh/event/btc-updown-5m-1782796200,13:10-13:15,15.00,86.00,14.00,85.00,53.22,449.85,484.85,53.22,14.50,85.50,1.00,1.00,20842.25,21646.36,21728.86,20837.25,14,85,85,14,59361.84,59317.43,,
2026-06-30T13:11:41+08:00,btc-updown-5m-1782796200,https://polymarket.com/zh/event/btc-updown-5m-1782796200,13:10-13:15,13.00,88.00,12.00,87.00,258.80,348.81,348.81,258.80,12.50,87.50,1.00,1.00,20527.25,21782.37,21666.36,20527.25,12,87,87,12,59361.84,59317.42,,
2026-06-30T13:11:43+08:00,btc-updown-5m-1782796200,https://polymarket.com/zh/event/btc-updown-5m-1782796200,13:10-13:15,13.00,88.00,12.00,87.00,145.26,399.23,399.23,145.26,12.50,87.50,1.00,1.00,20652.25,21751.36,21762.36,20657.25,12,87,87,12,59361.84,59317.42,,
2026-06-30T13:11:45+08:00,btc-updown-5m-1782796200,https://polymarket.com/zh/event/btc-updown-5m-1782796200,13:10-13:15,13.00,88.00,12.00,87.00,482.07,47.46,121.63,482.07,12.50,87.50,1.00,1.00,20676.65,21763.02,21674.02,20681.65,12,87,87,12,59361.84,59317.42,,
2026-06-30T13:11:46+08:00,btc-updown-5m-1782796200,https://polymarket.com/zh/event/btc-updown-5m-1782796200,13:10-13:15,13.00,88.00,12.00,87.00,471.59,65.24,65.24,471.59,12.50,87.50,1.00,1.00,20512.20,21769.02,21763.02,20507.20,12,87,87,12,59361.84,59317.42,,
2026-06-30T13:11:48+08:00,btc-updown-5m-1782796200,https://polymarket.com/zh/event/btc-updown-5m-1782796200,13:10-13:15,8.00,94.00,7.00,93.00,459.39,464.64,62.16,350.42,7.50,93.50,1.00,1.00,18437.95,21769.02,19734.02,18596.28,7,92,93,6,59361.84,59303.74,,
2026-06-30T13:11:50+08:00,btc-updown-5m-1782796200,https://polymarket.com/zh/event/btc-updown-5m-1782796200,13:10-13:15,7.00,94.00,6.00,93.00,265.69,347.08,402.17,284.31,6.50,93.50,1.00,1.00,18857.28,19773.03,19769.02,18802.28,6,93,93,6,59361.84,59304.99,,
2026-06-30T13:11:52+08:00,btc-updown-5m-1782796200,https://polymarket.com/zh/event/btc-updown-5m-1782796200,13:10-13:15,7.00,94.00,6.00,93.00,634.41,105.70,105.70,639.41,6.50,93.50,1.00,1.00,18586.37,19824.02,19734.02,18516.37,6,93,93,6,59361.84,59300.72,,
2026-06-30T13:11:54+08:00,btc-updown-5m-1782796200,https://polymarket.com/zh/event/btc-updown-5m-1782796200,13:10-13:15,6.00,95.00,5.00,94.00,398.25,1137.79,1107.79,447.25,5.50,94.50,1.00,1.00,18611.67,19778.02,19753.02,18676.67,5,94,94,5,59361.84,59300.00,,
2026-06-30T13:11:56+08:00,btc-updown-5m-1782796200,https://polymarket.com/zh/event/btc-updown-5m-1782796200,13:10-13:15,6.00,95.00,5.00,94.00,326.54,1188.34,1107.86,293.20,5.50,94.50,1.00,1.00,18641.54,19745.52,19709.52,18561.22,5,94,94,5,59361.84,59300.01,,
2026-06-30T13:11:58+08:00,btc-updown-5m-1782796200,https://polymarket.com/zh/event/btc-updown-5m-1782796200,13:10-13:15,6.00,95.00,5.00,94.00,433.56,1005.52,851.53,385.06,5.50,94.50,1.00,1.00,18089.53,19792.03,19773.02,18544.40,5,94,94,5,59361.84,59300.00,,
2026-06-30T13:11:59+08:00,btc-updown-5m-1782796200,https://polymarket.com/zh/event/btc-updown-5m-1782796200,13:10-13:15,6.00,95.00,5.00,94.00,541.28,595.07,653.07,592.28,5.50,94.50,1.00,1.00,17874.14,19809.52,19690.52,17656.16,5,94,94,5,59361.84,59300.00,,
2026-06-30T13:12:01+08:00,btc-updown-5m-1782796200,https://polymarket.com/zh/event/btc-updown-5m-1782796200,13:10-13:15,6.00,95.00,5.00,94.00,557.31,611.48,636.48,557.31,5.50,94.50,1.00,1.00,17939.99,19630.02,19709.02,17949.99,5,94,94,5,59361.84,59291.98,,
2026-06-30T13:12:03+08:00,btc-updown-5m-1782796200,https://polymarket.com/zh/event/btc-updown-5m-1782796200,13:10-13:15,6.00,95.00,5.00,94.00,172.88,580.07,553.66,177.86,5.50,94.50,1.00,1.00,17818.08,19557.52,19526.52,17852.13,5,94,94,5,59361.84,59298.47,,
2026-06-30T13:12:05+08:00,btc-updown-5m-1782796200,https://polymarket.com/zh/event/btc-updown-5m-1782796200,13:10-13:15,6.00,95.00,5.00,94.00,194.82,521.80,522.86,194.82,5.50,94.50,1.00,1.00,18100.82,19675.02,19675.02,18104.76,5,94,94,5,59361.84,59298.47,,
2026-06-30T13:12:07+08:00,btc-updown-5m-1782796200,https://polymarket.com/zh/event/btc-updown-5m-1782796200,13:10-13:15,6.00,95.00,5.00,94.00,218.15,383.69,328.69,215.78,5.50,94.50,1.00,1.00,17864.29,19455.02,19502.53,17954.29,5,94,94,5,59361.84,59298.47,,
2026-06-30T13:12:09+08:00,btc-updown-5m-1782796200,https://polymarket.com/zh/event/btc-updown-5m-1782796200,13:10-13:15,5.00,96.00,4.00,95.00,858.54,464.33,470.60,858.54,4.50,95.50,1.00,1.00,16618.56,18214.02,18344.02,16514.94,4,95,95,4,59361.84,59284.78,,
2026-06-30T13:12:10+08:00,btc-updown-5m-1782796200,https://polymarket.com/zh/event/btc-updown-5m-1782796200,13:10-13:15,4.00,97.00,3.00,96.00,1113.44,1614.48,1614.48,1181.44,3.50,96.50,1.00,1.00,15438.06,18015.02,18304.03,15458.06,3,96,96,3,59361.84,59276.61,,
2026-06-30T13:12:12+08:00,btc-updown-5m-1782796200,https://polymarket.com/zh/event/btc-updown-5m-1782796200,13:10-13:15,5.00,96.00,4.00,95.00,408.25,768.45,768.45,226.25,4.50,95.50,1.00,1.00,16873.19,17989.03,17994.02,16868.19,4,95,95,4,59361.84,59294.10,,
2026-06-30T13:12:14+08:00,btc-updown-5m-1782796200,https://polymarket.com/zh/event/btc-updown-5m-1782796200,13:10-13:15,14.00,86.00,9.00,85.00,3.90,58.00,122.00,169.96,11.50,85.50,5.00,1.00,16946.79,18104.02,18094.03,17204.48,9,86,85,14,59361.84,59305.00,,
2026-06-30T13:12:16+08:00,btc-updown-5m-1782796200,https://polymarket.com/zh/event/btc-updown-5m-1782796200,13:10-13:15,15.00,90.00,14.00,87.00,1039.10,50.00,2.30,190.00,14.50,88.50,1.00,3.00,17016.34,18220.02,18095.02,16866.64,14,85,87,10,59361.84,59315.80,,
2026-06-30T13:12:18+08:00,btc-updown-5m-1782796200,https://polymarket.com/zh/event/btc-updown-5m-1782796200,13:10-13:15,9.00,92.00,8.00,91.00,352.70,48.09,105.32,336.41,8.50,91.50,1.00,1.00,16804.50,18004.02,18089.02,16824.50,8,91,91,8,59361.84,59306.76,,
2026-06-30T13:12:20+08:00,btc-updown-5m-1782796200,https://polymarket.com/zh/event/btc-updown-5m-1782796200,13:10-13:15,7.00,95.00,6.00,94.00,852.48,98.04,18.00,310.73,6.50,94.50,1.00,1.00,16512.17,18141.52,18105.02,16434.38,6,93,94,5,59361.84,59306.74,,
2026-06-30T13:12:22+08:00,btc-updown-5m-1782796200,https://polymarket.com/zh/event/btc-updown-5m-1782796200,13:10-13:15,5.00,96.00,4.00,95.00,255.93,109.88,109.87,240.93,4.50,95.50,1.00,1.00,16602.17,18333.02,18442.02,16632.18,4,95,95,4,59361.84,59298.48,,
2026-06-30T13:12:24+08:00,btc-updown-5m-1782796200,https://polymarket.com/zh/event/btc-updown-5m-1782796200,13:10-13:15,5.00,96.00,4.00,95.00,194.91,376.09,375.64,194.91,4.50,95.50,1.00,1.00,16459.64,18317.02,18338.02,16480.09,4,95,95,4,59361.84,59298.48,,
2026-06-30T13:12:26+08:00,btc-updown-5m-1782796200,https://polymarket.com/zh/event/btc-updown-5m-1782796200,13:10-13:15,6.00,95.00,5.00,94.00,227.30,35.00,86.61,262.30,5.50,94.50,1.00,1.00,16503.58,18437.02,18233.02,16430.98,5,94,94,5,59361.84,59298.49,,
2026-06-30T13:12:28+08:00,btc-updown-5m-1782796200,https://polymarket.com/zh/event/btc-updown-5m-1782796200,13:10-13:15,6.00,95.00,5.00,94.00,75.56,522.11,91.24,75.56,5.50,94.50,1.00,1.00,16535.51,18300.53,18289.52,17016.38,5,94,94,5,59361.84,59298.48,,
2026-06-30T13:12:30+08:00,btc-updown-5m-1782796200,https://polymarket.com/zh/event/btc-updown-5m-1782796200,13:10-13:15,8.00,93.00,7.00,92.00,395.13,252.55,319.81,380.13,7.50,92.50,1.00,1.00,16825.08,18432.02,18379.02,16865.08,7,92,92,7,59361.84,59301.00,,
2026-06-30T13:12:31+08:00,btc-updown-5m-1782796200,https://polymarket.com/zh/event/btc-updown-5m-1782796200,13:10-13:15,8.00,93.00,7.00,92.00,402.04,159.49,159.49,402.04,7.50,92.50,1.00,1.00,16664.82,18190.02,18180.02,16679.26,7,92,92,7,59361.84,59301.00,,
2026-06-30T13:12:33+08:00,btc-updown-5m-1782796200,https://polymarket.com/zh/event/btc-updown-5m-1782796200,13:10-13:15,8.00,94.00,7.00,93.00,436.20,66.92,33.81,206.94,7.50,93.50,1.00,1.00,16751.17,18226.52,18342.52,16619.27,7,92,93,6,59361.84,59301.00,,
2026-06-30T13:12:35+08:00,btc-updown-5m-1782796200,https://polymarket.com/zh/event/btc-updown-5m-1782796200,13:10-13:15,7.00,94.00,6.00,93.00,363.63,96.45,131.45,393.63,6.50,93.50,1.00,1.00,16441.19,18199.02,18190.02,16496.56,6,93,93,6,59361.84,59301.00,,
2026-06-30T13:12:37+08:00,btc-updown-5m-1782796200,https://polymarket.com/zh/event/btc-updown-5m-1782796200,13:10-13:15,6.00,96.00,5.00,95.00,393.35,277.17,61.47,165.00,5.50,95.50,1.00,1.00,16010.22,18142.52,18141.53,16108.89,5,94,95,4,59361.84,59301.00,,
2026-06-30T13:12:39+08:00,btc-updown-5m-1782796200,https://polymarket.com/zh/event/btc-updown-5m-1782796200,13:10-13:15,6.00,95.00,4.00,94.00,2.97,536.95,611.49,113.65,5.00,94.50,2.00,1.00,16362.86,18041.52,18179.02,16753.91,4,94,94,5,59361.84,59298.48,,
2026-06-30T13:12:41+08:00,btc-updown-5m-1782796200,https://polymarket.com/zh/event/btc-updown-5m-1782796200,13:10-13:15,7.00,94.00,6.00,93.00,264.03,339.31,339.31,234.03,6.50,93.50,1.00,1.00,16644.36,18136.53,18121.52,16644.36,6,93,93,6,59361.84,59301.00,,
2026-06-30T13:12:43+08:00,btc-updown-5m-1782796200,https://polymarket.com/zh/event/btc-updown-5m-1782796200,13:10-13:15,6.00,95.00,5.00,94.00,58.01,560.33,560.33,14.68,5.50,94.50,1.00,1.00,16582.32,18126.52,18021.52,16587.32,5,94,94,5,59361.84,59301.01,,
2026-06-30T13:12:44+08:00,btc-updown-5m-1782796200,https://polymarket.com/zh/event/btc-updown-5m-1782796200,13:10-13:15,7.00,94.00,6.00,93.00,68.42,390.32,355.32,68.42,6.50,93.50,1.00,1.00,16362.58,18011.52,18117.52,16357.58,6,93,93,6,59361.84,59306.75,,
2026-06-30T13:12:46+08:00,btc-updown-5m-1782796200,https://polymarket.com/zh/event/btc-updown-5m-1782796200,13:10-13:15,7.00,93.00,6.00,92.00,119.42,222.42,363.83,199.18,6.50,92.50,1.00,1.00,16465.18,18032.52,18006.52,16322.18,6,93,92,7,59361.84,59306.75,,
2026-06-30T13:12:48+08:00,btc-updown-5m-1782796200,https://polymarket.com/zh/event/btc-updown-5m-1782796200,13:10-13:15,5.00,96.00,4.00,95.00,770.42,67.46,127.46,790.42,4.50,95.50,1.00,1.00,15423.02,18016.52,18026.52,15177.82,4,95,95,4,59361.84,59302.31,,
2026-06-30T13:12:50+08:00,btc-updown-5m-1782796200,https://polymarket.com/zh/event/btc-updown-5m-1782796200,13:10-13:15,4.00,97.00,3.00,96.00,291.00,1512.82,1542.82,291.00,3.50,96.50,1.00,1.00,15554.20,18017.52,18031.53,15524.20,3,96,96,3,59361.84,59298.48,,
2026-06-30T13:12:52+08:00,btc-updown-5m-1782796200,https://polymarket.com/zh/event/btc-updown-5m-1782796200,13:10-13:15,4.00,97.00,3.00,96.00,981.91,760.74,828.84,1274.91,3.50,96.50,1.00,1.00,9399.95,18084.02,18174.02,9331.85,3,96,96,3,59361.84,59276.60,,
2026-06-30T13:12:54+08:00,btc-updown-5m-1782796200,https://polymarket.com/zh/event/btc-updown-5m-1782796200,13:10-13:15,4.00,97.00,3.00,96.00,1941.88,179.10,179.10,1936.88,3.50,96.50,1.00,1.00,8362.60,18088.52,18198.52,8227.60,3,96,96,3,59361.84,59276.56,,
2026-06-30T13:12:56+08:00,btc-updown-5m-1782796200,https://polymarket.com/zh/event/btc-updown-5m-1782796200,13:10-13:15,3.00,98.00,2.00,97.00,1098.20,2119.16,2124.78,1143.86,2.50,97.50,1.00,1.00,7727.94,18006.02,17912.02,7537.21,2,97,97,2,59361.84,59276.57,,
2026-06-30T13:12:57+08:00,btc-updown-5m-1782796200,https://polymarket.com/zh/event/btc-updown-5m-1782796200,13:10-13:15,2.00,99.00,1.00,98.00,1215.04,5271.19,5115.72,1210.04,1.50,98.50,1.00,1.00,5115.72,17897.46,17886.46,5271.19,1,98,98,1,59361.84,59261.45,,
2026-06-30T13:12:59+08:00,btc-updown-5m-1782796200,https://polymarket.com/zh/event/btc-updown-5m-1782796200,13:10-13:15,2.00,99.00,1.00,98.00,1175.47,4797.33,4767.33,1175.47,1.50,98.50,1.00,1.00,4767.33,17919.96,17918.96,4797.33,1,98,98,1,59361.84,59273.80,,
2026-06-30T13:13:01+08:00,btc-updown-5m-1782796200,https://polymarket.com/zh/event/btc-updown-5m-1782796200,13:10-13:15,2.00,99.00,1.00,98.00,1208.48,4690.76,4825.78,1208.48,1.50,98.50,1.00,1.00,4825.78,17892.46,17871.46,4690.76,1,98,98,1,59361.84,59273.79,,
2026-06-30T13:13:03+08:00,btc-updown-5m-1782796200,https://polymarket.com/zh/event/btc-updown-5m-1782796200,13:10-13:15,2.00,99.00,1.00,98.00,1254.04,4746.49,4746.49,1254.04,1.50,98.50,1.00,1.00,4746.49,17786.46,17928.96,4746.49,1,98,98,1,59361.84,59273.79,,
2026-06-30T13:13:05+08:00,btc-updown-5m-1782796200,https://polymarket.com/zh/event/btc-updown-5m-1782796200,13:10-13:15,2.00,99.00,1.00,98.00,1079.46,4542.56,4482.72,829.46,1.50,98.50,1.00,1.00,4482.72,17767.46,17762.47,4542.56,1,98,98,1,59361.84,59273.79,,
2026-06-30T13:13:07+08:00,btc-updown-5m-1782796200,https://polymarket.com/zh/event/btc-updown-5m-1782796200,13:10-13:15,2.00,99.00,1.00,98.00,493.70,4727.14,4558.95,394.38,1.50,98.50,1.00,1.00,4558.95,17731.46,17757.47,4727.14,1,98,98,1,59361.84,59282.00,,
2026-06-30T13:13:08+08:00,btc-updown-5m-1782796200,https://polymarket.com/zh/event/btc-updown-5m-1782796200,13:10-13:15,2.00,99.00,1.00,98.00,345.11,4814.45,4953.37,345.11,1.50,98.50,1.00,1.00,4953.37,17721.46,17841.46,4814.45,1,98,98,1,59361.84,59282.59,,
2026-06-30T13:13:10+08:00,btc-updown-5m-1782796200,https://polymarket.com/zh/event/btc-updown-5m-1782796200,13:10-13:15,2.00,99.00,1.00,98.00,334.71,4705.76,4670.47,334.71,1.50,98.50,1.00,1.00,4670.47,17936.46,17721.46,4705.76,1,98,98,1,59361.84,59282.59,,
2026-06-30T13:13:12+08:00,btc-updown-5m-1782796200,https://polymarket.com/zh/event/btc-updown-5m-1782796200,13:10-13:15,2.00,99.00,1.00,98.00,338.61,4436.71,4436.71,338.61,1.50,98.50,1.00,1.00,4436.71,17847.46,17826.46,4436.71,1,98,98,1,59361.84,59282.59,,
2026-06-30T13:13:14+08:00,btc-updown-5m-1782796200,https://polymarket.com/zh/event/btc-updown-5m-1782796200,13:10-13:15,2.00,99.00,1.00,98.00,313.61,4344.83,4344.83,313.61,1.50,98.50,1.00,1.00,4344.83,17541.47,17521.46,4344.83,1,98,98,1,59361.84,59282.59,,
2026-06-30T13:13:16+08:00,btc-updown-5m-1782796200,https://polymarket.com/zh/event/btc-updown-5m-1782796200,13:10-13:15,2.00,99.00,1.00,98.00,127.00,4275.94,4275.94,137.00,1.50,98.50,1.00,1.00,4275.94,17489.96,17493.97,4275.94,1,98,98,1,59361.84,59282.59,,
2026-06-30T13:13:18+08:00,btc-updown-5m-1782796200,https://polymarket.com/zh/event/btc-updown-5m-1782796200,13:10-13:15,2.00,99.00,1.00,98.00,355.00,4076.60,4076.60,355.00,1.50,98.50,1.00,1.00,4076.60,17561.46,17641.46,4076.60,1,98,98,1,59361.84,59282.59,,
2026-06-30T13:13:19+08:00,btc-updown-5m-1782796200,https://polymarket.com/zh/event/btc-updown-5m-1782796200,13:10-13:15,2.00,99.00,1.00,98.00,597.34,4003.81,3998.54,593.34,1.50,98.50,1.00,1.00,3998.54,17453.96,17569.96,4003.81,1,98,98,1,59361.84,59282.59,,
2026-06-30T13:13:21+08:00,btc-updown-5m-1782796200,https://polymarket.com/zh/event/btc-updown-5m-1782796200,13:10-13:15,2.00,99.00,1.00,98.00,434.00,4103.27,4078.27,454.00,1.50,98.50,1.00,1.00,4078.27,17064.76,17170.76,4103.27,1,98,98,1,59361.84,59282.59,,
2026-06-30T13:13:23+08:00,btc-updown-5m-1782796200,https://polymarket.com/zh/event/btc-updown-5m-1782796200,13:10-13:15,2.00,99.00,1.00,98.00,495.50,3821.16,3831.16,495.50,1.50,98.50,1.00,1.00,3831.16,17023.26,17017.27,3821.16,1,98,98,1,59361.84,59282.59,,
2026-06-30T13:13:25+08:00,btc-updown-5m-1782796200,https://polymarket.com/zh/event/btc-updown-5m-1782796200,13:10-13:15,3.00,98.00,2.00,97.00,1025.54,81.66,81.66,1030.54,2.50,97.50,1.00,1.00,3844.02,16899.76,16895.76,3859.02,2,97,97,2,59361.84,59282.59,,
2026-06-30T13:13:27+08:00,btc-updown-5m-1782796200,https://polymarket.com/zh/event/btc-updown-5m-1782796200,13:10-13:15,2.00,99.00,1.00,98.00,112.00,3940.36,3930.36,112.00,1.50,98.50,1.00,1.00,3930.36,16884.76,16958.26,3940.36,1,98,98,1,59361.84,59282.59,,
2026-06-30T13:13:29+08:00,btc-updown-5m-1782796200,https://polymarket.com/zh/event/btc-updown-5m-1782796200,13:10-13:15,2.00,99.00,1.00,98.00,104.00,3719.29,3719.29,104.00,1.50,98.50,1.00,1.00,3719.29,16814.77,16900.76,3719.29,1,98,98,1,59361.84,59282.59,,
2026-06-30T13:13:31+08:00,btc-updown-5m-1782796200,https://polymarket.com/zh/event/btc-updown-5m-1782796200,13:10-13:15,2.00,99.00,1.00,98.00,217.22,3147.20,3629.10,205.00,1.50,98.50,1.00,1.00,3629.10,16834.76,16765.76,3147.20,1,98,98,1,59361.84,59282.59,,
2026-06-30T13:13:32+08:00,btc-updown-5m-1782796200,https://polymarket.com/zh/event/btc-updown-5m-1782796200,13:10-13:15,2.00,99.00,1.00,98.00,365.68,2685.48,2584.78,365.68,1.50,98.50,1.00,1.00,2584.78,16739.76,16650.76,2685.48,1,98,98,1,59361.84,59282.59,,
2026-06-30T13:13:34+08:00,btc-updown-5m-1782796200,https://polymarket.com/zh/event/btc-updown-5m-1782796200,13:10-13:15,2.00,99.00,1.00,98.00,654.68,2739.49,2579.74,491.99,1.50,98.50,1.00,1.00,2579.74,16530.76,16519.76,2739.49,1,98,98,1,59361.84,59282.59,,
2026-06-30T13:13:36+08:00,btc-updown-5m-1782796200,https://polymarket.com/zh/event/btc-updown-5m-1782796200,13:10-13:15,2.00,99.00,1.00,98.00,382.00,3210.46,2574.52,382.00,1.50,98.50,1.00,1.00,2574.52,16619.76,16540.76,3210.46,1,98,98,1,59361.84,59286.79,,
2026-06-30T13:13:38+08:00,btc-updown-5m-1782796200,https://polymarket.com/zh/event/btc-updown-5m-1782796200,13:10-13:15,2.00,99.00,1.00,98.00,413.00,2643.31,2654.13,413.00,1.50,98.50,1.00,1.00,2654.13,16734.76,16530.76,2643.31,1,98,98,1,59361.84,59287.98,,
2026-06-30T13:13:40+08:00,btc-updown-5m-1782796200,https://polymarket.com/zh/event/btc-updown-5m-1782796200,13:10-13:15,2.00,99.00,1.00,98.00,819.99,1125.92,1235.92,819.99,1.50,98.50,1.00,1.00,1235.92,16437.26,16427.26,1125.92,1,98,98,1,59361.84,59291.67,,
2026-06-30T13:13:42+08:00,btc-updown-5m-1782796200,https://polymarket.com/zh/event/btc-updown-5m-1782796200,13:10-13:15,1.00,,,99.00,1731.78,,,1495.78,,,,,,16484.76,16494.76,,0,99,99,0,59361.84,59294.68,,
2026-06-30T13:13:44+08:00,btc-updown-5m-1782796200,https://polymarket.com/zh/event/btc-updown-5m-1782796200,13:10-13:15,1.00,,,99.00,644.34,,,526.34,,,,,,16410.76,16374.76,,0,99,99,0,59361.84,59297.69,,
2026-06-30T13:13:45+08:00,btc-updown-5m-1782796200,https://polymarket.com/zh/event/btc-updown-5m-1782796200,13:10-13:15,1.00,,,99.00,77.33,,,72.33,,,,,,16399.76,16395.76,,0,99,99,0,59361.84,59300.72,,
2026-06-30T13:13:47+08:00,btc-updown-5m-1782796200,https://polymarket.com/zh/event/btc-updown-5m-1782796200,13:10-13:15,2.00,99.00,1.00,98.00,472.51,369.21,281.18,462.33,1.50,98.50,1.00,1.00,281.18,16547.27,16562.26,369.21,1,98,98,1,59361.84,59303.73,,
2026-06-30T13:13:49+08:00,btc-updown-5m-1782796200,https://polymarket.com/zh/event/btc-updown-5m-1782796200,13:10-13:15,2.00,99.00,1.00,98.00,166.22,436.73,436.73,258.01,1.50,98.50,1.00,1.00,436.73,16580.76,16595.77,436.73,1,98,98,1,59361.84,59305.98,,
2026-06-30T13:13:51+08:00,btc-updown-5m-1782796200,https://polymarket.com/zh/event/btc-updown-5m-1782796200,13:10-13:15,2.00,99.00,1.00,98.00,240.00,622.65,622.65,240.00,1.50,98.50,1.00,1.00,622.65,16542.26,16463.26,622.65,1,98,98,1,59361.84,59305.97,,
2026-06-30T13:13:53+08:00,btc-updown-5m-1782796200,https://polymarket.com/zh/event/btc-updown-5m-1782796200,13:10-13:15,3.00,98.00,2.00,97.00,712.23,80.00,80.00,712.23,2.50,97.50,1.00,1.00,443.75,16419.77,16524.76,443.75,2,97,97,2,59361.84,59305.97,,
2026-06-30T13:13:55+08:00,btc-updown-5m-1782796200,https://polymarket.com/zh/event/btc-updown-5m-1782796200,13:10-13:15,2.00,99.00,1.00,98.00,210.00,253.63,283.63,235.00,1.50,98.50,1.00,1.00,283.63,16335.76,16257.27,253.63,1,98,98,1,59361.84,59305.97,,
2026-06-30T13:13:57+08:00,btc-updown-5m-1782796200,https://polymarket.com/zh/event/btc-updown-5m-1782796200,13:10-13:15,2.00,99.00,1.00,98.00,255.27,311.22,311.22,239.99,1.50,98.50,1.00,1.00,311.22,16014.76,16035.76,311.22,1,98,98,1,59361.84,59305.97,,
2026-06-30T13:13:59+08:00,btc-updown-5m-1782796200,https://polymarket.com/zh/event/btc-updown-5m-1782796200,13:10-13:15,2.00,99.00,1.00,98.00,210.00,533.10,538.16,210.00,1.50,98.50,1.00,1.00,538.16,15910.77,15924.76,533.10,1,98,98,1,59361.84,59305.97,,
2026-06-30T13:14:01+08:00,btc-updown-5m-1782796200,https://polymarket.com/zh/event/btc-updown-5m-1782796200,13:10-13:15,2.00,99.00,1.00,98.00,125.00,354.51,359.51,20.00,1.50,98.50,1.00,1.00,359.51,16589.76,16300.76,354.51,1,98,98,1,59361.84,59304.74,,
2026-06-30T13:14:03+08:00,btc-updown-5m-1782796200,https://polymarket.com/zh/event/btc-updown-5m-1782796200,13:10-13:15,1.00,,,99.00,5270.84,,,5216.67,,,,,,16190.76,16146.16,,0,99,99,0,59361.84,59300.72,,
2026-06-30T13:14:04+08:00,btc-updown-5m-1782796200,https://polymarket.com/zh/event/btc-updown-5m-1782796200,13:10-13:15,1.00,,,99.00,5176.77,,,5176.77,,,,,,16125.16,16130.16,,0,99,99,0,59361.84,59300.71,,
2026-06-30T13:14:06+08:00,btc-updown-5m-1782796200,https://polymarket.com/zh/event/btc-updown-5m-1782796200,13:10-13:15,1.00,,,99.00,5081.77,,,5072.37,,,,,,16135.16,16136.16,,0,99,99,0,59361.84,59300.71,,
2026-06-30T13:14:08+08:00,btc-updown-5m-1782796200,https://polymarket.com/zh/event/btc-updown-5m-1782796200,13:10-13:15,1.00,,,99.00,5072.37,,,5072.37,,,,,,16135.16,16146.16,,0,99,99,0,59361.84,59300.71,,
2026-06-30T13:14:10+08:00,btc-updown-5m-1782796200,https://polymarket.com/zh/event/btc-updown-5m-1782796200,13:10-13:15,1.00,,,99.00,171.10,,,171.10,,,,,,16125.16,16151.16,,0,99,99,0,59361.84,59300.71,,
2026-06-30T13:14:12+08:00,btc-updown-5m-1782796200,https://polymarket.com/zh/event/btc-updown-5m-1782796200,13:10-13:15,1.00,,,99.00,45.00,,,45.00,,,,,,16188.66,16182.66,,0,99,99,0,59361.84,59305.97,,
2026-06-30T13:14:14+08:00,btc-updown-5m-1782796200,https://polymarket.com/zh/event/btc-updown-5m-1782796200,13:10-13:15,2.00,99.00,1.00,98.00,40.61,3038.72,3038.72,51.88,1.50,98.50,1.00,1.00,3038.72,15640.16,15541.17,3038.72,1,98,98,1,59361.84,59305.97,,
2026-06-30T13:14:16+08:00,btc-updown-5m-1782796200,https://polymarket.com/zh/event/btc-updown-5m-1782796200,13:10-13:15,2.00,99.00,1.00,98.00,207.44,2865.74,2865.74,207.44,1.50,98.50,1.00,1.00,2865.74,18688.66,18593.66,2865.74,1,98,98,1,59361.84,59305.97,,
2026-06-30T13:14:18+08:00,btc-updown-5m-1782796200,https://polymarket.com/zh/event/btc-updown-5m-1782796200,13:10-13:15,2.00,99.00,1.00,98.00,116.00,2822.87,2817.87,81.00,1.50,98.50,1.00,1.00,2817.87,18706.16,18695.17,2822.87,1,98,98,1,59361.84,59305.97,,
2026-06-30T13:14:19+08:00,btc-updown-5m-1782796200,https://polymarket.com/zh/event/btc-updown-5m-1782796200,13:10-13:15,2.00,99.00,1.00,98.00,500.75,2284.35,2284.35,500.75,1.50,98.50,1.00,1.00,2284.35,18647.66,18627.66,2284.35,1,98,98,1,59361.84,59305.98,,
2026-06-30T13:14:21+08:00,btc-updown-5m-1782796200,https://polymarket.com/zh/event/btc-updown-5m-1782796200,13:10-13:15,2.00,99.00,1.00,98.00,110.00,2598.50,2598.50,115.00,1.50,98.50,1.00,1.00,2598.50,18686.16,18810.16,2598.50,1,98,98,1,59361.84,59305.97,,
2026-06-30T13:14:23+08:00,btc-updown-5m-1782796200,https://polymarket.com/zh/event/btc-updown-5m-1782796200,13:10-13:15,3.00,98.00,2.00,97.00,70.03,285.00,295.39,70.03,2.50,97.50,1.00,1.00,2725.58,18788.66,18802.66,2700.19,2,97,97,2,59361.84,59309.77,,
2026-06-30T13:14:25+08:00,btc-updown-5m-1782796200,https://polymarket.com/zh/event/btc-updown-5m-1782796200,13:10-13:15,3.00,98.00,2.00,97.00,63.79,272.85,376.56,99.26,2.50,97.50,1.00,1.00,3035.30,18845.16,18971.16,2906.59,2,96,96,2,59361.84,59312.79,,
2026-06-30T13:14:27+08:00,btc-updown-5m-1782796200,https://polymarket.com/zh/event/btc-updown-5m-1782796200,13:10-13:15,3.00,98.00,2.00,97.00,93.57,70.23,75.34,93.57,2.50,97.50,1.00,1.00,2695.67,18740.16,18745.16,2690.56,2,97,97,2,59361.84,59318.83,,
2026-06-30T13:14:29+08:00,btc-updown-5m-1782796200,https://polymarket.com/zh/event/btc-updown-5m-1782796200,13:10-13:15,1.80,99.00,1.00,98.20,68.80,2225.22,2360.86,35.00,1.40,98.60,0.80,0.80,2410.86,17453.76,17562.76,2275.22,2,103,106,2,59361.84,59318.83,,
2026-06-30T13:14:31+08:00,btc-updown-5m-1782796200,https://polymarket.com/zh/event/btc-updown-5m-1782796200,13:10-13:15,3.00,97.60,2.40,97.00,598.22,22.76,24.79,578.22,2.70,97.30,0.60,0.60,2713.93,17049.43,17689.43,2711.90,3,102,102,3,59361.84,59318.83,,
2026-06-30T13:14:32+08:00,btc-updown-5m-1782796200,https://polymarket.com/zh/event/btc-updown-5m-1782796200,13:10-13:15,2.30,99.00,2.00,97.70,35.00,2391.36,133.56,51.70,2.15,98.35,0.30,1.30,2851.33,17259.43,17160.43,2561.36,3,104,104,2,59361.84,59318.84,,
2026-06-30T13:14:34+08:00,btc-updown-5m-1782796200,https://polymarket.com/zh/event/btc-updown-5m-1782796200,13:10-13:15,1.90,98.10,1.00,98.00,114.30,35.00,2006.32,288.95,1.45,98.05,0.90,0.10,2176.32,17340.43,17229.43,2172.32,2,105,103,3,59361.84,59322.90,,
2026-06-30T13:14:36+08:00,btc-updown-5m-1782796200,https://polymarket.com/zh/event/btc-updown-5m-1782796200,13:10-13:15,1.80,99.00,1.00,98.20,24.00,2220.56,2220.56,24.00,1.40,98.60,0.80,0.80,2390.56,16739.64,16788.14,2390.56,2,105,105,2,59361.84,59320.13,,
2026-06-30T13:14:38+08:00,btc-updown-5m-1782796200,https://polymarket.com/zh/event/btc-updown-5m-1782796200,13:10-13:15,1.80,99.00,1.00,98.20,35.00,2211.39,2211.39,35.00,1.40,98.60,0.80,0.80,3381.39,16877.14,16808.15,3381.39,2,104,104,2,59361.84,59324.87,,
2026-06-30T13:14:40+08:00,btc-updown-5m-1782796200,https://polymarket.com/zh/event/btc-updown-5m-1782796200,13:10-13:15,2.00,99.00,1.00,98.00,17.88,1679.88,1576.07,17.88,1.50,98.50,1.00,1.00,2746.07,16724.64,16729.64,2849.88,2,103,104,2,59361.84,59324.87,,
2026-06-30T13:14:42+08:00,btc-updown-5m-1782796200,https://polymarket.com/zh/event/btc-updown-5m-1782796200,13:10-13:15,2.00,99.00,1.00,98.00,17.88,1659.68,1659.68,17.88,1.50,98.50,1.00,1.00,2829.68,16902.14,16783.14,2829.68,2,104,105,2,59361.84,59324.87,,
2026-06-30T13:14:44+08:00,btc-updown-5m-1782796200,https://polymarket.com/zh/event/btc-updown-5m-1782796200,13:10-13:15,1.90,99.00,1.00,98.10,85.00,1340.31,1224.84,85.00,1.45,98.55,0.90,0.90,2394.84,16744.65,16739.64,2510.31,2,107,107,2,59361.84,59324.87,,
2026-06-30T13:14:45+08:00,btc-updown-5m-1782796200,https://polymarket.com/zh/event/btc-updown-5m-1782796200,13:10-13:15,3.00,99.00,1.00,98.00,32.62,1057.55,1057.55,10.00,2.00,98.50,2.00,1.00,2227.55,15193.11,15198.11,2227.55,2,86,88,2,59361.84,59324.87,,
2026-06-30T13:14:47+08:00,btc-updown-5m-1782796200,https://polymarket.com/zh/event/btc-updown-5m-1782796200,13:10-13:15,3.00,98.10,1.90,97.30,802.75,177.38,177.38,20.00,2.45,97.70,1.10,0.80,1318.37,14965.61,14985.62,1318.37,2,85,84,2,59361.84,59330.91,,
2026-06-30T13:14:49+08:00,btc-updown-5m-1782796200,https://polymarket.com/zh/event/btc-updown-5m-1782796200,13:10-13:15,1.00,99.90,0.10,99.00,824.96,1072.76,1073.77,824.96,0.55,99.45,0.90,0.90,1073.77,14804.11,14888.11,1072.76,1,85,85,1,59361.84,59321.87,,
2026-06-30T13:14:51+08:00,btc-updown-5m-1782796200,https://polymarket.com/zh/event/btc-updown-5m-1782796200,13:10-13:15,0.90,99.90,0.10,99.10,8.62,1069.75,1069.75,8.62,0.50,99.50,0.80,0.80,1069.75,9320.11,9381.62,1069.75,1,91,91,1,59361.84,59321.87,,
2026-06-30T13:14:53+08:00,btc-updown-5m-1782796200,https://polymarket.com/zh/event/btc-updown-5m-1782796200,13:10-13:15,1.00,99.90,0.10,99.20,2033.59,612.25,652.25,101.00,0.55,99.55,0.90,0.70,652.25,9329.11,9329.11,612.25,1,87,83,1,59361.84,59315.82,,
2026-06-30T13:14:55+08:00,btc-updown-5m-1782796200,https://polymarket.com/zh/event/btc-updown-5m-1782796200,13:10-13:15,0.80,99.90,0.10,99.20,40.99,454.29,454.29,40.99,0.45,99.55,0.70,0.70,454.29,9334.11,9920.11,454.29,1,85,85,1,59361.84,59315.82,,
2026-06-30T13:14:57+08:00,btc-updown-5m-1782796200,https://polymarket.com/zh/event/btc-updown-5m-1782796200,13:10-13:15,0.70,99.90,0.10,99.30,12.31,64.13,64.13,12.31,0.40,99.60,0.60,0.60,64.13,9934.12,9919.11,64.13,1,87,88,1,59361.84,59318.85,,
2026-06-30T13:14:59+08:00,btc-updown-5m-1782796200,https://polymarket.com/zh/event/btc-updown-5m-1782796200,13:10-13:15,0.10,,,99.90,8979.80,,,8979.80,,,,,,9824.11,9625.11,,0,93,81,0,59361.84,59320.32,,
2026-06-30T13:15:01+08:00,btc-updown-5m-1782796500,https://polymarket.com/zh/event/btc-updown-5m-1782796500,13:15-13:20,52.00,49.00,51.00,48.00,49.86,356.07,185.74,73.57,51.50,48.50,1.00,1.00,20839.20,20738.23,20738.23,20724.20,47,45,43,45,59330.91,59330.91,,
2026-06-30T13:15:03+08:00,btc-updown-5m-1782796500,https://polymarket.com/zh/event/btc-updown-5m-1782796500,13:15-13:20,56.00,45.00,55.00,44.00,893.95,10.66,5.00,886.81,55.50,44.50,1.00,1.00,21488.88,21497.93,21502.93,21703.88,55,44,44,55,59330.91,59330.91,,
2026-06-30T13:15:04+08:00,btc-updown-5m-1782796500,https://polymarket.com/zh/event/btc-updown-5m-1782796500,13:15-13:20,56.00,45.00,55.00,44.00,305.89,458.57,458.57,286.83,55.50,44.50,1.00,1.00,22618.88,22027.93,22117.93,22103.88,55,44,44,55,59330.91,59330.91,,
2026-06-30T13:15:06+08:00,btc-updown-5m-1782796500,https://polymarket.com/zh/event/btc-updown-5m-1782796500,13:15-13:20,56.00,45.00,55.00,44.00,533.34,232.10,202.10,533.34,55.50,44.50,1.00,1.00,22233.81,22267.86,22262.86,22223.81,55,44,44,55,59330.91,59330.91,,
2026-06-30T13:15:08+08:00,btc-updown-5m-1782796500,https://polymarket.com/zh/event/btc-updown-5m-1782796500,13:15-13:20,51.00,50.00,50.00,49.00,349.64,51.33,459.17,638.25,50.50,49.50,1.00,1.00,22378.81,21372.86,21362.86,22383.82,50,49,49,50,59330.91,59324.41,,
2026-06-30T13:15:10+08:00,btc-updown-5m-1782796500,https://polymarket.com/zh/event/btc-updown-5m-1782796500,13:15-13:20,51.00,50.00,50.00,49.00,524.05,161.61,88.75,520.12,50.50,49.50,1.00,1.00,21488.81,21387.86,21392.86,21528.81,50,49,49,50,59330.91,59327.53,,
2026-06-30T13:15:12+08:00,btc-updown-5m-1782796500,https://polymarket.com/zh/event/btc-updown-5m-1782796500,13:15-13:20,45.00,56.00,44.00,55.00,380.77,703.76,463.34,330.77,44.50,55.50,1.00,1.00,20131.31,20297.86,20182.86,20126.31,44,55,55,44,59330.91,59320.00,,
2026-06-30T13:15:14+08:00,btc-updown-5m-1782796500,https://polymarket.com/zh/event/btc-updown-5m-1782796500,13:15-13:20,47.00,54.00,46.00,53.00,25.01,772.18,757.18,25.01,46.50,53.50,1.00,1.00,20078.81,20408.86,20302.86,20068.81,46,53,53,46,59330.91,59318.84,,
2026-06-30T13:15:16+08:00,btc-updown-5m-1782796500,https://polymarket.com/zh/event/btc-updown-5m-1782796500,13:15-13:20,48.00,53.00,47.00,52.00,108.98,646.10,669.72,108.98,47.50,52.50,1.00,1.00,20073.81,20345.36,20356.36,20068.81,47,52,52,47,59330.91,59318.85,,
2026-06-30T13:15:18+08:00,btc-updown-5m-1782796500,https://polymarket.com/zh/event/btc-updown-5m-1782796500,13:15-13:20,49.00,52.00,48.00,51.00,260.55,714.51,714.51,260.55,48.50,51.50,1.00,1.00,20088.81,20417.86,20328.86,20103.81,48,51,51,48,59330.91,59318.85,,
2026-06-30T13:15:19+08:00,btc-updown-5m-1782796500,https://polymarket.com/zh/event/btc-updown-5m-1782796500,13:15-13:20,48.00,53.00,47.00,52.00,199.62,224.00,393.76,956.55,47.50,52.50,1.00,1.00,22088.81,20370.36,20361.36,22103.81,47,52,52,47,59330.91,59318.85,,
2026-06-30T13:15:21+08:00,btc-updown-5m-1782796500,https://polymarket.com/zh/event/btc-updown-5m-1782796500,13:15-13:20,49.00,52.00,48.00,51.00,904.73,100.53,100.53,904.73,48.50,51.50,1.00,1.00,22886.67,20726.03,20717.03,22871.67,48,51,51,48,59330.91,59318.84,,
2026-06-30T13:15:23+08:00,btc-updown-5m-1782796500,https://polymarket.com/zh/event/btc-updown-5m-1782796500,13:15-13:20,49.00,52.00,48.00,51.00,255.55,346.71,607.12,647.13,48.50,51.50,1.00,1.00,22931.37,20960.43,20892.92,22931.37,48,51,51,48,59330.91,59318.84,,
2026-06-30T13:15:25+08:00,btc-updown-5m-1782796500,https://polymarket.com/zh/event/btc-updown-5m-1782796500,13:15-13:20,48.00,53.00,47.00,52.00,617.54,120.13,291.88,1011.56,47.50,52.50,1.00,1.00,23193.97,21255.71,21350.71,23188.97,47,52,52,47,59330.91,59321.72,,
2026-06-30T13:15:27+08:00,btc-updown-5m-1782796500,https://polymarket.com/zh/event/btc-updown-5m-1782796500,13:15-13:20,48.00,53.00,47.00,52.00,434.05,198.45,244.36,539.61,47.50,52.50,1.00,1.00,23498.66,21325.71,21331.02,23483.66,47,52,52,47,59330.91,59321.71,,
2026-06-30T13:15:29+08:00,btc-updown-5m-1782796500,https://polymarket.com/zh/event/btc-updown-5m-1782796500,13:15-13:20,45.00,56.00,44.00,55.00,515.34,274.80,266.75,475.34,44.50,55.50,1.00,1.00,23543.36,21488.71,21377.71,23543.36,44,55,55,44,59330.91,59318.84,,
2026-06-30T13:15:31+08:00,btc-updown-5m-1782796500,https://polymarket.com/zh/event/btc-updown-5m-1782796500,13:15-13:20,45.00,56.00,44.00,55.00,534.06,74.82,74.82,544.06,44.50,55.50,1.00,1.00,23078.36,20977.41,20992.41,23093.36,44,55,55,44,59330.91,59318.85,,
2026-06-30T13:15:32+08:00,btc-updown-5m-1782796500,https://polymarket.com/zh/event/btc-updown-5m-1782796500,13:15-13:20,42.00,59.00,41.00,58.00,179.00,280.43,200.53,486.95,41.50,58.50,1.00,1.00,23131.36,21088.41,21092.42,23136.36,41,58,58,41,59330.91,59315.83,,
2026-06-30T13:15:34+08:00,btc-updown-5m-1782796500,https://polymarket.com/zh/event/btc-updown-5m-1782796500,13:15-13:20,42.00,59.00,41.00,58.00,170.00,1261.38,655.10,142.61,41.50,58.50,1.00,1.00,23141.36,20992.42,20972.41,23088.36,41,58,58,41,59330.91,59315.82,,
2026-06-30T13:15:36+08:00,btc-updown-5m-1782796500,https://polymarket.com/zh/event/btc-updown-5m-1782796500,13:15-13:20,44.00,57.00,43.00,56.00,73.63,1211.97,1096.77,58.63,43.50,56.50,1.00,1.00,23101.69,21049.91,21082.41,23101.69,43,56,56,43,59330.91,59315.83,,
2026-06-30T13:15:38+08:00,btc-updown-5m-1782796500,https://polymarket.com/zh/event/btc-updown-5m-1782796500,13:15-13:20,45.00,56.00,44.00,55.00,532.44,578.93,578.93,557.44,44.50,55.50,1.00,1.00,23101.69,21202.41,21103.41,23111.69,44,55,55,44,59330.91,59317.98,,
2026-06-30T13:15:40+08:00,btc-updown-5m-1782796500,https://polymarket.com/zh/event/btc-updown-5m-1782796500,13:15-13:20,45.00,56.00,44.00,55.00,787.03,69.88,69.88,792.03,44.50,55.50,1.00,1.00,23123.07,21150.91,21034.91,23113.07,44,55,55,44,59330.91,59317.98,,
2026-06-30T13:15:42+08:00,btc-updown-5m-1782796500,https://polymarket.com/zh/event/btc-updown-5m-1782796500,13:15-13:20,45.00,56.00,44.00,55.00,469.52,46.25,77.80,1269.96,44.50,55.50,1.00,1.00,23243.07,21067.42,21073.41,23248.07,44,55,55,44,59330.91,59317.98,,
2026-06-30T13:15:44+08:00,btc-updown-5m-1782796500,https://polymarket.com/zh/event/btc-updown-5m-1782796500,13:15-13:20,43.00,58.00,42.00,57.00,438.26,135.00,204.21,438.26,42.50,57.50,1.00,1.00,23248.07,21109.91,21140.91,23258.07,42,57,57,42,59330.91,59315.34,,
2026-06-30T13:15:45+08:00,btc-updown-5m-1782796500,https://polymarket.com/zh/event/btc-updown-5m-1782796500,13:15-13:20,40.00,61.00,39.00,60.00,1075.98,60.99,60.99,1242.64,39.50,60.50,1.00,1.00,23718.07,21162.41,21157.41,23713.07,39,60,60,39,59330.91,59309.79,,
2026-06-30T13:15:47+08:00,btc-updown-5m-1782796500,https://polymarket.com/zh/event/btc-updown-5m-1782796500,13:15-13:20,38.00,63.00,37.00,62.00,599.23,184.30,191.83,657.76,37.50,62.50,1.00,1.00,23708.07,21120.91,21024.91,23723.07,37,62,62,37,59330.91,59309.79,,
2026-06-30T13:15:49+08:00,btc-updown-5m-1782796500,https://polymarket.com/zh/event/btc-updown-5m-1782796500,13:15-13:20,38.00,63.00,37.00,62.00,610.41,14.30,79.30,733.83,37.50,62.50,1.00,1.00,23823.07,21087.41,21088.41,23808.07,37,62,62,37,59330.91,59309.79,,
2026-06-30T13:15:51+08:00,btc-updown-5m-1782796500,https://polymarket.com/zh/event/btc-updown-5m-1782796500,13:15-13:20,32.00,69.00,31.00,68.00,842.45,348.98,353.98,842.45,31.50,68.50,1.00,1.00,23993.07,21107.42,21059.91,24003.07,31,68,68,31,59330.91,59305.98,,
2026-06-30T13:15:53+08:00,btc-updown-5m-1782796500,https://polymarket.com/zh/event/btc-updown-5m-1782796500,13:15-13:20,29.00,72.00,28.00,71.00,663.40,203.91,158.91,623.40,28.50,71.50,1.00,1.00,24434.07,21044.41,21164.41,24409.07,28,71,71,28,59330.91,59297.70,,
2026-06-30T13:15:55+08:00,btc-updown-5m-1782796500,https://polymarket.com/zh/event/btc-updown-5m-1782796500,13:15-13:20,29.00,72.00,28.00,71.00,700.20,263.26,227.96,599.54,28.50,71.50,1.00,1.00,24483.15,21063.41,21058.41,24478.15,28,71,71,28,59330.91,59295.18,,
2026-06-30T13:15:57+08:00,btc-updown-5m-1782796500,https://polymarket.com/zh/event/btc-updown-5m-1782796500,13:15-13:20,33.00,68.00,32.00,67.00,536.90,224.03,224.03,536.90,32.50,67.50,1.00,1.00,24413.15,21389.41,21304.42,24403.15,32,67,67,32,59330.91,59297.71,,
2026-06-30T13:15:59+08:00,btc-updown-5m-1782796500,https://polymarket.com/zh/event/btc-updown-5m-1782796500,13:15-13:20,31.00,70.00,30.00,69.00,639.68,26.00,26.00,639.68,30.50,69.50,1.00,1.00,23873.15,21223.41,21338.41,23868.15,30,69,69,30,59330.91,59299.99,,
2026-06-30T13:16:01+08:00,btc-updown-5m-1782796500,https://polymarket.com/zh/event/btc-updown-5m-1782796500,13:15-13:20,29.00,72.00,28.00,71.00,480.65,162.10,162.10,445.65,28.50,71.50,1.00,1.00,23868.15,23234.41,23133.42,23873.15,28,71,71,28,59330.91,59298.02,,
2026-06-30T13:16:02+08:00,btc-updown-5m-1782796500,https://polymarket.com/zh/event/btc-updown-5m-1782796500,13:15-13:20,28.00,73.00,27.00,72.00,460.85,231.72,266.83,572.89,27.50,72.50,1.00,1.00,23878.15,23118.41,23234.41,23873.15,27,72,72,27,59330.91,59298.02,,
2026-06-30T13:16:04+08:00,btc-updown-5m-1782796500,https://polymarket.com/zh/event/btc-updown-5m-1782796500,13:15-13:20,27.00,74.00,26.00,73.00,192.69,632.80,612.80,186.69,26.50,73.50,1.00,1.00,23777.82,23010.42,23005.41,23777.82,26,73,73,26,59330.91,59295.17,,
2026-06-30T13:16:06+08:00,btc-updown-5m-1782796500,https://polymarket.com/zh/event/btc-updown-5m-1782796500,13:15-13:20,27.00,74.00,26.00,73.00,180.01,1038.01,1038.01,185.53,26.50,73.50,1.00,1.00,23787.82,23010.41,23001.41,23777.82,26,73,73,26,59330.91,59293.83,,
2026-06-30T13:16:08+08:00,btc-updown-5m-1782796500,https://polymarket.com/zh/event/btc-updown-5m-1782796500,13:15-13:20,27.00,74.00,26.00,73.00,543.22,313.89,323.76,543.22,26.50,73.50,1.00,1.00,23633.82,23029.92,22976.41,23633.82,26,73,73,26,59330.91,59293.83,,
2026-06-30T13:16:10+08:00,btc-updown-5m-1782796500,https://polymarket.com/zh/event/btc-updown-5m-1782796500,13:15-13:20,27.00,74.00,26.00,73.00,516.24,14.00,303.68,648.23,26.50,73.50,1.00,1.00,23739.82,22961.41,23071.41,23734.82,26,73,73,26,59330.91,59293.83,,
2026-06-30T13:16:12+08:00,btc-updown-5m-1782796500,https://polymarket.com/zh/event/btc-updown-5m-1782796500,13:15-13:20,26.00,75.00,25.00,74.00,189.00,746.14,733.74,189.00,25.50,74.50,1.00,1.00,23329.82,22518.91,22518.92,23334.82,25,74,74,25,59330.91,59293.83,,
2026-06-30T13:16:14+08:00,btc-updown-5m-1782796500,https://polymarket.com/zh/event/btc-updown-5m-1782796500,13:15-13:20,26.00,75.00,25.00,74.00,120.28,635.84,635.84,120.28,25.50,74.50,1.00,1.00,23531.82,22586.42,22571.41,23536.82,25,74,74,25,59330.91,59295.18,,
2026-06-30T13:16:16+08:00,btc-updown-5m-1782796500,https://polymarket.com/zh/event/btc-updown-5m-1782796500,13:15-13:20,26.00,75.00,25.00,74.00,113.04,620.67,620.67,113.04,25.50,74.50,1.00,1.00,23435.82,22528.91,22613.91,23329.82,25,74,74,25,59330.91,59295.17,,
2026-06-30T13:16:18+08:00,btc-updown-5m-1782796500,https://polymarket.com/zh/event/btc-updown-5m-1782796500,13:15-13:20,25.00,76.00,24.00,75.00,317.06,723.61,783.61,311.54,24.50,75.50,1.00,1.00,23434.82,22571.41,22581.41,23232.82,24,75,75,24,59330.91,59295.17,,
2026-06-30T13:16:19+08:00,btc-updown-5m-1782796500,https://polymarket.com/zh/event/btc-updown-5m-1782796500,13:15-13:20,25.00,76.00,24.00,75.00,142.00,623.65,646.60,147.52,24.50,75.50,1.00,1.00,23228.82,22528.91,22543.91,23233.82,24,75,75,24,59330.91,59295.16,,
2026-06-30T13:16:21+08:00,btc-updown-5m-1782796500,https://polymarket.com/zh/event/btc-updown-5m-1782796500,13:15-13:20,26.00,75.00,25.00,74.00,64.89,437.78,422.78,64.89,25.50,74.50,1.00,1.00,23228.82,22686.41,22692.41,23228.82,25,74,74,25,59330.91,59296.50,,
2026-06-30T13:16:23+08:00,btc-updown-5m-1782796500,https://polymarket.com/zh/event/btc-updown-5m-1782796500,13:15-13:20,24.00,77.00,23.00,76.00,88.72,731.47,650.98,157.72,23.50,76.50,1.00,1.00,23233.82,22561.41,22518.91,23233.82,23,76,76,23,59330.91,59296.50,,
2026-06-30T13:16:25+08:00,btc-updown-5m-1782796500,https://polymarket.com/zh/event/btc-updown-5m-1782796500,13:15-13:20,24.00,77.00,23.00,76.00,188.29,788.79,788.79,188.29,23.50,76.50,1.00,1.00,23127.82,22566.41,22592.41,23132.82,23,76,76,23,59330.91,59293.83,,
2026-06-30T13:16:27+08:00,btc-updown-5m-1782796500,https://polymarket.com/zh/event/btc-updown-5m-1782796500,13:15-13:20,25.00,76.00,24.00,75.00,139.18,586.72,596.72,147.41,24.50,75.50,1.00,1.00,23132.82,22597.42,22506.41,23127.82,24,75,75,24,59330.91,59293.83,,
2026-06-30T13:16:29+08:00,btc-updown-5m-1782796500,https://polymarket.com/zh/event/btc-updown-5m-1782796500,13:15-13:20,24.00,77.00,23.00,76.00,397.56,592.31,548.63,332.56,23.50,76.50,1.00,1.00,21132.82,22571.41,22596.42,21127.82,23,76,76,23,59330.91,59293.83,,
2026-06-30T13:16:31+08:00,btc-updown-5m-1782796500,https://polymarket.com/zh/event/btc-updown-5m-1782796500,13:15-13:20,24.00,77.00,23.00,76.00,120.00,724.51,724.51,120.00,23.50,76.50,1.00,1.00,21127.82,22581.42,22471.41,21127.82,23,76,76,23,59330.91,59298.24,,
2026-06-30T13:16:33+08:00,btc-updown-5m-1782796500,https://polymarket.com/zh/event/btc-updown-5m-1782796500,13:15-13:20,24.00,77.00,23.00,76.00,101.36,720.61,720.61,106.36,23.50,76.50,1.00,1.00,21164.23,22456.41,22546.41,21169.23,23,76,76,23,59330.91,59298.25,,
2026-06-30T13:16:34+08:00,btc-updown-5m-1782796500,https://polymarket.com/zh/event/btc-updown-5m-1782796500,13:15-13:20,24.00,77.00,23.00,76.00,91.38,815.98,830.98,91.38,23.50,76.50,1.00,1.00,21164.23,22456.41,22456.41,21159.23,23,76,76,23,59330.91,59298.24,,
2026-06-30T13:16:36+08:00,btc-updown-5m-1782796500,https://polymarket.com/zh/event/btc-updown-5m-1782796500,13:15-13:20,24.00,77.00,23.00,76.00,65.43,768.95,772.85,65.43,23.50,76.50,1.00,1.00,21164.23,22451.41,22446.41,21164.23,23,76,76,23,59330.91,59298.24,,
2026-06-30T13:16:38+08:00,btc-updown-5m-1782796500,https://polymarket.com/zh/event/btc-updown-5m-1782796500,13:15-13:20,24.00,76.00,23.00,75.00,29.24,728.77,919.59,126.82,23.50,75.50,1.00,1.00,21165.23,22668.41,22477.42,21170.23,23,76,75,24,59330.91,59298.24,,
2026-06-30T13:16:40+08:00,btc-updown-5m-1782796500,https://polymarket.com/zh/event/btc-updown-5m-1782796500,13:15-13:20,26.00,75.00,25.00,74.00,775.59,13.09,37.00,708.59,25.50,74.50,1.00,1.00,21165.23,22625.91,22519.92,21165.23,25,74,74,25,59330.91,59298.24,,
2026-06-30T13:16:42+08:00,btc-updown-5m-1782796500,https://polymarket.com/zh/event/btc-updown-5m-1782796500,13:15-13:20,25.00,76.00,24.00,75.00,563.67,61.98,220.02,673.26,24.50,75.50,1.00,1.00,21170.23,22662.41,22582.41,21175.23,24,75,75,24,59330.91,59298.24,,
2026-06-30T13:16:44+08:00,btc-updown-5m-1782796500,https://polymarket.com/zh/event/btc-updown-5m-1782796500,13:15-13:20,25.00,76.00,24.00,75.00,665.53,24.98,24.98,679.09,24.50,75.50,1.00,1.00,21175.23,22525.91,22514.91,21175.23,24,75,75,24,59330.91,59296.24,,
2026-06-30T13:16:46+08:00,btc-updown-5m-1782796500,https://polymarket.com/zh/event/btc-updown-5m-1782796500,13:15-13:20,20.00,82.00,19.00,81.00,924.02,9.53,5.00,245.00,19.50,81.50,1.00,1.00,21308.23,22677.41,22683.41,21518.23,18,80,81,18,59330.91,59288.65,,
2026-06-30T13:16:48+08:00,btc-updown-5m-1782796500,https://polymarket.com/zh/event/btc-updown-5m-1782796500,13:15-13:20,15.00,85.00,14.00,84.00,13.05,796.67,830.89,21.33,14.50,84.50,1.00,1.00,22087.08,22524.91,22629.91,22087.08,14,85,84,15,59330.91,59285.63,,
2026-06-30T13:16:50+08:00,btc-updown-5m-1782796500,https://polymarket.com/zh/event/btc-updown-5m-1782796500,13:15-13:20,19.00,82.00,18.00,81.00,126.30,614.78,664.42,126.30,18.50,81.50,1.00,1.00,22027.08,22603.42,22577.41,22027.08,18,81,81,18,59330.91,59285.63,,
2026-06-30T13:16:51+08:00,btc-updown-5m-1782796500,https://polymarket.com/zh/event/btc-updown-5m-1782796500,13:15-13:20,20.00,81.00,19.00,80.00,160.64,495.03,495.03,155.64,19.50,80.50,1.00,1.00,22032.96,22629.91,22625.91,22032.96,19,80,80,19,59330.91,59285.63,,
2026-06-30T13:16:53+08:00,btc-updown-5m-1782796500,https://polymarket.com/zh/event/btc-updown-5m-1782796500,13:15-13:20,18.00,83.00,17.00,82.00,110.00,53.88,28.88,830.05,17.50,82.50,1.00,1.00,22032.96,22592.42,22592.41,22057.96,17,82,82,17,59330.91,59285.63,,
2026-06-30T13:16:55+08:00,btc-updown-5m-1782796500,https://polymarket.com/zh/event/btc-updown-5m-1782796500,13:15-13:20,17.00,84.00,16.00,83.00,536.13,852.18,834.12,527.44,16.50,83.50,1.00,1.00,22032.96,22592.41,22534.92,22032.96,16,83,83,16,59330.91,59285.63,,
2026-06-30T13:16:57+08:00,btc-updown-5m-1782796500,https://polymarket.com/zh/event/btc-updown-5m-1782796500,13:15-13:20,17.00,84.00,16.00,83.00,203.12,660.91,679.52,307.41,16.50,83.50,1.00,1.00,21922.96,22583.41,22472.41,21907.96,16,83,83,16,59330.91,59285.63,,
2026-06-30T13:16:59+08:00,btc-updown-5m-1782796500,https://polymarket.com/zh/event/btc-updown-5m-1782796500,13:15-13:20,16.00,85.00,15.00,84.00,1230.20,5.00,166.29,1397.96,15.50,84.50,1.00,1.00,21983.68,22467.41,22478.41,22064.39,15,84,84,15,59330.91,59285.62,,
2026-06-30T13:17:01+08:00,btc-updown-5m-1782796500,https://polymarket.com/zh/event/btc-updown-5m-1782796500,13:15-13:20,15.00,86.00,14.00,85.00,318.33,5.00,5.00,473.60,14.50,85.50,1.00,1.00,22048.34,22434.41,22345.41,22048.34,14,85,85,14,59330.91,59285.63,,
2026-06-30T13:17:03+08:00,btc-updown-5m-1782796500,https://polymarket.com/zh/event/btc-updown-5m-1782796500,13:15-13:20,14.00,87.00,13.00,86.00,670.12,90.34,98.69,700.12,13.50,86.50,1.00,1.00,22590.03,22329.42,22334.41,22590.03,13,86,86,13,59330.91,59285.62,,
2026-06-30T13:17:05+08:00,btc-updown-5m-1782796500,https://polymarket.com/zh/event/btc-updown-5m-1782796500,13:15-13:20,14.00,87.00,13.00,86.00,66.00,1000.62,984.73,66.00,13.50,86.50,1.00,1.00,22297.85,22380.41,22301.41,22297.85,13,86,86,13,59330.91,59285.62,,
2026-06-30T13:17:06+08:00,btc-updown-5m-1782796500,https://polymarket.com/zh/event/btc-updown-5m-1782796500,13:15-13:20,14.00,87.00,13.00,86.00,435.76,372.64,341.64,420.07,13.50,86.50,1.00,1.00,22667.54,22386.41,22380.42,22545.84,13,86,86,13,59330.91,59285.62,,
2026-06-30T13:17:08+08:00,btc-updown-5m-1782796500,https://polymarket.com/zh/event/btc-updown-5m-1782796500,13:15-13:20,14.00,87.00,13.00,86.00,1082.18,61.91,67.03,1082.18,13.50,86.50,1.00,1.00,22648.24,22332.91,22376.41,22759.24,13,86,86,13,59330.91,59285.62,,
2026-06-30T13:17:10+08:00,btc-updown-5m-1782796500,https://polymarket.com/zh/event/btc-updown-5m-1782796500,13:15-13:20,14.00,87.00,13.00,86.00,359.87,740.65,430.92,189.25,13.50,86.50,1.00,1.00,22578.24,22385.42,22380.41,22456.55,13,86,86,13,59330.91,59285.62,,
2026-06-30T13:17:12+08:00,btc-updown-5m-1782796500,https://polymarket.com/zh/event/btc-updown-5m-1782796500,13:15-13:20,14.00,87.00,13.00,86.00,176.00,459.94,563.97,176.00,13.50,86.50,1.00,1.00,22431.55,22422.91,22343.92,22431.55,13,86,86,13,59330.91,59285.62,,
2026-06-30T13:17:14+08:00,btc-updown-5m-1782796500,https://polymarket.com/zh/event/btc-updown-5m-1782796500,13:15-13:20,13.00,88.00,12.00,87.00,148.30,555.00,555.00,148.30,12.50,87.50,1.00,1.00,22524.39,22501.41,22511.41,22524.39,12,87,87,12,59330.91,59285.63,,
2026-06-30T13:17:16+08:00,btc-updown-5m-1782796500,https://polymarket.com/zh/event/btc-updown-5m-1782796500,13:15-13:20,13.00,88.00,12.00,87.00,99.30,618.46,636.30,129.30,12.50,87.50,1.00,1.00,22469.39,22277.91,22283.91,22469.39,12,87,87,12,59330.91,59285.63,,
2026-06-30T13:17:18+08:00,btc-updown-5m-1782796500,https://polymarket.com/zh/event/btc-updown-5m-1782796500,13:15-13:20,12.00,89.00,11.00,88.00,397.28,97.26,125.87,424.44,11.50,88.50,1.00,1.00,22043.78,22455.41,22441.41,22063.78,11,88,88,11,59330.91,59285.62,,
2026-06-30T13:17:19+08:00,btc-updown-5m-1782796500,https://polymarket.com/zh/event/btc-updown-5m-1782796500,13:15-13:20,12.00,89.00,11.00,88.00,441.74,119.62,129.62,441.74,11.50,88.50,1.00,1.00,22043.78,22431.24,22536.24,22068.78,11,88,88,11,59330.91,59285.62,,
2026-06-30T13:17:21+08:00,btc-updown-5m-1782796500,https://polymarket.com/zh/event/btc-updown-5m-1782796500,13:15-13:20,11.00,90.00,10.00,89.00,652.58,53.00,53.00,607.58,10.50,89.50,1.00,1.00,22124.45,22468.74,22588.74,22094.45,10,89,89,10,59330.91,59285.62,,
2026-06-30T13:17:23+08:00,btc-updown-5m-1782796500,https://polymarket.com/zh/event/btc-updown-5m-1782796500,13:15-13:20,11.00,90.00,10.00,89.00,633.91,5.55,5.55,643.62,10.50,89.50,1.00,1.00,22163.45,22379.75,22473.74,22124.45,10,89,89,10,59330.91,59285.62,,
2026-06-30T13:17:25+08:00,btc-updown-5m-1782796500,https://polymarket.com/zh/event/btc-updown-5m-1782796500,13:15-13:20,10.00,91.00,9.00,90.00,430.58,871.82,700.40,164.86,9.50,90.50,1.00,1.00,22044.45,22278.74,22398.74,21892.78,9,90,90,9,59330.91,59285.62,,
2026-06-30T13:17:27+08:00,btc-updown-5m-1782796500,https://polymarket.com/zh/event/btc-updown-5m-1782796500,13:15-13:20,11.00,90.00,10.00,89.00,16.90,649.02,599.46,45.00,10.50,89.50,1.00,1.00,21948.36,22364.74,22279.75,21943.36,10,89,89,10,59330.91,59285.62,,
2026-06-30T13:17:29+08:00,btc-updown-5m-1782796500,https://polymarket.com/zh/event/btc-updown-5m-1782796500,13:15-13:20,13.00,88.00,12.00,87.00,225.23,346.64,395.50,225.23,12.50,87.50,1.00,1.00,21789.65,22258.74,22379.74,21794.65,12,87,87,12,59330.91,59285.62,,
2026-06-30T13:17:31+08:00,btc-updown-5m-1782796500,https://polymarket.com/zh/event/btc-updown-5m-1782796500,13:15-13:20,13.00,88.00,12.00,87.00,121.32,412.37,488.86,181.93,12.50,87.50,1.00,1.00,21599.15,22285.24,22291.24,21599.15,12,87,87,12,59330.91,59285.63,,
2026-06-30T13:17:32+08:00,btc-updown-5m-1782796500,https://polymarket.com/zh/event/btc-updown-5m-1782796500,13:15-13:20,11.00,90.00,10.00,89.00,788.01,26.00,33.00,733.01,10.50,89.50,1.00,1.00,21593.28,22038.24,22043.24,21603.28,10,89,89,10,59330.91,59284.59,,
2026-06-30T13:17:34+08:00,btc-updown-5m-1782796500,https://polymarket.com/zh/event/btc-updown-5m-1782796500,13:15-13:20,9.00,92.00,8.00,91.00,481.90,402.04,490.63,467.25,8.50,91.50,1.00,1.00,21619.46,22152.24,21958.25,21588.46,8,91,91,8,59330.91,59283.72,,
2026-06-30T13:17:36+08:00,btc-updown-5m-1782796500,https://polymarket.com/zh/event/btc-updown-5m-1782796500,13:15-13:20,9.00,92.00,8.00,91.00,310.34,621.10,621.10,253.10,8.50,91.50,1.00,1.00,21625.46,22015.43,22020.43,21620.46,8,91,91,8,59330.91,59283.72,,
2026-06-30T13:17:38+08:00,btc-updown-5m-1782796500,https://polymarket.com/zh/event/btc-updown-5m-1782796500,13:15-13:20,9.00,92.00,8.00,91.00,371.24,535.76,535.76,418.33,8.50,91.50,1.00,1.00,21654.46,22067.93,22072.93,21649.46,8,91,91,8,59330.91,59283.72,,
2026-06-30T13:17:40+08:00,btc-updown-5m-1782796500,https://polymarket.com/zh/event/btc-updown-5m-1782796500,13:15-13:20,9.00,92.00,8.00,91.00,554.59,187.02,187.02,554.59,8.50,91.50,1.00,1.00,21715.67,22120.44,22115.43,21720.67,8,91,91,8,59330.91,59283.72,,
2026-06-30T13:17:42+08:00,btc-updown-5m-1782796500,https://polymarket.com/zh/event/btc-updown-5m-1782796500,13:15-13:20,8.00,93.00,7.00,92.00,601.65,481.03,348.91,354.92,7.50,92.50,1.00,1.00,21130.06,22167.93,22088.94,21140.06,7,92,92,7,59330.91,59282.60,,
2026-06-30T13:17:44+08:00,btc-updown-5m-1782796500,https://polymarket.com/zh/event/btc-updown-5m-1782796500,13:15-13:20,8.00,93.00,7.00,92.00,521.36,380.90,355.90,521.36,7.50,92.50,1.00,1.00,21129.30,22021.43,21945.43,20995.09,7,92,92,7,59330.91,59282.60,,
2026-06-30T13:17:46+08:00,btc-updown-5m-1782796500,https://polymarket.com/zh/event/btc-updown-5m-1782796500,13:15-13:20,9.00,92.00,8.00,91.00,184.87,414.27,416.27,184.87,8.50,91.50,1.00,1.00,20809.36,22112.93,22103.93,20809.36,8,91,91,8,59330.91,59282.60,,
2026-06-30T13:17:47+08:00,btc-updown-5m-1782796500,https://polymarket.com/zh/event/btc-updown-5m-1782796500,13:15-13:20,9.00,92.00,8.00,91.00,251.30,102.25,385.99,503.18,8.50,91.50,1.00,1.00,20851.44,21976.43,21960.43,20161.44,8,91,91,8,59330.91,59282.60,,
2026-06-30T13:17:49+08:00,btc-updown-5m-1782796500,https://polymarket.com/zh/event/btc-updown-5m-1782796500,13:15-13:20,8.00,93.00,7.00,92.00,523.66,77.60,77.60,488.37,7.50,92.50,1.00,1.00,18448.95,21892.93,22102.93,18503.95,7,92,92,7,59330.91,59276.56,,
2026-06-30T13:17:51+08:00,btc-updown-5m-1782796500,https://polymarket.com/zh/event/btc-updown-5m-1782796500,13:15-13:20,8.00,93.00,7.00,92.00,593.73,47.39,46.85,588.73,7.50,92.50,1.00,1.00,18535.76,22028.94,21987.93,18535.76,7,92,92,7,59330.91,59276.56,,
2026-06-30T13:17:53+08:00,btc-updown-5m-1782796500,https://polymarket.com/zh/event/btc-updown-5m-1782796500,13:15-13:20,10.00,91.00,9.00,90.00,40.11,798.64,798.64,40.11,9.50,90.50,1.00,1.00,18937.53,21912.93,22007.93,18971.28,9,90,90,9,59330.91,59282.60,,
2026-06-30T13:17:55+08:00,btc-updown-5m-1782796500,https://polymarket.com/zh/event/btc-updown-5m-1782796500,13:15-13:20,10.00,91.00,9.00,90.00,96.34,525.57,524.01,86.34,9.50,90.50,1.00,1.00,18799.28,21778.93,21777.93,18801.28,9,90,90,9,59330.91,59282.60,,
2026-06-30T13:17:57+08:00,btc-updown-5m-1782796500,https://polymarket.com/zh/event/btc-updown-5m-1782796500,13:15-13:20,10.00,91.00,9.00,90.00,448.11,54.00,54.00,508.13,9.50,90.50,1.00,1.00,18785.89,21767.93,21882.93,18622.58,9,90,90,9,59330.91,59282.60,,
2026-06-30T13:17:59+08:00,btc-updown-5m-1782796500,https://polymarket.com/zh/event/btc-updown-5m-1782796500,13:15-13:20,9.00,92.00,8.00,91.00,132.14,281.78,423.73,268.67,8.50,91.50,1.00,1.00,18688.58,21852.93,21852.93,18698.58,8,91,91,8,59330.91,59282.60,,
2026-06-30T13:18:01+08:00,btc-updown-5m-1782796500,https://polymarket.com/zh/event/btc-updown-5m-1782796500,13:15-13:20,9.00,92.00,8.00,91.00,118.69,416.19,582.12,233.11,8.50,91.50,1.00,1.00,18498.58,21432.93,21437.93,18503.58,8,91,91,8,59330.91,59282.60,,
2026-06-30T13:18:02+08:00,btc-updown-5m-1782796500,https://polymarket.com/zh/event/btc-updown-5m-1782796500,13:15-13:20,9.00,92.00,8.00,91.00,281.26,302.37,302.37,286.26,8.50,91.50,1.00,1.00,18383.58,21607.93,21618.93,18383.58,8,91,91,8,59330.91,59282.61,,
2026-06-30T13:18:04+08:00,btc-updown-5m-1782796500,https://polymarket.com/zh/event/btc-updown-5m-1782796500,13:15-13:20,9.00,92.00,8.00,91.00,133.37,359.10,349.10,133.37,8.50,91.50,1.00,1.00,18200.61,21259.93,21270.93,18195.61,8,91,91,8,59330.91,59285.61,,
2026-06-30T13:18:06+08:00,btc-updown-5m-1782796500,https://polymarket.com/zh/event/btc-updown-5m-1782796500,13:15-13:20,9.00,92.00,8.00,91.00,143.12,350.69,356.08,109.08,8.50,91.50,1.00,1.00,18174.61,21275.93,21164.94,18169.61,8,91,91,8,59330.91,59285.62,,
2026-06-30T13:18:08+08:00,btc-updown-5m-1782796500,https://polymarket.com/zh/event/btc-updown-5m-1782796500,13:15-13:20,9.00,92.00,8.00,91.00,210.59,332.88,397.40,210.59,8.50,91.50,1.00,1.00,18329.99,21317.44,21174.93,18329.99,8,91,91,8,59330.91,59285.61,,
2026-06-30T13:18:10+08:00,btc-updown-5m-1782796500,https://polymarket.com/zh/event/btc-updown-5m-1782796500,13:15-13:20,9.00,92.00,8.00,91.00,286.95,372.28,372.28,286.95,8.50,91.50,1.00,1.00,18269.99,21279.93,21359.93,18274.99,8,91,91,8,59330.91,59285.62,,
2026-06-30T13:18:12+08:00,btc-updown-5m-1782796500,https://polymarket.com/zh/event/btc-updown-5m-1782796500,13:15-13:20,8.00,93.00,7.00,92.00,931.24,199.96,229.96,771.24,7.50,92.50,1.00,1.00,18218.23,21333.43,21323.44,18248.23,7,92,92,7,59330.91,59285.61,,
2026-06-30T13:18:14+08:00,btc-updown-5m-1782796500,https://polymarket.com/zh/event/btc-updown-5m-1782796500,13:15-13:20,8.00,93.00,7.00,92.00,277.79,193.01,258.36,369.96,7.50,92.50,1.00,1.00,18333.72,21274.93,21279.93,18348.33,7,92,92,7,59330.91,59285.62,,
2026-06-30T13:18:16+08:00,btc-updown-5m-1782796500,https://polymarket.com/zh/event/btc-updown-5m-1782796500,13:15-13:20,8.00,94.00,7.00,93.00,652.43,479.68,30.00,127.47,7.50,93.50,1.00,1.00,17596.27,20778.44,20767.43,17683.36,7,92,93,6,59330.91,59285.61,,
2026-06-30T13:18:18+08:00,btc-updown-5m-1782796500,https://polymarket.com/zh/event/btc-updown-5m-1782796500,13:15-13:20,7.00,94.00,6.00,93.00,423.53,405.73,405.73,423.53,6.50,93.50,1.00,1.00,17490.62,20820.93,20899.93,17465.62,6,93,93,6,59330.91,59285.61,,
2026-06-30T13:18:19+08:00,btc-updown-5m-1782796500,https://polymarket.com/zh/event/btc-updown-5m-1782796500,13:15-13:20,7.00,94.00,6.00,93.00,493.01,96.67,96.67,523.01,6.50,93.50,1.00,1.00,17553.63,20853.43,20728.43,17442.07,6,93,93,6,59330.91,59285.61,,
2026-06-30T13:18:21+08:00,btc-updown-5m-1782796500,https://polymarket.com/zh/event/btc-updown-5m-1782796500,13:15-13:20,7.00,94.00,6.00,93.00,343.15,380.37,362.37,417.65,6.50,93.50,1.00,1.00,17055.93,19883.23,19953.23,17035.31,6,93,93,6,59330.91,59285.61,,
2026-06-30T13:18:23+08:00,btc-updown-5m-1782796500,https://polymarket.com/zh/event/btc-updown-5m-1782796500,13:15-13:20,7.00,94.00,6.00,93.00,494.79,136.62,403.88,501.32,6.50,93.50,1.00,1.00,16928.58,19816.73,19795.73,16953.07,6,93,93,6,59330.91,59285.61,,
2026-06-30T13:18:25+08:00,btc-updown-5m-1782796500,https://polymarket.com/zh/event/btc-updown-5m-1782796500,13:15-13:20,6.00,95.00,5.00,94.00,735.60,334.11,358.11,735.60,5.50,94.50,1.00,1.00,15845.86,19518.23,19718.23,15868.84,5,94,94,5,59330.91,59285.61,,
2026-06-30T13:18:27+08:00,btc-updown-5m-1782796500,https://polymarket.com/zh/event/btc-updown-5m-1782796500,13:15-13:20,6.00,95.00,5.00,94.00,779.27,275.13,204.57,688.33,5.50,94.50,1.00,1.00,15678.31,19518.24,19503.23,15773.87,5,94,94,5,59330.91,59285.61,,
2026-06-30T13:18:29+08:00,btc-updown-5m-1782796500,https://polymarket.com/zh/event/btc-updown-5m-1782796500,13:15-13:20,6.00,95.00,5.00,94.00,355.93,1040.80,971.96,379.05,5.50,94.50,1.00,1.00,16557.28,19633.23,19529.23,16676.12,5,94,94,5,59330.91,59285.62,,
2026-06-30T13:18:31+08:00,btc-updown-5m-1782796500,https://polymarket.com/zh/event/btc-updown-5m-1782796500,13:15-13:20,7.00,94.00,6.00,93.00,287.41,689.30,599.47,85.48,6.50,93.50,1.00,1.00,15864.98,18943.23,18952.23,15869.98,6,93,93,6,59330.91,59291.99,,
2026-06-30T13:18:33+08:00,btc-updown-5m-1782796500,https://polymarket.com/zh/event/btc-updown-5m-1782796500,13:15-13:20,7.00,91.00,6.00,90.00,37.00,120.71,825.45,127.00,6.50,90.50,1.00,1.00,15769.92,18993.24,18857.23,15907.70,6,93,90,9,59330.91,59291.98,,
2026-06-30T13:18:35+08:00,btc-updown-5m-1782796500,https://polymarket.com/zh/event/btc-updown-5m-1782796500,13:15-13:20,19.00,82.00,18.00,81.00,192.18,424.97,50.00,561.90,18.50,81.50,1.00,1.00,15827.59,18833.24,18902.23,16398.59,18,81,81,18,59330.91,59300.00,,
2026-06-30T13:18:37+08:00,btc-updown-5m-1782796500,https://polymarket.com/zh/event/btc-updown-5m-1782796500,13:15-13:20,24.00,77.00,23.00,76.00,83.93,176.25,25.00,28.00,23.50,76.50,1.00,1.00,15375.99,18880.23,18785.24,15570.99,23,76,76,23,59330.91,59306.74,,
2026-06-30T13:18:38+08:00,btc-updown-5m-1782796500,https://polymarket.com/zh/event/btc-updown-5m-1782796500,13:15-13:20,22.00,79.00,21.00,78.00,307.79,258.35,243.99,354.71,21.50,78.50,1.00,1.00,16477.66,18793.63,18893.63,16478.66,21,78,78,21,59330.91,59310.11,,
2026-06-30T13:18:40+08:00,btc-updown-5m-1782796500,https://polymarket.com/zh/event/btc-updown-5m-1782796500,13:15-13:20,21.00,80.00,20.00,79.00,318.55,205.78,216.89,306.89,20.50,79.50,1.00,1.00,16854.66,18784.63,18798.64,16889.66,20,79,79,20,59330.91,59310.11,,
2026-06-30T13:18:42+08:00,btc-updown-5m-1782796500,https://polymarket.com/zh/event/btc-updown-5m-1782796500,13:15-13:20,21.00,80.00,20.00,79.00,442.13,478.81,478.49,424.33,20.50,79.50,1.00,1.00,16889.66,18903.63,18793.63,16894.66,20,79,79,20,59330.91,59310.11,,
2026-06-30T13:18:44+08:00,btc-updown-5m-1782796500,https://polymarket.com/zh/event/btc-updown-5m-1782796500,13:15-13:20,21.00,80.00,20.00,79.00,565.71,48.00,48.00,565.71,20.50,79.50,1.00,1.00,16764.66,18716.14,18826.13,16764.66,20,79,79,20,59330.91,59310.11,,
2026-06-30T13:18:46+08:00,btc-updown-5m-1782796500,https://polymarket.com/zh/event/btc-updown-5m-1782796500,13:15-13:20,23.00,78.00,22.00,77.00,549.47,563.71,592.34,541.47,22.50,77.50,1.00,1.00,18069.66,18763.63,18868.63,18064.66,22,77,77,22,59330.91,59310.12,,
2026-06-30T13:18:48+08:00,btc-updown-5m-1782796500,https://polymarket.com/zh/event/btc-updown-5m-1782796500,13:15-13:20,23.00,78.00,22.00,77.00,802.21,327.53,327.53,802.21,22.50,77.50,1.00,1.00,17941.26,18762.73,18623.73,17946.26,22,77,77,22,59330.91,59310.11,,
2026-06-30T13:18:50+08:00,btc-updown-5m-1782796500,https://polymarket.com/zh/event/btc-updown-5m-1782796500,13:15-13:20,12.00,89.00,11.00,88.00,292.65,979.91,880.79,160.66,11.50,88.50,1.00,1.00,17013.74,18660.23,18660.23,16839.62,11,88,88,11,59330.91,59310.11,,
2026-06-30T13:18:52+08:00,btc-updown-5m-1782796500,https://polymarket.com/zh/event/btc-updown-5m-1782796500,13:15-13:20,12.00,89.00,11.00,88.00,733.22,609.01,97.91,110.00,11.50,88.50,1.00,1.00,15674.75,18737.73,18617.73,15531.96,11,88,88,11,59330.91,59306.74,,
2026-06-30T13:18:53+08:00,btc-updown-5m-1782796500,https://polymarket.com/zh/event/btc-updown-5m-1782796500,13:15-13:20,12.00,89.00,11.00,88.00,228.67,552.24,572.24,228.67,11.50,88.50,1.00,1.00,15431.96,18686.24,18780.23,15431.96,11,88,88,11,59330.91,59306.39,,
2026-06-30T13:18:55+08:00,btc-updown-5m-1782796500,https://polymarket.com/zh/event/btc-updown-5m-1782796500,13:15-13:20,12.00,89.00,11.00,88.00,509.55,346.67,356.67,539.55,11.50,88.50,1.00,1.00,15036.08,18140.23,18212.73,15051.08,11,88,88,11,59330.91,59306.39,,
2026-06-30T13:18:57+08:00,btc-updown-5m-1782796500,https://polymarket.com/zh/event/btc-updown-5m-1782796500,13:15-13:20,11.00,90.00,10.00,89.00,440.08,168.25,168.25,417.87,10.50,89.50,1.00,1.00,14932.20,17966.23,17851.23,14932.20,10,89,89,10,59330.91,59306.39,,
2026-06-30T13:18:59+08:00,btc-updown-5m-1782796500,https://polymarket.com/zh/event/btc-updown-5m-1782796500,13:15-13:20,9.00,92.00,8.00,91.00,271.64,162.68,494.18,371.72,8.50,91.50,1.00,1.00,14981.20,18080.23,18091.23,15001.20,8,91,91,8,59330.91,59300.72,,
2026-06-30T13:19:01+08:00,btc-updown-5m-1782796500,https://polymarket.com/zh/event/btc-updown-5m-1782796500,13:15-13:20,9.00,92.00,8.00,91.00,57.93,295.53,259.47,11.93,8.50,91.50,1.00,1.00,14014.94,18720.23,18735.23,14019.94,8,91,91,8,59330.91,59300.72,,
2026-06-30T13:19:03+08:00,btc-updown-5m-1782796500,https://polymarket.com/zh/event/btc-updown-5m-1782796500,13:15-13:20,10.00,91.00,9.00,90.00,219.40,26.34,26.34,219.40,9.50,90.50,1.00,1.00,13949.24,18180.31,18180.30,13954.24,9,90,90,9,59330.91,59300.72,,
2026-06-30T13:19:05+08:00,btc-updown-5m-1782796500,https://polymarket.com/zh/event/btc-updown-5m-1782796500,13:15-13:20,9.00,92.00,8.00,91.00,189.89,52.50,52.50,189.90,8.50,91.50,1.00,1.00,13714.23,17990.30,17990.30,13733.23,8,91,91,8,59330.91,59301.75,,
2026-06-30T13:19:07+08:00,btc-updown-5m-1782796500,https://polymarket.com/zh/event/btc-updown-5m-1782796500,13:15-13:20,9.00,92.00,8.00,91.00,65.62,125.72,141.96,65.62,8.50,91.50,1.00,1.00,13778.09,18085.30,18111.30,13658.09,8,91,91,8,59330.91,59301.75,,
2026-06-30T13:19:09+08:00,btc-updown-5m-1782796500,https://polymarket.com/zh/event/btc-updown-5m-1782796500,13:15-13:20,5.00,96.00,4.00,95.00,398.75,254.60,377.92,436.22,4.50,95.50,1.00,1.00,12268.78,18036.31,18005.30,12120.46,4,95,95,4,59330.91,59297.70,,
2026-06-30T13:19:10+08:00,btc-updown-5m-1782796500,https://polymarket.com/zh/event/btc-updown-5m-1782796500,13:15-13:20,4.00,97.00,3.00,96.00,290.33,808.03,784.07,265.33,3.50,96.50,1.00,1.00,12385.47,17775.30,17785.30,12211.53,3,96,96,3,59330.91,59297.70,,
2026-06-30T13:19:12+08:00,btc-updown-5m-1782796500,https://polymarket.com/zh/event/btc-updown-5m-1782796500,13:15-13:20,4.00,97.00,3.00,96.00,316.65,825.21,779.31,299.70,3.50,96.50,1.00,1.00,15395.71,20827.80,20832.80,15223.71,3,96,96,3,59330.91,59297.70,,
2026-06-30T13:19:14+08:00,btc-updown-5m-1782796500,https://polymarket.com/zh/event/btc-updown-5m-1782796500,13:15-13:20,4.00,97.00,3.00,96.00,1298.93,32.65,34.65,1292.91,3.50,96.50,1.00,1.00,16250.14,20157.31,20152.30,16248.14,3,96,96,3,59330.91,59292.79,,
2026-06-30T13:19:16+08:00,btc-updown-5m-1782796500,https://polymarket.com/zh/event/btc-updown-5m-1782796500,13:15-13:20,3.00,98.00,2.00,97.00,455.00,1601.81,1601.81,452.41,2.50,97.50,1.00,1.00,15921.80,20199.80,20095.80,15921.80,2,97,97,2,59330.91,59292.02,,
2026-06-30T13:19:18+08:00,btc-updown-5m-1782796500,https://polymarket.com/zh/event/btc-updown-5m-1782796500,13:15-13:20,3.00,98.00,2.00,97.00,529.07,1526.68,1559.87,529.07,2.50,97.50,1.00,1.00,16057.71,20050.30,20049.30,16034.52,2,97,97,2,59330.91,59292.02,,
2026-06-30T13:19:20+08:00,btc-updown-5m-1782796500,https://polymarket.com/zh/event/btc-updown-5m-1782796500,13:15-13:20,3.00,98.00,2.00,97.00,136.66,1385.40,1395.40,136.66,2.50,97.50,1.00,1.00,15903.56,19950.80,20045.80,15893.56,2,97,97,2,59330.91,59292.03,,
2026-06-30T13:19:22+08:00,btc-updown-5m-1782796500,https://polymarket.com/zh/event/btc-updown-5m-1782796500,13:15-13:20,4.00,97.00,3.00,96.00,655.11,228.16,213.37,595.11,3.50,96.50,1.00,1.00,15894.18,20052.30,20048.30,15408.97,3,96,96,3,59330.91,59292.02,,
2026-06-30T13:19:24+08:00,btc-updown-5m-1782796500,https://polymarket.com/zh/event/btc-updown-5m-1782796500,13:15-13:20,3.00,98.00,2.00,97.00,223.99,346.17,406.17,223.99,2.50,97.50,1.00,1.00,9505.85,20020.80,19889.80,9445.85,2,97,97,2,59330.91,59292.03,,
2026-06-30T13:19:25+08:00,btc-updown-5m-1782796500,https://polymarket.com/zh/event/btc-updown-5m-1782796500,13:15-13:20,2.00,99.00,1.00,98.00,957.78,9217.35,9227.46,976.57,1.50,98.50,1.00,1.00,9227.46,22440.06,22445.06,9217.35,1,98,98,1,59330.91,59292.03,,
2026-06-30T13:19:27+08:00,btc-updown-5m-1782796500,https://polymarket.com/zh/event/btc-updown-5m-1782796500,13:15-13:20,2.00,99.00,1.00,98.00,805.42,8947.72,8947.72,804.34,1.50,98.50,1.00,1.00,8947.72,22425.06,22436.06,8947.72,1,98,98,1,59330.91,59292.02,,
2026-06-30T13:19:29+08:00,btc-updown-5m-1782796500,https://polymarket.com/zh/event/btc-updown-5m-1782796500,13:15-13:20,2.00,99.00,1.00,98.00,670.99,9149.02,9175.04,675.99,1.50,98.50,1.00,1.00,9175.04,22425.06,22335.06,9149.02,1,98,98,1,59330.91,59292.02,,
2026-06-30T13:19:31+08:00,btc-updown-5m-1782796500,https://polymarket.com/zh/event/btc-updown-5m-1782796500,13:15-13:20,2.00,99.00,1.00,98.00,665.42,8838.50,8783.50,615.42,1.50,98.50,1.00,1.00,8783.50,21851.73,21831.73,8838.50,1,98,98,1,59330.91,59292.02,,
2026-06-30T13:19:33+08:00,btc-updown-5m-1782796500,https://polymarket.com/zh/event/btc-updown-5m-1782796500,13:15-13:20,2.00,99.00,1.00,98.00,776.37,8954.93,8847.15,786.37,1.50,98.50,1.00,1.00,8847.15,21871.73,21871.73,8954.93,1,98,98,1,59330.91,59292.02,,
2026-06-30T13:19:35+08:00,btc-updown-5m-1782796500,https://polymarket.com/zh/event/btc-updown-5m-1782796500,13:15-13:20,2.00,99.00,1.00,98.00,625.37,8451.04,8436.04,625.37,1.50,98.50,1.00,1.00,8436.04,21876.73,21354.74,8451.04,1,98,98,1,59330.91,59292.02,,
2026-06-30T13:19:37+08:00,btc-updown-5m-1782796500,https://polymarket.com/zh/event/btc-updown-5m-1782796500,13:15-13:20,2.00,99.00,1.00,98.00,746.37,8470.21,8470.21,746.37,1.50,98.50,1.00,1.00,8470.21,21365.74,21254.74,8470.21,1,98,98,1,59330.91,59292.03,,
2026-06-30T13:19:38+08:00,btc-updown-5m-1782796500,https://polymarket.com/zh/event/btc-updown-5m-1782796500,13:15-13:20,2.00,99.00,1.00,98.00,746.37,5376.99,5326.99,746.37,1.50,98.50,1.00,1.00,5326.99,18454.74,18265.74,5376.99,1,98,98,1,59330.91,59292.02,,
2026-06-30T13:19:40+08:00,btc-updown-5m-1782796500,https://polymarket.com/zh/event/btc-updown-5m-1782796500,13:15-13:20,1.00,,,99.00,3593.64,,,3598.69,,,,,,15396.27,15412.27,,0,99,99,0,59330.91,59292.02,,
