ts_iso,slug,market_url,window_text,buy_up_cents,buy_down_cents,sell_up_cents,sell_down_cents,buy_up_size,buy_down_size,sell_up_size,sell_down_size,mid_up_cents,mid_down_cents,spread_up_cents,spread_down_cents,bid_depth_up_5,ask_depth_up_5,bid_depth_down_5,ask_depth_down_5,level_count_bid_up,level_count_ask_up,level_count_bid_down,level_count_ask_down,target_price,final_price,trade_count_1s,trade_volume_1s
2026-06-10T16:20:45+08:00,btc-updown-5m-1781079600,https://polymarket.com/zh/event/btc-updown-5m-1781079600,16:20-16:25,74.00,27.00,73.00,26.00,1274.87,211.81,220.00,1223.10,73.50,26.50,1.00,1.00,52375.32,53808.04,53813.04,52265.32,73,26,26,73,,61619.59,,
2026-06-10T16:20:47+08:00,btc-updown-5m-1781079600,https://polymarket.com/zh/event/btc-updown-5m-1781079600,16:20-16:25,74.00,27.00,73.00,26.00,191.32,129.49,173.02,1019.40,73.50,26.50,1.00,1.00,51885.33,53855.38,53790.38,51390.32,73,26,26,73,,61614.00,,
2026-06-10T16:20:49+08:00,btc-updown-5m-1781079600,https://polymarket.com/zh/event/btc-updown-5m-1781079600,16:20-16:25,70.00,31.00,69.00,30.00,1938.70,3.00,25.00,1541.52,69.50,30.50,1.00,1.00,51473.77,53605.38,53605.38,52488.77,68,30,30,67,,61607.20,,
2026-06-10T16:20:50+08:00,btc-updown-5m-1781079600,https://polymarket.com/zh/event/btc-updown-5m-1781079600,16:20-16:25,67.00,34.00,66.00,33.00,1277.20,56.00,175.46,1232.93,66.50,33.50,1.00,1.00,52468.77,53598.04,53600.38,52478.77,66,33,33,66,,61598.95,,
2026-06-10T16:20:52+08:00,btc-updown-5m-1781079600,https://polymarket.com/zh/event/btc-updown-5m-1781079600,16:20-16:25,67.00,35.00,66.00,34.00,1180.07,193.50,20.50,789.52,66.50,34.50,1.00,1.00,9458.77,11598.04,11583.04,9483.78,66,33,34,65,,61598.95,,
2026-06-10T16:20:54+08:00,btc-updown-5m-1781079600,https://polymarket.com/zh/event/btc-updown-5m-1781079600,16:20-16:25,61.00,40.00,60.00,39.00,136.80,355.10,307.80,819.54,60.50,39.50,1.00,1.00,9463.78,11568.04,11583.04,9488.78,60,39,39,60,,61594.82,,
2026-06-10T16:20:56+08:00,btc-updown-5m-1781079600,https://polymarket.com/zh/event/btc-updown-5m-1781079600,16:20-16:25,61.00,40.00,60.00,39.00,199.85,1043.00,983.00,161.85,60.50,39.50,1.00,1.00,9993.78,11578.04,11583.04,9978.77,60,39,39,60,,61590.69,,
2026-06-10T16:20:58+08:00,btc-updown-5m-1781079600,https://polymarket.com/zh/event/btc-updown-5m-1781079600,16:20-16:25,61.00,40.00,60.00,39.00,778.96,489.37,318.37,905.03,60.50,39.50,1.00,1.00,9668.78,11593.71,11598.71,10168.77,60,39,39,60,,61586.56,,
2026-06-10T16:21:00+08:00,btc-updown-5m-1781079600,https://polymarket.com/zh/event/btc-updown-5m-1781079600,16:20-16:25,65.00,36.00,64.00,35.00,110.00,786.04,175.40,162.85,64.50,35.50,1.00,1.00,9388.79,11431.37,11428.71,9488.78,64,35,35,64,,61586.56,,
2026-06-10T16:21:02+08:00,btc-updown-5m-1781079600,https://polymarket.com/zh/event/btc-updown-5m-1781079600,16:20-16:25,62.00,39.00,61.00,38.00,537.50,552.51,519.51,725.50,61.50,38.50,1.00,1.00,9878.77,11426.37,11431.37,9973.77,61,38,38,61,,61590.69,,
2026-06-10T16:21:04+08:00,btc-updown-5m-1781079600,https://polymarket.com/zh/event/btc-updown-5m-1781079600,16:20-16:25,62.00,39.00,61.00,38.00,661.57,139.59,398.19,970.80,61.50,38.50,1.00,1.00,9943.77,11451.37,11446.37,9943.77,61,38,38,61,,61590.00,,
2026-06-10T16:21:06+08:00,btc-updown-5m-1781079600,https://polymarket.com/zh/event/btc-updown-5m-1781079600,16:20-16:25,61.00,40.00,60.00,39.00,771.14,439.42,439.42,733.86,60.50,39.50,1.00,1.00,10315.77,11440.71,11440.71,10325.77,60,39,39,60,,61587.99,,
2026-06-10T16:21:08+08:00,btc-updown-5m-1781079600,https://polymarket.com/zh/event/btc-updown-5m-1781079600,16:20-16:25,64.00,37.00,63.00,36.00,228.04,86.00,30.00,213.04,63.50,36.50,1.00,1.00,9830.77,10498.37,10498.37,9825.77,63,36,36,63,,61587.98,,
2026-06-10T16:21:10+08:00,btc-updown-5m-1781079600,https://polymarket.com/zh/event/btc-updown-5m-1781079600,16:20-16:25,68.00,33.00,67.00,32.00,57.00,1133.83,1154.96,55.00,67.50,32.50,1.00,1.00,9355.77,10631.37,10661.37,10355.77,67,32,32,67,,61589.17,,
2026-06-10T16:21:12+08:00,btc-updown-5m-1781079600,https://polymarket.com/zh/event/btc-updown-5m-1781079600,16:20-16:25,61.00,42.00,60.00,39.00,1119.90,31.00,10.00,1493.54,60.50,40.50,1.00,3.00,9715.78,10683.37,10683.37,10310.77,60,39,39,58,,61594.81,,
2026-06-10T16:21:14+08:00,btc-updown-5m-1781079600,https://polymarket.com/zh/event/btc-updown-5m-1781079600,16:20-16:25,57.00,44.00,56.00,43.00,1022.08,132.21,132.21,1009.71,56.50,43.50,1.00,1.00,10115.78,10683.37,10683.37,9510.77,56,43,43,56,,61578.30,,
2026-06-10T16:21:16+08:00,btc-updown-5m-1781079600,https://polymarket.com/zh/event/btc-updown-5m-1781079600,16:20-16:25,57.00,44.00,56.00,43.00,1068.89,34.06,34.06,1061.74,56.50,43.50,1.00,1.00,9690.77,10773.37,10768.37,10490.77,56,43,43,56,,61576.95,,
2026-06-10T16:21:18+08:00,btc-updown-5m-1781079600,https://polymarket.com/zh/event/btc-updown-5m-1781079600,16:20-16:25,57.00,44.00,56.00,43.00,1538.56,50.06,65.06,1733.03,56.50,43.50,1.00,1.00,10510.77,10745.71,10768.37,11025.77,56,43,43,56,,61576.95,,
2026-06-10T16:21:19+08:00,btc-updown-5m-1781079600,https://polymarket.com/zh/event/btc-updown-5m-1781079600,16:20-16:25,55.00,46.00,54.00,45.00,236.00,20.00,72.50,1773.58,54.50,45.50,1.00,1.00,9990.77,10660.71,10660.71,10885.77,54,45,45,54,,61576.95,,
2026-06-10T16:21:21+08:00,btc-updown-5m-1781079600,https://polymarket.com/zh/event/btc-updown-5m-1781079600,16:20-16:25,54.00,47.00,53.00,46.00,1393.56,175.82,177.95,1346.89,53.50,46.50,1.00,1.00,10245.78,10756.34,10771.34,11260.77,53,46,46,53,,61574.17,,
2026-06-10T16:21:23+08:00,btc-updown-5m-1781079600,https://polymarket.com/zh/event/btc-updown-5m-1781079600,16:20-16:25,56.00,45.00,55.00,44.00,82.14,1381.72,1195.72,82.14,55.50,44.50,1.00,1.00,10175.77,10736.34,10736.34,9870.77,55,44,44,55,,61576.95,,
2026-06-10T16:21:25+08:00,btc-updown-5m-1781079600,https://polymarket.com/zh/event/btc-updown-5m-1781079600,16:20-16:25,63.00,41.00,62.00,38.00,1259.52,4.45,30.00,835.25,62.50,39.50,1.00,3.00,10275.77,10886.34,10886.34,9775.77,62,37,38,59,,61582.42,,
2026-06-10T16:21:27+08:00,btc-updown-5m-1781079600,https://polymarket.com/zh/event/btc-updown-5m-1781079600,16:20-16:25,59.00,45.00,58.00,44.00,1474.99,146.46,5.83,246.02,58.50,44.50,1.00,1.00,10060.77,10363.68,10363.68,10060.77,58,41,44,55,,61582.43,,
2026-06-10T16:21:29+08:00,btc-updown-5m-1781079600,https://polymarket.com/zh/event/btc-updown-5m-1781079600,16:20-16:25,52.00,49.00,51.00,48.00,1103.11,475.50,445.50,1024.11,51.50,48.50,1.00,1.00,10090.77,10384.32,10384.32,10590.78,51,48,48,51,,61573.85,,
2026-06-10T16:21:31+08:00,btc-updown-5m-1781079600,https://polymarket.com/zh/event/btc-updown-5m-1781079600,16:20-16:25,45.00,56.00,44.00,55.00,995.62,389.64,78.50,944.62,44.50,55.50,1.00,1.00,10705.77,8665.32,8634.32,10490.77,44,55,55,44,,61558.06,,
2026-06-10T16:21:33+08:00,btc-updown-5m-1781079600,https://polymarket.com/zh/event/btc-updown-5m-1781079600,16:20-16:25,46.00,55.00,45.00,54.00,116.31,1157.66,1329.70,116.31,45.50,54.50,1.00,1.00,9965.77,8664.32,8679.33,10075.77,45,54,54,45,,61564.00,,
2026-06-10T16:21:35+08:00,btc-updown-5m-1781079600,https://polymarket.com/zh/event/btc-updown-5m-1781079600,16:20-16:25,45.00,56.00,44.00,55.00,43.12,823.51,807.53,43.12,44.50,55.50,1.00,1.00,10590.77,8470.33,8394.32,10395.77,44,55,55,44,,61562.85,,
2026-06-10T16:21:37+08:00,btc-updown-5m-1781079600,https://polymarket.com/zh/event/btc-updown-5m-1781079600,16:20-16:25,46.00,55.00,45.00,54.00,26.93,1388.64,1188.89,16.93,45.50,54.50,1.00,1.00,10105.77,8610.32,8814.33,10105.77,45,54,54,45,,61560.43,,
2026-06-10T16:21:39+08:00,btc-updown-5m-1781079600,https://polymarket.com/zh/event/btc-updown-5m-1781079600,16:20-16:25,48.00,53.00,47.00,52.00,1006.58,372.18,432.16,1033.04,47.50,52.50,1.00,1.00,10875.77,8815.32,8615.33,10375.77,47,52,52,47,,61560.01,,
2026-06-10T16:21:41+08:00,btc-updown-5m-1781079600,https://polymarket.com/zh/event/btc-updown-5m-1781079600,16:20-16:25,45.00,56.00,44.00,55.00,889.96,225.02,247.50,648.92,44.50,55.50,1.00,1.00,10785.77,8057.66,8035.32,10580.77,44,55,55,44,,61560.01,,
2026-06-10T16:21:43+08:00,btc-updown-5m-1781079600,https://polymarket.com/zh/event/btc-updown-5m-1781079600,16:20-16:25,45.00,56.00,44.00,55.00,385.07,5.00,195.08,1438.78,44.50,55.50,1.00,1.00,10295.77,7981.67,7982.66,10580.77,44,55,55,44,,61558.06,,
2026-06-10T16:21:45+08:00,btc-updown-5m-1781079600,https://polymarket.com/zh/event/btc-updown-5m-1781079600,16:20-16:25,35.00,67.00,33.00,66.00,538.17,84.77,87.00,494.47,34.00,66.50,2.00,1.00,10435.77,7976.67,7997.66,10950.77,33,65,66,33,,61549.39,,
2026-06-10T16:21:46+08:00,btc-updown-5m-1781079600,https://polymarket.com/zh/event/btc-updown-5m-1781079600,16:20-16:25,33.00,68.00,32.00,67.00,981.89,22.00,52.02,1099.20,32.50,67.50,1.00,1.00,10364.10,8050.99,8040.99,10334.10,32,67,67,32,,61538.45,,
2026-06-10T16:21:49+08:00,btc-updown-5m-1781079600,https://polymarket.com/zh/event/btc-updown-5m-1781079600,16:20-16:25,31.00,69.00,30.00,68.00,236.04,899.26,1112.12,5.00,30.50,68.50,1.00,1.00,10834.10,7976.99,7981.00,10829.10,30,69,68,31,,61538.45,,
2026-06-10T16:21:50+08:00,btc-updown-5m-1781079600,https://polymarket.com/zh/event/btc-updown-5m-1781079600,16:20-16:25,33.00,68.00,32.00,67.00,92.50,1038.21,1063.80,77.34,32.50,67.50,1.00,1.00,10399.10,7981.99,7981.99,10399.10,32,67,67,32,,61538.46,,
2026-06-10T16:21:52+08:00,btc-updown-5m-1781079600,https://polymarket.com/zh/event/btc-updown-5m-1781079600,16:20-16:25,32.00,67.00,31.00,66.00,25.00,691.70,1555.40,55.00,31.50,66.50,1.00,1.00,10704.10,8016.00,8016.99,9799.10,31,66,66,33,,61538.45,,
2026-06-10T16:21:54+08:00,btc-updown-5m-1781079600,https://polymarket.com/zh/event/btc-updown-5m-1781079600,16:20-16:25,36.00,65.00,35.00,64.00,55.61,841.62,888.62,66.61,35.50,64.50,1.00,1.00,9699.10,7939.33,7941.99,9229.10,35,64,64,35,,61546.01,,
2026-06-10T16:21:56+08:00,btc-updown-5m-1781079600,https://polymarket.com/zh/event/btc-updown-5m-1781079600,16:20-16:25,36.00,65.00,35.00,64.00,5.00,1708.45,1142.74,5.00,35.50,64.50,1.00,1.00,9237.10,7940.99,7951.99,9727.10,35,64,63,35,,61546.00,,
2026-06-10T16:21:58+08:00,btc-updown-5m-1781079600,https://polymarket.com/zh/event/btc-updown-5m-1781079600,16:20-16:25,45.00,54.00,44.00,53.00,30.00,506.09,1380.77,174.02,44.50,53.50,1.00,1.00,9636.94,8031.99,8018.33,9136.94,44,55,53,46,,61549.39,,
2026-06-10T16:22:00+08:00,btc-updown-5m-1781079600,https://polymarket.com/zh/event/btc-updown-5m-1781079600,16:20-16:25,47.00,55.00,46.00,54.00,1061.07,67.50,43.24,291.76,46.50,54.50,1.00,1.00,9121.94,7913.99,7910.00,9106.94,46,53,54,45,,61557.64,,
2026-06-10T16:22:02+08:00,btc-updown-5m-1781079600,https://polymarket.com/zh/event/btc-updown-5m-1781079600,16:20-16:25,44.00,57.00,43.00,56.00,666.99,271.48,321.48,900.31,43.50,56.50,1.00,1.00,9592.94,7724.99,7730.99,9992.94,43,56,56,43,,61554.43,,
2026-06-10T16:22:04+08:00,btc-updown-5m-1781079600,https://polymarket.com/zh/event/btc-updown-5m-1781079600,16:20-16:25,40.00,61.00,39.00,60.00,933.57,146.86,146.86,938.49,39.50,60.50,1.00,1.00,10068.94,7757.00,7801.99,10168.94,39,60,60,39,,61554.99,,
2026-06-10T16:22:06+08:00,btc-updown-5m-1781079600,https://polymarket.com/zh/event/btc-updown-5m-1781079600,16:20-16:25,40.00,61.00,39.00,60.00,334.17,891.13,1091.04,290.17,39.50,60.50,1.00,1.00,9913.94,7889.33,7880.99,9913.94,39,60,60,39,,61554.99,,
2026-06-10T16:22:08+08:00,btc-updown-5m-1781079600,https://polymarket.com/zh/event/btc-updown-5m-1781079600,16:20-16:25,41.00,60.00,40.00,59.00,353.95,559.62,55.00,687.55,40.50,59.50,1.00,1.00,10208.94,7741.99,7725.99,9993.94,40,59,59,40,,61555.00,,
2026-06-10T16:22:10+08:00,btc-updown-5m-1781079600,https://polymarket.com/zh/event/btc-updown-5m-1781079600,16:20-16:25,40.00,61.00,39.00,60.00,266.47,767.43,615.43,238.95,39.50,60.50,1.00,1.00,10302.94,7899.99,7904.99,10032.94,39,60,60,39,,61555.99,,
2026-06-10T16:22:12+08:00,btc-updown-5m-1781079600,https://polymarket.com/zh/event/btc-updown-5m-1781079600,16:20-16:25,44.00,56.00,43.00,55.00,17.59,195.00,125.00,28.99,43.50,55.50,1.00,1.00,10023.94,7816.00,8227.00,10118.94,43,56,55,44,,61557.65,,
2026-06-10T16:22:13+08:00,btc-updown-5m-1781079600,https://polymarket.com/zh/event/btc-updown-5m-1781079600,16:20-16:25,45.00,56.00,44.00,55.00,124.00,28.48,28.48,1164.08,44.50,55.50,1.00,1.00,10083.94,8115.99,7926.99,10188.94,44,55,55,44,,61561.78,,
2026-06-10T16:22:15+08:00,btc-updown-5m-1781079600,https://polymarket.com/zh/event/btc-updown-5m-1781079600,16:20-16:25,45.00,54.00,44.00,53.00,37.56,466.19,1280.91,25.00,44.50,53.50,1.00,1.00,10183.94,8691.00,8691.99,10283.94,44,55,53,46,,61562.50,,
2026-06-10T16:22:17+08:00,btc-updown-5m-1781079600,https://polymarket.com/zh/event/btc-updown-5m-1781079600,16:20-16:25,42.00,59.00,41.00,58.00,669.83,1051.57,785.35,237.00,41.50,58.50,1.00,1.00,10022.94,7725.99,7719.99,10122.94,41,58,58,41,,61555.00,,
2026-06-10T16:22:19+08:00,btc-updown-5m-1781079600,https://polymarket.com/zh/event/btc-updown-5m-1781079600,16:20-16:25,44.00,57.00,43.00,56.00,818.73,609.14,518.69,756.73,43.50,56.50,1.00,1.00,10092.94,7720.99,7730.99,10197.94,43,56,56,43,,61561.27,,
2026-06-10T16:22:21+08:00,btc-updown-5m-1781079600,https://polymarket.com/zh/event/btc-updown-5m-1781079600,16:20-16:25,47.00,54.00,46.00,53.00,84.50,1141.92,1057.92,195.50,46.50,53.50,1.00,1.00,10198.94,8489.33,8480.99,10183.94,46,53,53,46,,61561.27,,
2026-06-10T16:22:23+08:00,btc-updown-5m-1781079600,https://polymarket.com/zh/event/btc-updown-5m-1781079600,16:20-16:25,47.00,54.00,46.00,53.00,109.67,973.94,921.05,214.17,46.50,53.50,1.00,1.00,10013.94,8305.99,8322.34,10022.94,46,53,53,46,,61565.41,,
2026-06-10T16:22:25+08:00,btc-updown-5m-1781079600,https://polymarket.com/zh/event/btc-updown-5m-1781079600,16:20-16:25,47.00,54.00,46.00,53.00,123.91,801.57,811.57,128.91,46.50,53.50,1.00,1.00,10177.94,8318.75,8338.75,10192.94,46,53,53,46,,61565.40,,
2026-06-10T16:22:27+08:00,btc-updown-5m-1781079600,https://polymarket.com/zh/event/btc-updown-5m-1781079600,16:20-16:25,49.00,52.00,48.00,51.00,584.19,526.21,535.23,579.70,48.50,51.50,1.00,1.00,10132.94,8723.75,8718.75,10132.94,48,51,51,48,,61565.40,,
2026-06-10T16:22:29+08:00,btc-updown-5m-1781079600,https://polymarket.com/zh/event/btc-updown-5m-1781079600,16:20-16:25,49.00,52.00,48.00,51.00,290.96,520.91,747.91,450.96,48.50,51.50,1.00,1.00,9918.94,8528.75,8538.75,10023.94,48,51,51,48,,61565.41,,
2026-06-10T16:22:31+08:00,btc-updown-5m-1781079600,https://polymarket.com/zh/event/btc-updown-5m-1781079600,16:20-16:25,47.00,54.00,46.00,53.00,410.03,769.14,647.14,379.27,46.50,53.50,1.00,1.00,9837.94,8522.75,8532.76,9987.94,46,53,53,46,,61565.38,,
2026-06-10T16:22:33+08:00,btc-updown-5m-1781079600,https://polymarket.com/zh/event/btc-updown-5m-1781079600,16:20-16:25,52.00,50.00,51.00,49.00,644.27,77.82,5.00,590.88,51.50,49.50,1.00,1.00,9977.95,9092.75,9103.75,10477.95,51,48,49,50,,61565.14,,
2026-06-10T16:22:35+08:00,btc-updown-5m-1781079600,https://polymarket.com/zh/event/btc-updown-5m-1781079600,16:20-16:25,49.00,51.00,48.00,50.00,5.00,279.00,1087.84,370.70,48.50,50.50,1.00,1.00,9807.94,8939.76,8918.75,9807.94,48,51,50,49,,61564.38,,
2026-06-10T16:22:37+08:00,btc-updown-5m-1781079600,https://polymarket.com/zh/event/btc-updown-5m-1781079600,16:20-16:25,48.00,53.00,47.00,52.00,27.50,298.52,318.52,65.00,47.50,52.50,1.00,1.00,9843.94,8939.75,8944.75,9843.94,47,51,52,47,,61564.38,,
2026-06-10T16:22:39+08:00,btc-updown-5m-1781079600,https://polymarket.com/zh/event/btc-updown-5m-1781079600,16:20-16:25,47.00,54.00,46.00,53.00,1000.49,15.02,15.02,1065.49,46.50,53.50,1.00,1.00,9982.94,8728.75,8723.75,9982.94,46,53,53,46,,61564.38,,
2026-06-10T16:22:41+08:00,btc-updown-5m-1781079600,https://polymarket.com/zh/event/btc-updown-5m-1781079600,16:20-16:25,42.00,60.00,41.00,59.00,56.00,301.23,22.79,232.00,41.50,59.50,1.00,1.00,10032.94,7928.76,7747.75,9832.94,41,58,59,40,,61560.01,,
2026-06-10T16:22:42+08:00,btc-updown-5m-1781079600,https://polymarket.com/zh/event/btc-updown-5m-1781079600,16:20-16:25,44.00,57.00,43.00,56.00,90.00,1120.27,1104.01,83.19,43.50,56.50,1.00,1.00,9943.94,7944.76,7938.75,10093.94,43,56,56,43,,61557.65,,
2026-06-10T16:22:44+08:00,btc-updown-5m-1781079600,https://polymarket.com/zh/event/btc-updown-5m-1781079600,16:20-16:25,45.00,56.00,44.00,55.00,57.53,946.54,740.22,57.53,44.50,55.50,1.00,1.00,10093.94,8319.75,8508.75,10193.94,44,55,55,44,,61557.65,,
2026-06-10T16:22:46+08:00,btc-updown-5m-1781079600,https://polymarket.com/zh/event/btc-updown-5m-1781079600,16:20-16:25,47.00,54.00,46.00,53.00,1300.51,10.00,154.51,1464.77,46.50,53.50,1.00,1.00,9917.94,8237.76,7853.75,9967.94,46,53,53,44,,61560.01,,
2026-06-10T16:22:48+08:00,btc-updown-5m-1781079600,https://polymarket.com/zh/event/btc-updown-5m-1781079600,16:20-16:25,39.00,62.00,38.00,61.00,460.41,911.60,724.10,320.19,38.50,61.50,1.00,1.00,9980.94,7743.75,7753.75,10000.94,38,61,61,38,,61557.66,,
2026-06-10T16:22:50+08:00,btc-updown-5m-1781079600,https://polymarket.com/zh/event/btc-updown-5m-1781079600,16:20-16:25,40.00,61.00,39.00,60.00,40.00,1289.83,1352.17,40.00,39.50,60.50,1.00,1.00,10098.94,7914.75,7903.75,10098.94,39,60,60,39,,61556.01,,
2026-06-10T16:22:52+08:00,btc-updown-5m-1781079600,https://polymarket.com/zh/event/btc-updown-5m-1781079600,16:20-16:25,34.00,67.00,33.00,66.00,828.03,531.52,559.02,914.95,33.50,66.50,1.00,1.00,10003.94,7834.76,7823.75,10003.94,33,66,66,33,,61555.00,,
2026-06-10T16:22:54+08:00,btc-updown-5m-1781079600,https://polymarket.com/zh/event/btc-updown-5m-1781079600,16:20-16:25,34.00,67.00,33.00,66.00,482.81,480.06,810.01,499.37,33.50,66.50,1.00,1.00,10005.94,7733.75,7718.75,10125.94,33,66,66,33,,61553.52,,
2026-06-10T16:22:56+08:00,btc-updown-5m-1781079600,https://polymarket.com/zh/event/btc-updown-5m-1781079600,16:20-16:25,34.00,67.00,33.00,66.00,936.55,97.00,102.00,959.53,33.50,66.50,1.00,1.00,10200.94,7912.75,7913.75,10300.94,33,66,66,33,,61546.96,,
2026-06-10T16:22:58+08:00,btc-updown-5m-1781079600,https://polymarket.com/zh/event/btc-updown-5m-1781079600,16:20-16:25,32.00,69.00,31.00,68.00,484.04,589.95,571.99,428.05,31.50,68.50,1.00,1.00,10036.94,7747.76,7733.75,10021.94,31,68,68,31,,61545.66,,
2026-06-10T16:23:00+08:00,btc-updown-5m-1781079600,https://polymarket.com/zh/event/btc-updown-5m-1781079600,16:20-16:25,26.00,76.00,25.00,75.00,185.02,28.50,263.00,85.00,25.50,75.50,1.00,1.00,9622.94,7622.75,7528.76,9646.94,25,74,75,24,,61544.00,,
2026-06-10T16:23:02+08:00,btc-updown-5m-1781079600,https://polymarket.com/zh/event/btc-updown-5m-1781079600,16:20-16:25,24.00,73.00,23.00,72.00,5.00,198.09,125.00,5.52,23.50,72.50,1.00,1.00,9683.94,7366.75,7380.77,9725.94,23,74,71,27,,61532.88,,
2026-06-10T16:23:04+08:00,btc-updown-5m-1781079600,https://polymarket.com/zh/event/btc-updown-5m-1781079600,16:20-16:25,32.00,69.00,31.00,68.00,272.40,507.06,539.17,270.50,31.50,68.50,1.00,1.00,9885.35,7476.75,7290.75,9690.35,31,68,68,31,,61543.02,,
2026-06-10T16:23:06+08:00,btc-updown-5m-1781079600,https://polymarket.com/zh/event/btc-updown-5m-1781079600,16:20-16:25,32.00,69.00,31.00,68.00,506.20,423.72,613.72,506.20,31.50,68.50,1.00,1.00,9801.35,7275.76,7281.75,9801.35,31,68,68,31,,61543.01,,
2026-06-10T16:23:08+08:00,btc-updown-5m-1781079600,https://polymarket.com/zh/event/btc-updown-5m-1781079600,16:20-16:25,37.00,64.00,36.00,63.00,455.37,724.61,710.61,375.37,36.50,63.50,1.00,1.00,9996.35,7456.75,7451.75,9991.35,36,63,63,36,,61545.25,,
2026-06-10T16:23:10+08:00,btc-updown-5m-1781079600,https://polymarket.com/zh/event/btc-updown-5m-1781079600,16:20-16:25,37.00,64.00,36.00,63.00,519.89,587.47,645.26,629.89,36.50,63.50,1.00,1.00,9868.68,7391.76,7385.75,9903.68,36,63,63,36,,61549.37,,
2026-06-10T16:23:12+08:00,btc-updown-5m-1781079600,https://polymarket.com/zh/event/btc-updown-5m-1781079600,16:20-16:25,37.00,64.00,36.00,63.00,515.00,620.06,669.06,515.00,36.50,63.50,1.00,1.00,10053.68,7375.75,7370.76,9983.68,36,63,63,36,,61549.37,,
2026-06-10T16:23:14+08:00,btc-updown-5m-1781079600,https://polymarket.com/zh/event/btc-updown-5m-1781079600,16:20-16:25,37.00,64.00,36.00,63.00,274.47,912.58,927.94,284.47,36.50,63.50,1.00,1.00,10054.68,7555.75,7540.76,10289.68,36,63,63,36,,61549.37,,
2026-06-10T16:23:15+08:00,btc-updown-5m-1781079600,https://polymarket.com/zh/event/btc-updown-5m-1781079600,16:20-16:25,36.00,66.00,35.00,65.00,1042.67,15.00,95.02,100.02,35.50,65.50,1.00,1.00,10029.68,7481.75,7476.75,10029.68,35,64,65,34,,61549.38,,
2026-06-10T16:23:17+08:00,btc-updown-5m-1781079600,https://polymarket.com/zh/event/btc-updown-5m-1781079600,16:20-16:25,27.00,75.00,26.00,74.00,674.86,66.10,5.00,1070.69,26.50,74.50,1.00,1.00,9765.68,7386.76,7375.76,9874.68,26,73,74,25,,61546.33,,
2026-06-10T16:23:19+08:00,btc-updown-5m-1781079600,https://polymarket.com/zh/event/btc-updown-5m-1781079600,16:20-16:25,22.00,79.00,21.00,78.00,111.00,319.93,140.43,206.00,21.50,78.50,1.00,1.00,10156.68,7451.75,7536.75,10141.68,21,78,78,21,,61532.00,,
2026-06-10T16:23:21+08:00,btc-updown-5m-1781079600,https://polymarket.com/zh/event/btc-updown-5m-1781079600,16:20-16:25,30.00,71.00,29.00,70.00,256.03,673.43,699.73,300.69,29.50,70.50,1.00,1.00,9547.67,6970.05,6976.05,9547.67,29,70,70,29,,61540.01,,
2026-06-10T16:23:23+08:00,btc-updown-5m-1781079600,https://polymarket.com/zh/event/btc-updown-5m-1781079600,16:20-16:25,36.00,65.00,35.00,64.00,466.33,504.04,791.54,574.35,35.50,64.50,1.00,1.00,9747.67,6810.05,6826.05,9742.67,35,64,64,35,,61546.34,,
2026-06-10T16:23:25+08:00,btc-updown-5m-1781079600,https://polymarket.com/zh/event/btc-updown-5m-1781079600,16:20-16:25,36.00,65.00,35.00,64.00,364.73,556.93,637.95,349.98,35.50,64.50,1.00,1.00,9866.67,6995.05,6994.05,9836.67,35,64,64,35,,61549.17,,
2026-06-10T16:23:27+08:00,btc-updown-5m-1781079600,https://polymarket.com/zh/event/btc-updown-5m-1781079600,16:20-16:25,36.00,65.00,35.00,64.00,368.98,619.97,606.97,368.98,35.50,64.50,1.00,1.00,9501.67,6985.06,7017.05,9601.67,35,64,64,35,,61549.37,,
2026-06-10T16:23:29+08:00,btc-updown-5m-1781079600,https://polymarket.com/zh/event/btc-updown-5m-1781079600,16:20-16:25,35.00,66.00,34.00,65.00,571.33,417.59,434.11,577.33,34.50,65.50,1.00,1.00,9617.67,6879.05,6878.05,9747.67,34,65,65,34,,61549.37,,
2026-06-10T16:23:31+08:00,btc-updown-5m-1781079600,https://polymarket.com/zh/event/btc-updown-5m-1781079600,16:20-16:25,33.00,68.00,32.00,67.00,965.49,459.50,394.70,872.31,32.50,67.50,1.00,1.00,9862.67,6971.05,7013.05,9862.67,32,67,67,32,,61549.38,,
2026-06-10T16:23:33+08:00,btc-updown-5m-1781079600,https://polymarket.com/zh/event/btc-updown-5m-1781079600,16:20-16:25,33.00,68.00,32.00,67.00,684.22,523.67,618.67,760.22,32.50,67.50,1.00,1.00,9586.67,6938.05,6943.05,9686.67,32,67,67,32,,61549.66,,
2026-06-10T16:23:35+08:00,btc-updown-5m-1781079600,https://polymarket.com/zh/event/btc-updown-5m-1781079600,16:20-16:25,29.00,74.00,28.00,73.00,262.00,5.00,15.75,658.52,28.50,73.50,1.00,1.00,9533.67,6794.06,6790.05,9438.67,28,71,73,26,,61541.13,,
2026-06-10T16:23:37+08:00,btc-updown-5m-1781079600,https://polymarket.com/zh/event/btc-updown-5m-1781079600,16:20-16:25,19.00,85.00,18.00,84.00,1136.03,210.34,52.78,165.02,18.50,84.50,1.00,1.00,9570.67,6865.05,6975.07,9670.67,18,81,84,15,,61538.89,,
2026-06-10T16:23:39+08:00,btc-updown-5m-1781079600,https://polymarket.com/zh/event/btc-updown-5m-1781079600,16:20-16:25,16.00,85.00,15.00,84.00,312.22,655.14,600.02,442.22,15.50,84.50,1.00,1.00,10595.67,6910.06,6910.05,10595.67,15,84,84,15,,61528.74,,
2026-06-10T16:23:41+08:00,btc-updown-5m-1781079600,https://polymarket.com/zh/event/btc-updown-5m-1781079600,16:20-16:25,16.00,83.00,15.00,82.00,130.00,35.02,333.52,119.53,15.50,82.50,1.00,1.00,9534.67,6814.05,6815.06,10884.67,15,84,82,17,,61528.75,,
2026-06-10T16:23:43+08:00,btc-updown-5m-1781079600,https://polymarket.com/zh/event/btc-updown-5m-1781079600,16:20-16:25,18.00,83.00,17.00,82.00,376.29,961.04,285.40,55.09,17.50,82.50,1.00,1.00,10048.75,6846.30,6852.29,9948.75,17,82,82,17,,61528.75,,
2026-06-10T16:23:45+08:00,btc-updown-5m-1781079600,https://polymarket.com/zh/event/btc-updown-5m-1781079600,16:20-16:25,24.00,78.00,23.00,77.00,839.65,522.61,93.98,277.04,23.50,77.50,1.00,1.00,10309.75,6958.30,6883.29,10215.75,23,76,77,22,,61540.53,,
2026-06-10T16:23:47+08:00,btc-updown-5m-1781079600,https://polymarket.com/zh/event/btc-updown-5m-1781079600,16:20-16:25,32.00,69.00,31.00,68.00,647.36,8.55,10.00,1130.72,31.50,68.50,1.00,1.00,9828.58,6960.29,6965.30,9828.58,31,68,68,31,,61548.74,,
2026-06-10T16:23:49+08:00,btc-updown-5m-1781079600,https://polymarket.com/zh/event/btc-updown-5m-1781079600,16:20-16:25,28.00,73.00,27.00,72.00,650.78,366.00,426.89,677.28,27.50,72.50,1.00,1.00,9852.58,6917.29,6917.29,10002.58,27,72,72,27,,61543.17,,
2026-06-10T16:23:51+08:00,btc-updown-5m-1781079600,https://polymarket.com/zh/event/btc-updown-5m-1781079600,16:20-16:25,27.00,74.00,26.00,73.00,824.69,182.43,207.43,732.70,26.50,73.50,1.00,1.00,9894.58,7072.29,7078.29,9994.58,26,73,73,26,,61543.17,,
2026-06-10T16:23:53+08:00,btc-updown-5m-1781079600,https://polymarket.com/zh/event/btc-updown-5m-1781079600,16:20-16:25,24.00,77.00,23.00,76.00,861.99,154.40,174.40,801.49,23.50,76.50,1.00,1.00,9724.25,6963.30,6948.30,9714.25,23,76,76,23,,61540.66,,
2026-06-10T16:23:54+08:00,btc-updown-5m-1781079600,https://polymarket.com/zh/event/btc-updown-5m-1781079600,16:20-16:25,24.00,77.00,23.00,76.00,547.91,682.38,734.71,481.02,23.50,76.50,1.00,1.00,9882.25,6861.30,6850.29,9882.25,23,76,76,23,,61540.22,,
2026-06-10T16:23:56+08:00,btc-updown-5m-1781079600,https://polymarket.com/zh/event/btc-updown-5m-1781079600,16:20-16:25,25.00,76.00,24.00,75.00,686.08,87.26,95.59,720.34,24.50,75.50,1.00,1.00,10111.96,7020.29,7025.29,10121.96,24,75,75,24,,61542.30,,
2026-06-10T16:23:58+08:00,btc-updown-5m-1781079600,https://polymarket.com/zh/event/btc-updown-5m-1781079600,16:20-16:25,19.00,82.00,18.00,81.00,1007.92,228.42,275.42,1026.39,18.50,81.50,1.00,1.00,10147.96,6812.30,6823.29,10097.96,18,81,81,18,,61537.00,,
2026-06-10T16:24:00+08:00,btc-updown-5m-1781079600,https://polymarket.com/zh/event/btc-updown-5m-1781079600,16:20-16:25,17.00,84.00,16.00,83.00,567.49,140.50,140.50,528.48,16.50,83.50,1.00,1.00,9498.96,7784.29,7774.29,9483.96,16,83,83,16,,61537.00,,
2026-06-10T16:24:02+08:00,btc-updown-5m-1781079600,https://polymarket.com/zh/event/btc-updown-5m-1781079600,16:20-16:25,23.00,78.00,22.00,77.00,53.75,519.04,591.81,124.84,22.50,77.50,1.00,1.00,9295.46,7865.29,7860.29,9295.46,22,77,77,22,,61539.40,,
2026-06-10T16:24:04+08:00,btc-updown-5m-1781079600,https://polymarket.com/zh/event/btc-updown-5m-1781079600,16:20-16:25,27.00,76.00,26.00,75.00,1101.06,27.00,31.06,127.50,26.50,75.50,1.00,1.00,9125.46,7802.29,7860.29,9075.46,25,73,75,23,,61548.81,,
2026-06-10T16:24:06+08:00,btc-updown-5m-1781079600,https://polymarket.com/zh/event/btc-updown-5m-1781079600,16:20-16:25,18.00,83.00,17.00,82.00,359.99,205.41,175.41,336.99,17.50,82.50,1.00,1.00,9345.46,7811.29,7821.30,9365.46,17,82,82,17,,61540.01,,
2026-06-10T16:24:08+08:00,btc-updown-5m-1781079600,https://polymarket.com/zh/event/btc-updown-5m-1781079600,16:20-16:25,18.00,84.00,17.00,83.00,758.42,5.00,100.00,80.00,17.50,83.50,1.00,1.00,9660.46,7831.29,7806.29,9685.46,17,82,83,15,,61535.00,,
2026-06-10T16:24:10+08:00,btc-updown-5m-1781079600,https://polymarket.com/zh/event/btc-updown-5m-1781079600,16:20-16:25,13.00,88.00,12.00,87.00,250.86,66.68,77.65,340.74,12.50,87.50,1.00,1.00,9955.46,7717.29,7714.63,9505.46,12,87,87,12,,61534.92,,
2026-06-10T16:24:12+08:00,btc-updown-5m-1781079600,https://polymarket.com/zh/event/btc-updown-5m-1781079600,16:20-16:25,16.00,84.00,15.00,83.00,202.14,598.71,896.72,231.52,15.50,83.50,1.00,1.00,9255.46,7761.63,7752.63,9240.46,15,84,83,16,,61535.36,,
2026-06-10T16:24:14+08:00,btc-updown-5m-1781079600,https://polymarket.com/zh/event/btc-updown-5m-1781079600,16:20-16:25,16.00,85.00,15.00,84.00,368.86,76.67,76.67,396.74,15.50,84.50,1.00,1.00,9702.42,7711.63,7742.63,9727.42,15,84,84,15,,61536.97,,
2026-06-10T16:24:16+08:00,btc-updown-5m-1781079600,https://polymarket.com/zh/event/btc-updown-5m-1781079600,16:20-16:25,15.00,86.00,14.00,85.00,317.91,5.00,26.00,346.91,14.50,85.50,1.00,1.00,9762.42,7721.63,7747.64,9777.42,14,85,85,14,,61536.97,,
2026-06-10T16:24:18+08:00,btc-updown-5m-1781079600,https://polymarket.com/zh/event/btc-updown-5m-1781079600,16:20-16:25,13.00,87.00,12.00,86.00,55.02,105.00,534.18,65.92,12.50,86.50,1.00,1.00,9946.42,7546.64,7736.63,9946.42,12,87,86,13,,61532.87,,
2026-06-10T16:24:20+08:00,btc-updown-5m-1781079600,https://polymarket.com/zh/event/btc-updown-5m-1781079600,16:20-16:25,14.00,87.00,13.00,86.00,296.81,227.71,227.71,301.81,13.50,86.50,1.00,1.00,10052.42,7741.63,7726.64,10037.42,13,86,86,13,,61532.97,,
2026-06-10T16:24:21+08:00,btc-updown-5m-1781079600,https://polymarket.com/zh/event/btc-updown-5m-1781079600,16:20-16:25,14.00,87.00,13.00,86.00,464.56,120.76,120.76,478.82,13.50,86.50,1.00,1.00,9847.42,7726.64,7721.63,9847.42,13,86,86,13,,61532.97,,
2026-06-10T16:24:23+08:00,btc-updown-5m-1781079600,https://polymarket.com/zh/event/btc-updown-5m-1781079600,16:20-16:25,8.00,94.00,7.00,93.00,296.00,166.11,119.47,274.02,7.50,93.50,1.00,1.00,6543.13,7699.64,7698.65,6502.49,7,92,93,6,,61499.87,,
2026-06-10T16:24:25+08:00,btc-updown-5m-1781079600,https://polymarket.com/zh/event/btc-updown-5m-1781079600,16:20-16:25,2.00,99.00,1.00,98.00,1156.30,4752.91,4795.29,1185.66,1.50,98.50,1.00,1.00,4795.29,7398.29,7388.29,4752.91,1,98,98,1,,61492.05,,
2026-06-10T16:24:27+08:00,btc-updown-5m-1781079600,https://polymarket.com/zh/event/btc-updown-5m-1781079600,16:20-16:25,2.00,99.00,1.00,98.00,1409.45,4295.70,4428.06,1316.79,1.50,98.50,1.00,1.00,4428.06,7312.30,7307.29,4295.70,1,98,98,1,,61492.12,,
2026-06-10T16:24:29+08:00,btc-updown-5m-1781079600,https://polymarket.com/zh/event/btc-updown-5m-1781079600,16:20-16:25,2.00,99.00,1.00,98.00,1979.20,3194.80,3195.82,1974.20,1.50,98.50,1.00,1.00,3195.82,7402.29,7407.29,3194.80,1,98,98,1,,61496.41,,
2026-06-10T16:24:31+08:00,btc-updown-5m-1781079600,https://polymarket.com/zh/event/btc-updown-5m-1781079600,16:20-16:25,2.00,99.00,1.00,98.00,2028.77,1792.72,1856.82,2054.77,1.50,98.50,1.00,1.00,1856.82,6343.37,6349.38,1792.72,1,98,98,1,,61498.73,,
2026-06-10T16:24:33+08:00,btc-updown-5m-1781079600,https://polymarket.com/zh/event/btc-updown-5m-1781079600,16:20-16:25,1.00,,,99.00,301.32,,,467.26,,,,,,6389.37,6374.37,,0,99,99,0,,61498.73,,
2026-06-10T16:24:35+08:00,btc-updown-5m-1781079600,https://polymarket.com/zh/event/btc-updown-5m-1781079600,16:20-16:25,2.00,99.00,1.00,98.00,1123.95,1056.97,1056.97,1123.95,1.50,98.50,1.00,1.00,1056.97,5877.38,5877.38,1056.97,1,98,98,1,,61508.00,,
2026-06-10T16:24:37+08:00,btc-updown-5m-1781079600,https://polymarket.com/zh/event/btc-updown-5m-1781079600,16:20-16:25,1.00,,,99.00,8502.13,,,8664.78,,,,,,5901.17,5901.17,,0,99,99,0,,61492.23,,
2026-06-10T16:24:39+08:00,btc-updown-5m-1781079600,https://polymarket.com/zh/event/btc-updown-5m-1781079600,16:20-16:25,1.00,,,99.00,8357.44,,,8221.42,,,,,,5666.17,5897.17,,0,99,99,0,,61492.23,,
2026-06-10T16:24:41+08:00,btc-updown-5m-1781079600,https://polymarket.com/zh/event/btc-updown-5m-1781079600,16:20-16:25,1.00,,,99.00,10212.71,,,10222.71,,,,,,5697.17,5897.17,,0,99,99,0,,61492.23,,
2026-06-10T16:24:43+08:00,btc-updown-5m-1781079600,https://polymarket.com/zh/event/btc-updown-5m-1781079600,16:20-16:25,1.00,,,99.00,17835.67,,,17910.96,,,,,,5816.17,5811.17,,0,99,99,0,,61488.01,,
2026-06-10T16:24:45+08:00,btc-updown-5m-1781079600,https://polymarket.com/zh/event/btc-updown-5m-1781079600,16:20-16:25,1.00,,,99.00,17973.32,,,17823.12,,,,,,5611.57,5607.57,,0,99,99,0,,61478.65,,
2026-06-10T16:24:47+08:00,btc-updown-5m-1781079600,https://polymarket.com/zh/event/btc-updown-5m-1781079600,16:20-16:25,1.00,,,99.00,8883.90,,,8883.90,,,,,,5503.57,5487.57,,0,99,99,0,,61473.01,,
2026-06-10T16:24:49+08:00,btc-updown-5m-1781079600,https://polymarket.com/zh/event/btc-updown-5m-1781079600,16:20-16:25,1.00,,,99.00,14609.90,,,14815.74,,,,,,5297.57,5308.57,,0,64,64,0,,61472.99,,
2026-06-10T16:24:50+08:00,btc-updown-5m-1781079600,https://polymarket.com/zh/event/btc-updown-5m-1781079600,16:20-16:25,1.00,,,99.00,18404.95,,,18374.95,,,,,,5557.58,5553.57,,0,64,64,0,,61467.26,,
2026-06-10T16:24:52+08:00,btc-updown-5m-1781079600,https://polymarket.com/zh/event/btc-updown-5m-1781079600,16:20-16:25,1.00,,,99.00,19075.60,,,18925.60,,,,,,5023.57,5028.57,,0,65,65,0,,61470.00,,
2026-06-10T16:24:54+08:00,btc-updown-5m-1781079600,https://polymarket.com/zh/event/btc-updown-5m-1781079600,16:20-16:25,1.00,,,99.00,19318.59,,,19538.59,,,,,,5023.57,5018.57,,0,65,65,0,,61467.26,,
2026-06-10T16:24:56+08:00,btc-updown-5m-1781079600,https://polymarket.com/zh/event/btc-updown-5m-1781079600,16:20-16:25,1.00,,,99.00,25711.22,,,25711.22,,,,,,5014.65,5028.66,,0,62,62,0,,61468.00,,
2026-06-10T16:24:58+08:00,btc-updown-5m-1781079600,https://polymarket.com/zh/event/btc-updown-5m-1781079600,16:20-16:25,1.00,,,99.00,33696.54,,,34431.37,,,,,,4363.65,4568.65,,0,62,62,0,,61468.00,,
2026-06-10T16:25:00+08:00,btc-updown-5m-1781079900,https://polymarket.com/zh/event/btc-updown-5m-1781079900,16:25-16:30,52.00,49.00,51.00,48.00,26.41,197.13,100.13,6.79,51.50,48.50,1.00,1.00,108804.96,108053.96,108053.96,108819.96,51,48,48,51,61471.70,61471.70,,
2026-06-10T16:25:02+08:00,btc-updown-5m-1781079900,https://polymarket.com/zh/event/btc-updown-5m-1781079900,16:25-16:30,55.00,46.00,54.00,45.00,15.00,410.44,422.44,25.00,54.50,45.50,1.00,1.00,97900.30,96935.31,96935.31,98455.30,54,45,45,54,61471.70,61479.17,,
2026-06-10T16:25:04+08:00,btc-updown-5m-1781079900,https://polymarket.com/zh/event/btc-updown-5m-1781079900,16:25-16:30,56.00,45.00,55.00,44.00,123.05,475.31,595.13,123.05,55.50,44.50,1.00,1.00,98401.30,97391.31,97411.31,97896.30,55,44,44,55,61471.70,61479.17,,
2026-06-10T16:25:06+08:00,btc-updown-5m-1781079900,https://polymarket.com/zh/event/btc-updown-5m-1781079900,16:25-16:30,61.00,40.00,60.00,39.00,10.00,835.74,110.00,10.00,60.50,39.50,1.00,1.00,98431.30,97446.31,97446.31,98441.30,60,39,39,60,61471.70,61487.43,,
2026-06-10T16:25:08+08:00,btc-updown-5m-1781079900,https://polymarket.com/zh/event/btc-updown-5m-1781079900,16:25-16:30,65.00,36.00,64.00,34.00,90.23,653.69,502.50,269.32,64.50,35.00,1.00,2.00,97530.31,97655.31,97715.31,97540.31,64,35,34,64,61471.70,61487.43,,
2026-06-10T16:25:10+08:00,btc-updown-5m-1781079900,https://polymarket.com/zh/event/btc-updown-5m-1781079900,16:25-16:30,66.00,35.00,65.00,34.00,73.47,421.84,434.34,34.46,65.50,34.50,1.00,1.00,97988.65,97033.66,97033.66,97978.64,65,34,34,65,61471.70,61507.86,,
2026-06-10T16:25:12+08:00,btc-updown-5m-1781079900,https://polymarket.com/zh/event/btc-updown-5m-1781079900,16:25-16:30,67.00,34.00,66.00,33.00,110.00,345.59,387.80,189.50,66.50,33.50,1.00,1.00,97578.64,97088.66,97103.66,98093.64,66,33,33,66,61471.70,61506.86,,
2026-06-10T16:25:14+08:00,btc-updown-5m-1781079900,https://polymarket.com/zh/event/btc-updown-5m-1781079900,16:25-16:30,67.00,34.00,66.00,33.00,513.91,54.87,104.87,428.89,66.50,33.50,1.00,1.00,97683.64,97093.66,97093.66,98588.65,66,33,33,66,61471.70,61506.85,,
2026-06-10T16:25:16+08:00,btc-updown-5m-1781079900,https://polymarket.com/zh/event/btc-updown-5m-1781079900,16:25-16:30,65.00,36.00,64.00,35.00,105.68,464.46,498.69,105.68,64.50,35.50,1.00,1.00,98183.64,97093.66,90888.66,91888.65,64,35,35,64,61471.70,61506.85,,
2026-06-10T16:25:18+08:00,btc-updown-5m-1781079900,https://polymarket.com/zh/event/btc-updown-5m-1781079900,16:25-16:30,70.00,31.00,69.00,30.00,516.49,299.61,286.58,526.51,69.50,30.50,1.00,1.00,92003.64,90898.66,90898.66,92108.64,69,30,30,69,61471.70,61508.09,,
2026-06-10T16:25:19+08:00,btc-updown-5m-1781079900,https://polymarket.com/zh/event/btc-updown-5m-1781079900,16:25-16:30,71.00,30.00,70.00,29.00,35.02,287.97,215.26,35.02,70.50,29.50,1.00,1.00,92028.64,90953.66,90953.66,91513.64,70,29,29,70,61471.70,61512.21,,
2026-06-10T16:25:21+08:00,btc-updown-5m-1781079900,https://polymarket.com/zh/event/btc-updown-5m-1781079900,16:25-16:30,70.00,31.00,69.00,30.00,277.22,277.65,235.38,220.02,69.50,30.50,1.00,1.00,83822.77,82653.79,82653.79,84337.78,69,30,30,69,61471.70,61509.47,,
2026-06-10T16:25:23+08:00,btc-updown-5m-1781079900,https://polymarket.com/zh/event/btc-updown-5m-1781079900,16:25-16:30,69.00,33.00,68.00,32.00,1154.63,142.00,13.95,108.05,68.50,32.50,1.00,1.00,83872.77,82793.79,82793.79,83367.77,68,31,32,67,61471.70,61517.04,,
2026-06-10T16:25:25+08:00,btc-updown-5m-1781079900,https://polymarket.com/zh/event/btc-updown-5m-1781079900,16:25-16:30,66.00,35.00,65.00,34.00,468.08,109.00,120.00,854.85,65.50,34.50,1.00,1.00,84136.67,83144.08,83134.08,84751.68,65,34,34,65,61471.70,61512.21,,
2026-06-10T16:25:27+08:00,btc-updown-5m-1781079900,https://polymarket.com/zh/event/btc-updown-5m-1781079900,16:25-16:30,65.00,36.00,64.00,35.00,503.97,236.09,185.09,415.21,64.50,35.50,1.00,1.00,84948.66,83286.08,83417.38,84119.96,64,35,35,64,61471.70,61506.85,,
2026-06-10T16:25:29+08:00,btc-updown-5m-1781079900,https://polymarket.com/zh/event/btc-updown-5m-1781079900,16:25-16:30,61.00,41.00,60.00,40.00,455.30,278.44,320.21,247.81,60.50,40.50,1.00,1.00,84668.66,83639.38,83609.38,84678.67,60,39,40,59,61471.70,61506.85,,
2026-06-10T16:25:31+08:00,btc-updown-5m-1781079900,https://polymarket.com/zh/event/btc-updown-5m-1781079900,16:25-16:30,59.00,42.00,58.00,41.00,441.98,86.89,111.19,388.59,58.50,41.50,1.00,1.00,72178.66,71699.38,71639.38,73168.66,58,41,41,58,61471.70,61495.70,,
2026-06-10T16:25:33+08:00,btc-updown-5m-1781079900,https://polymarket.com/zh/event/btc-updown-5m-1781079900,16:25-16:30,61.00,40.00,60.00,39.00,50.00,615.01,626.61,55.02,60.50,39.50,1.00,1.00,72847.28,71881.63,71881.63,72847.28,60,39,39,60,61471.70,61495.71,,
2026-06-10T16:25:35+08:00,btc-updown-5m-1781079900,https://polymarket.com/zh/event/btc-updown-5m-1781079900,16:25-16:30,63.00,36.00,62.00,35.00,4.59,384.14,931.75,358.39,62.50,35.50,1.00,1.00,72347.28,71881.63,71881.63,73357.29,62,37,35,64,61471.70,61500.33,,
2026-06-10T16:25:37+08:00,btc-updown-5m-1781079900,https://polymarket.com/zh/event/btc-updown-5m-1781079900,16:25-16:30,65.00,36.00,64.00,35.00,583.21,543.79,527.79,576.96,64.50,35.50,1.00,1.00,73417.28,71846.63,71851.63,72817.28,64,35,35,64,61471.70,61502.00,,
2026-06-10T16:25:39+08:00,btc-updown-5m-1781079900,https://polymarket.com/zh/event/btc-updown-5m-1781079900,16:25-16:30,65.00,36.00,64.00,35.00,380.28,736.42,601.42,321.28,64.50,35.50,1.00,1.00,72947.28,71861.63,71861.63,72947.28,64,35,35,64,61471.70,61504.96,,
2026-06-10T16:25:40+08:00,btc-updown-5m-1781079900,https://polymarket.com/zh/event/btc-updown-5m-1781079900,16:25-16:30,65.00,36.00,64.00,35.00,806.00,163.21,163.21,819.61,64.50,35.50,1.00,1.00,72547.28,71881.63,71891.63,73547.28,64,35,35,64,61471.70,61504.95,,
2026-06-10T16:25:42+08:00,btc-updown-5m-1781079900,https://polymarket.com/zh/event/btc-updown-5m-1781079900,16:25-16:30,65.00,36.00,64.00,35.00,930.28,25.99,25.99,1121.43,64.50,35.50,1.00,1.00,53542.29,52376.63,52376.63,53547.28,64,35,35,64,61471.70,61491.55,,
2026-06-10T16:25:44+08:00,btc-updown-5m-1781079900,https://polymarket.com/zh/event/btc-updown-5m-1781079900,16:25-16:30,64.00,37.00,63.00,36.00,65.04,481.50,595.14,106.06,63.50,36.50,1.00,1.00,52942.28,52376.63,52376.63,53042.29,63,36,36,63,61471.70,61492.55,,
2026-06-10T16:25:46+08:00,btc-updown-5m-1781079900,https://polymarket.com/zh/event/btc-updown-5m-1781079900,16:25-16:30,60.00,42.00,59.00,41.00,1280.87,25.00,90.00,1013.41,59.50,41.50,1.00,1.00,52962.29,52271.63,52241.63,53952.28,59,40,41,58,61471.70,61492.55,,
2026-06-10T16:25:48+08:00,btc-updown-5m-1781079900,https://polymarket.com/zh/event/btc-updown-5m-1781079900,16:25-16:30,55.00,46.00,54.00,45.00,1174.31,143.26,168.26,1240.31,54.50,45.50,1.00,1.00,53478.28,52441.63,52441.63,53983.28,54,45,45,54,61471.70,61485.42,,
2026-06-10T16:25:50+08:00,btc-updown-5m-1781079900,https://polymarket.com/zh/event/btc-updown-5m-1781079900,16:25-16:30,54.00,47.00,53.00,46.00,709.35,222.45,404.95,1036.60,53.50,46.50,1.00,1.00,52983.28,52441.63,52441.63,53478.28,53,46,46,53,61471.70,61483.31,,
2026-06-10T16:25:52+08:00,btc-updown-5m-1781079900,https://polymarket.com/zh/event/btc-updown-5m-1781079900,16:25-16:30,54.00,47.00,53.00,46.00,940.98,139.42,101.55,757.63,53.50,46.50,1.00,1.00,11368.28,10626.63,10626.63,11963.28,53,46,46,53,61471.70,61477.16,,
2026-06-10T16:25:54+08:00,btc-updown-5m-1781079900,https://polymarket.com/zh/event/btc-updown-5m-1781079900,16:25-16:30,54.00,47.00,53.00,46.00,585.21,628.00,398.89,116.39,53.50,46.50,1.00,1.00,12078.28,10626.63,10626.63,11873.28,53,46,46,53,61471.70,61476.86,,
2026-06-10T16:25:56+08:00,btc-updown-5m-1781079900,https://polymarket.com/zh/event/btc-updown-5m-1781079900,16:25-16:30,57.00,44.00,56.00,43.00,497.06,534.77,615.83,497.06,56.50,43.50,1.00,1.00,11083.28,10671.63,10671.63,11088.28,56,43,43,56,61471.70,61481.76,,
2026-06-10T16:25:57+08:00,btc-updown-5m-1781079900,https://polymarket.com/zh/event/btc-updown-5m-1781079900,16:25-16:30,58.00,43.00,57.00,42.00,537.40,614.45,324.13,220.02,57.50,42.50,1.00,1.00,11093.29,10761.63,10761.63,11583.28,57,42,42,57,61471.70,61482.95,,
2026-06-10T16:25:59+08:00,btc-updown-5m-1781079900,https://polymarket.com/zh/event/btc-updown-5m-1781079900,16:25-16:30,61.00,40.00,60.00,39.00,1011.27,126.83,141.83,905.36,60.50,39.50,1.00,1.00,11338.28,10501.63,10501.63,11958.29,60,39,39,60,61471.70,61491.56,,
2026-06-10T16:26:01+08:00,btc-updown-5m-1781079900,https://polymarket.com/zh/event/btc-updown-5m-1781079900,16:25-16:30,56.00,45.00,55.00,44.00,10.85,1104.60,945.38,8.38,55.50,44.50,1.00,1.00,11838.29,10561.63,10566.63,10943.28,55,43,43,55,61471.70,61483.60,,
2026-06-10T16:26:03+08:00,btc-updown-5m-1781079900,https://polymarket.com/zh/event/btc-updown-5m-1781079900,16:25-16:30,54.00,48.00,53.00,47.00,162.85,303.50,52.50,538.86,53.50,47.50,1.00,1.00,11898.28,10496.63,10491.63,10893.28,53,46,47,52,61471.70,61485.93,,
2026-06-10T16:26:05+08:00,btc-updown-5m-1781079900,https://polymarket.com/zh/event/btc-updown-5m-1781079900,16:25-16:30,51.00,50.00,50.00,49.00,1426.30,85.70,67.74,1437.30,50.50,49.50,1.00,1.00,11523.28,10291.63,10391.63,11123.28,50,49,49,50,61471.70,61471.41,,
2026-06-10T16:26:07+08:00,btc-updown-5m-1781079900,https://polymarket.com/zh/event/btc-updown-5m-1781079900,16:25-16:30,51.00,50.00,50.00,49.00,1550.66,24.28,22.40,1665.15,50.50,49.50,1.00,1.00,10614.29,9433.63,9433.63,10609.28,50,49,49,50,61471.70,61470.93,,
2026-06-10T16:26:09+08:00,btc-updown-5m-1781079900,https://polymarket.com/zh/event/btc-updown-5m-1781079900,16:25-16:30,49.00,52.00,48.00,51.00,803.03,378.44,533.39,870.03,48.50,51.50,1.00,1.00,10504.28,9368.63,9368.63,10104.28,48,51,51,48,61471.70,61470.94,,
2026-06-10T16:26:11+08:00,btc-updown-5m-1781079900,https://polymarket.com/zh/event/btc-updown-5m-1781079900,16:25-16:30,49.00,52.00,48.00,51.00,420.33,629.22,419.20,259.33,48.50,51.50,1.00,1.00,10059.28,9364.63,9383.64,10059.28,48,51,51,48,61471.70,61470.94,,
2026-06-10T16:26:13+08:00,btc-updown-5m-1781079900,https://polymarket.com/zh/event/btc-updown-5m-1781079900,16:25-16:30,49.00,52.00,48.00,51.00,284.86,455.96,423.96,284.86,48.50,51.50,1.00,1.00,10259.28,9443.63,9403.63,9989.28,48,51,51,48,61471.70,61470.94,,
2026-06-10T16:26:14+08:00,btc-updown-5m-1781079900,https://polymarket.com/zh/event/btc-updown-5m-1781079900,16:25-16:30,46.00,55.00,45.00,54.00,280.03,1251.40,625.90,160.58,45.50,54.50,1.00,1.00,10089.28,9348.63,9369.63,10194.28,45,54,54,45,61471.70,61461.09,,
2026-06-10T16:26:16+08:00,btc-updown-5m-1781079900,https://polymarket.com/zh/event/btc-updown-5m-1781079900,16:25-16:30,52.00,49.00,51.00,48.00,659.21,596.77,529.75,492.59,51.50,48.50,1.00,1.00,11104.28,9358.63,9358.63,10139.28,51,48,48,51,61471.70,61468.62,,
2026-06-10T16:26:18+08:00,btc-updown-5m-1781079900,https://polymarket.com/zh/event/btc-updown-5m-1781079900,16:25-16:30,52.00,49.00,51.00,48.00,1021.27,63.18,164.53,1038.73,51.50,48.50,1.00,1.00,10884.28,9428.63,9428.63,10374.28,51,48,48,51,61471.70,61470.93,,
2026-06-10T16:26:20+08:00,btc-updown-5m-1781079900,https://polymarket.com/zh/event/btc-updown-5m-1781079900,16:25-16:30,49.00,52.00,48.00,51.00,579.86,545.06,497.68,458.84,48.50,51.50,1.00,1.00,10789.28,9393.63,9409.64,10289.28,48,51,51,48,61471.70,61470.94,,
2026-06-10T16:26:22+08:00,btc-updown-5m-1781079900,https://polymarket.com/zh/event/btc-updown-5m-1781079900,16:25-16:30,51.00,50.00,50.00,49.00,5.80,980.98,899.68,5.80,50.50,49.50,1.00,1.00,10169.29,9318.63,9313.63,10259.28,50,49,49,50,61471.70,61469.51,,
2026-06-10T16:26:24+08:00,btc-updown-5m-1781079900,https://polymarket.com/zh/event/btc-updown-5m-1781079900,16:25-16:30,48.00,53.00,47.00,52.00,654.20,794.45,609.65,377.50,47.50,52.50,1.00,1.00,10719.28,9379.63,9378.63,10819.28,47,52,52,47,61471.70,61458.56,,
2026-06-10T16:26:26+08:00,btc-updown-5m-1781079900,https://polymarket.com/zh/event/btc-updown-5m-1781079900,16:25-16:30,48.00,53.00,47.00,52.00,973.73,250.11,122.09,665.66,47.50,52.50,1.00,1.00,10697.61,9140.30,9146.31,10197.61,47,52,52,47,61471.70,61459.97,,
2026-06-10T16:26:28+08:00,btc-updown-5m-1781079900,https://polymarket.com/zh/event/btc-updown-5m-1781079900,16:25-16:30,46.00,55.00,45.00,54.00,270.59,637.42,534.88,119.59,45.50,54.50,1.00,1.00,9607.61,8500.30,8500.30,9607.61,45,54,54,45,61471.70,61461.74,,
2026-06-10T16:26:30+08:00,btc-updown-5m-1781079900,https://polymarket.com/zh/event/btc-updown-5m-1781079900,16:25-16:30,47.00,56.00,46.00,54.00,1457.92,101.16,10.00,258.90,46.50,55.00,1.00,2.00,10177.61,8576.30,8570.30,10177.61,46,53,54,44,61471.70,61461.74,,
2026-06-10T16:26:32+08:00,btc-updown-5m-1781079900,https://polymarket.com/zh/event/btc-updown-5m-1781079900,16:25-16:30,46.00,55.00,45.00,54.00,57.90,965.81,829.69,57.90,45.50,54.50,1.00,1.00,8687.61,7591.30,7586.30,9187.61,45,54,54,45,61471.70,61461.74,,
2026-06-10T16:26:34+08:00,btc-updown-5m-1781079900,https://polymarket.com/zh/event/btc-updown-5m-1781079900,16:25-16:30,44.00,58.00,43.00,57.00,121.00,55.51,15.00,410.62,43.50,57.50,1.00,1.00,8757.61,7580.30,7590.30,8772.61,43,56,57,42,61471.70,61436.70,,
2026-06-10T16:26:36+08:00,btc-updown-5m-1781079900,https://polymarket.com/zh/event/btc-updown-5m-1781079900,16:25-16:30,42.00,59.00,41.00,58.00,165.47,760.47,781.47,170.47,41.50,58.50,1.00,1.00,8702.61,7665.30,7665.30,8802.61,41,58,58,41,61471.70,61451.99,,
2026-06-10T16:26:38+08:00,btc-updown-5m-1781079900,https://polymarket.com/zh/event/btc-updown-5m-1781079900,16:25-16:30,44.00,57.00,43.00,56.00,457.31,267.99,304.68,355.53,43.50,56.50,1.00,1.00,8697.61,7591.30,7601.30,9202.61,43,56,56,43,61471.70,61458.00,,
2026-06-10T16:26:40+08:00,btc-updown-5m-1781079900,https://polymarket.com/zh/event/btc-updown-5m-1781079900,16:25-16:30,46.00,55.00,45.00,54.00,734.25,109.67,126.04,914.75,45.50,54.50,1.00,1.00,8762.61,7591.30,7575.30,9262.61,45,54,54,45,61471.70,61462.66,,
2026-06-10T16:26:42+08:00,btc-updown-5m-1781079900,https://polymarket.com/zh/event/btc-updown-5m-1781079900,16:25-16:30,49.00,52.00,48.00,51.00,479.74,478.31,442.31,499.72,48.50,51.50,1.00,1.00,9192.61,7661.31,7645.30,8677.61,48,51,51,48,61471.70,61462.67,,
2026-06-10T16:26:44+08:00,btc-updown-5m-1781079900,https://polymarket.com/zh/event/btc-updown-5m-1781079900,16:25-16:30,44.00,57.00,43.00,56.00,331.96,10.00,139.50,1247.73,43.50,56.50,1.00,1.00,8787.61,7581.30,7580.30,8697.61,43,56,56,43,61471.70,61466.01,,
2026-06-10T16:26:45+08:00,btc-updown-5m-1781079900,https://polymarket.com/zh/event/btc-updown-5m-1781079900,16:25-16:30,40.00,63.00,39.00,62.00,1086.37,496.30,5.00,292.45,39.50,62.50,1.00,1.00,8857.61,7586.30,7580.30,8857.61,39,60,62,37,61471.70,61449.00,,
2026-06-10T16:26:47+08:00,btc-updown-5m-1781079900,https://polymarket.com/zh/event/btc-updown-5m-1781079900,16:25-16:30,36.00,65.00,35.00,64.00,280.12,647.52,127.60,245.33,35.50,64.50,1.00,1.00,9257.61,7660.32,7681.32,9257.61,35,64,64,35,61471.70,61438.10,,
2026-06-10T16:26:49+08:00,btc-updown-5m-1781079900,https://polymarket.com/zh/event/btc-updown-5m-1781079900,16:25-16:30,37.00,64.00,36.00,63.00,430.48,0.02,0.02,525.91,36.50,63.50,1.00,1.00,8802.61,7601.30,7596.30,8802.61,36,63,63,36,61471.70,61442.85,,
2026-06-10T16:26:51+08:00,btc-updown-5m-1781079900,https://polymarket.com/zh/event/btc-updown-5m-1781079900,16:25-16:30,36.00,65.00,35.00,64.00,458.81,300.51,70.48,291.33,35.50,64.50,1.00,1.00,9357.61,7565.30,7596.30,9372.61,35,64,64,35,61471.70,61442.85,,
2026-06-10T16:26:53+08:00,btc-updown-5m-1781079900,https://polymarket.com/zh/event/btc-updown-5m-1781079900,16:25-16:30,34.00,67.00,33.00,66.00,132.47,859.06,759.15,142.96,33.50,66.50,1.00,1.00,9252.61,7645.31,7641.30,8852.61,33,66,66,33,61471.70,61442.85,,
2026-06-10T16:26:55+08:00,btc-updown-5m-1781079900,https://polymarket.com/zh/event/btc-updown-5m-1781079900,16:25-16:30,33.00,68.00,32.00,67.00,509.62,151.10,151.10,484.41,32.50,67.50,1.00,1.00,9187.61,7565.30,7581.31,8687.61,32,67,67,32,61471.70,61436.99,,
2026-06-10T16:26:57+08:00,btc-updown-5m-1781079900,https://polymarket.com/zh/event/btc-updown-5m-1781079900,16:25-16:30,33.00,68.00,32.00,67.00,269.41,686.75,485.47,63.15,32.50,67.50,1.00,1.00,8598.61,7480.30,7480.30,9098.61,32,67,67,32,61471.70,61438.30,,
2026-06-10T16:26:59+08:00,btc-updown-5m-1781079900,https://polymarket.com/zh/event/btc-updown-5m-1781079900,16:25-16:30,35.00,66.00,34.00,65.00,15.00,813.49,125.96,45.33,34.50,65.50,1.00,1.00,9042.90,7541.30,7535.30,9042.90,34,65,65,34,61471.70,61442.86,,
2026-06-10T16:27:01+08:00,btc-updown-5m-1781079900,https://polymarket.com/zh/event/btc-updown-5m-1781079900,16:25-16:30,36.00,65.00,35.00,64.00,151.55,439.37,448.55,186.55,35.50,64.50,1.00,1.00,8473.90,7233.30,7233.30,8473.90,35,64,64,35,61471.70,61442.85,,
2026-06-10T16:27:03+08:00,btc-updown-5m-1781079900,https://polymarket.com/zh/event/btc-updown-5m-1781079900,16:25-16:30,36.00,65.00,35.00,64.00,12.59,1830.86,1268.37,12.59,35.50,64.50,1.00,1.00,8759.90,7343.30,7327.30,8759.90,35,64,62,35,61471.70,61444.69,,
2026-06-10T16:27:05+08:00,btc-updown-5m-1781079900,https://polymarket.com/zh/event/btc-updown-5m-1781079900,16:25-16:30,38.00,63.00,37.00,62.00,631.42,243.62,245.21,658.48,37.50,62.50,1.00,1.00,8518.90,7517.30,7508.30,8603.90,37,62,62,37,61471.70,61447.99,,
2026-06-10T16:27:07+08:00,btc-updown-5m-1781079900,https://polymarket.com/zh/event/btc-updown-5m-1781079900,16:25-16:30,38.00,63.00,37.00,62.00,260.97,607.83,536.83,260.97,37.50,62.50,1.00,1.00,8718.90,7463.30,7364.30,8618.90,37,62,62,37,61471.70,61448.00,,
2026-06-10T16:27:09+08:00,btc-updown-5m-1781079900,https://polymarket.com/zh/event/btc-updown-5m-1781079900,16:25-16:30,33.00,68.00,32.00,67.00,541.26,164.96,137.75,569.39,32.50,67.50,1.00,1.00,8752.00,7349.30,7354.30,8802.00,32,67,67,32,61471.70,61423.51,,
2026-06-10T16:27:10+08:00,btc-updown-5m-1781079900,https://polymarket.com/zh/event/btc-updown-5m-1781079900,16:25-16:30,34.00,67.00,33.00,66.00,125.56,1015.53,905.83,92.31,33.50,66.50,1.00,1.00,8888.50,7508.30,7507.30,8894.50,33,66,66,33,61471.70,61437.30,,
2026-06-10T16:27:12+08:00,btc-updown-5m-1781079900,https://polymarket.com/zh/event/btc-updown-5m-1781079900,16:25-16:30,33.00,69.00,32.00,68.00,643.01,243.52,45.02,85.00,32.50,68.50,1.00,1.00,8709.50,7417.30,7427.30,8709.50,32,67,68,31,61471.70,61439.08,,
2026-06-10T16:27:14+08:00,btc-updown-5m-1781079900,https://polymarket.com/zh/event/btc-updown-5m-1781079900,16:25-16:30,32.00,69.00,31.00,68.00,34.79,1093.21,1158.85,34.79,31.50,68.50,1.00,1.00,8774.50,7323.30,7339.30,8874.50,31,68,68,31,61471.70,61437.99,,
2026-06-10T16:27:16+08:00,btc-updown-5m-1781079900,https://polymarket.com/zh/event/btc-updown-5m-1781079900,16:25-16:30,33.00,68.00,32.00,67.00,238.46,984.16,848.33,238.46,32.50,67.50,1.00,1.00,8784.50,7514.30,7524.30,8899.50,32,67,67,32,61471.70,61440.86,,
2026-06-10T16:27:18+08:00,btc-updown-5m-1781079900,https://polymarket.com/zh/event/btc-updown-5m-1781079900,16:25-16:30,35.00,66.00,34.00,65.00,706.23,398.23,221.27,577.23,34.50,65.50,1.00,1.00,8623.50,7347.31,7342.30,8629.50,34,65,65,34,61471.70,61446.13,,
2026-06-10T16:27:20+08:00,btc-updown-5m-1781079900,https://polymarket.com/zh/event/btc-updown-5m-1781079900,16:25-16:30,35.00,66.00,34.00,65.00,224.68,70.85,62.00,926.51,34.50,65.50,1.00,1.00,8699.50,7342.30,7333.30,8684.50,34,65,65,34,61471.70,61446.13,,
2026-06-10T16:27:22+08:00,btc-updown-5m-1781079900,https://polymarket.com/zh/event/btc-updown-5m-1781079900,16:25-16:30,34.00,67.00,33.00,66.00,284.58,939.88,470.80,50.00,33.50,66.50,1.00,1.00,8764.50,7518.31,7503.30,8764.50,33,66,66,33,61471.70,61445.99,,
2026-06-10T16:27:24+08:00,btc-updown-5m-1781079900,https://polymarket.com/zh/event/btc-updown-5m-1781079900,16:25-16:30,35.00,66.00,34.00,65.00,546.13,431.68,436.80,553.13,34.50,65.50,1.00,1.00,8519.50,7349.30,7333.30,8619.50,34,65,65,34,61471.70,61445.04,,
2026-06-10T16:27:26+08:00,btc-updown-5m-1781079900,https://polymarket.com/zh/event/btc-updown-5m-1781079900,16:25-16:30,35.00,66.00,34.00,65.00,691.81,353.31,265.70,646.41,34.50,65.50,1.00,1.00,8740.50,7364.30,7364.30,8566.50,34,65,65,34,61471.70,61445.04,,
2026-06-10T16:27:28+08:00,btc-updown-5m-1781079900,https://polymarket.com/zh/event/btc-updown-5m-1781079900,16:25-16:30,36.00,65.00,35.00,64.00,47.09,1122.44,1022.64,12.59,35.50,64.50,1.00,1.00,8916.50,7539.30,7529.30,8696.50,35,64,64,35,61471.70,61445.83,,
2026-06-10T16:27:30+08:00,btc-updown-5m-1781079900,https://polymarket.com/zh/event/btc-updown-5m-1781079900,16:25-16:30,37.00,64.00,36.00,63.00,149.30,801.65,778.74,114.16,36.50,63.50,1.00,1.00,8723.50,7523.30,7528.30,8723.50,36,63,63,36,61471.70,61450.26,,
2026-06-10T16:27:31+08:00,btc-updown-5m-1781079900,https://polymarket.com/zh/event/btc-updown-5m-1781079900,16:25-16:30,37.00,64.00,36.00,63.00,745.43,29.77,29.77,629.27,36.50,63.50,1.00,1.00,8623.50,7327.30,7332.30,8608.50,36,63,63,36,61471.70,61450.27,,
2026-06-10T16:27:33+08:00,btc-updown-5m-1781079900,https://polymarket.com/zh/event/btc-updown-5m-1781079900,16:25-16:30,36.00,66.00,35.00,65.00,1000.35,349.26,15.85,269.38,35.50,65.50,1.00,1.00,8584.50,7403.30,7403.30,8684.50,35,64,65,34,61471.70,61439.45,,
2026-06-10T16:27:35+08:00,btc-updown-5m-1781079900,https://polymarket.com/zh/event/btc-updown-5m-1781079900,16:25-16:30,33.00,68.00,32.00,67.00,445.36,589.49,577.49,459.36,32.50,67.50,1.00,1.00,8435.50,7399.30,7413.31,8440.50,32,67,67,32,61471.70,61437.87,,
2026-06-10T16:27:37+08:00,btc-updown-5m-1781079900,https://polymarket.com/zh/event/btc-updown-5m-1781079900,16:25-16:30,33.00,68.00,32.00,67.00,658.25,643.15,243.35,402.98,32.50,67.50,1.00,1.00,8529.50,7358.30,7348.30,8529.50,32,67,67,32,61471.70,61441.99,,
2026-06-10T16:27:39+08:00,btc-updown-5m-1781079900,https://polymarket.com/zh/event/btc-updown-5m-1781079900,16:25-16:30,33.00,68.00,32.00,67.00,445.02,682.32,515.82,354.02,32.50,67.50,1.00,1.00,8531.50,7397.30,7497.30,8521.50,32,67,67,32,61471.70,61442.69,,
2026-06-10T16:27:41+08:00,btc-updown-5m-1781079900,https://polymarket.com/zh/event/btc-updown-5m-1781079900,16:25-16:30,33.00,68.00,32.00,67.00,210.94,551.84,865.47,420.46,32.50,67.50,1.00,1.00,8257.50,7439.30,7423.30,8357.50,32,67,67,32,61471.70,61445.04,,
2026-06-10T16:27:43+08:00,btc-updown-5m-1781079900,https://polymarket.com/zh/event/btc-updown-5m-1781079900,16:25-16:30,33.00,68.00,32.00,67.00,921.37,98.11,283.11,977.40,32.50,67.50,1.00,1.00,8473.50,7343.31,7364.30,8273.50,32,67,67,32,61471.70,61441.12,,
2026-06-10T16:27:45+08:00,btc-updown-5m-1781079900,https://polymarket.com/zh/event/btc-updown-5m-1781079900,16:25-16:30,32.00,69.00,31.00,68.00,81.54,706.64,579.78,124.04,31.50,68.50,1.00,1.00,8549.50,7354.30,7344.30,8449.50,31,68,68,31,61471.70,61432.28,,
2026-06-10T16:27:47+08:00,btc-updown-5m-1781079900,https://polymarket.com/zh/event/btc-updown-5m-1781079900,16:25-16:30,32.00,70.00,31.00,69.00,872.72,473.42,2.91,121.61,31.50,69.50,1.00,1.00,8510.17,7408.30,7408.30,8625.17,31,68,69,30,61471.70,61441.21,,
2026-06-10T16:27:48+08:00,btc-updown-5m-1781079900,https://polymarket.com/zh/event/btc-updown-5m-1781079900,16:25-16:30,31.00,70.00,30.00,69.00,273.95,629.08,693.08,351.95,30.50,69.50,1.00,1.00,8443.17,7347.30,7358.30,8443.17,30,69,69,30,61471.70,61438.98,,
2026-06-10T16:27:50+08:00,btc-updown-5m-1781079900,https://polymarket.com/zh/event/btc-updown-5m-1781079900,16:25-16:30,30.00,71.00,29.00,70.00,588.71,408.59,353.59,487.14,29.50,70.50,1.00,1.00,8514.17,7248.30,7248.31,8599.17,29,70,70,29,61471.70,61438.97,,
2026-06-10T16:27:52+08:00,btc-updown-5m-1781079900,https://polymarket.com/zh/event/btc-updown-5m-1781079900,16:25-16:30,30.00,71.00,29.00,70.00,383.54,399.09,479.65,358.54,29.50,70.50,1.00,1.00,8385.17,7314.30,7309.30,8385.17,29,70,70,29,61471.70,61435.45,,
2026-06-10T16:27:54+08:00,btc-updown-5m-1781079900,https://polymarket.com/zh/event/btc-updown-5m-1781079900,16:25-16:30,30.00,71.00,29.00,70.00,54.19,1036.70,944.70,36.28,29.50,70.50,1.00,1.00,8219.17,7134.30,7123.30,8219.17,29,70,70,29,61471.70,61435.44,,
2026-06-10T16:27:56+08:00,btc-updown-5m-1781079900,https://polymarket.com/zh/event/btc-updown-5m-1781079900,16:25-16:30,31.00,70.00,30.00,69.00,272.78,388.01,395.01,256.65,30.50,69.50,1.00,1.00,8545.36,7243.30,7232.30,8545.36,30,69,69,30,61471.70,61437.14,,
2026-06-10T16:27:58+08:00,btc-updown-5m-1781079900,https://polymarket.com/zh/event/btc-updown-5m-1781079900,16:25-16:30,31.00,70.00,30.00,69.00,440.14,235.73,235.73,460.14,30.50,69.50,1.00,1.00,8491.36,7417.31,7397.30,8476.36,30,69,69,30,61471.70,61437.14,,
2026-06-10T16:28:00+08:00,btc-updown-5m-1781079900,https://polymarket.com/zh/event/btc-updown-5m-1781079900,16:25-16:30,31.00,70.00,30.00,69.00,240.46,131.68,77.65,440.18,30.50,69.50,1.00,1.00,8287.36,7138.30,7143.30,8281.36,30,69,69,30,61471.70,61437.14,,
2026-06-10T16:28:02+08:00,btc-updown-5m-1781079900,https://polymarket.com/zh/event/btc-updown-5m-1781079900,16:25-16:30,33.00,68.00,32.00,67.00,470.80,689.25,693.25,470.80,32.50,67.50,1.00,1.00,8184.36,7134.30,7132.30,8193.36,32,67,67,32,61471.70,61444.38,,
2026-06-10T16:28:04+08:00,btc-updown-5m-1781079900,https://polymarket.com/zh/event/btc-updown-5m-1781079900,16:25-16:30,33.00,68.00,32.00,67.00,631.94,151.73,206.73,632.94,32.50,67.50,1.00,1.00,7908.36,7308.30,7293.30,8008.36,32,67,67,32,61471.70,61444.37,,
2026-06-10T16:28:06+08:00,btc-updown-5m-1781079900,https://polymarket.com/zh/event/btc-updown-5m-1781079900,16:25-16:30,32.00,69.00,31.00,68.00,398.47,99.76,99.74,415.49,31.50,68.50,1.00,1.00,7929.36,7113.30,7102.30,7929.36,31,68,68,31,61471.70,61444.38,,
2026-06-10T16:28:08+08:00,btc-updown-5m-1781079900,https://polymarket.com/zh/event/btc-updown-5m-1781079900,16:25-16:30,31.00,70.00,30.00,69.00,197.39,319.15,334.98,129.68,30.50,69.50,1.00,1.00,8146.56,7118.30,7134.30,8146.56,30,69,69,30,61471.70,61444.37,,
2026-06-10T16:28:10+08:00,btc-updown-5m-1781079900,https://polymarket.com/zh/event/btc-updown-5m-1781079900,16:25-16:30,33.00,68.00,32.00,67.00,165.09,1038.60,977.04,174.59,32.50,67.50,1.00,1.00,8346.56,7283.30,7294.30,7976.56,32,67,67,32,61471.70,61444.37,,
2026-06-10T16:28:11+08:00,btc-updown-5m-1781079900,https://polymarket.com/zh/event/btc-updown-5m-1781079900,16:25-16:30,35.00,66.00,34.00,65.00,424.51,734.36,344.46,258.51,34.50,65.50,1.00,1.00,8167.56,7108.31,7098.30,8167.56,34,65,65,34,61471.70,61451.10,,
2026-06-10T16:28:13+08:00,btc-updown-5m-1781079900,https://polymarket.com/zh/event/btc-updown-5m-1781079900,16:25-16:30,45.00,56.00,44.00,55.00,2.06,434.86,70.36,12.59,44.50,55.50,1.00,1.00,7945.56,7146.31,7157.34,7993.56,44,55,55,44,61471.70,61461.62,,
2026-06-10T16:28:15+08:00,btc-updown-5m-1781079900,https://polymarket.com/zh/event/btc-updown-5m-1781079900,16:25-16:30,49.00,52.00,48.00,51.00,346.09,968.28,980.59,371.09,48.50,51.50,1.00,1.00,8203.89,7415.30,7420.31,8303.89,48,51,51,48,61471.70,61462.66,,
2026-06-10T16:28:17+08:00,btc-updown-5m-1781079900,https://polymarket.com/zh/event/btc-updown-5m-1781079900,16:25-16:30,46.00,59.00,44.00,57.00,143.50,135.51,22.82,172.39,45.00,58.00,2.00,2.00,8108.89,7317.31,7317.31,8118.89,44,54,57,41,61471.70,61460.12,,
2026-06-10T16:28:19+08:00,btc-updown-5m-1781079900,https://polymarket.com/zh/event/btc-updown-5m-1781079900,16:25-16:30,42.00,59.00,41.00,58.00,291.49,831.89,837.89,291.49,41.50,58.50,1.00,1.00,8108.89,7266.30,7256.30,8108.89,41,58,58,41,61471.70,61458.36,,
2026-06-10T16:28:21+08:00,btc-updown-5m-1781079900,https://polymarket.com/zh/event/btc-updown-5m-1781079900,16:25-16:30,39.00,62.00,38.00,61.00,113.33,251.91,196.96,453.26,38.50,61.50,1.00,1.00,7807.21,6811.60,6900.60,7807.21,38,61,61,38,61471.70,61457.65,,
2026-06-10T16:28:23+08:00,btc-updown-5m-1781079900,https://polymarket.com/zh/event/btc-updown-5m-1781079900,16:25-16:30,41.00,60.00,40.00,59.00,239.78,547.36,80.00,281.53,40.50,59.50,1.00,1.00,7652.21,6953.60,6933.60,7637.21,40,59,59,40,61471.70,61455.19,,
2026-06-10T16:28:25+08:00,btc-updown-5m-1781079900,https://polymarket.com/zh/event/btc-updown-5m-1781079900,16:25-16:30,37.00,64.00,36.00,63.00,91.15,9.81,9.81,334.33,36.50,63.50,1.00,1.00,7537.21,6736.60,6750.61,7552.21,36,63,63,36,61471.70,61454.40,,
2026-06-10T16:28:27+08:00,btc-updown-5m-1781079900,https://polymarket.com/zh/event/btc-updown-5m-1781079900,16:25-16:30,38.00,63.00,37.00,62.00,147.21,1022.54,726.72,145.36,37.50,62.50,1.00,1.00,7812.21,6859.60,6880.61,7812.21,37,62,62,37,61471.70,61454.40,,
2026-06-10T16:28:29+08:00,btc-updown-5m-1781079900,https://polymarket.com/zh/event/btc-updown-5m-1781079900,16:25-16:30,38.00,63.00,37.00,62.00,162.97,1044.51,963.54,89.33,37.50,62.50,1.00,1.00,7632.21,6968.60,6854.60,7517.21,37,62,62,37,61471.70,61456.63,,
2026-06-10T16:28:31+08:00,btc-updown-5m-1781079900,https://polymarket.com/zh/event/btc-updown-5m-1781079900,16:25-16:30,38.00,63.00,37.00,62.00,733.13,299.06,307.00,751.13,37.50,62.50,1.00,1.00,7407.21,6653.60,6659.60,7507.21,37,62,62,37,61471.70,61456.63,,
2026-06-10T16:28:33+08:00,btc-updown-5m-1781079900,https://polymarket.com/zh/event/btc-updown-5m-1781079900,16:25-16:30,38.00,63.00,37.00,62.00,666.01,613.29,580.29,555.51,37.50,62.50,1.00,1.00,7592.21,6823.60,6829.61,7677.21,37,62,62,37,61471.70,61456.63,,
2026-06-10T16:28:35+08:00,btc-updown-5m-1781079900,https://polymarket.com/zh/event/btc-updown-5m-1781079900,16:25-16:30,38.00,63.00,37.00,62.00,360.27,740.91,566.91,125.11,37.50,62.50,1.00,1.00,7528.21,6895.60,6875.60,7513.21,37,62,62,37,61471.70,61456.63,,
2026-06-10T16:28:37+08:00,btc-updown-5m-1781079900,https://polymarket.com/zh/event/btc-updown-5m-1781079900,16:25-16:30,39.00,62.00,38.00,61.00,598.45,321.42,321.42,545.45,38.50,61.50,1.00,1.00,7528.21,6783.60,6783.60,7528.21,38,61,61,38,61471.70,61458.99,,
2026-06-10T16:28:39+08:00,btc-updown-5m-1781079900,https://polymarket.com/zh/event/btc-updown-5m-1781079900,16:25-16:30,37.00,68.00,35.00,65.00,266.90,13.49,46.96,22.00,36.00,66.50,2.00,3.00,7777.21,6778.60,6778.60,7677.21,35,63,65,31,61471.70,61458.99,,
2026-06-10T16:28:41+08:00,btc-updown-5m-1781079900,https://polymarket.com/zh/event/btc-updown-5m-1781079900,16:25-16:30,35.00,66.00,34.00,65.00,683.26,274.87,80.27,632.79,34.50,65.50,1.00,1.00,7760.21,6948.60,6879.60,7545.21,34,65,65,34,61471.70,61457.41,,
2026-06-10T16:28:43+08:00,btc-updown-5m-1781079900,https://polymarket.com/zh/event/btc-updown-5m-1781079900,16:25-16:30,37.00,64.00,36.00,63.00,268.90,305.87,773.72,675.98,36.50,63.50,1.00,1.00,7972.21,6789.61,6775.60,7757.21,36,63,63,36,61471.70,61457.41,,
2026-06-10T16:28:45+08:00,btc-updown-5m-1781079900,https://polymarket.com/zh/event/btc-updown-5m-1781079900,16:25-16:30,35.00,66.00,34.00,65.00,48.02,1006.14,117.39,49.00,34.50,65.50,1.00,1.00,8121.21,6768.60,6794.61,7936.21,34,65,65,34,61471.70,61451.99,,
2026-06-10T16:28:46+08:00,btc-updown-5m-1781079900,https://polymarket.com/zh/event/btc-updown-5m-1781079900,16:25-16:30,36.00,65.00,35.00,64.00,877.16,230.02,230.02,1089.40,35.50,64.50,1.00,1.00,8022.21,6953.61,6943.60,8122.21,35,64,64,35,61471.70,61456.21,,
2026-06-10T16:28:49+08:00,btc-updown-5m-1781079900,https://polymarket.com/zh/event/btc-updown-5m-1781079900,16:25-16:30,33.00,68.00,32.00,67.00,530.73,369.62,369.62,548.73,32.50,67.50,1.00,1.00,7771.21,6779.60,6779.60,8031.14,32,67,67,32,61471.70,61456.21,,
2026-06-10T16:28:51+08:00,btc-updown-5m-1781079900,https://polymarket.com/zh/event/btc-updown-5m-1781079900,16:25-16:30,30.00,71.00,29.00,70.00,430.02,435.78,197.06,267.79,29.50,70.50,1.00,1.00,8066.14,6835.60,6960.60,8081.14,29,70,70,29,61471.70,61452.02,,
2026-06-10T16:28:53+08:00,btc-updown-5m-1781079900,https://polymarket.com/zh/event/btc-updown-5m-1781079900,16:25-16:30,30.00,72.00,29.00,71.00,321.92,101.50,52.50,149.00,29.50,71.50,1.00,1.00,7890.14,6874.61,6874.61,7842.14,29,70,71,28,61471.70,61456.21,,
2026-06-10T16:28:55+08:00,btc-updown-5m-1781079900,https://polymarket.com/zh/event/btc-updown-5m-1781079900,16:25-16:30,27.00,74.00,26.00,73.00,646.07,226.91,221.91,693.53,26.50,73.50,1.00,1.00,7848.14,6763.60,6748.61,7886.14,26,73,73,26,61471.70,61450.27,,
2026-06-10T16:28:57+08:00,btc-updown-5m-1781079900,https://polymarket.com/zh/event/btc-updown-5m-1781079900,16:25-16:30,27.00,74.00,26.00,73.00,600.24,78.00,85.66,607.96,26.50,73.50,1.00,1.00,8071.14,6778.61,6769.60,8071.14,26,73,73,26,61471.70,61450.27,,
2026-06-10T16:28:59+08:00,btc-updown-5m-1781079900,https://polymarket.com/zh/event/btc-updown-5m-1781079900,16:25-16:30,27.00,74.00,26.00,72.00,163.95,713.13,835.06,51.56,26.50,73.00,1.00,2.00,8151.14,6933.60,6943.61,8251.14,26,73,72,26,61471.70,61450.27,,
2026-06-10T16:29:00+08:00,btc-updown-5m-1781079900,https://polymarket.com/zh/event/btc-updown-5m-1781079900,16:25-16:30,28.00,73.00,27.00,72.00,557.30,357.71,240.96,47.80,27.50,72.50,1.00,1.00,7890.14,6974.60,6963.60,7840.14,27,72,72,27,61471.70,61450.27,,
2026-06-10T16:29:02+08:00,btc-updown-5m-1781079900,https://polymarket.com/zh/event/btc-updown-5m-1781079900,16:25-16:30,33.00,68.00,32.00,67.00,420.58,571.42,461.79,395.08,32.50,67.50,1.00,1.00,7576.14,6654.60,6668.60,7591.14,32,67,67,32,61471.70,61455.65,,
2026-06-10T16:29:04+08:00,btc-updown-5m-1781079900,https://polymarket.com/zh/event/btc-updown-5m-1781079900,16:25-16:30,24.00,77.00,23.00,72.00,69.00,996.45,100.57,3.36,23.50,74.50,1.00,5.00,7484.14,6654.60,6664.60,7499.14,23,76,72,23,61471.70,61449.32,,
2026-06-10T16:29:06+08:00,btc-updown-5m-1781079900,https://polymarket.com/zh/event/btc-updown-5m-1781079900,16:25-16:30,35.00,68.00,34.00,67.00,841.21,5.00,63.00,511.57,34.50,67.50,1.00,1.00,7475.81,6564.60,6574.61,7475.81,34,65,67,32,61471.70,61456.01,,
2026-06-10T16:29:08+08:00,btc-updown-5m-1781079900,https://polymarket.com/zh/event/btc-updown-5m-1781079900,16:25-16:30,32.00,69.00,31.00,68.00,346.18,441.90,457.90,346.18,31.50,68.50,1.00,1.00,7475.81,6574.60,6558.60,7475.81,31,68,68,31,61471.70,61456.21,,
2026-06-10T16:29:10+08:00,btc-updown-5m-1781079900,https://polymarket.com/zh/event/btc-updown-5m-1781079900,16:25-16:30,35.00,67.00,34.00,66.00,678.15,5.02,91.12,85.02,34.50,66.50,1.00,1.00,7545.81,6543.60,6559.60,7545.81,34,65,66,33,61471.70,61456.62,,
2026-06-10T16:29:12+08:00,btc-updown-5m-1781079900,https://polymarket.com/zh/event/btc-updown-5m-1781079900,16:25-16:30,33.00,68.00,32.00,67.00,380.47,629.50,565.50,323.65,32.50,67.50,1.00,1.00,7620.81,6724.60,6719.60,7620.81,32,67,67,32,61471.70,61456.62,,
2026-06-10T16:29:14+08:00,btc-updown-5m-1781079900,https://polymarket.com/zh/event/btc-updown-5m-1781079900,16:25-16:30,32.00,69.00,31.00,68.00,276.30,345.02,340.00,301.30,31.50,68.50,1.00,1.00,7445.81,6523.60,6513.60,7430.81,31,68,68,31,61471.70,61456.62,,
2026-06-10T16:29:16+08:00,btc-updown-5m-1781079900,https://polymarket.com/zh/event/btc-updown-5m-1781079900,16:25-16:30,32.00,69.00,31.00,68.00,923.70,5.00,5.00,789.20,31.50,68.50,1.00,1.00,7600.81,6529.60,6544.60,7615.81,31,68,68,31,61471.70,61456.63,,
2026-06-10T16:29:18+08:00,btc-updown-5m-1781079900,https://polymarket.com/zh/event/btc-updown-5m-1781079900,16:25-16:30,33.00,68.00,32.00,67.00,130.92,369.78,493.80,537.36,32.50,67.50,1.00,1.00,7545.81,6688.60,6623.60,7445.81,32,67,67,32,61471.70,61456.62,,
2026-06-10T16:29:20+08:00,btc-updown-5m-1781079900,https://polymarket.com/zh/event/btc-updown-5m-1781079900,16:25-16:30,29.00,72.00,28.00,71.00,251.56,294.31,168.50,222.56,28.50,71.50,1.00,1.00,7430.81,6309.60,6308.60,7430.81,28,71,71,28,61471.70,61456.62,,
2026-06-10T16:29:21+08:00,btc-updown-5m-1781079900,https://polymarket.com/zh/event/btc-updown-5m-1781079900,16:25-16:30,30.00,71.00,29.00,70.00,247.41,390.44,341.44,253.61,29.50,70.50,1.00,1.00,7480.88,6609.60,6604.60,7480.88,29,70,70,29,61471.70,61456.62,,
2026-06-10T16:29:23+08:00,btc-updown-5m-1781079900,https://polymarket.com/zh/event/btc-updown-5m-1781079900,16:25-16:30,36.00,65.00,35.00,64.00,321.83,552.69,907.99,274.99,35.50,64.50,1.00,1.00,7594.69,6699.60,6709.60,7594.69,35,63,64,35,61471.70,61459.00,,
2026-06-10T16:29:25+08:00,btc-updown-5m-1781079900,https://polymarket.com/zh/event/btc-updown-5m-1781079900,16:25-16:30,43.00,58.00,42.00,57.00,283.67,630.69,764.46,10.67,42.50,57.50,1.00,1.00,7667.69,6554.60,6553.61,7667.69,42,56,57,42,61471.70,61461.12,,
2026-06-10T16:29:27+08:00,btc-updown-5m-1781079900,https://polymarket.com/zh/event/btc-updown-5m-1781079900,16:25-16:30,50.00,51.00,49.00,50.00,166.24,749.24,848.48,234.20,49.50,50.50,1.00,1.00,8022.69,6408.60,6413.60,8022.69,49,50,50,49,61471.70,61466.78,,
2026-06-10T16:29:29+08:00,btc-updown-5m-1781079900,https://polymarket.com/zh/event/btc-updown-5m-1781079900,16:25-16:30,32.00,69.00,31.00,68.00,214.57,208.71,208.71,214.57,31.50,68.50,1.00,1.00,7886.02,6824.60,6824.60,7886.02,30,68,68,30,61471.70,61462.64,,
2026-06-10T16:29:31+08:00,btc-updown-5m-1781079900,https://polymarket.com/zh/event/btc-updown-5m-1781079900,16:25-16:30,31.00,70.00,30.00,69.00,462.74,270.03,311.08,489.74,30.50,69.50,1.00,1.00,7822.10,6580.68,6559.68,7817.10,27,69,69,27,61471.70,61457.96,,
2026-06-10T16:29:33+08:00,btc-updown-5m-1781079900,https://polymarket.com/zh/event/btc-updown-5m-1781079900,16:25-16:30,32.00,69.00,31.00,68.00,130.78,654.48,689.48,130.78,31.50,68.50,1.00,1.00,7982.10,6394.69,6629.68,7982.10,27,68,68,28,61471.70,61461.11,,
2026-06-10T16:29:35+08:00,btc-updown-5m-1781079900,https://polymarket.com/zh/event/btc-updown-5m-1781079900,16:25-16:30,32.00,69.00,31.00,68.00,268.66,306.23,193.25,189.66,31.50,68.50,1.00,1.00,7195.11,6113.69,6112.70,7195.11,28,68,68,28,61471.70,61461.98,,
2026-06-10T16:29:37+08:00,btc-updown-5m-1781079900,https://polymarket.com/zh/event/btc-updown-5m-1781079900,16:25-16:30,33.00,68.00,32.00,67.00,64.00,834.56,955.47,14.00,32.50,67.50,1.00,1.00,7081.78,5878.69,5867.69,7081.78,30,67,67,30,61471.70,61461.98,,
2026-06-10T16:29:39+08:00,btc-updown-5m-1781079900,https://polymarket.com/zh/event/btc-updown-5m-1781079900,16:25-16:30,34.00,57.00,33.00,56.00,5.00,38.00,947.15,5.00,33.50,56.50,1.00,1.00,7251.78,5634.69,5695.69,7251.78,32,62,54,43,61471.70,61462.68,,
2026-06-10T16:29:40+08:00,btc-updown-5m-1781079900,https://polymarket.com/zh/event/btc-updown-5m-1781079900,16:25-16:30,50.00,51.00,49.00,50.00,337.93,831.60,856.96,343.29,49.50,50.50,1.00,1.00,7077.28,5785.19,5796.19,7092.28,48,50,50,47,61471.70,61466.78,,
2026-06-10T16:29:42+08:00,btc-updown-5m-1781079900,https://polymarket.com/zh/event/btc-updown-5m-1781079900,16:25-16:30,50.00,51.00,49.00,50.00,525.67,200.60,494.60,535.25,49.50,50.50,1.00,1.00,6987.89,5621.20,5605.19,6982.89,49,50,50,49,61471.70,61469.95,,
2026-06-10T16:29:44+08:00,btc-updown-5m-1781079900,https://polymarket.com/zh/event/btc-updown-5m-1781079900,16:25-16:30,50.00,51.00,49.00,50.00,815.66,96.28,166.82,608.72,49.50,50.50,1.00,1.00,7152.89,5606.19,5625.19,7152.89,49,50,50,49,61471.70,61469.93,,
2026-06-10T16:29:46+08:00,btc-updown-5m-1781079900,https://polymarket.com/zh/event/btc-updown-5m-1781079900,16:25-16:30,65.00,41.00,59.00,35.00,21.00,33.50,26.00,73.50,62.00,38.00,6.00,6.00,6341.25,5139.55,5133.55,6346.25,59,26,29,59,61471.70,61468.42,,
2026-06-10T16:29:48+08:00,btc-updown-5m-1781079900,https://polymarket.com/zh/event/btc-updown-5m-1781079900,16:25-16:30,60.00,40.00,59.00,39.00,36.50,765.41,789.18,68.00,59.50,39.50,1.00,1.00,6690.44,4943.55,4938.55,6690.44,47,40,39,46,61471.70,61475.04,,
2026-06-10T16:29:50+08:00,btc-updown-5m-1781079900,https://polymarket.com/zh/event/btc-updown-5m-1781079900,16:25-16:30,66.00,35.00,65.00,34.00,222.46,434.50,474.39,164.36,65.50,34.50,1.00,1.00,5786.44,4452.55,4452.55,5786.44,37,24,23,37,61471.70,61472.87,,
2026-06-10T16:29:52+08:00,btc-updown-5m-1781079900,https://polymarket.com/zh/event/btc-updown-5m-1781079900,16:25-16:30,27.00,75.00,26.00,74.00,461.92,330.80,308.82,279.13,26.50,74.50,1.00,1.00,4213.44,3817.55,3812.55,4513.44,22,41,42,22,61471.70,61467.81,,
2026-06-10T16:29:54+08:00,btc-updown-5m-1781079900,https://polymarket.com/zh/event/btc-updown-5m-1781079900,16:25-16:30,22.00,79.00,21.00,78.00,264.02,257.01,199.69,237.23,21.50,78.50,1.00,1.00,5063.44,4545.76,4784.76,4763.44,18,42,41,18,61471.70,61467.82,,
2026-06-10T16:29:56+08:00,btc-updown-5m-1781079900,https://polymarket.com/zh/event/btc-updown-5m-1781079900,16:25-16:30,21.00,80.00,20.00,79.00,181.77,334.92,321.86,235.43,20.50,79.50,1.00,1.00,4305.52,5252.84,4544.84,4378.52,15,36,36,13,61471.70,61467.82,,
2026-06-10T16:29:58+08:00,btc-updown-5m-1781079900,https://polymarket.com/zh/event/btc-updown-5m-1781079900,16:25-16:30,90.00,23.00,69.00,13.00,463.98,19.66,36.28,10.00,79.50,18.00,21.00,10.00,6522.52,4463.84,4488.84,6482.52,53,8,9,58,61471.70,61475.05,,
2026-06-10T16:30:00+08:00,btc-updown-5m-1781079900,https://polymarket.com/zh/event/btc-updown-5m-1781079900,16:25-16:30,96.00,1.00,95.00,,221.84,2557.93,17.45,,95.50,,1.00,,6291.39,288.84,,6791.39,62,2,0,65,61471.70,61490.58,,
2026-06-10T16:30:02+08:00,btc-updown-5m-1781080200,https://polymarket.com/zh/event/btc-updown-5m-1781080200,16:30-16:35,52.00,49.00,51.00,48.00,187.37,190.46,198.08,243.37,51.50,48.50,1.00,1.00,97702.65,97337.66,97397.66,98397.64,51,48,48,51,61492.01,61490.58,,
2026-06-10T16:30:04+08:00,btc-updown-5m-1781080200,https://polymarket.com/zh/event/btc-updown-5m-1781080200,16:30-16:35,52.00,53.00,51.00,52.00,851.95,5.00,24.21,13.38,51.50,52.50,1.00,1.00,98395.65,98249.23,98254.23,98400.65,51,48,52,47,61492.01,61480.49,,
2026-06-10T16:30:05+08:00,btc-updown-5m-1781080200,https://polymarket.com/zh/event/btc-updown-5m-1781080200,16:30-16:35,46.00,55.00,45.00,54.00,850.82,72.38,93.83,796.12,45.50,54.50,1.00,1.00,98539.64,98454.23,98474.23,98554.64,45,54,54,45,61492.01,61480.48,,
2026-06-10T16:30:07+08:00,btc-updown-5m-1781080200,https://polymarket.com/zh/event/btc-updown-5m-1781080200,16:30-16:35,48.00,53.00,47.00,52.00,158.08,642.86,717.41,163.08,47.50,52.50,1.00,1.00,98609.64,98643.23,98644.23,98609.64,47,52,52,47,61492.01,61480.48,,
2026-06-10T16:30:09+08:00,btc-updown-5m-1781080200,https://polymarket.com/zh/event/btc-updown-5m-1781080200,16:30-16:35,48.00,53.00,47.00,52.00,60.58,779.71,771.92,47.99,47.50,52.50,1.00,1.00,97594.64,97723.24,97728.23,97594.64,47,52,52,47,61492.01,61480.48,,
2026-06-10T16:30:11+08:00,btc-updown-5m-1781080200,https://polymarket.com/zh/event/btc-updown-5m-1781080200,16:30-16:35,48.00,53.00,47.00,52.00,95.02,476.84,497.58,95.02,47.50,52.50,1.00,1.00,98199.64,97724.23,97723.23,97699.64,47,52,52,47,61492.01,61484.78,,
2026-06-10T16:30:13+08:00,btc-updown-5m-1781080200,https://polymarket.com/zh/event/btc-updown-5m-1781080200,16:30-16:35,46.00,55.00,45.00,54.00,662.93,106.40,178.90,676.25,45.50,54.50,1.00,1.00,97832.97,97829.23,97823.23,97832.97,45,54,54,45,61492.01,61483.26,,
2026-06-10T16:30:15+08:00,btc-updown-5m-1781080200,https://polymarket.com/zh/event/btc-updown-5m-1781080200,16:30-16:35,47.00,53.00,46.00,52.00,60.00,204.75,593.28,83.51,46.50,52.50,1.00,1.00,97857.97,97849.23,97844.24,98342.97,46,53,52,47,61492.01,61480.48,,
2026-06-10T16:30:17+08:00,btc-updown-5m-1781080200,https://polymarket.com/zh/event/btc-updown-5m-1781080200,16:30-16:35,49.00,52.00,48.00,51.00,37.00,856.99,497.65,89.50,48.50,51.50,1.00,1.00,92157.97,91664.23,91664.23,92157.97,48,51,51,48,61492.01,61480.48,,
2026-06-10T16:30:19+08:00,btc-updown-5m-1781080200,https://polymarket.com/zh/event/btc-updown-5m-1781080200,16:30-16:35,54.00,47.00,53.00,46.00,640.15,500.52,956.88,419.13,53.50,46.50,1.00,1.00,92200.93,91648.23,91648.23,92190.93,53,46,46,53,61492.01,61488.92,,
2026-06-10T16:30:21+08:00,btc-updown-5m-1781080200,https://polymarket.com/zh/event/btc-updown-5m-1781080200,16:30-16:35,54.00,47.00,53.00,46.00,84.89,738.62,797.57,84.89,53.50,46.50,1.00,1.00,84025.19,83377.48,83477.48,84520.18,53,46,46,53,61492.01,61494.01,,
2026-06-10T16:30:23+08:00,btc-updown-5m-1781080200,https://polymarket.com/zh/event/btc-updown-5m-1781080200,16:30-16:35,54.00,47.00,53.00,46.00,120.17,865.83,900.91,114.17,53.50,46.50,1.00,1.00,84348.05,83972.01,83999.41,83748.05,53,46,46,53,61492.01,61494.00,,
2026-06-10T16:30:24+08:00,btc-updown-5m-1781080200,https://polymarket.com/zh/event/btc-updown-5m-1781080200,16:30-16:35,54.00,47.00,53.00,46.00,98.30,897.11,852.22,89.04,53.50,46.50,1.00,1.00,84385.46,83999.41,83999.41,83875.45,53,46,46,53,61492.01,61494.00,,
2026-06-10T16:30:26+08:00,btc-updown-5m-1781080200,https://polymarket.com/zh/event/btc-updown-5m-1781080200,16:30-16:35,55.00,46.00,54.00,45.00,335.17,326.10,337.52,314.35,54.50,45.50,1.00,1.00,85123.05,84474.00,84459.00,84623.06,54,45,45,54,61492.01,61494.00,,
2026-06-10T16:30:28+08:00,btc-updown-5m-1781080200,https://polymarket.com/zh/event/btc-updown-5m-1781080200,16:30-16:35,56.00,45.00,55.00,44.00,21.00,1018.84,1040.52,15.64,55.50,44.50,1.00,1.00,85367.74,84491.70,84491.70,84862.74,55,44,44,55,61492.01,61494.01,,
2026-06-10T16:30:30+08:00,btc-updown-5m-1781080200,https://polymarket.com/zh/event/btc-updown-5m-1781080200,16:30-16:35,58.00,43.00,57.00,42.00,103.02,966.25,899.25,63.50,57.50,42.50,1.00,1.00,84822.45,84551.40,84546.40,84422.44,57,42,42,57,61492.01,61495.69,,
2026-06-10T16:30:32+08:00,btc-updown-5m-1781080200,https://polymarket.com/zh/event/btc-updown-5m-1781080200,16:30-16:35,59.00,42.00,58.00,41.00,278.50,749.26,822.15,283.50,58.50,41.50,1.00,1.00,72876.36,72800.32,72800.32,73376.37,58,41,41,58,61492.01,61503.95,,
2026-06-10T16:30:34+08:00,btc-updown-5m-1781080200,https://polymarket.com/zh/event/btc-updown-5m-1781080200,16:30-16:35,65.00,36.00,64.00,35.00,276.85,810.57,1029.27,293.28,64.50,35.50,1.00,1.00,72916.36,72900.32,72900.32,72421.36,64,35,35,64,61492.01,61503.96,,
2026-06-10T16:30:36+08:00,btc-updown-5m-1781080200,https://polymarket.com/zh/event/btc-updown-5m-1781080200,16:30-16:35,66.00,35.00,65.00,34.00,462.40,831.37,596.45,438.20,65.50,34.50,1.00,1.00,72906.36,72830.32,72830.32,72411.37,65,34,34,65,61492.01,61515.24,,
2026-06-10T16:30:38+08:00,btc-updown-5m-1781080200,https://polymarket.com/zh/event/btc-updown-5m-1781080200,16:30-16:35,66.00,35.00,65.00,34.00,803.84,499.00,577.66,1059.90,65.50,34.50,1.00,1.00,73016.36,72830.32,72830.32,72906.36,65,34,34,65,61492.01,61513.34,,
2026-06-10T16:30:39+08:00,btc-updown-5m-1781080200,https://polymarket.com/zh/event/btc-updown-5m-1781080200,16:30-16:35,67.00,34.00,66.00,33.00,198.40,785.36,871.12,188.42,66.50,33.50,1.00,1.00,73001.36,72890.32,72890.32,73511.36,66,33,33,66,61492.01,61515.39,,
2026-06-10T16:30:41+08:00,btc-updown-5m-1781080200,https://polymarket.com/zh/event/btc-updown-5m-1781080200,16:30-16:35,67.00,34.00,66.00,33.00,799.78,553.00,490.00,782.41,66.50,33.50,1.00,1.00,53991.36,53345.32,53345.32,52996.36,66,33,33,66,61492.01,61516.34,,
2026-06-10T16:30:43+08:00,btc-updown-5m-1781080200,https://polymarket.com/zh/event/btc-updown-5m-1781080200,16:30-16:35,67.00,34.00,66.00,33.00,722.61,539.99,389.97,503.41,66.50,33.50,1.00,1.00,53496.36,53345.32,53345.32,52991.36,66,33,33,66,61492.01,61513.10,,
2026-06-10T16:30:45+08:00,btc-updown-5m-1781080200,https://polymarket.com/zh/event/btc-updown-5m-1781080200,16:30-16:35,67.00,36.00,66.00,35.00,1303.53,281.77,47.05,338.00,66.50,35.50,1.00,1.00,54001.37,53315.32,53345.32,53491.36,66,33,35,64,61492.01,61513.10,,
2026-06-10T16:30:47+08:00,btc-updown-5m-1781080200,https://polymarket.com/zh/event/btc-updown-5m-1781080200,16:30-16:35,65.00,36.00,64.00,35.00,1325.69,66.00,59.00,1338.69,64.50,35.50,1.00,1.00,53501.36,53362.35,53362.35,53501.36,64,35,35,64,61492.01,61509.35,,
2026-06-10T16:30:49+08:00,btc-updown-5m-1781080200,https://polymarket.com/zh/event/btc-updown-5m-1781080200,16:30-16:35,50.00,51.00,49.00,50.00,76.19,134.69,92.19,819.08,49.50,50.50,1.00,1.00,53906.36,53167.35,53177.36,53501.36,49,50,50,49,61492.01,61499.82,,
2026-06-10T16:30:51+08:00,btc-updown-5m-1781080200,https://polymarket.com/zh/event/btc-updown-5m-1781080200,16:30-16:35,47.00,54.00,46.00,53.00,1330.70,48.78,58.99,1356.70,46.50,53.50,1.00,1.00,11101.36,11178.36,11157.35,11186.36,46,53,53,46,61492.01,61483.31,,
2026-06-10T16:30:53+08:00,btc-updown-5m-1781080200,https://polymarket.com/zh/event/btc-updown-5m-1781080200,16:30-16:35,46.00,55.00,45.00,54.00,563.93,688.26,641.23,348.29,45.50,54.50,1.00,1.00,11127.69,11125.02,11140.02,11142.69,45,54,54,45,61492.01,61483.31,,
2026-06-10T16:30:55+08:00,btc-updown-5m-1781080200,https://polymarket.com/zh/event/btc-updown-5m-1781080200,16:30-16:35,60.00,41.00,59.00,40.00,322.30,545.00,589.66,207.30,59.50,40.50,1.00,1.00,10937.70,11319.02,11324.02,11437.69,59,40,40,59,61492.01,61498.92,,
2026-06-10T16:30:57+08:00,btc-updown-5m-1781080200,https://polymarket.com/zh/event/btc-updown-5m-1781080200,16:30-16:35,64.00,37.00,63.00,36.00,619.27,590.78,397.78,116.61,63.50,36.50,1.00,1.00,10919.36,11367.35,11372.35,11909.36,63,36,36,63,61492.01,61501.68,,
2026-06-10T16:30:59+08:00,btc-updown-5m-1781080200,https://polymarket.com/zh/event/btc-updown-5m-1781080200,16:30-16:35,64.00,36.00,63.00,35.00,197.16,376.90,574.67,597.80,63.50,35.50,1.00,1.00,11519.36,11367.35,11357.35,11874.36,63,36,35,64,61492.01,61502.90,,
2026-06-10T16:31:01+08:00,btc-updown-5m-1781080200,https://polymarket.com/zh/event/btc-updown-5m-1781080200,16:30-16:35,65.00,36.00,64.00,35.00,459.67,702.77,645.77,459.67,64.50,35.50,1.00,1.00,10959.36,11372.35,11372.35,10869.37,64,35,35,64,61492.01,61506.47,,
2026-06-10T16:31:03+08:00,btc-updown-5m-1781080200,https://polymarket.com/zh/event/btc-updown-5m-1781080200,16:30-16:35,65.00,35.00,64.00,34.00,136.96,133.45,566.46,465.86,64.50,34.50,1.00,1.00,11039.36,11372.35,11372.35,11534.36,64,35,34,65,61492.01,61508.07,,
2026-06-10T16:31:04+08:00,btc-updown-5m-1781080200,https://polymarket.com/zh/event/btc-updown-5m-1781080200,16:30-16:35,66.00,35.00,65.00,34.00,530.12,566.16,551.16,494.17,65.50,34.50,1.00,1.00,11220.73,11487.35,11467.35,12215.73,65,34,34,65,61492.01,61512.62,,
2026-06-10T16:31:06+08:00,btc-updown-5m-1781080200,https://polymarket.com/zh/event/btc-updown-5m-1781080200,16:30-16:35,72.00,29.00,71.00,28.00,408.28,752.26,770.30,387.28,71.50,28.50,1.00,1.00,10982.73,11367.35,11362.35,11497.73,71,28,28,71,61492.01,61520.47,,
2026-06-10T16:31:08+08:00,btc-updown-5m-1781080200,https://polymarket.com/zh/event/btc-updown-5m-1781080200,16:30-16:35,72.00,29.00,71.00,28.00,434.31,482.03,504.03,599.47,71.50,28.50,1.00,1.00,10577.73,10492.35,10492.35,11187.74,71,28,28,71,61492.01,61520.47,,
2026-06-10T16:31:10+08:00,btc-updown-5m-1781080200,https://polymarket.com/zh/event/btc-updown-5m-1781080200,16:30-16:35,72.00,29.00,71.00,28.00,643.33,263.65,263.65,595.49,71.50,28.50,1.00,1.00,11017.73,10587.35,10592.35,10507.73,71,28,28,71,61492.01,61520.47,,
2026-06-10T16:31:12+08:00,btc-updown-5m-1781080200,https://polymarket.com/zh/event/btc-updown-5m-1781080200,16:30-16:35,72.00,29.00,71.00,28.00,324.54,715.01,520.95,184.54,71.50,28.50,1.00,1.00,10007.73,10502.35,10507.35,10492.73,71,28,28,71,61492.01,61521.11,,
2026-06-10T16:31:14+08:00,btc-updown-5m-1781080200,https://polymarket.com/zh/event/btc-updown-5m-1781080200,16:30-16:35,74.00,27.00,73.00,26.00,108.15,648.41,646.79,108.15,73.50,26.50,1.00,1.00,11072.73,10497.35,10497.35,10572.73,73,26,26,73,61492.01,61531.22,,
2026-06-10T16:31:16+08:00,btc-updown-5m-1781080200,https://polymarket.com/zh/event/btc-updown-5m-1781080200,16:30-16:35,74.00,27.00,73.00,26.00,96.34,507.70,489.20,84.20,73.50,26.50,1.00,1.00,9999.11,10549.02,10549.02,10494.11,73,26,26,73,61492.01,61530.19,,
2026-06-10T16:31:18+08:00,btc-updown-5m-1781080200,https://polymarket.com/zh/event/btc-updown-5m-1781080200,16:30-16:35,75.00,26.00,74.00,25.00,581.11,357.51,419.51,646.60,74.50,25.50,1.00,1.00,10494.11,10479.02,10479.02,10999.11,74,25,25,74,61492.01,61530.19,,
2026-06-10T16:31:20+08:00,btc-updown-5m-1781080200,https://polymarket.com/zh/event/btc-updown-5m-1781080200,16:30-16:35,64.00,37.00,63.00,36.00,413.80,637.61,497.82,100.81,63.50,36.50,1.00,1.00,11039.11,10244.21,10269.21,11034.11,63,36,36,63,61492.01,61512.28,,
2026-06-10T16:31:22+08:00,btc-updown-5m-1781080200,https://polymarket.com/zh/event/btc-updown-5m-1781080200,16:30-16:35,65.00,36.00,64.00,35.00,41.50,395.26,195.50,77.70,64.50,35.50,1.00,1.00,10609.12,10354.21,10354.21,10959.11,64,35,35,64,61492.01,61512.28,,
2026-06-10T16:31:24+08:00,btc-updown-5m-1781080200,https://polymarket.com/zh/event/btc-updown-5m-1781080200,16:30-16:35,65.00,36.00,64.00,35.00,654.03,329.07,329.07,712.03,64.50,35.50,1.00,1.00,10159.11,10317.54,10322.54,10449.11,64,35,35,64,61492.01,61510.00,,
2026-06-10T16:31:25+08:00,btc-updown-5m-1781080200,https://polymarket.com/zh/event/btc-updown-5m-1781080200,16:30-16:35,66.00,35.00,65.00,34.00,122.50,709.95,725.26,107.50,65.50,34.50,1.00,1.00,10244.11,10330.19,10325.19,11244.11,65,34,34,65,61492.01,61511.24,,
2026-06-10T16:31:27+08:00,btc-updown-5m-1781080200,https://polymarket.com/zh/event/btc-updown-5m-1781080200,16:30-16:35,70.00,31.00,69.00,30.00,248.06,635.78,602.96,235.30,69.50,30.50,1.00,1.00,9609.11,9938.19,9933.19,10624.11,69,30,30,69,61492.01,61511.23,,
2026-06-10T16:31:29+08:00,btc-updown-5m-1781080200,https://polymarket.com/zh/event/btc-updown-5m-1781080200,16:30-16:35,71.00,30.00,70.00,29.00,61.00,1118.66,1173.30,19.74,70.50,29.50,1.00,1.00,9464.11,9893.19,9898.19,10564.11,70,29,29,70,61492.01,61518.96,,
2026-06-10T16:31:31+08:00,btc-updown-5m-1781080200,https://polymarket.com/zh/event/btc-updown-5m-1781080200,16:30-16:35,80.00,20.00,77.00,19.00,46.24,29.34,63.36,255.68,78.50,19.50,3.00,1.00,8529.12,9384.19,9394.19,9139.13,77,20,19,80,61492.01,61532.87,,
2026-06-10T16:31:33+08:00,btc-updown-5m-1781080200,https://polymarket.com/zh/event/btc-updown-5m-1781080200,16:30-16:35,81.00,20.00,80.00,19.00,1082.92,163.80,88.94,956.52,80.50,19.50,1.00,1.00,8954.11,9853.86,9853.86,9459.11,80,19,19,80,61492.01,61534.70,,
2026-06-10T16:31:35+08:00,btc-updown-5m-1781080200,https://polymarket.com/zh/event/btc-updown-5m-1781080200,16:30-16:35,81.00,19.00,80.00,18.00,167.14,30.00,722.51,21.78,80.50,18.50,1.00,1.00,8949.11,10524.86,10397.86,8954.11,80,19,18,81,61492.01,61536.99,,
2026-06-10T16:31:37+08:00,btc-updown-5m-1781080200,https://polymarket.com/zh/event/btc-updown-5m-1781080200,16:30-16:35,88.00,13.00,87.00,12.00,1475.11,36.45,64.45,1348.70,87.50,12.50,1.00,1.00,9439.11,9373.86,9373.86,8449.12,87,12,12,87,61492.01,61550.04,,
2026-06-10T16:31:39+08:00,btc-updown-5m-1781080200,https://polymarket.com/zh/event/btc-updown-5m-1781080200,16:30-16:35,85.00,16.00,84.00,15.00,776.40,219.26,229.26,769.10,84.50,15.50,1.00,1.00,8384.11,9602.86,9607.86,8369.11,84,15,15,84,61492.01,61549.90,,
2026-06-10T16:31:41+08:00,btc-updown-5m-1781080200,https://polymarket.com/zh/event/btc-updown-5m-1781080200,16:30-16:35,84.00,17.00,83.00,16.00,211.75,655.83,464.84,691.97,83.50,16.50,1.00,1.00,9020.33,9315.86,9320.86,8515.33,83,16,16,83,61492.01,61549.39,,
2026-06-10T16:31:43+08:00,btc-updown-5m-1781080200,https://polymarket.com/zh/event/btc-updown-5m-1781080200,16:30-16:35,84.00,17.00,83.00,16.00,513.03,836.07,858.07,511.83,83.50,16.50,1.00,1.00,8540.33,9426.86,9428.85,8520.33,83,16,16,83,61492.01,61545.49,,
2026-06-10T16:31:45+08:00,btc-updown-5m-1781080200,https://polymarket.com/zh/event/btc-updown-5m-1781080200,16:30-16:35,85.00,16.00,84.00,15.00,28.33,1070.02,1148.16,2.73,84.50,15.50,1.00,1.00,9620.33,10191.86,10186.86,9525.33,84,15,15,84,61492.01,61552.00,,
2026-06-10T16:31:47+08:00,btc-updown-5m-1781080200,https://polymarket.com/zh/event/btc-updown-5m-1781080200,16:30-16:35,87.00,14.00,86.00,13.00,383.82,635.81,641.01,383.82,86.50,13.50,1.00,1.00,9035.33,10313.85,10313.85,8540.34,86,13,13,86,61492.01,61555.88,,
2026-06-10T16:31:48+08:00,btc-updown-5m-1781080200,https://polymarket.com/zh/event/btc-updown-5m-1781080200,16:30-16:35,87.00,13.00,86.00,12.00,5.00,783.04,1706.08,50.00,86.50,12.50,1.00,1.00,9035.33,9434.86,9439.86,9040.33,86,13,12,87,61492.01,61557.05,,
2026-06-10T16:31:50+08:00,btc-updown-5m-1781080200,https://polymarket.com/zh/event/btc-updown-5m-1781080200,16:30-16:35,88.00,13.00,87.00,12.00,51.09,799.47,748.96,40.67,87.50,12.50,1.00,1.00,9035.33,9489.85,9482.86,9540.33,87,12,12,87,61492.01,61557.64,,
2026-06-10T16:31:52+08:00,btc-updown-5m-1781080200,https://polymarket.com/zh/event/btc-updown-5m-1781080200,16:30-16:35,88.00,13.00,87.00,12.00,66.52,704.14,727.69,36.52,87.50,12.50,1.00,1.00,9010.34,9783.86,9778.86,9020.33,87,12,12,87,61492.01,61557.64,,
2026-06-10T16:31:54+08:00,btc-updown-5m-1781080200,https://polymarket.com/zh/event/btc-updown-5m-1781080200,16:30-16:35,87.00,14.00,86.00,13.00,740.63,196.26,274.26,681.44,86.50,13.50,1.00,1.00,8505.33,10243.57,10238.57,9020.33,86,13,13,86,61492.01,61557.64,,
2026-06-10T16:31:56+08:00,btc-updown-5m-1781080200,https://polymarket.com/zh/event/btc-updown-5m-1781080200,16:30-16:35,87.00,14.00,86.00,13.00,626.99,79.85,68.85,660.02,86.50,13.50,1.00,1.00,8492.34,9233.58,9223.58,9462.33,86,13,13,86,61492.01,61557.64,,
2026-06-10T16:31:58+08:00,btc-updown-5m-1781080200,https://polymarket.com/zh/event/btc-updown-5m-1781080200,16:30-16:35,86.00,15.00,85.00,14.00,539.21,128.35,486.60,634.29,85.50,14.50,1.00,1.00,9033.33,10101.58,10023.58,9533.33,85,14,14,85,61492.01,61557.64,,
2026-06-10T16:32:00+08:00,btc-updown-5m-1781080200,https://polymarket.com/zh/event/btc-updown-5m-1781080200,16:30-16:35,86.00,15.00,85.00,14.00,792.68,272.55,714.56,1300.08,85.50,14.50,1.00,1.00,9523.34,10036.57,10057.58,8528.33,85,14,14,85,61492.01,61550.42,,
2026-06-10T16:32:02+08:00,btc-updown-5m-1781080200,https://polymarket.com/zh/event/btc-updown-5m-1781080200,16:30-16:35,86.00,15.00,85.00,14.00,121.37,639.26,851.29,151.37,85.50,14.50,1.00,1.00,8879.33,9147.58,9097.58,8374.34,85,14,14,85,61492.01,61548.22,,
2026-06-10T16:32:04+08:00,btc-updown-5m-1781080200,https://polymarket.com/zh/event/btc-updown-5m-1781080200,16:30-16:35,82.00,19.00,81.00,18.00,654.77,307.85,332.01,582.03,81.50,18.50,1.00,1.00,8490.33,9461.58,9466.58,8785.33,81,18,18,81,61492.01,61538.00,,
2026-06-10T16:32:06+08:00,btc-updown-5m-1781080200,https://polymarket.com/zh/event/btc-updown-5m-1781080200,16:30-16:35,82.00,19.00,81.00,18.00,677.29,390.68,396.56,638.07,81.50,18.50,1.00,1.00,8994.33,9762.58,9762.58,8499.33,81,18,18,81,61492.01,61538.27,,
2026-06-10T16:32:07+08:00,btc-updown-5m-1781080200,https://polymarket.com/zh/event/btc-updown-5m-1781080200,16:30-16:35,83.00,18.00,82.00,17.00,61.68,1059.39,692.69,46.66,82.50,17.50,1.00,1.00,8989.33,9822.57,9867.57,8499.34,82,17,17,82,61492.01,61538.27,,
2026-06-10T16:32:09+08:00,btc-updown-5m-1781080200,https://polymarket.com/zh/event/btc-updown-5m-1781080200,16:30-16:35,84.00,17.00,83.00,16.00,812.56,205.30,322.29,725.56,83.50,16.50,1.00,1.00,8499.34,9769.57,9774.57,8989.33,83,16,16,83,61492.01,61539.96,,
2026-06-10T16:32:11+08:00,btc-updown-5m-1781080200,https://polymarket.com/zh/event/btc-updown-5m-1781080200,16:30-16:35,86.00,15.00,85.00,14.00,94.38,641.05,739.05,94.38,85.50,14.50,1.00,1.00,8380.33,9072.58,9082.58,8980.33,85,14,14,85,61492.01,61545.85,,
2026-06-10T16:32:13+08:00,btc-updown-5m-1781080200,https://polymarket.com/zh/event/btc-updown-5m-1781080200,16:30-16:35,86.00,15.00,85.00,14.00,326.30,564.23,583.67,349.98,85.50,14.50,1.00,1.00,8384.34,9995.58,9945.58,8374.33,85,14,14,85,61492.01,61545.85,,
2026-06-10T16:32:15+08:00,btc-updown-5m-1781080200,https://polymarket.com/zh/event/btc-updown-5m-1781080200,16:30-16:35,86.00,15.00,85.00,14.00,500.91,238.60,229.62,593.41,85.50,14.50,1.00,1.00,8369.33,9869.57,9869.57,8874.33,85,14,14,85,61492.01,61545.85,,
2026-06-10T16:32:17+08:00,btc-updown-5m-1781080200,https://polymarket.com/zh/event/btc-updown-5m-1781080200,16:30-16:35,86.00,16.00,85.00,15.00,638.41,178.71,268.61,80.00,85.50,15.50,1.00,1.00,8889.33,9896.57,9896.57,8894.33,85,14,15,84,61492.01,61545.85,,
2026-06-10T16:32:19+08:00,btc-updown-5m-1781080200,https://polymarket.com/zh/event/btc-updown-5m-1781080200,16:30-16:35,85.00,16.00,84.00,15.00,53.34,296.81,293.56,53.34,84.50,15.50,1.00,1.00,8900.33,9047.58,9047.58,8890.33,84,15,15,84,61492.01,61539.70,,
2026-06-10T16:32:21+08:00,btc-updown-5m-1781080200,https://polymarket.com/zh/event/btc-updown-5m-1781080200,16:30-16:35,57.00,57.00,44.00,54.00,54.00,79.72,22.29,5.00,50.50,55.50,13.00,3.00,8605.35,9082.58,9037.58,8475.34,44,43,52,43,61492.01,61494.79,,
2026-06-10T16:32:23+08:00,btc-updown-5m-1781080200,https://polymarket.com/zh/event/btc-updown-5m-1781080200,16:30-16:35,49.00,52.00,48.00,51.00,587.16,171.17,175.19,794.75,48.50,51.50,1.00,1.00,8734.33,8875.91,8876.92,8734.33,48,51,51,48,61492.01,61490.00,,
2026-06-10T16:32:24+08:00,btc-updown-5m-1781080200,https://polymarket.com/zh/event/btc-updown-5m-1781080200,16:30-16:35,49.00,52.00,48.00,51.00,806.29,7.44,101.00,732.73,48.50,51.50,1.00,1.00,8909.33,8886.91,8885.92,8909.33,48,51,51,48,61492.01,61487.99,,
2026-06-10T16:32:26+08:00,btc-updown-5m-1781080200,https://polymarket.com/zh/event/btc-updown-5m-1781080200,16:30-16:35,48.00,53.00,47.00,52.00,417.05,611.06,615.97,327.18,47.50,52.50,1.00,1.00,8745.33,9025.91,9051.91,8755.33,47,52,52,47,61492.01,61487.99,,
2026-06-10T16:32:28+08:00,btc-updown-5m-1781080200,https://polymarket.com/zh/event/btc-updown-5m-1781080200,16:30-16:35,48.00,53.00,47.00,52.00,361.63,529.30,559.30,363.63,47.50,52.50,1.00,1.00,8760.33,8871.91,8875.91,8780.33,47,52,52,47,61492.01,61487.99,,
2026-06-10T16:32:30+08:00,btc-updown-5m-1781080200,https://polymarket.com/zh/event/btc-updown-5m-1781080200,16:30-16:35,58.00,40.00,57.00,39.00,40.55,101.00,74.00,94.43,57.50,39.50,1.00,1.00,8814.33,9156.92,9150.91,8819.33,57,41,39,60,61492.01,61512.98,,
2026-06-10T16:32:32+08:00,btc-updown-5m-1781080200,https://polymarket.com/zh/event/btc-updown-5m-1781080200,16:30-16:35,61.00,40.00,60.00,39.00,587.58,444.74,339.74,499.87,60.50,39.50,1.00,1.00,8929.33,9138.91,9133.91,8439.33,60,39,39,60,61492.01,61510.24,,
2026-06-10T16:32:34+08:00,btc-updown-5m-1781080200,https://polymarket.com/zh/event/btc-updown-5m-1781080200,16:30-16:35,63.00,38.00,62.00,37.00,609.68,342.86,525.84,760.69,62.50,37.50,1.00,1.00,8965.34,9093.91,9098.91,8460.33,62,37,37,62,61492.01,61510.25,,
2026-06-10T16:32:36+08:00,btc-updown-5m-1781080200,https://polymarket.com/zh/event/btc-updown-5m-1781080200,16:30-16:35,63.00,38.00,62.00,37.00,424.03,614.67,580.67,419.03,62.50,37.50,1.00,1.00,9130.33,9338.91,9338.91,8630.34,62,37,37,62,61492.01,61510.24,,
2026-06-10T16:32:38+08:00,btc-updown-5m-1781080200,https://polymarket.com/zh/event/btc-updown-5m-1781080200,16:30-16:35,42.00,60.00,41.00,59.00,255.46,73.36,55.72,238.15,41.50,59.50,1.00,1.00,8759.34,8560.91,8585.93,8892.33,40,58,59,40,61492.01,61479.18,,
2026-06-10T16:32:40+08:00,btc-updown-5m-1781080200,https://polymarket.com/zh/event/btc-updown-5m-1781080200,16:30-16:35,41.00,60.00,40.00,59.00,261.00,790.96,863.96,222.56,40.50,59.50,1.00,1.00,8667.33,8775.91,8781.91,8767.33,40,59,59,40,61492.01,61473.03,,
2026-06-10T16:32:42+08:00,btc-updown-5m-1781080200,https://polymarket.com/zh/event/btc-updown-5m-1781080200,16:30-16:35,41.00,60.00,40.00,59.00,847.62,38.33,33.33,802.39,40.50,59.50,1.00,1.00,8941.66,8719.58,8708.59,9026.66,40,59,59,40,61492.01,61479.18,,
2026-06-10T16:32:44+08:00,btc-updown-5m-1781080200,https://polymarket.com/zh/event/btc-updown-5m-1781080200,16:30-16:35,41.00,60.00,40.00,59.00,805.06,51.68,11.68,933.13,40.50,59.50,1.00,1.00,8827.49,8493.59,8483.58,8832.49,40,59,59,40,61492.01,61473.58,,
2026-06-10T16:32:46+08:00,btc-updown-5m-1781080200,https://polymarket.com/zh/event/btc-updown-5m-1781080200,16:30-16:35,14.00,91.00,10.00,89.00,500.28,143.97,164.42,50.00,12.00,90.00,4.00,2.00,10631.50,8498.59,8403.59,9903.50,10,85,89,9,61492.01,61411.00,,
2026-06-10T16:32:47+08:00,btc-updown-5m-1781080200,https://polymarket.com/zh/event/btc-updown-5m-1781080200,16:30-16:35,9.00,92.00,8.00,91.00,602.47,389.81,389.81,645.80,8.50,91.50,1.00,1.00,10719.24,8362.59,8368.58,10713.24,8,91,91,8,61492.01,61403.26,,
2026-06-10T16:32:49+08:00,btc-updown-5m-1781080200,https://polymarket.com/zh/event/btc-updown-5m-1781080200,16:30-16:35,13.00,88.00,12.00,87.00,726.28,774.42,861.42,213.00,12.50,87.50,1.00,1.00,10415.20,8368.58,8368.58,10160.20,12,87,87,12,61492.01,61409.99,,
2026-06-10T16:32:51+08:00,btc-updown-5m-1781080200,https://polymarket.com/zh/event/btc-updown-5m-1781080200,16:30-16:35,16.00,85.00,15.00,84.00,495.52,479.92,503.24,457.27,15.50,84.50,1.00,1.00,9759.47,8283.59,8282.58,9764.47,15,84,84,15,61492.01,61429.61,,
2026-06-10T16:32:53+08:00,btc-updown-5m-1781080200,https://polymarket.com/zh/event/btc-updown-5m-1781080200,16:30-16:35,16.00,85.00,15.00,84.00,382.11,774.73,675.93,267.86,15.50,84.50,1.00,1.00,10168.18,8289.58,8268.58,10158.18,15,84,84,15,61492.01,61428.68,,
2026-06-10T16:32:55+08:00,btc-updown-5m-1781080200,https://polymarket.com/zh/event/btc-updown-5m-1781080200,16:30-16:35,17.00,84.00,16.00,83.00,37.40,1117.19,898.84,44.40,16.50,83.50,1.00,1.00,9393.24,8274.58,8284.58,9408.24,16,83,83,16,61492.01,61428.74,,
2026-06-10T16:32:57+08:00,btc-updown-5m-1781080200,https://polymarket.com/zh/event/btc-updown-5m-1781080200,16:30-16:35,18.00,83.00,17.00,82.00,518.35,253.23,263.44,386.35,17.50,82.50,1.00,1.00,8921.95,8183.58,8299.58,8916.95,17,82,82,17,61492.01,61428.74,,
2026-06-10T16:32:59+08:00,btc-updown-5m-1781080200,https://polymarket.com/zh/event/btc-updown-5m-1781080200,16:30-16:35,18.00,83.00,17.00,82.00,49.50,1253.80,1240.81,49.50,17.50,82.50,1.00,1.00,10215.53,8194.58,8273.59,10640.76,17,82,82,17,61492.01,61429.61,,
2026-06-10T16:33:01+08:00,btc-updown-5m-1781080200,https://polymarket.com/zh/event/btc-updown-5m-1781080200,16:30-16:35,18.00,83.00,17.00,82.00,65.54,863.43,1011.58,95.54,17.50,82.50,1.00,1.00,9826.53,7944.58,7928.58,9791.53,17,82,82,17,61492.01,61433.99,,
2026-06-10T16:33:03+08:00,btc-updown-5m-1781080200,https://polymarket.com/zh/event/btc-updown-5m-1781080200,16:30-16:35,18.00,83.00,17.00,82.00,178.80,66.78,396.05,833.90,17.50,82.50,1.00,1.00,10232.76,7900.58,7905.58,10312.76,17,82,82,17,61492.01,61433.62,,
2026-06-10T16:33:05+08:00,btc-updown-5m-1781080200,https://polymarket.com/zh/event/btc-updown-5m-1781080200,16:30-16:35,16.00,85.00,15.00,84.00,769.78,324.06,324.06,698.80,15.50,84.50,1.00,1.00,10475.76,7869.58,7854.58,10480.76,15,84,84,15,61492.01,61434.00,,
2026-06-10T16:33:07+08:00,btc-updown-5m-1781080200,https://polymarket.com/zh/event/btc-updown-5m-1781080200,16:30-16:35,15.00,86.00,14.00,85.00,1171.17,69.01,144.67,1295.83,14.50,85.50,1.00,1.00,10350.53,7858.58,7863.58,10251.82,14,85,85,14,61492.01,61425.49,,
2026-06-10T16:33:09+08:00,btc-updown-5m-1781080200,https://polymarket.com/zh/event/btc-updown-5m-1781080200,16:30-16:35,15.00,86.00,14.00,85.00,935.84,93.32,78.32,862.84,14.50,85.50,1.00,1.00,10945.53,8079.58,7868.58,10945.53,14,85,85,14,61492.01,61425.49,,
2026-06-10T16:33:10+08:00,btc-updown-5m-1781080200,https://polymarket.com/zh/event/btc-updown-5m-1781080200,16:30-16:35,14.00,87.00,13.00,86.00,353.79,289.37,407.66,325.64,13.50,86.50,1.00,1.00,10957.53,7978.59,7964.58,10962.53,13,86,86,13,61492.01,61425.50,,
2026-06-10T16:33:12+08:00,btc-updown-5m-1781080200,https://polymarket.com/zh/event/btc-updown-5m-1781080200,16:30-16:35,15.00,86.00,14.00,85.00,261.87,729.07,643.87,431.36,14.50,85.50,1.00,1.00,10492.53,7959.58,7968.59,10492.53,14,85,85,14,61492.01,61431.57,,
2026-06-10T16:33:14+08:00,btc-updown-5m-1781080200,https://polymarket.com/zh/event/btc-updown-5m-1781080200,16:30-16:35,15.00,86.00,14.00,85.00,37.80,1021.75,1035.42,37.80,14.50,85.50,1.00,1.00,9578.53,7959.58,7953.58,9573.53,14,85,85,14,61492.01,61435.04,,
2026-06-10T16:33:16+08:00,btc-updown-5m-1781080200,https://polymarket.com/zh/event/btc-updown-5m-1781080200,16:30-16:35,15.00,86.00,14.00,85.00,641.41,469.48,464.48,670.41,14.50,85.50,1.00,1.00,10083.53,7878.58,7974.58,10088.53,14,85,85,14,61492.01,61435.98,,
2026-06-10T16:33:18+08:00,btc-updown-5m-1781080200,https://polymarket.com/zh/event/btc-updown-5m-1781080200,16:30-16:35,15.00,86.00,14.00,85.00,989.72,52.59,35.00,870.92,14.50,85.50,1.00,1.00,10823.76,7874.58,7974.58,10773.76,14,85,85,14,61492.01,61431.82,,
2026-06-10T16:33:20+08:00,btc-updown-5m-1781080200,https://polymarket.com/zh/event/btc-updown-5m-1781080200,16:30-16:35,15.00,86.00,14.00,85.00,264.15,550.85,682.79,317.15,14.50,85.50,1.00,1.00,9044.14,7810.58,7417.88,9089.14,14,85,85,14,61492.01,61437.34,,
2026-06-10T16:33:22+08:00,btc-updown-5m-1781080200,https://polymarket.com/zh/event/btc-updown-5m-1781080200,16:30-16:35,15.00,86.00,14.00,85.00,42.02,653.25,944.09,47.02,14.50,85.50,1.00,1.00,9122.85,7407.88,7403.88,9122.85,14,85,85,14,61492.01,61443.99,,
2026-06-10T16:33:24+08:00,btc-updown-5m-1781080200,https://polymarket.com/zh/event/btc-updown-5m-1781080200,16:30-16:35,20.00,80.00,19.00,79.00,151.95,296.17,370.19,18.32,19.50,79.50,1.00,1.00,8975.14,7518.88,7413.88,9280.14,19,80,79,20,61492.01,61446.79,,
2026-06-10T16:33:26+08:00,btc-updown-5m-1781080200,https://polymarket.com/zh/event/btc-updown-5m-1781080200,16:30-16:35,26.00,75.00,25.00,74.00,182.68,936.21,657.19,122.35,25.50,74.50,1.00,1.00,9108.85,7539.88,7628.88,9010.14,25,74,74,25,61492.01,61455.00,,
2026-06-10T16:33:27+08:00,btc-updown-5m-1781080200,https://polymarket.com/zh/event/btc-updown-5m-1781080200,16:30-16:35,28.00,73.00,27.00,72.00,883.66,391.96,375.96,815.66,27.50,72.50,1.00,1.00,8970.70,7490.88,7496.88,8995.70,27,72,72,27,61492.01,61458.52,,
2026-06-10T16:33:29+08:00,btc-updown-5m-1781080200,https://polymarket.com/zh/event/btc-updown-5m-1781080200,16:30-16:35,28.00,73.00,27.00,72.00,889.81,30.03,32.62,926.55,27.50,72.50,1.00,1.00,8965.64,7486.88,7501.88,9165.64,27,72,72,27,61492.01,61461.39,,
2026-06-10T16:33:31+08:00,btc-updown-5m-1781080200,https://polymarket.com/zh/event/btc-updown-5m-1781080200,16:30-16:35,29.00,72.00,28.00,71.00,938.08,51.50,64.81,954.40,28.50,71.50,1.00,1.00,9192.85,7473.88,7463.88,9197.85,28,71,71,28,61492.01,61459.49,,
2026-06-10T16:33:33+08:00,btc-updown-5m-1781080200,https://polymarket.com/zh/event/btc-updown-5m-1781080200,16:30-16:35,18.00,84.00,17.00,83.00,802.30,467.92,21.78,110.02,17.50,83.50,1.00,1.00,9323.14,7362.89,7466.88,9318.14,17,82,83,16,61492.01,61450.02,,
2026-06-10T16:33:35+08:00,btc-updown-5m-1781080200,https://polymarket.com/zh/event/btc-updown-5m-1781080200,16:30-16:35,20.00,81.00,19.00,80.00,200.00,845.45,194.00,200.00,19.50,80.50,1.00,1.00,8901.14,7450.88,7456.88,9096.14,19,80,80,19,61492.01,61445.80,,
2026-06-10T16:33:37+08:00,btc-updown-5m-1781080200,https://polymarket.com/zh/event/btc-updown-5m-1781080200,16:30-16:35,20.00,82.00,19.00,81.00,307.23,5.00,175.46,506.64,19.50,81.50,1.00,1.00,9228.14,7299.31,7294.31,9436.85,19,80,81,18,61492.01,61450.26,,
2026-06-10T16:33:39+08:00,btc-updown-5m-1781080200,https://polymarket.com/zh/event/btc-updown-5m-1781080200,16:30-16:35,20.00,81.00,19.00,80.00,1101.50,15.23,9.96,1068.50,19.50,80.50,1.00,1.00,9678.37,7299.31,7278.31,9646.37,19,80,80,19,61492.01,61447.31,,
2026-06-10T16:33:41+08:00,btc-updown-5m-1781080200,https://polymarket.com/zh/event/btc-updown-5m-1781080200,16:30-16:35,17.00,84.00,16.00,83.00,1084.76,19.00,24.00,1332.26,16.50,83.50,1.00,1.00,9184.85,7188.32,7267.31,9489.85,16,83,83,16,61492.01,61444.66,,
2026-06-10T16:33:43+08:00,btc-updown-5m-1781080200,https://polymarket.com/zh/event/btc-updown-5m-1781080200,16:30-16:35,15.00,86.00,14.00,85.00,106.69,521.93,530.93,106.69,14.50,85.50,1.00,1.00,9286.14,7203.31,7183.31,9711.37,14,85,85,14,61492.01,61441.98,,
2026-06-10T16:33:45+08:00,btc-updown-5m-1781080200,https://polymarket.com/zh/event/btc-updown-5m-1781080200,16:30-16:35,17.00,85.00,16.00,84.00,1075.82,16.55,111.57,172.00,16.50,84.50,1.00,1.00,9166.85,7383.32,7189.31,9161.85,16,83,84,15,61492.01,61441.98,,
2026-06-10T16:33:47+08:00,btc-updown-5m-1781080200,https://polymarket.com/zh/event/btc-updown-5m-1781080200,16:30-16:35,16.00,85.00,15.00,84.00,54.00,1199.75,1065.75,54.00,15.50,84.50,1.00,1.00,9026.85,7399.31,7398.32,9026.85,15,84,84,15,61492.01,61441.98,,
2026-06-10T16:33:48+08:00,btc-updown-5m-1781080200,https://polymarket.com/zh/event/btc-updown-5m-1781080200,16:30-16:35,18.00,83.00,17.00,82.00,1083.12,111.81,126.83,1142.41,17.50,82.50,1.00,1.00,9850.08,7402.31,7387.31,9905.08,17,82,82,17,61492.01,61444.66,,
2026-06-10T16:33:50+08:00,btc-updown-5m-1781080200,https://polymarket.com/zh/event/btc-updown-5m-1781080200,16:30-16:35,12.00,89.00,11.00,88.00,831.19,5.00,120.75,2015.06,11.50,88.50,1.00,1.00,10162.08,7193.31,7192.31,10288.14,11,88,88,11,61492.01,61441.98,,
2026-06-10T16:33:52+08:00,btc-updown-5m-1781080200,https://polymarket.com/zh/event/btc-updown-5m-1781080200,16:30-16:35,12.00,89.00,11.00,88.00,29.56,593.44,564.13,71.56,11.50,88.50,1.00,1.00,10221.14,7184.31,7183.31,10246.14,11,88,88,11,61492.01,61435.68,,
2026-06-10T16:33:54+08:00,btc-updown-5m-1781080200,https://polymarket.com/zh/event/btc-updown-5m-1781080200,16:30-16:35,12.00,89.00,11.00,88.00,543.44,130.03,209.02,622.58,11.50,88.50,1.00,1.00,10627.85,7189.31,7184.31,10632.85,11,88,88,11,61492.01,61437.88,,
2026-06-10T16:33:56+08:00,btc-updown-5m-1781080200,https://polymarket.com/zh/event/btc-updown-5m-1781080200,16:30-16:35,12.00,89.00,11.00,88.00,123.26,319.24,410.28,268.56,11.50,88.50,1.00,1.00,11107.08,7199.31,7200.32,11092.08,11,88,88,11,61492.01,61437.88,,
2026-06-10T16:33:58+08:00,btc-updown-5m-1781080200,https://polymarket.com/zh/event/btc-updown-5m-1781080200,16:30-16:35,10.00,91.00,9.00,90.00,633.30,79.15,79.15,550.99,9.50,90.50,1.00,1.00,11063.08,7198.31,7187.31,11058.08,9,90,90,9,61492.01,61437.89,,
2026-06-10T16:34:00+08:00,btc-updown-5m-1781080200,https://polymarket.com/zh/event/btc-updown-5m-1781080200,16:30-16:35,11.00,90.00,10.00,89.00,565.89,15.00,35.16,656.49,10.50,89.50,1.00,1.00,10628.08,7198.31,7192.32,10893.08,10,89,89,10,61492.01,61437.88,,
2026-06-10T16:34:02+08:00,btc-updown-5m-1781080200,https://polymarket.com/zh/event/btc-updown-5m-1781080200,16:30-16:35,10.00,91.00,9.00,90.00,70.00,1159.05,134.23,10.00,9.50,90.50,1.00,1.00,10558.08,7402.31,7592.31,10427.08,9,90,89,9,61492.01,61437.89,,
2026-06-10T16:34:04+08:00,btc-updown-5m-1781080200,https://polymarket.com/zh/event/btc-updown-5m-1781080200,16:30-16:35,13.00,88.00,12.00,87.00,193.50,277.77,348.92,193.50,12.50,87.50,1.00,1.00,9471.85,8562.31,8563.31,9576.85,12,87,87,12,61492.01,61443.94,,
2026-06-10T16:34:06+08:00,btc-updown-5m-1781080200,https://polymarket.com/zh/event/btc-updown-5m-1781080200,16:30-16:35,13.00,88.00,12.00,87.00,55.00,752.09,765.09,50.00,12.50,87.50,1.00,1.00,10203.81,8572.31,8582.32,10203.81,12,87,87,12,61492.01,61450.13,,
2026-06-10T16:34:07+08:00,btc-updown-5m-1781080200,https://polymarket.com/zh/event/btc-updown-5m-1781080200,16:30-16:35,13.00,88.00,12.00,87.00,520.78,177.95,235.64,563.57,12.50,87.50,1.00,1.00,8872.81,8568.31,8573.31,8447.81,12,87,87,12,61492.01,61450.26,,
2026-06-10T16:34:09+08:00,btc-updown-5m-1781080200,https://polymarket.com/zh/event/btc-updown-5m-1781080200,16:30-16:35,4.00,98.00,3.00,97.00,974.75,384.22,36.68,614.71,3.50,97.50,1.00,1.00,5828.41,8390.97,8395.97,5816.82,3,96,97,2,61492.01,61421.36,,
2026-06-10T16:34:11+08:00,btc-updown-5m-1781080200,https://polymarket.com/zh/event/btc-updown-5m-1781080200,16:30-16:35,2.00,99.00,1.00,98.00,796.70,5199.42,5219.48,793.70,1.50,98.50,1.00,1.00,5219.48,8260.73,8245.72,5199.42,1,98,98,1,61492.01,61419.35,,
2026-06-10T16:34:13+08:00,btc-updown-5m-1781080200,https://polymarket.com/zh/event/btc-updown-5m-1781080200,16:30-16:35,2.00,99.00,1.00,98.00,542.93,4920.10,4915.10,547.16,1.50,98.50,1.00,1.00,4915.10,8190.72,8206.72,4920.10,1,98,98,1,61492.01,61413.10,,
2026-06-10T16:34:15+08:00,btc-updown-5m-1781080200,https://polymarket.com/zh/event/btc-updown-5m-1781080200,16:30-16:35,2.00,99.00,1.00,98.00,448.20,3221.30,3208.30,460.25,1.50,98.50,1.00,1.00,3208.30,8200.73,8201.72,3221.30,1,98,98,1,61492.01,61413.10,,
2026-06-10T16:34:17+08:00,btc-updown-5m-1781080200,https://polymarket.com/zh/event/btc-updown-5m-1781080200,16:30-16:35,2.00,99.00,1.00,98.00,847.74,2414.96,2382.74,810.74,1.50,98.50,1.00,1.00,2382.74,8215.72,8226.73,2414.96,1,98,98,1,61492.01,61404.01,,
2026-06-10T16:34:19+08:00,btc-updown-5m-1781080200,https://polymarket.com/zh/event/btc-updown-5m-1781080200,16:30-16:35,2.00,99.00,1.00,98.00,299.87,1065.07,1115.07,464.32,1.50,98.50,1.00,1.00,1115.07,8248.73,8137.72,1065.07,1,98,98,1,61492.01,61402.00,,
2026-06-10T16:34:21+08:00,btc-updown-5m-1781080200,https://polymarket.com/zh/event/btc-updown-5m-1781080200,16:30-16:35,2.00,99.00,1.00,98.00,493.48,762.88,747.88,450.48,1.50,98.50,1.00,1.00,747.88,8188.72,8152.72,762.88,1,98,98,1,61492.01,61401.52,,
2026-06-10T16:34:23+08:00,btc-updown-5m-1781080200,https://polymarket.com/zh/event/btc-updown-5m-1781080200,16:30-16:35,1.00,,,99.00,307.42,,,262.40,,,,,,8237.72,8233.72,,0,99,99,0,61492.01,61401.52,,
2026-06-10T16:34:25+08:00,btc-updown-5m-1781080200,https://polymarket.com/zh/event/btc-updown-5m-1781080200,16:30-16:35,1.00,,,99.00,216.64,,,216.64,,,,,,8203.72,8207.72,,0,99,99,0,61492.01,61400.71,,
2026-06-10T16:34:27+08:00,btc-updown-5m-1781080200,https://polymarket.com/zh/event/btc-updown-5m-1781080200,16:30-16:35,1.00,,,99.00,978.56,,,978.56,,,,,,8248.72,8243.72,,0,99,99,0,61492.01,61400.00,,
2026-06-10T16:34:29+08:00,btc-updown-5m-1781080200,https://polymarket.com/zh/event/btc-updown-5m-1781080200,16:30-16:35,1.00,,,99.00,2013.88,,,1803.88,,,,,,8252.72,8253.72,,0,99,99,0,61492.01,61403.07,,
2026-06-10T16:34:30+08:00,btc-updown-5m-1781080200,https://polymarket.com/zh/event/btc-updown-5m-1781080200,16:30-16:35,1.00,,,99.00,257.01,,,267.01,,,,,,7202.72,7223.72,,0,99,99,0,61492.01,61410.68,,
2026-06-10T16:34:32+08:00,btc-updown-5m-1781080200,https://polymarket.com/zh/event/btc-updown-5m-1781080200,16:30-16:35,1.00,,,99.00,940.59,,,940.59,,,,,,7189.80,7178.80,,0,99,99,0,61492.01,61404.89,,
2026-06-10T16:34:34+08:00,btc-updown-5m-1781080200,https://polymarket.com/zh/event/btc-updown-5m-1781080200,16:30-16:35,1.00,,,99.00,1048.67,,,1048.67,,,,,,7173.80,7183.80,,0,99,99,0,61492.01,61405.99,,
2026-06-10T16:34:36+08:00,btc-updown-5m-1781080200,https://polymarket.com/zh/event/btc-updown-5m-1781080200,16:30-16:35,1.00,,,99.00,2686.15,,,2738.65,,,,,,6605.81,6601.81,,0,99,99,0,61492.01,61406.00,,
2026-06-10T16:34:38+08:00,btc-updown-5m-1781080200,https://polymarket.com/zh/event/btc-updown-5m-1781080200,16:30-16:35,1.00,,,99.00,4415.17,,,4709.17,,,,,,6626.81,6605.81,,0,99,99,0,61492.01,61400.00,,
2026-06-10T16:34:40+08:00,btc-updown-5m-1781080200,https://polymarket.com/zh/event/btc-updown-5m-1781080200,16:30-16:35,1.00,,,99.00,12063.04,,,12091.52,,,,,,6421.81,6595.81,,0,99,99,0,61492.01,61387.51,,
2026-06-10T16:34:42+08:00,btc-updown-5m-1781080200,https://polymarket.com/zh/event/btc-updown-5m-1781080200,16:30-16:35,1.00,,,99.00,15613.69,,,15618.69,,,,,,6606.81,6605.81,,0,99,99,0,61492.01,61379.98,,
2026-06-10T16:34:44+08:00,btc-updown-5m-1781080200,https://polymarket.com/zh/event/btc-updown-5m-1781080200,16:30-16:35,1.00,,,99.00,21869.09,,,21869.09,,,,,,6505.81,6501.81,,0,99,99,0,61492.01,61372.58,,
2026-06-10T16:34:46+08:00,btc-updown-5m-1781080200,https://polymarket.com/zh/event/btc-updown-5m-1781080200,16:30-16:35,1.00,,,99.00,22123.71,,,22213.59,,,,,,5967.21,5967.21,,0,99,99,0,61492.01,61367.99,,
2026-06-10T16:34:47+08:00,btc-updown-5m-1781080200,https://polymarket.com/zh/event/btc-updown-5m-1781080200,16:30-16:35,1.00,,,99.00,24238.47,,,24228.47,,,,,,6157.21,6152.21,,0,99,99,0,61492.01,61363.58,,
2026-06-10T16:34:49+08:00,btc-updown-5m-1781080200,https://polymarket.com/zh/event/btc-updown-5m-1781080200,16:30-16:35,1.00,,,99.00,24973.15,,,24959.67,,,,,,5701.21,5706.21,,0,63,63,0,61492.01,61363.56,,
2026-06-10T16:34:51+08:00,btc-updown-5m-1781080200,https://polymarket.com/zh/event/btc-updown-5m-1781080200,16:30-16:35,1.00,,,99.00,30054.38,,,30064.38,,,,,,5991.21,6001.21,,0,63,63,0,61492.01,61363.56,,
2026-06-10T16:34:53+08:00,btc-updown-5m-1781080200,https://polymarket.com/zh/event/btc-updown-5m-1781080200,16:30-16:35,1.00,,,99.00,30697.30,,,30682.00,,,,,,5991.21,5996.22,,0,64,64,0,61492.01,61363.56,,
2026-06-10T16:34:55+08:00,btc-updown-5m-1781080200,https://polymarket.com/zh/event/btc-updown-5m-1781080200,16:30-16:35,1.00,,,99.00,30868.55,,,31068.65,,,,,,5777.29,5772.29,,0,61,60,0,61492.01,61363.56,,
2026-06-10T16:34:57+08:00,btc-updown-5m-1781080200,https://polymarket.com/zh/event/btc-updown-5m-1781080200,16:30-16:35,1.00,,,99.00,36113.32,,,36229.32,,,,,,5982.29,5872.29,,0,61,61,0,61492.01,61363.56,,
2026-06-10T16:34:59+08:00,btc-updown-5m-1781080200,https://polymarket.com/zh/event/btc-updown-5m-1781080200,16:30-16:35,1.00,,,99.00,64041.27,,,66611.18,,,,,,4772.29,4747.29,,0,61,61,0,61492.01,61363.10,,
2026-06-10T16:35:01+08:00,btc-updown-5m-1781080500,https://polymarket.com/zh/event/btc-updown-5m-1781080500,16:35-16:40,55.00,46.00,54.00,45.00,130.22,960.36,777.82,607.04,54.50,45.50,1.00,1.00,97190.60,96780.93,96780.93,97185.60,53,42,42,52,61359.41,61359.41,,
2026-06-10T16:35:03+08:00,btc-updown-5m-1781080500,https://polymarket.com/zh/event/btc-updown-5m-1781080500,16:35-16:40,48.00,56.00,46.00,55.00,71.00,47.64,15.93,46.77,47.00,55.50,2.00,1.00,98705.32,98353.63,98358.63,98710.32,46,52,55,44,61359.41,61345.58,,
2026-06-10T16:35:05+08:00,btc-updown-5m-1781080500,https://polymarket.com/zh/event/btc-updown-5m-1781080500,16:35-16:40,41.00,60.00,40.00,59.00,911.24,632.00,694.94,1155.24,40.50,59.50,1.00,1.00,99263.28,98036.45,98046.45,99283.28,40,59,59,40,61359.41,61330.50,,
2026-06-10T16:35:07+08:00,btc-updown-5m-1781080500,https://polymarket.com/zh/event/btc-updown-5m-1781080500,16:35-16:40,41.00,60.00,40.00,59.00,1729.20,375.03,375.03,1583.20,40.50,59.50,1.00,1.00,99447.28,98265.45,98275.45,99462.28,40,59,59,40,61359.41,61325.60,,
2026-06-10T16:35:09+08:00,btc-updown-5m-1781080500,https://polymarket.com/zh/event/btc-updown-5m-1781080500,16:35-16:40,38.00,63.00,37.00,62.00,420.88,10.00,52.50,918.24,37.50,62.50,1.00,1.00,98572.28,98280.46,98285.45,98572.28,37,62,62,37,61359.41,61328.00,,
2026-06-10T16:35:10+08:00,btc-updown-5m-1781080500,https://polymarket.com/zh/event/btc-updown-5m-1781080500,16:35-16:40,35.00,66.00,34.00,65.00,284.14,1060.29,827.88,203.14,34.50,65.50,1.00,1.00,99357.28,97365.45,97480.45,99377.28,34,65,65,34,61359.41,61322.24,,
2026-06-10T16:35:12+08:00,btc-updown-5m-1781080500,https://polymarket.com/zh/event/btc-updown-5m-1781080500,16:35-16:40,36.00,65.00,35.00,64.00,635.93,47.90,37.12,851.65,35.50,64.50,1.00,1.00,99292.28,97365.45,97365.45,98762.28,35,64,64,35,61359.41,61329.70,,
2026-06-10T16:35:14+08:00,btc-updown-5m-1781080500,https://polymarket.com/zh/event/btc-updown-5m-1781080500,16:35-16:40,37.00,64.00,36.00,63.00,293.50,560.06,370.90,293.50,36.50,63.50,1.00,1.00,99267.28,97370.45,97370.45,99267.28,36,63,63,36,61359.41,61325.00,,
2026-06-10T16:35:16+08:00,btc-updown-5m-1781080500,https://polymarket.com/zh/event/btc-updown-5m-1781080500,16:35-16:40,43.00,58.00,42.00,57.00,203.01,627.79,264.00,243.04,42.50,57.50,1.00,1.00,93057.28,91160.45,91165.45,92557.28,42,57,57,42,61359.41,61338.75,,
2026-06-10T16:35:18+08:00,btc-updown-5m-1781080500,https://polymarket.com/zh/event/btc-updown-5m-1781080500,16:35-16:40,45.00,56.00,44.00,55.00,327.13,674.27,589.28,327.13,44.50,55.50,1.00,1.00,92347.28,91234.45,91334.45,92580.61,44,55,55,44,61359.41,61342.88,,
2026-06-10T16:35:20+08:00,btc-updown-5m-1781080500,https://polymarket.com/zh/event/btc-updown-5m-1781080500,16:35-16:40,46.00,55.00,45.00,54.00,343.95,714.73,677.65,106.75,45.50,54.50,1.00,1.00,93000.99,91759.83,91754.83,93000.99,45,54,54,45,61359.41,61346.14,,
2026-06-10T16:35:22+08:00,btc-updown-5m-1781080500,https://polymarket.com/zh/event/btc-updown-5m-1781080500,16:35-16:40,49.00,52.00,48.00,51.00,63.52,1344.22,1324.82,33.52,48.50,51.50,1.00,1.00,84947.29,84340.03,84340.03,84481.19,48,51,51,48,61359.41,61351.15,,
2026-06-10T16:35:24+08:00,btc-updown-5m-1781080500,https://polymarket.com/zh/event/btc-updown-5m-1781080500,16:35-16:40,49.00,53.00,47.00,51.00,1176.15,47.00,47.00,1134.75,48.00,52.00,2.00,2.00,84721.19,84402.02,84612.03,85221.19,47,51,51,47,61359.41,61352.80,,
2026-06-10T16:35:26+08:00,btc-updown-5m-1781080500,https://polymarket.com/zh/event/btc-updown-5m-1781080500,16:35-16:40,47.00,54.00,46.00,53.00,72.02,1055.87,1124.45,72.02,46.50,53.50,1.00,1.00,85433.18,84719.42,84714.42,84938.18,46,53,53,46,61359.41,61353.89,,
2026-06-10T16:35:28+08:00,btc-updown-5m-1781080500,https://polymarket.com/zh/event/btc-updown-5m-1781080500,16:35-16:40,47.00,54.00,46.00,53.00,820.95,787.62,403.59,296.30,46.50,53.50,1.00,1.00,85140.58,84499.42,84519.42,85055.58,46,53,53,46,61359.41,61350.43,,
2026-06-10T16:35:30+08:00,btc-updown-5m-1781080500,https://polymarket.com/zh/event/btc-updown-5m-1781080500,16:35-16:40,43.00,58.00,42.00,57.00,193.47,1419.64,1554.79,476.15,42.50,57.50,1.00,1.00,85655.58,84119.42,83914.42,86055.58,42,57,57,42,61359.41,61343.11,,
2026-06-10T16:35:32+08:00,btc-updown-5m-1781080500,https://polymarket.com/zh/event/btc-updown-5m-1781080500,16:35-16:40,45.00,56.00,44.00,55.00,417.52,794.68,868.93,533.01,44.50,55.50,1.00,1.00,74559.50,71918.34,71928.35,74159.50,44,55,55,44,61359.41,61343.23,,
2026-06-10T16:35:33+08:00,btc-updown-5m-1781080500,https://polymarket.com/zh/event/btc-updown-5m-1781080500,16:35-16:40,45.00,56.00,44.00,55.00,714.26,834.76,775.76,540.26,44.50,55.50,1.00,1.00,73559.50,71918.34,71938.34,74074.50,44,55,55,44,61359.41,61347.74,,
2026-06-10T16:35:35+08:00,btc-updown-5m-1781080500,https://polymarket.com/zh/event/btc-updown-5m-1781080500,16:35-16:40,45.00,56.00,44.00,55.00,707.13,813.99,710.99,256.63,44.50,55.50,1.00,1.00,74059.50,71913.34,72123.34,74059.50,44,55,55,44,61359.41,61345.01,,
2026-06-10T16:35:37+08:00,btc-updown-5m-1781080500,https://polymarket.com/zh/event/btc-updown-5m-1781080500,16:35-16:40,45.00,56.00,44.00,55.00,466.98,669.63,673.81,552.90,44.50,55.50,1.00,1.00,73549.50,71918.35,71908.34,73549.50,44,55,55,44,61359.41,61345.01,,
2026-06-10T16:35:39+08:00,btc-updown-5m-1781080500,https://polymarket.com/zh/event/btc-updown-5m-1781080500,16:35-16:40,48.00,53.00,47.00,52.00,315.52,1026.91,1036.50,315.52,47.50,52.50,1.00,1.00,73949.50,72508.34,72508.35,74049.50,47,52,52,47,61359.41,61345.01,,
2026-06-10T16:35:41+08:00,btc-updown-5m-1781080500,https://polymarket.com/zh/event/btc-updown-5m-1781080500,16:35-16:40,49.00,52.00,48.00,51.00,950.58,294.00,132.44,883.47,48.50,51.50,1.00,1.00,53949.50,53013.34,53193.34,53934.50,48,51,51,48,61359.41,61352.84,,
2026-06-10T16:35:43+08:00,btc-updown-5m-1781080500,https://polymarket.com/zh/event/btc-updown-5m-1781080500,16:35-16:40,49.00,52.00,48.00,51.00,94.50,1063.67,1033.67,90.41,48.50,51.50,1.00,1.00,54470.48,53408.34,53393.35,54455.48,48,51,51,48,61359.41,61353.89,,
2026-06-10T16:35:45+08:00,btc-updown-5m-1781080500,https://polymarket.com/zh/event/btc-updown-5m-1781080500,16:35-16:40,49.00,52.00,48.00,51.00,115.50,649.60,725.24,226.13,48.50,51.50,1.00,1.00,53955.48,53393.34,53408.34,53970.48,48,51,51,48,61359.41,61353.89,,
2026-06-10T16:35:47+08:00,btc-updown-5m-1781080500,https://polymarket.com/zh/event/btc-updown-5m-1781080500,16:35-16:40,50.00,51.00,49.00,50.00,886.93,706.75,671.75,896.93,49.50,50.50,1.00,1.00,54470.48,53408.34,53413.34,54470.48,49,50,50,49,61359.41,61355.27,,
2026-06-10T16:35:49+08:00,btc-updown-5m-1781080500,https://polymarket.com/zh/event/btc-updown-5m-1781080500,16:35-16:40,50.00,51.00,49.00,50.00,558.93,1494.66,1268.42,99.08,49.50,50.50,1.00,1.00,54070.48,53413.34,53408.34,53970.48,49,50,50,49,61359.41,61358.00,,
2026-06-10T16:35:50+08:00,btc-updown-5m-1781080500,https://polymarket.com/zh/event/btc-updown-5m-1781080500,16:35-16:40,51.00,50.00,50.00,49.00,205.27,1229.40,1255.60,199.96,50.50,49.50,1.00,1.00,54075.48,53403.34,53403.34,54075.48,50,49,49,50,61359.41,61357.52,,
2026-06-10T16:35:52+08:00,btc-updown-5m-1781080500,https://polymarket.com/zh/event/btc-updown-5m-1781080500,16:35-16:40,53.00,47.00,52.00,46.00,41.70,640.76,237.86,599.67,52.50,46.50,1.00,1.00,11855.48,11388.34,11388.34,12370.49,52,47,46,53,61359.41,61359.41,,
2026-06-10T16:35:54+08:00,btc-updown-5m-1781080500,https://polymarket.com/zh/event/btc-updown-5m-1781080500,16:35-16:40,54.00,47.00,53.00,46.00,526.52,1136.62,1237.38,653.54,53.50,46.50,1.00,1.00,11980.48,11414.45,11399.45,11455.48,53,46,46,53,61359.41,61364.24,,
2026-06-10T16:35:56+08:00,btc-updown-5m-1781080500,https://polymarket.com/zh/event/btc-updown-5m-1781080500,16:35-16:40,54.00,47.00,53.00,46.00,594.47,1036.00,1121.57,674.49,53.50,46.50,1.00,1.00,11875.48,11414.45,11419.45,11970.48,53,46,46,53,61359.41,61364.24,,
2026-06-10T16:35:58+08:00,btc-updown-5m-1781080500,https://polymarket.com/zh/event/btc-updown-5m-1781080500,16:35-16:40,55.00,47.00,54.00,46.00,1321.16,246.02,11.02,127.52,54.50,46.50,1.00,1.00,11870.48,11414.45,11414.45,11370.48,54,45,46,53,61359.41,61364.24,,
2026-06-10T16:36:00+08:00,btc-updown-5m-1781080500,https://polymarket.com/zh/event/btc-updown-5m-1781080500,16:35-16:40,54.00,47.00,53.00,46.00,362.32,1283.22,685.98,124.11,53.50,46.50,1.00,1.00,11435.48,11374.45,11374.45,11535.48,53,46,46,53,61359.41,61365.61,,
2026-06-10T16:36:02+08:00,btc-updown-5m-1781080500,https://polymarket.com/zh/event/btc-updown-5m-1781080500,16:35-16:40,64.00,37.00,63.00,36.00,302.47,480.88,474.66,306.49,63.50,36.50,1.00,1.00,11125.48,11759.45,11759.45,10620.49,63,36,36,63,61359.41,61380.05,,
2026-06-10T16:36:04+08:00,btc-updown-5m-1781080500,https://polymarket.com/zh/event/btc-updown-5m-1781080500,16:35-16:40,64.00,37.00,63.00,36.00,278.18,1327.22,1162.33,220.66,63.50,36.50,1.00,1.00,10567.16,11902.78,11902.78,11162.15,63,36,36,63,61359.41,61381.88,,
2026-06-10T16:36:06+08:00,btc-updown-5m-1781080500,https://polymarket.com/zh/event/btc-updown-5m-1781080500,16:35-16:40,66.00,34.00,65.00,33.00,20.74,113.02,1532.10,25.00,65.50,33.50,1.00,1.00,11212.16,11922.78,11684.78,10949.15,65,34,33,66,61359.41,61384.18,,
2026-06-10T16:36:08+08:00,btc-updown-5m-1781080500,https://polymarket.com/zh/event/btc-updown-5m-1781080500,16:35-16:40,72.00,30.00,71.00,29.00,1708.80,22.53,100.00,570.52,71.50,29.50,1.00,1.00,10174.15,10819.78,10819.78,10029.16,71,28,29,70,61359.41,61396.57,,
2026-06-10T16:36:09+08:00,btc-updown-5m-1781080500,https://polymarket.com/zh/event/btc-updown-5m-1781080500,16:35-16:40,69.00,32.00,68.00,31.00,1030.55,656.68,505.70,851.34,68.50,31.50,1.00,1.00,9739.16,10879.78,10879.78,9729.15,68,31,31,68,61359.41,61394.02,,
2026-06-10T16:36:11+08:00,btc-updown-5m-1781080500,https://polymarket.com/zh/event/btc-updown-5m-1781080500,16:35-16:40,69.00,32.00,68.00,31.00,76.10,587.95,1132.00,305.00,68.50,31.50,1.00,1.00,10144.15,10799.78,10804.78,10147.49,68,31,31,68,61359.41,61398.02,,
2026-06-10T16:36:13+08:00,btc-updown-5m-1781080500,https://polymarket.com/zh/event/btc-updown-5m-1781080500,16:35-16:40,73.00,28.00,72.00,27.00,377.99,1169.71,1432.95,248.49,72.50,27.50,1.00,1.00,10102.48,10804.78,10804.78,9707.48,72,27,27,72,61359.41,61400.70,,
2026-06-10T16:36:15+08:00,btc-updown-5m-1781080500,https://polymarket.com/zh/event/btc-updown-5m-1781080500,16:35-16:40,73.00,28.00,72.00,27.00,580.90,427.44,546.14,626.88,72.50,27.50,1.00,1.00,9507.48,10846.45,10846.45,10002.48,72,27,27,72,61359.41,61400.71,,
2026-06-10T16:36:17+08:00,btc-updown-5m-1781080500,https://polymarket.com/zh/event/btc-updown-5m-1781080500,16:35-16:40,65.00,36.00,64.00,35.00,916.76,77.66,68.80,1187.62,64.50,35.50,1.00,1.00,9936.51,10781.45,10781.45,9936.52,64,35,35,64,61359.41,61388.32,,
2026-06-10T16:36:19+08:00,btc-updown-5m-1781080500,https://polymarket.com/zh/event/btc-updown-5m-1781080500,16:35-16:40,64.00,37.00,63.00,36.00,1210.71,159.18,159.18,1067.34,63.50,36.50,1.00,1.00,9561.50,10803.15,10813.15,9566.50,63,36,36,63,61359.41,61384.19,,
2026-06-10T16:36:21+08:00,btc-updown-5m-1781080500,https://polymarket.com/zh/event/btc-updown-5m-1781080500,16:35-16:40,61.00,40.00,60.00,39.00,918.78,860.18,355.94,664.59,60.50,39.50,1.00,1.00,9496.50,10873.15,10873.15,9981.50,60,39,39,60,61359.41,61380.06,,
2026-06-10T16:36:23+08:00,btc-updown-5m-1781080500,https://polymarket.com/zh/event/btc-updown-5m-1781080500,16:35-16:40,61.00,39.00,60.00,38.00,112.29,50.00,1378.02,11.00,60.50,38.50,1.00,1.00,10091.51,10853.15,10803.15,10001.50,60,38,37,61,61359.41,61380.05,,
2026-06-10T16:36:25+08:00,btc-updown-5m-1781080500,https://polymarket.com/zh/event/btc-updown-5m-1781080500,16:35-16:40,65.00,36.00,64.00,35.00,615.88,629.46,629.46,666.88,64.50,35.50,1.00,1.00,10156.50,10798.15,10798.15,10166.51,64,35,35,64,61359.41,61383.89,,
2026-06-10T16:36:26+08:00,btc-updown-5m-1781080500,https://polymarket.com/zh/event/btc-updown-5m-1781080500,16:35-16:40,61.00,40.00,60.00,39.00,353.41,1099.56,718.78,251.76,60.50,39.50,1.00,1.00,10161.51,10873.15,10888.15,9676.50,60,39,39,60,61359.41,61373.00,,
2026-06-10T16:36:28+08:00,btc-updown-5m-1781080500,https://polymarket.com/zh/event/btc-updown-5m-1781080500,16:35-16:40,63.00,38.00,62.00,37.00,523.95,625.75,755.75,789.88,62.50,37.50,1.00,1.00,8996.50,10218.15,10218.15,9006.51,62,37,37,62,61359.41,61374.18,,
2026-06-10T16:36:30+08:00,btc-updown-5m-1781080500,https://polymarket.com/zh/event/btc-updown-5m-1781080500,16:35-16:40,63.00,38.00,62.00,37.00,50.00,1408.06,1098.26,10.00,62.50,37.50,1.00,1.00,8971.50,10218.15,10203.15,9556.50,62,37,35,62,61359.41,61376.02,,
2026-06-10T16:36:32+08:00,btc-updown-5m-1781080500,https://polymarket.com/zh/event/btc-updown-5m-1781080500,16:35-16:40,66.00,35.00,65.00,34.00,296.55,1406.68,1057.87,11.00,65.50,34.50,1.00,1.00,8051.50,9368.15,9368.15,8146.50,65,34,34,65,61359.41,61384.18,,
2026-06-10T16:36:34+08:00,btc-updown-5m-1781080500,https://polymarket.com/zh/event/btc-updown-5m-1781080500,16:35-16:40,72.00,29.00,71.00,28.00,495.54,1090.64,992.81,507.54,71.50,28.50,1.00,1.00,7976.50,9303.15,9303.15,8481.50,71,28,28,71,61359.41,61392.44,,
2026-06-10T16:36:36+08:00,btc-updown-5m-1781080500,https://polymarket.com/zh/event/btc-updown-5m-1781080500,16:35-16:40,72.00,29.00,71.00,28.00,1017.11,614.80,596.19,1032.79,71.50,28.50,1.00,1.00,8589.10,9330.15,9325.15,8594.10,71,28,28,71,61359.41,61395.42,,
2026-06-10T16:36:38+08:00,btc-updown-5m-1781080500,https://polymarket.com/zh/event/btc-updown-5m-1781080500,16:35-16:40,72.00,29.00,71.00,28.00,141.33,1095.08,1032.64,141.33,71.50,28.50,1.00,1.00,8074.10,9425.15,9410.15,8054.10,71,28,28,71,61359.41,61396.57,,
2026-06-10T16:36:40+08:00,btc-updown-5m-1781080500,https://polymarket.com/zh/event/btc-updown-5m-1781080500,16:35-16:40,72.00,30.00,71.00,29.00,1316.63,393.00,120.00,601.79,71.50,29.50,1.00,1.00,8459.50,9355.15,9355.15,8564.51,71,28,29,70,61359.41,61390.81,,
2026-06-10T16:36:42+08:00,btc-updown-5m-1781080500,https://polymarket.com/zh/event/btc-updown-5m-1781080500,16:35-16:40,72.00,29.00,71.00,28.00,70.42,1040.87,1028.86,80.42,71.50,28.50,1.00,1.00,8219.50,9345.15,9345.15,8024.50,71,28,28,71,61359.41,61396.00,,
2026-06-10T16:36:44+08:00,btc-updown-5m-1781080500,https://polymarket.com/zh/event/btc-updown-5m-1781080500,16:35-16:40,72.00,29.00,71.00,28.00,313.60,614.73,629.58,111.79,71.50,28.50,1.00,1.00,8214.50,9445.15,9445.15,8714.50,71,28,28,71,61359.41,61396.12,,
2026-06-10T16:36:45+08:00,btc-updown-5m-1781080500,https://polymarket.com/zh/event/btc-updown-5m-1781080500,16:35-16:40,74.00,26.00,72.00,25.00,10.04,41.00,933.46,30.07,73.00,25.50,2.00,1.00,8449.51,9396.82,9389.82,8544.50,72,26,25,74,61359.41,61397.99,,
2026-06-10T16:36:47+08:00,btc-updown-5m-1781080500,https://polymarket.com/zh/event/btc-updown-5m-1781080500,16:35-16:40,76.00,25.00,75.00,24.00,477.90,538.65,686.84,704.29,75.50,24.50,1.00,1.00,8079.50,9344.82,9344.82,8584.51,75,24,24,75,61359.41,61400.70,,
2026-06-10T16:36:49+08:00,btc-updown-5m-1781080500,https://polymarket.com/zh/event/btc-updown-5m-1781080500,16:35-16:40,76.00,25.00,75.00,24.00,1071.37,127.43,131.99,1075.37,75.50,24.50,1.00,1.00,8529.50,9421.82,9421.82,8044.50,75,24,24,75,61359.41,61400.71,,
2026-06-10T16:36:51+08:00,btc-updown-5m-1781080500,https://polymarket.com/zh/event/btc-updown-5m-1781080500,16:35-16:40,76.00,26.00,75.00,25.00,1134.95,5.00,5.00,1433.98,75.50,25.50,1.00,1.00,7934.50,9331.82,9301.82,8439.50,75,24,25,73,61359.41,61400.70,,
2026-06-10T16:36:53+08:00,btc-updown-5m-1781080500,https://polymarket.com/zh/event/btc-updown-5m-1781080500,16:35-16:40,72.00,29.00,71.00,28.00,1146.23,56.00,56.00,1105.17,71.50,28.50,1.00,1.00,8509.50,9254.82,9254.82,8504.50,71,28,28,71,61359.41,61396.01,,
2026-06-10T16:36:55+08:00,btc-updown-5m-1781080500,https://polymarket.com/zh/event/btc-updown-5m-1781080500,16:35-16:40,66.00,35.00,65.00,34.00,1399.61,40.20,40.20,1170.31,65.50,34.50,1.00,1.00,7999.51,9302.82,9302.82,7984.50,65,34,34,65,61359.41,61388.32,,
2026-06-10T16:36:57+08:00,btc-updown-5m-1781080500,https://polymarket.com/zh/event/btc-updown-5m-1781080500,16:35-16:40,61.00,41.00,60.00,39.00,41.00,249.55,52.50,1275.95,60.50,40.00,1.00,2.00,8288.50,9229.82,9229.82,8378.50,60,39,39,58,61359.41,61380.60,,
2026-06-10T16:36:59+08:00,btc-updown-5m-1781080500,https://polymarket.com/zh/event/btc-updown-5m-1781080500,16:35-16:40,60.00,41.00,59.00,40.00,882.03,344.62,319.20,532.03,59.50,40.50,1.00,1.00,7782.50,9129.82,9124.82,7827.51,59,40,40,59,61359.41,61375.97,,
2026-06-10T16:37:01+08:00,btc-updown-5m-1781080500,https://polymarket.com/zh/event/btc-updown-5m-1781080500,16:35-16:40,60.00,41.00,59.00,40.00,968.63,479.68,327.46,928.63,59.50,40.50,1.00,1.00,8007.50,9108.82,8974.82,7658.50,59,40,40,59,61359.41,61371.80,,
2026-06-10T16:37:03+08:00,btc-updown-5m-1781080500,https://polymarket.com/zh/event/btc-updown-5m-1781080500,16:35-16:40,58.00,43.00,57.00,42.00,688.68,395.66,714.66,503.68,57.50,42.50,1.00,1.00,7808.50,8928.82,8878.82,7608.50,57,42,42,57,61359.41,61371.80,,
2026-06-10T16:37:05+08:00,btc-updown-5m-1781080500,https://polymarket.com/zh/event/btc-updown-5m-1781080500,16:35-16:40,55.00,46.00,54.00,45.00,85.00,15.40,98.86,1215.81,54.50,45.50,1.00,1.00,8573.50,8878.82,8878.82,8583.51,54,45,45,54,61359.41,61365.66,,
2026-06-10T16:37:07+08:00,btc-updown-5m-1781080500,https://polymarket.com/zh/event/btc-updown-5m-1781080500,16:35-16:40,55.00,46.00,54.00,45.00,808.56,218.43,242.93,764.15,54.50,45.50,1.00,1.00,8393.50,9069.82,9069.82,8398.51,54,45,45,54,61359.41,61367.89,,
2026-06-10T16:37:09+08:00,btc-updown-5m-1781080500,https://polymarket.com/zh/event/btc-updown-5m-1781080500,16:35-16:40,55.00,46.00,54.00,45.00,758.82,414.15,399.15,811.82,54.50,45.50,1.00,1.00,8224.50,8888.82,8893.82,8224.50,54,45,45,54,61359.41,61366.57,,
2026-06-10T16:37:10+08:00,btc-updown-5m-1781080500,https://polymarket.com/zh/event/btc-updown-5m-1781080500,16:35-16:40,55.00,46.00,54.00,45.00,759.69,94.97,278.26,1113.39,54.50,45.50,1.00,1.00,8294.50,8893.82,8893.82,8399.50,54,45,45,54,61359.41,61365.59,,
2026-06-10T16:37:12+08:00,btc-updown-5m-1781080500,https://polymarket.com/zh/event/btc-updown-5m-1781080500,16:35-16:40,55.00,46.00,54.00,45.00,560.85,70.07,551.52,961.38,54.50,45.50,1.00,1.00,8215.51,9048.82,9048.82,8220.50,54,45,45,54,61359.41,61364.00,,
2026-06-10T16:37:14+08:00,btc-updown-5m-1781080500,https://polymarket.com/zh/event/btc-updown-5m-1781080500,16:35-16:40,55.00,46.00,54.00,45.00,5.00,1304.46,1372.23,5.00,54.50,45.50,1.00,1.00,7715.50,8884.82,8884.82,7715.50,54,45,43,54,61359.41,61367.88,,
2026-06-10T16:37:16+08:00,btc-updown-5m-1781080500,https://polymarket.com/zh/event/btc-updown-5m-1781080500,16:35-16:40,62.00,39.00,61.00,38.00,200.00,265.17,265.17,26.82,61.50,38.50,1.00,1.00,7901.50,8905.82,8905.82,7901.50,61,38,38,61,61359.41,61375.13,,
2026-06-10T16:37:18+08:00,btc-updown-5m-1781080500,https://polymarket.com/zh/event/btc-updown-5m-1781080500,16:35-16:40,65.00,36.00,64.00,35.00,511.84,887.30,210.79,537.80,64.50,35.50,1.00,1.00,7736.50,9069.82,9069.82,7731.50,64,35,35,64,61359.41,61382.40,,
2026-06-10T16:37:20+08:00,btc-updown-5m-1781080500,https://polymarket.com/zh/event/btc-updown-5m-1781080500,16:35-16:40,65.00,36.00,64.00,35.00,399.97,972.51,941.51,159.89,64.50,35.50,1.00,1.00,7598.50,8878.82,8893.82,7718.50,64,35,35,64,61359.41,61384.18,,
2026-06-10T16:37:22+08:00,btc-updown-5m-1781080500,https://polymarket.com/zh/event/btc-updown-5m-1781080500,16:35-16:40,65.00,36.00,64.00,35.00,318.27,958.80,990.58,318.27,64.50,35.50,1.00,1.00,7673.50,8884.82,8884.82,7673.50,64,35,35,64,61359.41,61384.18,,
2026-06-10T16:37:24+08:00,btc-updown-5m-1781080500,https://polymarket.com/zh/event/btc-updown-5m-1781080500,16:35-16:40,65.00,36.00,64.00,35.00,230.27,1016.06,1114.07,230.27,64.50,35.50,1.00,1.00,7983.51,9060.82,9060.82,7703.50,64,35,35,64,61359.41,61384.18,,
2026-06-10T16:37:26+08:00,btc-updown-5m-1781080500,https://polymarket.com/zh/event/btc-updown-5m-1781080500,16:35-16:40,68.00,33.00,67.00,32.00,310.53,997.58,1067.58,310.53,67.50,32.50,1.00,1.00,7818.50,9054.82,8904.82,7628.51,67,32,32,67,61359.41,61387.23,,
2026-06-10T16:37:27+08:00,btc-updown-5m-1781080500,https://polymarket.com/zh/event/btc-updown-5m-1781080500,16:35-16:40,63.00,38.00,62.00,37.00,200.37,1439.21,1413.76,137.19,62.50,37.50,1.00,1.00,7738.50,8893.82,8878.82,7878.50,62,37,37,62,61359.41,61380.05,,
2026-06-10T16:37:29+08:00,btc-updown-5m-1781080500,https://polymarket.com/zh/event/btc-updown-5m-1781080500,16:35-16:40,66.00,35.00,65.00,34.00,314.40,1147.44,1279.75,314.40,65.50,34.50,1.00,1.00,7888.50,9074.82,9074.82,7988.50,65,34,34,65,61359.41,61386.00,,
2026-06-10T16:37:31+08:00,btc-updown-5m-1781080500,https://polymarket.com/zh/event/btc-updown-5m-1781080500,16:35-16:40,68.00,33.00,67.00,32.00,389.50,1055.84,1091.53,389.50,67.50,32.50,1.00,1.00,7713.51,8895.82,8895.82,7703.50,67,32,32,67,61359.41,61386.00,,
2026-06-10T16:37:33+08:00,btc-updown-5m-1781080500,https://polymarket.com/zh/event/btc-updown-5m-1781080500,16:35-16:40,68.00,33.00,67.00,32.00,371.55,1078.88,1096.88,371.55,67.50,32.50,1.00,1.00,7718.50,8789.82,8788.82,7773.50,67,32,32,67,61359.41,61386.01,,
2026-06-10T16:37:35+08:00,btc-updown-5m-1781080500,https://polymarket.com/zh/event/btc-updown-5m-1781080500,16:35-16:40,68.00,33.00,67.00,32.00,305.50,1067.09,1067.09,305.50,67.50,32.50,1.00,1.00,7868.50,8953.82,8953.82,7873.50,67,32,32,67,61359.41,61386.01,,
2026-06-10T16:37:37+08:00,btc-updown-5m-1781080500,https://polymarket.com/zh/event/btc-updown-5m-1781080500,16:35-16:40,68.00,33.00,67.00,32.00,983.02,80.73,274.26,1169.45,67.50,32.50,1.00,1.00,7718.51,8804.82,8804.82,7713.50,67,32,32,67,61359.41,61375.93,,
2026-06-10T16:37:39+08:00,btc-updown-5m-1781080500,https://polymarket.com/zh/event/btc-updown-5m-1781080500,16:35-16:40,62.00,39.00,61.00,38.00,154.03,1046.36,933.40,148.86,61.50,38.50,1.00,1.00,7644.50,8805.82,8790.82,7774.50,61,38,38,61,61359.41,61375.93,,
2026-06-10T16:37:41+08:00,btc-updown-5m-1781080500,https://polymarket.com/zh/event/btc-updown-5m-1781080500,16:35-16:40,53.00,48.00,52.00,47.00,90.00,163.31,145.74,166.68,52.50,47.50,1.00,1.00,8373.51,8608.82,8613.82,8588.52,52,47,47,52,61359.41,61355.28,,
2026-06-10T16:37:43+08:00,btc-updown-5m-1781080500,https://polymarket.com/zh/event/btc-updown-5m-1781080500,16:35-16:40,49.00,52.00,48.00,51.00,1462.00,334.96,121.59,1304.17,48.50,51.50,1.00,1.00,8623.51,8948.82,8923.82,8598.50,48,51,51,48,61359.41,61352.82,,
2026-06-10T16:37:45+08:00,btc-updown-5m-1781080500,https://polymarket.com/zh/event/btc-updown-5m-1781080500,16:35-16:40,66.00,35.00,64.00,32.00,6.47,25.00,10.00,34.31,65.00,33.50,2.00,3.00,7628.52,8804.82,8799.82,7628.52,62,34,32,64,61359.41,61384.18,,
2026-06-10T16:37:47+08:00,btc-updown-5m-1781080500,https://polymarket.com/zh/event/btc-updown-5m-1781080500,16:35-16:40,65.00,38.00,64.00,37.00,2366.68,19.00,5.00,99.00,64.50,37.50,1.00,1.00,8014.50,8800.82,8810.82,7804.50,64,35,37,62,61359.41,61378.20,,
2026-06-10T16:37:49+08:00,btc-updown-5m-1781080500,https://polymarket.com/zh/event/btc-updown-5m-1781080500,16:35-16:40,58.00,43.00,57.00,42.00,752.34,382.68,357.68,760.34,57.50,42.50,1.00,1.00,7895.64,8966.32,8966.32,7990.64,57,42,42,57,61359.41,61371.80,,
2026-06-10T16:37:50+08:00,btc-updown-5m-1781080500,https://polymarket.com/zh/event/btc-updown-5m-1781080500,16:35-16:40,62.00,39.00,61.00,38.00,1557.06,25.53,10.53,1625.75,61.50,38.50,1.00,1.00,7835.64,8929.65,8929.65,7840.64,61,38,38,61,61359.41,61376.98,,
2026-06-10T16:37:52+08:00,btc-updown-5m-1781080500,https://polymarket.com/zh/event/btc-updown-5m-1781080500,16:35-16:40,60.00,41.00,59.00,40.00,1273.40,0.50,5.75,1280.46,59.50,40.50,1.00,1.00,7996.64,8920.65,8920.65,7996.64,59,40,40,59,61359.41,61376.98,,
2026-06-10T16:37:54+08:00,btc-updown-5m-1781080500,https://polymarket.com/zh/event/btc-updown-5m-1781080500,16:35-16:40,60.00,41.00,59.00,40.00,308.01,492.18,706.62,456.01,59.50,40.50,1.00,1.00,7925.50,9101.65,9101.65,7925.50,59,40,40,59,61359.41,61372.05,,
2026-06-10T16:37:56+08:00,btc-updown-5m-1781080500,https://polymarket.com/zh/event/btc-updown-5m-1781080500,16:35-16:40,62.00,39.00,61.00,38.00,439.57,785.58,784.58,439.57,61.50,38.50,1.00,1.00,7734.50,8935.65,8920.65,7819.50,61,38,38,61,61359.41,61376.98,,
2026-06-10T16:37:58+08:00,btc-updown-5m-1781080500,https://polymarket.com/zh/event/btc-updown-5m-1781080500,16:35-16:40,66.00,34.00,65.00,33.00,113.77,862.81,1082.70,365.41,65.50,33.50,1.00,1.00,7904.50,8935.65,8940.65,8004.50,65,34,33,66,61359.41,61384.19,,
2026-06-10T16:38:00+08:00,btc-updown-5m-1781080500,https://polymarket.com/zh/event/btc-updown-5m-1781080500,16:35-16:40,67.00,34.00,66.00,33.00,945.58,146.41,136.41,878.41,66.50,33.50,1.00,1.00,7618.51,8979.65,8979.65,7603.50,66,33,33,66,61359.41,61388.01,,
2026-06-10T16:38:02+08:00,btc-updown-5m-1781080500,https://polymarket.com/zh/event/btc-updown-5m-1781080500,16:35-16:40,65.00,35.00,64.00,34.00,57.53,708.15,770.58,299.56,64.50,34.50,1.00,1.00,7347.50,8825.65,8825.65,7357.51,64,35,34,65,61359.41,61382.07,,
2026-06-10T16:38:04+08:00,btc-updown-5m-1781080500,https://polymarket.com/zh/event/btc-updown-5m-1781080500,16:35-16:40,69.00,33.00,68.00,32.00,1168.52,5.00,19.28,460.23,68.50,32.50,1.00,1.00,7522.50,8825.65,8825.65,7532.51,68,31,32,67,61359.41,61388.02,,
2026-06-10T16:38:06+08:00,btc-updown-5m-1781080500,https://polymarket.com/zh/event/btc-updown-5m-1781080500,16:35-16:40,66.00,35.00,65.00,34.00,93.13,534.12,733.19,190.13,65.50,34.50,1.00,1.00,7737.50,8983.15,8977.15,7356.50,65,34,34,65,61359.41,61384.96,,
2026-06-10T16:38:08+08:00,btc-updown-5m-1781080500,https://polymarket.com/zh/event/btc-updown-5m-1781080500,16:35-16:40,69.00,32.00,68.00,31.00,64.58,831.14,245.23,10.00,68.50,31.50,1.00,1.00,7562.50,8913.15,8813.15,7372.51,68,31,31,68,61359.41,61388.00,,
2026-06-10T16:38:09+08:00,btc-updown-5m-1781080500,https://polymarket.com/zh/event/btc-updown-5m-1781080500,16:35-16:40,70.00,31.00,69.00,30.00,62.00,799.91,1124.93,107.02,69.50,30.50,1.00,1.00,7487.51,8813.15,8813.15,7587.50,69,30,30,69,61359.41,61388.00,,
2026-06-10T16:38:11+08:00,btc-updown-5m-1781080500,https://polymarket.com/zh/event/btc-updown-5m-1781080500,16:35-16:40,71.00,30.00,70.00,29.00,117.12,839.79,613.64,91.10,70.50,29.50,1.00,1.00,7617.50,8968.15,8968.15,7622.51,70,29,29,70,61359.41,61388.00,,
2026-06-10T16:38:13+08:00,btc-updown-5m-1781080500,https://polymarket.com/zh/event/btc-updown-5m-1781080500,16:35-16:40,74.00,27.00,73.00,26.00,247.34,800.40,689.35,190.97,73.50,26.50,1.00,1.00,7442.50,9018.15,9018.15,7447.50,73,26,26,73,61359.41,61388.00,,
2026-06-10T16:38:15+08:00,btc-updown-5m-1781080500,https://polymarket.com/zh/event/btc-updown-5m-1781080500,16:35-16:40,77.00,24.00,75.00,23.00,258.79,759.40,941.38,556.81,76.00,23.50,2.00,1.00,7287.51,9184.82,8764.82,7427.50,75,23,23,76,61359.41,61392.44,,
2026-06-10T16:38:17+08:00,btc-updown-5m-1781080500,https://polymarket.com/zh/event/btc-updown-5m-1781080500,16:35-16:40,77.00,24.00,76.00,23.00,415.48,288.03,429.65,923.97,76.50,23.50,1.00,1.00,7432.50,9034.82,9049.82,7542.50,76,23,23,76,61359.41,61397.94,,
2026-06-10T16:38:19+08:00,btc-updown-5m-1781080500,https://polymarket.com/zh/event/btc-updown-5m-1781080500,16:35-16:40,80.00,21.00,79.00,20.00,213.69,671.03,637.16,223.69,79.50,20.50,1.00,1.00,7282.51,9102.82,9102.82,7277.50,79,20,20,79,61359.41,61397.29,,
2026-06-10T16:38:21+08:00,btc-updown-5m-1781080500,https://polymarket.com/zh/event/btc-updown-5m-1781080500,16:35-16:40,83.00,18.00,82.00,17.00,27.00,736.67,714.17,27.00,82.50,17.50,1.00,1.00,6835.84,8532.78,8532.78,6850.83,82,17,17,82,61359.41,61405.00,,
2026-06-10T16:38:23+08:00,btc-updown-5m-1781080500,https://polymarket.com/zh/event/btc-updown-5m-1781080500,16:35-16:40,82.00,19.00,81.00,18.00,252.47,562.20,460.31,245.42,81.50,18.50,1.00,1.00,7080.82,9724.12,9724.12,6955.82,81,18,18,81,61359.41,61406.00,,
2026-06-10T16:38:25+08:00,btc-updown-5m-1781080500,https://polymarket.com/zh/event/btc-updown-5m-1781080500,16:35-16:40,82.00,19.00,81.00,18.00,18.43,1444.23,1252.24,1.61,81.50,18.50,1.00,1.00,6905.82,9874.12,9874.12,7010.83,81,18,18,81,61359.41,61406.00,,
2026-06-10T16:38:26+08:00,btc-updown-5m-1781080500,https://polymarket.com/zh/event/btc-updown-5m-1781080500,16:35-16:40,83.00,18.00,82.00,17.00,215.97,366.04,440.63,460.47,82.50,17.50,1.00,1.00,6917.82,8928.12,8928.12,6922.82,82,17,17,82,61359.41,61406.00,,
2026-06-10T16:38:28+08:00,btc-updown-5m-1781080500,https://polymarket.com/zh/event/btc-updown-5m-1781080500,16:35-16:40,84.00,17.00,83.00,16.00,517.86,69.02,213.30,615.86,83.50,16.50,1.00,1.00,6942.83,9436.12,9580.12,6926.82,83,16,16,83,61359.41,61407.93,,
2026-06-10T16:38:30+08:00,btc-updown-5m-1781080500,https://polymarket.com/zh/event/btc-updown-5m-1781080500,16:35-16:40,84.00,17.00,83.00,16.00,632.46,103.32,109.32,718.46,83.50,16.50,1.00,1.00,6874.82,9805.12,9805.12,6889.83,83,16,16,83,61359.41,61406.86,,
2026-06-10T16:38:32+08:00,btc-updown-5m-1781080500,https://polymarket.com/zh/event/btc-updown-5m-1781080500,16:35-16:40,83.00,18.00,82.00,17.00,235.57,898.31,870.81,250.57,82.50,17.50,1.00,1.00,6879.82,9937.12,9937.12,6889.83,82,17,17,82,61359.41,61404.01,,
2026-06-10T16:38:34+08:00,btc-updown-5m-1781080500,https://polymarket.com/zh/event/btc-updown-5m-1781080500,16:35-16:40,83.00,18.00,82.00,17.00,207.76,1026.01,1047.01,167.76,82.50,17.50,1.00,1.00,6880.82,9949.12,9949.12,6890.82,82,17,17,82,61359.41,61401.00,,
2026-06-10T16:38:36+08:00,btc-updown-5m-1781080500,https://polymarket.com/zh/event/btc-updown-5m-1781080500,16:35-16:40,83.00,18.00,82.00,17.00,164.72,958.77,996.25,179.72,82.50,17.50,1.00,1.00,6800.82,9964.12,9964.12,6895.82,82,17,17,82,61359.41,61401.80,,
2026-06-10T16:38:38+08:00,btc-updown-5m-1781080500,https://polymarket.com/zh/event/btc-updown-5m-1781080500,16:35-16:40,66.00,36.00,64.00,34.00,61.53,121.82,219.83,231.85,65.00,35.00,2.00,2.00,6826.83,9045.12,9050.12,6806.83,64,34,34,64,61359.41,61380.06,,
2026-06-10T16:38:40+08:00,btc-updown-5m-1781080500,https://polymarket.com/zh/event/btc-updown-5m-1781080500,16:35-16:40,59.00,42.00,57.00,41.00,103.50,175.87,30.00,609.21,58.00,41.50,2.00,1.00,6794.82,8779.95,8789.95,6794.82,57,41,41,58,61359.41,61373.97,,
2026-06-10T16:38:42+08:00,btc-updown-5m-1781080500,https://polymarket.com/zh/event/btc-updown-5m-1781080500,16:35-16:40,59.00,42.00,58.00,41.00,439.76,315.62,329.45,520.65,58.50,41.50,1.00,1.00,6959.83,8844.95,8978.28,7044.82,58,41,41,58,61359.41,61374.00,,
2026-06-10T16:38:44+08:00,btc-updown-5m-1781080500,https://polymarket.com/zh/event/btc-updown-5m-1781080500,16:35-16:40,59.00,42.00,58.00,41.00,86.71,297.30,287.30,86.71,58.50,41.50,1.00,1.00,6889.83,8808.28,8808.28,6994.83,58,41,41,58,61359.41,61371.80,,
2026-06-10T16:38:46+08:00,btc-updown-5m-1781080500,https://polymarket.com/zh/event/btc-updown-5m-1781080500,16:35-16:40,62.00,39.00,61.00,38.00,104.50,849.04,688.86,52.00,61.50,38.50,1.00,1.00,7270.82,8823.28,8823.28,7075.82,61,38,38,61,61359.41,61371.80,,
2026-06-10T16:38:47+08:00,btc-updown-5m-1781080500,https://polymarket.com/zh/event/btc-updown-5m-1781080500,16:35-16:40,62.00,39.00,61.00,38.00,38.00,376.65,669.39,454.57,61.50,38.50,1.00,1.00,7269.83,8993.28,8978.28,7249.82,61,38,38,61,61359.41,61371.80,,
2026-06-10T16:38:49+08:00,btc-updown-5m-1781080500,https://polymarket.com/zh/event/btc-updown-5m-1781080500,16:35-16:40,57.00,44.00,56.00,43.00,607.53,239.50,135.37,452.42,56.50,43.50,1.00,1.00,7194.82,8823.28,8823.28,7194.82,56,43,43,56,61359.41,61367.67,,
2026-06-10T16:38:51+08:00,btc-updown-5m-1781080500,https://polymarket.com/zh/event/btc-updown-5m-1781080500,16:35-16:40,57.00,44.00,56.00,43.00,19.82,1225.90,955.28,19.82,56.50,43.50,1.00,1.00,7254.82,8808.28,8808.28,7255.82,56,42,42,56,61359.41,61369.48,,
2026-06-10T16:38:53+08:00,btc-updown-5m-1781080500,https://polymarket.com/zh/event/btc-updown-5m-1781080500,16:35-16:40,66.00,35.00,65.00,34.00,1192.06,170.18,170.18,1157.42,65.50,34.50,1.00,1.00,7096.82,8978.28,8978.28,7196.82,65,34,34,65,61359.41,61369.99,,
2026-06-10T16:38:55+08:00,btc-updown-5m-1781080500,https://polymarket.com/zh/event/btc-updown-5m-1781080500,16:35-16:40,66.00,35.00,65.00,34.00,1180.24,126.48,126.48,1118.24,65.50,34.50,1.00,1.00,6974.82,8808.28,8808.28,6979.82,65,34,34,65,61359.41,61372.94,,
2026-06-10T16:38:57+08:00,btc-updown-5m-1781080500,https://polymarket.com/zh/event/btc-updown-5m-1781080500,16:35-16:40,66.00,35.00,65.00,34.00,1068.45,148.58,103.58,987.45,65.50,34.50,1.00,1.00,7164.83,8823.28,8823.28,7164.82,64,34,34,64,61359.41,61372.00,,
2026-06-10T16:38:59+08:00,btc-updown-5m-1781080500,https://polymarket.com/zh/event/btc-updown-5m-1781080500,16:35-16:40,61.00,40.00,60.00,39.00,743.17,67.50,71.81,832.20,60.50,39.50,1.00,1.00,7195.82,8999.28,9099.28,7200.82,60,39,39,60,61359.41,61370.66,,
2026-06-10T16:39:01+08:00,btc-updown-5m-1781080500,https://polymarket.com/zh/event/btc-updown-5m-1781080500,16:35-16:40,60.00,41.00,59.00,40.00,5.00,765.97,794.11,5.00,59.50,40.50,1.00,1.00,7931.82,8860.28,8860.28,7926.82,59,40,40,59,61359.41,61371.25,,
2026-06-10T16:39:03+08:00,btc-updown-5m-1781080500,https://polymarket.com/zh/event/btc-updown-5m-1781080500,16:35-16:40,60.00,41.00,59.00,40.00,396.55,271.62,338.12,514.55,59.50,40.50,1.00,1.00,8089.82,8848.28,8848.28,8079.82,59,40,40,59,61359.41,61371.23,,
2026-06-10T16:39:05+08:00,btc-updown-5m-1781080500,https://polymarket.com/zh/event/btc-updown-5m-1781080500,16:35-16:40,62.00,39.00,61.00,38.00,297.68,502.70,430.22,98.18,61.50,38.50,1.00,1.00,7929.82,9028.28,9028.28,7924.82,61,38,38,61,61359.41,61370.92,,
2026-06-10T16:39:07+08:00,btc-updown-5m-1781080500,https://polymarket.com/zh/event/btc-updown-5m-1781080500,16:35-16:40,62.00,38.00,61.00,37.00,82.32,498.36,644.71,13.49,61.50,37.50,1.00,1.00,7939.82,8973.28,8873.28,7944.82,61,38,37,62,61359.41,61370.92,,
2026-06-10T16:39:09+08:00,btc-updown-5m-1781080500,https://polymarket.com/zh/event/btc-updown-5m-1781080500,16:35-16:40,71.00,30.00,70.00,29.00,316.31,523.85,477.02,270.84,70.50,29.50,1.00,1.00,8219.82,8913.28,8898.28,8319.82,70,29,29,70,61359.41,61378.06,,
2026-06-10T16:39:10+08:00,btc-updown-5m-1781080500,https://polymarket.com/zh/event/btc-updown-5m-1781080500,16:35-16:40,73.00,28.00,72.00,27.00,1217.37,89.00,133.00,1208.91,72.50,27.50,1.00,1.00,8299.82,9068.28,9058.28,8294.82,72,27,27,72,61359.41,61377.92,,
2026-06-10T16:39:12+08:00,btc-updown-5m-1781080500,https://polymarket.com/zh/event/btc-updown-5m-1781080500,16:35-16:40,72.00,29.00,71.00,28.00,264.24,130.00,400.07,679.70,71.50,28.50,1.00,1.00,8104.83,8788.28,8748.28,8114.82,71,28,28,71,61359.41,61379.77,,
2026-06-10T16:39:14+08:00,btc-updown-5m-1781080500,https://polymarket.com/zh/event/btc-updown-5m-1781080500,16:35-16:40,73.00,28.00,72.00,27.00,558.08,68.02,76.29,538.08,72.50,27.50,1.00,1.00,8079.83,8748.28,8748.28,8079.82,72,27,27,72,61359.41,61378.14,,
2026-06-10T16:39:16+08:00,btc-updown-5m-1781080500,https://polymarket.com/zh/event/btc-updown-5m-1781080500,16:35-16:40,74.00,27.00,73.00,26.00,347.95,174.31,259.81,387.95,73.50,26.50,1.00,1.00,8264.82,8933.28,8918.28,8254.83,73,26,26,73,61359.41,61379.77,,
2026-06-10T16:39:18+08:00,btc-updown-5m-1781080500,https://polymarket.com/zh/event/btc-updown-5m-1781080500,16:35-16:40,64.00,37.00,63.00,36.00,41.00,218.00,140.00,704.71,63.50,36.50,1.00,1.00,8119.82,8763.28,8763.28,8114.82,63,36,36,63,61359.41,61379.77,,
2026-06-10T16:39:20+08:00,btc-updown-5m-1781080500,https://polymarket.com/zh/event/btc-updown-5m-1781080500,16:35-16:40,64.00,37.00,63.00,36.00,714.44,5.00,105.70,1380.64,63.50,36.50,1.00,1.00,7984.82,8733.28,8733.28,8114.82,63,36,36,63,61359.41,61369.23,,
2026-06-10T16:39:22+08:00,btc-updown-5m-1781080500,https://polymarket.com/zh/event/btc-updown-5m-1781080500,16:35-16:40,54.00,47.00,53.00,46.00,989.90,343.92,343.92,680.24,53.50,46.50,1.00,1.00,8024.82,8913.28,8913.28,8019.83,53,46,46,53,61359.41,61367.67,,
2026-06-10T16:39:24+08:00,btc-updown-5m-1781080500,https://polymarket.com/zh/event/btc-updown-5m-1781080500,16:35-16:40,44.00,57.00,43.00,56.00,174.52,454.10,445.32,157.55,43.50,56.50,1.00,1.00,7929.82,9258.29,9108.28,7934.82,43,56,56,43,61359.41,61357.00,,
2026-06-10T16:39:26+08:00,btc-updown-5m-1781080500,https://polymarket.com/zh/event/btc-updown-5m-1781080500,16:35-16:40,43.00,58.00,42.00,57.00,24.88,244.23,244.23,24.88,42.50,57.50,1.00,1.00,7914.82,9071.28,9071.28,7914.82,42,57,57,42,61359.41,61355.28,,
2026-06-10T16:39:27+08:00,btc-updown-5m-1781080500,https://polymarket.com/zh/event/btc-updown-5m-1781080500,16:35-16:40,36.00,65.00,35.00,64.00,210.00,637.63,655.85,215.00,35.50,64.50,1.00,1.00,8484.82,8676.28,8706.28,8484.82,35,62,61,35,61359.41,61351.16,,
2026-06-10T16:39:29+08:00,btc-updown-5m-1781080500,https://polymarket.com/zh/event/btc-updown-5m-1781080500,16:35-16:40,40.00,62.00,39.00,61.00,511.73,22.91,30.00,335.88,39.50,61.50,1.00,1.00,8371.77,8427.95,8642.95,8371.77,38,59,60,38,61359.41,61351.15,,
2026-06-10T16:39:31+08:00,btc-updown-5m-1781080500,https://polymarket.com/zh/event/btc-updown-5m-1781080500,16:35-16:40,36.00,65.00,35.00,64.00,212.89,89.00,146.76,227.16,35.50,64.50,1.00,1.00,7334.13,7404.06,7404.06,7319.13,35,58,61,35,61359.41,61351.15,,
2026-06-10T16:39:33+08:00,btc-updown-5m-1781080500,https://polymarket.com/zh/event/btc-updown-5m-1781080500,16:35-16:40,36.00,65.00,35.00,64.00,485.94,34.56,29.56,444.80,35.50,64.50,1.00,1.00,7479.13,7214.06,7274.06,7494.13,35,60,61,35,61359.41,61351.15,,
2026-06-10T16:39:35+08:00,btc-updown-5m-1781080500,https://polymarket.com/zh/event/btc-updown-5m-1781080500,16:35-16:40,23.00,81.00,22.00,80.00,58.00,4.95,13.25,71.00,22.50,80.50,1.00,1.00,6794.14,6977.10,7012.13,7202.14,20,76,80,18,61359.41,61336.38,,
2026-06-10T16:39:37+08:00,btc-updown-5m-1781080500,https://polymarket.com/zh/event/btc-updown-5m-1781080500,16:35-16:40,8.00,94.00,7.00,93.00,76.00,119.20,39.50,289.00,7.50,93.50,1.00,1.00,6032.51,6732.12,6707.11,6027.51,7,92,93,6,61359.41,61323.72,,
2026-06-10T16:39:39+08:00,btc-updown-5m-1781080500,https://polymarket.com/zh/event/btc-updown-5m-1781080500,16:35-16:40,1.00,,,99.00,2558.57,,,2523.56,,,,,,6175.35,6185.35,,0,99,99,0,61359.41,61285.23,,
2026-06-10T16:39:41+08:00,btc-updown-5m-1781080500,https://polymarket.com/zh/event/btc-updown-5m-1781080500,16:35-16:40,1.00,,,99.00,6733.92,,,6563.53,,,,,,6570.35,6560.35,,0,99,99,0,61359.41,61277.57,,
2026-06-10T16:39:43+08:00,btc-updown-5m-1781080500,https://polymarket.com/zh/event/btc-updown-5m-1781080500,16:35-16:40,1.00,,,99.00,5542.85,,,5440.35,,,,,,6470.35,6470.35,,0,99,99,0,61359.41,61282.94,,
2026-06-10T16:39:45+08:00,btc-updown-5m-1781080500,https://polymarket.com/zh/event/btc-updown-5m-1781080500,16:35-16:40,1.00,,,99.00,3169.11,,,3174.11,,,,,,6153.92,6158.92,,0,99,99,0,61359.41,61293.32,,
2026-06-10T16:39:47+08:00,btc-updown-5m-1781080500,https://polymarket.com/zh/event/btc-updown-5m-1781080500,16:35-16:40,1.00,,,99.00,4665.35,,,4670.35,,,,,,6153.92,6148.92,,0,99,99,0,61359.41,61293.32,,
2026-06-10T16:39:48+08:00,btc-updown-5m-1781080500,https://polymarket.com/zh/event/btc-updown-5m-1781080500,16:35-16:40,1.00,,,99.00,4587.08,,,4574.08,,,,,,5813.93,5808.92,,0,66,66,0,61359.41,61286.10,,
2026-06-10T16:39:50+08:00,btc-updown-5m-1781080500,https://polymarket.com/zh/event/btc-updown-5m-1781080500,16:35-16:40,1.00,,,99.00,4864.46,,,4918.71,,,,,,6168.92,6143.92,,0,66,66,0,61359.41,61271.56,,
2026-06-10T16:39:52+08:00,btc-updown-5m-1781080500,https://polymarket.com/zh/event/btc-updown-5m-1781080500,16:35-16:40,1.00,,,99.00,9851.94,,,9851.94,,,,,,6108.93,6108.92,,0,67,67,0,61359.41,61277.00,,
2026-06-10T16:39:54+08:00,btc-updown-5m-1781080500,https://polymarket.com/zh/event/btc-updown-5m-1781080500,16:35-16:40,1.00,,,99.00,10067.21,,,10077.21,,,,,,6103.92,6103.92,,0,67,67,0,61359.41,61277.46,,
2026-06-10T16:39:56+08:00,btc-updown-5m-1781080500,https://polymarket.com/zh/event/btc-updown-5m-1781080500,16:35-16:40,1.00,,,99.00,16214.41,,,16354.41,,,,,,6105.01,6100.00,,0,67,67,0,61359.41,61279.38,,
2026-06-10T16:39:58+08:00,btc-updown-5m-1781080500,https://polymarket.com/zh/event/btc-updown-5m-1781080500,16:35-16:40,1.00,,,99.00,27321.99,,,27421.04,,,,,,5075.00,5080.00,,0,66,66,0,61359.41,61275.99,,
2026-06-10T16:40:00+08:00,btc-updown-5m-1781080800,https://polymarket.com/zh/event/btc-updown-5m-1781080800,16:40-16:45,54.00,47.00,53.00,46.00,24.23,251.48,126.41,12.37,53.50,46.50,1.00,1.00,108345.93,108739.93,108744.93,108345.93,52,46,46,52,61276.01,61276.01,,
2026-06-10T16:40:02+08:00,btc-updown-5m-1781080800,https://polymarket.com/zh/event/btc-updown-5m-1781080800,16:40-16:45,49.00,52.00,48.00,51.00,355.88,89.38,100.80,326.31,48.50,51.50,1.00,1.00,98105.61,97774.63,97879.64,98145.61,48,51,51,48,61276.01,61271.13,,
2026-06-10T16:40:04+08:00,btc-updown-5m-1781080800,https://polymarket.com/zh/event/btc-updown-5m-1781080800,16:40-16:45,55.00,46.00,54.00,45.00,268.84,372.74,586.22,393.73,54.50,45.50,1.00,1.00,98639.61,99308.82,99313.82,98629.61,54,45,45,54,61276.01,61279.03,,
2026-06-10T16:40:06+08:00,btc-updown-5m-1781080800,https://polymarket.com/zh/event/btc-updown-5m-1781080800,16:40-16:45,55.00,46.00,54.00,45.00,266.11,394.76,508.76,249.08,54.50,45.50,1.00,1.00,98799.61,99468.82,99468.82,98809.62,54,45,45,54,61276.01,61285.07,,
2026-06-10T16:40:08+08:00,btc-updown-5m-1781080800,https://polymarket.com/zh/event/btc-updown-5m-1781080800,16:40-16:45,55.00,46.00,54.00,45.00,232.00,680.10,677.60,269.50,54.50,45.50,1.00,1.00,98824.61,99498.82,98498.82,98824.61,54,45,45,54,61276.01,61285.07,,
2026-06-10T16:40:10+08:00,btc-updown-5m-1781080800,https://polymarket.com/zh/event/btc-updown-5m-1781080800,16:40-16:45,56.00,45.00,55.00,44.00,429.67,579.75,645.75,483.88,55.50,44.50,1.00,1.00,97429.61,98498.82,98498.82,97529.62,55,44,44,55,61276.01,61289.18,,
2026-06-10T16:40:11+08:00,btc-updown-5m-1781080800,https://polymarket.com/zh/event/btc-updown-5m-1781080800,16:40-16:45,56.00,45.00,55.00,44.00,498.56,622.82,562.91,440.56,55.50,44.50,1.00,1.00,97734.61,98498.82,98498.82,97739.61,55,44,44,55,61276.01,61289.19,,
2026-06-10T16:40:13+08:00,btc-updown-5m-1781080800,https://polymarket.com/zh/event/btc-updown-5m-1781080800,16:40-16:45,56.00,45.00,55.00,44.00,163.52,749.74,712.74,167.44,55.50,44.50,1.00,1.00,98334.61,98642.15,98637.15,98339.61,55,44,44,55,61276.01,61285.07,,
2026-06-10T16:40:15+08:00,btc-updown-5m-1781080800,https://polymarket.com/zh/event/btc-updown-5m-1781080800,16:40-16:45,57.00,44.00,56.00,43.00,926.69,126.66,97.36,832.41,56.50,43.50,1.00,1.00,97859.61,98652.15,98652.15,98054.61,56,43,43,56,61276.01,61285.07,,
2026-06-10T16:40:17+08:00,btc-updown-5m-1781080800,https://polymarket.com/zh/event/btc-updown-5m-1781080800,16:40-16:45,50.00,51.00,49.00,50.00,700.13,257.64,269.41,684.67,49.50,50.50,1.00,1.00,92654.61,92457.15,92457.15,92649.61,49,50,50,49,61276.01,61272.69,,
2026-06-10T16:40:19+08:00,btc-updown-5m-1781080800,https://polymarket.com/zh/event/btc-updown-5m-1781080800,16:40-16:45,50.00,51.00,49.00,50.00,577.51,591.58,283.01,454.49,49.50,50.50,1.00,1.00,93172.94,92413.82,92428.82,93287.94,49,50,50,49,61276.01,61272.68,,
2026-06-10T16:40:21+08:00,btc-updown-5m-1781080800,https://polymarket.com/zh/event/btc-updown-5m-1781080800,16:40-16:45,49.00,52.00,48.00,51.00,818.78,214.08,214.08,840.36,48.50,51.50,1.00,1.00,84595.06,84235.94,84245.94,84595.06,48,51,51,48,61276.01,61272.69,,
2026-06-10T16:40:23+08:00,btc-updown-5m-1781080800,https://polymarket.com/zh/event/btc-updown-5m-1781080800,16:40-16:45,49.00,51.00,48.00,50.00,803.01,120.00,615.06,48.00,48.50,50.50,1.00,1.00,85201.06,84614.54,84942.24,85201.06,48,51,50,49,61276.01,61270.18,,
2026-06-10T16:40:25+08:00,btc-updown-5m-1781080800,https://polymarket.com/zh/event/btc-updown-5m-1781080800,16:40-16:45,51.00,50.00,50.00,49.00,217.19,849.52,921.12,213.19,50.50,49.50,1.00,1.00,85178.67,85094.23,85094.23,84968.66,50,49,49,50,61276.01,61262.42,,
2026-06-10T16:40:27+08:00,btc-updown-5m-1781080800,https://polymarket.com/zh/event/btc-updown-5m-1781080800,16:40-16:45,49.00,52.00,48.00,51.00,71.03,964.82,949.82,65.03,48.50,51.50,1.00,1.00,85710.65,85078.93,85093.93,85625.65,48,51,51,48,61276.01,61268.56,,
2026-06-10T16:40:28+08:00,btc-updown-5m-1781080800,https://polymarket.com/zh/event/btc-updown-5m-1781080800,16:40-16:45,51.00,50.00,50.00,49.00,423.30,549.52,614.60,438.30,50.50,49.50,1.00,1.00,85503.36,85088.93,85088.93,85503.35,50,49,49,50,61276.01,61268.95,,
2026-06-10T16:40:30+08:00,btc-updown-5m-1781080800,https://polymarket.com/zh/event/btc-updown-5m-1781080800,16:40-16:45,50.00,51.00,49.00,50.00,702.55,759.35,520.30,541.52,49.50,50.50,1.00,1.00,86048.05,85103.93,85078.93,86033.05,49,50,50,49,61276.01,61270.58,,
2026-06-10T16:40:32+08:00,btc-updown-5m-1781080800,https://polymarket.com/zh/event/btc-updown-5m-1781080800,16:40-16:45,51.00,50.00,50.00,49.00,325.64,1027.74,772.37,325.64,50.50,49.50,1.00,1.00,73601.97,73132.85,73132.85,73601.98,50,49,49,50,61276.01,61280.93,,
2026-06-10T16:40:34+08:00,btc-updown-5m-1781080800,https://polymarket.com/zh/event/btc-updown-5m-1781080800,16:40-16:45,51.00,50.00,50.00,49.00,906.58,442.04,429.54,846.90,50.50,49.50,1.00,1.00,74161.31,73132.85,73132.85,73656.31,50,49,49,50,61276.01,61280.94,,
2026-06-10T16:40:36+08:00,btc-updown-5m-1781080800,https://polymarket.com/zh/event/btc-updown-5m-1781080800,16:40-16:45,51.00,50.00,50.00,49.00,532.72,221.54,327.54,879.06,50.50,49.50,1.00,1.00,73646.32,73122.85,73122.85,74146.31,50,49,49,50,61276.01,61280.93,,
2026-06-10T16:40:38+08:00,btc-updown-5m-1781080800,https://polymarket.com/zh/event/btc-updown-5m-1781080800,16:40-16:45,51.00,50.00,50.00,49.00,815.83,1003.78,305.90,172.92,50.50,49.50,1.00,1.00,74036.31,73122.85,73107.85,73426.31,50,49,49,50,61276.01,61280.93,,
2026-06-10T16:40:40+08:00,btc-updown-5m-1781080800,https://polymarket.com/zh/event/btc-updown-5m-1781080800,16:40-16:45,56.00,45.00,55.00,44.00,32.46,840.85,398.26,18.71,55.50,44.50,1.00,1.00,73041.32,73542.85,73527.85,72621.31,55,44,44,55,61276.01,61279.15,,
2026-06-10T16:40:42+08:00,btc-updown-5m-1781080800,https://polymarket.com/zh/event/btc-updown-5m-1781080800,16:40-16:45,52.00,49.00,51.00,48.00,454.90,590.88,657.88,474.10,51.50,48.50,1.00,1.00,54692.98,53641.18,53641.18,54197.99,51,48,48,51,61276.01,61276.81,,
2026-06-10T16:40:44+08:00,btc-updown-5m-1781080800,https://polymarket.com/zh/event/btc-updown-5m-1781080800,16:40-16:45,52.00,49.00,51.00,48.00,1136.27,75.05,75.05,1078.63,51.50,48.50,1.00,1.00,54197.98,53684.48,53684.48,54692.98,51,48,48,51,61276.01,61275.99,,
2026-06-10T16:40:46+08:00,btc-updown-5m-1781080800,https://polymarket.com/zh/event/btc-updown-5m-1781080800,16:40-16:45,52.00,49.00,51.00,48.00,947.09,72.95,100.00,945.09,51.50,48.50,1.00,1.00,54791.96,53666.15,53666.15,54781.96,51,48,48,51,61276.01,61275.98,,
2026-06-10T16:40:48+08:00,btc-updown-5m-1781080800,https://polymarket.com/zh/event/btc-updown-5m-1781080800,16:40-16:45,53.00,48.00,52.00,47.00,154.40,1743.38,1075.58,5.00,52.50,47.50,1.00,1.00,53991.96,53677.68,53677.68,53686.96,52,47,47,52,61276.01,61275.99,,
2026-06-10T16:40:50+08:00,btc-updown-5m-1781080800,https://polymarket.com/zh/event/btc-updown-5m-1781080800,16:40-16:45,58.00,43.00,57.00,42.00,699.02,309.36,552.50,996.16,57.50,42.50,1.00,1.00,53686.96,54077.68,54077.68,53491.97,57,42,42,57,61276.01,61281.74,,
2026-06-10T16:40:51+08:00,btc-updown-5m-1781080800,https://polymarket.com/zh/event/btc-updown-5m-1781080800,16:40-16:45,50.00,51.00,49.00,50.00,90.00,203.05,138.53,425.25,49.50,50.50,1.00,1.00,12576.97,12062.68,12072.69,12871.96,49,50,50,49,61276.01,61272.69,,
2026-06-10T16:40:53+08:00,btc-updown-5m-1781080800,https://polymarket.com/zh/event/btc-updown-5m-1781080800,16:40-16:45,49.00,52.00,48.00,51.00,310.34,756.28,847.82,298.72,48.50,51.50,1.00,1.00,12433.63,11706.02,11716.02,12433.63,48,51,51,48,61276.01,61272.68,,
2026-06-10T16:40:55+08:00,btc-updown-5m-1781080800,https://polymarket.com/zh/event/btc-updown-5m-1781080800,16:40-16:45,49.00,52.00,48.00,51.00,38.60,972.47,1018.15,38.60,48.50,51.50,1.00,1.00,12966.96,11662.68,11672.68,12966.96,48,51,51,48,61276.01,61272.68,,
2026-06-10T16:40:57+08:00,btc-updown-5m-1781080800,https://polymarket.com/zh/event/btc-updown-5m-1781080800,16:40-16:45,48.00,53.00,47.00,52.00,49.00,1094.20,1070.20,40.00,47.50,52.50,1.00,1.00,12881.96,11467.68,11477.68,12481.96,47,52,52,47,61276.01,61272.68,,
2026-06-10T16:40:59+08:00,btc-updown-5m-1781080800,https://polymarket.com/zh/event/btc-updown-5m-1781080800,16:40-16:45,48.00,53.00,47.00,52.00,72.61,1001.86,1105.04,83.61,47.50,52.50,1.00,1.00,12849.96,11442.68,11442.69,12949.96,47,52,52,47,61276.01,61268.00,,
2026-06-10T16:41:01+08:00,btc-updown-5m-1781080800,https://polymarket.com/zh/event/btc-updown-5m-1781080800,16:40-16:45,48.00,53.00,47.00,52.00,55.36,737.51,791.56,55.36,47.50,52.50,1.00,1.00,12816.96,11409.68,11404.68,12316.96,47,52,52,47,61276.01,61269.81,,
2026-06-10T16:41:03+08:00,btc-updown-5m-1781080800,https://polymarket.com/zh/event/btc-updown-5m-1781080800,16:40-16:45,46.00,55.00,45.00,54.00,255.02,1509.04,1490.14,255.84,45.50,54.50,1.00,1.00,12876.96,11004.68,11004.68,12381.96,45,54,54,45,61276.01,61263.86,,
2026-06-10T16:41:05+08:00,btc-updown-5m-1781080800,https://polymarket.com/zh/event/btc-updown-5m-1781080800,16:40-16:45,48.00,53.00,47.00,52.00,1001.11,25.56,30.00,1212.61,47.50,52.50,1.00,1.00,12311.96,11279.68,11279.68,12811.96,47,52,52,47,61276.01,61263.86,,
2026-06-10T16:41:07+08:00,btc-updown-5m-1781080800,https://polymarket.com/zh/event/btc-updown-5m-1781080800,16:40-16:45,47.00,54.00,46.00,53.00,611.29,30.00,488.00,851.76,46.50,53.50,1.00,1.00,12576.96,11084.68,10204.68,11301.96,46,53,53,46,61276.01,61263.86,,
2026-06-10T16:41:09+08:00,btc-updown-5m-1781080800,https://polymarket.com/zh/event/btc-updown-5m-1781080800,16:40-16:45,46.00,54.00,45.00,53.00,8.00,1209.74,1774.71,19.62,45.50,53.50,1.00,1.00,11471.96,10204.68,10224.68,11771.96,45,54,53,46,61276.01,61263.86,,
2026-06-10T16:41:11+08:00,btc-updown-5m-1781080800,https://polymarket.com/zh/event/btc-updown-5m-1781080800,16:40-16:45,46.00,55.00,45.00,54.00,304.63,1472.22,1336.31,30.89,45.50,54.50,1.00,1.00,11886.96,10464.69,10484.68,11401.96,45,54,54,45,61276.01,61266.67,,
2026-06-10T16:41:12+08:00,btc-updown-5m-1781080800,https://polymarket.com/zh/event/btc-updown-5m-1781080800,16:40-16:45,45.00,56.00,44.00,55.00,494.70,1152.49,431.15,280.50,44.50,55.50,1.00,1.00,11686.96,9784.68,10194.69,11096.96,44,55,54,44,61276.01,61261.79,,
2026-06-10T16:41:14+08:00,btc-updown-5m-1781080800,https://polymarket.com/zh/event/btc-updown-5m-1781080800,16:40-16:45,42.00,59.00,41.00,58.00,986.96,41.99,41.51,1022.96,41.50,58.50,1.00,1.00,11976.96,9604.68,9594.68,11961.96,41,58,58,41,61276.01,61251.98,,
2026-06-10T16:41:16+08:00,btc-updown-5m-1781080800,https://polymarket.com/zh/event/btc-updown-5m-1781080800,16:40-16:45,40.00,61.00,39.00,60.00,1030.19,51.74,259.74,1182.23,39.50,60.50,1.00,1.00,11836.96,9629.68,9644.68,11441.96,39,60,60,39,61276.01,61251.99,,
2026-06-10T16:41:18+08:00,btc-updown-5m-1781080800,https://polymarket.com/zh/event/btc-updown-5m-1781080800,16:40-16:45,39.00,66.00,38.00,65.00,1842.24,460.36,56.66,100.16,38.50,65.50,1.00,1.00,11281.96,9584.69,9574.68,11281.96,37,61,65,34,61276.01,61242.26,,
2026-06-10T16:41:20+08:00,btc-updown-5m-1781080800,https://polymarket.com/zh/event/btc-updown-5m-1781080800,16:40-16:45,35.00,66.00,34.00,65.00,208.32,1025.69,1152.73,213.32,34.50,65.50,1.00,1.00,11821.96,9549.68,9544.69,11806.96,34,65,65,34,61276.01,61251.98,,
2026-06-10T16:41:22+08:00,btc-updown-5m-1781080800,https://polymarket.com/zh/event/btc-updown-5m-1781080800,16:40-16:45,43.00,57.00,39.00,56.00,243.79,50.00,21.00,3.49,41.00,56.50,4.00,1.00,11653.63,9509.68,9504.69,11253.63,39,57,56,43,61276.01,61251.98,,
2026-06-10T16:41:24+08:00,btc-updown-5m-1781080800,https://polymarket.com/zh/event/btc-updown-5m-1781080800,16:40-16:45,41.00,61.00,40.00,60.00,566.03,206.07,201.39,592.77,40.50,60.50,1.00,1.00,11728.63,9439.68,9434.68,11223.63,40,59,60,39,61276.01,61260.01,,
2026-06-10T16:41:26+08:00,btc-updown-5m-1781080800,https://polymarket.com/zh/event/btc-updown-5m-1781080800,16:40-16:45,37.00,64.00,36.00,63.00,1003.73,151.71,189.21,890.73,36.50,63.50,1.00,1.00,11241.96,9554.68,9554.68,11241.96,36,63,63,36,61276.01,61251.99,,
2026-06-10T16:41:28+08:00,btc-updown-5m-1781080800,https://polymarket.com/zh/event/btc-updown-5m-1781080800,16:40-16:45,39.00,62.00,38.00,61.00,409.74,769.51,908.66,530.30,38.50,61.50,1.00,1.00,10841.96,9024.68,9009.68,11061.96,38,61,61,38,61276.01,61251.98,,
2026-06-10T16:41:29+08:00,btc-updown-5m-1781080800,https://polymarket.com/zh/event/btc-updown-5m-1781080800,16:40-16:45,39.00,62.00,38.00,61.00,1093.57,331.17,235.59,976.07,38.50,61.50,1.00,1.00,11276.96,9018.16,9013.15,10771.96,38,61,61,38,61276.01,61248.18,,
2026-06-10T16:41:31+08:00,btc-updown-5m-1781080800,https://polymarket.com/zh/event/btc-updown-5m-1781080800,16:40-16:45,40.00,61.00,39.00,60.00,272.52,572.57,620.71,269.02,39.50,60.50,1.00,1.00,10826.96,8483.15,8478.15,10836.96,39,60,60,39,61276.01,61253.00,,
2026-06-10T16:41:33+08:00,btc-updown-5m-1781080800,https://polymarket.com/zh/event/btc-updown-5m-1781080800,16:40-16:45,43.00,59.00,42.00,58.00,594.02,35.00,58.24,844.95,42.50,58.50,1.00,1.00,9940.20,8083.15,8103.16,9940.20,42,57,58,41,61276.01,61254.00,,
2026-06-10T16:41:35+08:00,btc-updown-5m-1781080800,https://polymarket.com/zh/event/btc-updown-5m-1781080800,16:40-16:45,41.00,60.00,40.00,59.00,73.93,1087.13,995.13,51.93,40.50,59.50,1.00,1.00,9786.28,8023.15,8013.15,10402.35,40,59,59,40,61276.01,61253.06,,
2026-06-10T16:41:37+08:00,btc-updown-5m-1781080800,https://polymarket.com/zh/event/btc-updown-5m-1781080800,16:40-16:45,42.00,59.00,41.00,58.00,925.02,40.09,22.44,830.38,41.50,58.50,1.00,1.00,10332.35,8038.15,8038.15,9832.35,41,58,58,41,61276.01,61259.11,,
2026-06-10T16:41:39+08:00,btc-updown-5m-1781080800,https://polymarket.com/zh/event/btc-updown-5m-1781080800,16:40-16:45,41.00,61.00,40.00,60.00,1071.34,10.36,110.00,115.00,40.50,60.50,1.00,1.00,9782.35,8108.15,8118.16,9887.35,40,59,60,39,61276.01,61259.12,,
2026-06-10T16:41:41+08:00,btc-updown-5m-1781080800,https://polymarket.com/zh/event/btc-updown-5m-1781080800,16:40-16:45,40.00,61.00,39.00,60.00,836.68,31.00,259.06,1477.29,39.50,60.50,1.00,1.00,9807.35,8023.15,8038.15,9817.35,39,60,60,39,61276.01,61256.04,,
2026-06-10T16:41:43+08:00,btc-updown-5m-1781080800,https://polymarket.com/zh/event/btc-updown-5m-1781080800,16:40-16:45,39.00,62.00,38.00,61.00,76.00,1459.05,1407.05,76.00,38.50,61.50,1.00,1.00,9717.35,8028.15,8028.15,10387.35,38,61,61,38,61276.01,61251.89,,
2026-06-10T16:41:45+08:00,btc-updown-5m-1781080800,https://polymarket.com/zh/event/btc-updown-5m-1781080800,16:40-16:45,42.00,59.00,41.00,58.00,36.61,1389.23,80.25,25.00,41.50,58.50,1.00,1.00,10268.35,8103.16,8098.15,9763.35,41,58,58,41,61276.01,61251.88,,
2026-06-10T16:41:47+08:00,btc-updown-5m-1781080800,https://polymarket.com/zh/event/btc-updown-5m-1781080800,16:40-16:45,45.00,56.00,44.00,55.00,182.24,1254.96,1178.96,205.00,44.50,55.50,1.00,1.00,9933.35,8103.15,8043.15,10228.35,44,55,55,44,61276.01,61260.28,,
2026-06-10T16:41:49+08:00,btc-updown-5m-1781080800,https://polymarket.com/zh/event/btc-updown-5m-1781080800,16:40-16:45,47.00,54.00,46.00,53.00,536.00,373.50,574.98,838.67,46.50,53.50,1.00,1.00,10433.35,8233.15,8433.15,10503.35,46,53,53,46,61276.01,61260.28,,
2026-06-10T16:41:50+08:00,btc-updown-5m-1781080800,https://polymarket.com/zh/event/btc-updown-5m-1781080800,16:40-16:45,47.00,54.00,46.00,53.00,435.74,493.49,553.49,454.46,46.50,53.50,1.00,1.00,9898.35,8513.15,8503.15,10003.35,46,53,53,46,61276.01,61263.25,,
2026-06-10T16:41:52+08:00,btc-updown-5m-1781080800,https://polymarket.com/zh/event/btc-updown-5m-1781080800,16:40-16:45,47.00,54.00,46.00,53.00,511.55,380.57,368.18,534.55,46.50,53.50,1.00,1.00,10313.35,8413.16,8423.15,10308.35,46,53,53,46,61276.01,61268.24,,
2026-06-10T16:41:54+08:00,btc-updown-5m-1781080800,https://polymarket.com/zh/event/btc-updown-5m-1781080800,16:40-16:45,47.00,54.00,46.00,53.00,407.96,1055.93,977.07,412.96,46.50,53.50,1.00,1.00,9848.35,8423.15,8413.15,9883.35,46,53,53,46,61276.01,61268.54,,
2026-06-10T16:41:56+08:00,btc-updown-5m-1781080800,https://polymarket.com/zh/event/btc-updown-5m-1781080800,16:40-16:45,51.00,50.00,50.00,49.00,81.62,1514.56,1569.62,126.62,50.50,49.50,1.00,1.00,10344.35,9098.15,9098.15,10349.35,50,49,49,50,61276.01,61276.35,,
2026-06-10T16:41:58+08:00,btc-updown-5m-1781080800,https://polymarket.com/zh/event/btc-updown-5m-1781080800,16:40-16:45,50.00,51.00,49.00,50.00,755.41,6.28,16.28,714.41,49.50,50.50,1.00,1.00,10248.83,9033.15,9023.15,9743.83,49,50,50,49,61276.01,61271.00,,
2026-06-10T16:42:00+08:00,btc-updown-5m-1781080800,https://polymarket.com/zh/event/btc-updown-5m-1781080800,16:40-16:45,55.00,46.00,54.00,45.00,133.25,1155.58,1184.58,133.25,54.50,45.50,1.00,1.00,8848.84,8985.15,8980.15,8953.83,54,45,45,54,61276.01,61286.93,,
2026-06-10T16:42:02+08:00,btc-updown-5m-1781080800,https://polymarket.com/zh/event/btc-updown-5m-1781080800,16:40-16:45,55.00,46.00,54.00,45.00,41.99,1685.11,1431.45,31.99,54.50,45.50,1.00,1.00,8765.83,8891.14,8884.14,8760.83,54,45,45,54,61276.01,61286.94,,
2026-06-10T16:42:04+08:00,btc-updown-5m-1781080800,https://polymarket.com/zh/event/btc-updown-5m-1781080800,16:40-16:45,49.00,52.00,48.00,51.00,211.17,1236.05,844.43,320.26,48.50,51.50,1.00,1.00,9685.83,8668.15,8583.14,9490.83,48,51,51,48,61276.01,61271.92,,
2026-06-10T16:42:06+08:00,btc-updown-5m-1781080800,https://polymarket.com/zh/event/btc-updown-5m-1781080800,16:40-16:45,49.00,52.00,48.00,51.00,457.33,829.22,710.47,210.96,48.50,51.50,1.00,1.00,9760.33,8787.15,8787.16,9860.33,48,51,51,48,61276.01,61274.00,,
2026-06-10T16:42:07+08:00,btc-updown-5m-1781080800,https://polymarket.com/zh/event/btc-updown-5m-1781080800,16:40-16:45,45.00,56.00,44.00,55.00,771.78,329.43,324.43,765.78,44.50,55.50,1.00,1.00,9780.33,7988.42,7993.42,9875.33,44,55,55,44,61276.01,61268.56,,
2026-06-10T16:42:09+08:00,btc-updown-5m-1781080800,https://polymarket.com/zh/event/btc-updown-5m-1781080800,16:40-16:45,39.00,62.00,38.00,61.00,1217.97,432.80,488.52,1234.57,38.50,61.50,1.00,1.00,9626.33,7808.42,7828.43,9726.33,38,61,61,38,61276.01,61248.00,,
2026-06-10T16:42:11+08:00,btc-updown-5m-1781080800,https://polymarket.com/zh/event/btc-updown-5m-1781080800,16:40-16:45,39.00,62.00,38.00,61.00,1195.44,443.20,443.20,1233.44,38.50,61.50,1.00,1.00,9626.33,7808.43,7803.42,9681.33,38,61,61,38,61276.01,61252.03,,
2026-06-10T16:42:13+08:00,btc-updown-5m-1781080800,https://polymarket.com/zh/event/btc-updown-5m-1781080800,16:40-16:45,39.00,62.00,38.00,61.00,685.87,541.09,478.09,695.87,38.50,61.50,1.00,1.00,9737.00,7873.42,7863.42,9742.00,38,61,61,38,61276.01,61252.03,,
2026-06-10T16:42:15+08:00,btc-updown-5m-1781080800,https://polymarket.com/zh/event/btc-updown-5m-1781080800,16:40-16:45,39.00,62.00,38.00,61.00,212.59,1028.03,1093.22,212.59,38.50,61.50,1.00,1.00,9567.00,7698.42,7703.42,9567.00,38,61,61,38,61276.01,61254.39,,
2026-06-10T16:42:17+08:00,btc-updown-5m-1781080800,https://polymarket.com/zh/event/btc-updown-5m-1781080800,16:40-16:45,39.00,62.00,38.00,61.00,656.89,277.98,297.98,686.22,38.50,61.50,1.00,1.00,9563.00,7708.42,7713.42,9758.00,38,61,61,38,61276.01,61249.90,,
2026-06-10T16:42:19+08:00,btc-updown-5m-1781080800,https://polymarket.com/zh/event/btc-updown-5m-1781080800,16:40-16:45,36.00,65.00,35.00,64.00,1086.38,85.22,341.80,1568.97,35.50,64.50,1.00,1.00,9588.00,7893.42,7883.42,9588.00,35,64,64,35,61276.01,61247.90,,
2026-06-10T16:42:21+08:00,btc-updown-5m-1781080800,https://polymarket.com/zh/event/btc-updown-5m-1781080800,16:40-16:45,33.00,67.00,32.00,66.00,42.63,779.20,1014.19,263.70,32.50,66.50,1.00,1.00,9467.00,7703.42,7718.42,9467.00,32,67,66,33,61276.01,61243.88,,
2026-06-10T16:42:23+08:00,btc-updown-5m-1781080800,https://polymarket.com/zh/event/btc-updown-5m-1781080800,16:40-16:45,35.00,66.00,34.00,65.00,439.46,861.34,877.42,289.46,34.50,65.50,1.00,1.00,9742.00,7703.42,7703.42,9637.00,34,65,65,34,61276.01,61250.00,,
2026-06-10T16:42:24+08:00,btc-updown-5m-1781080800,https://polymarket.com/zh/event/btc-updown-5m-1781080800,16:40-16:45,32.00,69.00,31.00,68.00,745.34,781.74,727.48,749.60,31.50,68.50,1.00,1.00,9828.00,7889.43,7879.42,9943.00,31,68,68,31,61276.01,61239.64,,
2026-06-10T16:42:26+08:00,btc-updown-5m-1781080800,https://polymarket.com/zh/event/btc-updown-5m-1781080800,16:40-16:45,32.00,69.00,31.00,68.00,1200.41,633.44,588.44,1207.41,31.50,68.50,1.00,1.00,9673.00,7718.42,7718.42,9678.00,31,68,68,31,61276.01,61239.65,,
2026-06-10T16:42:28+08:00,btc-updown-5m-1781080800,https://polymarket.com/zh/event/btc-updown-5m-1781080800,16:40-16:45,32.00,69.00,31.00,68.00,221.26,1408.30,1424.33,221.26,31.50,68.50,1.00,1.00,9592.00,7698.42,7703.42,9592.00,31,68,68,31,61276.01,61238.39,,
2026-06-10T16:42:30+08:00,btc-updown-5m-1781080800,https://polymarket.com/zh/event/btc-updown-5m-1781080800,16:40-16:45,34.00,67.00,33.00,66.00,758.60,114.06,30.00,1259.96,33.50,66.50,1.00,1.00,9582.00,7703.42,7708.43,9612.00,33,66,66,33,61276.01,61244.97,,
2026-06-10T16:42:32+08:00,btc-updown-5m-1781080800,https://polymarket.com/zh/event/btc-updown-5m-1781080800,16:40-16:45,36.00,65.00,35.00,64.00,768.98,760.13,364.47,118.14,35.50,64.50,1.00,1.00,9518.00,7708.42,7693.42,9438.00,35,64,64,35,61276.01,61247.52,,
2026-06-10T16:42:34+08:00,btc-updown-5m-1781080800,https://polymarket.com/zh/event/btc-updown-5m-1781080800,16:40-16:45,35.00,66.00,34.00,65.00,980.78,361.29,42.87,653.98,34.50,65.50,1.00,1.00,9563.00,7693.42,7708.42,9548.00,34,65,65,34,61276.01,61247.89,,
2026-06-10T16:42:36+08:00,btc-updown-5m-1781080800,https://polymarket.com/zh/event/btc-updown-5m-1781080800,16:40-16:45,35.00,66.00,34.00,65.00,641.04,404.91,477.11,813.54,34.50,65.50,1.00,1.00,9437.00,7708.42,7708.42,9542.00,34,65,65,34,61276.01,61251.97,,
2026-06-10T16:42:38+08:00,btc-updown-5m-1781080800,https://polymarket.com/zh/event/btc-updown-5m-1781080800,16:40-16:45,36.00,65.00,34.00,64.00,97.27,1478.32,1435.68,103.65,35.00,64.50,2.00,1.00,9377.00,7708.42,7713.42,9377.00,34,64,64,35,61276.01,61247.99,,
2026-06-10T16:42:40+08:00,btc-updown-5m-1781080800,https://polymarket.com/zh/event/btc-updown-5m-1781080800,16:40-16:45,37.00,65.00,36.00,63.00,1555.20,40.00,50.00,1681.79,36.50,64.00,1.00,2.00,9418.00,7724.42,7714.42,9413.00,36,63,63,35,61276.01,61247.99,,
2026-06-10T16:42:42+08:00,btc-updown-5m-1781080800,https://polymarket.com/zh/event/btc-updown-5m-1781080800,16:40-16:45,36.00,65.00,35.00,64.00,527.55,536.91,686.91,657.55,35.50,64.50,1.00,1.00,9668.00,7709.43,7704.42,9573.00,35,64,64,35,61276.01,61250.00,,
2026-06-10T16:42:44+08:00,btc-updown-5m-1781080800,https://polymarket.com/zh/event/btc-updown-5m-1781080800,16:40-16:45,33.00,68.00,32.00,67.00,504.27,944.10,956.85,515.27,32.50,67.50,1.00,1.00,9632.00,7873.42,7868.43,9632.00,32,67,67,32,61276.01,61250.83,,
2026-06-10T16:42:45+08:00,btc-updown-5m-1781080800,https://polymarket.com/zh/event/btc-updown-5m-1781080800,16:40-16:45,33.00,68.00,32.00,67.00,878.62,696.27,364.24,701.10,32.50,67.50,1.00,1.00,9567.00,7868.42,7863.42,9607.00,32,67,67,32,61276.01,61247.25,,
2026-06-10T16:42:47+08:00,btc-updown-5m-1781080800,https://polymarket.com/zh/event/btc-updown-5m-1781080800,16:40-16:45,33.00,68.00,32.00,67.00,201.56,923.56,995.60,201.56,32.50,67.50,1.00,1.00,9683.00,7725.42,7740.42,9683.00,32,67,67,32,61276.01,61247.34,,
2026-06-10T16:42:49+08:00,btc-updown-5m-1781080800,https://polymarket.com/zh/event/btc-updown-5m-1781080800,16:40-16:45,32.00,69.00,31.00,68.00,888.81,97.07,277.07,781.81,31.50,68.50,1.00,1.00,9688.00,7864.42,7894.43,9703.00,31,68,68,31,61276.01,61243.72,,
2026-06-10T16:42:51+08:00,btc-updown-5m-1781080800,https://polymarket.com/zh/event/btc-updown-5m-1781080800,16:40-16:45,31.00,70.00,30.00,69.00,516.93,1562.87,1351.96,626.93,30.50,69.50,1.00,1.00,9582.00,7698.42,7688.42,9582.00,30,69,69,30,61276.01,61243.72,,
2026-06-10T16:42:53+08:00,btc-updown-5m-1781080800,https://polymarket.com/zh/event/btc-updown-5m-1781080800,16:40-16:45,24.00,77.00,23.00,76.00,506.96,403.68,417.92,953.58,23.50,76.50,1.00,1.00,9493.25,7688.42,7688.42,9593.25,23,76,76,23,61276.01,61231.26,,
2026-06-10T16:42:55+08:00,btc-updown-5m-1781080800,https://polymarket.com/zh/event/btc-updown-5m-1781080800,16:40-16:45,23.00,78.00,22.00,77.00,1252.00,160.51,175.77,1139.94,22.50,77.50,1.00,1.00,9193.00,7710.43,7700.42,9293.00,22,77,77,22,61276.01,61231.61,,
2026-06-10T16:42:57+08:00,btc-updown-5m-1781080800,https://polymarket.com/zh/event/btc-updown-5m-1781080800,16:40-16:45,23.00,81.00,22.00,79.00,1476.58,194.28,49.68,87.50,22.50,80.00,1.00,2.00,9618.00,7714.42,7709.42,9618.00,22,77,79,18,61276.01,61222.01,,
2026-06-10T16:42:59+08:00,btc-updown-5m-1781080800,https://polymarket.com/zh/event/btc-updown-5m-1781080800,16:40-16:45,13.00,88.00,12.00,87.00,747.31,238.17,220.24,860.78,12.50,87.50,1.00,1.00,10713.00,7698.42,7713.42,11623.00,12,87,87,12,61276.01,61210.23,,
2026-06-10T16:43:01+08:00,btc-updown-5m-1781080800,https://polymarket.com/zh/event/btc-updown-5m-1781080800,16:40-16:45,16.00,85.00,15.00,84.00,218.25,464.52,323.13,120.87,15.50,84.50,1.00,1.00,11850.00,7361.42,7361.43,11680.00,15,84,84,15,61276.01,61218.78,,
2026-06-10T16:43:03+08:00,btc-updown-5m-1781080800,https://polymarket.com/zh/event/btc-updown-5m-1781080800,16:40-16:45,17.00,84.00,16.00,83.00,8.94,1034.22,1102.71,18.13,16.50,83.50,1.00,1.00,10922.20,7327.43,7312.42,10722.20,16,83,83,16,61276.01,61220.00,,
2026-06-10T16:43:05+08:00,btc-updown-5m-1781080800,https://polymarket.com/zh/event/btc-updown-5m-1781080800,16:40-16:45,19.00,83.00,18.00,82.00,799.97,338.70,16.76,128.13,18.50,82.50,1.00,1.00,10445.20,7311.43,7326.44,10195.20,18,81,82,17,61276.01,61230.00,,
2026-06-10T16:43:07+08:00,btc-updown-5m-1781080800,https://polymarket.com/zh/event/btc-updown-5m-1781080800,16:40-16:45,23.00,78.00,22.00,77.00,80.00,158.29,153.50,545.94,22.50,77.50,1.00,1.00,10389.20,7311.42,7326.42,10404.20,22,77,77,22,61276.01,61235.12,,
2026-06-10T16:43:08+08:00,btc-updown-5m-1781080800,https://polymarket.com/zh/event/btc-updown-5m-1781080800,16:40-16:45,21.00,80.00,20.00,79.00,82.41,465.36,538.36,92.41,20.50,79.50,1.00,1.00,10304.20,7291.42,7312.42,10404.20,20,79,79,20,61276.01,61236.01,,
2026-06-10T16:43:10+08:00,btc-updown-5m-1781080800,https://polymarket.com/zh/event/btc-updown-5m-1781080800,16:40-16:45,25.00,76.00,24.00,75.00,703.01,3.28,3.28,772.01,24.50,75.50,1.00,1.00,10322.20,7297.43,7287.42,10307.20,24,75,75,24,61276.01,61238.00,,
2026-06-10T16:43:12+08:00,btc-updown-5m-1781080800,https://polymarket.com/zh/event/btc-updown-5m-1781080800,16:40-16:45,27.00,74.00,26.00,73.00,841.39,38.73,38.73,1079.89,26.50,73.50,1.00,1.00,10485.29,7276.42,7276.43,10515.29,26,73,73,26,61276.01,61242.00,,
2026-06-10T16:43:14+08:00,btc-updown-5m-1781080800,https://polymarket.com/zh/event/btc-updown-5m-1781080800,16:40-16:45,24.00,77.00,23.00,76.00,139.02,471.37,320.33,72.02,23.50,76.50,1.00,1.00,10487.76,7276.42,7276.42,10547.76,23,76,76,23,61276.01,61242.02,,
2026-06-10T16:43:16+08:00,btc-updown-5m-1781080800,https://polymarket.com/zh/event/btc-updown-5m-1781080800,16:40-16:45,22.00,79.00,21.00,78.00,367.68,498.79,815.52,491.68,21.50,78.50,1.00,1.00,10464.76,7292.42,7292.42,10564.76,21,78,78,21,61276.01,61242.02,,
2026-06-10T16:43:18+08:00,btc-updown-5m-1781080800,https://polymarket.com/zh/event/btc-updown-5m-1781080800,16:40-16:45,21.00,81.00,19.00,80.00,732.77,26.00,36.00,992.98,20.00,80.50,2.00,1.00,10237.67,7302.42,7292.42,10237.67,19,79,80,19,61276.01,61236.01,,
2026-06-10T16:43:20+08:00,btc-updown-5m-1781080800,https://polymarket.com/zh/event/btc-updown-5m-1781080800,16:40-16:45,18.00,83.00,17.00,82.00,263.66,1013.20,844.66,296.99,17.50,82.50,1.00,1.00,11180.67,7291.42,7193.07,10780.24,17,82,82,17,61276.01,61236.00,,
2026-06-10T16:43:22+08:00,btc-updown-5m-1781080800,https://polymarket.com/zh/event/btc-updown-5m-1781080800,16:40-16:45,18.00,83.00,17.00,82.00,484.18,306.94,296.59,453.18,17.50,82.50,1.00,1.00,10954.24,6819.72,6819.72,10754.24,17,82,82,17,61276.01,61236.43,,
2026-06-10T16:43:24+08:00,btc-updown-5m-1781080800,https://polymarket.com/zh/event/btc-updown-5m-1781080800,16:40-16:45,18.00,83.00,17.00,82.00,352.20,487.94,459.34,420.39,17.50,82.50,1.00,1.00,10866.24,6814.72,6830.72,10966.24,17,82,82,17,61276.01,61236.49,,
2026-06-10T16:43:25+08:00,btc-updown-5m-1781080800,https://polymarket.com/zh/event/btc-updown-5m-1781080800,16:40-16:45,18.00,83.00,17.00,82.00,579.95,307.24,191.74,408.95,17.50,82.50,1.00,1.00,10892.24,6846.72,6851.72,10887.24,17,82,82,17,61276.01,61237.84,,
2026-06-10T16:43:27+08:00,btc-updown-5m-1781080800,https://polymarket.com/zh/event/btc-updown-5m-1781080800,16:40-16:45,20.00,81.00,19.00,80.00,229.79,538.31,527.31,229.79,19.50,80.50,1.00,1.00,10887.24,7830.72,7820.72,10872.24,19,80,80,19,61276.01,61237.84,,
2026-06-10T16:43:29+08:00,btc-updown-5m-1781080800,https://polymarket.com/zh/event/btc-updown-5m-1781080800,16:40-16:45,20.00,81.00,19.00,80.00,580.59,233.79,233.79,568.88,19.50,80.50,1.00,1.00,11174.24,7829.73,7829.72,11174.24,19,80,80,19,61276.01,61235.95,,
2026-06-10T16:43:31+08:00,btc-updown-5m-1781080800,https://polymarket.com/zh/event/btc-updown-5m-1781080800,16:40-16:45,16.00,85.00,15.00,84.00,13.00,567.81,80.93,50.00,15.50,84.50,1.00,1.00,11459.24,7805.72,7800.73,11459.24,15,84,84,15,61276.01,61229.88,,
2026-06-10T16:43:33+08:00,btc-updown-5m-1781080800,https://polymarket.com/zh/event/btc-updown-5m-1781080800,16:40-16:45,20.00,81.00,19.00,80.00,965.32,108.88,103.61,1018.44,19.50,80.50,1.00,1.00,10810.24,7801.72,7806.73,10810.24,19,80,80,19,61276.01,61242.31,,
2026-06-10T16:43:35+08:00,btc-updown-5m-1781080800,https://polymarket.com/zh/event/btc-updown-5m-1781080800,16:40-16:45,20.00,81.00,19.00,80.00,734.17,75.38,75.38,735.35,19.50,80.50,1.00,1.00,10715.24,7812.72,7812.72,10810.24,19,80,80,19,61276.01,61240.64,,
2026-06-10T16:43:37+08:00,btc-updown-5m-1781080800,https://polymarket.com/zh/event/btc-updown-5m-1781080800,16:40-16:45,22.00,79.00,21.00,78.00,881.27,70.09,139.87,1046.82,21.50,78.50,1.00,1.00,11019.24,7806.72,7806.72,11024.24,21,78,78,21,61276.01,61240.64,,
2026-06-10T16:43:39+08:00,btc-updown-5m-1781080800,https://polymarket.com/zh/event/btc-updown-5m-1781080800,16:40-16:45,29.00,72.00,27.00,71.00,280.65,576.80,120.02,224.28,28.00,71.50,2.00,1.00,10784.24,7804.72,7789.72,10589.24,27,71,71,28,61276.01,61249.47,,
2026-06-10T16:43:41+08:00,btc-updown-5m-1781080800,https://polymarket.com/zh/event/btc-updown-5m-1781080800,16:40-16:45,29.00,72.00,28.00,71.00,856.11,205.48,360.11,894.34,28.50,71.50,1.00,1.00,10820.24,7785.72,7805.72,10960.24,28,71,71,28,61276.01,61256.15,,
2026-06-10T16:43:43+08:00,btc-updown-5m-1781080800,https://polymarket.com/zh/event/btc-updown-5m-1781080800,16:40-16:45,24.00,77.00,23.00,76.00,211.37,892.02,908.60,146.37,23.50,76.50,1.00,1.00,10945.24,7801.72,7795.73,10939.24,23,76,76,23,61276.01,61251.87,,
2026-06-10T16:43:44+08:00,btc-updown-5m-1781080800,https://polymarket.com/zh/event/btc-updown-5m-1781080800,16:40-16:45,29.00,72.00,28.00,71.00,377.81,552.09,606.63,376.50,28.50,71.50,1.00,1.00,11113.24,7810.72,7845.72,11113.24,28,71,71,28,61276.01,61256.15,,
2026-06-10T16:43:46+08:00,btc-updown-5m-1781080800,https://polymarket.com/zh/event/btc-updown-5m-1781080800,16:40-16:45,29.00,72.00,28.00,71.00,319.38,186.91,261.86,456.76,28.50,71.50,1.00,1.00,11233.24,7966.72,7966.72,11233.24,28,71,71,28,61276.01,61256.15,,
2026-06-10T16:43:48+08:00,btc-updown-5m-1781080800,https://polymarket.com/zh/event/btc-updown-5m-1781080800,16:40-16:45,33.00,68.00,32.00,67.00,99.00,1063.68,144.14,291.50,32.50,67.50,1.00,1.00,11144.24,7787.72,7782.72,11194.24,32,67,67,32,61276.01,61256.16,,
2026-06-10T16:43:50+08:00,btc-updown-5m-1781080800,https://polymarket.com/zh/event/btc-updown-5m-1781080800,16:40-16:45,33.00,68.00,32.00,67.00,364.32,109.03,229.17,491.34,32.50,67.50,1.00,1.00,11283.04,7978.72,7967.72,11277.04,32,67,67,32,61276.01,61259.98,,
2026-06-10T16:43:52+08:00,btc-updown-5m-1781080800,https://polymarket.com/zh/event/btc-updown-5m-1781080800,16:40-16:45,33.00,68.00,32.00,67.00,840.21,56.63,81.13,794.57,32.50,67.50,1.00,1.00,10987.04,7782.72,7782.72,11087.04,32,67,67,32,61276.01,61260.29,,
2026-06-10T16:43:54+08:00,btc-updown-5m-1781080800,https://polymarket.com/zh/event/btc-updown-5m-1781080800,16:40-16:45,34.00,67.00,33.00,66.00,176.13,672.14,135.00,303.63,33.50,66.50,1.00,1.00,11067.04,7779.72,7789.73,11167.04,33,66,66,33,61276.01,61260.28,,
2026-06-10T16:43:56+08:00,btc-updown-5m-1781080800,https://polymarket.com/zh/event/btc-updown-5m-1781080800,16:40-16:45,25.00,76.00,24.00,75.00,80.00,419.10,335.47,382.12,24.50,75.50,1.00,1.00,11363.04,7970.72,7970.72,11393.04,24,75,75,24,61276.01,61253.65,,
2026-06-10T16:43:58+08:00,btc-updown-5m-1781080800,https://polymarket.com/zh/event/btc-updown-5m-1781080800,16:40-16:45,27.00,74.00,26.00,73.00,21.00,1234.10,1233.10,21.00,26.50,73.50,1.00,1.00,11168.04,7901.73,7906.72,11183.04,26,73,73,26,61276.01,61253.39,,
2026-06-10T16:44:00+08:00,btc-updown-5m-1781080800,https://polymarket.com/zh/event/btc-updown-5m-1781080800,16:40-16:45,27.00,74.00,26.00,73.00,507.18,399.67,244.67,270.21,26.50,73.50,1.00,1.00,11277.04,7910.72,7910.73,11437.04,26,73,73,26,61276.01,61253.39,,
2026-06-10T16:44:01+08:00,btc-updown-5m-1781080800,https://polymarket.com/zh/event/btc-updown-5m-1781080800,16:40-16:45,27.00,75.00,26.00,74.00,750.44,304.49,161.93,543.28,26.50,74.50,1.00,1.00,10982.75,8169.72,8179.72,10997.75,26,73,74,25,61276.01,61255.98,,
2026-06-10T16:44:03+08:00,btc-updown-5m-1781080800,https://polymarket.com/zh/event/btc-updown-5m-1781080800,16:40-16:45,25.00,76.00,24.00,75.00,501.39,91.97,94.00,492.89,24.50,75.50,1.00,1.00,10942.75,9164.73,9124.72,10942.75,24,75,75,24,61276.01,61255.97,,
2026-06-10T16:44:05+08:00,btc-updown-5m-1781080800,https://polymarket.com/zh/event/btc-updown-5m-1781080800,16:40-16:45,19.00,82.00,18.00,81.00,594.22,264.35,200.85,651.97,18.50,81.50,1.00,1.00,10717.75,9124.72,9119.72,10717.75,18,81,81,18,61276.01,61247.90,,
2026-06-10T16:44:07+08:00,btc-updown-5m-1781080800,https://polymarket.com/zh/event/btc-updown-5m-1781080800,16:40-16:45,17.00,88.00,16.00,86.00,1115.97,0.38,58.75,80.00,16.50,87.00,1.00,2.00,10687.75,9144.72,9149.72,11922.75,16,83,86,12,61276.01,61241.53,,
2026-06-10T16:44:09+08:00,btc-updown-5m-1781080800,https://polymarket.com/zh/event/btc-updown-5m-1781080800,16:40-16:45,12.00,89.00,11.00,88.00,1060.10,4.75,5.88,1126.74,11.50,88.50,1.00,1.00,12096.14,9149.72,9144.72,12062.24,11,88,88,11,61276.01,61234.01,,
2026-06-10T16:44:11+08:00,btc-updown-5m-1781080800,https://polymarket.com/zh/event/btc-updown-5m-1781080800,16:40-16:45,9.00,92.00,8.00,91.00,661.51,107.51,48.32,719.34,8.50,91.50,1.00,1.00,11945.01,9149.72,9144.73,11977.09,8,91,91,8,61276.01,61234.01,,
2026-06-10T16:44:13+08:00,btc-updown-5m-1781080800,https://polymarket.com/zh/event/btc-updown-5m-1781080800,16:40-16:45,8.00,93.00,7.00,92.00,835.25,160.83,167.53,677.44,7.50,92.50,1.00,1.00,10839.33,9104.73,9109.72,10764.96,7,92,92,7,61276.01,61232.01,,
2026-06-10T16:44:15+08:00,btc-updown-5m-1781080800,https://polymarket.com/zh/event/btc-updown-5m-1781080800,16:40-16:45,7.00,94.00,6.00,93.00,204.29,1028.91,884.01,25.27,6.50,93.50,1.00,1.00,10924.63,9104.72,9099.72,10959.66,6,93,93,6,61276.01,61232.01,,
2026-06-10T16:44:16+08:00,btc-updown-5m-1781080800,https://polymarket.com/zh/event/btc-updown-5m-1781080800,16:40-16:45,8.00,94.00,7.00,93.00,606.06,133.95,109.59,30.00,7.50,93.50,1.00,1.00,10579.21,9119.73,9124.72,10631.71,7,92,93,6,61276.01,61232.01,,
2026-06-10T16:44:19+08:00,btc-updown-5m-1781080800,https://polymarket.com/zh/event/btc-updown-5m-1781080800,16:40-16:45,6.00,95.00,5.00,94.00,410.06,625.66,575.66,414.00,5.50,94.50,1.00,1.00,10675.41,9114.72,9099.73,10775.41,5,94,94,5,61276.01,61227.26,,
2026-06-10T16:44:21+08:00,btc-updown-5m-1781080800,https://polymarket.com/zh/event/btc-updown-5m-1781080800,16:40-16:45,6.00,95.00,5.00,94.00,358.86,387.45,436.51,336.91,5.50,94.50,1.00,1.00,10232.76,9124.72,9119.72,10220.70,5,94,94,5,61276.01,61227.26,,
2026-06-10T16:44:22+08:00,btc-updown-5m-1781080800,https://polymarket.com/zh/event/btc-updown-5m-1781080800,16:40-16:45,6.00,95.00,5.00,94.00,519.31,109.64,111.74,606.31,5.50,94.50,1.00,1.00,9777.12,9044.72,9054.73,9715.02,5,94,94,5,61276.01,61227.16,,
2026-06-10T16:44:24+08:00,btc-updown-5m-1781080800,https://polymarket.com/zh/event/btc-updown-5m-1781080800,16:40-16:45,4.00,97.00,3.00,96.00,931.43,243.54,239.50,915.24,3.50,96.50,1.00,1.00,8089.20,8961.72,8966.72,8138.24,3,96,96,3,61276.01,61223.12,,
2026-06-10T16:44:26+08:00,btc-updown-5m-1781080800,https://polymarket.com/zh/event/btc-updown-5m-1781080800,16:40-16:45,3.00,98.00,2.00,97.00,679.95,1671.50,1747.53,716.60,2.50,97.50,1.00,1.00,6971.44,8807.87,8827.86,6895.41,2,97,97,2,61276.01,61214.86,,
2026-06-10T16:44:28+08:00,btc-updown-5m-1781080800,https://polymarket.com/zh/event/btc-updown-5m-1781080800,16:40-16:45,3.00,98.00,2.00,97.00,562.65,1609.31,1657.60,520.00,2.50,97.50,1.00,1.00,6663.57,8822.86,8812.86,6615.28,2,97,97,2,61276.01,61214.86,,
2026-06-10T16:44:30+08:00,btc-updown-5m-1781080800,https://polymarket.com/zh/event/btc-updown-5m-1781080800,16:40-16:45,3.00,98.00,2.00,97.00,307.24,141.86,401.12,367.24,2.50,97.50,1.00,1.00,5444.91,8827.86,8797.86,5135.65,2,97,97,2,61276.01,61203.00,,
2026-06-10T16:44:32+08:00,btc-updown-5m-1781080800,https://polymarket.com/zh/event/btc-updown-5m-1781080800,16:40-16:45,2.00,99.00,1.00,98.00,702.78,4738.74,4758.84,697.78,1.50,98.50,1.00,1.00,4758.84,7793.97,7793.98,4738.74,1,98,98,1,61276.01,61207.02,,
2026-06-10T16:44:34+08:00,btc-updown-5m-1781080800,https://polymarket.com/zh/event/btc-updown-5m-1781080800,16:40-16:45,1.00,,,99.00,1521.55,,,1526.55,,,,,,7698.97,7688.97,,0,99,99,0,61276.01,61209.00,,
2026-06-10T16:44:36+08:00,btc-updown-5m-1781080800,https://polymarket.com/zh/event/btc-updown-5m-1781080800,16:40-16:45,1.00,,,99.00,6000.28,,,5869.09,,,,,,7121.98,7121.98,,0,99,99,0,61276.01,61209.00,,
2026-06-10T16:44:38+08:00,btc-updown-5m-1781080800,https://polymarket.com/zh/event/btc-updown-5m-1781080800,16:40-16:45,1.00,,,99.00,7444.97,,,7455.73,,,,,,7151.98,7176.98,,0,99,99,0,61276.01,61198.63,,
2026-06-10T16:44:40+08:00,btc-updown-5m-1781080800,https://polymarket.com/zh/event/btc-updown-5m-1781080800,16:40-16:45,1.00,,,99.00,15120.72,,,15120.72,,,,,,7196.98,7191.98,,0,99,99,0,61276.01,61187.00,,
2026-06-10T16:44:42+08:00,btc-updown-5m-1781080800,https://polymarket.com/zh/event/btc-updown-5m-1781080800,16:40-16:45,1.00,,,99.00,15438.72,,,15438.72,,,,,,7596.98,7576.98,,0,99,99,0,61276.01,61191.48,,
2026-06-10T16:44:43+08:00,btc-updown-5m-1781080800,https://polymarket.com/zh/event/btc-updown-5m-1781080800,16:40-16:45,1.00,,,99.00,15938.71,,,15938.71,,,,,,7576.98,7586.98,,0,99,99,0,61276.01,61185.95,,
2026-06-10T16:44:45+08:00,btc-updown-5m-1781080800,https://polymarket.com/zh/event/btc-updown-5m-1781080800,16:40-16:45,1.00,,,99.00,15847.47,,,15857.47,,,,,,7253.38,7263.38,,0,99,99,0,61276.01,61187.89,,
2026-06-10T16:44:47+08:00,btc-updown-5m-1781080800,https://polymarket.com/zh/event/btc-updown-5m-1781080800,16:40-16:45,1.00,,,99.00,14952.14,,,15083.14,,,,,,7278.38,7278.38,,0,99,99,0,61276.01,61193.81,,
2026-06-10T16:44:49+08:00,btc-updown-5m-1781080800,https://polymarket.com/zh/event/btc-updown-5m-1781080800,16:40-16:45,1.00,,,99.00,14984.90,,,14731.90,,,,,,7103.38,7088.39,,0,66,66,0,61276.01,61193.80,,
2026-06-10T16:44:51+08:00,btc-updown-5m-1781080800,https://polymarket.com/zh/event/btc-updown-5m-1781080800,16:40-16:45,1.00,,,99.00,14839.63,,,14837.67,,,,,,6728.38,6738.38,,0,65,65,0,61276.01,61188.89,,
2026-06-10T16:44:53+08:00,btc-updown-5m-1781080800,https://polymarket.com/zh/event/btc-updown-5m-1781080800,16:40-16:45,1.00,,,99.00,22535.07,,,22543.07,,,,,,7293.38,7298.38,,0,63,63,0,61276.01,61189.33,,
2026-06-10T16:44:55+08:00,btc-updown-5m-1781080800,https://polymarket.com/zh/event/btc-updown-5m-1781080800,16:40-16:45,1.00,,,99.00,27979.27,,,27929.27,,,,,,7284.46,7274.46,,0,61,61,0,61276.01,61191.85,,
2026-06-10T16:44:57+08:00,btc-updown-5m-1781080800,https://polymarket.com/zh/event/btc-updown-5m-1781080800,16:40-16:45,1.00,,,99.00,29515.74,,,29836.74,,,,,,7299.46,7289.47,,0,62,62,0,61276.01,61191.85,,
2026-06-10T16:44:59+08:00,btc-updown-5m-1781080800,https://polymarket.com/zh/event/btc-updown-5m-1781080800,16:40-16:45,1.00,,,99.00,43988.94,,,44603.94,,,,,,6394.46,6414.46,,0,62,62,0,61276.01,61189.99,,
2026-06-10T16:45:01+08:00,btc-updown-5m-1781081100,https://polymarket.com/zh/event/btc-updown-5m-1781081100,16:45-16:50,59.00,45.00,56.00,44.00,21.00,193.05,2.21,30.00,57.50,44.50,3.00,1.00,96988.93,96690.93,96690.93,96993.93,51,36,39,51,61188.74,61188.74,,
2026-06-10T16:45:03+08:00,btc-updown-5m-1781081100,https://polymarket.com/zh/event/btc-updown-5m-1781081100,16:45-16:50,49.00,53.00,48.00,52.00,278.10,84.70,29.70,154.00,48.50,52.50,1.00,1.00,98199.61,97390.65,97400.63,98624.61,48,51,52,47,61188.74,61161.63,,
2026-06-10T16:45:05+08:00,btc-updown-5m-1781081100,https://polymarket.com/zh/event/btc-updown-5m-1781081100,16:45-16:50,36.00,65.00,35.00,64.00,1276.61,105.92,105.92,1291.61,35.50,64.50,1.00,1.00,99164.61,97953.44,98058.44,99164.61,35,64,64,35,61188.74,61140.52,,
2026-06-10T16:45:06+08:00,btc-updown-5m-1781081100,https://polymarket.com/zh/event/btc-updown-5m-1781081100,16:45-16:50,36.00,65.00,35.00,64.00,1896.67,125.82,64.51,1746.34,35.50,64.50,1.00,1.00,99124.61,98218.45,98223.44,99239.61,35,64,64,35,61188.74,61140.53,,
2026-06-10T16:45:08+08:00,btc-updown-5m-1781081100,https://polymarket.com/zh/event/btc-updown-5m-1781081100,16:45-16:50,41.00,60.00,40.00,59.00,420.36,446.00,419.50,368.94,40.50,59.50,1.00,1.00,99347.27,97228.44,97233.45,99347.27,40,59,59,40,61188.74,61160.00,,
2026-06-10T16:45:10+08:00,btc-updown-5m-1781081100,https://polymarket.com/zh/event/btc-updown-5m-1781081100,16:45-16:50,41.00,60.00,40.00,59.00,21.77,561.91,682.72,6.00,40.50,59.50,1.00,1.00,98851.12,97366.45,97389.45,98856.12,40,59,59,40,61188.74,61163.87,,
2026-06-10T16:45:12+08:00,btc-updown-5m-1781081100,https://polymarket.com/zh/event/btc-updown-5m-1781081100,16:45-16:50,45.00,62.00,44.00,61.00,1113.34,246.00,57.00,36.81,44.50,61.50,1.00,1.00,98948.96,97379.45,97379.46,98953.96,43,55,60,38,61188.74,61157.04,,
2026-06-10T16:45:15+08:00,btc-updown-5m-1781081100,https://polymarket.com/zh/event/btc-updown-5m-1781081100,16:45-16:50,36.00,66.00,35.00,65.00,143.00,169.61,14.87,185.94,35.50,65.50,1.00,1.00,99097.29,97504.45,97474.44,98994.95,35,64,65,34,61188.74,61149.19,,
2026-06-10T16:45:17+08:00,btc-updown-5m-1781081100,https://polymarket.com/zh/event/btc-updown-5m-1781081100,16:45-16:50,36.00,63.00,35.00,61.00,16.00,141.49,1604.05,55.87,35.50,62.00,1.00,2.00,92866.62,91179.44,91189.44,92966.62,35,64,61,37,61188.74,61152.00,,
2026-06-10T16:45:18+08:00,btc-updown-5m-1781081100,https://polymarket.com/zh/event/btc-updown-5m-1781081100,16:45-16:50,41.00,60.00,40.00,59.00,456.26,47.02,369.41,563.10,40.50,59.50,1.00,1.00,92986.62,91204.44,91199.44,92986.62,40,59,59,40,61188.74,61158.93,,
2026-06-10T16:45:20+08:00,btc-updown-5m-1781081100,https://polymarket.com/zh/event/btc-updown-5m-1781081100,16:45-16:50,35.00,66.00,34.00,65.00,52.02,957.51,802.09,30.20,34.50,65.50,1.00,1.00,92492.28,91315.11,91310.10,92992.28,34,65,65,34,61188.74,61153.31,,
2026-06-10T16:45:22+08:00,btc-updown-5m-1781081100,https://polymarket.com/zh/event/btc-updown-5m-1781081100,16:45-16:50,36.00,65.00,35.00,64.00,17.89,742.72,1189.73,231.00,35.50,64.50,1.00,1.00,85293.88,83312.70,83317.70,84793.88,35,64,64,35,61188.74,61148.79,,
2026-06-10T16:45:24+08:00,btc-updown-5m-1781081100,https://polymarket.com/zh/event/btc-updown-5m-1781081100,16:45-16:50,34.00,67.00,33.00,66.00,441.04,295.03,331.49,528.24,33.50,66.50,1.00,1.00,85314.88,83332.71,83317.70,84899.88,33,66,66,33,61188.74,61148.79,,
2026-06-10T16:45:26+08:00,btc-updown-5m-1781081100,https://polymarket.com/zh/event/btc-updown-5m-1781081100,16:45-16:50,34.00,66.00,33.00,65.00,32.49,414.34,1011.86,475.00,33.50,65.50,1.00,1.00,85052.48,83575.30,83550.30,85137.48,33,66,65,34,61188.74,61144.66,,
2026-06-10T16:45:28+08:00,btc-updown-5m-1781081100,https://polymarket.com/zh/event/btc-updown-5m-1781081100,16:45-16:50,35.00,66.00,34.00,65.00,700.70,501.27,992.49,1242.04,34.50,65.50,1.00,1.00,85185.17,83797.30,83854.99,85715.17,34,65,65,34,61188.74,61144.00,,
2026-06-10T16:45:30+08:00,btc-updown-5m-1781081100,https://polymarket.com/zh/event/btc-updown-5m-1781081100,16:45-16:50,35.00,66.00,34.00,65.00,1922.79,142.09,142.09,1893.85,34.50,65.50,1.00,1.00,85902.17,83914.69,83924.70,85872.17,34,65,65,34,61188.74,61140.52,,
2026-06-10T16:45:32+08:00,btc-updown-5m-1781081100,https://polymarket.com/zh/event/btc-updown-5m-1781081100,16:45-16:50,33.00,68.00,32.00,67.00,162.02,1243.60,1070.60,162.02,32.50,67.50,1.00,1.00,74010.79,71873.61,71873.61,73410.79,32,67,67,32,61188.74,61139.00,,
2026-06-10T16:45:33+08:00,btc-updown-5m-1781081100,https://polymarket.com/zh/event/btc-updown-5m-1781081100,16:45-16:50,39.00,62.00,38.00,61.00,290.08,845.84,510.59,247.58,38.50,61.50,1.00,1.00,73475.79,71888.61,71873.61,73450.79,38,61,61,38,61188.74,61143.17,,
2026-06-10T16:45:35+08:00,btc-updown-5m-1781081100,https://polymarket.com/zh/event/btc-updown-5m-1781081100,16:45-16:50,45.00,56.00,44.00,55.00,517.43,373.50,407.98,1136.95,44.50,55.50,1.00,1.00,73965.79,71888.61,71883.61,73944.28,44,55,55,44,61188.74,61154.53,,
2026-06-10T16:45:37+08:00,btc-updown-5m-1781081100,https://polymarket.com/zh/event/btc-updown-5m-1781081100,16:45-16:50,47.00,53.00,46.00,52.00,230.98,184.00,1414.27,10.00,46.50,52.50,1.00,1.00,73419.28,72453.61,72868.62,73424.28,46,53,52,47,61188.74,61168.00,,
2026-06-10T16:45:39+08:00,btc-updown-5m-1781081100,https://polymarket.com/zh/event/btc-updown-5m-1781081100,16:45-16:50,51.00,48.00,50.00,47.00,7.50,425.26,1642.11,10.00,50.50,47.50,1.00,1.00,73442.61,72938.61,72938.61,73437.61,50,48,47,52,61188.74,61181.81,,
2026-06-10T16:45:41+08:00,btc-updown-5m-1781081100,https://polymarket.com/zh/event/btc-updown-5m-1781081100,16:45-16:50,58.00,43.00,57.00,42.00,222.66,323.31,408.24,292.50,57.50,42.50,1.00,1.00,53847.61,53448.61,53438.61,53957.61,57,42,42,57,61188.74,61190.00,,
2026-06-10T16:45:43+08:00,btc-updown-5m-1781081100,https://polymarket.com/zh/event/btc-updown-5m-1781081100,16:45-16:50,58.00,43.00,57.00,42.00,864.51,312.47,317.47,839.32,57.50,42.50,1.00,1.00,53337.61,53438.61,53438.61,52842.61,57,42,42,57,61188.74,61194.00,,
2026-06-10T16:45:45+08:00,btc-updown-5m-1781081100,https://polymarket.com/zh/event/btc-updown-5m-1781081100,16:45-16:50,60.00,41.00,59.00,40.00,5.40,1652.89,1579.60,5.40,59.50,40.50,1.00,1.00,53342.12,53638.61,53638.61,52837.11,59,40,40,59,61188.74,61200.02,,
2026-06-10T16:45:47+08:00,btc-updown-5m-1781081100,https://polymarket.com/zh/event/btc-updown-5m-1781081100,16:45-16:50,62.00,39.00,61.00,38.00,58.00,79.77,153.27,700.44,61.50,38.50,1.00,1.00,52636.45,53886.94,53886.94,52651.47,61,38,38,61,61188.74,61208.34,,
2026-06-10T16:45:49+08:00,btc-updown-5m-1781081100,https://polymarket.com/zh/event/btc-updown-5m-1781081100,16:45-16:50,61.00,40.00,60.00,39.00,40.42,964.69,793.19,35.42,60.50,39.50,1.00,1.00,52946.44,53886.94,53886.94,52926.44,60,39,39,60,61188.74,61200.00,,
2026-06-10T16:45:51+08:00,btc-updown-5m-1781081100,https://polymarket.com/zh/event/btc-updown-5m-1781081100,16:45-16:50,62.00,39.00,61.00,38.00,40.00,671.61,351.53,27.00,61.50,38.50,1.00,1.00,10926.44,11876.94,11891.94,10936.44,61,38,38,61,61188.74,61204.60,,
2026-06-10T16:45:53+08:00,btc-updown-5m-1781081100,https://polymarket.com/zh/event/btc-updown-5m-1781081100,16:45-16:50,63.00,38.00,62.00,37.00,1359.92,2.00,5.00,952.02,62.50,37.50,1.00,1.00,11021.44,11876.94,11876.94,10431.45,62,37,37,62,61188.74,61204.25,,
2026-06-10T16:45:54+08:00,btc-updown-5m-1781081100,https://polymarket.com/zh/event/btc-updown-5m-1781081100,16:45-16:50,56.00,45.00,55.00,44.00,637.58,157.73,267.75,525.25,55.50,44.50,1.00,1.00,11041.44,11886.94,11871.94,11721.44,55,44,44,55,61188.74,61192.00,,
2026-06-10T16:45:56+08:00,btc-updown-5m-1781081100,https://polymarket.com/zh/event/btc-updown-5m-1781081100,16:45-16:50,61.00,40.00,60.00,39.00,188.73,1003.07,982.31,188.72,60.50,39.50,1.00,1.00,11531.44,11886.94,11886.94,11551.45,60,39,39,60,61188.74,61201.98,,
2026-06-10T16:45:58+08:00,btc-updown-5m-1781081100,https://polymarket.com/zh/event/btc-updown-5m-1781081100,16:45-16:50,65.00,36.00,64.00,35.00,223.37,487.39,731.17,739.01,64.50,35.50,1.00,1.00,10533.78,11886.94,11886.94,10528.78,64,35,35,64,61188.74,61201.98,,
2026-06-10T16:46:00+08:00,btc-updown-5m-1781081100,https://polymarket.com/zh/event/btc-updown-5m-1781081100,16:45-16:50,61.00,40.00,60.00,39.00,406.88,577.54,456.52,329.46,60.50,39.50,1.00,1.00,10396.45,11846.94,11846.94,11001.44,60,39,39,60,61188.74,61201.99,,
2026-06-10T16:46:02+08:00,btc-updown-5m-1781081100,https://polymarket.com/zh/event/btc-updown-5m-1781081100,16:45-16:50,62.00,39.00,61.00,38.00,37.00,921.86,893.15,151.74,61.50,38.50,1.00,1.00,10896.44,11831.94,11831.94,10451.44,61,38,38,61,61188.74,61201.98,,
2026-06-10T16:46:04+08:00,btc-updown-5m-1781081100,https://polymarket.com/zh/event/btc-updown-5m-1781081100,16:45-16:50,58.00,45.00,57.00,44.00,417.52,82.00,130.20,143.52,57.50,44.50,1.00,1.00,10453.80,11506.94,11516.94,10968.78,57,42,44,55,61188.74,61198.45,,
2026-06-10T16:46:06+08:00,btc-updown-5m-1781081100,https://polymarket.com/zh/event/btc-updown-5m-1781081100,16:45-16:50,55.00,46.00,54.00,45.00,453.56,858.69,765.69,235.60,54.50,45.50,1.00,1.00,11423.44,11678.94,11678.94,11425.79,54,45,45,54,61188.74,61185.95,,
2026-06-10T16:46:08+08:00,btc-updown-5m-1781081100,https://polymarket.com/zh/event/btc-updown-5m-1781081100,16:45-16:50,53.00,48.00,52.00,47.00,718.14,13.50,24.50,783.44,52.50,47.50,1.00,1.00,11128.44,10803.94,10803.94,10618.44,52,47,47,52,61188.74,61190.53,,
2026-06-10T16:46:10+08:00,btc-updown-5m-1781081100,https://polymarket.com/zh/event/btc-updown-5m-1781081100,16:45-16:50,52.00,50.00,51.00,49.00,561.46,893.11,40.07,496.83,51.50,49.50,1.00,1.00,10863.44,10473.94,10473.94,10853.44,51,48,49,50,61188.74,61184.84,,
2026-06-10T16:46:12+08:00,btc-updown-5m-1781081100,https://polymarket.com/zh/event/btc-updown-5m-1781081100,16:45-16:50,57.00,44.00,56.00,43.00,592.91,325.12,316.49,720.69,56.50,43.50,1.00,1.00,10556.77,10565.62,10565.62,9761.77,56,43,43,56,61188.74,61192.06,,
2026-06-10T16:46:14+08:00,btc-updown-5m-1781081100,https://polymarket.com/zh/event/btc-updown-5m-1781081100,16:45-16:50,53.00,48.00,52.00,47.00,776.52,19.13,7.00,755.38,52.50,47.50,1.00,1.00,11031.77,10355.61,10355.61,11546.78,52,47,47,52,61188.74,61180.08,,
2026-06-10T16:46:15+08:00,btc-updown-5m-1781081100,https://polymarket.com/zh/event/btc-updown-5m-1781081100,16:45-16:50,50.00,52.00,49.00,51.00,985.37,455.82,100.61,80.00,49.50,51.50,1.00,1.00,11521.77,10450.62,10450.62,11521.77,49,50,51,48,61188.74,61179.98,,
2026-06-10T16:46:17+08:00,btc-updown-5m-1781081100,https://polymarket.com/zh/event/btc-updown-5m-1781081100,16:45-16:50,53.00,48.00,52.00,47.00,729.00,49.91,210.93,870.10,52.50,47.50,1.00,1.00,11469.11,10370.61,10355.61,10959.12,52,47,47,52,61188.74,61175.12,,
2026-06-10T16:46:19+08:00,btc-updown-5m-1781081100,https://polymarket.com/zh/event/btc-updown-5m-1781081100,16:45-16:50,48.00,53.00,47.00,52.00,1172.35,20.00,20.00,1554.96,47.50,52.50,1.00,1.00,10911.77,9745.61,9745.61,10911.77,47,52,52,47,61188.74,61177.78,,
2026-06-10T16:46:21+08:00,btc-updown-5m-1781081100,https://polymarket.com/zh/event/btc-updown-5m-1781081100,16:45-16:50,46.00,55.00,45.00,54.00,879.89,726.73,597.73,742.28,45.50,54.50,1.00,1.00,11331.77,9800.61,9805.61,10831.77,45,54,54,45,61188.74,61173.56,,
2026-06-10T16:46:23+08:00,btc-updown-5m-1781081100,https://polymarket.com/zh/event/btc-updown-5m-1781081100,16:45-16:50,44.00,57.00,43.00,56.00,734.44,290.38,298.75,629.09,43.50,56.50,1.00,1.00,11331.77,9730.61,9725.61,10831.77,43,56,56,43,61188.74,61167.04,,
2026-06-10T16:46:25+08:00,btc-updown-5m-1781081100,https://polymarket.com/zh/event/btc-updown-5m-1781081100,16:45-16:50,40.00,61.00,39.00,60.00,523.77,1012.51,914.05,497.82,39.50,60.50,1.00,1.00,11337.25,9535.61,9530.61,11344.91,39,60,60,39,61188.74,61161.87,,
2026-06-10T16:46:27+08:00,btc-updown-5m-1781081100,https://polymarket.com/zh/event/btc-updown-5m-1781081100,16:45-16:50,41.00,60.00,40.00,59.00,667.49,331.90,798.79,905.99,40.50,59.50,1.00,1.00,11307.25,9600.61,9025.61,10822.25,40,59,59,40,61188.74,61161.78,,
2026-06-10T16:46:29+08:00,btc-updown-5m-1781081100,https://polymarket.com/zh/event/btc-updown-5m-1781081100,16:45-16:50,32.00,69.00,31.00,68.00,113.88,214.98,43.53,907.86,31.50,68.50,1.00,1.00,11504.91,9010.62,8945.62,10804.91,31,68,68,31,61188.74,61144.65,,
2026-06-10T16:46:30+08:00,btc-updown-5m-1781081100,https://polymarket.com/zh/event/btc-updown-5m-1781081100,16:45-16:50,32.00,69.00,31.00,68.00,1455.79,336.17,336.17,1479.79,31.50,68.50,1.00,1.00,11108.92,8835.62,8835.61,11158.92,31,68,68,31,61188.74,61139.00,,
2026-06-10T16:46:32+08:00,btc-updown-5m-1781081100,https://polymarket.com/zh/event/btc-updown-5m-1781081100,16:45-16:50,36.00,65.00,35.00,64.00,321.41,769.98,711.90,344.41,35.50,64.50,1.00,1.00,9716.76,8015.61,7995.61,10201.76,35,64,64,35,61188.74,61140.56,,
2026-06-10T16:46:34+08:00,btc-updown-5m-1781081100,https://polymarket.com/zh/event/btc-updown-5m-1781081100,16:45-16:50,39.00,62.00,38.00,61.00,544.70,441.02,479.02,628.70,38.50,61.50,1.00,1.00,9601.76,7940.62,7930.62,9586.76,38,61,61,38,61188.74,61156.68,,
2026-06-10T16:46:36+08:00,btc-updown-5m-1781081100,https://polymarket.com/zh/event/btc-updown-5m-1781081100,16:45-16:50,29.00,72.00,28.00,70.00,45.76,146.34,73.51,60.80,28.50,71.00,1.00,2.00,9841.76,7920.63,7920.62,10304.10,28,70,70,28,61188.74,61134.87,,
2026-06-10T16:46:38+08:00,btc-updown-5m-1781081100,https://polymarket.com/zh/event/btc-updown-5m-1781081100,16:45-16:50,27.00,74.00,26.00,73.00,1031.34,270.25,275.03,1137.07,26.50,73.50,1.00,1.00,10256.94,7985.61,7985.62,9756.94,26,73,73,26,61188.74,61129.85,,
2026-06-10T16:46:40+08:00,btc-updown-5m-1781081100,https://polymarket.com/zh/event/btc-updown-5m-1781081100,16:45-16:50,27.00,74.00,26.00,73.00,927.83,383.24,407.74,974.90,26.50,73.50,1.00,1.00,9686.94,7965.61,7970.61,9686.94,26,73,73,26,61188.74,61129.84,,
2026-06-10T16:46:42+08:00,btc-updown-5m-1781081100,https://polymarket.com/zh/event/btc-updown-5m-1781081100,16:45-16:50,27.00,74.00,26.00,73.00,234.26,1090.91,176.02,216.26,26.50,73.50,1.00,1.00,10171.94,7895.61,7900.61,10186.94,26,73,73,26,61188.74,61127.63,,
2026-06-10T16:46:44+08:00,btc-updown-5m-1781081100,https://polymarket.com/zh/event/btc-updown-5m-1781081100,16:45-16:50,28.00,73.00,27.00,72.00,1610.48,68.56,8.99,1368.80,27.50,72.50,1.00,1.00,9886.94,7900.61,7895.61,9986.94,27,72,72,27,61188.74,61130.00,,
2026-06-10T16:46:46+08:00,btc-updown-5m-1781081100,https://polymarket.com/zh/event/btc-updown-5m-1781081100,16:45-16:50,30.00,71.00,29.00,70.00,41.51,1304.62,497.90,5.80,29.50,70.50,1.00,1.00,10301.94,7915.61,7920.61,9601.94,29,70,70,29,61188.74,61134.39,,
2026-06-10T16:46:48+08:00,btc-updown-5m-1781081100,https://polymarket.com/zh/event/btc-updown-5m-1781081100,16:45-16:50,31.00,70.00,30.00,69.00,837.29,510.23,613.05,905.42,30.50,69.50,1.00,1.00,10260.27,7920.61,7900.62,10345.27,30,69,69,30,61188.74,61142.57,,
2026-06-10T16:46:50+08:00,btc-updown-5m-1781081100,https://polymarket.com/zh/event/btc-updown-5m-1781081100,16:45-16:50,27.00,74.00,26.00,73.00,317.30,1314.66,1129.64,254.97,26.50,73.50,1.00,1.00,10110.27,7920.61,7915.61,9410.27,26,73,73,26,61188.74,61135.55,,
2026-06-10T16:46:52+08:00,btc-updown-5m-1781081100,https://polymarket.com/zh/event/btc-updown-5m-1781081100,16:45-16:50,32.00,69.00,31.00,68.00,174.58,53.00,48.00,103.67,31.50,68.50,1.00,1.00,9506.94,7900.62,7900.62,9506.94,31,68,68,31,61188.74,61162.78,,
2026-06-10T16:46:54+08:00,btc-updown-5m-1781081100,https://polymarket.com/zh/event/btc-updown-5m-1781081100,16:45-16:50,38.00,64.00,37.00,63.00,256.97,40.19,40.54,34.41,37.50,63.50,1.00,1.00,10679.44,7930.62,7920.61,10679.44,36,62,63,36,61188.74,61147.32,,
2026-06-10T16:46:55+08:00,btc-updown-5m-1781081100,https://polymarket.com/zh/event/btc-updown-5m-1781081100,16:45-16:50,37.00,64.00,36.00,63.00,1228.19,13.93,23.93,1174.56,36.50,63.50,1.00,1.00,10354.44,7905.61,7910.61,10354.44,36,63,63,36,61188.74,61147.31,,
2026-06-10T16:46:57+08:00,btc-updown-5m-1781081100,https://polymarket.com/zh/event/btc-updown-5m-1781081100,16:45-16:50,42.00,59.00,41.00,58.00,545.57,776.45,379.93,44.51,41.50,58.50,1.00,1.00,10022.44,7995.62,7990.61,9632.44,41,58,58,41,61188.74,61154.96,,
2026-06-10T16:46:59+08:00,btc-updown-5m-1781081100,https://polymarket.com/zh/event/btc-updown-5m-1781081100,16:45-16:50,45.00,56.00,44.00,55.00,414.40,1056.75,928.52,384.40,44.50,55.50,1.00,1.00,9439.78,7920.62,7915.61,10032.28,44,55,55,44,61188.74,61165.29,,
2026-06-10T16:47:01+08:00,btc-updown-5m-1781081100,https://polymarket.com/zh/event/btc-updown-5m-1781081100,16:45-16:50,49.00,52.00,48.00,51.00,445.84,683.95,702.96,445.84,48.50,51.50,1.00,1.00,9374.18,8494.61,8504.62,9374.18,48,51,51,48,61188.74,61173.99,,
2026-06-10T16:47:03+08:00,btc-updown-5m-1781081100,https://polymarket.com/zh/event/btc-updown-5m-1781081100,16:45-16:50,46.00,55.00,45.00,54.00,542.03,820.82,829.64,582.03,45.50,54.50,1.00,1.00,9358.51,8055.61,8045.61,9359.56,45,54,54,45,61188.74,61169.42,,
2026-06-10T16:47:05+08:00,btc-updown-5m-1781081100,https://polymarket.com/zh/event/btc-updown-5m-1781081100,16:45-16:50,44.00,57.00,43.00,56.00,363.50,161.70,226.31,719.00,43.50,56.50,1.00,1.00,9251.90,7775.61,7795.62,9259.40,43,56,56,43,61188.74,61157.04,,
2026-06-10T16:47:07+08:00,btc-updown-5m-1781081100,https://polymarket.com/zh/event/btc-updown-5m-1781081100,16:45-16:50,38.00,64.00,37.00,62.00,50.00,42.93,15.13,50.00,37.50,63.00,1.00,2.00,9506.06,7789.61,7789.61,9506.06,37,62,62,36,61188.74,61157.04,,
2026-06-10T16:47:09+08:00,btc-updown-5m-1781081100,https://polymarket.com/zh/event/btc-updown-5m-1781081100,16:45-16:50,34.00,67.00,33.00,66.00,999.94,311.22,326.05,946.94,33.50,66.50,1.00,1.00,9398.73,7860.61,7860.61,9498.73,33,66,66,33,61188.74,61144.65,,
2026-06-10T16:47:11+08:00,btc-updown-5m-1781081100,https://polymarket.com/zh/event/btc-updown-5m-1781081100,16:45-16:50,34.00,67.00,33.00,66.00,308.45,868.38,840.61,271.50,33.50,66.50,1.00,1.00,9529.73,7841.62,7686.61,9359.73,33,66,66,33,61188.74,61148.78,,
2026-06-10T16:47:13+08:00,btc-updown-5m-1781081100,https://polymarket.com/zh/event/btc-updown-5m-1781081100,16:45-16:50,37.00,64.00,36.00,63.00,207.02,801.95,566.39,217.01,36.50,63.50,1.00,1.00,9486.07,7707.63,7712.64,9486.07,36,63,63,36,61188.74,61152.01,,
2026-06-10T16:47:14+08:00,btc-updown-5m-1781081100,https://polymarket.com/zh/event/btc-updown-5m-1781081100,16:45-16:50,36.00,65.00,35.00,64.00,1154.41,25.49,41.00,1195.08,35.50,64.50,1.00,1.00,9570.07,7701.63,7696.63,9570.07,35,64,64,35,61188.74,61152.90,,
2026-06-10T16:47:16+08:00,btc-updown-5m-1781081100,https://polymarket.com/zh/event/btc-updown-5m-1781081100,16:45-16:50,33.00,68.00,32.00,67.00,528.73,420.44,425.46,717.73,32.50,67.50,1.00,1.00,9498.73,7712.63,7722.63,9598.73,32,67,67,32,61188.74,61142.01,,
2026-06-10T16:47:18+08:00,btc-updown-5m-1781081100,https://polymarket.com/zh/event/btc-updown-5m-1781081100,16:45-16:50,39.00,62.00,38.00,61.00,864.38,165.22,161.84,865.63,38.50,61.50,1.00,1.00,9414.73,7718.63,7728.64,9414.73,38,61,61,38,61188.74,61159.99,,
2026-06-10T16:47:20+08:00,btc-updown-5m-1781081100,https://polymarket.com/zh/event/btc-updown-5m-1781081100,16:45-16:50,38.00,63.00,37.00,62.00,277.55,856.00,869.00,237.55,37.50,62.50,1.00,1.00,9363.73,7697.63,7697.63,9363.73,37,62,62,37,61188.74,61154.37,,
2026-06-10T16:47:22+08:00,btc-updown-5m-1781081100,https://polymarket.com/zh/event/btc-updown-5m-1781081100,16:45-16:50,42.00,62.00,41.00,59.00,41.00,89.61,34.30,151.56,41.50,60.50,1.00,3.00,9220.07,7706.63,7696.63,9220.07,41,58,59,38,61188.74,61160.00,,
2026-06-10T16:47:24+08:00,btc-updown-5m-1781081100,https://polymarket.com/zh/event/btc-updown-5m-1781081100,16:45-16:50,39.00,61.00,38.00,60.00,66.76,161.02,741.48,16.02,38.50,60.50,1.00,1.00,9233.73,7707.64,7697.63,9333.73,38,61,60,39,61188.74,61160.82,,
2026-06-10T16:47:26+08:00,btc-updown-5m-1781081100,https://polymarket.com/zh/event/btc-updown-5m-1781081100,16:45-16:50,40.00,61.00,39.00,60.00,1133.60,5.08,6.72,1075.09,39.50,60.50,1.00,1.00,9454.73,7723.63,7723.63,9524.73,38,60,60,38,61188.74,61159.58,,
2026-06-10T16:47:28+08:00,btc-updown-5m-1781081100,https://polymarket.com/zh/event/btc-updown-5m-1781081100,16:45-16:50,34.00,67.00,33.00,66.00,813.91,30.50,57.00,776.27,33.50,66.50,1.00,1.00,9475.81,7887.63,7897.63,9475.81,33,66,66,33,61188.74,61144.65,,
2026-06-10T16:47:30+08:00,btc-updown-5m-1781081100,https://polymarket.com/zh/event/btc-updown-5m-1781081100,16:45-16:50,28.00,73.00,27.00,72.00,151.03,261.59,114.81,321.29,27.50,72.50,1.00,1.00,9492.47,7811.63,7721.64,9092.47,27,72,72,27,61188.74,61136.39,,
2026-06-10T16:47:31+08:00,btc-updown-5m-1781081100,https://polymarket.com/zh/event/btc-updown-5m-1781081100,16:45-16:50,32.00,69.00,31.00,68.00,55.26,1349.75,1237.75,55.26,31.50,68.50,1.00,1.00,9807.04,7602.63,7607.63,9807.04,31,68,68,31,61188.74,61148.25,,
2026-06-10T16:47:33+08:00,btc-updown-5m-1781081100,https://polymarket.com/zh/event/btc-updown-5m-1781081100,16:45-16:50,32.00,69.00,31.00,68.00,891.37,326.50,15.00,755.09,31.50,68.50,1.00,1.00,9729.15,7602.63,7608.63,9835.15,31,68,68,31,61188.74,61151.32,,
2026-06-10T16:47:35+08:00,btc-updown-5m-1781081100,https://polymarket.com/zh/event/btc-updown-5m-1781081100,16:45-16:50,32.00,69.00,31.00,68.00,247.55,918.34,746.37,91.02,31.50,68.50,1.00,1.00,9537.15,7617.63,7612.63,9537.15,31,68,68,31,61188.74,61149.02,,
2026-06-10T16:47:37+08:00,btc-updown-5m-1781081100,https://polymarket.com/zh/event/btc-updown-5m-1781081100,16:45-16:50,32.00,69.00,31.00,68.00,60.77,711.04,801.37,110.77,31.50,68.50,1.00,1.00,9543.15,7623.63,7618.63,9543.15,31,68,68,31,61188.74,61149.10,,
2026-06-10T16:47:39+08:00,btc-updown-5m-1781081100,https://polymarket.com/zh/event/btc-updown-5m-1781081100,16:45-16:50,32.00,69.00,31.00,68.00,5.02,1133.17,1199.76,15.02,31.50,68.50,1.00,1.00,9334.15,7614.63,7624.63,9349.15,31,68,68,31,61188.74,61149.10,,
2026-06-10T16:47:41+08:00,btc-updown-5m-1781081100,https://polymarket.com/zh/event/btc-updown-5m-1781081100,16:45-16:50,37.00,63.00,36.00,62.00,11.61,242.87,1033.60,195.00,36.50,62.50,1.00,1.00,9242.58,7614.63,7609.63,9352.58,36,63,62,37,61188.74,61149.10,,
2026-06-10T16:47:43+08:00,btc-updown-5m-1781081100,https://polymarket.com/zh/event/btc-updown-5m-1781081100,16:45-16:50,40.00,61.00,39.00,60.00,856.09,178.90,243.92,842.09,39.50,60.50,1.00,1.00,9467.66,7609.63,7614.63,9467.66,39,60,60,39,61188.74,61157.03,,
2026-06-10T16:47:45+08:00,btc-updown-5m-1781081100,https://polymarket.com/zh/event/btc-updown-5m-1781081100,16:45-16:50,42.00,59.00,41.00,58.00,240.02,1541.93,144.00,5.00,41.50,58.50,1.00,1.00,9340.66,7591.63,7591.63,9415.66,41,58,58,41,61188.74,61157.04,,
2026-06-10T16:47:47+08:00,btc-updown-5m-1781081100,https://polymarket.com/zh/event/btc-updown-5m-1781081100,16:45-16:50,46.00,55.00,45.00,54.00,50.44,1124.40,593.52,7.00,45.50,54.50,1.00,1.00,9506.66,8037.63,8212.63,9506.66,45,54,53,45,61188.74,61178.00,,
2026-06-10T16:47:49+08:00,btc-updown-5m-1781081100,https://polymarket.com/zh/event/btc-updown-5m-1781081100,16:45-16:50,48.00,53.00,47.00,52.00,1073.73,137.83,147.83,1069.77,47.50,52.50,1.00,1.00,9342.66,8393.63,8493.63,9475.99,47,52,52,47,61188.74,61177.99,,
2026-06-10T16:47:51+08:00,btc-updown-5m-1781081100,https://polymarket.com/zh/event/btc-updown-5m-1781081100,16:45-16:50,48.00,53.00,47.00,52.00,1203.46,70.05,16.00,1114.29,47.50,52.50,1.00,1.00,9354.99,8302.63,8117.64,9359.99,47,52,52,46,61188.74,61173.27,,
2026-06-10T16:47:53+08:00,btc-updown-5m-1781081100,https://polymarket.com/zh/event/btc-updown-5m-1781081100,16:45-16:50,45.00,56.00,44.00,55.00,614.40,680.89,183.50,349.16,44.50,55.50,1.00,1.00,9718.99,7971.63,8471.63,9518.99,44,55,55,44,61188.74,61174.13,,
2026-06-10T16:47:55+08:00,btc-updown-5m-1781081100,https://polymarket.com/zh/event/btc-updown-5m-1781081100,16:45-16:50,47.00,54.00,46.00,53.00,52.00,946.81,277.02,10.00,46.50,53.50,1.00,1.00,9554.99,8472.63,8512.64,9354.99,46,53,53,46,61188.74,61174.13,,
2026-06-10T16:47:56+08:00,btc-updown-5m-1781081100,https://polymarket.com/zh/event/btc-updown-5m-1781081100,16:45-16:50,48.00,53.00,47.00,52.00,1105.92,57.13,17.13,1347.28,47.50,52.50,1.00,1.00,9492.99,8123.63,8328.63,9592.99,47,52,52,47,61188.74,61174.13,,
2026-06-10T16:47:58+08:00,btc-updown-5m-1781081100,https://polymarket.com/zh/event/btc-updown-5m-1781081100,16:45-16:50,48.00,53.00,47.00,52.00,119.64,977.91,898.53,75.75,47.50,52.50,1.00,1.00,9656.99,8587.63,8572.63,9741.99,47,52,52,47,61188.74,61174.13,,
2026-06-10T16:48:00+08:00,btc-updown-5m-1781081100,https://polymarket.com/zh/event/btc-updown-5m-1781081100,16:45-16:50,45.00,56.00,44.00,55.00,69.19,963.55,705.61,182.29,44.50,55.50,1.00,1.00,9345.99,8151.64,8151.63,9345.99,44,55,55,44,61188.74,61174.14,,
2026-06-10T16:48:02+08:00,btc-updown-5m-1781081100,https://polymarket.com/zh/event/btc-updown-5m-1781081100,16:45-16:50,46.00,55.00,45.00,54.00,81.07,1076.38,1120.50,81.07,45.50,54.50,1.00,1.00,9099.99,8182.63,8187.64,9099.99,45,54,54,45,61188.74,61177.33,,
2026-06-10T16:48:04+08:00,btc-updown-5m-1781081100,https://polymarket.com/zh/event/btc-updown-5m-1781081100,16:45-16:50,44.00,57.00,43.00,56.00,817.99,10.00,10.00,1229.98,43.50,56.50,1.00,1.00,9169.99,8002.64,7803.64,9269.99,43,56,56,43,61188.74,61177.33,,
2026-06-10T16:48:06+08:00,btc-updown-5m-1781081100,https://polymarket.com/zh/event/btc-updown-5m-1781081100,16:45-16:50,44.00,57.00,43.00,56.00,454.06,395.25,493.25,448.06,43.50,56.50,1.00,1.00,9014.99,7749.77,7744.77,9114.99,43,56,56,43,61188.74,61177.33,,
2026-06-10T16:48:08+08:00,btc-updown-5m-1781081100,https://polymarket.com/zh/event/btc-updown-5m-1781081100,16:45-16:50,44.00,57.00,43.00,56.00,15.00,1704.76,930.43,55.00,43.50,56.50,1.00,1.00,8993.99,7953.77,8573.78,8998.99,43,56,54,43,61188.74,61174.13,,
2026-06-10T16:48:10+08:00,btc-updown-5m-1781081100,https://polymarket.com/zh/event/btc-updown-5m-1781081100,16:45-16:50,48.00,53.00,47.00,52.00,1020.84,3.00,8.00,959.79,47.50,52.50,1.00,1.00,9179.99,8574.77,8374.77,9179.99,47,52,52,47,61188.74,61184.88,,
2026-06-10T16:48:12+08:00,btc-updown-5m-1781081100,https://polymarket.com/zh/event/btc-updown-5m-1781081100,16:45-16:50,43.00,58.00,42.00,57.00,433.13,382.56,364.72,733.39,42.50,57.50,1.00,1.00,9364.99,7729.77,7745.77,9000.99,42,57,57,42,61188.74,61174.13,,
2026-06-10T16:48:14+08:00,btc-updown-5m-1781081100,https://polymarket.com/zh/event/btc-updown-5m-1781081100,16:45-16:50,42.00,59.00,41.00,58.00,50.00,20.00,20.00,133.00,41.50,58.50,1.00,1.00,9110.49,7709.77,7559.77,9010.49,41,58,58,40,61188.74,61169.43,,
2026-06-10T16:48:16+08:00,btc-updown-5m-1781081100,https://polymarket.com/zh/event/btc-updown-5m-1781081100,16:45-16:50,25.00,76.00,24.00,75.00,665.71,52.36,28.94,880.21,24.50,75.50,1.00,1.00,9131.99,7568.77,7568.77,9231.99,24,75,75,24,61188.74,61143.99,,
2026-06-10T16:48:17+08:00,btc-updown-5m-1781081100,https://polymarket.com/zh/event/btc-updown-5m-1781081100,16:45-16:50,27.00,74.00,26.00,73.00,6.29,1092.51,820.99,6.29,26.50,73.50,1.00,1.00,9446.91,7744.77,7749.77,9446.91,26,73,73,26,61188.74,61144.00,,
2026-06-10T16:48:19+08:00,btc-updown-5m-1781081100,https://polymarket.com/zh/event/btc-updown-5m-1781081100,16:45-16:50,32.00,68.00,31.00,67.00,426.17,110.02,711.18,316.00,31.50,67.50,1.00,1.00,9238.58,7552.63,7572.64,9253.58,31,68,67,32,61188.74,61152.90,,
2026-06-10T16:48:21+08:00,btc-updown-5m-1781081100,https://polymarket.com/zh/event/btc-updown-5m-1781081100,16:45-16:50,37.00,64.00,36.00,63.00,983.94,178.32,366.82,797.74,36.50,63.50,1.00,1.00,8896.90,7005.93,7000.92,8887.98,36,63,63,36,61188.74,61157.04,,
2026-06-10T16:48:23+08:00,btc-updown-5m-1781081100,https://polymarket.com/zh/event/btc-updown-5m-1781081100,16:45-16:50,36.00,70.00,35.00,66.00,751.88,66.67,319.82,158.00,35.50,68.00,1.00,4.00,8932.15,6994.92,6994.92,8932.15,35,64,66,30,61188.74,61161.16,,
2026-06-10T16:48:25+08:00,btc-updown-5m-1781081100,https://polymarket.com/zh/event/btc-updown-5m-1781081100,16:45-16:50,30.00,71.00,29.00,70.00,108.49,670.75,917.75,130.15,29.50,70.50,1.00,1.00,8838.15,7005.92,7000.92,8938.15,29,70,70,29,61188.74,61157.03,,
2026-06-10T16:48:27+08:00,btc-updown-5m-1781081100,https://polymarket.com/zh/event/btc-updown-5m-1781081100,16:45-16:50,30.00,71.00,29.00,70.00,826.99,77.22,290.19,1016.46,29.50,70.50,1.00,1.00,8638.15,7010.92,7015.92,8653.15,29,70,70,29,61188.74,61154.40,,
2026-06-10T16:48:29+08:00,btc-updown-5m-1781081100,https://polymarket.com/zh/event/btc-updown-5m-1781081100,16:45-16:50,28.00,76.00,25.00,75.00,1309.53,297.30,20.66,16.34,26.50,75.50,3.00,1.00,8653.15,7025.92,7025.92,8653.15,25,72,75,24,61188.74,61153.06,,
2026-06-10T16:48:31+08:00,btc-updown-5m-1781081100,https://polymarket.com/zh/event/btc-updown-5m-1781081100,16:45-16:50,23.00,78.00,22.00,77.00,455.16,5.00,204.88,1098.48,22.50,77.50,1.00,1.00,8507.92,6989.92,6979.93,8535.15,22,77,77,22,61188.74,61142.57,,
2026-06-10T16:48:33+08:00,btc-updown-5m-1781081100,https://polymarket.com/zh/event/btc-updown-5m-1781081100,16:45-16:50,17.00,84.00,16.00,83.00,740.49,114.02,120.48,673.66,16.50,83.50,1.00,1.00,10787.83,7000.92,6990.92,11122.83,16,83,83,16,61188.74,61130.12,,
2026-06-10T16:48:35+08:00,btc-updown-5m-1781081100,https://polymarket.com/zh/event/btc-updown-5m-1781081100,16:45-16:50,16.00,86.00,15.00,85.00,496.65,532.76,282.92,223.83,15.50,85.50,1.00,1.00,10983.79,12000.92,12000.93,11068.79,15,84,85,14,61188.74,61132.92,,
2026-06-10T16:48:36+08:00,btc-updown-5m-1781081100,https://polymarket.com/zh/event/btc-updown-5m-1781081100,16:45-16:50,16.00,85.00,15.00,84.00,742.49,132.39,148.64,593.38,15.50,84.50,1.00,1.00,12090.79,13265.92,13255.92,12035.79,15,84,84,15,61188.74,61128.44,,
2026-06-10T16:48:38+08:00,btc-updown-5m-1781081100,https://polymarket.com/zh/event/btc-updown-5m-1781081100,16:45-16:50,15.00,86.00,14.00,85.00,86.61,331.08,110.02,261.40,14.50,85.50,1.00,1.00,12035.79,13534.92,13554.92,12150.79,14,85,85,14,61188.74,61128.44,,
2026-06-10T16:48:40+08:00,btc-updown-5m-1781081100,https://polymarket.com/zh/event/btc-updown-5m-1781081100,16:45-16:50,15.00,86.00,14.00,85.00,623.02,186.44,203.44,635.02,14.50,85.50,1.00,1.00,12625.77,13555.92,13550.92,12625.77,14,85,85,14,61188.74,61128.44,,
2026-06-10T16:48:42+08:00,btc-updown-5m-1781081100,https://polymarket.com/zh/event/btc-updown-5m-1781081100,16:45-16:50,14.00,87.00,13.00,86.00,132.35,381.66,404.41,86.35,13.50,86.50,1.00,1.00,12236.77,13860.92,13845.92,12121.77,13,86,86,13,61188.74,61132.44,,
2026-06-10T16:48:44+08:00,btc-updown-5m-1781081100,https://polymarket.com/zh/event/btc-updown-5m-1781081100,16:45-16:50,17.00,84.00,16.00,83.00,1028.28,71.41,82.37,1185.90,16.50,83.50,1.00,1.00,12451.77,13862.81,13877.81,11656.82,16,83,83,16,61188.74,61136.03,,
2026-06-10T16:48:46+08:00,btc-updown-5m-1781081100,https://polymarket.com/zh/event/btc-updown-5m-1781081100,16:45-16:50,12.00,89.00,11.00,88.00,386.40,668.24,743.64,381.40,11.50,88.50,1.00,1.00,11269.77,13871.81,13859.92,11201.77,11,88,88,11,61188.74,61133.08,,
2026-06-10T16:48:48+08:00,btc-updown-5m-1781081100,https://polymarket.com/zh/event/btc-updown-5m-1781081100,16:45-16:50,11.00,90.00,10.00,89.00,640.10,40.00,222.85,636.67,10.50,89.50,1.00,1.00,10693.41,13769.92,13754.92,9784.08,10,89,89,10,61188.74,61128.44,,
2026-06-10T16:48:50+08:00,btc-updown-5m-1781081100,https://polymarket.com/zh/event/btc-updown-5m-1781081100,16:45-16:50,8.00,93.00,7.00,92.00,398.13,811.44,808.90,380.13,7.50,92.50,1.00,1.00,10640.18,13764.92,13769.93,10708.00,7,92,92,7,61188.74,61120.16,,
2026-06-10T16:48:52+08:00,btc-updown-5m-1781081100,https://polymarket.com/zh/event/btc-updown-5m-1781081100,16:45-16:50,9.00,92.00,8.00,91.00,703.56,112.81,130.00,765.34,8.50,91.50,1.00,1.00,10653.96,13761.92,13756.92,10696.49,8,91,91,8,61188.74,61119.90,,
2026-06-10T16:48:54+08:00,btc-updown-5m-1781081100,https://polymarket.com/zh/event/btc-updown-5m-1781081100,16:45-16:50,7.00,94.00,6.00,93.00,547.24,430.48,455.73,785.78,6.50,93.50,1.00,1.00,9135.54,13744.92,13749.92,9132.99,6,93,93,6,61188.74,61119.90,,
2026-06-10T16:48:55+08:00,btc-updown-5m-1781081100,https://polymarket.com/zh/event/btc-updown-5m-1781081100,16:45-16:50,6.00,95.00,5.00,94.00,1031.70,33.50,105.31,1016.64,5.50,94.50,1.00,1.00,9671.41,13704.93,13694.92,8945.86,5,94,94,5,61188.74,61118.89,,
2026-06-10T16:48:57+08:00,btc-updown-5m-1781081100,https://polymarket.com/zh/event/btc-updown-5m-1781081100,16:45-16:50,5.00,96.00,4.00,95.00,729.30,112.39,65.34,449.52,4.50,95.50,1.00,1.00,7630.50,13639.92,13649.93,7583.23,4,95,95,4,61188.74,61112.32,,
2026-06-10T16:48:59+08:00,btc-updown-5m-1781081100,https://polymarket.com/zh/event/btc-updown-5m-1781081100,16:45-16:50,5.00,96.00,4.00,95.00,54.79,1222.53,1085.47,39.79,4.50,95.50,1.00,1.00,9175.73,13651.92,13651.92,9005.97,4,95,95,4,61188.74,61116.91,,
2026-06-10T16:49:01+08:00,btc-updown-5m-1781081100,https://polymarket.com/zh/event/btc-updown-5m-1781081100,16:45-16:50,8.00,93.00,7.00,92.00,245.34,368.90,255.91,256.36,7.50,92.50,1.00,1.00,8664.87,15034.92,15044.93,9750.81,7,92,92,7,61188.74,61123.57,,
2026-06-10T16:49:03+08:00,btc-updown-5m-1781081100,https://polymarket.com/zh/event/btc-updown-5m-1781081100,16:45-16:50,6.00,95.00,5.00,94.00,439.13,108.26,125.85,443.75,5.50,94.50,1.00,1.00,9233.97,15039.92,15034.92,9033.08,5,94,94,5,61188.74,61126.00,,
2026-06-10T16:49:05+08:00,btc-updown-5m-1781081100,https://polymarket.com/zh/event/btc-updown-5m-1781081100,16:45-16:50,8.00,93.00,7.00,92.00,302.04,156.79,156.79,307.04,7.50,92.50,1.00,1.00,9518.72,15044.93,15039.92,9533.16,7,92,92,7,61188.74,61132.25,,
2026-06-10T16:49:07+08:00,btc-updown-5m-1781081100,https://polymarket.com/zh/event/btc-updown-5m-1781081100,16:45-16:50,6.00,95.00,5.00,94.00,66.00,215.37,332.38,66.00,5.50,94.50,1.00,1.00,9651.32,14854.92,15054.92,9191.59,5,94,94,5,61188.74,61132.25,,
2026-06-10T16:49:09+08:00,btc-updown-5m-1781081100,https://polymarket.com/zh/event/btc-updown-5m-1781081100,16:45-16:50,5.00,96.00,4.00,95.00,134.82,779.24,701.29,113.82,4.50,95.50,1.00,1.00,9110.62,15059.93,15054.92,9158.57,4,95,95,4,61188.74,61123.42,,
2026-06-10T16:49:11+08:00,btc-updown-5m-1781081100,https://polymarket.com/zh/event/btc-updown-5m-1781081100,16:45-16:50,7.00,94.00,6.00,93.00,60.97,215.83,244.83,60.97,6.50,93.50,1.00,1.00,8420.90,15054.92,15069.92,8385.90,6,93,93,6,61188.74,61128.00,,
2026-06-10T16:49:12+08:00,btc-updown-5m-1781081100,https://polymarket.com/zh/event/btc-updown-5m-1781081100,16:45-16:50,6.00,96.00,5.00,95.00,329.16,244.52,39.37,304.51,5.50,95.50,1.00,1.00,7083.63,15009.92,15014.92,7102.48,5,94,95,4,61188.74,61132.26,,
2026-06-10T16:49:14+08:00,btc-updown-5m-1781081100,https://polymarket.com/zh/event/btc-updown-5m-1781081100,16:45-16:50,5.00,96.00,4.00,95.00,174.98,254.61,315.35,174.98,4.50,95.50,1.00,1.00,7636.92,15004.92,15014.92,7526.98,4,95,95,4,61188.74,61128.00,,
2026-06-10T16:49:16+08:00,btc-updown-5m-1781081100,https://polymarket.com/zh/event/btc-updown-5m-1781081100,16:45-16:50,4.00,97.00,3.00,96.00,120.50,661.21,557.21,294.94,3.50,96.50,1.00,1.00,6504.99,14974.92,14974.93,6978.17,3,96,96,3,61188.74,61134.00,,
2026-06-10T16:49:18+08:00,btc-updown-5m-1781081100,https://polymarket.com/zh/event/btc-updown-5m-1781081100,16:45-16:50,4.00,97.00,3.00,96.00,290.63,599.75,607.73,258.67,3.50,96.50,1.00,1.00,7034.26,14921.92,14936.92,7352.93,3,96,96,3,61188.74,61126.00,,
2026-06-10T16:49:20+08:00,btc-updown-5m-1781081100,https://polymarket.com/zh/event/btc-updown-5m-1781081100,16:45-16:50,4.00,96.00,3.00,95.00,45.08,106.64,716.63,7.10,3.50,95.50,1.00,1.00,7493.41,14903.58,14938.58,8316.15,3,96,95,4,61188.74,61134.28,,
2026-06-10T16:49:22+08:00,btc-updown-5m-1781081100,https://polymarket.com/zh/event/btc-updown-5m-1781081100,16:45-16:50,8.00,93.00,7.00,92.00,14.99,641.98,528.68,25.19,7.50,92.50,1.00,1.00,8131.36,14918.58,14903.58,8152.04,7,92,92,7,61188.74,61136.38,,
2026-06-10T16:49:24+08:00,btc-updown-5m-1781081100,https://polymarket.com/zh/event/btc-updown-5m-1781081100,16:45-16:50,15.00,86.00,14.00,85.00,235.03,517.18,314.33,268.09,14.50,85.50,1.00,1.00,14276.09,14898.58,14923.59,14291.09,14,85,85,14,61188.74,61136.39,,
2026-06-10T16:49:26+08:00,btc-updown-5m-1781081100,https://polymarket.com/zh/event/btc-updown-5m-1781081100,16:45-16:50,15.00,86.00,14.00,85.00,158.80,1100.31,688.00,158.80,14.50,85.50,1.00,1.00,8271.85,14898.58,14918.58,14395.13,14,85,85,14,61188.74,61157.03,,
2026-06-10T16:49:28+08:00,btc-updown-5m-1781081100,https://polymarket.com/zh/event/btc-updown-5m-1781081100,16:45-16:50,8.00,94.00,7.00,93.00,35.00,279.10,186.12,243.05,7.50,93.50,1.00,1.00,7549.85,14913.58,14923.60,7491.43,7,92,93,6,61188.74,61163.15,,
2026-06-10T16:49:29+08:00,btc-updown-5m-1781081100,https://polymarket.com/zh/event/btc-updown-5m-1781081100,16:45-16:50,6.00,95.00,5.00,94.00,109.83,397.94,444.94,94.83,5.50,94.50,1.00,1.00,7965.83,14923.59,14903.58,7866.33,5,94,94,5,61188.74,61148.78,,
2026-06-10T16:49:31+08:00,btc-updown-5m-1781081100,https://polymarket.com/zh/event/btc-updown-5m-1781081100,16:45-16:50,9.00,92.00,8.00,91.00,747.93,21.85,1.85,787.57,8.50,91.50,1.00,1.00,6908.23,13839.69,13854.70,6883.23,8,91,91,8,61188.74,61148.79,,
2026-06-10T16:49:33+08:00,btc-updown-5m-1781081100,https://polymarket.com/zh/event/btc-updown-5m-1781081100,16:45-16:50,6.00,95.00,5.00,94.00,155.27,740.38,618.24,86.80,5.50,94.50,1.00,1.00,7270.15,13839.69,13839.69,7431.30,5,93,93,5,61188.74,61152.00,,
2026-06-10T16:49:35+08:00,btc-updown-5m-1781081100,https://polymarket.com/zh/event/btc-updown-5m-1781081100,16:45-16:50,10.00,91.00,9.00,90.00,7.00,532.13,664.20,7.00,9.50,90.50,1.00,1.00,6426.35,13247.70,13247.70,6476.35,9,90,90,9,61188.74,61157.03,,
2026-06-10T16:49:37+08:00,btc-updown-5m-1781081100,https://polymarket.com/zh/event/btc-updown-5m-1781081100,16:45-16:50,7.00,95.00,6.00,94.00,369.64,482.34,35.85,352.99,6.50,94.50,1.00,1.00,6398.28,13252.71,13242.70,6360.51,6,93,94,5,61188.74,61157.03,,
2026-06-10T16:49:39+08:00,btc-updown-5m-1781081100,https://polymarket.com/zh/event/btc-updown-5m-1781081100,16:45-16:50,4.00,97.00,3.00,96.00,417.84,292.60,272.60,409.84,3.50,96.50,1.00,1.00,5515.67,13242.70,13257.71,5599.44,3,96,96,3,61188.74,61144.65,,
2026-06-10T16:49:41+08:00,btc-updown-5m-1781081100,https://polymarket.com/zh/event/btc-updown-5m-1781081100,16:45-16:50,4.00,97.00,3.00,96.00,150.77,517.92,517.92,161.28,3.50,96.50,1.00,1.00,6265.34,13268.20,13258.20,6260.34,3,96,96,3,61188.74,61144.65,,
2026-06-10T16:49:43+08:00,btc-updown-5m-1781081100,https://polymarket.com/zh/event/btc-updown-5m-1781081100,16:45-16:50,4.00,97.00,3.00,96.00,176.46,195.42,175.42,116.02,3.50,96.50,1.00,1.00,5484.41,13263.20,13258.20,5504.41,3,96,96,3,61188.74,61153.55,,
2026-06-10T16:49:45+08:00,btc-updown-5m-1781081100,https://polymarket.com/zh/event/btc-updown-5m-1781081100,16:45-16:50,7.00,94.00,6.00,93.00,556.81,15.61,37.25,449.49,6.50,93.50,1.00,1.00,5740.33,13263.20,12954.60,5393.23,6,93,93,6,61188.74,61157.03,,
2026-06-10T16:49:47+08:00,btc-updown-5m-1781081100,https://polymarket.com/zh/event/btc-updown-5m-1781081100,16:45-16:50,4.00,97.00,3.00,96.00,225.93,188.00,264.16,654.49,3.50,96.50,1.00,1.00,5096.10,12814.60,12824.61,4828.91,3,96,96,3,61188.74,61157.03,,
2026-06-10T16:49:48+08:00,btc-updown-5m-1781081100,https://polymarket.com/zh/event/btc-updown-5m-1781081100,16:45-16:50,3.00,98.00,2.00,97.00,80.96,298.48,467.00,198.14,2.50,97.50,1.00,1.00,5059.68,12623.94,12628.94,4868.10,2,65,63,2,61188.74,61153.55,,
2026-06-10T16:49:50+08:00,btc-updown-5m-1781081100,https://polymarket.com/zh/event/btc-updown-5m-1781081100,16:45-16:50,6.00,95.00,5.00,94.00,12.50,455.34,364.36,12.50,5.50,94.50,1.00,1.00,3346.93,12363.95,12378.94,3482.91,5,60,59,5,61188.74,61156.01,,
2026-06-10T16:49:52+08:00,btc-updown-5m-1781081100,https://polymarket.com/zh/event/btc-updown-5m-1781081100,16:45-16:50,3.00,98.00,2.00,97.00,249.24,400.14,388.14,254.24,2.50,97.50,1.00,1.00,3135.15,12313.94,12318.95,3197.15,2,58,59,2,61188.74,61165.30,,
2026-06-10T16:49:54+08:00,btc-updown-5m-1781081100,https://polymarket.com/zh/event/btc-updown-5m-1781081100,16:45-16:50,2.00,99.00,1.00,98.00,450.92,2137.86,2150.86,450.92,1.50,98.50,1.00,1.00,2150.86,12313.94,12313.94,2137.86,1,62,63,1,61188.74,61168.81,,
2026-06-10T16:49:56+08:00,btc-updown-5m-1781081100,https://polymarket.com/zh/event/btc-updown-5m-1781081100,16:45-16:50,8.00,94.00,7.00,93.00,891.01,10.00,11.06,721.13,7.50,93.50,1.00,1.00,2050.63,13265.03,13260.02,1997.45,6,56,56,6,61188.74,61174.30,,
2026-06-10T16:49:58+08:00,btc-updown-5m-1781081100,https://polymarket.com/zh/event/btc-updown-5m-1781081100,16:45-16:50,2.00,,1.00,99.00,400.48,,960.68,1642.97,1.50,,1.00,,960.68,12345.02,12340.02,,1,61,61,0,61188.74,61179.59,,
2026-06-10T16:50:00+08:00,btc-updown-5m-1781081100,https://polymarket.com/zh/event/btc-updown-5m-1781081100,16:45-16:50,1.00,,,99.00,94152.27,,,94545.26,,,,,,8004.03,8271.02,,0,64,51,0,61188.74,61180.11,,
2026-06-10T16:50:02+08:00,btc-updown-5m-1781081400,https://polymarket.com/zh/event/btc-updown-5m-1781081400,16:50-16:55,58.00,43.00,57.00,42.00,151.69,540.74,488.74,277.56,57.50,42.50,1.00,1.00,97073.61,97612.63,97682.63,97157.62,57,41,42,57,61177.55,61185.95,,
2026-06-10T16:50:04+08:00,btc-updown-5m-1781081400,https://polymarket.com/zh/event/btc-updown-5m-1781081400,16:50-16:55,58.00,43.00,57.00,42.00,705.69,78.67,86.00,674.69,57.50,42.50,1.00,1.00,97242.61,99023.63,99028.63,97237.61,57,42,42,57,61177.55,61194.18,,
2026-06-10T16:50:06+08:00,btc-updown-5m-1781081400,https://polymarket.com/zh/event/btc-updown-5m-1781081400,16:50-16:55,59.00,42.00,58.00,41.00,183.53,611.71,552.27,127.30,58.50,41.50,1.00,1.00,97352.61,99168.63,99263.63,97357.61,58,41,41,58,61177.55,61196.02,,
2026-06-10T16:50:07+08:00,btc-updown-5m-1781081400,https://polymarket.com/zh/event/btc-updown-5m-1781081400,16:50-16:55,60.00,41.00,59.00,40.00,216.56,812.75,677.76,214.89,59.50,40.50,1.00,1.00,97397.61,99283.63,99278.63,97397.61,59,40,40,59,61177.55,61196.34,,
2026-06-10T16:50:09+08:00,btc-updown-5m-1781081400,https://polymarket.com/zh/event/btc-updown-5m-1781081400,16:50-16:55,62.00,38.00,61.00,37.00,10.43,898.19,1071.09,244.76,61.50,37.50,1.00,1.00,96607.61,98441.96,98451.96,96642.61,61,38,37,62,61177.55,61196.92,,
2026-06-10T16:50:11+08:00,btc-updown-5m-1781081400,https://polymarket.com/zh/event/btc-updown-5m-1781081400,16:50-16:55,63.00,38.00,62.00,37.00,21.00,1373.85,1344.56,16.00,62.50,37.50,1.00,1.00,96817.61,98446.96,98446.96,96832.62,62,37,37,62,61177.55,61202.46,,
2026-06-10T16:50:13+08:00,btc-updown-5m-1781081400,https://polymarket.com/zh/event/btc-updown-5m-1781081400,16:50-16:55,61.00,40.00,60.00,39.00,665.15,109.30,39.30,1164.07,60.50,39.50,1.00,1.00,96827.61,98446.96,98451.96,97322.61,60,39,39,60,61177.55,61202.47,,
2026-06-10T16:50:15+08:00,btc-updown-5m-1781081400,https://polymarket.com/zh/event/btc-updown-5m-1781081400,16:50-16:55,59.00,42.00,58.00,41.00,336.34,763.37,816.76,336.34,58.50,41.50,1.00,1.00,97382.61,98446.96,98446.96,97382.61,58,41,41,58,61177.55,61190.90,,
2026-06-10T16:50:17+08:00,btc-updown-5m-1781081400,https://polymarket.com/zh/event/btc-updown-5m-1781081400,16:50-16:55,59.00,42.00,58.00,41.00,593.53,197.13,69.94,501.75,58.50,41.50,1.00,1.00,90582.61,92311.96,92311.96,90577.61,58,41,41,58,61177.55,61190.90,,
2026-06-10T16:50:19+08:00,btc-updown-5m-1781081400,https://polymarket.com/zh/event/btc-updown-5m-1781081400,16:50-16:55,58.00,44.00,57.00,43.00,744.76,214.68,23.67,714.63,57.50,43.50,1.00,1.00,90684.61,92326.96,92326.96,91194.61,57,42,43,56,61177.55,61190.91,,
2026-06-10T16:50:21+08:00,btc-updown-5m-1781081400,https://polymarket.com/zh/event/btc-updown-5m-1781081400,16:50-16:55,54.00,47.00,53.00,46.00,883.51,582.10,264.00,506.79,53.50,46.50,1.00,1.00,83657.41,84056.76,84056.76,83457.41,53,46,46,53,61177.55,61177.69,,
2026-06-10T16:50:23+08:00,btc-updown-5m-1781081400,https://polymarket.com/zh/event/btc-updown-5m-1781081400,16:50-16:55,55.00,46.00,54.00,45.00,466.95,367.00,332.00,393.95,54.50,45.50,1.00,1.00,82890.01,84345.36,84345.36,82939.71,54,45,45,54,61177.55,61177.69,,
2026-06-10T16:50:25+08:00,btc-updown-5m-1781081400,https://polymarket.com/zh/event/btc-updown-5m-1781081400,16:50-16:55,54.00,47.00,53.00,46.00,119.02,952.67,957.67,124.02,53.50,46.50,1.00,1.00,83263.61,84690.65,84690.65,83758.61,53,46,46,53,61177.55,61177.69,,
2026-06-10T16:50:27+08:00,btc-updown-5m-1781081400,https://polymarket.com/zh/event/btc-updown-5m-1781081400,16:50-16:55,55.00,46.00,54.00,45.00,332.36,577.41,244.43,210.74,54.50,45.50,1.00,1.00,83543.30,84769.95,84769.95,83343.30,54,45,45,54,61177.55,61177.69,,
2026-06-10T16:50:29+08:00,btc-updown-5m-1781081400,https://polymarket.com/zh/event/btc-updown-5m-1781081400,16:50-16:55,57.00,44.00,56.00,43.00,152.03,1029.70,908.59,54.53,56.50,43.50,1.00,1.00,83893.00,84769.95,84837.65,83913.00,56,43,43,56,61177.55,61177.70,,
2026-06-10T16:50:31+08:00,btc-updown-5m-1781081400,https://polymarket.com/zh/event/btc-updown-5m-1781081400,16:50-16:55,62.00,39.00,61.00,38.00,19.04,1357.78,1174.39,7.42,61.50,38.50,1.00,1.00,83993.00,84892.35,73077.35,71383.00,61,38,38,61,61177.55,61188.01,,
2026-06-10T16:50:32+08:00,btc-updown-5m-1781081400,https://polymarket.com/zh/event/btc-updown-5m-1781081400,16:50-16:55,65.00,36.00,64.00,35.00,85.26,1387.97,1420.14,30.36,64.50,35.50,1.00,1.00,71506.93,73296.27,73296.27,71506.92,64,35,35,64,61177.55,61195.00,,
2026-06-10T16:50:34+08:00,btc-updown-5m-1781081400,https://polymarket.com/zh/event/btc-updown-5m-1781081400,16:50-16:55,57.00,46.00,56.00,45.00,801.88,68.61,5.00,401.61,56.50,45.50,1.00,1.00,72191.92,73296.27,73296.27,71701.92,55,43,45,54,61177.55,61185.95,,
2026-06-10T16:50:36+08:00,btc-updown-5m-1781081400,https://polymarket.com/zh/event/btc-updown-5m-1781081400,16:50-16:55,56.00,45.00,55.00,44.00,374.24,685.87,740.87,379.24,55.50,44.50,1.00,1.00,71681.92,73286.27,73286.27,72186.92,55,44,44,55,61177.55,61177.70,,
2026-06-10T16:50:38+08:00,btc-updown-5m-1781081400,https://polymarket.com/zh/event/btc-updown-5m-1781081400,16:50-16:55,60.00,41.00,59.00,40.00,34.70,1085.94,1073.94,15.16,59.50,40.50,1.00,1.00,71981.92,73286.27,73286.27,71986.92,59,40,40,59,61177.55,61188.92,,
2026-06-10T16:50:40+08:00,btc-updown-5m-1781081400,https://polymarket.com/zh/event/btc-updown-5m-1781081400,16:50-16:55,61.00,40.00,60.00,39.00,389.94,637.41,592.41,389.94,60.50,39.50,1.00,1.00,71486.92,73286.27,73286.27,71981.92,60,39,39,60,61177.55,61188.91,,
2026-06-10T16:50:42+08:00,btc-updown-5m-1781081400,https://polymarket.com/zh/event/btc-updown-5m-1781081400,16:50-16:55,63.00,38.00,62.00,37.00,275.60,1262.71,1192.82,275.60,62.50,37.50,1.00,1.00,52366.92,53771.27,53786.27,51991.92,62,37,37,62,61177.55,61190.07,,
2026-06-10T16:50:44+08:00,btc-updown-5m-1781081400,https://polymarket.com/zh/event/btc-updown-5m-1781081400,16:50-16:55,62.00,40.00,61.00,39.00,835.95,16.06,137.17,150.00,61.50,39.50,1.00,1.00,51871.92,53771.27,53771.27,51881.92,61,38,39,60,61177.55,61192.00,,
