ts_iso,slug,market_url,window_text,buy_up_cents,buy_down_cents,sell_up_cents,sell_down_cents,buy_up_size,buy_down_size,sell_up_size,sell_down_size,mid_up_cents,mid_down_cents,spread_up_cents,spread_down_cents,bid_depth_up_5,ask_depth_up_5,bid_depth_down_5,ask_depth_down_5,level_count_bid_up,level_count_ask_up,level_count_bid_down,level_count_ask_down,target_price,final_price,trade_count_1s,trade_volume_1s
2026-09-16T14:23:42+08:00,btc-updown-5m-1789539600,https://polymarket.com/zh/event/btc-updown-5m-1789539600,14:20-14:25,2.00,99.00,1.00,98.00,911.15,221.07,686.07,829.34,1.50,98.50,1.00,1.00,686.07,17208.11,17118.11,221.07,1,98,98,1,,75880.02,,
2026-09-16T14:23:44+08:00,btc-updown-5m-1789539600,https://polymarket.com/zh/event/btc-updown-5m-1789539600,14:20-14:25,1.00,,,99.00,6612.29,,,6612.29,,,,,,17134.11,17119.11,,0,99,99,0,,75880.02,,
2026-09-16T14:23:46+08:00,btc-updown-5m-1789539600,https://polymarket.com/zh/event/btc-updown-5m-1789539600,14:20-14:25,1.00,,,99.00,6622.34,,,6612.34,,,,,,16963.11,16968.11,,0,99,99,0,,75880.02,,
2026-09-16T14:23:49+08:00,btc-updown-5m-1789539600,https://polymarket.com/zh/event/btc-updown-5m-1789539600,14:20-14:25,1.00,,,99.00,6713.10,,,6713.10,,,,,,16968.11,16968.11,,0,99,99,0,,75879.98,,
2026-09-16T14:23:51+08:00,btc-updown-5m-1789539600,https://polymarket.com/zh/event/btc-updown-5m-1789539600,14:20-14:25,1.00,,,99.00,6854.69,,,6929.69,,,,,,16973.11,16994.11,,0,99,99,0,,75879.98,,
2026-09-16T14:23:54+08:00,btc-updown-5m-1789539600,https://polymarket.com/zh/event/btc-updown-5m-1789539600,14:20-14:25,1.00,,,99.00,9872.06,,,9872.06,,,,,,16978.11,16978.11,,0,99,99,0,,75879.98,,
2026-09-16T14:23:56+08:00,btc-updown-5m-1789539600,https://polymarket.com/zh/event/btc-updown-5m-1789539600,14:20-14:25,1.00,,,99.00,10002.57,,,9720.76,,,,,,9634.46,9650.46,,0,99,99,0,,75879.98,,
2026-09-16T14:23:59+08:00,btc-updown-5m-1789539600,https://polymarket.com/zh/event/btc-updown-5m-1789539600,14:20-14:25,1.00,,,99.00,9720.76,,,9790.76,,,,,,9607.38,9612.38,,0,99,99,0,,75879.98,,
2026-09-16T14:24:01+08:00,btc-updown-5m-1789539600,https://polymarket.com/zh/event/btc-updown-5m-1789539600,14:20-14:25,1.00,,,99.00,9996.41,,,10001.41,,,,,,9540.72,9526.72,,0,99,99,0,,75879.98,,
2026-09-16T14:24:03+08:00,btc-updown-5m-1789539600,https://polymarket.com/zh/event/btc-updown-5m-1789539600,14:20-14:25,1.00,,,99.00,10061.41,,,10131.41,,,,,,9526.72,9526.72,,0,99,99,0,,75879.98,,
2026-09-16T14:24:06+08:00,btc-updown-5m-1789539600,https://polymarket.com/zh/event/btc-updown-5m-1789539600,14:20-14:25,1.00,,,99.00,10284.41,,,10254.41,,,,,,9530.72,9525.72,,0,99,99,0,,75874.09,,
2026-09-16T14:24:08+08:00,btc-updown-5m-1789539600,https://polymarket.com/zh/event/btc-updown-5m-1789539600,14:20-14:25,1.00,,,99.00,12467.45,,,12381.76,,,,,,9536.72,9515.72,,0,99,99,0,,75864.07,,
2026-09-16T14:24:11+08:00,btc-updown-5m-1789539600,https://polymarket.com/zh/event/btc-updown-5m-1789539600,14:20-14:25,1.00,,,99.00,12492.33,,,12492.33,,,,,,9530.72,9530.72,,0,99,99,0,,75864.07,,
2026-09-16T14:24:13+08:00,btc-updown-5m-1789539600,https://polymarket.com/zh/event/btc-updown-5m-1789539600,14:20-14:25,1.00,,,99.00,14369.14,,,14369.14,,,,,,9520.72,9520.72,,0,99,99,0,,75862.54,,
2026-09-16T14:24:16+08:00,btc-updown-5m-1789539600,https://polymarket.com/zh/event/btc-updown-5m-1789539600,14:20-14:25,1.00,,,99.00,19576.33,,,19576.33,,,,,,9530.72,9515.72,,0,99,99,0,,75856.30,,
2026-09-16T14:24:18+08:00,btc-updown-5m-1789539600,https://polymarket.com/zh/event/btc-updown-5m-1789539600,14:20-14:25,1.00,,,99.00,19586.33,,,19586.33,,,,,,9521.72,9525.72,,0,99,99,0,,75856.30,,
2026-09-16T14:24:20+08:00,btc-updown-5m-1789539600,https://polymarket.com/zh/event/btc-updown-5m-1789539600,14:20-14:25,1.00,,,99.00,19611.23,,,19621.23,,,,,,9520.72,9535.72,,0,99,99,0,,75854.77,,
2026-09-16T14:24:23+08:00,btc-updown-5m-1789539600,https://polymarket.com/zh/event/btc-updown-5m-1789539600,14:20-14:25,1.00,,,99.00,20322.22,,,20564.03,,,,,,9536.72,9546.72,,0,99,99,0,,75854.77,,
2026-09-16T14:24:25+08:00,btc-updown-5m-1789539600,https://polymarket.com/zh/event/btc-updown-5m-1789539600,14:20-14:25,1.00,,,99.00,21746.03,,,21624.98,,,,,,9541.72,9521.72,,0,99,99,0,,75854.76,,
2026-09-16T14:24:28+08:00,btc-updown-5m-1789539600,https://polymarket.com/zh/event/btc-updown-5m-1789539600,14:20-14:25,1.00,,,99.00,21897.19,,,21897.19,,,,,,9515.72,9526.72,,0,99,99,0,,75854.78,,
2026-09-16T14:24:30+08:00,btc-updown-5m-1789539600,https://polymarket.com/zh/event/btc-updown-5m-1789539600,14:20-14:25,1.00,,,99.00,25744.29,,,25783.29,,,,,,9510.72,9510.72,,0,99,99,0,,75854.77,,
2026-09-16T14:24:32+08:00,btc-updown-5m-1789539600,https://polymarket.com/zh/event/btc-updown-5m-1789539600,14:20-14:25,1.00,,,99.00,37316.29,,,37199.09,,,,,,9520.22,9514.22,,0,99,99,0,,75855.50,,
2026-09-16T14:24:35+08:00,btc-updown-5m-1789539600,https://polymarket.com/zh/event/btc-updown-5m-1789539600,14:20-14:25,1.00,,,99.00,37426.70,,,37426.70,,,,,,9543.22,9558.22,,0,99,99,0,,75856.39,,
2026-09-16T14:24:37+08:00,btc-updown-5m-1789539600,https://polymarket.com/zh/event/btc-updown-5m-1789539600,14:20-14:25,1.00,,,99.00,42995.51,,,42845.51,,,,,,9554.22,9553.22,,0,99,99,0,,75850.00,,
2026-09-16T14:24:40+08:00,btc-updown-5m-1789539600,https://polymarket.com/zh/event/btc-updown-5m-1789539600,14:20-14:25,1.00,,,99.00,42661.01,,,42661.01,,,,,,9543.22,9538.22,,0,99,99,0,,75850.00,,
2026-09-16T14:24:42+08:00,btc-updown-5m-1789539600,https://polymarket.com/zh/event/btc-updown-5m-1789539600,14:20-14:25,1.00,,,99.00,42992.40,,,43375.22,,,,,,9544.20,9545.20,,0,99,99,0,,75850.00,,
2026-09-16T14:24:45+08:00,btc-updown-5m-1789539600,https://polymarket.com/zh/event/btc-updown-5m-1789539600,14:20-14:25,1.00,,,99.00,43203.65,,,43203.65,,,,,,11044.20,11033.20,,0,99,99,0,,75850.00,,
2026-09-16T14:24:47+08:00,btc-updown-5m-1789539600,https://polymarket.com/zh/event/btc-updown-5m-1789539600,14:20-14:25,1.00,,,99.00,43188.89,,,43178.79,,,,,,11038.20,11038.20,,0,99,99,0,,75848.45,,
2026-09-16T14:24:49+08:00,btc-updown-5m-1789539600,https://polymarket.com/zh/event/btc-updown-5m-1789539600,14:20-14:25,1.00,,,99.00,43813.79,,,43813.79,,,,,,9534.20,9529.20,,0,99,99,0,,75846.94,,
2026-09-16T14:24:52+08:00,btc-updown-5m-1789539600,https://polymarket.com/zh/event/btc-updown-5m-1789539600,14:20-14:25,1.00,,,99.00,43870.64,,,44157.45,,,,,,10530.20,10728.20,,0,99,99,0,,75846.94,,
2026-09-16T14:24:54+08:00,btc-updown-5m-1789539600,https://polymarket.com/zh/event/btc-updown-5m-1789539600,14:20-14:25,1.00,,,99.00,52095.64,,,52120.64,,,,,,10728.20,10738.20,,0,99,99,0,,75846.94,,
2026-09-16T14:24:57+08:00,btc-updown-5m-1789539600,https://polymarket.com/zh/event/btc-updown-5m-1789539600,14:20-14:25,1.00,,,99.00,52334.52,,,52314.52,,,,,,6863.20,6858.20,,0,99,99,0,,75846.94,,
2026-09-16T14:24:59+08:00,btc-updown-5m-1789539600,https://polymarket.com/zh/event/btc-updown-5m-1789539600,14:20-14:25,1.00,,,99.00,63434.56,,,63429.56,,,,,,6788.20,6793.20,,0,99,99,0,,75845.11,,
2026-09-16T14:25:02+08:00,btc-updown-5m-1789539900,https://polymarket.com/zh/event/btc-updown-5m-1789539900,14:25-14:30,34.00,67.00,33.00,66.00,583.91,129.20,130.29,578.91,33.50,66.50,1.00,1.00,22749.62,26833.87,26753.87,22764.62,33,66,66,33,75843.43,75843.43,,
2026-09-16T14:25:04+08:00,btc-updown-5m-1789539900,https://polymarket.com/zh/event/btc-updown-5m-1789539900,14:25-14:30,30.00,72.00,28.00,70.00,692.87,104.36,104.36,692.87,29.00,71.00,2.00,2.00,23079.62,27008.87,27008.87,23079.62,28,70,70,28,75843.43,75835.00,,
2026-09-16T14:25:07+08:00,btc-updown-5m-1789539900,https://polymarket.com/zh/event/btc-updown-5m-1789539900,14:25-14:30,25.00,76.00,24.00,75.00,640.37,278.65,218.65,665.37,24.50,75.50,1.00,1.00,23503.62,26949.87,26846.87,23503.62,24,75,75,24,75843.43,75829.98,,
2026-09-16T14:25:09+08:00,btc-updown-5m-1789539900,https://polymarket.com/zh/event/btc-updown-5m-1789539900,14:25-14:30,28.00,73.00,27.00,72.00,32.73,1313.95,1208.47,21.00,27.50,72.50,1.00,1.00,23464.62,26944.87,26866.87,23464.62,27,72,72,27,75843.43,75829.98,,
2026-09-16T14:25:12+08:00,btc-updown-5m-1789539900,https://polymarket.com/zh/event/btc-updown-5m-1789539900,14:25-14:30,28.00,73.00,27.00,72.00,490.05,129.00,119.00,530.05,27.50,72.50,1.00,1.00,23679.62,27431.87,27436.87,23684.62,27,72,72,27,75843.43,75829.97,,
2026-09-16T14:25:14+08:00,btc-updown-5m-1789539900,https://polymarket.com/zh/event/btc-updown-5m-1789539900,14:25-14:30,29.00,72.00,28.00,71.00,23.35,1335.58,1324.97,28.10,28.50,71.50,1.00,1.00,23619.62,27442.87,27646.87,23619.62,28,71,71,28,75843.43,75829.97,,
2026-09-16T14:25:17+08:00,btc-updown-5m-1789539900,https://polymarket.com/zh/event/btc-updown-5m-1789539900,14:25-14:30,29.00,72.00,28.00,71.00,241.10,553.20,553.20,228.10,28.50,71.50,1.00,1.00,23998.48,27738.07,27860.47,23998.48,28,71,71,28,75843.43,75831.99,,
2026-09-16T14:25:19+08:00,btc-updown-5m-1789539900,https://polymarket.com/zh/event/btc-updown-5m-1789539900,14:25-14:30,29.00,72.00,28.00,71.00,319.36,611.01,329.07,149.44,28.50,71.50,1.00,1.00,23273.48,27049.47,27140.47,23223.48,28,71,71,28,75843.43,75833.63,,
2026-09-16T14:25:21+08:00,btc-updown-5m-1789539900,https://polymarket.com/zh/event/btc-updown-5m-1789539900,14:25-14:30,29.00,72.00,28.00,71.00,634.91,289.68,122.22,333.24,28.50,71.50,1.00,1.00,21813.48,25669.47,25569.47,21813.48,28,71,71,28,75843.43,75833.63,,
2026-09-16T14:25:24+08:00,btc-updown-5m-1789539900,https://polymarket.com/zh/event/btc-updown-5m-1789539900,14:25-14:30,29.00,72.00,28.00,71.00,237.33,528.54,528.54,237.33,28.50,71.50,1.00,1.00,21573.48,25183.47,25194.47,21573.48,28,71,71,28,75843.43,75833.63,,
2026-09-16T14:25:26+08:00,btc-updown-5m-1789539900,https://polymarket.com/zh/event/btc-updown-5m-1789539900,14:25-14:30,29.00,72.00,28.00,71.00,261.40,488.54,493.54,195.00,28.50,71.50,1.00,1.00,21303.48,24913.47,24578.47,21063.48,28,71,71,28,75843.43,75833.63,,
2026-09-16T14:25:29+08:00,btc-updown-5m-1789539900,https://polymarket.com/zh/event/btc-updown-5m-1789539900,14:25-14:30,29.00,72.00,28.00,71.00,336.95,65.00,392.15,686.23,28.50,71.50,1.00,1.00,20823.48,24354.47,24333.47,20833.48,28,71,71,28,75843.43,75833.63,,
2026-09-16T14:25:31+08:00,btc-updown-5m-1789539900,https://polymarket.com/zh/event/btc-updown-5m-1789539900,14:25-14:30,30.00,71.00,29.00,70.00,769.93,70.57,89.90,982.10,29.50,70.50,1.00,1.00,20139.48,23740.47,23745.47,20139.48,29,70,70,29,75843.43,75840.00,,
2026-09-16T14:25:33+08:00,btc-updown-5m-1789539900,https://polymarket.com/zh/event/btc-updown-5m-1789539900,14:25-14:30,28.00,73.00,27.00,72.00,338.81,493.34,438.84,338.81,27.50,72.50,1.00,1.00,19778.48,23144.47,22904.47,19538.48,27,72,72,27,75843.43,75836.35,,
2026-09-16T14:25:36+08:00,btc-updown-5m-1789539900,https://polymarket.com/zh/event/btc-updown-5m-1789539900,14:25-14:30,31.00,69.00,30.00,68.00,26.01,887.75,121.66,96.00,30.50,68.50,1.00,1.00,18993.48,22745.47,22766.47,19208.48,30,69,68,31,75843.43,75836.35,,
2026-09-16T14:25:38+08:00,btc-updown-5m-1789539900,https://polymarket.com/zh/event/btc-updown-5m-1789539900,14:25-14:30,33.00,68.00,32.00,67.00,105.00,785.99,892.31,105.00,32.50,67.50,1.00,1.00,19207.03,22749.47,22659.47,19217.03,32,67,67,32,75843.43,75842.40,,
2026-09-16T14:25:41+08:00,btc-updown-5m-1789539900,https://polymarket.com/zh/event/btc-updown-5m-1789539900,14:25-14:30,29.00,72.00,28.00,71.00,480.29,267.00,450.00,680.29,28.50,71.50,1.00,1.00,19048.48,22724.47,22724.47,19053.48,28,71,71,28,75843.43,75837.36,,
2026-09-16T14:25:43+08:00,btc-updown-5m-1789539900,https://polymarket.com/zh/event/btc-updown-5m-1789539900,14:25-14:30,29.00,72.00,28.00,71.00,559.18,385.50,277.00,209.71,28.50,71.50,1.00,1.00,19033.48,22639.47,22724.47,19028.48,28,71,71,28,75843.43,75837.36,,
2026-09-16T14:25:45+08:00,btc-updown-5m-1789539900,https://polymarket.com/zh/event/btc-updown-5m-1789539900,14:25-14:30,38.00,63.00,37.00,62.00,105.00,299.37,192.14,164.43,37.50,62.50,1.00,1.00,19604.48,22730.47,22625.47,19614.48,37,62,62,37,75843.43,75842.39,,
2026-09-16T14:25:48+08:00,btc-updown-5m-1789539900,https://polymarket.com/zh/event/btc-updown-5m-1789539900,14:25-14:30,37.00,65.00,34.00,64.00,183.99,227.14,123.58,375.99,35.50,64.50,3.00,1.00,19754.48,22750.47,22629.47,19434.48,34,63,64,35,75843.43,75842.39,,
2026-09-16T14:25:50+08:00,btc-updown-5m-1789539900,https://polymarket.com/zh/event/btc-updown-5m-1789539900,14:25-14:30,36.00,65.00,35.00,64.00,300.20,435.78,139.52,216.62,35.50,64.50,1.00,1.00,19389.48,22824.47,22629.47,19399.48,35,64,64,35,75843.43,75842.38,,
2026-09-16T14:25:53+08:00,btc-updown-5m-1789539900,https://polymarket.com/zh/event/btc-updown-5m-1789539900,14:25-14:30,38.00,63.00,37.00,62.00,171.22,611.90,751.88,176.22,37.50,62.50,1.00,1.00,19579.48,22730.93,22741.93,19614.48,37,62,62,37,75843.43,75842.38,,
2026-09-16T14:25:55+08:00,btc-updown-5m-1789539900,https://polymarket.com/zh/event/btc-updown-5m-1789539900,14:25-14:30,44.00,56.00,43.00,55.00,23.39,287.29,394.36,252.39,43.50,55.50,1.00,1.00,19708.48,22736.93,22741.93,19713.48,43,56,55,44,75843.43,75842.38,,
2026-09-16T14:25:58+08:00,btc-updown-5m-1789539900,https://polymarket.com/zh/event/btc-updown-5m-1789539900,14:25-14:30,47.00,54.00,46.00,53.00,152.50,368.74,368.74,147.50,46.50,53.50,1.00,1.00,19229.48,22250.93,22235.93,19229.48,46,53,53,46,75843.43,75842.38,,
2026-09-16T14:26:00+08:00,btc-updown-5m-1789539900,https://polymarket.com/zh/event/btc-updown-5m-1789539900,14:25-14:30,47.00,55.00,46.00,54.00,143.06,49.93,8.00,320.99,46.50,54.50,1.00,1.00,18525.48,21666.93,21666.93,18540.48,46,53,54,45,75843.43,75842.38,,
2026-09-16T14:26:02+08:00,btc-updown-5m-1789539900,https://polymarket.com/zh/event/btc-updown-5m-1789539900,14:25-14:30,44.00,57.00,43.00,56.00,373.63,804.54,319.66,251.30,43.50,56.50,1.00,1.00,16330.48,19443.08,19224.08,16105.48,43,56,56,43,75843.43,75842.38,,
2026-09-16T14:26:05+08:00,btc-updown-5m-1789539900,https://polymarket.com/zh/event/btc-updown-5m-1789539900,14:25-14:30,44.00,57.00,43.00,56.00,71.30,945.59,865.59,71.30,43.50,56.50,1.00,1.00,16054.48,19072.08,19181.08,16054.48,43,56,56,43,75843.43,75842.38,,
2026-09-16T14:26:07+08:00,btc-updown-5m-1789539900,https://polymarket.com/zh/event/btc-updown-5m-1789539900,14:25-14:30,52.00,49.00,51.00,48.00,52.27,202.48,878.98,153.97,51.50,48.50,1.00,1.00,16555.03,18904.08,18894.08,17050.03,51,48,48,51,75843.43,75842.38,,
2026-09-16T14:26:10+08:00,btc-updown-5m-1789539900,https://polymarket.com/zh/event/btc-updown-5m-1789539900,14:25-14:30,50.00,51.00,49.00,50.00,444.40,104.30,42.27,604.40,49.50,50.50,1.00,1.00,15809.03,18915.08,18905.08,15824.03,49,50,50,49,75843.43,75842.38,,
2026-09-16T14:26:12+08:00,btc-updown-5m-1789539900,https://polymarket.com/zh/event/btc-updown-5m-1789539900,14:25-14:30,48.00,53.00,47.00,52.00,593.17,29.49,35.56,506.19,47.50,52.50,1.00,1.00,15652.03,18930.21,18931.21,15618.48,47,52,52,47,75843.43,75842.38,,
2026-09-16T14:26:14+08:00,btc-updown-5m-1789539900,https://polymarket.com/zh/event/btc-updown-5m-1789539900,14:25-14:30,46.00,55.00,45.00,54.00,291.19,205.00,115.00,290.32,45.50,54.50,1.00,1.00,15623.48,18955.21,19045.21,15618.48,45,54,54,45,75843.43,75842.38,,
2026-09-16T14:26:17+08:00,btc-updown-5m-1789539900,https://polymarket.com/zh/event/btc-updown-5m-1789539900,14:25-14:30,42.00,59.00,41.00,58.00,305.04,204.74,204.74,305.04,41.50,58.50,1.00,1.00,15561.48,19056.21,18950.21,15541.48,41,58,58,41,75843.43,75842.38,,
2026-09-16T14:26:19+08:00,btc-updown-5m-1789539900,https://polymarket.com/zh/event/btc-updown-5m-1789539900,14:25-14:30,47.00,56.00,46.00,53.00,218.99,48.97,62.80,300.36,46.50,54.50,1.00,3.00,15561.48,18976.99,18966.99,15551.48,46,53,53,44,75843.43,75836.36,,
2026-09-16T14:26:22+08:00,btc-updown-5m-1789539900,https://polymarket.com/zh/event/btc-updown-5m-1789539900,14:25-14:30,45.00,55.00,44.00,54.00,36.99,464.74,840.55,185.20,44.50,54.50,1.00,1.00,15551.48,18971.88,19066.88,15551.48,44,55,54,45,75843.43,75836.36,,
2026-09-16T14:26:24+08:00,btc-updown-5m-1789539900,https://polymarket.com/zh/event/btc-updown-5m-1789539900,14:25-14:30,47.00,54.00,46.00,53.00,113.63,540.88,303.55,11.20,46.50,53.50,1.00,1.00,15546.48,19083.56,18993.56,15551.48,46,53,53,46,75843.43,75836.36,,
2026-09-16T14:26:27+08:00,btc-updown-5m-1789539900,https://polymarket.com/zh/event/btc-updown-5m-1789539900,14:25-14:30,47.00,54.00,46.00,53.00,17.20,216.27,218.13,17.20,46.50,53.50,1.00,1.00,15426.48,18962.56,18962.56,15436.48,46,53,53,46,75843.43,75836.37,,
2026-09-16T14:26:29+08:00,btc-updown-5m-1789539900,https://polymarket.com/zh/event/btc-updown-5m-1789539900,14:25-14:30,48.00,53.00,47.00,52.00,314.19,73.55,82.69,322.19,47.50,52.50,1.00,1.00,15556.48,18963.56,18978.56,15421.48,47,52,52,47,75843.43,75837.53,,
2026-09-16T14:26:31+08:00,btc-updown-5m-1789539900,https://polymarket.com/zh/event/btc-updown-5m-1789539900,14:25-14:30,46.00,55.00,45.00,54.00,395.85,185.90,170.00,411.36,45.50,54.50,1.00,1.00,14715.48,18167.56,18282.56,14725.48,45,54,54,45,75843.43,75837.53,,
2026-09-16T14:26:34+08:00,btc-updown-5m-1789539900,https://polymarket.com/zh/event/btc-updown-5m-1789539900,14:25-14:30,48.00,54.00,47.00,53.00,397.86,19.35,80.00,514.09,47.50,53.50,1.00,1.00,14705.48,18273.56,18182.56,14700.48,47,52,53,46,75843.43,75837.53,,
2026-09-16T14:26:36+08:00,btc-updown-5m-1789539900,https://polymarket.com/zh/event/btc-updown-5m-1789539900,14:25-14:30,50.00,51.00,48.00,50.00,734.82,470.46,105.00,195.22,49.00,50.50,2.00,1.00,14902.48,18262.56,18258.56,14907.48,48,49,48,49,75843.43,75837.53,,
2026-09-16T14:26:39+08:00,btc-updown-5m-1789539900,https://polymarket.com/zh/event/btc-updown-5m-1789539900,14:25-14:30,45.00,56.00,44.00,55.00,1096.89,203.63,83.63,972.89,44.50,55.50,1.00,1.00,14961.03,18357.56,18247.56,14981.03,44,55,55,44,75843.43,75850.00,,
2026-09-16T14:26:41+08:00,btc-updown-5m-1789539900,https://polymarket.com/zh/event/btc-updown-5m-1789539900,14:25-14:30,45.00,54.00,44.00,53.00,89.25,321.00,565.59,230.71,44.50,53.50,1.00,1.00,14991.03,18268.56,18347.56,14946.03,44,55,53,46,75843.43,75850.00,,
2026-09-16T14:26:43+08:00,btc-updown-5m-1789539900,https://polymarket.com/zh/event/btc-updown-5m-1789539900,14:25-14:30,48.00,53.00,47.00,52.00,1020.30,237.85,126.85,975.79,47.50,52.50,1.00,1.00,14961.03,18357.56,18247.56,14946.03,47,52,52,47,75843.43,75850.00,,
2026-09-16T14:26:46+08:00,btc-updown-5m-1789539900,https://polymarket.com/zh/event/btc-updown-5m-1789539900,14:25-14:30,47.00,54.00,46.00,53.00,836.79,59.21,59.21,761.18,46.50,53.50,1.00,1.00,14980.28,18352.56,18369.56,14990.28,46,53,53,46,75843.43,75850.00,,
2026-09-16T14:26:48+08:00,btc-updown-5m-1789539900,https://polymarket.com/zh/event/btc-updown-5m-1789539900,14:25-14:30,45.00,56.00,44.00,55.00,467.01,70.90,60.90,762.33,44.50,55.50,1.00,1.00,14949.28,18347.56,18352.56,14974.28,44,55,55,44,75843.43,75850.00,,
2026-09-16T14:26:51+08:00,btc-updown-5m-1789539900,https://polymarket.com/zh/event/btc-updown-5m-1789539900,14:25-14:30,45.00,56.00,44.00,55.00,113.33,319.48,346.48,118.33,44.50,55.50,1.00,1.00,14994.28,18248.56,18452.56,14999.28,44,55,55,44,75843.43,75850.00,,
2026-09-16T14:26:53+08:00,btc-updown-5m-1789539900,https://polymarket.com/zh/event/btc-updown-5m-1789539900,14:25-14:30,45.00,56.00,44.00,55.00,603.45,50.90,50.90,608.45,44.50,55.50,1.00,1.00,14984.28,18242.56,18357.56,14989.28,44,55,55,44,75843.43,75850.00,,
2026-09-16T14:26:56+08:00,btc-updown-5m-1789539900,https://polymarket.com/zh/event/btc-updown-5m-1789539900,14:25-14:30,44.00,57.00,43.00,56.00,806.05,90.24,100.24,891.02,43.50,56.50,1.00,1.00,14906.73,18348.56,18262.56,14921.73,43,56,56,43,75843.43,75849.84,,
2026-09-16T14:26:58+08:00,btc-updown-5m-1789539900,https://polymarket.com/zh/event/btc-updown-5m-1789539900,14:25-14:30,42.00,59.00,41.00,58.00,514.77,191.79,191.79,521.72,41.50,58.50,1.00,1.00,14907.28,18357.56,18457.56,14922.28,41,58,58,41,75843.43,75849.80,,
2026-09-16T14:27:00+08:00,btc-updown-5m-1789539900,https://polymarket.com/zh/event/btc-updown-5m-1789539900,14:25-14:30,41.00,60.00,40.00,59.00,765.95,50.76,136.00,801.01,40.50,59.50,1.00,1.00,14905.73,18299.56,18273.56,14895.73,40,59,59,40,75843.43,75849.80,,
2026-09-16T14:27:03+08:00,btc-updown-5m-1789539900,https://polymarket.com/zh/event/btc-updown-5m-1789539900,14:25-14:30,40.00,61.00,39.00,60.00,87.62,223.92,413.92,198.61,39.50,60.50,1.00,1.00,14578.28,17867.56,17952.56,14568.28,39,60,60,39,75843.43,75849.80,,
2026-09-16T14:27:05+08:00,btc-updown-5m-1789539900,https://polymarket.com/zh/event/btc-updown-5m-1789539900,14:25-14:30,40.00,61.00,39.00,60.00,233.02,133.05,133.05,313.06,39.50,60.50,1.00,1.00,14598.28,17848.56,17953.56,14568.28,39,60,60,39,75843.43,75847.02,,
2026-09-16T14:27:08+08:00,btc-updown-5m-1789539900,https://polymarket.com/zh/event/btc-updown-5m-1789539900,14:25-14:30,40.00,61.00,39.00,60.00,30.00,296.05,296.05,10.00,39.50,60.50,1.00,1.00,14534.73,18042.56,17842.56,14569.73,39,60,60,39,75843.43,75847.02,,
2026-09-16T14:27:10+08:00,btc-updown-5m-1789539900,https://polymarket.com/zh/event/btc-updown-5m-1789539900,14:25-14:30,41.00,60.00,40.00,59.00,107.00,362.21,462.21,117.00,40.50,59.50,1.00,1.00,14539.73,17847.56,17947.56,14544.73,40,59,59,40,75843.43,75848.53,,
2026-09-16T14:27:13+08:00,btc-updown-5m-1789539900,https://polymarket.com/zh/event/btc-updown-5m-1789539900,14:25-14:30,38.00,63.00,37.00,62.00,466.98,152.05,152.05,506.96,37.50,62.50,1.00,1.00,14455.73,17847.56,17952.56,14470.73,37,62,62,37,75843.43,75847.58,,
2026-09-16T14:27:15+08:00,btc-updown-5m-1789539900,https://polymarket.com/zh/event/btc-updown-5m-1789539900,14:25-14:30,38.00,63.00,37.00,62.00,259.98,257.05,262.05,359.98,37.50,62.50,1.00,1.00,14325.73,17921.04,17677.04,14310.73,37,62,62,37,75843.43,75844.95,,
2026-09-16T14:27:17+08:00,btc-updown-5m-1789539900,https://polymarket.com/zh/event/btc-updown-5m-1789539900,14:25-14:30,38.00,63.00,37.00,62.00,536.58,71.85,71.85,535.92,37.50,62.50,1.00,1.00,14170.73,17677.04,17567.04,14160.73,37,62,62,37,75843.43,75844.93,,
2026-09-16T14:27:20+08:00,btc-updown-5m-1789539900,https://polymarket.com/zh/event/btc-updown-5m-1789539900,14:25-14:30,38.00,63.00,37.00,62.00,266.80,270.10,250.10,206.82,37.50,62.50,1.00,1.00,14175.73,17666.04,17561.04,14170.73,37,62,62,37,75843.43,75843.51,,
2026-09-16T14:27:22+08:00,btc-updown-5m-1789539900,https://polymarket.com/zh/event/btc-updown-5m-1789539900,14:25-14:30,31.00,70.00,30.00,69.00,145.00,209.00,311.45,265.00,30.50,69.50,1.00,1.00,14073.06,17673.04,17676.04,14916.39,30,69,69,30,75843.43,75843.50,,
2026-09-16T14:27:25+08:00,btc-updown-5m-1789539900,https://polymarket.com/zh/event/btc-updown-5m-1789539900,14:25-14:30,43.00,58.00,42.00,57.00,145.09,118.43,108.43,124.09,42.50,57.50,1.00,1.00,16354.72,17486.04,17571.04,16339.72,42,57,57,42,75843.43,75837.74,,
2026-09-16T14:27:27+08:00,btc-updown-5m-1789539900,https://polymarket.com/zh/event/btc-updown-5m-1789539900,14:25-14:30,47.00,54.00,46.00,53.00,92.16,815.71,759.98,127.91,46.50,53.50,1.00,1.00,16674.63,17586.95,17465.95,16659.63,46,53,53,46,75843.43,75843.44,,
2026-09-16T14:27:29+08:00,btc-updown-5m-1789539900,https://polymarket.com/zh/event/btc-updown-5m-1789539900,14:25-14:30,41.00,60.00,40.00,59.00,515.99,370.90,120.91,238.00,40.50,59.50,1.00,1.00,16282.63,17565.95,17465.95,16282.63,40,59,59,40,75843.43,75843.51,,
2026-09-16T14:27:32+08:00,btc-updown-5m-1789539900,https://polymarket.com/zh/event/btc-updown-5m-1789539900,14:25-14:30,42.00,59.00,41.00,58.00,236.00,765.19,766.89,236.00,41.50,58.50,1.00,1.00,16543.63,17470.95,17577.95,16533.63,41,58,58,41,75843.43,75840.73,,
2026-09-16T14:27:34+08:00,btc-updown-5m-1789539900,https://polymarket.com/zh/event/btc-updown-5m-1789539900,14:25-14:30,41.00,60.00,40.00,59.00,240.15,649.48,522.25,154.00,40.50,59.50,1.00,1.00,16533.63,17565.95,17580.95,16543.63,40,59,59,40,75843.43,75840.75,,
2026-09-16T14:27:37+08:00,btc-updown-5m-1789539900,https://polymarket.com/zh/event/btc-updown-5m-1789539900,14:25-14:30,40.00,61.00,39.00,60.00,644.23,146.00,146.00,580.90,39.50,60.50,1.00,1.00,16538.63,17566.95,17561.95,16523.63,39,60,60,39,75843.43,75840.74,,
2026-09-16T14:27:39+08:00,btc-updown-5m-1789539900,https://polymarket.com/zh/event/btc-updown-5m-1789539900,14:25-14:30,44.00,57.00,43.00,56.00,251.90,398.47,527.47,257.20,43.50,56.50,1.00,1.00,16528.63,17466.95,17570.95,16553.63,43,56,56,43,75843.43,75840.73,,
2026-09-16T14:27:42+08:00,btc-updown-5m-1789539900,https://polymarket.com/zh/event/btc-updown-5m-1789539900,14:25-14:30,40.00,61.00,39.00,60.00,612.44,50.00,50.00,620.44,39.50,60.50,1.00,1.00,16543.63,17560.95,17470.95,16479.63,39,60,60,39,75843.43,75840.73,,
2026-09-16T14:27:44+08:00,btc-updown-5m-1789539900,https://polymarket.com/zh/event/btc-updown-5m-1789539900,14:25-14:30,40.00,61.00,39.00,60.00,696.19,76.55,76.55,696.19,39.50,60.50,1.00,1.00,16469.63,17570.95,17555.95,16459.63,39,60,60,39,75843.43,75840.73,,
2026-09-16T14:27:46+08:00,btc-updown-5m-1789539900,https://polymarket.com/zh/event/btc-updown-5m-1789539900,14:25-14:30,38.00,63.00,37.00,62.00,64.58,612.85,547.85,64.58,37.50,62.50,1.00,1.00,16484.43,17660.75,17555.75,16454.43,37,62,62,37,75843.43,75840.73,,
2026-09-16T14:27:49+08:00,btc-updown-5m-1789539900,https://polymarket.com/zh/event/btc-updown-5m-1789539900,14:25-14:30,30.00,74.00,27.00,73.00,267.58,71.05,79.31,13.59,28.50,73.50,3.00,1.00,15925.44,17591.75,17697.75,16020.44,27,70,73,26,75843.43,75840.73,,
2026-09-16T14:27:51+08:00,btc-updown-5m-1789539900,https://polymarket.com/zh/event/btc-updown-5m-1789539900,14:25-14:30,28.00,73.00,27.00,72.00,46.00,874.78,884.60,46.00,27.50,72.50,1.00,1.00,16215.44,17601.75,17591.75,16415.43,27,72,72,27,75843.43,75833.65,,
2026-09-16T14:27:54+08:00,btc-updown-5m-1789539900,https://polymarket.com/zh/event/btc-updown-5m-1789539900,14:25-14:30,30.00,71.00,29.00,70.00,475.00,247.38,247.38,609.98,29.50,70.50,1.00,1.00,16415.43,17581.75,17670.75,16415.43,29,70,70,29,75843.43,75833.65,,
2026-09-16T14:27:56+08:00,btc-updown-5m-1789539900,https://polymarket.com/zh/event/btc-updown-5m-1789539900,14:25-14:30,29.00,72.00,28.00,71.00,500.34,251.48,251.48,500.34,28.50,71.50,1.00,1.00,16149.43,17561.75,17555.75,16149.43,28,71,71,28,75843.43,75833.66,,
2026-09-16T14:27:59+08:00,btc-updown-5m-1789539900,https://polymarket.com/zh/event/btc-updown-5m-1789539900,14:25-14:30,27.00,74.00,26.00,73.00,161.84,300.68,327.80,381.84,26.50,73.50,1.00,1.00,16154.43,17565.75,17460.75,16154.43,26,73,73,26,75843.43,75833.65,,
2026-09-16T14:28:01+08:00,btc-updown-5m-1789539900,https://polymarket.com/zh/event/btc-updown-5m-1789539900,14:25-14:30,26.00,75.00,25.00,74.00,408.00,331.68,471.68,428.00,25.50,74.50,1.00,1.00,16299.44,17901.75,17801.75,16519.43,25,74,74,25,75843.43,75833.65,,
2026-09-16T14:28:03+08:00,btc-updown-5m-1789539900,https://polymarket.com/zh/event/btc-updown-5m-1789539900,14:25-14:30,26.00,75.00,25.00,74.00,620.11,22.24,104.84,658.89,25.50,74.50,1.00,1.00,17144.44,18691.75,18596.75,17344.43,25,74,74,25,75843.43,75833.65,,
2026-09-16T14:28:06+08:00,btc-updown-5m-1789539900,https://polymarket.com/zh/event/btc-updown-5m-1789539900,14:25-14:30,24.00,77.00,23.00,76.00,571.35,29.10,49.00,571.35,23.50,76.50,1.00,1.00,17449.43,18585.75,18780.75,17464.43,23,76,76,23,75843.43,75833.65,,
2026-09-16T14:28:08+08:00,btc-updown-5m-1789539900,https://polymarket.com/zh/event/btc-updown-5m-1789539900,14:25-14:30,20.00,82.00,19.00,81.00,660.82,90.52,19.19,639.73,19.50,81.50,1.00,1.00,17524.43,18581.75,18675.75,17524.43,19,80,81,18,75843.43,75833.65,,
2026-09-16T14:28:11+08:00,btc-updown-5m-1789539900,https://polymarket.com/zh/event/btc-updown-5m-1789539900,14:25-14:30,19.00,82.00,18.00,81.00,38.00,540.45,645.36,44.51,18.50,81.50,1.00,1.00,16860.43,18685.75,18791.75,17065.42,18,81,81,18,75843.43,75833.65,,
2026-09-16T14:28:13+08:00,btc-updown-5m-1789539900,https://polymarket.com/zh/event/btc-updown-5m-1789539900,14:25-14:30,20.00,81.00,19.00,80.00,159.00,423.16,398.16,159.00,19.50,80.50,1.00,1.00,17065.42,18675.75,18675.75,17065.42,19,80,80,19,75843.43,75833.65,,
2026-09-16T14:28:15+08:00,btc-updown-5m-1789539900,https://polymarket.com/zh/event/btc-updown-5m-1789539900,14:25-14:30,20.00,81.00,19.00,80.00,340.09,91.40,85.80,349.09,19.50,80.50,1.00,1.00,17048.42,18695.75,18595.75,16848.43,19,80,80,19,75843.43,75833.65,,
2026-09-16T14:28:18+08:00,btc-updown-5m-1789539900,https://polymarket.com/zh/event/btc-updown-5m-1789539900,14:25-14:30,20.00,81.00,19.00,80.00,368.22,184.91,68.74,303.22,19.50,80.50,1.00,1.00,17043.42,18695.75,18606.75,17033.42,19,80,80,19,75843.43,75833.65,,
2026-09-16T14:28:20+08:00,btc-updown-5m-1789539900,https://polymarket.com/zh/event/btc-updown-5m-1789539900,14:25-14:30,19.00,82.00,18.00,81.00,287.44,72.92,80.00,367.44,18.50,81.50,1.00,1.00,17065.42,18691.75,18691.75,17065.42,18,81,81,18,75843.43,75833.65,,
2026-09-16T14:28:23+08:00,btc-updown-5m-1789539900,https://polymarket.com/zh/event/btc-updown-5m-1789539900,14:25-14:30,17.00,81.00,16.00,80.00,15.00,635.83,642.52,190.66,16.50,80.50,1.00,1.00,17092.42,18676.75,18691.75,17038.42,16,83,80,19,75843.43,75833.65,,
2026-09-16T14:28:25+08:00,btc-updown-5m-1789539900,https://polymarket.com/zh/event/btc-updown-5m-1789539900,14:25-14:30,20.00,81.00,19.00,80.00,353.39,226.87,291.50,446.80,19.50,80.50,1.00,1.00,17043.42,18675.75,18580.75,17043.42,19,80,80,19,75843.43,75833.65,,
2026-09-16T14:28:27+08:00,btc-updown-5m-1789539900,https://polymarket.com/zh/event/btc-updown-5m-1789539900,14:25-14:30,20.00,81.00,19.00,80.00,49.86,317.50,317.50,59.86,19.50,80.50,1.00,1.00,16843.43,18681.75,18560.75,17043.42,19,80,80,19,75843.43,75839.87,,
2026-09-16T14:28:30+08:00,btc-updown-5m-1789539900,https://polymarket.com/zh/event/btc-updown-5m-1789539900,14:25-14:30,27.00,74.00,26.00,73.00,78.60,91.69,86.69,169.51,26.50,73.50,1.00,1.00,17238.96,18579.75,18485.75,17443.95,26,73,73,26,75843.43,75839.87,,
2026-09-16T14:28:32+08:00,btc-updown-5m-1789539900,https://polymarket.com/zh/event/btc-updown-5m-1789539900,14:25-14:30,20.00,81.00,19.00,80.00,297.42,80.00,85.00,296.92,19.50,80.50,1.00,1.00,16863.96,18500.75,18469.75,16863.96,19,80,80,19,75843.43,75839.87,,
2026-09-16T14:28:35+08:00,btc-updown-5m-1789539900,https://polymarket.com/zh/event/btc-updown-5m-1789539900,14:25-14:30,19.00,82.00,18.00,81.00,118.47,319.38,366.88,126.47,18.50,81.50,1.00,1.00,16841.96,18669.75,18469.75,16841.96,18,81,81,18,75843.43,75840.90,,
2026-09-16T14:28:37+08:00,btc-updown-5m-1789539900,https://polymarket.com/zh/event/btc-updown-5m-1789539900,14:25-14:30,20.00,81.00,19.00,80.00,28.63,570.87,530.87,24.01,19.50,80.50,1.00,1.00,16397.64,18584.75,18569.75,16392.64,19,80,80,19,75843.43,75841.91,,
2026-09-16T14:28:39+08:00,btc-updown-5m-1789539900,https://polymarket.com/zh/event/btc-updown-5m-1789539900,14:25-14:30,19.00,82.00,18.00,81.00,399.37,106.76,216.76,536.46,18.50,81.50,1.00,1.00,16409.64,18574.75,18569.75,16414.64,18,81,81,18,75843.43,75841.91,,
2026-09-16T14:28:42+08:00,btc-updown-5m-1789539900,https://polymarket.com/zh/event/btc-updown-5m-1789539900,14:25-14:30,16.00,85.00,15.00,84.00,661.74,80.00,80.00,661.74,15.50,84.50,1.00,1.00,16449.64,18569.75,18475.75,16449.64,15,84,84,15,75843.43,75841.91,,
2026-09-16T14:28:44+08:00,btc-updown-5m-1789539900,https://polymarket.com/zh/event/btc-updown-5m-1789539900,14:25-14:30,14.00,87.00,13.00,86.00,512.33,23.00,87.27,537.33,13.50,86.50,1.00,1.00,16048.63,18055.75,17960.75,16058.63,13,86,86,13,75843.43,75841.91,,
2026-09-16T14:28:47+08:00,btc-updown-5m-1789539900,https://polymarket.com/zh/event/btc-updown-5m-1789539900,14:25-14:30,14.00,87.00,13.00,86.00,376.62,184.17,267.75,389.64,13.50,86.50,1.00,1.00,15908.63,17815.75,17915.75,15903.63,13,86,86,13,75843.43,75841.91,,
2026-09-16T14:28:49+08:00,btc-updown-5m-1789539900,https://polymarket.com/zh/event/btc-updown-5m-1789539900,14:25-14:30,12.00,89.00,11.00,88.00,174.00,386.24,387.37,214.00,11.50,88.50,1.00,1.00,16047.63,17910.75,17815.75,16057.63,11,88,88,11,75843.43,75841.91,,
2026-09-16T14:28:51+08:00,btc-updown-5m-1789539900,https://polymarket.com/zh/event/btc-updown-5m-1789539900,14:25-14:30,14.00,87.00,13.00,86.00,203.59,150.00,159.43,312.42,13.50,86.50,1.00,1.00,15923.63,17925.75,17930.75,15938.63,13,86,86,13,75843.43,75841.91,,
2026-09-16T14:28:54+08:00,btc-updown-5m-1789539900,https://polymarket.com/zh/event/btc-updown-5m-1789539900,14:25-14:30,12.00,87.00,11.00,86.00,396.02,179.92,110.00,1.98,11.50,86.50,1.00,1.00,15997.63,19583.41,19535.08,15906.63,11,88,85,13,75843.43,75841.91,,
2026-09-16T14:28:56+08:00,btc-updown-5m-1789539900,https://polymarket.com/zh/event/btc-updown-5m-1789539900,14:25-14:30,14.00,87.00,13.00,86.00,58.68,741.86,439.10,115.00,13.50,86.50,1.00,1.00,10056.15,13247.10,13227.10,10096.15,13,86,86,13,75843.43,75844.66,,
2026-09-16T14:28:59+08:00,btc-updown-5m-1789539900,https://polymarket.com/zh/event/btc-updown-5m-1789539900,14:25-14:30,12.00,89.00,11.00,88.00,264.68,60.00,60.00,264.68,11.50,88.50,1.00,1.00,10269.16,13210.02,13205.02,10319.16,11,88,88,11,75843.43,75845.96,,
2026-09-16T14:29:01+08:00,btc-updown-5m-1789539900,https://polymarket.com/zh/event/btc-updown-5m-1789539900,14:25-14:30,8.00,93.00,7.00,92.00,80.00,217.78,359.31,193.23,7.50,92.50,1.00,1.00,10630.92,10438.36,10444.36,10699.92,7,92,92,7,75843.43,75845.96,,
2026-09-16T14:29:03+08:00,btc-updown-5m-1789539900,https://polymarket.com/zh/event/btc-updown-5m-1789539900,14:25-14:30,7.00,94.00,6.00,93.00,222.00,15.28,157.28,356.00,6.50,93.50,1.00,1.00,10601.93,10433.36,10333.36,10566.43,6,93,93,6,75843.43,75845.96,,
2026-09-16T14:29:06+08:00,btc-updown-5m-1789539900,https://polymarket.com/zh/event/btc-updown-5m-1789539900,14:25-14:30,3.00,98.00,2.00,97.00,475.04,1343.62,1290.67,473.80,2.50,97.50,1.00,1.00,5736.80,10520.36,11195.36,5764.75,2,97,97,2,75843.43,75841.91,,
2026-09-16T14:29:08+08:00,btc-updown-5m-1789539900,https://polymarket.com/zh/event/btc-updown-5m-1789539900,14:25-14:30,3.00,98.00,2.00,97.00,213.41,1335.03,1335.03,213.41,2.50,97.50,1.00,1.00,6725.36,12059.35,11964.35,6725.36,2,97,97,2,75843.43,75841.91,,
2026-09-16T14:29:11+08:00,btc-updown-5m-1789539900,https://polymarket.com/zh/event/btc-updown-5m-1789539900,14:25-14:30,3.00,98.00,2.00,97.00,220.45,528.08,586.16,240.45,2.50,97.50,1.00,1.00,5816.49,11620.35,11620.35,5758.41,2,97,97,2,75843.43,75841.91,,
2026-09-16T14:29:13+08:00,btc-updown-5m-1789539900,https://polymarket.com/zh/event/btc-updown-5m-1789539900,14:25-14:30,3.00,98.00,2.00,97.00,625.86,412.16,412.16,601.47,2.50,97.50,1.00,1.00,5677.32,10447.03,10252.03,5677.32,2,97,97,2,75843.43,75841.91,,
2026-09-16T14:29:16+08:00,btc-updown-5m-1789539900,https://polymarket.com/zh/event/btc-updown-5m-1789539900,14:25-14:30,2.00,99.00,1.00,98.00,492.00,5028.91,5608.37,490.03,1.50,98.50,1.00,1.00,5608.37,9067.03,9077.03,5028.91,1,98,98,1,75843.43,75836.24,,
2026-09-16T14:29:18+08:00,btc-updown-5m-1789539900,https://polymarket.com/zh/event/btc-updown-5m-1789539900,14:25-14:30,2.00,99.00,1.00,98.00,660.19,3908.15,4069.69,641.11,1.50,98.50,1.00,1.00,4069.69,9075.53,8974.53,3908.15,1,98,98,1,75843.43,75833.65,,
2026-09-16T14:29:20+08:00,btc-updown-5m-1789539900,https://polymarket.com/zh/event/btc-updown-5m-1789539900,14:25-14:30,2.00,99.00,1.00,98.00,770.21,3783.64,3788.64,770.21,1.50,98.50,1.00,1.00,3788.64,9065.53,8964.53,3783.64,1,98,98,1,75843.43,75833.65,,
2026-09-16T14:29:23+08:00,btc-updown-5m-1789539900,https://polymarket.com/zh/event/btc-updown-5m-1789539900,14:25-14:30,1.00,,,99.00,2338.88,,,5624.58,,,,,,8979.53,8969.53,,0,99,99,0,75843.43,75833.65,,
2026-09-16T14:29:25+08:00,btc-updown-5m-1789539900,https://polymarket.com/zh/event/btc-updown-5m-1789539900,14:25-14:30,1.00,,,99.00,14724.07,,,13724.07,,,,,,8964.53,8965.53,,0,99,99,0,75843.43,75833.65,,
2026-09-16T14:29:28+08:00,btc-updown-5m-1789539900,https://polymarket.com/zh/event/btc-updown-5m-1789539900,14:25-14:30,1.00,,,99.00,14823.38,,,14823.38,,,,,,8965.53,8965.53,,0,99,99,0,75843.43,75841.52,,
2026-09-16T14:29:30+08:00,btc-updown-5m-1789539900,https://polymarket.com/zh/event/btc-updown-5m-1789539900,14:25-14:30,1.00,,,99.00,15815.09,,,15859.61,,,,,,8960.53,8965.53,,0,99,99,0,75843.43,75841.52,,
2026-09-16T14:29:32+08:00,btc-updown-5m-1789539900,https://polymarket.com/zh/event/btc-updown-5m-1789539900,14:25-14:30,1.00,,,99.00,15633.26,,,15678.26,,,,,,5066.03,7706.03,,0,99,99,0,75843.43,75841.52,,
2026-09-16T14:29:35+08:00,btc-updown-5m-1789539900,https://polymarket.com/zh/event/btc-updown-5m-1789539900,14:25-14:30,1.00,,,99.00,17708.37,,,17708.37,,,,,,9020.03,9026.03,,0,99,99,0,75843.43,75841.52,,
2026-09-16T14:29:37+08:00,btc-updown-5m-1789539900,https://polymarket.com/zh/event/btc-updown-5m-1789539900,14:25-14:30,1.00,,,99.00,30017.37,,,30017.37,,,,,,9031.03,9026.03,,0,99,99,0,75843.43,75841.52,,
2026-09-16T14:29:40+08:00,btc-updown-5m-1789539900,https://polymarket.com/zh/event/btc-updown-5m-1789539900,14:25-14:30,1.00,,,99.00,30372.37,,,30392.37,,,,,,9020.03,9025.03,,0,99,99,0,75843.43,75841.52,,
2026-09-16T14:29:42+08:00,btc-updown-5m-1789539900,https://polymarket.com/zh/event/btc-updown-5m-1789539900,14:25-14:30,1.00,,,99.00,30717.71,,,29717.71,,,,,,9021.03,9018.03,,0,99,99,0,75843.43,75841.52,,
2026-09-16T14:29:44+08:00,btc-updown-5m-1789539900,https://polymarket.com/zh/event/btc-updown-5m-1789539900,14:25-14:30,1.00,,,99.00,29739.74,,,29699.74,,,,,,10482.03,10482.03,,0,99,99,0,75843.43,75847.59,,
2026-09-16T14:29:47+08:00,btc-updown-5m-1789539900,https://polymarket.com/zh/event/btc-updown-5m-1789539900,14:25-14:30,1.00,,,99.00,24097.52,,,24290.27,,,,,,7881.03,7882.03,,0,99,99,0,75843.43,75856.29,,
2026-09-16T14:29:49+08:00,btc-updown-5m-1789539900,https://polymarket.com/zh/event/btc-updown-5m-1789539900,14:25-14:30,1.00,,,99.00,24457.27,,,24457.27,,,,,,6371.03,6382.03,,0,99,99,0,75843.43,75856.29,,
2026-09-16T14:29:52+08:00,btc-updown-5m-1789539900,https://polymarket.com/zh/event/btc-updown-5m-1789539900,14:25-14:30,1.00,,,99.00,25305.08,,,25305.54,,,,,,6007.03,6012.03,,0,99,99,0,75843.43,75856.29,,
2026-09-16T14:29:54+08:00,btc-updown-5m-1789539900,https://polymarket.com/zh/event/btc-updown-5m-1789539900,14:25-14:30,1.00,,,99.00,34866.34,,,35015.08,,,,,,5735.03,5620.03,,0,99,99,0,75843.43,75856.29,,
2026-09-16T14:29:56+08:00,btc-updown-5m-1789539900,https://polymarket.com/zh/event/btc-updown-5m-1789539900,14:25-14:30,1.00,,,99.00,34820.78,,,34820.78,,,,,,5520.03,5520.03,,0,99,99,0,75843.43,75856.29,,
2026-09-16T14:29:59+08:00,btc-updown-5m-1789539900,https://polymarket.com/zh/event/btc-updown-5m-1789539900,14:25-14:30,1.00,,,99.00,50405.78,,,50256.78,,,,,,5495.03,5445.03,,0,99,99,0,75843.43,75857.59,,
2026-09-16T14:30:01+08:00,btc-updown-5m-1789540200,https://polymarket.com/zh/event/btc-updown-5m-1789540200,14:30-14:35,63.00,39.00,62.00,38.00,156.66,20.00,10.00,125.00,62.50,38.50,1.00,1.00,15802.75,14114.41,14304.41,16148.75,58,35,38,61,75854.99,75854.99,,
2026-09-16T14:30:04+08:00,btc-updown-5m-1789540200,https://polymarket.com/zh/event/btc-updown-5m-1789540200,14:30-14:35,61.00,40.00,60.00,39.00,590.04,94.56,94.56,590.04,60.50,39.50,1.00,1.00,17503.80,14540.46,14540.46,18202.80,60,39,39,60,75854.99,75854.99,,
2026-09-16T14:30:06+08:00,btc-updown-5m-1789540200,https://polymarket.com/zh/event/btc-updown-5m-1789540200,14:30-14:35,58.00,43.00,57.00,42.00,225.04,246.95,371.95,344.08,57.50,42.50,1.00,1.00,18422.85,15434.51,15549.51,18132.85,57,42,42,57,75854.99,75852.95,,
2026-09-16T14:30:09+08:00,btc-updown-5m-1789540200,https://polymarket.com/zh/event/btc-updown-5m-1789540200,14:30-14:35,57.00,44.00,56.00,43.00,221.63,382.00,377.00,221.63,56.50,43.50,1.00,1.00,18487.85,15514.51,15529.51,18602.85,56,43,43,56,75854.99,75852.95,,
2026-09-16T14:30:11+08:00,btc-updown-5m-1789540200,https://polymarket.com/zh/event/btc-updown-5m-1789540200,14:30-14:35,57.00,44.00,56.00,43.00,61.92,474.71,474.71,50.45,56.50,43.50,1.00,1.00,18630.98,15529.51,15519.51,18020.98,56,43,43,56,75854.99,75854.99,,
2026-09-16T14:30:13+08:00,btc-updown-5m-1789540200,https://polymarket.com/zh/event/btc-updown-5m-1789540200,14:30-14:35,47.00,54.00,46.00,53.00,316.01,159.21,176.93,311.01,46.50,53.50,1.00,1.00,18596.98,16255.51,16260.51,18601.98,46,53,53,46,75854.99,75854.92,,
2026-09-16T14:30:16+08:00,btc-updown-5m-1789540200,https://polymarket.com/zh/event/btc-updown-5m-1789540200,14:30-14:35,47.00,54.00,46.00,53.00,245.04,1008.52,874.75,292.98,46.50,53.50,1.00,1.00,18900.58,16459.11,16497.81,18925.58,46,53,53,46,75854.99,75854.92,,
2026-09-16T14:30:18+08:00,btc-updown-5m-1789540200,https://polymarket.com/zh/event/btc-updown-5m-1789540200,14:30-14:35,48.00,53.00,47.00,52.00,23.86,292.00,342.00,279.38,47.50,52.50,1.00,1.00,18445.58,16114.37,16100.49,18435.58,47,52,52,47,75854.99,75854.92,,
2026-09-16T14:30:21+08:00,btc-updown-5m-1789540200,https://polymarket.com/zh/event/btc-updown-5m-1789540200,14:30-14:35,47.00,54.00,46.00,53.00,354.54,1158.38,1128.76,208.61,46.50,53.50,1.00,1.00,16755.58,14440.49,14346.49,16765.58,46,53,53,46,75854.99,75854.92,,
2026-09-16T14:30:23+08:00,btc-updown-5m-1789540200,https://polymarket.com/zh/event/btc-updown-5m-1789540200,14:30-14:35,50.00,51.00,49.00,50.00,125.56,363.69,368.69,125.56,49.50,50.50,1.00,1.00,16760.58,14404.49,14185.49,16525.58,49,50,50,49,75854.99,75854.92,,
2026-09-16T14:30:26+08:00,btc-updown-5m-1789540200,https://polymarket.com/zh/event/btc-updown-5m-1789540200,14:30-14:35,51.00,50.00,50.00,49.00,238.35,580.13,555.13,218.35,50.50,49.50,1.00,1.00,16375.58,13839.49,13844.49,16280.58,50,49,49,50,75854.99,75854.92,,
2026-09-16T14:30:28+08:00,btc-updown-5m-1789540200,https://polymarket.com/zh/event/btc-updown-5m-1789540200,14:30-14:35,51.00,50.00,50.00,49.00,240.60,385.20,536.20,315.60,50.50,49.50,1.00,1.00,15665.58,13124.49,13119.49,16055.58,50,49,49,50,75854.99,75854.92,,
2026-09-16T14:30:31+08:00,btc-updown-5m-1789540200,https://polymarket.com/zh/event/btc-updown-5m-1789540200,14:30-14:35,51.00,50.00,50.00,49.00,313.89,961.20,1001.00,239.08,50.50,49.50,1.00,1.00,14920.58,12429.49,12419.49,14810.58,50,49,49,50,75854.99,75854.92,,
2026-09-16T14:30:33+08:00,btc-updown-5m-1789540200,https://polymarket.com/zh/event/btc-updown-5m-1789540200,14:30-14:35,51.00,50.00,50.00,49.00,999.90,1016.84,881.84,405.14,50.50,49.50,1.00,1.00,14840.49,11944.49,11709.49,14715.49,50,49,49,50,75854.99,75854.92,,
2026-09-16T14:30:35+08:00,btc-updown-5m-1789540200,https://polymarket.com/zh/event/btc-updown-5m-1789540200,14:30-14:35,54.00,47.00,53.00,46.00,225.78,69.53,190.80,216.41,53.50,46.50,1.00,1.00,13968.89,11464.49,11459.49,14483.89,53,46,46,53,75854.99,75854.92,,
2026-09-16T14:30:38+08:00,btc-updown-5m-1789540200,https://polymarket.com/zh/event/btc-updown-5m-1789540200,14:30-14:35,51.00,50.00,50.00,49.00,208.25,310.94,185.80,80.00,50.50,49.50,1.00,1.00,13983.89,11454.49,11444.49,13968.89,50,49,49,50,75854.99,75853.98,,
2026-09-16T14:30:40+08:00,btc-updown-5m-1789540200,https://polymarket.com/zh/event/btc-updown-5m-1789540200,14:30-14:35,49.00,52.00,48.00,51.00,45.21,479.77,555.61,47.80,48.50,51.50,1.00,1.00,13883.60,11478.75,11487.31,13878.60,48,51,51,48,75854.99,75854.34,,
2026-09-16T14:30:43+08:00,btc-updown-5m-1789540200,https://polymarket.com/zh/event/btc-updown-5m-1789540200,14:30-14:35,50.00,51.00,49.00,50.00,98.20,431.77,435.19,148.20,49.50,50.50,1.00,1.00,13878.60,11507.31,11501.31,13883.60,49,50,50,49,75854.99,75854.28,,
2026-09-16T14:30:45+08:00,btc-updown-5m-1789540200,https://polymarket.com/zh/event/btc-updown-5m-1789540200,14:30-14:35,50.00,52.00,49.00,51.00,166.86,744.32,516.29,33.80,49.50,51.50,1.00,1.00,13889.60,11619.31,11717.31,13889.60,49,50,51,48,75854.99,75852.97,,
2026-09-16T14:30:47+08:00,btc-updown-5m-1789540200,https://polymarket.com/zh/event/btc-updown-5m-1789540200,14:30-14:35,49.00,52.00,48.00,51.00,140.00,736.79,1085.50,67.29,48.50,51.50,1.00,1.00,13884.60,11619.31,11640.31,13894.60,48,51,51,48,75854.99,75852.95,,
2026-09-16T14:30:50+08:00,btc-updown-5m-1789540200,https://polymarket.com/zh/event/btc-updown-5m-1789540200,14:30-14:35,51.00,52.00,50.00,50.00,705.37,121.41,64.08,190.29,50.50,51.00,1.00,2.00,13899.60,11518.31,11623.31,13884.60,50,49,50,48,75854.99,75852.95,,
2026-09-16T14:30:52+08:00,btc-updown-5m-1789540200,https://polymarket.com/zh/event/btc-updown-5m-1789540200,14:30-14:35,51.00,50.00,50.00,49.00,147.98,178.03,132.31,130.94,50.50,49.50,1.00,1.00,13980.60,11513.31,11503.31,13865.60,50,49,49,50,75854.99,75848.14,,
2026-09-16T14:30:55+08:00,btc-updown-5m-1789540200,https://polymarket.com/zh/event/btc-updown-5m-1789540200,14:30-14:35,53.00,49.00,52.00,48.00,875.25,175.30,36.09,551.84,52.50,48.50,1.00,1.00,13760.60,11258.31,11248.31,14240.60,52,47,48,51,75854.99,75848.14,,
2026-09-16T14:30:57+08:00,btc-updown-5m-1789540200,https://polymarket.com/zh/event/btc-updown-5m-1789540200,14:30-14:35,53.00,48.00,52.00,47.00,1076.72,126.41,142.11,1076.72,52.50,47.50,1.00,1.00,13765.60,10768.31,10768.31,13765.60,52,47,47,52,75854.99,75848.15,,
2026-09-16T14:31:00+08:00,btc-updown-5m-1789540200,https://polymarket.com/zh/event/btc-updown-5m-1789540200,14:30-14:35,50.00,53.00,48.00,52.00,179.00,153.49,190.65,28.99,49.00,52.50,2.00,1.00,13655.60,10773.31,10404.31,12680.60,48,50,52,47,75854.99,75848.14,,
2026-09-16T14:31:02+08:00,btc-updown-5m-1789540200,https://polymarket.com/zh/event/btc-updown-5m-1789540200,14:30-14:35,53.00,41.00,50.00,40.00,7.43,60.00,381.08,59.86,51.50,40.50,3.00,1.00,11139.60,7811.31,7566.31,11009.60,50,40,37,59,75854.99,75848.14,,
2026-09-16T14:31:04+08:00,btc-updown-5m-1789540200,https://polymarket.com/zh/event/btc-updown-5m-1789540200,14:30-14:35,60.00,41.00,59.00,40.00,533.03,79.09,168.25,450.28,59.50,40.50,1.00,1.00,11241.60,7294.31,7324.31,10175.15,59,39,40,59,75854.99,75862.71,,
2026-09-16T14:31:07+08:00,btc-updown-5m-1789540200,https://polymarket.com/zh/event/btc-updown-5m-1789540200,14:30-14:35,54.00,46.00,53.00,45.00,73.96,182.76,78.15,60.75,53.50,45.50,1.00,1.00,10955.60,7733.31,7713.31,11860.60,53,46,45,54,75854.99,75867.47,,
2026-09-16T14:31:09+08:00,btc-updown-5m-1789540200,https://polymarket.com/zh/event/btc-updown-5m-1789540200,14:30-14:35,54.00,47.00,53.00,46.00,378.10,69.39,90.20,348.17,53.50,46.50,1.00,1.00,9955.60,7208.31,7213.31,10055.60,53,46,46,53,75854.99,75867.47,,
2026-09-16T14:31:12+08:00,btc-updown-5m-1789540200,https://polymarket.com/zh/event/btc-updown-5m-1789540200,14:30-14:35,56.00,45.00,55.00,44.00,71.67,402.70,471.80,109.67,55.50,44.50,1.00,1.00,10061.59,7208.31,7051.31,9804.59,55,44,44,55,75854.99,75867.47,,
2026-09-16T14:31:14+08:00,btc-updown-5m-1789540200,https://polymarket.com/zh/event/btc-updown-5m-1789540200,14:30-14:35,62.00,39.00,61.00,38.00,294.04,216.79,239.49,292.81,61.50,38.50,1.00,1.00,10394.59,7307.31,7302.31,10879.59,61,38,38,61,75854.99,75852.78,,
2026-09-16T14:31:17+08:00,btc-updown-5m-1789540200,https://polymarket.com/zh/event/btc-updown-5m-1789540200,14:30-14:35,62.00,39.00,61.00,38.00,40.36,563.25,566.93,20.03,61.50,38.50,1.00,1.00,9999.59,7552.31,7557.31,10004.59,61,38,38,61,75854.99,75854.86,,
2026-09-16T14:31:19+08:00,btc-updown-5m-1789540200,https://polymarket.com/zh/event/btc-updown-5m-1789540200,14:30-14:35,60.00,41.00,59.00,40.00,429.52,239.09,245.18,433.04,59.50,40.50,1.00,1.00,10461.57,7411.31,7411.31,10461.57,59,40,40,59,75854.99,75853.80,,
2026-09-16T14:31:21+08:00,btc-updown-5m-1789540200,https://polymarket.com/zh/event/btc-updown-5m-1789540200,14:30-14:35,61.00,40.00,60.00,39.00,146.00,667.86,943.71,146.00,60.50,39.50,1.00,1.00,10566.80,7411.31,7421.31,10476.80,60,39,39,60,75854.99,75855.10,,
2026-09-16T14:31:24+08:00,btc-updown-5m-1789540200,https://polymarket.com/zh/event/btc-updown-5m-1789540200,14:30-14:35,61.00,40.00,60.00,39.00,107.00,950.33,950.33,107.00,60.50,39.50,1.00,1.00,9972.80,7416.31,7421.31,11077.80,60,39,39,60,75854.99,75855.11,,
2026-09-16T14:31:26+08:00,btc-updown-5m-1789540200,https://polymarket.com/zh/event/btc-updown-5m-1789540200,14:30-14:35,61.00,40.00,60.00,39.00,1145.45,128.50,118.50,1130.73,60.50,39.50,1.00,1.00,10482.80,7426.31,7426.31,10582.80,60,39,39,60,75854.99,75855.11,,
2026-09-16T14:31:29+08:00,btc-updown-5m-1789540200,https://polymarket.com/zh/event/btc-updown-5m-1789540200,14:30-14:35,61.00,40.00,60.00,39.00,613.93,712.90,279.14,276.35,60.50,39.50,1.00,1.00,10057.80,7281.31,7301.31,10862.80,60,39,39,60,75854.99,75855.11,,
2026-09-16T14:31:31+08:00,btc-updown-5m-1789540200,https://polymarket.com/zh/event/btc-updown-5m-1789540200,14:30-14:35,59.00,42.00,58.00,41.00,437.49,42.45,77.30,430.69,58.50,41.50,1.00,1.00,9361.80,6601.81,6596.81,9346.80,58,41,41,58,75854.99,75856.31,,
2026-09-16T14:31:34+08:00,btc-updown-5m-1789540200,https://polymarket.com/zh/event/btc-updown-5m-1789540200,14:30-14:35,57.00,44.00,56.00,43.00,942.19,69.28,107.08,904.59,56.50,43.50,1.00,1.00,9351.80,6611.81,6606.81,9246.80,56,43,43,56,75854.99,75856.32,,
2026-09-16T14:31:36+08:00,btc-updown-5m-1789540200,https://polymarket.com/zh/event/btc-updown-5m-1789540200,14:30-14:35,55.00,46.00,54.00,45.00,327.97,305.05,305.05,327.97,54.50,45.50,1.00,1.00,9351.80,6606.81,6616.81,9261.80,54,45,45,54,75854.99,75848.15,,
2026-09-16T14:31:38+08:00,btc-updown-5m-1789540200,https://polymarket.com/zh/event/btc-updown-5m-1789540200,14:30-14:35,46.00,55.00,45.00,54.00,125.00,688.08,693.37,78.63,45.50,54.50,1.00,1.00,5750.14,7060.15,7905.15,6055.14,45,54,54,45,75854.99,75841.52,,
2026-09-16T14:31:41+08:00,btc-updown-5m-1789540200,https://polymarket.com/zh/event/btc-updown-5m-1789540200,14:30-14:35,49.00,52.00,48.00,51.00,17.83,819.89,583.39,15.66,48.50,51.50,1.00,1.00,6200.14,7805.15,7815.15,6215.14,48,51,51,48,75854.99,75841.52,,
2026-09-16T14:31:43+08:00,btc-updown-5m-1789540200,https://polymarket.com/zh/event/btc-updown-5m-1789540200,14:30-14:35,43.00,61.00,42.00,60.00,320.54,177.00,39.00,25.00,42.50,60.50,1.00,1.00,5771.16,7857.81,7957.81,5811.16,40,57,60,38,75854.99,75841.52,,
2026-09-16T14:31:46+08:00,btc-updown-5m-1789540200,https://polymarket.com/zh/event/btc-updown-5m-1789540200,14:30-14:35,38.00,63.00,37.00,62.00,319.23,568.43,382.02,56.93,37.50,62.50,1.00,1.00,5771.16,8817.81,8916.81,5816.16,37,62,62,37,75854.99,75833.94,,
2026-09-16T14:31:48+08:00,btc-updown-5m-1789540200,https://polymarket.com/zh/event/btc-updown-5m-1789540200,14:30-14:35,43.00,58.00,42.00,57.00,669.09,244.75,244.75,769.01,42.50,57.50,1.00,1.00,6136.16,8821.81,8917.81,6106.16,42,57,57,42,75854.99,75833.95,,
2026-09-16T14:31:51+08:00,btc-updown-5m-1789540200,https://polymarket.com/zh/event/btc-updown-5m-1789540200,14:30-14:35,42.00,59.00,41.00,58.00,114.03,283.31,351.91,131.64,41.50,58.50,1.00,1.00,6225.50,7002.15,6986.15,6215.50,41,58,58,41,75854.99,75842.80,,
2026-09-16T14:31:53+08:00,btc-updown-5m-1789540200,https://polymarket.com/zh/event/btc-updown-5m-1789540200,14:30-14:35,41.00,60.00,40.00,59.00,524.99,522.51,355.43,300.00,40.50,59.50,1.00,1.00,6215.50,7751.15,7950.15,6225.50,40,59,59,40,75854.99,75842.80,,
2026-09-16T14:31:56+08:00,btc-updown-5m-1789540200,https://polymarket.com/zh/event/btc-updown-5m-1789540200,14:30-14:35,42.00,59.00,41.00,58.00,64.26,720.21,728.69,64.26,41.50,58.50,1.00,1.00,6210.50,7756.15,7750.15,6200.50,41,58,58,41,75854.99,75842.80,,
2026-09-16T14:31:58+08:00,btc-updown-5m-1789540200,https://polymarket.com/zh/event/btc-updown-5m-1789540200,14:30-14:35,42.00,59.00,41.00,58.00,201.31,188.62,288.41,236.85,41.50,58.50,1.00,1.00,6022.50,8070.15,9445.15,6032.50,41,58,58,41,75854.99,75833.95,,
2026-09-16T14:32:00+08:00,btc-updown-5m-1789540200,https://polymarket.com/zh/event/btc-updown-5m-1789540200,14:30-14:35,42.00,59.00,41.00,58.00,128.43,298.33,305.56,153.43,41.50,58.50,1.00,1.00,6044.50,9680.15,9591.15,6054.50,41,58,58,41,75854.99,75833.94,,
2026-09-16T14:32:03+08:00,btc-updown-5m-1789540200,https://polymarket.com/zh/event/btc-updown-5m-1789540200,14:30-14:35,41.00,60.00,40.00,59.00,267.99,302.36,238.11,49.00,40.50,59.50,1.00,1.00,5739.50,9280.15,9275.15,5739.50,40,59,59,40,75854.99,75833.94,,
2026-09-16T14:32:05+08:00,btc-updown-5m-1789540200,https://polymarket.com/zh/event/btc-updown-5m-1789540200,14:30-14:35,40.00,61.00,39.00,60.00,23.00,692.21,658.61,23.00,39.50,60.50,1.00,1.00,5754.50,9396.15,9385.15,5739.50,39,60,60,39,75854.99,75833.95,,
2026-09-16T14:32:08+08:00,btc-updown-5m-1789540200,https://polymarket.com/zh/event/btc-updown-5m-1789540200,14:30-14:35,39.00,62.00,38.00,61.00,141.00,404.91,414.60,141.00,38.50,61.50,1.00,1.00,5688.50,9301.15,9280.15,5678.50,38,61,61,38,75854.99,75833.95,,
2026-09-16T14:32:10+08:00,btc-updown-5m-1789540200,https://polymarket.com/zh/event/btc-updown-5m-1789540200,14:30-14:35,49.00,50.00,48.00,49.00,48.00,639.64,655.84,76.40,48.50,49.50,1.00,1.00,5670.50,9400.15,9280.15,5655.50,48,51,49,50,75854.99,75835.76,,
2026-09-16T14:32:13+08:00,btc-updown-5m-1789540200,https://polymarket.com/zh/event/btc-updown-5m-1789540200,14:30-14:35,49.00,52.00,48.00,51.00,396.99,255.89,215.90,440.99,48.50,51.50,1.00,1.00,5809.76,8335.15,8225.15,5824.76,48,51,51,48,75854.99,75841.72,,
2026-09-16T14:32:15+08:00,btc-updown-5m-1789540200,https://polymarket.com/zh/event/btc-updown-5m-1789540200,14:30-14:35,50.00,52.00,49.00,51.00,483.43,150.00,100.00,239.84,49.50,51.50,1.00,1.00,6019.40,7190.15,7105.15,6019.40,49,50,51,48,75854.99,75843.37,,
2026-09-16T14:32:18+08:00,btc-updown-5m-1789540200,https://polymarket.com/zh/event/btc-updown-5m-1789540200,14:30-14:35,50.00,51.00,49.00,50.00,94.64,294.23,266.20,84.14,49.50,50.50,1.00,1.00,6030.05,7206.15,7196.15,6030.05,49,50,50,49,75854.99,75844.39,,
2026-09-16T14:32:20+08:00,btc-updown-5m-1789540200,https://polymarket.com/zh/event/btc-updown-5m-1789540200,14:30-14:35,51.00,50.00,50.00,49.00,85.80,839.00,959.00,165.80,50.50,49.50,1.00,1.00,5980.05,6160.15,6145.15,6080.05,50,49,49,50,75854.99,75844.40,,
2026-09-16T14:32:23+08:00,btc-updown-5m-1789540200,https://polymarket.com/zh/event/btc-updown-5m-1789540200,14:30-14:35,51.00,50.00,50.00,49.00,120.51,532.47,557.47,200.51,50.50,49.50,1.00,1.00,6075.05,6160.15,6160.15,6080.05,50,49,49,50,75854.99,75844.40,,
2026-09-16T14:32:25+08:00,btc-updown-5m-1789540200,https://polymarket.com/zh/event/btc-updown-5m-1789540200,14:30-14:35,47.00,51.00,46.00,50.00,330.14,304.99,533.41,230.00,46.50,50.50,1.00,1.00,5975.05,6145.15,6260.15,5985.05,46,53,50,49,75854.99,75844.40,,
2026-09-16T14:32:27+08:00,btc-updown-5m-1789540200,https://polymarket.com/zh/event/btc-updown-5m-1789540200,14:30-14:35,48.00,53.00,47.00,52.00,452.99,50.00,245.00,862.43,47.50,52.50,1.00,1.00,5974.96,6145.06,6155.06,5984.96,47,52,52,47,75854.99,75844.40,,
2026-09-16T14:32:30+08:00,btc-updown-5m-1789540200,https://polymarket.com/zh/event/btc-updown-5m-1789540200,14:30-14:35,48.00,53.00,47.00,52.00,8.79,808.29,808.29,8.79,47.50,52.50,1.00,1.00,5989.96,6150.06,6235.06,5969.96,47,52,52,47,75854.99,75844.40,,
2026-09-16T14:32:32+08:00,btc-updown-5m-1789540200,https://polymarket.com/zh/event/btc-updown-5m-1789540200,14:30-14:35,47.00,54.00,46.00,53.00,95.00,1125.01,853.92,175.00,46.50,53.50,1.00,1.00,5978.96,6135.06,6250.06,5988.96,46,53,53,46,75854.99,75844.40,,
2026-09-16T14:32:35+08:00,btc-updown-5m-1789540200,https://polymarket.com/zh/event/btc-updown-5m-1789540200,14:30-14:35,47.00,54.00,46.00,53.00,255.00,1438.84,1415.18,255.00,46.50,53.50,1.00,1.00,5968.96,6250.06,6135.06,5963.96,46,53,53,46,75854.99,75844.40,,
2026-09-16T14:32:37+08:00,btc-updown-5m-1789540200,https://polymarket.com/zh/event/btc-updown-5m-1789540200,14:30-14:35,47.00,54.00,46.00,53.00,244.36,889.11,1343.24,324.21,46.50,53.50,1.00,1.00,5973.96,6136.06,6126.06,5963.96,46,53,53,46,75854.99,75844.40,,
2026-09-16T14:32:39+08:00,btc-updown-5m-1789540200,https://polymarket.com/zh/event/btc-updown-5m-1789540200,14:30-14:35,47.00,54.00,46.00,53.00,249.36,1141.14,1173.14,160.00,46.50,53.50,1.00,1.00,5948.96,6226.06,6132.06,5953.96,46,53,53,46,75854.99,75844.40,,
2026-09-16T14:32:42+08:00,btc-updown-5m-1789540200,https://polymarket.com/zh/event/btc-updown-5m-1789540200,14:30-14:35,44.00,57.00,43.00,56.00,150.86,119.96,170.44,222.52,43.50,56.50,1.00,1.00,7930.62,5742.72,5757.72,8005.62,43,56,56,43,75854.99,75849.28,,
2026-09-16T14:32:44+08:00,btc-updown-5m-1789540200,https://polymarket.com/zh/event/btc-updown-5m-1789540200,14:30-14:35,50.00,51.00,49.00,50.00,29.50,251.53,128.66,34.09,49.50,50.50,1.00,1.00,5474.15,5927.06,5952.06,5499.15,49,50,50,49,75854.99,75844.38,,
2026-09-16T14:32:47+08:00,btc-updown-5m-1789540200,https://polymarket.com/zh/event/btc-updown-5m-1789540200,14:30-14:35,52.00,49.00,51.00,48.00,437.72,539.30,139.00,53.57,51.50,48.50,1.00,1.00,5628.95,5951.86,5946.86,5708.95,51,48,48,51,75854.99,75843.08,,
2026-09-16T14:32:49+08:00,btc-updown-5m-1789540200,https://polymarket.com/zh/event/btc-updown-5m-1789540200,14:30-14:35,60.00,41.00,59.00,40.00,46.40,438.09,488.09,38.88,59.50,40.50,1.00,1.00,5683.95,6058.86,6043.86,6168.95,59,40,40,59,75854.99,75843.08,,
2026-09-16T14:32:52+08:00,btc-updown-5m-1789540200,https://polymarket.com/zh/event/btc-updown-5m-1789540200,14:30-14:35,60.00,41.00,59.00,40.00,102.43,312.94,247.94,119.43,59.50,40.50,1.00,1.00,6168.95,6043.86,6053.86,6078.95,59,40,40,59,75854.99,75843.08,,
2026-09-16T14:32:54+08:00,btc-updown-5m-1789540200,https://polymarket.com/zh/event/btc-updown-5m-1789540200,14:30-14:35,59.00,42.00,58.00,41.00,722.99,318.29,280.39,114.39,58.50,41.50,1.00,1.00,6168.95,5970.03,5975.03,5678.95,58,41,41,58,75854.99,75843.08,,
2026-09-16T14:32:56+08:00,btc-updown-5m-1789540200,https://polymarket.com/zh/event/btc-updown-5m-1789540200,14:30-14:35,52.00,49.00,51.00,48.00,91.96,316.45,351.58,86.96,51.50,48.50,1.00,1.00,4844.61,7770.69,7985.69,5189.61,51,48,48,51,75854.99,75839.37,,
2026-09-16T14:32:59+08:00,btc-updown-5m-1789540200,https://polymarket.com/zh/event/btc-updown-5m-1789540200,14:30-14:35,56.00,46.00,55.00,45.00,373.36,30.00,25.00,560.36,55.50,45.50,1.00,1.00,5475.61,7281.69,7291.69,6085.61,55,44,45,54,75854.99,75839.37,,
2026-09-16T14:33:01+08:00,btc-updown-5m-1789540200,https://polymarket.com/zh/event/btc-updown-5m-1789540200,14:30-14:35,57.00,46.00,56.00,45.00,88.79,19.00,15.00,494.14,56.50,45.50,1.00,1.00,6375.61,4898.69,5388.69,6160.61,56,43,45,54,75854.99,75849.29,,
2026-09-16T14:33:04+08:00,btc-updown-5m-1789540200,https://polymarket.com/zh/event/btc-updown-5m-1789540200,14:30-14:35,54.00,47.00,53.00,46.00,324.99,120.42,301.00,404.95,53.50,46.50,1.00,1.00,7755.61,5865.69,5865.69,7740.61,53,46,46,53,75854.99,75849.28,,
2026-09-16T14:33:06+08:00,btc-updown-5m-1789540200,https://polymarket.com/zh/event/btc-updown-5m-1789540200,14:30-14:35,58.00,43.00,57.00,42.00,704.18,82.53,82.53,704.18,57.50,42.50,1.00,1.00,7765.61,5440.69,5435.69,8160.61,57,42,42,57,75854.99,75849.28,,
2026-09-16T14:33:09+08:00,btc-updown-5m-1789540200,https://polymarket.com/zh/event/btc-updown-5m-1789540200,14:30-14:35,57.00,44.00,56.00,43.00,29.33,149.34,159.75,144.97,56.50,43.50,1.00,1.00,8145.61,5885.69,5900.69,8155.61,56,43,43,56,75854.99,75849.28,,
2026-09-16T14:33:11+08:00,btc-updown-5m-1789540200,https://polymarket.com/zh/event/btc-updown-5m-1789540200,14:30-14:35,56.00,47.00,55.00,46.00,744.59,19.43,9.09,947.48,55.50,46.50,1.00,1.00,7860.61,5885.69,5880.69,8740.61,55,44,46,53,75854.99,75849.28,,
2026-09-16T14:33:13+08:00,btc-updown-5m-1789540200,https://polymarket.com/zh/event/btc-updown-5m-1789540200,14:30-14:35,58.00,43.00,57.00,42.00,112.00,366.91,684.15,112.00,57.50,42.50,1.00,1.00,7740.61,5816.69,5821.69,7745.61,57,42,42,57,75854.99,75849.29,,
2026-09-16T14:33:16+08:00,btc-updown-5m-1789540200,https://polymarket.com/zh/event/btc-updown-5m-1789540200,14:30-14:35,61.00,39.00,60.00,38.00,47.90,296.07,1205.11,91.29,60.50,38.50,1.00,1.00,8250.61,5750.69,5720.69,8125.61,60,39,38,61,75854.99,75849.28,,
2026-09-16T14:33:18+08:00,btc-updown-5m-1789540200,https://polymarket.com/zh/event/btc-updown-5m-1789540200,14:30-14:35,64.00,37.00,63.00,36.00,151.50,808.30,808.30,223.69,63.50,36.50,1.00,1.00,8125.61,5750.69,5765.69,8845.61,63,36,36,63,75854.99,75849.28,,
2026-09-16T14:33:21+08:00,btc-updown-5m-1789540200,https://polymarket.com/zh/event/btc-updown-5m-1789540200,14:30-14:35,66.00,38.00,65.00,37.00,102.41,99.00,5.00,157.98,65.50,37.50,1.00,1.00,8125.61,5035.69,4980.69,8235.61,65,34,37,62,75854.99,75849.28,,
2026-09-16T14:33:23+08:00,btc-updown-5m-1789540200,https://polymarket.com/zh/event/btc-updown-5m-1789540200,14:30-14:35,61.00,40.00,60.00,39.00,317.42,505.18,477.69,342.42,60.50,39.50,1.00,1.00,8135.61,5444.69,5429.69,8125.61,60,39,39,60,75854.99,75849.28,,
2026-09-16T14:33:25+08:00,btc-updown-5m-1789540200,https://polymarket.com/zh/event/btc-updown-5m-1789540200,14:30-14:35,63.00,38.00,62.00,37.00,345.00,51.00,458.16,282.79,62.50,37.50,1.00,1.00,8340.61,5469.69,5459.69,7625.61,62,37,37,62,75854.99,75849.28,,
2026-09-16T14:33:28+08:00,btc-updown-5m-1789540200,https://polymarket.com/zh/event/btc-updown-5m-1789540200,14:30-14:35,63.00,38.00,62.00,37.00,14.41,981.98,842.98,11.00,62.50,37.50,1.00,1.00,8130.61,5551.69,5556.69,8245.61,62,37,37,62,75854.99,75849.28,,
2026-09-16T14:33:30+08:00,btc-updown-5m-1789540200,https://polymarket.com/zh/event/btc-updown-5m-1789540200,14:30-14:35,64.00,37.00,63.00,36.00,45.31,341.99,679.09,85.31,63.50,36.50,1.00,1.00,7440.61,5451.69,5441.69,7530.61,63,36,36,63,75854.99,75849.28,,
2026-09-16T14:33:33+08:00,btc-updown-5m-1789540200,https://polymarket.com/zh/event/btc-updown-5m-1789540200,14:30-14:35,67.00,34.00,66.00,33.00,17.00,768.68,634.68,17.00,66.50,33.50,1.00,1.00,7430.61,4720.69,4735.69,7540.61,66,33,33,66,75854.99,75849.28,,
2026-09-16T14:33:35+08:00,btc-updown-5m-1789540200,https://polymarket.com/zh/event/btc-updown-5m-1789540200,14:30-14:35,73.00,28.00,72.00,27.00,62.00,713.44,444.99,23.00,72.50,27.50,1.00,1.00,8045.61,4902.69,4902.69,8040.61,72,27,27,72,75854.99,75849.28,,
2026-09-16T14:33:38+08:00,btc-updown-5m-1789540200,https://polymarket.com/zh/event/btc-updown-5m-1789540200,14:30-14:35,74.00,27.00,73.00,26.00,10.00,669.29,656.29,5.00,73.50,26.50,1.00,1.00,8030.61,4902.69,4902.69,7925.61,73,26,26,73,75854.99,75849.29,,
2026-09-16T14:33:40+08:00,btc-updown-5m-1789540200,https://polymarket.com/zh/event/btc-updown-5m-1789540200,14:30-14:35,81.00,19.00,80.00,18.00,58.57,618.61,489.07,295.42,80.50,18.50,1.00,1.00,7850.61,4937.69,4977.69,8070.61,80,19,18,81,75854.99,75849.28,,
2026-09-16T14:33:42+08:00,btc-updown-5m-1789540200,https://polymarket.com/zh/event/btc-updown-5m-1789540200,14:30-14:35,83.00,18.00,82.00,17.00,94.97,691.20,539.17,103.58,82.50,17.50,1.00,1.00,8925.61,4977.69,4977.69,8330.61,82,17,17,82,75854.99,75849.28,,
2026-09-16T14:33:45+08:00,btc-updown-5m-1789540200,https://polymarket.com/zh/event/btc-updown-5m-1789540200,14:30-14:35,85.00,16.00,84.00,15.00,372.22,142.27,148.27,437.74,84.50,15.50,1.00,1.00,8425.61,5164.08,5174.08,8425.61,84,15,15,84,75854.99,75849.28,,
2026-09-16T14:33:47+08:00,btc-updown-5m-1789540200,https://polymarket.com/zh/event/btc-updown-5m-1789540200,14:30-14:35,89.00,12.00,88.00,11.00,131.66,91.97,103.18,691.32,88.50,11.50,1.00,1.00,8924.61,5139.24,5143.20,8919.61,88,11,11,88,75854.99,75849.28,,
2026-09-16T14:33:50+08:00,btc-updown-5m-1789540200,https://polymarket.com/zh/event/btc-updown-5m-1789540200,14:30-14:35,79.00,21.00,78.00,20.00,18.11,1328.74,1035.82,73.00,78.50,20.50,1.00,1.00,8919.61,4984.08,4989.08,8319.61,78,21,20,79,75854.99,75849.28,,
2026-09-16T14:33:52+08:00,btc-updown-5m-1789540200,https://polymarket.com/zh/event/btc-updown-5m-1789540200,14:30-14:35,90.00,11.00,89.00,10.00,132.66,889.15,783.25,137.54,89.50,10.50,1.00,1.00,8324.61,4883.14,4913.14,8534.61,89,10,10,89,75854.99,75857.79,,
2026-09-16T14:33:54+08:00,btc-updown-5m-1789540200,https://polymarket.com/zh/event/btc-updown-5m-1789540200,14:30-14:35,98.00,3.00,97.00,2.00,902.07,578.89,336.86,850.99,97.50,2.50,1.00,1.00,8271.61,3756.46,3785.38,8256.61,97,2,2,97,75854.99,75857.80,,
2026-09-16T14:33:57+08:00,btc-updown-5m-1789540200,https://polymarket.com/zh/event/btc-updown-5m-1789540200,14:30-14:35,98.00,3.00,97.00,2.00,364.47,717.15,748.30,311.27,97.50,2.50,1.00,1.00,7681.96,3221.55,3098.35,7786.96,97,2,2,97,75854.99,75867.47,,
2026-09-16T14:33:59+08:00,btc-updown-5m-1789540200,https://polymarket.com/zh/event/btc-updown-5m-1789540200,14:30-14:35,98.00,3.00,97.00,2.00,238.63,1059.34,601.98,35.63,97.50,2.50,1.00,1.00,7783.91,2925.71,2507.72,7678.91,97,2,2,97,75854.99,75867.47,,
2026-09-16T14:34:02+08:00,btc-updown-5m-1789540200,https://polymarket.com/zh/event/btc-updown-5m-1789540200,14:30-14:35,,1.00,99.00,,,3631.16,3639.93,,,,,,8065.63,,,8060.63,99,0,0,99,75854.99,75878.65,,
2026-09-16T14:34:04+08:00,btc-updown-5m-1789540200,https://polymarket.com/zh/event/btc-updown-5m-1789540200,14:30-14:35,,1.00,99.00,,,7050.61,7010.61,,,,,,8060.63,,,8060.63,99,0,0,99,75854.99,75878.66,,
2026-09-16T14:34:06+08:00,btc-updown-5m-1789540200,https://polymarket.com/zh/event/btc-updown-5m-1789540200,14:30-14:35,,1.00,99.00,,,6744.99,6824.99,,,,,,7560.63,,,8070.63,99,0,0,99,75854.99,75878.66,,
2026-09-16T14:34:09+08:00,btc-updown-5m-1789540200,https://polymarket.com/zh/event/btc-updown-5m-1789540200,14:30-14:35,,1.00,99.00,,,6931.69,6851.69,,,,,,7561.63,,,7076.63,99,0,0,99,75854.99,75878.65,,
2026-09-16T14:34:11+08:00,btc-updown-5m-1789540200,https://polymarket.com/zh/event/btc-updown-5m-1789540200,14:30-14:35,,1.00,99.00,,,7098.84,6935.88,,,,,,6805.63,,,6825.63,99,0,0,99,75854.99,75878.66,,
2026-09-16T14:34:14+08:00,btc-updown-5m-1789540200,https://polymarket.com/zh/event/btc-updown-5m-1789540200,14:30-14:35,,1.00,99.00,,,15539.14,10286.13,,,,,,7305.63,,,6810.63,99,0,0,99,75854.99,75878.66,,
2026-09-16T14:34:16+08:00,btc-updown-5m-1789540200,https://polymarket.com/zh/event/btc-updown-5m-1789540200,14:30-14:35,,1.00,99.00,,,20018.21,19998.21,,,,,,7036.63,,,7036.63,99,0,0,99,75854.99,75878.67,,
2026-09-16T14:34:19+08:00,btc-updown-5m-1789540200,https://polymarket.com/zh/event/btc-updown-5m-1789540200,14:30-14:35,,1.00,99.00,,,20121.18,20293.21,,,,,,6556.63,,,7046.63,99,0,0,99,75854.99,75878.66,,
2026-09-16T14:34:21+08:00,btc-updown-5m-1789540200,https://polymarket.com/zh/event/btc-updown-5m-1789540200,14:30-14:35,,1.00,99.00,,,20874.98,20869.93,,,,,,7031.63,,,6531.63,99,0,0,99,75854.99,75878.66,,
2026-09-16T14:34:23+08:00,btc-updown-5m-1789540200,https://polymarket.com/zh/event/btc-updown-5m-1789540200,14:30-14:35,,1.00,99.00,,,20640.95,20737.95,,,,,,7031.63,,,7046.63,99,0,0,99,75854.99,75878.66,,
2026-09-16T14:34:26+08:00,btc-updown-5m-1789540200,https://polymarket.com/zh/event/btc-updown-5m-1789540200,14:30-14:35,,1.00,99.00,,,20796.72,20720.72,,,,,,7031.63,,,7036.63,99,0,0,99,75854.99,75878.66,,
2026-09-16T14:34:28+08:00,btc-updown-5m-1789540200,https://polymarket.com/zh/event/btc-updown-5m-1789540200,14:30-14:35,,1.00,99.00,,,20546.82,20382.08,,,,,,6585.63,,,7090.63,99,0,0,99,75854.99,75877.11,,
2026-09-16T14:34:31+08:00,btc-updown-5m-1789540200,https://polymarket.com/zh/event/btc-updown-5m-1789540200,14:30-14:35,,1.00,99.00,,,20269.79,20289.79,,,,,,6485.63,,,6490.63,99,0,0,99,75854.99,75875.66,,
2026-09-16T14:34:33+08:00,btc-updown-5m-1789540200,https://polymarket.com/zh/event/btc-updown-5m-1789540200,14:30-14:35,,1.00,99.00,,,20165.11,20165.11,,,,,,6540.63,,,7040.63,99,0,0,99,75854.99,75875.66,,
2026-09-16T14:34:36+08:00,btc-updown-5m-1789540200,https://polymarket.com/zh/event/btc-updown-5m-1789540200,14:30-14:35,,1.00,99.00,,,20140.74,20160.74,,,,,,6535.63,,,6535.63,99,0,0,99,75854.99,75875.66,,
2026-09-16T14:34:38+08:00,btc-updown-5m-1789540200,https://polymarket.com/zh/event/btc-updown-5m-1789540200,14:30-14:35,,1.00,99.00,,,20551.37,20551.37,,,,,,6471.63,,,6461.63,99,0,0,99,75854.99,75876.92,,
2026-09-16T14:34:40+08:00,btc-updown-5m-1789540200,https://polymarket.com/zh/event/btc-updown-5m-1789540200,14:30-14:35,,1.00,99.00,,,21907.37,21857.37,,,,,,6461.63,,,6466.63,99,0,0,99,75854.99,75877.49,,
2026-09-16T14:34:43+08:00,btc-updown-5m-1789540200,https://polymarket.com/zh/event/btc-updown-5m-1789540200,14:30-14:35,,1.00,99.00,,,21877.07,21877.07,,,,,,6971.63,,,6976.63,99,0,0,99,75854.99,75878.67,,
2026-09-16T14:34:45+08:00,btc-updown-5m-1789540200,https://polymarket.com/zh/event/btc-updown-5m-1789540200,14:30-14:35,,1.00,99.00,,,21793.97,21954.59,,,,,,7971.63,,,7971.63,99,0,0,99,75854.99,75884.82,,
2026-09-16T14:34:48+08:00,btc-updown-5m-1789540200,https://polymarket.com/zh/event/btc-updown-5m-1789540200,14:30-14:35,,1.00,99.00,,,22148.51,22148.51,,,,,,7971.63,,,7961.63,99,0,0,99,75854.99,75884.29,,
2026-09-16T14:34:50+08:00,btc-updown-5m-1789540200,https://polymarket.com/zh/event/btc-updown-5m-1789540200,14:30-14:35,,1.00,99.00,,,22476.69,22476.69,,,,,,7401.63,,,7901.63,99,0,0,99,75854.99,75884.78,,
2026-09-16T14:34:52+08:00,btc-updown-5m-1789540200,https://polymarket.com/zh/event/btc-updown-5m-1789540200,14:30-14:35,,1.00,99.00,,,28353.69,27822.80,,,,,,8101.63,,,7606.63,99,0,0,99,75854.99,75884.28,,
2026-09-16T14:34:55+08:00,btc-updown-5m-1789540200,https://polymarket.com/zh/event/btc-updown-5m-1789540200,14:30-14:35,,1.00,99.00,,,36521.25,36675.99,,,,,,8001.63,,,8006.63,99,0,0,99,75854.99,75884.79,,
2026-09-16T14:34:57+08:00,btc-updown-5m-1789540200,https://polymarket.com/zh/event/btc-updown-5m-1789540200,14:30-14:35,,1.00,99.00,,,36340.95,36625.69,,,,,,3541.63,,,4046.63,99,0,0,99,75854.99,75884.79,,
2026-09-16T14:35:00+08:00,btc-updown-5m-1789540200,https://polymarket.com/zh/event/btc-updown-5m-1789540200,14:30-14:35,,1.00,99.00,,,47349.73,47474.78,,,,,,3161.38,,,3166.38,80,0,0,79,75854.99,75861.81,,
2026-09-16T14:35:03+08:00,btc-updown-5m-1789540500,https://polymarket.com/zh/event/btc-updown-5m-1789540500,14:35-14:40,25.00,76.00,24.00,75.00,263.06,368.96,388.96,183.06,24.50,75.50,1.00,1.00,23370.28,26323.20,26333.20,23370.28,24,75,75,24,,75845.12,,
2026-09-16T14:35:05+08:00,btc-updown-5m-1789540500,https://polymarket.com/zh/event/btc-updown-5m-1789540500,14:35-14:40,24.00,77.00,23.00,76.00,993.62,95.00,128.59,1000.66,23.50,76.50,1.00,1.00,24457.61,27321.53,27131.53,24417.61,23,76,76,23,,75843.66,,
2026-09-16T14:35:08+08:00,btc-updown-5m-1789540500,https://polymarket.com/zh/event/btc-updown-5m-1789540500,14:35-14:40,24.00,77.00,23.00,76.00,937.23,55.93,55.93,897.23,23.50,76.50,1.00,1.00,24227.61,26900.53,26805.53,24227.61,23,76,76,23,,75843.66,,
2026-09-16T14:35:10+08:00,btc-updown-5m-1789540500,https://polymarket.com/zh/event/btc-updown-5m-1789540500,14:35-14:40,24.00,77.00,23.00,76.00,207.38,180.64,195.64,218.04,23.50,76.50,1.00,1.00,24443.87,27513.81,27503.81,24443.87,23,76,76,23,,75843.67,,
2026-09-16T14:35:12+08:00,btc-updown-5m-1789540500,https://polymarket.com/zh/event/btc-updown-5m-1789540500,14:35-14:40,25.00,76.00,24.00,75.00,257.00,669.24,664.24,257.00,24.50,75.50,1.00,1.00,24403.87,27498.81,27504.81,24403.87,24,75,75,24,,75843.66,,
2026-09-16T14:35:15+08:00,btc-updown-5m-1789540500,https://polymarket.com/zh/event/btc-updown-5m-1789540500,14:35-14:40,27.00,74.00,26.00,73.00,191.88,730.17,736.93,215.35,26.50,73.50,1.00,1.00,24323.87,27463.81,27463.81,24323.87,26,73,73,26,,75843.66,,
2026-09-16T14:35:17+08:00,btc-updown-5m-1789540500,https://polymarket.com/zh/event/btc-updown-5m-1789540500,14:35-14:40,26.00,76.00,25.00,75.00,732.37,130.00,100.00,875.99,25.50,75.50,1.00,1.00,24662.47,27882.41,27813.41,24702.47,25,74,75,24,,75843.66,,
2026-09-16T14:35:20+08:00,btc-updown-5m-1789540500,https://polymarket.com/zh/event/btc-updown-5m-1789540500,14:35-14:40,23.00,78.00,22.00,77.00,814.04,70.00,75.00,587.74,22.50,77.50,1.00,1.00,24157.47,27168.41,27068.41,24157.47,22,77,77,22,,75843.66,,
2026-09-16T14:35:22+08:00,btc-updown-5m-1789540500,https://polymarket.com/zh/event/btc-updown-5m-1789540500,14:35-14:40,21.00,80.00,20.00,79.00,680.99,215.64,176.89,497.99,20.50,79.50,1.00,1.00,22568.47,25614.41,25692.41,22568.47,20,79,79,20,,75842.14,,
2026-09-16T14:35:24+08:00,btc-updown-5m-1789540500,https://polymarket.com/zh/event/btc-updown-5m-1789540500,14:35-14:40,22.00,82.00,21.00,80.00,634.06,154.20,60.00,295.17,21.50,81.00,1.00,2.00,22348.47,25432.41,25428.41,22443.47,21,78,80,18,,75834.96,,
2026-09-16T14:35:27+08:00,btc-updown-5m-1789540500,https://polymarket.com/zh/event/btc-updown-5m-1789540500,14:35-14:40,22.00,79.00,21.00,78.00,397.41,584.38,541.28,367.41,21.50,78.50,1.00,1.00,22087.47,24062.41,24036.41,22092.47,21,78,78,21,,75834.96,,
2026-09-16T14:35:29+08:00,btc-updown-5m-1789540500,https://polymarket.com/zh/event/btc-updown-5m-1789540500,14:35-14:40,22.00,78.00,21.00,77.00,92.45,713.49,790.97,20.00,21.50,77.50,1.00,1.00,21461.47,23327.41,23227.41,21210.47,21,78,77,22,,75834.96,,
2026-09-16T14:35:32+08:00,btc-updown-5m-1789540500,https://polymarket.com/zh/event/btc-updown-5m-1789540500,14:35-14:40,23.00,78.00,22.00,77.00,970.19,63.50,63.50,878.19,22.50,77.50,1.00,1.00,20549.47,22777.41,22677.41,20554.47,22,77,77,22,,75837.00,,
2026-09-16T14:35:34+08:00,btc-updown-5m-1789540500,https://polymarket.com/zh/event/btc-updown-5m-1789540500,14:35-14:40,21.00,80.00,20.00,79.00,936.93,255.12,336.37,960.31,20.50,79.50,1.00,1.00,20064.47,22291.41,21951.41,19924.47,20,79,79,20,,75836.01,,
2026-09-16T14:35:36+08:00,btc-updown-5m-1789540500,https://polymarket.com/zh/event/btc-updown-5m-1789540500,14:35-14:40,20.00,81.00,19.00,80.00,222.33,263.67,176.32,773.15,19.50,80.50,1.00,1.00,19794.47,21862.41,21972.41,19794.47,19,80,80,19,,75836.05,,
2026-09-16T14:35:39+08:00,btc-updown-5m-1789540500,https://polymarket.com/zh/event/btc-updown-5m-1789540500,14:35-14:40,20.00,81.00,19.00,80.00,124.00,372.29,457.93,136.78,19.50,80.50,1.00,1.00,19653.47,21972.41,21863.41,19653.47,19,80,80,19,,75836.06,,
2026-09-16T14:35:42+08:00,btc-updown-5m-1789540500,https://polymarket.com/zh/event/btc-updown-5m-1789540500,14:35-14:40,20.00,81.00,19.00,80.00,730.49,65.75,65.75,710.49,19.50,80.50,1.00,1.00,19678.47,22073.41,21867.41,19673.47,19,80,80,19,,75836.06,,
2026-09-16T14:35:44+08:00,btc-updown-5m-1789540500,https://polymarket.com/zh/event/btc-updown-5m-1789540500,14:35-14:40,18.00,83.00,17.00,82.00,248.99,44.33,138.33,989.99,17.50,82.50,1.00,1.00,19668.47,21957.41,21862.41,19945.47,17,82,82,17,,75836.06,,
2026-09-16T14:35:47+08:00,btc-updown-5m-1789540500,https://polymarket.com/zh/event/btc-updown-5m-1789540500,14:35-14:40,18.00,83.00,17.00,82.00,809.52,212.87,167.87,829.52,17.50,82.50,1.00,1.00,19977.47,21912.41,21806.41,19977.47,17,82,82,17,,75836.06,,
2026-09-16T14:35:49+08:00,btc-updown-5m-1789540500,https://polymarket.com/zh/event/btc-updown-5m-1789540500,14:35-14:40,18.00,83.00,17.00,82.00,830.54,311.48,326.48,850.54,17.50,82.50,1.00,1.00,19977.47,21906.41,21806.41,19977.47,17,82,82,17,,75836.06,,
2026-09-16T14:35:51+08:00,btc-updown-5m-1789540500,https://polymarket.com/zh/event/btc-updown-5m-1789540500,14:35-14:40,18.00,83.00,17.00,82.00,776.94,105.88,223.82,853.51,17.50,82.50,1.00,1.00,20352.47,21799.41,22292.41,20347.47,17,82,82,17,,75834.96,,
2026-09-16T14:35:54+08:00,btc-updown-5m-1789540500,https://polymarket.com/zh/event/btc-updown-5m-1789540500,14:35-14:40,17.00,84.00,16.00,83.00,311.18,675.85,566.52,384.19,16.50,83.50,1.00,1.00,19911.47,21657.41,21651.41,19847.47,16,83,83,16,,75833.44,,
2026-09-16T14:35:56+08:00,btc-updown-5m-1789540500,https://polymarket.com/zh/event/btc-updown-5m-1789540500,14:35-14:40,16.00,85.00,15.00,84.00,787.57,340.41,340.41,912.19,15.50,84.50,1.00,1.00,19927.36,21663.41,21172.41,19402.36,15,84,84,15,,75830.72,,
2026-09-16T14:35:59+08:00,btc-updown-5m-1789540500,https://polymarket.com/zh/event/btc-updown-5m-1789540500,14:35-14:40,16.00,85.00,15.00,84.00,845.60,343.06,363.06,865.60,15.50,84.50,1.00,1.00,19422.36,21176.41,21161.41,19422.36,15,84,84,15,,75824.11,,
2026-09-16T14:36:01+08:00,btc-updown-5m-1789540500,https://polymarket.com/zh/event/btc-updown-5m-1789540500,14:35-14:40,16.00,85.00,15.00,84.00,934.01,124.91,150.98,949.01,15.50,84.50,1.00,1.00,16961.36,18496.41,18596.41,16956.36,15,84,84,15,,75824.11,,
2026-09-16T14:36:03+08:00,btc-updown-5m-1789540500,https://polymarket.com/zh/event/btc-updown-5m-1789540500,14:35-14:40,15.00,86.00,14.00,85.00,360.96,827.60,842.60,430.77,14.50,85.50,1.00,1.00,16490.47,18117.41,18117.41,16385.47,14,85,85,14,,75824.11,,
2026-09-16T14:36:06+08:00,btc-updown-5m-1789540500,https://polymarket.com/zh/event/btc-updown-5m-1789540500,14:35-14:40,15.00,86.00,14.00,85.00,670.70,501.79,582.08,666.48,14.50,85.50,1.00,1.00,16490.36,18316.41,18715.41,16216.36,14,85,85,14,,75824.11,,
2026-09-16T14:36:08+08:00,btc-updown-5m-1789540500,https://polymarket.com/zh/event/btc-updown-5m-1789540500,14:35-14:40,14.00,87.00,13.00,86.00,1016.71,61.74,61.74,1011.71,13.50,86.50,1.00,1.00,16431.02,17902.41,17797.41,16336.02,13,86,86,13,,75824.11,,
2026-09-16T14:36:10+08:00,btc-updown-5m-1789540500,https://polymarket.com/zh/event/btc-updown-5m-1789540500,14:35-14:40,13.00,88.00,12.00,87.00,501.21,703.08,673.19,526.80,12.50,87.50,1.00,1.00,16256.13,17902.41,17812.41,16256.13,12,87,87,12,,75824.12,,
2026-09-16T14:36:13+08:00,btc-updown-5m-1789540500,https://polymarket.com/zh/event/btc-updown-5m-1789540500,14:35-14:40,13.00,88.00,12.00,87.00,480.92,722.75,727.75,485.92,12.50,87.50,1.00,1.00,16117.68,17907.41,17812.41,16112.68,12,87,87,12,,75824.11,,
2026-09-16T14:36:15+08:00,btc-updown-5m-1789540500,https://polymarket.com/zh/event/btc-updown-5m-1789540500,14:35-14:40,13.00,88.00,12.00,87.00,365.92,677.75,682.75,395.92,12.50,87.50,1.00,1.00,16112.68,17802.41,17902.41,16112.68,12,87,87,12,,75824.11,,
2026-09-16T14:36:18+08:00,btc-updown-5m-1789540500,https://polymarket.com/zh/event/btc-updown-5m-1789540500,14:35-14:40,15.00,86.00,14.00,85.00,270.19,284.37,571.57,424.90,14.50,85.50,1.00,1.00,15615.46,17907.41,17803.41,15659.35,14,85,85,14,,75824.11,,
2026-09-16T14:36:20+08:00,btc-updown-5m-1789540500,https://polymarket.com/zh/event/btc-updown-5m-1789540500,14:35-14:40,13.00,88.00,12.00,87.00,103.50,763.98,743.98,88.50,12.50,87.50,1.00,1.00,15558.24,17907.41,17907.41,15678.24,12,87,87,12,,75826.24,,
2026-09-16T14:36:22+08:00,btc-updown-5m-1789540500,https://polymarket.com/zh/event/btc-updown-5m-1789540500,14:35-14:40,14.00,87.00,13.00,86.00,731.16,485.91,90.00,235.80,13.50,86.50,1.00,1.00,15528.13,17908.41,18013.41,15369.35,13,86,86,13,,75826.24,,
2026-09-16T14:36:25+08:00,btc-updown-5m-1789540500,https://polymarket.com/zh/event/btc-updown-5m-1789540500,14:35-14:40,14.00,87.00,13.00,86.00,1118.12,191.49,191.49,1138.12,13.50,86.50,1.00,1.00,15596.24,17908.41,17913.41,15491.24,13,86,86,13,,75826.24,,
2026-09-16T14:36:27+08:00,btc-updown-5m-1789540500,https://polymarket.com/zh/event/btc-updown-5m-1789540500,14:35-14:40,14.00,87.00,13.00,85.00,140.73,58.08,138.08,52.05,13.50,86.00,1.00,2.00,15449.91,17672.08,17755.08,15301.02,13,86,85,13,,75826.61,,
2026-09-16T14:36:30+08:00,btc-updown-5m-1789540500,https://polymarket.com/zh/event/btc-updown-5m-1789540500,14:35-14:40,13.00,88.00,12.00,87.00,257.29,445.23,427.36,287.29,12.50,87.50,1.00,1.00,15706.74,17644.08,17644.08,15731.74,12,87,87,12,,75826.24,,
2026-09-16T14:36:32+08:00,btc-updown-5m-1789540500,https://polymarket.com/zh/event/btc-updown-5m-1789540500,14:35-14:40,13.00,88.00,12.00,87.00,412.80,102.15,187.15,613.30,12.50,87.50,1.00,1.00,15000.74,16949.08,17044.08,15019.17,12,87,87,12,,75826.24,,
2026-09-16T14:36:34+08:00,btc-updown-5m-1789540500,https://polymarket.com/zh/event/btc-updown-5m-1789540500,14:35-14:40,13.00,88.00,12.00,87.00,710.21,98.18,98.18,716.66,12.50,87.50,1.00,1.00,15034.17,17038.08,16944.08,15034.17,12,87,87,12,,75826.24,,
2026-09-16T14:36:37+08:00,btc-updown-5m-1789540500,https://polymarket.com/zh/event/btc-updown-5m-1789540500,14:35-14:40,13.00,88.00,12.00,87.00,765.21,149.64,64.64,752.51,12.50,87.50,1.00,1.00,15039.17,16938.08,17048.08,15034.17,12,87,87,12,,75826.24,,
2026-09-16T14:36:39+08:00,btc-updown-5m-1789540500,https://polymarket.com/zh/event/btc-updown-5m-1789540500,14:35-14:40,18.00,83.00,17.00,82.00,856.17,171.82,177.25,876.17,17.50,82.50,1.00,1.00,14603.13,17054.08,16948.08,14603.13,17,82,82,17,,75836.06,,
2026-09-16T14:36:42+08:00,btc-updown-5m-1789540500,https://polymarket.com/zh/event/btc-updown-5m-1789540500,14:35-14:40,18.00,83.00,17.00,82.00,862.79,146.17,143.59,877.79,17.50,82.50,1.00,1.00,14638.13,16954.08,17148.08,14643.13,17,82,82,17,,75836.06,,
2026-09-16T14:36:44+08:00,btc-updown-5m-1789540500,https://polymarket.com/zh/event/btc-updown-5m-1789540500,14:35-14:40,18.00,83.00,17.00,82.00,928.81,52.35,47.35,928.81,17.50,82.50,1.00,1.00,14598.13,17043.08,16938.08,14598.13,17,82,82,17,,75836.06,,
2026-09-16T14:36:47+08:00,btc-updown-5m-1789540500,https://polymarket.com/zh/event/btc-updown-5m-1789540500,14:35-14:40,12.00,89.00,11.00,88.00,413.26,711.36,716.36,476.86,11.50,88.50,1.00,1.00,15462.19,16954.08,17059.08,15462.19,11,88,88,11,,75824.48,,
2026-09-16T14:36:49+08:00,btc-updown-5m-1789540500,https://polymarket.com/zh/event/btc-updown-5m-1789540500,14:35-14:40,12.00,89.00,11.00,88.00,1322.02,646.36,609.95,1292.02,11.50,88.50,1.00,1.00,15909.86,17053.08,16959.08,15868.45,11,88,88,11,,75824.47,,
2026-09-16T14:36:51+08:00,btc-updown-5m-1789540500,https://polymarket.com/zh/event/btc-updown-5m-1789540500,14:35-14:40,12.00,89.00,11.00,88.00,549.46,511.27,531.27,535.86,11.50,88.50,1.00,1.00,15697.07,17044.08,17038.08,15697.07,11,88,88,11,,75824.46,,
2026-09-16T14:36:54+08:00,btc-updown-5m-1789540500,https://polymarket.com/zh/event/btc-updown-5m-1789540500,14:35-14:40,12.00,89.00,11.00,88.00,1660.61,178.81,188.81,1595.62,11.50,88.50,1.00,1.00,15227.81,17060.08,16954.08,15258.81,11,88,88,11,,75824.46,,
2026-09-16T14:36:56+08:00,btc-updown-5m-1789540500,https://polymarket.com/zh/event/btc-updown-5m-1789540500,14:35-14:40,12.00,89.00,11.00,88.00,1657.44,135.56,135.56,1657.44,11.50,88.50,1.00,1.00,15243.77,16948.08,16958.08,15293.77,11,88,88,11,,75824.46,,
2026-09-16T14:36:59+08:00,btc-updown-5m-1789540500,https://polymarket.com/zh/event/btc-updown-5m-1789540500,14:35-14:40,11.00,86.00,10.00,85.00,203.29,156.66,374.00,207.01,10.50,85.50,1.00,1.00,15026.68,17059.08,17049.08,15185.13,10,89,85,14,,75825.98,,
2026-09-16T14:37:01+08:00,btc-updown-5m-1789540500,https://polymarket.com/zh/event/btc-updown-5m-1789540500,14:35-14:40,11.00,90.00,10.00,89.00,762.28,32.20,22.20,1331.93,10.50,89.50,1.00,1.00,14883.77,17014.08,17027.08,14588.77,10,89,89,10,,75824.46,,
2026-09-16T14:37:03+08:00,btc-updown-5m-1789540500,https://polymarket.com/zh/event/btc-updown-5m-1789540500,14:35-14:40,8.00,93.00,7.00,92.00,74.70,137.41,216.41,79.70,7.50,92.50,1.00,1.00,14806.77,16604.08,16710.08,14891.77,7,92,92,7,,75818.16,,
2026-09-16T14:37:06+08:00,btc-updown-5m-1789540500,https://polymarket.com/zh/event/btc-updown-5m-1789540500,14:35-14:40,8.00,93.00,7.00,92.00,332.44,174.29,200.29,312.44,7.50,92.50,1.00,1.00,14702.87,16694.08,16599.08,14712.87,7,92,92,7,,75817.07,,
2026-09-16T14:37:08+08:00,btc-updown-5m-1789540500,https://polymarket.com/zh/event/btc-updown-5m-1789540500,14:35-14:40,9.00,92.00,8.00,91.00,122.14,470.78,441.66,202.14,8.50,91.50,1.00,1.00,14687.77,16705.08,16600.08,14757.77,8,91,91,8,,75816.11,,
2026-09-16T14:37:10+08:00,btc-updown-5m-1789540500,https://polymarket.com/zh/event/btc-updown-5m-1789540500,14:35-14:40,9.00,92.00,8.00,91.00,250.73,75.71,283.76,215.73,8.50,91.50,1.00,1.00,14752.77,16594.08,16599.08,14754.77,8,91,91,8,,75821.81,,
2026-09-16T14:37:13+08:00,btc-updown-5m-1789540500,https://polymarket.com/zh/event/btc-updown-5m-1789540500,14:35-14:40,8.00,93.00,7.00,92.00,443.62,70.31,70.31,523.62,7.50,92.50,1.00,1.00,15167.11,16648.08,16654.08,15102.11,7,92,92,7,,75821.82,,
2026-09-16T14:37:15+08:00,btc-updown-5m-1789540500,https://polymarket.com/zh/event/btc-updown-5m-1789540500,14:35-14:40,8.00,93.00,7.00,92.00,450.38,200.31,260.31,460.38,7.50,92.50,1.00,1.00,15107.11,16653.08,16558.08,15153.21,7,92,92,7,,75821.81,,
2026-09-16T14:37:18+08:00,btc-updown-5m-1789540500,https://polymarket.com/zh/event/btc-updown-5m-1789540500,14:35-14:40,7.00,94.00,6.00,93.00,292.00,272.72,249.43,292.00,6.50,93.50,1.00,1.00,14497.03,16598.08,16493.08,14552.03,6,93,93,6,,75821.82,,
2026-09-16T14:37:20+08:00,btc-updown-5m-1789540500,https://polymarket.com/zh/event/btc-updown-5m-1789540500,14:35-14:40,7.00,95.00,6.00,94.00,415.00,225.40,321.76,149.99,6.50,94.50,1.00,1.00,14522.03,16604.08,16499.08,14057.03,6,93,94,5,,75821.81,,
2026-09-16T14:37:23+08:00,btc-updown-5m-1789540500,https://polymarket.com/zh/event/btc-updown-5m-1789540500,14:35-14:40,6.00,95.00,5.00,94.00,278.11,750.05,490.32,93.11,5.50,94.50,1.00,1.00,14203.70,16504.08,16493.08,14657.33,5,94,94,5,,75821.81,,
2026-09-16T14:37:25+08:00,btc-updown-5m-1789540500,https://polymarket.com/zh/event/btc-updown-5m-1789540500,14:35-14:40,6.00,95.00,5.00,94.00,431.51,27.00,137.00,540.86,5.50,94.50,1.00,1.00,13540.83,16604.08,16498.08,13416.97,5,94,94,5,,75821.81,,
2026-09-16T14:37:27+08:00,btc-updown-5m-1789540500,https://polymarket.com/zh/event/btc-updown-5m-1789540500,14:35-14:40,6.00,95.00,5.00,94.00,474.46,41.63,97.43,594.45,5.50,94.50,1.00,1.00,13302.62,16602.99,16602.99,12758.81,5,94,94,5,,75815.03,,
2026-09-16T14:37:30+08:00,btc-updown-5m-1789540500,https://polymarket.com/zh/event/btc-updown-5m-1789540500,14:35-14:40,4.00,97.00,3.00,96.00,527.99,738.47,787.79,507.16,3.50,96.50,1.00,1.00,7741.34,16537.99,16437.99,7708.32,3,96,96,3,,75815.03,,
2026-09-16T14:37:32+08:00,btc-updown-5m-1789540500,https://polymarket.com/zh/event/btc-updown-5m-1789540500,14:35-14:40,4.00,97.00,3.00,96.00,681.20,126.96,126.96,681.20,3.50,96.50,1.00,1.00,6439.51,16404.99,16504.99,6434.51,3,96,96,3,,75806.49,,
2026-09-16T14:37:35+08:00,btc-updown-5m-1789540500,https://polymarket.com/zh/event/btc-updown-5m-1789540500,14:35-14:40,3.00,98.00,2.00,97.00,401.15,1206.17,1211.17,441.15,2.50,97.50,1.00,1.00,6667.77,16410.99,16510.99,6672.77,2,97,97,2,,75808.25,,
2026-09-16T14:37:37+08:00,btc-updown-5m-1789540500,https://polymarket.com/zh/event/btc-updown-5m-1789540500,14:35-14:40,3.00,98.00,2.00,97.00,364.03,1136.24,1131.24,369.03,2.50,97.50,1.00,1.00,6666.60,16486.99,16486.99,6671.60,2,97,97,2,,75808.25,,
2026-09-16T14:37:39+08:00,btc-updown-5m-1789540500,https://polymarket.com/zh/event/btc-updown-5m-1789540500,14:35-14:40,3.00,98.00,2.00,97.00,450.39,925.81,925.81,450.39,2.50,97.50,1.00,1.00,6446.17,16503.99,16408.99,6446.17,2,97,97,2,,75807.49,,
2026-09-16T14:37:42+08:00,btc-updown-5m-1789540500,https://polymarket.com/zh/event/btc-updown-5m-1789540500,14:35-14:40,2.00,99.00,1.00,98.00,756.58,1980.86,1982.61,711.58,1.50,98.50,1.00,1.00,1982.61,16406.94,16417.94,1980.86,1,98,98,1,,75794.60,,
2026-09-16T14:37:44+08:00,btc-updown-5m-1789540500,https://polymarket.com/zh/event/btc-updown-5m-1789540500,14:35-14:40,2.00,99.00,1.00,98.00,664.83,1615.00,1669.37,637.30,1.50,98.50,1.00,1.00,1669.37,16394.44,16304.44,1615.00,1,98,98,1,,75795.61,,
2026-09-16T14:37:47+08:00,btc-updown-5m-1789540500,https://polymarket.com/zh/event/btc-updown-5m-1789540500,14:35-14:40,2.00,,1.00,99.00,826.38,,180.83,2834.16,1.50,,1.00,,180.83,16299.24,16299.24,,1,98,99,0,,75795.60,,
2026-09-16T14:37:49+08:00,btc-updown-5m-1789540500,https://polymarket.com/zh/event/btc-updown-5m-1789540500,14:35-14:40,1.00,,,99.00,5046.64,,,5046.64,,,,,,16289.24,16289.24,,0,99,99,0,,75795.60,,
2026-09-16T14:37:52+08:00,btc-updown-5m-1789540500,https://polymarket.com/zh/event/btc-updown-5m-1789540500,14:35-14:40,1.00,,,99.00,4927.23,,,4927.23,,,,,,16289.24,16289.24,,0,99,99,0,,75795.61,,
2026-09-16T14:37:54+08:00,btc-updown-5m-1789540500,https://polymarket.com/zh/event/btc-updown-5m-1789540500,14:35-14:40,1.00,,,99.00,4699.17,,,4699.17,,,,,,16300.24,16300.24,,0,99,99,0,,75792.15,,
2026-09-16T14:37:56+08:00,btc-updown-5m-1789540500,https://polymarket.com/zh/event/btc-updown-5m-1789540500,14:35-14:40,1.00,,,99.00,4002.04,,,4002.04,,,,,,16285.24,16285.24,,0,99,99,0,,75792.15,,
2026-09-16T14:37:59+08:00,btc-updown-5m-1789540500,https://polymarket.com/zh/event/btc-updown-5m-1789540500,14:35-14:40,1.00,,,99.00,4129.41,,,4129.41,,,,,,16285.24,16285.24,,0,99,99,0,,75792.15,,
2026-09-16T14:38:01+08:00,btc-updown-5m-1789540500,https://polymarket.com/zh/event/btc-updown-5m-1789540500,14:35-14:40,1.00,,,99.00,4799.93,,,4799.93,,,,,,16224.24,16235.24,,0,99,99,0,,75792.15,,
2026-09-16T14:38:04+08:00,btc-updown-5m-1789540500,https://polymarket.com/zh/event/btc-updown-5m-1789540500,14:35-14:40,1.00,,,99.00,6107.82,,,6107.82,,,,,,16224.24,16219.24,,0,99,99,0,,75792.15,,
2026-09-16T14:38:06+08:00,btc-updown-5m-1789540500,https://polymarket.com/zh/event/btc-updown-5m-1789540500,14:35-14:40,1.00,,,99.00,6007.82,,,6007.82,,,,,,16224.24,16219.24,,0,99,99,0,,75792.15,,
2026-09-16T14:38:09+08:00,btc-updown-5m-1789540500,https://polymarket.com/zh/event/btc-updown-5m-1789540500,14:35-14:40,1.00,,,99.00,6008.12,,,6008.12,,,,,,16224.24,16219.24,,0,99,99,0,,75792.15,,
2026-09-16T14:38:11+08:00,btc-updown-5m-1789540500,https://polymarket.com/zh/event/btc-updown-5m-1789540500,14:35-14:40,1.00,,,99.00,6003.47,,,6003.47,,,,,,16224.24,16240.24,,0,99,99,0,,75792.15,,
2026-09-16T14:38:13+08:00,btc-updown-5m-1789540500,https://polymarket.com/zh/event/btc-updown-5m-1789540500,14:35-14:40,1.00,,,99.00,6003.47,,,6003.47,,,,,,16224.24,16235.24,,0,99,99,0,,75792.15,,
2026-09-16T14:38:16+08:00,btc-updown-5m-1789540500,https://polymarket.com/zh/event/btc-updown-5m-1789540500,14:35-14:40,1.00,,,99.00,4836.81,,,4836.81,,,,,,16240.24,16225.24,,0,99,99,0,,75795.60,,
2026-09-16T14:38:18+08:00,btc-updown-5m-1789540500,https://polymarket.com/zh/event/btc-updown-5m-1789540500,14:35-14:40,1.00,,,99.00,4890.76,,,4890.76,,,,,,16219.24,16225.24,,0,99,99,0,,75792.15,,
2026-09-16T14:38:21+08:00,btc-updown-5m-1789540500,https://polymarket.com/zh/event/btc-updown-5m-1789540500,14:35-14:40,1.00,,,99.00,7888.77,,,7908.77,,,,,,16224.24,16230.24,,0,99,99,0,,75792.15,,
2026-09-16T14:38:23+08:00,btc-updown-5m-1789540500,https://polymarket.com/zh/event/btc-updown-5m-1789540500,14:35-14:40,1.00,,,99.00,7888.77,,,7788.77,,,,,,16214.24,16209.24,,0,99,99,0,,75792.15,,
2026-09-16T14:38:25+08:00,btc-updown-5m-1789540500,https://polymarket.com/zh/event/btc-updown-5m-1789540500,14:35-14:40,1.00,,,99.00,8824.90,,,8784.90,,,,,,16225.24,16219.24,,0,99,99,0,,75792.15,,
2026-09-16T14:38:28+08:00,btc-updown-5m-1789540500,https://polymarket.com/zh/event/btc-updown-5m-1789540500,14:35-14:40,1.00,,,99.00,8903.12,,,8783.13,,,,,,16235.24,16220.24,,0,99,99,0,,75785.00,,
2026-09-16T14:38:30+08:00,btc-updown-5m-1789540500,https://polymarket.com/zh/event/btc-updown-5m-1789540500,14:35-14:40,1.00,,,99.00,8913.13,,,8943.05,,,,,,16104.24,16114.24,,0,99,99,0,,75770.00,,
2026-09-16T14:38:33+08:00,btc-updown-5m-1789540500,https://polymarket.com/zh/event/btc-updown-5m-1789540500,14:35-14:40,1.00,,,99.00,8988.13,,,9468.13,,,,,,16110.24,16104.24,,0,99,99,0,,75770.00,,
2026-09-16T14:38:35+08:00,btc-updown-5m-1789540500,https://polymarket.com/zh/event/btc-updown-5m-1789540500,14:35-14:40,1.00,,,99.00,9676.08,,,9691.08,,,,,,16114.24,16119.24,,0,99,99,0,,75766.86,,
2026-09-16T14:38:37+08:00,btc-updown-5m-1789540500,https://polymarket.com/zh/event/btc-updown-5m-1789540500,14:35-14:40,1.00,,,99.00,9671.08,,,9671.08,,,,,,16115.24,16120.24,,0,99,99,0,,75766.86,,
2026-09-16T14:38:40+08:00,btc-updown-5m-1789540500,https://polymarket.com/zh/event/btc-updown-5m-1789540500,14:35-14:40,1.00,,,99.00,9831.08,,,9901.08,,,,,,16120.24,16125.24,,0,99,99,0,,75766.86,,
2026-09-16T14:38:42+08:00,btc-updown-5m-1789540500,https://polymarket.com/zh/event/btc-updown-5m-1789540500,14:35-14:40,1.00,,,99.00,10767.08,,,10767.08,,,,,,16125.24,16114.24,,0,99,99,0,,75767.83,,
2026-09-16T14:38:45+08:00,btc-updown-5m-1789540500,https://polymarket.com/zh/event/btc-updown-5m-1789540500,14:35-14:40,1.00,,,99.00,10670.08,,,10520.08,,,,,,16115.24,16125.24,,0,99,99,0,,75768.38,,
2026-09-16T14:38:47+08:00,btc-updown-5m-1789540500,https://polymarket.com/zh/event/btc-updown-5m-1789540500,14:35-14:40,1.00,,,99.00,12435.08,,,12435.08,,,,,,16119.24,16124.24,,0,99,99,0,,75768.38,,
2026-09-16T14:38:49+08:00,btc-updown-5m-1789540500,https://polymarket.com/zh/event/btc-updown-5m-1789540500,14:35-14:40,1.00,,,99.00,12440.08,,,12440.08,,,,,,16119.24,16119.24,,0,99,99,0,,75766.86,,
2026-09-16T14:38:52+08:00,btc-updown-5m-1789540500,https://polymarket.com/zh/event/btc-updown-5m-1789540500,14:35-14:40,1.00,,,99.00,12450.08,,,12450.08,,,,,,16109.24,16109.24,,0,99,99,0,,75768.38,,
2026-09-16T14:38:54+08:00,btc-updown-5m-1789540500,https://polymarket.com/zh/event/btc-updown-5m-1789540500,14:35-14:40,1.00,,,99.00,12403.64,,,12403.64,,,,,,16110.24,16115.24,,0,99,99,0,,75760.66,,
2026-09-16T14:38:57+08:00,btc-updown-5m-1789540500,https://polymarket.com/zh/event/btc-updown-5m-1789540500,14:35-14:40,1.00,,,99.00,12197.91,,,12197.91,,,,,,8785.59,8790.59,,0,99,99,0,,75761.99,,
2026-09-16T14:38:59+08:00,btc-updown-5m-1789540500,https://polymarket.com/zh/event/btc-updown-5m-1789540500,14:35-14:40,1.00,,,99.00,12332.91,,,12372.91,,,,,,8758.51,8758.51,,0,99,99,0,,75761.99,,
2026-09-16T14:39:01+08:00,btc-updown-5m-1789540500,https://polymarket.com/zh/event/btc-updown-5m-1789540500,14:35-14:40,1.00,,,99.00,14804.95,,,14934.95,,,,,,8653.57,8653.57,,0,99,99,0,,75755.68,,
2026-09-16T14:39:04+08:00,btc-updown-5m-1789540500,https://polymarket.com/zh/event/btc-updown-5m-1789540500,14:35-14:40,1.00,,,99.00,14844.95,,,14838.21,,,,,,8664.57,8663.57,,0,99,99,0,,75753.19,,
2026-09-16T14:39:06+08:00,btc-updown-5m-1789540500,https://polymarket.com/zh/event/btc-updown-5m-1789540500,14:35-14:40,1.00,,,99.00,14961.11,,,14961.11,,,,,,8663.57,8663.57,,0,99,99,0,,75756.36,,
2026-09-16T14:39:09+08:00,btc-updown-5m-1789540500,https://polymarket.com/zh/event/btc-updown-5m-1789540500,14:35-14:40,1.00,,,99.00,14830.82,,,14837.51,,,,,,8663.57,8654.57,,0,99,99,0,,75756.36,,
2026-09-16T14:39:11+08:00,btc-updown-5m-1789540500,https://polymarket.com/zh/event/btc-updown-5m-1789540500,14:35-14:40,1.00,,,99.00,14773.06,,,14773.06,,,,,,8664.57,8664.57,,0,99,99,0,,75756.37,,
2026-09-16T14:39:14+08:00,btc-updown-5m-1789540500,https://polymarket.com/zh/event/btc-updown-5m-1789540500,14:35-14:40,1.00,,,99.00,15872.96,,,15867.96,,,,,,8674.57,8663.57,,0,99,99,0,,75757.23,,
2026-09-16T14:39:16+08:00,btc-updown-5m-1789540500,https://polymarket.com/zh/event/btc-updown-5m-1789540500,14:35-14:40,1.00,,,99.00,20564.06,,,20564.06,,,,,,8659.57,8648.57,,0,99,99,0,,75758.74,,
2026-09-16T14:39:19+08:00,btc-updown-5m-1789540500,https://polymarket.com/zh/event/btc-updown-5m-1789540500,14:35-14:40,1.00,,,99.00,20743.49,,,20743.49,,,,,,8659.57,8670.57,,0,99,99,0,,75762.03,,
2026-09-16T14:39:21+08:00,btc-updown-5m-1789540500,https://polymarket.com/zh/event/btc-updown-5m-1789540500,14:35-14:40,1.00,,,99.00,20748.49,,,20768.49,,,,,,8653.57,8653.57,,0,99,99,0,,75763.06,,
2026-09-16T14:39:23+08:00,btc-updown-5m-1789540500,https://polymarket.com/zh/event/btc-updown-5m-1789540500,14:35-14:40,1.00,,,99.00,20812.15,,,20807.15,,,,,,8673.57,8653.57,,0,99,99,0,,75763.06,,
2026-09-16T14:39:26+08:00,btc-updown-5m-1789540500,https://polymarket.com/zh/event/btc-updown-5m-1789540500,14:35-14:40,1.00,,,99.00,20987.15,,,20987.15,,,,,,8659.57,8643.57,,0,99,99,0,,75765.54,,
2026-09-16T14:39:28+08:00,btc-updown-5m-1789540500,https://polymarket.com/zh/event/btc-updown-5m-1789540500,14:35-14:40,1.00,,,99.00,23937.15,,,23917.15,,,,,,8649.57,8643.57,,0,99,99,0,,75768.38,,
2026-09-16T14:39:31+08:00,btc-updown-5m-1789540500,https://polymarket.com/zh/event/btc-updown-5m-1789540500,14:35-14:40,1.00,,,99.00,40715.35,,,40715.35,,,,,,8653.57,8662.07,,0,99,99,0,,75768.38,,
2026-09-16T14:39:33+08:00,btc-updown-5m-1789540500,https://polymarket.com/zh/event/btc-updown-5m-1789540500,14:35-14:40,1.00,,,99.00,40845.50,,,40845.50,,,,,,8676.07,8682.07,,0,99,99,0,,75768.39,,
2026-09-16T14:39:35+08:00,btc-updown-5m-1789540500,https://polymarket.com/zh/event/btc-updown-5m-1789540500,14:35-14:40,1.00,,,99.00,40772.02,,,40772.02,,,,,,8692.07,8697.07,,0,99,99,0,,75768.38,,
2026-09-16T14:39:38+08:00,btc-updown-5m-1789540500,https://polymarket.com/zh/event/btc-updown-5m-1789540500,14:35-14:40,1.00,,,99.00,40968.62,,,40968.62,,,,,,8696.07,8671.07,,0,99,99,0,,75778.04,,
2026-09-16T14:39:40+08:00,btc-updown-5m-1789540500,https://polymarket.com/zh/event/btc-updown-5m-1789540500,14:35-14:40,1.00,,,99.00,41047.10,,,41027.10,,,,,,8676.07,8692.07,,0,99,99,0,,75778.04,,
2026-09-16T14:39:43+08:00,btc-updown-5m-1789540500,https://polymarket.com/zh/event/btc-updown-5m-1789540500,14:35-14:40,1.00,,,99.00,41028.90,,,41028.90,,,,,,8681.07,8681.07,,0,99,99,0,,75789.21,,
2026-09-16T14:39:45+08:00,btc-updown-5m-1789540500,https://polymarket.com/zh/event/btc-updown-5m-1789540500,14:35-14:40,1.00,,,99.00,41197.90,,,41217.90,,,,,,10187.07,10182.07,,0,99,99,0,,75789.21,,
2026-09-16T14:39:47+08:00,btc-updown-5m-1789540500,https://polymarket.com/zh/event/btc-updown-5m-1789540500,14:35-14:40,1.00,,,99.00,41208.47,,,41208.47,,,,,,10176.07,10177.07,,0,99,99,0,,75789.21,,
2026-09-16T14:39:50+08:00,btc-updown-5m-1789540500,https://polymarket.com/zh/event/btc-updown-5m-1789540500,14:35-14:40,1.00,,,99.00,41198.47,,,41203.52,,,,,,8676.07,9682.07,,0,99,99,0,,75789.21,,
2026-09-16T14:39:52+08:00,btc-updown-5m-1789540500,https://polymarket.com/zh/event/btc-updown-5m-1789540500,14:35-14:40,0.10,,,99.90,23754.12,,,23759.12,,,,,,9876.07,9867.07,,0,105,105,0,,75789.21,,
2026-09-16T14:39:55+08:00,btc-updown-5m-1789540500,https://polymarket.com/zh/event/btc-updown-5m-1789540500,14:35-14:40,0.10,,,99.90,28302.89,,,28302.89,,,,,,9871.07,7550.08,,0,105,105,0,,75789.21,,
2026-09-16T14:39:57+08:00,btc-updown-5m-1789540500,https://polymarket.com/zh/event/btc-updown-5m-1789540500,14:35-14:40,0.10,,,99.90,28425.89,,,28425.89,,,,,,4800.08,4775.08,,0,105,105,0,,75789.21,,
2026-09-16T14:39:59+08:00,btc-updown-5m-1789540500,https://polymarket.com/zh/event/btc-updown-5m-1789540500,14:35-14:40,0.10,,,99.90,28445.89,,,28445.89,,,,,,4742.08,4741.08,,0,105,105,0,,75789.21,,
2026-09-16T14:40:02+08:00,btc-updown-5m-1789540800,https://polymarket.com/zh/event/btc-updown-5m-1789540800,14:40-14:45,73.00,28.00,72.00,27.00,389.81,149.10,164.10,414.81,72.50,27.50,1.00,1.00,27621.70,23319.36,23299.36,27226.70,72,27,27,72,,75797.96,,
2026-09-16T14:40:05+08:00,btc-updown-5m-1789540800,https://polymarket.com/zh/event/btc-updown-5m-1789540800,14:40-14:45,73.00,28.00,72.00,27.00,251.22,683.84,582.96,159.22,72.50,27.50,1.00,1.00,28084.03,24236.69,24236.69,27679.03,72,27,27,72,,75797.96,,
2026-09-16T14:40:07+08:00,btc-updown-5m-1789540800,https://polymarket.com/zh/event/btc-updown-5m-1789540800,14:40-14:45,73.00,28.00,72.00,27.00,764.89,523.85,170.87,539.08,72.50,27.50,1.00,1.00,27289.03,24051.69,24051.69,27394.03,72,27,27,72,,75797.96,,
2026-09-16T14:40:10+08:00,btc-updown-5m-1789540800,https://polymarket.com/zh/event/btc-updown-5m-1789540800,14:40-14:45,73.00,27.00,72.00,26.00,1.86,1089.60,985.04,143.00,72.50,26.50,1.00,1.00,27894.03,24072.95,24072.95,27799.03,72,27,26,73,,75799.50,,
2026-09-16T14:40:12+08:00,btc-updown-5m-1789540800,https://polymarket.com/zh/event/btc-updown-5m-1789540800,14:40-14:45,75.00,25.00,74.00,24.00,111.59,1034.72,945.00,65.00,74.50,24.50,1.00,1.00,28017.31,24282.95,24322.95,27100.31,74,25,24,75,,75800.39,,
2026-09-16T14:40:14+08:00,btc-updown-5m-1789540800,https://polymarket.com/zh/event/btc-updown-5m-1789540800,14:40-14:45,76.00,25.00,75.00,24.00,841.60,39.00,39.00,812.92,75.50,24.50,1.00,1.00,27549.31,27247.95,27247.95,26949.31,75,24,24,75,,75800.39,,
2026-09-16T14:40:17+08:00,btc-updown-5m-1789540800,https://polymarket.com/zh/event/btc-updown-5m-1789540800,14:40-14:45,76.00,25.00,75.00,24.00,988.08,194.93,194.93,1136.08,75.50,24.50,1.00,1.00,27267.91,27611.55,27606.55,27367.91,75,24,24,75,,75799.48,,
2026-09-16T14:40:19+08:00,btc-updown-5m-1789540800,https://polymarket.com/zh/event/btc-updown-5m-1789540800,14:40-14:45,76.00,24.00,75.00,23.00,28.00,1035.21,959.05,140.21,75.50,23.50,1.00,1.00,26557.91,26876.55,26876.55,26562.91,75,24,23,76,,75799.48,,
2026-09-16T14:40:22+08:00,btc-updown-5m-1789540800,https://polymarket.com/zh/event/btc-updown-5m-1789540800,14:40-14:45,77.00,24.00,76.00,23.00,289.52,141.85,495.26,494.52,76.50,23.50,1.00,1.00,25092.91,25421.55,25421.55,25197.91,76,23,23,76,,75799.48,,
2026-09-16T14:40:24+08:00,btc-updown-5m-1789540800,https://polymarket.com/zh/event/btc-updown-5m-1789540800,14:40-14:45,80.00,21.00,79.00,20.00,288.06,571.99,596.99,372.00,79.50,20.50,1.00,1.00,24947.91,25151.55,25101.55,24947.91,79,20,20,79,,75799.48,,
2026-09-16T14:40:26+08:00,btc-updown-5m-1789540800,https://polymarket.com/zh/event/btc-updown-5m-1789540800,14:40-14:45,80.00,21.00,79.00,20.00,737.39,110.56,100.56,881.66,79.50,20.50,1.00,1.00,24692.91,24957.55,24862.55,24577.91,79,20,20,79,,75799.48,,
2026-09-16T14:40:29+08:00,btc-updown-5m-1789540800,https://polymarket.com/zh/event/btc-updown-5m-1789540800,14:40-14:45,80.00,21.00,79.00,20.00,597.30,956.63,396.56,3.46,79.50,20.50,1.00,1.00,24467.91,24247.55,24234.55,24867.91,79,20,20,79,,75799.49,,
2026-09-16T14:40:31+08:00,btc-updown-5m-1789540800,https://polymarket.com/zh/event/btc-updown-5m-1789540800,14:40-14:45,83.00,17.00,82.00,16.00,48.00,796.87,865.63,295.00,82.50,16.50,1.00,1.00,22638.91,23583.55,23468.55,22993.91,82,17,16,83,,75811.26,,
2026-09-16T14:40:34+08:00,btc-updown-5m-1789540800,https://polymarket.com/zh/event/btc-updown-5m-1789540800,14:40-14:45,82.00,19.00,81.00,18.00,637.50,77.00,77.00,637.50,81.50,18.50,1.00,1.00,22413.91,22961.55,22961.55,22413.91,81,18,18,81,,75811.26,,
2026-09-16T14:40:36+08:00,btc-updown-5m-1789540800,https://polymarket.com/zh/event/btc-updown-5m-1789540800,14:40-14:45,82.00,19.00,81.00,18.00,296.32,636.00,426.00,221.01,81.50,18.50,1.00,1.00,21748.91,22701.55,22701.55,21653.91,81,18,18,81,,75811.26,,
2026-09-16T14:40:38+08:00,btc-updown-5m-1789540800,https://polymarket.com/zh/event/btc-updown-5m-1789540800,14:40-14:45,82.00,19.00,81.00,18.00,79.78,919.57,919.57,86.45,81.50,18.50,1.00,1.00,21653.91,22701.55,22701.55,21905.74,81,18,18,81,,75811.26,,
2026-09-16T14:40:41+08:00,btc-updown-5m-1789540800,https://polymarket.com/zh/event/btc-updown-5m-1789540800,14:40-14:45,82.00,19.00,81.00,18.00,26.90,932.34,886.54,26.90,81.50,18.50,1.00,1.00,22014.10,23087.55,23077.55,22004.10,81,18,18,81,,75811.26,,
2026-09-16T14:40:43+08:00,btc-updown-5m-1789540800,https://polymarket.com/zh/event/btc-updown-5m-1789540800,14:40-14:45,83.00,18.00,82.00,17.00,252.41,543.84,531.98,228.61,82.50,17.50,1.00,1.00,22019.10,22575.55,22575.55,22019.10,82,17,17,82,,75811.26,,
2026-09-16T14:40:46+08:00,btc-updown-5m-1789540800,https://polymarket.com/zh/event/btc-updown-5m-1789540800,14:40-14:45,83.00,18.00,82.00,17.00,223.16,550.79,630.79,296.10,82.50,17.50,1.00,1.00,22404.10,22575.55,22575.55,22014.10,82,17,17,82,,75811.26,,
2026-09-16T14:40:48+08:00,btc-updown-5m-1789540800,https://polymarket.com/zh/event/btc-updown-5m-1789540800,14:40-14:45,83.00,18.00,82.00,17.00,543.08,217.48,202.48,586.02,82.50,17.50,1.00,1.00,22409.10,22575.55,22575.55,22060.10,82,17,17,82,,75811.26,,
2026-09-16T14:40:51+08:00,btc-updown-5m-1789540800,https://polymarket.com/zh/event/btc-updown-5m-1789540800,14:40-14:45,84.00,16.00,83.00,15.00,267.24,1204.67,1240.66,319.51,83.50,15.50,1.00,1.00,22489.10,22427.55,22482.55,22504.10,83,16,15,84,,75811.26,,
2026-09-16T14:40:53+08:00,btc-updown-5m-1789540800,https://polymarket.com/zh/event/btc-updown-5m-1789540800,14:40-14:45,87.00,14.00,86.00,13.00,533.22,304.61,1105.05,919.54,86.50,13.50,1.00,1.00,21961.10,20335.55,20145.55,22121.10,86,13,13,86,,75822.33,,
2026-09-16T14:40:55+08:00,btc-updown-5m-1789540800,https://polymarket.com/zh/event/btc-updown-5m-1789540800,14:40-14:45,83.00,18.00,82.00,17.00,87.30,914.22,964.22,87.30,82.50,17.50,1.00,1.00,22221.10,19991.55,19991.55,22121.10,82,17,17,82,,75812.99,,
2026-09-16T14:40:58+08:00,btc-updown-5m-1789540800,https://polymarket.com/zh/event/btc-updown-5m-1789540800,14:40-14:45,84.00,17.00,83.00,16.00,99.00,795.54,802.54,105.25,83.50,16.50,1.00,1.00,21625.10,19707.55,19502.55,21705.10,83,16,16,83,,75813.66,,
2026-09-16T14:41:00+08:00,btc-updown-5m-1789540800,https://polymarket.com/zh/event/btc-updown-5m-1789540800,14:40-14:45,86.00,15.00,85.00,13.00,67.79,372.55,372.55,500.90,85.50,14.00,1.00,2.00,20625.10,19061.15,19266.15,21630.10,85,14,13,85,,75822.32,,
2026-09-16T14:41:03+08:00,btc-updown-5m-1789540800,https://polymarket.com/zh/event/btc-updown-5m-1789540800,14:40-14:45,87.00,14.00,86.00,13.00,361.61,652.29,665.12,321.34,86.50,13.50,1.00,1.00,18050.10,16471.01,16671.01,18050.10,86,13,13,86,,75820.64,,
2026-09-16T14:41:05+08:00,btc-updown-5m-1789540800,https://polymarket.com/zh/event/btc-updown-5m-1789540800,14:40-14:45,87.00,14.00,86.00,13.00,527.24,208.80,258.80,649.52,86.50,13.50,1.00,1.00,18650.10,16675.71,16675.71,18545.10,86,13,13,86,,75819.82,,
2026-09-16T14:41:08+08:00,btc-updown-5m-1789540800,https://polymarket.com/zh/event/btc-updown-5m-1789540800,14:40-14:45,86.00,15.00,85.00,14.00,349.74,566.38,506.38,349.74,85.50,14.50,1.00,1.00,17970.10,16529.55,16539.55,18370.10,85,14,14,85,,75818.52,,
2026-09-16T14:41:10+08:00,btc-updown-5m-1789540800,https://polymarket.com/zh/event/btc-updown-5m-1789540800,14:40-14:45,86.00,15.00,85.00,14.00,96.86,589.82,643.16,96.86,85.50,14.50,1.00,1.00,17865.10,16451.87,16451.87,17960.10,85,14,14,85,,75817.68,,
2026-09-16T14:41:13+08:00,btc-updown-5m-1789540800,https://polymarket.com/zh/event/btc-updown-5m-1789540800,14:40-14:45,86.00,14.00,85.00,13.00,13.60,233.81,793.82,376.81,85.50,13.50,1.00,1.00,17960.10,16294.87,16334.87,18860.10,85,14,13,86,,75818.49,,
2026-09-16T14:41:15+08:00,btc-updown-5m-1789540800,https://polymarket.com/zh/event/btc-updown-5m-1789540800,14:40-14:45,87.00,14.00,86.00,13.00,584.82,292.06,305.06,672.88,86.50,13.50,1.00,1.00,18360.10,16242.05,16242.05,18470.10,86,13,13,86,,75818.49,,
2026-09-16T14:41:17+08:00,btc-updown-5m-1789540800,https://polymarket.com/zh/event/btc-updown-5m-1789540800,14:40-14:45,87.00,14.00,86.00,13.00,562.88,612.51,604.51,562.88,86.50,13.50,1.00,1.00,17960.10,16142.71,16142.71,17860.10,86,13,13,86,,75817.74,,
2026-09-16T14:41:20+08:00,btc-updown-5m-1789540800,https://polymarket.com/zh/event/btc-updown-5m-1789540800,14:40-14:45,87.00,14.00,86.00,13.00,429.59,336.87,351.59,454.59,86.50,13.50,1.00,1.00,17870.10,16044.89,16054.89,17975.10,86,13,13,86,,75818.06,,
2026-09-16T14:41:22+08:00,btc-updown-5m-1789540800,https://polymarket.com/zh/event/btc-updown-5m-1789540800,14:40-14:45,87.00,14.00,86.00,13.00,188.18,811.17,889.65,199.09,86.50,13.50,1.00,1.00,17960.10,16390.03,16290.03,18360.10,86,13,13,86,,75818.05,,
2026-09-16T14:41:24+08:00,btc-updown-5m-1789540800,https://polymarket.com/zh/event/btc-updown-5m-1789540800,14:40-14:45,87.00,14.00,86.00,13.00,365.74,293.82,343.82,305.74,86.50,13.50,1.00,1.00,18375.10,16057.71,16117.71,19465.10,86,13,13,86,,75816.05,,
2026-09-16T14:41:27+08:00,btc-updown-5m-1789540800,https://polymarket.com/zh/event/btc-updown-5m-1789540800,14:40-14:45,88.00,13.00,87.00,12.00,941.54,300.50,250.50,941.54,87.50,12.50,1.00,1.00,18360.10,16257.71,16157.71,17860.10,87,12,12,87,,75816.59,,
2026-09-16T14:41:29+08:00,btc-updown-5m-1789540800,https://polymarket.com/zh/event/btc-updown-5m-1789540800,14:40-14:45,88.00,13.00,87.00,12.00,521.73,568.31,609.39,556.04,87.50,12.50,1.00,1.00,17716.77,16082.24,16082.24,17821.77,87,12,12,87,,75816.59,,
2026-09-16T14:41:32+08:00,btc-updown-5m-1789540800,https://polymarket.com/zh/event/btc-updown-5m-1789540800,14:40-14:45,88.00,13.00,87.00,12.00,380.12,920.73,950.41,389.30,87.50,12.50,1.00,1.00,17110.77,14999.15,14895.22,17515.77,87,12,12,87,,75815.07,,
2026-09-16T14:41:34+08:00,btc-updown-5m-1789540800,https://polymarket.com/zh/event/btc-updown-5m-1789540800,14:40-14:45,88.00,13.00,87.00,12.00,176.39,959.10,959.10,176.39,87.50,12.50,1.00,1.00,17100.77,14947.49,14847.49,17005.77,87,12,12,87,,75814.30,,
2026-09-16T14:41:36+08:00,btc-updown-5m-1789540800,https://polymarket.com/zh/event/btc-updown-5m-1789540800,14:40-14:45,88.00,13.00,87.00,12.00,145.76,944.10,944.10,145.76,87.50,12.50,1.00,1.00,17315.77,14952.49,14812.49,17000.77,87,12,12,87,,75816.70,,
2026-09-16T14:41:39+08:00,btc-updown-5m-1789540800,https://polymarket.com/zh/event/btc-updown-5m-1789540800,14:40-14:45,88.00,13.00,87.00,12.00,135.52,954.10,929.10,135.52,87.50,12.50,1.00,1.00,17105.77,14817.49,14772.49,17100.77,87,12,12,87,,75816.70,,
2026-09-16T14:41:41+08:00,btc-updown-5m-1789540800,https://polymarket.com/zh/event/btc-updown-5m-1789540800,14:40-14:45,88.00,13.00,87.00,12.00,100.58,1046.53,1051.53,100.58,87.50,12.50,1.00,1.00,17500.77,14796.42,14871.42,18200.77,87,12,12,87,,75816.70,,
2026-09-16T14:41:44+08:00,btc-updown-5m-1789540800,https://polymarket.com/zh/event/btc-updown-5m-1789540800,14:40-14:45,89.00,12.00,88.00,11.00,452.06,1607.04,1612.08,407.06,88.50,11.50,1.00,1.00,17015.77,14746.42,14836.42,17600.77,88,11,11,88,,75816.70,,
2026-09-16T14:41:46+08:00,btc-updown-5m-1789540800,https://polymarket.com/zh/event/btc-updown-5m-1789540800,14:40-14:45,89.00,12.00,88.00,11.00,673.76,865.41,865.41,753.76,88.50,11.50,1.00,1.00,17100.77,14678.56,14683.56,17000.77,88,11,11,88,,75816.70,,
2026-09-16T14:41:49+08:00,btc-updown-5m-1789540800,https://polymarket.com/zh/event/btc-updown-5m-1789540800,14:40-14:45,89.00,12.00,88.00,11.00,541.20,919.94,914.94,541.20,88.50,11.50,1.00,1.00,17115.77,17217.49,17217.49,17010.77,88,11,11,88,,75816.70,,
2026-09-16T14:41:51+08:00,btc-updown-5m-1789540800,https://polymarket.com/zh/event/btc-updown-5m-1789540800,14:40-14:45,89.00,12.00,88.00,11.00,451.20,1127.48,1084.94,451.20,88.50,11.50,1.00,1.00,18010.77,17226.42,17226.42,17615.77,88,11,11,88,,75816.70,,
2026-09-16T14:41:53+08:00,btc-updown-5m-1789540800,https://polymarket.com/zh/event/btc-updown-5m-1789540800,14:40-14:45,89.00,12.00,88.00,11.00,459.42,1102.66,1089.59,441.20,88.50,11.50,1.00,1.00,17600.77,17186.42,17186.42,17000.77,88,11,11,88,,75816.71,,
2026-09-16T14:41:56+08:00,btc-updown-5m-1789540800,https://polymarket.com/zh/event/btc-updown-5m-1789540800,14:40-14:45,89.00,12.00,88.00,11.00,464.40,944.25,924.40,475.57,88.50,11.50,1.00,1.00,17000.77,17243.48,17233.48,17539.77,88,11,11,88,,75816.70,,
2026-09-16T14:41:58+08:00,btc-updown-5m-1789540800,https://polymarket.com/zh/event/btc-updown-5m-1789540800,14:40-14:45,89.00,12.00,88.00,11.00,467.67,856.94,836.94,467.67,88.50,11.50,1.00,1.00,17503.77,17280.14,17294.07,17403.77,88,11,11,88,,75816.70,,
2026-09-16T14:42:01+08:00,btc-updown-5m-1789540800,https://polymarket.com/zh/event/btc-updown-5m-1789540800,14:40-14:45,89.00,12.00,88.00,11.00,268.03,927.53,947.53,348.03,88.50,11.50,1.00,1.00,16910.77,17244.07,17255.06,17115.77,88,11,11,88,,75816.70,,
2026-09-16T14:42:03+08:00,btc-updown-5m-1789540800,https://polymarket.com/zh/event/btc-updown-5m-1789540800,14:40-14:45,87.00,14.00,86.00,13.00,515.20,442.21,348.65,360.20,86.50,13.50,1.00,1.00,17710.77,16996.12,17000.05,17110.77,86,13,13,86,,75811.26,,
2026-09-16T14:42:05+08:00,btc-updown-5m-1789540800,https://polymarket.com/zh/event/btc-updown-5m-1789540800,14:40-14:45,87.00,14.00,86.00,13.00,185.00,719.49,694.49,185.00,86.50,13.50,1.00,1.00,16600.77,16995.05,17008.98,17200.77,86,13,13,86,,75811.26,,
2026-09-16T14:42:08+08:00,btc-updown-5m-1789540800,https://polymarket.com/zh/event/btc-updown-5m-1789540800,14:40-14:45,88.00,12.00,87.00,11.00,45.00,891.93,932.82,169.48,87.50,11.50,1.00,1.00,16610.77,17195.54,17294.12,17210.77,87,12,11,88,,75811.26,,
2026-09-16T14:42:10+08:00,btc-updown-5m-1789540800,https://polymarket.com/zh/event/btc-updown-5m-1789540800,14:40-14:45,90.00,11.00,89.00,10.00,579.60,247.96,247.96,555.20,89.50,10.50,1.00,1.00,16600.77,17201.83,17161.83,16805.77,89,10,10,89,,75812.47,,
2026-09-16T14:42:13+08:00,btc-updown-5m-1789540800,https://polymarket.com/zh/event/btc-updown-5m-1789540800,14:40-14:45,91.00,10.00,90.00,9.00,217.57,798.64,640.90,217.57,90.50,9.50,1.00,1.00,16700.77,17061.83,17061.83,16605.77,90,9,9,90,,75813.31,,
2026-09-16T14:42:15+08:00,btc-updown-5m-1789540800,https://polymarket.com/zh/event/btc-updown-5m-1789540800,14:40-14:45,91.00,10.00,90.00,9.00,250.32,1142.59,1120.59,250.32,90.50,9.50,1.00,1.00,17215.77,16956.83,17006.83,17200.77,90,9,9,90,,75813.31,,
2026-09-16T14:42:17+08:00,btc-updown-5m-1789540800,https://polymarket.com/zh/event/btc-updown-5m-1789540800,14:40-14:45,91.00,10.00,90.00,9.00,156.34,1281.27,1286.27,156.34,90.50,9.50,1.00,1.00,16650.77,17021.43,16998.83,16555.77,90,9,9,90,,75813.31,,
2026-09-16T14:42:20+08:00,btc-updown-5m-1789540800,https://polymarket.com/zh/event/btc-updown-5m-1789540800,14:40-14:45,91.00,10.00,90.00,9.00,86.81,1328.56,1319.58,85.71,90.50,9.50,1.00,1.00,16665.77,16253.76,16166.76,16665.77,90,9,9,90,,75814.82,,
2026-09-16T14:42:22+08:00,btc-updown-5m-1789540800,https://polymarket.com/zh/event/btc-updown-5m-1789540800,14:40-14:45,91.00,10.00,90.00,9.00,84.71,1131.52,1131.52,84.71,90.50,9.50,1.00,1.00,17050.77,16071.76,16071.76,17150.77,90,9,9,90,,75814.82,,
2026-09-16T14:42:25+08:00,btc-updown-5m-1789540800,https://polymarket.com/zh/event/btc-updown-5m-1789540800,14:40-14:45,92.00,9.00,91.00,8.00,301.16,629.11,629.11,301.16,91.50,8.50,1.00,1.00,16650.77,16066.76,16021.76,16650.77,91,8,8,91,,75814.82,,
2026-09-16T14:42:27+08:00,btc-updown-5m-1789540800,https://polymarket.com/zh/event/btc-updown-5m-1789540800,14:40-14:45,93.00,8.00,92.00,7.00,278.00,830.49,865.49,278.00,92.50,7.50,1.00,1.00,16550.68,14705.36,14760.36,16555.68,92,7,7,92,,75814.82,,
2026-09-16T14:42:29+08:00,btc-updown-5m-1789540800,https://polymarket.com/zh/event/btc-updown-5m-1789540800,14:40-14:45,93.00,8.00,92.00,7.00,258.00,845.84,845.84,258.00,92.50,7.50,1.00,1.00,16645.68,14715.36,14665.36,17050.68,92,7,7,92,,75814.83,,
2026-09-16T14:42:32+08:00,btc-updown-5m-1789540800,https://polymarket.com/zh/event/btc-updown-5m-1789540800,14:40-14:45,93.00,8.00,92.00,7.00,165.79,761.26,772.74,165.79,92.50,7.50,1.00,1.00,16565.68,14864.26,14844.26,16645.68,92,7,7,92,,75814.82,,
2026-09-16T14:42:34+08:00,btc-updown-5m-1789540800,https://polymarket.com/zh/event/btc-updown-5m-1789540800,14:40-14:45,93.00,7.00,92.00,6.00,1.80,1055.32,879.58,20.00,92.50,6.50,1.00,1.00,16560.68,14634.36,11646.71,16575.68,92,7,6,93,,75814.82,,
2026-09-16T14:42:41+08:00,btc-updown-5m-1789540800,https://polymarket.com/zh/event/btc-updown-5m-1789540800,14:40-14:45,97.00,4.00,96.00,3.00,354.11,892.50,783.85,588.63,96.50,3.50,1.00,1.00,17130.68,11984.96,7469.70,17099.68,96,3,3,96,,75829.51,,
2026-09-16T14:42:44+08:00,btc-updown-5m-1789540800,https://polymarket.com/zh/event/btc-updown-5m-1789540800,14:40-14:45,97.00,4.00,96.00,3.00,237.40,925.18,925.18,237.40,96.50,3.50,1.00,1.00,17594.68,7102.17,7122.17,16489.68,96,3,3,96,,75829.51,,
2026-09-16T14:42:46+08:00,btc-updown-5m-1789540800,https://polymarket.com/zh/event/btc-updown-5m-1789540800,14:40-14:45,97.00,4.00,96.00,3.00,212.20,875.18,880.18,212.20,96.50,3.50,1.00,1.00,16599.48,6961.77,7086.77,16999.48,96,3,3,96,,75829.51,,
2026-09-16T14:42:49+08:00,btc-updown-5m-1789540800,https://polymarket.com/zh/event/btc-updown-5m-1789540800,14:40-14:45,97.00,4.00,96.00,3.00,523.41,783.62,754.98,541.27,96.50,3.50,1.00,1.00,16484.48,7357.98,7375.84,16484.48,96,3,3,96,,75829.54,,
2026-09-16T14:42:51+08:00,btc-updown-5m-1789540800,https://polymarket.com/zh/event/btc-updown-5m-1789540800,14:40-14:45,97.00,4.00,96.00,3.00,194.52,1231.34,1231.34,194.52,96.50,3.50,1.00,1.00,16584.48,6869.09,6989.09,16489.48,96,3,3,96,,75829.54,,
2026-09-16T14:42:53+08:00,btc-updown-5m-1789540800,https://polymarket.com/zh/event/btc-updown-5m-1789540800,14:40-14:45,98.00,3.00,97.00,2.00,1396.55,472.00,627.11,1411.55,97.50,2.50,1.00,1.00,16589.48,6932.83,6962.83,16994.48,97,2,2,97,,75829.54,,
2026-09-16T14:42:56+08:00,btc-updown-5m-1789540800,https://polymarket.com/zh/event/btc-updown-5m-1789540800,14:40-14:45,98.00,3.00,97.00,2.00,1439.16,402.91,479.58,1444.16,97.50,2.50,1.00,1.00,17084.48,6990.44,6995.44,16494.48,97,2,2,97,,75829.54,,
2026-09-16T14:42:58+08:00,btc-updown-5m-1789540800,https://polymarket.com/zh/event/btc-updown-5m-1789540800,14:40-14:45,98.00,3.00,97.00,2.00,1412.93,428.32,428.32,1412.93,97.50,2.50,1.00,1.00,16419.48,6964.21,6964.21,16924.48,97,2,2,97,,75829.54,,
2026-09-16T14:43:00+08:00,btc-updown-5m-1789540800,https://polymarket.com/zh/event/btc-updown-5m-1789540800,14:40-14:45,98.00,3.00,97.00,2.00,988.26,774.74,794.74,1038.26,97.50,2.50,1.00,1.00,16469.48,6284.54,6334.54,16374.48,97,2,2,97,,75829.54,,
2026-09-16T14:43:03+08:00,btc-updown-5m-1789540800,https://polymarket.com/zh/event/btc-updown-5m-1789540800,14:40-14:45,98.00,3.00,97.00,2.00,105.69,912.83,992.83,105.69,97.50,2.50,1.00,1.00,16336.55,4908.97,4908.97,16441.55,97,2,2,97,,75829.54,,
2026-09-16T14:43:05+08:00,btc-updown-5m-1789540800,https://polymarket.com/zh/event/btc-updown-5m-1789540800,14:40-14:45,98.00,3.00,97.00,2.00,81.00,997.83,997.83,96.00,97.50,2.50,1.00,1.00,16936.55,4884.28,4899.28,16536.55,97,2,2,97,,75829.54,,
2026-09-16T14:43:08+08:00,btc-updown-5m-1789540800,https://polymarket.com/zh/event/btc-updown-5m-1789540800,14:40-14:45,98.00,3.00,97.00,2.00,251.00,864.69,864.69,251.00,97.50,2.50,1.00,1.00,16426.55,4984.28,4989.28,16426.55,97,2,2,97,,75829.54,,
2026-09-16T14:43:10+08:00,btc-updown-5m-1789540800,https://polymarket.com/zh/event/btc-updown-5m-1789540800,14:40-14:45,98.00,3.00,97.00,2.00,206.76,859.69,972.69,206.76,97.50,2.50,1.00,1.00,16431.55,4940.04,4940.04,16426.55,97,2,2,97,,75829.55,,
2026-09-16T14:43:13+08:00,btc-updown-5m-1789540800,https://polymarket.com/zh/event/btc-updown-5m-1789540800,14:40-14:45,97.00,4.00,96.00,3.00,516.40,435.09,430.09,514.32,96.50,3.50,1.00,1.00,17376.55,5690.46,5688.38,16376.55,96,3,3,96,,75815.60,,
2026-09-16T14:43:15+08:00,btc-updown-5m-1789540800,https://polymarket.com/zh/event/btc-updown-5m-1789540800,14:40-14:45,97.00,4.00,96.00,3.00,300.81,908.93,888.93,278.28,96.50,3.50,1.00,1.00,16276.55,5834.57,5612.04,16276.55,96,3,3,96,,75817.41,,
2026-09-16T14:43:17+08:00,btc-updown-5m-1789540800,https://polymarket.com/zh/event/btc-updown-5m-1789540800,14:40-14:45,97.00,4.00,96.00,3.00,202.35,862.48,822.48,206.31,96.50,3.50,1.00,1.00,16876.55,5526.11,5530.07,16276.55,96,3,3,96,,75817.41,,
2026-09-16T14:43:20+08:00,btc-updown-5m-1789540800,https://polymarket.com/zh/event/btc-updown-5m-1789540800,14:40-14:45,98.00,3.00,97.00,2.00,54.97,796.90,260.69,69.97,97.50,2.50,1.00,1.00,16371.55,4862.25,4887.25,16371.55,97,2,2,97,,75819.95,,
2026-09-16T14:43:22+08:00,btc-updown-5m-1789540800,https://polymarket.com/zh/event/btc-updown-5m-1789540800,14:40-14:45,98.00,3.00,97.00,2.00,132.45,911.85,911.85,123.35,97.50,2.50,1.00,1.00,16861.55,5089.28,5080.18,16366.55,97,2,2,97,,75819.94,,
2026-09-16T14:43:25+08:00,btc-updown-5m-1789540800,https://polymarket.com/zh/event/btc-updown-5m-1789540800,14:40-14:45,98.00,3.00,97.00,2.00,15.00,941.85,941.85,15.00,97.50,2.50,1.00,1.00,16276.55,4946.83,4946.83,16771.55,97,2,2,97,,75819.94,,
2026-09-16T14:43:27+08:00,btc-updown-5m-1789540800,https://polymarket.com/zh/event/btc-updown-5m-1789540800,14:40-14:45,99.00,2.00,98.00,1.00,5008.57,90.00,90.00,4998.57,98.50,1.50,1.00,1.00,16761.55,5008.57,4998.57,16376.55,98,1,1,98,,75819.94,,
2026-09-16T14:43:29+08:00,btc-updown-5m-1789540800,https://polymarket.com/zh/event/btc-updown-5m-1789540800,14:40-14:45,99.00,2.00,98.00,1.00,4973.15,123.00,123.00,4973.15,98.50,1.50,1.00,1.00,16866.55,4973.15,4973.15,16761.55,98,1,1,98,,75821.84,,
2026-09-16T14:43:32+08:00,btc-updown-5m-1789540800,https://polymarket.com/zh/event/btc-updown-5m-1789540800,14:40-14:45,99.00,2.00,98.00,1.00,4066.72,239.30,259.30,4063.68,98.50,1.50,1.00,1.00,16161.55,4066.72,4063.68,16161.55,98,1,1,98,,75822.50,,
2026-09-16T14:43:34+08:00,btc-updown-5m-1789540800,https://polymarket.com/zh/event/btc-updown-5m-1789540800,14:40-14:45,99.00,2.00,98.00,1.00,3912.63,234.30,234.30,3909.44,98.50,1.50,1.00,1.00,16161.55,3912.63,3909.44,16161.55,98,1,1,98,,75822.50,,
2026-09-16T14:43:37+08:00,btc-updown-5m-1789540800,https://polymarket.com/zh/event/btc-updown-5m-1789540800,14:40-14:45,99.00,2.00,98.00,1.00,3663.30,663.83,683.83,3663.30,98.50,1.50,1.00,1.00,16566.55,3663.30,3663.30,16166.55,98,1,1,98,,75822.49,,
2026-09-16T14:43:39+08:00,btc-updown-5m-1789540800,https://polymarket.com/zh/event/btc-updown-5m-1789540800,14:40-14:45,,1.00,99.00,,,8206.29,8211.34,,,,,,16571.55,,,16076.55,99,0,0,99,,75823.71,,
2026-09-16T14:43:41+08:00,btc-updown-5m-1789540800,https://polymarket.com/zh/event/btc-updown-5m-1789540800,14:40-14:45,,1.00,99.00,,,9353.59,9353.59,,,,,,16081.55,,,16071.55,99,0,0,99,,75822.52,,
2026-09-16T14:43:44+08:00,btc-updown-5m-1789540800,https://polymarket.com/zh/event/btc-updown-5m-1789540800,14:40-14:45,,1.00,99.00,,,10178.59,9078.59,,,,,,16566.55,,,16071.55,99,0,0,99,,75822.52,,
2026-09-16T14:43:46+08:00,btc-updown-5m-1789540800,https://polymarket.com/zh/event/btc-updown-5m-1789540800,14:40-14:45,,1.00,99.00,,,10278.39,10278.39,,,,,,15921.55,,,15921.55,99,0,0,99,,75822.52,,
2026-09-16T14:43:49+08:00,btc-updown-5m-1789540800,https://polymarket.com/zh/event/btc-updown-5m-1789540800,14:40-14:45,,1.00,99.00,,,10576.80,10576.80,,,,,,16411.55,,,16416.55,99,0,0,99,,75822.52,,
2026-09-16T14:43:51+08:00,btc-updown-5m-1789540800,https://polymarket.com/zh/event/btc-updown-5m-1789540800,14:40-14:45,,1.00,99.00,,,7051.80,7051.80,,,,,,16431.55,,,16426.55,99,0,0,99,,75822.52,,
2026-09-16T14:43:53+08:00,btc-updown-5m-1789540800,https://polymarket.com/zh/event/btc-updown-5m-1789540800,14:40-14:45,,1.00,99.00,,,7051.80,7051.80,,,,,,16421.55,,,15916.55,99,0,0,99,,75822.52,,
2026-09-16T14:43:56+08:00,btc-updown-5m-1789540800,https://polymarket.com/zh/event/btc-updown-5m-1789540800,14:40-14:45,,1.00,99.00,,,6020.50,6000.50,,,,,,9082.90,,,9096.90,99,0,0,99,,75822.52,,
2026-09-16T14:43:58+08:00,btc-updown-5m-1789540800,https://polymarket.com/zh/event/btc-updown-5m-1789540800,14:40-14:45,,1.00,99.00,,,7056.63,7056.63,,,,,,9064.82,,,8569.82,99,0,0,99,,75819.98,,
2026-09-16T14:44:01+08:00,btc-updown-5m-1789540800,https://polymarket.com/zh/event/btc-updown-5m-1789540800,14:40-14:45,,1.00,99.00,,,10506.74,10526.74,,,,,,9041.27,,,8502.99,99,0,0,99,,75819.99,,
2026-09-16T14:44:03+08:00,btc-updown-5m-1789540800,https://polymarket.com/zh/event/btc-updown-5m-1789540800,14:40-14:45,,1.00,99.00,,,10606.84,10616.74,,,,,,9002.99,,,9002.99,99,0,0,99,,75820.04,,
2026-09-16T14:44:06+08:00,btc-updown-5m-1789540800,https://polymarket.com/zh/event/btc-updown-5m-1789540800,14:40-14:45,,1.00,99.00,,,10591.84,10611.84,,,,,,8502.99,,,8997.99,99,0,0,99,,75820.09,,
2026-09-16T14:44:08+08:00,btc-updown-5m-1789540800,https://polymarket.com/zh/event/btc-updown-5m-1789540800,14:40-14:45,,1.00,99.00,,,11317.84,11301.84,,,,,,9007.99,,,8502.99,99,0,0,99,,75838.96,,
2026-09-16T14:44:10+08:00,btc-updown-5m-1789540800,https://polymarket.com/zh/event/btc-updown-5m-1789540800,14:40-14:45,,1.00,99.00,,,10983.31,10983.31,,,,,,8497.99,,,8497.99,99,0,0,99,,75838.96,,
2026-09-16T14:44:13+08:00,btc-updown-5m-1789540800,https://polymarket.com/zh/event/btc-updown-5m-1789540800,14:40-14:45,,1.00,99.00,,,14225.38,14225.38,,,,,,9007.99,,,8502.99,99,0,0,99,,75838.96,,
2026-09-16T14:44:15+08:00,btc-updown-5m-1789540800,https://polymarket.com/zh/event/btc-updown-5m-1789540800,14:40-14:45,,1.00,99.00,,,19177.94,19152.94,,,,,,9007.99,,,9007.99,99,0,0,99,,75838.96,,
2026-09-16T14:44:18+08:00,btc-updown-5m-1789540800,https://polymarket.com/zh/event/btc-updown-5m-1789540800,14:40-14:45,,0.10,99.90,,,7948.84,7948.84,,,,,,7312.34,,,9002.99,105,0,0,107,,75845.11,,
2026-09-16T14:44:20+08:00,btc-updown-5m-1789540800,https://polymarket.com/zh/event/btc-updown-5m-1789540800,14:40-14:45,,0.10,99.90,,,17061.85,17061.85,,,,,,6822.34,,,6822.34,108,0,0,108,,75845.11,,
2026-09-16T14:44:23+08:00,btc-updown-5m-1789540800,https://polymarket.com/zh/event/btc-updown-5m-1789540800,14:40-14:45,,0.10,99.90,,,17180.76,17174.85,,,,,,6822.34,,,7322.34,108,0,0,108,,75845.11,,
2026-09-16T14:44:25+08:00,btc-updown-5m-1789540800,https://polymarket.com/zh/event/btc-updown-5m-1789540800,14:40-14:45,,0.10,99.90,,,17174.85,17174.85,,,,,,7317.34,,,7317.34,108,0,0,108,,75854.40,,
2026-09-16T14:44:28+08:00,btc-updown-5m-1789540800,https://polymarket.com/zh/event/btc-updown-5m-1789540800,14:40-14:45,,0.10,99.90,,,17179.93,17174.85,,,,,,6812.34,,,7322.34,109,0,0,109,,75854.40,,
2026-09-16T14:44:30+08:00,btc-updown-5m-1789540800,https://polymarket.com/zh/event/btc-updown-5m-1789540800,14:40-14:45,,0.10,99.90,,,16574.85,16189.46,,,,,,6722.34,,,6722.34,109,0,0,110,,75863.45,,
2026-09-16T14:44:32+08:00,btc-updown-5m-1789540800,https://polymarket.com/zh/event/btc-updown-5m-1789540800,14:40-14:45,,0.10,99.90,,,16574.85,16574.85,,,,,,7204.84,,,7214.84,110,0,0,110,,75867.47,,
2026-09-16T14:44:35+08:00,btc-updown-5m-1789540800,https://polymarket.com/zh/event/btc-updown-5m-1789540800,14:40-14:45,,0.10,99.90,,,16569.85,16569.85,,,,,,6704.84,,,7190.84,110,0,0,110,,75875.94,,
2026-09-16T14:44:37+08:00,btc-updown-5m-1789540800,https://polymarket.com/zh/event/btc-updown-5m-1789540800,14:40-14:45,,0.10,99.90,,,16569.85,16569.85,,,,,,7190.84,,,7190.84,110,0,0,110,,75875.94,,
2026-09-16T14:44:40+08:00,btc-updown-5m-1789540800,https://polymarket.com/zh/event/btc-updown-5m-1789540800,14:40-14:45,,0.10,99.90,,,21796.71,21796.71,,,,,,7690.84,,,7185.84,110,0,0,110,,75872.37,,
2026-09-16T14:44:42+08:00,btc-updown-5m-1789540800,https://polymarket.com/zh/event/btc-updown-5m-1789540800,14:40-14:45,,0.10,99.90,,,21897.21,21897.21,,,,,,6675.83,,,6680.83,111,0,0,111,,75872.37,,
2026-09-16T14:44:44+08:00,btc-updown-5m-1789540800,https://polymarket.com/zh/event/btc-updown-5m-1789540800,14:40-14:45,,0.10,99.90,,,21907.21,21907.21,,,,,,6680.83,,,6685.83,112,0,0,112,,75872.37,,
2026-09-16T14:44:47+08:00,btc-updown-5m-1789540800,https://polymarket.com/zh/event/btc-updown-5m-1789540800,14:40-14:45,,0.10,99.90,,,22057.05,22057.05,,,,,,7175.83,,,6680.83,112,0,0,112,,75872.37,,
2026-09-16T14:44:49+08:00,btc-updown-5m-1789540800,https://polymarket.com/zh/event/btc-updown-5m-1789540800,14:40-14:45,,0.10,99.90,,,22524.77,22524.77,,,,,,6690.83,,,7185.83,112,0,0,112,,75864.53,,
2026-09-16T14:44:51+08:00,btc-updown-5m-1789540800,https://polymarket.com/zh/event/btc-updown-5m-1789540800,14:40-14:45,,0.10,99.90,,,22615.35,22615.35,,,,,,7670.83,,,7165.83,112,0,0,112,,75864.53,,
2026-09-16T14:44:54+08:00,btc-updown-5m-1789540800,https://polymarket.com/zh/event/btc-updown-5m-1789540800,14:40-14:45,,0.10,99.90,,,27184.87,27191.61,,,,,,7275.83,,,7280.83,112,0,0,112,,75864.53,,
2026-09-16T14:44:56+08:00,btc-updown-5m-1789540800,https://polymarket.com/zh/event/btc-updown-5m-1789540800,14:40-14:45,,0.10,99.90,,,27194.87,27194.87,,,,,,5035.83,,,5035.83,110,0,0,110,,75864.53,,
2026-09-16T14:44:59+08:00,btc-updown-5m-1789540800,https://polymarket.com/zh/event/btc-updown-5m-1789540800,14:40-14:45,,0.10,99.90,,,27188.01,27194.87,,,,,,4515.83,,,4510.83,110,0,0,110,,75864.53,,
2026-09-16T14:45:02+08:00,btc-updown-5m-1789541100,https://polymarket.com/zh/event/btc-updown-5m-1789541100,14:45-14:50,68.00,33.00,67.00,32.00,139.75,193.49,168.49,137.25,67.50,32.50,1.00,1.00,27258.99,22668.37,22688.37,26863.99,67,32,32,67,75864.53,75864.53,,
2026-09-16T14:45:04+08:00,btc-updown-5m-1789541100,https://polymarket.com/zh/event/btc-updown-5m-1789541100,14:45-14:50,66.00,35.00,65.00,34.00,328.62,386.57,369.57,328.62,65.50,34.50,1.00,1.00,26953.99,22738.37,22748.37,26933.99,65,34,34,65,75864.53,75864.53,,
2026-09-16T14:45:07+08:00,btc-updown-5m-1789541100,https://polymarket.com/zh/event/btc-updown-5m-1789541100,14:45-14:50,66.00,35.00,65.00,34.00,112.69,472.56,472.56,107.69,65.50,34.50,1.00,1.00,27992.32,23536.70,23256.70,27802.32,65,34,34,65,75864.53,75864.53,,
2026-09-16T14:45:09+08:00,btc-updown-5m-1789541100,https://polymarket.com/zh/event/btc-updown-5m-1789541100,14:45-14:50,61.00,40.00,60.00,39.00,59.00,482.94,422.94,88.93,60.50,39.50,1.00,1.00,27697.32,23766.96,23777.96,27197.32,60,39,39,60,75864.53,75857.75,,
2026-09-16T14:45:12+08:00,btc-updown-5m-1789541100,https://polymarket.com/zh/event/btc-updown-5m-1789541100,14:45-14:50,63.00,37.00,62.00,36.00,2.24,734.23,785.91,103.55,62.50,36.50,1.00,1.00,27996.60,24439.96,24262.96,28091.60,62,37,36,63,75864.53,75860.63,,
2026-09-16T14:45:14+08:00,btc-updown-5m-1789541100,https://polymarket.com/zh/event/btc-updown-5m-1789541100,14:45-14:50,67.00,34.00,66.00,33.00,88.00,522.89,542.89,70.00,66.50,33.50,1.00,1.00,27991.60,23768.96,23768.96,28096.60,66,33,33,66,75864.53,75863.51,,
2026-09-16T14:45:16+08:00,btc-updown-5m-1789541100,https://polymarket.com/zh/event/btc-updown-5m-1789541100,14:45-14:50,68.00,33.00,67.00,32.00,623.77,32.96,139.96,951.77,67.50,32.50,1.00,1.00,28820.20,24092.56,24097.56,28425.20,67,32,32,67,75864.53,75863.51,,
2026-09-16T14:45:19+08:00,btc-updown-5m-1789541100,https://polymarket.com/zh/event/btc-updown-5m-1789541100,14:45-14:50,73.00,28.00,72.00,27.00,226.00,682.86,590.86,151.00,72.50,27.50,1.00,1.00,28105.20,23447.56,23442.56,28715.20,72,27,27,72,75864.53,75866.91,,
2026-09-16T14:45:21+08:00,btc-updown-5m-1789541100,https://polymarket.com/zh/event/btc-updown-5m-1789541100,14:45-14:50,73.00,28.00,72.00,27.00,144.00,1170.73,854.07,59.00,72.50,27.50,1.00,1.00,26240.20,21977.56,21977.56,27240.20,72,27,27,72,75864.53,75872.37,,
2026-09-16T14:45:24+08:00,btc-updown-5m-1789541100,https://polymarket.com/zh/event/btc-updown-5m-1789541100,14:45-14:50,70.00,31.00,69.00,30.00,436.73,110.74,113.44,489.07,69.50,30.50,1.00,1.00,26600.20,21722.56,21727.56,26610.20,69,30,30,69,75864.53,75872.37,,
2026-09-16T14:45:26+08:00,btc-updown-5m-1789541100,https://polymarket.com/zh/event/btc-updown-5m-1789541100,14:45-14:50,70.00,31.00,69.00,30.00,20.00,922.60,937.60,10.00,69.50,30.50,1.00,1.00,26735.20,21447.56,21447.56,26140.20,69,30,30,69,75864.53,75872.37,,
2026-09-16T14:45:28+08:00,btc-updown-5m-1789541100,https://polymarket.com/zh/event/btc-updown-5m-1789541100,14:45-14:50,72.00,29.00,71.00,28.00,190.00,627.88,537.23,140.00,71.50,28.50,1.00,1.00,24915.20,20727.56,20727.56,25010.20,71,28,28,71,75864.53,75872.37,,
2026-09-16T14:45:31+08:00,btc-updown-5m-1789541100,https://polymarket.com/zh/event/btc-updown-5m-1789541100,14:45-14:50,72.00,29.00,71.00,28.00,13.00,987.48,1017.48,23.00,71.50,28.50,1.00,1.00,25290.20,20027.56,20057.56,25195.20,71,28,28,71,75864.53,75872.37,,
2026-09-16T14:45:33+08:00,btc-updown-5m-1789541100,https://polymarket.com/zh/event/btc-updown-5m-1789541100,14:45-14:50,73.00,28.00,72.00,27.00,702.92,225.70,225.70,665.92,72.50,27.50,1.00,1.00,23825.20,19557.56,19527.56,23725.20,72,27,27,72,75864.53,75872.37,,
2026-09-16T14:45:36+08:00,btc-updown-5m-1789541100,https://polymarket.com/zh/event/btc-updown-5m-1789541100,14:45-14:50,73.00,28.00,72.00,27.00,192.37,504.83,524.83,191.00,72.50,27.50,1.00,1.00,23330.20,19067.56,18740.56,23815.20,72,27,27,72,75864.53,75872.37,,
2026-09-16T14:45:38+08:00,btc-updown-5m-1789541100,https://polymarket.com/zh/event/btc-updown-5m-1789541100,14:45-14:50,73.00,28.00,72.00,27.00,562.54,64.34,64.34,581.54,72.50,27.50,1.00,1.00,23705.20,19067.56,19067.56,23810.20,72,27,27,72,75864.53,75872.37,,
2026-09-16T14:45:41+08:00,btc-updown-5m-1789541100,https://polymarket.com/zh/event/btc-updown-5m-1789541100,14:45-14:50,71.00,30.00,70.00,29.00,761.24,187.42,187.42,771.24,70.50,29.50,1.00,1.00,23205.20,18735.56,18735.56,23805.20,70,29,29,70,75864.53,75872.37,,
2026-09-16T14:45:43+08:00,btc-updown-5m-1789541100,https://polymarket.com/zh/event/btc-updown-5m-1789541100,14:45-14:50,72.00,29.00,71.00,28.00,165.00,1229.14,1232.59,153.00,71.50,28.50,1.00,1.00,23305.20,19047.56,19047.56,23215.20,71,28,28,71,75864.53,75872.37,,
2026-09-16T14:45:45+08:00,btc-updown-5m-1789541100,https://polymarket.com/zh/event/btc-updown-5m-1789541100,14:45-14:50,73.00,28.00,72.00,27.00,67.00,724.01,724.37,57.00,72.50,27.50,1.00,1.00,23310.20,18806.56,18806.56,23215.20,72,27,27,72,75864.53,75872.37,,
2026-09-16T14:45:48+08:00,btc-updown-5m-1789541100,https://polymarket.com/zh/event/btc-updown-5m-1789541100,14:45-14:50,73.00,28.00,72.00,27.00,56.40,707.01,727.01,56.40,72.50,27.50,1.00,1.00,23805.20,18755.56,18755.56,23205.20,72,27,27,72,75864.53,75872.37,,
2026-09-16T14:45:50+08:00,btc-updown-5m-1789541100,https://polymarket.com/zh/event/btc-updown-5m-1789541100,14:45-14:50,76.00,25.00,75.00,24.00,258.23,808.28,840.48,299.23,75.50,24.50,1.00,1.00,23432.20,18720.56,18760.56,22832.20,75,24,24,75,75864.53,75872.37,,
2026-09-16T14:45:53+08:00,btc-updown-5m-1789541100,https://polymarket.com/zh/event/btc-updown-5m-1789541100,14:45-14:50,76.00,25.00,75.00,24.00,169.66,768.99,753.99,149.66,75.50,24.50,1.00,1.00,22822.20,19011.56,19011.56,23427.20,75,24,24,75,75864.53,75872.37,,
2026-09-16T14:45:55+08:00,btc-updown-5m-1789541100,https://polymarket.com/zh/event/btc-updown-5m-1789541100,14:45-14:50,76.00,25.00,75.00,24.00,140.08,920.50,794.50,31.00,75.50,24.50,1.00,1.00,22682.20,18801.56,18540.56,23192.20,75,24,24,75,75864.53,75872.37,,
2026-09-16T14:45:57+08:00,btc-updown-5m-1789541100,https://polymarket.com/zh/event/btc-updown-5m-1789541100,14:45-14:50,81.00,20.00,80.00,19.00,525.04,193.45,188.45,550.04,80.50,19.50,1.00,1.00,22107.20,18933.56,18933.56,21592.20,80,19,19,80,75864.53,75875.94,,
2026-09-16T14:46:00+08:00,btc-updown-5m-1789541100,https://polymarket.com/zh/event/btc-updown-5m-1789541100,14:45-14:50,81.00,20.00,80.00,19.00,430.45,138.45,239.45,471.45,80.50,19.50,1.00,1.00,21727.20,18169.56,17921.56,21612.20,80,19,19,80,75864.53,75875.94,,
2026-09-16T14:46:02+08:00,btc-updown-5m-1789541100,https://polymarket.com/zh/event/btc-updown-5m-1789541100,14:45-14:50,78.00,23.00,77.00,22.00,211.00,435.16,435.16,211.00,77.50,22.50,1.00,1.00,19207.20,15821.56,15921.56,19012.20,77,22,22,77,75864.53,75875.94,,
2026-09-16T14:46:04+08:00,btc-updown-5m-1789541100,https://polymarket.com/zh/event/btc-updown-5m-1789541100,14:45-14:50,78.00,23.00,77.00,22.00,889.37,152.46,94.11,857.03,77.50,22.50,1.00,1.00,18647.20,15421.56,15421.56,19047.20,77,22,22,77,75864.53,75875.94,,
2026-09-16T14:46:07+08:00,btc-updown-5m-1789541100,https://polymarket.com/zh/event/btc-updown-5m-1789541100,14:45-14:50,78.00,23.00,77.00,22.00,688.75,225.85,239.29,678.75,77.50,22.50,1.00,1.00,18943.20,15192.56,15202.56,19443.20,77,22,22,77,75864.53,75875.94,,
2026-09-16T14:46:09+08:00,btc-updown-5m-1789541100,https://polymarket.com/zh/event/btc-updown-5m-1789541100,14:45-14:50,73.00,26.00,72.00,25.00,5.00,818.11,673.76,13.00,72.50,25.50,1.00,1.00,18428.20,16272.89,18001.22,18928.20,72,26,25,74,75864.53,75875.94,,
2026-09-16T14:46:12+08:00,btc-updown-5m-1789541100,https://polymarket.com/zh/event/btc-updown-5m-1789541100,14:45-14:50,78.00,23.00,77.00,22.00,101.71,1024.27,1024.27,101.71,77.50,22.50,1.00,1.00,18928.20,18131.22,17974.22,19328.20,77,22,22,77,75864.53,75875.93,,
2026-09-16T14:46:14+08:00,btc-updown-5m-1789541100,https://polymarket.com/zh/event/btc-updown-5m-1789541100,14:45-14:50,79.00,22.00,78.00,21.00,339.80,926.06,751.06,179.80,78.50,21.50,1.00,1.00,18333.20,17984.22,17949.22,18928.20,78,21,21,78,75864.53,75875.66,,
2026-09-16T14:46:16+08:00,btc-updown-5m-1789541100,https://polymarket.com/zh/event/btc-updown-5m-1789541100,14:45-14:50,79.00,22.00,78.00,21.00,206.85,963.64,1042.28,272.53,78.50,21.50,1.00,1.00,18428.20,17949.22,17949.22,18928.20,78,21,21,78,75864.53,75875.66,,
2026-09-16T14:46:19+08:00,btc-updown-5m-1789541100,https://polymarket.com/zh/event/btc-updown-5m-1789541100,14:45-14:50,78.00,23.00,77.00,22.00,1036.82,5.60,5.60,1036.82,77.50,22.50,1.00,1.00,19033.20,17995.22,17985.22,18943.20,77,22,22,77,75864.53,75875.66,,
2026-09-16T14:46:21+08:00,btc-updown-5m-1789541100,https://polymarket.com/zh/event/btc-updown-5m-1789541100,14:45-14:50,78.00,23.00,77.00,22.00,719.73,408.94,413.94,571.26,77.50,22.50,1.00,1.00,18333.20,17858.22,17858.22,18433.20,77,22,22,77,75864.53,75875.66,,
2026-09-16T14:46:24+08:00,btc-updown-5m-1789541100,https://polymarket.com/zh/event/btc-updown-5m-1789541100,14:45-14:50,78.00,22.00,77.00,21.00,153.08,642.16,695.61,19.00,77.50,21.50,1.00,1.00,18333.20,17364.55,17369.55,18833.20,77,22,21,78,75864.53,75875.67,,
2026-09-16T14:46:26+08:00,btc-updown-5m-1789541100,https://polymarket.com/zh/event/btc-updown-5m-1789541100,14:45-14:50,82.00,19.00,81.00,18.00,130.52,917.88,899.65,136.44,81.50,18.50,1.00,1.00,18328.20,17374.55,17374.55,18428.20,81,18,18,81,75864.53,75875.67,,
2026-09-16T14:46:29+08:00,btc-updown-5m-1789541100,https://polymarket.com/zh/event/btc-updown-5m-1789541100,14:45-14:50,83.00,18.00,82.00,17.00,1136.88,59.00,59.00,1086.88,82.50,17.50,1.00,1.00,18943.20,17374.55,17374.55,18443.20,82,17,17,82,75864.53,75875.67,,
2026-09-16T14:46:31+08:00,btc-updown-5m-1789541100,https://polymarket.com/zh/event/btc-updown-5m-1789541100,14:45-14:50,82.00,19.00,81.00,18.00,922.21,230.00,130.00,862.21,81.50,18.50,1.00,1.00,17642.20,16878.02,16878.02,17732.20,81,18,18,81,75864.53,75875.67,,
2026-09-16T14:46:33+08:00,btc-updown-5m-1789541100,https://polymarket.com/zh/event/btc-updown-5m-1789541100,14:45-14:50,83.00,18.00,82.00,17.00,50.18,1246.08,1206.08,50.18,82.50,17.50,1.00,1.00,18132.20,16895.02,16915.02,18232.20,82,17,17,82,75864.53,75875.67,,
2026-09-16T14:46:36+08:00,btc-updown-5m-1789541100,https://polymarket.com/zh/event/btc-updown-5m-1789541100,14:45-14:50,84.00,17.00,83.00,16.00,397.59,411.43,186.43,187.59,83.50,16.50,1.00,1.00,17637.20,16925.02,17050.02,17632.20,83,16,16,83,75864.53,75875.67,,
2026-09-16T14:46:38+08:00,btc-updown-5m-1789541100,https://polymarket.com/zh/event/btc-updown-5m-1789541100,14:45-14:50,84.00,17.00,83.00,16.00,213.16,442.43,471.43,238.16,83.50,16.50,1.00,1.00,17827.20,17035.02,17035.02,18232.20,83,16,16,83,75864.53,75875.67,,
2026-09-16T14:46:41+08:00,btc-updown-5m-1789541100,https://polymarket.com/zh/event/btc-updown-5m-1789541100,14:45-14:50,85.00,16.00,84.00,15.00,540.21,994.49,884.49,450.21,84.50,15.50,1.00,1.00,18127.20,16280.03,17205.03,18222.20,84,15,15,84,75864.53,75875.95,,
2026-09-16T14:46:43+08:00,btc-updown-5m-1789541100,https://polymarket.com/zh/event/btc-updown-5m-1789541100,14:45-14:50,85.00,16.00,84.00,15.00,450.41,1129.44,1119.44,490.41,84.50,15.50,1.00,1.00,17722.20,17260.03,17260.03,17637.20,84,15,15,84,75864.53,75875.94,,
2026-09-16T14:46:46+08:00,btc-updown-5m-1789541100,https://polymarket.com/zh/event/btc-updown-5m-1789541100,14:45-14:50,85.00,16.00,84.00,15.00,321.45,1128.10,1115.59,306.36,84.50,15.50,1.00,1.00,17622.20,17270.03,17275.03,17722.20,84,15,15,84,75864.53,75875.94,,
2026-09-16T14:46:48+08:00,btc-updown-5m-1789541100,https://polymarket.com/zh/event/btc-updown-5m-1789541100,14:45-14:50,85.00,16.00,84.00,15.00,383.57,1045.58,1071.58,383.57,84.50,15.50,1.00,1.00,17837.20,17260.03,17260.03,17632.20,84,15,15,84,75864.53,75875.94,,
2026-09-16T14:46:51+08:00,btc-updown-5m-1789541100,https://polymarket.com/zh/event/btc-updown-5m-1789541100,14:45-14:50,85.00,16.00,84.00,15.00,443.15,933.58,925.58,443.15,84.50,15.50,1.00,1.00,17722.20,17255.03,17279.70,18122.20,84,15,15,84,75864.53,75875.94,,
2026-09-16T14:46:53+08:00,btc-updown-5m-1789541100,https://polymarket.com/zh/event/btc-updown-5m-1789541100,14:45-14:50,85.00,16.00,84.00,15.00,1228.68,435.61,435.61,1226.68,84.50,15.50,1.00,1.00,17622.20,17245.03,17235.03,17637.20,84,15,15,84,75864.53,75875.94,,
2026-09-16T14:46:55+08:00,btc-updown-5m-1789541100,https://polymarket.com/zh/event/btc-updown-5m-1789541100,14:45-14:50,84.00,17.00,83.00,16.00,60.00,65.00,275.00,1511.93,83.50,16.50,1.00,1.00,18237.20,17225.03,17205.03,18237.20,83,16,16,83,75864.53,75875.94,,
2026-09-16T14:46:58+08:00,btc-updown-5m-1789541100,https://polymarket.com/zh/event/btc-updown-5m-1789541100,14:45-14:50,78.00,23.00,77.00,22.00,88.00,656.87,861.87,203.00,77.50,22.50,1.00,1.00,17731.20,17226.03,17231.03,18041.20,77,22,22,77,75864.53,75872.08,,
2026-09-16T14:47:00+08:00,btc-updown-5m-1789541100,https://polymarket.com/zh/event/btc-updown-5m-1789541100,14:45-14:50,82.00,19.00,81.00,18.00,104.00,745.23,805.23,104.00,81.50,18.50,1.00,1.00,18153.20,17209.03,17186.03,18548.20,81,18,18,81,75864.53,75870.68,,
2026-09-16T14:47:03+08:00,btc-updown-5m-1789541100,https://polymarket.com/zh/event/btc-updown-5m-1789541100,14:45-14:50,82.00,19.00,81.00,18.00,39.00,964.18,984.77,13.04,81.50,18.50,1.00,1.00,17333.20,16896.03,16911.03,17228.20,81,18,18,81,75864.53,75870.68,,
2026-09-16T14:47:05+08:00,btc-updown-5m-1789541100,https://polymarket.com/zh/event/btc-updown-5m-1789541100,14:45-14:50,83.00,18.00,82.00,17.00,653.05,258.61,158.27,615.11,82.50,17.50,1.00,1.00,17843.20,16943.03,16943.03,17738.20,82,17,17,82,75864.53,75870.68,,
2026-09-16T14:47:07+08:00,btc-updown-5m-1789541100,https://polymarket.com/zh/event/btc-updown-5m-1789541100,14:45-14:50,83.00,18.00,82.00,17.00,17.06,648.89,648.89,10.00,82.50,17.50,1.00,1.00,17328.20,16928.03,16923.03,17328.20,82,17,17,82,75864.53,75870.68,,
2026-09-16T14:47:10+08:00,btc-updown-5m-1789541100,https://polymarket.com/zh/event/btc-updown-5m-1789541100,14:45-14:50,86.00,15.00,85.00,14.00,684.88,555.45,455.22,619.59,85.50,14.50,1.00,1.00,17843.20,17136.03,17151.03,17338.20,85,14,14,85,75864.53,75871.00,,
2026-09-16T14:47:12+08:00,btc-updown-5m-1789541100,https://polymarket.com/zh/event/btc-updown-5m-1789541100,14:45-14:50,86.00,15.00,85.00,14.00,596.47,902.90,853.90,567.89,85.50,14.50,1.00,1.00,17328.20,17446.03,17446.03,17443.20,85,14,14,85,75864.53,75874.87,,
2026-09-16T14:47:15+08:00,btc-updown-5m-1789541100,https://polymarket.com/zh/event/btc-updown-5m-1789541100,14:45-14:50,86.00,15.00,85.00,14.00,864.72,532.98,532.98,844.72,85.50,14.50,1.00,1.00,17328.20,17471.03,17476.03,17328.20,85,14,14,85,75864.53,75874.87,,
2026-09-16T14:47:17+08:00,btc-updown-5m-1789541100,https://polymarket.com/zh/event/btc-updown-5m-1789541100,14:45-14:50,86.00,15.00,85.00,14.00,613.39,641.34,715.52,570.39,85.50,14.50,1.00,1.00,17683.20,17401.03,17401.03,17293.20,85,14,14,85,75864.53,75874.87,,
2026-09-16T14:47:20+08:00,btc-updown-5m-1789541100,https://polymarket.com/zh/event/btc-updown-5m-1789541100,14:45-14:50,86.00,15.00,85.00,14.00,454.22,643.48,633.48,454.22,85.50,14.50,1.00,1.00,17193.20,17411.03,17421.03,17188.20,85,14,14,85,75864.53,75874.87,,
2026-09-16T14:47:22+08:00,btc-updown-5m-1789541100,https://polymarket.com/zh/event/btc-updown-5m-1789541100,14:45-14:50,95.00,6.00,94.00,5.00,538.37,620.43,578.76,310.15,94.50,5.50,1.00,1.00,17531.20,15725.96,15657.74,17436.20,94,5,5,94,75864.53,75889.83,,
2026-09-16T14:47:24+08:00,btc-updown-5m-1789541100,https://polymarket.com/zh/event/btc-updown-5m-1789541100,14:45-14:50,97.00,4.00,96.00,3.00,840.92,797.30,779.33,855.92,96.50,3.50,1.00,1.00,17138.20,6376.97,6591.97,16543.20,96,3,3,96,75864.53,75900.00,,
2026-09-16T14:47:27+08:00,btc-updown-5m-1789541100,https://polymarket.com/zh/event/btc-updown-5m-1789541100,14:45-14:50,97.00,4.00,96.00,3.00,996.47,595.74,597.29,941.47,96.50,3.50,1.00,1.00,16643.11,6920.43,6855.43,17138.11,96,3,3,96,75864.53,75905.97,,
2026-09-16T14:47:29+08:00,btc-updown-5m-1789541100,https://polymarket.com/zh/event/btc-updown-5m-1789541100,14:45-14:50,97.00,4.00,96.00,3.00,853.65,419.00,419.00,863.65,96.50,3.50,1.00,1.00,16500.11,6919.61,6929.61,16600.11,96,3,3,96,75864.53,75905.97,,
2026-09-16T14:47:32+08:00,btc-updown-5m-1789541100,https://polymarket.com/zh/event/btc-updown-5m-1789541100,14:45-14:50,97.00,4.00,96.00,3.00,547.58,355.36,357.00,580.24,96.50,3.50,1.00,1.00,16470.11,6708.54,6701.20,16575.11,96,3,3,96,75864.53,75907.16,,
2026-09-16T14:47:34+08:00,btc-updown-5m-1789541100,https://polymarket.com/zh/event/btc-updown-5m-1789541100,14:45-14:50,98.00,2.00,97.00,1.00,43.37,541.88,2056.36,4365.06,97.50,1.50,1.00,1.00,16914.29,4235.46,4365.06,17019.29,97,2,1,98,75864.53,75934.55,,
2026-09-16T14:47:37+08:00,btc-updown-5m-1789541100,https://polymarket.com/zh/event/btc-updown-5m-1789541100,14:45-14:50,99.00,2.00,98.00,1.00,3975.13,433.24,428.24,3849.44,98.50,1.50,1.00,1.00,16300.96,3975.13,3849.44,16300.96,98,1,1,98,75864.53,75934.55,,
2026-09-16T14:47:39+08:00,btc-updown-5m-1789541100,https://polymarket.com/zh/event/btc-updown-5m-1789541100,14:45-14:50,99.00,2.00,98.00,1.00,3695.09,298.62,288.62,3695.09,98.50,1.50,1.00,1.00,16218.46,3695.09,3695.09,16318.46,98,1,1,98,75864.53,75936.08,,
2026-09-16T14:47:41+08:00,btc-updown-5m-1789541100,https://polymarket.com/zh/event/btc-updown-5m-1789541100,14:45-14:50,,1.00,99.00,,,1057.25,1057.25,,,,,,16213.46,,,16218.46,99,0,0,99,75864.53,75938.06,,
2026-09-16T14:47:44+08:00,btc-updown-5m-1789541100,https://polymarket.com/zh/event/btc-updown-5m-1789541100,14:45-14:50,,1.00,99.00,,,186.79,180.79,,,,,,16228.46,,,17223.46,99,0,0,99,75864.53,75937.88,,
2026-09-16T14:47:46+08:00,btc-updown-5m-1789541100,https://polymarket.com/zh/event/btc-updown-5m-1789541100,14:45-14:50,99.00,2.00,98.00,1.00,477.20,927.60,927.60,577.20,98.50,1.50,1.00,1.00,16218.26,477.20,577.20,16213.26,98,1,1,98,75864.53,75934.55,,
2026-09-16T14:47:49+08:00,btc-updown-5m-1789541100,https://polymarket.com/zh/event/btc-updown-5m-1789541100,14:45-14:50,,1.00,99.00,,,649.65,649.65,,,,,,16218.26,,,16213.26,99,0,0,99,75864.53,75945.73,,
2026-09-16T14:47:51+08:00,btc-updown-5m-1789541100,https://polymarket.com/zh/event/btc-updown-5m-1789541100,14:45-14:50,,1.00,99.00,,,499.65,379.65,,,,,,16713.26,,,16203.26,99,0,0,99,75864.53,75945.73,,
2026-09-16T14:47:54+08:00,btc-updown-5m-1789541100,https://polymarket.com/zh/event/btc-updown-5m-1789541100,14:45-14:50,,1.00,99.00,,,641.33,641.33,,,,,,16213.26,,,16208.26,99,0,0,99,75864.53,75945.73,,
2026-09-16T14:47:56+08:00,btc-updown-5m-1789541100,https://polymarket.com/zh/event/btc-updown-5m-1789541100,14:45-14:50,,1.00,99.00,,,843.33,843.33,,,,,,16193.26,,,16208.26,99,0,0,99,75864.53,75945.73,,
2026-09-16T14:47:58+08:00,btc-updown-5m-1789541100,https://polymarket.com/zh/event/btc-updown-5m-1789541100,14:45-14:50,,1.00,99.00,,,850.51,843.33,,,,,,16208.26,,,16203.26,99,0,0,99,75864.53,75945.73,,
2026-09-16T14:48:03+08:00,btc-updown-5m-1789541100,https://polymarket.com/zh/event/btc-updown-5m-1789541100,14:45-14:50,,1.00,99.00,,,1759.71,1846.24,,,,,,16638.26,,,16643.26,99,0,0,99,75864.53,75945.73,,
2026-09-16T14:48:05+08:00,btc-updown-5m-1789541100,https://polymarket.com/zh/event/btc-updown-5m-1789541100,14:45-14:50,,1.00,99.00,,,2847.28,2847.28,,,,,,16143.26,,,16138.26,99,0,0,99,75864.53,75945.73,,
2026-09-16T14:48:07+08:00,btc-updown-5m-1789541100,https://polymarket.com/zh/event/btc-updown-5m-1789541100,14:45-14:50,,1.00,99.00,,,2833.83,2833.83,,,,,,16638.26,,,16638.26,99,0,0,99,75864.53,75945.73,,
2026-09-16T14:48:10+08:00,btc-updown-5m-1789541100,https://polymarket.com/zh/event/btc-updown-5m-1789541100,14:45-14:50,,1.00,99.00,,,352.63,513.93,,,,,,16643.26,,,16643.26,99,0,0,99,75864.53,75923.37,,
2026-09-16T14:48:12+08:00,btc-updown-5m-1789541100,https://polymarket.com/zh/event/btc-updown-5m-1789541100,14:45-14:50,,1.00,99.00,,,1422.63,1422.63,,,,,,17393.26,,,17393.26,99,0,0,99,75864.53,75912.78,,
2026-09-16T14:48:15+08:00,btc-updown-5m-1789541100,https://polymarket.com/zh/event/btc-updown-5m-1789541100,14:45-14:50,,1.00,99.00,,,1437.63,1437.63,,,,,,17398.26,,,17398.26,99,0,0,99,75864.53,75912.78,,
2026-09-16T14:48:17+08:00,btc-updown-5m-1789541100,https://polymarket.com/zh/event/btc-updown-5m-1789541100,14:45-14:50,,1.00,99.00,,,1372.87,1367.63,,,,,,18393.26,,,18388.26,99,0,0,99,75864.53,75912.78,,
2026-09-16T14:48:19+08:00,btc-updown-5m-1789541100,https://polymarket.com/zh/event/btc-updown-5m-1789541100,14:45-14:50,,1.00,99.00,,,1376.81,1376.81,,,,,,18013.26,,,18518.26,99,0,0,99,75864.53,75912.78,,
2026-09-16T14:48:22+08:00,btc-updown-5m-1789541100,https://polymarket.com/zh/event/btc-updown-5m-1789541100,14:45-14:50,,1.00,99.00,,,1369.39,1369.39,,,,,,18533.26,,,18018.26,99,0,0,99,75864.53,75912.78,,
2026-09-16T14:48:24+08:00,btc-updown-5m-1789541100,https://polymarket.com/zh/event/btc-updown-5m-1789541100,14:45-14:50,,1.00,99.00,,,1449.39,1449.39,,,,,,18023.26,,,18523.26,99,0,0,99,75864.53,75912.79,,
2026-09-16T14:48:27+08:00,btc-updown-5m-1789541100,https://polymarket.com/zh/event/btc-updown-5m-1789541100,14:45-14:50,,1.00,99.00,,,374.39,354.39,,,,,,18513.26,,,18523.26,99,0,0,99,75864.53,75911.76,,
2026-09-16T14:48:29+08:00,btc-updown-5m-1789541100,https://polymarket.com/zh/event/btc-updown-5m-1789541100,14:45-14:50,,1.00,99.00,,,485.69,485.69,,,,,,18518.26,,,18013.26,99,0,0,99,75864.53,75911.76,,
2026-09-16T14:48:31+08:00,btc-updown-5m-1789541100,https://polymarket.com/zh/event/btc-updown-5m-1789541100,14:45-14:50,,1.00,99.00,,,1340.69,1340.69,,,,,,18313.26,,,18308.26,99,0,0,99,75864.53,75914.20,,
2026-09-16T14:48:34+08:00,btc-updown-5m-1789541100,https://polymarket.com/zh/event/btc-updown-5m-1789541100,14:45-14:50,,1.00,99.00,,,1405.45,1405.45,,,,,,17063.26,,,17058.26,99,0,0,99,75864.53,75914.21,,
2026-09-16T14:48:36+08:00,btc-updown-5m-1789541100,https://polymarket.com/zh/event/btc-updown-5m-1789541100,14:45-14:50,,1.00,99.00,,,1405.45,1405.45,,,,,,15928.26,,,16428.26,99,0,0,99,75864.53,75914.97,,
2026-09-16T14:48:39+08:00,btc-updown-5m-1789541100,https://polymarket.com/zh/event/btc-updown-5m-1789541100,14:45-14:50,,1.00,99.00,,,5504.27,5504.27,,,,,,15923.26,,,15923.26,99,0,0,99,75864.53,75914.96,,
2026-09-16T14:48:41+08:00,btc-updown-5m-1789541100,https://polymarket.com/zh/event/btc-updown-5m-1789541100,14:45-14:50,,1.00,99.00,,,5504.27,5504.27,,,,,,15928.26,,,15928.26,99,0,0,99,75864.53,75914.96,,
2026-09-16T14:48:43+08:00,btc-updown-5m-1789541100,https://polymarket.com/zh/event/btc-updown-5m-1789541100,14:45-14:50,,1.00,99.00,,,5594.27,5627.60,,,,,,16428.26,,,16433.26,99,0,0,99,75864.53,75918.22,,
2026-09-16T14:48:46+08:00,btc-updown-5m-1789541100,https://polymarket.com/zh/event/btc-updown-5m-1789541100,14:45-14:50,,1.00,99.00,,,8120.27,7427.60,,,,,,16278.26,,,16268.26,99,0,0,99,75864.53,75934.55,,
2026-09-16T14:48:48+08:00,btc-updown-5m-1789541100,https://polymarket.com/zh/event/btc-updown-5m-1789541100,14:45-14:50,,1.00,99.00,,,10723.30,10723.30,,,,,,15788.26,,,15783.26,99,0,0,99,75864.53,75934.29,,
2026-09-16T14:48:51+08:00,btc-updown-5m-1789541100,https://polymarket.com/zh/event/btc-updown-5m-1789541100,14:45-14:50,,1.00,99.00,,,11016.41,10963.30,,,,,,15773.26,,,15773.26,99,0,0,99,75864.53,75925.41,,
2026-09-16T14:48:53+08:00,btc-updown-5m-1789541100,https://polymarket.com/zh/event/btc-updown-5m-1789541100,14:45-14:50,,1.00,99.00,,,11105.41,11100.41,,,,,,15773.26,,,16268.26,99,0,0,99,75864.53,75925.41,,
2026-09-16T14:48:56+08:00,btc-updown-5m-1789541100,https://polymarket.com/zh/event/btc-updown-5m-1789541100,14:45-14:50,,1.00,99.00,,,10968.32,11030.79,,,,,,15944.66,,,15944.66,99,0,0,99,75864.53,75925.42,,
2026-09-16T14:48:58+08:00,btc-updown-5m-1789541100,https://polymarket.com/zh/event/btc-updown-5m-1789541100,14:45-14:50,,1.00,99.00,,,10978.32,10988.32,,,,,,8417.53,,,8412.53,99,0,0,99,75864.53,75936.06,,
2026-09-16T14:49:00+08:00,btc-updown-5m-1789541100,https://polymarket.com/zh/event/btc-updown-5m-1789541100,14:45-14:50,,1.00,99.00,,,13133.98,13133.98,,,,,,8883.98,,,8883.98,99,0,0,99,75864.53,75936.06,,
2026-09-16T14:49:03+08:00,btc-updown-5m-1789541100,https://polymarket.com/zh/event/btc-updown-5m-1789541100,14:45-14:50,,1.00,99.00,,,13104.87,13097.67,,,,,,8850.70,,,8340.70,99,0,0,99,75864.53,75938.91,,
2026-09-16T14:49:05+08:00,btc-updown-5m-1789541100,https://polymarket.com/zh/event/btc-updown-5m-1789541100,14:45-14:50,,1.00,99.00,,,13939.87,13871.87,,,,,,8340.70,,,8345.70,99,0,0,99,75864.53,75938.91,,
2026-09-16T14:49:08+08:00,btc-updown-5m-1789541100,https://polymarket.com/zh/event/btc-updown-5m-1789541100,14:45-14:50,,1.00,99.00,,,13914.87,13904.87,,,,,,8350.70,,,8345.70,99,0,0,99,75864.53,75938.91,,
2026-09-16T14:49:10+08:00,btc-updown-5m-1789541100,https://polymarket.com/zh/event/btc-updown-5m-1789541100,14:45-14:50,,1.00,99.00,,,13919.87,13909.87,,,,,,8365.70,,,8360.70,99,0,0,99,75864.53,75938.92,,
2026-09-16T14:49:13+08:00,btc-updown-5m-1789541100,https://polymarket.com/zh/event/btc-updown-5m-1789541100,14:45-14:50,,1.00,99.00,,,14083.87,14103.87,,,,,,8340.70,,,8340.70,99,0,0,99,75864.53,75938.91,,
2026-09-16T14:49:15+08:00,btc-updown-5m-1789541100,https://polymarket.com/zh/event/btc-updown-5m-1789541100,14:45-14:50,,1.00,99.00,,,14359.87,14364.87,,,,,,9440.70,,,8940.70,99,0,0,99,75864.53,75938.91,,
2026-09-16T14:49:18+08:00,btc-updown-5m-1789541100,https://polymarket.com/zh/event/btc-updown-5m-1789541100,14:45-14:50,,1.00,99.00,,,18872.09,18872.09,,,,,,8945.70,,,8945.70,99,0,0,99,75864.53,75938.91,,
2026-09-16T14:49:20+08:00,btc-updown-5m-1789541100,https://polymarket.com/zh/event/btc-updown-5m-1789541100,14:45-14:50,,1.00,99.00,,,20021.09,20021.09,,,,,,8445.70,,,8445.70,99,0,0,99,75864.53,75938.91,,
2026-09-16T14:49:22+08:00,btc-updown-5m-1789541100,https://polymarket.com/zh/event/btc-updown-5m-1789541100,14:45-14:50,,1.00,99.00,,,20010.99,20010.99,,,,,,8960.70,,,8460.70,99,0,0,99,75864.53,75944.36,,
2026-09-16T14:49:25+08:00,btc-updown-5m-1789541100,https://polymarket.com/zh/event/btc-updown-5m-1789541100,14:45-14:50,,1.00,99.00,,,20113.52,20133.52,,,,,,8950.70,,,9450.70,99,0,0,99,75864.53,75942.88,,
2026-09-16T14:49:27+08:00,btc-updown-5m-1789541100,https://polymarket.com/zh/event/btc-updown-5m-1789541100,14:45-14:50,,1.00,99.00,,,20243.52,20253.52,,,,,,8940.70,,,9440.70,99,0,0,99,75864.53,75942.88,,
2026-09-16T14:49:30+08:00,btc-updown-5m-1789541100,https://polymarket.com/zh/event/btc-updown-5m-1789541100,14:45-14:50,,1.00,99.00,,,36137.42,36127.42,,,,,,8440.70,,,8440.70,99,0,0,99,75864.53,75942.88,,
2026-09-16T14:49:32+08:00,btc-updown-5m-1789541100,https://polymarket.com/zh/event/btc-updown-5m-1789541100,14:45-14:50,,1.00,99.00,,,36376.62,36251.42,,,,,,8983.20,,,8483.20,99,0,0,99,75864.53,75942.88,,
2026-09-16T14:49:34+08:00,btc-updown-5m-1789541100,https://polymarket.com/zh/event/btc-updown-5m-1789541100,14:45-14:50,,1.00,99.00,,,36406.72,36396.62,,,,,,8978.20,,,8968.20,99,0,0,99,75864.53,75942.88,,
2026-09-16T14:49:37+08:00,btc-updown-5m-1789541100,https://polymarket.com/zh/event/btc-updown-5m-1789541100,14:45-14:50,,1.00,99.00,,,41658.72,41538.72,,,,,,8488.20,,,8483.20,99,0,0,99,75864.53,75942.88,,
2026-09-16T14:49:39+08:00,btc-updown-5m-1789541100,https://polymarket.com/zh/event/btc-updown-5m-1789541100,14:45-14:50,,1.00,99.00,,,41658.72,41658.72,,,,,,8473.20,,,8473.20,99,0,0,99,75864.53,75942.88,,
2026-09-16T14:49:42+08:00,btc-updown-5m-1789541100,https://polymarket.com/zh/event/btc-updown-5m-1789541100,14:45-14:50,,1.00,99.00,,,41655.62,41655.62,,,,,,9024.19,,,9014.19,99,0,0,99,75864.53,75925.42,,
2026-09-16T14:49:44+08:00,btc-updown-5m-1789541100,https://polymarket.com/zh/event/btc-updown-5m-1789541100,14:45-14:50,,1.00,99.00,,,41827.84,41817.84,,,,,,10024.19,,,10524.19,99,0,0,99,75864.53,75925.42,,
2026-09-16T14:49:47+08:00,btc-updown-5m-1789541100,https://polymarket.com/zh/event/btc-updown-5m-1789541100,14:45-14:50,,1.00,99.00,,,41718.03,41698.03,,,,,,10588.19,,,10083.19,99,0,0,99,75864.53,75915.90,,
2026-09-16T14:49:49+08:00,btc-updown-5m-1789541100,https://polymarket.com/zh/event/btc-updown-5m-1789541100,14:45-14:50,,1.00,99.00,,,41897.95,41897.95,,,,,,9078.19,,,9073.19,99,0,0,99,75864.53,75915.90,,
2026-09-16T14:49:51+08:00,btc-updown-5m-1789541100,https://polymarket.com/zh/event/btc-updown-5m-1789541100,14:45-14:50,,1.00,99.00,,,41976.00,41976.00,,,,,,9578.19,,,10578.19,99,0,0,99,75864.53,75915.90,,
2026-09-16T14:49:54+08:00,btc-updown-5m-1789541100,https://polymarket.com/zh/event/btc-updown-5m-1789541100,14:45-14:50,,1.00,99.00,,,50126.00,50131.00,,,,,,9768.19,,,9768.19,99,0,0,99,75864.53,75909.78,,
2026-09-16T14:49:56+08:00,btc-updown-5m-1789541100,https://polymarket.com/zh/event/btc-updown-5m-1789541100,14:45-14:50,,0.10,99.90,,,14324.99,14324.99,,,,,,6218.19,,,6208.19,110,0,0,109,75864.53,75907.35,,
2026-09-16T14:49:58+08:00,btc-updown-5m-1789541100,https://polymarket.com/zh/event/btc-updown-5m-1789541100,14:45-14:50,,0.10,99.90,,,23433.00,23433.00,,,,,,4886.73,,,4891.73,106,0,0,106,75864.53,75903.20,,
2026-09-16T14:50:01+08:00,btc-updown-5m-1789541400,https://polymarket.com/zh/event/btc-updown-5m-1789541400,14:50-14:55,28.00,73.00,27.00,72.00,41.00,998.41,948.41,56.00,27.50,72.50,1.00,1.00,22813.75,26223.39,26489.61,23079.97,27,72,72,27,75903.23,75903.24,,
2026-09-16T14:50:04+08:00,btc-updown-5m-1789541400,https://polymarket.com/zh/event/btc-updown-5m-1789541400,14:50-14:55,28.00,73.00,27.00,72.00,626.79,289.08,302.78,645.21,27.50,72.50,1.00,1.00,23615.97,27150.61,26955.61,23615.97,27,72,72,27,75903.23,75903.23,,
2026-09-16T14:50:06+08:00,btc-updown-5m-1789541400,https://polymarket.com/zh/event/btc-updown-5m-1789541400,14:50-14:55,28.00,73.00,27.00,72.00,364.64,380.45,710.12,628.60,27.50,72.50,1.00,1.00,24040.97,27372.61,27455.61,24060.97,27,72,72,27,75903.23,75903.23,,
2026-09-16T14:50:09+08:00,btc-updown-5m-1789541400,https://polymarket.com/zh/event/btc-updown-5m-1789541400,14:50-14:55,28.00,73.00,27.00,72.00,355.00,1119.23,1039.23,257.14,27.50,72.50,1.00,1.00,23720.97,27176.61,27276.61,23720.97,27,72,72,27,75903.23,75907.48,,
2026-09-16T14:50:11+08:00,btc-updown-5m-1789541400,https://polymarket.com/zh/event/btc-updown-5m-1789541400,14:50-14:55,28.00,73.00,27.00,72.00,173.09,811.27,746.83,128.09,27.50,72.50,1.00,1.00,23807.23,27759.89,27676.89,23802.23,27,72,72,27,75903.23,75907.29,,
2026-09-16T14:50:14+08:00,btc-updown-5m-1789541400,https://polymarket.com/zh/event/btc-updown-5m-1789541400,14:50-14:55,29.00,72.00,28.00,71.00,308.00,48.00,865.95,831.65,28.50,71.50,1.00,1.00,23802.23,27759.89,27759.89,23942.23,28,71,71,28,75903.23,75907.47,,
2026-09-16T14:50:16+08:00,btc-updown-5m-1789541400,https://polymarket.com/zh/event/btc-updown-5m-1789541400,14:50-14:55,26.00,75.00,25.00,74.00,407.00,396.80,355.20,403.15,25.50,74.50,1.00,1.00,24510.83,27609.09,27718.09,24520.83,25,74,74,25,75903.23,75902.19,,
2026-09-16T14:50:18+08:00,btc-updown-5m-1789541400,https://polymarket.com/zh/event/btc-updown-5m-1789541400,14:50-14:55,25.00,76.00,24.00,75.00,395.25,155.59,205.66,411.25,24.50,75.50,1.00,1.00,24335.83,27500.49,26925.49,23855.83,24,75,75,24,75903.23,75902.19,,
2026-09-16T14:50:21+08:00,btc-updown-5m-1789541400,https://polymarket.com/zh/event/btc-updown-5m-1789541400,14:50-14:55,24.00,77.00,23.00,76.00,1183.76,75.00,80.00,1203.76,23.50,76.50,1.00,1.00,22455.83,25475.49,25555.49,22430.83,23,76,76,23,75903.23,75902.19,,
2026-09-16T14:50:23+08:00,btc-updown-5m-1789541400,https://polymarket.com/zh/event/btc-updown-5m-1789541400,14:50-14:55,24.00,77.00,23.00,76.00,634.29,192.34,178.90,609.29,23.50,76.50,1.00,1.00,22224.83,25445.49,25456.49,22224.83,23,76,76,23,75903.23,75902.19,,
2026-09-16T14:50:26+08:00,btc-updown-5m-1789541400,https://polymarket.com/zh/event/btc-updown-5m-1789541400,14:50-14:55,24.00,77.00,23.00,76.00,125.00,579.34,569.34,125.00,23.50,76.50,1.00,1.00,21744.83,25080.49,24981.49,21744.83,23,76,76,23,75903.23,75902.19,,
2026-09-16T14:50:28+08:00,btc-updown-5m-1789541400,https://polymarket.com/zh/event/btc-updown-5m-1789541400,14:50-14:55,24.00,77.00,23.00,76.00,804.62,138.73,148.73,904.62,23.50,76.50,1.00,1.00,21244.83,24470.49,24330.49,21014.83,23,76,76,23,75903.23,75902.19,,
2026-09-16T14:50:30+08:00,btc-updown-5m-1789541400,https://polymarket.com/zh/event/btc-updown-5m-1789541400,14:50-14:55,23.00,78.00,22.00,77.00,665.82,197.61,187.61,690.82,22.50,77.50,1.00,1.00,20534.83,23750.49,23516.49,20274.83,22,77,77,22,75903.23,75902.19,,
2026-09-16T14:50:33+08:00,btc-updown-5m-1789541400,https://polymarket.com/zh/event/btc-updown-5m-1789541400,14:50-14:55,25.00,76.00,24.00,75.00,93.00,844.00,1104.00,128.00,24.50,75.50,1.00,1.00,19907.83,23136.49,23135.49,19967.83,24,75,75,24,75903.23,75902.19,,
2026-09-16T14:50:35+08:00,btc-updown-5m-1789541400,https://polymarket.com/zh/event/btc-updown-5m-1789541400,14:50-14:55,25.00,76.00,24.00,75.00,202.00,248.51,595.26,678.51,24.50,75.50,1.00,1.00,19410.83,22640.49,22541.49,19405.83,24,75,75,24,75903.23,75904.01,,
2026-09-16T14:50:38+08:00,btc-updown-5m-1789541400,https://polymarket.com/zh/event/btc-updown-5m-1789541400,14:50-14:55,25.00,76.00,24.00,75.00,296.92,220.36,418.32,512.33,24.50,75.50,1.00,1.00,19330.83,22500.49,22600.49,19330.83,24,75,75,24,75903.23,75904.01,,
2026-09-16T14:50:40+08:00,btc-updown-5m-1789541400,https://polymarket.com/zh/event/btc-updown-5m-1789541400,14:50-14:55,24.00,77.00,23.00,76.00,1057.66,3.00,3.00,1057.66,23.50,76.50,1.00,1.00,19344.83,22605.49,22605.49,19344.83,23,76,76,23,75903.23,75905.07,,
2026-09-16T14:50:42+08:00,btc-updown-5m-1789541400,https://polymarket.com/zh/event/btc-updown-5m-1789541400,14:50-14:55,18.00,83.00,17.00,82.00,1067.59,24.87,24.87,1086.59,17.50,82.50,1.00,1.00,21289.49,22270.49,22370.49,21289.49,17,82,82,17,75903.23,75893.30,,
2026-09-16T14:50:45+08:00,btc-updown-5m-1789541400,https://polymarket.com/zh/event/btc-updown-5m-1789541400,14:50-14:55,17.00,84.00,16.00,83.00,759.62,253.08,278.08,884.62,16.50,83.50,1.00,1.00,22199.49,22349.49,22254.49,22204.49,16,83,83,16,75903.23,75893.30,,
2026-09-16T14:50:47+08:00,btc-updown-5m-1789541400,https://polymarket.com/zh/event/btc-updown-5m-1789541400,14:50-14:55,17.00,84.00,16.00,83.00,769.55,244.97,164.97,699.55,16.50,83.50,1.00,1.00,22184.49,21860.49,21846.49,22184.49,16,83,83,16,75903.23,75893.30,,
2026-09-16T14:50:50+08:00,btc-updown-5m-1789541400,https://polymarket.com/zh/event/btc-updown-5m-1789541400,14:50-14:55,17.00,84.00,16.00,83.00,507.14,243.57,253.57,487.14,16.50,83.50,1.00,1.00,22199.49,21844.49,21750.49,22184.49,16,83,83,16,75903.23,75893.30,,
2026-09-16T14:50:52+08:00,btc-updown-5m-1789541400,https://polymarket.com/zh/event/btc-updown-5m-1789541400,14:50-14:55,17.00,84.00,16.00,83.00,344.64,539.75,716.82,353.42,16.50,83.50,1.00,1.00,22159.49,21720.49,21720.49,22159.49,16,83,83,16,75903.23,75893.30,,
2026-09-16T14:50:55+08:00,btc-updown-5m-1789541400,https://polymarket.com/zh/event/btc-updown-5m-1789541400,14:50-14:55,17.00,84.00,16.00,83.00,558.66,229.57,234.57,613.66,16.50,83.50,1.00,1.00,21934.49,21149.49,21349.49,21884.49,16,83,83,16,75903.23,75893.31,,
2026-09-16T14:50:57+08:00,btc-updown-5m-1789541400,https://polymarket.com/zh/event/btc-updown-5m-1789541400,14:50-14:55,16.00,86.00,15.00,85.00,1212.44,493.96,75.03,917.51,15.50,85.50,1.00,1.00,21714.49,20669.49,20779.49,20528.82,15,84,85,14,75903.23,75893.31,,
2026-09-16T14:51:00+08:00,btc-updown-5m-1789541400,https://polymarket.com/zh/event/btc-updown-5m-1789541400,14:50-14:55,13.00,88.00,12.00,87.00,991.83,700.38,700.38,966.83,12.50,87.50,1.00,1.00,21176.82,20300.49,20194.49,21361.82,12,87,87,12,75903.23,75878.07,,
2026-09-16T14:51:02+08:00,btc-updown-5m-1789541400,https://polymarket.com/zh/event/btc-updown-5m-1789541400,14:50-14:55,18.00,85.00,17.00,84.00,802.30,4.56,35.89,974.28,17.50,84.50,1.00,1.00,18727.82,17955.49,17960.49,18752.82,16,82,84,14,75903.23,75893.31,,
2026-09-16T14:51:04+08:00,btc-updown-5m-1789541400,https://polymarket.com/zh/event/btc-updown-5m-1789541400,14:50-14:55,14.00,87.00,13.00,86.00,767.22,707.38,220.88,75.00,13.50,86.50,1.00,1.00,18526.82,17580.49,17674.49,18526.82,13,86,86,13,75903.23,75884.60,,
2026-09-16T14:51:07+08:00,btc-updown-5m-1789541400,https://polymarket.com/zh/event/btc-updown-5m-1789541400,14:50-14:55,12.00,89.00,11.00,88.00,1111.28,260.87,460.99,926.29,11.50,88.50,1.00,1.00,18445.82,17605.49,17410.49,18536.82,11,88,88,11,75903.23,75888.55,,
2026-09-16T14:51:09+08:00,btc-updown-5m-1789541400,https://polymarket.com/zh/event/btc-updown-5m-1789541400,14:50-14:55,12.00,89.00,11.00,88.00,1128.95,145.45,116.07,1020.61,11.50,88.50,1.00,1.00,18394.82,17370.49,17465.49,18544.82,11,88,88,11,75903.23,75874.96,,
2026-09-16T14:51:12+08:00,btc-updown-5m-1789541400,https://polymarket.com/zh/event/btc-updown-5m-1789541400,14:50-14:55,13.00,88.00,12.00,87.00,1434.73,425.71,95.00,852.00,12.50,87.50,1.00,1.00,18549.82,17371.49,17365.49,18382.82,12,87,87,12,75903.23,75879.42,,
2026-09-16T14:51:14+08:00,btc-updown-5m-1789541400,https://polymarket.com/zh/event/btc-updown-5m-1789541400,14:50-14:55,14.00,87.00,13.00,86.00,882.78,191.55,196.55,907.78,13.50,86.50,1.00,1.00,18260.82,17386.49,17491.49,18460.82,13,86,86,13,75903.23,75883.84,,
2026-09-16T14:51:17+08:00,btc-updown-5m-1789541400,https://polymarket.com/zh/event/btc-updown-5m-1789541400,14:50-14:55,13.00,88.00,12.00,87.00,646.91,309.00,300.58,787.99,12.50,87.50,1.00,1.00,18450.82,17482.49,17365.49,18435.82,12,87,87,12,75903.23,75883.84,,
2026-09-16T14:51:19+08:00,btc-updown-5m-1789541400,https://polymarket.com/zh/event/btc-updown-5m-1789541400,14:50-14:55,13.00,88.00,12.00,87.00,1106.77,90.00,165.00,1086.77,12.50,87.50,1.00,1.00,18254.82,17475.49,17375.49,18269.82,12,87,87,12,75903.23,75883.84,,
2026-09-16T14:51:21+08:00,btc-updown-5m-1789541400,https://polymarket.com/zh/event/btc-updown-5m-1789541400,14:50-14:55,13.00,88.00,12.00,87.00,329.50,344.16,331.89,379.50,12.50,87.50,1.00,1.00,18274.82,17371.49,17475.49,18269.82,12,87,87,12,75903.23,75883.84,,
2026-09-16T14:51:24+08:00,btc-updown-5m-1789541400,https://polymarket.com/zh/event/btc-updown-5m-1789541400,14:50-14:55,13.00,88.00,12.00,87.00,692.45,286.27,271.27,694.01,12.50,87.50,1.00,1.00,18264.82,17480.49,17380.49,18269.82,12,87,87,12,75903.23,75884.18,,
2026-09-16T14:51:26+08:00,btc-updown-5m-1789541400,https://polymarket.com/zh/event/btc-updown-5m-1789541400,14:50-14:55,12.00,89.00,11.00,88.00,1422.45,46.96,50.00,1459.45,11.50,88.50,1.00,1.00,18371.82,17576.49,17382.49,18371.82,11,88,88,11,75903.23,75885.40,,
2026-09-16T14:51:28+08:00,btc-updown-5m-1789541400,https://polymarket.com/zh/event/btc-updown-5m-1789541400,14:50-14:55,12.00,89.00,11.00,88.00,1532.15,85.00,130.00,1523.15,11.50,88.50,1.00,1.00,18371.82,17370.49,17370.49,18356.82,11,88,88,11,75903.23,75885.40,,
2026-09-16T14:51:31+08:00,btc-updown-5m-1789541400,https://polymarket.com/zh/event/btc-updown-5m-1789541400,14:50-14:55,11.00,90.00,10.00,89.00,1740.52,161.00,161.00,1540.52,10.50,89.50,1.00,1.00,17635.82,16764.49,16659.49,17455.82,10,89,89,10,75903.23,75881.18,,
2026-09-16T14:51:33+08:00,btc-updown-5m-1789541400,https://polymarket.com/zh/event/btc-updown-5m-1789541400,14:50-14:55,11.00,90.00,10.00,89.00,1748.52,118.21,118.21,1788.52,10.50,89.50,1.00,1.00,17535.82,16639.49,16639.49,17535.82,10,89,89,10,75903.23,75881.18,,
2026-09-16T14:51:36+08:00,btc-updown-5m-1789541400,https://polymarket.com/zh/event/btc-updown-5m-1789541400,14:50-14:55,11.00,90.00,10.00,89.00,1042.46,88.41,88.41,1042.46,10.50,89.50,1.00,1.00,17635.82,16654.49,16559.49,17620.82,10,89,89,10,75903.23,75881.18,,
2026-09-16T14:51:38+08:00,btc-updown-5m-1789541400,https://polymarket.com/zh/event/btc-updown-5m-1789541400,14:50-14:55,11.00,90.00,10.00,89.00,1756.58,41.00,41.00,1756.58,10.50,89.50,1.00,1.00,17535.82,16744.49,16744.49,17535.82,10,89,89,10,75903.23,75881.18,,
2026-09-16T14:51:41+08:00,btc-updown-5m-1789541400,https://polymarket.com/zh/event/btc-updown-5m-1789541400,14:50-14:55,9.00,92.00,8.00,91.00,912.21,101.94,101.94,997.21,8.50,91.50,1.00,1.00,17575.82,16545.49,16645.49,17625.82,8,91,91,8,75903.23,75881.18,,
2026-09-16T14:51:43+08:00,btc-updown-5m-1789541400,https://polymarket.com/zh/event/btc-updown-5m-1789541400,14:50-14:55,9.00,92.00,8.00,91.00,1232.20,53.00,108.65,2040.42,8.50,91.50,1.00,1.00,17660.82,16645.49,16545.49,14415.42,8,91,91,8,75903.23,75875.33,,
2026-09-16T14:51:46+08:00,btc-updown-5m-1789541400,https://polymarket.com/zh/event/btc-updown-5m-1789541400,14:50-14:55,7.00,94.00,6.00,93.00,850.09,174.26,179.26,879.77,6.50,93.50,1.00,1.00,17889.25,16655.49,16639.49,17884.25,6,93,93,6,75903.23,75875.33,,
2026-09-16T14:51:48+08:00,btc-updown-5m-1789541400,https://polymarket.com/zh/event/btc-updown-5m-1789541400,14:50-14:55,7.00,94.00,6.00,93.00,1589.84,157.98,117.98,1649.84,6.50,93.50,1.00,1.00,17766.25,16539.49,16639.49,17320.24,6,93,93,6,75903.23,75875.34,,
2026-09-16T14:51:50+08:00,btc-updown-5m-1789541400,https://polymarket.com/zh/event/btc-updown-5m-1789541400,14:50-14:55,6.00,95.00,5.00,94.00,671.70,168.25,111.25,736.70,5.50,94.50,1.00,1.00,17075.95,16645.49,16545.49,17032.95,5,94,94,5,75903.23,75875.33,,
2026-09-16T14:51:53+08:00,btc-updown-5m-1789541400,https://polymarket.com/zh/event/btc-updown-5m-1789541400,14:50-14:55,4.00,97.00,3.00,96.00,204.54,1314.98,1024.98,264.26,3.50,96.50,1.00,1.00,15701.74,16631.49,16642.49,15911.74,3,96,96,3,75903.23,75867.49,,
2026-09-16T14:51:55+08:00,btc-updown-5m-1789541400,https://polymarket.com/zh/event/btc-updown-5m-1789541400,14:50-14:55,5.00,96.00,4.00,95.00,334.70,607.94,617.94,334.70,4.50,95.50,1.00,1.00,16615.40,16542.49,16631.49,16605.40,4,95,95,4,75903.23,75867.63,,
2026-09-16T14:51:58+08:00,btc-updown-5m-1789541400,https://polymarket.com/zh/event/btc-updown-5m-1789541400,14:50-14:55,5.00,96.00,4.00,95.00,512.82,274.15,274.15,512.82,4.50,95.50,1.00,1.00,16040.63,16631.49,16552.49,16040.63,4,95,95,4,75903.23,75867.63,,
2026-09-16T14:52:00+08:00,btc-updown-5m-1789541400,https://polymarket.com/zh/event/btc-updown-5m-1789541400,14:50-14:55,6.00,95.00,5.00,94.00,265.00,901.66,901.66,307.60,5.50,94.50,1.00,1.00,17165.00,16526.49,16556.49,17065.00,5,94,94,5,75903.23,75871.83,,
2026-09-16T14:52:02+08:00,btc-updown-5m-1789541400,https://polymarket.com/zh/event/btc-updown-5m-1789541400,14:50-14:55,6.00,96.00,5.00,95.00,931.33,20.00,122.56,55.00,5.50,95.50,1.00,1.00,15335.20,16247.49,16247.49,15005.64,5,94,95,4,75903.23,75871.83,,
2026-09-16T14:52:05+08:00,btc-updown-5m-1789541400,https://polymarket.com/zh/event/btc-updown-5m-1789541400,14:50-14:55,5.00,96.00,4.00,95.00,674.43,275.12,282.21,674.43,4.50,95.50,1.00,1.00,15656.85,16107.49,16101.49,15659.76,4,95,95,4,75903.23,75868.01,,
2026-09-16T14:52:07+08:00,btc-updown-5m-1789541400,https://polymarket.com/zh/event/btc-updown-5m-1789541400,14:50-14:55,6.00,95.00,5.00,94.00,46.60,782.54,739.54,46.60,5.50,94.50,1.00,1.00,16681.71,16197.49,16097.49,16724.71,5,94,94,5,75903.23,75879.36,,
2026-09-16T14:52:09+08:00,btc-updown-5m-1789541400,https://polymarket.com/zh/event/btc-updown-5m-1789541400,14:50-14:55,9.00,92.00,8.00,91.00,987.75,32.00,221.98,972.75,8.50,91.50,1.00,1.00,15955.47,16211.49,16196.49,16185.47,8,91,91,8,75903.23,75882.55,,
2026-09-16T14:52:12+08:00,btc-updown-5m-1789541400,https://polymarket.com/zh/event/btc-updown-5m-1789541400,14:50-14:55,7.00,94.00,6.00,93.00,305.19,178.00,442.91,616.27,6.50,93.50,1.00,1.00,16496.97,16206.49,16091.49,16569.97,6,93,93,6,75903.23,75886.06,,
2026-09-16T14:52:14+08:00,btc-updown-5m-1789541400,https://polymarket.com/zh/event/btc-updown-5m-1789541400,14:50-14:55,7.00,94.00,6.00,93.00,650.79,222.90,229.31,650.79,6.50,93.50,1.00,1.00,16478.97,16201.49,16101.49,16478.97,6,93,93,6,75903.23,75886.06,,
2026-09-16T14:52:17+08:00,btc-updown-5m-1789541400,https://polymarket.com/zh/event/btc-updown-5m-1789541400,14:50-14:55,7.00,94.00,6.00,93.00,705.50,182.90,182.90,700.50,6.50,93.50,1.00,1.00,16421.57,16207.49,16106.49,16376.57,6,93,93,6,75903.23,75886.06,,
2026-09-16T14:52:19+08:00,btc-updown-5m-1789541400,https://polymarket.com/zh/event/btc-updown-5m-1789541400,14:50-14:55,6.00,95.00,5.00,94.00,415.00,103.63,272.96,560.74,5.50,94.50,1.00,1.00,16134.53,16041.49,16141.49,16100.20,5,94,94,5,75903.23,75886.07,,
2026-09-16T14:52:22+08:00,btc-updown-5m-1789541400,https://polymarket.com/zh/event/btc-updown-5m-1789541400,14:50-14:55,6.00,94.00,5.00,93.00,40.00,120.26,110.66,627.09,5.50,93.50,1.00,1.00,17417.78,16046.49,16041.49,16748.88,5,94,93,6,75903.23,75886.06,,
2026-09-16T14:52:24+08:00,btc-updown-5m-1789541400,https://polymarket.com/zh/event/btc-updown-5m-1789541400,14:50-14:55,6.00,96.00,5.00,95.00,831.73,303.08,15.00,818.38,5.50,95.50,1.00,1.00,15504.92,16046.49,16047.49,15614.92,5,94,95,4,75903.23,75886.06,,
2026-09-16T14:52:26+08:00,btc-updown-5m-1789541400,https://polymarket.com/zh/event/btc-updown-5m-1789541400,14:50-14:55,5.00,96.00,4.00,95.00,349.39,590.08,1386.32,404.39,4.50,95.50,1.00,1.00,16614.07,16051.40,16251.40,15827.83,4,95,95,4,75903.23,75886.06,,
2026-09-16T14:52:29+08:00,btc-updown-5m-1789541400,https://polymarket.com/zh/event/btc-updown-5m-1789541400,14:50-14:55,5.00,96.00,4.00,95.00,1052.35,100.69,100.69,1032.35,4.50,95.50,1.00,1.00,15408.44,16136.40,16036.40,15258.44,4,95,95,4,75903.23,75886.06,,
2026-09-16T14:52:31+08:00,btc-updown-5m-1789541400,https://polymarket.com/zh/event/btc-updown-5m-1789541400,14:50-14:55,5.00,96.00,4.00,95.00,390.39,366.48,366.48,319.59,4.50,95.50,1.00,1.00,15588.23,16041.40,16036.40,15588.23,4,95,95,4,75903.23,75886.06,,
2026-09-16T14:52:33+08:00,btc-updown-5m-1789541400,https://polymarket.com/zh/event/btc-updown-5m-1789541400,14:50-14:55,5.00,96.00,4.00,95.00,293.86,491.48,517.11,303.86,4.50,95.50,1.00,1.00,16660.66,16148.40,16042.40,16635.03,4,95,95,4,75903.23,75886.06,,
2026-09-16T14:52:36+08:00,btc-updown-5m-1789541400,https://polymarket.com/zh/event/btc-updown-5m-1789541400,14:50-14:55,5.00,96.00,4.00,95.00,413.68,406.48,406.48,422.01,4.50,95.50,1.00,1.00,16560.03,16152.40,16037.40,16550.03,4,95,95,4,75903.23,75886.06,,
2026-09-16T14:52:38+08:00,btc-updown-5m-1789541400,https://polymarket.com/zh/event/btc-updown-5m-1789541400,14:50-14:55,4.00,97.00,3.00,96.00,309.99,777.00,782.00,264.55,3.50,96.50,1.00,1.00,16208.85,16036.40,16036.40,16258.85,3,96,96,3,75903.23,75886.06,,
2026-09-16T14:52:41+08:00,btc-updown-5m-1789541400,https://polymarket.com/zh/event/btc-updown-5m-1789541400,14:50-14:55,4.00,97.00,3.00,96.00,373.00,859.90,864.90,389.30,3.50,96.50,1.00,1.00,16346.75,16031.40,16131.40,16346.75,3,96,96,3,75903.23,75886.06,,
2026-09-16T14:52:43+08:00,btc-updown-5m-1789541400,https://polymarket.com/zh/event/btc-updown-5m-1789541400,14:50-14:55,4.00,97.00,3.00,96.00,455.92,812.38,812.38,455.92,3.50,96.50,1.00,1.00,16289.23,16132.40,16027.40,16289.23,3,96,96,3,75903.23,75886.06,,
2026-09-16T14:52:46+08:00,btc-updown-5m-1789541400,https://polymarket.com/zh/event/btc-updown-5m-1789541400,14:50-14:55,3.00,98.00,2.00,97.00,2298.93,267.50,297.50,1531.24,2.50,97.50,1.00,1.00,5461.03,16059.20,16038.20,5426.03,2,97,97,2,75903.23,75867.48,,
2026-09-16T14:52:48+08:00,btc-updown-5m-1789541400,https://polymarket.com/zh/event/btc-updown-5m-1789541400,14:50-14:55,3.00,98.00,2.00,97.00,1608.19,72.01,81.07,1608.13,2.50,97.50,1.00,1.00,5409.60,16001.98,15901.98,5405.54,2,97,97,2,75903.23,75867.48,,
2026-09-16T14:52:50+08:00,btc-updown-5m-1789541400,https://polymarket.com/zh/event/btc-updown-5m-1789541400,14:50-14:55,2.00,99.00,1.00,98.00,632.02,5544.84,5455.84,646.35,1.50,98.50,1.00,1.00,5455.84,15909.48,15899.48,5544.84,1,98,98,1,75903.23,75868.49,,
2026-09-16T14:52:53+08:00,btc-updown-5m-1789541400,https://polymarket.com/zh/event/btc-updown-5m-1789541400,14:50-14:55,2.00,99.00,1.00,98.00,681.25,5498.78,5501.82,681.25,1.50,98.50,1.00,1.00,5501.82,16009.48,15909.48,5498.78,1,98,98,1,75903.23,75868.49,,
2026-09-16T14:52:55+08:00,btc-updown-5m-1789541400,https://polymarket.com/zh/event/btc-updown-5m-1789541400,14:50-14:55,2.00,99.00,1.00,98.00,681.25,5483.72,5478.72,676.25,1.50,98.50,1.00,1.00,5478.72,15899.48,16010.48,5483.72,1,98,98,1,75903.23,75867.49,,
2026-09-16T14:52:58+08:00,btc-updown-5m-1789541400,https://polymarket.com/zh/event/btc-updown-5m-1789541400,14:50-14:55,2.00,99.00,1.00,98.00,654.97,5258.60,5458.66,674.97,1.50,98.50,1.00,1.00,5458.66,15985.48,15891.48,5258.60,1,98,98,1,75903.23,75867.48,,
2026-09-16T14:53:00+08:00,btc-updown-5m-1789541400,https://polymarket.com/zh/event/btc-updown-5m-1789541400,14:50-14:55,2.00,99.00,1.00,98.00,879.97,5282.68,5287.68,879.97,1.50,98.50,1.00,1.00,5287.68,15885.48,15900.48,5282.68,1,98,98,1,75903.23,75867.49,,
2026-09-16T14:53:02+08:00,btc-updown-5m-1789541400,https://polymarket.com/zh/event/btc-updown-5m-1789541400,14:50-14:55,2.00,99.00,1.00,98.00,874.97,2182.32,5183.35,899.97,1.50,98.50,1.00,1.00,5183.35,15874.48,15979.48,2182.32,1,98,98,1,75903.23,75867.48,,
2026-09-16T14:53:05+08:00,btc-updown-5m-1789541400,https://polymarket.com/zh/event/btc-updown-5m-1789541400,14:50-14:55,2.00,99.00,1.00,98.00,1000.45,1823.85,1833.85,939.97,1.50,98.50,1.00,1.00,1833.85,15869.48,15974.48,1823.85,1,98,98,1,75903.23,75867.48,,
2026-09-16T14:53:07+08:00,btc-updown-5m-1789541400,https://polymarket.com/zh/event/btc-updown-5m-1789541400,14:50-14:55,1.00,,,99.00,5113.29,,,5100.72,,,,,,15845.48,15839.48,,0,99,99,0,75903.23,75867.48,,
2026-09-16T14:53:10+08:00,btc-updown-5m-1789541400,https://polymarket.com/zh/event/btc-updown-5m-1789541400,14:50-14:55,1.00,,,99.00,5026.76,,,5026.76,,,,,,15845.48,15840.48,,0,99,99,0,75903.23,75867.48,,
2026-09-16T14:53:12+08:00,btc-updown-5m-1789541400,https://polymarket.com/zh/event/btc-updown-5m-1789541400,14:50-14:55,1.00,,,99.00,5218.43,,,5218.43,,,,,,15834.48,15834.48,,0,99,99,0,75903.23,75867.48,,
2026-09-16T14:53:14+08:00,btc-updown-5m-1789541400,https://polymarket.com/zh/event/btc-updown-5m-1789541400,14:50-14:55,1.00,,,99.00,5036.76,,,5036.76,,,,,,15839.48,15834.48,,0,99,99,0,75903.23,75867.48,,
2026-09-16T14:53:17+08:00,btc-updown-5m-1789541400,https://polymarket.com/zh/event/btc-updown-5m-1789541400,14:50-14:55,1.00,,,99.00,5096.76,,,5096.76,,,,,,15814.48,15829.48,,0,99,99,0,75903.23,75867.48,,
2026-09-16T14:53:19+08:00,btc-updown-5m-1789541400,https://polymarket.com/zh/event/btc-updown-5m-1789541400,14:50-14:55,1.00,,,99.00,5171.76,,,5171.76,,,,,,15826.48,15820.48,,0,99,99,0,75903.23,75867.48,,
2026-09-16T14:53:22+08:00,btc-updown-5m-1789541400,https://polymarket.com/zh/event/btc-updown-5m-1789541400,14:50-14:55,1.00,,,99.00,4416.40,,,4416.40,,,,,,15814.48,15814.48,,0,99,99,0,75903.23,75867.48,,
2026-09-16T14:53:24+08:00,btc-updown-5m-1789541400,https://polymarket.com/zh/event/btc-updown-5m-1789541400,14:50-14:55,1.00,,,99.00,4925.41,,,4925.41,,,,,,15830.48,15819.48,,0,99,99,0,75903.23,75867.48,,
2026-09-16T14:53:27+08:00,btc-updown-5m-1789541400,https://polymarket.com/zh/event/btc-updown-5m-1789541400,14:50-14:55,1.00,,,99.00,4950.51,,,4950.51,,,,,,15825.48,15819.48,,0,99,99,0,75903.23,75867.48,,
2026-09-16T14:53:29+08:00,btc-updown-5m-1789541400,https://polymarket.com/zh/event/btc-updown-5m-1789541400,14:50-14:55,1.00,,,99.00,4950.51,,,4950.51,,,,,,15819.48,15814.48,,0,99,99,0,75903.23,75867.48,,
2026-09-16T14:53:31+08:00,btc-updown-5m-1789541400,https://polymarket.com/zh/event/btc-updown-5m-1789541400,14:50-14:55,1.00,,,99.00,3837.28,,,3988.72,,,,,,15720.48,15719.48,,0,99,99,0,75903.23,75866.25,,
2026-09-16T14:53:34+08:00,btc-updown-5m-1789541400,https://polymarket.com/zh/event/btc-updown-5m-1789541400,14:50-14:55,1.00,,,99.00,4083.72,,,4083.72,,,,,,15720.48,15714.48,,0,99,99,0,75903.23,75871.23,,
2026-09-16T14:53:36+08:00,btc-updown-5m-1789541400,https://polymarket.com/zh/event/btc-updown-5m-1789541400,14:50-14:55,1.00,,,99.00,4088.72,,,4088.72,,,,,,15724.48,15729.48,,0,99,99,0,75903.23,75871.23,,
2026-09-16T14:53:38+08:00,btc-updown-5m-1789541400,https://polymarket.com/zh/event/btc-updown-5m-1789541400,14:50-14:55,1.00,,,99.00,4088.72,,,4073.72,,,,,,15734.48,15740.48,,0,99,99,0,75903.23,75871.23,,
2026-09-16T14:53:41+08:00,btc-updown-5m-1789541400,https://polymarket.com/zh/event/btc-updown-5m-1789541400,14:50-14:55,1.00,,,99.00,7006.73,,,7787.73,,,,,,15729.48,15735.48,,0,99,99,0,75903.23,75871.23,,
