ts_iso,slug,market_url,window_text,buy_up_cents,buy_down_cents,sell_up_cents,sell_down_cents,buy_up_size,buy_down_size,sell_up_size,sell_down_size,mid_up_cents,mid_down_cents,spread_up_cents,spread_down_cents,bid_depth_up_5,ask_depth_up_5,bid_depth_down_5,ask_depth_down_5,level_count_bid_up,level_count_ask_up,level_count_bid_down,level_count_ask_down,target_price,final_price,trade_count_1s,trade_volume_1s
2026-09-28T02:48:09+08:00,btc-updown-5m-1790534700,https://polymarket.com/zh/event/btc-updown-5m-1790534700,02:45-02:50,33.00,68.00,32.00,67.00,334.40,95.05,203.00,488.35,32.50,67.50,1.00,1.00,13286.36,22220.19,22230.19,13256.36,32,67,67,32,,84738.43,,
2026-09-28T02:48:12+08:00,btc-updown-5m-1790534700,https://polymarket.com/zh/event/btc-updown-5m-1790534700,02:45-02:50,30.00,69.00,29.00,68.00,20.00,224.64,1278.16,27.22,29.50,68.50,1.00,1.00,13271.36,23475.19,23485.19,13286.36,29,70,68,31,,84738.42,,
2026-09-28T02:48:14+08:00,btc-updown-5m-1790534700,https://polymarket.com/zh/event/btc-updown-5m-1790534700,02:45-02:50,34.00,67.00,33.00,66.00,533.71,86.00,86.00,422.01,33.50,66.50,1.00,1.00,13271.36,23415.19,23620.19,13281.36,33,66,66,33,,84738.43,,
2026-09-28T02:48:17+08:00,btc-updown-5m-1790534700,https://polymarket.com/zh/event/btc-updown-5m-1790534700,02:45-02:50,34.00,70.00,33.00,69.00,260.23,95.23,10.00,26.60,33.50,69.50,1.00,1.00,13216.36,23525.19,23415.19,13196.36,32,66,69,26,,84738.43,,
2026-09-28T02:48:19+08:00,btc-updown-5m-1790534700,https://polymarket.com/zh/event/btc-updown-5m-1790534700,02:45-02:50,32.00,69.00,31.00,68.00,298.31,10.00,10.00,313.31,31.50,68.50,1.00,1.00,13659.36,23630.19,23415.19,14519.36,31,68,68,31,,84738.42,,
2026-09-28T02:48:22+08:00,btc-updown-5m-1790534700,https://polymarket.com/zh/event/btc-updown-5m-1790534700,02:45-02:50,63.00,33.00,62.00,32.00,30.00,43.60,36.90,40.00,62.50,32.50,1.00,1.00,18351.80,22585.19,13627.19,15866.81,62,36,30,66,,84752.48,,
2026-09-28T02:48:25+08:00,btc-updown-5m-1790534700,https://polymarket.com/zh/event/btc-updown-5m-1790534700,02:45-02:50,73.00,28.00,72.00,27.00,531.85,12.00,112.00,595.00,72.50,27.50,1.00,1.00,21711.81,16917.92,17419.92,21611.81,72,27,27,72,,84752.79,,
2026-09-28T02:48:27+08:00,btc-updown-5m-1790534700,https://polymarket.com/zh/event/btc-updown-5m-1790534700,02:45-02:50,75.00,27.00,74.00,26.00,258.00,10.00,10.00,555.69,74.50,26.50,1.00,1.00,21642.36,17021.92,17006.92,21642.36,74,25,26,73,,84754.55,,
2026-09-28T02:48:30+08:00,btc-updown-5m-1790534700,https://polymarket.com/zh/event/btc-updown-5m-1790534700,02:45-02:50,69.00,32.00,68.00,31.00,361.00,33.00,43.00,844.25,68.50,31.50,1.00,1.00,21632.36,16680.92,16705.92,21632.36,68,31,31,68,,84754.55,,
2026-09-28T02:48:32+08:00,btc-updown-5m-1790534700,https://polymarket.com/zh/event/btc-updown-5m-1790534700,02:45-02:50,64.00,38.00,61.00,37.00,11.75,75.00,33.90,10.00,62.50,37.50,3.00,1.00,21642.36,19187.19,19346.19,21632.36,61,36,37,62,,84754.56,,
2026-09-28T02:48:35+08:00,btc-updown-5m-1790534700,https://polymarket.com/zh/event/btc-updown-5m-1790534700,02:45-02:50,62.00,39.00,61.00,38.00,292.67,112.43,112.43,286.80,61.50,38.50,1.00,1.00,21632.36,19239.19,18924.19,21627.36,61,38,38,61,,84754.56,,
2026-09-28T02:48:37+08:00,btc-updown-5m-1790534700,https://polymarket.com/zh/event/btc-updown-5m-1790534700,02:45-02:50,39.00,59.00,38.00,58.00,124.13,522.60,133.00,19.76,38.50,58.50,1.00,1.00,13273.36,20001.19,20096.19,17023.36,38,61,56,41,,84754.56,,
2026-09-28T02:48:40+08:00,btc-updown-5m-1790534700,https://polymarket.com/zh/event/btc-updown-5m-1790534700,02:45-02:50,51.00,47.00,50.00,46.00,92.00,86.60,42.00,32.00,50.50,46.50,1.00,1.00,21090.69,17931.92,18426.92,21090.69,50,48,46,53,,84745.99,,
2026-09-28T02:48:43+08:00,btc-updown-5m-1790534700,https://polymarket.com/zh/event/btc-updown-5m-1790534700,02:45-02:50,54.00,51.00,52.00,50.00,258.00,15.00,10.00,169.70,53.00,50.50,2.00,1.00,21000.69,18431.92,18473.19,21180.69,52,46,50,49,,84746.83,,
2026-09-28T02:48:45+08:00,btc-updown-5m-1790534700,https://polymarket.com/zh/event/btc-updown-5m-1790534700,02:45-02:50,51.00,48.00,50.00,47.00,177.03,10.00,113.00,33.07,50.50,47.50,1.00,1.00,21090.69,18766.92,18751.92,21080.69,50,49,47,52,,84746.83,,
2026-09-28T02:48:48+08:00,btc-updown-5m-1790534700,https://polymarket.com/zh/event/btc-updown-5m-1790534700,02:45-02:50,41.00,60.00,40.00,59.00,237.99,114.96,104.96,198.00,40.50,59.50,1.00,1.00,20152.36,21498.19,21488.19,20147.36,40,59,59,40,,84746.82,,
2026-09-28T02:48:50+08:00,btc-updown-5m-1790534700,https://polymarket.com/zh/event/btc-updown-5m-1790534700,02:45-02:50,50.00,52.00,49.00,51.00,40.00,110.00,10.00,219.60,49.50,51.50,1.00,1.00,18355.36,22369.92,22339.92,18350.36,49,50,51,48,,84746.83,,
2026-09-28T02:48:53+08:00,btc-updown-5m-1790534700,https://polymarket.com/zh/event/btc-updown-5m-1790534700,02:45-02:50,50.00,51.00,49.00,50.00,74.50,650.60,260.60,5.00,49.50,50.50,1.00,1.00,18395.36,22324.92,22339.92,18365.36,49,50,45,49,,84746.82,,
2026-09-28T02:48:56+08:00,btc-updown-5m-1790534700,https://polymarket.com/zh/event/btc-updown-5m-1790534700,02:45-02:50,62.00,32.00,61.00,31.00,5.00,297.00,6.60,20.00,61.50,31.50,1.00,1.00,16713.37,20176.93,12825.93,16708.37,61,34,28,62,,84750.23,,
2026-09-28T02:48:58+08:00,btc-updown-5m-1790534700,https://polymarket.com/zh/event/btc-updown-5m-1790534700,02:45-02:50,78.00,23.00,77.00,22.00,81.07,1512.35,288.27,20.00,77.50,22.50,1.00,1.00,13507.32,5709.88,5729.88,13497.32,77,22,22,77,,84754.56,,
2026-09-28T02:49:01+08:00,btc-updown-5m-1790534700,https://polymarket.com/zh/event/btc-updown-5m-1790534700,02:45-02:50,84.00,18.00,83.00,17.00,108.92,20.00,10.00,162.19,83.50,17.50,1.00,1.00,13461.23,5360.88,5431.13,13336.23,83,16,17,82,,84754.55,,
2026-09-28T02:49:03+08:00,btc-updown-5m-1790534700,https://polymarket.com/zh/event/btc-updown-5m-1790534700,02:45-02:50,67.00,34.00,66.00,33.00,74.40,31.05,50.98,623.10,66.50,33.50,1.00,1.00,13062.23,5800.13,5790.13,12957.23,65,33,33,62,,84754.09,,
2026-09-28T02:49:06+08:00,btc-updown-5m-1790534700,https://polymarket.com/zh/event/btc-updown-5m-1790534700,02:45-02:50,68.00,32.00,67.00,31.00,6.50,292.98,361.14,231.34,67.50,31.50,1.00,1.00,13490.23,5477.65,5462.65,13652.23,65,31,31,66,,84748.89,,
2026-09-28T02:49:08+08:00,btc-updown-5m-1790534700,https://polymarket.com/zh/event/btc-updown-5m-1790534700,02:45-02:50,70.00,31.00,69.00,30.00,5.71,0.18,5.18,5.71,69.50,30.50,1.00,1.00,13731.60,5380.65,5442.65,13716.60,69,30,30,69,,84748.90,,
2026-09-28T02:49:11+08:00,btc-updown-5m-1790534700,https://polymarket.com/zh/event/btc-updown-5m-1790534700,02:45-02:50,75.00,45.00,74.00,44.00,1688.56,5.00,5.00,174.00,74.50,44.50,1.00,1.00,13472.23,5266.65,7698.65,13385.23,47,25,38,53,,84748.91,,
2026-09-28T02:49:14+08:00,btc-updown-5m-1790534700,https://polymarket.com/zh/event/btc-updown-5m-1790534700,02:45-02:50,72.00,37.00,71.00,36.00,313.47,40.00,10.00,25.00,71.50,36.50,1.00,1.00,13474.23,5199.15,5331.15,13464.23,65,28,36,63,,84748.90,,
2026-09-28T02:49:16+08:00,btc-updown-5m-1790534700,https://polymarket.com/zh/event/btc-updown-5m-1790534700,02:45-02:50,77.00,23.00,76.00,21.00,7.70,193.00,40.00,217.14,76.50,22.00,1.00,2.00,13424.23,5185.15,5195.15,13714.23,76,23,21,77,,84748.90,,
2026-09-28T02:49:19+08:00,btc-updown-5m-1790534700,https://polymarket.com/zh/event/btc-updown-5m-1790534700,02:45-02:50,85.00,17.00,83.00,16.00,38.41,6.53,20.00,126.44,84.00,16.50,2.00,1.00,13629.23,5029.15,5024.15,13729.23,78,15,16,78,,84749.48,,
2026-09-28T02:49:22+08:00,btc-updown-5m-1790534700,https://polymarket.com/zh/event/btc-updown-5m-1790534700,02:45-02:50,85.00,16.00,84.00,15.00,14.60,169.00,159.00,195.32,84.50,15.50,1.00,1.00,13519.23,5054.15,5054.15,13324.23,73,15,15,71,,84749.46,,
2026-09-28T02:49:24+08:00,btc-updown-5m-1790534700,https://polymarket.com/zh/event/btc-updown-5m-1790534700,02:45-02:50,73.00,30.00,71.00,28.00,239.85,6.49,0.54,110.25,72.00,29.00,2.00,2.00,13209.23,5464.15,5500.41,13416.23,62,24,28,65,,84749.46,,
2026-09-28T02:49:27+08:00,btc-updown-5m-1790534700,https://polymarket.com/zh/event/btc-updown-5m-1790534700,02:45-02:50,8.00,93.00,7.00,92.00,135.69,613.63,642.30,134.42,7.50,92.50,1.00,1.00,5418.13,10381.89,9872.89,5606.13,7,83,84,7,,84735.38,,
2026-09-28T02:49:29+08:00,btc-updown-5m-1790534700,https://polymarket.com/zh/event/btc-updown-5m-1790534700,02:45-02:50,8.00,92.00,7.00,91.00,12.25,228.00,320.57,20.99,7.50,91.50,1.00,1.00,5594.13,9528.63,9433.63,5589.13,7,85,79,8,,84735.39,,
2026-09-28T02:49:32+08:00,btc-updown-5m-1790534700,https://polymarket.com/zh/event/btc-updown-5m-1790534700,02:45-02:50,10.00,93.00,9.00,92.00,5.00,171.42,211.85,98.00,9.50,92.50,1.00,1.00,5866.82,9335.63,9335.63,5852.80,9,79,79,7,,84739.41,,
2026-09-28T02:49:34+08:00,btc-updown-5m-1790534700,https://polymarket.com/zh/event/btc-updown-5m-1790534700,02:45-02:50,6.00,95.00,5.00,94.00,132.00,65.00,20.00,25.00,5.50,94.50,1.00,1.00,5186.80,9345.63,9340.63,5804.82,5,83,81,5,,84739.41,,
2026-09-28T02:49:37+08:00,btc-updown-5m-1790534700,https://polymarket.com/zh/event/btc-updown-5m-1790534700,02:45-02:50,6.00,95.00,5.00,94.00,117.00,410.51,394.36,22.00,5.50,94.50,1.00,1.00,8718.67,9238.63,9238.63,8478.82,5,82,74,5,,84739.41,,
2026-09-28T02:49:39+08:00,btc-updown-5m-1790534700,https://polymarket.com/zh/event/btc-updown-5m-1790534700,02:45-02:50,5.00,96.00,4.00,95.00,70.00,2448.44,2448.44,76.00,4.50,95.50,1.00,1.00,7664.77,9588.63,9578.63,7664.77,4,80,80,4,,84739.41,,
2026-09-28T02:49:42+08:00,btc-updown-5m-1790534700,https://polymarket.com/zh/event/btc-updown-5m-1790534700,02:45-02:50,4.00,97.00,3.00,96.00,305.16,309.14,339.14,315.16,3.50,96.50,1.00,1.00,3957.52,9030.63,8928.63,3851.52,3,80,83,3,,84739.42,,
2026-09-28T02:49:45+08:00,btc-updown-5m-1790534700,https://polymarket.com/zh/event/btc-updown-5m-1790534700,02:45-02:50,2.00,99.00,1.00,98.00,378.72,2021.48,2476.47,378.72,1.50,98.50,1.00,1.00,2476.47,8862.30,8872.30,2021.48,1,86,86,1,,84740.63,,
2026-09-28T02:49:47+08:00,btc-updown-5m-1790534700,https://polymarket.com/zh/event/btc-updown-5m-1790534700,02:45-02:50,1.00,,,99.00,3368.51,,,3368.51,,,,,,8557.30,8562.30,,0,79,79,0,,84740.63,,
2026-09-28T02:49:50+08:00,btc-updown-5m-1790534700,https://polymarket.com/zh/event/btc-updown-5m-1790534700,02:45-02:50,1.00,,,99.00,15180.93,,,15185.98,,,,,,8557.30,8557.30,,0,78,78,0,,84740.62,,
2026-09-28T02:49:52+08:00,btc-updown-5m-1790534700,https://polymarket.com/zh/event/btc-updown-5m-1790534700,02:45-02:50,1.00,,,99.00,16024.98,,,16024.98,,,,,,8544.80,8554.80,,0,78,78,0,,84740.63,,
2026-09-28T02:49:55+08:00,btc-updown-5m-1790534700,https://polymarket.com/zh/event/btc-updown-5m-1790534700,02:45-02:50,1.00,,,99.00,46410.64,,,46385.64,,,,,,8539.80,9414.80,,0,79,77,0,,84740.62,,
2026-09-28T02:49:57+08:00,btc-updown-5m-1790534700,https://polymarket.com/zh/event/btc-updown-5m-1790534700,02:45-02:50,1.00,,,99.00,48626.70,,,50066.70,,,,,,3949.80,3949.80,,0,76,76,0,,84740.62,,
2026-09-28T02:50:00+08:00,btc-updown-5m-1790534700,https://polymarket.com/zh/event/btc-updown-5m-1790534700,02:45-02:50,1.00,,,99.00,66546.24,,,66451.19,,,,,,3899.80,3863.80,,0,76,72,0,,84740.63,,
2026-09-28T02:50:03+08:00,btc-updown-5m-1790535000,https://polymarket.com/zh/event/btc-updown-5m-1790535000,02:50-02:55,44.00,57.00,43.00,56.00,497.72,97.45,115.00,417.72,43.50,56.50,1.00,1.00,24967.28,30215.97,30112.53,24957.28,43,56,56,43,,84740.63,,
2026-09-28T02:50:05+08:00,btc-updown-5m-1790535000,https://polymarket.com/zh/event/btc-updown-5m-1790535000,02:50-02:55,43.00,58.00,42.00,57.00,1304.38,88.13,104.00,1324.38,42.50,57.50,1.00,1.00,26522.28,31747.53,31662.53,26537.28,42,57,57,42,,84740.63,,
2026-09-28T02:50:08+08:00,btc-updown-5m-1790535000,https://polymarket.com/zh/event/btc-updown-5m-1790535000,02:50-02:55,42.00,59.00,41.00,58.00,69.24,1221.46,1263.84,69.24,41.50,58.50,1.00,1.00,24522.28,31657.53,31762.53,24537.28,41,58,58,41,,84740.62,,
2026-09-28T02:50:11+08:00,btc-updown-5m-1790535000,https://polymarket.com/zh/event/btc-updown-5m-1790535000,02:50-02:55,42.00,59.00,41.00,58.00,78.34,1161.55,1275.03,76.34,41.50,58.50,1.00,1.00,24557.28,29696.28,29896.28,24557.28,41,58,58,41,,84740.62,,
2026-09-28T02:50:13+08:00,btc-updown-5m-1790535000,https://polymarket.com/zh/event/btc-updown-5m-1790535000,02:50-02:55,42.00,59.00,41.00,58.00,148.42,1245.06,1246.76,148.42,41.50,58.50,1.00,1.00,24591.28,29830.28,29815.28,24581.28,41,58,58,41,,84740.63,,
2026-09-28T02:50:16+08:00,btc-updown-5m-1790535000,https://polymarket.com/zh/event/btc-updown-5m-1790535000,02:50-02:55,42.00,58.00,41.00,57.00,47.10,35.00,1290.49,38.67,41.50,57.50,1.00,1.00,24595.87,29652.88,29775.57,24580.87,41,58,57,42,,84740.62,,
2026-09-28T02:50:18+08:00,btc-updown-5m-1790535000,https://polymarket.com/zh/event/btc-updown-5m-1790535000,02:50-02:55,44.00,57.00,43.00,56.00,588.63,197.54,197.54,578.63,43.50,56.50,1.00,1.00,24543.27,29792.27,29692.27,24558.27,43,56,56,43,,84740.63,,
2026-09-28T02:50:21+08:00,btc-updown-5m-1790535000,https://polymarket.com/zh/event/btc-updown-5m-1790535000,02:50-02:55,44.00,57.00,43.00,56.00,1508.44,197.54,192.54,1503.44,43.50,56.50,1.00,1.00,22863.27,28002.27,28102.27,22863.27,43,56,56,43,,84740.63,,
2026-09-28T02:50:23+08:00,btc-updown-5m-1790535000,https://polymarket.com/zh/event/btc-updown-5m-1790535000,02:50-02:55,42.00,59.00,41.00,58.00,849.20,123.92,123.92,699.20,41.50,58.50,1.00,1.00,22623.27,27762.27,27867.27,22638.27,41,58,58,41,,84740.62,,
2026-09-28T02:50:26+08:00,btc-updown-5m-1790535000,https://polymarket.com/zh/event/btc-updown-5m-1790535000,02:50-02:55,42.00,59.00,41.00,58.00,1351.08,76.63,85.09,1351.08,41.50,58.50,1.00,1.00,22403.27,27537.27,27627.27,22388.27,41,58,58,41,,84740.63,,
2026-09-28T02:50:28+08:00,btc-updown-5m-1790535000,https://polymarket.com/zh/event/btc-updown-5m-1790535000,02:50-02:55,42.00,59.00,41.00,58.00,86.61,1414.03,1414.03,86.61,41.50,58.50,1.00,1.00,21723.27,26802.27,26902.27,21733.27,41,58,58,41,,84740.63,,
2026-09-28T02:50:31+08:00,btc-updown-5m-1790535000,https://polymarket.com/zh/event/btc-updown-5m-1790535000,02:50-02:55,42.00,59.00,41.00,58.00,89.04,1512.47,1426.47,89.04,41.50,58.50,1.00,1.00,20768.27,25847.27,25952.27,20773.27,41,58,58,41,,84740.62,,
2026-09-28T02:50:34+08:00,btc-updown-5m-1790535000,https://polymarket.com/zh/event/btc-updown-5m-1790535000,02:50-02:55,42.00,59.00,41.00,58.00,245.13,1509.93,1509.93,240.13,41.50,58.50,1.00,1.00,20238.27,25462.27,25472.27,20238.27,41,58,58,41,,84740.63,,
2026-09-28T02:50:36+08:00,btc-updown-5m-1790535000,https://polymarket.com/zh/event/btc-updown-5m-1790535000,02:50-02:55,42.00,59.00,41.00,58.00,28.91,1625.40,1522.41,28.91,41.50,58.50,1.00,1.00,19993.27,25142.27,25222.27,19983.27,41,58,58,41,,84740.63,,
2026-09-28T02:50:39+08:00,btc-updown-5m-1790535000,https://polymarket.com/zh/event/btc-updown-5m-1790535000,02:50-02:55,42.00,59.00,41.00,58.00,44.91,1724.04,1724.04,44.91,41.50,58.50,1.00,1.00,19988.27,25232.27,25222.27,19988.27,41,58,58,41,,84740.63,,
2026-09-28T02:50:41+08:00,btc-updown-5m-1790535000,https://polymarket.com/zh/event/btc-updown-5m-1790535000,02:50-02:55,42.00,59.00,41.00,58.00,43.19,1733.86,1733.86,48.19,41.50,58.50,1.00,1.00,19983.27,25222.27,25227.27,20188.27,41,58,58,41,,84740.62,,
2026-09-28T02:50:44+08:00,btc-updown-5m-1790535000,https://polymarket.com/zh/event/btc-updown-5m-1790535000,02:50-02:55,43.00,58.00,42.00,57.00,42.00,1643.25,1648.25,127.00,42.50,57.50,1.00,1.00,20193.27,25232.27,25222.27,20258.27,42,57,57,42,,84740.63,,
2026-09-28T02:50:46+08:00,btc-updown-5m-1790535000,https://polymarket.com/zh/event/btc-updown-5m-1790535000,02:50-02:55,43.00,58.00,42.00,57.00,70.95,1454.40,1449.40,65.95,42.50,57.50,1.00,1.00,20229.25,25232.27,25222.27,20219.25,42,57,57,42,,84740.62,,
2026-09-28T02:50:49+08:00,btc-updown-5m-1790535000,https://polymarket.com/zh/event/btc-updown-5m-1790535000,02:50-02:55,43.00,58.00,42.00,57.00,90.95,297.21,394.01,115.95,42.50,57.50,1.00,1.00,20039.25,25222.27,25337.27,20044.25,42,57,57,42,,84740.63,,
2026-09-28T02:50:52+08:00,btc-updown-5m-1790535000,https://polymarket.com/zh/event/btc-updown-5m-1790535000,02:50-02:55,43.00,58.00,42.00,57.00,65.95,1516.19,1538.19,95.95,42.50,57.50,1.00,1.00,20028.27,25222.27,25132.27,20023.27,42,57,57,42,,84740.63,,
2026-09-28T02:50:54+08:00,btc-updown-5m-1790535000,https://polymarket.com/zh/event/btc-updown-5m-1790535000,02:50-02:55,50.00,51.00,49.00,50.00,304.64,311.92,345.57,348.64,49.50,50.50,1.00,1.00,20784.25,25992.27,25982.27,20779.25,49,50,50,49,,84748.82,,
2026-09-28T02:50:57+08:00,btc-updown-5m-1790535000,https://polymarket.com/zh/event/btc-updown-5m-1790535000,02:50-02:55,53.00,46.00,52.00,45.00,0.10,1183.76,565.60,100.00,52.50,45.50,1.00,1.00,20544.25,25647.27,24647.27,20639.25,52,47,45,54,,84748.82,,
2026-09-28T02:50:59+08:00,btc-updown-5m-1790535000,https://polymarket.com/zh/event/btc-updown-5m-1790535000,02:50-02:55,56.00,45.00,55.00,44.00,26.16,901.56,851.70,26.16,55.50,44.50,1.00,1.00,19394.25,24482.27,24477.27,19384.25,55,44,44,55,,84749.48,,
2026-09-28T02:51:02+08:00,btc-updown-5m-1790535000,https://polymarket.com/zh/event/btc-updown-5m-1790535000,02:50-02:55,57.00,44.00,56.00,43.00,21.59,1196.60,1196.60,21.59,56.50,43.50,1.00,1.00,16864.25,21997.27,21997.27,16864.25,56,43,43,56,,84749.48,,
2026-09-28T02:51:04+08:00,btc-updown-5m-1790535000,https://polymarket.com/zh/event/btc-updown-5m-1790535000,02:50-02:55,49.00,52.00,48.00,51.00,1826.45,5.00,5.00,1826.45,48.50,51.50,1.00,1.00,17555.27,22804.27,22804.27,17555.27,48,51,51,48,,84747.77,,
2026-09-28T02:51:07+08:00,btc-updown-5m-1790535000,https://polymarket.com/zh/event/btc-updown-5m-1790535000,02:50-02:55,31.00,70.00,30.00,69.00,1186.23,122.00,117.00,1076.53,30.50,69.50,1.00,1.00,13458.27,21741.27,21731.27,13448.27,30,69,69,30,,84738.42,,
2026-09-28T02:51:09+08:00,btc-updown-5m-1790535000,https://polymarket.com/zh/event/btc-updown-5m-1790535000,02:50-02:55,31.00,70.00,30.00,69.00,1159.28,117.66,71.61,1127.36,30.50,69.50,1.00,1.00,13503.27,21736.27,21641.27,13468.27,30,69,69,30,,84735.38,,
2026-09-28T02:51:12+08:00,btc-updown-5m-1790535000,https://polymarket.com/zh/event/btc-updown-5m-1790535000,02:50-02:55,27.00,74.00,26.00,73.00,53.61,1767.68,1761.37,30.01,26.50,73.50,1.00,1.00,13202.27,21584.27,21484.27,13202.27,26,73,73,26,,84735.39,,
2026-09-28T02:51:15+08:00,btc-updown-5m-1790535000,https://polymarket.com/zh/event/btc-updown-5m-1790535000,02:50-02:55,25.00,76.00,24.00,75.00,110.34,661.54,644.77,20.34,24.50,75.50,1.00,1.00,13212.27,21323.27,21333.27,13212.27,24,75,75,24,,84729.95,,
2026-09-28T02:51:17+08:00,btc-updown-5m-1790535000,https://polymarket.com/zh/event/btc-updown-5m-1790535000,02:50-02:55,30.00,70.00,29.00,69.00,46.00,428.14,153.00,89.62,29.50,69.50,1.00,1.00,13071.27,21428.27,21438.27,13071.27,29,70,69,30,,84729.96,,
2026-09-28T02:51:20+08:00,btc-updown-5m-1790535000,https://polymarket.com/zh/event/btc-updown-5m-1790535000,02:50-02:55,33.00,76.00,32.00,71.00,53.00,27.21,352.69,60.12,32.50,73.50,1.00,5.00,13313.27,21428.27,21478.27,12046.27,32,67,71,17,,84729.96,,
2026-09-28T02:51:22+08:00,btc-updown-5m-1790535000,https://polymarket.com/zh/event/btc-updown-5m-1790535000,02:50-02:55,16.00,83.00,15.00,82.00,980.81,16.95,38.18,25.00,15.50,82.50,1.00,1.00,7656.22,21379.27,22369.27,6656.43,15,84,82,17,,84709.10,,
2026-09-28T02:51:25+08:00,btc-updown-5m-1790535000,https://polymarket.com/zh/event/btc-updown-5m-1790535000,02:50-02:55,18.00,84.00,17.00,83.00,462.00,1024.67,188.00,10.00,17.50,83.50,1.00,1.00,6427.22,23968.27,23883.27,6432.22,17,82,83,16,,84713.37,,
2026-09-28T02:51:27+08:00,btc-updown-5m-1790535000,https://polymarket.com/zh/event/btc-updown-5m-1790535000,02:50-02:55,17.00,84.00,16.00,83.00,20.78,466.42,1353.54,70.78,16.50,83.50,1.00,1.00,6519.22,23496.27,23501.27,6514.22,16,83,83,16,,84713.38,,
2026-09-28T02:51:30+08:00,btc-updown-5m-1790535000,https://polymarket.com/zh/event/btc-updown-5m-1790535000,02:50-02:55,17.00,84.00,16.00,83.00,376.14,160.09,120.72,389.68,16.50,83.50,1.00,1.00,6514.22,23511.27,23391.27,6504.22,16,83,83,16,,84713.37,,
2026-09-28T02:51:32+08:00,btc-updown-5m-1790535000,https://polymarket.com/zh/event/btc-updown-5m-1790535000,02:50-02:55,16.00,85.00,15.00,84.00,60.00,967.21,949.48,31.25,15.50,84.50,1.00,1.00,6593.22,23506.27,23491.27,6603.22,15,84,84,15,,84713.38,,
2026-09-28T02:51:35+08:00,btc-updown-5m-1790535000,https://polymarket.com/zh/event/btc-updown-5m-1790535000,02:50-02:55,23.00,78.00,22.00,77.00,195.99,1597.98,1562.55,124.03,22.50,77.50,1.00,1.00,7009.22,22743.27,22943.27,6984.22,22,77,77,22,,84722.88,,
2026-09-28T02:51:38+08:00,btc-updown-5m-1790535000,https://polymarket.com/zh/event/btc-updown-5m-1790535000,02:50-02:55,23.00,78.00,22.00,77.00,55.17,1247.29,1247.29,55.17,22.50,77.50,1.00,1.00,6989.22,22858.27,23913.27,6989.22,22,77,77,22,,84722.87,,
2026-09-28T02:51:40+08:00,btc-updown-5m-1790535000,https://polymarket.com/zh/event/btc-updown-5m-1790535000,02:50-02:55,24.00,77.00,23.00,76.00,49.58,433.48,378.48,39.58,23.50,76.50,1.00,1.00,6492.22,23813.27,23798.27,6492.22,23,76,76,23,,84722.88,,
2026-09-28T02:51:43+08:00,btc-updown-5m-1790535000,https://polymarket.com/zh/event/btc-updown-5m-1790535000,02:50-02:55,24.00,77.00,23.00,76.00,52.00,333.82,323.82,37.00,23.50,76.50,1.00,1.00,7163.22,23898.27,23798.27,7163.22,23,76,76,23,,84722.88,,
2026-09-28T02:51:46+08:00,btc-updown-5m-1790535000,https://polymarket.com/zh/event/btc-updown-5m-1790535000,02:50-02:55,24.00,77.00,23.00,76.00,197.83,321.17,347.15,197.83,23.50,76.50,1.00,1.00,7173.22,23903.27,23391.27,7173.22,23,76,76,23,,84722.88,,
2026-09-28T02:51:48+08:00,btc-updown-5m-1790535000,https://polymarket.com/zh/event/btc-updown-5m-1790535000,02:50-02:55,24.00,77.00,23.00,76.00,740.93,10.66,112.16,1663.93,23.50,76.50,1.00,1.00,7163.22,23154.27,23044.27,7163.22,23,76,76,23,,84722.88,,
2026-09-28T02:51:51+08:00,btc-updown-5m-1790535000,https://polymarket.com/zh/event/btc-updown-5m-1790535000,02:50-02:55,21.00,80.00,20.00,79.00,1375.96,62.62,62.62,1375.96,20.50,79.50,1.00,1.00,7188.22,23054.27,23159.27,7193.22,20,79,79,20,,84722.87,,
2026-09-28T02:51:53+08:00,btc-updown-5m-1790535000,https://polymarket.com/zh/event/btc-updown-5m-1790535000,02:50-02:55,21.00,80.00,20.00,79.00,1395.20,35.38,40.38,1495.20,20.50,79.50,1.00,1.00,6686.22,23144.27,23144.27,6686.22,20,79,79,20,,84722.87,,
2026-09-28T02:51:56+08:00,btc-updown-5m-1790535000,https://polymarket.com/zh/event/btc-updown-5m-1790535000,02:50-02:55,21.00,80.00,20.00,79.00,76.61,1810.37,1805.37,66.61,20.50,79.50,1.00,1.00,6681.22,23239.27,23039.27,6658.22,20,79,79,20,,84722.88,,
2026-09-28T02:51:58+08:00,btc-updown-5m-1790535000,https://polymarket.com/zh/event/btc-updown-5m-1790535000,02:50-02:55,21.00,80.00,20.00,79.00,54.28,1202.19,1202.19,54.28,20.50,79.50,1.00,1.00,6569.13,23097.51,23102.51,6579.13,20,79,79,20,,84722.88,,
2026-09-28T02:52:01+08:00,btc-updown-5m-1790535000,https://polymarket.com/zh/event/btc-updown-5m-1790535000,02:50-02:55,21.00,80.00,20.00,79.00,32.00,312.36,312.36,32.00,20.50,79.50,1.00,1.00,6579.13,23434.51,23449.51,6579.13,20,79,79,20,,84722.88,,
2026-09-28T02:52:04+08:00,btc-updown-5m-1790535000,https://polymarket.com/zh/event/btc-updown-5m-1790535000,02:50-02:55,17.00,84.00,16.00,83.00,249.00,270.50,270.50,249.00,16.50,83.50,1.00,1.00,6492.13,22987.51,22987.51,6492.13,16,83,83,16,,84721.18,,
2026-09-28T02:52:06+08:00,btc-updown-5m-1790535000,https://polymarket.com/zh/event/btc-updown-5m-1790535000,02:50-02:55,15.00,85.00,14.00,84.00,40.00,293.12,1398.50,10.00,14.50,84.50,1.00,1.00,6541.13,22982.51,22992.51,6511.13,14,85,84,15,,84721.18,,
2026-09-28T02:52:09+08:00,btc-updown-5m-1790535000,https://polymarket.com/zh/event/btc-updown-5m-1790535000,02:50-02:55,18.00,83.00,17.00,82.00,5.00,905.49,1155.49,105.00,17.50,82.50,1.00,1.00,6773.13,22760.51,22870.51,6788.13,17,82,82,17,,84722.88,,
2026-09-28T02:52:11+08:00,btc-updown-5m-1790535000,https://polymarket.com/zh/event/btc-updown-5m-1790535000,02:50-02:55,19.00,82.00,18.00,81.00,81.93,159.84,145.00,86.51,18.50,81.50,1.00,1.00,6803.13,23915.51,23925.51,6783.13,18,81,81,18,,84722.87,,
2026-09-28T02:52:14+08:00,btc-updown-5m-1790535000,https://polymarket.com/zh/event/btc-updown-5m-1790535000,02:50-02:55,17.00,84.00,16.00,83.00,116.21,309.30,264.30,127.21,16.50,83.50,1.00,1.00,7043.13,23413.51,23318.51,7028.13,16,83,83,16,,84722.57,,
2026-09-28T02:52:16+08:00,btc-updown-5m-1790535000,https://polymarket.com/zh/event/btc-updown-5m-1790535000,02:50-02:55,18.00,84.00,17.00,83.00,1243.20,5.00,15.00,365.91,17.50,83.50,1.00,1.00,9678.13,23161.51,23166.51,9673.13,17,82,83,16,,84722.58,,
2026-09-28T02:52:19+08:00,btc-updown-5m-1790535000,https://polymarket.com/zh/event/btc-updown-5m-1790535000,02:50-02:55,16.00,85.00,15.00,84.00,90.34,416.82,416.82,90.34,15.50,84.50,1.00,1.00,9221.13,23166.51,23066.51,9221.13,15,84,84,15,,84722.57,,
2026-09-28T02:52:22+08:00,btc-updown-5m-1790535000,https://polymarket.com/zh/event/btc-updown-5m-1790535000,02:50-02:55,16.00,85.00,15.00,84.00,242.37,97.33,123.22,935.28,15.50,84.50,1.00,1.00,9161.13,23098.17,23083.17,9106.13,15,84,84,15,,84722.58,,
2026-09-28T02:52:24+08:00,btc-updown-5m-1790535000,https://polymarket.com/zh/event/btc-updown-5m-1790535000,02:50-02:55,16.00,85.00,15.00,84.00,812.34,27.39,47.39,844.72,15.50,84.50,1.00,1.00,9106.13,23083.17,23088.17,6486.13,15,84,84,15,,84722.58,,
2026-09-28T02:52:27+08:00,btc-updown-5m-1790535000,https://polymarket.com/zh/event/btc-updown-5m-1790535000,02:50-02:55,15.00,84.00,14.00,83.00,50.63,30.00,865.64,927.04,14.50,83.50,1.00,1.00,6525.93,23082.97,23092.97,6530.93,14,85,83,16,,84722.58,,
2026-09-28T02:52:30+08:00,btc-updown-5m-1790535000,https://polymarket.com/zh/event/btc-updown-5m-1790535000,02:50-02:55,17.00,84.00,16.00,83.00,277.86,86.89,73.69,263.76,16.50,83.50,1.00,1.00,6635.93,23212.98,23102.98,6635.93,16,83,83,16,,84727.11,,
2026-09-28T02:52:32+08:00,btc-updown-5m-1790535000,https://polymarket.com/zh/event/btc-updown-5m-1790535000,02:50-02:55,16.00,85.00,15.00,84.00,322.36,20.00,20.00,384.29,15.50,84.50,1.00,1.00,6736.93,23102.98,23202.98,6751.93,15,84,84,15,,84727.12,,
2026-09-28T02:52:35+08:00,btc-updown-5m-1790535000,https://polymarket.com/zh/event/btc-updown-5m-1790535000,02:50-02:55,18.00,83.00,17.00,82.00,668.77,38.79,38.79,668.77,17.50,82.50,1.00,1.00,7247.93,23043.98,23033.98,7252.93,17,82,82,17,,84727.11,,
2026-09-28T02:52:37+08:00,btc-updown-5m-1790535000,https://polymarket.com/zh/event/btc-updown-5m-1790535000,02:50-02:55,17.00,85.00,16.00,84.00,230.60,112.39,5.00,401.14,16.50,84.50,1.00,1.00,7247.93,23102.98,23207.98,6745.93,16,83,84,15,,84727.11,,
2026-09-28T02:52:40+08:00,btc-updown-5m-1790535000,https://polymarket.com/zh/event/btc-updown-5m-1790535000,02:50-02:55,17.00,84.00,16.00,83.00,397.99,65.00,55.00,397.99,16.50,83.50,1.00,1.00,6826.93,23112.98,23117.98,6826.93,16,83,83,16,,84727.12,,
2026-09-28T02:52:42+08:00,btc-updown-5m-1790535000,https://polymarket.com/zh/event/btc-updown-5m-1790535000,02:50-02:55,18.00,83.00,17.00,82.00,462.53,99.00,114.00,457.53,17.50,82.50,1.00,1.00,7308.93,23459.98,23364.98,7508.92,17,82,82,17,,84727.12,,
2026-09-28T02:52:45+08:00,btc-updown-5m-1790535000,https://polymarket.com/zh/event/btc-updown-5m-1790535000,02:50-02:55,18.00,83.00,17.00,82.00,142.54,63.99,95.48,352.54,17.50,82.50,1.00,1.00,7006.92,23369.98,23454.98,7006.92,17,82,82,17,,84727.12,,
2026-09-28T02:52:47+08:00,btc-updown-5m-1790535000,https://polymarket.com/zh/event/btc-updown-5m-1790535000,02:50-02:55,15.00,86.00,14.00,85.00,61.09,533.71,503.71,61.09,14.50,85.50,1.00,1.00,7036.92,23354.98,23354.98,7036.92,14,85,85,14,,84727.11,,
2026-09-28T02:52:50+08:00,btc-updown-5m-1790535000,https://polymarket.com/zh/event/btc-updown-5m-1790535000,02:50-02:55,15.00,86.00,14.00,85.00,86.27,107.97,92.97,86.27,14.50,85.50,1.00,1.00,6712.93,23202.98,23202.98,6712.93,14,85,85,14,,84727.12,,
2026-09-28T02:52:53+08:00,btc-updown-5m-1790535000,https://polymarket.com/zh/event/btc-updown-5m-1790535000,02:50-02:55,13.00,88.00,12.00,87.00,192.67,57.31,27.00,167.67,12.50,87.50,1.00,1.00,6957.92,23212.98,23112.98,6952.92,12,87,87,12,,84727.12,,
2026-09-28T02:52:55+08:00,btc-updown-5m-1790535000,https://polymarket.com/zh/event/btc-updown-5m-1790535000,02:50-02:55,12.00,89.00,11.00,88.00,30.64,826.38,831.38,30.64,11.50,88.50,1.00,1.00,6787.93,23087.98,23018.98,6782.93,11,88,88,11,,84727.12,,
2026-09-28T02:52:58+08:00,btc-updown-5m-1790535000,https://polymarket.com/zh/event/btc-updown-5m-1790535000,02:50-02:55,12.00,89.00,11.00,88.00,30.00,1048.44,1078.44,30.00,11.50,88.50,1.00,1.00,6840.93,22886.98,22786.98,6840.93,11,88,88,11,,84727.11,,
2026-09-28T02:53:00+08:00,btc-updown-5m-1790535000,https://polymarket.com/zh/event/btc-updown-5m-1790535000,02:50-02:55,12.00,89.00,11.00,88.00,15.00,1024.98,491.16,15.00,11.50,88.50,1.00,1.00,6730.93,22664.98,22779.98,6740.93,11,88,88,11,,84727.11,,
2026-09-28T02:53:03+08:00,btc-updown-5m-1790535000,https://polymarket.com/zh/event/btc-updown-5m-1790535000,02:50-02:55,13.00,88.00,11.00,87.00,87.00,70.00,348.43,82.00,12.00,87.50,2.00,1.00,6720.93,22769.98,22754.98,6725.93,11,87,87,12,,84727.12,,
2026-09-28T02:53:06+08:00,btc-updown-5m-1790535000,https://polymarket.com/zh/event/btc-updown-5m-1790535000,02:50-02:55,11.00,90.00,10.00,89.00,346.73,33.06,33.06,356.73,10.50,89.50,1.00,1.00,6730.93,22754.98,22659.98,6830.93,10,89,89,10,,84727.11,,
2026-09-28T02:53:08+08:00,btc-updown-5m-1790535000,https://polymarket.com/zh/event/btc-updown-5m-1790535000,02:50-02:55,10.00,91.00,9.00,90.00,121.11,88.70,106.37,401.82,9.50,90.50,1.00,1.00,6735.93,22761.98,22998.98,6745.93,9,90,90,9,,84727.12,,
2026-09-28T02:53:11+08:00,btc-updown-5m-1790535000,https://polymarket.com/zh/event/btc-updown-5m-1790535000,02:50-02:55,10.00,91.00,9.00,90.00,10.00,238.93,238.93,10.00,9.50,90.50,1.00,1.00,6705.93,22856.98,22861.98,6705.93,9,90,90,9,,84727.11,,
2026-09-28T02:53:13+08:00,btc-updown-5m-1790535000,https://polymarket.com/zh/event/btc-updown-5m-1790535000,02:50-02:55,10.00,89.00,9.00,88.00,126.60,51.22,283.00,35.00,9.50,88.50,1.00,1.00,6935.65,22654.98,20114.98,7100.65,9,90,88,11,,84728.20,,
2026-09-28T02:53:16+08:00,btc-updown-5m-1790535000,https://polymarket.com/zh/event/btc-updown-5m-1790535000,02:50-02:55,15.00,88.00,14.00,87.00,121.17,20.00,326.86,46.60,14.50,87.50,1.00,1.00,7050.65,23394.98,23289.98,7055.65,13,85,87,12,,84728.19,,
2026-09-28T02:53:18+08:00,btc-updown-5m-1790535000,https://polymarket.com/zh/event/btc-updown-5m-1790535000,02:50-02:55,14.00,87.00,13.00,86.00,38.51,854.69,441.82,38.51,13.50,86.50,1.00,1.00,7040.65,23294.98,23399.98,7015.65,13,86,86,13,,84728.20,,
2026-09-28T02:53:21+08:00,btc-updown-5m-1790535000,https://polymarket.com/zh/event/btc-updown-5m-1790535000,02:50-02:55,14.00,87.00,13.00,86.00,36.31,414.65,805.19,41.31,13.50,86.50,1.00,1.00,7000.65,23399.98,23289.98,7000.65,13,86,86,13,,84728.19,,
2026-09-28T02:53:25+08:00,btc-updown-5m-1790535000,https://polymarket.com/zh/event/btc-updown-5m-1790535000,02:50-02:55,10.00,92.00,9.00,91.00,200.00,50.26,25.64,5.00,9.50,91.50,1.00,1.00,7055.65,23037.98,23137.98,7315.65,9,90,91,8,,84728.19,,
2026-09-28T02:53:28+08:00,btc-updown-5m-1790535000,https://polymarket.com/zh/event/btc-updown-5m-1790535000,02:50-02:55,9.00,92.00,8.00,91.00,35.00,140.13,150.13,60.00,8.50,91.50,1.00,1.00,7576.65,23037.98,23042.98,7571.65,8,91,91,8,,84728.19,,
2026-09-28T02:53:30+08:00,btc-updown-5m-1790535000,https://polymarket.com/zh/event/btc-updown-5m-1790535000,02:50-02:55,10.00,93.00,7.00,92.00,916.82,587.73,577.73,10.00,8.50,92.50,3.00,1.00,7262.65,22846.98,22851.98,7267.65,7,90,92,7,,84728.19,,
2026-09-28T02:53:33+08:00,btc-updown-5m-1790535000,https://polymarket.com/zh/event/btc-updown-5m-1790535000,02:50-02:55,10.00,91.00,9.00,90.00,855.11,559.56,912.62,875.11,9.50,90.50,1.00,1.00,7057.64,22841.98,22951.98,7057.64,9,90,90,9,,84728.20,,
2026-09-28T02:53:36+08:00,btc-updown-5m-1790535000,https://polymarket.com/zh/event/btc-updown-5m-1790535000,02:50-02:55,10.00,92.00,9.00,91.00,1130.11,32.50,24.32,210.67,9.50,91.50,1.00,1.00,6862.65,23041.98,22851.98,6862.65,9,90,91,8,,84728.20,,
2026-09-28T02:53:38+08:00,btc-updown-5m-1790535000,https://polymarket.com/zh/event/btc-updown-5m-1790535000,02:50-02:55,8.00,93.00,7.00,92.00,67.50,315.00,325.00,107.50,7.50,92.50,1.00,1.00,7100.65,22916.98,23016.98,7100.65,7,92,92,7,,84728.20,,
2026-09-28T02:53:41+08:00,btc-updown-5m-1790535000,https://polymarket.com/zh/event/btc-updown-5m-1790535000,02:50-02:55,9.00,92.00,8.00,91.00,49.87,166.55,166.55,79.87,8.50,91.50,1.00,1.00,7105.65,20301.98,20306.98,7360.65,8,91,91,8,,84728.19,,
2026-09-28T02:53:43+08:00,btc-updown-5m-1790535000,https://polymarket.com/zh/event/btc-updown-5m-1790535000,02:50-02:55,7.00,94.00,6.00,93.00,46.00,1115.02,1101.59,46.00,6.50,93.50,1.00,1.00,7236.65,20296.98,20301.98,7239.65,6,93,93,6,,84728.19,,
2026-09-28T02:53:46+08:00,btc-updown-5m-1790535000,https://polymarket.com/zh/event/btc-updown-5m-1790535000,02:50-02:55,7.00,94.00,6.00,93.00,216.00,875.16,875.16,216.00,6.50,93.50,1.00,1.00,6867.65,20291.98,20296.98,6816.65,6,93,93,6,,84728.20,,
2026-09-28T02:53:49+08:00,btc-updown-5m-1790535000,https://polymarket.com/zh/event/btc-updown-5m-1790535000,02:50-02:55,7.00,94.00,6.00,93.00,635.91,819.50,783.50,100.00,6.50,93.50,1.00,1.00,7264.95,20094.98,20199.98,7017.95,6,93,93,6,,84728.19,,
2026-09-28T02:53:51+08:00,btc-updown-5m-1790535000,https://polymarket.com/zh/event/btc-updown-5m-1790535000,02:50-02:55,7.00,94.00,6.00,93.00,57.13,770.45,775.45,57.13,6.50,93.50,1.00,1.00,9035.95,20082.98,20072.98,9035.95,6,93,93,6,,84728.20,,
2026-09-28T02:53:54+08:00,btc-updown-5m-1790535000,https://polymarket.com/zh/event/btc-updown-5m-1790535000,02:50-02:55,7.00,94.00,6.00,93.00,400.71,494.55,489.55,400.71,6.50,93.50,1.00,1.00,8443.61,20172.98,19972.98,8453.61,6,93,93,6,,84728.20,,
2026-09-28T02:53:56+08:00,btc-updown-5m-1790535000,https://polymarket.com/zh/event/btc-updown-5m-1790535000,02:50-02:55,7.00,94.00,6.00,93.00,311.77,2039.00,2044.00,311.77,6.50,93.50,1.00,1.00,5403.66,12571.94,12476.94,5393.66,6,93,93,6,,84728.19,,
2026-09-28T02:53:59+08:00,btc-updown-5m-1790535000,https://polymarket.com/zh/event/btc-updown-5m-1790535000,02:50-02:55,7.00,94.00,6.00,93.00,982.77,2145.68,2203.48,957.77,6.50,93.50,1.00,1.00,6848.12,12235.94,12140.94,6790.32,5,93,93,5,,84728.19,,
2026-09-28T02:54:01+08:00,btc-updown-5m-1790535000,https://polymarket.com/zh/event/btc-updown-5m-1790535000,02:50-02:55,7.00,94.00,6.00,93.00,798.36,341.09,296.09,823.36,6.50,93.50,1.00,1.00,7057.74,11875.16,11870.16,7250.74,6,93,93,6,,84728.19,,
2026-09-28T02:54:04+08:00,btc-updown-5m-1790535000,https://polymarket.com/zh/event/btc-updown-5m-1790535000,02:50-02:55,4.00,97.00,3.00,96.00,221.15,1972.29,1917.40,223.15,3.50,96.50,1.00,1.00,7247.34,11780.16,11870.16,7500.23,3,96,96,3,,84728.20,,
2026-09-28T02:54:07+08:00,btc-updown-5m-1790535000,https://polymarket.com/zh/event/btc-updown-5m-1790535000,02:50-02:55,3.00,98.00,2.00,97.00,175.29,193.72,196.79,175.29,2.50,97.50,1.00,1.00,3349.28,14499.91,14609.91,3346.21,2,97,97,2,,84728.20,,
2026-09-28T02:54:09+08:00,btc-updown-5m-1790535000,https://polymarket.com/zh/event/btc-updown-5m-1790535000,02:50-02:55,2.00,97.00,1.00,96.00,40.00,172.63,2609.48,974.00,1.50,96.50,1.00,1.00,2609.48,14494.91,14584.91,2817.11,1,98,96,3,,84728.19,,
2026-09-28T02:54:12+08:00,btc-updown-5m-1790535000,https://polymarket.com/zh/event/btc-updown-5m-1790535000,02:50-02:55,2.00,99.00,1.00,98.00,202.09,885.49,995.49,219.09,1.50,98.50,1.00,1.00,995.49,14594.91,14684.91,885.49,1,98,98,1,,84728.20,,
2026-09-28T02:54:14+08:00,btc-updown-5m-1790535000,https://polymarket.com/zh/event/btc-updown-5m-1790535000,02:50-02:55,2.00,99.00,1.00,98.00,601.21,696.41,731.77,601.21,1.50,98.50,1.00,1.00,731.77,14489.91,14499.91,696.41,1,98,98,1,,84728.19,,
2026-09-28T02:54:17+08:00,btc-updown-5m-1790535000,https://polymarket.com/zh/event/btc-updown-5m-1790535000,02:50-02:55,2.00,,1.00,99.00,798.21,,684.83,4128.05,1.50,,1.00,,684.83,14584.91,14484.91,,1,98,99,0,,84728.19,,
2026-09-28T02:54:19+08:00,btc-updown-5m-1790535000,https://polymarket.com/zh/event/btc-updown-5m-1790535000,02:50-02:55,1.00,,,99.00,6402.15,,,7411.15,,,,,,11854.91,11854.91,,0,99,99,0,,84728.19,,
2026-09-28T02:54:22+08:00,btc-updown-5m-1790535000,https://polymarket.com/zh/event/btc-updown-5m-1790535000,02:50-02:55,1.00,,,99.00,8397.47,,,8402.52,,,,,,13614.91,13604.91,,0,99,99,0,,84733.50,,
2026-09-28T02:54:25+08:00,btc-updown-5m-1790535000,https://polymarket.com/zh/event/btc-updown-5m-1790535000,02:50-02:55,1.00,,,99.00,8439.15,,,8512.82,,,,,,14479.91,14479.91,,0,99,99,0,,84733.50,,
2026-09-28T02:54:27+08:00,btc-updown-5m-1790535000,https://polymarket.com/zh/event/btc-updown-5m-1790535000,02:50-02:55,1.00,,,99.00,10567.83,,,10567.83,,,,,,14479.91,14479.91,,0,99,99,0,,84733.50,,
2026-09-28T02:54:30+08:00,btc-updown-5m-1790535000,https://polymarket.com/zh/event/btc-updown-5m-1790535000,02:50-02:55,1.00,,,99.00,15152.86,,,16507.03,,,,,,14479.91,14489.91,,0,99,99,0,,84737.93,,
2026-09-28T02:54:32+08:00,btc-updown-5m-1790535000,https://polymarket.com/zh/event/btc-updown-5m-1790535000,02:50-02:55,1.00,,,99.00,17199.07,,,17199.07,,,,,,14479.91,14479.91,,0,99,99,0,,84737.93,,
2026-09-28T02:54:35+08:00,btc-updown-5m-1790535000,https://polymarket.com/zh/event/btc-updown-5m-1790535000,02:50-02:55,1.00,,,99.00,18589.79,,,18619.79,,,,,,11894.91,11904.91,,0,99,99,0,,84737.93,,
2026-09-28T02:54:37+08:00,btc-updown-5m-1790535000,https://polymarket.com/zh/event/btc-updown-5m-1790535000,02:50-02:55,1.00,,,99.00,41897.79,,,41897.79,,,,,,11899.91,11899.91,,0,99,99,0,,84737.93,,
2026-09-28T02:54:40+08:00,btc-updown-5m-1790535000,https://polymarket.com/zh/event/btc-updown-5m-1790535000,02:50-02:55,1.00,,,99.00,41995.04,,,42028.71,,,,,,11904.91,11894.91,,0,99,99,0,,84737.93,,
2026-09-28T02:54:43+08:00,btc-updown-5m-1790535000,https://polymarket.com/zh/event/btc-updown-5m-1790535000,02:50-02:55,1.00,,,99.00,42773.71,,,42803.71,,,,,,11894.91,11894.91,,0,99,99,0,,84737.94,,
2026-09-28T02:54:45+08:00,btc-updown-5m-1790535000,https://polymarket.com/zh/event/btc-updown-5m-1790535000,02:50-02:55,1.00,,,99.00,47412.59,,,47412.59,,,,,,11914.91,11914.91,,0,99,99,0,,84737.94,,
2026-09-28T02:54:48+08:00,btc-updown-5m-1790535000,https://polymarket.com/zh/event/btc-updown-5m-1790535000,02:50-02:55,1.00,,,99.00,49104.60,,,49104.60,,,,,,11594.91,11594.91,,0,99,99,0,,84737.93,,
2026-09-28T02:54:50+08:00,btc-updown-5m-1790535000,https://polymarket.com/zh/event/btc-updown-5m-1790535000,02:50-02:55,1.00,,,99.00,49902.67,,,49887.67,,,,,,11494.91,11499.91,,0,99,99,0,,84737.94,,
2026-09-28T02:54:53+08:00,btc-updown-5m-1790535000,https://polymarket.com/zh/event/btc-updown-5m-1790535000,02:50-02:55,1.00,,,99.00,62512.00,,,62512.00,,,,,,11484.91,11484.91,,0,99,99,0,,84737.94,,
2026-09-28T02:54:56+08:00,btc-updown-5m-1790535000,https://polymarket.com/zh/event/btc-updown-5m-1790535000,02:50-02:55,1.00,,,99.00,62491.90,,,62491.90,,,,,,11499.91,7544.91,,0,99,99,0,,84737.93,,
2026-09-28T02:54:58+08:00,btc-updown-5m-1790535000,https://polymarket.com/zh/event/btc-updown-5m-1790535000,02:50-02:55,1.00,,,99.00,70519.74,,,70529.84,,,,,,3379.91,3374.91,,0,84,84,0,,84737.94,,
2026-09-28T02:55:01+08:00,btc-updown-5m-1790535300,https://polymarket.com/zh/event/btc-updown-5m-1790535300,02:55-03:00,64.00,37.00,63.00,36.00,358.38,39.21,34.21,337.29,63.50,36.50,1.00,1.00,26088.67,22801.05,22816.05,25993.67,63,36,36,63,84737.94,84737.94,,
2026-09-28T02:55:04+08:00,btc-updown-5m-1790535300,https://polymarket.com/zh/event/btc-updown-5m-1790535300,02:55-03:00,67.00,36.00,66.00,35.00,368.50,98.00,25.00,35.76,66.50,35.50,1.00,1.00,30392.39,24289.77,24204.77,30297.39,66,33,35,64,84737.94,84737.94,,
2026-09-28T02:55:07+08:00,btc-updown-5m-1790535300,https://polymarket.com/zh/event/btc-updown-5m-1790535300,02:55-03:00,66.00,35.00,65.00,34.00,291.85,438.51,488.51,289.14,65.50,34.50,1.00,1.00,30500.39,24097.77,24092.77,30495.39,65,34,34,65,84737.94,84737.94,,
2026-09-28T02:55:09+08:00,btc-updown-5m-1790535300,https://polymarket.com/zh/event/btc-updown-5m-1790535300,02:55-03:00,66.00,35.00,65.00,34.00,32.74,374.67,363.67,2.74,65.50,34.50,1.00,1.00,28515.39,22097.77,22097.77,28515.39,65,34,34,65,84737.94,84737.94,,
2026-09-28T02:55:12+08:00,btc-updown-5m-1790535300,https://polymarket.com/zh/event/btc-updown-5m-1790535300,02:55-03:00,66.00,35.00,65.00,34.00,422.86,30.00,30.00,422.86,65.50,34.50,1.00,1.00,28635.39,22122.77,22122.77,28635.39,65,34,34,65,84737.94,84737.93,,
2026-09-28T02:55:14+08:00,btc-updown-5m-1790535300,https://polymarket.com/zh/event/btc-updown-5m-1790535300,02:55-03:00,65.00,36.00,64.00,35.00,22.00,214.29,214.29,110.00,64.50,35.50,1.00,1.00,29264.39,22141.77,22131.77,28549.39,64,35,35,64,84737.94,84737.93,,
2026-09-28T02:55:17+08:00,btc-updown-5m-1790535300,https://polymarket.com/zh/event/btc-updown-5m-1790535300,02:55-03:00,69.00,32.00,68.00,31.00,123.83,60.00,80.01,111.88,68.50,31.50,1.00,1.00,28653.98,22348.76,22338.76,28638.98,68,31,31,68,84737.94,84737.94,,
2026-09-28T02:55:19+08:00,btc-updown-5m-1790535300,https://polymarket.com/zh/event/btc-updown-5m-1790535300,02:55-03:00,68.00,33.00,67.00,32.00,218.97,28.33,28.33,193.76,67.50,32.50,1.00,1.00,27936.38,21618.76,21628.76,28041.38,67,32,32,67,84737.94,84734.54,,
2026-09-28T02:55:22+08:00,btc-updown-5m-1790535300,https://polymarket.com/zh/event/btc-updown-5m-1790535300,02:55-03:00,66.00,35.00,65.00,34.00,32.59,1216.97,173.94,25.00,65.50,34.50,1.00,1.00,26811.38,20393.76,20393.76,26721.38,65,34,34,65,84737.94,84736.79,,
2026-09-28T02:55:24+08:00,btc-updown-5m-1790535300,https://polymarket.com/zh/event/btc-updown-5m-1790535300,02:55-03:00,71.00,30.00,70.00,29.00,351.80,88.00,84.50,344.14,70.50,29.50,1.00,1.00,26471.38,19882.76,19882.76,26571.38,70,29,29,70,84737.94,84736.79,,
2026-09-28T02:55:27+08:00,btc-updown-5m-1790535300,https://polymarket.com/zh/event/btc-updown-5m-1790535300,02:55-03:00,71.00,30.00,70.00,29.00,38.90,77.03,55.41,38.90,70.50,29.50,1.00,1.00,25736.38,19137.76,19137.76,25741.38,70,29,29,70,84737.94,84736.79,,
2026-09-28T02:55:30+08:00,btc-updown-5m-1790535300,https://polymarket.com/zh/event/btc-updown-5m-1790535300,02:55-03:00,70.00,32.00,69.00,31.00,237.28,63.00,10.00,81.99,69.50,31.50,1.00,1.00,25906.38,18667.76,18662.76,26001.38,69,30,31,68,84737.94,84736.79,,
2026-09-28T02:55:32+08:00,btc-updown-5m-1790535300,https://polymarket.com/zh/event/btc-updown-5m-1790535300,02:55-03:00,69.00,32.00,68.00,31.00,32.20,2368.44,2362.44,32.20,68.50,31.50,1.00,1.00,25191.38,18111.76,17866.76,25051.38,68,31,31,68,84737.94,84736.78,,
2026-09-28T02:55:35+08:00,btc-updown-5m-1790535300,https://polymarket.com/zh/event/btc-updown-5m-1790535300,02:55-03:00,70.00,31.00,69.00,30.00,1414.76,168.62,166.85,1656.56,69.50,30.50,1.00,1.00,25141.38,17396.76,17391.76,25131.38,69,30,30,69,84737.94,84736.79,,
2026-09-28T02:55:37+08:00,btc-updown-5m-1790535300,https://polymarket.com/zh/event/btc-updown-5m-1790535300,02:55-03:00,70.00,31.00,69.00,30.00,2444.34,95.00,85.00,2439.34,69.50,30.50,1.00,1.00,25211.38,17366.76,17361.76,25101.38,69,30,30,69,84737.94,84736.79,,
2026-09-28T02:55:40+08:00,btc-updown-5m-1790535300,https://polymarket.com/zh/event/btc-updown-5m-1790535300,02:55-03:00,70.00,31.00,69.00,30.00,1585.76,159.77,154.77,2380.76,69.50,30.50,1.00,1.00,25206.38,17192.76,17207.76,25211.38,69,30,30,69,84737.94,84736.78,,
2026-09-28T02:55:43+08:00,btc-updown-5m-1790535300,https://polymarket.com/zh/event/btc-updown-5m-1790535300,02:55-03:00,65.00,35.00,64.00,34.00,161.40,339.60,244.60,63.60,64.50,34.50,1.00,1.00,21545.40,20933.76,17433.76,21455.40,64,35,34,65,84737.94,84728.20,,
2026-09-28T02:55:45+08:00,btc-updown-5m-1790535300,https://polymarket.com/zh/event/btc-updown-5m-1790535300,02:55-03:00,65.00,35.00,64.00,34.00,18.90,421.48,1691.14,41.60,64.50,34.50,1.00,1.00,21485.40,17394.83,17404.83,21495.40,64,35,34,65,84737.94,84728.20,,
2026-09-28T02:55:48+08:00,btc-updown-5m-1790535300,https://polymarket.com/zh/event/btc-updown-5m-1790535300,02:55-03:00,69.00,32.00,68.00,31.00,65.31,646.48,612.74,24.22,68.50,31.50,1.00,1.00,21406.38,17297.83,17302.83,21511.38,68,31,31,68,84737.94,84728.20,,
2026-09-28T02:55:50+08:00,btc-updown-5m-1790535300,https://polymarket.com/zh/event/btc-updown-5m-1790535300,02:55-03:00,66.00,35.00,65.00,34.00,146.60,20.00,46.00,226.60,65.50,34.50,1.00,1.00,21385.40,17394.83,17404.83,21490.40,65,34,34,65,84737.94,84728.20,,
2026-09-28T02:55:53+08:00,btc-updown-5m-1790535300,https://polymarket.com/zh/event/btc-updown-5m-1790535300,02:55-03:00,67.00,34.00,66.00,33.00,20.52,477.98,463.14,36.80,66.50,33.50,1.00,1.00,21435.40,17394.83,17399.83,21435.40,66,33,33,66,84737.94,84728.19,,
2026-09-28T02:55:56+08:00,btc-updown-5m-1790535300,https://polymarket.com/zh/event/btc-updown-5m-1790535300,02:55-03:00,57.00,42.00,56.00,41.00,5.00,86.07,232.42,7.62,56.50,41.50,1.00,1.00,21553.40,25034.83,25054.83,21123.40,56,43,41,57,84737.94,84720.80,,
2026-09-28T02:55:58+08:00,btc-updown-5m-1790535300,https://polymarket.com/zh/event/btc-updown-5m-1790535300,02:55-03:00,61.00,40.00,60.00,39.00,413.16,20.00,20.00,350.37,60.50,39.50,1.00,1.00,20978.40,24845.74,24840.74,20968.40,60,39,39,60,84737.94,84719.72,,
2026-09-28T02:56:01+08:00,btc-updown-5m-1790535300,https://polymarket.com/zh/event/btc-updown-5m-1790535300,02:55-03:00,64.00,37.00,63.00,36.00,182.97,29.42,62.34,214.09,63.50,36.50,1.00,1.00,18088.40,14250.74,14250.74,18093.40,63,36,36,63,84737.94,84719.72,,
2026-09-28T02:56:04+08:00,btc-updown-5m-1790535300,https://polymarket.com/zh/event/btc-updown-5m-1790535300,02:55-03:00,66.00,35.00,65.00,34.00,365.19,47.18,125.18,363.19,65.50,34.50,1.00,1.00,18023.40,14025.74,14010.74,18018.40,65,34,34,65,84737.94,84719.98,,
2026-09-28T02:56:07+08:00,btc-updown-5m-1790535300,https://polymarket.com/zh/event/btc-updown-5m-1790535300,02:55-03:00,58.00,43.00,57.00,42.00,45.00,1385.93,1431.96,31.00,57.50,42.50,1.00,1.00,17066.40,21724.74,21714.74,17156.40,57,42,42,57,84737.94,84712.33,,
2026-09-28T02:56:09+08:00,btc-updown-5m-1790535300,https://polymarket.com/zh/event/btc-updown-5m-1790535300,02:55-03:00,55.00,46.00,54.00,45.00,29.99,1517.39,208.00,10.00,54.50,45.50,1.00,1.00,17921.40,22669.74,22669.74,18036.40,54,45,45,54,84737.94,84714.02,,
2026-09-28T02:56:12+08:00,btc-updown-5m-1790535300,https://polymarket.com/zh/event/btc-updown-5m-1790535300,02:55-03:00,57.00,42.00,56.00,41.00,31.60,107.45,312.99,15.70,56.50,41.50,1.00,1.00,16914.40,21679.74,21502.74,16707.40,56,43,41,58,84737.94,84712.32,,
2026-09-28T02:56:14+08:00,btc-updown-5m-1790535300,https://polymarket.com/zh/event/btc-updown-5m-1790535300,02:55-03:00,58.00,44.00,57.00,43.00,102.42,10.00,10.34,54.00,57.50,43.50,1.00,1.00,16974.40,21527.74,21512.74,16864.40,57,42,43,56,84737.94,84712.32,,
2026-09-28T02:56:17+08:00,btc-updown-5m-1790535300,https://polymarket.com/zh/event/btc-updown-5m-1790535300,02:55-03:00,63.00,39.00,59.00,38.00,20.00,27.00,56.65,134.92,61.00,38.50,4.00,1.00,17516.50,13349.74,13359.74,17526.50,59,37,38,61,84737.94,84725.04,,
2026-09-28T02:56:20+08:00,btc-updown-5m-1790535300,https://polymarket.com/zh/event/btc-updown-5m-1790535300,02:55-03:00,60.00,41.00,59.00,40.00,403.31,31.00,36.00,418.31,59.50,40.50,1.00,1.00,17411.40,18221.74,18236.74,17421.40,59,40,40,59,84737.94,84724.54,,
2026-09-28T02:56:22+08:00,btc-updown-5m-1790535300,https://polymarket.com/zh/event/btc-updown-5m-1790535300,02:55-03:00,58.00,43.00,57.00,42.00,20.00,290.82,285.82,25.00,57.50,42.50,1.00,1.00,17516.40,18221.74,18216.74,17411.40,57,42,42,57,84737.94,84724.54,,
2026-09-28T02:56:25+08:00,btc-updown-5m-1790535300,https://polymarket.com/zh/event/btc-updown-5m-1790535300,02:55-03:00,58.00,43.00,57.00,42.00,30.00,405.82,395.82,30.00,57.50,42.50,1.00,1.00,17541.40,18226.74,18231.74,17324.40,57,42,42,57,84737.94,84723.02,,
2026-09-28T02:56:28+08:00,btc-updown-5m-1790535300,https://polymarket.com/zh/event/btc-updown-5m-1790535300,02:55-03:00,69.00,34.00,68.00,33.00,114.86,32.00,34.25,77.82,68.50,33.50,1.00,1.00,17531.40,13190.74,13329.74,17452.38,68,29,33,66,84737.94,84736.78,,
2026-09-28T02:56:30+08:00,btc-updown-5m-1790535300,https://polymarket.com/zh/event/btc-updown-5m-1790535300,02:55-03:00,66.00,33.00,65.00,32.00,29.99,239.26,351.28,64.99,65.50,32.50,1.00,1.00,17432.38,13244.74,13244.74,17347.38,65,34,32,67,84737.94,84737.07,,
2026-09-28T02:56:33+08:00,btc-updown-5m-1790535300,https://polymarket.com/zh/event/btc-updown-5m-1790535300,02:55-03:00,66.00,35.00,65.00,34.00,86.79,20.71,20.71,124.09,65.50,34.50,1.00,1.00,17437.38,13244.74,13254.74,17457.38,65,34,34,65,84737.94,84737.07,,
2026-09-28T02:56:35+08:00,btc-updown-5m-1790535300,https://polymarket.com/zh/event/btc-updown-5m-1790535300,02:55-03:00,70.00,31.00,69.00,30.00,979.41,1489.08,267.86,751.58,69.50,30.50,1.00,1.00,21377.38,12263.74,13143.74,21232.38,69,30,28,69,84737.94,84743.99,,
2026-09-28T02:56:38+08:00,btc-updown-5m-1790535300,https://polymarket.com/zh/event/btc-updown-5m-1790535300,02:55-03:00,74.00,27.00,73.00,26.00,15.00,1423.37,1428.37,15.00,73.50,26.50,1.00,1.00,21237.38,12298.74,12293.74,21327.38,73,26,26,73,84737.94,84744.00,,
2026-09-28T02:56:41+08:00,btc-updown-5m-1790535300,https://polymarket.com/zh/event/btc-updown-5m-1790535300,02:55-03:00,74.00,27.00,73.00,26.00,59.84,1024.34,1371.99,80.84,73.50,26.50,1.00,1.00,21327.38,12288.74,12288.74,21227.38,73,26,26,73,84737.94,84743.99,,
2026-09-28T02:56:43+08:00,btc-updown-5m-1790535300,https://polymarket.com/zh/event/btc-updown-5m-1790535300,02:55-03:00,86.00,14.00,85.00,13.00,26.66,390.36,211.28,34.99,85.50,13.50,1.00,1.00,20600.38,15665.83,15680.83,20105.38,85,14,13,86,84737.94,84754.56,,
2026-09-28T02:56:46+08:00,btc-updown-5m-1790535300,https://polymarket.com/zh/event/btc-updown-5m-1790535300,02:55-03:00,88.00,14.00,87.00,13.00,279.56,80.00,19.21,247.98,87.50,13.50,1.00,1.00,20105.38,15310.74,15341.19,20200.38,87,12,13,86,84737.94,84754.56,,
2026-09-28T02:56:49+08:00,btc-updown-5m-1790535300,https://polymarket.com/zh/event/btc-updown-5m-1790535300,02:55-03:00,88.00,13.00,87.00,12.00,20.00,288.94,288.94,25.00,87.50,12.50,1.00,1.00,20110.38,15648.19,15648.19,20210.38,87,12,12,87,84737.94,84754.56,,
2026-09-28T02:56:51+08:00,btc-updown-5m-1790535300,https://polymarket.com/zh/event/btc-updown-5m-1790535300,02:55-03:00,86.00,15.00,85.00,14.00,337.42,38.86,38.86,337.42,85.50,14.50,1.00,1.00,20210.38,15628.19,15628.19,20210.38,85,14,14,85,84737.94,84754.55,,
2026-09-28T02:56:54+08:00,btc-updown-5m-1790535300,https://polymarket.com/zh/event/btc-updown-5m-1790535300,02:55-03:00,83.00,19.00,81.00,18.00,490.60,107.98,77.00,513.56,82.00,18.50,2.00,1.00,20125.38,15628.19,15559.19,20115.38,81,17,18,81,84737.94,84749.61,,
2026-09-28T02:56:56+08:00,btc-updown-5m-1790535300,https://polymarket.com/zh/event/btc-updown-5m-1790535300,02:55-03:00,85.00,16.00,84.00,15.00,51.44,355.17,355.17,56.44,84.50,15.50,1.00,1.00,20199.29,15503.74,15523.74,20094.29,84,15,15,84,84737.94,84749.63,,
2026-09-28T02:56:59+08:00,btc-updown-5m-1790535300,https://polymarket.com/zh/event/btc-updown-5m-1790535300,02:55-03:00,87.00,14.00,86.00,13.00,35.00,322.22,337.22,35.00,86.50,13.50,1.00,1.00,20128.29,15372.65,15508.65,20028.29,86,13,13,86,84737.94,84749.63,,
2026-09-28T02:57:01+08:00,btc-updown-5m-1790535300,https://polymarket.com/zh/event/btc-updown-5m-1790535300,02:55-03:00,85.00,17.00,84.00,16.00,840.38,30.00,15.00,402.57,84.50,16.50,1.00,1.00,20264.29,15240.65,15265.65,20143.31,84,15,16,83,84737.94,84749.62,,
2026-09-28T02:57:04+08:00,btc-updown-5m-1790535300,https://polymarket.com/zh/event/btc-updown-5m-1790535300,02:55-03:00,87.00,13.00,86.00,12.00,33.85,170.99,433.87,43.78,86.50,12.50,1.00,1.00,20248.31,15526.65,15516.65,20153.31,86,13,12,87,84737.94,84749.62,,
2026-09-28T02:57:06+08:00,btc-updown-5m-1790535300,https://polymarket.com/zh/event/btc-updown-5m-1790535300,02:55-03:00,93.00,8.00,92.00,7.00,71.18,151.72,195.28,92.94,92.50,7.50,1.00,1.00,20194.29,15014.07,15014.07,20294.29,92,7,7,92,84737.94,84764.26,,
2026-09-28T02:57:09+08:00,btc-updown-5m-1790535300,https://polymarket.com/zh/event/btc-updown-5m-1790535300,02:55-03:00,91.00,10.00,90.00,9.00,147.52,325.94,325.94,147.52,90.50,9.50,1.00,1.00,20179.29,15965.25,15940.25,20279.29,90,9,9,90,84737.94,84764.27,,
2026-09-28T02:57:12+08:00,btc-updown-5m-1790535300,https://polymarket.com/zh/event/btc-updown-5m-1790535300,02:55-03:00,93.00,8.00,92.00,7.00,780.77,47.62,37.62,719.77,92.50,7.50,1.00,1.00,20199.29,15999.07,15999.07,20294.29,92,7,7,92,84737.94,84764.26,,
2026-09-28T02:57:14+08:00,btc-updown-5m-1790535300,https://polymarket.com/zh/event/btc-updown-5m-1790535300,02:55-03:00,92.00,9.00,91.00,8.00,113.50,1.49,1.49,100.15,91.50,8.50,1.00,1.00,20237.53,15994.07,15994.07,20337.53,91,8,8,91,84737.94,84764.27,,
2026-09-28T02:57:17+08:00,btc-updown-5m-1790535300,https://polymarket.com/zh/event/btc-updown-5m-1790535300,02:55-03:00,93.00,8.00,92.00,7.00,711.18,55.00,60.00,696.18,92.50,7.50,1.00,1.00,20337.53,16004.07,16009.07,20337.53,92,7,7,92,84737.94,84764.26,,
2026-09-28T02:57:19+08:00,btc-updown-5m-1790535300,https://polymarket.com/zh/event/btc-updown-5m-1790535300,02:55-03:00,94.00,8.00,93.00,7.00,794.11,25.87,30.00,50.00,93.50,7.50,1.00,1.00,20364.66,15729.77,15729.77,20374.66,93,6,7,92,84737.94,84764.27,,
2026-09-28T02:57:22+08:00,btc-updown-5m-1790535300,https://polymarket.com/zh/event/btc-updown-5m-1790535300,02:55-03:00,90.00,10.00,89.00,9.00,25.00,236.70,35.88,60.00,89.50,9.50,1.00,1.00,20354.66,15770.25,15982.25,20274.66,89,10,9,90,84737.94,84759.17,,
2026-09-28T02:57:24+08:00,btc-updown-5m-1790535300,https://polymarket.com/zh/event/btc-updown-5m-1790535300,02:55-03:00,93.00,11.00,92.00,10.00,906.44,322.53,15.87,10.00,92.50,10.50,1.00,1.00,20264.66,15859.07,16289.25,20269.66,92,7,10,89,84737.94,84755.38,,
2026-09-28T02:57:27+08:00,btc-updown-5m-1790535300,https://polymarket.com/zh/event/btc-updown-5m-1790535300,02:55-03:00,82.00,19.00,81.00,18.00,141.15,15.00,10.00,62.58,81.50,18.50,1.00,1.00,20343.48,16565.83,16625.83,20243.48,80,18,18,81,84737.94,84741.24,,
2026-09-28T02:57:30+08:00,btc-updown-5m-1790535300,https://polymarket.com/zh/event/btc-updown-5m-1790535300,02:55-03:00,86.00,15.00,85.00,14.00,256.99,253.39,253.39,194.49,85.50,14.50,1.00,1.00,20442.48,16158.47,16163.47,20552.48,85,14,14,85,84737.94,84754.76,,
2026-09-28T02:57:32+08:00,btc-updown-5m-1790535300,https://polymarket.com/zh/event/btc-updown-5m-1790535300,02:55-03:00,87.00,14.00,86.00,13.00,46.26,386.18,381.18,46.26,86.50,13.50,1.00,1.00,20428.48,16193.47,16193.47,20328.48,86,13,13,86,84737.94,84754.15,,
2026-09-28T02:57:35+08:00,btc-updown-5m-1790535300,https://polymarket.com/zh/event/btc-updown-5m-1790535300,02:55-03:00,88.00,12.00,87.00,11.00,19.73,465.79,985.99,15.00,87.50,11.50,1.00,1.00,20313.48,16172.44,16208.82,20313.48,87,12,11,88,84737.94,84754.14,,
2026-09-28T02:57:38+08:00,btc-updown-5m-1790535300,https://polymarket.com/zh/event/btc-updown-5m-1790535300,02:55-03:00,90.00,11.00,89.00,10.00,6.82,435.04,435.04,6.82,89.50,10.50,1.00,1.00,20318.48,16264.81,16264.81,20318.48,89,10,10,89,84737.94,84754.15,,
2026-09-28T02:57:40+08:00,btc-updown-5m-1790535300,https://polymarket.com/zh/event/btc-updown-5m-1790535300,02:55-03:00,92.00,9.00,91.00,8.00,118.00,290.35,328.69,101.35,91.50,8.50,1.00,1.00,20213.48,15675.29,15797.81,20318.48,91,8,8,91,84737.94,84754.15,,
2026-09-28T02:57:43+08:00,btc-updown-5m-1790535300,https://polymarket.com/zh/event/btc-updown-5m-1790535300,02:55-03:00,93.00,9.00,92.00,8.00,144.00,60.00,5.00,207.63,92.50,8.50,1.00,1.00,20318.48,15480.81,15460.81,20218.48,92,7,8,91,84737.94,84754.15,,
2026-09-28T02:57:45+08:00,btc-updown-5m-1790535300,https://polymarket.com/zh/event/btc-updown-5m-1790535300,02:55-03:00,93.00,6.00,92.00,5.00,40.00,10.00,260.81,83.94,92.50,5.50,1.00,1.00,20213.48,15420.81,15158.87,20313.48,92,7,5,94,84737.94,84754.06,,
2026-09-28T02:57:48+08:00,btc-updown-5m-1790535300,https://polymarket.com/zh/event/btc-updown-5m-1790535300,02:55-03:00,94.00,7.00,93.00,6.00,204.00,64.29,84.29,214.00,93.50,6.50,1.00,1.00,20233.48,15230.80,15224.23,20328.48,93,6,6,93,84737.94,84754.07,,
2026-09-28T02:57:51+08:00,btc-updown-5m-1790535300,https://polymarket.com/zh/event/btc-updown-5m-1790535300,02:55-03:00,94.00,7.00,93.00,6.00,60.00,842.97,827.97,60.00,93.50,6.50,1.00,1.00,20249.46,14879.93,14879.93,20339.46,93,6,6,93,84737.94,84754.06,,
2026-09-28T02:57:53+08:00,btc-updown-5m-1790535300,https://polymarket.com/zh/event/btc-updown-5m-1790535300,02:55-03:00,96.00,5.00,95.00,4.00,921.09,52.57,47.57,576.09,95.50,4.50,1.00,1.00,20349.46,14935.47,12165.47,20249.46,95,4,4,95,84737.94,84754.06,,
2026-09-28T02:57:56+08:00,btc-updown-5m-1790535300,https://polymarket.com/zh/event/btc-updown-5m-1790535300,02:55-03:00,96.00,5.00,95.00,4.00,352.10,937.72,963.72,346.10,95.50,4.50,1.00,1.00,20444.46,12563.79,12567.79,20539.46,95,4,4,95,84737.94,84754.06,,
2026-09-28T02:57:58+08:00,btc-updown-5m-1790535300,https://polymarket.com/zh/event/btc-updown-5m-1790535300,02:55-03:00,96.00,5.00,95.00,4.00,370.89,821.70,821.70,370.89,95.50,4.50,1.00,1.00,20349.46,12537.58,12537.58,20249.46,95,4,4,95,84737.94,84754.99,,
2026-09-28T02:58:01+08:00,btc-updown-5m-1790535300,https://polymarket.com/zh/event/btc-updown-5m-1790535300,02:55-03:00,99.00,2.00,98.00,1.00,11332.05,71.57,91.57,11211.05,98.50,1.50,1.00,1.00,20245.79,11332.05,11211.05,20150.79,98,1,1,98,84737.94,84779.72,,
2026-09-28T02:58:04+08:00,btc-updown-5m-1790535300,https://polymarket.com/zh/event/btc-updown-5m-1790535300,02:55-03:00,97.00,4.00,96.00,3.00,391.07,708.77,705.00,385.91,96.50,3.50,1.00,1.00,20335.79,11679.06,11673.90,20235.79,96,3,3,96,84737.94,84776.67,,
2026-09-28T02:58:06+08:00,btc-updown-5m-1790535300,https://polymarket.com/zh/event/btc-updown-5m-1790535300,02:55-03:00,97.00,4.00,96.00,3.00,353.22,831.77,821.77,353.22,96.50,3.50,1.00,1.00,20130.79,11550.21,11550.21,20125.79,96,3,3,96,84737.94,84776.67,,
2026-09-28T02:58:09+08:00,btc-updown-5m-1790535300,https://polymarket.com/zh/event/btc-updown-5m-1790535300,02:55-03:00,97.00,4.00,96.00,3.00,231.54,706.95,692.77,226.54,96.50,3.50,1.00,1.00,20130.79,11433.53,11423.53,20230.79,96,3,3,96,84737.94,84776.68,,
2026-09-28T02:58:12+08:00,btc-updown-5m-1790535300,https://polymarket.com/zh/event/btc-updown-5m-1790535300,02:55-03:00,98.00,3.00,97.00,2.00,81.64,272.91,242.91,81.64,97.50,2.50,1.00,1.00,20225.79,11161.66,11156.66,20225.79,97,2,2,97,84737.94,84776.68,,
2026-09-28T02:58:14+08:00,btc-updown-5m-1790535300,https://polymarket.com/zh/event/btc-updown-5m-1790535300,02:55-03:00,98.00,3.00,97.00,2.00,14.44,393.79,388.79,14.44,97.50,2.50,1.00,1.00,20230.79,3443.45,3443.45,20130.79,97,2,2,97,84737.94,84776.67,,
2026-09-28T02:58:17+08:00,btc-updown-5m-1790535300,https://polymarket.com/zh/event/btc-updown-5m-1790535300,02:55-03:00,99.00,2.00,98.00,1.00,2997.05,129.19,129.19,2991.94,98.50,1.50,1.00,1.00,20130.79,2997.05,2991.94,20225.79,98,1,1,98,84737.94,84776.68,,
2026-09-28T02:58:20+08:00,btc-updown-5m-1790535300,https://polymarket.com/zh/event/btc-updown-5m-1790535300,02:55-03:00,99.00,2.00,98.00,1.00,2945.66,110.19,110.19,2950.66,98.50,1.50,1.00,1.00,20145.79,2945.66,2950.66,20235.79,98,1,1,98,84737.94,84776.68,,
2026-09-28T02:58:22+08:00,btc-updown-5m-1790535300,https://polymarket.com/zh/event/btc-updown-5m-1790535300,02:55-03:00,99.00,2.00,98.00,1.00,2672.91,415.08,376.19,2647.91,98.50,1.50,1.00,1.00,20225.79,2672.91,2647.91,20130.79,98,1,1,98,84737.94,84786.92,,
2026-09-28T02:58:25+08:00,btc-updown-5m-1790535300,https://polymarket.com/zh/event/btc-updown-5m-1790535300,02:55-03:00,99.00,2.00,98.00,1.00,2148.74,2167.80,2203.80,1827.64,98.50,1.50,1.00,1.00,20125.79,2148.74,1827.64,20220.79,98,1,1,98,84737.94,84790.27,,
2026-09-28T02:58:27+08:00,btc-updown-5m-1790535300,https://polymarket.com/zh/event/btc-updown-5m-1790535300,02:55-03:00,,1.00,99.00,,,5300.79,5306.79,,,,,,20115.79,,,20110.79,99,0,0,99,84737.94,84817.90,,
2026-09-28T02:58:30+08:00,btc-updown-5m-1790535300,https://polymarket.com/zh/event/btc-updown-5m-1790535300,02:55-03:00,,1.00,99.00,,,10461.65,10456.65,,,,,,20120.79,,,20120.79,99,0,0,99,84737.94,84802.60,,
2026-09-28T02:58:33+08:00,btc-updown-5m-1790535300,https://polymarket.com/zh/event/btc-updown-5m-1790535300,02:55-03:00,,1.00,99.00,,,6984.38,6998.38,,,,,,20105.79,,,20105.79,99,0,0,99,84737.94,84790.28,,
2026-09-28T02:58:36+08:00,btc-updown-5m-1790535300,https://polymarket.com/zh/event/btc-updown-5m-1790535300,02:55-03:00,,1.00,99.00,,,6884.17,6884.17,,,,,,20110.79,,,20110.79,99,0,0,99,84737.94,84790.28,,
2026-09-28T02:58:38+08:00,btc-updown-5m-1790535300,https://polymarket.com/zh/event/btc-updown-5m-1790535300,02:55-03:00,,1.00,99.00,,,6884.17,6884.17,,,,,,20105.79,,,20105.79,99,0,0,99,84737.94,84790.27,,
2026-09-28T02:58:41+08:00,btc-updown-5m-1790535300,https://polymarket.com/zh/event/btc-updown-5m-1790535300,02:55-03:00,,1.00,99.00,,,6899.17,6899.17,,,,,,20120.79,,,20115.79,99,0,0,99,84737.94,84790.27,,
2026-09-28T02:58:43+08:00,btc-updown-5m-1790535300,https://polymarket.com/zh/event/btc-updown-5m-1790535300,02:55-03:00,,1.00,99.00,,,6875.99,6870.94,,,,,,20105.79,,,20105.79,99,0,0,99,84737.94,84790.27,,
2026-09-28T02:58:46+08:00,btc-updown-5m-1790535300,https://polymarket.com/zh/event/btc-updown-5m-1790535300,02:55-03:00,,1.00,99.00,,,6875.99,6875.99,,,,,,20105.79,,,20110.79,99,0,0,99,84737.94,84783.14,,
2026-09-28T02:58:48+08:00,btc-updown-5m-1790535300,https://polymarket.com/zh/event/btc-updown-5m-1790535300,02:55-03:00,,1.00,99.00,,,6865.89,6865.89,,,,,,20105.79,,,20105.79,99,0,0,99,84737.94,84783.15,,
2026-09-28T02:58:51+08:00,btc-updown-5m-1790535300,https://polymarket.com/zh/event/btc-updown-5m-1790535300,02:55-03:00,,1.00,99.00,,,8353.43,8353.43,,,,,,19993.79,,,19988.79,99,0,0,99,84737.94,84783.15,,
2026-09-28T02:58:54+08:00,btc-updown-5m-1790535300,https://polymarket.com/zh/event/btc-updown-5m-1790535300,02:55-03:00,,1.00,99.00,,,8352.35,8353.43,,,,,,19988.79,,,19988.79,99,0,0,99,84737.94,84783.14,,
2026-09-28T02:58:56+08:00,btc-updown-5m-1790535300,https://polymarket.com/zh/event/btc-updown-5m-1790535300,02:55-03:00,,1.00,99.00,,,10754.76,10729.71,,,,,,12276.75,,,12276.75,99,0,0,99,84737.94,84783.15,,
2026-09-28T02:58:59+08:00,btc-updown-5m-1790535300,https://polymarket.com/zh/event/btc-updown-5m-1790535300,02:55-03:00,,1.00,99.00,,,10381.91,10371.81,,,,,,11960.75,,,11945.75,99,0,0,99,84737.94,84783.15,,
2026-09-28T02:59:01+08:00,btc-updown-5m-1790535300,https://polymarket.com/zh/event/btc-updown-5m-1790535300,02:55-03:00,,1.00,99.00,,,13168.98,13168.98,,,,,,11904.77,,,11914.77,88,0,0,88,84737.94,84783.14,,
2026-09-28T02:59:04+08:00,btc-updown-5m-1790535300,https://polymarket.com/zh/event/btc-updown-5m-1790535300,02:55-03:00,,1.00,99.00,,,13587.03,13587.03,,,,,,11909.77,,,11909.77,88,0,0,88,84737.94,84783.15,,
2026-09-28T02:59:07+08:00,btc-updown-5m-1790535300,https://polymarket.com/zh/event/btc-updown-5m-1790535300,02:55-03:00,,1.00,99.00,,,13987.03,13987.03,,,,,,11914.77,,,11914.77,88,0,0,88,84737.94,84787.90,,
2026-09-28T02:59:09+08:00,btc-updown-5m-1790535300,https://polymarket.com/zh/event/btc-updown-5m-1790535300,02:55-03:00,,1.00,99.00,,,14233.95,14228.90,,,,,,11904.77,,,11904.77,88,0,0,88,84737.94,84787.89,,
2026-09-28T02:59:12+08:00,btc-updown-5m-1790535300,https://polymarket.com/zh/event/btc-updown-5m-1790535300,02:55-03:00,,1.00,99.00,,,20497.95,14497.95,,,,,,11904.77,,,11904.77,84,0,0,83,84737.94,84789.65,,
2026-09-28T02:59:14+08:00,btc-updown-5m-1790535300,https://polymarket.com/zh/event/btc-updown-5m-1790535300,02:55-03:00,,1.00,99.00,,,21038.95,21028.95,,,,,,11904.77,,,11904.77,84,0,0,84,84737.94,84790.29,,
2026-09-28T02:59:17+08:00,btc-updown-5m-1790535300,https://polymarket.com/zh/event/btc-updown-5m-1790535300,02:55-03:00,,1.00,99.00,,,24694.95,24694.95,,,,,,11904.77,,,11904.77,84,0,0,84,84737.94,84807.35,,
2026-09-28T02:59:19+08:00,btc-updown-5m-1790535300,https://polymarket.com/zh/event/btc-updown-5m-1790535300,02:55-03:00,,1.00,99.00,,,24749.95,24749.95,,,,,,11914.77,,,11914.77,83,0,0,83,84737.94,84807.35,,
2026-09-28T02:59:22+08:00,btc-updown-5m-1790535300,https://polymarket.com/zh/event/btc-updown-5m-1790535300,02:55-03:00,,1.00,99.00,,,28786.10,28786.10,,,,,,11909.77,,,11914.77,83,0,0,83,84737.94,84807.35,,
2026-09-28T02:59:25+08:00,btc-updown-5m-1790535300,https://polymarket.com/zh/event/btc-updown-5m-1790535300,02:55-03:00,,1.00,99.00,,,28786.10,28781.05,,,,,,11904.77,,,11904.77,83,0,0,83,84737.94,84807.35,,
2026-09-28T02:59:27+08:00,btc-updown-5m-1790535300,https://polymarket.com/zh/event/btc-updown-5m-1790535300,02:55-03:00,,1.00,99.00,,,29965.53,28956.10,,,,,,11909.77,,,11904.77,83,0,0,83,84737.94,84807.35,,
2026-09-28T02:59:30+08:00,btc-updown-5m-1790535300,https://polymarket.com/zh/event/btc-updown-5m-1790535300,02:55-03:00,,1.00,99.00,,,55256.53,33796.53,,,,,,11904.77,,,11904.77,83,0,0,82,84737.94,84807.36,,
2026-09-28T02:59:32+08:00,btc-updown-5m-1790535300,https://polymarket.com/zh/event/btc-updown-5m-1790535300,02:55-03:00,,1.00,99.00,,,59565.68,59555.68,,,,,,11944.77,,,11944.77,82,0,0,82,84737.94,84807.36,,
2026-09-28T02:59:35+08:00,btc-updown-5m-1790535300,https://polymarket.com/zh/event/btc-updown-5m-1790535300,02:55-03:00,,1.00,99.00,,,59817.56,59797.56,,,,,,11959.77,,,11954.77,89,0,0,89,84737.94,84807.36,,
2026-09-28T02:59:37+08:00,btc-updown-5m-1790535300,https://polymarket.com/zh/event/btc-updown-5m-1790535300,02:55-03:00,,1.00,99.00,,,60457.56,60457.56,,,,,,11944.77,,,11944.77,89,0,0,89,84737.94,84807.35,,
2026-09-28T02:59:40+08:00,btc-updown-5m-1790535300,https://polymarket.com/zh/event/btc-updown-5m-1790535300,02:55-03:00,,1.00,99.00,,,60512.51,60512.51,,,,,,11959.77,,,11944.77,89,0,0,89,84737.94,84807.36,,
2026-09-28T02:59:43+08:00,btc-updown-5m-1790535300,https://polymarket.com/zh/event/btc-updown-5m-1790535300,02:55-03:00,,1.00,99.00,,,60479.08,60502.56,,,,,,11944.77,,,11944.77,84,0,0,84,84737.94,84807.35,,
2026-09-28T02:59:45+08:00,btc-updown-5m-1790535300,https://polymarket.com/zh/event/btc-updown-5m-1790535300,02:55-03:00,,1.00,99.00,,,60500.07,60500.07,,,,,,11649.77,,,11649.77,89,0,0,89,84737.94,84807.35,,
2026-09-28T02:59:48+08:00,btc-updown-5m-1790535300,https://polymarket.com/zh/event/btc-updown-5m-1790535300,02:55-03:00,,1.00,99.00,,,60523.55,60523.55,,,,,,11644.77,,,11644.77,88,0,0,88,84737.94,84807.36,,
2026-09-28T02:59:51+08:00,btc-updown-5m-1790535300,https://polymarket.com/zh/event/btc-updown-5m-1790535300,02:55-03:00,,1.00,99.00,,,60589.55,60589.55,,,,,,11549.77,,,11549.77,89,0,0,89,84737.94,84807.35,,
2026-09-28T02:59:53+08:00,btc-updown-5m-1790535300,https://polymarket.com/zh/event/btc-updown-5m-1790535300,02:55-03:00,,1.00,99.00,,,70879.55,70879.55,,,,,,11534.77,,,11534.77,78,0,0,78,84737.94,84798.72,,
2026-09-28T02:59:56+08:00,btc-updown-5m-1790535300,https://polymarket.com/zh/event/btc-updown-5m-1790535300,02:55-03:00,,1.00,99.00,,,71179.01,71179.01,,,,,,3659.77,,,3504.77,76,0,0,76,84737.94,84798.73,,
2026-09-28T02:59:59+08:00,btc-updown-5m-1790535300,https://polymarket.com/zh/event/btc-updown-5m-1790535300,02:55-03:00,,1.00,99.00,,,79335.44,79380.44,,,,,,3479.77,,,3479.77,80,0,0,80,84737.94,84798.72,,
2026-09-28T03:00:02+08:00,btc-updown-5m-1790535600,https://polymarket.com/zh/event/btc-updown-5m-1790535600,03:00-03:05,50.00,50.00,49.00,49.00,37.00,333.00,26.60,279.00,49.50,49.50,1.00,1.00,25952.81,25557.49,25462.49,25952.81,49,50,49,50,84800.47,84802.98,,
2026-09-28T03:00:04+08:00,btc-updown-5m-1790535600,https://polymarket.com/zh/event/btc-updown-5m-1790535600,03:00-03:05,52.00,49.00,51.00,48.00,69.41,505.19,505.19,69.41,51.50,48.50,1.00,1.00,27694.70,26754.38,26754.38,27489.70,51,48,48,51,84800.47,84802.99,,
2026-09-28T03:00:07+08:00,btc-updown-5m-1790535600,https://polymarket.com/zh/event/btc-updown-5m-1790535600,03:00-03:05,59.00,37.00,56.00,36.00,5.00,43.16,1709.19,10.00,57.50,36.50,3.00,1.00,31794.70,27004.38,23081.38,32004.70,56,41,35,63,84800.47,84802.98,,
2026-09-28T03:00:10+08:00,btc-updown-5m-1790535600,https://polymarket.com/zh/event/btc-updown-5m-1790535600,03:00-03:05,73.00,28.00,72.00,27.00,141.13,93.32,334.00,1164.37,72.50,27.50,1.00,1.00,29739.70,21756.38,21568.38,29834.70,72,27,27,71,84800.47,84828.47,,
2026-09-28T03:00:12+08:00,btc-updown-5m-1790535600,https://polymarket.com/zh/event/btc-updown-5m-1790535600,03:00-03:05,69.00,32.00,68.00,31.00,29.36,9.84,1319.07,1569.82,68.50,31.50,1.00,1.00,29749.70,21216.38,21008.38,29849.70,68,31,31,67,84800.47,84828.47,,
2026-09-28T03:00:15+08:00,btc-updown-5m-1790535600,https://polymarket.com/zh/event/btc-updown-5m-1790535600,03:00-03:05,58.00,43.00,57.00,42.00,427.64,48.01,30.34,262.86,57.50,42.50,1.00,1.00,29818.70,23460.38,23470.38,29923.70,57,42,42,57,84800.47,84812.13,,
2026-09-28T03:00:18+08:00,btc-updown-5m-1790535600,https://polymarket.com/zh/event/btc-updown-5m-1790535600,03:00-03:05,58.00,44.00,56.00,43.00,487.52,80.67,33.06,208.00,57.00,43.50,2.00,1.00,29965.69,23542.37,23557.37,29965.69,56,42,43,56,84800.47,84803.67,,
2026-09-28T03:00:21+08:00,btc-updown-5m-1790535600,https://polymarket.com/zh/event/btc-updown-5m-1790535600,03:00-03:05,57.00,44.00,56.00,43.00,50.90,553.44,598.44,50.90,56.50,43.50,1.00,1.00,28084.71,21742.37,21752.37,28194.71,56,43,43,56,84800.47,84804.64,,
2026-09-28T03:00:23+08:00,btc-updown-5m-1790535600,https://polymarket.com/zh/event/btc-updown-5m-1790535600,03:00-03:05,59.00,42.00,58.00,41.00,1447.44,13.08,12.85,1463.14,58.50,41.50,1.00,1.00,27880.69,21497.37,21497.37,27965.69,58,41,41,58,84800.47,84804.63,,
2026-09-28T03:00:26+08:00,btc-updown-5m-1790535600,https://polymarket.com/zh/event/btc-updown-5m-1790535600,03:00-03:05,56.00,45.00,55.00,44.00,221.60,62.00,57.00,161.41,55.50,44.50,1.00,1.00,27619.71,21262.37,21257.37,27704.71,55,44,44,55,84800.47,84804.64,,
2026-09-28T03:00:29+08:00,btc-updown-5m-1790535600,https://polymarket.com/zh/event/btc-updown-5m-1790535600,03:00-03:05,41.00,60.00,39.00,59.00,5.00,348.00,88.00,5.00,40.00,59.50,2.00,1.00,19019.71,21420.37,21430.37,19029.71,39,59,59,40,84800.47,84796.80,,
2026-09-28T03:00:31+08:00,btc-updown-5m-1790535600,https://polymarket.com/zh/event/btc-updown-5m-1790535600,03:00-03:05,24.00,78.00,22.00,76.00,5.00,184.99,184.99,5.00,23.00,77.00,2.00,2.00,17023.71,26130.37,26130.37,17023.71,22,75,75,22,84800.47,84765.12,,
2026-09-28T03:00:34+08:00,btc-updown-5m-1790535600,https://polymarket.com/zh/event/btc-updown-5m-1790535600,03:00-03:05,21.00,80.00,20.00,79.00,358.92,53.94,66.44,531.52,20.50,79.50,1.00,1.00,17761.71,25152.37,25007.37,17516.71,20,79,79,20,84800.47,84754.57,,
2026-09-28T03:00:37+08:00,btc-updown-5m-1790535600,https://polymarket.com/zh/event/btc-updown-5m-1790535600,03:00-03:05,18.00,83.00,17.00,82.00,173.00,90.23,53.78,153.26,17.50,82.50,1.00,1.00,17601.70,24807.37,24912.37,17601.70,17,82,82,17,84800.47,84752.59,,
2026-09-28T03:00:39+08:00,btc-updown-5m-1790535600,https://polymarket.com/zh/event/btc-updown-5m-1790535600,03:00-03:05,19.00,82.00,18.00,81.00,1014.34,75.00,30.00,1010.34,18.50,81.50,1.00,1.00,17571.70,24337.76,24437.76,17521.70,18,81,81,18,84800.47,84749.41,,
2026-09-28T03:00:42+08:00,btc-updown-5m-1790535600,https://polymarket.com/zh/event/btc-updown-5m-1790535600,03:00-03:05,18.00,83.00,17.00,82.00,307.29,10.00,15.00,312.29,17.50,82.50,1.00,1.00,17452.70,24342.76,24437.76,17452.70,17,82,82,17,84800.47,84749.41,,
2026-09-28T03:00:45+08:00,btc-updown-5m-1790535600,https://polymarket.com/zh/event/btc-updown-5m-1790535600,03:00-03:05,13.00,87.00,12.00,86.00,76.00,373.00,162.97,116.83,12.50,86.50,1.00,1.00,17079.70,24190.76,24095.76,17079.70,12,87,86,13,84800.47,84746.52,,
2026-09-28T03:00:47+08:00,btc-updown-5m-1790535600,https://polymarket.com/zh/event/btc-updown-5m-1790535600,03:00-03:05,14.00,87.00,13.00,86.00,5.00,591.72,591.72,5.00,13.50,86.50,1.00,1.00,17074.70,24085.76,24185.76,17074.70,13,86,86,13,84800.47,84740.36,,
2026-09-28T03:00:50+08:00,btc-updown-5m-1790535600,https://polymarket.com/zh/event/btc-updown-5m-1790535600,03:00-03:05,13.00,88.00,12.00,87.00,348.98,117.62,123.86,280.13,12.50,87.50,1.00,1.00,17918.10,24021.76,23916.76,18023.10,12,87,87,12,84800.47,84740.36,,
2026-09-28T03:00:52+08:00,btc-updown-5m-1790535600,https://polymarket.com/zh/event/btc-updown-5m-1790535600,03:00-03:05,11.00,90.00,10.00,89.00,189.18,993.00,897.00,189.18,10.50,89.50,1.00,1.00,18038.10,23916.76,24016.76,18038.10,10,89,89,10,84800.47,84740.35,,
2026-09-28T03:00:55+08:00,btc-updown-5m-1790535600,https://polymarket.com/zh/event/btc-updown-5m-1790535600,03:00-03:05,14.00,87.00,13.00,86.00,781.63,376.00,391.01,781.63,13.50,86.50,1.00,1.00,17743.10,23671.76,23676.76,17748.10,13,86,86,13,84800.47,84740.38,,
2026-09-28T03:00:58+08:00,btc-updown-5m-1790535600,https://polymarket.com/zh/event/btc-updown-5m-1790535600,03:00-03:05,13.00,88.00,12.00,87.00,198.49,298.53,308.53,192.00,12.50,87.50,1.00,1.00,17508.10,23631.76,23436.76,17508.10,12,87,87,12,84800.47,84744.67,,
2026-09-28T03:01:00+08:00,btc-updown-5m-1790535600,https://polymarket.com/zh/event/btc-updown-5m-1790535600,03:00-03:05,14.00,87.00,13.00,86.00,5.00,1058.24,1055.46,10.00,13.50,86.50,1.00,1.00,17102.10,22962.76,22967.76,17092.10,13,86,86,13,84800.47,84747.56,,
2026-09-28T03:01:03+08:00,btc-updown-5m-1790535600,https://polymarket.com/zh/event/btc-updown-5m-1790535600,03:00-03:05,15.00,86.00,14.00,85.00,48.42,415.09,415.09,53.42,14.50,85.50,1.00,1.00,14808.10,20512.76,20392.76,14573.10,14,85,85,14,84800.47,84747.55,,
2026-09-28T03:01:06+08:00,btc-updown-5m-1790535600,https://polymarket.com/zh/event/btc-updown-5m-1790535600,03:00-03:05,24.00,77.00,23.00,76.00,382.00,63.12,193.00,403.00,23.50,76.50,1.00,1.00,16910.44,21649.10,21554.10,16910.44,23,76,76,23,84800.47,84763.45,,
2026-09-28T03:01:08+08:00,btc-updown-5m-1790535600,https://polymarket.com/zh/event/btc-updown-5m-1790535600,03:00-03:05,21.00,80.00,20.00,79.00,7.38,1333.08,1406.83,5.00,20.50,79.50,1.00,1.00,16129.44,20993.10,20883.10,16129.44,20,79,79,20,84800.47,84763.45,,
2026-09-28T03:01:11+08:00,btc-updown-5m-1790535600,https://polymarket.com/zh/event/btc-updown-5m-1790535600,03:00-03:05,22.00,79.00,21.00,78.00,28.94,1555.35,1466.68,132.94,21.50,78.50,1.00,1.00,16019.44,20883.10,20783.10,16019.44,21,78,78,21,84800.47,84763.44,,
2026-09-28T03:01:13+08:00,btc-updown-5m-1790535600,https://polymarket.com/zh/event/btc-updown-5m-1790535600,03:00-03:05,20.00,81.00,19.00,80.00,123.80,746.50,337.00,115.00,19.50,80.50,1.00,1.00,15867.44,20729.10,20729.10,16807.44,19,80,80,19,84800.47,84763.45,,
2026-09-28T03:01:16+08:00,btc-updown-5m-1790535600,https://polymarket.com/zh/event/btc-updown-5m-1790535600,03:00-03:05,27.00,74.00,26.00,73.00,107.33,15.00,40.00,1158.71,26.50,73.50,1.00,1.00,15846.44,21647.10,21647.10,15903.44,26,73,73,26,84800.47,84763.44,,
2026-09-28T03:01:19+08:00,btc-updown-5m-1790535600,https://polymarket.com/zh/event/btc-updown-5m-1790535600,03:00-03:05,22.00,79.00,21.00,78.00,633.34,5.00,5.00,653.34,21.50,78.50,1.00,1.00,15792.44,21637.10,21637.10,15792.44,20,78,78,20,84800.47,84775.68,,
2026-09-28T03:01:21+08:00,btc-updown-5m-1790535600,https://polymarket.com/zh/event/btc-updown-5m-1790535600,03:00-03:05,18.00,83.00,17.00,82.00,67.00,603.63,622.02,82.00,17.50,82.50,1.00,1.00,16080.44,21660.28,21560.28,16085.44,17,82,82,17,84800.47,84766.00,,
2026-09-28T03:01:24+08:00,btc-updown-5m-1790535600,https://polymarket.com/zh/event/btc-updown-5m-1790535600,03:00-03:05,19.00,82.00,18.00,81.00,40.00,274.36,298.76,40.00,18.50,81.50,1.00,1.00,16075.44,20901.28,20747.28,16075.44,18,81,81,18,84800.47,84766.00,,
2026-09-28T03:01:26+08:00,btc-updown-5m-1790535600,https://polymarket.com/zh/event/btc-updown-5m-1790535600,03:00-03:05,19.00,81.00,18.00,80.00,12.52,179.00,884.40,32.00,18.50,80.50,1.00,1.00,16075.44,20627.28,20827.28,16075.44,18,81,80,19,84800.47,84766.00,,
2026-09-28T03:01:29+08:00,btc-updown-5m-1790535600,https://polymarket.com/zh/event/btc-updown-5m-1790535600,03:00-03:05,28.00,83.00,27.00,81.00,1119.84,100.00,206.63,50.00,27.50,82.00,1.00,2.00,16239.44,21685.28,21575.28,16494.44,27,72,79,17,84800.47,84775.67,,
2026-09-28T03:01:32+08:00,btc-updown-5m-1790535600,https://polymarket.com/zh/event/btc-updown-5m-1790535600,03:00-03:05,17.00,84.00,16.00,83.00,329.00,256.24,169.56,71.00,16.50,83.50,1.00,1.00,17236.19,20503.28,20508.28,17221.19,16,83,83,16,84800.47,84765.99,,
2026-09-28T03:01:34+08:00,btc-updown-5m-1790535600,https://polymarket.com/zh/event/btc-updown-5m-1790535600,03:00-03:05,22.00,79.00,21.00,78.00,45.00,120.49,110.49,40.00,21.50,78.50,1.00,1.00,17238.60,20503.28,20403.28,17238.60,21,78,78,21,84800.47,84769.19,,
2026-09-28T03:01:37+08:00,btc-updown-5m-1790535600,https://polymarket.com/zh/event/btc-updown-5m-1790535600,03:00-03:05,21.00,80.00,20.00,79.00,126.00,1108.25,1334.93,156.65,20.50,79.50,1.00,1.00,17209.44,20503.28,20503.28,17209.44,20,79,79,20,84800.47,84769.19,,
2026-09-28T03:01:40+08:00,btc-updown-5m-1790535600,https://polymarket.com/zh/event/btc-updown-5m-1790535600,03:00-03:05,19.00,82.00,18.00,81.00,632.19,17.00,27.00,582.19,18.50,81.50,1.00,1.00,17219.44,20403.28,20403.28,17199.44,18,81,81,18,84800.47,84769.18,,
2026-09-28T03:01:42+08:00,btc-updown-5m-1790535600,https://polymarket.com/zh/event/btc-updown-5m-1790535600,03:00-03:05,16.00,85.00,15.00,84.00,205.65,419.65,429.65,210.65,15.50,84.50,1.00,1.00,17340.35,20503.28,20403.28,17335.35,15,84,84,15,84800.47,84767.43,,
2026-09-28T03:01:45+08:00,btc-updown-5m-1790535600,https://polymarket.com/zh/event/btc-updown-5m-1790535600,03:00-03:05,16.00,85.00,15.00,84.00,238.75,387.65,392.65,273.53,15.50,84.50,1.00,1.00,17130.35,20508.28,20418.28,17076.19,15,84,84,15,84800.47,84767.43,,
2026-09-28T03:01:48+08:00,btc-updown-5m-1790535600,https://polymarket.com/zh/event/btc-updown-5m-1790535600,03:00-03:05,17.00,84.00,16.00,83.00,1071.28,15.00,15.00,1086.28,16.50,83.50,1.00,1.00,17202.65,20408.28,20513.28,17192.65,16,83,83,16,84800.47,84767.43,,
2026-09-28T03:01:51+08:00,btc-updown-5m-1790535600,https://polymarket.com/zh/event/btc-updown-5m-1790535600,03:00-03:05,11.00,90.00,10.00,89.00,1030.71,82.11,220.00,1127.27,10.50,89.50,1.00,1.00,15061.04,20403.28,20503.28,15807.27,10,89,89,10,84800.47,84752.81,,
2026-09-28T03:01:53+08:00,btc-updown-5m-1790535600,https://polymarket.com/zh/event/btc-updown-5m-1790535600,03:00-03:05,9.00,92.00,8.00,91.00,188.00,234.29,258.61,481.05,8.50,91.50,1.00,1.00,16047.27,20513.28,20418.28,16052.27,8,91,91,8,84800.47,84752.81,,
2026-09-28T03:01:56+08:00,btc-updown-5m-1790535600,https://polymarket.com/zh/event/btc-updown-5m-1790535600,03:00-03:05,8.00,93.00,7.00,92.00,793.57,105.92,119.00,1063.02,7.50,92.50,1.00,1.00,17712.57,20603.28,20603.28,17654.27,7,92,92,7,84800.47,84744.01,,
2026-09-28T03:01:58+08:00,btc-updown-5m-1790535600,https://polymarket.com/zh/event/btc-updown-5m-1790535600,03:00-03:05,7.00,94.00,6.00,93.00,845.83,5.00,5.00,745.83,6.50,93.50,1.00,1.00,16658.66,20403.28,20403.28,16670.66,6,93,93,6,84800.47,84742.01,,
2026-09-28T03:02:01+08:00,btc-updown-5m-1790535600,https://polymarket.com/zh/event/btc-updown-5m-1790535600,03:00-03:05,6.00,95.00,5.00,94.00,50.64,742.86,779.29,50.64,5.50,94.50,1.00,1.00,17221.85,20629.28,20519.28,17170.42,5,94,94,5,84800.47,84742.01,,
2026-09-28T03:02:04+08:00,btc-updown-5m-1790535600,https://polymarket.com/zh/event/btc-updown-5m-1790535600,03:00-03:05,6.00,95.00,5.00,94.00,105.64,473.47,473.47,111.38,5.50,94.50,1.00,1.00,16932.03,20569.28,20464.28,16932.03,5,94,94,5,84800.47,84742.01,,
2026-09-28T03:02:07+08:00,btc-updown-5m-1790535600,https://polymarket.com/zh/event/btc-updown-5m-1790535600,03:00-03:05,5.00,96.00,4.00,95.00,233.48,422.00,434.00,210.50,4.50,95.50,1.00,1.00,16190.86,20559.28,20459.28,16136.86,4,95,95,4,84800.47,84742.01,,
2026-09-28T03:02:09+08:00,btc-updown-5m-1790535600,https://polymarket.com/zh/event/btc-updown-5m-1790535600,03:00-03:05,5.00,96.00,4.00,95.00,185.00,340.33,320.33,180.26,4.50,95.50,1.00,1.00,15516.18,20464.28,20564.28,15541.18,4,95,95,4,84800.47,84742.00,,
2026-09-28T03:02:12+08:00,btc-updown-5m-1790535600,https://polymarket.com/zh/event/btc-updown-5m-1790535600,03:00-03:05,4.00,97.00,3.00,96.00,155.86,207.19,807.58,694.38,3.50,96.50,1.00,1.00,14134.66,20559.28,20544.28,7781.58,3,96,96,3,84800.47,84742.00,,
2026-09-28T03:02:15+08:00,btc-updown-5m-1790535600,https://polymarket.com/zh/event/btc-updown-5m-1790535600,03:00-03:05,4.00,97.00,3.00,96.00,553.05,162.89,163.93,953.05,3.50,96.50,1.00,1.00,8680.56,20444.28,20544.28,8674.52,3,96,96,3,84800.47,84733.44,,
2026-09-28T03:02:17+08:00,btc-updown-5m-1790535600,https://polymarket.com/zh/event/btc-updown-5m-1790535600,03:00-03:05,3.00,98.00,2.00,97.00,1048.77,121.00,121.00,1053.77,2.50,97.50,1.00,1.00,7761.76,20404.39,20489.39,7767.76,2,97,97,2,84800.47,84733.44,,
2026-09-28T03:02:20+08:00,btc-updown-5m-1790535600,https://polymarket.com/zh/event/btc-updown-5m-1790535600,03:00-03:05,2.00,99.00,1.00,98.00,276.33,7192.47,7278.49,276.33,1.50,98.50,1.00,1.00,7278.49,20489.49,20489.49,7192.47,1,98,98,1,84800.47,84726.00,,
2026-09-28T03:02:23+08:00,btc-updown-5m-1790535600,https://polymarket.com/zh/event/btc-updown-5m-1790535600,03:00-03:05,3.00,98.00,2.00,97.00,862.89,140.79,140.79,862.89,2.50,97.50,1.00,1.00,7151.08,20379.39,20379.39,6947.09,2,97,97,2,84800.47,84726.01,,
2026-09-28T03:02:25+08:00,btc-updown-5m-1790535600,https://polymarket.com/zh/event/btc-updown-5m-1790535600,03:00-03:05,3.00,98.00,2.00,97.00,996.78,44.94,85.00,1090.78,2.50,97.50,1.00,1.00,5210.29,20484.39,20494.39,4982.23,2,97,97,2,84800.47,84726.00,,
2026-09-28T03:02:28+08:00,btc-updown-5m-1790535600,https://polymarket.com/zh/event/btc-updown-5m-1790535600,03:00-03:05,2.00,99.00,1.00,98.00,228.72,5160.23,5155.23,228.72,1.50,98.50,1.00,1.00,5155.23,20384.39,20384.39,5160.23,1,98,98,1,84800.47,84723.02,,
2026-09-28T03:02:30+08:00,btc-updown-5m-1790535600,https://polymarket.com/zh/event/btc-updown-5m-1790535600,03:00-03:05,2.00,99.00,1.00,98.00,100.66,5013.16,5053.59,100.66,1.50,98.50,1.00,1.00,5053.59,20484.39,20394.39,5013.16,1,98,98,1,84800.47,84723.04,,
2026-09-28T03:02:33+08:00,btc-updown-5m-1790535600,https://polymarket.com/zh/event/btc-updown-5m-1790535600,03:00-03:05,2.00,99.00,1.00,98.00,469.05,4394.42,4399.42,469.05,1.50,98.50,1.00,1.00,4399.42,20584.39,20379.39,4394.42,1,98,98,1,84800.47,84715.89,,
2026-09-28T03:02:36+08:00,btc-updown-5m-1790535600,https://polymarket.com/zh/event/btc-updown-5m-1790535600,03:00-03:05,2.00,99.00,1.00,98.00,455.05,3172.18,3172.18,455.05,1.50,98.50,1.00,1.00,3172.18,20379.39,20479.39,3172.18,1,98,98,1,84800.47,84712.32,,
2026-09-28T03:02:38+08:00,btc-updown-5m-1790535600,https://polymarket.com/zh/event/btc-updown-5m-1790535600,03:00-03:05,2.00,99.00,1.00,98.00,166.26,3187.12,3192.12,166.26,1.50,98.50,1.00,1.00,3192.12,20479.39,20384.39,3187.12,1,98,98,1,84800.47,84714.28,,
2026-09-28T03:02:41+08:00,btc-updown-5m-1790535600,https://polymarket.com/zh/event/btc-updown-5m-1790535600,03:00-03:05,2.00,99.00,1.00,98.00,296.45,3154.42,3149.42,296.45,1.50,98.50,1.00,1.00,3149.42,20489.39,20394.39,3154.42,1,98,98,1,84800.47,84714.29,,
2026-09-28T03:02:43+08:00,btc-updown-5m-1790535600,https://polymarket.com/zh/event/btc-updown-5m-1790535600,03:00-03:05,2.00,99.00,1.00,98.00,318.09,3133.29,3138.29,513.09,1.50,98.50,1.00,1.00,3138.29,20384.39,20484.39,3133.29,1,98,98,1,84800.47,84714.28,,
2026-09-28T03:02:46+08:00,btc-updown-5m-1790535600,https://polymarket.com/zh/event/btc-updown-5m-1790535600,03:00-03:05,2.00,99.00,1.00,98.00,2038.65,2913.06,2913.06,2038.65,1.50,98.50,1.00,1.00,2913.06,20489.39,20489.39,2913.06,1,98,98,1,84800.47,84711.78,,
2026-09-28T03:02:48+08:00,btc-updown-5m-1790535600,https://polymarket.com/zh/event/btc-updown-5m-1790535600,03:00-03:05,2.00,99.00,1.00,98.00,2248.69,2758.00,2833.00,2928.00,1.50,98.50,1.00,1.00,2833.00,20484.39,20389.39,2758.00,1,98,98,1,84800.47,84711.79,,
2026-09-28T03:02:51+08:00,btc-updown-5m-1790535600,https://polymarket.com/zh/event/btc-updown-5m-1790535600,03:00-03:05,2.00,99.00,1.00,98.00,2295.22,2727.69,2727.69,2320.22,1.50,98.50,1.00,1.00,2727.69,20479.39,20479.39,2727.69,1,98,98,1,84800.47,84711.79,,
2026-09-28T03:02:54+08:00,btc-updown-5m-1790535600,https://polymarket.com/zh/event/btc-updown-5m-1790535600,03:00-03:05,2.00,99.00,1.00,98.00,2312.89,2707.69,2702.69,2312.89,1.50,98.50,1.00,1.00,2702.69,20479.39,20384.39,2707.69,1,98,98,1,84800.47,84711.78,,
2026-09-28T03:02:56+08:00,btc-updown-5m-1790535600,https://polymarket.com/zh/event/btc-updown-5m-1790535600,03:00-03:05,2.00,99.00,1.00,98.00,2436.67,2618.93,2643.93,3115.98,1.50,98.50,1.00,1.00,2643.93,20484.39,20389.39,2618.93,1,98,98,1,84800.47,84711.78,,
2026-09-28T03:02:59+08:00,btc-updown-5m-1790535600,https://polymarket.com/zh/event/btc-updown-5m-1790535600,03:00-03:05,1.00,,,99.00,2788.79,,,2788.79,,,,,,20359.39,20359.39,,0,99,99,0,84800.47,84711.32,,
2026-09-28T03:03:02+08:00,btc-updown-5m-1790535600,https://polymarket.com/zh/event/btc-updown-5m-1790535600,03:00-03:05,1.00,,,99.00,2321.08,,,2221.08,,,,,,20304.39,20304.39,,0,99,99,0,84800.47,84711.32,,
2026-09-28T03:03:04+08:00,btc-updown-5m-1790535600,https://polymarket.com/zh/event/btc-updown-5m-1790535600,03:00-03:05,1.00,,,99.00,4547.28,,,4547.28,,,,,,20304.39,20309.39,,0,99,99,0,84800.47,84711.33,,
2026-09-28T03:03:07+08:00,btc-updown-5m-1790535600,https://polymarket.com/zh/event/btc-updown-5m-1790535600,03:00-03:05,1.00,,,99.00,4541.49,,,4541.49,,,,,,20299.39,20299.39,,0,99,99,0,84800.47,84711.33,,
2026-09-28T03:03:09+08:00,btc-updown-5m-1790535600,https://polymarket.com/zh/event/btc-updown-5m-1790535600,03:00-03:05,1.00,,,99.00,3600.54,,,3600.54,,,,,,20304.39,20304.39,,0,99,99,0,84800.47,84711.33,,
2026-09-28T03:03:12+08:00,btc-updown-5m-1790535600,https://polymarket.com/zh/event/btc-updown-5m-1790535600,03:00-03:05,1.00,,,99.00,717.93,,,717.93,,,,,,20304.39,20304.39,,0,99,99,0,84800.47,84726.16,,
2026-09-28T03:03:14+08:00,btc-updown-5m-1790535600,https://polymarket.com/zh/event/btc-updown-5m-1790535600,03:00-03:05,1.00,,,99.00,851.53,,,851.53,,,,,,20294.39,20299.39,,0,99,99,0,84800.47,84726.17,,
2026-09-28T03:03:17+08:00,btc-updown-5m-1790535600,https://polymarket.com/zh/event/btc-updown-5m-1790535600,03:00-03:05,1.00,,,99.00,866.53,,,866.53,,,,,,20276.21,20276.21,,0,99,99,0,84800.47,84726.17,,
2026-09-28T03:03:19+08:00,btc-updown-5m-1790535600,https://polymarket.com/zh/event/btc-updown-5m-1790535600,03:00-03:05,1.00,,,99.00,815.90,,,810.85,,,,,,20281.21,20281.21,,0,99,99,0,84800.47,84726.17,,
2026-09-28T03:03:22+08:00,btc-updown-5m-1790535600,https://polymarket.com/zh/event/btc-updown-5m-1790535600,03:00-03:05,1.00,,,99.00,828.20,,,828.20,,,,,,20276.21,20276.21,,0,99,99,0,84800.47,84719.42,,
2026-09-28T03:03:25+08:00,btc-updown-5m-1790535600,https://polymarket.com/zh/event/btc-updown-5m-1790535600,03:00-03:05,1.00,,,99.00,828.20,,,828.20,,,,,,20276.21,20281.21,,0,99,99,0,84800.47,84719.81,,
2026-09-28T03:03:27+08:00,btc-updown-5m-1790535600,https://polymarket.com/zh/event/btc-updown-5m-1790535600,03:00-03:05,1.00,,,99.00,1233.20,,,2753.21,,,,,,20281.21,20286.21,,0,99,99,0,84800.47,84719.81,,
2026-09-28T03:03:30+08:00,btc-updown-5m-1790535600,https://polymarket.com/zh/event/btc-updown-5m-1790535600,03:00-03:05,1.00,,,99.00,2753.21,,,5049.16,,,,,,20286.21,20291.21,,0,99,99,0,84800.47,84719.80,,
2026-09-28T03:03:32+08:00,btc-updown-5m-1790535600,https://polymarket.com/zh/event/btc-updown-5m-1790535600,03:00-03:05,1.00,,,99.00,8144.21,,,8144.21,,,,,,20276.21,20276.21,,0,99,99,0,84800.47,84719.80,,
2026-09-28T03:03:35+08:00,btc-updown-5m-1790535600,https://polymarket.com/zh/event/btc-updown-5m-1790535600,03:00-03:05,1.00,,,99.00,5944.20,,,5944.20,,,,,,20276.21,20276.21,,0,99,99,0,84800.47,84729.26,,
2026-09-28T03:03:37+08:00,btc-updown-5m-1790535600,https://polymarket.com/zh/event/btc-updown-5m-1790535600,03:00-03:05,0.10,,,99.90,5480.00,,,2581.74,,,,,,17397.11,17547.11,,0,117,116,0,84800.47,84723.61,,
2026-09-28T03:03:40+08:00,btc-updown-5m-1790535600,https://polymarket.com/zh/event/btc-updown-5m-1790535600,03:00-03:05,0.10,,,99.90,1586.74,,,1586.74,,,,,,16557.11,16562.11,,0,118,119,0,84800.47,84723.61,,
2026-09-28T03:03:43+08:00,btc-updown-5m-1790535600,https://polymarket.com/zh/event/btc-updown-5m-1790535600,03:00-03:05,0.10,,,99.90,1586.74,,,1606.74,,,,,,11710.20,11705.20,,0,121,113,0,84800.47,84723.62,,
2026-09-28T03:03:45+08:00,btc-updown-5m-1790535600,https://polymarket.com/zh/event/btc-updown-5m-1790535600,03:00-03:05,0.10,,,99.90,1706.74,,,1706.74,,,,,,11710.20,11705.20,,0,122,122,0,84800.47,84723.62,,
2026-09-28T03:03:48+08:00,btc-updown-5m-1790535600,https://polymarket.com/zh/event/btc-updown-5m-1790535600,03:00-03:05,0.10,,,99.90,1736.74,,,1736.74,,,,,,11715.20,11715.20,,0,122,122,0,84800.47,84723.61,,
2026-09-28T03:03:51+08:00,btc-updown-5m-1790535600,https://polymarket.com/zh/event/btc-updown-5m-1790535600,03:00-03:05,0.10,,,99.90,1736.74,,,1736.74,,,,,,11630.20,11630.20,,0,121,121,0,84800.47,84725.30,,
2026-09-28T03:03:53+08:00,btc-updown-5m-1790535600,https://polymarket.com/zh/event/btc-updown-5m-1790535600,03:00-03:05,0.10,,,99.90,4714.75,,,4714.75,,,,,,11451.86,11461.86,,0,123,123,0,84800.47,84725.29,,
2026-09-28T03:03:56+08:00,btc-updown-5m-1790535600,https://polymarket.com/zh/event/btc-updown-5m-1790535600,03:00-03:05,0.10,,,99.90,4754.75,,,4754.75,,,,,,10932.27,4919.24,,0,123,123,0,84800.47,84725.80,,
2026-09-28T03:03:58+08:00,btc-updown-5m-1790535600,https://polymarket.com/zh/event/btc-updown-5m-1790535600,03:00-03:05,0.10,,,99.90,4754.75,,,4768.75,,,,,,4778.24,4783.24,,0,124,124,0,84800.47,84725.79,,
2026-09-28T03:04:01+08:00,btc-updown-5m-1790535600,https://polymarket.com/zh/event/btc-updown-5m-1790535600,03:00-03:05,0.10,,,99.90,5882.75,,,5882.75,,,,,,4577.21,4587.21,,0,122,122,0,84800.47,84725.80,,
2026-09-28T03:04:04+08:00,btc-updown-5m-1790535600,https://polymarket.com/zh/event/btc-updown-5m-1790535600,03:00-03:05,0.10,,,99.90,954.75,,,954.75,,,,,,4572.21,4577.21,,0,122,122,0,84800.47,84725.80,,
2026-09-28T03:04:06+08:00,btc-updown-5m-1790535600,https://polymarket.com/zh/event/btc-updown-5m-1790535600,03:00-03:05,0.10,,,99.90,969.75,,,969.75,,,,,,4587.21,4587.21,,0,121,121,0,84800.47,84725.80,,
2026-09-28T03:04:09+08:00,btc-updown-5m-1790535600,https://polymarket.com/zh/event/btc-updown-5m-1790535600,03:00-03:05,0.10,,,99.90,2727.76,,,2727.76,,,,,,4572.21,4572.21,,0,121,121,0,84800.47,84725.80,,
2026-09-28T03:04:12+08:00,btc-updown-5m-1790535600,https://polymarket.com/zh/event/btc-updown-5m-1790535600,03:00-03:05,0.10,,,99.90,3752.76,,,3752.76,,,,,,4582.21,4582.21,,0,122,122,0,84800.47,84725.79,,
2026-09-28T03:04:14+08:00,btc-updown-5m-1790535600,https://polymarket.com/zh/event/btc-updown-5m-1790535600,03:00-03:05,0.10,,,99.90,4010.77,,,4010.77,,,,,,4587.21,4587.21,,0,121,121,0,84800.47,84725.79,,
2026-09-28T03:04:17+08:00,btc-updown-5m-1790535600,https://polymarket.com/zh/event/btc-updown-5m-1790535600,03:00-03:05,0.10,,,99.90,4030.77,,,4030.77,,,,,,4577.21,4582.21,,0,120,120,0,84800.47,84725.79,,
2026-09-28T03:04:19+08:00,btc-updown-5m-1790535600,https://polymarket.com/zh/event/btc-updown-5m-1790535600,03:00-03:05,0.10,,,99.90,4030.77,,,4030.77,,,,,,4572.21,4572.21,,0,119,119,0,84800.47,84725.79,,
2026-09-28T03:04:22+08:00,btc-updown-5m-1790535600,https://polymarket.com/zh/event/btc-updown-5m-1790535600,03:00-03:05,0.10,,,99.90,8045.77,,,8145.87,,,,,,4577.31,4572.21,,0,119,119,0,84800.47,84725.80,,
2026-09-28T03:04:25+08:00,btc-updown-5m-1790535600,https://polymarket.com/zh/event/btc-updown-5m-1790535600,03:00-03:05,0.10,,,99.90,8145.87,,,8145.87,,,,,,4572.21,4572.21,,0,119,119,0,84800.47,84725.79,,
2026-09-28T03:04:27+08:00,btc-updown-5m-1790535600,https://polymarket.com/zh/event/btc-updown-5m-1790535600,03:00-03:05,0.10,,,99.90,8165.87,,,8165.87,,,,,,4582.21,4582.21,,0,119,119,0,84800.47,84725.79,,
2026-09-28T03:04:30+08:00,btc-updown-5m-1790535600,https://polymarket.com/zh/event/btc-updown-5m-1790535600,03:00-03:05,0.10,,,99.90,8170.87,,,8205.87,,,,,,4572.21,4572.21,,0,119,119,0,84800.47,84725.80,,
2026-09-28T03:04:32+08:00,btc-updown-5m-1790535600,https://polymarket.com/zh/event/btc-updown-5m-1790535600,03:00-03:05,0.10,,,99.90,8210.87,,,8210.87,,,,,,4572.21,4572.21,,0,119,119,0,84800.47,84725.80,,
2026-09-28T03:04:35+08:00,btc-updown-5m-1790535600,https://polymarket.com/zh/event/btc-updown-5m-1790535600,03:00-03:05,0.10,,,99.90,8240.89,,,8260.89,,,,,,4572.21,4572.21,,0,120,120,0,84800.47,84725.79,,
2026-09-28T03:04:37+08:00,btc-updown-5m-1790535600,https://polymarket.com/zh/event/btc-updown-5m-1790535600,03:00-03:05,0.10,,,99.90,8260.89,,,8260.89,,,,,,4577.21,4572.21,,0,120,120,0,84800.47,84725.79,,
2026-09-28T03:04:40+08:00,btc-updown-5m-1790535600,https://polymarket.com/zh/event/btc-updown-5m-1790535600,03:00-03:05,0.10,,,99.90,15975.89,,,15975.89,,,,,,4577.21,4577.21,,0,120,120,0,84800.47,84725.80,,
2026-09-28T03:04:43+08:00,btc-updown-5m-1790535600,https://polymarket.com/zh/event/btc-updown-5m-1790535600,03:00-03:05,0.10,,,99.90,16005.89,,,16005.89,,,,,,4572.21,4572.21,,0,120,120,0,84800.47,84725.79,,
2026-09-28T03:04:45+08:00,btc-updown-5m-1790535600,https://polymarket.com/zh/event/btc-updown-5m-1790535600,03:00-03:05,0.10,,,99.90,16015.89,,,16015.89,,,,,,4587.21,4577.21,,0,120,120,0,84800.47,84725.79,,
2026-09-28T03:04:48+08:00,btc-updown-5m-1790535600,https://polymarket.com/zh/event/btc-updown-5m-1790535600,03:00-03:05,0.10,,,99.90,16015.89,,,16015.89,,,,,,4277.21,4292.21,,0,120,120,0,84800.47,84725.79,,
2026-09-28T03:04:50+08:00,btc-updown-5m-1790535600,https://polymarket.com/zh/event/btc-updown-5m-1790535600,03:00-03:05,0.10,,,99.90,16530.89,,,16530.89,,,,,,4177.21,4172.21,,0,120,120,0,84800.47,84725.79,,
2026-09-28T03:04:53+08:00,btc-updown-5m-1790535600,https://polymarket.com/zh/event/btc-updown-5m-1790535600,03:00-03:05,0.10,,,99.90,16565.89,,,16595.89,,,,,,4162.21,4162.21,,0,120,120,0,84800.47,84725.80,,
2026-09-28T03:04:55+08:00,btc-updown-5m-1790535600,https://polymarket.com/zh/event/btc-updown-5m-1790535600,03:00-03:05,0.10,,,99.90,17615.89,,,17615.89,,,,,,4167.21,4167.21,,0,120,120,0,84800.47,84725.79,,
2026-09-28T03:04:58+08:00,btc-updown-5m-1790535600,https://polymarket.com/zh/event/btc-updown-5m-1790535600,03:00-03:05,0.10,,,99.90,17637.17,,,17637.17,,,,,,3006.21,3016.21,,0,97,96,0,84800.47,84725.79,,
2026-09-28T03:05:01+08:00,btc-updown-5m-1790535900,https://polymarket.com/zh/event/btc-updown-5m-1790535900,03:05-03:10,53.00,48.00,52.00,47.00,30.00,20.00,20.00,30.00,52.50,47.50,1.00,1.00,26556.35,25683.76,25683.76,26756.35,52,47,47,52,84725.79,84725.79,,
2026-09-28T03:05:04+08:00,btc-updown-5m-1790535900,https://polymarket.com/zh/event/btc-updown-5m-1790535900,03:05-03:10,52.00,49.00,51.00,48.00,220.77,5.00,30.00,450.77,51.50,48.50,1.00,1.00,28126.49,26414.90,27561.90,29263.49,51,48,48,51,84725.79,84725.80,,
2026-09-28T03:05:06+08:00,btc-updown-5m-1790535900,https://polymarket.com/zh/event/btc-updown-5m-1790535900,03:05-03:10,53.00,48.00,52.00,47.00,105.83,334.50,356.15,130.83,52.50,47.50,1.00,1.00,29676.49,27974.90,27964.90,29566.49,52,47,47,52,84725.79,84725.79,,
2026-09-28T03:05:09+08:00,btc-updown-5m-1790535900,https://polymarket.com/zh/event/btc-updown-5m-1790535900,03:05-03:10,53.00,48.00,52.00,47.00,104.83,477.87,482.87,97.83,52.50,47.50,1.00,1.00,29586.49,25979.90,25994.90,27696.49,52,47,47,52,84725.79,84725.80,,
2026-09-28T03:05:11+08:00,btc-updown-5m-1790535900,https://polymarket.com/zh/event/btc-updown-5m-1790535900,03:05-03:10,53.00,48.00,52.00,47.00,96.12,1515.62,1515.62,46.12,52.50,47.50,1.00,1.00,27701.49,25999.90,26004.90,27716.49,52,47,47,52,84725.79,84725.80,,
2026-09-28T03:05:14+08:00,btc-updown-5m-1790535900,https://polymarket.com/zh/event/btc-updown-5m-1790535900,03:05-03:10,53.00,48.00,52.00,47.00,55.00,1543.62,2033.62,60.00,52.50,47.50,1.00,1.00,27620.49,26018.90,26028.90,27725.49,52,47,47,52,84725.79,84725.80,,
2026-09-28T03:05:16+08:00,btc-updown-5m-1790535900,https://polymarket.com/zh/event/btc-updown-5m-1790535900,03:05-03:10,55.00,46.00,54.00,45.00,1577.70,10.00,10.00,1581.70,54.50,45.50,1.00,1.00,29042.78,26235.89,26225.89,29087.48,54,45,45,54,84725.79,84725.79,,
2026-09-28T03:05:19+08:00,btc-updown-5m-1790535900,https://polymarket.com/zh/event/btc-updown-5m-1790535900,03:05-03:10,52.00,49.00,51.00,48.00,59.00,1439.47,1541.52,64.00,51.50,48.50,1.00,1.00,30587.48,25525.89,25535.89,30692.48,51,48,48,51,84725.79,84725.80,,
2026-09-28T03:05:22+08:00,btc-updown-5m-1790535900,https://polymarket.com/zh/event/btc-updown-5m-1790535900,03:05-03:10,52.00,49.00,51.00,48.00,3.45,1489.47,1489.47,3.45,51.50,48.50,1.00,1.00,29462.48,24295.89,24295.89,29362.48,51,48,48,51,84725.79,84725.79,,
2026-09-28T03:05:24+08:00,btc-updown-5m-1790535900,https://polymarket.com/zh/event/btc-updown-5m-1790535900,03:05-03:10,53.00,48.00,52.00,47.00,85.00,461.37,499.37,90.00,52.50,47.50,1.00,1.00,29222.48,24040.89,24040.89,29342.48,52,47,47,52,84725.79,84725.80,,
2026-09-28T03:05:27+08:00,btc-updown-5m-1790535900,https://polymarket.com/zh/event/btc-updown-5m-1790535900,03:05-03:10,54.00,47.00,53.00,46.00,1197.01,60.00,60.00,1161.80,53.50,46.50,1.00,1.00,28622.48,23545.89,23535.89,28717.48,53,46,46,53,84725.79,84725.80,,
2026-09-28T03:05:29+08:00,btc-updown-5m-1790535900,https://polymarket.com/zh/event/btc-updown-5m-1790535900,03:05-03:10,54.00,47.00,53.00,46.00,1400.33,10.00,10.00,1388.33,53.50,46.50,1.00,1.00,27997.48,22830.89,22835.89,28007.48,53,46,46,53,84725.79,84725.79,,
2026-09-28T03:05:32+08:00,btc-updown-5m-1790535900,https://polymarket.com/zh/event/btc-updown-5m-1790535900,03:05-03:10,54.00,47.00,53.00,46.00,197.00,12.23,7.23,120.01,53.50,46.50,1.00,1.00,27182.48,22110.89,22125.89,27382.48,53,46,46,53,84725.79,84725.79,,
2026-09-28T03:05:34+08:00,btc-updown-5m-1790535900,https://polymarket.com/zh/event/btc-updown-5m-1790535900,03:05-03:10,54.00,47.00,53.00,46.00,1433.01,12.23,12.23,1428.01,53.50,46.50,1.00,1.00,26912.48,21640.89,21390.89,26557.48,53,46,46,53,84725.79,84725.79,,
2026-09-28T03:05:37+08:00,btc-updown-5m-1790535900,https://polymarket.com/zh/event/btc-updown-5m-1790535900,03:05-03:10,52.00,49.00,51.00,48.00,113.63,283.48,223.48,63.63,51.50,48.50,1.00,1.00,26547.48,21385.89,21350.89,26432.48,51,48,48,51,84725.79,84725.80,,
2026-09-28T03:05:40+08:00,btc-updown-5m-1790535900,https://polymarket.com/zh/event/btc-updown-5m-1790535900,03:05-03:10,52.00,49.00,51.00,48.00,521.79,42.00,49.00,534.28,51.50,48.50,1.00,1.00,26542.48,21365.89,21380.89,26447.48,51,48,48,51,84725.79,84725.79,,
2026-09-28T03:05:42+08:00,btc-updown-5m-1790535900,https://polymarket.com/zh/event/btc-updown-5m-1790535900,03:05-03:10,52.00,49.00,51.00,48.00,32.00,341.02,281.02,20.00,51.50,48.50,1.00,1.00,26437.48,21375.89,21365.89,26432.48,51,48,48,51,84725.79,84725.80,,
2026-09-28T03:05:45+08:00,btc-updown-5m-1790535900,https://polymarket.com/zh/event/btc-updown-5m-1790535900,03:05-03:10,53.00,48.00,52.00,47.00,526.23,30.00,30.00,521.23,52.50,47.50,1.00,1.00,26442.48,21390.89,21380.89,26532.48,52,47,47,52,84725.79,84725.79,,
2026-09-28T03:05:48+08:00,btc-updown-5m-1790535900,https://polymarket.com/zh/event/btc-updown-5m-1790535900,03:05-03:10,52.00,49.00,51.00,48.00,265.91,28.00,28.00,265.91,51.50,48.50,1.00,1.00,26447.48,21380.89,21365.89,26532.48,51,48,48,51,84725.79,84725.79,,
2026-09-28T03:05:50+08:00,btc-updown-5m-1790535900,https://polymarket.com/zh/event/btc-updown-5m-1790535900,03:05-03:10,52.00,49.00,51.00,48.00,1228.87,10.00,10.00,1233.87,51.50,48.50,1.00,1.00,26537.48,21350.89,21350.89,26537.48,51,48,48,51,84725.79,84725.79,,
2026-09-28T03:05:53+08:00,btc-updown-5m-1790535900,https://polymarket.com/zh/event/btc-updown-5m-1790535900,03:05-03:10,51.00,50.00,50.00,49.00,479.42,34.80,76.80,587.92,50.50,49.50,1.00,1.00,26547.48,21360.89,21350.89,26532.48,50,49,49,50,84725.79,84725.79,,
2026-09-28T03:05:56+08:00,btc-updown-5m-1790535900,https://polymarket.com/zh/event/btc-updown-5m-1790535900,03:05-03:10,50.00,51.00,49.00,50.00,1354.08,159.00,159.00,1373.60,49.50,50.50,1.00,1.00,26192.48,21110.89,21115.89,26202.48,49,50,50,49,84725.79,84725.80,,
2026-09-28T03:05:58+08:00,btc-updown-5m-1790535900,https://polymarket.com/zh/event/btc-updown-5m-1790535900,03:05-03:10,52.00,49.00,51.00,48.00,586.33,32.00,32.00,536.33,51.50,48.50,1.00,1.00,25952.48,20870.89,20875.89,26057.48,51,48,48,51,84725.79,84725.80,,
2026-09-28T03:06:01+08:00,btc-updown-5m-1790535900,https://polymarket.com/zh/event/btc-updown-5m-1790535900,03:05-03:10,52.00,49.00,51.00,48.00,273.85,62.00,62.00,273.85,51.50,48.50,1.00,1.00,23367.48,18200.89,18200.89,23367.48,51,48,48,51,84725.79,84725.80,,
2026-09-28T03:06:04+08:00,btc-updown-5m-1790535900,https://polymarket.com/zh/event/btc-updown-5m-1790535900,03:05-03:10,70.00,31.00,69.00,30.00,10.26,826.37,826.37,10.26,69.50,30.50,1.00,1.00,22382.48,13435.89,13435.89,22382.48,68,29,29,68,84725.79,84740.41,,
2026-09-28T03:06:06+08:00,btc-updown-5m-1790535900,https://polymarket.com/zh/event/btc-updown-5m-1790535900,03:05-03:10,73.00,28.00,72.00,27.00,64.21,1633.32,1743.32,72.51,72.50,27.50,1.00,1.00,21916.48,12899.89,12929.89,21916.48,72,27,27,72,84725.79,84740.41,,
2026-09-28T03:06:09+08:00,btc-updown-5m-1790535900,https://polymarket.com/zh/event/btc-updown-5m-1790535900,03:05-03:10,76.00,25.00,75.00,24.00,187.66,353.78,352.78,135.94,75.50,24.50,1.00,1.00,20951.48,15276.89,15276.89,21061.48,75,24,24,75,84725.79,84740.41,,
2026-09-28T03:06:11+08:00,btc-updown-5m-1790535900,https://polymarket.com/zh/event/btc-updown-5m-1790535900,03:05-03:10,73.00,28.00,72.00,27.00,84.00,880.13,916.13,84.00,72.50,27.50,1.00,1.00,21061.48,14744.89,14739.89,21046.48,72,27,27,72,84725.79,84740.42,,
2026-09-28T03:06:14+08:00,btc-updown-5m-1790535900,https://polymarket.com/zh/event/btc-updown-5m-1790535900,03:05-03:10,75.00,26.00,74.00,25.00,67.00,381.61,460.77,56.15,74.50,25.50,1.00,1.00,21061.48,14839.89,14834.89,20966.48,74,25,25,74,84725.79,84740.41,,
2026-09-28T03:06:16+08:00,btc-updown-5m-1790535900,https://polymarket.com/zh/event/btc-updown-5m-1790535900,03:05-03:10,77.00,24.00,76.00,23.00,43.46,1076.66,1061.66,37.22,76.50,23.50,1.00,1.00,20619.48,14759.89,14759.89,20634.48,76,23,23,76,84725.79,84743.99,,
2026-09-28T03:06:19+08:00,btc-updown-5m-1790535900,https://polymarket.com/zh/event/btc-updown-5m-1790535900,03:05-03:10,78.00,23.00,77.00,22.00,419.19,29.00,10.00,552.13,77.50,22.50,1.00,1.00,20560.48,14638.89,14633.89,20555.48,77,22,22,77,84725.79,84743.99,,
2026-09-28T03:06:22+08:00,btc-updown-5m-1790535900,https://polymarket.com/zh/event/btc-updown-5m-1790535900,03:05-03:10,76.00,25.00,75.00,24.00,303.90,125.28,124.00,247.45,75.50,24.50,1.00,1.00,20650.48,14608.89,14608.89,20550.48,75,24,24,75,84725.79,84743.99,,
2026-09-28T03:06:24+08:00,btc-updown-5m-1790535900,https://polymarket.com/zh/event/btc-updown-5m-1790535900,03:05-03:10,78.00,22.00,77.00,21.00,11.81,186.78,213.11,88.00,77.50,21.50,1.00,1.00,20550.48,14603.89,14613.89,20450.48,77,22,21,78,84725.79,84744.00,,
2026-09-28T03:06:27+08:00,btc-updown-5m-1790535900,https://polymarket.com/zh/event/btc-updown-5m-1790535900,03:05-03:10,76.00,25.00,75.00,24.00,696.40,22.00,22.00,646.40,75.50,24.50,1.00,1.00,20450.48,14598.89,14593.89,20455.48,75,24,24,75,84725.79,84743.99,,
2026-09-28T03:06:29+08:00,btc-updown-5m-1790535900,https://polymarket.com/zh/event/btc-updown-5m-1790535900,03:05-03:10,75.00,25.00,74.00,24.00,52.69,285.60,1303.65,23.00,74.50,24.50,1.00,1.00,20555.48,14653.89,14663.89,20550.48,74,25,24,75,84725.79,84744.00,,
2026-09-28T03:06:32+08:00,btc-updown-5m-1790535900,https://polymarket.com/zh/event/btc-updown-5m-1790535900,03:05-03:10,78.00,23.00,77.00,22.00,477.80,12.00,12.00,545.80,77.50,22.50,1.00,1.00,20555.48,14668.89,14668.89,20455.48,77,22,22,77,84725.79,84744.00,,
2026-09-28T03:06:35+08:00,btc-updown-5m-1790535900,https://polymarket.com/zh/event/btc-updown-5m-1790535900,03:05-03:10,82.00,19.00,81.00,18.00,919.49,75.00,80.00,823.80,81.50,18.50,1.00,1.00,20550.48,14683.89,14678.89,20550.48,81,18,18,81,84725.79,84743.99,,
2026-09-28T03:06:37+08:00,btc-updown-5m-1790535900,https://polymarket.com/zh/event/btc-updown-5m-1790535900,03:05-03:10,81.00,20.00,80.00,19.00,337.66,58.20,70.20,226.23,80.50,19.50,1.00,1.00,20465.48,14648.89,14653.89,20550.48,80,19,19,80,84725.79,84743.99,,
2026-09-28T03:06:40+08:00,btc-updown-5m-1790535900,https://polymarket.com/zh/event/btc-updown-5m-1790535900,03:05-03:10,81.00,20.00,80.00,19.00,541.29,32.00,61.51,541.29,80.50,19.50,1.00,1.00,20555.48,14648.89,14648.89,20560.48,80,19,19,80,84725.79,84743.99,,
2026-09-28T03:06:42+08:00,btc-updown-5m-1790535900,https://polymarket.com/zh/event/btc-updown-5m-1790535900,03:05-03:10,81.00,20.00,80.00,19.00,692.90,52.21,57.81,691.72,80.50,19.50,1.00,1.00,20423.48,14756.89,14751.89,20423.48,80,19,19,80,84725.79,84744.00,,
2026-09-28T03:06:45+08:00,btc-updown-5m-1790535900,https://polymarket.com/zh/event/btc-updown-5m-1790535900,03:05-03:10,80.00,21.00,79.00,20.00,155.01,101.62,101.62,243.63,79.50,20.50,1.00,1.00,20323.48,14706.89,14706.89,20323.48,79,20,20,79,84725.79,84744.00,,
2026-09-28T03:06:48+08:00,btc-updown-5m-1790535900,https://polymarket.com/zh/event/btc-updown-5m-1790535900,03:05-03:10,83.00,18.00,82.00,17.00,66.16,70.18,318.29,365.16,82.50,17.50,1.00,1.00,20323.48,14574.89,14569.89,20323.48,82,17,17,82,84725.79,84743.99,,
2026-09-28T03:06:50+08:00,btc-updown-5m-1790535900,https://polymarket.com/zh/event/btc-updown-5m-1790535900,03:05-03:10,81.00,20.00,80.00,19.00,386.39,17.00,17.00,373.39,80.50,19.50,1.00,1.00,20433.48,14826.89,14821.89,20333.48,80,19,19,80,84725.79,84744.00,,
2026-09-28T03:06:53+08:00,btc-updown-5m-1790535900,https://polymarket.com/zh/event/btc-updown-5m-1790535900,03:05-03:10,88.00,12.00,87.00,11.00,4.59,56.11,468.95,63.36,87.50,11.50,1.00,1.00,20221.48,14660.29,16166.29,20316.48,87,12,11,88,84725.79,84753.24,,
2026-09-28T03:06:55+08:00,btc-updown-5m-1790535900,https://polymarket.com/zh/event/btc-updown-5m-1790535900,03:05-03:10,89.00,12.00,88.00,11.00,63.00,629.07,629.07,116.60,88.50,11.50,1.00,1.00,20311.48,15340.29,15370.29,20311.48,88,11,11,88,84725.79,84753.23,,
2026-09-28T03:06:58+08:00,btc-updown-5m-1790535900,https://polymarket.com/zh/event/btc-updown-5m-1790535900,03:05-03:10,86.00,15.00,85.00,14.00,32.66,297.80,307.80,51.66,85.50,14.50,1.00,1.00,20114.48,15340.29,15335.29,20214.48,85,14,14,85,84725.79,84753.23,,
2026-09-28T03:07:00+08:00,btc-updown-5m-1790535900,https://polymarket.com/zh/event/btc-updown-5m-1790535900,03:05-03:10,87.00,14.00,86.00,13.00,107.26,181.87,181.87,107.26,86.50,13.50,1.00,1.00,20272.48,15300.29,15300.29,20372.48,86,13,13,86,84725.79,84753.23,,
2026-09-28T03:07:03+08:00,btc-updown-5m-1790535900,https://polymarket.com/zh/event/btc-updown-5m-1790535900,03:05-03:10,87.00,14.00,86.00,13.00,72.00,545.51,545.51,72.00,86.50,13.50,1.00,1.00,20287.48,15190.29,15185.29,20372.48,86,13,13,86,84725.79,84753.23,,
2026-09-28T03:07:05+08:00,btc-updown-5m-1790535900,https://polymarket.com/zh/event/btc-updown-5m-1790535900,03:05-03:10,87.00,14.00,86.00,13.00,5.00,648.22,648.22,5.00,86.50,13.50,1.00,1.00,20382.48,15180.29,15190.29,20292.48,86,13,13,86,84725.79,84753.23,,
2026-09-28T03:07:08+08:00,btc-updown-5m-1790535900,https://polymarket.com/zh/event/btc-updown-5m-1790535900,03:05-03:10,88.00,13.00,87.00,12.00,217.80,10.00,15.00,256.11,87.50,12.50,1.00,1.00,20282.48,15225.29,15210.29,20277.48,87,12,12,87,84725.79,84753.24,,
2026-09-28T03:07:11+08:00,btc-updown-5m-1790535900,https://polymarket.com/zh/event/btc-updown-5m-1790535900,03:05-03:10,88.00,11.00,87.00,10.00,25.00,285.60,940.61,32.00,87.50,10.50,1.00,1.00,20367.48,15210.29,15210.29,20267.48,87,12,10,89,84725.79,84753.23,,
2026-09-28T03:07:13+08:00,btc-updown-5m-1790535900,https://polymarket.com/zh/event/btc-updown-5m-1790535900,03:05-03:10,90.00,11.00,89.00,10.00,222.00,145.14,205.14,288.63,89.50,10.50,1.00,1.00,20257.48,15250.29,15106.29,20262.48,89,10,10,89,84725.79,84753.24,,
2026-09-28T03:07:16+08:00,btc-updown-5m-1790535900,https://polymarket.com/zh/event/btc-updown-5m-1790535900,03:05-03:10,90.00,11.00,89.00,10.00,395.90,452.27,452.27,395.90,89.50,10.50,1.00,1.00,20357.48,15399.29,15399.29,20357.48,89,10,10,89,84725.79,84753.23,,
2026-09-28T03:07:18+08:00,btc-updown-5m-1790535900,https://polymarket.com/zh/event/btc-updown-5m-1790535900,03:05-03:10,90.00,11.00,89.00,10.00,956.16,5.00,5.00,954.33,89.50,10.50,1.00,1.00,20362.48,15354.29,15354.29,20362.48,89,10,10,89,84725.79,84753.23,,
2026-09-28T03:07:21+08:00,btc-updown-5m-1790535900,https://polymarket.com/zh/event/btc-updown-5m-1790535900,03:05-03:10,88.00,13.00,87.00,12.00,473.70,103.00,103.00,539.22,87.50,12.50,1.00,1.00,20257.48,15284.29,15274.29,20362.48,87,12,12,87,84725.79,84753.24,,
2026-09-28T03:07:23+08:00,btc-updown-5m-1790535900,https://polymarket.com/zh/event/btc-updown-5m-1790535900,03:05-03:10,87.00,14.00,86.00,13.00,784.10,230.00,99.00,343.95,86.50,13.50,1.00,1.00,20367.48,15249.29,15274.29,20367.48,86,13,13,86,84725.79,84753.24,,
2026-09-28T03:07:26+08:00,btc-updown-5m-1790535900,https://polymarket.com/zh/event/btc-updown-5m-1790535900,03:05-03:10,87.00,13.00,86.00,12.00,22.99,368.10,885.93,118.70,86.50,12.50,1.00,1.00,20267.48,15299.29,14404.29,20352.48,86,13,12,87,84725.79,84753.23,,
2026-09-28T03:07:28+08:00,btc-updown-5m-1790535900,https://polymarket.com/zh/event/btc-updown-5m-1790535900,03:05-03:10,89.00,12.00,88.00,11.00,20.00,257.96,291.96,20.00,88.50,11.50,1.00,1.00,20357.48,14484.29,14489.29,20257.48,88,11,11,88,84725.79,84753.74,,
2026-09-28T03:07:31+08:00,btc-updown-5m-1790535900,https://polymarket.com/zh/event/btc-updown-5m-1790535900,03:05-03:10,90.00,11.00,89.00,10.00,307.30,66.24,66.24,282.15,89.50,10.50,1.00,1.00,20362.48,14524.29,14489.29,20362.48,89,10,10,89,84725.79,84753.74,,
2026-09-28T03:07:34+08:00,btc-updown-5m-1790535900,https://polymarket.com/zh/event/btc-updown-5m-1790535900,03:05-03:10,91.00,10.00,90.00,9.00,365.70,31.10,36.10,418.72,90.50,9.50,1.00,1.00,20367.48,14770.29,14770.29,20262.48,90,9,9,90,84725.79,84753.74,,
2026-09-28T03:07:36+08:00,btc-updown-5m-1790535900,https://polymarket.com/zh/event/btc-updown-5m-1790535900,03:05-03:10,90.00,11.00,89.00,10.00,221.03,47.00,72.00,248.63,89.50,10.50,1.00,1.00,20352.48,14700.29,14700.29,20357.48,89,10,10,89,84725.79,84753.73,,
2026-09-28T03:07:39+08:00,btc-updown-5m-1790535900,https://polymarket.com/zh/event/btc-updown-5m-1790535900,03:05-03:10,90.00,11.00,89.00,10.00,140.46,169.66,163.85,140.46,89.50,10.50,1.00,1.00,20367.48,14700.29,14705.29,20257.48,89,10,10,89,84725.79,84753.74,,
2026-09-28T03:07:42+08:00,btc-updown-5m-1790535900,https://polymarket.com/zh/event/btc-updown-5m-1790535900,03:05-03:10,92.00,9.00,91.00,8.00,552.46,28.77,70.00,557.46,91.50,8.50,1.00,1.00,20252.48,14600.29,14630.29,20352.48,91,8,8,91,84725.79,84753.73,,
2026-09-28T03:07:44+08:00,btc-updown-5m-1790535900,https://polymarket.com/zh/event/btc-updown-5m-1790535900,03:05-03:10,93.00,8.00,92.00,7.00,1849.71,95.87,95.87,1893.53,92.50,7.50,1.00,1.00,20257.48,15023.60,15023.60,20367.48,92,7,7,92,84725.79,84753.74,,
2026-09-28T03:07:47+08:00,btc-updown-5m-1790535900,https://polymarket.com/zh/event/btc-updown-5m-1790535900,03:05-03:10,93.00,8.00,92.00,7.00,1721.71,55.87,65.87,1721.71,92.50,7.50,1.00,1.00,20362.48,14267.60,14236.60,20357.48,92,7,7,92,84725.79,84753.74,,
2026-09-28T03:07:49+08:00,btc-updown-5m-1790535900,https://polymarket.com/zh/event/btc-updown-5m-1790535900,03:05-03:10,91.00,10.00,90.00,9.00,95.00,511.51,401.51,95.00,90.50,9.50,1.00,1.00,20257.48,14346.60,14346.60,20357.48,90,9,9,90,84725.79,84753.73,,
2026-09-28T03:07:52+08:00,btc-updown-5m-1790535900,https://polymarket.com/zh/event/btc-updown-5m-1790535900,03:05-03:10,93.00,8.00,92.00,7.00,1841.53,96.62,96.62,1825.40,92.50,7.50,1.00,1.00,20262.48,14396.60,14366.60,20362.48,92,7,7,92,84725.79,84753.73,,
2026-09-28T03:07:55+08:00,btc-updown-5m-1790535900,https://polymarket.com/zh/event/btc-updown-5m-1790535900,03:05-03:10,93.00,8.00,92.00,7.00,1330.47,60.87,60.87,1200.05,92.50,7.50,1.00,1.00,20357.48,14382.60,14387.60,20357.48,92,7,7,92,84725.79,84753.74,,
2026-09-28T03:07:57+08:00,btc-updown-5m-1790535900,https://polymarket.com/zh/event/btc-updown-5m-1790535900,03:05-03:10,94.00,7.00,93.00,6.00,923.28,215.97,175.36,204.78,93.50,6.50,1.00,1.00,20362.48,13990.59,13714.59,20367.48,93,6,6,93,84725.79,84753.73,,
2026-09-28T03:08:00+08:00,btc-updown-5m-1790535900,https://polymarket.com/zh/event/btc-updown-5m-1790535900,03:05-03:10,94.00,7.00,93.00,6.00,331.37,105.00,105.00,318.46,93.50,6.50,1.00,1.00,20352.48,14179.97,14159.97,20337.48,93,6,6,93,84725.79,84753.73,,
2026-09-28T03:08:03+08:00,btc-updown-5m-1790535900,https://polymarket.com/zh/event/btc-updown-5m-1790535900,03:05-03:10,95.00,6.00,94.00,5.00,509.48,193.00,188.00,297.68,94.50,5.50,1.00,1.00,20222.48,14813.36,15569.95,20322.48,94,5,5,94,84725.79,84753.74,,
2026-09-28T03:08:05+08:00,btc-updown-5m-1790535900,https://polymarket.com/zh/event/btc-updown-5m-1790535900,03:05-03:10,96.00,5.00,95.00,4.00,759.26,243.19,234.50,601.04,95.50,4.50,1.00,1.00,20222.48,15384.52,15226.30,20222.48,95,4,4,95,84725.79,84753.73,,
2026-09-28T03:08:08+08:00,btc-updown-5m-1790535900,https://polymarket.com/zh/event/btc-updown-5m-1790535900,03:05-03:10,96.00,5.00,95.00,4.00,757.83,215.67,220.67,757.83,95.50,4.50,1.00,1.00,20227.48,15383.09,15378.09,20227.48,95,4,4,95,84725.79,84753.74,,
2026-09-28T03:08:10+08:00,btc-updown-5m-1790535900,https://polymarket.com/zh/event/btc-updown-5m-1790535900,03:05-03:10,96.00,5.00,95.00,4.00,623.82,238.01,255.90,623.82,95.50,4.50,1.00,1.00,20227.48,15165.08,15165.08,20332.48,95,4,4,95,84725.79,84753.73,,
2026-09-28T03:08:13+08:00,btc-updown-5m-1790535900,https://polymarket.com/zh/event/btc-updown-5m-1790535900,03:05-03:10,96.00,5.00,95.00,4.00,460.75,221.66,226.66,460.75,95.50,4.50,1.00,1.00,20217.48,14997.01,14997.01,20317.48,95,4,4,95,84725.79,84753.73,,
2026-09-28T03:08:16+08:00,btc-updown-5m-1790535900,https://polymarket.com/zh/event/btc-updown-5m-1790535900,03:05-03:10,97.00,4.00,96.00,3.00,1246.40,340.10,319.82,1233.36,96.50,3.50,1.00,1.00,20309.48,14408.96,14393.52,20309.48,96,3,3,96,84725.79,84753.74,,
2026-09-28T03:08:18+08:00,btc-updown-5m-1790535900,https://polymarket.com/zh/event/btc-updown-5m-1790535900,03:05-03:10,97.00,4.00,96.00,3.00,1325.13,370.24,370.24,1330.64,96.50,3.50,1.00,1.00,20304.48,14281.29,14286.80,20204.48,96,3,3,96,84725.79,84753.73,,
2026-09-28T03:08:21+08:00,btc-updown-5m-1790535900,https://polymarket.com/zh/event/btc-updown-5m-1790535900,03:05-03:10,97.00,4.00,96.00,3.00,1273.09,359.49,349.49,1157.86,96.50,3.50,1.00,1.00,20279.48,14243.25,14123.02,20279.48,96,3,3,96,84725.79,84753.73,,
2026-09-28T03:08:24+08:00,btc-updown-5m-1790535900,https://polymarket.com/zh/event/btc-updown-5m-1790535900,03:05-03:10,97.00,4.00,96.00,3.00,476.83,619.49,619.49,476.83,96.50,3.50,1.00,1.00,20284.58,13505.58,13505.58,20184.58,96,3,3,96,84725.79,84753.73,,
2026-09-28T03:08:26+08:00,btc-updown-5m-1790535900,https://polymarket.com/zh/event/btc-updown-5m-1790535900,03:05-03:10,97.00,4.00,96.00,3.00,342.90,716.62,716.62,291.35,96.50,3.50,1.00,1.00,20389.48,13422.65,13298.10,20284.48,96,3,3,96,84725.79,84753.73,,
2026-09-28T03:08:29+08:00,btc-updown-5m-1790535900,https://polymarket.com/zh/event/btc-updown-5m-1790535900,03:05-03:10,97.00,4.00,96.00,3.00,294.31,203.20,208.20,294.31,96.50,3.50,1.00,1.00,20279.48,13173.47,13316.06,20279.48,96,3,3,96,84725.79,84753.73,,
2026-09-28T03:08:31+08:00,btc-updown-5m-1790535900,https://polymarket.com/zh/event/btc-updown-5m-1790535900,03:05-03:10,98.00,3.00,97.00,2.00,1143.66,339.65,359.65,1143.66,97.50,2.50,1.00,1.00,20279.48,12293.07,12493.07,20279.48,97,2,2,97,84725.79,84753.73,,
2026-09-28T03:08:34+08:00,btc-updown-5m-1790535900,https://polymarket.com/zh/event/btc-updown-5m-1790535900,03:05-03:10,98.00,3.00,97.00,2.00,517.31,278.62,283.62,486.69,97.50,2.50,1.00,1.00,20168.46,11875.75,11850.13,20268.46,97,2,2,97,84725.79,84753.73,,
2026-09-28T03:08:36+08:00,btc-updown-5m-1790535900,https://polymarket.com/zh/event/btc-updown-5m-1790535900,03:05-03:10,98.00,2.00,97.00,1.00,71.18,26.60,280.28,10970.30,97.50,1.50,1.00,1.00,20213.34,11429.62,10970.30,20113.34,97,2,1,98,84725.79,84753.74,,
2026-09-28T03:08:39+08:00,btc-updown-5m-1790535900,https://polymarket.com/zh/event/btc-updown-5m-1790535900,03:05-03:10,99.00,2.00,98.00,1.00,10808.49,66.19,66.19,10384.44,98.50,1.50,1.00,1.00,20218.34,10808.49,10384.44,20123.34,98,1,1,98,84725.79,84753.74,,
2026-09-28T03:08:41+08:00,btc-updown-5m-1790535900,https://polymarket.com/zh/event/btc-updown-5m-1790535900,03:05-03:10,99.00,2.00,98.00,1.00,5453.44,67.88,67.88,5453.44,98.50,1.50,1.00,1.00,20118.34,5453.44,5453.44,20203.34,98,1,1,98,84725.79,84753.73,,
2026-09-28T03:08:44+08:00,btc-updown-5m-1790535900,https://polymarket.com/zh/event/btc-updown-5m-1790535900,03:05-03:10,,1.00,99.00,,,511.38,679.69,,,,,,20113.34,,,20113.34,99,0,0,99,84725.79,84753.74,,
2026-09-28T03:08:47+08:00,btc-updown-5m-1790535900,https://polymarket.com/zh/event/btc-updown-5m-1790535900,03:05-03:10,,1.00,99.00,,,1300.63,1300.63,,,,,,20113.34,,,20113.34,99,0,0,99,84725.79,84753.74,,
2026-09-28T03:08:49+08:00,btc-updown-5m-1790535900,https://polymarket.com/zh/event/btc-updown-5m-1790535900,03:05-03:10,,1.00,99.00,,,1282.61,1282.61,,,,,,20123.34,,,20123.34,99,0,0,99,84725.79,84753.73,,
2026-09-28T03:08:52+08:00,btc-updown-5m-1790535900,https://polymarket.com/zh/event/btc-updown-5m-1790535900,03:05-03:10,,1.00,99.00,,,1475.51,1470.46,,,,,,19991.34,,,19996.34,99,0,0,99,84725.79,84753.73,,
2026-09-28T03:08:54+08:00,btc-updown-5m-1790535900,https://polymarket.com/zh/event/btc-updown-5m-1790535900,03:05-03:10,,1.00,99.00,,,1490.93,1490.93,,,,,,19991.34,,,19991.34,99,0,0,99,84725.79,84753.73,,
2026-09-28T03:08:57+08:00,btc-updown-5m-1790535900,https://polymarket.com/zh/event/btc-updown-5m-1790535900,03:05-03:10,,1.00,99.00,,,1477.93,1477.93,,,,,,12294.30,,,12294.30,99,0,0,99,84725.79,84753.74,,
2026-09-28T03:08:59+08:00,btc-updown-5m-1790535900,https://polymarket.com/zh/event/btc-updown-5m-1790535900,03:05-03:10,,1.00,99.00,,,890.69,880.69,,,,,,11948.30,,,11948.30,99,0,0,99,84725.79,84753.73,,
2026-09-28T03:09:02+08:00,btc-updown-5m-1790535900,https://polymarket.com/zh/event/btc-updown-5m-1790535900,03:05-03:10,,1.00,99.00,,,5307.31,5307.31,,,,,,11922.32,,,11907.32,99,0,0,99,84725.79,84753.73,,
2026-09-28T03:09:04+08:00,btc-updown-5m-1790535900,https://polymarket.com/zh/event/btc-updown-5m-1790535900,03:05-03:10,,1.00,99.00,,,6583.06,6583.06,,,,,,11922.32,,,11917.32,99,0,0,99,84725.79,84753.74,,
2026-09-28T03:09:07+08:00,btc-updown-5m-1790535900,https://polymarket.com/zh/event/btc-updown-5m-1790535900,03:05-03:10,,1.00,99.00,,,7133.01,7138.06,,,,,,11907.32,,,11907.32,99,0,0,99,84725.79,84753.74,,
2026-09-28T03:09:09+08:00,btc-updown-5m-1790535900,https://polymarket.com/zh/event/btc-updown-5m-1790535900,03:05-03:10,,1.00,99.00,,,7189.06,7189.06,,,,,,11912.32,,,11917.32,99,0,0,99,84725.79,84753.74,,
2026-09-28T03:09:12+08:00,btc-updown-5m-1790535900,https://polymarket.com/zh/event/btc-updown-5m-1790535900,03:05-03:10,,1.00,99.00,,,14117.07,14117.07,,,,,,11907.32,,,11912.32,99,0,0,99,84725.79,84753.74,,
2026-09-28T03:09:14+08:00,btc-updown-5m-1790535900,https://polymarket.com/zh/event/btc-updown-5m-1790535900,03:05-03:10,,1.00,99.00,,,21011.13,18011.13,,,,,,11907.32,,,11907.32,99,0,0,99,84725.79,84753.74,,
2026-09-28T03:09:17+08:00,btc-updown-5m-1790535900,https://polymarket.com/zh/event/btc-updown-5m-1790535900,03:05-03:10,,1.00,99.00,,,28392.13,28387.08,,,,,,11907.32,,,11907.32,99,0,0,99,84725.79,84753.74,,
2026-09-28T03:09:19+08:00,btc-updown-5m-1790535900,https://polymarket.com/zh/event/btc-updown-5m-1790535900,03:05-03:10,,0.10,99.90,,,3047.78,3042.78,,,,,,11907.32,,,11907.32,115,0,0,115,84725.79,84753.73,,
2026-09-28T03:09:22+08:00,btc-updown-5m-1790535900,https://polymarket.com/zh/event/btc-updown-5m-1790535900,03:05-03:10,,0.10,99.90,,,11680.41,11680.41,,,,,,11907.32,,,11912.32,116,0,0,117,84725.79,84753.74,,
2026-09-28T03:09:24+08:00,btc-updown-5m-1790535900,https://polymarket.com/zh/event/btc-updown-5m-1790535900,03:05-03:10,,0.10,99.90,,,11780.41,11680.41,,,,,,11922.32,,,11922.32,115,0,0,115,84725.79,84765.07,,
2026-09-28T03:09:27+08:00,btc-updown-5m-1790535900,https://polymarket.com/zh/event/btc-updown-5m-1790535900,03:05-03:10,,0.10,99.90,,,16800.41,16800.41,,,,,,11912.32,,,11917.32,116,0,0,116,84725.79,84765.06,,
2026-09-28T03:09:29+08:00,btc-updown-5m-1790535900,https://polymarket.com/zh/event/btc-updown-5m-1790535900,03:05-03:10,,0.10,99.90,,,16805.41,16805.41,,,,,,11907.32,,,11907.32,115,0,0,115,84725.79,84765.07,,
2026-09-28T03:09:32+08:00,btc-updown-5m-1790535900,https://polymarket.com/zh/event/btc-updown-5m-1790535900,03:05-03:10,,0.10,99.90,,,16820.41,16820.41,,,,,,8770.32,,,8770.32,115,0,0,115,84725.79,84765.07,,
2026-09-28T03:09:35+08:00,btc-updown-5m-1790535900,https://polymarket.com/zh/event/btc-updown-5m-1790535900,03:05-03:10,,0.10,99.90,,,16845.41,16825.41,,,,,,8760.32,,,8760.32,114,0,0,114,84725.79,84765.07,,
2026-09-28T03:09:37+08:00,btc-updown-5m-1790535900,https://polymarket.com/zh/event/btc-updown-5m-1790535900,03:05-03:10,,0.10,99.90,,,16865.41,16865.41,,,,,,8770.32,,,8760.32,114,0,0,114,84725.79,84765.06,,
2026-09-28T03:09:40+08:00,btc-updown-5m-1790535900,https://polymarket.com/zh/event/btc-updown-5m-1790535900,03:05-03:10,,0.10,99.90,,,25685.41,25685.41,,,,,,8760.32,,,8760.32,114,0,0,114,84725.79,84765.07,,
2026-09-28T03:09:43+08:00,btc-updown-5m-1790535900,https://polymarket.com/zh/event/btc-updown-5m-1790535900,03:05-03:10,,0.10,99.90,,,26265.51,26265.51,,,,,,8780.32,,,8770.32,114,0,0,114,84725.79,84765.06,,
2026-09-28T03:09:45+08:00,btc-updown-5m-1790535900,https://polymarket.com/zh/event/btc-updown-5m-1790535900,03:05-03:10,,0.10,99.90,,,26275.51,26275.51,,,,,,8460.32,,,8460.32,114,0,0,114,84725.79,84765.06,,
2026-09-28T03:09:48+08:00,btc-updown-5m-1790535900,https://polymarket.com/zh/event/btc-updown-5m-1790535900,03:05-03:10,,0.10,99.90,,,26275.51,26275.51,,,,,,8465.32,,,8465.32,114,0,0,114,84725.79,84765.06,,
2026-09-28T03:09:50+08:00,btc-updown-5m-1790535900,https://polymarket.com/zh/event/btc-updown-5m-1790535900,03:05-03:10,,0.10,99.90,,,26290.51,26290.51,,,,,,8360.32,,,8360.32,115,0,0,115,84725.79,84769.19,,
2026-09-28T03:09:53+08:00,btc-updown-5m-1790535900,https://polymarket.com/zh/event/btc-updown-5m-1790535900,03:05-03:10,,0.10,99.90,,,32355.51,32325.51,,,,,,8380.32,,,8375.32,115,0,0,115,84725.79,84775.67,,
2026-09-28T03:09:56+08:00,btc-updown-5m-1790535900,https://polymarket.com/zh/event/btc-updown-5m-1790535900,03:05-03:10,,0.10,99.90,,,32376.79,32376.79,,,,,,8370.32,,,3610.32,115,0,0,115,84725.79,84775.67,,
2026-09-28T03:09:58+08:00,btc-updown-5m-1790535900,https://polymarket.com/zh/event/btc-updown-5m-1790535900,03:05-03:10,,0.10,99.90,,,32382.79,32382.79,,,,,,3407.32,,,3402.32,85,0,0,85,84725.79,84775.67,,
2026-09-28T03:10:01+08:00,btc-updown-5m-1790536200,https://polymarket.com/zh/event/btc-updown-5m-1790536200,03:10-03:15,69.00,32.00,68.00,31.00,149.49,1145.00,1018.00,126.55,68.50,31.50,1.00,1.00,29914.63,22273.43,22283.43,29824.63,68,31,31,68,84775.68,84775.67,,
2026-09-28T03:10:04+08:00,btc-updown-5m-1790536200,https://polymarket.com/zh/event/btc-updown-5m-1790536200,03:10-03:15,69.00,32.00,68.00,31.00,1481.20,26.00,31.00,1486.20,68.50,31.50,1.00,1.00,31008.87,22778.67,22788.67,31088.87,68,31,31,68,84775.68,84775.67,,
2026-09-28T03:10:07+08:00,btc-updown-5m-1790536200,https://polymarket.com/zh/event/btc-updown-5m-1790536200,03:10-03:15,67.00,34.00,66.00,33.00,142.00,435.67,535.67,142.00,66.50,33.50,1.00,1.00,31386.87,22684.67,23672.67,31386.87,66,33,33,66,84775.68,84775.67,,
2026-09-28T03:10:09+08:00,btc-updown-5m-1790536200,https://polymarket.com/zh/event/btc-updown-5m-1790536200,03:10-03:15,67.00,34.00,66.00,33.00,41.66,270.45,599.57,51.66,66.50,33.50,1.00,1.00,29491.87,21667.67,21667.67,29486.87,66,33,33,66,84775.68,84775.68,,
2026-09-28T03:10:12+08:00,btc-updown-5m-1790536200,https://polymarket.com/zh/event/btc-updown-5m-1790536200,03:10-03:15,69.00,32.00,68.00,31.00,269.42,298.00,378.60,482.42,68.50,31.50,1.00,1.00,29426.87,21692.67,21692.67,29521.87,68,31,31,68,84775.68,84775.67,,
2026-09-28T03:10:14+08:00,btc-updown-5m-1790536200,https://polymarket.com/zh/event/btc-updown-5m-1790536200,03:10-03:15,69.00,32.00,68.00,31.00,53.42,336.47,344.60,53.42,68.50,31.50,1.00,1.00,29455.87,21594.67,21594.67,29540.87,68,31,31,68,84775.68,84775.67,,
2026-09-28T03:10:17+08:00,btc-updown-5m-1790536200,https://polymarket.com/zh/event/btc-updown-5m-1790536200,03:10-03:15,70.00,31.00,69.00,30.00,1388.74,10.00,10.00,1367.74,69.50,30.50,1.00,1.00,29747.86,21781.66,21786.66,29752.86,69,30,30,69,84775.68,84775.68,,
2026-09-28T03:10:20+08:00,btc-updown-5m-1790536200,https://polymarket.com/zh/event/btc-updown-5m-1790536200,03:10-03:15,70.00,31.00,69.00,30.00,1153.22,239.00,219.00,965.22,69.50,30.50,1.00,1.00,29032.86,21056.66,21066.66,29037.86,69,30,30,69,84775.68,84775.68,,
2026-09-28T03:10:22+08:00,btc-updown-5m-1790536200,https://polymarket.com/zh/event/btc-updown-5m-1790536200,03:10-03:15,72.00,29.00,71.00,28.00,134.36,1301.28,1301.58,129.36,71.50,28.50,1.00,1.00,27832.86,19797.66,19797.66,27732.86,71,28,28,71,84775.68,84775.68,,
2026-09-28T03:10:25+08:00,btc-updown-5m-1790536200,https://polymarket.com/zh/event/btc-updown-5m-1790536200,03:10-03:15,75.00,26.00,74.00,25.00,1304.64,15.00,34.28,1427.81,74.50,25.50,1.00,1.00,27597.96,19552.66,19547.66,27507.96,74,25,25,74,84775.68,84775.68,,
2026-09-28T03:10:27+08:00,btc-updown-5m-1790536200,https://polymarket.com/zh/event/btc-updown-5m-1790536200,03:10-03:15,73.00,28.00,72.00,27.00,508.87,22.00,10.00,331.87,72.50,27.50,1.00,1.00,27112.86,19077.66,18832.66,26767.86,72,27,27,72,84775.68,84776.98,,
2026-09-28T03:10:30+08:00,btc-updown-5m-1790536200,https://polymarket.com/zh/event/btc-updown-5m-1790536200,03:10-03:15,73.00,28.00,72.00,27.00,1656.94,60.00,40.00,1644.73,72.50,27.50,1.00,1.00,26287.86,18357.66,18352.66,26387.86,72,27,27,72,84775.68,84776.98,,
2026-09-28T03:10:33+08:00,btc-updown-5m-1790536200,https://polymarket.com/zh/event/btc-updown-5m-1790536200,03:10-03:15,74.00,27.00,73.00,26.00,646.58,111.00,111.00,652.33,73.50,26.50,1.00,1.00,25229.86,17622.66,17397.66,25084.86,73,26,26,73,84775.68,84776.97,,
2026-09-28T03:10:35+08:00,btc-updown-5m-1790536200,https://polymarket.com/zh/event/btc-updown-5m-1790536200,03:10-03:15,73.00,28.00,72.00,27.00,1532.87,60.10,55.10,1532.87,72.50,27.50,1.00,1.00,24589.86,16912.66,16912.66,24589.86,72,27,27,72,84775.68,84776.97,,
2026-09-28T03:10:38+08:00,btc-updown-5m-1790536200,https://polymarket.com/zh/event/btc-updown-5m-1790536200,03:10-03:15,74.00,27.00,73.00,26.00,484.78,246.00,25.00,324.03,73.50,26.50,1.00,1.00,24589.86,16912.66,16912.66,24589.86,73,26,26,73,84775.68,84776.98,,
2026-09-28T03:10:40+08:00,btc-updown-5m-1790536200,https://polymarket.com/zh/event/btc-updown-5m-1790536200,03:10-03:15,74.00,27.00,73.00,26.00,121.32,1440.59,1435.59,121.32,73.50,26.50,1.00,1.00,24594.86,16410.66,16410.66,24494.86,73,26,26,73,84775.68,84776.98,,
2026-09-28T03:10:43+08:00,btc-updown-5m-1790536200,https://polymarket.com/zh/event/btc-updown-5m-1790536200,03:10-03:15,75.00,26.00,74.00,25.00,23.99,1162.30,858.30,28.99,74.50,25.50,1.00,1.00,24694.86,16922.66,16927.66,24589.86,74,25,25,74,84775.68,84776.98,,
2026-09-28T03:10:45+08:00,btc-updown-5m-1790536200,https://polymarket.com/zh/event/btc-updown-5m-1790536200,03:10-03:15,76.00,25.00,75.00,24.00,1660.01,25.00,20.00,1655.56,75.50,24.50,1.00,1.00,24489.86,16927.66,16927.66,24589.86,75,24,24,75,84775.68,84776.98,,
2026-09-28T03:10:48+08:00,btc-updown-5m-1790536200,https://polymarket.com/zh/event/btc-updown-5m-1790536200,03:10-03:15,75.00,26.00,74.00,25.00,737.64,32.00,30.00,775.55,74.50,25.50,1.00,1.00,24494.86,16922.66,16927.66,24489.86,74,25,25,74,84775.68,84776.97,,
2026-09-28T03:10:50+08:00,btc-updown-5m-1790536200,https://polymarket.com/zh/event/btc-updown-5m-1790536200,03:10-03:15,75.00,26.00,74.00,25.00,1494.89,182.00,182.00,1487.29,74.50,25.50,1.00,1.00,24489.86,16922.66,16922.66,24589.86,74,25,25,74,84775.68,84776.97,,
2026-09-28T03:10:53+08:00,btc-updown-5m-1790536200,https://polymarket.com/zh/event/btc-updown-5m-1790536200,03:10-03:15,75.00,26.00,74.00,25.00,1346.49,1616.65,197.41,70.00,74.50,25.50,1.00,1.00,24504.86,16927.66,16907.66,24609.86,74,25,25,74,84775.68,84776.97,,
2026-09-28T03:10:55+08:00,btc-updown-5m-1790536200,https://polymarket.com/zh/event/btc-updown-5m-1790536200,03:10-03:15,71.00,30.00,70.00,29.00,244.00,1680.53,1675.53,238.00,70.50,29.50,1.00,1.00,24359.86,16481.32,16496.32,24359.86,70,29,29,70,84775.68,84776.97,,
2026-09-28T03:10:58+08:00,btc-updown-5m-1790536200,https://polymarket.com/zh/event/btc-updown-5m-1790536200,03:10-03:15,72.00,29.00,71.00,28.00,21.00,1599.70,1589.70,21.00,71.50,28.50,1.00,1.00,24009.86,16241.32,16241.32,24009.86,71,28,28,71,84775.68,84776.98,,
2026-09-28T03:11:01+08:00,btc-updown-5m-1790536200,https://polymarket.com/zh/event/btc-updown-5m-1790536200,03:10-03:15,75.00,26.00,74.00,25.00,1158.81,30.00,30.00,1211.23,74.50,25.50,1.00,1.00,23674.86,16109.32,13764.32,21424.86,74,25,25,74,84775.68,84776.97,,
2026-09-28T03:11:03+08:00,btc-updown-5m-1790536200,https://polymarket.com/zh/event/btc-updown-5m-1790536200,03:10-03:15,75.00,26.00,74.00,25.00,825.32,544.08,539.08,827.65,74.50,25.50,1.00,1.00,21186.86,13491.32,13486.32,21081.86,74,25,25,74,84775.68,84776.97,,
2026-09-28T03:11:06+08:00,btc-updown-5m-1790536200,https://polymarket.com/zh/event/btc-updown-5m-1790536200,03:10-03:15,75.00,26.00,74.00,25.00,34.33,1565.88,1575.88,34.33,74.50,25.50,1.00,1.00,21111.86,13506.32,13488.32,20993.86,74,25,25,74,84775.68,84776.97,,
2026-09-28T03:11:08+08:00,btc-updown-5m-1790536200,https://polymarket.com/zh/event/btc-updown-5m-1790536200,03:10-03:15,76.00,25.00,75.00,24.00,28.25,504.14,316.14,28.25,75.50,24.50,1.00,1.00,20993.86,13469.38,13479.38,21078.86,75,24,24,75,84775.68,84776.84,,
2026-09-28T03:11:11+08:00,btc-updown-5m-1790536200,https://polymarket.com/zh/event/btc-updown-5m-1790536200,03:10-03:15,76.00,25.00,75.00,24.00,1334.11,271.29,296.29,1347.87,75.50,24.50,1.00,1.00,20983.86,13464.38,13459.38,21178.86,75,24,24,75,84775.68,84776.84,,
2026-09-28T03:11:13+08:00,btc-updown-5m-1790536200,https://polymarket.com/zh/event/btc-updown-5m-1790536200,03:10-03:15,76.00,25.00,75.00,24.00,1201.93,821.86,561.29,1045.00,75.50,24.50,1.00,1.00,20988.86,13307.73,13297.73,21093.86,75,24,24,75,84775.68,84776.85,,
2026-09-28T03:11:16+08:00,btc-updown-5m-1790536200,https://polymarket.com/zh/event/btc-updown-5m-1790536200,03:10-03:15,77.00,24.00,76.00,23.00,240.00,1021.57,921.57,250.00,76.50,23.50,1.00,1.00,21093.86,13200.73,13200.73,21098.86,76,23,23,76,84775.68,84776.85,,
2026-09-28T03:11:19+08:00,btc-updown-5m-1790536200,https://polymarket.com/zh/event/btc-updown-5m-1790536200,03:10-03:15,81.00,19.00,80.00,18.00,15.00,891.82,646.97,10.00,80.50,18.50,1.00,1.00,21103.86,15275.28,15347.28,21203.86,80,19,18,81,84775.68,84782.22,,
2026-09-28T03:11:21+08:00,btc-updown-5m-1790536200,https://polymarket.com/zh/event/btc-updown-5m-1790536200,03:10-03:15,82.00,19.00,81.00,18.00,24.24,772.58,772.58,161.00,81.50,18.50,1.00,1.00,22898.86,15332.28,15332.28,21098.86,81,18,18,81,84775.68,84782.22,,
2026-09-28T03:11:24+08:00,btc-updown-5m-1790536200,https://polymarket.com/zh/event/btc-updown-5m-1790536200,03:10-03:15,82.00,19.00,81.00,18.00,120.35,973.00,978.27,155.35,81.50,18.50,1.00,1.00,20883.86,15515.10,15510.10,20978.86,81,18,18,81,84775.68,84782.22,,
2026-09-28T03:11:26+08:00,btc-updown-5m-1790536200,https://polymarket.com/zh/event/btc-updown-5m-1790536200,03:10-03:15,83.00,18.00,82.00,17.00,1530.21,2.77,25.00,1530.21,82.50,17.50,1.00,1.00,20973.86,15499.31,15504.31,20978.86,82,17,17,82,84775.68,84782.23,,
2026-09-28T03:11:29+08:00,btc-updown-5m-1790536200,https://polymarket.com/zh/event/btc-updown-5m-1790536200,03:10-03:15,82.00,19.00,81.00,18.00,55.00,988.93,988.93,55.00,81.50,18.50,1.00,1.00,19836.86,15589.10,15599.10,19836.86,81,18,18,81,84775.68,84782.22,,
2026-09-28T03:11:32+08:00,btc-updown-5m-1790536200,https://polymarket.com/zh/event/btc-updown-5m-1790536200,03:10-03:15,81.00,20.00,80.00,19.00,769.28,20.00,10.00,819.28,80.50,19.50,1.00,1.00,19721.86,15711.31,15716.31,19726.86,80,19,19,80,84775.68,84778.27,,
2026-09-28T03:11:34+08:00,btc-updown-5m-1790536200,https://polymarket.com/zh/event/btc-updown-5m-1790536200,03:10-03:15,81.00,20.00,80.00,19.00,77.59,256.41,381.41,465.59,80.50,19.50,1.00,1.00,19721.86,15442.10,15442.10,19721.86,80,19,19,80,84775.68,84779.64,,
2026-09-28T03:11:37+08:00,btc-updown-5m-1790536200,https://polymarket.com/zh/event/btc-updown-5m-1790536200,03:10-03:15,83.00,18.00,82.00,17.00,1276.45,10.00,65.00,1276.45,82.50,17.50,1.00,1.00,19831.86,15770.10,15775.10,19931.86,82,17,17,82,84775.68,84779.64,,
2026-09-28T03:11:39+08:00,btc-updown-5m-1790536200,https://polymarket.com/zh/event/btc-updown-5m-1790536200,03:10-03:15,83.00,18.00,82.00,17.00,972.16,127.00,87.00,836.46,82.50,17.50,1.00,1.00,20226.86,15460.10,15465.10,19821.86,82,17,17,82,84775.68,84779.64,,
2026-09-28T03:11:42+08:00,btc-updown-5m-1790536200,https://polymarket.com/zh/event/btc-updown-5m-1790536200,03:10-03:15,84.00,17.00,83.00,16.00,425.57,151.00,151.00,425.57,83.50,16.50,1.00,1.00,19831.86,14968.10,14968.10,19831.86,83,16,16,83,84775.68,84779.64,,
2026-09-28T03:11:45+08:00,btc-updown-5m-1790536200,https://polymarket.com/zh/event/btc-updown-5m-1790536200,03:10-03:15,84.00,17.00,83.00,16.00,80.00,930.00,943.57,80.00,83.50,16.50,1.00,1.00,19831.86,15284.19,15254.19,19736.86,83,16,16,83,84775.68,84779.64,,
2026-09-28T03:11:47+08:00,btc-updown-5m-1790536200,https://polymarket.com/zh/event/btc-updown-5m-1790536200,03:10-03:15,84.00,17.00,83.00,16.00,281.09,843.13,743.13,281.09,83.50,16.50,1.00,1.00,19721.86,15483.19,15483.19,19721.86,83,16,16,83,84775.68,84779.64,,
2026-09-28T03:11:50+08:00,btc-updown-5m-1790536200,https://polymarket.com/zh/event/btc-updown-5m-1790536200,03:10-03:15,84.00,17.00,83.00,16.00,15.00,736.13,736.13,15.00,83.50,16.50,1.00,1.00,19821.86,15548.19,15543.19,19736.86,83,16,16,83,84775.68,84779.65,,
2026-09-28T03:11:53+08:00,btc-updown-5m-1790536200,https://polymarket.com/zh/event/btc-updown-5m-1790536200,03:10-03:15,85.00,16.00,84.00,15.00,838.89,178.00,178.00,843.89,84.50,15.50,1.00,1.00,19821.86,15573.19,15573.19,19721.86,84,15,15,84,84775.68,84779.65,,
2026-09-28T03:11:55+08:00,btc-updown-5m-1790536200,https://polymarket.com/zh/event/btc-updown-5m-1790536200,03:10-03:15,85.00,16.00,84.00,15.00,48.39,1092.01,1192.01,48.39,84.50,15.50,1.00,1.00,19726.86,15542.31,15547.31,19821.86,84,15,15,84,84775.68,84779.65,,
2026-09-28T03:11:58+08:00,btc-updown-5m-1790536200,https://polymarket.com/zh/event/btc-updown-5m-1790536200,03:10-03:15,85.00,16.00,84.00,15.00,3.91,1083.13,1083.13,3.91,84.50,15.50,1.00,1.00,19724.86,15457.31,15457.31,19724.86,84,15,15,84,84775.68,84779.65,,
2026-09-28T03:12:00+08:00,btc-updown-5m-1790536200,https://polymarket.com/zh/event/btc-updown-5m-1790536200,03:10-03:15,86.00,15.00,85.00,14.00,1142.83,14.29,14.29,1140.83,85.50,14.50,1.00,1.00,19802.86,15552.24,15510.24,19887.86,85,14,14,85,84775.68,84779.64,,
2026-09-28T03:12:03+08:00,btc-updown-5m-1790536200,https://polymarket.com/zh/event/btc-updown-5m-1790536200,03:10-03:15,86.00,15.00,85.00,14.00,924.10,17.29,19.29,987.20,85.50,14.50,1.00,1.00,19897.86,15463.19,15458.19,19787.86,85,14,14,85,84775.68,84779.64,,
2026-09-28T03:12:06+08:00,btc-updown-5m-1790536200,https://polymarket.com/zh/event/btc-updown-5m-1790536200,03:10-03:15,86.00,15.00,85.00,14.00,1286.47,19.63,14.63,783.58,85.50,14.50,1.00,1.00,19887.86,15458.19,15458.19,19787.86,85,14,14,85,84775.68,84779.65,,
2026-09-28T03:12:08+08:00,btc-updown-5m-1790536200,https://polymarket.com/zh/event/btc-updown-5m-1790536200,03:10-03:15,86.00,15.00,85.00,14.00,520.12,18.51,13.51,575.12,85.50,14.50,1.00,1.00,19787.86,15472.31,15472.31,19787.86,85,14,14,85,84775.68,84779.65,,
2026-09-28T03:12:11+08:00,btc-updown-5m-1790536200,https://polymarket.com/zh/event/btc-updown-5m-1790536200,03:10-03:15,86.00,15.00,85.00,14.00,815.48,856.64,228.51,174.70,85.50,14.50,1.00,1.00,19787.86,15467.31,15472.31,19892.86,85,14,14,85,84775.68,84779.65,,
2026-09-28T03:12:13+08:00,btc-updown-5m-1790536200,https://polymarket.com/zh/event/btc-updown-5m-1790536200,03:10-03:15,87.00,14.00,86.00,13.00,235.00,518.19,418.19,223.00,86.50,13.50,1.00,1.00,19787.86,15487.31,15482.31,19787.86,86,13,13,86,84775.68,84779.65,,
2026-09-28T03:12:16+08:00,btc-updown-5m-1790536200,https://polymarket.com/zh/event/btc-updown-5m-1790536200,03:10-03:15,87.00,14.00,86.00,13.00,215.35,833.72,736.16,220.35,86.50,13.50,1.00,1.00,19897.86,15502.31,15502.31,19897.86,86,13,13,86,84775.68,84779.65,,
2026-09-28T03:12:19+08:00,btc-updown-5m-1790536200,https://polymarket.com/zh/event/btc-updown-5m-1790536200,03:10-03:15,87.00,13.00,86.00,12.00,219.20,286.17,838.72,243.32,86.50,12.50,1.00,1.00,19802.86,14996.30,15001.30,19902.86,86,13,12,87,84775.68,84779.64,,
2026-09-28T03:12:21+08:00,btc-updown-5m-1790536200,https://polymarket.com/zh/event/btc-updown-5m-1790536200,03:10-03:15,89.00,12.00,88.00,11.00,13.87,895.92,900.92,13.87,88.50,11.50,1.00,1.00,19797.86,15111.30,15111.30,19897.86,88,11,11,88,84775.68,84779.64,,
2026-09-28T03:12:24+08:00,btc-updown-5m-1790536200,https://polymarket.com/zh/event/btc-updown-5m-1790536200,03:10-03:15,89.00,12.00,88.00,11.00,21.62,884.02,889.02,20.49,88.50,11.50,1.00,1.00,19782.86,15436.31,15441.31,19882.86,88,11,11,88,84775.68,84779.64,,
2026-09-28T03:12:26+08:00,btc-updown-5m-1790536200,https://polymarket.com/zh/event/btc-updown-5m-1790536200,03:10-03:15,90.00,11.00,89.00,10.00,339.10,115.99,190.99,557.32,89.50,10.50,1.00,1.00,19887.96,15436.31,15436.31,19782.86,89,10,10,89,84775.68,84779.65,,
2026-09-28T03:12:29+08:00,btc-updown-5m-1790536200,https://polymarket.com/zh/event/btc-updown-5m-1790536200,03:10-03:15,90.00,11.00,89.00,10.00,401.20,145.75,140.75,401.20,89.50,10.50,1.00,1.00,19787.86,15541.31,15536.31,19882.86,89,10,10,89,84775.68,84779.64,,
2026-09-28T03:12:31+08:00,btc-updown-5m-1790536200,https://polymarket.com/zh/event/btc-updown-5m-1790536200,03:10-03:15,90.00,11.00,89.00,10.00,192.30,160.75,160.75,192.30,89.50,10.50,1.00,1.00,19782.86,15531.31,15536.31,19782.86,89,10,10,89,84775.68,84779.64,,
2026-09-28T03:12:34+08:00,btc-updown-5m-1790536200,https://polymarket.com/zh/event/btc-updown-5m-1790536200,03:10-03:15,90.00,11.00,89.00,10.00,271.18,45.00,145.00,270.06,89.50,10.50,1.00,1.00,19892.86,15531.31,15541.31,19897.86,89,10,10,89,84775.68,84779.64,,
2026-09-28T03:12:37+08:00,btc-updown-5m-1790536200,https://polymarket.com/zh/event/btc-updown-5m-1790536200,03:10-03:15,91.00,10.00,90.00,9.00,414.70,335.68,309.57,434.70,90.50,9.50,1.00,1.00,19882.86,15075.30,15080.30,19887.86,90,9,9,90,84775.68,84779.64,,
2026-09-28T03:12:39+08:00,btc-updown-5m-1790536200,https://polymarket.com/zh/event/btc-updown-5m-1790536200,03:10-03:15,91.00,10.00,90.00,9.00,709.33,21.11,21.11,533.18,90.50,9.50,1.00,1.00,19797.86,14987.30,14987.30,19892.86,90,9,9,90,84775.68,84779.64,,
2026-09-28T03:12:42+08:00,btc-updown-5m-1790536200,https://polymarket.com/zh/event/btc-updown-5m-1790536200,03:10-03:15,91.00,10.00,90.00,9.00,518.89,11.11,11.11,518.89,90.50,9.50,1.00,1.00,19782.86,14987.30,14997.30,19792.86,90,9,9,90,84775.68,84779.64,,
2026-09-28T03:12:44+08:00,btc-updown-5m-1790536200,https://polymarket.com/zh/event/btc-updown-5m-1790536200,03:10-03:15,90.00,11.00,89.00,10.00,77.76,827.32,834.32,77.76,89.50,10.50,1.00,1.00,19797.86,15032.30,15032.30,19897.86,89,10,10,89,84775.68,84779.64,,
2026-09-28T03:12:47+08:00,btc-updown-5m-1790536200,https://polymarket.com/zh/event/btc-updown-5m-1790536200,03:10-03:15,90.00,11.00,89.00,10.00,76.64,1058.20,1058.20,76.64,89.50,10.50,1.00,1.00,19782.86,15243.30,15238.30,19782.86,89,10,10,89,84775.68,84779.65,,
2026-09-28T03:12:49+08:00,btc-updown-5m-1790536200,https://polymarket.com/zh/event/btc-updown-5m-1790536200,03:10-03:15,96.00,5.00,95.00,4.00,347.00,1052.85,1692.21,347.00,95.50,4.50,1.00,1.00,19759.86,8601.80,8664.80,19859.86,95,4,4,95,84775.68,84787.28,,
2026-09-28T03:12:52+08:00,btc-updown-5m-1790536200,https://polymarket.com/zh/event/btc-updown-5m-1790536200,03:10-03:15,96.00,5.00,95.00,4.00,238.45,1003.22,926.75,50.95,95.50,4.50,1.00,1.00,19774.86,8023.10,7825.60,19874.86,95,4,4,95,84775.68,84795.43,,
2026-09-28T03:12:54+08:00,btc-updown-5m-1790536200,https://polymarket.com/zh/event/btc-updown-5m-1790536200,03:10-03:15,97.00,4.00,96.00,3.00,569.58,1055.49,387.36,355.28,96.50,3.50,1.00,1.00,19879.86,8035.49,5859.19,19774.86,96,3,3,96,84775.68,84795.43,,
2026-09-28T03:12:57+08:00,btc-updown-5m-1790536200,https://polymarket.com/zh/event/btc-updown-5m-1790536200,03:10-03:15,98.00,3.00,97.00,2.00,3196.35,354.65,354.65,3401.19,97.50,2.50,1.00,1.00,19729.69,7145.13,7850.97,19822.45,97,2,2,97,84775.68,84795.43,,
2026-09-28T03:13:00+08:00,btc-updown-5m-1790536200,https://polymarket.com/zh/event/btc-updown-5m-1790536200,03:10-03:15,98.00,3.00,97.00,2.00,3386.82,323.38,323.38,3375.68,97.50,2.50,1.00,1.00,19807.45,7846.60,7840.46,19807.45,97,2,2,97,84775.68,84795.44,,
2026-09-28T03:13:02+08:00,btc-updown-5m-1790536200,https://polymarket.com/zh/event/btc-updown-5m-1790536200,03:10-03:15,98.00,3.00,97.00,2.00,614.78,303.05,303.05,594.78,97.50,2.50,1.00,1.00,19692.45,7689.56,7669.56,19777.45,97,2,2,97,84775.68,84795.44,,
2026-09-28T03:13:05+08:00,btc-updown-5m-1790536200,https://polymarket.com/zh/event/btc-updown-5m-1790536200,03:10-03:15,97.00,4.00,96.00,3.00,451.03,70.00,70.00,420.25,96.50,3.50,1.00,1.00,19777.45,8167.95,8142.17,19777.45,96,3,3,96,84775.68,84795.43,,
2026-09-28T03:13:07+08:00,btc-updown-5m-1790536200,https://polymarket.com/zh/event/btc-updown-5m-1790536200,03:10-03:15,97.00,4.00,96.00,3.00,419.21,161.00,161.00,419.21,96.50,3.50,1.00,1.00,19682.45,8010.44,8015.44,19682.45,96,3,3,96,84775.68,84795.43,,
2026-09-28T03:13:10+08:00,btc-updown-5m-1790536200,https://polymarket.com/zh/event/btc-updown-5m-1790536200,03:10-03:15,98.00,3.00,97.00,2.00,797.42,237.24,250.24,797.42,97.50,2.50,1.00,1.00,19682.45,7567.20,7367.20,19777.45,97,2,2,97,84775.68,84795.44,,
2026-09-28T03:13:12+08:00,btc-updown-5m-1790536200,https://polymarket.com/zh/event/btc-updown-5m-1790536200,03:10-03:15,98.00,3.00,97.00,2.00,620.19,216.03,216.03,614.05,97.50,2.50,1.00,1.00,19677.45,6888.97,6877.83,19777.45,97,2,2,97,84775.68,84795.43,,
2026-09-28T03:13:15+08:00,btc-updown-5m-1790536200,https://polymarket.com/zh/event/btc-updown-5m-1790536200,03:10-03:15,98.00,3.00,97.00,2.00,605.87,209.03,209.03,605.87,97.50,2.50,1.00,1.00,19777.45,6862.65,6862.65,19677.45,97,2,2,97,84775.68,84795.44,,
2026-09-28T03:13:18+08:00,btc-updown-5m-1790536200,https://polymarket.com/zh/event/btc-updown-5m-1790536200,03:10-03:15,98.00,3.00,97.00,2.00,476.23,272.24,247.24,350.23,97.50,2.50,1.00,1.00,19777.45,6728.01,6414.01,19677.45,97,2,2,97,84775.68,84795.43,,
2026-09-28T03:13:20+08:00,btc-updown-5m-1790536200,https://polymarket.com/zh/event/btc-updown-5m-1790536200,03:10-03:15,99.00,2.00,98.00,1.00,6882.51,310.19,326.29,6743.13,98.50,1.50,1.00,1.00,19782.45,6882.51,6743.13,19687.45,98,1,1,98,84775.68,84795.43,,
2026-09-28T03:13:23+08:00,btc-updown-5m-1790536200,https://polymarket.com/zh/event/btc-updown-5m-1790536200,03:10-03:15,99.00,2.00,98.00,1.00,5408.77,28.02,28.02,6064.54,98.50,1.50,1.00,1.00,19661.47,5408.77,6064.54,19761.47,98,1,1,98,84775.68,84795.44,,
2026-09-28T03:13:25+08:00,btc-updown-5m-1790536200,https://polymarket.com/zh/event/btc-updown-5m-1790536200,03:10-03:15,99.00,2.00,98.00,1.00,5168.74,30.00,30.00,5168.74,98.50,1.50,1.00,1.00,19771.47,5168.74,5168.74,19671.47,98,1,1,98,84775.68,84795.43,,
2026-09-28T03:13:28+08:00,btc-updown-5m-1790536200,https://polymarket.com/zh/event/btc-updown-5m-1790536200,03:10-03:15,99.00,2.00,98.00,1.00,5156.97,42.00,42.00,5170.31,98.50,1.50,1.00,1.00,19692.45,5156.97,5170.31,19697.45,98,1,1,98,84775.68,84795.43,,
2026-09-28T03:13:30+08:00,btc-updown-5m-1790536200,https://polymarket.com/zh/event/btc-updown-5m-1790536200,03:10-03:15,99.00,2.00,98.00,1.00,4954.30,47.00,47.00,4954.30,98.50,1.50,1.00,1.00,19892.45,4954.30,4954.30,19782.45,98,1,1,98,84775.68,84795.44,,
2026-09-28T03:13:33+08:00,btc-updown-5m-1790536200,https://polymarket.com/zh/event/btc-updown-5m-1790536200,03:10-03:15,99.00,2.00,98.00,1.00,4818.35,1065.00,1052.00,4813.35,98.50,1.50,1.00,1.00,19672.45,4818.35,4813.35,19667.45,98,1,1,98,84775.68,84795.43,,
2026-09-28T03:13:35+08:00,btc-updown-5m-1790536200,https://polymarket.com/zh/event/btc-updown-5m-1790536200,03:10-03:15,99.00,2.00,98.00,1.00,4319.54,1200.00,1195.00,4284.54,98.50,1.50,1.00,1.00,19646.47,4319.54,4284.54,19751.47,98,1,1,98,84775.68,84795.44,,
2026-09-28T03:13:38+08:00,btc-updown-5m-1790536200,https://polymarket.com/zh/event/btc-updown-5m-1790536200,03:10-03:15,99.00,2.00,98.00,1.00,2305.48,1185.00,1160.00,2280.48,98.50,1.50,1.00,1.00,19687.45,2305.48,2280.48,19777.45,98,1,1,98,84775.68,84795.44,,
2026-09-28T03:13:41+08:00,btc-updown-5m-1790536200,https://polymarket.com/zh/event/btc-updown-5m-1790536200,03:10-03:15,,1.00,99.00,,,3306.98,3307.93,,,,,,19667.45,,,19667.45,99,0,0,99,84775.68,84795.44,,
2026-09-28T03:13:43+08:00,btc-updown-5m-1790536200,https://polymarket.com/zh/event/btc-updown-5m-1790536200,03:10-03:15,,1.00,99.00,,,3263.98,3236.98,,,,,,19667.45,,,19667.45,99,0,0,99,84775.68,84795.44,,
2026-09-28T03:13:46+08:00,btc-updown-5m-1790536200,https://polymarket.com/zh/event/btc-updown-5m-1790536200,03:10-03:15,,1.00,99.00,,,3014.20,3045.88,,,,,,19667.45,,,19677.45,99,0,0,99,84775.68,84795.44,,
2026-09-28T03:13:48+08:00,btc-updown-5m-1790536200,https://polymarket.com/zh/event/btc-updown-5m-1790536200,03:10-03:15,,1.00,99.00,,,3039.20,3039.20,,,,,,19662.45,,,19662.45,99,0,0,99,84775.68,84795.43,,
2026-09-28T03:13:51+08:00,btc-updown-5m-1790536200,https://polymarket.com/zh/event/btc-updown-5m-1790536200,03:10-03:15,,1.00,99.00,,,3244.20,3239.15,,,,,,19555.45,,,19545.45,99,0,0,99,84775.68,84795.43,,
2026-09-28T03:13:54+08:00,btc-updown-5m-1790536200,https://polymarket.com/zh/event/btc-updown-5m-1790536200,03:10-03:15,,1.00,99.00,,,3239.15,3239.15,,,,,,19550.45,,,19550.45,99,0,0,99,84775.68,84795.43,,
2026-09-28T03:13:56+08:00,btc-updown-5m-1790536200,https://polymarket.com/zh/event/btc-updown-5m-1790536200,03:10-03:15,,1.00,99.00,,,3170.79,3175.84,,,,,,11833.41,,,11833.41,99,0,0,99,84775.68,84795.44,,
2026-09-28T03:13:59+08:00,btc-updown-5m-1790536200,https://polymarket.com/zh/event/btc-updown-5m-1790536200,03:10-03:15,,1.00,99.00,,,4185.84,4185.84,,,,,,11502.41,,,11502.41,99,0,0,99,84775.68,84795.44,,
2026-09-28T03:14:02+08:00,btc-updown-5m-1790536200,https://polymarket.com/zh/event/btc-updown-5m-1790536200,03:10-03:15,,1.00,99.00,,,9250.06,9250.06,,,,,,11461.43,,,11476.43,99,0,0,99,84775.68,84795.43,,
2026-09-28T03:14:04+08:00,btc-updown-5m-1790536200,https://polymarket.com/zh/event/btc-updown-5m-1790536200,03:10-03:15,,1.00,99.00,,,11297.16,11297.16,,,,,,11461.43,,,11461.43,99,0,0,99,84775.68,84795.44,,
2026-09-28T03:14:07+08:00,btc-updown-5m-1790536200,https://polymarket.com/zh/event/btc-updown-5m-1790536200,03:10-03:15,,1.00,99.00,,,9551.15,11546.16,,,,,,11471.43,,,11471.43,99,0,0,99,84775.68,84795.44,,
2026-09-28T03:14:09+08:00,btc-updown-5m-1790536200,https://polymarket.com/zh/event/btc-updown-5m-1790536200,03:10-03:15,,1.00,99.00,,,9577.10,9582.15,,,,,,11466.43,,,11466.43,99,0,0,99,84775.68,84795.43,,
2026-09-28T03:14:12+08:00,btc-updown-5m-1790536200,https://polymarket.com/zh/event/btc-updown-5m-1790536200,03:10-03:15,,1.00,99.00,,,16343.15,10323.15,,,,,,11466.43,,,11461.43,99,0,0,99,84775.68,84795.43,,
2026-09-28T03:14:14+08:00,btc-updown-5m-1790536200,https://polymarket.com/zh/event/btc-updown-5m-1790536200,03:10-03:15,,1.00,99.00,,,23185.39,23185.39,,,,,,11461.43,,,11461.43,99,0,0,99,84775.68,84795.43,,
2026-09-28T03:14:17+08:00,btc-updown-5m-1790536200,https://polymarket.com/zh/event/btc-updown-5m-1790536200,03:10-03:15,,1.00,99.00,,,27135.49,27025.39,,,,,,11466.43,,,11466.43,99,0,0,99,84775.68,84795.43,,
2026-09-28T03:14:20+08:00,btc-updown-5m-1790536200,https://polymarket.com/zh/event/btc-updown-5m-1790536200,03:10-03:15,,1.00,99.00,,,27181.59,27181.59,,,,,,11461.43,,,11466.43,99,0,0,99,84775.68,84795.43,,
2026-09-28T03:14:22+08:00,btc-updown-5m-1790536200,https://polymarket.com/zh/event/btc-updown-5m-1790536200,03:10-03:15,,1.00,99.00,,,30711.59,30706.59,,,,,,11461.43,,,11461.43,99,0,0,99,84775.68,84795.44,,
2026-09-28T03:14:25+08:00,btc-updown-5m-1790536200,https://polymarket.com/zh/event/btc-updown-5m-1790536200,03:10-03:15,,1.00,99.00,,,32711.60,32711.60,,,,,,11466.43,,,11461.43,99,0,0,99,84775.68,84795.43,,
2026-09-28T03:14:27+08:00,btc-updown-5m-1790536200,https://polymarket.com/zh/event/btc-updown-5m-1790536200,03:10-03:15,,1.00,99.00,,,33180.60,33180.60,,,,,,11466.53,,,11466.53,99,0,0,99,84775.68,84795.43,,
2026-09-28T03:14:30+08:00,btc-updown-5m-1790536200,https://polymarket.com/zh/event/btc-updown-5m-1790536200,03:10-03:15,,1.00,99.00,,,43080.60,41065.60,,,,,,11461.43,,,11461.43,99,0,0,99,84775.68,84795.43,,
2026-09-28T03:14:32+08:00,btc-updown-5m-1790536200,https://polymarket.com/zh/event/btc-updown-5m-1790536200,03:10-03:15,,1.00,99.00,,,41970.33,41970.33,,,,,,11496.43,,,11496.43,99,0,0,99,84775.68,84781.22,,
2026-09-28T03:14:35+08:00,btc-updown-5m-1790536200,https://polymarket.com/zh/event/btc-updown-5m-1790536200,03:10-03:15,,1.00,99.00,,,61420.28,61415.23,,,,,,11496.43,,,11496.43,99,0,0,99,84775.68,84780.46,,
2026-09-28T03:14:37+08:00,btc-updown-5m-1790536200,https://polymarket.com/zh/event/btc-updown-5m-1790536200,03:10-03:15,,1.00,99.00,,,61340.33,61340.33,,,,,,11496.43,,,11496.43,99,0,0,99,84775.68,84780.47,,
2026-09-28T03:14:40+08:00,btc-updown-5m-1790536200,https://polymarket.com/zh/event/btc-updown-5m-1790536200,03:10-03:15,,1.00,99.00,,,61365.33,61365.33,,,,,,11501.43,,,11506.43,99,0,0,99,84775.68,84780.46,,
2026-09-28T03:14:42+08:00,btc-updown-5m-1790536200,https://polymarket.com/zh/event/btc-updown-5m-1790536200,03:10-03:15,,1.00,99.00,,,62067.35,62067.35,,,,,,11501.43,,,11511.43,99,0,0,99,84775.68,84780.47,,
2026-09-28T03:14:45+08:00,btc-updown-5m-1790536200,https://polymarket.com/zh/event/btc-updown-5m-1790536200,03:10-03:15,,1.00,99.00,,,63126.78,63121.73,,,,,,11501.43,,,11501.43,99,0,0,99,84775.68,84780.46,,
2026-09-28T03:14:47+08:00,btc-updown-5m-1790536200,https://polymarket.com/zh/event/btc-updown-5m-1790536200,03:10-03:15,,1.00,99.00,,,62801.73,62801.73,,,,,,11501.43,,,11501.43,99,0,0,99,84775.68,84779.64,,
2026-09-28T03:14:50+08:00,btc-updown-5m-1790536200,https://polymarket.com/zh/event/btc-updown-5m-1790536200,03:10-03:15,,1.00,99.00,,,54490.73,54495.73,,,,,,11401.43,,,11401.43,99,0,0,99,84775.68,84779.65,,
2026-09-28T03:14:52+08:00,btc-updown-5m-1790536200,https://polymarket.com/zh/event/btc-updown-5m-1790536200,03:10-03:15,,1.00,99.00,,,55570.73,55490.73,,,,,,11371.43,,,11376.43,99,0,0,99,84775.68,84779.65,,
2026-09-28T03:14:55+08:00,btc-updown-5m-1790536200,https://polymarket.com/zh/event/btc-updown-5m-1790536200,03:10-03:15,,1.00,99.00,,,65805.63,65805.63,,,,,,11386.43,,,11386.43,99,0,0,99,84775.68,84775.00,,
2026-09-28T03:14:58+08:00,btc-updown-5m-1790536200,https://polymarket.com/zh/event/btc-updown-5m-1790536200,03:10-03:15,,1.00,99.00,,,65532.96,65532.96,,,,,,3256.43,,,3256.43,80,0,0,79,84775.68,84775.01,,
2026-09-28T03:15:01+08:00,btc-updown-5m-1790536500,https://polymarket.com/zh/event/btc-updown-5m-1790536500,03:15-03:20,38.00,64.00,37.00,63.00,61.60,38.00,5.00,17.00,37.50,63.50,1.00,1.00,24587.69,30577.90,30482.90,24597.69,37,62,63,36,84775.00,84775.01,,
2026-09-28T03:15:03+08:00,btc-updown-5m-1790536500,https://polymarket.com/zh/event/btc-updown-5m-1790536500,03:15-03:20,38.00,63.00,37.00,62.00,47.00,1420.67,321.67,52.00,37.50,62.50,1.00,1.00,24411.41,30376.62,30436.62,24421.41,37,62,62,37,84775.00,84775.00,,
2026-09-28T03:15:06+08:00,btc-updown-5m-1790536500,https://polymarket.com/zh/event/btc-updown-5m-1790536500,03:15-03:20,38.00,63.00,37.00,62.00,100.70,50.00,50.00,100.70,37.50,62.50,1.00,1.00,25213.41,31881.62,31881.62,25213.41,37,62,62,37,84775.00,84775.01,,
2026-09-28T03:15:09+08:00,btc-updown-5m-1790536500,https://polymarket.com/zh/event/btc-updown-5m-1790536500,03:15-03:20,37.00,64.00,36.00,63.00,17.83,1517.91,1517.91,17.83,36.50,63.50,1.00,1.00,23213.41,31951.62,31951.62,23213.41,36,63,63,36,84775.00,84775.00,,
2026-09-28T03:15:11+08:00,btc-updown-5m-1790536500,https://polymarket.com/zh/event/btc-updown-5m-1790536500,03:15-03:20,58.00,44.00,57.00,43.00,25.00,136.84,50.00,173.28,57.50,43.50,1.00,1.00,24041.41,25275.37,28760.37,24026.41,55,42,43,54,84775.00,84781.49,,
2026-09-28T03:15:14+08:00,btc-updown-5m-1790536500,https://polymarket.com/zh/event/btc-updown-5m-1790536500,03:15-03:20,53.00,48.00,52.00,47.00,28.50,445.60,344.60,6.00,52.50,47.50,1.00,1.00,25340.41,29784.37,29769.37,25230.41,52,47,47,52,84775.00,84786.23,,
2026-09-28T03:15:16+08:00,btc-updown-5m-1790536500,https://polymarket.com/zh/event/btc-updown-5m-1790536500,03:15-03:20,54.00,47.00,53.00,46.00,22.00,93.00,291.51,1246.02,53.50,46.50,1.00,1.00,25732.70,30071.36,30086.36,25932.40,53,46,46,53,84775.00,84786.24,,
2026-09-28T03:15:19+08:00,btc-updown-5m-1790536500,https://polymarket.com/zh/event/btc-updown-5m-1790536500,03:15-03:20,52.00,49.00,51.00,48.00,246.60,20.00,30.23,447.56,51.50,48.50,1.00,1.00,25542.40,29351.36,29336.36,25532.40,51,48,48,51,84775.00,84786.23,,
2026-09-28T03:15:21+08:00,btc-updown-5m-1790536500,https://polymarket.com/zh/event/btc-updown-5m-1790536500,03:15-03:20,53.00,48.00,52.00,47.00,542.01,30.38,25.38,529.51,52.50,47.50,1.00,1.00,24302.40,28111.36,28126.36,24207.40,52,47,47,52,84775.00,84786.23,,
2026-09-28T03:15:24+08:00,btc-updown-5m-1790536500,https://polymarket.com/zh/event/btc-updown-5m-1790536500,03:15-03:20,54.00,47.00,53.00,46.00,17.00,344.95,392.82,29.50,53.50,46.50,1.00,1.00,23962.40,27826.36,27886.36,24062.40,53,46,46,53,84775.00,84786.23,,
2026-09-28T03:15:27+08:00,btc-updown-5m-1790536500,https://polymarket.com/zh/event/btc-updown-5m-1790536500,03:15-03:20,51.00,48.00,50.00,47.00,10.00,52.96,658.51,129.00,50.50,47.50,1.00,1.00,23567.40,27386.36,27381.36,23457.40,50,48,47,52,84775.00,84786.23,,
2026-09-28T03:15:29+08:00,btc-updown-5m-1790536500,https://polymarket.com/zh/event/btc-updown-5m-1790536500,03:15-03:20,52.00,46.00,51.00,45.00,5.00,574.70,1599.82,10.00,51.50,45.50,1.00,1.00,24177.40,23281.36,22771.36,24092.40,51,47,45,54,84775.00,84786.23,,
2026-09-28T03:15:32+08:00,btc-updown-5m-1790536500,https://polymarket.com/zh/event/btc-updown-5m-1790536500,03:15-03:20,68.00,33.00,67.00,32.00,345.05,107.00,88.00,300.67,67.50,32.50,1.00,1.00,26357.40,17931.36,17854.36,25907.40,66,32,32,67,84775.00,84796.80,,
2026-09-28T03:15:34+08:00,btc-updown-5m-1790536500,https://polymarket.com/zh/event/btc-updown-5m-1790536500,03:15-03:20,67.00,34.00,66.00,33.00,1488.15,95.95,27.95,1463.15,66.50,33.50,1.00,1.00,25332.40,17491.36,17506.36,25337.40,66,33,33,66,84775.00,84802.44,,
2026-09-28T03:15:37+08:00,btc-updown-5m-1790536500,https://polymarket.com/zh/event/btc-updown-5m-1790536500,03:15-03:20,66.00,35.00,65.00,34.00,70.00,120.81,70.81,63.00,65.50,34.50,1.00,1.00,25397.40,17451.36,17461.36,25302.40,65,34,34,65,84775.00,84802.44,,
2026-09-28T03:15:40+08:00,btc-updown-5m-1790536500,https://polymarket.com/zh/event/btc-updown-5m-1790536500,03:15-03:20,67.00,34.00,66.00,33.00,189.00,470.67,480.67,189.00,66.50,33.50,1.00,1.00,25402.40,17461.36,17461.36,25497.40,66,33,33,66,84775.00,84802.44,,
2026-09-28T03:15:42+08:00,btc-updown-5m-1790536500,https://polymarket.com/zh/event/btc-updown-5m-1790536500,03:15-03:20,67.00,33.00,66.00,32.00,12.00,269.60,1354.50,52.50,66.50,32.50,1.00,1.00,25397.40,17451.36,17451.36,25302.40,66,33,32,67,84775.00,84802.44,,
2026-09-28T03:15:45+08:00,btc-updown-5m-1790536500,https://polymarket.com/zh/event/btc-updown-5m-1790536500,03:15-03:20,67.00,34.00,66.00,33.00,563.48,85.34,85.34,602.48,66.50,33.50,1.00,1.00,25302.40,17456.36,17476.36,25412.40,66,33,33,66,84775.00,84802.44,,
2026-09-28T03:15:47+08:00,btc-updown-5m-1790536500,https://polymarket.com/zh/event/btc-updown-5m-1790536500,03:15-03:20,67.00,34.00,66.00,33.00,1306.94,118.84,118.84,1295.35,66.50,33.50,1.00,1.00,25397.40,17456.36,17456.36,25402.40,66,33,33,66,84775.00,84802.44,,
2026-09-28T03:15:50+08:00,btc-updown-5m-1790536500,https://polymarket.com/zh/event/btc-updown-5m-1790536500,03:15-03:20,67.00,34.00,66.00,33.00,1317.82,1338.21,108.10,62.36,66.50,33.50,1.00,1.00,25407.40,17481.36,17461.36,25302.40,66,33,33,66,84775.00,84803.39,,
2026-09-28T03:15:53+08:00,btc-updown-5m-1790536500,https://polymarket.com/zh/event/btc-updown-5m-1790536500,03:15-03:20,68.00,29.00,67.00,28.00,253.00,88.00,70.50,31.00,67.50,28.50,1.00,1.00,25307.40,17284.36,17022.36,25397.40,67,32,28,71,84775.00,84803.40,,
2026-09-28T03:15:55+08:00,btc-updown-5m-1790536500,https://polymarket.com/zh/event/btc-updown-5m-1790536500,03:15-03:20,72.00,29.00,71.00,28.00,1157.24,15.00,30.00,1167.24,71.50,28.50,1.00,1.00,25012.40,16782.36,16792.36,25112.40,71,28,28,71,84775.00,84803.39,,
2026-09-28T03:15:58+08:00,btc-updown-5m-1790536500,https://polymarket.com/zh/event/btc-updown-5m-1790536500,03:15-03:20,72.00,29.00,71.00,28.00,95.00,453.50,518.50,117.00,71.50,28.50,1.00,1.00,24877.40,16542.36,16542.36,24872.40,71,28,28,71,84775.00,84803.39,,
2026-09-28T03:16:01+08:00,btc-updown-5m-1790536500,https://polymarket.com/zh/event/btc-updown-5m-1790536500,03:15-03:20,75.00,26.00,74.00,25.00,1648.29,33.51,25.00,1648.29,74.50,25.50,1.00,1.00,24422.40,16272.36,13927.36,22172.40,74,25,25,74,84775.00,84803.39,,
2026-09-28T03:16:03+08:00,btc-updown-5m-1790536500,https://polymarket.com/zh/event/btc-updown-5m-1790536500,03:15-03:20,75.00,26.00,74.00,25.00,144.18,15.00,15.00,395.65,74.50,25.50,1.00,1.00,21474.40,13657.36,13639.36,21551.40,74,25,25,74,84775.00,84803.39,,
2026-09-28T03:16:06+08:00,btc-updown-5m-1790536500,https://polymarket.com/zh/event/btc-updown-5m-1790536500,03:15-03:20,74.00,26.00,73.00,25.00,121.08,344.60,1298.98,10.47,73.50,25.50,1.00,1.00,21288.40,13471.36,13471.36,21278.40,73,26,25,74,84775.00,84803.39,,
2026-09-28T03:16:09+08:00,btc-updown-5m-1790536500,https://polymarket.com/zh/event/btc-updown-5m-1790536500,03:15-03:20,75.00,26.00,74.00,25.00,57.50,39.04,74.11,40.16,74.50,25.50,1.00,1.00,21298.40,13183.36,13188.36,21398.40,74,25,25,74,84775.00,84803.39,,
2026-09-28T03:16:11+08:00,btc-updown-5m-1790536500,https://polymarket.com/zh/event/btc-updown-5m-1790536500,03:15-03:20,75.00,25.00,74.00,24.00,20.00,234.00,217.23,1202.00,74.50,24.50,1.00,1.00,21398.40,13066.36,13066.36,21293.40,74,25,24,75,84775.00,84803.40,,
2026-09-28T03:16:14+08:00,btc-updown-5m-1790536500,https://polymarket.com/zh/event/btc-updown-5m-1790536500,03:15-03:20,76.00,27.00,75.00,26.00,95.00,35.00,6.00,191.45,75.50,26.50,1.00,1.00,20871.40,13295.36,13275.36,20871.40,75,24,26,73,84775.00,84803.40,,
2026-09-28T03:16:16+08:00,btc-updown-5m-1790536500,https://polymarket.com/zh/event/btc-updown-5m-1790536500,03:15-03:20,76.00,25.00,75.00,24.00,212.17,82.00,47.00,212.17,75.50,24.50,1.00,1.00,21378.40,13889.36,13904.36,21283.40,75,24,24,75,84775.00,84803.39,,
2026-09-28T03:16:19+08:00,btc-updown-5m-1790536500,https://polymarket.com/zh/event/btc-updown-5m-1790536500,03:15-03:20,77.00,24.00,76.00,23.00,394.23,155.67,153.63,594.23,76.50,23.50,1.00,1.00,21283.40,13768.36,13763.36,21383.40,76,23,23,76,84775.00,84803.39,,
2026-09-28T03:16:22+08:00,btc-updown-5m-1790536500,https://polymarket.com/zh/event/btc-updown-5m-1790536500,03:15-03:20,81.00,20.00,80.00,19.00,532.71,151.03,151.33,239.89,80.50,19.50,1.00,1.00,20388.92,13190.36,13190.36,20483.92,80,19,19,80,84775.00,84808.99,,
2026-09-28T03:16:24+08:00,btc-updown-5m-1790536500,https://polymarket.com/zh/event/btc-updown-5m-1790536500,03:15-03:20,79.00,21.00,78.00,20.00,10.00,189.83,343.59,463.14,78.50,20.50,1.00,1.00,20346.92,13230.36,13230.36,20642.92,78,21,20,79,84775.00,84808.99,,
2026-09-28T03:16:27+08:00,btc-updown-5m-1790536500,https://polymarket.com/zh/event/btc-updown-5m-1790536500,03:15-03:20,79.00,23.00,78.00,22.00,560.37,11.47,20.00,154.00,78.50,22.50,1.00,1.00,20473.92,13722.36,13727.36,20373.92,78,21,22,77,84775.00,84809.14,,
2026-09-28T03:16:29+08:00,btc-updown-5m-1790536500,https://polymarket.com/zh/event/btc-updown-5m-1790536500,03:15-03:20,81.00,20.00,80.00,19.00,1456.89,154.00,149.00,1456.89,80.50,19.50,1.00,1.00,20273.92,13247.36,13247.36,20151.92,80,19,19,80,84775.00,84809.13,,
2026-09-28T03:16:32+08:00,btc-updown-5m-1790536500,https://polymarket.com/zh/event/btc-updown-5m-1790536500,03:15-03:20,78.00,24.00,77.00,23.00,415.17,10.00,175.35,197.70,77.50,23.50,1.00,1.00,21206.92,13579.36,13587.36,21311.92,77,22,23,76,84775.00,84809.13,,
2026-09-28T03:16:34+08:00,btc-updown-5m-1790536500,https://polymarket.com/zh/event/btc-updown-5m-1790536500,03:15-03:20,79.00,22.00,78.00,21.00,226.73,286.10,296.10,226.73,78.50,21.50,1.00,1.00,21201.92,13080.36,13095.36,21196.92,78,21,21,78,84775.00,84809.13,,
2026-09-28T03:16:37+08:00,btc-updown-5m-1790536500,https://polymarket.com/zh/event/btc-updown-5m-1790536500,03:15-03:20,78.00,23.00,77.00,22.00,405.79,94.12,120.00,405.79,77.50,22.50,1.00,1.00,21311.92,13090.36,13070.36,21211.92,77,22,22,77,84775.00,84809.13,,
2026-09-28T03:16:40+08:00,btc-updown-5m-1790536500,https://polymarket.com/zh/event/btc-updown-5m-1790536500,03:15-03:20,78.00,23.00,77.00,22.00,335.17,133.95,133.95,285.17,77.50,22.50,1.00,1.00,21296.92,13085.36,13080.36,21311.92,77,22,22,77,84775.00,84809.14,,
2026-09-28T03:16:42+08:00,btc-updown-5m-1790536500,https://polymarket.com/zh/event/btc-updown-5m-1790536500,03:15-03:20,79.00,22.00,78.00,21.00,35.40,466.60,466.60,35.40,78.50,21.50,1.00,1.00,21206.92,13085.36,13085.36,21206.92,78,21,21,78,84775.00,84809.13,,
2026-09-28T03:16:45+08:00,btc-updown-5m-1790536500,https://polymarket.com/zh/event/btc-updown-5m-1790536500,03:15-03:20,80.00,21.00,79.00,20.00,10.00,589.51,471.64,10.00,79.50,20.50,1.00,1.00,21196.92,13105.36,13110.36,21201.92,79,20,20,79,84775.00,84809.13,,
2026-09-28T03:16:47+08:00,btc-updown-5m-1790536500,https://polymarket.com/zh/event/btc-updown-5m-1790536500,03:15-03:20,81.00,20.00,80.00,19.00,201.31,355.13,207.22,201.31,80.50,19.50,1.00,1.00,20251.92,13090.36,13090.36,20256.92,80,19,19,80,84775.00,84809.14,,
2026-09-28T03:16:50+08:00,btc-updown-5m-1790536500,https://polymarket.com/zh/event/btc-updown-5m-1790536500,03:15-03:20,81.00,20.00,80.00,19.00,142.21,289.66,231.66,142.21,80.50,19.50,1.00,1.00,21296.92,14340.36,14335.36,21196.92,80,19,19,80,84775.00,84809.14,,
2026-09-28T03:16:52+08:00,btc-updown-5m-1790536500,https://polymarket.com/zh/event/btc-updown-5m-1790536500,03:15-03:20,82.00,19.00,81.00,18.00,315.60,416.28,452.24,198.00,81.50,18.50,1.00,1.00,21311.92,14755.36,15630.36,21211.92,81,18,18,81,84775.00,84809.13,,
2026-09-28T03:16:55+08:00,btc-updown-5m-1790536500,https://polymarket.com/zh/event/btc-updown-5m-1790536500,03:15-03:20,83.00,18.00,82.00,17.00,1393.74,5.00,112.00,1954.28,82.50,17.50,1.00,1.00,20704.92,15365.36,15365.36,20557.92,82,17,17,82,84775.00,84809.14,,
2026-09-28T03:16:58+08:00,btc-updown-5m-1790536500,https://polymarket.com/zh/event/btc-updown-5m-1790536500,03:15-03:20,83.00,18.00,82.00,17.00,1944.28,4.99,4.99,1925.89,82.50,17.50,1.00,1.00,20481.92,15405.36,15405.36,20460.92,82,17,17,82,84775.00,84809.13,,
2026-09-28T03:17:00+08:00,btc-updown-5m-1790536500,https://polymarket.com/zh/event/btc-updown-5m-1790536500,03:15-03:20,89.00,12.00,88.00,11.00,46.60,1006.95,894.03,111.92,88.50,11.50,1.00,1.00,20320.92,16025.36,16097.36,20125.92,88,11,11,88,84775.00,84811.26,,
2026-09-28T03:17:03+08:00,btc-updown-5m-1790536500,https://polymarket.com/zh/event/btc-updown-5m-1790536500,03:15-03:20,90.00,11.00,89.00,10.00,245.16,383.15,388.15,220.16,89.50,10.50,1.00,1.00,20205.92,15673.84,15678.84,20105.92,89,10,10,89,84775.00,84815.35,,
2026-09-28T03:17:05+08:00,btc-updown-5m-1790536500,https://polymarket.com/zh/event/btc-updown-5m-1790536500,03:15-03:20,90.00,11.00,89.00,10.00,214.11,994.58,975.88,205.89,89.50,10.50,1.00,1.00,20220.92,15673.84,15673.84,20205.92,89,10,10,89,84775.00,84815.35,,
2026-09-28T03:17:08+08:00,btc-updown-5m-1790536500,https://polymarket.com/zh/event/btc-updown-5m-1790536500,03:15-03:20,90.00,11.00,89.00,10.00,51.20,846.61,912.75,179.98,89.50,10.50,1.00,1.00,20215.92,16155.84,16155.84,20205.92,89,10,10,89,84775.00,84817.53,,
2026-09-28T03:17:10+08:00,btc-updown-5m-1790536500,https://polymarket.com/zh/event/btc-updown-5m-1790536500,03:15-03:20,91.00,10.00,90.00,9.00,354.19,602.16,595.92,344.19,90.50,9.50,1.00,1.00,20205.92,16333.84,16333.84,20110.92,90,9,9,90,84775.00,84817.53,,
2026-09-28T03:17:13+08:00,btc-updown-5m-1790536500,https://polymarket.com/zh/event/btc-updown-5m-1790536500,03:15-03:20,91.00,10.00,90.00,9.00,351.47,388.21,388.21,350.37,90.50,9.50,1.00,1.00,20110.92,16195.84,16185.84,20205.92,90,9,9,90,84775.00,84817.53,,
2026-09-28T03:17:16+08:00,btc-updown-5m-1790536500,https://polymarket.com/zh/event/btc-updown-5m-1790536500,03:15-03:20,91.00,10.00,90.00,9.00,289.00,598.90,598.90,294.00,90.50,9.50,1.00,1.00,20310.92,16195.84,16195.84,20215.92,90,9,9,90,84775.00,84817.53,,
2026-09-28T03:17:18+08:00,btc-updown-5m-1790536500,https://polymarket.com/zh/event/btc-updown-5m-1790536500,03:15-03:20,91.00,10.00,90.00,9.00,193.05,1037.76,1006.56,193.05,90.50,9.50,1.00,1.00,20215.92,16155.84,16155.84,20220.92,90,9,9,90,84775.00,84817.53,,
2026-09-28T03:17:21+08:00,btc-updown-5m-1790536500,https://polymarket.com/zh/event/btc-updown-5m-1790536500,03:15-03:20,93.00,7.00,92.00,6.00,732.90,672.11,704.38,380.10,92.50,6.50,1.00,1.00,20210.92,15655.38,15109.38,20120.92,92,7,6,93,84775.00,84817.53,,
2026-09-28T03:17:23+08:00,btc-updown-5m-1790536500,https://polymarket.com/zh/event/btc-updown-5m-1790536500,03:15-03:20,93.00,8.00,92.00,7.00,972.89,918.00,943.33,967.51,92.50,7.50,1.00,1.00,20105.92,16178.98,16178.98,20105.92,92,7,7,92,84775.00,84817.54,,
2026-09-28T03:17:26+08:00,btc-updown-5m-1790536500,https://polymarket.com/zh/event/btc-updown-5m-1790536500,03:15-03:20,93.00,7.00,92.00,6.00,722.62,86.60,379.20,951.66,92.50,6.50,1.00,1.00,20115.92,16067.98,16062.98,20215.92,92,7,6,93,84775.00,84817.53,,
2026-09-28T03:17:28+08:00,btc-updown-5m-1790536500,https://polymarket.com/zh/event/btc-updown-5m-1790536500,03:15-03:20,94.00,7.00,93.00,6.00,1420.45,65.00,55.00,1365.45,93.50,6.50,1.00,1.00,20210.92,16373.98,16333.98,20210.92,93,6,6,93,84775.00,84817.53,,
2026-09-28T03:17:31+08:00,btc-updown-5m-1790536500,https://polymarket.com/zh/event/btc-updown-5m-1790536500,03:15-03:20,94.00,7.00,93.00,6.00,990.70,1523.94,1512.74,980.70,93.50,6.50,1.00,1.00,20120.92,16281.98,16281.98,20220.92,93,6,6,93,84775.00,84817.54,,
2026-09-28T03:17:34+08:00,btc-updown-5m-1790536500,https://polymarket.com/zh/event/btc-updown-5m-1790536500,03:15-03:20,94.00,7.00,93.00,6.00,666.85,1719.61,1714.61,666.85,93.50,6.50,1.00,1.00,20105.92,16158.98,16351.98,20205.92,93,6,6,93,84775.00,84817.54,,
2026-09-28T03:17:36+08:00,btc-updown-5m-1790536500,https://polymarket.com/zh/event/btc-updown-5m-1790536500,03:15-03:20,94.00,7.00,93.00,6.00,968.80,1526.61,1506.61,868.80,93.50,6.50,1.00,1.00,20105.92,16276.98,16305.30,20105.92,93,6,6,93,84775.00,84817.53,,
2026-09-28T03:17:39+08:00,btc-updown-5m-1790536500,https://polymarket.com/zh/event/btc-updown-5m-1790536500,03:15-03:20,94.00,7.00,93.00,6.00,809.47,796.58,786.58,347.39,93.50,6.50,1.00,1.00,20205.92,16622.30,16627.30,20205.92,93,6,6,93,84775.00,84817.53,,
2026-09-28T03:17:41+08:00,btc-updown-5m-1790536500,https://polymarket.com/zh/event/btc-updown-5m-1790536500,03:15-03:20,95.00,6.00,94.00,5.00,905.68,327.62,327.62,805.68,94.50,5.50,1.00,1.00,20105.92,16616.96,16516.96,20205.92,94,5,5,94,84775.00,84817.53,,
2026-09-28T03:17:44+08:00,btc-updown-5m-1790536500,https://polymarket.com/zh/event/btc-updown-5m-1790536500,03:15-03:20,95.00,6.00,94.00,5.00,1142.63,293.97,299.61,1142.63,94.50,5.50,1.00,1.00,20115.92,16801.91,16295.90,20120.92,94,5,5,94,84775.00,84817.54,,
2026-09-28T03:17:47+08:00,btc-updown-5m-1790536500,https://polymarket.com/zh/event/btc-updown-5m-1790536500,03:15-03:20,95.00,6.00,94.00,5.00,806.23,289.64,289.64,806.23,94.50,5.50,1.00,1.00,20110.92,16313.50,16313.50,20105.92,94,5,5,94,84775.00,84817.53,,
2026-09-28T03:17:49+08:00,btc-updown-5m-1790536500,https://polymarket.com/zh/event/btc-updown-5m-1790536500,03:15-03:20,95.00,6.00,94.00,5.00,757.69,272.97,272.97,786.01,94.50,5.50,1.00,1.00,20105.92,16199.87,16228.19,20205.92,94,5,5,94,84775.00,84817.54,,
2026-09-28T03:17:52+08:00,btc-updown-5m-1790536500,https://polymarket.com/zh/event/btc-updown-5m-1790536500,03:15-03:20,96.00,5.00,95.00,4.00,1227.17,181.87,161.87,1227.17,95.50,4.50,1.00,1.00,20220.92,15839.65,15839.65,20105.92,95,4,4,95,84775.00,84817.53,,
2026-09-28T03:17:54+08:00,btc-updown-5m-1790536500,https://polymarket.com/zh/event/btc-updown-5m-1790536500,03:15-03:20,94.00,7.00,93.00,6.00,208.00,906.79,627.31,471.00,93.50,6.50,1.00,1.00,20220.92,16083.68,15874.29,20210.92,93,6,6,93,84775.00,84817.53,,
2026-09-28T03:17:57+08:00,btc-updown-5m-1790536500,https://polymarket.com/zh/event/btc-updown-5m-1790536500,03:15-03:20,90.00,11.00,89.00,10.00,228.00,485.61,343.55,125.00,89.50,10.50,1.00,1.00,20185.04,15653.33,15658.33,20170.04,89,10,10,89,84775.00,84815.35,,
2026-09-28T03:17:59+08:00,btc-updown-5m-1790536500,https://polymarket.com/zh/event/btc-updown-5m-1790536500,03:15-03:20,92.00,9.00,91.00,8.00,573.13,55.00,50.00,573.13,91.50,8.50,1.00,1.00,21437.04,16008.33,16003.33,21337.04,91,8,8,91,84775.00,84815.35,,
2026-09-28T03:18:02+08:00,btc-updown-5m-1790536500,https://polymarket.com/zh/event/btc-updown-5m-1790536500,03:15-03:20,92.00,9.00,91.00,8.00,74.00,892.22,593.13,71.82,91.50,8.50,1.00,1.00,20705.04,15801.33,15876.33,20810.04,91,8,8,91,84775.00,84815.35,,
2026-09-28T03:18:05+08:00,btc-updown-5m-1790536500,https://polymarket.com/zh/event/btc-updown-5m-1790536500,03:15-03:20,93.00,8.00,92.00,7.00,723.62,30.87,10.87,723.62,92.50,7.50,1.00,1.00,20790.04,15828.33,15840.33,20538.04,92,7,7,92,84775.00,84815.35,,
2026-09-28T03:18:07+08:00,btc-updown-5m-1790536500,https://polymarket.com/zh/event/btc-updown-5m-1790536500,03:15-03:20,94.00,7.00,93.00,6.00,522.08,244.95,242.29,35.00,93.50,6.50,1.00,1.00,20145.04,15100.61,13483.65,20160.04,93,6,6,93,84775.00,84815.35,,
