ts_iso,slug,market_url,window_text,buy_up_cents,buy_down_cents,sell_up_cents,sell_down_cents,buy_up_size,buy_down_size,sell_up_size,sell_down_size,mid_up_cents,mid_down_cents,spread_up_cents,spread_down_cents,bid_depth_up_5,ask_depth_up_5,bid_depth_down_5,ask_depth_down_5,level_count_bid_up,level_count_ask_up,level_count_bid_down,level_count_ask_down,target_price,final_price,trade_count_1s,trade_volume_1s
2026-07-15T07:28:36+08:00,btc-updown-5m-1784071500,https://polymarket.com/zh/event/btc-updown-5m-1784071500,07:25-07:30,38.00,63.00,37.00,62.00,570.10,121.72,121.72,570.10,37.50,62.50,1.00,1.00,27155.93,24920.99,24819.99,27150.93,37,62,62,37,,64844.00,,
2026-07-15T07:28:38+08:00,btc-updown-5m-1784071500,https://polymarket.com/zh/event/btc-updown-5m-1784071500,07:25-07:30,52.00,49.00,51.00,48.00,235.83,94.74,100.28,396.36,51.50,48.50,1.00,1.00,27020.94,24803.99,24793.99,27110.93,51,48,48,51,,64851.31,,
2026-07-15T07:28:40+08:00,btc-updown-5m-1784071500,https://polymarket.com/zh/event/btc-updown-5m-1784071500,07:25-07:30,51.00,50.00,50.00,49.00,168.40,874.01,824.01,168.40,50.50,49.50,1.00,1.00,27110.93,24798.99,24788.99,27010.94,50,49,49,50,,64852.63,,
2026-07-15T07:28:42+08:00,btc-updown-5m-1784071500,https://polymarket.com/zh/event/btc-updown-5m-1784071500,07:25-07:30,51.00,50.00,50.00,49.00,296.40,717.54,717.54,296.40,50.50,49.50,1.00,1.00,27021.93,24793.99,24798.99,27116.93,50,49,49,50,,64852.63,,
2026-07-15T07:28:44+08:00,btc-updown-5m-1784071500,https://polymarket.com/zh/event/btc-updown-5m-1784071500,07:25-07:30,53.00,48.00,52.00,47.00,165.87,502.74,527.74,150.87,52.50,47.50,1.00,1.00,27091.93,24793.99,24788.99,26981.93,52,47,47,52,,64852.63,,
2026-07-15T07:28:46+08:00,btc-updown-5m-1784071500,https://polymarket.com/zh/event/btc-updown-5m-1784071500,07:25-07:30,53.00,48.00,52.00,47.00,70.13,630.25,706.25,55.13,52.50,47.50,1.00,1.00,26890.93,24687.99,24788.99,26871.93,52,47,47,52,,64852.63,,
2026-07-15T07:28:48+08:00,btc-updown-5m-1784071500,https://polymarket.com/zh/event/btc-updown-5m-1784071500,07:25-07:30,51.00,50.00,50.00,49.00,101.06,1029.15,1029.15,87.33,50.50,49.50,1.00,1.00,26856.93,24788.99,24798.99,26976.93,50,49,49,50,,64852.63,,
2026-07-15T07:28:50+08:00,btc-updown-5m-1784071500,https://polymarket.com/zh/event/btc-updown-5m-1784071500,07:25-07:30,52.00,49.00,51.00,48.00,396.56,949.97,822.54,20.00,51.50,48.50,1.00,1.00,27389.94,24702.99,24687.99,26769.93,51,48,48,51,,64852.63,,
2026-07-15T07:28:52+08:00,btc-updown-5m-1784071500,https://polymarket.com/zh/event/btc-updown-5m-1784071500,07:25-07:30,53.00,48.00,52.00,47.00,138.97,987.51,987.51,153.97,52.50,47.50,1.00,1.00,26769.93,24682.99,24707.99,27374.93,52,47,47,52,,64854.03,,
2026-07-15T07:28:54+08:00,btc-updown-5m-1784071500,https://polymarket.com/zh/event/btc-updown-5m-1784071500,07:25-07:30,53.00,48.00,52.00,47.00,484.48,90.09,65.44,495.98,52.50,47.50,1.00,1.00,26869.93,24692.99,24692.99,26749.93,52,47,47,52,,64854.03,,
2026-07-15T07:28:56+08:00,btc-updown-5m-1784071500,https://polymarket.com/zh/event/btc-updown-5m-1784071500,07:25-07:30,51.00,50.00,50.00,49.00,447.74,120.62,120.62,372.53,50.50,49.50,1.00,1.00,26864.93,24697.99,24682.99,26764.93,50,49,49,50,,64854.03,,
2026-07-15T07:28:57+08:00,btc-updown-5m-1784071500,https://polymarket.com/zh/event/btc-updown-5m-1784071500,07:25-07:30,49.00,52.00,48.00,51.00,19.91,1242.67,1200.67,19.91,48.50,51.50,1.00,1.00,26914.93,24797.99,24704.00,26919.93,48,51,51,48,,64854.03,,
2026-07-15T07:28:59+08:00,btc-updown-5m-1784071500,https://polymarket.com/zh/event/btc-updown-5m-1784071500,07:25-07:30,61.00,40.00,58.00,38.00,214.08,93.25,28.22,286.46,59.50,39.00,3.00,2.00,24805.93,24903.00,25398.00,24805.93,58,39,38,60,,64858.55,,
2026-07-15T07:29:01+08:00,btc-updown-5m-1784071500,https://polymarket.com/zh/event/btc-updown-5m-1784071500,07:25-07:30,59.00,42.00,58.00,41.00,837.83,33.91,33.91,862.46,58.50,41.50,1.00,1.00,25616.59,26136.33,26151.33,25621.59,58,41,41,58,,64858.55,,
2026-07-15T07:29:03+08:00,btc-updown-5m-1784071500,https://polymarket.com/zh/event/btc-updown-5m-1784071500,07:25-07:30,49.00,69.00,36.00,53.00,61.00,24.00,28.00,42.87,42.50,61.00,13.00,16.00,25633.60,24180.05,24175.05,25738.59,32,50,52,31,,64856.93,,
2026-07-15T07:29:05+08:00,btc-updown-5m-1784071500,https://polymarket.com/zh/event/btc-updown-5m-1784071500,07:25-07:30,35.00,67.00,34.00,66.00,455.34,47.39,19.68,217.32,34.50,66.50,1.00,1.00,27815.93,24396.71,24302.72,27815.93,34,65,66,33,,64846.00,,
2026-07-15T07:29:07+08:00,btc-updown-5m-1784071500,https://polymarket.com/zh/event/btc-updown-5m-1784071500,07:25-07:30,32.00,69.00,31.00,68.00,520.05,28.05,8.05,374.73,31.50,68.50,1.00,1.00,27813.60,24786.71,24812.71,27823.60,31,68,68,31,,64846.00,,
2026-07-15T07:29:09+08:00,btc-updown-5m-1784071500,https://polymarket.com/zh/event/btc-updown-5m-1784071500,07:25-07:30,32.00,70.00,31.00,69.00,180.87,55.00,31.00,133.63,31.50,69.50,1.00,1.00,27828.60,24896.71,24897.72,27813.60,31,68,69,30,,64842.92,,
2026-07-15T07:29:11+08:00,btc-updown-5m-1784071500,https://polymarket.com/zh/event/btc-updown-5m-1784071500,07:25-07:30,29.00,73.00,28.00,72.00,293.85,70.00,98.00,102.98,28.50,72.50,1.00,1.00,27828.60,24872.99,24883.99,27818.60,28,71,72,27,,64842.91,,
2026-07-15T07:29:13+08:00,btc-updown-5m-1784071500,https://polymarket.com/zh/event/btc-updown-5m-1784071500,07:25-07:30,28.00,73.00,27.00,72.00,92.05,352.12,243.93,74.89,27.50,72.50,1.00,1.00,27144.60,24783.99,24872.99,27634.60,27,72,72,27,,64842.91,,
2026-07-15T07:29:15+08:00,btc-updown-5m-1784071500,https://polymarket.com/zh/event/btc-updown-5m-1784071500,07:25-07:30,27.00,74.00,26.00,73.00,411.07,121.51,161.51,371.07,26.50,73.50,1.00,1.00,28079.60,24872.99,24888.99,28079.60,26,73,73,26,,64842.91,,
2026-07-15T07:29:17+08:00,btc-updown-5m-1784071500,https://polymarket.com/zh/event/btc-updown-5m-1784071500,07:25-07:30,29.00,71.00,28.00,70.00,10.66,156.72,353.10,34.66,28.50,70.50,1.00,1.00,28104.60,24857.99,24877.99,28184.60,28,71,70,29,,64842.91,,
2026-07-15T07:29:19+08:00,btc-updown-5m-1784071500,https://polymarket.com/zh/event/btc-updown-5m-1784071500,07:25-07:30,29.00,72.00,28.00,71.00,47.99,23.83,53.77,63.28,28.50,71.50,1.00,1.00,28139.60,24819.00,24897.99,28139.60,28,70,71,28,,64842.92,,
2026-07-15T07:29:21+08:00,btc-updown-5m-1784071500,https://polymarket.com/zh/event/btc-updown-5m-1784071500,07:25-07:30,26.00,75.00,25.00,74.00,697.47,437.00,51.64,691.47,25.50,74.50,1.00,1.00,28119.60,24922.99,24923.00,27233.76,25,73,72,25,,64851.23,,
2026-07-15T07:29:23+08:00,btc-updown-5m-1784071500,https://polymarket.com/zh/event/btc-updown-5m-1784071500,07:25-07:30,47.00,54.00,46.00,53.00,626.43,104.17,230.49,626.43,46.50,53.50,1.00,1.00,27291.60,25384.99,25778.99,27309.60,46,53,53,46,,64851.22,,
2026-07-15T07:29:24+08:00,btc-updown-5m-1784071500,https://polymarket.com/zh/event/btc-updown-5m-1784071500,07:25-07:30,46.00,55.00,45.00,54.00,549.71,87.81,98.81,574.81,45.50,54.50,1.00,1.00,28629.60,26838.99,26758.99,28634.60,42,54,54,42,,64851.22,,
2026-07-15T07:29:26+08:00,btc-updown-5m-1784071500,https://polymarket.com/zh/event/btc-updown-5m-1784071500,07:25-07:30,42.00,59.00,41.00,58.00,25.67,149.26,81.77,16.00,41.50,58.50,1.00,1.00,28149.60,26749.99,26853.99,28159.60,41,58,58,41,,64851.22,,
2026-07-15T07:29:28+08:00,btc-updown-5m-1784071500,https://polymarket.com/zh/event/btc-updown-5m-1784071500,07:25-07:30,44.00,57.00,43.00,56.00,50.00,39.83,186.88,79.60,43.50,56.50,1.00,1.00,28281.60,26763.99,26853.99,28266.60,43,56,56,43,,64851.23,,
2026-07-15T07:29:30+08:00,btc-updown-5m-1784071500,https://polymarket.com/zh/event/btc-updown-5m-1784071500,07:25-07:30,47.00,54.00,46.00,53.00,733.64,50.00,60.70,733.64,46.50,53.50,1.00,1.00,27733.28,26537.99,26537.99,27723.28,46,53,53,46,,64851.22,,
2026-07-15T07:29:32+08:00,btc-updown-5m-1784071500,https://polymarket.com/zh/event/btc-updown-5m-1784071500,07:25-07:30,48.00,53.00,47.00,52.00,582.67,5.11,60.00,502.67,47.50,52.50,1.00,1.00,27153.28,26438.99,26442.99,27168.28,47,52,52,47,,64851.22,,
2026-07-15T07:29:34+08:00,btc-updown-5m-1784071500,https://polymarket.com/zh/event/btc-updown-5m-1784071500,07:25-07:30,50.00,51.00,49.00,50.00,49.45,91.46,101.46,106.19,49.50,50.50,1.00,1.00,27199.84,26254.34,26253.33,27194.84,49,50,50,49,,64855.31,,
2026-07-15T07:29:36+08:00,btc-updown-5m-1784071500,https://polymarket.com/zh/event/btc-updown-5m-1784071500,07:25-07:30,50.00,51.00,49.00,50.00,80.64,400.64,395.64,60.02,49.50,50.50,1.00,1.00,25108.35,24740.16,24702.16,25054.35,49,50,50,49,,64855.31,,
2026-07-15T07:29:38+08:00,btc-updown-5m-1784071500,https://polymarket.com/zh/event/btc-updown-5m-1784071500,07:25-07:30,60.00,41.00,59.00,40.00,86.70,107.41,116.00,113.58,59.50,40.50,1.00,1.00,23167.67,25004.48,24935.32,23177.68,59,40,40,59,,64855.31,,
2026-07-15T07:29:40+08:00,btc-updown-5m-1784071500,https://polymarket.com/zh/event/btc-updown-5m-1784071500,07:25-07:30,61.00,40.00,60.00,39.00,46.54,291.49,241.49,36.54,60.50,39.50,1.00,1.00,23290.67,26935.32,26945.32,23300.67,60,39,39,60,,64855.31,,
2026-07-15T07:29:41+08:00,btc-updown-5m-1784071500,https://polymarket.com/zh/event/btc-updown-5m-1784071500,07:25-07:30,84.00,17.00,83.00,16.00,90.55,100.05,101.10,40.16,83.50,16.50,1.00,1.00,23605.33,24979.34,24974.34,23625.33,83,15,16,83,,64863.67,,
2026-07-15T07:29:43+08:00,btc-updown-5m-1784071500,https://polymarket.com/zh/event/btc-updown-5m-1784071500,07:25-07:30,94.00,7.00,93.00,6.00,333.15,197.89,103.86,16.83,93.50,6.50,1.00,1.00,24636.85,12706.77,12762.57,24096.85,93,6,6,93,,64868.55,,
2026-07-15T07:29:45+08:00,btc-updown-5m-1784071500,https://polymarket.com/zh/event/btc-updown-5m-1784071500,07:25-07:30,98.00,3.00,97.00,2.00,398.43,134.14,75.88,393.32,97.50,2.50,1.00,1.00,22103.86,9696.86,9721.75,22603.87,95,2,2,95,,64870.00,,
2026-07-15T07:29:47+08:00,btc-updown-5m-1784071500,https://polymarket.com/zh/event/btc-updown-5m-1784071500,07:25-07:30,99.00,2.00,98.00,1.00,2150.45,588.50,588.50,2098.39,98.50,1.50,1.00,1.00,21992.10,2150.45,2098.39,21957.10,98,1,1,98,,64870.00,,
2026-07-15T07:29:49+08:00,btc-updown-5m-1784071500,https://polymarket.com/zh/event/btc-updown-5m-1784071500,07:25-07:30,99.00,2.00,98.00,1.00,1300.01,541.64,541.64,1244.95,98.50,1.50,1.00,1.00,21662.11,1300.01,1244.95,21157.10,94,1,1,95,,64870.00,,
2026-07-15T07:29:51+08:00,btc-updown-5m-1784071500,https://polymarket.com/zh/event/btc-updown-5m-1784071500,07:25-07:30,,1.00,99.00,,,273.17,386.17,,,,,,14122.10,,,13617.10,95,0,0,95,,64870.00,,
2026-07-15T07:29:53+08:00,btc-updown-5m-1784071500,https://polymarket.com/zh/event/btc-updown-5m-1784071500,07:25-07:30,,1.00,99.00,,,4076.84,4076.84,,,,,,13137.10,,,13622.10,95,0,0,95,,64870.00,,
2026-07-15T07:29:55+08:00,btc-updown-5m-1784071500,https://polymarket.com/zh/event/btc-updown-5m-1784071500,07:25-07:30,,1.00,99.00,,,3007.99,2967.99,,,,,,13149.58,,,13159.58,95,0,0,95,,64870.00,,
2026-07-15T07:29:57+08:00,btc-updown-5m-1784071500,https://polymarket.com/zh/event/btc-updown-5m-1784071500,07:25-07:30,,1.00,99.00,,,15475.75,15311.60,,,,,,13844.10,,,13849.10,72,0,0,72,,64870.00,,
2026-07-15T07:29:58+08:00,btc-updown-5m-1784071500,https://polymarket.com/zh/event/btc-updown-5m-1784071500,07:25-07:30,,1.00,99.00,,,36220.03,34180.02,,,,,,13880.83,,,13890.83,79,0,0,79,,64870.00,,
2026-07-15T07:30:01+08:00,btc-updown-5m-1784071800,https://polymarket.com/zh/event/btc-updown-5m-1784071800,07:30-07:35,53.00,48.00,52.00,47.00,89.95,683.78,529.27,74.95,52.50,47.50,1.00,1.00,29635.28,29258.41,19243.41,19450.28,51,47,47,51,64870.01,64872.59,,
2026-07-15T07:30:03+08:00,btc-updown-5m-1784071800,https://polymarket.com/zh/event/btc-updown-5m-1784071800,07:30-07:35,53.00,48.00,52.00,47.00,52.50,1118.50,1118.50,52.50,52.50,47.50,1.00,1.00,20447.41,19745.53,19755.53,19967.40,52,47,47,52,64870.01,64872.59,,
2026-07-15T07:30:04+08:00,btc-updown-5m-1784071800,https://polymarket.com/zh/event/btc-updown-5m-1784071800,07:30-07:35,53.00,48.00,52.00,47.00,50.86,1123.22,1118.22,31.99,52.50,47.50,1.00,1.00,20348.40,19996.53,20126.53,20228.40,52,47,47,52,64870.01,64872.59,,
2026-07-15T07:30:06+08:00,btc-updown-5m-1784071800,https://polymarket.com/zh/event/btc-updown-5m-1784071800,07:30-07:35,54.00,47.00,53.00,46.00,231.60,724.59,724.59,231.60,53.50,46.50,1.00,1.00,20360.80,20136.53,20126.53,20465.80,53,46,46,53,64870.01,64872.59,,
2026-07-15T07:30:08+08:00,btc-updown-5m-1784071800,https://polymarket.com/zh/event/btc-updown-5m-1784071800,07:30-07:35,58.00,44.00,57.00,43.00,489.82,35.00,177.35,547.41,57.50,43.50,1.00,1.00,18650.80,19841.53,19836.53,18070.80,57,42,43,56,64870.01,64872.59,,
2026-07-15T07:30:10+08:00,btc-updown-5m-1784071800,https://polymarket.com/zh/event/btc-updown-5m-1784071800,07:30-07:35,56.00,45.00,55.00,44.00,731.83,135.00,135.00,786.83,55.50,44.50,1.00,1.00,17986.21,17766.93,17756.93,18561.20,55,44,44,55,64870.01,64874.99,,
2026-07-15T07:30:12+08:00,btc-updown-5m-1784071800,https://polymarket.com/zh/event/btc-updown-5m-1784071800,07:30-07:35,55.00,46.00,54.00,45.00,1025.48,156.55,156.55,994.48,54.50,45.50,1.00,1.00,18466.20,17736.93,17751.93,18041.20,54,45,45,54,64870.01,64872.59,,
2026-07-15T07:30:14+08:00,btc-updown-5m-1784071800,https://polymarket.com/zh/event/btc-updown-5m-1784071800,07:30-07:35,55.00,46.00,54.00,45.00,955.25,125.89,125.89,970.25,54.50,45.50,1.00,1.00,18586.21,18497.53,18482.53,18865.20,54,45,45,54,64870.01,64872.59,,
2026-07-15T07:30:16+08:00,btc-updown-5m-1784071800,https://polymarket.com/zh/event/btc-updown-5m-1784071800,07:30-07:35,55.00,46.00,54.00,45.00,666.94,155.79,105.79,417.12,54.50,45.50,1.00,1.00,19485.20,18700.93,18670.93,19405.20,54,45,45,54,64870.01,64872.59,,
2026-07-15T07:30:18+08:00,btc-updown-5m-1784071800,https://polymarket.com/zh/event/btc-updown-5m-1784071800,07:30-07:35,55.00,46.00,54.00,45.00,30.56,556.93,584.11,30.56,54.50,45.50,1.00,1.00,18895.20,18675.93,18680.93,19515.20,54,45,45,54,64870.01,64872.59,,
2026-07-15T07:30:20+08:00,btc-updown-5m-1784071800,https://polymarket.com/zh/event/btc-updown-5m-1784071800,07:30-07:35,56.00,45.00,55.00,44.00,537.40,587.30,587.30,529.46,55.50,44.50,1.00,1.00,18920.20,18685.93,18705.93,18895.20,55,44,44,55,64870.01,64872.59,,
2026-07-15T07:30:21+08:00,btc-updown-5m-1784071800,https://polymarket.com/zh/event/btc-updown-5m-1784071800,07:30-07:35,56.00,45.00,55.00,44.00,569.82,591.02,553.34,498.66,55.50,44.50,1.00,1.00,19248.52,18929.25,18904.25,19353.52,55,44,44,55,64870.01,64872.59,,
2026-07-15T07:30:23+08:00,btc-updown-5m-1784071800,https://polymarket.com/zh/event/btc-updown-5m-1784071800,07:30-07:35,56.00,45.00,55.00,44.00,624.35,399.73,399.73,644.35,55.50,44.50,1.00,1.00,19838.52,19339.54,19329.54,19223.52,55,44,44,55,64870.01,64872.59,,
2026-07-15T07:30:25+08:00,btc-updown-5m-1784071800,https://polymarket.com/zh/event/btc-updown-5m-1784071800,07:30-07:35,56.00,45.00,55.00,44.00,87.28,1206.69,1206.69,85.49,55.50,44.50,1.00,1.00,20510.71,20042.49,20052.49,20718.40,55,44,44,55,64870.01,64872.59,,
2026-07-15T07:30:27+08:00,btc-updown-5m-1784071800,https://polymarket.com/zh/event/btc-updown-5m-1784071800,07:30-07:35,57.00,44.00,56.00,43.00,596.87,559.48,653.22,606.87,56.50,43.50,1.00,1.00,21062.51,20134.89,20144.89,20552.50,56,43,43,56,64870.01,64872.59,,
2026-07-15T07:30:29+08:00,btc-updown-5m-1784071800,https://polymarket.com/zh/event/btc-updown-5m-1784071800,07:30-07:35,57.00,44.00,56.00,43.00,337.59,325.44,150.57,372.82,56.50,43.50,1.00,1.00,20552.50,22219.59,22194.59,20952.50,56,43,43,56,64870.01,64872.59,,
2026-07-15T07:30:31+08:00,btc-updown-5m-1784071800,https://polymarket.com/zh/event/btc-updown-5m-1784071800,07:30-07:35,57.00,44.00,56.00,43.00,144.04,564.38,559.25,106.04,56.50,43.50,1.00,1.00,20192.50,21759.59,21749.59,19977.50,56,43,43,56,64870.01,64872.59,,
2026-07-15T07:30:33+08:00,btc-updown-5m-1784071800,https://polymarket.com/zh/event/btc-updown-5m-1784071800,07:30-07:35,58.00,43.00,57.00,42.00,712.25,76.30,104.24,871.07,57.50,42.50,1.00,1.00,20012.50,21969.59,21964.59,20082.50,57,42,42,57,64870.01,64872.60,,
2026-07-15T07:30:35+08:00,btc-updown-5m-1784071800,https://polymarket.com/zh/event/btc-updown-5m-1784071800,07:30-07:35,56.00,45.00,55.00,44.00,272.94,468.99,463.99,257.94,55.50,44.50,1.00,1.00,19617.50,21504.59,21489.59,20022.50,55,44,44,55,64870.01,64872.59,,
2026-07-15T07:30:37+08:00,btc-updown-5m-1784071800,https://polymarket.com/zh/event/btc-updown-5m-1784071800,07:30-07:35,51.00,50.00,50.00,49.00,38.00,289.22,35.94,160.28,50.50,49.50,1.00,1.00,20087.50,21469.59,21479.59,20107.50,50,49,49,50,64870.01,64872.59,,
2026-07-15T07:30:39+08:00,btc-updown-5m-1784071800,https://polymarket.com/zh/event/btc-updown-5m-1784071800,07:30-07:35,51.00,50.00,50.00,49.00,179.28,504.50,506.85,161.28,50.50,49.50,1.00,1.00,20082.51,21479.59,21474.59,19497.50,50,49,49,50,64870.01,64868.00,,
2026-07-15T07:30:40+08:00,btc-updown-5m-1784071800,https://polymarket.com/zh/event/btc-updown-5m-1784071800,07:30-07:35,53.00,48.00,52.00,47.00,97.62,604.86,463.00,98.90,52.50,47.50,1.00,1.00,20023.50,21459.59,21464.59,19598.50,52,47,47,52,64870.01,64868.00,,
2026-07-15T07:30:42+08:00,btc-updown-5m-1784071800,https://polymarket.com/zh/event/btc-updown-5m-1784071800,07:30-07:35,54.00,47.00,53.00,46.00,356.22,624.65,656.99,321.22,53.50,46.50,1.00,1.00,19508.50,21449.59,21464.59,20028.50,53,46,46,53,64870.01,64868.97,,
2026-07-15T07:30:44+08:00,btc-updown-5m-1784071800,https://polymarket.com/zh/event/btc-updown-5m-1784071800,07:30-07:35,54.00,47.00,53.00,46.00,31.22,886.93,886.93,69.22,53.50,46.50,1.00,1.00,19608.50,21479.59,21454.59,19508.50,53,46,46,53,64870.01,64868.97,,
2026-07-15T07:30:46+08:00,btc-updown-5m-1784071800,https://polymarket.com/zh/event/btc-updown-5m-1784071800,07:30-07:35,54.00,47.00,53.00,46.00,44.22,248.14,448.72,211.22,53.50,46.50,1.00,1.00,20018.51,21469.59,21464.59,19593.50,53,46,46,53,64870.01,64868.97,,
2026-07-15T07:30:48+08:00,btc-updown-5m-1784071800,https://polymarket.com/zh/event/btc-updown-5m-1784071800,07:30-07:35,53.00,48.00,52.00,47.00,459.45,675.52,444.43,68.23,52.50,47.50,1.00,1.00,19813.50,21469.59,21469.59,19688.50,52,47,47,52,64870.01,64868.98,,
2026-07-15T07:30:50+08:00,btc-updown-5m-1784071800,https://polymarket.com/zh/event/btc-updown-5m-1784071800,07:30-07:35,57.00,44.00,56.00,43.00,255.30,645.84,645.84,255.30,56.50,43.50,1.00,1.00,20323.51,21449.59,21464.59,19728.50,56,43,43,56,64870.01,64871.67,,
2026-07-15T07:30:52+08:00,btc-updown-5m-1784071800,https://polymarket.com/zh/event/btc-updown-5m-1784071800,07:30-07:35,57.00,44.00,56.00,43.00,118.61,805.31,818.35,176.34,56.50,43.50,1.00,1.00,20303.50,21619.59,21464.59,19828.51,56,43,43,56,64870.01,64871.67,,
2026-07-15T07:30:54+08:00,btc-updown-5m-1784071800,https://polymarket.com/zh/event/btc-updown-5m-1784071800,07:30-07:35,58.00,43.00,57.00,42.00,327.79,387.95,492.73,342.79,57.50,42.50,1.00,1.00,19513.51,21603.27,21593.27,20098.50,57,42,42,57,64870.01,64871.67,,
2026-07-15T07:30:56+08:00,btc-updown-5m-1784071800,https://polymarket.com/zh/event/btc-updown-5m-1784071800,07:30-07:35,59.00,42.00,58.00,41.00,579.09,421.81,474.13,506.45,58.50,41.50,1.00,1.00,19633.50,21533.27,21533.27,20008.50,58,41,41,58,64870.01,64873.83,,
2026-07-15T07:30:58+08:00,btc-updown-5m-1784071800,https://polymarket.com/zh/event/btc-updown-5m-1784071800,07:30-07:35,59.00,42.00,58.00,41.00,243.57,343.50,343.50,243.57,58.50,41.50,1.00,1.00,20112.51,21583.27,21578.27,19507.50,58,41,41,58,64870.01,64874.99,,
2026-07-15T07:30:59+08:00,btc-updown-5m-1784071800,https://polymarket.com/zh/event/btc-updown-5m-1784071800,07:30-07:35,59.00,42.00,58.00,41.00,152.91,226.30,323.18,395.18,58.50,41.50,1.00,1.00,19492.50,21473.27,21468.27,20117.51,58,41,41,58,64870.01,64875.00,,
2026-07-15T07:31:01+08:00,btc-updown-5m-1784071800,https://polymarket.com/zh/event/btc-updown-5m-1784071800,07:30-07:35,58.00,43.00,57.00,42.00,1163.73,9.44,42.00,1082.73,57.50,42.50,1.00,1.00,27554.50,29403.27,29398.27,27444.50,57,42,42,57,64870.01,64874.99,,
2026-07-15T07:31:03+08:00,btc-updown-5m-1784071800,https://polymarket.com/zh/event/btc-updown-5m-1784071800,07:30-07:35,56.00,45.00,55.00,44.00,700.12,259.19,319.48,1206.06,55.50,44.50,1.00,1.00,28069.51,29450.27,29450.27,27439.50,55,44,44,55,64870.01,64874.99,,
2026-07-15T07:31:05+08:00,btc-updown-5m-1784071800,https://polymarket.com/zh/event/btc-updown-5m-1784071800,07:30-07:35,55.00,46.00,54.00,45.00,904.01,254.64,254.64,915.39,54.50,45.50,1.00,1.00,27444.50,29450.27,29440.27,27554.50,54,45,45,54,64870.01,64874.99,,
2026-07-15T07:31:07+08:00,btc-updown-5m-1784071800,https://polymarket.com/zh/event/btc-updown-5m-1784071800,07:30-07:35,57.00,44.00,56.00,43.00,79.91,645.18,61.11,65.00,56.50,43.50,1.00,1.00,27102.50,29093.27,29083.27,27727.51,56,43,43,56,64870.01,64874.99,,
2026-07-15T07:31:09+08:00,btc-updown-5m-1784071800,https://polymarket.com/zh/event/btc-updown-5m-1784071800,07:30-07:35,57.00,44.00,56.00,43.00,996.91,47.72,50.00,1011.91,56.50,43.50,1.00,1.00,27527.51,29003.27,29003.27,27112.50,56,43,43,56,64870.01,64874.99,,
2026-07-15T07:31:11+08:00,btc-updown-5m-1784071800,https://polymarket.com/zh/event/btc-updown-5m-1784071800,07:30-07:35,56.00,45.00,55.00,44.00,684.87,118.01,139.01,694.87,55.50,44.50,1.00,1.00,27422.50,28993.27,29013.27,27022.50,55,44,44,55,64870.01,64874.99,,
2026-07-15T07:31:13+08:00,btc-updown-5m-1784071800,https://polymarket.com/zh/event/btc-updown-5m-1784071800,07:30-07:35,56.00,45.00,55.00,44.00,807.29,84.83,84.83,797.55,55.50,44.50,1.00,1.00,26825.50,28801.27,28801.27,27335.50,55,44,44,55,64870.01,64874.99,,
2026-07-15T07:31:15+08:00,btc-updown-5m-1784071800,https://polymarket.com/zh/event/btc-updown-5m-1784071800,07:30-07:35,56.00,45.00,55.00,44.00,580.58,36.99,36.99,580.58,55.50,44.50,1.00,1.00,26825.50,28811.27,28801.27,27435.51,55,44,44,55,64870.01,64874.99,,
2026-07-15T07:31:17+08:00,btc-updown-5m-1784071800,https://polymarket.com/zh/event/btc-updown-5m-1784071800,07:30-07:35,56.00,45.00,55.00,44.00,581.08,31.99,31.99,579.29,55.50,44.50,1.00,1.00,26925.50,28821.27,28811.27,26820.50,55,44,44,55,64870.01,64874.99,,
2026-07-15T07:31:18+08:00,btc-updown-5m-1784071800,https://polymarket.com/zh/event/btc-updown-5m-1784071800,07:30-07:35,56.00,45.00,55.00,44.00,75.00,423.18,427.63,75.00,55.50,44.50,1.00,1.00,26757.50,28708.27,28708.27,26852.50,55,44,44,55,64870.01,64874.99,,
2026-07-15T07:31:20+08:00,btc-updown-5m-1784071800,https://polymarket.com/zh/event/btc-updown-5m-1784071800,07:30-07:35,56.00,45.00,55.00,44.00,263.99,353.55,395.55,263.99,55.50,44.50,1.00,1.00,26717.50,28703.27,28703.27,27347.51,55,44,44,55,64870.01,64875.00,,
2026-07-15T07:31:22+08:00,btc-updown-5m-1784071800,https://polymarket.com/zh/event/btc-updown-5m-1784071800,07:30-07:35,55.00,46.00,54.00,45.00,853.43,537.35,537.35,976.33,54.50,45.50,1.00,1.00,26817.50,28693.27,28728.27,26837.50,54,45,45,54,64870.01,64874.99,,
2026-07-15T07:31:24+08:00,btc-updown-5m-1784071800,https://polymarket.com/zh/event/btc-updown-5m-1784071800,07:30-07:35,55.00,46.00,54.00,45.00,784.51,879.59,879.59,777.51,54.50,45.50,1.00,1.00,27342.51,28693.27,28703.27,26742.50,54,45,45,54,64870.01,64874.99,,
2026-07-15T07:31:26+08:00,btc-updown-5m-1784071800,https://polymarket.com/zh/event/btc-updown-5m-1784071800,07:30-07:35,55.00,46.00,54.00,45.00,810.69,862.56,862.56,810.69,54.50,45.50,1.00,1.00,26737.50,28744.27,28719.27,27342.51,54,45,45,54,64870.01,64874.99,,
2026-07-15T07:31:28+08:00,btc-updown-5m-1784071800,https://polymarket.com/zh/event/btc-updown-5m-1784071800,07:30-07:35,57.00,44.00,56.00,43.00,93.00,1121.56,1121.56,123.00,56.50,43.50,1.00,1.00,26827.50,28759.27,28744.27,26822.50,56,43,43,56,64870.01,64874.99,,
2026-07-15T07:31:30+08:00,btc-updown-5m-1784071800,https://polymarket.com/zh/event/btc-updown-5m-1784071800,07:30-07:35,57.00,44.00,56.00,43.00,89.81,1120.33,1115.33,89.81,56.50,43.50,1.00,1.00,26837.50,28729.27,28754.27,26732.50,56,43,43,56,64870.01,64874.99,,
2026-07-15T07:31:31+08:00,btc-updown-5m-1784071800,https://polymarket.com/zh/event/btc-updown-5m-1784071800,07:30-07:35,57.00,44.00,56.00,43.00,85.00,704.33,704.33,85.00,56.50,43.50,1.00,1.00,27337.50,28754.27,28734.27,26732.50,56,43,43,56,64870.01,64874.99,,
2026-07-15T07:31:33+08:00,btc-updown-5m-1784071800,https://polymarket.com/zh/event/btc-updown-5m-1784071800,07:30-07:35,57.00,44.00,56.00,43.00,80.00,572.62,547.62,80.00,56.50,43.50,1.00,1.00,26722.50,28749.27,28739.27,27212.50,56,43,43,56,64870.01,64874.99,,
2026-07-15T07:31:35+08:00,btc-updown-5m-1784071800,https://polymarket.com/zh/event/btc-updown-5m-1784071800,07:30-07:35,57.00,44.00,56.00,43.00,135.00,428.88,428.88,140.00,56.50,43.50,1.00,1.00,26717.50,28729.27,28754.27,27227.51,56,43,43,56,64870.01,64874.99,,
2026-07-15T07:31:37+08:00,btc-updown-5m-1784071800,https://polymarket.com/zh/event/btc-updown-5m-1784071800,07:30-07:35,57.00,44.00,56.00,43.00,260.88,349.33,424.33,274.79,56.50,43.50,1.00,1.00,27217.50,28729.27,28734.27,26812.50,56,43,43,56,64870.01,64874.99,,
2026-07-15T07:31:39+08:00,btc-updown-5m-1784071800,https://polymarket.com/zh/event/btc-updown-5m-1784071800,07:30-07:35,57.00,44.00,56.00,43.00,268.24,325.71,327.99,268.24,56.50,43.50,1.00,1.00,27118.51,28519.27,28534.27,26623.50,56,43,43,56,64870.01,64874.99,,
2026-07-15T07:31:41+08:00,btc-updown-5m-1784071800,https://polymarket.com/zh/event/btc-updown-5m-1784071800,07:30-07:35,58.00,43.00,57.00,42.00,429.24,475.56,475.56,399.24,57.50,42.50,1.00,1.00,26403.50,28509.27,28509.27,27028.51,57,42,42,57,64870.01,64874.99,,
2026-07-15T07:31:43+08:00,btc-updown-5m-1784071800,https://polymarket.com/zh/event/btc-updown-5m-1784071800,07:30-07:35,58.00,43.00,57.00,42.00,206.86,518.03,518.03,206.86,57.50,42.50,1.00,1.00,26533.50,28414.27,28409.27,26423.50,57,42,42,57,64870.01,64874.99,,
2026-07-15T07:31:45+08:00,btc-updown-5m-1784071800,https://polymarket.com/zh/event/btc-updown-5m-1784071800,07:30-07:35,60.00,41.00,59.00,40.00,192.49,797.63,749.63,150.49,59.50,40.50,1.00,1.00,27153.50,28624.27,28609.27,26738.50,59,40,40,59,64870.01,64874.99,,
2026-07-15T07:31:47+08:00,btc-updown-5m-1784071800,https://polymarket.com/zh/event/btc-updown-5m-1784071800,07:30-07:35,61.00,40.00,60.00,39.00,85.18,503.66,503.66,106.52,60.50,39.50,1.00,1.00,27233.50,28634.27,28614.27,26638.50,60,39,39,60,64870.01,64875.00,,
2026-07-15T07:31:49+08:00,btc-updown-5m-1784071800,https://polymarket.com/zh/event/btc-updown-5m-1784071800,07:30-07:35,60.00,41.00,59.00,40.00,1094.32,191.04,141.04,1094.32,59.50,40.50,1.00,1.00,26618.50,28639.27,28634.27,27208.50,59,40,40,59,64870.01,64872.01,,
2026-07-15T07:31:50+08:00,btc-updown-5m-1784071800,https://polymarket.com/zh/event/btc-updown-5m-1784071800,07:30-07:35,58.00,43.00,57.00,42.00,432.48,392.97,392.97,432.48,57.50,42.50,1.00,1.00,26633.50,28624.27,28634.27,26613.50,57,42,42,57,64870.01,64872.01,,
2026-07-15T07:31:52+08:00,btc-updown-5m-1784071800,https://polymarket.com/zh/event/btc-updown-5m-1784071800,07:30-07:35,58.00,43.00,57.00,42.00,359.30,621.49,646.49,394.30,57.50,42.50,1.00,1.00,27213.50,28613.27,28639.27,26638.50,57,42,42,57,64870.01,64872.01,,
2026-07-15T07:31:54+08:00,btc-updown-5m-1784071800,https://polymarket.com/zh/event/btc-updown-5m-1784071800,07:30-07:35,58.00,43.00,57.00,42.00,367.07,648.59,648.59,380.90,57.50,42.50,1.00,1.00,27148.51,28649.27,28639.27,26718.50,57,42,42,57,64870.01,64872.01,,
2026-07-15T07:31:56+08:00,btc-updown-5m-1784071800,https://polymarket.com/zh/event/btc-updown-5m-1784071800,07:30-07:35,58.00,43.00,57.00,42.00,517.18,663.59,663.59,435.18,57.50,42.50,1.00,1.00,26525.50,28429.27,28439.27,26884.51,57,42,42,57,64870.01,64872.01,,
2026-07-15T07:31:58+08:00,btc-updown-5m-1784071800,https://polymarket.com/zh/event/btc-updown-5m-1784071800,07:30-07:35,58.00,43.00,57.00,42.00,383.34,720.75,720.75,383.34,57.50,42.50,1.00,1.00,26298.50,28429.27,28429.27,26403.50,57,42,42,57,64870.01,64872.01,,
2026-07-15T07:32:00+08:00,btc-updown-5m-1784071800,https://polymarket.com/zh/event/btc-updown-5m-1784071800,07:30-07:35,58.00,43.00,57.00,42.00,461.90,630.93,605.93,371.75,57.50,42.50,1.00,1.00,26408.50,28536.27,28511.27,27013.51,57,42,42,57,64870.01,64872.01,,
2026-07-15T07:32:02+08:00,btc-updown-5m-1784071800,https://polymarket.com/zh/event/btc-updown-5m-1784071800,07:30-07:35,59.00,42.00,58.00,41.00,331.91,233.31,203.31,391.91,58.50,41.50,1.00,1.00,26418.50,28409.27,28399.27,26918.50,58,41,41,58,64870.01,64872.01,,
2026-07-15T07:32:04+08:00,btc-updown-5m-1784071800,https://polymarket.com/zh/event/btc-updown-5m-1784071800,07:30-07:35,58.00,43.00,57.00,42.00,219.39,424.45,424.45,219.39,57.50,42.50,1.00,1.00,26198.50,28404.27,28434.27,26118.51,57,42,42,57,64870.01,64872.01,,
2026-07-15T07:32:06+08:00,btc-updown-5m-1784071800,https://polymarket.com/zh/event/btc-updown-5m-1784071800,07:30-07:35,57.00,44.00,56.00,43.00,422.87,373.06,368.06,485.63,56.50,43.50,1.00,1.00,26113.50,28304.27,28309.27,26128.50,56,43,43,56,64870.01,64872.01,,
2026-07-15T07:32:07+08:00,btc-updown-5m-1784071800,https://polymarket.com/zh/event/btc-updown-5m-1784071800,07:30-07:35,57.00,44.00,56.00,43.00,3.24,491.75,503.12,3.24,56.50,43.50,1.00,1.00,25513.50,27524.27,27489.27,25618.50,56,43,43,56,64870.01,64872.01,,
2026-07-15T07:32:09+08:00,btc-updown-5m-1784071800,https://polymarket.com/zh/event/btc-updown-5m-1784071800,07:30-07:35,58.00,43.00,57.00,42.00,34.97,609.92,644.92,34.97,57.50,42.50,1.00,1.00,25534.50,27504.27,27529.27,25544.50,57,42,42,57,64870.01,64872.01,,
2026-07-15T07:32:11+08:00,btc-updown-5m-1784071800,https://polymarket.com/zh/event/btc-updown-5m-1784071800,07:30-07:35,59.00,42.00,58.00,41.00,129.72,459.47,224.92,86.00,58.50,41.50,1.00,1.00,25639.50,27504.27,27519.27,25544.50,58,41,41,58,64870.01,64872.02,,
2026-07-15T07:32:13+08:00,btc-updown-5m-1784071800,https://polymarket.com/zh/event/btc-updown-5m-1784071800,07:30-07:35,59.00,42.00,58.00,41.00,39.91,656.34,656.34,39.91,58.50,41.50,1.00,1.00,25629.50,27514.27,27514.27,25634.50,58,41,41,58,64870.01,64873.31,,
2026-07-15T07:32:15+08:00,btc-updown-5m-1784071800,https://polymarket.com/zh/event/btc-updown-5m-1784071800,07:30-07:35,59.00,42.00,58.00,41.00,14.91,724.94,724.94,14.91,58.50,41.50,1.00,1.00,25514.50,27514.27,27524.27,26129.50,58,41,41,58,64870.01,64873.32,,
2026-07-15T07:32:17+08:00,btc-updown-5m-1784071800,https://polymarket.com/zh/event/btc-updown-5m-1784071800,07:30-07:35,61.00,39.00,60.00,38.00,85.87,520.66,243.69,290.00,60.50,38.50,1.00,1.00,26124.51,27514.27,27499.27,25614.50,60,39,38,61,64870.01,64873.31,,
2026-07-15T07:32:19+08:00,btc-updown-5m-1784071800,https://polymarket.com/zh/event/btc-updown-5m-1784071800,07:30-07:35,64.00,37.00,63.00,36.00,526.76,392.88,403.29,431.76,63.50,36.50,1.00,1.00,26268.50,28163.27,28143.27,26263.50,63,36,36,63,64870.01,64875.02,,
2026-07-15T07:32:21+08:00,btc-updown-5m-1784071800,https://polymarket.com/zh/event/btc-updown-5m-1784071800,07:30-07:35,64.00,37.00,63.00,36.00,449.37,356.88,356.88,447.80,63.50,36.50,1.00,1.00,26153.51,28166.27,28156.27,26643.50,63,36,36,63,64870.01,64875.02,,
2026-07-15T07:32:22+08:00,btc-updown-5m-1784071800,https://polymarket.com/zh/event/btc-updown-5m-1784071800,07:30-07:35,65.00,36.00,64.00,35.00,82.86,457.60,460.38,82.86,64.50,35.50,1.00,1.00,26237.50,28281.27,28301.27,26647.51,64,35,35,64,64870.01,64878.39,,
2026-07-15T07:32:24+08:00,btc-updown-5m-1784071800,https://polymarket.com/zh/event/btc-updown-5m-1784071800,07:30-07:35,75.00,26.00,74.00,25.00,5.00,242.00,60.00,5.00,74.50,25.50,1.00,1.00,26732.50,28688.27,28678.27,26632.50,74,25,25,74,64870.01,64887.46,,
2026-07-15T07:32:26+08:00,btc-updown-5m-1784071800,https://polymarket.com/zh/event/btc-updown-5m-1784071800,07:30-07:35,78.00,22.00,77.00,21.00,21.40,92.82,429.36,108.94,77.50,21.50,1.00,1.00,26732.50,29115.95,29110.95,26132.50,77,22,21,78,64870.01,64887.80,,
2026-07-15T07:32:28+08:00,btc-updown-5m-1784071800,https://polymarket.com/zh/event/btc-updown-5m-1784071800,07:30-07:35,79.00,22.00,78.00,21.00,5.00,812.58,248.15,5.00,78.50,21.50,1.00,1.00,26632.50,29023.95,29028.95,26227.50,78,21,21,78,64870.01,64889.10,,
2026-07-15T07:32:30+08:00,btc-updown-5m-1784071800,https://polymarket.com/zh/event/btc-updown-5m-1784071800,07:30-07:35,80.00,22.00,79.00,21.00,737.67,329.14,76.42,66.63,79.50,21.50,1.00,1.00,26637.51,29215.95,29215.95,26112.50,79,20,21,78,64870.01,64892.14,,
2026-07-15T07:32:32+08:00,btc-updown-5m-1784071800,https://polymarket.com/zh/event/btc-updown-5m-1784071800,07:30-07:35,80.00,21.00,79.00,20.00,424.48,1.75,16.04,399.48,79.50,20.50,1.00,1.00,26107.50,29006.95,29012.95,26732.51,79,20,20,79,64870.01,64892.14,,
2026-07-15T07:32:34+08:00,btc-updown-5m-1784071800,https://polymarket.com/zh/event/btc-updown-5m-1784071800,07:30-07:35,64.00,41.00,61.00,38.00,43.00,86.90,44.60,82.32,62.50,39.50,3.00,3.00,26012.51,27713.95,27728.95,26172.51,61,36,38,59,64870.01,64878.41,,
2026-07-15T07:32:36+08:00,btc-updown-5m-1784071800,https://polymarket.com/zh/event/btc-updown-5m-1784071800,07:30-07:35,60.00,41.00,59.00,40.00,868.69,202.12,160.00,898.11,59.50,40.50,1.00,1.00,26787.51,28039.95,28054.95,26187.50,59,40,40,59,64870.01,64875.16,,
2026-07-15T07:32:37+08:00,btc-updown-5m-1784071800,https://polymarket.com/zh/event/btc-updown-5m-1784071800,07:30-07:35,56.00,45.00,55.00,44.00,679.41,131.04,749.91,817.27,55.50,44.50,1.00,1.00,26372.50,28044.95,28049.95,26362.50,55,44,44,55,64870.01,64875.16,,
2026-07-15T07:32:39+08:00,btc-updown-5m-1784071800,https://polymarket.com/zh/event/btc-updown-5m-1784071800,07:30-07:35,56.00,45.00,55.00,44.00,542.70,193.20,228.20,601.46,55.50,44.50,1.00,1.00,26222.50,28049.95,28054.95,26772.50,55,44,44,55,64870.01,64875.16,,
2026-07-15T07:32:41+08:00,btc-updown-5m-1784071800,https://polymarket.com/zh/event/btc-updown-5m-1784071800,07:30-07:35,56.00,45.00,55.00,44.00,89.16,307.91,332.91,80.59,55.50,44.50,1.00,1.00,26168.50,28044.95,28059.95,26062.50,55,44,44,55,64870.01,64875.16,,
2026-07-15T07:32:43+08:00,btc-updown-5m-1784071800,https://polymarket.com/zh/event/btc-updown-5m-1784071800,07:30-07:35,56.00,45.00,55.00,44.00,88.01,284.15,294.15,88.01,55.50,44.50,1.00,1.00,26262.50,28050.45,28050.45,26142.50,55,44,44,55,64870.01,64875.16,,
2026-07-15T07:32:45+08:00,btc-updown-5m-1784071800,https://polymarket.com/zh/event/btc-updown-5m-1784071800,07:30-07:35,55.00,46.00,54.00,45.00,30.55,1032.88,851.38,30.55,54.50,45.50,1.00,1.00,26097.50,27934.09,27954.09,25997.50,54,45,45,54,64870.01,64875.16,,
2026-07-15T07:32:47+08:00,btc-updown-5m-1784071800,https://polymarket.com/zh/event/btc-updown-5m-1784071800,07:30-07:35,56.00,45.00,55.00,44.00,21.00,274.36,274.36,21.00,55.50,44.50,1.00,1.00,26022.50,27884.09,27889.09,26117.50,55,44,44,55,64870.01,64875.16,,
2026-07-15T07:32:49+08:00,btc-updown-5m-1784071800,https://polymarket.com/zh/event/btc-updown-5m-1784071800,07:30-07:35,56.00,45.00,55.00,44.00,495.30,354.32,354.32,495.30,55.50,44.50,1.00,1.00,26627.50,27904.09,27889.09,26017.50,55,44,44,55,64870.01,64875.16,,
2026-07-15T07:32:51+08:00,btc-updown-5m-1784071800,https://polymarket.com/zh/event/btc-updown-5m-1784071800,07:30-07:35,58.00,43.00,57.00,42.00,107.45,722.76,722.76,107.45,57.50,42.50,1.00,1.00,26607.50,27894.09,27884.09,26007.50,57,42,42,57,64870.01,64875.16,,
2026-07-15T07:32:53+08:00,btc-updown-5m-1784071800,https://polymarket.com/zh/event/btc-updown-5m-1784071800,07:30-07:35,59.00,42.00,58.00,41.00,424.81,741.32,741.32,424.81,58.50,41.50,1.00,1.00,26512.50,27899.09,27914.09,26127.50,58,41,41,58,64870.01,64875.16,,
2026-07-15T07:32:55+08:00,btc-updown-5m-1784071800,https://polymarket.com/zh/event/btc-updown-5m-1784071800,07:30-07:35,50.00,59.00,43.00,54.00,5.00,91.85,53.75,166.67,46.50,56.50,7.00,5.00,26328.51,27909.09,27834.09,26302.51,43,47,53,41,64870.01,64861.19,,
2026-07-15T07:32:57+08:00,btc-updown-5m-1784071800,https://polymarket.com/zh/event/btc-updown-5m-1784071800,07:30-07:35,38.00,63.00,37.00,62.00,745.53,178.48,178.48,740.20,37.50,62.50,1.00,1.00,26232.50,27935.09,27855.09,26247.50,37,62,62,37,64870.01,64860.00,,
2026-07-15T07:32:59+08:00,btc-updown-5m-1784071800,https://polymarket.com/zh/event/btc-updown-5m-1784071800,07:30-07:35,40.00,61.00,39.00,60.00,122.00,525.01,611.98,122.00,39.50,60.50,1.00,1.00,26507.76,27829.09,27945.09,26512.76,39,60,60,39,64870.01,64860.01,,
2026-07-15T07:33:00+08:00,btc-updown-5m-1784071800,https://polymarket.com/zh/event/btc-updown-5m-1784071800,07:30-07:35,41.00,60.00,40.00,59.00,10.00,83.08,83.08,21.14,40.50,59.50,1.00,1.00,26462.28,28355.75,28444.75,26487.28,40,59,59,40,64870.01,64860.00,,
2026-07-15T07:33:02+08:00,btc-updown-5m-1784071800,https://polymarket.com/zh/event/btc-updown-5m-1784071800,07:30-07:35,41.00,60.00,40.00,59.00,526.94,297.96,92.00,202.19,40.50,59.50,1.00,1.00,26187.28,28124.75,28030.75,26172.28,40,59,59,40,64870.01,64860.00,,
2026-07-15T07:33:04+08:00,btc-updown-5m-1784071800,https://polymarket.com/zh/event/btc-updown-5m-1784071800,07:30-07:35,37.00,64.00,36.00,63.00,144.14,409.88,392.91,149.14,36.50,63.50,1.00,1.00,26037.28,27980.75,27885.75,26051.28,36,63,63,36,64870.01,64860.00,,
2026-07-15T07:33:06+08:00,btc-updown-5m-1784071800,https://polymarket.com/zh/event/btc-updown-5m-1784071800,07:30-07:35,37.00,64.00,36.00,63.00,455.27,248.93,248.93,455.27,36.50,63.50,1.00,1.00,26126.28,27969.75,27975.75,26116.28,36,63,63,36,64870.01,64860.00,,
2026-07-15T07:33:08+08:00,btc-updown-5m-1784071800,https://polymarket.com/zh/event/btc-updown-5m-1784071800,07:30-07:35,36.00,69.00,35.00,68.00,551.03,70.00,124.03,234.15,35.50,68.50,1.00,1.00,26081.28,27874.75,27979.75,26086.28,35,64,68,31,64870.01,64860.00,,
2026-07-15T07:33:10+08:00,btc-updown-5m-1784071800,https://polymarket.com/zh/event/btc-updown-5m-1784071800,07:30-07:35,25.00,76.00,24.00,75.00,688.11,14.86,20.00,743.24,24.50,75.50,1.00,1.00,26401.28,26079.75,25890.75,26646.28,24,75,75,24,64870.01,64860.01,,
2026-07-15T07:33:12+08:00,btc-updown-5m-1784071800,https://polymarket.com/zh/event/btc-updown-5m-1784071800,07:30-07:35,25.00,77.00,24.00,76.00,754.35,145.89,37.20,505.29,24.50,76.50,1.00,1.00,28406.28,25885.76,25879.75,28401.28,24,75,76,23,64870.01,64855.32,,
2026-07-15T07:33:14+08:00,btc-updown-5m-1784071800,https://polymarket.com/zh/event/btc-updown-5m-1784071800,07:30-07:35,24.00,76.00,23.00,75.00,25.83,32.82,507.25,544.80,23.50,75.50,1.00,1.00,28396.28,25889.75,25979.75,28406.28,23,76,75,24,64870.01,64855.32,,
2026-07-15T07:33:16+08:00,btc-updown-5m-1784071800,https://polymarket.com/zh/event/btc-updown-5m-1784071800,07:30-07:35,30.00,71.00,29.00,70.00,15.94,419.37,434.37,15.94,29.50,70.50,1.00,1.00,29437.28,25864.75,25885.75,29437.28,29,70,70,29,64870.01,64855.31,,
2026-07-15T07:33:17+08:00,btc-updown-5m-1784071800,https://polymarket.com/zh/event/btc-updown-5m-1784071800,07:30-07:35,32.00,69.00,31.00,68.00,263.97,100.51,131.99,273.97,31.50,68.50,1.00,1.00,29152.28,25570.75,25580.76,29137.28,31,68,68,31,64870.01,64855.32,,
2026-07-15T07:33:19+08:00,btc-updown-5m-1784071800,https://polymarket.com/zh/event/btc-updown-5m-1784071800,07:30-07:35,30.00,71.00,29.00,70.00,333.31,18.00,43.00,494.35,29.50,70.50,1.00,1.00,29001.28,25533.75,25528.75,28996.28,29,70,70,29,64870.01,64851.05,,
2026-07-15T07:33:21+08:00,btc-updown-5m-1784071800,https://polymarket.com/zh/event/btc-updown-5m-1784071800,07:30-07:35,28.00,73.00,27.00,72.00,421.99,79.20,74.08,456.99,27.50,72.50,1.00,1.00,28586.28,25239.76,25244.75,28586.28,27,72,72,27,64870.01,64853.35,,
2026-07-15T07:33:23+08:00,btc-updown-5m-1784071800,https://polymarket.com/zh/event/btc-updown-5m-1784071800,07:30-07:35,26.00,75.00,25.00,74.00,90.00,940.92,904.75,90.00,25.50,74.50,1.00,1.00,28591.28,25118.75,25234.76,28586.28,25,74,74,25,64870.01,64853.35,,
2026-07-15T07:33:25+08:00,btc-updown-5m-1784071800,https://polymarket.com/zh/event/btc-updown-5m-1784071800,07:30-07:35,26.00,75.00,25.00,74.00,41.15,942.75,942.75,16.15,25.50,74.50,1.00,1.00,28591.28,25219.75,25118.75,28581.28,25,74,74,25,64870.01,64853.34,,
2026-07-15T07:33:27+08:00,btc-updown-5m-1784071800,https://polymarket.com/zh/event/btc-updown-5m-1784071800,07:30-07:35,27.00,74.00,26.00,73.00,11.96,435.11,435.11,11.96,26.50,73.50,1.00,1.00,28591.28,25218.75,25139.76,28591.28,26,73,73,26,64870.01,64853.34,,
2026-07-15T07:33:29+08:00,btc-updown-5m-1784071800,https://polymarket.com/zh/event/btc-updown-5m-1784071800,07:30-07:35,26.00,75.00,25.00,74.00,475.41,131.44,131.44,425.41,25.50,74.50,1.00,1.00,28596.28,25155.75,25260.75,28586.28,25,74,74,25,64870.01,64853.34,,
2026-07-15T07:33:31+08:00,btc-updown-5m-1784071800,https://polymarket.com/zh/event/btc-updown-5m-1784071800,07:30-07:35,26.00,75.00,25.00,74.00,774.38,242.32,242.32,774.38,25.50,74.50,1.00,1.00,28576.28,25255.75,25116.75,28542.28,25,74,74,25,64870.01,64853.35,,
2026-07-15T07:33:33+08:00,btc-updown-5m-1784071800,https://polymarket.com/zh/event/btc-updown-5m-1784071800,07:30-07:35,26.00,75.00,25.00,74.00,295.64,345.99,345.99,295.64,25.50,74.50,1.00,1.00,28027.28,24596.75,24671.75,28027.28,25,74,74,25,64870.01,64853.35,,
2026-07-15T07:33:35+08:00,btc-updown-5m-1784071800,https://polymarket.com/zh/event/btc-updown-5m-1784071800,07:30-07:35,29.00,72.00,28.00,71.00,39.69,409.40,488.11,27.85,28.50,71.50,1.00,1.00,28027.28,24682.75,24591.75,28027.28,28,71,71,28,64870.01,64853.35,,
2026-07-15T07:33:37+08:00,btc-updown-5m-1784071800,https://polymarket.com/zh/event/btc-updown-5m-1784071800,07:30-07:35,28.00,73.00,27.00,72.00,418.39,71.63,53.00,449.63,27.50,72.50,1.00,1.00,28027.28,24697.75,24697.75,28027.28,27,72,72,27,64870.01,64853.35,,
2026-07-15T07:33:38+08:00,btc-updown-5m-1784071800,https://polymarket.com/zh/event/btc-updown-5m-1784071800,07:30-07:35,27.00,74.00,26.00,73.00,486.83,73.00,73.00,486.83,26.50,73.50,1.00,1.00,28272.28,24612.75,24698.75,28027.28,26,73,73,26,64870.01,64853.35,,
2026-07-15T07:33:40+08:00,btc-updown-5m-1784071800,https://polymarket.com/zh/event/btc-updown-5m-1784071800,07:30-07:35,26.00,75.00,25.00,74.00,374.96,56.00,36.00,274.40,25.50,74.50,1.00,1.00,28017.28,24703.75,24612.75,28012.28,25,74,74,25,64870.01,64853.35,,
2026-07-15T07:33:42+08:00,btc-updown-5m-1784071800,https://polymarket.com/zh/event/btc-updown-5m-1784071800,07:30-07:35,26.00,77.00,25.00,76.00,644.23,110.70,10.70,566.77,25.50,76.50,1.00,1.00,28002.28,24608.76,24597.75,28017.28,24,74,76,23,64870.01,64853.35,,
2026-07-15T07:33:44+08:00,btc-updown-5m-1784071800,https://polymarket.com/zh/event/btc-updown-5m-1784071800,07:30-07:35,23.00,78.00,22.00,77.00,15.00,496.60,456.60,15.00,22.50,77.50,1.00,1.00,28262.28,24852.75,24852.75,28267.28,22,77,77,22,64870.01,64853.35,,
2026-07-15T07:33:46+08:00,btc-updown-5m-1784071800,https://polymarket.com/zh/event/btc-updown-5m-1784071800,07:30-07:35,25.00,76.00,24.00,75.00,155.98,383.00,358.40,155.98,24.50,75.50,1.00,1.00,27912.28,24652.75,24727.75,27917.28,24,75,75,24,64870.01,64853.35,,
2026-07-15T07:33:48+08:00,btc-updown-5m-1784071800,https://polymarket.com/zh/event/btc-updown-5m-1784071800,07:30-07:35,24.00,77.00,23.00,76.00,64.04,546.23,551.23,30.70,23.50,76.50,1.00,1.00,28147.28,24762.76,24668.75,28147.28,23,76,76,23,64870.01,64853.35,,
2026-07-15T07:33:50+08:00,btc-updown-5m-1784071800,https://polymarket.com/zh/event/btc-updown-5m-1784071800,07:30-07:35,24.00,77.00,23.00,76.00,22.36,553.09,553.09,22.36,23.50,76.50,1.00,1.00,28557.28,24642.75,24648.76,28547.28,23,76,76,23,64870.01,64853.35,,
2026-07-15T07:33:52+08:00,btc-updown-5m-1784071800,https://polymarket.com/zh/event/btc-updown-5m-1784071800,07:30-07:35,24.00,77.00,23.00,76.00,797.22,55.00,55.00,797.22,23.50,76.50,1.00,1.00,28547.28,24767.75,24642.75,28552.28,23,76,76,23,64870.01,64853.35,,
2026-07-15T07:33:54+08:00,btc-updown-5m-1784071800,https://polymarket.com/zh/event/btc-updown-5m-1784071800,07:30-07:35,24.00,77.00,23.00,76.00,797.22,25.00,29.53,867.22,23.50,76.50,1.00,1.00,28547.28,24657.75,24758.76,28557.28,23,76,76,23,64870.01,64853.35,,
2026-07-15T07:33:55+08:00,btc-updown-5m-1784071800,https://polymarket.com/zh/event/btc-updown-5m-1784071800,07:30-07:35,23.00,78.00,22.00,77.00,255.95,217.93,217.93,255.95,22.50,77.50,1.00,1.00,28547.28,24737.75,24647.75,28547.28,22,77,77,22,64870.01,64853.35,,
2026-07-15T07:33:57+08:00,btc-updown-5m-1784071800,https://polymarket.com/zh/event/btc-updown-5m-1784071800,07:30-07:35,23.00,78.00,22.00,77.00,155.53,198.54,198.54,155.53,22.50,77.50,1.00,1.00,29141.28,24787.75,24787.75,29136.28,22,77,77,22,64870.01,64853.35,,
2026-07-15T07:33:59+08:00,btc-updown-5m-1784071800,https://polymarket.com/zh/event/btc-updown-5m-1784071800,07:30-07:35,20.00,81.00,19.00,80.00,172.95,26.24,38.13,159.53,19.50,80.50,1.00,1.00,29026.28,24948.75,24832.75,29031.28,19,80,80,19,64870.01,64853.35,,
2026-07-15T07:34:01+08:00,btc-updown-5m-1784071800,https://polymarket.com/zh/event/btc-updown-5m-1784071800,07:30-07:35,20.00,81.00,19.00,80.00,79.00,609.54,559.54,79.00,19.50,80.50,1.00,1.00,28558.28,24842.25,24938.25,28558.28,19,80,80,19,64870.01,64853.35,,
2026-07-15T07:34:03+08:00,btc-updown-5m-1784071800,https://polymarket.com/zh/event/btc-updown-5m-1784071800,07:30-07:35,20.00,80.00,19.00,79.00,57.76,299.36,488.81,119.50,19.50,79.50,1.00,1.00,28622.76,24836.25,24857.26,28617.76,19,80,79,20,64870.01,64853.35,,
2026-07-15T07:34:05+08:00,btc-updown-5m-1784071800,https://polymarket.com/zh/event/btc-updown-5m-1784071800,07:30-07:35,22.00,79.00,21.00,78.00,83.24,341.97,405.27,83.24,21.50,78.50,1.00,1.00,28622.76,24826.25,24846.25,28622.76,21,78,78,21,64870.01,64853.35,,
2026-07-15T07:34:07+08:00,btc-updown-5m-1784071800,https://polymarket.com/zh/event/btc-updown-5m-1784071800,07:30-07:35,18.00,83.00,17.00,82.00,459.76,73.79,183.85,606.12,17.50,82.50,1.00,1.00,28542.76,24697.25,24601.25,28547.76,17,82,82,17,64870.01,64853.35,,
2026-07-15T07:34:09+08:00,btc-updown-5m-1784071800,https://polymarket.com/zh/event/btc-updown-5m-1784071800,07:30-07:35,18.00,83.00,17.00,82.00,30.04,764.70,764.70,93.04,17.50,82.50,1.00,1.00,28562.76,24687.25,24802.25,28562.76,17,82,82,17,64870.01,64853.35,,
2026-07-15T07:34:11+08:00,btc-updown-5m-1784071800,https://polymarket.com/zh/event/btc-updown-5m-1784071800,07:30-07:35,18.00,83.00,17.00,82.00,118.92,50.57,50.57,118.92,17.50,82.50,1.00,1.00,28634.76,24582.25,24691.25,28634.76,17,82,82,17,64870.01,64853.35,,
2026-07-15T07:34:12+08:00,btc-updown-5m-1784071800,https://polymarket.com/zh/event/btc-updown-5m-1784071800,07:30-07:35,17.00,84.00,16.00,83.00,50.00,156.75,138.40,195.11,16.50,83.50,1.00,1.00,28654.76,24697.25,24592.25,28659.76,16,83,83,16,64870.01,64853.34,,
2026-07-15T07:34:14+08:00,btc-updown-5m-1784071800,https://polymarket.com/zh/event/btc-updown-5m-1784071800,07:30-07:35,18.00,83.00,17.00,82.00,441.69,148.92,148.92,441.69,17.50,82.50,1.00,1.00,28654.76,24691.25,24592.25,28659.76,17,82,82,17,64870.01,64853.34,,
2026-07-15T07:34:16+08:00,btc-updown-5m-1784071800,https://polymarket.com/zh/event/btc-updown-5m-1784071800,07:30-07:35,14.00,87.00,13.00,86.00,53.64,152.82,49.04,46.97,13.50,86.50,1.00,1.00,28756.79,24697.25,24581.25,28653.49,13,86,86,13,64870.01,64853.35,,
2026-07-15T07:34:18+08:00,btc-updown-5m-1784071800,https://polymarket.com/zh/event/btc-updown-5m-1784071800,07:30-07:35,17.00,84.00,16.00,83.00,340.02,14.56,22.84,340.02,16.50,83.50,1.00,1.00,28741.24,24681.25,24582.25,28746.24,16,83,83,16,64870.01,64853.35,,
2026-07-15T07:34:20+08:00,btc-updown-5m-1784071800,https://polymarket.com/zh/event/btc-updown-5m-1784071800,07:30-07:35,17.00,84.00,16.00,83.00,20.36,287.14,306.73,20.36,16.50,83.50,1.00,1.00,28741.24,24626.25,24711.25,28746.24,16,83,83,16,64870.01,64853.35,,
2026-07-15T07:34:22+08:00,btc-updown-5m-1784071800,https://polymarket.com/zh/event/btc-updown-5m-1784071800,07:30-07:35,14.00,87.00,13.00,86.00,63.50,64.32,64.32,63.50,13.50,86.50,1.00,1.00,27648.08,24716.25,24616.25,27697.24,13,86,86,13,64870.01,64853.35,,
2026-07-15T07:34:24+08:00,btc-updown-5m-1784071800,https://polymarket.com/zh/event/btc-updown-5m-1784071800,07:30-07:35,16.00,85.00,15.00,84.00,543.35,282.10,74.26,32.24,15.50,84.50,1.00,1.00,27742.24,24617.25,24731.25,27702.24,15,84,84,15,64870.01,64853.34,,
2026-07-15T07:34:26+08:00,btc-updown-5m-1784071800,https://polymarket.com/zh/event/btc-updown-5m-1784071800,07:30-07:35,16.00,85.00,15.00,84.00,50.00,360.37,297.11,50.00,15.50,84.50,1.00,1.00,26933.24,24621.25,24732.26,26923.24,15,84,84,15,64870.01,64853.35,,
2026-07-15T07:34:28+08:00,btc-updown-5m-1784071800,https://polymarket.com/zh/event/btc-updown-5m-1784071800,07:30-07:35,14.00,88.00,13.00,87.00,24.60,18.12,24.25,13.00,13.50,87.50,1.00,1.00,27023.24,24736.25,24626.25,27018.24,13,86,87,12,64870.01,64853.35,,
2026-07-15T07:34:30+08:00,btc-updown-5m-1784071800,https://polymarket.com/zh/event/btc-updown-5m-1784071800,07:30-07:35,13.00,88.00,12.00,87.00,76.11,71.68,71.68,100.61,12.50,87.50,1.00,1.00,26917.92,24646.25,24396.25,26612.92,12,87,87,12,64870.01,64853.35,,
2026-07-15T07:34:32+08:00,btc-updown-5m-1784071800,https://polymarket.com/zh/event/btc-updown-5m-1784071800,07:30-07:35,11.00,90.00,10.00,89.00,63.84,263.28,281.17,63.84,10.50,89.50,1.00,1.00,26235.00,24291.26,24296.25,26235.00,10,89,89,10,64870.01,64853.35,,
2026-07-15T07:34:33+08:00,btc-updown-5m-1784071800,https://polymarket.com/zh/event/btc-updown-5m-1784071800,07:30-07:35,9.00,92.00,8.00,91.00,13.00,65.84,65.84,18.85,8.50,91.50,1.00,1.00,26291.54,24750.25,24765.25,26320.13,8,91,91,8,64870.01,64853.34,,
2026-07-15T07:34:35+08:00,btc-updown-5m-1784071800,https://polymarket.com/zh/event/btc-updown-5m-1784071800,07:30-07:35,9.00,95.00,8.00,94.00,51.74,1265.16,63.50,13.00,8.50,94.50,1.00,1.00,24816.24,23954.26,23954.26,24537.60,8,90,93,5,64870.01,64853.35,,
2026-07-15T07:34:37+08:00,btc-updown-5m-1784071800,https://polymarket.com/zh/event/btc-updown-5m-1784071800,07:30-07:35,6.00,95.00,5.00,94.00,196.44,481.42,656.85,196.44,5.50,94.50,1.00,1.00,23537.89,23820.27,23804.26,23367.46,5,94,94,5,64870.01,64853.34,,
2026-07-15T07:34:39+08:00,btc-updown-5m-1784071800,https://polymarket.com/zh/event/btc-updown-5m-1784071800,07:30-07:35,4.00,97.00,3.00,96.00,846.26,285.02,327.19,846.26,3.50,96.50,1.00,1.00,17811.40,22820.26,22826.27,17769.23,3,96,96,3,64870.01,64850.11,,
2026-07-15T07:34:41+08:00,btc-updown-5m-1784071800,https://polymarket.com/zh/event/btc-updown-5m-1784071800,07:30-07:35,3.00,98.00,2.00,97.00,2127.46,309.09,309.09,2127.46,2.50,97.50,1.00,1.00,16730.38,21748.26,21758.26,16730.38,2,97,97,2,64870.01,64850.01,,
2026-07-15T07:34:43+08:00,btc-updown-5m-1784071800,https://polymarket.com/zh/event/btc-updown-5m-1784071800,07:30-07:35,3.00,98.00,2.00,97.00,2117.95,43.67,18.16,2117.95,2.50,97.50,1.00,1.00,9439.45,22632.15,22601.14,9464.96,2,97,97,2,64870.01,64850.00,,
2026-07-15T07:34:45+08:00,btc-updown-5m-1784071800,https://polymarket.com/zh/event/btc-updown-5m-1784071800,07:30-07:35,2.00,99.00,1.00,98.00,426.11,4012.06,4279.66,414.11,1.50,98.50,1.00,1.00,4279.66,22584.14,21713.16,4012.06,1,98,98,1,64870.01,64850.01,,
2026-07-15T07:34:46+08:00,btc-updown-5m-1784071800,https://polymarket.com/zh/event/btc-updown-5m-1784071800,07:30-07:35,2.00,99.00,1.00,98.00,881.88,2038.65,2048.71,841.88,1.50,98.50,1.00,1.00,2048.71,21647.15,21642.15,2038.65,1,98,98,1,64870.01,64850.01,,
2026-07-15T07:34:48+08:00,btc-updown-5m-1784071800,https://polymarket.com/zh/event/btc-updown-5m-1784071800,07:30-07:35,1.00,,,99.00,2547.33,,,2311.33,,,,,,20488.16,20482.15,,0,80,80,0,64870.01,64850.01,,
2026-07-15T07:34:50+08:00,btc-updown-5m-1784071800,https://polymarket.com/zh/event/btc-updown-5m-1784071800,07:30-07:35,1.00,,,99.00,2057.65,,,1993.65,,,,,,13482.15,13448.16,,0,79,79,0,64870.01,64850.01,,
2026-07-15T07:34:52+08:00,btc-updown-5m-1784071800,https://polymarket.com/zh/event/btc-updown-5m-1784071800,07:30-07:35,1.00,,,99.00,1844.94,,,1874.94,,,,,,12979.63,12954.63,,0,76,76,0,64870.01,64850.01,,
2026-07-15T07:34:54+08:00,btc-updown-5m-1784071800,https://polymarket.com/zh/event/btc-updown-5m-1784071800,07:30-07:35,1.00,,,99.00,3046.30,,,3046.30,,,,,,12718.15,12697.15,,0,76,77,0,64870.01,64850.01,,
2026-07-15T07:34:56+08:00,btc-updown-5m-1784071800,https://polymarket.com/zh/event/btc-updown-5m-1784071800,07:30-07:35,1.00,,,99.00,8459.71,,,8459.71,,,,,,13627.15,13633.15,,0,79,79,0,64870.01,64851.30,,
2026-07-15T07:34:58+08:00,btc-updown-5m-1784071800,https://polymarket.com/zh/event/btc-updown-5m-1784071800,07:30-07:35,1.00,,,99.00,14652.50,,,23307.70,,,,,,13668.88,13674.89,,0,81,86,0,64870.01,64851.30,,
2026-07-15T07:35:00+08:00,btc-updown-5m-1784071800,https://polymarket.com/zh/event/btc-updown-5m-1784071800,07:30-07:35,1.00,,,99.00,92751.61,,,92908.95,,,,,,10843.55,9873.55,,0,74,50,0,64870.01,64851.31,,
2026-07-15T07:35:02+08:00,btc-updown-5m-1784072100,https://polymarket.com/zh/event/btc-updown-5m-1784072100,07:35-07:40,55.00,46.00,54.00,45.00,242.39,154.93,154.93,218.39,54.50,45.50,1.00,1.00,22725.89,20389.33,20369.33,22845.89,54,45,45,54,64859.23,64859.23,,
2026-07-15T07:35:04+08:00,btc-updown-5m-1784072100,https://polymarket.com/zh/event/btc-updown-5m-1784072100,07:35-07:40,58.00,39.00,57.00,38.00,20.75,387.81,433.10,169.85,57.50,38.50,1.00,1.00,23539.90,20643.33,20603.33,23139.89,57,42,38,61,64859.23,64859.22,,
2026-07-15T07:35:06+08:00,btc-updown-5m-1784072100,https://polymarket.com/zh/event/btc-updown-5m-1784072100,07:35-07:40,62.00,39.00,61.00,38.00,582.83,238.85,238.85,582.83,61.50,38.50,1.00,1.00,23264.89,20828.33,20848.33,23764.90,61,38,38,61,64859.23,64859.22,,
2026-07-15T07:35:07+08:00,btc-updown-5m-1784072100,https://polymarket.com/zh/event/btc-updown-5m-1784072100,07:35-07:40,62.00,39.00,61.00,38.00,504.92,96.50,119.76,504.92,61.50,38.50,1.00,1.00,22865.89,20543.33,20528.33,22980.89,61,38,38,61,64859.23,64859.22,,
2026-07-15T07:35:09+08:00,btc-updown-5m-1784072100,https://polymarket.com/zh/event/btc-updown-5m-1784072100,07:35-07:40,62.00,39.00,61.00,38.00,183.04,892.26,905.09,147.81,61.50,38.50,1.00,1.00,21475.90,18528.33,18533.33,20870.89,61,38,38,61,64859.23,64859.22,,
2026-07-15T07:35:11+08:00,btc-updown-5m-1784072100,https://polymarket.com/zh/event/btc-updown-5m-1784072100,07:35-07:40,63.00,38.00,62.00,37.00,233.74,648.41,640.84,249.04,62.50,37.50,1.00,1.00,20688.29,18325.73,18345.73,20773.29,62,37,37,62,64859.23,64859.22,,
2026-07-15T07:35:13+08:00,btc-updown-5m-1784072100,https://polymarket.com/zh/event/btc-updown-5m-1784072100,07:35-07:40,63.00,38.00,62.00,37.00,220.12,365.89,330.87,220.12,62.50,37.50,1.00,1.00,20773.29,18330.73,18759.73,20668.29,62,37,37,62,64859.23,64859.23,,
2026-07-15T07:35:15+08:00,btc-updown-5m-1784072100,https://polymarket.com/zh/event/btc-updown-5m-1784072100,07:35-07:40,64.00,38.00,63.00,37.00,1135.49,444.51,110.00,428.94,63.50,37.50,1.00,1.00,21403.89,19300.73,19315.73,21423.89,63,36,37,62,64859.23,64860.53,,
2026-07-15T07:35:17+08:00,btc-updown-5m-1784072100,https://polymarket.com/zh/event/btc-updown-5m-1784072100,07:35-07:40,63.00,36.00,62.00,34.00,105.00,22.79,1445.08,47.05,62.50,35.00,1.00,2.00,21717.29,19460.73,19494.73,21612.30,62,37,34,63,64859.23,64865.39,,
2026-07-15T07:35:19+08:00,btc-updown-5m-1784072100,https://polymarket.com/zh/event/btc-updown-5m-1784072100,07:35-07:40,71.00,30.00,70.00,29.00,390.52,1030.92,1030.92,423.70,70.50,29.50,1.00,1.00,21717.29,19498.73,19483.73,21637.29,70,29,29,70,64859.23,64874.64,,
2026-07-15T07:35:21+08:00,btc-updown-5m-1784072100,https://polymarket.com/zh/event/btc-updown-5m-1784072100,07:35-07:40,71.00,29.00,70.00,28.00,120.03,200.45,1592.64,285.00,70.50,28.50,1.00,1.00,22590.61,19403.73,19413.73,21955.61,70,29,28,71,64859.23,64874.64,,
2026-07-15T07:35:23+08:00,btc-updown-5m-1784072100,https://polymarket.com/zh/event/btc-updown-5m-1784072100,07:35-07:40,71.00,30.00,70.00,29.00,381.59,72.66,72.66,381.59,70.50,29.50,1.00,1.00,22470.62,19497.73,19497.73,22055.61,70,29,29,70,64859.23,64874.64,,
2026-07-15T07:35:25+08:00,btc-updown-5m-1784072100,https://polymarket.com/zh/event/btc-updown-5m-1784072100,07:35-07:40,73.00,28.00,72.00,27.00,109.71,697.67,697.67,54.71,72.50,27.50,1.00,1.00,22875.91,20236.02,20231.02,22480.90,72,27,27,72,64859.23,64874.64,,
2026-07-15T07:35:27+08:00,btc-updown-5m-1784072100,https://polymarket.com/zh/event/btc-updown-5m-1784072100,07:35-07:40,73.00,28.00,72.00,27.00,1030.85,524.22,524.22,1030.85,72.50,27.50,1.00,1.00,23398.19,20910.01,20925.01,23067.49,72,27,27,72,64859.23,64874.65,,
2026-07-15T07:35:29+08:00,btc-updown-5m-1784072100,https://polymarket.com/zh/event/btc-updown-5m-1784072100,07:35-07:40,73.00,28.00,72.00,27.00,593.45,107.55,128.99,604.73,72.50,27.50,1.00,1.00,23144.59,21074.71,21074.71,23769.60,72,27,27,72,64859.23,64874.64,,
2026-07-15T07:35:31+08:00,btc-updown-5m-1784072100,https://polymarket.com/zh/event/btc-updown-5m-1784072100,07:35-07:40,75.00,26.00,74.00,25.00,48.73,523.16,417.01,66.72,74.50,25.50,1.00,1.00,22784.59,20313.71,20313.71,22789.59,74,25,25,74,64859.23,64874.65,,
2026-07-15T07:35:33+08:00,btc-updown-5m-1784072100,https://polymarket.com/zh/event/btc-updown-5m-1784072100,07:35-07:40,81.00,20.00,80.00,18.00,65.79,781.89,713.78,55.57,80.50,19.00,1.00,2.00,23050.59,20173.71,20173.71,22960.60,80,19,18,80,64859.23,64888.29,,
2026-07-15T07:35:35+08:00,btc-updown-5m-1784072100,https://polymarket.com/zh/event/btc-updown-5m-1784072100,07:35-07:40,85.00,16.00,84.00,15.00,398.58,873.12,590.08,651.15,84.50,15.50,1.00,1.00,21955.59,19366.71,19406.71,22565.60,84,15,15,84,64859.23,64892.28,,
2026-07-15T07:35:37+08:00,btc-updown-5m-1784072100,https://polymarket.com/zh/event/btc-updown-5m-1784072100,07:35-07:40,85.00,16.00,84.00,15.00,200.22,1478.34,1309.34,158.22,84.50,15.50,1.00,1.00,22240.60,19723.98,19728.98,22140.59,84,15,15,84,64859.23,64895.51,,
2026-07-15T07:35:39+08:00,btc-updown-5m-1784072100,https://polymarket.com/zh/event/btc-updown-5m-1784072100,07:35-07:40,87.00,14.00,86.00,13.00,1058.01,343.01,343.01,1063.01,86.50,13.50,1.00,1.00,22243.59,19573.98,19548.98,22838.59,86,13,13,86,64859.23,64900.00,,
2026-07-15T07:35:40+08:00,btc-updown-5m-1784072100,https://polymarket.com/zh/event/btc-updown-5m-1784072100,07:35-07:40,86.00,15.00,85.00,14.00,594.88,36.40,369.74,611.07,85.50,14.50,1.00,1.00,22733.59,19404.71,19379.71,22338.59,85,14,14,85,64859.23,64899.99,,
2026-07-15T07:35:42+08:00,btc-updown-5m-1784072100,https://polymarket.com/zh/event/btc-updown-5m-1784072100,07:35-07:40,86.00,15.00,85.00,14.00,5.00,959.66,856.27,5.00,85.50,14.50,1.00,1.00,22743.60,19762.37,19595.47,22333.59,85,14,14,85,64859.23,64899.99,,
2026-07-15T07:35:44+08:00,btc-updown-5m-1784072100,https://polymarket.com/zh/event/btc-updown-5m-1784072100,07:35-07:40,88.00,13.00,87.00,12.00,1331.43,218.40,218.40,1336.43,87.50,12.50,1.00,1.00,22263.59,21060.47,21060.47,22158.59,87,12,12,87,64859.23,64903.24,,
2026-07-15T07:35:46+08:00,btc-updown-5m-1784072100,https://polymarket.com/zh/event/btc-updown-5m-1784072100,07:35-07:40,85.00,16.00,84.00,15.00,421.85,470.83,464.65,350.55,84.50,15.50,1.00,1.00,22763.59,22693.71,22693.71,22668.60,84,15,15,84,64859.23,64903.25,,
2026-07-15T07:35:48+08:00,btc-updown-5m-1784072100,https://polymarket.com/zh/event/btc-updown-5m-1784072100,07:35-07:40,85.00,16.00,84.00,15.00,214.05,329.82,329.82,214.05,84.50,15.50,1.00,1.00,22178.59,22253.71,22253.71,22258.59,84,15,15,84,64859.23,64903.24,,
2026-07-15T07:35:50+08:00,btc-updown-5m-1784072100,https://polymarket.com/zh/event/btc-updown-5m-1784072100,07:35-07:40,86.00,15.00,85.00,14.00,446.31,621.68,582.40,354.31,85.50,14.50,1.00,1.00,22168.59,22005.71,21990.71,22268.59,85,14,14,85,64859.23,64903.24,,
2026-07-15T07:35:52+08:00,btc-updown-5m-1784072100,https://polymarket.com/zh/event/btc-updown-5m-1784072100,07:35-07:40,86.00,15.00,85.00,14.00,148.75,148.41,927.94,419.17,85.50,14.50,1.00,1.00,22745.59,22130.43,21950.71,22145.59,85,14,14,85,64859.23,64903.24,,
2026-07-15T07:35:54+08:00,btc-updown-5m-1784072100,https://polymarket.com/zh/event/btc-updown-5m-1784072100,07:35-07:40,86.00,15.00,85.00,14.00,282.64,247.15,247.15,282.64,85.50,14.50,1.00,1.00,22645.59,22014.34,22014.34,22150.59,85,14,14,85,64859.23,64903.24,,
2026-07-15T07:35:56+08:00,btc-updown-5m-1784072100,https://polymarket.com/zh/event/btc-updown-5m-1784072100,07:35-07:40,85.00,16.00,84.00,15.00,195.71,175.45,187.40,289.66,84.50,15.50,1.00,1.00,22135.59,21905.71,21874.71,22235.59,84,15,15,84,64859.23,64903.24,,
2026-07-15T07:35:58+08:00,btc-updown-5m-1784072100,https://polymarket.com/zh/event/btc-updown-5m-1784072100,07:35-07:40,85.00,16.00,84.00,15.00,409.25,278.14,294.95,409.25,84.50,15.50,1.00,1.00,22250.59,21939.71,21934.71,22665.60,84,15,15,84,64859.23,64903.24,,
2026-07-15T07:36:00+08:00,btc-updown-5m-1784072100,https://polymarket.com/zh/event/btc-updown-5m-1784072100,07:35-07:40,87.00,14.00,86.00,13.00,457.80,203.48,76.08,1064.67,86.50,13.50,1.00,1.00,30055.59,22147.50,22090.17,30350.60,86,13,13,86,64859.23,64903.24,,
2026-07-15T07:36:02+08:00,btc-updown-5m-1784072100,https://polymarket.com/zh/event/btc-updown-5m-1784072100,07:35-07:40,87.00,14.00,86.00,13.00,779.18,80.49,80.49,778.75,86.50,13.50,1.00,1.00,30622.60,22814.24,23330.65,29992.59,86,13,13,86,64859.23,64903.24,,
2026-07-15T07:36:04+08:00,btc-updown-5m-1784072100,https://polymarket.com/zh/event/btc-updown-5m-1784072100,07:35-07:40,87.00,14.00,86.00,13.00,461.82,518.71,512.38,461.82,86.50,13.50,1.00,1.00,30112.59,23735.26,23725.26,30107.59,86,13,13,86,64859.23,64903.24,,
2026-07-15T07:36:06+08:00,btc-updown-5m-1784072100,https://polymarket.com/zh/event/btc-updown-5m-1784072100,07:35-07:40,89.00,12.00,88.00,11.00,499.00,615.46,266.83,339.61,88.50,11.50,1.00,1.00,30012.60,19888.40,20409.56,30467.59,88,11,11,88,64859.23,64903.24,,
2026-07-15T07:36:08+08:00,btc-updown-5m-1784072100,https://polymarket.com/zh/event/btc-updown-5m-1784072100,07:35-07:40,92.00,9.00,91.00,8.00,972.16,44.09,98.08,972.16,91.50,8.50,1.00,1.00,29967.59,21422.28,22367.28,29857.59,91,8,8,91,64859.23,64917.68,,
2026-07-15T07:36:10+08:00,btc-updown-5m-1784072100,https://polymarket.com/zh/event/btc-updown-5m-1784072100,07:35-07:40,89.00,12.00,88.00,11.00,873.68,137.84,147.81,885.39,88.50,11.50,1.00,1.00,29877.59,21432.40,21432.40,30262.59,88,11,11,88,64859.23,64907.84,,
2026-07-15T07:36:11+08:00,btc-updown-5m-1784072100,https://polymarket.com/zh/event/btc-updown-5m-1784072100,07:35-07:40,87.00,14.00,86.00,13.00,49.25,789.79,789.79,38.90,86.50,13.50,1.00,1.00,30362.59,21747.23,21747.23,30277.60,86,13,13,86,64859.23,64907.85,,
2026-07-15T07:36:13+08:00,btc-updown-5m-1784072100,https://polymarket.com/zh/event/btc-updown-5m-1784072100,07:35-07:40,88.00,13.00,87.00,12.00,397.49,422.49,397.49,347.49,87.50,12.50,1.00,1.00,29762.59,21525.75,21575.75,30267.59,87,12,12,87,64859.23,64907.85,,
2026-07-15T07:36:15+08:00,btc-updown-5m-1784072100,https://polymarket.com/zh/event/btc-updown-5m-1784072100,07:35-07:40,91.00,10.00,90.00,9.00,287.86,91.69,98.38,491.78,90.50,9.50,1.00,1.00,30267.59,21858.43,21873.43,29777.59,90,9,9,90,64859.23,64909.15,,
2026-07-15T07:36:17+08:00,btc-updown-5m-1784072100,https://polymarket.com/zh/event/btc-updown-5m-1784072100,07:35-07:40,92.00,9.00,91.00,8.00,929.03,86.60,76.60,929.03,91.50,8.50,1.00,1.00,30362.60,22073.68,22058.68,29767.59,91,8,8,91,64859.23,64914.28,,
2026-07-15T07:36:19+08:00,btc-updown-5m-1784072100,https://polymarket.com/zh/event/btc-updown-5m-1784072100,07:35-07:40,91.00,10.00,90.00,9.00,87.50,828.53,768.53,92.50,90.50,9.50,1.00,1.00,30372.59,22036.77,22101.77,29777.59,90,9,9,90,64859.23,64916.28,,
2026-07-15T07:36:21+08:00,btc-updown-5m-1784072100,https://polymarket.com/zh/event/btc-updown-5m-1784072100,07:35-07:40,93.00,8.00,92.00,7.00,587.32,179.25,337.03,668.48,92.50,7.50,1.00,1.00,28367.60,20937.83,21377.83,28252.59,92,7,7,92,64859.23,64917.68,,
2026-07-15T07:36:23+08:00,btc-updown-5m-1784072100,https://polymarket.com/zh/event/btc-updown-5m-1784072100,07:35-07:40,92.00,9.00,91.00,8.00,25.00,884.35,877.66,28.91,91.50,8.50,1.00,1.00,28762.59,22001.55,22046.83,28867.59,91,8,8,91,64859.23,64922.13,,
2026-07-15T07:36:25+08:00,btc-updown-5m-1784072100,https://polymarket.com/zh/event/btc-updown-5m-1784072100,07:35-07:40,91.00,10.00,90.00,9.00,842.93,431.61,491.61,848.06,90.50,9.50,1.00,1.00,28362.59,21961.65,21952.65,28762.59,90,9,9,90,64859.23,64922.13,,
2026-07-15T07:36:27+08:00,btc-updown-5m-1784072100,https://polymarket.com/zh/event/btc-updown-5m-1784072100,07:35-07:40,90.00,11.00,89.00,10.00,803.75,546.72,592.18,803.75,89.50,10.50,1.00,1.00,28372.59,22077.21,22047.21,28252.59,89,10,10,89,64859.23,64917.00,,
2026-07-15T07:36:29+08:00,btc-updown-5m-1784072100,https://polymarket.com/zh/event/btc-updown-5m-1784072100,07:35-07:40,90.00,11.00,89.00,10.00,826.66,180.41,114.24,752.37,89.50,10.50,1.00,1.00,28257.59,21828.29,21823.29,28357.59,89,10,10,89,64859.23,64917.00,,
2026-07-15T07:36:31+08:00,btc-updown-5m-1784072100,https://polymarket.com/zh/event/btc-updown-5m-1784072100,07:35-07:40,90.00,11.00,89.00,10.00,542.93,419.94,419.94,306.31,89.50,10.50,1.00,1.00,27605.59,21495.47,21480.47,27600.59,89,10,10,89,64859.23,64917.00,,
2026-07-15T07:36:33+08:00,btc-updown-5m-1784072100,https://polymarket.com/zh/event/btc-updown-5m-1784072100,07:35-07:40,90.00,11.00,89.00,10.00,115.45,475.11,485.00,110.45,89.50,10.50,1.00,1.00,27625.59,21490.47,21480.47,27600.59,89,10,10,89,64859.23,64917.00,,
2026-07-15T07:36:35+08:00,btc-updown-5m-1784072100,https://polymarket.com/zh/event/btc-updown-5m-1784072100,07:35-07:40,90.00,11.00,89.00,10.00,206.90,548.73,548.73,54.87,89.50,10.50,1.00,1.00,27635.60,21440.47,21435.47,27705.59,89,10,10,89,64859.23,64917.00,,
2026-07-15T07:36:37+08:00,btc-updown-5m-1784072100,https://polymarket.com/zh/event/btc-updown-5m-1784072100,07:35-07:40,90.00,11.00,89.00,10.00,40.00,645.49,605.33,40.00,89.50,10.50,1.00,1.00,27615.60,21569.47,21569.47,27715.59,89,10,10,89,64859.23,64917.00,,
2026-07-15T07:36:39+08:00,btc-updown-5m-1784072100,https://polymarket.com/zh/event/btc-updown-5m-1784072100,07:35-07:40,91.00,10.00,90.00,9.00,599.90,657.54,657.54,634.93,90.50,9.50,1.00,1.00,27700.59,21553.27,21548.27,27630.60,90,9,9,90,64859.23,64917.00,,
2026-07-15T07:36:41+08:00,btc-updown-5m-1784072100,https://polymarket.com/zh/event/btc-updown-5m-1784072100,07:35-07:40,92.00,9.00,91.00,8.00,437.77,682.30,677.07,437.77,91.50,8.50,1.00,1.00,28210.60,21526.68,20926.68,27620.59,91,8,8,91,64859.23,64917.00,,
2026-07-15T07:36:42+08:00,btc-updown-5m-1784072100,https://polymarket.com/zh/event/btc-updown-5m-1784072100,07:35-07:40,92.00,9.00,91.00,8.00,534.84,567.13,605.49,534.94,91.50,8.50,1.00,1.00,28010.59,21418.63,21455.63,27500.60,91,8,8,91,64859.23,64916.99,,
2026-07-15T07:36:44+08:00,btc-updown-5m-1784072100,https://polymarket.com/zh/event/btc-updown-5m-1784072100,07:35-07:40,94.00,7.00,93.00,6.00,150.28,566.73,561.61,150.28,93.50,6.50,1.00,1.00,27620.59,20737.38,20839.30,27500.59,93,6,6,93,64859.23,64918.30,,
2026-07-15T07:36:46+08:00,btc-updown-5m-1784072100,https://polymarket.com/zh/event/btc-updown-5m-1784072100,07:35-07:40,94.00,7.00,93.00,6.00,259.46,600.01,600.01,257.32,93.50,6.50,1.00,1.00,28120.59,20451.88,20461.88,27600.59,93,6,6,93,64859.23,64921.86,,
2026-07-15T07:36:48+08:00,btc-updown-5m-1784072100,https://polymarket.com/zh/event/btc-updown-5m-1784072100,07:35-07:40,94.00,7.00,93.00,6.00,255.31,757.81,476.18,47.00,93.50,6.50,1.00,1.00,27520.59,20737.55,20631.24,27595.59,93,6,6,93,64859.23,64922.13,,
2026-07-15T07:36:50+08:00,btc-updown-5m-1784072100,https://polymarket.com/zh/event/btc-updown-5m-1784072100,07:35-07:40,96.00,5.00,95.00,4.00,727.58,540.62,507.59,801.79,95.50,4.50,1.00,1.00,27525.59,11527.84,12052.05,27400.59,95,4,4,95,64859.23,64923.43,,
2026-07-15T07:36:52+08:00,btc-updown-5m-1784072100,https://polymarket.com/zh/event/btc-updown-5m-1784072100,07:35-07:40,96.00,5.00,95.00,4.00,45.00,871.13,871.13,45.00,95.50,4.50,1.00,1.00,27786.59,11340.46,11378.70,27411.59,95,4,4,95,64859.23,64938.99,,
2026-07-15T07:36:54+08:00,btc-updown-5m-1784072100,https://polymarket.com/zh/event/btc-updown-5m-1784072100,07:35-07:40,96.00,5.00,95.00,4.00,634.19,674.79,751.39,633.75,95.50,4.50,1.00,1.00,27896.60,12094.58,12030.14,27296.59,95,4,4,95,64859.23,64940.29,,
2026-07-15T07:36:56+08:00,btc-updown-5m-1784072100,https://polymarket.com/zh/event/btc-updown-5m-1784072100,07:35-07:40,96.00,5.00,95.00,4.00,702.93,890.68,890.68,701.88,95.50,4.50,1.00,1.00,27401.59,12412.32,12216.27,27086.59,95,4,4,95,64859.23,64940.29,,
2026-07-15T07:36:58+08:00,btc-updown-5m-1784072100,https://polymarket.com/zh/event/btc-updown-5m-1784072100,07:35-07:40,96.00,5.00,95.00,4.00,566.04,875.46,919.08,566.04,95.50,4.50,1.00,1.00,27486.60,11798.95,11798.95,27076.59,95,4,4,95,64859.23,64940.29,,
2026-07-15T07:36:59+08:00,btc-updown-5m-1784072100,https://polymarket.com/zh/event/btc-updown-5m-1784072100,07:35-07:40,96.00,5.00,95.00,4.00,227.34,809.11,909.11,217.34,95.50,4.50,1.00,1.00,27566.59,11410.04,11365.04,26971.59,95,4,4,95,64859.23,64940.29,,
2026-07-15T07:37:01+08:00,btc-updown-5m-1784072100,https://polymarket.com/zh/event/btc-updown-5m-1784072100,07:35-07:40,96.00,5.00,95.00,4.00,825.00,682.91,682.91,805.09,95.50,4.50,1.00,1.00,27046.59,11830.01,11967.79,27061.59,95,4,4,95,64859.23,64940.29,,
2026-07-15T07:37:03+08:00,btc-updown-5m-1784072100,https://polymarket.com/zh/event/btc-updown-5m-1784072100,07:35-07:40,95.00,6.00,94.00,5.00,404.02,1699.46,1589.46,197.59,94.50,5.50,1.00,1.00,26861.59,12147.75,11966.32,26751.59,94,5,5,94,64859.23,64936.47,,
2026-07-15T07:37:05+08:00,btc-updown-5m-1784072100,https://polymarket.com/zh/event/btc-updown-5m-1784072100,07:35-07:40,96.00,5.00,95.00,4.00,422.88,282.37,124.51,357.57,95.50,4.50,1.00,1.00,26761.59,11809.27,11763.96,26761.59,95,4,4,95,64859.23,64931.48,,
2026-07-15T07:37:07+08:00,btc-updown-5m-1784072100,https://polymarket.com/zh/event/btc-updown-5m-1784072100,07:35-07:40,96.00,5.00,95.00,4.00,321.78,389.56,359.56,115.00,95.50,4.50,1.00,1.00,26776.59,10800.17,10568.39,26781.60,95,4,4,95,64859.23,64936.39,,
2026-07-15T07:37:09+08:00,btc-updown-5m-1784072100,https://polymarket.com/zh/event/btc-updown-5m-1784072100,07:35-07:40,97.00,4.00,96.00,3.00,723.54,1725.84,1725.84,948.54,96.50,3.50,1.00,1.00,26176.59,9788.84,9831.15,26291.59,96,3,3,96,64859.23,64936.00,,
2026-07-15T07:37:11+08:00,btc-updown-5m-1784072100,https://polymarket.com/zh/event/btc-updown-5m-1784072100,07:35-07:40,97.00,4.00,96.00,3.00,788.47,944.14,944.14,788.47,96.50,3.50,1.00,1.00,26166.59,9649.39,9555.39,26666.60,96,3,3,96,64859.23,64936.00,,
2026-07-15T07:37:13+08:00,btc-updown-5m-1784072100,https://polymarket.com/zh/event/btc-updown-5m-1784072100,07:35-07:40,97.00,4.00,96.00,3.00,812.06,1014.68,989.68,787.06,96.50,3.50,1.00,1.00,26151.59,9816.98,9761.98,26071.59,96,3,3,96,64859.23,64939.25,,
2026-07-15T07:37:15+08:00,btc-updown-5m-1784072100,https://polymarket.com/zh/event/btc-updown-5m-1784072100,07:35-07:40,97.00,4.00,96.00,3.00,797.02,1014.68,1014.68,785.78,96.50,3.50,1.00,1.00,26166.60,9766.94,9755.70,26061.59,96,3,3,96,64859.23,64938.00,,
2026-07-15T07:37:16+08:00,btc-updown-5m-1784072100,https://polymarket.com/zh/event/btc-updown-5m-1784072100,07:35-07:40,97.00,4.00,96.00,3.00,851.55,336.91,336.91,1011.98,96.50,3.50,1.00,1.00,26530.59,9729.47,9889.90,26000.59,96,3,3,96,64859.23,64938.00,,
2026-07-15T07:37:18+08:00,btc-updown-5m-1784072100,https://polymarket.com/zh/event/btc-updown-5m-1784072100,07:35-07:40,96.00,5.00,95.00,4.00,284.75,618.42,668.28,347.05,95.50,4.50,1.00,1.00,26792.59,9821.17,9483.47,27182.59,95,4,4,95,64859.23,64938.00,,
2026-07-15T07:37:20+08:00,btc-updown-5m-1784072100,https://polymarket.com/zh/event/btc-updown-5m-1784072100,07:35-07:40,96.00,5.00,95.00,4.00,135.00,1014.10,1014.10,135.00,95.50,4.50,1.00,1.00,26000.59,9618.42,9593.42,26115.59,95,4,4,95,64859.23,64938.01,,
2026-07-15T07:37:22+08:00,btc-updown-5m-1784072100,https://polymarket.com/zh/event/btc-updown-5m-1784072100,07:35-07:40,96.00,5.00,95.00,4.00,55.00,1188.91,1170.30,55.00,95.50,4.50,1.00,1.00,26035.59,9563.42,9563.42,26120.59,95,4,4,95,64859.23,64938.01,,
2026-07-15T07:37:24+08:00,btc-updown-5m-1784072100,https://polymarket.com/zh/event/btc-updown-5m-1784072100,07:35-07:40,97.00,4.00,96.00,3.00,588.72,184.21,184.21,588.72,96.50,3.50,1.00,1.00,25965.59,9534.64,9534.64,25955.59,96,3,3,96,64859.23,64938.00,,
2026-07-15T07:37:26+08:00,btc-updown-5m-1784072100,https://polymarket.com/zh/event/btc-updown-5m-1784072100,07:35-07:40,98.00,3.00,97.00,2.00,1375.92,415.29,423.23,1375.92,97.50,2.50,1.00,1.00,26065.59,8704.81,8704.81,25970.59,97,2,2,97,64859.23,64938.00,,
2026-07-15T07:37:28+08:00,btc-updown-5m-1784072100,https://polymarket.com/zh/event/btc-updown-5m-1784072100,07:35-07:40,98.00,3.00,97.00,2.00,1365.39,441.06,441.06,1360.22,97.50,2.50,1.00,1.00,25965.59,8742.28,8737.11,26070.59,97,2,2,97,64859.23,64938.00,,
2026-07-15T07:37:30+08:00,btc-updown-5m-1784072100,https://polymarket.com/zh/event/btc-updown-5m-1784072100,07:35-07:40,98.00,3.00,97.00,2.00,1234.88,969.35,939.35,155.00,97.50,2.50,1.00,1.00,26545.59,8596.77,7511.89,25965.59,97,2,2,97,64859.23,64938.00,,
2026-07-15T07:37:32+08:00,btc-updown-5m-1784072100,https://polymarket.com/zh/event/btc-updown-5m-1784072100,07:35-07:40,98.00,3.00,97.00,2.00,275.00,1058.16,1058.16,300.00,97.50,2.50,1.00,1.00,25834.04,7296.74,7301.74,26229.04,97,2,2,97,64859.23,64938.00,,
2026-07-15T07:37:33+08:00,btc-updown-5m-1784072100,https://polymarket.com/zh/event/btc-updown-5m-1784072100,07:35-07:40,98.00,3.00,97.00,2.00,50.00,951.27,951.27,50.00,97.50,2.50,1.00,1.00,25624.04,6816.25,6821.77,25739.04,97,2,2,97,64859.23,64938.00,,
2026-07-15T07:37:35+08:00,btc-updown-5m-1784072100,https://polymarket.com/zh/event/btc-updown-5m-1784072100,07:35-07:40,99.00,2.00,98.00,1.00,5532.83,716.00,845.00,5552.83,98.50,1.50,1.00,1.00,26234.05,5532.83,5552.83,26119.04,98,1,1,98,64859.23,64940.28,,
2026-07-15T07:37:37+08:00,btc-updown-5m-1784072100,https://polymarket.com/zh/event/btc-updown-5m-1784072100,07:35-07:40,99.00,2.00,98.00,1.00,5130.53,444.37,444.37,5160.53,98.50,1.50,1.00,1.00,26139.04,5130.53,5160.53,25619.04,98,1,1,98,64859.23,64940.29,,
2026-07-15T07:37:39+08:00,btc-updown-5m-1784072100,https://polymarket.com/zh/event/btc-updown-5m-1784072100,07:35-07:40,99.00,2.00,98.00,1.00,4634.45,816.80,816.80,4634.45,98.50,1.50,1.00,1.00,25837.05,4634.45,4634.45,25432.04,98,1,1,98,64859.23,64940.28,,
2026-07-15T07:37:41+08:00,btc-updown-5m-1784072100,https://polymarket.com/zh/event/btc-updown-5m-1784072100,07:35-07:40,99.00,2.00,98.00,1.00,3969.11,566.80,566.80,3964.11,98.50,1.50,1.00,1.00,25937.04,3969.11,3964.11,25932.04,98,1,1,98,64859.23,64940.29,,
2026-07-15T07:37:43+08:00,btc-updown-5m-1784072100,https://polymarket.com/zh/event/btc-updown-5m-1784072100,07:35-07:40,99.00,2.00,98.00,1.00,3929.66,963.95,963.95,3929.66,98.50,1.50,1.00,1.00,25432.04,3929.66,3929.66,25332.04,98,1,1,98,64859.23,64940.28,,
2026-07-15T07:37:45+08:00,btc-updown-5m-1784072100,https://polymarket.com/zh/event/btc-updown-5m-1784072100,07:35-07:40,99.00,2.00,98.00,1.00,3898.64,566.80,566.80,3897.62,98.50,1.50,1.00,1.00,25437.04,3898.64,3897.62,25437.05,98,1,1,98,64859.23,64940.28,,
2026-07-15T07:37:47+08:00,btc-updown-5m-1784072100,https://polymarket.com/zh/event/btc-updown-5m-1784072100,07:35-07:40,99.00,2.00,98.00,1.00,3790.01,749.49,749.49,3785.01,98.50,1.50,1.00,1.00,25837.05,3790.01,3785.01,25442.04,98,1,1,98,64859.23,64940.28,,
2026-07-15T07:37:49+08:00,btc-updown-5m-1784072100,https://polymarket.com/zh/event/btc-updown-5m-1784072100,07:35-07:40,99.00,2.00,98.00,1.00,3751.67,1006.90,1006.90,3352.67,98.50,1.50,1.00,1.00,25912.04,3751.67,3352.67,25852.05,98,1,1,98,64859.23,64940.28,,
2026-07-15T07:37:51+08:00,btc-updown-5m-1784072100,https://polymarket.com/zh/event/btc-updown-5m-1784072100,07:35-07:40,99.00,2.00,98.00,1.00,3151.67,1182.23,1182.23,3151.67,98.50,1.50,1.00,1.00,25832.05,3151.67,3151.67,25817.04,98,1,1,98,64859.23,64940.29,,
2026-07-15T07:37:53+08:00,btc-updown-5m-1784072100,https://polymarket.com/zh/event/btc-updown-5m-1784072100,07:35-07:40,99.00,2.00,98.00,1.00,2987.01,880.94,880.94,2987.01,98.50,1.50,1.00,1.00,25437.04,2987.01,2987.01,25837.04,98,1,1,98,64859.23,64940.28,,
2026-07-15T07:37:55+08:00,btc-updown-5m-1784072100,https://polymarket.com/zh/event/btc-updown-5m-1784072100,07:35-07:40,99.00,2.00,98.00,1.00,2911.97,837.61,787.61,2916.97,98.50,1.50,1.00,1.00,25317.04,2911.97,2916.97,25847.05,98,1,1,98,64859.23,64940.29,,
2026-07-15T07:37:56+08:00,btc-updown-5m-1784072100,https://polymarket.com/zh/event/btc-updown-5m-1784072100,07:35-07:40,99.00,2.00,98.00,1.00,2040.65,88.11,45.11,2040.65,98.50,1.50,1.00,1.00,25432.04,2040.65,2040.65,25317.04,98,1,1,98,64859.23,64940.28,,
2026-07-15T07:37:58+08:00,btc-updown-5m-1784072100,https://polymarket.com/zh/event/btc-updown-5m-1784072100,07:35-07:40,99.00,2.00,98.00,1.00,1969.65,93.11,93.11,1969.65,98.50,1.50,1.00,1.00,25337.04,1969.65,1969.65,25432.04,98,1,1,98,64859.23,64940.28,,
2026-07-15T07:38:00+08:00,btc-updown-5m-1784072100,https://polymarket.com/zh/event/btc-updown-5m-1784072100,07:35-07:40,99.00,2.00,98.00,1.00,1671.78,831.32,822.32,1696.78,98.50,1.50,1.00,1.00,23728.70,1671.78,1696.78,23748.70,98,1,1,98,64859.23,64940.28,,
2026-07-15T07:38:02+08:00,btc-updown-5m-1784072100,https://polymarket.com/zh/event/btc-updown-5m-1784072100,07:35-07:40,,1.00,99.00,,,10516.63,10516.63,,,,,,23825.36,,,23840.36,99,0,0,99,64859.23,64940.29,,
2026-07-15T07:38:04+08:00,btc-updown-5m-1784072100,https://polymarket.com/zh/event/btc-updown-5m-1784072100,07:35-07:40,,1.00,99.00,,,10693.82,10633.82,,,,,,24360.36,,,23830.37,99,0,0,99,64859.23,64942.89,,
2026-07-15T07:38:06+08:00,btc-updown-5m-1784072100,https://polymarket.com/zh/event/btc-updown-5m-1784072100,07:35-07:40,,1.00,99.00,,,10818.82,10818.82,,,,,,24335.36,,,23835.36,99,0,0,99,64859.23,64942.88,,
2026-07-15T07:38:08+08:00,btc-updown-5m-1784072100,https://polymarket.com/zh/event/btc-updown-5m-1784072100,07:35-07:40,,1.00,99.00,,,10818.82,10818.82,,,,,,23835.36,,,23830.36,99,0,0,99,64859.23,64942.88,,
2026-07-15T07:38:10+08:00,btc-updown-5m-1784072100,https://polymarket.com/zh/event/btc-updown-5m-1784072100,07:35-07:40,,1.00,99.00,,,10818.82,10818.82,,,,,,23378.70,,,23383.70,99,0,0,99,64859.23,64940.29,,
2026-07-15T07:38:12+08:00,btc-updown-5m-1784072100,https://polymarket.com/zh/event/btc-updown-5m-1784072100,07:35-07:40,,1.00,99.00,,,11298.87,11298.87,,,,,,23825.36,,,23810.36,99,0,0,99,64859.23,64941.29,,
2026-07-15T07:38:14+08:00,btc-updown-5m-1784072100,https://polymarket.com/zh/event/btc-updown-5m-1784072100,07:35-07:40,,1.00,99.00,,,15474.87,15474.87,,,,,,23810.36,,,23825.36,99,0,0,99,64859.23,64940.28,,
2026-07-15T07:38:15+08:00,btc-updown-5m-1784072100,https://polymarket.com/zh/event/btc-updown-5m-1784072100,07:35-07:40,,1.00,99.00,,,15479.88,15474.87,,,,,,23795.36,,,24330.37,99,0,0,99,64859.23,64940.29,,
2026-07-15T07:38:17+08:00,btc-updown-5m-1784072100,https://polymarket.com/zh/event/btc-updown-5m-1784072100,07:35-07:40,,1.00,99.00,,,15687.87,15692.88,,,,,,24305.37,,,23810.36,99,0,0,99,64859.23,64940.57,,
2026-07-15T07:38:19+08:00,btc-updown-5m-1784072100,https://polymarket.com/zh/event/btc-updown-5m-1784072100,07:35-07:40,,1.00,99.00,,,15662.87,15662.87,,,,,,24280.36,,,23775.36,99,0,0,99,64859.23,64948.00,,
2026-07-15T07:38:21+08:00,btc-updown-5m-1784072100,https://polymarket.com/zh/event/btc-updown-5m-1784072100,07:35-07:40,,1.00,99.00,,,15662.87,15667.88,,,,,,24290.37,,,23785.36,99,0,0,99,64859.23,64948.00,,
2026-07-15T07:38:23+08:00,btc-updown-5m-1784072100,https://polymarket.com/zh/event/btc-updown-5m-1784072100,07:35-07:40,,1.00,99.00,,,15918.88,15918.88,,,,,,23790.37,,,23795.37,99,0,0,99,64859.23,64926.24,,
2026-07-15T07:38:25+08:00,btc-updown-5m-1784072100,https://polymarket.com/zh/event/btc-updown-5m-1784072100,07:35-07:40,,1.00,99.00,,,12764.30,12764.30,,,,,,24285.37,,,23785.37,99,0,0,99,64859.23,64926.25,,
2026-07-15T07:38:27+08:00,btc-updown-5m-1784072100,https://polymarket.com/zh/event/btc-updown-5m-1784072100,07:35-07:40,,1.00,99.00,,,12674.29,12659.29,,,,,,24290.36,,,23780.36,99,0,0,99,64859.23,64926.25,,
2026-07-15T07:38:29+08:00,btc-updown-5m-1784072100,https://polymarket.com/zh/event/btc-updown-5m-1784072100,07:35-07:40,,1.00,99.00,,,12679.29,12679.29,,,,,,23785.36,,,24280.36,99,0,0,99,64859.23,64926.25,,
2026-07-15T07:38:31+08:00,btc-updown-5m-1784072100,https://polymarket.com/zh/event/btc-updown-5m-1784072100,07:35-07:40,,1.00,99.00,,,11110.74,11110.74,,,,,,23323.70,,,23309.70,99,0,0,99,64859.23,64921.00,,
2026-07-15T07:38:33+08:00,btc-updown-5m-1784072100,https://polymarket.com/zh/event/btc-updown-5m-1784072100,07:35-07:40,,1.00,99.00,,,10300.74,10300.74,,,,,,23294.70,,,23294.70,99,0,0,99,64859.23,64918.61,,
2026-07-15T07:38:35+08:00,btc-updown-5m-1784072100,https://polymarket.com/zh/event/btc-updown-5m-1784072100,07:35-07:40,,1.00,99.00,,,10307.74,10307.74,,,,,,23494.70,,,23774.70,99,0,0,99,64859.23,64918.60,,
2026-07-15T07:38:36+08:00,btc-updown-5m-1784072100,https://polymarket.com/zh/event/btc-updown-5m-1784072100,07:35-07:40,,1.00,99.00,,,8812.24,8807.23,,,,,,23309.70,,,23784.71,99,0,0,99,64859.23,64918.60,,
2026-07-15T07:38:38+08:00,btc-updown-5m-1784072100,https://polymarket.com/zh/event/btc-updown-5m-1784072100,07:35-07:40,,1.00,99.00,,,8773.90,8773.90,,,,,,23736.36,,,23556.36,99,0,0,99,64859.23,64918.60,,
2026-07-15T07:38:40+08:00,btc-updown-5m-1784072100,https://polymarket.com/zh/event/btc-updown-5m-1784072100,07:35-07:40,,1.00,99.00,,,8743.90,8748.91,,,,,,24246.37,,,23721.36,99,0,0,99,64859.23,64918.60,,
2026-07-15T07:38:42+08:00,btc-updown-5m-1784072100,https://polymarket.com/zh/event/btc-updown-5m-1784072100,07:35-07:40,,1.00,99.00,,,8705.90,8828.91,,,,,,24236.37,,,23546.36,99,0,0,99,64859.23,64916.30,,
2026-07-15T07:38:44+08:00,btc-updown-5m-1784072100,https://polymarket.com/zh/event/btc-updown-5m-1784072100,07:35-07:40,,1.00,99.00,,,8705.90,8705.90,,,,,,23741.36,,,23726.36,99,0,0,99,64859.23,64916.30,,
2026-07-15T07:38:46+08:00,btc-updown-5m-1784072100,https://polymarket.com/zh/event/btc-updown-5m-1784072100,07:35-07:40,,1.00,99.00,,,10692.48,10687.48,,,,,,23615.36,,,23640.36,99,0,0,99,64859.23,64926.20,,
2026-07-15T07:38:48+08:00,btc-updown-5m-1784072100,https://polymarket.com/zh/event/btc-updown-5m-1784072100,07:35-07:40,,1.00,99.00,,,10387.49,10382.48,,,,,,23615.36,,,23625.36,99,0,0,99,64859.23,64927.82,,
2026-07-15T07:38:50+08:00,btc-updown-5m-1784072100,https://polymarket.com/zh/event/btc-updown-5m-1784072100,07:35-07:40,,1.00,99.00,,,10382.48,10382.48,,,,,,23183.70,,,23683.70,99,0,0,99,64859.23,64927.82,,
2026-07-15T07:38:52+08:00,btc-updown-5m-1784072100,https://polymarket.com/zh/event/btc-updown-5m-1784072100,07:35-07:40,,1.00,99.00,,,10352.48,10352.48,,,,,,23183.70,,,23178.70,99,0,0,99,64859.23,64929.90,,
2026-07-15T07:38:54+08:00,btc-updown-5m-1784072100,https://polymarket.com/zh/event/btc-updown-5m-1784072100,07:35-07:40,,1.00,99.00,,,10351.31,10356.32,,,,,,23178.70,,,23173.70,99,0,0,99,64859.23,64929.90,,
2026-07-15T07:38:55+08:00,btc-updown-5m-1784072100,https://polymarket.com/zh/event/btc-updown-5m-1784072100,07:35-07:40,,1.00,99.00,,,10351.31,10351.31,,,,,,24105.36,,,23625.36,99,0,0,99,64859.23,64929.91,,
2026-07-15T07:38:57+08:00,btc-updown-5m-1784072100,https://polymarket.com/zh/event/btc-updown-5m-1784072100,07:35-07:40,,1.00,99.00,,,10351.31,10351.31,,,,,,23615.36,,,23610.36,99,0,0,99,64859.23,64929.90,,
2026-07-15T07:38:59+08:00,btc-updown-5m-1784072100,https://polymarket.com/zh/event/btc-updown-5m-1784072100,07:35-07:40,,1.00,99.00,,,10381.31,10386.32,,,,,,23178.70,,,23193.70,99,0,0,99,64859.23,64929.90,,
2026-07-15T07:39:01+08:00,btc-updown-5m-1784072100,https://polymarket.com/zh/event/btc-updown-5m-1784072100,07:35-07:40,,1.00,99.00,,,12814.52,12809.51,,,,,,23519.70,,,23044.71,99,0,0,99,64859.23,64929.90,,
2026-07-15T07:39:03+08:00,btc-updown-5m-1784072100,https://polymarket.com/zh/event/btc-updown-5m-1784072100,07:35-07:40,,1.00,99.00,,,12938.29,12943.30,,,,,,23524.70,,,23534.70,99,0,0,99,64859.23,64929.90,,
2026-07-15T07:39:05+08:00,btc-updown-5m-1784072100,https://polymarket.com/zh/event/btc-updown-5m-1784072100,07:35-07:40,,1.00,99.00,,,13124.37,13064.37,,,,,,23996.36,,,23461.36,99,0,0,99,64859.23,64929.90,,
2026-07-15T07:39:07+08:00,btc-updown-5m-1784072100,https://polymarket.com/zh/event/btc-updown-5m-1784072100,07:35-07:40,,1.00,99.00,,,13574.67,13354.67,,,,,,23539.70,,,23534.70,99,0,0,99,64859.23,64929.90,,
2026-07-15T07:39:09+08:00,btc-updown-5m-1784072100,https://polymarket.com/zh/event/btc-updown-5m-1784072100,07:35-07:40,,1.00,99.00,,,13579.68,13574.67,,,,,,23014.70,,,23549.71,99,0,0,99,64859.23,64933.95,,
2026-07-15T07:39:11+08:00,btc-updown-5m-1784072100,https://polymarket.com/zh/event/btc-updown-5m-1784072100,07:35-07:40,,1.00,99.00,,,13892.33,13892.33,,,,,,23024.70,,,23034.70,99,0,0,99,64859.23,64933.95,,
2026-07-15T07:39:12+08:00,btc-updown-5m-1784072100,https://polymarket.com/zh/event/btc-updown-5m-1784072100,07:35-07:40,,1.00,99.00,,,13699.33,13704.34,,,,,,23029.70,,,23044.70,99,0,0,99,64859.23,64933.95,,
2026-07-15T07:39:14+08:00,btc-updown-5m-1784072100,https://polymarket.com/zh/event/btc-updown-5m-1784072100,07:35-07:40,,1.00,99.00,,,13704.34,13699.33,,,,,,23391.36,,,23034.71,99,0,0,99,64859.23,64933.95,,
2026-07-15T07:39:16+08:00,btc-updown-5m-1784072100,https://polymarket.com/zh/event/btc-updown-5m-1784072100,07:35-07:40,,1.00,99.00,,,16599.38,16604.39,,,,,,23971.37,,,23486.36,99,0,0,99,64859.23,64933.95,,
2026-07-15T07:39:18+08:00,btc-updown-5m-1784072100,https://polymarket.com/zh/event/btc-updown-5m-1784072100,07:35-07:40,,1.00,99.00,,,16644.70,16644.70,,,,,,23533.70,,,23008.70,99,0,0,99,64859.23,64933.96,,
2026-07-15T07:39:20+08:00,btc-updown-5m-1784072100,https://polymarket.com/zh/event/btc-updown-5m-1784072100,07:35-07:40,,1.00,99.00,,,16914.70,16904.70,,,,,,23470.36,,,23980.36,99,0,0,99,64859.23,64933.95,,
2026-07-15T07:39:22+08:00,btc-updown-5m-1784072100,https://polymarket.com/zh/event/btc-updown-5m-1784072100,07:35-07:40,,1.00,99.00,,,16934.80,16934.80,,,,,,23023.70,,,23695.36,99,0,0,99,64859.23,64933.95,,
2026-07-15T07:39:24+08:00,btc-updown-5m-1784072100,https://polymarket.com/zh/event/btc-updown-5m-1784072100,07:35-07:40,,1.00,99.00,,,20280.61,20280.61,,,,,,23038.70,,,23018.70,99,0,0,99,64859.23,64940.96,,
2026-07-15T07:39:26+08:00,btc-updown-5m-1784072100,https://polymarket.com/zh/event/btc-updown-5m-1784072100,07:35-07:40,,1.00,99.00,,,20105.61,20110.62,,,,,,23543.71,,,23033.70,99,0,0,99,64859.23,64940.96,,
2026-07-15T07:39:27+08:00,btc-updown-5m-1784072100,https://polymarket.com/zh/event/btc-updown-5m-1784072100,07:35-07:40,,1.00,99.00,,,20315.62,20310.61,,,,,,23470.36,,,23828.71,99,0,0,99,64859.23,64940.95,,
2026-07-15T07:39:29+08:00,btc-updown-5m-1784072100,https://polymarket.com/zh/event/btc-updown-5m-1784072100,07:35-07:40,,1.00,99.00,,,20250.01,20250.01,,,,,,23470.36,,,23450.36,99,0,0,99,64859.23,64940.95,,
2026-07-15T07:39:31+08:00,btc-updown-5m-1784072100,https://polymarket.com/zh/event/btc-updown-5m-1784072100,07:35-07:40,,1.00,99.00,,,25221.76,24826.77,,,,,,23827.05,,,23327.04,99,0,0,99,64859.23,64940.95,,
2026-07-15T07:39:33+08:00,btc-updown-5m-1784072100,https://polymarket.com/zh/event/btc-updown-5m-1784072100,07:35-07:40,,1.00,99.00,,,26226.81,26226.81,,,,,,23357.04,,,23377.04,99,0,0,99,64859.23,64940.95,,
2026-07-15T07:39:35+08:00,btc-updown-5m-1784072100,https://polymarket.com/zh/event/btc-updown-5m-1784072100,07:35-07:40,,1.00,99.00,,,26796.21,27266.21,,,,,,21219.39,,,21254.39,99,0,0,99,64859.23,64940.95,,
2026-07-15T07:39:37+08:00,btc-updown-5m-1784072100,https://polymarket.com/zh/event/btc-updown-5m-1784072100,07:35-07:40,,1.00,99.00,,,26991.15,27491.15,,,,,,21681.05,,,21681.05,99,0,0,99,64859.23,64940.95,,
2026-07-15T07:39:39+08:00,btc-updown-5m-1784072100,https://polymarket.com/zh/event/btc-updown-5m-1784072100,07:35-07:40,,1.00,99.00,,,28606.30,28606.30,,,,,,21239.39,,,21234.39,99,0,0,99,64859.23,64938.73,,
2026-07-15T07:39:41+08:00,btc-updown-5m-1784072100,https://polymarket.com/zh/event/btc-updown-5m-1784072100,07:35-07:40,,1.00,99.00,,,29401.30,29401.30,,,,,,21724.39,,,21249.39,99,0,0,99,64859.23,64938.73,,
2026-07-15T07:39:43+08:00,btc-updown-5m-1784072100,https://polymarket.com/zh/event/btc-updown-5m-1784072100,07:35-07:40,,1.00,99.00,,,29956.36,29956.36,,,,,,21719.39,,,21244.39,99,0,0,99,64859.23,64938.11,,
2026-07-15T07:39:45+08:00,btc-updown-5m-1784072100,https://polymarket.com/zh/event/btc-updown-5m-1784072100,07:35-07:40,,0.10,99.90,,,5070.10,5070.10,,,,,,20693.35,,,20678.35,113,0,0,113,64859.23,64944.62,,
2026-07-15T07:39:46+08:00,btc-updown-5m-1784072100,https://polymarket.com/zh/event/btc-updown-5m-1784072100,07:35-07:40,,0.10,99.90,,,5055.12,5055.12,,,,,,20061.06,,,20299.41,105,0,0,105,64859.23,64944.62,,
2026-07-15T07:39:48+08:00,btc-updown-5m-1784072100,https://polymarket.com/zh/event/btc-updown-5m-1784072100,07:35-07:40,,0.10,99.90,,,5159.04,5154.01,,,,,,20241.06,,,20256.06,112,0,0,112,64859.23,64944.62,,
2026-07-15T07:39:50+08:00,btc-updown-5m-1784072100,https://polymarket.com/zh/event/btc-updown-5m-1784072100,07:35-07:40,,0.10,99.90,,,5148.99,5148.99,,,,,,13681.06,,,14196.06,93,0,0,93,64859.23,64944.62,,
2026-07-15T07:39:52+08:00,btc-updown-5m-1784072100,https://polymarket.com/zh/event/btc-updown-5m-1784072100,07:35-07:40,,0.10,99.90,,,5078.98,5078.98,,,,,,14191.07,,,13686.06,93,0,0,93,64859.23,64940.21,,
2026-07-15T07:39:54+08:00,btc-updown-5m-1784072100,https://polymarket.com/zh/event/btc-updown-5m-1784072100,07:35-07:40,,0.10,99.90,,,5078.99,5078.99,,,,,,14111.06,,,13251.06,94,0,0,94,64859.23,64942.00,,
2026-07-15T07:39:56+08:00,btc-updown-5m-1784072100,https://polymarket.com/zh/event/btc-updown-5m-1784072100,07:35-07:40,,0.10,99.90,,,8284.19,8284.19,,,,,,13624.40,,,13109.40,94,0,0,94,64859.23,64942.00,,
2026-07-15T07:39:58+08:00,btc-updown-5m-1784072100,https://polymarket.com/zh/event/btc-updown-5m-1784072100,07:35-07:40,,0.10,99.90,,,8475.08,8465.07,,,,,,12572.80,,,12671.13,98,0,0,101,64859.23,64942.00,,
2026-07-15T07:40:00+08:00,btc-updown-5m-1784072100,https://polymarket.com/zh/event/btc-updown-5m-1784072100,07:35-07:40,,0.10,99.90,,,39135.42,39078.43,,,,,,4902.80,,,5151.80,93,0,0,91,64859.23,64942.00,,
2026-07-15T07:40:02+08:00,btc-updown-5m-1784072400,https://polymarket.com/zh/event/btc-updown-5m-1784072400,07:40-07:45,51.00,50.00,50.00,49.00,335.95,372.97,419.30,385.95,50.50,49.50,1.00,1.00,20988.93,20644.07,20644.07,21068.94,50,49,49,50,64942.01,64942.01,,
2026-07-15T07:40:04+08:00,btc-updown-5m-1784072400,https://polymarket.com/zh/event/btc-updown-5m-1784072400,07:40-07:45,51.00,50.00,50.00,49.00,293.38,700.79,700.79,293.38,50.50,49.50,1.00,1.00,21815.93,20986.07,20976.07,21210.93,50,49,49,50,64942.01,64942.01,,
2026-07-15T07:40:06+08:00,btc-updown-5m-1784072400,https://polymarket.com/zh/event/btc-updown-5m-1784072400,07:40-07:45,51.00,50.00,50.00,49.00,344.25,775.64,775.64,344.25,50.50,49.50,1.00,1.00,22337.93,21983.07,21998.07,22212.93,50,49,49,50,64942.01,64942.01,,
2026-07-15T07:40:07+08:00,btc-updown-5m-1784072400,https://polymarket.com/zh/event/btc-updown-5m-1784072400,07:40-07:45,51.00,50.00,50.00,49.00,380.83,564.17,630.64,696.79,50.50,49.50,1.00,1.00,21897.93,21698.07,21693.07,22027.93,50,49,49,50,64942.01,64942.01,,
2026-07-15T07:40:09+08:00,btc-updown-5m-1784072400,https://polymarket.com/zh/event/btc-updown-5m-1784072400,07:40-07:45,51.00,50.00,50.00,49.00,579.59,913.95,401.18,195.36,50.50,49.50,1.00,1.00,20407.93,19713.07,19718.07,20512.93,50,49,49,50,64942.01,64942.01,,
2026-07-15T07:40:11+08:00,btc-updown-5m-1784072400,https://polymarket.com/zh/event/btc-updown-5m-1784072400,07:40-07:45,51.00,50.00,50.00,49.00,220.47,1043.77,1008.77,185.47,50.50,49.50,1.00,1.00,19850.33,19500.47,19500.47,19855.33,50,49,49,50,64942.01,64942.00,,
2026-07-15T07:40:13+08:00,btc-updown-5m-1784072400,https://polymarket.com/zh/event/btc-updown-5m-1784072400,07:40-07:45,59.00,42.00,58.00,41.00,137.99,114.00,50.00,33.43,58.50,41.50,1.00,1.00,19875.34,19569.47,19569.47,19865.34,58,41,41,58,64942.01,64950.01,,
2026-07-15T07:40:15+08:00,btc-updown-5m-1784072400,https://polymarket.com/zh/event/btc-updown-5m-1784072400,07:40-07:45,60.00,41.00,59.00,40.00,114.00,1806.87,1726.87,114.00,59.50,40.50,1.00,1.00,20495.93,20529.47,20519.47,20705.13,59,40,40,59,64942.01,64950.62,,
2026-07-15T07:40:17+08:00,btc-updown-5m-1784072400,https://polymarket.com/zh/event/btc-updown-5m-1784072400,07:40-07:45,60.00,41.00,59.00,40.00,60.10,1777.03,1744.03,42.00,59.50,40.50,1.00,1.00,21294.33,20519.47,20524.47,20779.33,59,40,40,59,64942.01,64950.62,,
2026-07-15T07:40:19+08:00,btc-updown-5m-1784072400,https://polymarket.com/zh/event/btc-updown-5m-1784072400,07:40-07:45,57.00,44.00,56.00,43.00,355.31,158.00,153.00,471.24,56.50,43.50,1.00,1.00,21289.34,20524.47,20524.47,20769.33,56,43,43,56,64942.01,64950.62,,
2026-07-15T07:40:21+08:00,btc-updown-5m-1784072400,https://polymarket.com/zh/event/btc-updown-5m-1784072400,07:40-07:45,60.00,41.00,59.00,40.00,203.53,935.09,845.09,237.39,59.50,40.50,1.00,1.00,21057.65,22832.39,22822.39,21152.65,59,40,40,59,64942.01,64950.62,,
2026-07-15T07:40:23+08:00,btc-updown-5m-1784072400,https://polymarket.com/zh/event/btc-updown-5m-1784072400,07:40-07:45,60.00,41.00,59.00,40.00,68.00,1025.06,1025.06,110.00,59.50,40.50,1.00,1.00,21532.66,22807.39,22822.39,21037.65,59,40,40,59,64942.01,64950.63,,
2026-07-15T07:40:24+08:00,btc-updown-5m-1784072400,https://polymarket.com/zh/event/btc-updown-5m-1784072400,07:40-07:45,60.00,41.00,59.00,40.00,81.24,587.06,589.50,81.24,59.50,40.50,1.00,1.00,21672.85,23697.27,23687.27,22300.55,59,40,40,59,64942.01,64950.62,,
2026-07-15T07:40:26+08:00,btc-updown-5m-1784072400,https://polymarket.com/zh/event/btc-updown-5m-1784072400,07:40-07:45,60.00,41.00,59.00,40.00,36.00,938.64,938.64,34.33,59.50,40.50,1.00,1.00,22676.94,23781.67,23791.67,22341.63,59,40,40,59,64942.01,64950.62,,
2026-07-15T07:40:28+08:00,btc-updown-5m-1784072400,https://polymarket.com/zh/event/btc-updown-5m-1784072400,07:40-07:45,50.00,51.00,49.00,50.00,794.44,35.21,22.21,794.44,49.50,50.50,1.00,1.00,22196.63,24077.37,24098.38,22221.63,49,50,50,49,64942.01,64942.51,,
2026-07-15T07:40:30+08:00,btc-updown-5m-1784072400,https://polymarket.com/zh/event/btc-updown-5m-1784072400,07:40-07:45,50.00,51.00,49.00,50.00,766.44,32.03,32.03,754.11,49.50,50.50,1.00,1.00,22201.63,24083.37,23533.37,21746.63,49,50,50,49,64942.01,64942.51,,
2026-07-15T07:40:32+08:00,btc-updown-5m-1784072400,https://polymarket.com/zh/event/btc-updown-5m-1784072400,07:40-07:45,48.00,53.00,47.00,52.00,550.63,499.00,81.33,468.68,47.50,52.50,1.00,1.00,21782.35,23537.37,23547.37,21757.35,47,52,52,47,64942.01,64942.51,,
2026-07-15T07:40:34+08:00,btc-updown-5m-1784072400,https://polymarket.com/zh/event/btc-updown-5m-1784072400,07:40-07:45,51.00,50.00,50.00,49.00,129.91,821.96,695.29,127.48,50.50,49.50,1.00,1.00,21337.35,23056.37,23081.37,21437.35,50,49,49,50,64942.01,64942.51,,
2026-07-15T07:40:36+08:00,btc-updown-5m-1784072400,https://polymarket.com/zh/event/btc-updown-5m-1784072400,07:40-07:45,50.00,51.00,49.00,50.00,55.14,588.10,512.58,55.14,49.50,50.50,1.00,1.00,21392.35,23031.37,23136.37,21312.35,49,50,50,49,64942.01,64942.52,,
2026-07-15T07:40:38+08:00,btc-updown-5m-1784072400,https://polymarket.com/zh/event/btc-updown-5m-1784072400,07:40-07:45,55.00,46.00,54.00,45.00,51.76,866.72,797.72,51.76,54.50,45.50,1.00,1.00,21302.35,23057.37,23062.37,21932.36,54,45,45,54,64942.01,64946.01,,
2026-07-15T07:40:40+08:00,btc-updown-5m-1784072400,https://polymarket.com/zh/event/btc-updown-5m-1784072400,07:40-07:45,56.00,45.00,55.00,44.00,311.03,85.50,85.50,311.03,55.50,44.50,1.00,1.00,21420.36,23370.37,23355.37,21405.35,55,44,44,55,64942.01,64946.01,,
2026-07-15T07:40:42+08:00,btc-updown-5m-1784072400,https://polymarket.com/zh/event/btc-updown-5m-1784072400,07:40-07:45,60.00,41.00,59.00,40.00,596.98,270.35,228.35,569.98,59.50,40.50,1.00,1.00,21400.35,23365.37,23360.37,22010.35,59,40,40,59,64942.01,64950.62,,
2026-07-15T07:40:44+08:00,btc-updown-5m-1784072400,https://polymarket.com/zh/event/btc-updown-5m-1784072400,07:40-07:45,61.00,40.00,60.00,39.00,585.44,127.78,167.78,581.44,60.50,39.50,1.00,1.00,21564.15,23363.37,23363.37,21469.15,60,39,39,60,64942.01,64950.62,,
2026-07-15T07:40:46+08:00,btc-updown-5m-1784072400,https://polymarket.com/zh/event/btc-updown-5m-1784072400,07:40-07:45,58.00,43.00,57.00,42.00,70.00,377.94,377.94,70.00,57.50,42.50,1.00,1.00,21974.16,23358.37,23363.37,21579.15,57,42,42,57,64942.01,64950.62,,
2026-07-15T07:40:47+08:00,btc-updown-5m-1784072400,https://polymarket.com/zh/event/btc-updown-5m-1784072400,07:40-07:45,57.00,44.00,56.00,43.00,45.00,327.69,340.45,6.00,56.50,43.50,1.00,1.00,22069.15,23363.37,23343.37,21464.15,56,43,43,56,64942.01,64950.62,,
2026-07-15T07:40:49+08:00,btc-updown-5m-1784072400,https://polymarket.com/zh/event/btc-updown-5m-1784072400,07:40-07:45,54.00,47.00,53.00,46.00,382.23,679.15,94.20,274.24,53.50,46.50,1.00,1.00,22159.16,23373.37,23358.37,21449.15,53,46,46,53,64942.01,64950.62,,
2026-07-15T07:40:51+08:00,btc-updown-5m-1784072400,https://polymarket.com/zh/event/btc-updown-5m-1784072400,07:40-07:45,60.00,40.00,55.00,39.00,45.90,104.82,73.00,29.00,57.50,39.50,5.00,1.00,21659.15,23371.90,23361.90,21664.16,55,40,39,60,64942.01,64950.62,,
2026-07-15T07:40:53+08:00,btc-updown-5m-1784072400,https://polymarket.com/zh/event/btc-updown-5m-1784072400,07:40-07:45,59.00,42.00,58.00,41.00,662.11,256.23,256.23,648.63,58.50,41.50,1.00,1.00,21985.16,23371.90,23366.90,21560.15,58,41,41,58,64942.01,64950.62,,
2026-07-15T07:40:55+08:00,btc-updown-5m-1784072400,https://polymarket.com/zh/event/btc-updown-5m-1784072400,07:40-07:45,55.00,46.00,54.00,45.00,290.08,181.09,262.44,620.76,54.50,45.50,1.00,1.00,21480.15,23366.90,23371.90,21490.15,54,45,45,54,64942.01,64950.62,,
2026-07-15T07:40:57+08:00,btc-updown-5m-1784072400,https://polymarket.com/zh/event/btc-updown-5m-1784072400,07:40-07:45,55.00,46.00,54.00,45.00,7.37,639.00,646.00,7.37,54.50,45.50,1.00,1.00,22060.15,23396.90,23371.90,21480.15,54,45,45,54,64942.01,64950.63,,
2026-07-15T07:40:59+08:00,btc-updown-5m-1784072400,https://polymarket.com/zh/event/btc-updown-5m-1784072400,07:40-07:45,56.00,45.00,55.00,44.00,742.35,171.57,151.26,742.35,55.50,44.50,1.00,1.00,21975.16,23381.90,23386.90,21490.15,55,44,44,55,64942.01,64950.62,,
2026-07-15T07:41:01+08:00,btc-updown-5m-1784072400,https://polymarket.com/zh/event/btc-updown-5m-1784072400,07:40-07:45,53.00,48.00,52.00,47.00,723.23,29.32,450.08,1378.58,52.50,47.50,1.00,1.00,29885.15,30986.90,30986.90,29470.16,52,47,47,52,64942.01,64946.00,,
2026-07-15T07:41:03+08:00,btc-updown-5m-1784072400,https://polymarket.com/zh/event/btc-updown-5m-1784072400,07:40-07:45,50.00,51.00,49.00,50.00,393.99,170.26,157.26,393.99,49.50,50.50,1.00,1.00,29374.15,30996.91,31092.90,29359.15,49,50,50,49,64942.01,64944.00,,
2026-07-15T07:41:05+08:00,btc-updown-5m-1784072400,https://polymarket.com/zh/event/btc-updown-5m-1784072400,07:40-07:45,47.00,54.00,46.00,53.00,22.23,791.52,780.78,22.23,46.50,53.50,1.00,1.00,29369.15,31288.90,31373.90,29364.15,46,53,53,46,64942.01,64943.34,,
2026-07-15T07:41:07+08:00,btc-updown-5m-1784072400,https://polymarket.com/zh/event/btc-updown-5m-1784072400,07:40-07:45,48.00,53.00,47.00,52.00,60.87,257.74,307.74,60.87,47.50,52.50,1.00,1.00,29181.15,31110.90,31031.91,29017.15,47,52,52,47,64942.01,64942.52,,
2026-07-15T07:41:09+08:00,btc-updown-5m-1784072400,https://polymarket.com/zh/event/btc-updown-5m-1784072400,07:40-07:45,49.00,52.00,48.00,51.00,1003.15,101.26,103.19,992.94,48.50,51.50,1.00,1.00,28917.15,30841.90,30932.90,28902.15,48,51,51,48,64942.01,64942.52,,
2026-07-15T07:41:10+08:00,btc-updown-5m-1784072400,https://polymarket.com/zh/event/btc-updown-5m-1784072400,07:40-07:45,49.00,52.00,48.00,51.00,104.00,621.15,621.15,104.00,48.50,51.50,1.00,1.00,28927.15,30812.90,30927.91,28917.15,48,51,51,48,64942.01,64942.52,,
2026-07-15T07:41:12+08:00,btc-updown-5m-1784072400,https://polymarket.com/zh/event/btc-updown-5m-1784072400,07:40-07:45,49.00,53.00,48.00,52.00,1135.26,29.40,10.00,65.00,48.50,52.50,1.00,1.00,28735.15,30610.30,30621.30,28770.15,48,51,52,47,64942.01,64942.53,,
2026-07-15T07:41:14+08:00,btc-updown-5m-1784072400,https://polymarket.com/zh/event/btc-updown-5m-1784072400,07:40-07:45,45.00,56.00,44.00,55.00,192.50,668.52,569.17,112.50,44.50,55.50,1.00,1.00,28705.15,30726.30,30615.30,28700.15,44,55,55,44,64942.01,64942.00,,
2026-07-15T07:41:16+08:00,btc-updown-5m-1784072400,https://polymarket.com/zh/event/btc-updown-5m-1784072400,07:40-07:45,49.00,52.00,48.00,51.00,263.61,299.23,299.23,233.61,48.50,51.50,1.00,1.00,28625.15,30715.30,30640.30,28625.15,48,51,51,48,64942.01,64942.01,,
2026-07-15T07:41:18+08:00,btc-updown-5m-1784072400,https://polymarket.com/zh/event/btc-updown-5m-1784072400,07:40-07:45,50.00,51.00,49.00,50.00,196.39,480.45,475.45,192.00,49.50,50.50,1.00,1.00,28557.15,30658.31,30647.30,28552.15,49,50,50,49,64942.01,64942.60,,
2026-07-15T07:41:20+08:00,btc-updown-5m-1784072400,https://polymarket.com/zh/event/btc-updown-5m-1784072400,07:40-07:45,50.00,51.00,49.00,50.00,61.00,470.37,495.37,66.00,49.50,50.50,1.00,1.00,28537.15,30547.30,30643.31,28532.15,49,50,50,49,64942.01,64942.60,,
2026-07-15T07:41:22+08:00,btc-updown-5m-1784072400,https://polymarket.com/zh/event/btc-updown-5m-1784072400,07:40-07:45,50.00,51.00,49.00,50.00,82.00,420.76,455.76,82.00,49.50,50.50,1.00,1.00,28537.15,30632.30,30527.30,28527.15,49,50,50,49,64942.01,64942.59,,
2026-07-15T07:41:24+08:00,btc-updown-5m-1784072400,https://polymarket.com/zh/event/btc-updown-5m-1784072400,07:40-07:45,50.00,51.00,49.00,50.00,629.93,267.40,267.40,629.93,49.50,50.50,1.00,1.00,28517.15,30533.31,30647.30,28532.15,49,50,50,49,64942.01,64942.61,,
2026-07-15T07:41:25+08:00,btc-updown-5m-1784072400,https://polymarket.com/zh/event/btc-updown-5m-1784072400,07:40-07:45,50.00,51.00,49.00,50.00,706.93,331.32,331.32,695.13,49.50,50.50,1.00,1.00,28507.15,30644.30,30554.31,28522.15,49,50,50,49,64942.01,64942.62,,
2026-07-15T07:41:27+08:00,btc-updown-5m-1784072400,https://polymarket.com/zh/event/btc-updown-5m-1784072400,07:40-07:45,50.00,51.00,49.00,50.00,1209.17,202.78,202.78,1209.17,49.50,50.50,1.00,1.00,28507.15,30643.31,30553.30,28507.15,49,50,50,49,64942.01,64942.62,,
2026-07-15T07:41:29+08:00,btc-updown-5m-1784072400,https://polymarket.com/zh/event/btc-updown-5m-1784072400,07:40-07:45,50.00,51.00,49.00,50.00,1227.67,232.78,207.78,1218.67,49.50,50.50,1.00,1.00,28522.15,30544.30,30638.30,28507.15,49,50,50,49,64942.01,64942.62,,
2026-07-15T07:41:31+08:00,btc-updown-5m-1784072400,https://polymarket.com/zh/event/btc-updown-5m-1784072400,07:40-07:45,50.00,51.00,49.00,50.00,1215.67,227.78,256.51,1215.67,49.50,50.50,1.00,1.00,27865.15,29895.31,29894.30,27875.15,49,50,50,49,64942.01,64942.62,,
2026-07-15T07:41:33+08:00,btc-updown-5m-1784072400,https://polymarket.com/zh/event/btc-updown-5m-1784072400,07:40-07:45,50.00,51.00,49.00,50.00,394.04,643.16,643.16,352.04,49.50,50.50,1.00,1.00,27855.15,29994.30,29889.30,27865.15,49,50,50,49,64942.01,64942.62,,
2026-07-15T07:41:35+08:00,btc-updown-5m-1784072400,https://polymarket.com/zh/event/btc-updown-5m-1784072400,07:40-07:45,50.00,51.00,49.00,50.00,476.87,475.73,336.06,60.00,49.50,50.50,1.00,1.00,27900.15,29880.30,29995.31,27875.15,49,50,50,49,64942.01,64942.62,,
2026-07-15T07:41:37+08:00,btc-updown-5m-1784072400,https://polymarket.com/zh/event/btc-updown-5m-1784072400,07:40-07:45,51.00,50.00,50.00,49.00,194.01,337.51,878.61,627.34,50.50,49.50,1.00,1.00,27875.15,29863.30,29863.30,27900.15,50,49,49,50,64942.01,64942.62,,
2026-07-15T07:41:39+08:00,btc-updown-5m-1784072400,https://polymarket.com/zh/event/btc-updown-5m-1784072400,07:40-07:45,51.00,50.00,50.00,49.00,1144.27,59.87,59.87,1180.60,50.50,49.50,1.00,1.00,28380.16,29863.30,29868.30,28400.15,50,49,49,50,64942.01,64942.62,,
2026-07-15T07:41:40+08:00,btc-updown-5m-1784072400,https://polymarket.com/zh/event/btc-updown-5m-1784072400,07:40-07:45,47.00,54.00,46.00,53.00,470.37,126.79,84.79,362.83,46.50,53.50,1.00,1.00,27925.15,29965.30,29890.30,27860.15,46,53,53,46,64942.01,64942.62,,
2026-07-15T07:41:42+08:00,btc-updown-5m-1784072400,https://polymarket.com/zh/event/btc-updown-5m-1784072400,07:40-07:45,46.00,55.00,45.00,54.00,652.03,139.50,139.50,652.03,45.50,54.50,1.00,1.00,27765.15,29760.30,29875.30,27770.15,45,54,54,45,64942.01,64940.00,,
2026-07-15T07:41:44+08:00,btc-updown-5m-1784072400,https://polymarket.com/zh/event/btc-updown-5m-1784072400,07:40-07:45,47.00,54.00,46.00,53.00,371.61,163.30,116.99,545.49,46.50,53.50,1.00,1.00,27760.15,29855.30,29855.30,27780.15,46,53,53,46,64942.01,64940.00,,
2026-07-15T07:41:46+08:00,btc-updown-5m-1784072400,https://polymarket.com/zh/event/btc-updown-5m-1784072400,07:40-07:45,47.00,54.00,46.00,53.00,738.57,191.30,191.30,753.23,46.50,53.50,1.00,1.00,27780.15,29786.31,29765.30,27765.15,46,53,53,46,64942.01,64940.00,,
2026-07-15T07:41:48+08:00,btc-updown-5m-1784072400,https://polymarket.com/zh/event/btc-updown-5m-1784072400,07:40-07:45,46.00,55.00,45.00,54.00,1214.55,185.50,185.50,1209.55,45.50,54.50,1.00,1.00,27760.15,29886.30,29785.30,27765.15,45,54,54,45,64942.01,64940.00,,
2026-07-15T07:41:50+08:00,btc-updown-5m-1784072400,https://polymarket.com/zh/event/btc-updown-5m-1784072400,07:40-07:45,46.00,55.00,45.00,54.00,400.00,215.13,302.13,403.83,45.50,54.50,1.00,1.00,27785.15,29860.30,29776.31,27770.15,45,54,54,45,64942.01,64940.00,,
2026-07-15T07:41:52+08:00,btc-updown-5m-1784072400,https://polymarket.com/zh/event/btc-updown-5m-1784072400,07:40-07:45,44.00,57.00,43.00,56.00,823.07,75.00,75.00,823.07,43.50,56.50,1.00,1.00,27930.15,29870.30,29770.30,27920.15,43,56,56,43,64942.01,64940.00,,
2026-07-15T07:41:54+08:00,btc-updown-5m-1784072400,https://polymarket.com/zh/event/btc-updown-5m-1784072400,07:40-07:45,44.00,57.00,43.00,56.00,112.50,1049.10,465.57,61.75,43.50,56.50,1.00,1.00,27770.15,29785.30,29886.31,27770.15,43,56,56,43,64942.01,64940.01,,
2026-07-15T07:41:56+08:00,btc-updown-5m-1784072400,https://polymarket.com/zh/event/btc-updown-5m-1784072400,07:40-07:45,49.00,52.00,48.00,51.00,226.59,339.37,344.37,226.59,48.50,51.50,1.00,1.00,27585.15,29675.30,29701.30,27553.15,48,51,51,48,64942.01,64940.00,,
2026-07-15T07:41:58+08:00,btc-updown-5m-1784072400,https://polymarket.com/zh/event/btc-updown-5m-1784072400,07:40-07:45,46.00,55.00,45.00,54.00,900.95,55.14,55.14,1060.95,45.50,54.50,1.00,1.00,27570.15,29690.30,29680.30,27615.15,45,54,54,45,64942.01,64940.00,,
2026-07-15T07:42:00+08:00,btc-updown-5m-1784072400,https://polymarket.com/zh/event/btc-updown-5m-1784072400,07:40-07:45,44.00,57.00,43.00,56.00,511.17,115.99,115.99,553.17,43.50,56.50,1.00,1.00,27590.15,29675.30,29675.30,27695.15,43,56,56,43,64942.01,64940.00,,
2026-07-15T07:42:02+08:00,btc-updown-5m-1784072400,https://polymarket.com/zh/event/btc-updown-5m-1784072400,07:40-07:45,40.00,62.00,39.00,60.00,41.00,68.87,28.74,485.34,39.50,61.00,1.00,2.00,27706.15,29645.30,29666.31,27706.15,39,60,60,38,64942.01,64938.00,,
2026-07-15T07:42:04+08:00,btc-updown-5m-1784072400,https://polymarket.com/zh/event/btc-updown-5m-1784072400,07:40-07:45,38.00,63.00,37.00,62.00,569.47,215.42,176.42,535.25,37.50,62.50,1.00,1.00,27606.15,29645.30,29570.30,27626.15,37,62,62,37,64942.01,64934.77,,
2026-07-15T07:42:06+08:00,btc-updown-5m-1784072400,https://polymarket.com/zh/event/btc-updown-5m-1784072400,07:40-07:45,38.00,63.00,37.00,62.00,514.78,164.75,122.75,514.78,37.50,62.50,1.00,1.00,27616.15,29570.31,29460.30,27611.15,37,62,62,37,64942.01,64934.77,,
2026-07-15T07:42:07+08:00,btc-updown-5m-1784072400,https://polymarket.com/zh/event/btc-updown-5m-1784072400,07:40-07:45,38.00,63.00,37.00,62.00,468.03,108.07,108.07,468.03,37.50,62.50,1.00,1.00,27016.15,28665.30,28755.31,27006.15,37,62,62,37,64942.01,64934.77,,
2026-07-15T07:42:09+08:00,btc-updown-5m-1784072400,https://polymarket.com/zh/event/btc-updown-5m-1784072400,07:40-07:45,38.00,63.00,37.00,62.00,126.33,477.62,462.62,118.90,37.50,62.50,1.00,1.00,27016.15,28765.30,28650.30,27006.15,37,62,62,37,64942.01,64934.77,,
2026-07-15T07:42:11+08:00,btc-updown-5m-1784072400,https://polymarket.com/zh/event/btc-updown-5m-1784072400,07:40-07:45,47.00,52.00,45.00,51.00,5.00,232.42,499.75,89.82,46.00,51.50,2.00,1.00,26655.15,28869.31,28764.30,26655.15,45,53,49,48,64942.01,64934.77,,
2026-07-15T07:42:13+08:00,btc-updown-5m-1784072400,https://polymarket.com/zh/event/btc-updown-5m-1784072400,07:40-07:45,45.00,56.00,44.00,55.00,28.28,60.12,289.39,197.17,44.50,55.50,1.00,1.00,26894.77,28678.30,28753.30,26889.77,44,55,55,44,64942.01,64941.34,,
2026-07-15T07:42:15+08:00,btc-updown-5m-1784072400,https://polymarket.com/zh/event/btc-updown-5m-1784072400,07:40-07:45,46.00,55.00,45.00,54.00,85.00,235.88,107.73,106.36,45.50,54.50,1.00,1.00,26689.77,28674.31,28763.30,26684.77,45,54,54,45,64942.01,64941.33,,
2026-07-15T07:42:17+08:00,btc-updown-5m-1784072400,https://polymarket.com/zh/event/btc-updown-5m-1784072400,07:40-07:45,46.00,55.00,45.00,54.00,58.29,499.80,499.80,58.29,45.50,54.50,1.00,1.00,26695.77,28773.30,28648.31,26685.77,45,54,54,45,64942.01,64941.33,,
2026-07-15T07:42:19+08:00,btc-updown-5m-1784072400,https://polymarket.com/zh/event/btc-updown-5m-1784072400,07:40-07:45,49.00,52.00,48.00,51.00,36.45,677.88,457.63,10.62,48.50,51.50,1.00,1.00,26695.77,28744.30,28664.30,26690.77,48,51,51,48,64942.01,64941.33,,
2026-07-15T07:42:21+08:00,btc-updown-5m-1784072400,https://polymarket.com/zh/event/btc-updown-5m-1784072400,07:40-07:45,52.00,49.00,51.00,47.00,133.52,629.60,551.60,30.07,51.50,48.00,1.00,2.00,26685.77,28758.30,28758.30,26685.77,51,48,46,51,64942.01,64942.50,,
2026-07-15T07:42:22+08:00,btc-updown-5m-1784072400,https://polymarket.com/zh/event/btc-updown-5m-1784072400,07:40-07:45,65.00,36.00,64.00,35.00,207.86,314.90,259.90,263.11,64.50,35.50,1.00,1.00,26869.78,28650.30,28650.30,26769.77,64,35,35,64,64942.01,64955.25,,
2026-07-15T07:42:25+08:00,btc-updown-5m-1784072400,https://polymarket.com/zh/event/btc-updown-5m-1784072400,07:40-07:45,64.00,38.00,63.00,37.00,1583.61,281.00,13.32,593.00,63.50,37.50,1.00,1.00,26759.77,28490.30,28505.30,26669.77,63,36,37,62,64942.01,64954.01,,
2026-07-15T07:42:26+08:00,btc-updown-5m-1784072400,https://polymarket.com/zh/event/btc-updown-5m-1784072400,07:40-07:45,63.00,38.00,62.00,37.00,597.38,665.64,352.99,471.11,62.50,37.50,1.00,1.00,27144.77,28505.30,28575.30,26754.77,62,37,37,62,64942.01,64954.02,,
2026-07-15T07:42:28+08:00,btc-updown-5m-1784072400,https://polymarket.com/zh/event/btc-updown-5m-1784072400,07:40-07:45,63.00,38.00,62.00,37.00,649.12,49.00,99.00,684.12,62.50,37.50,1.00,1.00,26749.77,28515.30,28505.30,27154.78,62,37,37,62,64942.01,64954.03,,
2026-07-15T07:42:30+08:00,btc-updown-5m-1784072400,https://polymarket.com/zh/event/btc-updown-5m-1784072400,07:40-07:45,62.00,39.00,61.00,38.00,1001.34,165.85,165.85,1001.34,61.50,38.50,1.00,1.00,26639.77,28495.30,28495.30,26639.77,61,38,38,61,64942.01,64954.01,,
2026-07-15T07:42:32+08:00,btc-updown-5m-1784072400,https://polymarket.com/zh/event/btc-updown-5m-1784072400,07:40-07:45,62.00,39.00,61.00,38.00,1055.36,23.34,36.17,1060.36,61.50,38.50,1.00,1.00,26714.77,28470.30,28485.30,26624.77,61,38,38,61,64942.01,64949.54,,
2026-07-15T07:42:34+08:00,btc-updown-5m-1784072400,https://polymarket.com/zh/event/btc-updown-5m-1784072400,07:40-07:45,61.00,40.00,60.00,39.00,407.31,442.51,411.03,345.28,60.50,39.50,1.00,1.00,26619.77,28375.30,28375.30,27139.77,60,39,39,60,64942.01,64955.96,,
2026-07-15T07:42:36+08:00,btc-updown-5m-1784072400,https://polymarket.com/zh/event/btc-updown-5m-1784072400,07:40-07:45,66.00,35.00,65.00,34.00,374.88,651.57,101.08,78.44,65.50,34.50,1.00,1.00,26559.77,28535.30,28525.30,27049.77,65,34,34,65,64942.01,64954.15,,
2026-07-15T07:42:38+08:00,btc-updown-5m-1784072400,https://polymarket.com/zh/event/btc-updown-5m-1784072400,07:40-07:45,66.00,35.00,65.00,34.00,522.87,70.71,70.71,522.87,65.50,34.50,1.00,1.00,26664.77,28470.30,28465.30,26644.77,65,34,34,65,64942.01,64954.22,,
2026-07-15T07:42:40+08:00,btc-updown-5m-1784072400,https://polymarket.com/zh/event/btc-updown-5m-1784072400,07:40-07:45,66.00,35.00,65.00,34.00,16.96,877.16,862.76,58.96,65.50,34.50,1.00,1.00,26654.77,28520.30,28515.30,26664.77,65,34,34,65,64942.01,64954.21,,
2026-07-15T07:42:42+08:00,btc-updown-5m-1784072400,https://polymarket.com/zh/event/btc-updown-5m-1784072400,07:40-07:45,67.00,34.00,66.00,33.00,82.74,760.22,770.22,82.74,66.50,33.50,1.00,1.00,27049.77,28420.30,28520.30,26664.77,66,33,33,66,64942.01,64954.22,,
2026-07-15T07:42:44+08:00,btc-updown-5m-1784072400,https://polymarket.com/zh/event/btc-updown-5m-1784072400,07:40-07:45,77.00,24.00,76.00,23.00,54.53,704.02,497.49,43.07,76.50,23.50,1.00,1.00,27154.77,28978.30,29233.30,26659.78,76,23,23,76,64942.01,64975.03,,
2026-07-15T07:42:45+08:00,btc-updown-5m-1784072400,https://polymarket.com/zh/event/btc-updown-5m-1784072400,07:40-07:45,80.00,21.00,79.00,20.00,44.47,198.43,480.54,49.47,79.50,20.50,1.00,1.00,26565.77,26723.00,26728.00,26660.77,79,20,20,79,64942.01,64970.78,,
2026-07-15T07:42:47+08:00,btc-updown-5m-1784072400,https://polymarket.com/zh/event/btc-updown-5m-1784072400,07:40-07:45,80.00,21.00,79.00,20.00,60.00,326.07,326.07,28.45,79.50,20.50,1.00,1.00,26620.77,26753.00,26748.00,27135.77,79,20,20,79,64942.01,64970.79,,
2026-07-15T07:42:49+08:00,btc-updown-5m-1784072400,https://polymarket.com/zh/event/btc-updown-5m-1784072400,07:40-07:45,82.00,19.00,81.00,17.00,205.54,530.71,458.80,73.30,81.50,18.00,1.00,2.00,26830.77,26202.00,26631.00,26925.77,81,18,17,81,64942.01,64971.31,,
2026-07-15T07:42:51+08:00,btc-updown-5m-1784072400,https://polymarket.com/zh/event/btc-updown-5m-1784072400,07:40-07:45,71.00,34.00,67.00,32.00,19.00,288.41,80.34,19.00,69.00,33.00,4.00,2.00,27045.78,29162.98,29487.98,26830.77,67,29,32,66,64942.01,64967.55,,
2026-07-15T07:42:53+08:00,btc-updown-5m-1784072400,https://polymarket.com/zh/event/btc-updown-5m-1784072400,07:40-07:45,66.00,35.00,65.00,34.00,3.02,557.85,552.85,3.02,65.50,34.50,1.00,1.00,27335.78,25657.98,25147.98,26970.77,65,34,34,65,64942.01,64945.64,,
2026-07-15T07:42:55+08:00,btc-updown-5m-1784072400,https://polymarket.com/zh/event/btc-updown-5m-1784072400,07:40-07:45,68.00,34.00,67.00,33.00,72.87,675.22,382.70,57.00,67.50,33.50,1.00,1.00,27490.77,25207.98,25197.98,27375.78,67,32,33,66,64942.01,64954.01,,
2026-07-15T07:42:57+08:00,btc-updown-5m-1784072400,https://polymarket.com/zh/event/btc-updown-5m-1784072400,07:40-07:45,63.00,38.00,62.00,37.00,572.79,42.00,70.05,744.33,62.50,37.50,1.00,1.00,26875.77,27492.98,27512.98,26980.77,62,37,37,62,64942.01,64953.74,,
2026-07-15T07:42:59+08:00,btc-updown-5m-1784072400,https://polymarket.com/zh/event/btc-updown-5m-1784072400,07:40-07:45,59.00,41.00,58.00,40.00,19.00,116.63,51.95,205.06,58.50,40.50,1.00,1.00,26965.77,29798.98,29803.98,27480.77,58,41,40,59,64942.01,64950.28,,
2026-07-15T07:43:01+08:00,btc-updown-5m-1784072400,https://polymarket.com/zh/event/btc-updown-5m-1784072400,07:40-07:45,61.00,41.00,60.00,39.00,109.74,7.93,426.94,109.74,60.50,40.00,1.00,2.00,27677.43,29698.98,29698.98,27572.43,60,39,39,59,64942.01,64951.31,,
2026-07-15T07:43:02+08:00,btc-updown-5m-1784072400,https://polymarket.com/zh/event/btc-updown-5m-1784072400,07:40-07:45,60.00,42.00,59.00,41.00,1411.16,183.37,7.01,1119.45,59.50,41.50,1.00,1.00,27252.43,29393.98,29373.98,27357.43,59,40,41,58,64942.01,64951.26,,
2026-07-15T07:43:04+08:00,btc-updown-5m-1784072400,https://polymarket.com/zh/event/btc-updown-5m-1784072400,07:40-07:45,55.00,46.00,54.00,45.00,339.19,10.00,108.00,662.14,54.50,45.50,1.00,1.00,27172.43,29233.98,29228.98,27297.43,54,45,45,54,64942.01,64952.14,,
2026-07-15T07:43:06+08:00,btc-updown-5m-1784072400,https://polymarket.com/zh/event/btc-updown-5m-1784072400,07:40-07:45,54.00,47.00,53.00,46.00,441.82,430.44,26.87,232.49,53.50,46.50,1.00,1.00,27302.43,29178.98,29173.98,27182.43,53,46,46,53,64942.01,64948.32,,
2026-07-15T07:43:08+08:00,btc-updown-5m-1784072400,https://polymarket.com/zh/event/btc-updown-5m-1784072400,07:40-07:45,44.00,57.00,43.00,56.00,14.30,283.99,24.10,33.41,43.50,56.50,1.00,1.00,27105.43,29599.99,29605.00,27030.43,43,55,56,43,64942.01,64940.96,,
2026-07-15T07:43:10+08:00,btc-updown-5m-1784072400,https://polymarket.com/zh/event/btc-updown-5m-1784072400,07:40-07:45,42.00,59.00,41.00,57.00,16.85,8.57,8.57,165.34,41.50,58.00,1.00,2.00,27004.77,29665.99,29670.99,27004.77,41,57,57,41,64942.01,64940.00,,
2026-07-15T07:43:12+08:00,btc-updown-5m-1784072400,https://polymarket.com/zh/event/btc-updown-5m-1784072400,07:40-07:45,44.00,57.00,43.00,56.00,270.99,510.05,281.19,159.00,43.50,56.50,1.00,1.00,26849.43,29565.98,29666.99,26839.43,43,56,56,43,64942.01,64940.27,,
2026-07-15T07:43:14+08:00,btc-updown-5m-1784072400,https://polymarket.com/zh/event/btc-updown-5m-1784072400,07:40-07:45,45.00,56.00,44.00,55.00,135.38,603.64,589.24,135.38,44.50,55.50,1.00,1.00,26864.43,29600.98,29710.98,26869.43,44,55,55,44,64942.01,64940.28,,
2026-07-15T07:43:16+08:00,btc-updown-5m-1784072400,https://polymarket.com/zh/event/btc-updown-5m-1784072400,07:40-07:45,54.00,47.00,53.00,46.00,74.16,203.13,104.18,521.24,53.50,46.50,1.00,1.00,26549.77,30163.64,29522.64,26344.77,53,46,46,53,64942.01,64940.27,,
2026-07-15T07:43:18+08:00,btc-updown-5m-1784072400,https://polymarket.com/zh/event/btc-updown-5m-1784072400,07:40-07:45,57.00,44.00,56.00,43.00,52.85,460.46,434.47,52.85,56.50,43.50,1.00,1.00,26500.43,29568.98,29558.98,26639.43,56,43,43,56,64942.01,64948.31,,
2026-07-15T07:43:20+08:00,btc-updown-5m-1784072400,https://polymarket.com/zh/event/btc-updown-5m-1784072400,07:40-07:45,58.00,43.00,57.00,42.00,1077.07,48.11,62.51,1087.84,57.50,42.50,1.00,1.00,26594.43,29483.98,29498.98,27029.44,57,42,42,57,64942.01,64948.32,,
2026-07-15T07:43:22+08:00,btc-updown-5m-1784072400,https://polymarket.com/zh/event/btc-updown-5m-1784072400,07:40-07:45,54.00,47.00,53.00,39.00,50.00,1446.55,1254.51,30.81,53.50,43.00,1.00,8.00,26650.43,28972.98,28977.98,26181.43,53,41,38,53,64942.01,64948.31,,
2026-07-15T07:43:23+08:00,btc-updown-5m-1784072400,https://polymarket.com/zh/event/btc-updown-5m-1784072400,07:40-07:45,71.00,30.00,70.00,29.00,120.31,615.12,467.02,120.31,70.50,29.50,1.00,1.00,26681.43,28652.98,28657.98,26571.43,70,29,29,70,64942.01,64952.42,,
2026-07-15T07:43:25+08:00,btc-updown-5m-1784072400,https://polymarket.com/zh/event/btc-updown-5m-1784072400,07:40-07:45,75.00,24.00,74.00,23.00,5.96,299.38,648.40,79.78,74.50,23.50,1.00,1.00,26165.43,26694.98,26699.98,26665.43,74,24,23,76,64942.01,64954.50,,
2026-07-15T07:43:27+08:00,btc-updown-5m-1784072400,https://polymarket.com/zh/event/btc-updown-5m-1784072400,07:40-07:45,77.00,24.00,76.00,23.00,642.68,222.26,226.43,617.68,76.50,23.50,1.00,1.00,26165.43,26889.98,26884.98,26060.43,76,23,23,76,64942.01,64960.86,,
2026-07-15T07:43:29+08:00,btc-updown-5m-1784072400,https://polymarket.com/zh/event/btc-updown-5m-1784072400,07:40-07:45,77.00,24.00,76.00,23.00,418.38,354.66,354.66,418.38,76.50,23.50,1.00,1.00,26555.43,26980.98,26980.98,26160.43,76,23,23,76,64942.01,64960.87,,
2026-07-15T07:43:31+08:00,btc-updown-5m-1784072400,https://polymarket.com/zh/event/btc-updown-5m-1784072400,07:40-07:45,76.00,25.00,75.00,24.00,710.12,145.31,145.31,710.12,75.50,24.50,1.00,1.00,25501.43,26341.98,26326.98,25596.43,75,24,24,75,64942.01,64960.86,,
2026-07-15T07:43:33+08:00,btc-updown-5m-1784072400,https://polymarket.com/zh/event/btc-updown-5m-1784072400,07:40-07:45,78.00,23.00,77.00,22.00,5.00,231.14,203.84,106.77,77.50,22.50,1.00,1.00,25701.43,26382.00,26676.98,26091.43,77,22,22,77,64942.01,64960.86,,
2026-07-15T07:43:35+08:00,btc-updown-5m-1784072400,https://polymarket.com/zh/event/btc-updown-5m-1784072400,07:40-07:45,76.00,25.00,75.00,24.00,63.85,623.02,623.37,63.85,75.50,24.50,1.00,1.00,25476.43,27191.98,27186.98,25491.44,75,24,24,75,64942.01,64960.86,,
2026-07-15T07:43:37+08:00,btc-updown-5m-1784072400,https://polymarket.com/zh/event/btc-updown-5m-1784072400,07:40-07:45,73.00,28.00,72.00,27.00,144.97,597.06,208.30,89.97,72.50,27.50,1.00,1.00,25476.43,27126.98,27141.58,25581.43,72,27,27,72,64942.01,64957.94,,
2026-07-15T07:43:39+08:00,btc-updown-5m-1784072400,https://polymarket.com/zh/event/btc-updown-5m-1784072400,07:40-07:45,75.00,26.00,74.00,25.00,773.08,146.40,216.40,761.18,74.50,25.50,1.00,1.00,25596.43,27546.58,27551.58,26096.43,74,25,25,74,64942.01,64960.40,,
2026-07-15T07:43:41+08:00,btc-updown-5m-1784072400,https://polymarket.com/zh/event/btc-updown-5m-1784072400,07:40-07:45,75.00,26.00,74.00,25.00,61.98,903.03,903.03,103.98,74.50,25.50,1.00,1.00,26096.43,27566.58,27576.58,25596.43,74,25,25,74,64942.01,64960.40,,
2026-07-15T07:43:43+08:00,btc-updown-5m-1784072400,https://polymarket.com/zh/event/btc-updown-5m-1784072400,07:40-07:45,74.00,27.00,73.00,26.00,246.78,392.37,417.37,188.78,73.50,26.50,1.00,1.00,25602.43,27291.58,27291.58,25602.43,73,26,26,73,64942.01,64956.86,,
2026-07-15T07:43:45+08:00,btc-updown-5m-1784072400,https://polymarket.com/zh/event/btc-updown-5m-1784072400,07:40-07:45,78.00,23.00,77.00,22.00,230.21,120.00,65.00,394.30,77.50,22.50,1.00,1.00,25502.43,27676.58,27641.58,25597.43,77,22,22,77,64942.01,64956.85,,
2026-07-15T07:43:47+08:00,btc-updown-5m-1784072400,https://polymarket.com/zh/event/btc-updown-5m-1784072400,07:40-07:45,76.00,25.00,75.00,24.00,322.88,110.61,85.52,316.73,75.50,24.50,1.00,1.00,25618.43,27724.58,27929.58,25498.43,75,24,24,75,64942.01,64956.85,,
2026-07-15T07:43:49+08:00,btc-updown-5m-1784072400,https://polymarket.com/zh/event/btc-updown-5m-1784072400,07:40-07:45,77.00,24.00,76.00,23.00,136.02,444.29,337.85,28.70,76.50,23.50,1.00,1.00,25623.43,27349.58,27749.58,26123.43,76,23,23,76,64942.01,64959.29,,
2026-07-15T07:43:50+08:00,btc-updown-5m-1784072400,https://polymarket.com/zh/event/btc-updown-5m-1784072400,07:40-07:45,78.00,23.00,77.00,22.00,237.35,377.00,377.00,237.35,77.50,22.50,1.00,1.00,25628.43,27907.78,27907.78,26018.43,77,22,22,77,64942.01,64959.81,,
2026-07-15T07:43:52+08:00,btc-updown-5m-1784072400,https://polymarket.com/zh/event/btc-updown-5m-1784072400,07:40-07:45,80.00,21.00,79.00,20.00,78.75,29.00,16.03,144.75,79.50,20.50,1.00,1.00,25733.44,28131.68,28116.68,25643.44,77,20,20,78,64942.01,64956.86,,
2026-07-15T07:43:54+08:00,btc-updown-5m-1784072400,https://polymarket.com/zh/event/btc-updown-5m-1784072400,07:40-07:45,77.00,24.00,76.00,23.00,144.02,131.52,345.94,211.45,76.50,23.50,1.00,1.00,26028.44,27669.48,27669.48,26118.43,76,23,23,76,64942.01,64956.86,,
2026-07-15T07:43:56+08:00,btc-updown-5m-1784072400,https://polymarket.com/zh/event/btc-updown-5m-1784072400,07:40-07:45,79.00,22.00,78.00,21.00,64.73,546.71,546.71,58.73,78.50,21.50,1.00,1.00,26073.43,28729.58,28719.58,25683.43,78,21,21,78,64942.01,64956.85,,
2026-07-15T07:43:58+08:00,btc-updown-5m-1784072400,https://polymarket.com/zh/event/btc-updown-5m-1784072400,07:40-07:45,79.00,22.00,78.00,21.00,24.79,475.56,525.56,12.79,78.50,21.50,1.00,1.00,26233.44,28649.58,28649.58,25723.43,78,21,21,78,64942.01,64956.85,,
2026-07-15T07:44:00+08:00,btc-updown-5m-1784072400,https://polymarket.com/zh/event/btc-updown-5m-1784072400,07:40-07:45,77.00,24.00,76.00,23.00,18.00,109.84,197.46,54.80,76.50,23.50,1.00,1.00,26223.44,28079.58,27909.58,26258.44,76,23,23,76,64942.01,64956.85,,
2026-07-15T07:44:02+08:00,btc-updown-5m-1784072400,https://polymarket.com/zh/event/btc-updown-5m-1784072400,07:40-07:45,78.00,23.00,77.00,22.00,27.00,164.29,164.29,22.00,77.50,22.50,1.00,1.00,25653.43,27594.58,27589.58,26178.43,77,22,22,77,64942.01,64956.85,,
2026-07-15T07:44:04+08:00,btc-updown-5m-1784072400,https://polymarket.com/zh/event/btc-updown-5m-1784072400,07:40-07:45,79.00,22.00,78.00,21.00,5.00,544.00,544.00,5.00,78.50,21.50,1.00,1.00,26083.43,27594.58,27684.58,25713.43,78,21,21,78,64942.01,64956.86,,
2026-07-15T07:44:06+08:00,btc-updown-5m-1784072400,https://polymarket.com/zh/event/btc-updown-5m-1784072400,07:40-07:45,86.00,14.00,85.00,13.00,115.00,13.00,380.60,83.99,85.50,13.50,1.00,1.00,26126.44,26546.08,26537.08,25716.43,85,14,13,86,64942.01,64961.79,,
2026-07-15T07:44:07+08:00,btc-updown-5m-1784072400,https://polymarket.com/zh/event/btc-updown-5m-1784072400,07:40-07:45,83.00,18.00,82.00,17.00,70.31,15.07,30.88,124.01,82.50,17.50,1.00,1.00,25631.43,27147.06,27162.06,26111.44,82,17,17,82,64942.01,64955.88,,
2026-07-15T07:44:09+08:00,btc-updown-5m-1784072400,https://polymarket.com/zh/event/btc-updown-5m-1784072400,07:40-07:45,87.00,14.00,86.00,13.00,84.89,72.50,123.76,78.37,86.50,13.50,1.00,1.00,25731.43,27357.06,27357.06,25616.43,86,13,13,86,64942.01,64955.89,,
2026-07-15T07:44:11+08:00,btc-updown-5m-1784072400,https://polymarket.com/zh/event/btc-updown-5m-1784072400,07:40-07:45,88.00,13.00,87.00,12.00,67.43,292.90,257.66,4.78,87.50,12.50,1.00,1.00,25706.43,26802.06,26777.06,26131.44,87,12,12,87,64942.01,64955.88,,
2026-07-15T07:44:13+08:00,btc-updown-5m-1784072400,https://polymarket.com/zh/event/btc-updown-5m-1784072400,07:40-07:45,87.00,13.00,86.00,12.00,3.71,162.17,639.23,58.78,86.50,12.50,1.00,1.00,25616.43,26917.06,26922.06,25706.43,86,13,12,87,64942.01,64957.61,,
2026-07-15T07:44:15+08:00,btc-updown-5m-1784072400,https://polymarket.com/zh/event/btc-updown-5m-1784072400,07:40-07:45,89.00,12.00,88.00,11.00,150.53,19.44,21.33,188.65,88.50,11.50,1.00,1.00,25648.43,26120.06,26156.06,25628.43,88,11,11,88,64942.01,64957.61,,
2026-07-15T07:44:17+08:00,btc-updown-5m-1784072400,https://polymarket.com/zh/event/btc-updown-5m-1784072400,07:40-07:45,87.00,14.00,86.00,13.00,78.00,530.00,575.00,72.25,86.50,13.50,1.00,1.00,25648.43,26351.08,26356.08,25723.43,86,13,13,86,64942.01,64957.90,,
2026-07-15T07:44:19+08:00,btc-updown-5m-1784072400,https://polymarket.com/zh/event/btc-updown-5m-1784072400,07:40-07:45,85.00,15.00,84.00,14.00,38.70,92.91,295.52,32.48,84.50,14.50,1.00,1.00,25728.43,25985.06,25945.06,25638.43,84,15,14,85,64942.01,64957.97,,
2026-07-15T07:44:21+08:00,btc-updown-5m-1784072400,https://polymarket.com/zh/event/btc-updown-5m-1784072400,07:40-07:45,90.00,11.00,89.00,10.00,279.90,26.00,13.00,159.39,89.50,10.50,1.00,1.00,25733.43,22137.98,22022.98,26258.44,88,10,10,88,64942.01,64957.96,,
2026-07-15T07:44:23+08:00,btc-updown-5m-1784072400,https://polymarket.com/zh/event/btc-updown-5m-1784072400,07:40-07:45,92.00,9.00,91.00,8.00,198.68,81.48,72.59,115.91,91.50,8.50,1.00,1.00,25653.43,21743.98,21684.28,25778.43,91,8,8,91,64942.01,64957.96,,
2026-07-15T07:44:25+08:00,btc-updown-5m-1784072400,https://polymarket.com/zh/event/btc-updown-5m-1784072400,07:40-07:45,93.00,7.00,92.00,6.00,142.46,13.00,57.29,502.90,92.50,6.50,1.00,1.00,25788.43,21941.18,21956.18,25683.43,92,7,6,93,64942.01,64957.96,,
2026-07-15T07:44:27+08:00,btc-updown-5m-1784072400,https://polymarket.com/zh/event/btc-updown-5m-1784072400,07:40-07:45,93.00,7.00,92.00,6.00,7.61,13.00,273.36,112.56,92.50,6.50,1.00,1.00,26203.44,22084.19,22018.31,26293.43,92,7,6,93,64942.01,64957.97,,
2026-07-15T07:44:28+08:00,btc-updown-5m-1784072400,https://polymarket.com/zh/event/btc-updown-5m-1784072400,07:40-07:45,94.00,7.00,93.00,6.00,115.73,146.14,146.14,115.73,93.50,6.50,1.00,1.00,25688.43,21946.16,22036.19,25788.43,93,6,6,93,64942.01,64957.97,,
2026-07-15T07:44:30+08:00,btc-updown-5m-1784072400,https://polymarket.com/zh/event/btc-updown-5m-1784072400,07:40-07:45,95.00,6.00,94.00,5.00,1464.08,20.63,20.63,1308.07,94.50,5.50,1.00,1.00,25939.12,21100.51,20899.50,25949.11,94,5,5,94,64942.01,64957.97,,
2026-07-15T07:44:32+08:00,btc-updown-5m-1784072400,https://polymarket.com/zh/event/btc-updown-5m-1784072400,07:40-07:45,95.00,6.00,94.00,5.00,867.10,167.36,167.36,867.10,94.50,5.50,1.00,1.00,25633.11,19892.63,19947.63,25633.11,94,5,5,94,64942.01,64957.97,,
2026-07-15T07:44:34+08:00,btc-updown-5m-1784072400,https://polymarket.com/zh/event/btc-updown-5m-1784072400,07:40-07:45,95.00,6.00,94.00,5.00,750.41,250.06,244.35,745.14,94.50,5.50,1.00,1.00,25638.12,19774.94,19728.79,25643.12,94,5,5,94,64942.01,64957.96,,
2026-07-15T07:44:36+08:00,btc-updown-5m-1784072400,https://polymarket.com/zh/event/btc-updown-5m-1784072400,07:40-07:45,95.00,6.00,94.00,5.00,399.26,143.04,143.04,404.26,94.50,5.50,1.00,1.00,23412.12,12732.60,12752.60,23932.13,94,5,5,94,64942.01,64957.96,,
2026-07-15T07:44:38+08:00,btc-updown-5m-1784072400,https://polymarket.com/zh/event/btc-updown-5m-1784072400,07:40-07:45,95.00,6.00,94.00,5.00,379.73,23.30,28.30,357.61,94.50,5.50,1.00,1.00,24827.12,13024.69,13007.57,24837.12,94,5,5,94,64942.01,64959.68,,
2026-07-15T07:44:40+08:00,btc-updown-5m-1784072400,https://polymarket.com/zh/event/btc-updown-5m-1784072400,07:40-07:45,95.00,6.00,94.00,5.00,199.39,52.22,52.22,199.39,94.50,5.50,1.00,1.00,24555.13,12125.28,12125.28,25045.12,94,5,5,94,64942.01,64960.01,,
2026-07-15T07:44:42+08:00,btc-updown-5m-1784072400,https://polymarket.com/zh/event/btc-updown-5m-1784072400,07:40-07:45,96.00,5.00,95.00,4.00,463.15,388.09,375.70,460.87,95.50,4.50,1.00,1.00,24535.12,11862.74,11850.46,25038.12,95,4,4,95,64942.01,64960.01,,
2026-07-15T07:44:44+08:00,btc-updown-5m-1784072400,https://polymarket.com/zh/event/btc-updown-5m-1784072400,07:40-07:45,96.00,5.00,95.00,4.00,354.58,469.12,469.12,333.74,95.50,4.50,1.00,1.00,23834.13,6789.47,6818.63,23799.12,95,4,4,95,64942.01,64957.96,,
2026-07-15T07:44:45+08:00,btc-updown-5m-1784072400,https://polymarket.com/zh/event/btc-updown-5m-1784072400,07:40-07:45,96.00,5.00,95.00,4.00,25.00,273.84,273.84,25.00,95.50,4.50,1.00,1.00,22451.13,5523.84,5223.84,22961.14,95,4,4,95,64942.01,64951.68,,
2026-07-15T07:44:47+08:00,btc-updown-5m-1784072400,https://polymarket.com/zh/event/btc-updown-5m-1784072400,07:40-07:45,97.00,4.00,96.00,3.00,216.42,199.39,199.39,208.16,96.50,3.50,1.00,1.00,22390.13,4865.26,4857.00,22405.13,96,3,3,96,64942.01,64951.68,,
2026-07-15T07:44:49+08:00,btc-updown-5m-1784072400,https://polymarket.com/zh/event/btc-updown-5m-1784072400,07:40-07:45,98.00,5.00,97.00,3.00,674.95,134.44,45.16,16.74,97.50,4.00,1.00,2.00,22211.13,4483.64,4530.38,22226.13,55,2,3,51,64942.01,64951.69,,
2026-07-15T07:44:51+08:00,btc-updown-5m-1784072400,https://polymarket.com/zh/event/btc-updown-5m-1784072400,07:40-07:45,98.00,3.00,97.00,2.00,569.87,271.23,209.31,564.87,97.50,2.50,1.00,1.00,13261.45,3246.56,3241.56,13261.45,50,2,2,50,64942.01,64951.69,,
2026-07-15T07:44:53+08:00,btc-updown-5m-1784072400,https://polymarket.com/zh/event/btc-updown-5m-1784072400,07:40-07:45,99.00,2.00,98.00,1.00,1430.51,471.96,466.96,1428.51,98.50,1.50,1.00,1.00,13038.24,1430.51,1428.51,13607.40,49,1,1,49,64942.01,64959.35,,
2026-07-15T07:44:55+08:00,btc-updown-5m-1784072400,https://polymarket.com/zh/event/btc-updown-5m-1784072400,07:40-07:45,,1.00,99.00,,,5962.72,4968.72,,,,,,12804.08,,,12809.08,52,0,0,52,64942.01,64959.34,,
2026-07-15T07:44:57+08:00,btc-updown-5m-1784072400,https://polymarket.com/zh/event/btc-updown-5m-1784072400,07:40-07:45,,1.00,99.00,,,14133.60,12916.60,,,,,,13759.08,,,13759.08,53,0,0,53,64942.01,64959.35,,
2026-07-15T07:44:59+08:00,btc-updown-5m-1784072400,https://polymarket.com/zh/event/btc-updown-5m-1784072400,07:40-07:45,,1.00,99.00,,,26989.26,24110.95,,,,,,13695.81,,,14100.81,72,0,0,72,64942.01,64959.34,,
2026-07-15T07:45:01+08:00,btc-updown-5m-1784072700,https://polymarket.com/zh/event/btc-updown-5m-1784072700,07:45-07:50,50.00,51.00,49.00,50.00,9615.82,209.00,47.00,9668.37,49.50,50.50,1.00,1.00,20101.08,22555.50,22455.50,20106.08,48,50,50,49,64959.35,64966.72,,
2026-07-15T07:45:03+08:00,btc-updown-5m-1784072700,https://polymarket.com/zh/event/btc-updown-5m-1784072700,07:45-07:50,48.00,53.00,47.00,52.00,113.24,88.70,85.59,41.24,47.50,52.50,1.00,1.00,20485.34,22829.76,22834.76,20575.34,47,52,52,47,64959.35,64969.77,,
2026-07-15T07:45:04+08:00,btc-updown-5m-1784072700,https://polymarket.com/zh/event/btc-updown-5m-1784072700,07:45-07:50,48.00,53.00,47.00,52.00,290.77,303.17,19.68,111.42,47.50,52.50,1.00,1.00,20780.34,23025.76,23209.76,21015.34,47,52,52,47,64959.35,64955.24,,
2026-07-15T07:45:06+08:00,btc-updown-5m-1784072700,https://polymarket.com/zh/event/btc-updown-5m-1784072700,07:45-07:50,49.00,52.00,48.00,51.00,5.00,874.56,829.56,5.00,48.50,51.50,1.00,1.00,21045.34,23514.76,23514.76,21020.34,48,51,51,48,64959.35,64955.24,,
2026-07-15T07:45:08+08:00,btc-updown-5m-1784072700,https://polymarket.com/zh/event/btc-updown-5m-1784072700,07:45-07:50,50.00,51.00,49.00,50.00,7943.95,452.07,456.23,7945.65,49.50,50.50,1.00,1.00,18835.34,23271.76,23170.76,18830.34,49,50,50,49,64959.35,64961.67,,
2026-07-15T07:45:10+08:00,btc-updown-5m-1784072700,https://polymarket.com/zh/event/btc-updown-5m-1784072700,07:45-07:50,50.00,51.00,49.00,50.00,7660.65,107.04,179.03,7695.65,49.50,50.50,1.00,1.00,18632.74,21006.29,21085.29,18637.74,49,50,50,49,64959.35,64961.67,,
2026-07-15T07:45:12+08:00,btc-updown-5m-1784072700,https://polymarket.com/zh/event/btc-updown-5m-1784072700,07:45-07:50,49.00,52.00,48.00,51.00,368.83,153.53,163.15,427.66,48.50,51.50,1.00,1.00,18779.57,21105.30,21011.29,18784.57,48,51,51,48,64959.35,64961.68,,
2026-07-15T07:45:14+08:00,btc-updown-5m-1784072700,https://polymarket.com/zh/event/btc-updown-5m-1784072700,07:45-07:50,47.00,54.00,46.00,53.00,121.00,648.99,543.11,88.61,46.50,53.50,1.00,1.00,19387.67,21850.89,21765.89,19377.67,46,53,53,46,64959.35,64961.67,,
2026-07-15T07:45:16+08:00,btc-updown-5m-1784072700,https://polymarket.com/zh/event/btc-updown-5m-1784072700,07:45-07:50,47.00,54.00,46.00,53.00,73.05,629.63,594.63,110.05,46.50,53.50,1.00,1.00,19713.57,21955.30,22045.29,19728.57,46,53,53,46,64959.35,64961.67,,
2026-07-15T07:45:18+08:00,btc-updown-5m-1784072700,https://polymarket.com/zh/event/btc-updown-5m-1784072700,07:45-07:50,43.00,58.00,41.00,57.00,226.34,5.00,87.00,227.57,42.00,57.50,2.00,1.00,19728.57,22060.30,22065.30,19728.57,41,57,57,42,64959.35,64956.72,,
2026-07-15T07:45:20+08:00,btc-updown-5m-1784072700,https://polymarket.com/zh/event/btc-updown-5m-1784072700,07:45-07:50,40.00,61.00,39.00,60.00,47.97,1013.48,972.77,20.00,39.50,60.50,1.00,1.00,19743.57,22159.29,22065.29,19738.57,39,60,60,39,64959.35,64954.05,,
2026-07-15T07:45:22+08:00,btc-updown-5m-1784072700,https://polymarket.com/zh/event/btc-updown-5m-1784072700,07:45-07:50,41.00,60.00,40.00,59.00,20.00,326.81,326.81,20.00,40.50,59.50,1.00,1.00,20071.89,22482.61,22482.61,20086.89,40,59,59,40,64959.35,64954.05,,
2026-07-15T07:45:24+08:00,btc-updown-5m-1784072700,https://polymarket.com/zh/event/btc-updown-5m-1784072700,07:45-07:50,41.00,61.00,40.00,60.00,522.09,666.48,34.51,105.00,40.50,60.50,1.00,1.00,20056.89,22392.61,22503.61,20056.89,40,59,60,39,64959.35,64954.05,,
2026-07-15T07:45:25+08:00,btc-updown-5m-1784072700,https://polymarket.com/zh/event/btc-updown-5m-1784072700,07:45-07:50,40.00,61.00,39.00,60.00,68.00,583.91,583.91,68.00,39.50,60.50,1.00,1.00,20465.44,22646.21,22646.21,20465.44,39,60,60,39,64959.35,64954.50,,
2026-07-15T07:45:27+08:00,btc-updown-5m-1784072700,https://polymarket.com/zh/event/btc-updown-5m-1784072700,07:45-07:50,40.00,61.00,39.00,60.00,277.98,416.10,424.30,277.98,39.50,60.50,1.00,1.00,21341.73,23169.19,23264.19,21341.73,39,60,60,39,64959.35,64954.50,,
2026-07-15T07:45:29+08:00,btc-updown-5m-1784072700,https://polymarket.com/zh/event/btc-updown-5m-1784072700,07:45-07:50,44.00,57.00,43.00,56.00,19.63,762.26,799.26,8.27,43.50,56.50,1.00,1.00,21484.13,23469.89,23359.89,21474.13,43,56,56,43,64959.35,64954.50,,
2026-07-15T07:45:31+08:00,btc-updown-5m-1784072700,https://polymarket.com/zh/event/btc-updown-5m-1784072700,07:45-07:50,48.00,53.00,47.00,52.00,182.62,671.99,684.29,405.85,47.50,52.50,1.00,1.00,21024.13,25094.19,24984.19,21014.13,47,52,52,47,64959.35,64959.43,,
2026-07-15T07:45:33+08:00,btc-updown-5m-1784072700,https://polymarket.com/zh/event/btc-updown-5m-1784072700,07:45-07:50,43.00,60.00,42.00,59.00,571.03,32.84,59.50,451.79,42.50,59.50,1.00,1.00,21019.13,25341.60,25231.59,21014.13,42,57,59,40,64959.35,64961.67,,
2026-07-15T07:45:35+08:00,btc-updown-5m-1784072700,https://polymarket.com/zh/event/btc-updown-5m-1784072700,07:45-07:50,40.00,61.00,39.00,60.00,929.38,75.35,75.35,919.38,39.50,60.50,1.00,1.00,20369.13,24675.59,24691.60,20354.13,39,60,60,39,64959.35,64954.06,,
2026-07-15T07:45:37+08:00,btc-updown-5m-1784072700,https://polymarket.com/zh/event/btc-updown-5m-1784072700,07:45-07:50,39.00,62.00,38.00,61.00,895.24,101.87,126.87,919.59,38.50,61.50,1.00,1.00,20329.13,24745.59,24645.59,20339.13,38,61,61,38,64959.35,64954.05,,
2026-07-15T07:45:39+08:00,btc-updown-5m-1784072700,https://polymarket.com/zh/event/btc-updown-5m-1784072700,07:45-07:50,39.00,62.00,38.00,61.00,835.65,116.00,116.00,835.65,38.50,61.50,1.00,1.00,20447.13,24743.59,24848.59,20437.13,38,61,61,38,64959.35,64952.01,,
2026-07-15T07:45:40+08:00,btc-updown-5m-1784072700,https://polymarket.com/zh/event/btc-updown-5m-1784072700,07:45-07:50,39.00,62.00,38.00,61.00,716.73,37.12,54.12,703.90,38.50,61.50,1.00,1.00,20437.13,24743.59,24838.59,20432.13,38,61,61,38,64959.35,64952.01,,
2026-07-15T07:45:42+08:00,btc-updown-5m-1784072700,https://polymarket.com/zh/event/btc-updown-5m-1784072700,07:45-07:50,36.00,65.00,35.00,64.00,382.38,796.29,806.11,382.38,35.50,64.50,1.00,1.00,22433.81,24549.60,24638.59,22428.81,35,64,64,35,64959.35,64950.63,,
2026-07-15T07:45:44+08:00,btc-updown-5m-1784072700,https://polymarket.com/zh/event/btc-updown-5m-1784072700,07:45-07:50,36.00,65.00,35.00,64.00,42.00,826.43,848.40,42.00,35.50,64.50,1.00,1.00,22428.81,24638.59,24564.60,22443.81,35,64,64,35,64959.35,64950.70,,
2026-07-15T07:45:46+08:00,btc-updown-5m-1784072700,https://polymarket.com/zh/event/btc-updown-5m-1784072700,07:45-07:50,48.00,53.00,47.00,52.00,55.00,677.28,369.57,47.47,47.50,52.50,1.00,1.00,21017.81,24903.59,24879.60,20128.81,47,52,52,47,64959.35,64960.40,,
2026-07-15T07:45:48+08:00,btc-updown-5m-1784072700,https://polymarket.com/zh/event/btc-updown-5m-1784072700,07:45-07:50,50.00,51.00,49.00,50.00,5165.56,937.22,942.93,5165.56,49.50,50.50,1.00,1.00,20128.81,24823.59,24829.59,20128.81,49,50,50,49,64959.35,64968.06,,
2026-07-15T07:45:50+08:00,btc-updown-5m-1784072700,https://polymarket.com/zh/event/btc-updown-5m-1784072700,07:45-07:50,50.00,51.00,49.00,50.00,3812.69,1054.39,959.44,3719.07,49.50,50.50,1.00,1.00,20128.81,24874.11,24933.12,20128.81,49,50,50,49,64959.35,64968.06,,
2026-07-15T07:45:52+08:00,btc-updown-5m-1784072700,https://polymarket.com/zh/event/btc-updown-5m-1784072700,07:45-07:50,50.00,51.00,49.00,50.00,2730.43,605.97,642.73,2572.24,49.50,50.50,1.00,1.00,20148.81,25052.12,25057.11,20138.81,49,50,50,49,64959.35,64970.39,,
2026-07-15T07:45:54+08:00,btc-updown-5m-1784072700,https://polymarket.com/zh/event/btc-updown-5m-1784072700,07:45-07:50,50.00,51.00,49.00,50.00,1746.52,1022.83,422.36,1630.52,49.50,50.50,1.00,1.00,20128.81,24930.95,24965.95,20148.81,49,50,50,49,64959.35,64974.06,,
2026-07-15T07:45:56+08:00,btc-updown-5m-1784072700,https://polymarket.com/zh/event/btc-updown-5m-1784072700,07:45-07:50,50.00,51.00,49.00,50.00,1475.69,282.54,1040.13,1592.66,49.50,50.50,1.00,1.00,20125.55,24891.11,24786.11,20125.55,49,50,50,49,64959.35,64974.06,,
2026-07-15T07:45:58+08:00,btc-updown-5m-1784072700,https://polymarket.com/zh/event/btc-updown-5m-1784072700,07:45-07:50,60.00,39.00,58.00,38.00,59.23,18.04,27.00,218.25,59.00,38.50,2.00,1.00,20235.56,27178.11,27173.11,20235.56,58,40,38,60,64959.35,64974.06,,
2026-07-15T07:45:59+08:00,btc-updown-5m-1784072700,https://polymarket.com/zh/event/btc-updown-5m-1784072700,07:45-07:50,60.00,41.00,59.00,40.00,351.87,1039.81,1072.25,121.87,59.50,40.50,1.00,1.00,20135.55,27133.11,27133.11,20225.55,59,40,40,59,64959.35,64981.07,,
2026-07-15T07:46:01+08:00,btc-updown-5m-1784072700,https://polymarket.com/zh/event/btc-updown-5m-1784072700,07:45-07:50,64.00,37.00,63.00,36.00,261.49,73.38,73.38,223.36,63.50,36.50,1.00,1.00,28807.56,32055.11,32045.11,28187.55,63,36,36,63,64959.35,64982.73,,
2026-07-15T07:46:03+08:00,btc-updown-5m-1784072700,https://polymarket.com/zh/event/btc-updown-5m-1784072700,07:45-07:50,61.00,40.00,60.00,39.00,414.32,58.36,58.36,442.68,60.50,39.50,1.00,1.00,28223.55,32070.11,32060.11,28318.55,60,39,39,60,64959.35,64980.33,,
2026-07-15T07:46:05+08:00,btc-updown-5m-1784072700,https://polymarket.com/zh/event/btc-updown-5m-1784072700,07:45-07:50,59.00,42.00,58.00,41.00,878.97,15.70,147.41,751.59,58.50,41.50,1.00,1.00,28328.55,32065.11,32055.11,28323.55,58,41,41,58,64959.35,64980.30,,
2026-07-15T07:46:07+08:00,btc-updown-5m-1784072700,https://polymarket.com/zh/event/btc-updown-5m-1784072700,07:45-07:50,47.00,54.00,46.00,53.00,405.83,151.32,222.04,410.89,46.50,53.50,1.00,1.00,28047.55,34299.11,34410.12,28037.55,46,53,53,46,64959.35,64974.06,,
2026-07-15T07:46:09+08:00,btc-updown-5m-1784072700,https://polymarket.com/zh/event/btc-updown-5m-1784072700,07:45-07:50,47.00,54.00,46.00,53.00,84.50,1006.41,1023.50,74.50,46.50,53.50,1.00,1.00,27962.55,34346.11,34237.11,27952.55,46,53,53,46,64959.35,64966.72,,
2026-07-15T07:46:11+08:00,btc-updown-5m-1784072700,https://polymarket.com/zh/event/btc-updown-5m-1784072700,07:45-07:50,49.00,52.00,48.00,51.00,207.72,421.39,152.00,358.47,48.50,51.50,1.00,1.00,27222.55,33596.11,33516.12,27227.55,48,51,51,48,64959.35,64966.72,,
2026-07-15T07:46:13+08:00,btc-updown-5m-1784072700,https://polymarket.com/zh/event/btc-updown-5m-1784072700,07:45-07:50,51.00,50.00,50.00,49.00,398.45,126.47,126.47,396.48,50.50,49.50,1.00,1.00,27135.55,33399.11,33394.11,27240.55,50,49,49,50,64959.35,64966.73,,
2026-07-15T07:46:15+08:00,btc-updown-5m-1784072700,https://polymarket.com/zh/event/btc-updown-5m-1784072700,07:45-07:50,46.00,56.00,45.00,55.00,332.57,51.42,11.55,317.64,45.50,55.50,1.00,1.00,27140.55,33792.11,33792.11,27135.55,45,54,55,44,64959.35,64963.48,,
2026-07-15T07:46:17+08:00,btc-updown-5m-1784072700,https://polymarket.com/zh/event/btc-updown-5m-1784072700,07:45-07:50,45.00,56.00,44.00,55.00,100.59,599.62,604.62,143.92,44.50,55.50,1.00,1.00,27125.55,33778.11,33725.12,27072.55,44,55,55,44,64959.35,64963.05,,
2026-07-15T07:46:19+08:00,btc-updown-5m-1784072700,https://polymarket.com/zh/event/btc-updown-5m-1784072700,07:45-07:50,45.00,56.00,44.00,55.00,15.27,539.80,549.80,13.04,44.50,55.50,1.00,1.00,27002.55,33644.11,33569.11,27017.55,44,55,55,44,64959.35,64963.05,,
2026-07-15T07:46:20+08:00,btc-updown-5m-1784072700,https://polymarket.com/zh/event/btc-updown-5m-1784072700,07:45-07:50,46.00,55.00,45.00,54.00,11.20,533.53,608.53,36.20,45.50,54.50,1.00,1.00,26712.55,33519.11,33630.11,26712.55,45,54,54,45,64959.35,64963.05,,
2026-07-15T07:46:22+08:00,btc-updown-5m-1784072700,https://polymarket.com/zh/event/btc-updown-5m-1784072700,07:45-07:50,43.00,58.00,42.00,57.00,82.16,615.25,615.25,82.16,42.50,57.50,1.00,1.00,26748.55,33646.11,33531.11,26733.55,42,57,57,42,64959.35,64963.05,,
2026-07-15T07:46:24+08:00,btc-updown-5m-1784072700,https://polymarket.com/zh/event/btc-updown-5m-1784072700,07:45-07:50,43.00,57.00,42.00,56.00,48.61,467.00,666.22,101.29,42.50,56.50,1.00,1.00,26733.55,33537.11,33562.12,26748.55,42,57,56,43,64959.35,64963.04,,
2026-07-15T07:46:26+08:00,btc-updown-5m-1784072700,https://polymarket.com/zh/event/btc-updown-5m-1784072700,07:45-07:50,44.00,57.00,43.00,56.00,90.52,594.86,594.86,90.52,43.50,56.50,1.00,1.00,26743.55,33546.11,33636.11,26733.55,43,56,56,43,64959.35,64963.04,,
2026-07-15T07:46:28+08:00,btc-updown-5m-1784072700,https://polymarket.com/zh/event/btc-updown-5m-1784072700,07:45-07:50,44.00,57.00,43.00,56.00,50.87,542.41,663.76,50.87,43.50,56.50,1.00,1.00,26738.55,33636.11,33531.11,26733.55,43,56,56,43,64959.35,64963.04,,
2026-07-15T07:46:30+08:00,btc-updown-5m-1784072700,https://polymarket.com/zh/event/btc-updown-5m-1784072700,07:45-07:50,45.00,56.00,44.00,55.00,26.34,672.68,672.68,26.34,44.50,55.50,1.00,1.00,26743.55,33532.12,33521.11,26733.55,44,55,55,44,64959.35,64963.04,,
2026-07-15T07:46:32+08:00,btc-updown-5m-1784072700,https://polymarket.com/zh/event/btc-updown-5m-1784072700,07:45-07:50,46.00,55.00,45.00,54.00,6.99,520.27,532.77,6.99,45.50,54.50,1.00,1.00,26738.55,33636.11,33562.12,26743.55,45,54,54,45,64959.35,64963.04,,
2026-07-15T07:46:34+08:00,btc-updown-5m-1784072700,https://polymarket.com/zh/event/btc-updown-5m-1784072700,07:45-07:50,50.00,51.00,49.00,50.00,19.44,508.69,508.69,19.44,49.50,50.50,1.00,1.00,26748.55,33551.11,33641.11,26743.55,49,50,50,49,64959.35,64963.04,,
2026-07-15T07:46:36+08:00,btc-updown-5m-1784072700,https://polymarket.com/zh/event/btc-updown-5m-1784072700,07:45-07:50,50.00,51.00,49.00,50.00,202.58,309.36,223.17,97.00,49.50,50.50,1.00,1.00,26738.55,33631.11,33536.11,26743.55,49,50,50,49,64959.35,64963.04,,
2026-07-15T07:46:37+08:00,btc-updown-5m-1784072700,https://polymarket.com/zh/event/btc-updown-5m-1784072700,07:45-07:50,50.00,51.00,49.00,50.00,27.00,795.40,795.40,27.00,49.50,50.50,1.00,1.00,26733.55,33631.11,33647.11,26743.55,49,50,50,49,64959.35,64963.04,,
2026-07-15T07:46:39+08:00,btc-updown-5m-1784072700,https://polymarket.com/zh/event/btc-updown-5m-1784072700,07:45-07:50,48.00,53.00,47.00,52.00,334.05,44.81,44.81,324.05,47.50,52.50,1.00,1.00,26733.55,33652.12,33542.11,26723.55,47,52,52,47,64959.35,64959.79,,
2026-07-15T07:46:41+08:00,btc-updown-5m-1784072700,https://polymarket.com/zh/event/btc-updown-5m-1784072700,07:45-07:50,47.00,54.00,46.00,53.00,552.85,40.00,40.00,687.41,46.50,53.50,1.00,1.00,26618.55,33444.11,33459.12,26723.55,46,53,53,46,64959.35,64958.42,,
2026-07-15T07:46:43+08:00,btc-updown-5m-1784072700,https://polymarket.com/zh/event/btc-updown-5m-1784072700,07:45-07:50,36.00,65.00,35.00,64.00,31.00,4.87,181.02,86.00,35.50,64.50,1.00,1.00,26989.55,33536.11,33441.12,27010.55,35,64,64,35,64959.35,64953.54,,
2026-07-15T07:46:45+08:00,btc-updown-5m-1784072700,https://polymarket.com/zh/event/btc-updown-5m-1784072700,07:45-07:50,31.00,70.00,30.00,69.00,61.26,627.02,606.07,29.00,30.50,69.50,1.00,1.00,29134.55,31235.11,31300.11,29124.55,30,69,69,30,64959.35,64950.00,,
2026-07-15T07:46:47+08:00,btc-updown-5m-1784072700,https://polymarket.com/zh/event/btc-updown-5m-1784072700,07:45-07:50,31.00,70.00,30.00,69.00,528.77,35.00,38.50,528.77,30.50,69.50,1.00,1.00,28924.55,31521.11,31430.11,28939.55,30,69,69,30,64959.35,64950.00,,
2026-07-15T07:46:49+08:00,btc-updown-5m-1784072700,https://polymarket.com/zh/event/btc-updown-5m-1784072700,07:45-07:50,28.00,73.00,27.00,72.00,55.00,1206.69,1186.57,55.00,27.50,72.50,1.00,1.00,29031.55,31210.11,31221.11,29021.55,27,72,72,27,64959.35,64950.00,,
2026-07-15T07:46:51+08:00,btc-updown-5m-1784072700,https://polymarket.com/zh/event/btc-updown-5m-1784072700,07:45-07:50,31.00,66.00,30.00,65.00,59.54,87.49,660.12,25.46,30.50,65.50,1.00,1.00,28946.55,31210.11,31325.11,28911.55,30,69,65,34,64959.35,64950.00,,
2026-07-15T07:46:53+08:00,btc-updown-5m-1784072700,https://polymarket.com/zh/event/btc-updown-5m-1784072700,07:45-07:50,42.00,59.00,41.00,58.00,280.40,168.09,328.17,441.47,41.50,58.50,1.00,1.00,28893.55,31205.11,31310.11,28898.55,41,58,58,41,64959.35,64951.48,,
2026-07-15T07:46:54+08:00,btc-updown-5m-1784072700,https://polymarket.com/zh/event/btc-updown-5m-1784072700,07:45-07:50,41.00,60.00,40.00,59.00,537.44,202.68,222.68,537.44,40.50,59.50,1.00,1.00,29219.31,31326.11,31210.11,29214.31,40,59,59,40,64959.35,64954.03,,
2026-07-15T07:46:56+08:00,btc-updown-5m-1784072700,https://polymarket.com/zh/event/btc-updown-5m-1784072700,07:45-07:50,40.00,61.00,39.00,60.00,393.48,518.26,518.26,393.48,39.50,60.50,1.00,1.00,28939.31,31115.11,31036.12,28929.31,39,60,60,39,64959.35,64956.47,,
2026-07-15T07:46:58+08:00,btc-updown-5m-1784072700,https://polymarket.com/zh/event/btc-updown-5m-1784072700,07:45-07:50,38.00,64.00,37.00,63.00,795.50,81.00,45.86,44.14,37.50,63.50,1.00,1.00,29024.31,31025.11,31110.11,29029.31,37,62,63,36,64959.35,64956.47,,
2026-07-15T07:47:00+08:00,btc-updown-5m-1784072700,https://polymarket.com/zh/event/btc-updown-5m-1784072700,07:45-07:50,35.00,67.00,34.00,66.00,832.98,228.64,13.43,183.28,34.50,66.50,1.00,1.00,29057.31,31026.11,31031.11,29067.31,34,65,66,33,64959.35,64956.47,,
2026-07-15T07:47:02+08:00,btc-updown-5m-1784072700,https://polymarket.com/zh/event/btc-updown-5m-1784072700,07:45-07:50,35.00,66.00,34.00,65.00,344.26,460.13,285.81,344.26,34.50,65.50,1.00,1.00,28977.31,31025.11,30910.11,28957.31,34,65,65,34,64959.35,64952.68,,
2026-07-15T07:47:04+08:00,btc-updown-5m-1784072700,https://polymarket.com/zh/event/btc-updown-5m-1784072700,07:45-07:50,35.00,66.00,34.00,65.00,396.21,174.60,174.60,388.11,34.50,65.50,1.00,1.00,28762.31,31031.12,31020.11,28762.31,34,65,65,34,64959.35,64952.68,,
2026-07-15T07:47:06+08:00,btc-updown-5m-1784072700,https://polymarket.com/zh/event/btc-updown-5m-1784072700,07:45-07:50,35.00,66.00,34.00,65.00,224.48,181.66,181.66,260.19,34.50,65.50,1.00,1.00,28772.31,30815.11,30120.12,28167.31,34,65,65,34,64959.35,64952.68,,
2026-07-15T07:47:08+08:00,btc-updown-5m-1784072700,https://polymarket.com/zh/event/btc-updown-5m-1784072700,07:45-07:50,31.00,70.00,30.00,69.00,134.20,1103.32,1103.32,134.20,30.50,69.50,1.00,1.00,28157.31,30115.11,30110.11,28152.31,30,69,69,30,64959.35,64950.40,,
2026-07-15T07:47:09+08:00,btc-updown-5m-1784072700,https://polymarket.com/zh/event/btc-updown-5m-1784072700,07:45-07:50,31.00,70.00,30.00,69.00,40.51,1051.71,1051.71,40.51,30.50,69.50,1.00,1.00,28157.31,30110.11,30031.12,28172.31,30,69,69,30,64959.35,64950.41,,
2026-07-15T07:47:11+08:00,btc-updown-5m-1784072700,https://polymarket.com/zh/event/btc-updown-5m-1784072700,07:45-07:50,39.00,62.00,38.00,61.00,127.16,496.35,490.98,89.88,38.50,61.50,1.00,1.00,28052.31,30005.11,30126.11,28032.31,38,61,61,38,64959.35,64953.29,,
2026-07-15T07:47:13+08:00,btc-updown-5m-1784072700,https://polymarket.com/zh/event/btc-updown-5m-1784072700,07:45-07:50,41.00,60.00,40.00,59.00,58.38,822.57,852.57,58.38,40.50,59.50,1.00,1.00,28037.31,30036.12,30010.11,28022.31,40,59,59,40,64959.35,64956.04,,
2026-07-15T07:47:15+08:00,btc-updown-5m-1784072700,https://polymarket.com/zh/event/btc-updown-5m-1784072700,07:45-07:50,45.00,56.00,44.00,55.00,179.87,689.91,729.91,179.87,44.50,55.50,1.00,1.00,26029.31,32241.11,32031.11,26014.31,44,54,55,44,64959.35,64962.93,,
2026-07-15T07:47:17+08:00,btc-updown-5m-1784072700,https://polymarket.com/zh/event/btc-updown-5m-1784072700,07:45-07:50,45.00,56.00,44.00,55.00,141.90,589.43,559.43,141.90,44.50,55.50,1.00,1.00,26004.31,32002.12,32076.11,25999.31,44,55,55,44,64959.35,64960.37,,
2026-07-15T07:47:19+08:00,btc-updown-5m-1784072700,https://polymarket.com/zh/event/btc-updown-5m-1784072700,07:45-07:50,42.00,59.00,41.00,58.00,436.88,91.00,224.12,481.52,41.50,58.50,1.00,1.00,26728.31,32920.11,33046.12,26738.31,41,58,58,41,64959.35,64956.01,,
2026-07-15T07:47:21+08:00,btc-updown-5m-1784072700,https://polymarket.com/zh/event/btc-updown-5m-1784072700,07:45-07:50,41.00,60.00,40.00,59.00,480.34,247.50,254.69,530.34,40.50,59.50,1.00,1.00,26731.31,33035.11,32920.11,26731.31,40,59,59,40,64959.35,64954.33,,
2026-07-15T07:47:23+08:00,btc-updown-5m-1784072700,https://polymarket.com/zh/event/btc-updown-5m-1784072700,07:45-07:50,43.00,58.00,42.00,57.00,24.38,873.74,757.61,24.38,42.50,57.50,1.00,1.00,26746.31,32920.11,33035.11,26761.31,42,57,57,42,64959.35,64954.11,,
2026-07-15T07:47:25+08:00,btc-updown-5m-1784072700,https://polymarket.com/zh/event/btc-updown-5m-1784072700,07:45-07:50,38.00,65.00,35.00,64.00,315.35,158.22,66.34,363.88,36.50,64.50,3.00,1.00,26901.31,32820.11,32731.11,26906.31,35,62,64,35,64959.35,64957.36,,
2026-07-15T07:47:26+08:00,btc-updown-5m-1784072700,https://polymarket.com/zh/event/btc-updown-5m-1784072700,07:45-07:50,36.00,65.00,35.00,64.00,730.36,86.95,44.95,718.83,35.50,64.50,1.00,1.00,26799.31,32930.11,33036.12,26784.31,35,64,64,35,64959.35,64952.18,,
2026-07-15T07:47:28+08:00,btc-updown-5m-1784072700,https://polymarket.com/zh/event/btc-updown-5m-1784072700,07:45-07:50,38.00,63.00,37.00,62.00,191.05,690.57,690.57,191.05,37.50,62.50,1.00,1.00,26764.31,32725.11,32720.11,26754.31,37,62,62,37,64959.35,64955.27,,
2026-07-15T07:47:30+08:00,btc-updown-5m-1784072700,https://polymarket.com/zh/event/btc-updown-5m-1784072700,07:45-07:50,38.00,63.00,37.00,62.00,90.20,638.50,638.50,90.20,37.50,62.50,1.00,1.00,26739.31,32780.11,32875.11,26729.31,37,62,62,37,64959.35,64955.27,,
2026-07-15T07:47:32+08:00,btc-updown-5m-1784072700,https://polymarket.com/zh/event/btc-updown-5m-1784072700,07:45-07:50,39.00,62.00,38.00,61.00,387.04,90.77,90.77,283.83,38.50,61.50,1.00,1.00,26724.31,32786.11,32690.11,26739.31,38,61,61,38,64959.35,64955.27,,
2026-07-15T07:47:34+08:00,btc-updown-5m-1784072700,https://polymarket.com/zh/event/btc-updown-5m-1784072700,07:45-07:50,45.00,56.00,44.00,55.00,85.00,662.66,473.99,92.86,44.50,55.50,1.00,1.00,26589.31,32660.11,32771.11,26589.31,44,55,55,44,64959.35,64955.28,,
2026-07-15T07:47:36+08:00,btc-updown-5m-1784072700,https://polymarket.com/zh/event/btc-updown-5m-1784072700,07:45-07:50,47.00,49.00,45.00,45.00,50.00,119.00,855.49,5.42,46.00,47.00,2.00,4.00,26519.31,32890.11,32884.11,26524.31,45,50,45,49,64959.35,64958.21,,
2026-07-15T07:47:38+08:00,btc-updown-5m-1784072700,https://polymarket.com/zh/event/btc-updown-5m-1784072700,07:45-07:50,57.00,44.00,56.00,43.00,21.72,831.19,816.19,52.22,56.50,43.50,1.00,1.00,27043.31,32935.11,32930.11,26443.31,56,43,43,56,64959.35,64962.20,,
2026-07-15T07:47:40+08:00,btc-updown-5m-1784072700,https://polymarket.com/zh/event/btc-updown-5m-1784072700,07:45-07:50,65.00,37.00,62.00,35.00,769.21,11.75,107.58,756.99,63.50,36.00,3.00,2.00,26527.32,32346.11,32291.11,26422.31,60,34,34,63,64959.35,64976.50,,
2026-07-15T07:47:41+08:00,btc-updown-5m-1784072700,https://polymarket.com/zh/event/btc-updown-5m-1784072700,07:45-07:50,65.00,36.00,64.00,35.00,460.68,451.36,426.36,459.03,64.50,35.50,1.00,1.00,26711.31,32381.11,32376.11,26606.32,64,35,35,64,64959.35,64976.49,,
2026-07-15T07:47:43+08:00,btc-updown-5m-1784072700,https://polymarket.com/zh/event/btc-updown-5m-1784072700,07:45-07:50,65.00,36.00,64.00,35.00,340.75,562.97,562.97,340.75,64.50,35.50,1.00,1.00,27216.32,32465.11,32475.11,26611.31,64,35,35,64,64959.35,64974.86,,
2026-07-15T07:47:45+08:00,btc-updown-5m-1784072700,https://polymarket.com/zh/event/btc-updown-5m-1784072700,07:45-07:50,67.00,34.00,66.00,33.00,84.65,443.03,517.75,266.69,66.50,33.50,1.00,1.00,26586.31,32480.11,32465.11,26656.31,66,33,33,66,64959.35,64976.49,,
2026-07-15T07:47:47+08:00,btc-updown-5m-1784072700,https://polymarket.com/zh/event/btc-updown-5m-1784072700,07:45-07:50,68.00,33.00,67.00,32.00,264.10,199.47,235.47,264.10,67.50,32.50,1.00,1.00,26877.31,32460.11,32475.11,26487.31,67,32,32,67,64959.35,64974.52,,
2026-07-15T07:47:49+08:00,btc-updown-5m-1784072700,https://polymarket.com/zh/event/btc-updown-5m-1784072700,07:45-07:50,68.00,33.00,67.00,32.00,232.82,386.13,386.13,207.82,67.50,32.50,1.00,1.00,26992.32,32445.11,32400.11,26477.31,67,32,32,67,64959.35,64975.21,,
2026-07-15T07:47:51+08:00,btc-updown-5m-1784072700,https://polymarket.com/zh/event/btc-updown-5m-1784072700,07:45-07:50,68.00,33.00,67.00,32.00,77.29,448.66,366.42,56.36,67.50,32.50,1.00,1.00,26372.31,32450.11,32440.11,26977.31,67,32,32,67,64959.35,64975.19,,
2026-07-15T07:47:53+08:00,btc-updown-5m-1784072700,https://polymarket.com/zh/event/btc-updown-5m-1784072700,07:45-07:50,77.00,24.00,76.00,23.00,198.93,436.11,388.87,259.41,76.50,23.50,1.00,1.00,26493.31,28270.96,28230.96,26383.31,76,23,23,76,64959.35,64984.41,,
2026-07-15T07:47:55+08:00,btc-updown-5m-1784072700,https://polymarket.com/zh/event/btc-updown-5m-1784072700,07:45-07:50,77.00,24.00,76.00,23.00,78.75,392.99,387.99,78.75,76.50,23.50,1.00,1.00,26893.31,28974.96,29084.96,26533.31,76,23,23,76,64959.35,64982.66,,
2026-07-15T07:47:57+08:00,btc-updown-5m-1784072700,https://polymarket.com/zh/event/btc-updown-5m-1784072700,07:45-07:50,78.00,23.00,77.00,22.00,912.52,224.82,208.77,812.74,77.50,22.50,1.00,1.00,26758.31,29504.96,29504.96,27158.31,77,22,22,77,64959.35,64982.08,,
2026-07-15T07:47:58+08:00,btc-updown-5m-1784072700,https://polymarket.com/zh/event/btc-updown-5m-1784072700,07:45-07:50,72.00,32.00,71.00,31.00,475.96,469.10,29.13,214.55,71.50,31.50,1.00,1.00,26633.31,29567.11,29542.11,27248.31,71,28,31,68,64959.35,64980.00,,
2026-07-15T07:48:00+08:00,btc-updown-5m-1784072700,https://polymarket.com/zh/event/btc-updown-5m-1784072700,07:45-07:50,67.00,34.00,66.00,33.00,424.00,403.45,412.06,443.60,66.50,33.50,1.00,1.00,27854.97,26887.11,26882.11,27454.98,66,33,33,66,64959.35,64975.48,,
2026-07-15T07:48:02+08:00,btc-updown-5m-1784072700,https://polymarket.com/zh/event/btc-updown-5m-1784072700,07:45-07:50,65.00,36.00,64.00,35.00,535.24,36.73,126.73,514.24,64.50,35.50,1.00,1.00,27179.97,26119.98,26099.98,27059.97,64,35,35,64,64959.35,64974.39,,
2026-07-15T07:48:04+08:00,btc-updown-5m-1784072700,https://polymarket.com/zh/event/btc-updown-5m-1784072700,07:45-07:50,65.00,36.00,64.00,35.00,103.70,370.37,375.37,113.00,64.50,35.50,1.00,1.00,26939.97,26076.98,26066.98,27024.97,64,35,35,64,64959.35,64973.00,,
2026-07-15T07:48:06+08:00,btc-updown-5m-1784072700,https://polymarket.com/zh/event/btc-updown-5m-1784072700,07:45-07:50,68.00,35.00,67.00,34.00,1466.84,158.24,17.74,290.60,67.50,34.50,1.00,1.00,27039.97,25282.98,25272.98,27034.98,66,32,34,65,64959.35,64972.66,,
2026-07-15T07:48:08+08:00,btc-updown-5m-1784072700,https://polymarket.com/zh/event/btc-updown-5m-1784072700,07:45-07:50,51.00,52.00,50.00,49.00,21.00,130.22,16.34,21.00,50.50,50.50,1.00,3.00,26807.98,29867.98,29867.98,26817.98,49,49,49,48,64959.35,64966.79,,
2026-07-15T07:48:10+08:00,btc-updown-5m-1784072700,https://polymarket.com/zh/event/btc-updown-5m-1784072700,07:45-07:50,54.00,47.00,53.00,46.00,74.79,663.14,616.14,89.00,53.50,46.50,1.00,1.00,28131.97,30582.98,30202.98,28651.98,53,46,45,53,64959.35,64967.97,,
2026-07-15T07:48:12+08:00,btc-updown-5m-1784072700,https://polymarket.com/zh/event/btc-updown-5m-1784072700,07:45-07:50,54.00,47.00,53.00,46.00,826.61,182.72,132.72,837.62,53.50,46.50,1.00,1.00,26777.97,30132.98,30142.98,26902.97,53,46,46,53,64959.35,64967.08,,
2026-07-15T07:48:14+08:00,btc-updown-5m-1784072700,https://polymarket.com/zh/event/btc-updown-5m-1784072700,07:45-07:50,54.00,47.00,53.00,46.00,863.47,143.00,143.00,863.47,53.50,46.50,1.00,1.00,26787.97,29928.98,29933.98,26902.97,53,46,46,53,64959.35,64965.30,,
2026-07-15T07:48:16+08:00,btc-updown-5m-1784072700,https://polymarket.com/zh/event/btc-updown-5m-1784072700,07:45-07:50,53.00,48.00,52.00,47.00,467.91,201.69,201.69,508.47,52.50,47.50,1.00,1.00,27302.98,29918.98,29903.98,26882.97,52,47,47,52,64959.35,64965.29,,
2026-07-15T07:48:17+08:00,btc-updown-5m-1784072700,https://polymarket.com/zh/event/btc-updown-5m-1784072700,07:45-07:50,53.00,48.00,52.00,47.00,80.00,426.22,401.22,80.00,52.50,47.50,1.00,1.00,26457.97,29603.98,29598.98,26857.98,52,47,47,52,64959.35,64965.29,,
2026-07-15T07:48:19+08:00,btc-updown-5m-1784072700,https://polymarket.com/zh/event/btc-updown-5m-1784072700,07:45-07:50,53.00,48.00,52.00,47.00,61.00,391.94,397.58,61.00,52.50,47.50,1.00,1.00,26177.97,29568.98,29573.98,26277.97,52,47,47,52,64959.35,64965.29,,
2026-07-15T07:48:21+08:00,btc-updown-5m-1784072700,https://polymarket.com/zh/event/btc-updown-5m-1784072700,07:45-07:50,58.00,43.00,57.00,42.00,97.17,290.48,300.95,77.17,57.50,42.50,1.00,1.00,25792.97,29308.98,29298.98,26372.97,57,42,42,57,64959.35,64965.30,,
2026-07-15T07:48:23+08:00,btc-updown-5m-1784072700,https://polymarket.com/zh/event/btc-updown-5m-1784072700,07:45-07:50,58.00,44.00,57.00,43.00,1447.85,5.00,41.47,589.80,57.50,43.50,1.00,1.00,25762.97,29143.98,29133.98,25857.97,57,42,43,56,64959.35,64965.29,,
2026-07-15T07:48:25+08:00,btc-updown-5m-1784072700,https://polymarket.com/zh/event/btc-updown-5m-1784072700,07:45-07:50,49.00,52.00,48.00,51.00,595.03,77.00,77.00,595.03,48.50,51.50,1.00,1.00,25864.97,29306.98,29296.98,25854.97,48,51,51,48,64959.35,64963.05,,
2026-07-15T07:48:27+08:00,btc-updown-5m-1784072700,https://polymarket.com/zh/event/btc-updown-5m-1784072700,07:45-07:50,29.00,72.00,28.00,71.00,157.19,301.65,296.65,151.85,28.50,71.50,1.00,1.00,25804.31,29575.65,29549.64,25804.31,28,71,71,28,64959.35,64955.69,,
2026-07-15T07:48:29+08:00,btc-updown-5m-1784072700,https://polymarket.com/zh/event/btc-updown-5m-1784072700,07:45-07:50,29.00,72.00,28.00,71.00,536.28,313.88,201.76,110.16,28.50,71.50,1.00,1.00,25909.29,29298.98,29319.99,26160.95,28,71,71,28,64959.35,64950.00,,
2026-07-15T07:48:30+08:00,btc-updown-5m-1784072700,https://polymarket.com/zh/event/btc-updown-5m-1784072700,07:45-07:50,29.00,72.00,28.00,71.00,53.75,244.66,308.73,53.75,28.50,71.50,1.00,1.00,25850.95,29309.98,29503.98,25744.29,28,71,71,28,64959.35,64950.05,,
2026-07-15T07:48:32+08:00,btc-updown-5m-1784072700,https://polymarket.com/zh/event/btc-updown-5m-1784072700,07:45-07:50,31.00,70.00,30.00,69.00,42.59,67.49,40.00,42.59,30.50,69.50,1.00,1.00,24740.29,29676.64,29571.64,24750.29,30,69,69,30,64959.35,64950.22,,
2026-07-15T07:48:34+08:00,btc-updown-5m-1784072700,https://polymarket.com/zh/event/btc-updown-5m-1784072700,07:45-07:50,30.00,71.00,29.00,70.00,137.73,134.72,139.72,125.93,29.50,70.50,1.00,1.00,24745.29,29676.64,29602.65,24740.29,29,70,70,29,64959.35,64951.99,,
2026-07-15T07:48:36+08:00,btc-updown-5m-1784072700,https://polymarket.com/zh/event/btc-updown-5m-1784072700,07:45-07:50,28.00,73.00,27.00,72.00,170.00,194.72,219.72,140.00,27.50,72.50,1.00,1.00,24744.29,29581.64,29681.64,24744.29,27,72,72,27,64959.35,64952.01,,
2026-07-15T07:48:38+08:00,btc-updown-5m-1784072700,https://polymarket.com/zh/event/btc-updown-5m-1784072700,07:45-07:50,26.00,75.00,25.00,74.00,578.82,233.49,323.49,592.87,25.50,74.50,1.00,1.00,24639.29,29566.64,29582.65,24644.29,25,74,74,25,64959.35,64950.03,,
2026-07-15T07:48:40+08:00,btc-updown-5m-1784072700,https://polymarket.com/zh/event/btc-updown-5m-1784072700,07:45-07:50,26.00,75.00,25.00,74.00,426.87,249.23,249.23,426.87,25.50,74.50,1.00,1.00,24839.29,29661.64,29762.64,24839.29,25,74,74,25,64959.35,64950.03,,
2026-07-15T07:48:42+08:00,btc-updown-5m-1784072700,https://polymarket.com/zh/event/btc-updown-5m-1784072700,07:45-07:50,26.00,75.00,25.00,74.00,61.56,418.43,418.43,55.00,25.50,74.50,1.00,1.00,24844.29,29781.64,29682.65,24839.29,25,74,74,25,64959.35,64950.04,,
2026-07-15T07:48:44+08:00,btc-updown-5m-1784072700,https://polymarket.com/zh/event/btc-updown-5m-1784072700,07:45-07:50,26.00,75.00,25.00,74.00,26.15,442.14,442.14,22.30,25.50,74.50,1.00,1.00,24944.29,29476.64,29561.64,24844.29,25,74,74,25,64959.35,64950.18,,
2026-07-15T07:48:46+08:00,btc-updown-5m-1784072700,https://polymarket.com/zh/event/btc-updown-5m-1784072700,07:45-07:50,34.00,67.00,33.00,66.00,30.00,294.54,297.53,40.00,33.50,66.50,1.00,1.00,24639.29,29351.65,29367.64,24749.29,33,66,66,33,64959.35,64952.99,,
2026-07-15T07:48:47+08:00,btc-updown-5m-1784072700,https://polymarket.com/zh/event/btc-updown-5m-1784072700,07:45-07:50,60.00,41.00,55.00,40.00,20.00,64.38,5.00,58.91,57.50,40.50,5.00,1.00,24453.30,30034.64,29401.98,24458.30,54,39,40,59,64959.35,64959.36,,
2026-07-15T07:48:49+08:00,btc-updown-5m-1784072700,https://polymarket.com/zh/event/btc-updown-5m-1784072700,07:45-07:50,61.00,38.00,60.00,37.00,5.94,168.00,597.26,37.00,60.50,37.50,1.00,1.00,25367.95,29488.98,29468.98,25777.96,60,39,37,62,64959.35,64965.28,,
2026-07-15T07:48:51+08:00,btc-updown-5m-1784072700,https://polymarket.com/zh/event/btc-updown-5m-1784072700,07:45-07:50,67.00,34.00,66.00,33.00,67.68,482.42,225.46,10.00,66.50,33.50,1.00,1.00,25272.95,30343.98,30333.98,25367.95,66,33,33,66,64959.35,64969.25,,
2026-07-15T07:48:53+08:00,btc-updown-5m-1784072700,https://polymarket.com/zh/event/btc-updown-5m-1784072700,07:45-07:50,70.00,31.00,69.00,30.00,7.00,519.08,494.08,99.00,69.50,30.50,1.00,1.00,25862.95,30473.98,30468.98,25267.95,69,30,30,69,64959.35,64969.29,,
2026-07-15T07:48:55+08:00,btc-updown-5m-1784072700,https://polymarket.com/zh/event/btc-updown-5m-1784072700,07:45-07:50,70.00,31.00,69.00,30.00,169.11,446.28,446.28,219.11,69.50,30.50,1.00,1.00,25282.95,30453.98,30438.98,25877.95,69,30,30,69,64959.35,64967.99,,
2026-07-15T07:48:57+08:00,btc-updown-5m-1784072700,https://polymarket.com/zh/event/btc-updown-5m-1784072700,07:45-07:50,70.00,25.00,69.00,24.00,13.83,404.41,728.48,75.00,69.50,24.50,1.00,1.00,25371.95,29855.98,28084.98,25371.95,69,27,24,75,64959.35,64970.31,,
2026-07-15T07:48:59+08:00,btc-updown-5m-1784072700,https://polymarket.com/zh/event/btc-updown-5m-1784072700,07:45-07:50,83.00,18.00,82.00,17.00,97.00,384.88,414.78,317.04,82.50,17.50,1.00,1.00,25521.95,28057.98,28294.83,25516.95,82,17,17,82,64959.35,64970.38,,
2026-07-15T07:49:01+08:00,btc-updown-5m-1784072700,https://polymarket.com/zh/event/btc-updown-5m-1784072700,07:45-07:50,78.00,24.00,77.00,23.00,381.15,268.22,9.04,161.79,77.50,23.50,1.00,1.00,25387.95,28028.83,28036.83,25802.95,77,22,23,76,64959.35,64974.99,,
2026-07-15T07:49:03+08:00,btc-updown-5m-1784072700,https://polymarket.com/zh/event/btc-updown-5m-1784072700,07:45-07:50,76.00,25.00,75.00,24.00,188.85,110.47,98.07,182.85,75.50,24.50,1.00,1.00,25777.95,28378.83,28398.83,25387.95,75,24,24,75,64959.35,64974.53,,
2026-07-15T07:49:05+08:00,btc-updown-5m-1784072700,https://polymarket.com/zh/event/btc-updown-5m-1784072700,07:45-07:50,78.00,23.00,77.00,22.00,184.15,251.85,251.85,184.15,77.50,22.50,1.00,1.00,25387.95,28025.83,28025.83,25822.95,77,22,22,77,64959.35,64974.49,,
2026-07-15T07:49:06+08:00,btc-updown-5m-1784072700,https://polymarket.com/zh/event/btc-updown-5m-1784072700,07:45-07:50,79.00,22.00,78.00,21.00,18.99,181.31,187.31,18.99,78.50,21.50,1.00,1.00,25332.95,27145.83,25878.98,25427.95,78,21,21,78,64959.35,64976.70,,
2026-07-15T07:49:08+08:00,btc-updown-5m-1784072700,https://polymarket.com/zh/event/btc-updown-5m-1784072700,07:45-07:50,77.00,23.00,76.00,22.00,29.37,79.00,211.35,97.00,76.50,22.50,1.00,1.00,25432.95,27145.83,27140.83,25332.95,76,23,22,77,64959.35,64978.45,,
2026-07-15T07:49:10+08:00,btc-updown-5m-1784072700,https://polymarket.com/zh/event/btc-updown-5m-1784072700,07:45-07:50,76.00,25.00,75.00,24.00,264.44,25.00,20.00,264.44,75.50,24.50,1.00,1.00,25907.95,24725.83,24730.83,25412.95,75,24,24,75,64959.35,64978.46,,
2026-07-15T07:49:12+08:00,btc-updown-5m-1784072700,https://polymarket.com/zh/event/btc-updown-5m-1784072700,07:45-07:50,76.00,24.00,75.00,23.00,77.05,29.00,37.20,635.70,75.50,23.50,1.00,1.00,25317.95,24995.83,24980.83,25407.95,75,24,23,76,64959.35,64974.76,,
2026-07-15T07:49:14+08:00,btc-updown-5m-1784072700,https://polymarket.com/zh/event/btc-updown-5m-1784072700,07:45-07:50,77.00,24.00,76.00,23.00,421.72,0.32,0.32,421.72,76.50,23.50,1.00,1.00,25317.95,24480.83,24480.83,25412.95,76,23,23,76,64959.35,64974.76,,
2026-07-15T07:49:16+08:00,btc-updown-5m-1784072700,https://polymarket.com/zh/event/btc-updown-5m-1784072700,07:45-07:50,81.00,20.00,80.00,19.00,48.72,127.78,127.78,48.72,80.50,19.50,1.00,1.00,25935.95,24242.83,24242.83,25320.95,80,19,19,80,64959.35,64974.76,,
2026-07-15T07:49:18+08:00,btc-updown-5m-1784072700,https://polymarket.com/zh/event/btc-updown-5m-1784072700,07:45-07:50,86.00,15.00,85.00,14.00,52.00,291.42,291.42,60.11,85.50,14.50,1.00,1.00,25430.95,22775.62,22775.62,25340.95,85,14,14,85,64959.35,64979.94,,
2026-07-15T07:49:20+08:00,btc-updown-5m-1784072700,https://polymarket.com/zh/event/btc-updown-5m-1784072700,07:45-07:50,88.00,13.00,87.00,12.00,522.93,232.45,337.97,512.93,87.50,12.50,1.00,1.00,25340.95,22345.32,22290.62,25435.95,87,12,12,87,64959.35,64979.94,,
2026-07-15T07:49:22+08:00,btc-updown-5m-1784072700,https://polymarket.com/zh/event/btc-updown-5m-1784072700,07:45-07:50,88.00,13.00,87.00,12.00,422.54,43.92,43.92,422.54,87.50,12.50,1.00,1.00,25940.95,22278.32,22266.32,25340.95,87,12,12,87,64959.35,64979.94,,
2026-07-15T07:49:24+08:00,btc-updown-5m-1784072700,https://polymarket.com/zh/event/btc-updown-5m-1784072700,07:45-07:50,84.00,17.00,83.00,16.00,194.12,611.97,596.97,87.00,83.50,16.50,1.00,1.00,25467.95,22075.31,22100.31,25482.95,83,16,16,83,64959.35,64979.18,,
2026-07-15T07:49:26+08:00,btc-updown-5m-1784072700,https://polymarket.com/zh/event/btc-updown-5m-1784072700,07:45-07:50,86.00,15.00,85.00,14.00,124.02,122.46,79.00,124.02,85.50,14.50,1.00,1.00,26127.96,22135.32,22135.32,25632.95,85,14,14,85,64959.35,64979.18,,
2026-07-15T07:49:27+08:00,btc-updown-5m-1784072700,https://polymarket.com/zh/event/btc-updown-5m-1784072700,07:45-07:50,86.00,15.00,85.00,14.00,104.36,105.05,105.05,13.11,85.50,14.50,1.00,1.00,25722.95,22104.32,22159.32,25722.95,85,14,14,85,64959.35,64979.19,,
2026-07-15T07:49:29+08:00,btc-updown-5m-1784072700,https://polymarket.com/zh/event/btc-updown-5m-1784072700,07:45-07:50,85.00,12.00,84.00,11.00,3.68,84.80,243.59,207.23,84.50,11.50,1.00,1.00,25567.97,16433.86,15845.54,25567.97,84,14,11,88,64959.35,64979.18,,
2026-07-15T07:49:31+08:00,btc-updown-5m-1784072700,https://polymarket.com/zh/event/btc-updown-5m-1784072700,07:45-07:50,91.00,15.00,90.00,12.00,891.92,290.00,29.00,5.00,90.50,13.50,1.00,3.00,26536.97,15155.48,15324.67,26046.97,87,9,12,85,64959.35,64979.18,,
2026-07-15T07:49:33+08:00,btc-updown-5m-1784072700,https://polymarket.com/zh/event/btc-updown-5m-1784072700,07:45-07:50,86.00,15.00,85.00,14.00,22.79,729.70,687.19,14.64,85.50,14.50,1.00,1.00,26046.97,15500.69,15450.69,26051.97,85,14,14,85,64959.35,64970.36,,
2026-07-15T07:49:35+08:00,btc-updown-5m-1784072700,https://polymarket.com/zh/event/btc-updown-5m-1784072700,07:45-07:50,90.00,11.00,89.00,10.00,274.76,62.11,13.00,128.03,89.50,10.50,1.00,1.00,24255.98,13670.30,13575.30,24270.98,89,10,10,89,64959.35,64971.96,,
2026-07-15T07:49:37+08:00,btc-updown-5m-1784072700,https://polymarket.com/zh/event/btc-updown-5m-1784072700,07:45-07:50,92.00,9.00,91.00,8.00,55.75,5.88,32.78,123.77,91.50,8.50,1.00,1.00,24659.98,13608.30,13598.30,24169.98,91,8,8,91,64959.35,64973.89,,
2026-07-15T07:49:39+08:00,btc-updown-5m-1784072700,https://polymarket.com/zh/event/btc-updown-5m-1784072700,07:45-07:50,92.00,9.00,91.00,8.00,13.00,196.03,67.49,50.00,91.50,8.50,1.00,1.00,24669.99,13582.12,13582.12,24164.98,91,8,8,91,64959.35,64973.99,,
2026-07-15T07:49:41+08:00,btc-updown-5m-1784072700,https://polymarket.com/zh/event/btc-updown-5m-1784072700,07:45-07:50,91.00,10.00,90.00,9.00,62.83,127.93,7.17,1.05,90.50,9.50,1.00,1.00,23852.98,13415.10,13453.10,24229.98,90,9,9,90,64959.35,64974.00,,
2026-07-15T07:49:42+08:00,btc-updown-5m-1784072700,https://polymarket.com/zh/event/btc-updown-5m-1784072700,07:45-07:50,92.00,9.00,91.00,8.00,19.48,154.23,154.23,14.37,91.50,8.50,1.00,1.00,25139.98,12940.52,12960.52,25179.98,91,8,8,91,64959.35,64973.99,,
2026-07-15T07:49:44+08:00,btc-updown-5m-1784072700,https://polymarket.com/zh/event/btc-updown-5m-1784072700,07:45-07:50,92.00,11.00,91.00,10.00,50.00,421.19,50.00,21.88,91.50,10.50,1.00,1.00,25154.98,13119.97,13107.97,25644.98,91,8,8,89,64959.35,64973.99,,
2026-07-15T07:49:46+08:00,btc-updown-5m-1784072700,https://polymarket.com/zh/event/btc-updown-5m-1784072700,07:45-07:50,94.00,6.00,93.00,5.00,62.21,56.03,347.11,842.48,93.50,5.50,1.00,1.00,23695.99,6889.98,6599.11,23700.99,83,6,5,85,64959.35,64973.99,,
2026-07-15T07:49:48+08:00,btc-updown-5m-1784072700,https://polymarket.com/zh/event/btc-updown-5m-1784072700,07:45-07:50,95.00,7.00,93.00,5.00,412.08,379.22,379.22,388.51,94.00,6.00,2.00,2.00,23134.99,6115.20,6096.63,23614.99,82,5,5,82,64959.35,64973.53,,
2026-07-15T07:49:50+08:00,btc-updown-5m-1784072700,https://polymarket.com/zh/event/btc-updown-5m-1784072700,07:45-07:50,99.00,1.00,98.00,,854.88,222.01,112.90,,98.50,,1.00,,14096.73,854.88,,14091.73,51,1,0,52,64959.35,64973.53,,
2026-07-15T07:49:52+08:00,btc-updown-5m-1784072700,https://polymarket.com/zh/event/btc-updown-5m-1784072700,07:45-07:50,,1.00,99.00,,,3142.17,3378.17,,,,,,13377.73,,,13382.73,53,0,0,53,64959.35,64973.53,,
2026-07-15T07:49:54+08:00,btc-updown-5m-1784072700,https://polymarket.com/zh/event/btc-updown-5m-1784072700,07:45-07:50,,1.00,99.00,,,1703.38,1487.30,,,,,,13287.73,,,13267.73,50,0,0,50,64959.35,64973.53,,
2026-07-15T07:49:56+08:00,btc-updown-5m-1784072700,https://polymarket.com/zh/event/btc-updown-5m-1784072700,07:45-07:50,,1.00,99.00,,,12729.76,10787.63,,,,,,14196.73,,,14681.73,49,0,0,49,64959.35,64992.99,,
2026-07-15T07:49:58+08:00,btc-updown-5m-1784072700,https://polymarket.com/zh/event/btc-updown-5m-1784072700,07:45-07:50,,1.00,99.00,,,32374.59,22848.19,,,,,,14072.79,,,14641.13,61,0,0,70,64959.35,64994.02,,
2026-07-15T07:50:00+08:00,btc-updown-5m-1784072700,https://polymarket.com/zh/event/btc-updown-5m-1784072700,07:45-07:50,,1.00,99.00,,,71905.22,71456.86,,,,,,8001.80,,,7537.79,50,0,0,52,64959.35,64988.91,,
2026-07-15T07:50:02+08:00,btc-updown-5m-1784073000,https://polymarket.com/zh/event/btc-updown-5m-1784073000,07:50-07:55,44.00,59.00,43.00,58.00,1017.91,242.00,1.49,78.00,43.50,58.50,1.00,1.00,23930.14,21487.91,21577.91,23925.14,43,56,58,41,64985.12,64981.44,,
2026-07-15T07:50:04+08:00,btc-updown-5m-1784073000,https://polymarket.com/zh/event/btc-updown-5m-1784073000,07:50-07:55,37.00,64.00,36.00,63.00,747.39,152.49,152.49,744.68,36.50,63.50,1.00,1.00,24162.14,21840.91,21759.91,24187.14,36,63,63,36,64985.12,64977.76,,
2026-07-15T07:50:06+08:00,btc-updown-5m-1784073000,https://polymarket.com/zh/event/btc-updown-5m-1784073000,07:50-07:55,37.00,64.00,36.00,63.00,918.20,210.93,203.51,831.20,36.50,63.50,1.00,1.00,24314.95,21999.91,21979.91,24399.95,36,63,63,36,64985.12,64974.08,,
2026-07-15T07:50:08+08:00,btc-updown-5m-1784073000,https://polymarket.com/zh/event/btc-updown-5m-1784073000,07:50-07:55,36.00,65.00,35.00,64.00,601.03,72.00,284.73,684.23,35.50,64.50,1.00,1.00,22137.95,21780.91,21780.92,22147.95,35,64,64,35,64985.12,64974.08,,
2026-07-15T07:50:10+08:00,btc-updown-5m-1784073000,https://polymarket.com/zh/event/btc-updown-5m-1784073000,07:50-07:55,36.00,65.00,35.00,64.00,73.65,793.82,793.82,73.65,35.50,64.50,1.00,1.00,22107.95,19653.04,19616.55,22080.45,35,64,64,35,64985.12,64974.08,,
2026-07-15T07:50:12+08:00,btc-updown-5m-1784073000,https://polymarket.com/zh/event/btc-updown-5m-1784073000,07:50-07:55,38.00,63.00,37.00,62.00,140.23,848.96,848.96,140.23,37.50,62.50,1.00,1.00,21945.35,19511.45,19505.44,21955.35,37,62,62,37,64985.12,64974.09,,
2026-07-15T07:50:14+08:00,btc-updown-5m-1784073000,https://polymarket.com/zh/event/btc-updown-5m-1784073000,07:50-07:55,38.00,63.00,37.00,62.00,766.49,747.66,755.61,791.49,37.50,62.50,1.00,1.00,22563.45,19979.44,20124.55,22568.45,37,62,62,37,64985.12,64974.08,,
2026-07-15T07:50:16+08:00,btc-updown-5m-1784073000,https://polymarket.com/zh/event/btc-updown-5m-1784073000,07:50-07:55,38.00,63.00,37.00,62.00,623.10,857.49,747.51,492.73,37.50,62.50,1.00,1.00,22839.15,20404.44,20434.44,22834.15,37,62,62,37,64985.12,64974.08,,
2026-07-15T07:50:17+08:00,btc-updown-5m-1784073000,https://polymarket.com/zh/event/btc-updown-5m-1784073000,07:50-07:55,38.00,63.00,37.00,62.00,258.81,510.98,523.98,256.17,37.50,62.50,1.00,1.00,22908.35,20424.44,20504.44,22923.35,37,62,62,37,64985.12,64974.08,,
2026-07-15T07:50:19+08:00,btc-updown-5m-1784073000,https://polymarket.com/zh/event/btc-updown-5m-1784073000,07:50-07:55,38.00,63.00,37.00,62.00,337.54,319.56,319.56,337.54,37.50,62.50,1.00,1.00,22903.35,20439.45,20519.44,22893.35,37,62,62,37,64985.12,64974.08,,
2026-07-15T07:50:21+08:00,btc-updown-5m-1784073000,https://polymarket.com/zh/event/btc-updown-5m-1784073000,07:50-07:55,37.00,64.00,36.00,63.00,618.29,300.87,111.22,567.53,36.50,63.50,1.00,1.00,22923.35,20757.76,20693.77,22918.35,36,63,63,36,64985.12,64974.08,,
2026-07-15T07:50:23+08:00,btc-updown-5m-1784073000,https://polymarket.com/zh/event/btc-updown-5m-1784073000,07:50-07:55,37.00,64.00,36.00,63.00,576.47,321.40,337.94,603.52,36.50,63.50,1.00,1.00,23200.95,21068.05,21048.05,23323.64,36,63,63,36,64985.12,64974.08,,
2026-07-15T07:50:25+08:00,btc-updown-5m-1784073000,https://polymarket.com/zh/event/btc-updown-5m-1784073000,07:50-07:55,36.00,65.00,35.00,64.00,1050.04,17.42,17.42,1033.26,35.50,64.50,1.00,1.00,23934.63,21880.35,21779.34,23949.63,35,64,64,35,64985.12,64974.08,,
2026-07-15T07:50:27+08:00,btc-updown-5m-1784073000,https://polymarket.com/zh/event/btc-updown-5m-1784073000,07:50-07:55,35.00,66.00,34.00,65.00,745.24,541.53,541.53,745.24,34.50,65.50,1.00,1.00,24136.33,21798.04,21917.04,24131.33,34,65,65,34,64985.12,64974.08,,
2026-07-15T07:50:29+08:00,btc-updown-5m-1784073000,https://polymarket.com/zh/event/btc-updown-5m-1784073000,07:50-07:55,35.00,67.00,34.00,66.00,1058.73,260.00,205.48,664.84,34.50,66.50,1.00,1.00,24141.33,21846.74,21951.74,24186.33,34,65,66,33,64985.12,64974.08,,
2026-07-15T07:50:31+08:00,btc-updown-5m-1784073000,https://polymarket.com/zh/event/btc-updown-5m-1784073000,07:50-07:55,34.00,67.00,33.00,66.00,776.20,323.06,478.16,886.29,33.50,66.50,1.00,1.00,23676.33,21501.74,21416.74,23686.33,33,66,66,33,64985.12,64974.08,,
2026-07-15T07:50:32+08:00,btc-updown-5m-1784073000,https://polymarket.com/zh/event/btc-updown-5m-1784073000,07:50-07:55,34.00,67.00,33.00,66.00,796.78,311.34,282.47,755.76,33.50,66.50,1.00,1.00,23892.33,21501.74,21411.74,23882.33,33,66,66,33,64985.12,64974.08,,
2026-07-15T07:50:34+08:00,btc-updown-5m-1784073000,https://polymarket.com/zh/event/btc-updown-5m-1784073000,07:50-07:55,34.00,67.00,33.00,66.00,932.35,178.00,203.00,932.35,33.50,66.50,1.00,1.00,23463.33,20931.74,21061.74,23458.33,33,66,66,33,64985.12,64974.08,,
2026-07-15T07:50:36+08:00,btc-updown-5m-1784073000,https://polymarket.com/zh/event/btc-updown-5m-1784073000,07:50-07:55,35.00,66.00,34.00,65.00,1247.78,84.00,84.00,1247.78,34.50,65.50,1.00,1.00,23443.33,21027.74,20906.74,23443.33,34,65,65,34,64985.12,64974.08,,
2026-07-15T07:50:38+08:00,btc-updown-5m-1784073000,https://polymarket.com/zh/event/btc-updown-5m-1784073000,07:50-07:55,35.00,66.00,34.00,65.00,1265.79,12.00,12.00,1265.79,34.50,65.50,1.00,1.00,23531.33,21014.74,21030.74,23546.33,34,65,65,34,64985.12,64974.09,,
2026-07-15T07:50:40+08:00,btc-updown-5m-1784073000,https://polymarket.com/zh/event/btc-updown-5m-1784073000,07:50-07:55,34.00,67.00,33.00,66.00,53.33,930.92,930.92,64.33,33.50,66.50,1.00,1.00,25576.33,21114.74,21120.74,25546.33,33,66,66,33,64985.12,64974.08,,
2026-07-15T07:50:42+08:00,btc-updown-5m-1784073000,https://polymarket.com/zh/event/btc-updown-5m-1784073000,07:50-07:55,34.00,68.00,33.00,67.00,951.47,319.66,3.52,673.60,33.50,67.50,1.00,1.00,25623.33,21019.74,21134.74,25578.33,33,66,67,32,64985.12,64974.08,,
2026-07-15T07:50:44+08:00,btc-updown-5m-1784073000,https://polymarket.com/zh/event/btc-updown-5m-1784073000,07:50-07:55,32.00,69.00,31.00,68.00,305.53,647.74,708.83,831.66,31.50,68.50,1.00,1.00,25823.33,21145.75,21028.74,25808.33,31,68,68,31,64985.12,64970.94,,
2026-07-15T07:50:46+08:00,btc-updown-5m-1784073000,https://polymarket.com/zh/event/btc-updown-5m-1784073000,07:50-07:55,32.00,69.00,31.00,68.00,854.53,1013.50,276.10,275.80,31.50,68.50,1.00,1.00,25828.33,21108.74,21134.75,25693.33,31,68,68,31,64985.12,64970.40,,
2026-07-15T07:50:48+08:00,btc-updown-5m-1784073000,https://polymarket.com/zh/event/btc-updown-5m-1784073000,07:50-07:55,32.00,69.00,31.00,68.00,431.57,441.71,416.71,415.94,31.50,68.50,1.00,1.00,25818.33,21013.74,21003.74,25818.33,31,68,68,31,64985.12,64970.40,,
2026-07-15T07:50:49+08:00,btc-updown-5m-1784073000,https://polymarket.com/zh/event/btc-updown-5m-1784073000,07:50-07:55,32.00,70.00,31.00,69.00,1245.05,918.43,64.83,1177.65,31.50,69.50,1.00,1.00,25748.33,21019.74,21123.74,25763.33,31,68,69,30,64985.12,64970.40,,
2026-07-15T07:50:51+08:00,btc-updown-5m-1784073000,https://polymarket.com/zh/event/btc-updown-5m-1784073000,07:50-07:55,31.00,70.00,30.00,69.00,1127.89,930.17,930.17,1114.89,30.50,69.50,1.00,1.00,25753.33,21014.74,21128.74,25743.33,30,69,69,30,64985.12,64970.40,,
2026-07-15T07:50:53+08:00,btc-updown-5m-1784073000,https://polymarket.com/zh/event/btc-updown-5m-1784073000,07:50-07:55,31.00,70.00,30.00,69.00,1221.71,920.49,920.49,1221.71,30.50,69.50,1.00,1.00,25768.33,21018.74,21103.74,25753.33,30,69,69,30,64985.12,64970.40,,
2026-07-15T07:50:55+08:00,btc-updown-5m-1784073000,https://polymarket.com/zh/event/btc-updown-5m-1784073000,07:50-07:55,31.00,70.00,30.00,69.00,972.63,1099.21,887.16,293.44,30.50,69.50,1.00,1.00,25743.33,21128.74,21008.74,25723.33,30,69,69,30,64985.12,64970.40,,
2026-07-15T07:50:57+08:00,btc-updown-5m-1784073000,https://polymarket.com/zh/event/btc-updown-5m-1784073000,07:50-07:55,33.00,68.00,32.00,67.00,196.84,712.56,712.56,196.84,32.50,67.50,1.00,1.00,25713.33,21029.75,21119.74,25698.33,32,67,67,32,64985.12,64970.40,,
2026-07-15T07:50:59+08:00,btc-updown-5m-1784073000,https://polymarket.com/zh/event/btc-updown-5m-1784073000,07:50-07:55,33.00,68.00,32.00,67.00,257.11,532.31,459.31,257.11,32.50,67.50,1.00,1.00,25718.33,20998.74,21103.74,25698.33,32,67,67,32,64985.12,64974.08,,
2026-07-15T07:51:01+08:00,btc-updown-5m-1784073000,https://polymarket.com/zh/event/btc-updown-5m-1784073000,07:50-07:55,33.00,68.00,32.00,67.00,150.95,816.59,816.59,90.34,32.50,67.50,1.00,1.00,33258.33,28979.74,28868.75,33268.33,32,67,67,32,64985.12,64972.28,,
2026-07-15T07:51:03+08:00,btc-updown-5m-1784073000,https://polymarket.com/zh/event/btc-updown-5m-1784073000,07:50-07:55,40.00,61.00,39.00,60.00,404.87,1116.39,1453.97,855.91,39.50,60.50,1.00,1.00,33396.65,29011.74,28926.74,33421.65,39,60,60,39,64985.12,64974.89,,
2026-07-15T07:51:05+08:00,btc-updown-5m-1784073000,https://polymarket.com/zh/event/btc-updown-5m-1784073000,07:50-07:55,39.00,63.00,38.00,62.00,626.11,254.78,12.09,491.36,38.50,62.50,1.00,1.00,33373.65,28993.74,28908.74,33388.65,38,61,62,37,64985.12,64974.89,,
2026-07-15T07:51:06+08:00,btc-updown-5m-1784073000,https://polymarket.com/zh/event/btc-updown-5m-1784073000,07:50-07:55,38.00,63.00,37.00,62.00,527.05,576.72,455.18,313.66,37.50,62.50,1.00,1.00,33233.65,28748.74,28858.74,33223.65,37,62,62,37,64985.12,64974.88,,
2026-07-15T07:51:08+08:00,btc-updown-5m-1784073000,https://polymarket.com/zh/event/btc-updown-5m-1784073000,07:50-07:55,38.00,63.00,37.00,62.00,201.23,1377.55,279.03,53.29,37.50,62.50,1.00,1.00,32939.65,28494.74,28595.74,32944.65,37,62,62,37,64985.12,64974.89,,
2026-07-15T07:51:10+08:00,btc-updown-5m-1784073000,https://polymarket.com/zh/event/btc-updown-5m-1784073000,07:50-07:55,39.00,62.00,38.00,61.00,65.30,1112.87,1127.87,65.30,38.50,61.50,1.00,1.00,32214.65,27739.74,27845.74,32164.65,38,61,61,38,64985.12,64979.08,,
2026-07-15T07:51:12+08:00,btc-updown-5m-1784073000,https://polymarket.com/zh/event/btc-updown-5m-1784073000,07:50-07:55,43.00,58.00,42.00,57.00,434.86,4.38,4.38,464.86,42.50,57.50,1.00,1.00,32082.65,27602.74,27717.74,32072.65,42,57,57,42,64985.12,64979.09,,
2026-07-15T07:51:14+08:00,btc-updown-5m-1784073000,https://polymarket.com/zh/event/btc-updown-5m-1784073000,07:50-07:55,41.00,60.00,40.00,59.00,143.00,248.83,625.41,440.23,40.50,59.50,1.00,1.00,32072.65,27713.74,27613.74,32092.65,40,59,59,40,64985.12,64979.08,,
2026-07-15T07:51:16+08:00,btc-updown-5m-1784073000,https://polymarket.com/zh/event/btc-updown-5m-1784073000,07:50-07:55,40.00,61.00,39.00,60.00,791.83,522.43,522.43,833.83,39.50,60.50,1.00,1.00,32087.65,27622.74,27723.74,32072.65,39,60,60,39,64985.12,64979.08,,
2026-07-15T07:51:18+08:00,btc-updown-5m-1784073000,https://polymarket.com/zh/event/btc-updown-5m-1784073000,07:50-07:55,40.00,61.00,39.00,60.00,150.48,866.94,1006.94,185.48,39.50,60.50,1.00,1.00,32009.65,27525.74,27649.74,32019.65,39,60,60,39,64985.12,64979.08,,
2026-07-15T07:51:20+08:00,btc-updown-5m-1784073000,https://polymarket.com/zh/event/btc-updown-5m-1784073000,07:50-07:55,40.00,61.00,39.00,60.00,383.88,232.80,157.80,388.88,39.50,60.50,1.00,1.00,32024.65,27555.75,27624.74,32019.65,39,60,60,39,64985.12,64979.08,,
2026-07-15T07:51:21+08:00,btc-updown-5m-1784073000,https://polymarket.com/zh/event/btc-updown-5m-1784073000,07:50-07:55,41.00,60.00,40.00,59.00,213.56,1409.86,1438.08,288.82,40.50,59.50,1.00,1.00,31994.65,27609.74,27594.74,31994.65,40,59,59,40,64985.12,64978.56,,
2026-07-15T07:51:23+08:00,btc-updown-5m-1784073000,https://polymarket.com/zh/event/btc-updown-5m-1784073000,07:50-07:55,41.00,60.00,40.00,59.00,456.80,781.26,741.22,431.80,40.50,59.50,1.00,1.00,32034.65,27499.75,27520.74,32044.65,40,59,59,40,64985.12,64978.56,,
2026-07-15T07:51:25+08:00,btc-updown-5m-1784073000,https://polymarket.com/zh/event/btc-updown-5m-1784073000,07:50-07:55,41.00,60.00,40.00,59.00,236.18,620.81,658.93,232.65,40.50,59.50,1.00,1.00,32039.65,27584.74,27504.74,32034.65,40,59,59,40,64985.12,64978.57,,
2026-07-15T07:51:27+08:00,btc-updown-5m-1784073000,https://polymarket.com/zh/event/btc-updown-5m-1784073000,07:50-07:55,38.00,63.00,37.00,62.00,443.24,241.28,241.28,457.01,37.50,62.50,1.00,1.00,32024.65,27629.74,27604.74,32029.65,37,62,62,37,64985.12,64978.56,,
2026-07-15T07:51:29+08:00,btc-updown-5m-1784073000,https://polymarket.com/zh/event/btc-updown-5m-1784073000,07:50-07:55,38.00,63.00,37.00,62.00,75.20,1019.62,924.96,70.20,37.50,62.50,1.00,1.00,32014.65,27619.75,27534.74,32029.65,37,62,62,37,64985.12,64978.56,,
2026-07-15T07:51:31+08:00,btc-updown-5m-1784073000,https://polymarket.com/zh/event/btc-updown-5m-1784073000,07:50-07:55,40.00,61.00,39.00,60.00,681.41,68.00,18.00,704.03,39.50,60.50,1.00,1.00,31402.65,26857.74,26973.75,31377.65,39,60,60,39,64985.12,64978.56,,
2026-07-15T07:51:33+08:00,btc-updown-5m-1784073000,https://polymarket.com/zh/event/btc-updown-5m-1784073000,07:50-07:55,40.00,61.00,39.00,60.00,102.05,789.70,797.32,173.49,39.50,60.50,1.00,1.00,31397.65,26973.74,26857.74,31387.65,39,60,60,39,64985.12,64978.56,,
2026-07-15T07:51:35+08:00,btc-updown-5m-1784073000,https://polymarket.com/zh/event/btc-updown-5m-1784073000,07:50-07:55,40.00,61.00,39.00,60.00,77.83,767.22,789.03,82.83,39.50,60.50,1.00,1.00,31382.65,26877.74,26952.74,31392.65,39,60,60,39,64985.12,64978.56,,
2026-07-15T07:51:37+08:00,btc-updown-5m-1784073000,https://polymarket.com/zh/event/btc-updown-5m-1784073000,07:50-07:55,39.00,62.00,38.00,61.00,448.61,62.02,274.16,792.00,38.50,61.50,1.00,1.00,31362.65,26862.75,26888.74,31372.65,38,61,61,38,64985.12,64978.56,,
2026-07-15T07:51:38+08:00,btc-updown-5m-1784073000,https://polymarket.com/zh/event/btc-updown-5m-1784073000,07:50-07:55,38.00,63.00,37.00,62.00,668.27,11.00,11.00,668.27,37.50,62.50,1.00,1.00,31324.65,26947.74,26983.75,31314.65,37,62,62,37,64985.12,64978.56,,
2026-07-15T07:51:40+08:00,btc-updown-5m-1784073000,https://polymarket.com/zh/event/btc-updown-5m-1784073000,07:50-07:55,26.00,77.00,25.00,76.00,1405.59,44.70,49.58,292.41,25.50,76.50,1.00,1.00,29749.33,27119.74,26909.74,29844.33,25,74,76,23,64985.12,64970.41,,
2026-07-15T07:51:42+08:00,btc-updown-5m-1784073000,https://polymarket.com/zh/event/btc-updown-5m-1784073000,07:50-07:55,21.00,80.00,20.00,79.00,835.08,895.79,241.96,466.19,20.50,79.50,1.00,1.00,29973.33,26814.74,26930.75,29903.33,20,79,79,20,64985.12,64966.72,,
2026-07-15T07:51:44+08:00,btc-updown-5m-1784073000,https://polymarket.com/zh/event/btc-updown-5m-1784073000,07:50-07:55,21.00,80.00,20.00,79.00,219.88,844.76,869.81,175.11,20.50,79.50,1.00,1.00,29883.33,26969.74,27090.74,29883.33,20,79,79,20,64985.12,64966.72,,
2026-07-15T07:51:46+08:00,btc-updown-5m-1784073000,https://polymarket.com/zh/event/btc-updown-5m-1784073000,07:50-07:55,21.00,80.00,20.00,79.00,360.46,742.33,681.61,330.69,20.50,79.50,1.00,1.00,29963.33,27090.74,27185.75,29973.33,20,79,79,20,64985.12,64966.72,,
2026-07-15T07:51:48+08:00,btc-updown-5m-1784073000,https://polymarket.com/zh/event/btc-updown-5m-1784073000,07:50-07:55,21.00,80.00,20.00,79.00,6.03,1026.09,1026.09,6.03,20.50,79.50,1.00,1.00,27868.33,27199.74,27190.74,27873.33,20,79,79,20,64985.12,64966.72,,
2026-07-15T07:51:50+08:00,btc-updown-5m-1784073000,https://polymarket.com/zh/event/btc-updown-5m-1784073000,07:50-07:55,24.00,78.00,23.00,77.00,1097.83,85.43,18.04,742.49,23.50,77.50,1.00,1.00,28973.33,27159.74,27069.74,28948.33,23,76,77,22,64985.12,64966.72,,
2026-07-15T07:51:52+08:00,btc-updown-5m-1784073000,https://polymarket.com/zh/event/btc-updown-5m-1784073000,07:50-07:55,19.00,82.00,18.00,81.00,1059.09,904.80,919.80,1059.09,18.50,81.50,1.00,1.00,29148.33,27184.74,27074.74,29148.33,18,81,81,18,64985.12,64963.04,,
2026-07-15T07:51:54+08:00,btc-updown-5m-1784073000,https://polymarket.com/zh/event/btc-updown-5m-1784073000,07:50-07:55,17.00,84.00,16.00,83.00,981.94,207.37,279.63,981.94,16.50,83.50,1.00,1.00,24426.63,27100.74,27174.74,24431.63,16,83,83,16,64985.12,64963.04,,
2026-07-15T07:51:56+08:00,btc-updown-5m-1784073000,https://polymarket.com/zh/event/btc-updown-5m-1784073000,07:50-07:55,15.00,86.00,14.00,85.00,1114.45,128.35,142.63,1156.45,14.50,85.50,1.00,1.00,24491.47,27284.74,26904.75,24324.32,14,85,85,14,64985.12,64963.04,,
2026-07-15T07:51:58+08:00,btc-updown-5m-1784073000,https://polymarket.com/zh/event/btc-updown-5m-1784073000,07:50-07:55,14.00,87.00,13.00,86.00,195.32,706.79,946.66,374.75,13.50,86.50,1.00,1.00,24005.33,26895.75,26974.74,24206.04,13,86,86,13,64985.12,64963.04,,
2026-07-15T07:51:59+08:00,btc-updown-5m-1784073000,https://polymarket.com/zh/event/btc-updown-5m-1784073000,07:50-07:55,13.00,88.00,12.00,87.00,1158.10,315.99,275.59,1104.63,12.50,87.50,1.00,1.00,23815.14,26995.74,26885.75,23835.93,12,87,87,12,64985.12,64959.79,,
2026-07-15T07:52:01+08:00,btc-updown-5m-1784073000,https://polymarket.com/zh/event/btc-updown-5m-1784073000,07:50-07:55,13.00,88.00,12.00,87.00,779.93,627.10,602.77,784.93,12.50,87.50,1.00,1.00,23620.26,26864.74,26784.74,23610.26,12,87,87,12,64985.12,64959.79,,
2026-07-15T07:52:03+08:00,btc-updown-5m-1784073000,https://polymarket.com/zh/event/btc-updown-5m-1784073000,07:50-07:55,13.00,88.00,12.00,87.00,610.78,841.95,789.72,575.78,12.50,87.50,1.00,1.00,23918.95,26780.75,26879.74,23918.95,12,87,87,12,64985.12,64959.79,,
2026-07-15T07:52:05+08:00,btc-updown-5m-1784073000,https://polymarket.com/zh/event/btc-updown-5m-1784073000,07:50-07:55,13.00,88.00,12.00,87.00,316.78,1026.95,946.95,286.78,12.50,87.50,1.00,1.00,23591.49,26784.74,26690.75,23601.49,12,87,87,12,64985.12,64959.79,,
2026-07-15T07:52:07+08:00,btc-updown-5m-1784073000,https://polymarket.com/zh/event/btc-updown-5m-1784073000,07:50-07:55,14.00,87.00,13.00,86.00,55.05,757.93,735.88,47.90,13.50,86.50,1.00,1.00,22893.02,25995.75,25874.74,22893.02,13,86,86,13,64985.12,64959.79,,
2026-07-15T07:52:09+08:00,btc-updown-5m-1784073000,https://polymarket.com/zh/event/btc-updown-5m-1784073000,07:50-07:55,16.00,85.00,15.00,84.00,195.73,978.88,1036.88,195.25,15.50,84.50,1.00,1.00,22858.02,25996.74,25985.74,22848.02,15,84,84,15,64985.12,64959.79,,
2026-07-15T07:52:11+08:00,btc-updown-5m-1784073000,https://polymarket.com/zh/event/btc-updown-5m-1784073000,07:50-07:55,23.00,78.00,22.00,77.00,235.95,1056.33,1046.33,235.95,22.50,77.50,1.00,1.00,23047.02,25929.74,26043.74,23042.02,22,77,77,22,64985.12,64963.04,,
2026-07-15T07:52:13+08:00,btc-updown-5m-1784073000,https://polymarket.com/zh/event/btc-updown-5m-1784073000,07:50-07:55,23.00,78.00,22.00,77.00,252.95,1159.90,1296.90,277.95,22.50,77.50,1.00,1.00,22705.02,26023.74,26049.74,22695.02,22,77,77,22,64985.12,64963.04,,
2026-07-15T07:52:15+08:00,btc-updown-5m-1784073000,https://polymarket.com/zh/event/btc-updown-5m-1784073000,07:50-07:55,30.00,71.00,29.00,70.00,36.59,499.43,355.55,63.46,29.50,70.50,1.00,1.00,31843.33,26018.75,25928.75,31873.33,29,70,70,29,64985.12,64968.00,,
2026-07-15T07:52:17+08:00,btc-updown-5m-1784073000,https://polymarket.com/zh/event/btc-updown-5m-1784073000,07:50-07:55,30.00,71.00,29.00,70.00,1033.55,927.82,932.90,1033.55,29.50,70.50,1.00,1.00,31883.33,26104.74,25973.74,31898.33,29,70,70,29,64985.12,64967.99,,
2026-07-15T07:52:19+08:00,btc-updown-5m-1784073000,https://polymarket.com/zh/event/btc-updown-5m-1784073000,07:50-07:55,25.00,76.00,24.00,75.00,292.03,114.33,114.33,317.03,24.50,75.50,1.00,1.00,32676.33,26761.74,26877.74,32676.33,24,75,75,24,64985.12,64970.40,,
2026-07-15T07:52:20+08:00,btc-updown-5m-1784073000,https://polymarket.com/zh/event/btc-updown-5m-1784073000,07:50-07:55,23.00,78.00,22.00,77.00,481.16,379.96,447.21,605.75,22.50,77.50,1.00,1.00,32706.33,26851.74,26756.74,32696.33,22,77,77,22,64985.12,64970.40,,
2026-07-15T07:52:22+08:00,btc-updown-5m-1784073000,https://polymarket.com/zh/event/btc-updown-5m-1784073000,07:50-07:55,24.00,77.00,23.00,76.00,662.91,451.08,451.08,656.27,23.50,76.50,1.00,1.00,32696.33,26767.74,26851.74,32706.33,23,76,76,23,64985.12,64970.40,,
2026-07-15T07:52:24+08:00,btc-updown-5m-1784073000,https://polymarket.com/zh/event/btc-updown-5m-1784073000,07:50-07:55,23.00,78.00,22.00,77.00,696.88,154.40,155.69,656.88,22.50,77.50,1.00,1.00,32676.33,26897.75,26756.74,32706.33,22,77,77,22,64985.12,64970.40,,
2026-07-15T07:52:26+08:00,btc-updown-5m-1784073000,https://polymarket.com/zh/event/btc-updown-5m-1784073000,07:50-07:55,23.00,78.00,22.00,77.00,891.24,36.31,71.31,881.45,22.50,77.50,1.00,1.00,32766.33,26877.75,26767.74,32676.33,22,77,77,22,64985.12,64970.40,,
2026-07-15T07:52:28+08:00,btc-updown-5m-1784073000,https://polymarket.com/zh/event/btc-updown-5m-1784073000,07:50-07:55,20.00,81.00,19.00,80.00,207.05,52.93,685.38,396.91,19.50,80.50,1.00,1.00,32646.33,26721.74,26806.74,24746.33,19,80,80,19,64985.12,64970.40,,
2026-07-15T07:52:30+08:00,btc-updown-5m-1784073000,https://polymarket.com/zh/event/btc-updown-5m-1784073000,07:50-07:55,19.00,82.00,18.00,81.00,613.72,128.03,99.03,602.72,18.50,81.50,1.00,1.00,29405.63,26686.74,26796.74,29439.63,18,81,81,18,64985.12,64963.93,,
2026-07-15T07:52:32+08:00,btc-updown-5m-1784073000,https://polymarket.com/zh/event/btc-updown-5m-1784073000,07:50-07:55,19.00,82.00,18.00,81.00,532.70,445.84,101.50,401.22,18.50,81.50,1.00,1.00,29067.33,26612.74,26487.74,29077.33,18,81,81,18,64985.12,64963.93,,
2026-07-15T07:52:34+08:00,btc-updown-5m-1784073000,https://polymarket.com/zh/event/btc-updown-5m-1784073000,07:50-07:55,19.00,82.00,18.00,81.00,336.42,379.38,379.38,336.42,18.50,81.50,1.00,1.00,29197.33,26386.74,26496.74,29177.33,18,81,81,18,64985.12,64963.93,,
2026-07-15T07:52:36+08:00,btc-updown-5m-1784073000,https://polymarket.com/zh/event/btc-updown-5m-1784073000,07:50-07:55,16.00,85.00,15.00,84.00,95.55,952.36,952.36,95.55,15.50,84.50,1.00,1.00,28797.33,26496.74,26397.74,28787.33,15,84,84,15,64985.12,64963.93,,
2026-07-15T07:52:38+08:00,btc-updown-5m-1784073000,https://polymarket.com/zh/event/btc-updown-5m-1784073000,07:50-07:55,17.00,84.00,16.00,83.00,262.11,748.71,737.57,262.11,16.50,83.50,1.00,1.00,28652.33,26491.74,26396.75,28647.33,16,83,83,16,64985.12,64963.92,,
2026-07-15T07:52:40+08:00,btc-updown-5m-1784073000,https://polymarket.com/zh/event/btc-updown-5m-1784073000,07:50-07:55,15.00,86.00,14.00,85.00,160.27,745.64,745.64,160.27,14.50,85.50,1.00,1.00,23268.11,26491.74,26382.74,23268.11,14,85,85,14,64985.12,64959.37,,
2026-07-15T07:52:41+08:00,btc-updown-5m-1784073000,https://polymarket.com/zh/event/btc-updown-5m-1784073000,07:50-07:55,15.00,86.00,14.00,85.00,100.05,804.04,804.04,100.05,14.50,85.50,1.00,1.00,23883.11,26497.74,26376.74,23893.11,14,85,85,14,64985.12,64959.37,,
2026-07-15T07:52:43+08:00,btc-updown-5m-1784073000,https://polymarket.com/zh/event/btc-updown-5m-1784073000,07:50-07:55,21.00,80.00,20.00,79.00,67.46,538.69,420.25,74.46,20.50,79.50,1.00,1.00,24298.11,26501.75,26501.75,24298.11,20,79,79,20,64985.12,64960.95,,
2026-07-15T07:52:45+08:00,btc-updown-5m-1784073000,https://polymarket.com/zh/event/btc-updown-5m-1784073000,07:50-07:55,22.00,79.00,21.00,78.00,491.67,54.88,49.88,506.67,21.50,78.50,1.00,1.00,24620.33,26500.74,26386.75,24630.33,21,78,78,21,64985.12,64963.92,,
2026-07-15T07:52:47+08:00,btc-updown-5m-1784073000,https://polymarket.com/zh/event/btc-updown-5m-1784073000,07:50-07:55,19.00,82.00,18.00,81.00,49.05,5.56,61.27,517.25,18.50,81.50,1.00,1.00,24656.11,26385.74,26496.74,24651.11,18,81,81,18,64985.12,64963.92,,
2026-07-15T07:52:49+08:00,btc-updown-5m-1784073000,https://polymarket.com/zh/event/btc-updown-5m-1784073000,07:50-07:55,16.00,85.00,15.00,84.00,367.74,171.77,171.77,350.05,15.50,84.50,1.00,1.00,24705.71,26381.74,26506.74,24695.71,15,84,84,15,64985.12,64963.92,,
2026-07-15T07:52:51+08:00,btc-updown-5m-1784073000,https://polymarket.com/zh/event/btc-updown-5m-1784073000,07:50-07:55,15.00,86.00,14.00,85.00,194.64,301.69,251.69,177.56,14.50,85.50,1.00,1.00,24678.84,26470.74,26490.74,24558.98,14,85,85,14,64985.12,64963.92,,
2026-07-15T07:52:53+08:00,btc-updown-5m-1784073000,https://polymarket.com/zh/event/btc-updown-5m-1784073000,07:50-07:55,13.00,88.00,12.00,87.00,447.74,5.00,15.00,407.74,12.50,87.50,1.00,1.00,24223.19,26385.74,26491.74,24233.19,12,87,87,12,64985.12,64960.67,,
2026-07-15T07:52:55+08:00,btc-updown-5m-1784073000,https://polymarket.com/zh/event/btc-updown-5m-1784073000,07:50-07:55,14.00,87.00,13.00,86.00,124.32,694.88,708.00,124.32,13.50,86.50,1.00,1.00,23937.11,26516.75,26385.74,24085.64,13,86,86,13,64985.12,64960.67,,
2026-07-15T07:52:57+08:00,btc-updown-5m-1784073000,https://polymarket.com/zh/event/btc-updown-5m-1784073000,07:50-07:55,14.00,87.00,13.00,86.00,12.77,1074.73,1042.79,12.77,13.50,86.50,1.00,1.00,23183.33,26455.74,26375.74,23173.33,13,86,86,13,64985.12,64960.67,,
2026-07-15T07:52:59+08:00,btc-updown-5m-1784073000,https://polymarket.com/zh/event/btc-updown-5m-1784073000,07:50-07:55,14.00,87.00,13.00,86.00,46.91,637.87,578.43,18.00,13.50,86.50,1.00,1.00,23233.33,26513.74,26366.74,23374.11,13,86,86,13,64985.12,64960.67,,
2026-07-15T07:53:01+08:00,btc-updown-5m-1784073000,https://polymarket.com/zh/event/btc-updown-5m-1784073000,07:50-07:55,17.00,84.00,16.00,83.00,190.61,1600.23,1630.22,163.01,16.50,83.50,1.00,1.00,20947.33,27182.40,26766.28,20647.33,16,83,83,16,64985.12,64961.91,,
2026-07-15T07:53:03+08:00,btc-updown-5m-1784073000,https://polymarket.com/zh/event/btc-updown-5m-1784073000,07:50-07:55,14.00,87.00,13.00,86.00,631.78,34.65,34.65,631.78,13.50,86.50,1.00,1.00,20861.22,26850.27,26760.27,20870.61,13,86,86,13,64985.12,64961.92,,
2026-07-15T07:53:04+08:00,btc-updown-5m-1784073000,https://polymarket.com/zh/event/btc-updown-5m-1784073000,07:50-07:55,14.00,87.00,13.00,86.00,79.05,240.67,439.62,263.19,13.50,86.50,1.00,1.00,20404.75,26707.27,26711.27,20414.75,13,86,86,13,64985.12,64961.92,,
2026-07-15T07:53:06+08:00,btc-updown-5m-1784073000,https://polymarket.com/zh/event/btc-updown-5m-1784073000,07:50-07:55,15.00,86.00,14.00,85.00,270.42,658.81,651.25,329.91,14.50,85.50,1.00,1.00,20302.33,26596.28,26702.28,20357.33,14,85,85,14,64985.12,64961.92,,
2026-07-15T07:53:08+08:00,btc-updown-5m-1784073000,https://polymarket.com/zh/event/btc-updown-5m-1784073000,07:50-07:55,16.00,85.00,15.00,84.00,718.94,428.73,284.31,208.74,15.50,84.50,1.00,1.00,20254.33,26621.27,26591.27,20294.33,15,84,84,15,64985.12,64961.91,,
2026-07-15T07:53:10+08:00,btc-updown-5m-1784073000,https://polymarket.com/zh/event/btc-updown-5m-1784073000,07:50-07:55,22.00,79.00,21.00,78.00,935.67,166.28,167.55,935.67,21.50,78.50,1.00,1.00,25701.11,26712.27,26611.27,25686.11,21,78,78,21,64985.12,64966.79,,
2026-07-15T07:53:12+08:00,btc-updown-5m-1784073000,https://polymarket.com/zh/event/btc-updown-5m-1784073000,07:50-07:55,22.00,79.00,21.00,78.00,702.10,61.79,82.79,931.01,21.50,78.50,1.00,1.00,25678.11,26612.28,26701.27,25678.11,21,78,78,21,64985.12,64967.99,,
2026-07-15T07:53:14+08:00,btc-updown-5m-1784073000,https://polymarket.com/zh/event/btc-updown-5m-1784073000,07:50-07:55,19.00,82.00,18.00,81.00,806.21,119.00,124.00,779.21,18.50,81.50,1.00,1.00,25922.11,26726.28,26717.27,25569.11,18,81,81,18,64985.12,64969.09,,
2026-07-15T07:53:16+08:00,btc-updown-5m-1784073000,https://polymarket.com/zh/event/btc-updown-5m-1784073000,07:50-07:55,20.00,81.00,19.00,80.00,747.14,625.04,82.00,444.40,19.50,80.50,1.00,1.00,25217.11,26411.27,26427.28,25202.11,19,80,80,19,64985.12,64969.99,,
2026-07-15T07:53:18+08:00,btc-updown-5m-1784073000,https://polymarket.com/zh/event/btc-updown-5m-1784073000,07:50-07:55,19.00,82.00,18.00,81.00,865.16,118.00,118.00,815.16,18.50,81.50,1.00,1.00,26160.11,26401.27,26306.27,26165.11,18,81,81,18,64985.12,64969.99,,
2026-07-15T07:53:20+08:00,btc-updown-5m-1784073000,https://polymarket.com/zh/event/btc-updown-5m-1784073000,07:50-07:55,22.00,79.00,21.00,78.00,555.64,13.00,78.00,586.64,21.50,78.50,1.00,1.00,25679.11,25862.28,25951.27,25480.11,21,78,78,21,64985.12,64970.40,,
2026-07-15T07:53:22+08:00,btc-updown-5m-1784073000,https://polymarket.com/zh/event/btc-updown-5m-1784073000,07:50-07:55,22.00,79.00,21.00,78.00,788.64,68.51,6.20,619.21,21.50,78.50,1.00,1.00,25235.11,25851.27,25961.27,25351.11,21,78,78,21,64985.12,64970.40,,
2026-07-15T07:53:24+08:00,btc-updown-5m-1784073000,https://polymarket.com/zh/event/btc-updown-5m-1784073000,07:50-07:55,26.00,75.00,25.00,74.00,890.89,53.27,53.27,910.89,25.50,74.50,1.00,1.00,26769.33,25856.27,25961.27,26769.33,25,74,74,25,64985.12,64973.65,,
2026-07-15T07:53:26+08:00,btc-updown-5m-1784073000,https://polymarket.com/zh/event/btc-updown-5m-1784073000,07:50-07:55,20.00,81.00,19.00,80.00,761.52,16.00,67.00,767.90,19.50,80.50,1.00,1.00,27857.33,25950.27,25870.27,27852.33,19,80,80,19,64985.12,64973.70,,
2026-07-15T07:53:28+08:00,btc-updown-5m-1784073000,https://polymarket.com/zh/event/btc-updown-5m-1784073000,07:50-07:55,19.00,82.00,18.00,81.00,319.24,320.38,192.38,253.48,18.50,81.50,1.00,1.00,28037.11,25850.27,25950.27,28187.11,18,81,81,18,64985.12,64973.70,,
2026-07-15T07:53:29+08:00,btc-updown-5m-1784073000,https://polymarket.com/zh/event/btc-updown-5m-1784073000,07:50-07:55,19.00,82.00,18.00,81.00,200.34,165.29,294.30,496.07,18.50,81.50,1.00,1.00,28177.11,25856.27,25961.28,28014.11,18,81,81,18,64985.12,64973.70,,
2026-07-15T07:53:31+08:00,btc-updown-5m-1784073000,https://polymarket.com/zh/event/btc-updown-5m-1784073000,07:50-07:55,18.00,83.00,17.00,82.00,45.20,39.99,386.41,881.79,17.50,82.50,1.00,1.00,27365.11,25386.27,25292.27,27365.11,17,82,82,16,64985.12,64973.70,,
2026-07-15T07:53:33+08:00,btc-updown-5m-1784073000,https://polymarket.com/zh/event/btc-updown-5m-1784073000,07:50-07:55,16.00,85.00,15.00,84.00,65.95,410.09,410.09,65.95,15.50,84.50,1.00,1.00,27399.11,25281.27,25392.28,27389.11,15,84,84,15,64985.12,64973.70,,
2026-07-15T07:53:35+08:00,btc-updown-5m-1784073000,https://polymarket.com/zh/event/btc-updown-5m-1784073000,07:50-07:55,25.00,76.00,24.00,75.00,504.81,143.35,148.35,479.81,24.50,75.50,1.00,1.00,29079.63,25423.28,25422.27,29069.63,24,75,75,24,64985.12,64977.75,,
2026-07-15T07:53:37+08:00,btc-updown-5m-1784073000,https://polymarket.com/zh/event/btc-updown-5m-1784073000,07:50-07:55,23.00,78.00,22.00,77.00,462.50,87.78,87.78,467.50,22.50,77.50,1.00,1.00,28941.33,25427.27,25302.27,28831.33,22,77,77,22,64985.12,64975.36,,
2026-07-15T07:53:39+08:00,btc-updown-5m-1784073000,https://polymarket.com/zh/event/btc-updown-5m-1784073000,07:50-07:55,25.00,76.00,24.00,75.00,56.00,398.46,428.46,56.00,24.50,75.50,1.00,1.00,28836.33,25328.28,25407.27,28846.33,24,75,75,24,64985.12,64976.98,,
2026-07-15T07:53:41+08:00,btc-updown-5m-1784073000,https://polymarket.com/zh/event/btc-updown-5m-1784073000,07:50-07:55,25.00,76.00,24.00,75.00,227.44,303.77,428.65,248.88,24.50,75.50,1.00,1.00,28365.33,25407.27,25343.28,28355.33,24,75,75,24,64985.12,64976.99,,
2026-07-15T07:53:43+08:00,btc-updown-5m-1784073000,https://polymarket.com/zh/event/btc-updown-5m-1784073000,07:50-07:55,25.00,76.00,24.00,75.00,52.48,915.73,915.73,52.48,24.50,75.50,1.00,1.00,28296.33,25312.27,25427.27,28696.33,24,75,75,24,64985.12,64976.99,,
2026-07-15T07:53:45+08:00,btc-updown-5m-1784073000,https://polymarket.com/zh/event/btc-updown-5m-1784073000,07:50-07:55,19.00,82.00,18.00,81.00,323.50,194.22,275.96,195.33,18.50,81.50,1.00,1.00,26926.33,25427.27,25407.27,26731.33,18,81,81,18,64985.12,64976.99,,
2026-07-15T07:53:47+08:00,btc-updown-5m-1784073000,https://polymarket.com/zh/event/btc-updown-5m-1784073000,07:50-07:55,17.00,84.00,16.00,83.00,624.98,44.62,44.62,624.98,16.50,83.50,1.00,1.00,27292.11,25322.27,25312.27,27292.11,16,83,83,16,64985.12,64973.69,,
2026-07-15T07:53:48+08:00,btc-updown-5m-1784073000,https://polymarket.com/zh/event/btc-updown-5m-1784073000,07:50-07:55,19.00,82.00,18.00,81.00,114.89,284.64,284.64,114.89,18.50,81.50,1.00,1.00,27705.33,25222.27,25312.27,27295.33,18,81,81,18,64985.12,64975.42,,
2026-07-15T07:53:50+08:00,btc-updown-5m-1784073000,https://polymarket.com/zh/event/btc-updown-5m-1784073000,07:50-07:55,15.00,86.00,14.00,85.00,328.66,32.35,192.35,319.57,14.50,85.50,1.00,1.00,27629.11,25221.27,25332.27,27643.78,14,85,85,14,64985.12,64975.41,,
2026-07-15T07:53:52+08:00,btc-updown-5m-1784073000,https://polymarket.com/zh/event/btc-updown-5m-1784073000,07:50-07:55,14.00,87.00,13.00,86.00,230.23,372.36,372.36,90.00,13.50,86.50,1.00,1.00,27446.51,25236.27,25327.28,27332.74,13,86,86,13,64985.12,64973.69,,
2026-07-15T07:53:54+08:00,btc-updown-5m-1784073000,https://polymarket.com/zh/event/btc-updown-5m-1784073000,07:50-07:55,10.00,91.00,9.00,90.00,481.94,370.69,370.69,481.94,9.50,90.50,1.00,1.00,26747.95,25218.27,25318.27,26742.95,9,90,90,9,64985.12,64967.79,,
2026-07-15T07:53:56+08:00,btc-updown-5m-1784073000,https://polymarket.com/zh/event/btc-updown-5m-1784073000,07:50-07:55,10.00,91.00,9.00,90.00,429.77,173.47,178.47,454.77,9.50,90.50,1.00,1.00,26165.26,25329.27,25213.27,26130.26,9,90,90,9,64985.12,64965.09,,
2026-07-15T07:53:58+08:00,btc-updown-5m-1784073000,https://polymarket.com/zh/event/btc-updown-5m-1784073000,07:50-07:55,11.00,90.00,10.00,89.00,64.62,310.05,310.05,64.62,10.50,89.50,1.00,1.00,26579.72,25413.27,25508.27,26579.72,10,89,89,10,64985.12,64967.14,,
2026-07-15T07:54:00+08:00,btc-updown-5m-1784073000,https://polymarket.com/zh/event/btc-updown-5m-1784073000,07:50-07:55,11.00,90.00,10.00,89.00,87.56,163.94,172.83,89.07,10.50,89.50,1.00,1.00,26578.72,25408.27,25434.28,26487.23,10,89,89,10,64985.12,64967.14,,
2026-07-15T07:54:02+08:00,btc-updown-5m-1784073000,https://polymarket.com/zh/event/btc-updown-5m-1784073000,07:50-07:55,11.00,90.00,10.00,89.00,363.83,9.59,9.59,347.83,10.50,89.50,1.00,1.00,26015.21,25283.27,25388.27,26015.21,10,89,89,10,64985.12,64967.14,,
2026-07-15T07:54:04+08:00,btc-updown-5m-1784073000,https://polymarket.com/zh/event/btc-updown-5m-1784073000,07:50-07:55,9.00,92.00,8.00,91.00,13.00,373.66,373.66,13.00,8.50,91.50,1.00,1.00,25492.21,25383.27,25278.27,25487.21,8,91,91,8,64985.12,64967.14,,
2026-07-15T07:54:05+08:00,btc-updown-5m-1784073000,https://polymarket.com/zh/event/btc-updown-5m-1784073000,07:50-07:55,7.00,94.00,5.00,93.00,133.15,71.10,1341.20,180.72,6.00,93.50,2.00,1.00,24343.71,25259.27,25328.27,24378.45,5,93,93,6,64985.12,64967.14,,
2026-07-15T07:54:07+08:00,btc-updown-5m-1784073000,https://polymarket.com/zh/event/btc-updown-5m-1784073000,07:50-07:55,6.00,95.00,5.00,94.00,189.82,196.74,151.83,180.26,5.50,94.50,1.00,1.00,20216.34,25356.27,25257.27,20430.72,5,94,94,5,64985.12,64974.86,,
2026-07-15T07:54:09+08:00,btc-updown-5m-1784073000,https://polymarket.com/zh/event/btc-updown-5m-1784073000,07:50-07:55,5.00,96.00,4.00,95.00,616.57,105.00,111.05,616.57,4.50,95.50,1.00,1.00,18898.87,24319.27,24409.27,18876.59,4,95,95,4,64985.12,64968.29,,
2026-07-15T07:54:11+08:00,btc-updown-5m-1784073000,https://polymarket.com/zh/event/btc-updown-5m-1784073000,07:50-07:55,4.00,97.00,3.00,96.00,256.84,690.54,690.54,256.84,3.50,96.50,1.00,1.00,18235.47,24414.27,24409.27,18240.47,3,96,96,3,64985.12,64968.29,,
2026-07-15T07:54:13+08:00,btc-updown-5m-1784073000,https://polymarket.com/zh/event/btc-updown-5m-1784073000,07:50-07:55,4.00,97.00,3.00,96.00,114.53,1261.48,1261.48,114.53,3.50,96.50,1.00,1.00,18229.72,24281.27,24356.27,18201.72,3,96,96,3,64985.12,64968.30,,
2026-07-15T07:54:15+08:00,btc-updown-5m-1784073000,https://polymarket.com/zh/event/btc-updown-5m-1784073000,07:50-07:55,4.00,97.00,3.00,96.00,309.59,557.81,557.81,344.59,3.50,96.50,1.00,1.00,17558.28,24298.27,24332.27,17586.28,3,96,96,3,64985.12,64968.29,,
2026-07-15T07:54:17+08:00,btc-updown-5m-1784073000,https://polymarket.com/zh/event/btc-updown-5m-1784073000,07:50-07:55,4.00,97.00,3.00,96.00,479.23,325.72,336.03,429.23,3.50,96.50,1.00,1.00,17454.18,24256.27,24361.27,17443.87,3,96,96,3,64985.12,64968.30,,
2026-07-15T07:54:19+08:00,btc-updown-5m-1784073000,https://polymarket.com/zh/event/btc-updown-5m-1784073000,07:50-07:55,4.00,97.00,3.00,96.00,404.21,211.78,218.93,429.21,3.50,96.50,1.00,1.00,11304.08,24362.27,24328.28,11296.93,3,96,96,3,64985.12,64968.29,,
2026-07-15T07:54:21+08:00,btc-updown-5m-1784073000,https://polymarket.com/zh/event/btc-updown-5m-1784073000,07:50-07:55,3.00,98.00,2.00,97.00,139.02,848.40,848.40,124.22,2.50,97.50,1.00,1.00,5959.38,24261.27,24172.27,5934.15,2,97,97,2,64985.12,64968.29,,
2026-07-15T07:54:22+08:00,btc-updown-5m-1784073000,https://polymarket.com/zh/event/btc-updown-5m-1784073000,07:50-07:55,3.00,98.00,2.00,97.00,281.57,745.41,745.41,281.57,2.50,97.50,1.00,1.00,5659.38,24156.27,24167.28,5659.38,2,97,97,2,64985.12,64968.29,,
2026-07-15T07:54:24+08:00,btc-updown-5m-1784073000,https://polymarket.com/zh/event/btc-updown-5m-1784073000,07:50-07:55,8.00,93.00,7.00,92.00,712.39,80.00,80.00,719.23,7.50,92.50,1.00,1.00,6176.99,24257.27,24288.28,6168.99,7,92,92,7,64985.12,64968.29,,
2026-07-15T07:54:26+08:00,btc-updown-5m-1784073000,https://polymarket.com/zh/event/btc-updown-5m-1784073000,07:50-07:55,7.00,95.00,6.00,94.00,136.67,150.01,122.02,13.00,6.50,94.50,1.00,1.00,6590.44,24673.28,24652.27,6474.45,6,93,94,5,64985.12,64968.29,,
2026-07-15T07:54:28+08:00,btc-updown-5m-1784073000,https://polymarket.com/zh/event/btc-updown-5m-1784073000,07:50-07:55,6.00,95.00,5.00,94.00,436.61,3.45,3.45,493.61,5.50,94.50,1.00,1.00,6092.76,24668.27,24768.27,6018.58,5,94,94,5,64985.12,64968.29,,
2026-07-15T07:54:30+08:00,btc-updown-5m-1784073000,https://polymarket.com/zh/event/btc-updown-5m-1784073000,07:50-07:55,3.00,98.00,2.00,97.00,257.70,103.23,110.23,157.70,2.50,97.50,1.00,1.00,5544.81,23900.69,24405.69,5542.82,2,97,97,2,64985.12,64968.29,,
2026-07-15T07:54:32+08:00,btc-updown-5m-1784073000,https://polymarket.com/zh/event/btc-updown-5m-1784073000,07:50-07:55,2.00,99.00,1.00,98.00,302.55,4452.91,4462.91,305.46,1.50,98.50,1.00,1.00,4462.91,24197.69,24257.69,4452.91,1,98,98,1,64985.12,64968.29,,
2026-07-15T07:54:34+08:00,btc-updown-5m-1784073000,https://polymarket.com/zh/event/btc-updown-5m-1784073000,07:50-07:55,2.00,99.00,1.00,98.00,793.56,3290.50,3292.50,786.97,1.50,98.50,1.00,1.00,3292.50,24256.69,24250.69,3290.50,1,98,98,1,64985.12,64963.74,,
2026-07-15T07:54:36+08:00,btc-updown-5m-1784073000,https://polymarket.com/zh/event/btc-updown-5m-1784073000,07:50-07:55,2.00,99.00,1.00,98.00,792.95,3155.41,3288.04,934.84,1.50,98.50,1.00,1.00,3288.04,22469.70,22484.70,3155.41,1,98,98,1,64985.12,64963.04,,
2026-07-15T07:54:38+08:00,btc-updown-5m-1784073000,https://polymarket.com/zh/event/btc-updown-5m-1784073000,07:50-07:55,2.00,99.00,1.00,98.00,831.16,2925.02,2920.02,839.07,1.50,98.50,1.00,1.00,2920.02,22486.70,22496.71,2925.02,1,98,98,1,64985.12,64961.93,,
2026-07-15T07:54:39+08:00,btc-updown-5m-1784073000,https://polymarket.com/zh/event/btc-updown-5m-1784073000,07:50-07:55,2.00,99.00,1.00,98.00,1039.70,2539.30,2539.30,989.70,1.50,98.50,1.00,1.00,2539.30,22189.70,22169.70,2539.30,1,98,98,1,64985.12,64961.23,,
2026-07-15T07:54:41+08:00,btc-updown-5m-1784073000,https://polymarket.com/zh/event/btc-updown-5m-1784073000,07:50-07:55,2.00,99.00,1.00,98.00,704.67,941.88,956.88,704.67,1.50,98.50,1.00,1.00,956.88,22200.70,22194.70,941.88,1,98,98,1,64985.12,64961.23,,
2026-07-15T07:54:43+08:00,btc-updown-5m-1784073000,https://polymarket.com/zh/event/btc-updown-5m-1784073000,07:50-07:55,1.00,,,99.00,3997.55,,,5404.59,,,,,,22309.70,22300.70,,0,99,99,0,64985.12,64961.23,,
2026-07-15T07:54:45+08:00,btc-updown-5m-1784073000,https://polymarket.com/zh/event/btc-updown-5m-1784073000,07:50-07:55,1.00,,,99.00,5751.30,,,5751.30,,,,,,21589.37,21332.71,,0,88,88,0,64985.12,64961.23,,
2026-07-15T07:54:47+08:00,btc-updown-5m-1784073000,https://polymarket.com/zh/event/btc-updown-5m-1784073000,07:50-07:55,1.00,,,99.00,8992.70,,,8792.70,,,,,,21827.00,21821.00,,0,89,89,0,64985.12,64961.23,,
2026-07-15T07:54:49+08:00,btc-updown-5m-1784073000,https://polymarket.com/zh/event/btc-updown-5m-1784073000,07:50-07:55,1.00,,,99.00,9202.75,,,9202.75,,,,,,21882.00,21897.00,,0,60,60,0,64985.12,64961.22,,
2026-07-15T07:54:51+08:00,btc-updown-5m-1784073000,https://polymarket.com/zh/event/btc-updown-5m-1784073000,07:50-07:55,1.00,,,99.00,9910.75,,,9962.75,,,,,,14290.34,14295.34,,0,61,62,0,64985.12,64955.68,,
2026-07-15T07:54:53+08:00,btc-updown-5m-1784073000,https://polymarket.com/zh/event/btc-updown-5m-1784073000,07:50-07:55,1.00,,,99.00,9957.95,,,9957.95,,,,,,14717.00,14701.00,,0,60,60,0,64985.12,64955.68,,
2026-07-15T07:54:55+08:00,btc-updown-5m-1784073000,https://polymarket.com/zh/event/btc-updown-5m-1784073000,07:50-07:55,1.00,,,99.00,11684.32,,,11684.32,,,,,,14140.35,14150.34,,0,61,61,0,64985.12,64955.68,,
2026-07-15T07:54:56+08:00,btc-updown-5m-1784073000,https://polymarket.com/zh/event/btc-updown-5m-1784073000,07:50-07:55,8.00,,,99.00,5.00,,,5.00,,,,,,15439.35,15319.35,,0,55,56,0,64985.12,64974.02,,
2026-07-15T07:54:58+08:00,btc-updown-5m-1784073000,https://polymarket.com/zh/event/btc-updown-5m-1784073000,07:50-07:55,1.00,,,99.00,10178.56,,,12867.08,,,,,,14506.07,14512.07,,0,75,73,0,64985.12,64975.16,,
2026-07-15T07:55:01+08:00,btc-updown-5m-1784073300,https://polymarket.com/zh/event/btc-updown-5m-1784073300,07:55-08:00,49.00,52.00,48.00,51.00,457.91,569.93,290.39,470.91,48.50,51.50,1.00,1.00,30513.79,33226.56,23231.56,20513.79,48,51,51,48,64975.77,64975.77,,
2026-07-15T07:55:03+08:00,btc-updown-5m-1784073300,https://polymarket.com/zh/event/btc-updown-5m-1784073300,07:55-08:00,55.00,45.00,54.00,44.00,21.44,891.51,1400.01,97.27,54.50,44.50,1.00,1.00,21181.75,23619.52,23634.52,21596.75,54,45,44,55,64975.77,64977.75,,
2026-07-15T07:55:04+08:00,btc-updown-5m-1784073300,https://polymarket.com/zh/event/btc-updown-5m-1784073300,07:55-08:00,57.00,44.00,56.00,43.00,1.43,820.66,815.66,27.43,56.50,43.50,1.00,1.00,21530.75,23958.52,23998.52,21935.76,56,43,43,56,64975.77,64980.72,,
2026-07-15T07:55:06+08:00,btc-updown-5m-1784073300,https://polymarket.com/zh/event/btc-updown-5m-1784073300,07:55-08:00,57.00,44.00,56.00,43.00,38.00,879.92,885.03,37.39,56.50,43.50,1.00,1.00,21530.75,24008.52,24003.52,21445.75,56,43,43,56,64975.77,64980.73,,
2026-07-15T07:55:08+08:00,btc-updown-5m-1784073300,https://polymarket.com/zh/event/btc-updown-5m-1784073300,07:55-08:00,57.00,44.00,56.00,43.00,36.00,891.34,891.34,36.00,56.50,43.50,1.00,1.00,21703.76,21708.52,21698.52,21778.75,56,43,43,56,64975.77,64981.44,,
2026-07-15T07:55:10+08:00,btc-updown-5m-1784073300,https://polymarket.com/zh/event/btc-updown-5m-1784073300,07:55-08:00,59.00,42.00,58.00,41.00,154.13,815.03,815.03,161.36,58.50,41.50,1.00,1.00,19016.15,21558.92,21573.92,19091.15,58,41,41,58,64975.77,64982.61,,
2026-07-15T07:55:12+08:00,btc-updown-5m-1784073300,https://polymarket.com/zh/event/btc-updown-5m-1784073300,07:55-08:00,58.00,43.00,57.00,42.00,1124.54,115.34,117.67,1139.54,57.50,42.50,1.00,1.00,19606.16,21548.92,21563.92,19011.15,57,42,42,57,64975.77,64982.60,,
2026-07-15T07:55:14+08:00,btc-updown-5m-1784073300,https://polymarket.com/zh/event/btc-updown-5m-1784073300,07:55-08:00,55.00,46.00,54.00,45.00,487.31,283.37,323.37,487.31,54.50,45.50,1.00,1.00,19186.15,22309.52,22299.52,19116.15,54,45,45,54,64975.77,64982.60,,
2026-07-15T07:55:16+08:00,btc-updown-5m-1784073300,https://polymarket.com/zh/event/btc-updown-5m-1784073300,07:55-08:00,55.00,46.00,54.00,45.00,553.84,747.01,239.84,68.04,54.50,45.50,1.00,1.00,20425.15,22517.92,22502.92,20430.15,54,45,45,54,64975.77,64981.43,,
2026-07-15T07:55:18+08:00,btc-updown-5m-1784073300,https://polymarket.com/zh/event/btc-updown-5m-1784073300,07:55-08:00,55.00,46.00,54.00,45.00,1486.08,828.29,122.47,211.60,54.50,45.50,1.00,1.00,20025.15,22531.92,22541.92,20415.16,54,45,45,54,64975.77,64981.43,,
2026-07-15T07:55:20+08:00,btc-updown-5m-1784073300,https://polymarket.com/zh/event/btc-updown-5m-1784073300,07:55-08:00,53.00,48.00,52.00,47.00,1149.10,164.62,164.62,1149.10,52.50,47.50,1.00,1.00,20560.16,22531.92,22516.92,19945.15,52,47,47,52,64975.77,64979.02,,
2026-07-15T07:55:21+08:00,btc-updown-5m-1784073300,https://polymarket.com/zh/event/btc-updown-5m-1784073300,07:55-08:00,53.00,48.00,52.00,47.00,628.73,740.03,356.14,47.04,52.50,47.50,1.00,1.00,21116.07,23242.84,23242.84,20536.07,52,47,47,52,64975.77,64979.02,,
2026-07-15T07:55:23+08:00,btc-updown-5m-1784073300,https://polymarket.com/zh/event/btc-updown-5m-1784073300,07:55-08:00,52.00,49.00,51.00,48.00,411.02,831.86,831.86,405.20,51.50,48.50,1.00,1.00,20885.46,23227.84,23252.84,20880.46,51,48,48,51,64975.77,64979.02,,
2026-07-15T07:55:25+08:00,btc-updown-5m-1784073300,https://polymarket.com/zh/event/btc-updown-5m-1784073300,07:55-08:00,53.00,46.00,52.00,45.00,20.38,95.14,597.45,218.16,52.50,45.50,1.00,1.00,21607.46,25745.82,25740.82,21597.45,52,47,45,54,64975.77,64979.02,,
2026-07-15T07:55:27+08:00,btc-updown-5m-1784073300,https://polymarket.com/zh/event/btc-updown-5m-1784073300,07:55-08:00,58.00,43.00,57.00,42.00,172.13,901.92,901.92,62.00,57.50,42.50,1.00,1.00,21487.45,26046.82,26036.82,22077.45,57,42,42,57,64975.77,64979.02,,
2026-07-15T07:55:29+08:00,btc-updown-5m-1784073300,https://polymarket.com/zh/event/btc-updown-5m-1784073300,07:55-08:00,58.00,43.00,57.00,42.00,407.86,16.00,433.84,1401.73,57.50,42.50,1.00,1.00,22015.45,26169.22,26154.22,21983.45,57,42,42,57,64975.77,64983.87,,
2026-07-15T07:55:31+08:00,btc-updown-5m-1784073300,https://polymarket.com/zh/event/btc-updown-5m-1784073300,07:55-08:00,56.00,45.00,55.00,44.00,87.08,1128.62,1090.30,48.21,55.50,44.50,1.00,1.00,21623.46,25719.22,25709.22,21613.45,55,44,44,55,64975.77,64983.87,,
2026-07-15T07:55:33+08:00,btc-updown-5m-1784073300,https://polymarket.com/zh/event/btc-updown-5m-1784073300,07:55-08:00,58.00,43.00,57.00,42.00,285.84,689.08,901.86,424.38,57.50,42.50,1.00,1.00,21623.45,25709.22,25709.22,21613.46,57,42,42,57,64975.77,64983.87,,
2026-07-15T07:55:35+08:00,btc-updown-5m-1784073300,https://polymarket.com/zh/event/btc-updown-5m-1784073300,07:55-08:00,57.00,44.00,56.00,43.00,1250.95,36.00,36.00,1255.95,56.50,43.50,1.00,1.00,20658.45,25254.22,25234.22,20658.45,56,43,43,56,64975.77,64980.95,,
2026-07-15T07:55:37+08:00,btc-updown-5m-1784073300,https://polymarket.com/zh/event/btc-updown-5m-1784073300,07:55-08:00,53.00,48.00,52.00,47.00,881.19,268.03,176.03,881.19,52.50,47.50,1.00,1.00,20628.45,25234.22,25219.22,20543.45,52,47,47,52,64975.77,64979.02,,
2026-07-15T07:55:38+08:00,btc-updown-5m-1784073300,https://polymarket.com/zh/event/btc-updown-5m-1784073300,07:55-08:00,52.00,49.00,51.00,48.00,675.13,650.19,609.01,671.13,51.50,48.50,1.00,1.00,20636.45,25335.90,25345.90,20741.45,51,48,48,51,64975.77,64979.03,,
2026-07-15T07:55:40+08:00,btc-updown-5m-1784073300,https://polymarket.com/zh/event/btc-updown-5m-1784073300,07:55-08:00,51.00,50.00,50.00,49.00,910.39,72.00,106.80,910.39,50.50,49.50,1.00,1.00,20741.45,25350.90,25335.90,21146.46,50,49,49,50,64975.77,64979.03,,
2026-07-15T07:55:42+08:00,btc-updown-5m-1784073300,https://polymarket.com/zh/event/btc-updown-5m-1784073300,07:55-08:00,51.00,50.00,50.00,49.00,1460.28,65.33,65.33,1450.28,50.50,49.50,1.00,1.00,20736.45,25335.90,25350.90,20656.45,50,49,49,50,64975.77,64975.77,,
2026-07-15T07:55:44+08:00,btc-updown-5m-1784073300,https://polymarket.com/zh/event/btc-updown-5m-1784073300,07:55-08:00,51.00,50.00,50.00,49.00,1431.66,129.58,129.58,1431.66,50.50,49.50,1.00,1.00,21146.46,25352.90,25367.90,20751.45,50,49,49,50,64975.77,64975.77,,
2026-07-15T07:55:46+08:00,btc-updown-5m-1784073300,https://polymarket.com/zh/event/btc-updown-5m-1784073300,07:55-08:00,51.00,50.00,50.00,49.00,427.93,764.31,554.87,427.93,50.50,49.50,1.00,1.00,21126.45,25352.90,25362.90,20636.45,50,49,49,50,64975.77,64975.77,,
2026-07-15T07:55:48+08:00,btc-updown-5m-1784073300,https://polymarket.com/zh/event/btc-updown-5m-1784073300,07:55-08:00,51.00,50.00,50.00,49.00,564.30,314.00,649.35,743.82,50.50,49.50,1.00,1.00,20656.46,25367.90,25352.90,21141.45,50,49,49,50,64975.77,64975.76,,
2026-07-15T07:55:50+08:00,btc-updown-5m-1784073300,https://polymarket.com/zh/event/btc-updown-5m-1784073300,07:55-08:00,49.00,56.00,45.00,55.00,150.00,128.63,45.17,35.00,47.00,55.50,4.00,1.00,20612.45,25378.91,25408.91,20787.45,45,51,55,44,64975.77,64975.77,,
2026-07-15T07:55:52+08:00,btc-updown-5m-1784073300,https://polymarket.com/zh/event/btc-updown-5m-1784073300,07:55-08:00,44.00,57.00,43.00,56.00,1581.10,416.76,465.01,1581.10,43.50,56.50,1.00,1.00,20803.45,25453.90,25344.90,20788.45,43,56,56,43,64975.77,64970.40,,
2026-07-15T07:55:54+08:00,btc-updown-5m-1784073300,https://polymarket.com/zh/event/btc-updown-5m-1784073300,07:55-08:00,44.00,57.00,43.00,56.00,74.13,1078.30,1067.30,74.13,43.50,56.50,1.00,1.00,20808.45,25338.90,25423.90,20813.45,43,56,56,43,64975.77,64970.41,,
2026-07-15T07:55:56+08:00,btc-updown-5m-1784073300,https://polymarket.com/zh/event/btc-updown-5m-1784073300,07:55-08:00,45.00,56.00,44.00,55.00,530.24,913.18,913.18,530.24,44.50,55.50,1.00,1.00,20812.13,25323.90,25439.90,20817.13,44,55,55,44,64975.77,64970.40,,
2026-07-15T07:55:57+08:00,btc-updown-5m-1784073300,https://polymarket.com/zh/event/btc-updown-5m-1784073300,07:55-08:00,48.00,53.00,47.00,52.00,231.03,960.46,950.46,231.03,47.50,52.50,1.00,1.00,20803.45,25116.22,25225.22,20813.45,47,52,52,47,64975.77,64970.40,,
2026-07-15T07:55:59+08:00,btc-updown-5m-1784073300,https://polymarket.com/zh/event/btc-updown-5m-1784073300,07:55-08:00,48.00,53.00,47.00,52.00,161.98,1006.79,1041.79,161.98,47.50,52.50,1.00,1.00,20803.45,25210.22,25226.22,20813.45,47,52,52,47,64975.77,64973.42,,
2026-07-15T07:56:01+08:00,btc-updown-5m-1784073300,https://polymarket.com/zh/event/btc-updown-5m-1784073300,07:55-08:00,55.00,46.00,54.00,45.00,268.76,1141.74,1151.74,278.76,54.50,45.50,1.00,1.00,28781.45,33024.22,33014.22,28876.46,54,45,45,54,64975.77,64973.43,,
2026-07-15T07:56:03+08:00,btc-updown-5m-1784073300,https://polymarket.com/zh/event/btc-updown-5m-1784073300,07:55-08:00,50.00,51.00,49.00,50.00,90.48,285.03,184.03,1005.25,49.50,50.50,1.00,1.00,28781.45,33044.22,33139.22,28766.45,49,50,50,49,64975.77,64978.25,,
2026-07-15T07:56:05+08:00,btc-updown-5m-1784073300,https://polymarket.com/zh/event/btc-updown-5m-1784073300,07:55-08:00,45.00,56.00,44.00,55.00,920.66,208.99,208.99,920.66,44.50,55.50,1.00,1.00,28821.45,33242.22,33373.23,28831.45,44,55,55,44,64975.77,64971.97,,
2026-07-15T07:56:07+08:00,btc-updown-5m-1784073300,https://polymarket.com/zh/event/btc-updown-5m-1784073300,07:55-08:00,43.00,58.00,42.00,57.00,1057.23,48.39,55.39,1057.23,42.50,57.50,1.00,1.00,28356.45,32906.22,33006.23,28341.45,42,57,57,42,64975.77,64968.02,,
2026-07-15T07:56:09+08:00,btc-updown-5m-1784073300,https://polymarket.com/zh/event/btc-updown-5m-1784073300,07:55-08:00,41.00,60.00,40.00,59.00,844.56,355.13,318.80,1064.56,40.50,59.50,1.00,1.00,28271.45,32916.23,32800.22,28336.45,40,59,59,40,64975.77,64968.02,,
2026-07-15T07:56:11+08:00,btc-updown-5m-1784073300,https://polymarket.com/zh/event/btc-updown-5m-1784073300,07:55-08:00,41.00,61.00,40.00,60.00,724.70,445.18,514.89,250.82,40.50,60.50,1.00,1.00,28276.45,32616.22,32711.23,28276.45,40,59,60,39,64975.77,64968.02,,
2026-07-15T07:56:13+08:00,btc-updown-5m-1784073300,https://polymarket.com/zh/event/btc-updown-5m-1784073300,07:55-08:00,41.00,60.00,40.00,59.00,66.64,749.31,734.31,66.64,40.50,59.50,1.00,1.00,28069.45,32503.22,32413.22,28079.45,40,59,59,40,64975.77,64968.02,,
2026-07-15T07:56:14+08:00,btc-updown-5m-1784073300,https://polymarket.com/zh/event/btc-updown-5m-1784073300,07:55-08:00,41.00,60.00,40.00,59.00,927.63,41.00,17.21,927.63,40.50,59.50,1.00,1.00,28064.45,32503.22,32409.23,28059.45,40,59,59,40,64975.77,64968.02,,
2026-07-15T07:56:16+08:00,btc-updown-5m-1784073300,https://polymarket.com/zh/event/btc-updown-5m-1784073300,07:55-08:00,38.00,63.00,37.00,62.00,685.01,341.03,426.12,752.56,37.50,62.50,1.00,1.00,28064.45,32415.22,32419.22,28074.45,37,62,62,37,64975.77,64968.02,,
2026-07-15T07:56:18+08:00,btc-updown-5m-1784073300,https://polymarket.com/zh/event/btc-updown-5m-1784073300,07:55-08:00,39.00,62.00,38.00,61.00,190.44,29.00,67.38,269.44,38.50,61.50,1.00,1.00,30006.45,30328.22,30434.22,30026.45,38,61,61,38,64975.77,64968.01,,
2026-07-15T07:56:20+08:00,btc-updown-5m-1784073300,https://polymarket.com/zh/event/btc-updown-5m-1784073300,07:55-08:00,38.00,63.00,37.00,62.00,501.81,549.67,549.67,501.81,37.50,62.50,1.00,1.00,30006.45,30428.22,30314.22,30001.45,37,62,62,37,64975.77,64968.01,,
2026-07-15T07:56:22+08:00,btc-updown-5m-1784073300,https://polymarket.com/zh/event/btc-updown-5m-1784073300,07:55-08:00,38.00,63.00,37.00,62.00,649.64,418.97,297.79,622.72,37.50,62.50,1.00,1.00,30001.45,30323.22,30313.22,29996.45,37,62,62,37,64975.77,64968.01,,
2026-07-15T07:56:24+08:00,btc-updown-5m-1784073300,https://polymarket.com/zh/event/btc-updown-5m-1784073300,07:55-08:00,33.00,69.00,32.00,68.00,978.28,144.58,32.80,210.00,32.50,68.50,1.00,1.00,30195.45,30402.23,30393.22,30195.45,32,67,68,31,64975.77,64963.04,,
2026-07-15T07:56:26+08:00,btc-updown-5m-1784073300,https://polymarket.com/zh/event/btc-updown-5m-1784073300,07:55-08:00,26.00,75.00,25.00,74.00,490.08,454.56,218.28,685.63,25.50,74.50,1.00,1.00,29397.13,30502.22,30298.23,29392.13,25,74,74,25,64975.77,64955.78,,
2026-07-15T07:56:28+08:00,btc-updown-5m-1784073300,https://polymarket.com/zh/event/btc-updown-5m-1784073300,07:55-08:00,25.00,76.00,24.00,75.00,1494.64,28.53,58.53,1628.27,24.50,75.50,1.00,1.00,29367.13,30487.22,30503.23,29367.13,24,75,75,24,64975.77,64955.78,,
2026-07-15T07:56:30+08:00,btc-updown-5m-1784073300,https://polymarket.com/zh/event/btc-updown-5m-1784073300,07:55-08:00,22.00,79.00,21.00,78.00,1303.53,33.02,195.85,1512.07,21.50,78.50,1.00,1.00,22072.13,30450.22,30534.22,19882.52,21,78,78,21,64975.77,64952.00,,
2026-07-15T07:56:31+08:00,btc-updown-5m-1784073300,https://polymarket.com/zh/event/btc-updown-5m-1784073300,07:55-08:00,13.00,88.00,12.00,87.00,936.40,1051.00,1013.21,911.40,12.50,87.50,1.00,1.00,19862.77,29677.22,29803.23,19837.77,12,87,87,12,64975.77,64937.71,,
2026-07-15T07:56:33+08:00,btc-updown-5m-1784073300,https://polymarket.com/zh/event/btc-updown-5m-1784073300,07:55-08:00,14.00,87.00,13.00,86.00,111.29,1145.92,1152.02,111.29,13.50,86.50,1.00,1.00,19912.13,29787.22,29762.22,19912.13,13,86,86,13,64975.77,64937.29,,
2026-07-15T07:56:35+08:00,btc-updown-5m-1784073300,https://polymarket.com/zh/event/btc-updown-5m-1784073300,07:55-08:00,15.00,86.00,14.00,85.00,336.07,762.41,805.21,324.41,14.50,85.50,1.00,1.00,19951.13,30052.22,30052.23,19951.13,14,85,85,14,64975.77,64937.71,,
2026-07-15T07:56:37+08:00,btc-updown-5m-1784073300,https://polymarket.com/zh/event/btc-updown-5m-1784073300,07:55-08:00,15.00,86.00,14.00,85.00,241.09,611.98,611.98,241.09,14.50,85.50,1.00,1.00,19961.13,30350.03,30355.03,19977.13,14,85,85,14,64975.77,64937.71,,
2026-07-15T07:56:39+08:00,btc-updown-5m-1784073300,https://polymarket.com/zh/event/btc-updown-5m-1784073300,07:55-08:00,15.00,86.00,14.00,85.00,190.76,633.45,583.45,249.09,14.50,85.50,1.00,1.00,20002.13,30345.03,30450.03,20002.13,14,85,85,14,64975.77,64937.71,,
2026-07-15T07:56:41+08:00,btc-updown-5m-1784073300,https://polymarket.com/zh/event/btc-updown-5m-1784073300,07:55-08:00,15.00,86.00,14.00,85.00,249.09,525.22,525.22,249.09,14.50,85.50,1.00,1.00,19902.13,30523.58,30433.58,19877.13,14,85,85,14,64975.77,64937.71,,
2026-07-15T07:56:43+08:00,btc-updown-5m-1784073300,https://polymarket.com/zh/event/btc-updown-5m-1784073300,07:55-08:00,18.00,83.00,17.00,82.00,165.14,825.08,843.93,165.14,17.50,82.50,1.00,1.00,19982.13,30523.58,30433.58,19982.13,17,82,82,17,64975.77,64937.72,,
2026-07-15T07:56:45+08:00,btc-updown-5m-1784073300,https://polymarket.com/zh/event/btc-updown-5m-1784073300,07:55-08:00,24.00,77.00,23.00,76.00,513.32,1062.06,951.28,416.01,23.50,76.50,1.00,1.00,19882.13,30577.58,30586.58,19882.13,23,76,76,23,64975.77,64947.13,,
2026-07-15T07:56:47+08:00,btc-updown-5m-1784073300,https://polymarket.com/zh/event/btc-updown-5m-1784073300,07:55-08:00,24.00,77.00,23.00,76.00,65.00,1245.25,1358.55,90.00,23.50,76.50,1.00,1.00,19387.13,30496.58,30587.58,19361.13,23,76,76,23,64975.77,64947.12,,
2026-07-15T07:56:49+08:00,btc-updown-5m-1784073300,https://polymarket.com/zh/event/btc-updown-5m-1784073300,07:55-08:00,32.00,69.00,31.00,68.00,8.00,2122.78,2239.13,9.68,31.50,68.50,1.00,1.00,25540.13,30572.58,30461.58,25990.13,31,68,68,31,64975.77,64955.79,,
2026-07-15T07:56:50+08:00,btc-updown-5m-1784073300,https://polymarket.com/zh/event/btc-updown-5m-1784073300,07:55-08:00,33.00,68.00,32.00,67.00,117.84,1289.25,1289.25,117.84,32.50,67.50,1.00,1.00,26338.13,30467.58,30557.58,26323.13,32,67,67,32,64975.77,64955.78,,
2026-07-15T07:56:52+08:00,btc-updown-5m-1784073300,https://polymarket.com/zh/event/btc-updown-5m-1784073300,07:55-08:00,34.00,67.00,33.00,66.00,903.96,129.68,129.68,903.96,33.50,66.50,1.00,1.00,26378.13,30531.58,30616.58,26373.13,33,66,66,33,64975.77,64955.78,,
2026-07-15T07:56:54+08:00,btc-updown-5m-1784073300,https://polymarket.com/zh/event/btc-updown-5m-1784073300,07:55-08:00,34.00,67.00,33.00,66.00,936.50,35.00,43.87,936.50,33.50,66.50,1.00,1.00,26373.13,30616.58,30536.58,26383.13,33,66,66,33,64975.77,64955.79,,
2026-07-15T07:56:56+08:00,btc-updown-5m-1784073300,https://polymarket.com/zh/event/btc-updown-5m-1784073300,07:55-08:00,33.00,68.00,32.00,67.00,601.30,170.95,160.95,586.78,32.50,67.50,1.00,1.00,26173.13,30421.58,30437.58,26183.13,32,67,67,32,64975.77,64960.33,,
2026-07-15T07:56:58+08:00,btc-updown-5m-1784073300,https://polymarket.com/zh/event/btc-updown-5m-1784073300,07:55-08:00,33.00,68.00,32.00,67.00,515.11,64.91,69.91,500.11,32.50,67.50,1.00,1.00,26038.13,30326.58,30421.58,26033.13,32,67,67,32,64975.77,64959.05,,
2026-07-15T07:57:00+08:00,btc-updown-5m-1784073300,https://polymarket.com/zh/event/btc-updown-5m-1784073300,07:55-08:00,32.00,69.00,31.00,68.00,122.31,1162.53,978.90,55.00,31.50,68.50,1.00,1.00,28448.13,30432.59,30316.58,28438.13,31,68,68,31,64975.77,64959.06,,
2026-07-15T07:57:02+08:00,btc-updown-5m-1784073300,https://polymarket.com/zh/event/btc-updown-5m-1784073300,07:55-08:00,39.00,62.00,38.00,61.00,53.00,1099.34,1022.34,35.00,38.50,61.50,1.00,1.00,28753.13,30317.58,30412.58,28733.13,38,61,61,38,64975.77,64960.33,,
2026-07-15T07:57:04+08:00,btc-updown-5m-1784073300,https://polymarket.com/zh/event/btc-updown-5m-1784073300,07:55-08:00,37.00,64.00,36.00,63.00,644.32,221.05,221.05,649.32,36.50,63.50,1.00,1.00,28403.13,30271.58,30361.58,28373.13,36,63,63,36,64975.77,64964.65,,
2026-07-15T07:57:06+08:00,btc-updown-5m-1784073300,https://polymarket.com/zh/event/btc-updown-5m-1784073300,07:55-08:00,35.00,66.00,34.00,65.00,565.21,63.00,63.00,565.21,34.50,65.50,1.00,1.00,28383.13,30267.58,29666.58,27798.13,34,65,65,34,64975.77,64958.01,,
2026-07-15T07:57:08+08:00,btc-updown-5m-1784073300,https://polymarket.com/zh/event/btc-updown-5m-1784073300,07:55-08:00,35.00,66.00,34.00,65.00,567.06,475.92,65.00,137.15,34.50,65.50,1.00,1.00,27783.13,29468.59,29462.58,27783.13,34,65,65,34,64975.77,64962.48,,
2026-07-15T07:57:09+08:00,btc-updown-5m-1784073300,https://polymarket.com/zh/event/btc-updown-5m-1784073300,07:55-08:00,40.00,61.00,39.00,60.00,145.25,1057.66,1057.66,155.25,39.50,60.50,1.00,1.00,28184.13,29477.58,29397.58,28199.13,39,60,60,39,64975.77,64964.64,,
2026-07-15T07:57:11+08:00,btc-updown-5m-1784073300,https://polymarket.com/zh/event/btc-updown-5m-1784073300,07:55-08:00,45.00,56.00,44.00,55.00,113.05,117.43,117.43,113.05,44.50,55.50,1.00,1.00,28209.13,29413.59,29418.60,28209.13,44,55,55,44,64975.77,64966.71,,
2026-07-15T07:57:13+08:00,btc-updown-5m-1784073300,https://polymarket.com/zh/event/btc-updown-5m-1784073300,07:55-08:00,45.00,56.00,44.00,55.00,887.92,147.00,147.00,887.92,44.50,55.50,1.00,1.00,28098.13,29337.58,29242.58,28093.13,44,55,55,44,64975.77,64966.71,,
2026-07-15T07:57:15+08:00,btc-updown-5m-1784073300,https://polymarket.com/zh/event/btc-updown-5m-1784073300,07:55-08:00,47.00,53.00,46.00,52.00,63.38,523.00,1047.70,760.34,46.50,52.50,1.00,1.00,26144.13,31157.58,31263.58,26144.13,46,53,52,47,64975.77,64970.51,,
2026-07-15T07:57:17+08:00,btc-updown-5m-1784073300,https://polymarket.com/zh/event/btc-updown-5m-1784073300,07:55-08:00,48.00,53.00,47.00,52.00,982.13,95.00,95.00,1003.13,47.50,52.50,1.00,1.00,26129.13,31268.59,31157.58,26134.13,47,52,52,47,64975.77,64968.70,,
2026-07-15T07:57:19+08:00,btc-updown-5m-1784073300,https://polymarket.com/zh/event/btc-updown-5m-1784073300,07:55-08:00,45.00,56.00,44.00,55.00,83.32,755.05,755.05,83.32,44.50,55.50,1.00,1.00,26958.13,31981.58,32087.59,26943.13,44,55,55,44,64975.77,64969.67,,
2026-07-15T07:57:21+08:00,btc-updown-5m-1784073300,https://polymarket.com/zh/event/btc-updown-5m-1784073300,07:55-08:00,45.00,56.00,44.00,55.00,136.32,866.22,789.58,136.32,44.50,55.50,1.00,1.00,27003.13,32106.58,32121.58,26998.13,44,55,55,44,64975.77,64969.67,,
2026-07-15T07:57:23+08:00,btc-updown-5m-1784073300,https://polymarket.com/zh/event/btc-updown-5m-1784073300,07:55-08:00,45.00,56.00,44.00,55.00,134.09,898.36,898.36,152.09,44.50,55.50,1.00,1.00,27003.13,32081.58,32071.58,26998.13,44,55,55,44,64975.77,64969.68,,
2026-07-15T07:57:25+08:00,btc-updown-5m-1784073300,https://polymarket.com/zh/event/btc-updown-5m-1784073300,07:55-08:00,44.00,57.00,43.00,56.00,156.23,1045.89,669.42,67.50,43.50,56.50,1.00,1.00,27013.13,31976.58,32082.59,27008.13,43,56,56,43,64975.77,64970.50,,
2026-07-15T07:57:27+08:00,btc-updown-5m-1784073300,https://polymarket.com/zh/event/btc-updown-5m-1784073300,07:55-08:00,42.00,60.00,41.00,58.00,623.71,296.00,25.00,617.10,41.50,59.00,1.00,2.00,26988.13,32061.58,32072.58,26998.13,41,58,58,40,64975.77,64970.50,,
2026-07-15T07:57:28+08:00,btc-updown-5m-1784073300,https://polymarket.com/zh/event/btc-updown-5m-1784073300,07:55-08:00,32.00,69.00,31.00,68.00,397.33,333.96,142.81,368.74,31.50,68.50,1.00,1.00,27018.13,32059.59,31970.59,28993.13,31,68,68,31,64975.77,64964.75,,
2026-07-15T07:57:30+08:00,btc-updown-5m-1784073300,https://polymarket.com/zh/event/btc-updown-5m-1784073300,07:55-08:00,33.00,68.00,32.00,67.00,187.42,142.70,428.56,919.78,32.50,67.50,1.00,1.00,28998.13,30039.58,29949.58,28968.13,32,67,67,32,64975.77,64964.75,,
2026-07-15T07:57:32+08:00,btc-updown-5m-1784073300,https://polymarket.com/zh/event/btc-updown-5m-1784073300,07:55-08:00,33.00,68.00,32.00,67.00,979.44,97.00,97.00,979.44,32.50,67.50,1.00,1.00,28667.13,29745.59,29829.58,28672.13,32,67,67,32,64975.77,64963.04,,
2026-07-15T07:57:34+08:00,btc-updown-5m-1784073300,https://polymarket.com/zh/event/btc-updown-5m-1784073300,07:55-08:00,33.00,68.00,32.00,67.00,74.54,500.73,502.21,74.54,32.50,67.50,1.00,1.00,28687.13,29849.58,29740.59,28682.13,32,67,67,32,64975.77,64963.04,,
2026-07-15T07:57:36+08:00,btc-updown-5m-1784073300,https://polymarket.com/zh/event/btc-updown-5m-1784073300,07:55-08:00,19.00,82.00,18.00,81.00,297.92,472.10,118.56,304.89,18.50,81.50,1.00,1.00,28877.13,29695.58,29711.58,28902.13,18,81,81,18,64975.77,64955.68,,
2026-07-15T07:57:38+08:00,btc-updown-5m-1784073300,https://polymarket.com/zh/event/btc-updown-5m-1784073300,07:55-08:00,20.00,81.00,19.00,80.00,247.34,851.31,707.83,187.28,19.50,80.50,1.00,1.00,30053.13,29695.58,29605.58,29798.13,19,80,80,19,64975.77,64952.43,,
2026-07-15T07:57:40+08:00,btc-updown-5m-1784073300,https://polymarket.com/zh/event/btc-updown-5m-1784073300,07:55-08:00,20.00,81.00,19.00,80.00,586.15,30.87,36.87,597.15,19.50,80.50,1.00,1.00,30137.13,29695.58,29600.58,30102.13,19,80,80,19,64975.77,64952.44,,
2026-07-15T07:57:42+08:00,btc-updown-5m-1784073300,https://polymarket.com/zh/event/btc-updown-5m-1784073300,07:55-08:00,19.00,82.00,18.00,81.00,798.84,122.46,122.46,798.84,18.50,81.50,1.00,1.00,30291.13,29616.59,29695.58,30291.13,18,81,81,18,64975.77,64948.76,,
2026-07-15T07:57:44+08:00,btc-updown-5m-1784073300,https://polymarket.com/zh/event/btc-updown-5m-1784073300,07:55-08:00,17.00,84.00,16.00,83.00,652.17,601.81,521.78,266.26,16.50,83.50,1.00,1.00,27236.13,29810.58,29710.58,27216.13,16,83,83,16,64975.77,64945.50,,
2026-07-15T07:57:45+08:00,btc-updown-5m-1784073300,https://polymarket.com/zh/event/btc-updown-5m-1784073300,07:55-08:00,16.00,85.00,15.00,84.00,805.38,83.00,99.98,874.38,15.50,84.50,1.00,1.00,27558.35,29811.58,29720.58,27553.35,15,84,84,15,64975.77,64945.51,,
2026-07-15T07:57:47+08:00,btc-updown-5m-1784073300,https://polymarket.com/zh/event/btc-updown-5m-1784073300,07:55-08:00,16.00,85.00,15.00,84.00,154.00,471.85,510.78,217.67,15.50,84.50,1.00,1.00,27262.13,29726.59,29710.58,27252.13,15,84,84,15,64975.77,64945.51,,
2026-07-15T07:57:49+08:00,btc-updown-5m-1784073300,https://polymarket.com/zh/event/btc-updown-5m-1784073300,07:55-08:00,12.00,89.00,11.00,88.00,565.73,452.50,453.95,565.73,11.50,88.50,1.00,1.00,22282.26,29767.58,29678.59,22436.31,11,88,88,11,64975.77,64942.26,,
2026-07-15T07:57:51+08:00,btc-updown-5m-1784073300,https://polymarket.com/zh/event/btc-updown-5m-1784073300,07:55-08:00,11.00,90.00,10.00,89.00,350.50,330.19,331.19,355.50,10.50,89.50,1.00,1.00,21443.54,29662.58,29772.58,21859.54,10,89,89,10,64975.77,64935.02,,
2026-07-15T07:57:53+08:00,btc-updown-5m-1784073300,https://polymarket.com/zh/event/btc-updown-5m-1784073300,07:55-08:00,11.00,90.00,10.00,89.00,376.02,385.71,385.71,436.02,10.50,89.50,1.00,1.00,22210.25,29768.58,29672.58,22214.25,10,89,89,10,64975.77,64935.02,,
2026-07-15T07:57:55+08:00,btc-updown-5m-1784073300,https://polymarket.com/zh/event/btc-updown-5m-1784073300,07:55-08:00,11.00,90.00,10.00,89.00,202.15,418.94,500.06,238.98,10.50,89.50,1.00,1.00,22378.76,29820.58,29716.58,22378.76,10,89,89,10,64975.77,64935.01,,
2026-07-15T07:57:57+08:00,btc-updown-5m-1784073300,https://polymarket.com/zh/event/btc-updown-5m-1784073300,07:55-08:00,12.00,89.00,10.00,84.00,37.00,886.97,860.72,5.00,11.00,86.50,2.00,5.00,20719.53,29985.59,29861.58,20861.53,10,88,84,11,64975.77,64935.01,,
2026-07-15T07:57:59+08:00,btc-updown-5m-1784073300,https://polymarket.com/zh/event/btc-updown-5m-1784073300,07:55-08:00,17.00,84.00,16.00,83.00,440.59,428.85,1228.85,460.59,16.50,83.50,1.00,1.00,21849.53,29855.58,29956.58,21844.53,16,83,83,16,64975.77,64943.20,,
2026-07-15T07:58:01+08:00,btc-updown-5m-1784073300,https://polymarket.com/zh/event/btc-updown-5m-1784073300,07:55-08:00,18.00,83.00,17.00,82.00,147.00,914.80,919.80,214.86,17.50,82.50,1.00,1.00,21874.53,28257.24,27847.24,21544.53,17,82,82,17,64975.77,64943.21,,
2026-07-15T07:58:02+08:00,btc-updown-5m-1784073300,https://polymarket.com/zh/event/btc-updown-5m-1784073300,07:55-08:00,17.00,84.00,16.00,83.00,363.52,316.17,316.17,363.52,16.50,83.50,1.00,1.00,21274.53,27938.24,27842.24,21254.53,16,83,83,16,64975.77,64943.20,,
2026-07-15T07:58:04+08:00,btc-updown-5m-1784073300,https://polymarket.com/zh/event/btc-updown-5m-1784073300,07:55-08:00,17.00,84.00,16.00,83.00,426.29,70.12,71.32,441.29,16.50,83.50,1.00,1.00,21149.53,27808.25,27687.24,21149.53,16,83,83,16,64975.77,64945.50,,
2026-07-15T07:58:06+08:00,btc-updown-5m-1784073300,https://polymarket.com/zh/event/btc-updown-5m-1784073300,07:55-08:00,15.00,86.00,14.00,85.00,666.69,135.66,135.66,675.69,14.50,85.50,1.00,1.00,21233.68,27677.24,27798.25,21228.68,14,85,85,14,64975.77,64945.50,,
2026-07-15T07:58:08+08:00,btc-updown-5m-1784073300,https://polymarket.com/zh/event/btc-updown-5m-1784073300,07:55-08:00,13.00,88.00,12.00,87.00,29.00,700.85,670.85,29.00,12.50,87.50,1.00,1.00,21260.83,27693.25,27788.24,21200.83,12,87,87,12,64975.77,64945.50,,
2026-07-15T07:58:10+08:00,btc-updown-5m-1784073300,https://polymarket.com/zh/event/btc-updown-5m-1784073300,07:55-08:00,13.00,88.00,12.00,87.00,124.61,914.34,914.34,124.61,12.50,87.50,1.00,1.00,21205.83,27787.24,27887.24,21210.83,12,87,87,12,64975.77,64945.50,,
2026-07-15T07:58:12+08:00,btc-updown-5m-1784073300,https://polymarket.com/zh/event/btc-updown-5m-1784073300,07:55-08:00,12.00,89.00,11.00,88.00,406.82,51.00,21.00,572.92,11.50,88.50,1.00,1.00,20775.37,27707.24,27772.24,20770.27,11,88,88,11,64975.77,64945.50,,
2026-07-15T07:58:14+08:00,btc-updown-5m-1784073300,https://polymarket.com/zh/event/btc-updown-5m-1784073300,07:55-08:00,11.00,90.00,10.00,89.00,435.06,401.35,451.33,435.06,10.50,89.50,1.00,1.00,21390.27,27683.24,27702.24,21152.53,10,89,89,10,64975.77,64946.72,,
2026-07-15T07:58:16+08:00,btc-updown-5m-1784073300,https://polymarket.com/zh/event/btc-updown-5m-1784073300,07:55-08:00,11.00,90.00,10.00,89.00,53.73,628.01,615.67,53.73,10.50,89.50,1.00,1.00,20867.53,27487.24,27387.24,20847.53,10,89,89,10,64975.77,64946.73,,
2026-07-15T07:58:18+08:00,btc-updown-5m-1784073300,https://polymarket.com/zh/event/btc-updown-5m-1784073300,07:55-08:00,11.00,90.00,10.00,89.00,85.63,305.76,545.70,141.84,10.50,89.50,1.00,1.00,20875.53,27383.24,27462.24,20920.53,10,89,89,10,64975.77,64946.72,,
2026-07-15T07:58:20+08:00,btc-updown-5m-1784073300,https://polymarket.com/zh/event/btc-updown-5m-1784073300,07:55-08:00,18.00,83.00,17.00,82.00,15.05,826.90,835.29,15.05,17.50,82.50,1.00,1.00,25958.53,27347.24,27017.24,25553.53,17,82,82,17,64975.77,64949.18,,
2026-07-15T07:58:22+08:00,btc-updown-5m-1784073300,https://polymarket.com/zh/event/btc-updown-5m-1784073300,07:55-08:00,19.00,82.00,18.00,81.00,229.78,732.17,732.17,249.78,18.50,81.50,1.00,1.00,26143.53,27043.25,26928.24,26143.53,18,81,81,18,64975.77,64949.18,,
2026-07-15T07:58:23+08:00,btc-updown-5m-1784073300,https://polymarket.com/zh/event/btc-updown-5m-1784073300,07:55-08:00,19.00,82.00,18.00,81.00,129.39,750.09,750.09,129.39,18.50,81.50,1.00,1.00,25958.53,26913.24,27022.24,25943.53,18,81,81,18,64975.77,64949.18,,
2026-07-15T07:58:25+08:00,btc-updown-5m-1784073300,https://polymarket.com/zh/event/btc-updown-5m-1784073300,07:55-08:00,19.00,82.00,18.00,81.00,532.26,91.86,111.22,644.26,18.50,81.50,1.00,1.00,25708.53,26918.25,27022.24,25733.53,18,81,81,18,64975.77,64949.18,,
2026-07-15T07:58:27+08:00,btc-updown-5m-1784073300,https://polymarket.com/zh/event/btc-updown-5m-1784073300,07:55-08:00,19.00,82.00,18.00,81.00,843.33,86.86,65.86,524.13,18.50,81.50,1.00,1.00,25343.53,26943.24,27022.24,24708.53,18,81,81,18,64975.77,64949.18,,
2026-07-15T07:58:29+08:00,btc-updown-5m-1784073300,https://polymarket.com/zh/event/btc-updown-5m-1784073300,07:55-08:00,18.00,83.00,17.00,82.00,79.33,566.38,566.38,84.33,17.50,82.50,1.00,1.00,25093.53,27033.25,26942.24,25093.53,17,82,82,17,64975.77,64949.18,,
2026-07-15T07:58:31+08:00,btc-updown-5m-1784073300,https://polymarket.com/zh/event/btc-updown-5m-1784073300,07:55-08:00,18.00,83.00,17.00,82.00,287.23,666.56,269.30,84.77,17.50,82.50,1.00,1.00,25424.53,26384.24,26368.24,25409.53,17,82,82,17,64975.77,64949.18,,
2026-07-15T07:58:33+08:00,btc-updown-5m-1784073300,https://polymarket.com/zh/event/btc-updown-5m-1784073300,07:55-08:00,18.00,83.00,17.00,82.00,226.33,182.18,225.51,199.40,17.50,82.50,1.00,1.00,25199.53,26468.24,26358.24,25424.53,17,82,82,17,64975.77,64949.18,,
2026-07-15T07:58:35+08:00,btc-updown-5m-1784073300,https://polymarket.com/zh/event/btc-updown-5m-1784073300,07:55-08:00,17.00,84.00,16.00,83.00,52.99,696.90,696.90,52.99,16.50,83.50,1.00,1.00,25074.53,26483.24,26368.24,25059.53,16,83,83,16,64975.77,64949.18,,
