ts_iso,slug,market_url,window_text,buy_up_cents,buy_down_cents,sell_up_cents,sell_down_cents,buy_up_size,buy_down_size,sell_up_size,sell_down_size,mid_up_cents,mid_down_cents,spread_up_cents,spread_down_cents,bid_depth_up_5,ask_depth_up_5,bid_depth_down_5,ask_depth_down_5,level_count_bid_up,level_count_ask_up,level_count_bid_down,level_count_ask_down,target_price,final_price,trade_count_1s,trade_volume_1s
2026-08-05T17:51:28+08:00,btc-updown-5m-1785923400,https://polymarket.com/zh/event/btc-updown-5m-1785923400,17:50-17:55,73.00,28.00,72.00,27.00,123.24,564.09,521.08,118.24,72.50,27.50,1.00,1.00,19275.74,19428.57,19493.57,19560.73,72,27,27,72,,64126.02,,
2026-08-05T17:51:30+08:00,btc-updown-5m-1785923400,https://polymarket.com/zh/event/btc-updown-5m-1785923400,17:50-17:55,75.00,26.00,74.00,25.00,16.00,488.55,452.07,16.00,74.50,25.50,1.00,1.00,19195.74,19603.57,19603.57,19770.73,74,25,25,74,,64126.02,,
2026-08-05T17:51:32+08:00,btc-updown-5m-1785923400,https://polymarket.com/zh/event/btc-updown-5m-1785923400,17:50-17:55,76.00,25.00,75.00,24.00,511.21,70.70,45.70,451.21,75.50,24.50,1.00,1.00,18407.73,18723.21,18733.21,18812.73,75,24,24,75,,64126.02,,
2026-08-05T17:51:34+08:00,btc-updown-5m-1785923400,https://polymarket.com/zh/event/btc-updown-5m-1785923400,17:50-17:55,75.00,26.00,74.00,25.00,928.21,10.00,15.00,921.71,74.50,25.50,1.00,1.00,19287.73,18740.57,18730.57,18407.73,74,25,25,74,,64126.02,,
2026-08-05T17:51:36+08:00,btc-updown-5m-1785923400,https://polymarket.com/zh/event/btc-updown-5m-1785923400,17:50-17:55,74.00,27.00,73.00,26.00,455.44,192.39,203.51,571.43,73.50,26.50,1.00,1.00,19402.73,18710.57,18700.57,18822.73,73,26,26,73,,64126.02,,
2026-08-05T17:51:38+08:00,btc-updown-5m-1785923400,https://polymarket.com/zh/event/btc-updown-5m-1785923400,17:50-17:55,74.00,27.00,73.00,26.00,429.53,154.00,154.00,438.46,73.50,26.50,1.00,1.00,18892.73,18630.57,18680.57,18402.74,73,26,26,73,,64126.02,,
2026-08-05T17:51:40+08:00,btc-updown-5m-1785923400,https://polymarket.com/zh/event/btc-updown-5m-1785923400,17:50-17:55,74.00,27.00,73.00,26.00,394.69,280.86,280.86,404.72,73.50,26.50,1.00,1.00,19381.73,17103.91,17897.24,18881.73,73,26,26,73,,64126.02,,
2026-08-05T17:51:42+08:00,btc-updown-5m-1785923400,https://polymarket.com/zh/event/btc-updown-5m-1785923400,17:50-17:55,74.00,27.00,73.00,26.00,169.54,296.54,285.32,119.54,73.50,26.50,1.00,1.00,18386.73,18445.57,18455.57,18881.73,73,26,26,73,,64126.02,,
2026-08-05T17:51:44+08:00,btc-updown-5m-1785923400,https://polymarket.com/zh/event/btc-updown-5m-1785923400,17:50-17:55,75.00,26.00,74.00,25.00,1357.34,716.87,730.23,1346.94,74.50,25.50,1.00,1.00,18796.73,18505.57,18740.57,18776.73,74,25,25,74,,64126.02,,
2026-08-05T17:51:46+08:00,btc-updown-5m-1785923400,https://polymarket.com/zh/event/btc-updown-5m-1785923400,17:50-17:55,75.00,26.00,74.00,25.00,1484.70,50.00,65.00,1500.70,74.50,25.50,1.00,1.00,19401.73,18732.06,18742.06,19391.73,74,25,25,74,,64126.02,,
2026-08-05T17:51:48+08:00,btc-updown-5m-1785923400,https://polymarket.com/zh/event/btc-updown-5m-1785923400,17:50-17:55,75.00,26.00,74.00,25.00,1362.86,441.17,380.17,1286.21,74.50,25.50,1.00,1.00,19046.73,18692.06,18692.06,18636.73,74,25,25,74,,64126.02,,
2026-08-05T17:51:50+08:00,btc-updown-5m-1785923400,https://polymarket.com/zh/event/btc-updown-5m-1785923400,17:50-17:55,75.00,26.00,74.00,25.00,1179.41,496.96,526.65,1264.41,74.50,25.50,1.00,1.00,18296.73,18557.06,18567.06,19386.73,74,25,25,74,,64126.02,,
2026-08-05T17:51:52+08:00,btc-updown-5m-1785923400,https://polymarket.com/zh/event/btc-updown-5m-1785923400,17:50-17:55,75.00,26.00,74.00,25.00,1190.88,453.08,488.18,1170.85,74.50,25.50,1.00,1.00,19006.73,18507.06,18517.06,18791.73,74,25,25,74,,64126.02,,
2026-08-05T17:51:54+08:00,btc-updown-5m-1785923400,https://polymarket.com/zh/event/btc-updown-5m-1785923400,17:50-17:55,75.00,26.00,74.00,25.00,1076.92,415.58,435.58,1092.16,74.50,25.50,1.00,1.00,18406.73,18467.06,18467.06,18496.73,74,25,25,74,,64126.02,,
2026-08-05T17:51:56+08:00,btc-updown-5m-1785923400,https://polymarket.com/zh/event/btc-updown-5m-1785923400,17:50-17:55,75.00,26.00,74.00,25.00,1104.60,295.74,300.74,1109.60,74.50,25.50,1.00,1.00,18441.73,18488.73,18478.73,18013.73,74,25,25,74,,64126.02,,
2026-08-05T17:51:58+08:00,btc-updown-5m-1785923400,https://polymarket.com/zh/event/btc-updown-5m-1785923400,17:50-17:55,75.00,26.00,74.00,25.00,1070.29,478.46,415.16,1008.16,74.50,25.50,1.00,1.00,18358.73,18373.73,18358.73,17948.73,74,25,25,74,,64126.02,,
2026-08-05T17:52:00+08:00,btc-updown-5m-1785923400,https://polymarket.com/zh/event/btc-updown-5m-1785923400,17:50-17:55,75.00,26.00,74.00,25.00,1064.01,335.09,300.09,1040.01,74.50,25.50,1.00,1.00,17909.73,18378.73,18383.73,18414.73,74,25,25,74,,64126.02,,
2026-08-05T17:52:02+08:00,btc-updown-5m-1785923400,https://polymarket.com/zh/event/btc-updown-5m-1785923400,17:50-17:55,75.00,26.00,74.00,25.00,1067.19,189.61,196.30,1067.19,74.50,25.50,1.00,1.00,17899.73,17824.06,17809.06,18009.73,74,25,25,74,,64126.03,,
2026-08-05T17:52:04+08:00,btc-updown-5m-1785923400,https://polymarket.com/zh/event/btc-updown-5m-1785923400,17:50-17:55,75.00,26.00,74.00,25.00,1021.36,237.07,191.30,998.82,74.50,25.50,1.00,1.00,17514.73,17829.06,17764.06,17529.73,74,25,25,74,,64126.03,,
2026-08-05T17:52:06+08:00,btc-updown-5m-1785923400,https://polymarket.com/zh/event/btc-updown-5m-1785923400,17:50-17:55,75.00,26.00,74.00,25.00,975.30,206.10,183.60,987.20,74.50,25.50,1.00,1.00,17899.73,17045.73,17824.06,17514.74,74,25,25,74,,64126.03,,
2026-08-05T17:52:08+08:00,btc-updown-5m-1785923400,https://polymarket.com/zh/event/btc-updown-5m-1785923400,17:50-17:55,75.00,26.00,74.00,25.00,955.53,293.97,303.97,966.53,74.50,25.50,1.00,1.00,18414.73,17889.88,17894.88,17514.74,74,25,25,74,,64126.03,,
2026-08-05T17:52:10+08:00,btc-updown-5m-1785923400,https://polymarket.com/zh/event/btc-updown-5m-1785923400,17:50-17:55,75.00,26.00,74.00,25.00,961.53,303.62,303.62,966.53,74.50,25.50,1.00,1.00,17924.74,17849.88,17859.88,17904.73,74,25,25,74,,64126.03,,
2026-08-05T17:52:12+08:00,btc-updown-5m-1785923400,https://polymarket.com/zh/event/btc-updown-5m-1785923400,17:50-17:55,75.00,26.00,74.00,25.00,797.80,294.64,277.76,704.64,74.50,25.50,1.00,1.00,18274.73,17939.88,17954.88,17654.73,74,25,25,74,,64126.02,,
2026-08-05T17:52:14+08:00,btc-updown-5m-1785923400,https://polymarket.com/zh/event/btc-updown-5m-1785923400,17:50-17:55,75.00,26.00,74.00,25.00,650.63,260.81,260.81,660.63,74.50,25.50,1.00,1.00,17909.73,17984.88,17934.88,18004.73,74,25,25,74,,64126.02,,
2026-08-05T17:52:16+08:00,btc-updown-5m-1785923400,https://polymarket.com/zh/event/btc-updown-5m-1785923400,17:50-17:55,75.00,26.00,74.00,25.00,962.56,241.61,236.61,947.81,74.50,25.50,1.00,1.00,17514.73,17959.88,17959.88,18429.73,74,25,25,74,,64126.02,,
2026-08-05T17:52:18+08:00,btc-updown-5m-1785923400,https://polymarket.com/zh/event/btc-updown-5m-1785923400,17:50-17:55,75.00,26.00,74.00,25.00,909.22,267.26,267.26,914.22,74.50,25.50,1.00,1.00,18024.73,17964.88,17959.88,18019.74,74,25,25,74,,64126.02,,
2026-08-05T17:52:19+08:00,btc-updown-5m-1785923400,https://polymarket.com/zh/event/btc-updown-5m-1785923400,17:50-17:55,75.00,26.00,74.00,25.00,893.63,282.87,282.87,893.63,74.50,25.50,1.00,1.00,17399.73,17900.76,17965.76,17509.73,74,25,25,74,,64126.02,,
2026-08-05T17:52:21+08:00,btc-updown-5m-1785923400,https://polymarket.com/zh/event/btc-updown-5m-1785923400,17:50-17:55,75.00,25.00,74.00,24.00,30.00,1242.90,338.93,93.00,74.50,24.50,1.00,1.00,17989.73,17850.76,17965.76,17894.73,74,25,24,75,,64126.02,,
2026-08-05T17:52:23+08:00,btc-updown-5m-1785923400,https://polymarket.com/zh/event/btc-updown-5m-1785923400,17:50-17:55,78.00,23.00,77.00,22.00,55.32,879.89,879.89,68.32,77.50,22.50,1.00,1.00,17639.73,18075.76,18075.76,17744.73,77,22,22,77,,64126.02,,
2026-08-05T17:52:25+08:00,btc-updown-5m-1785923400,https://polymarket.com/zh/event/btc-updown-5m-1785923400,17:50-17:55,78.00,23.00,77.00,22.00,75.75,968.52,963.52,65.75,77.50,22.50,1.00,1.00,18259.73,16819.10,16819.10,18144.74,77,22,22,77,,64126.02,,
2026-08-05T17:52:27+08:00,btc-updown-5m-1785923400,https://polymarket.com/zh/event/btc-updown-5m-1785923400,17:50-17:55,80.00,21.00,79.00,20.00,144.17,292.21,291.98,132.17,79.50,20.50,1.00,1.00,17749.74,16724.10,16734.10,18144.73,79,20,20,79,,64126.02,,
2026-08-05T17:52:29+08:00,btc-updown-5m-1785923400,https://polymarket.com/zh/event/btc-updown-5m-1785923400,17:50-17:55,81.00,20.00,80.00,19.00,138.48,748.00,678.00,143.48,80.50,19.50,1.00,1.00,18249.73,17207.74,17217.74,17639.73,80,19,19,80,,64126.02,,
2026-08-05T17:52:31+08:00,btc-updown-5m-1785923400,https://polymarket.com/zh/event/btc-updown-5m-1785923400,17:50-17:55,81.00,19.00,80.00,18.00,57.62,692.05,553.10,50.82,80.50,18.50,1.00,1.00,18344.73,17882.74,17892.74,17759.73,80,19,18,81,,64126.03,,
2026-08-05T17:52:33+08:00,btc-updown-5m-1785923400,https://polymarket.com/zh/event/btc-updown-5m-1785923400,17:50-17:55,82.00,19.00,81.00,18.00,87.90,434.12,472.86,81.80,81.50,18.50,1.00,1.00,18844.73,17797.74,17807.74,17844.73,81,18,18,81,,64126.02,,
2026-08-05T17:52:35+08:00,btc-updown-5m-1785923400,https://polymarket.com/zh/event/btc-updown-5m-1785923400,17:50-17:55,82.00,25.00,81.00,22.00,293.59,226.05,206.08,70.47,81.50,23.50,1.00,3.00,18174.73,17766.94,17727.74,18194.73,81,18,22,75,,64126.03,,
2026-08-05T17:52:37+08:00,btc-updown-5m-1785923400,https://polymarket.com/zh/event/btc-updown-5m-1785923400,17:50-17:55,76.00,25.00,75.00,24.00,528.77,278.38,259.38,528.77,75.50,24.50,1.00,1.00,17499.73,17712.74,17712.74,17494.74,75,24,24,75,,64121.64,,
2026-08-05T17:52:39+08:00,btc-updown-5m-1785923400,https://polymarket.com/zh/event/btc-updown-5m-1785923400,17:50-17:55,76.00,25.00,75.00,24.00,47.25,397.84,397.84,47.25,75.50,24.50,1.00,1.00,17394.74,17691.10,17691.10,17994.73,75,24,24,75,,64120.62,,
2026-08-05T17:52:41+08:00,btc-updown-5m-1785923400,https://polymarket.com/zh/event/btc-updown-5m-1785923400,17:50-17:55,76.00,25.00,75.00,24.00,61.93,530.82,535.82,59.93,75.50,24.50,1.00,1.00,17514.73,17691.10,17686.10,16619.73,75,24,24,75,,64120.63,,
2026-08-05T17:52:43+08:00,btc-updown-5m-1785923400,https://polymarket.com/zh/event/btc-updown-5m-1785923400,17:50-17:55,76.00,25.00,75.00,24.00,3.61,526.82,526.82,18.61,75.50,24.50,1.00,1.00,17114.73,17516.10,17511.10,16624.73,75,24,24,75,,64120.63,,
2026-08-05T17:52:45+08:00,btc-updown-5m-1785923400,https://polymarket.com/zh/event/btc-updown-5m-1785923400,17:50-17:55,77.00,24.00,76.00,23.00,11.00,669.71,654.71,5.00,76.50,23.50,1.00,1.00,17004.73,16807.77,16807.77,16504.73,76,23,23,76,,64120.63,,
2026-08-05T17:52:47+08:00,btc-updown-5m-1785923400,https://polymarket.com/zh/event/btc-updown-5m-1785923400,17:50-17:55,77.00,24.00,76.00,23.00,85.78,771.99,696.99,109.62,76.50,23.50,1.00,1.00,16859.73,16992.77,16992.77,17364.73,76,23,23,76,,64120.63,,
2026-08-05T17:52:49+08:00,btc-updown-5m-1785923400,https://polymarket.com/zh/event/btc-updown-5m-1785923400,17:50-17:55,77.00,24.00,76.00,23.00,25.14,781.99,781.99,25.14,76.50,23.50,1.00,1.00,16764.74,16992.77,16987.77,17874.73,76,23,23,76,,64120.63,,
2026-08-05T17:52:51+08:00,btc-updown-5m-1785923400,https://polymarket.com/zh/event/btc-updown-5m-1785923400,17:50-17:55,78.00,23.00,77.00,22.00,28.85,832.24,822.24,23.85,77.50,22.50,1.00,1.00,16769.73,16922.77,16922.77,17759.73,77,22,22,77,,64120.63,,
2026-08-05T17:52:53+08:00,btc-updown-5m-1785923400,https://polymarket.com/zh/event/btc-updown-5m-1785923400,17:50-17:55,79.00,22.00,78.00,21.00,197.32,612.84,612.84,202.32,78.50,21.50,1.00,1.00,17874.73,16637.77,16662.77,17354.73,78,21,21,78,,64120.63,,
2026-08-05T17:52:55+08:00,btc-updown-5m-1785923400,https://polymarket.com/zh/event/btc-updown-5m-1785923400,17:50-17:55,76.00,35.00,72.00,28.00,60.00,19.96,97.21,42.83,74.00,31.50,4.00,7.00,16634.74,16743.10,16818.10,17661.40,67,24,28,60,,64120.63,,
2026-08-05T17:52:57+08:00,btc-updown-5m-1785923400,https://polymarket.com/zh/event/btc-updown-5m-1785923400,17:50-17:55,39.00,63.00,38.00,62.00,714.95,95.95,7.92,383.61,38.50,62.50,1.00,1.00,15585.73,18309.10,18204.10,16304.06,38,61,62,37,,64114.40,,
2026-08-05T17:52:59+08:00,btc-updown-5m-1785923400,https://polymarket.com/zh/event/btc-updown-5m-1785923400,17:50-17:55,32.00,69.00,31.00,68.00,224.82,5.00,70.78,595.14,31.50,68.50,1.00,1.00,16480.72,17524.10,17503.10,16539.06,31,68,68,31,,64114.40,,
2026-08-05T17:53:01+08:00,btc-updown-5m-1785923400,https://polymarket.com/zh/event/btc-updown-5m-1785923400,17:50-17:55,30.00,71.00,29.00,70.00,15.00,196.84,236.84,10.00,29.50,70.50,1.00,1.00,17123.72,18389.10,18508.11,17123.72,29,70,70,29,,64106.08,,
2026-08-05T17:53:03+08:00,btc-updown-5m-1785923400,https://polymarket.com/zh/event/btc-updown-5m-1785923400,17:50-17:55,34.00,67.00,33.00,66.00,45.00,618.43,631.29,45.00,33.50,66.50,1.00,1.00,17487.05,18855.77,18755.78,17472.05,33,66,66,33,,64106.08,,
2026-08-05T17:53:05+08:00,btc-updown-5m-1785923400,https://polymarket.com/zh/event/btc-updown-5m-1785923400,17:50-17:55,34.00,67.00,33.00,66.00,933.26,24.02,29.16,942.04,33.50,66.50,1.00,1.00,17442.05,17699.77,17713.78,17462.05,33,66,66,33,,64105.84,,
2026-08-05T17:53:07+08:00,btc-updown-5m-1785923400,https://polymarket.com/zh/event/btc-updown-5m-1785923400,17:50-17:55,33.00,68.00,32.00,67.00,807.60,81.00,11.00,804.73,32.50,67.50,1.00,1.00,17452.05,17714.77,17699.77,17442.05,32,67,67,32,,64105.84,,
2026-08-05T17:53:09+08:00,btc-updown-5m-1785923400,https://polymarket.com/zh/event/btc-updown-5m-1785923400,17:50-17:55,32.00,69.00,31.00,68.00,619.94,67.67,113.82,614.94,31.50,68.50,1.00,1.00,17502.05,17580.77,17669.78,17497.05,31,68,68,31,,64104.84,,
2026-08-05T17:53:11+08:00,btc-updown-5m-1785923400,https://polymarket.com/zh/event/btc-updown-5m-1785923400,17:50-17:55,31.00,70.00,30.00,69.00,220.14,195.63,187.06,257.59,30.50,69.50,1.00,1.00,17262.05,17568.78,17570.77,17482.05,30,69,69,30,,64104.84,,
2026-08-05T17:53:13+08:00,btc-updown-5m-1785923400,https://polymarket.com/zh/event/btc-updown-5m-1785923400,17:50-17:55,31.00,70.00,30.00,69.00,8.54,353.84,353.84,8.54,30.50,69.50,1.00,1.00,17482.05,17618.77,17719.77,17492.05,30,69,69,30,,64104.84,,
2026-08-05T17:53:15+08:00,btc-updown-5m-1785923400,https://polymarket.com/zh/event/btc-updown-5m-1785923400,17:50-17:55,31.00,70.00,30.00,69.00,183.61,98.24,103.24,252.56,30.50,69.50,1.00,1.00,17267.05,17709.77,17604.77,17252.05,30,69,69,30,,64104.84,,
2026-08-05T17:53:17+08:00,btc-updown-5m-1785923400,https://polymarket.com/zh/event/btc-updown-5m-1785923400,17:50-17:55,31.00,70.00,30.00,69.00,502.63,118.29,118.29,524.12,30.50,69.50,1.00,1.00,17252.05,17724.77,17634.77,17267.05,30,69,69,30,,64104.84,,
2026-08-05T17:53:19+08:00,btc-updown-5m-1785923400,https://polymarket.com/zh/event/btc-updown-5m-1785923400,17:50-17:55,31.00,70.00,30.00,69.00,583.10,17.00,17.00,572.39,30.50,69.50,1.00,1.00,17212.05,17593.77,17714.77,17222.05,30,69,69,30,,64104.84,,
2026-08-05T17:53:21+08:00,btc-updown-5m-1785923400,https://polymarket.com/zh/event/btc-updown-5m-1785923400,17:50-17:55,30.00,71.00,29.00,70.00,718.11,47.59,49.00,718.11,29.50,70.50,1.00,1.00,17212.05,17568.78,17679.77,17212.05,29,70,70,29,,64104.83,,
2026-08-05T17:53:23+08:00,btc-updown-5m-1785923400,https://polymarket.com/zh/event/btc-updown-5m-1785923400,17:50-17:55,33.00,68.00,32.00,67.00,5.00,368.49,168.74,5.00,32.50,67.50,1.00,1.00,17422.05,17287.77,17379.77,17467.05,32,67,67,32,,64104.83,,
2026-08-05T17:53:25+08:00,btc-updown-5m-1785923400,https://polymarket.com/zh/event/btc-updown-5m-1785923400,17:50-17:55,33.00,68.00,32.00,67.00,206.56,89.16,89.16,261.56,32.50,67.50,1.00,1.00,17437.05,17632.77,17553.78,17402.05,32,67,67,32,,64104.83,,
2026-08-05T17:53:27+08:00,btc-updown-5m-1785923400,https://polymarket.com/zh/event/btc-updown-5m-1785923400,17:50-17:55,32.00,69.00,31.00,68.00,15.00,496.13,496.13,15.00,31.50,68.50,1.00,1.00,17407.05,17718.77,17667.77,17392.05,31,68,68,31,,64103.22,,
2026-08-05T17:53:29+08:00,btc-updown-5m-1785923400,https://polymarket.com/zh/event/btc-updown-5m-1785923400,17:50-17:55,30.00,71.00,29.00,70.00,511.50,75.00,77.00,511.50,29.50,70.50,1.00,1.00,17382.05,17787.78,17667.77,17382.05,29,70,70,29,,64104.82,,
2026-08-05T17:53:31+08:00,btc-updown-5m-1785923400,https://polymarket.com/zh/event/btc-updown-5m-1785923400,17:50-17:55,29.00,72.00,28.00,71.00,844.47,125.00,125.00,828.88,28.50,71.50,1.00,1.00,16693.62,17315.34,17489.34,16638.62,28,71,71,28,,64104.82,,
2026-08-05T17:53:33+08:00,btc-updown-5m-1785923400,https://polymarket.com/zh/event/btc-updown-5m-1785923400,17:50-17:55,29.00,72.00,28.00,71.00,664.30,101.42,101.42,659.30,28.50,71.50,1.00,1.00,16918.62,17384.33,17479.33,16913.62,28,71,71,28,,64104.82,,
2026-08-05T17:53:35+08:00,btc-updown-5m-1785923400,https://polymarket.com/zh/event/btc-updown-5m-1785923400,17:50-17:55,28.00,73.00,27.00,72.00,758.71,52.63,52.63,739.96,27.50,72.50,1.00,1.00,16938.62,17280.33,17374.33,16933.62,27,72,72,27,,64102.52,,
2026-08-05T17:53:37+08:00,btc-updown-5m-1785923400,https://polymarket.com/zh/event/btc-updown-5m-1785923400,17:50-17:55,28.00,73.00,27.00,72.00,550.32,77.47,77.47,550.32,27.50,72.50,1.00,1.00,16938.62,17285.33,17384.33,16933.62,27,72,72,27,,64103.73,,
2026-08-05T17:53:39+08:00,btc-updown-5m-1785923400,https://polymarket.com/zh/event/btc-updown-5m-1785923400,17:50-17:55,27.00,74.00,26.00,73.00,634.75,78.57,78.57,634.75,26.50,73.50,1.00,1.00,16878.62,17280.33,17280.33,16878.62,26,73,73,26,,64103.73,,
2026-08-05T17:53:41+08:00,btc-updown-5m-1785923400,https://polymarket.com/zh/event/btc-updown-5m-1785923400,17:50-17:55,27.00,74.00,26.00,73.00,662.34,3.37,8.37,656.22,26.50,73.50,1.00,1.00,16943.62,17291.33,17295.34,16938.62,26,73,73,26,,64103.73,,
2026-08-05T17:53:43+08:00,btc-updown-5m-1785923400,https://polymarket.com/zh/event/btc-updown-5m-1785923400,17:50-17:55,26.00,75.00,25.00,74.00,472.61,251.59,246.59,472.61,25.50,74.50,1.00,1.00,16948.62,17346.33,17450.34,16898.62,25,74,74,25,,64103.73,,
2026-08-05T17:53:45+08:00,btc-updown-5m-1785923400,https://polymarket.com/zh/event/btc-updown-5m-1785923400,17:50-17:55,29.00,72.00,28.00,71.00,516.22,87.91,82.91,521.22,28.50,71.50,1.00,1.00,16930.98,17201.33,17461.33,16925.98,28,71,71,28,,64103.73,,
2026-08-05T17:53:47+08:00,btc-updown-5m-1785923400,https://polymarket.com/zh/event/btc-updown-5m-1785923400,17:50-17:55,26.00,75.00,25.00,74.00,389.01,30.25,30.25,826.40,25.50,74.50,1.00,1.00,16880.98,17212.33,17101.33,16935.98,25,74,74,25,,64105.40,,
2026-08-05T17:53:49+08:00,btc-updown-5m-1785923400,https://polymarket.com/zh/event/btc-updown-5m-1785923400,17:50-17:55,26.00,75.00,25.00,74.00,1027.00,23.58,23.58,977.00,25.50,74.50,1.00,1.00,16705.98,17430.33,17436.33,16705.98,25,74,74,25,,64105.40,,
2026-08-05T17:53:50+08:00,btc-updown-5m-1785923400,https://polymarket.com/zh/event/btc-updown-5m-1785923400,17:50-17:55,23.00,78.00,22.00,77.00,744.48,106.86,106.86,744.48,22.50,77.50,1.00,1.00,16845.98,17345.33,17341.33,16850.98,22,77,77,22,,64105.41,,
2026-08-05T17:53:52+08:00,btc-updown-5m-1785923400,https://polymarket.com/zh/event/btc-updown-5m-1785923400,17:50-17:55,23.00,78.00,22.00,77.00,388.33,104.57,109.57,314.56,22.50,77.50,1.00,1.00,16865.98,17390.34,17285.33,16870.98,22,77,77,22,,64105.41,,
2026-08-05T17:53:54+08:00,btc-updown-5m-1785923400,https://polymarket.com/zh/event/btc-updown-5m-1785923400,17:50-17:55,23.00,78.00,22.00,77.00,321.58,0.78,0.78,321.58,22.50,77.50,1.00,1.00,16865.98,16521.33,16621.33,16870.98,22,77,77,22,,64105.40,,
2026-08-05T17:53:56+08:00,btc-updown-5m-1785923400,https://polymarket.com/zh/event/btc-updown-5m-1785923400,17:50-17:55,22.00,79.00,21.00,78.00,603.90,17.43,17.43,598.43,21.50,78.50,1.00,1.00,17032.64,16620.33,16601.33,16982.64,21,78,78,21,,64105.41,,
2026-08-05T17:53:58+08:00,btc-updown-5m-1785923400,https://polymarket.com/zh/event/btc-updown-5m-1785923400,17:50-17:55,16.00,85.00,15.00,84.00,533.24,113.00,42.00,483.24,15.50,84.50,1.00,1.00,18553.22,16611.33,16620.34,18548.22,15,83,83,15,,64104.11,,
2026-08-05T17:54:00+08:00,btc-updown-5m-1785923400,https://polymarket.com/zh/event/btc-updown-5m-1785923400,17:50-17:55,17.00,84.00,16.00,83.00,70.28,589.30,591.11,60.25,16.50,83.50,1.00,1.00,18184.22,16621.32,16525.31,18245.22,16,80,81,16,,64102.53,,
2026-08-05T17:54:02+08:00,btc-updown-5m-1785923400,https://polymarket.com/zh/event/btc-updown-5m-1785923400,17:50-17:55,22.00,79.00,21.00,78.00,294.03,181.44,181.44,273.03,21.50,78.50,1.00,1.00,16491.30,16280.32,16380.31,16526.30,21,78,78,21,,64102.52,,
2026-08-05T17:54:04+08:00,btc-updown-5m-1785923400,https://polymarket.com/zh/event/btc-updown-5m-1785923400,17:50-17:55,22.00,79.00,21.00,78.00,166.90,111.26,111.26,161.90,21.50,78.50,1.00,1.00,16261.30,16391.31,16285.31,16251.30,21,78,78,21,,64102.53,,
2026-08-05T17:54:06+08:00,btc-updown-5m-1785923400,https://polymarket.com/zh/event/btc-updown-5m-1785923400,17:50-17:55,20.00,81.00,19.00,80.00,75.00,375.14,354.73,25.00,19.50,80.50,1.00,1.00,15970.30,16525.31,16524.31,15970.30,19,80,80,19,,64102.52,,
2026-08-05T17:54:08+08:00,btc-updown-5m-1785923400,https://polymarket.com/zh/event/btc-updown-5m-1785923400,17:50-17:55,19.00,83.00,18.00,82.00,549.83,136.03,40.00,305.61,18.50,82.50,1.00,1.00,16486.96,16431.31,16520.31,16491.96,18,81,82,17,,64102.52,,
2026-08-05T17:54:10+08:00,btc-updown-5m-1785923400,https://polymarket.com/zh/event/btc-updown-5m-1785923400,17:50-17:55,18.00,84.00,17.00,83.00,494.89,182.00,48.12,310.61,17.50,83.50,1.00,1.00,16541.96,16601.32,16703.31,16521.96,17,82,83,16,,64102.52,,
2026-08-05T17:54:12+08:00,btc-updown-5m-1785923400,https://polymarket.com/zh/event/btc-updown-5m-1785923400,17:50-17:55,15.00,86.00,14.00,85.00,211.46,119.90,119.90,211.46,14.50,85.50,1.00,1.00,16993.88,18816.30,18777.30,16998.88,14,84,84,14,,64102.52,,
2026-08-05T17:54:14+08:00,btc-updown-5m-1785923400,https://polymarket.com/zh/event/btc-updown-5m-1785923400,17:50-17:55,15.00,86.00,14.00,85.00,384.96,10.72,22.35,384.96,14.50,85.50,1.00,1.00,16834.23,18762.30,18857.30,17270.89,14,85,85,14,,64102.53,,
2026-08-05T17:54:16+08:00,btc-updown-5m-1785923400,https://polymarket.com/zh/event/btc-updown-5m-1785923400,17:50-17:55,15.00,86.00,14.00,85.00,123.44,88.31,117.38,123.44,14.50,85.50,1.00,1.00,16206.90,18777.30,18777.30,16378.56,14,85,85,14,,64102.53,,
2026-08-05T17:54:18+08:00,btc-updown-5m-1785923400,https://polymarket.com/zh/event/btc-updown-5m-1785923400,17:50-17:55,14.00,87.00,13.00,86.00,288.73,3.85,3.85,288.73,13.50,86.50,1.00,1.00,16242.24,18661.30,18676.31,16242.24,13,86,86,13,,64102.52,,
2026-08-05T17:54:20+08:00,btc-updown-5m-1785923400,https://polymarket.com/zh/event/btc-updown-5m-1785923400,17:50-17:55,13.00,87.00,12.00,86.00,62.00,205.88,305.47,439.55,12.50,86.50,1.00,1.00,16102.81,18886.30,18656.30,16277.47,12,86,86,13,,64102.53,,
2026-08-05T17:54:22+08:00,btc-updown-5m-1785923400,https://polymarket.com/zh/event/btc-updown-5m-1785923400,17:50-17:55,14.00,87.00,13.00,86.00,319.28,24.49,30.24,319.28,13.50,86.50,1.00,1.00,16398.96,17258.64,17273.64,16593.96,13,86,86,13,,64102.53,,
2026-08-05T17:54:24+08:00,btc-updown-5m-1785923400,https://polymarket.com/zh/event/btc-updown-5m-1785923400,17:50-17:55,13.00,88.00,12.00,87.00,45.00,307.33,307.56,45.00,12.50,87.50,1.00,1.00,16106.43,17257.64,17372.65,16126.43,12,87,87,12,,64102.52,,
2026-08-05T17:54:26+08:00,btc-updown-5m-1785923400,https://polymarket.com/zh/event/btc-updown-5m-1785923400,17:50-17:55,14.00,87.00,13.00,86.00,208.88,165.00,80.00,137.02,13.50,86.50,1.00,1.00,16011.43,16179.31,16075.31,16006.43,13,86,86,13,,64102.52,,
2026-08-05T17:54:28+08:00,btc-updown-5m-1785923400,https://polymarket.com/zh/event/btc-updown-5m-1785923400,17:50-17:55,14.00,87.00,13.00,86.00,288.12,8.16,8.16,288.12,13.50,86.50,1.00,1.00,16735.58,16064.31,16195.31,16725.58,13,86,86,13,,64102.52,,
2026-08-05T17:54:30+08:00,btc-updown-5m-1785923400,https://polymarket.com/zh/event/btc-updown-5m-1785923400,17:50-17:55,12.00,90.00,11.00,89.00,393.50,632.52,62.52,90.47,11.50,89.50,1.00,1.00,15269.83,15935.31,15838.31,15344.83,11,88,89,10,,64102.52,,
2026-08-05T17:54:32+08:00,btc-updown-5m-1785923400,https://polymarket.com/zh/event/btc-updown-5m-1785923400,17:50-17:55,11.00,90.00,10.00,89.00,133.52,649.49,578.96,133.52,10.50,89.50,1.00,1.00,15182.14,15319.31,15319.32,15103.51,10,89,89,10,,64102.52,,
2026-08-05T17:54:34+08:00,btc-updown-5m-1785923400,https://polymarket.com/zh/event/btc-updown-5m-1785923400,17:50-17:55,11.00,90.00,10.00,89.00,325.76,569.02,571.25,325.76,10.50,89.50,1.00,1.00,14661.13,15314.31,15328.32,14822.13,10,89,89,10,,64102.53,,
2026-08-05T17:54:36+08:00,btc-updown-5m-1785923400,https://polymarket.com/zh/event/btc-updown-5m-1785923400,17:50-17:55,8.00,93.00,7.00,92.00,382.47,30.00,33.92,387.47,7.50,92.50,1.00,1.00,12819.44,13779.32,13777.32,12824.44,7,92,92,7,,64102.53,,
2026-08-05T17:54:38+08:00,btc-updown-5m-1785923400,https://polymarket.com/zh/event/btc-updown-5m-1785923400,17:50-17:55,8.00,93.00,7.00,92.00,74.30,40.00,36.39,74.30,7.50,92.50,1.00,1.00,12763.21,13773.32,13772.32,12713.14,7,92,92,7,,64102.53,,
2026-08-05T17:54:40+08:00,btc-updown-5m-1785923400,https://polymarket.com/zh/event/btc-updown-5m-1785923400,17:50-17:55,7.00,94.00,6.00,93.00,5.19,780.64,773.42,5.19,6.50,93.50,1.00,1.00,12681.96,13779.32,13762.32,12671.96,6,93,93,6,,64102.53,,
2026-08-05T17:54:42+08:00,btc-updown-5m-1785923400,https://polymarket.com/zh/event/btc-updown-5m-1785923400,17:50-17:55,7.00,94.00,6.00,93.00,206.54,603.97,632.17,206.54,6.50,93.50,1.00,1.00,12278.78,13778.33,13768.32,12288.78,6,93,93,6,,64102.52,,
2026-08-05T17:54:44+08:00,btc-updown-5m-1785923400,https://polymarket.com/zh/event/btc-updown-5m-1785923400,17:50-17:55,7.00,94.00,6.00,93.00,225.80,513.97,519.29,225.80,6.50,93.50,1.00,1.00,11640.42,13853.32,13817.32,11750.42,6,93,93,6,,64102.53,,
2026-08-05T17:54:46+08:00,btc-updown-5m-1785923400,https://polymarket.com/zh/event/btc-updown-5m-1785923400,17:50-17:55,7.00,94.00,6.00,93.00,228.27,357.43,357.43,228.27,6.50,93.50,1.00,1.00,10050.88,12951.33,12941.33,10089.56,6,52,53,6,,64102.53,,
2026-08-05T17:54:48+08:00,btc-updown-5m-1785923400,https://polymarket.com/zh/event/btc-updown-5m-1785923400,17:50-17:55,6.00,95.00,5.00,94.00,50.63,141.99,141.99,50.63,5.50,94.50,1.00,1.00,9587.56,12972.33,12978.33,9587.56,5,54,53,5,,64102.52,,
2026-08-05T17:54:50+08:00,btc-updown-5m-1785923400,https://polymarket.com/zh/event/btc-updown-5m-1785923400,17:50-17:55,6.00,95.00,5.00,94.00,112.00,98.67,118.07,112.00,5.50,94.50,1.00,1.00,5424.58,12947.33,12958.34,5405.18,5,54,54,5,,64102.52,,
2026-08-05T17:54:52+08:00,btc-updown-5m-1785923400,https://polymarket.com/zh/event/btc-updown-5m-1785923400,17:50-17:55,4.00,97.00,3.00,96.00,359.00,265.10,186.75,359.00,3.50,96.50,1.00,1.00,5031.33,12838.33,12923.33,5109.68,3,53,53,3,,64102.53,,
2026-08-05T17:54:54+08:00,btc-updown-5m-1785923400,https://polymarket.com/zh/event/btc-updown-5m-1785923400,17:50-17:55,3.00,98.00,2.00,97.00,40.05,738.91,724.02,40.05,2.50,97.50,1.00,1.00,4409.44,13019.34,12824.33,4429.33,2,55,54,2,,64102.53,,
2026-08-05T17:54:56+08:00,btc-updown-5m-1785923400,https://polymarket.com/zh/event/btc-updown-5m-1785923400,17:50-17:55,3.00,98.00,2.00,97.00,175.57,55.99,55.99,297.47,2.50,97.50,1.00,1.00,3541.41,19536.31,18220.31,3541.41,2,52,51,2,,64102.53,,
2026-08-05T17:54:58+08:00,btc-updown-5m-1785923400,https://polymarket.com/zh/event/btc-updown-5m-1785923400,17:50-17:55,1.00,,,99.00,46.87,,,724.04,,,,,,18217.31,17897.31,,0,50,48,0,,64102.53,,
2026-08-05T17:55:00+08:00,btc-updown-5m-1785923400,https://polymarket.com/zh/event/btc-updown-5m-1785923400,17:50-17:55,1.00,,,99.00,69748.99,,,71001.32,,,,,,23321.32,15184.31,,0,55,51,0,,64102.53,,
2026-08-05T17:55:02+08:00,btc-updown-5m-1785923700,https://polymarket.com/zh/event/btc-updown-5m-1785923700,17:55-18:00,52.00,49.00,51.00,48.00,236.80,121.80,121.80,298.80,51.50,48.50,1.00,1.00,17978.07,17695.69,17705.69,18073.08,51,48,48,51,64102.53,64102.53,,
2026-08-05T17:55:04+08:00,btc-updown-5m-1785923700,https://polymarket.com/zh/event/btc-updown-5m-1785923700,17:55-18:00,52.00,49.00,51.00,48.00,293.70,109.65,109.65,255.23,51.50,48.50,1.00,1.00,18298.07,17910.69,17925.69,18108.07,51,48,48,51,64102.53,64102.52,,
2026-08-05T17:55:06+08:00,btc-updown-5m-1785923700,https://polymarket.com/zh/event/btc-updown-5m-1785923700,17:55-18:00,52.00,49.00,51.00,48.00,311.32,72.69,193.95,323.26,51.50,48.50,1.00,1.00,17888.07,17720.69,17820.69,18313.07,51,48,48,51,64102.53,64102.53,,
2026-08-05T17:55:08+08:00,btc-updown-5m-1785923700,https://polymarket.com/zh/event/btc-updown-5m-1785923700,17:55-18:00,51.00,50.00,50.00,49.00,765.91,84.62,84.62,765.91,50.50,49.50,1.00,1.00,16454.07,18270.69,18275.69,16569.07,50,49,49,50,64102.53,64102.53,,
2026-08-05T17:55:10+08:00,btc-updown-5m-1785923700,https://polymarket.com/zh/event/btc-updown-5m-1785923700,17:55-18:00,51.00,50.00,50.00,49.00,650.00,95.24,70.74,660.50,50.50,49.50,1.00,1.00,16327.40,16370.69,16360.69,16332.41,50,49,49,50,64102.53,64102.53,,
2026-08-05T17:55:12+08:00,btc-updown-5m-1785923700,https://polymarket.com/zh/event/btc-updown-5m-1785923700,17:55-18:00,51.00,50.00,50.00,49.00,589.74,117.24,117.24,606.76,50.50,49.50,1.00,1.00,16327.40,15935.69,16025.69,16332.40,50,49,49,50,64102.53,64102.53,,
2026-08-05T17:55:14+08:00,btc-updown-5m-1785923700,https://polymarket.com/zh/event/btc-updown-5m-1785923700,17:55-18:00,51.00,50.00,50.00,49.00,439.18,196.95,205.95,439.18,50.50,49.50,1.00,1.00,17318.00,15957.69,15957.69,17343.00,50,49,49,50,64102.53,64102.53,,
2026-08-05T17:55:16+08:00,btc-updown-5m-1785923700,https://polymarket.com/zh/event/btc-updown-5m-1785923700,17:55-18:00,51.00,50.00,50.00,49.00,441.06,165.24,165.24,434.98,50.50,49.50,1.00,1.00,17131.41,17091.69,17061.69,17246.40,50,49,49,50,64102.53,64102.53,,
2026-08-05T17:55:18+08:00,btc-updown-5m-1785923700,https://polymarket.com/zh/event/btc-updown-5m-1785923700,17:55-18:00,51.00,50.00,50.00,49.00,498.43,80.00,80.00,464.05,50.50,49.50,1.00,1.00,16886.40,16841.69,16576.69,16766.41,50,49,49,50,64102.53,64102.53,,
2026-08-05T17:55:20+08:00,btc-updown-5m-1785923700,https://polymarket.com/zh/event/btc-updown-5m-1785923700,17:55-18:00,51.00,50.00,50.00,49.00,750.08,15.00,15.00,750.08,50.50,49.50,1.00,1.00,16416.40,16351.69,16096.69,16286.40,50,49,49,50,64102.53,64102.53,,
2026-08-05T17:55:22+08:00,btc-updown-5m-1785923700,https://polymarket.com/zh/event/btc-updown-5m-1785923700,17:55-18:00,50.00,51.00,49.00,50.00,928.95,138.09,138.09,928.95,49.50,50.50,1.00,1.00,15497.69,15226.69,15142.69,15507.69,49,50,50,49,64102.53,64102.52,,
2026-08-05T17:55:24+08:00,btc-updown-5m-1785923700,https://polymarket.com/zh/event/btc-updown-5m-1785923700,17:55-18:00,50.00,51.00,49.00,50.00,805.80,70.47,80.28,805.80,49.50,50.50,1.00,1.00,15312.39,15494.68,15609.68,15322.39,49,50,50,49,64102.53,64102.53,,
2026-08-05T17:55:26+08:00,btc-updown-5m-1785923700,https://polymarket.com/zh/event/btc-updown-5m-1785923700,17:55-18:00,43.00,58.00,42.00,57.00,50.00,163.95,86.00,167.45,42.50,57.50,1.00,1.00,15117.39,16452.29,16517.28,15489.99,42,57,57,42,64102.53,64102.50,,
2026-08-05T17:55:28+08:00,btc-updown-5m-1785923700,https://polymarket.com/zh/event/btc-updown-5m-1785923700,17:55-18:00,46.00,55.00,45.00,54.00,732.57,149.74,143.74,742.71,45.50,54.50,1.00,1.00,15344.99,17086.98,16961.97,15344.99,45,54,54,45,64102.53,64101.56,,
2026-08-05T17:55:30+08:00,btc-updown-5m-1785923700,https://polymarket.com/zh/event/btc-updown-5m-1785923700,17:55-18:00,51.00,50.00,50.00,49.00,288.80,699.62,682.62,288.80,50.50,49.50,1.00,1.00,14721.98,15400.67,15365.67,14626.98,50,49,49,50,64102.53,64101.57,,
2026-08-05T17:55:32+08:00,btc-updown-5m-1785923700,https://polymarket.com/zh/event/btc-updown-5m-1785923700,17:55-18:00,51.00,50.00,50.00,49.00,345.09,604.48,610.48,329.78,50.50,49.50,1.00,1.00,14194.68,14655.67,14685.67,14289.68,50,49,49,50,64102.53,64101.56,,
2026-08-05T17:55:34+08:00,btc-updown-5m-1785923700,https://polymarket.com/zh/event/btc-updown-5m-1785923700,17:55-18:00,51.00,50.00,50.00,49.00,265.58,646.09,656.20,265.58,50.50,49.50,1.00,1.00,14009.38,14410.67,14405.67,14124.38,50,49,49,50,64102.53,64101.56,,
2026-08-05T17:55:36+08:00,btc-updown-5m-1785923700,https://polymarket.com/zh/event/btc-updown-5m-1785923700,17:55-18:00,51.00,50.00,50.00,49.00,198.60,520.38,513.65,198.60,50.50,49.50,1.00,1.00,14309.38,14420.67,14395.67,14314.38,50,49,49,50,64102.53,64101.57,,
2026-08-05T17:55:38+08:00,btc-updown-5m-1785923700,https://polymarket.com/zh/event/btc-updown-5m-1785923700,17:55-18:00,51.00,50.00,50.00,49.00,16.99,593.74,588.74,16.99,50.50,49.50,1.00,1.00,14259.38,14420.67,14405.67,14154.38,50,49,49,50,64102.53,64102.52,,
2026-08-05T17:55:40+08:00,btc-updown-5m-1785923700,https://polymarket.com/zh/event/btc-updown-5m-1785923700,17:55-18:00,51.00,50.00,50.00,49.00,147.57,525.94,525.94,147.57,50.50,49.50,1.00,1.00,14320.39,14420.67,14395.67,14215.38,50,49,49,50,64102.53,64102.53,,
2026-08-05T17:55:42+08:00,btc-updown-5m-1785923700,https://polymarket.com/zh/event/btc-updown-5m-1785923700,17:55-18:00,53.00,48.00,52.00,47.00,42.00,1097.85,1025.34,42.00,52.50,47.50,1.00,1.00,14237.38,14665.67,14645.67,14232.38,52,47,47,52,64102.53,64102.53,,
2026-08-05T17:55:44+08:00,btc-updown-5m-1785923700,https://polymarket.com/zh/event/btc-updown-5m-1785923700,17:55-18:00,53.00,48.00,52.00,47.00,75.79,530.40,530.40,75.79,52.50,47.50,1.00,1.00,14232.38,14670.67,14645.67,14137.38,52,47,47,52,64102.53,64102.53,,
2026-08-05T17:55:46+08:00,btc-updown-5m-1785923700,https://polymarket.com/zh/event/btc-updown-5m-1785923700,17:55-18:00,53.00,48.00,52.00,47.00,346.89,161.45,156.45,306.88,52.50,47.50,1.00,1.00,14242.39,14675.67,14645.67,14132.38,52,47,47,52,64102.53,64102.53,,
2026-08-05T17:55:48+08:00,btc-updown-5m-1785923700,https://polymarket.com/zh/event/btc-updown-5m-1785923700,17:55-18:00,53.00,48.00,52.00,47.00,433.01,15.91,85.91,433.01,52.50,47.50,1.00,1.00,13922.38,14655.67,14650.67,13957.38,52,47,47,52,64102.53,64102.53,,
2026-08-05T17:55:50+08:00,btc-updown-5m-1785923700,https://polymarket.com/zh/event/btc-updown-5m-1785923700,17:55-18:00,52.00,49.00,51.00,48.00,873.89,165.34,165.34,873.89,51.50,48.50,1.00,1.00,14137.39,14675.67,14655.67,14132.38,51,48,48,51,64102.53,64102.53,,
2026-08-05T17:55:52+08:00,btc-updown-5m-1785923700,https://polymarket.com/zh/event/btc-updown-5m-1785923700,17:55-18:00,52.00,49.00,51.00,48.00,1156.56,25.00,25.00,1146.84,51.50,48.50,1.00,1.00,14227.38,14660.67,14660.67,14237.38,51,48,48,51,64102.53,64102.52,,
2026-08-05T17:55:54+08:00,btc-updown-5m-1785923700,https://polymarket.com/zh/event/btc-updown-5m-1785923700,17:55-18:00,52.00,49.00,51.00,48.00,922.25,35.00,35.00,1172.25,51.50,48.50,1.00,1.00,13742.38,14440.67,14415.67,13742.39,51,48,48,51,64102.53,64102.53,,
2026-08-05T17:55:56+08:00,btc-updown-5m-1785923700,https://polymarket.com/zh/event/btc-updown-5m-1785923700,17:55-18:00,52.00,49.00,51.00,48.00,879.53,55.00,55.00,879.53,51.50,48.50,1.00,1.00,13992.38,14425.67,14420.67,14007.39,51,48,48,51,64102.53,64102.52,,
2026-08-05T17:55:58+08:00,btc-updown-5m-1785923700,https://polymarket.com/zh/event/btc-updown-5m-1785923700,17:55-18:00,52.00,49.00,51.00,48.00,1104.53,36.66,36.66,1124.53,51.50,48.50,1.00,1.00,13512.39,14170.67,14180.67,13402.39,51,48,48,51,64102.53,64102.53,,
2026-08-05T17:56:00+08:00,btc-updown-5m-1785923700,https://polymarket.com/zh/event/btc-updown-5m-1785923700,17:55-18:00,52.00,49.00,51.00,48.00,851.26,142.00,147.00,851.26,51.50,48.50,1.00,1.00,13217.39,13925.67,18655.67,17917.38,51,48,48,51,64102.53,64102.52,,
2026-08-05T17:56:02+08:00,btc-updown-5m-1785923700,https://polymarket.com/zh/event/btc-updown-5m-1785923700,17:55-18:00,52.00,50.00,51.00,49.00,897.76,191.86,25.00,715.20,51.50,49.50,1.00,1.00,17582.38,18045.67,18050.67,17667.39,51,48,49,50,64102.53,64102.53,,
2026-08-05T17:56:04+08:00,btc-updown-5m-1785923700,https://polymarket.com/zh/event/btc-updown-5m-1785923700,17:55-18:00,51.00,50.00,50.00,49.00,826.89,28.60,28.60,791.43,50.50,49.50,1.00,1.00,17487.38,18010.67,18005.67,18277.38,50,49,49,50,64102.53,64102.22,,
2026-08-05T17:56:06+08:00,btc-updown-5m-1785923700,https://polymarket.com/zh/event/btc-updown-5m-1785923700,17:55-18:00,64.00,37.00,63.00,36.00,198.37,166.09,191.03,333.58,63.50,36.50,1.00,1.00,19679.38,17357.67,17352.67,19474.38,63,36,36,63,64102.53,64106.28,,
2026-08-05T17:56:08+08:00,btc-updown-5m-1785923700,https://polymarket.com/zh/event/btc-updown-5m-1785923700,17:55-18:00,61.00,40.00,60.00,39.00,716.12,633.08,633.08,715.95,60.50,39.50,1.00,1.00,19069.38,17329.67,17319.67,19674.38,60,39,39,60,64102.53,64108.29,,
2026-08-05T17:56:10+08:00,btc-updown-5m-1785923700,https://polymarket.com/zh/event/btc-updown-5m-1785923700,17:55-18:00,58.00,43.00,57.00,42.00,827.58,80.28,80.28,882.58,57.50,42.50,1.00,1.00,18904.38,17112.67,16537.67,17804.39,57,42,42,57,64102.53,64108.29,,
2026-08-05T17:56:12+08:00,btc-updown-5m-1785923700,https://polymarket.com/zh/event/btc-updown-5m-1785923700,17:55-18:00,57.00,44.00,56.00,43.00,798.82,201.63,201.63,923.88,56.50,43.50,1.00,1.00,18297.38,16670.67,16670.67,17717.38,56,43,43,56,64102.53,64108.29,,
2026-08-05T17:56:14+08:00,btc-updown-5m-1785923700,https://polymarket.com/zh/event/btc-updown-5m-1785923700,17:55-18:00,57.00,44.00,56.00,43.00,833.21,259.05,259.05,816.02,56.50,43.50,1.00,1.00,18357.38,16690.67,16675.67,17852.39,56,43,43,56,64102.53,64108.29,,
2026-08-05T17:56:16+08:00,btc-updown-5m-1785923700,https://polymarket.com/zh/event/btc-updown-5m-1785923700,17:55-18:00,57.00,44.00,56.00,43.00,765.81,249.05,249.05,694.57,56.50,43.50,1.00,1.00,18252.38,16660.67,16685.67,17757.38,56,43,43,56,64102.53,64108.29,,
2026-08-05T17:56:18+08:00,btc-updown-5m-1785923700,https://polymarket.com/zh/event/btc-updown-5m-1785923700,17:55-18:00,56.00,45.00,55.00,44.00,99.14,900.55,755.07,99.14,55.50,44.50,1.00,1.00,18044.39,16622.67,16617.67,18779.38,55,44,44,55,64102.53,64108.30,,
2026-08-05T17:56:20+08:00,btc-updown-5m-1785923700,https://polymarket.com/zh/event/btc-updown-5m-1785923700,17:55-18:00,57.00,44.00,56.00,43.00,31.62,1003.16,1018.63,31.62,56.50,43.50,1.00,1.00,18289.38,16382.67,16362.67,18294.38,56,43,43,56,64102.53,64108.29,,
2026-08-05T17:56:22+08:00,btc-updown-5m-1785923700,https://polymarket.com/zh/event/btc-updown-5m-1785923700,17:55-18:00,57.00,44.00,56.00,43.00,23.48,1056.21,917.58,23.48,56.50,43.50,1.00,1.00,18179.38,16367.67,16377.67,18189.38,56,43,43,56,64102.53,64108.29,,
2026-08-05T17:56:24+08:00,btc-updown-5m-1785923700,https://polymarket.com/zh/event/btc-updown-5m-1785923700,17:55-18:00,61.00,40.00,60.00,39.00,90.17,1151.68,1126.68,85.17,60.50,39.50,1.00,1.00,17789.38,16632.67,16612.67,18289.38,60,39,39,60,64102.53,64108.29,,
2026-08-05T17:56:26+08:00,btc-updown-5m-1785923700,https://polymarket.com/zh/event/btc-updown-5m-1785923700,17:55-18:00,61.00,40.00,60.00,39.00,133.09,582.07,633.93,128.09,60.50,39.50,1.00,1.00,18169.38,16632.67,16622.67,17774.38,60,39,39,60,64102.53,64108.29,,
2026-08-05T17:56:28+08:00,btc-updown-5m-1785923700,https://polymarket.com/zh/event/btc-updown-5m-1785923700,17:55-18:00,59.00,42.00,58.00,41.00,86.90,20.00,81.78,403.79,58.50,41.50,1.00,1.00,17689.38,16437.67,16597.67,17664.38,58,41,41,58,64102.53,64108.29,,
2026-08-05T17:56:30+08:00,btc-updown-5m-1785923700,https://polymarket.com/zh/event/btc-updown-5m-1785923700,17:55-18:00,58.00,43.00,57.00,42.00,240.47,724.55,814.90,220.47,57.50,42.50,1.00,1.00,17674.38,16622.67,16622.67,18189.38,57,42,42,57,64102.53,64108.30,,
2026-08-05T17:56:32+08:00,btc-updown-5m-1785923700,https://polymarket.com/zh/event/btc-updown-5m-1785923700,17:55-18:00,58.00,43.00,57.00,42.00,241.08,777.20,795.80,241.08,57.50,42.50,1.00,1.00,17926.38,15504.67,15504.67,16911.39,57,42,42,57,64102.53,64108.29,,
2026-08-05T17:56:34+08:00,btc-updown-5m-1785923700,https://polymarket.com/zh/event/btc-updown-5m-1785923700,17:55-18:00,58.00,43.00,57.00,42.00,224.53,924.65,924.65,224.53,57.50,42.50,1.00,1.00,17321.39,15494.67,15524.67,17321.38,57,42,42,57,64102.53,64108.29,,
2026-08-05T17:56:36+08:00,btc-updown-5m-1785923700,https://polymarket.com/zh/event/btc-updown-5m-1785923700,17:55-18:00,58.00,43.00,57.00,42.00,103.27,902.72,902.72,209.77,57.50,42.50,1.00,1.00,17081.39,15489.67,15494.67,17166.38,57,42,42,57,64102.53,64108.29,,
2026-08-05T17:56:38+08:00,btc-updown-5m-1785923700,https://polymarket.com/zh/event/btc-updown-5m-1785923700,17:55-18:00,59.00,42.00,58.00,41.00,185.00,422.22,422.22,185.00,58.50,41.50,1.00,1.00,17666.38,15474.67,15504.67,16566.38,58,41,41,58,64102.53,64108.30,,
2026-08-05T17:56:40+08:00,btc-updown-5m-1785923700,https://polymarket.com/zh/event/btc-updown-5m-1785923700,17:55-18:00,59.00,42.00,58.00,41.00,1577.35,342.66,342.66,1587.35,58.50,41.50,1.00,1.00,17166.38,15479.67,15744.67,17061.38,58,41,41,58,64102.53,64108.29,,
2026-08-05T17:56:42+08:00,btc-updown-5m-1785923700,https://polymarket.com/zh/event/btc-updown-5m-1785923700,17:55-18:00,48.00,53.00,47.00,52.00,160.61,56.51,99.22,424.58,47.50,52.50,1.00,1.00,16924.89,15735.67,15749.67,16724.89,47,52,52,47,64102.53,64108.73,,
2026-08-05T17:56:44+08:00,btc-updown-5m-1785923700,https://polymarket.com/zh/event/btc-updown-5m-1785923700,17:55-18:00,54.00,47.00,53.00,46.00,387.61,36.72,36.72,437.61,53.50,46.50,1.00,1.00,18079.54,15758.00,15773.00,17679.54,53,46,46,53,64102.53,64108.73,,
2026-08-05T17:56:46+08:00,btc-updown-5m-1785923700,https://polymarket.com/zh/event/btc-updown-5m-1785923700,17:55-18:00,48.00,53.00,47.00,52.00,188.03,353.66,169.33,194.75,47.50,52.50,1.00,1.00,15913.01,15774.00,15774.01,16473.01,47,52,52,47,64102.53,64108.73,,
2026-08-05T17:56:48+08:00,btc-updown-5m-1785923700,https://polymarket.com/zh/event/btc-updown-5m-1785923700,17:55-18:00,49.00,52.00,48.00,51.00,1173.06,114.56,114.56,1173.06,48.50,51.50,1.00,1.00,16846.38,16380.00,16384.00,16836.38,48,51,51,48,64102.53,64108.73,,
2026-08-05T17:56:50+08:00,btc-updown-5m-1785923700,https://polymarket.com/zh/event/btc-updown-5m-1785923700,17:55-18:00,47.00,54.00,46.00,53.00,754.68,48.00,48.00,800.26,46.50,53.50,1.00,1.00,16805.26,16269.00,16389.00,16715.26,46,53,53,46,64102.53,64108.73,,
2026-08-05T17:56:52+08:00,btc-updown-5m-1785923700,https://polymarket.com/zh/event/btc-updown-5m-1785923700,17:55-18:00,48.00,53.00,47.00,52.00,190.00,774.79,833.20,37.91,47.50,52.50,1.00,1.00,16805.26,16270.00,16255.00,17020.26,47,52,52,47,64102.53,64108.73,,
2026-08-05T17:56:54+08:00,btc-updown-5m-1785923700,https://polymarket.com/zh/event/btc-updown-5m-1785923700,17:55-18:00,50.00,51.00,49.00,50.00,111.80,760.07,765.07,116.80,49.50,50.50,1.00,1.00,16975.26,16108.00,16120.00,16975.26,49,50,50,49,64102.53,64108.73,,
2026-08-05T17:56:56+08:00,btc-updown-5m-1785923700,https://polymarket.com/zh/event/btc-updown-5m-1785923700,17:55-18:00,49.00,53.00,48.00,52.00,831.42,43.00,39.00,394.05,48.50,52.50,1.00,1.00,16975.26,16258.00,16269.01,16975.26,48,51,52,47,64102.53,64108.73,,
2026-08-05T17:56:58+08:00,btc-updown-5m-1785923700,https://polymarket.com/zh/event/btc-updown-5m-1785923700,17:55-18:00,43.00,56.00,42.00,55.00,10.00,226.34,355.35,120.47,42.50,55.50,1.00,1.00,16877.26,16423.00,16169.00,16872.26,42,57,55,44,64102.53,64104.03,,
2026-08-05T17:57:00+08:00,btc-updown-5m-1785923700,https://polymarket.com/zh/event/btc-updown-5m-1785923700,17:55-18:00,42.00,59.00,41.00,58.00,96.88,1011.26,987.75,166.88,41.50,58.50,1.00,1.00,16872.26,16361.66,16170.66,16872.26,41,58,58,41,64102.53,64104.03,,
2026-08-05T17:57:02+08:00,btc-updown-5m-1785923700,https://polymarket.com/zh/event/btc-updown-5m-1785923700,17:55-18:00,42.00,59.00,41.00,58.00,564.67,7.22,18.75,564.67,41.50,58.50,1.00,1.00,16389.95,15749.65,15759.65,16384.95,40,58,58,40,64102.53,64104.03,,
2026-08-05T17:57:04+08:00,btc-updown-5m-1785923700,https://polymarket.com/zh/event/btc-updown-5m-1785923700,17:55-18:00,42.00,60.00,41.00,59.00,383.30,5.00,218.79,340.12,41.50,59.50,1.00,1.00,18824.94,17239.65,17339.65,17909.94,40,58,59,39,64102.53,64104.03,,
2026-08-05T17:57:06+08:00,btc-updown-5m-1785923700,https://polymarket.com/zh/event/btc-updown-5m-1785923700,17:55-18:00,44.00,57.00,43.00,56.00,247.78,603.85,814.36,167.89,43.50,56.50,1.00,1.00,18169.94,16287.65,16703.65,18159.94,43,56,56,43,64102.53,64101.56,,
2026-08-05T17:57:08+08:00,btc-updown-5m-1785923700,https://polymarket.com/zh/event/btc-updown-5m-1785923700,17:55-18:00,49.00,53.00,48.00,52.00,149.54,699.00,112.42,126.08,48.50,52.50,1.00,1.00,17239.95,16253.50,16168.17,17239.95,48,51,52,47,64102.53,64101.56,,
2026-08-05T17:57:10+08:00,btc-updown-5m-1785923700,https://polymarket.com/zh/event/btc-updown-5m-1785923700,17:55-18:00,49.00,52.00,48.00,51.00,132.10,215.91,173.57,168.10,48.50,51.50,1.00,1.00,17363.29,16790.03,16911.04,17378.29,48,51,51,48,64102.53,64101.56,,
2026-08-05T17:57:11+08:00,btc-updown-5m-1785923700,https://polymarket.com/zh/event/btc-updown-5m-1785923700,17:55-18:00,50.00,51.00,49.00,50.00,206.38,413.47,368.38,192.66,49.50,50.50,1.00,1.00,17630.65,16823.45,16709.45,17625.65,49,50,50,49,64102.53,64101.56,,
2026-08-05T17:57:13+08:00,btc-updown-5m-1785923700,https://polymarket.com/zh/event/btc-updown-5m-1785923700,17:55-18:00,50.00,51.00,49.00,50.00,304.90,70.00,72.00,309.90,49.50,50.50,1.00,1.00,18215.65,17413.08,17362.08,18240.65,49,50,50,49,64102.53,64101.56,,
2026-08-05T17:57:15+08:00,btc-updown-5m-1785923700,https://polymarket.com/zh/event/btc-updown-5m-1785923700,17:55-18:00,47.00,54.00,46.00,53.00,194.11,663.23,147.00,42.12,46.50,53.50,1.00,1.00,18220.65,18248.08,18257.09,18220.65,46,53,53,46,64102.53,64101.56,,
2026-08-05T17:57:17+08:00,btc-updown-5m-1785923700,https://polymarket.com/zh/event/btc-updown-5m-1785923700,17:55-18:00,48.00,53.00,47.00,52.00,57.18,424.32,399.32,32.18,47.50,52.50,1.00,1.00,18235.65,18048.08,17157.08,18215.65,47,52,52,47,64102.53,64101.56,,
2026-08-05T17:57:19+08:00,btc-updown-5m-1785923700,https://polymarket.com/zh/event/btc-updown-5m-1785923700,17:55-18:00,48.00,53.00,47.00,52.00,48.51,323.98,299.53,67.40,47.50,52.50,1.00,1.00,18225.65,17627.08,17162.08,18220.65,47,52,52,47,64102.53,64101.56,,
2026-08-05T17:57:21+08:00,btc-updown-5m-1785923700,https://polymarket.com/zh/event/btc-updown-5m-1785923700,17:55-18:00,43.00,57.00,42.00,56.00,106.39,177.34,584.30,199.03,42.50,56.50,1.00,1.00,17413.98,18073.08,17967.08,17503.98,42,57,56,43,64102.53,64097.28,,
2026-08-05T17:57:23+08:00,btc-updown-5m-1785923700,https://polymarket.com/zh/event/btc-updown-5m-1785923700,17:55-18:00,47.00,54.00,46.00,53.00,159.82,856.01,840.54,154.90,46.50,53.50,1.00,1.00,17521.31,18355.42,18486.42,18283.64,46,53,53,46,64102.53,64097.29,,
2026-08-05T17:57:25+08:00,btc-updown-5m-1785923700,https://polymarket.com/zh/event/btc-updown-5m-1785923700,17:55-18:00,49.00,52.00,48.00,51.00,74.69,734.67,808.92,44.72,48.50,51.50,1.00,1.00,19060.97,18312.97,18418.96,19040.97,48,51,51,48,64102.53,64097.29,,
2026-08-05T17:57:27+08:00,btc-updown-5m-1785923700,https://polymarket.com/zh/event/btc-updown-5m-1785923700,17:55-18:00,52.00,49.00,51.00,48.00,42.24,606.89,606.89,42.24,51.50,48.50,1.00,1.00,19655.97,18602.68,18648.16,19055.97,51,48,48,51,64102.53,64097.29,,
2026-08-05T17:57:29+08:00,btc-updown-5m-1785923700,https://polymarket.com/zh/event/btc-updown-5m-1785923700,17:55-18:00,54.00,47.00,53.00,46.00,212.25,430.89,428.02,203.72,53.50,46.50,1.00,1.00,18878.97,18409.81,18419.81,18903.98,53,46,46,53,64102.53,64097.29,,
2026-08-05T17:57:31+08:00,btc-updown-5m-1785923700,https://polymarket.com/zh/event/btc-updown-5m-1785923700,17:55-18:00,54.00,47.00,53.00,46.00,123.20,314.19,339.23,123.20,53.50,46.50,1.00,1.00,18813.97,18534.81,18534.81,19388.97,53,46,46,53,64102.53,64097.29,,
2026-08-05T17:57:33+08:00,btc-updown-5m-1785923700,https://polymarket.com/zh/event/btc-updown-5m-1785923700,17:55-18:00,54.00,47.00,53.00,46.00,49.46,486.46,531.39,97.21,53.50,46.50,1.00,1.00,18778.97,18513.64,18523.64,19283.97,53,46,46,53,64102.53,64097.29,,
2026-08-05T17:57:35+08:00,btc-updown-5m-1785923700,https://polymarket.com/zh/event/btc-updown-5m-1785923700,17:55-18:00,54.00,47.00,53.00,46.00,91.38,583.60,583.60,26.38,53.50,46.50,1.00,1.00,18763.97,18518.64,18513.64,19263.97,53,46,46,53,64102.53,64097.29,,
2026-08-05T17:57:37+08:00,btc-updown-5m-1785923700,https://polymarket.com/zh/event/btc-updown-5m-1785923700,17:55-18:00,54.00,47.00,53.00,46.00,101.16,420.21,420.21,110.08,53.50,46.50,1.00,1.00,19378.97,18503.64,18523.64,18873.98,53,46,46,53,64102.53,64097.29,,
2026-08-05T17:57:39+08:00,btc-updown-5m-1785923700,https://polymarket.com/zh/event/btc-updown-5m-1785923700,17:55-18:00,54.00,47.00,53.00,46.00,193.86,116.11,116.11,179.40,53.50,46.50,1.00,1.00,18494.97,18408.64,18413.64,18519.97,53,46,46,53,64102.53,64097.29,,
2026-08-05T17:57:41+08:00,btc-updown-5m-1785923700,https://polymarket.com/zh/event/btc-updown-5m-1785923700,17:55-18:00,55.00,46.00,54.00,45.00,395.20,43.08,54.23,410.70,54.50,45.50,1.00,1.00,19047.90,18429.11,18424.11,18442.90,54,45,45,54,64102.53,64097.29,,
2026-08-05T17:57:43+08:00,btc-updown-5m-1785923700,https://polymarket.com/zh/event/btc-updown-5m-1785923700,17:55-18:00,54.00,47.00,53.00,46.00,534.47,382.07,378.17,461.18,53.50,46.50,1.00,1.00,19807.90,18429.11,18439.11,18717.90,53,46,46,53,64102.53,64097.29,,
2026-08-05T17:57:45+08:00,btc-updown-5m-1785923700,https://polymarket.com/zh/event/btc-updown-5m-1785923700,17:55-18:00,54.00,47.00,53.00,46.00,419.81,305.97,305.97,430.85,53.50,46.50,1.00,1.00,19187.90,18444.11,18424.11,19237.90,53,46,46,53,64102.53,64097.29,,
2026-08-05T17:57:47+08:00,btc-updown-5m-1785923700,https://polymarket.com/zh/event/btc-updown-5m-1785923700,17:55-18:00,47.00,59.00,46.00,57.00,65.74,55.58,10.00,116.85,46.50,58.00,1.00,2.00,17322.28,18680.53,18791.53,13087.58,45,53,56,39,64102.53,64097.29,,
2026-08-05T17:57:49+08:00,btc-updown-5m-1785923700,https://polymarket.com/zh/event/btc-updown-5m-1785923700,17:55-18:00,41.00,60.00,40.00,59.00,482.78,108.88,109.30,504.28,40.50,59.50,1.00,1.00,15908.22,18795.53,18785.53,15898.22,40,59,59,40,64102.53,64087.50,,
2026-08-05T17:57:51+08:00,btc-updown-5m-1785923700,https://polymarket.com/zh/event/btc-updown-5m-1785923700,17:55-18:00,41.00,61.00,40.00,59.00,488.52,155.74,2.00,420.07,40.50,60.00,1.00,2.00,16720.89,18612.35,18727.36,16794.89,40,59,59,39,64102.53,64084.45,,
2026-08-05T17:57:53+08:00,btc-updown-5m-1785923700,https://polymarket.com/zh/event/btc-updown-5m-1785923700,17:55-18:00,37.00,64.00,36.00,63.00,704.14,75.86,80.86,784.50,36.50,63.50,1.00,1.00,17064.89,18708.16,18645.28,17059.89,36,63,63,36,64102.53,64084.45,,
2026-08-05T17:57:55+08:00,btc-updown-5m-1785923700,https://polymarket.com/zh/event/btc-updown-5m-1785923700,17:55-18:00,45.00,56.00,44.00,55.00,12.67,863.45,870.98,12.67,44.50,55.50,1.00,1.00,17373.09,18792.82,18771.82,17278.42,44,55,55,44,64102.53,64090.00,,
2026-08-05T17:57:57+08:00,btc-updown-5m-1785923700,https://polymarket.com/zh/event/btc-updown-5m-1785923700,17:55-18:00,49.00,52.00,48.00,51.00,116.25,409.14,407.65,134.10,48.50,51.50,1.00,1.00,17352.27,18826.27,18816.27,17342.27,48,51,51,48,64102.53,64090.00,,
2026-08-05T17:57:59+08:00,btc-updown-5m-1785923700,https://polymarket.com/zh/event/btc-updown-5m-1785923700,17:55-18:00,50.00,51.00,49.00,50.00,36.81,126.12,250.63,36.81,49.50,50.50,1.00,1.00,17370.78,18727.27,18735.28,17375.78,49,50,50,49,64102.53,64090.01,,
2026-08-05T17:58:01+08:00,btc-updown-5m-1785923700,https://polymarket.com/zh/event/btc-updown-5m-1785923700,17:55-18:00,49.00,52.00,48.00,51.00,467.59,192.52,202.52,480.28,48.50,51.50,1.00,1.00,17250.78,18651.27,18840.27,17260.78,48,51,51,48,64102.53,64090.00,,
2026-08-05T17:58:03+08:00,btc-updown-5m-1785923700,https://polymarket.com/zh/event/btc-updown-5m-1785923700,17:55-18:00,49.00,48.00,48.00,47.00,50.50,173.74,986.69,4.33,48.50,47.50,1.00,1.00,18560.07,18959.96,17893.96,20306.53,48,49,47,51,64102.53,64090.01,,
2026-08-05T17:58:05+08:00,btc-updown-5m-1785923700,https://polymarket.com/zh/event/btc-updown-5m-1785923700,17:55-18:00,62.00,39.00,61.00,38.00,406.11,122.48,127.00,454.29,61.50,38.50,1.00,1.00,21016.23,19725.95,19740.95,20531.23,61,38,38,61,64102.53,64097.28,,
2026-08-05T17:58:07+08:00,btc-updown-5m-1785923700,https://polymarket.com/zh/event/btc-updown-5m-1785923700,17:55-18:00,60.00,41.00,59.00,40.00,191.70,16.91,24.60,744.66,59.50,40.50,1.00,1.00,21192.23,19857.95,19852.95,20282.23,59,40,40,59,64102.53,64097.28,,
2026-08-05T17:58:09+08:00,btc-updown-5m-1785923700,https://polymarket.com/zh/event/btc-updown-5m-1785923700,17:55-18:00,56.00,45.00,55.00,44.00,501.66,250.26,250.26,498.97,55.50,44.50,1.00,1.00,20782.23,17747.96,17747.96,20686.58,55,44,44,55,64102.53,64097.29,,
2026-08-05T17:58:11+08:00,btc-updown-5m-1785923700,https://polymarket.com/zh/event/btc-updown-5m-1785923700,17:55-18:00,55.00,46.00,54.00,45.00,604.86,62.73,62.73,710.18,54.50,45.50,1.00,1.00,21196.58,17742.96,17757.96,20796.58,54,45,45,54,64102.53,64097.28,,
2026-08-05T17:58:13+08:00,btc-updown-5m-1785923700,https://polymarket.com/zh/event/btc-updown-5m-1785923700,17:55-18:00,54.00,47.00,53.00,46.00,683.29,40.73,42.95,653.29,53.50,46.50,1.00,1.00,20296.59,17752.96,17747.96,20786.58,53,46,46,53,64102.53,64097.28,,
2026-08-05T17:58:15+08:00,btc-updown-5m-1785923700,https://polymarket.com/zh/event/btc-updown-5m-1785923700,17:55-18:00,54.00,47.00,53.00,46.00,186.45,471.49,466.49,166.45,53.50,46.50,1.00,1.00,20202.58,17752.96,17747.96,20692.58,53,46,46,53,64102.53,64097.28,,
2026-08-05T17:58:17+08:00,btc-updown-5m-1785923700,https://polymarket.com/zh/event/btc-updown-5m-1785923700,17:55-18:00,54.00,47.00,53.00,46.00,187.97,77.72,103.87,219.76,53.50,46.50,1.00,1.00,20297.58,17747.96,17757.96,21207.58,53,46,46,53,64102.53,64097.29,,
2026-08-05T17:58:19+08:00,btc-updown-5m-1785923700,https://polymarket.com/zh/event/btc-updown-5m-1785923700,17:55-18:00,54.00,48.00,53.00,47.00,405.09,40.12,10.00,368.36,53.50,47.50,1.00,1.00,19947.58,17767.96,17742.96,20952.58,53,46,47,52,64102.53,64097.29,,
2026-08-05T17:58:21+08:00,btc-updown-5m-1785923700,https://polymarket.com/zh/event/btc-updown-5m-1785923700,17:55-18:00,51.00,50.00,50.00,49.00,277.74,428.04,428.04,277.74,50.50,49.50,1.00,1.00,20427.58,17752.96,17757.96,20522.59,50,49,49,50,64102.53,64097.28,,
2026-08-05T17:58:23+08:00,btc-updown-5m-1785923700,https://polymarket.com/zh/event/btc-updown-5m-1785923700,17:55-18:00,52.00,49.00,51.00,48.00,11.00,573.37,573.37,11.00,51.50,48.50,1.00,1.00,20392.58,17727.96,17737.96,21012.58,51,48,48,51,64102.53,64097.28,,
2026-08-05T17:58:25+08:00,btc-updown-5m-1785923700,https://polymarket.com/zh/event/btc-updown-5m-1785923700,17:55-18:00,53.00,48.00,52.00,47.00,439.91,14.34,14.34,427.85,52.50,47.50,1.00,1.00,21012.58,17727.96,17717.96,20197.58,52,47,47,52,64102.53,64094.44,,
2026-08-05T17:58:27+08:00,btc-updown-5m-1785923700,https://polymarket.com/zh/event/btc-updown-5m-1785923700,17:55-18:00,52.00,49.00,51.00,48.00,319.16,7.00,2.31,790.06,51.50,48.50,1.00,1.00,20352.58,17737.96,17717.96,20252.58,51,48,48,51,64102.53,64096.00,,
2026-08-05T17:58:29+08:00,btc-updown-5m-1785923700,https://polymarket.com/zh/event/btc-updown-5m-1785923700,17:55-18:00,51.00,50.00,50.00,49.00,414.73,309.41,309.41,414.73,50.50,49.50,1.00,1.00,20502.58,17727.96,17722.96,20397.58,50,49,49,50,64102.53,64096.00,,
2026-08-05T17:58:31+08:00,btc-updown-5m-1785923700,https://polymarket.com/zh/event/btc-updown-5m-1785923700,17:55-18:00,51.00,50.00,50.00,49.00,80.87,766.74,766.74,80.87,50.50,49.50,1.00,1.00,20392.49,17462.87,17457.87,20487.49,50,49,49,50,64102.53,64096.00,,
2026-08-05T17:58:33+08:00,btc-updown-5m-1785923700,https://polymarket.com/zh/event/btc-updown-5m-1785923700,17:55-18:00,51.00,50.00,50.00,49.00,6.08,723.70,730.70,1.08,50.50,49.50,1.00,1.00,20587.49,17462.87,17467.87,20997.49,50,49,49,50,64102.53,64096.00,,
2026-08-05T17:58:35+08:00,btc-updown-5m-1785923700,https://polymarket.com/zh/event/btc-updown-5m-1785923700,17:55-18:00,53.00,48.00,52.00,47.00,69.44,595.62,385.62,64.44,52.50,47.50,1.00,1.00,20887.49,17717.87,17722.87,20607.50,52,47,47,52,64102.53,64096.00,,
2026-08-05T17:58:37+08:00,btc-updown-5m-1785923700,https://polymarket.com/zh/event/btc-updown-5m-1785923700,17:55-18:00,53.00,48.00,52.00,47.00,31.90,655.49,686.33,31.90,52.50,47.50,1.00,1.00,21502.49,17467.87,17467.87,20497.50,52,47,47,52,64102.53,64095.99,,
2026-08-05T17:58:39+08:00,btc-updown-5m-1785923700,https://polymarket.com/zh/event/btc-updown-5m-1785923700,17:55-18:00,54.00,47.00,53.00,46.00,24.57,300.24,296.49,24.57,53.50,46.50,1.00,1.00,20892.49,17657.87,17657.87,20487.49,53,46,46,53,64102.53,64096.00,,
2026-08-05T17:58:41+08:00,btc-updown-5m-1785923700,https://polymarket.com/zh/event/btc-updown-5m-1785923700,17:55-18:00,54.00,47.00,53.00,46.00,16.74,357.77,357.77,19.88,53.50,46.50,1.00,1.00,20142.49,17457.87,17717.87,21407.49,53,46,46,53,64102.53,64096.00,,
2026-08-05T17:58:43+08:00,btc-updown-5m-1785923700,https://polymarket.com/zh/event/btc-updown-5m-1785923700,17:55-18:00,58.00,43.00,57.00,42.00,44.27,303.51,254.80,32.29,57.50,42.50,1.00,1.00,20329.02,19414.87,17722.87,20224.03,57,42,42,57,64102.53,64097.29,,
2026-08-05T17:58:45+08:00,btc-updown-5m-1785923700,https://polymarket.com/zh/event/btc-updown-5m-1785923700,17:55-18:00,61.00,40.00,60.00,39.00,20.01,366.94,366.94,19.90,60.50,39.50,1.00,1.00,19891.80,20057.86,20067.86,20496.80,60,39,39,60,64102.53,64097.24,,
2026-08-05T17:58:47+08:00,btc-updown-5m-1785923700,https://polymarket.com/zh/event/btc-updown-5m-1785923700,17:55-18:00,62.00,39.00,61.00,38.00,87.40,375.86,286.29,92.40,61.50,38.50,1.00,1.00,19892.92,20067.86,20057.86,19997.92,61,38,38,61,64102.53,64097.25,,
2026-08-05T17:58:49+08:00,btc-updown-5m-1785923700,https://polymarket.com/zh/event/btc-updown-5m-1785923700,17:55-18:00,62.00,39.00,61.00,38.00,82.11,330.35,393.95,82.11,61.50,38.50,1.00,1.00,20007.92,19822.86,19812.86,19892.92,60,38,38,60,64102.53,64097.25,,
2026-08-05T17:58:51+08:00,btc-updown-5m-1785923700,https://polymarket.com/zh/event/btc-updown-5m-1785923700,17:55-18:00,62.00,39.00,61.00,38.00,80.68,332.56,332.56,80.68,61.50,38.50,1.00,1.00,20022.92,19822.86,19817.86,19907.92,60,38,38,60,64102.53,64097.24,,
2026-08-05T17:58:53+08:00,btc-updown-5m-1785923700,https://polymarket.com/zh/event/btc-updown-5m-1785923700,17:55-18:00,62.00,39.00,61.00,38.00,24.82,387.84,387.84,24.82,61.50,38.50,1.00,1.00,20436.92,19837.86,19822.86,19936.93,59,38,38,59,64102.53,64097.25,,
2026-08-05T17:58:55+08:00,btc-updown-5m-1785923700,https://polymarket.com/zh/event/btc-updown-5m-1785923700,17:55-18:00,62.00,39.00,61.00,38.00,58.14,369.22,369.22,58.14,61.50,38.50,1.00,1.00,20482.92,19817.86,19807.86,20372.92,59,38,38,59,64102.53,64097.25,,
2026-08-05T17:58:57+08:00,btc-updown-5m-1785923700,https://polymarket.com/zh/event/btc-updown-5m-1785923700,17:55-18:00,62.00,39.00,61.00,38.00,29.42,253.58,268.58,36.88,61.50,38.50,1.00,1.00,19747.92,19242.86,19242.86,20332.92,60,38,38,59,64102.53,64097.25,,
2026-08-05T17:58:59+08:00,btc-updown-5m-1785923700,https://polymarket.com/zh/event/btc-updown-5m-1785923700,17:55-18:00,56.00,45.00,55.00,44.00,230.04,1535.86,1566.31,1013.88,55.50,44.50,1.00,1.00,17080.30,20272.86,17936.87,15707.82,44,44,44,44,64102.53,64097.25,,
2026-08-05T17:59:01+08:00,btc-updown-5m-1785923700,https://polymarket.com/zh/event/btc-updown-5m-1785923700,17:55-18:00,49.00,52.00,48.00,51.00,8.55,292.06,187.75,3.65,48.50,51.50,1.00,1.00,14752.16,18534.86,18419.85,14567.16,40,48,48,41,64102.53,64085.90,,
2026-08-05T17:59:03+08:00,btc-updown-5m-1785923700,https://polymarket.com/zh/event/btc-updown-5m-1785923700,17:55-18:00,58.00,42.00,57.00,41.00,10.91,215.77,446.17,83.53,57.50,41.50,1.00,1.00,15976.16,18414.85,18409.85,15361.16,45,41,40,45,64102.53,64085.91,,
2026-08-05T17:59:05+08:00,btc-updown-5m-1785923700,https://polymarket.com/zh/event/btc-updown-5m-1785923700,17:55-18:00,67.00,34.00,66.00,33.00,128.27,47.32,129.54,169.46,66.50,33.50,1.00,1.00,15699.16,18479.85,18494.85,14714.16,50,33,33,50,64102.53,64088.12,,
2026-08-05T17:59:07+08:00,btc-updown-5m-1785923700,https://polymarket.com/zh/event/btc-updown-5m-1785923700,17:55-18:00,57.00,34.00,56.00,33.00,40.00,53.58,281.08,32.88,56.50,33.50,1.00,1.00,14709.16,18538.18,18533.18,15323.16,46,36,33,50,64102.53,64089.63,,
2026-08-05T17:59:09+08:00,btc-updown-5m-1785923700,https://polymarket.com/zh/event/btc-updown-5m-1785923700,17:55-18:00,59.00,42.00,58.00,41.00,28.72,32.78,29.85,23.08,58.50,41.50,1.00,1.00,14811.16,18390.75,18400.75,14926.16,41,37,38,41,64102.53,64089.59,,
2026-08-05T17:59:11+08:00,btc-updown-5m-1785923700,https://polymarket.com/zh/event/btc-updown-5m-1785923700,17:55-18:00,69.00,32.00,68.00,31.00,49.41,30.00,39.51,24.72,68.50,31.50,1.00,1.00,15441.16,18352.62,18372.62,14846.16,50,31,31,49,64102.53,64090.47,,
2026-08-05T17:59:13+08:00,btc-updown-5m-1785923700,https://polymarket.com/zh/event/btc-updown-5m-1785923700,17:55-18:00,70.00,31.00,69.00,30.00,41.62,14.19,14.19,43.26,69.50,30.50,1.00,1.00,14989.16,20477.61,20487.61,14899.17,47,30,30,48,64102.53,64090.47,,
2026-08-05T17:59:15+08:00,btc-updown-5m-1785923700,https://polymarket.com/zh/event/btc-updown-5m-1785923700,17:55-18:00,64.00,34.00,63.00,33.00,18.19,110.59,196.26,8.30,63.50,33.50,1.00,1.00,14662.56,20697.61,20657.61,14671.56,46,32,31,48,64102.53,64090.47,,
2026-08-05T17:59:17+08:00,btc-updown-5m-1785923700,https://polymarket.com/zh/event/btc-updown-5m-1785923700,17:55-18:00,69.00,34.00,64.00,33.00,0.24,15.73,45.00,53.20,66.50,33.50,5.00,1.00,13884.96,20747.61,20712.61,14480.96,49,30,32,49,64102.53,64090.48,,
2026-08-05T17:59:19+08:00,btc-updown-5m-1785923700,https://polymarket.com/zh/event/btc-updown-5m-1785923700,17:55-18:00,67.00,34.00,66.00,33.00,231.19,5.00,5.00,208.88,66.50,33.50,1.00,1.00,13990.96,20732.61,20722.61,14485.96,45,33,33,45,64102.53,64090.47,,
2026-08-05T17:59:21+08:00,btc-updown-5m-1785923700,https://polymarket.com/zh/event/btc-updown-5m-1785923700,17:55-18:00,68.00,33.00,67.00,32.00,26.52,292.76,323.07,26.35,67.50,32.50,1.00,1.00,14022.65,20524.28,20319.28,14502.65,47,32,32,47,64102.53,64087.64,,
2026-08-05T17:59:23+08:00,btc-updown-5m-1785923700,https://polymarket.com/zh/event/btc-updown-5m-1785923700,17:55-18:00,68.00,47.00,67.00,40.00,110.83,18.86,20.00,13.83,67.50,43.50,1.00,7.00,13902.65,20669.28,20693.28,13907.66,44,31,35,41,64102.53,64087.64,,
2026-08-05T17:59:25+08:00,btc-updown-5m-1785923700,https://polymarket.com/zh/event/btc-updown-5m-1785923700,17:55-18:00,71.00,28.00,70.00,27.00,71.26,90.56,56.87,48.20,70.50,27.50,1.00,1.00,9993.47,20660.73,19340.73,10413.48,49,29,27,44,64102.53,64088.08,,
2026-08-05T17:59:27+08:00,btc-updown-5m-1785923700,https://polymarket.com/zh/event/btc-updown-5m-1785923700,17:55-18:00,66.00,29.00,65.00,28.00,14.90,10.52,36.14,23.98,65.50,28.50,1.00,1.00,9948.48,20685.73,20690.73,10498.47,46,29,28,49,64102.53,64088.08,,
2026-08-05T17:59:29+08:00,btc-updown-5m-1785923700,https://polymarket.com/zh/event/btc-updown-5m-1785923700,17:55-18:00,59.00,40.00,54.00,39.00,5.00,115.66,70.00,14.24,56.50,39.50,5.00,1.00,10256.80,19249.07,19967.40,9676.80,42,34,32,46,64102.53,64088.08,,
2026-08-05T17:59:31+08:00,btc-updown-5m-1785923700,https://polymarket.com/zh/event/btc-updown-5m-1785923700,17:55-18:00,51.00,50.00,50.00,49.00,54.86,273.02,273.02,5.00,50.50,49.50,1.00,1.00,9120.80,20200.73,19815.73,8730.80,42,40,38,42,64102.53,64088.08,,
2026-08-05T17:59:33+08:00,btc-updown-5m-1785923700,https://polymarket.com/zh/event/btc-updown-5m-1785923700,17:55-18:00,53.00,44.00,52.00,43.00,22.96,100.00,55.66,97.98,52.50,43.50,1.00,1.00,8432.41,19690.73,19705.73,8925.81,44,41,38,48,64102.53,64088.08,,
2026-08-05T17:59:35+08:00,btc-updown-5m-1785923700,https://polymarket.com/zh/event/btc-updown-5m-1785923700,17:55-18:00,57.00,44.00,56.00,43.00,401.55,19.84,37.84,386.88,56.50,43.50,1.00,1.00,8463.16,18014.74,18009.74,8448.15,43,41,41,43,64102.53,64088.08,,
2026-08-05T17:59:37+08:00,btc-updown-5m-1785923700,https://polymarket.com/zh/event/btc-updown-5m-1785923700,17:55-18:00,46.00,55.00,45.00,54.00,255.56,1.58,6.58,230.10,45.50,54.50,1.00,1.00,8318.05,16513.09,16529.08,8323.05,37,48,48,37,64102.53,64088.08,,
2026-08-05T17:59:39+08:00,btc-updown-5m-1785923700,https://polymarket.com/zh/event/btc-updown-5m-1785923700,17:55-18:00,48.00,53.00,47.00,52.00,57.65,53.43,53.43,57.65,47.50,52.50,1.00,1.00,8312.63,16514.08,16518.08,8312.63,40,51,51,40,64102.53,64088.08,,
2026-08-05T17:59:42+08:00,btc-updown-5m-1785923700,https://polymarket.com/zh/event/btc-updown-5m-1785923700,17:55-18:00,42.00,59.00,41.00,58.00,106.70,38.12,38.12,58.83,41.50,58.50,1.00,1.00,8360.37,16518.08,16524.09,8350.37,34,50,50,34,64102.53,64090.41,,
2026-08-05T17:59:44+08:00,btc-updown-5m-1785923700,https://polymarket.com/zh/event/btc-updown-5m-1785923700,17:55-18:00,31.00,71.00,30.00,70.00,35.00,75.47,4.63,85.92,30.50,70.50,1.00,1.00,8338.47,16567.41,16561.42,8338.47,30,56,58,29,64102.53,64090.41,,
2026-08-05T17:59:46+08:00,btc-updown-5m-1785923700,https://polymarket.com/zh/event/btc-updown-5m-1785923700,17:55-18:00,41.00,60.00,40.00,59.00,15.00,13.07,94.74,52.76,40.50,59.50,1.00,1.00,7690.73,14945.43,14970.42,7680.73,35,52,49,35,64102.53,64097.12,,
2026-08-05T17:59:48+08:00,btc-updown-5m-1785923700,https://polymarket.com/zh/event/btc-updown-5m-1785923700,17:55-18:00,30.00,71.00,29.00,70.00,111.04,12.19,15.65,129.93,29.50,70.50,1.00,1.00,7938.24,14956.42,14967.42,7928.24,29,51,51,29,64102.53,64097.12,,
2026-08-05T17:59:50+08:00,btc-updown-5m-1785923700,https://polymarket.com/zh/event/btc-updown-5m-1785923700,17:55-18:00,19.00,82.00,18.00,81.00,318.51,21.24,24.12,291.12,18.50,81.50,1.00,1.00,7066.71,14249.09,14158.09,7013.09,18,53,53,18,64102.53,64097.28,,
2026-08-05T17:59:52+08:00,btc-updown-5m-1785923700,https://polymarket.com/zh/event/btc-updown-5m-1785923700,17:55-18:00,16.00,85.00,15.00,84.00,272.14,177.01,155.41,240.89,15.50,84.50,1.00,1.00,7474.09,14115.76,14100.76,7474.09,15,54,54,15,64102.53,64097.28,,
2026-08-05T17:59:54+08:00,btc-updown-5m-1785923700,https://polymarket.com/zh/event/btc-updown-5m-1785923700,17:55-18:00,9.00,94.00,8.00,93.00,157.65,23.15,25.46,143.92,8.50,93.50,1.00,1.00,7154.72,14100.76,14094.76,7091.91,8,57,58,6,64102.53,64097.27,,
2026-08-05T17:59:56+08:00,btc-updown-5m-1785923700,https://polymarket.com/zh/event/btc-updown-5m-1785923700,17:55-18:00,8.00,95.00,5.00,94.00,211.54,83.64,89.55,5.00,6.50,94.50,3.00,1.00,6236.67,20372.76,20366.76,6150.76,5,51,51,5,64102.53,64097.27,,
2026-08-05T17:59:58+08:00,btc-updown-5m-1785923700,https://polymarket.com/zh/event/btc-updown-5m-1785923700,17:55-18:00,3.00,98.00,2.00,97.00,568.35,451.53,489.91,560.12,2.50,97.50,1.00,1.00,4688.23,30038.76,30022.77,4649.85,2,55,55,2,64102.53,64097.27,,
2026-08-05T18:00:00+08:00,btc-updown-5m-1785924000,https://polymarket.com/zh/event/btc-updown-5m-1785924000,18:00-18:05,49.00,52.00,48.00,51.00,347.85,43.52,17.52,352.85,48.50,51.50,1.00,1.00,139835.10,139635.95,139900.95,140095.10,46,50,50,46,64097.27,64097.27,,
2026-08-05T18:00:02+08:00,btc-updown-5m-1785924000,https://polymarket.com/zh/event/btc-updown-5m-1785924000,18:00-18:05,54.00,47.00,53.00,46.00,36.02,694.11,696.11,26.02,53.50,46.50,1.00,1.00,17096.74,16877.60,17087.60,17351.74,53,46,46,53,64097.27,64097.26,,
2026-08-05T18:00:04+08:00,btc-updown-5m-1785924000,https://polymarket.com/zh/event/btc-updown-5m-1785924000,18:00-18:05,51.00,50.00,50.00,49.00,122.24,175.41,230.41,129.24,50.50,49.50,1.00,1.00,17686.75,17132.60,17117.60,17576.74,50,49,49,50,64097.27,64097.28,,
2026-08-05T18:00:06+08:00,btc-updown-5m-1785924000,https://polymarket.com/zh/event/btc-updown-5m-1785924000,18:00-18:05,53.00,48.00,51.00,47.00,114.09,783.63,677.99,126.09,52.00,47.50,2.00,1.00,17551.74,17037.60,16997.60,17576.74,51,47,47,52,64097.27,64097.27,,
2026-08-05T18:00:09+08:00,btc-updown-5m-1785924000,https://polymarket.com/zh/event/btc-updown-5m-1785924000,18:00-18:05,48.00,66.00,47.00,65.00,640.40,101.36,26.00,79.00,47.50,65.50,1.00,1.00,15989.74,17405.60,16219.61,15471.74,47,52,65,34,64097.27,64097.26,,
2026-08-05T18:00:11+08:00,btc-updown-5m-1785924000,https://polymarket.com/zh/event/btc-updown-5m-1785924000,18:00-18:05,39.00,62.00,38.00,61.00,7.87,757.31,750.61,10.30,38.50,61.50,1.00,1.00,15016.74,16478.93,16358.93,14716.74,38,61,61,38,64097.27,64088.08,,
2026-08-05T18:00:13+08:00,btc-updown-5m-1785924000,https://polymarket.com/zh/event/btc-updown-5m-1785924000,18:00-18:05,43.00,58.00,42.00,57.00,27.04,1002.59,1003.44,44.54,42.50,57.50,1.00,1.00,14735.07,16357.60,16352.60,14735.07,42,57,57,42,64097.27,64086.76,,
2026-08-05T18:00:15+08:00,btc-updown-5m-1785924000,https://polymarket.com/zh/event/btc-updown-5m-1785924000,18:00-18:05,44.00,57.00,43.00,56.00,33.31,705.67,778.35,10.58,43.50,56.50,1.00,1.00,15594.87,17135.20,17030.21,15669.07,43,56,56,43,64097.27,64086.77,,
2026-08-05T18:00:16+08:00,btc-updown-5m-1785924000,https://polymarket.com/zh/event/btc-updown-5m-1785924000,18:00-18:05,45.00,56.00,44.00,55.00,84.18,808.35,808.35,89.18,44.50,55.50,1.00,1.00,15669.07,17731.94,17651.93,15674.07,44,55,55,44,64097.27,64086.76,,
2026-08-05T18:00:18+08:00,btc-updown-5m-1785924000,https://polymarket.com/zh/event/btc-updown-5m-1785924000,18:00-18:05,41.00,60.00,40.00,59.00,75.00,155.54,132.19,270.78,40.50,59.50,1.00,1.00,15504.07,16771.94,16301.93,14939.07,40,59,59,40,64097.27,64086.76,,
2026-08-05T18:00:20+08:00,btc-updown-5m-1785924000,https://polymarket.com/zh/event/btc-updown-5m-1785924000,18:00-18:05,41.00,60.00,40.00,59.00,150.51,268.72,268.72,83.01,40.50,59.50,1.00,1.00,13489.07,15481.93,15481.93,13474.07,40,59,59,40,64097.27,64086.77,,
2026-08-05T18:00:22+08:00,btc-updown-5m-1785924000,https://polymarket.com/zh/event/btc-updown-5m-1785924000,18:00-18:05,41.00,60.00,40.00,59.00,40.80,322.97,328.39,45.80,40.50,59.50,1.00,1.00,13494.07,15486.93,15386.93,13474.07,40,59,59,40,64097.27,64086.77,,
2026-08-05T18:00:24+08:00,btc-updown-5m-1785924000,https://polymarket.com/zh/event/btc-updown-5m-1785924000,18:00-18:05,41.00,60.00,40.00,59.00,23.84,263.98,265.65,23.84,40.50,59.50,1.00,1.00,13259.07,15246.93,15236.93,13244.07,40,59,59,40,64097.27,64086.77,,
2026-08-05T18:00:26+08:00,btc-updown-5m-1785924000,https://polymarket.com/zh/event/btc-updown-5m-1785924000,18:00-18:05,42.00,59.00,41.00,58.00,93.00,725.44,725.44,55.00,41.50,58.50,1.00,1.00,13241.67,14449.53,14459.53,13251.67,41,58,58,41,64097.27,64086.77,,
2026-08-05T18:00:28+08:00,btc-updown-5m-1785924000,https://polymarket.com/zh/event/btc-updown-5m-1785924000,18:00-18:05,42.00,59.00,41.00,58.00,45.00,742.90,715.94,50.00,41.50,58.50,1.00,1.00,13346.06,14204.53,14134.53,13346.06,41,58,58,41,64097.27,64086.77,,
2026-08-05T18:00:30+08:00,btc-updown-5m-1785924000,https://polymarket.com/zh/event/btc-updown-5m-1785924000,18:00-18:05,44.00,57.00,43.00,56.00,11.59,958.45,797.45,5.00,43.50,56.50,1.00,1.00,13311.35,14453.51,14558.51,13301.35,43,56,55,43,64097.27,64086.77,,
2026-08-05T18:00:32+08:00,btc-updown-5m-1785924000,https://polymarket.com/zh/event/btc-updown-5m-1785924000,18:00-18:05,50.00,49.00,49.00,48.00,67.75,637.63,1255.77,25.00,49.50,48.50,1.00,1.00,13483.05,13610.91,13540.91,13483.05,49,50,48,51,64097.27,64086.88,,
2026-08-05T18:00:35+08:00,btc-updown-5m-1785924000,https://polymarket.com/zh/event/btc-updown-5m-1785924000,18:00-18:05,52.00,49.00,51.00,48.00,165.76,610.86,615.86,160.76,51.50,48.50,1.00,1.00,13268.05,13285.91,13265.91,13463.06,51,48,48,51,64097.27,64091.41,,
2026-08-05T18:00:37+08:00,btc-updown-5m-1785924000,https://polymarket.com/zh/event/btc-updown-5m-1785924000,18:00-18:05,52.00,49.00,51.00,48.00,160.76,610.86,610.86,160.76,51.50,48.50,1.00,1.00,13463.06,13265.91,13265.91,13463.06,51,48,48,51,64097.27,64091.41,,
2026-08-05T18:00:39+08:00,btc-updown-5m-1785924000,https://polymarket.com/zh/event/btc-updown-5m-1785924000,18:00-18:05,48.00,53.00,47.00,52.00,587.97,5.50,5.50,589.96,47.50,52.50,1.00,1.00,13243.05,13355.91,13370.91,13243.05,47,52,52,47,64097.27,64091.42,,
2026-08-05T18:00:41+08:00,btc-updown-5m-1785924000,https://polymarket.com/zh/event/btc-updown-5m-1785924000,18:00-18:05,46.00,55.00,45.00,54.00,745.95,236.54,236.54,745.95,45.50,54.50,1.00,1.00,13160.05,13282.58,13277.59,13105.05,45,54,54,45,64097.27,64091.42,,
2026-08-05T18:00:43+08:00,btc-updown-5m-1785924000,https://polymarket.com/zh/event/btc-updown-5m-1785924000,18:00-18:05,46.00,55.00,45.00,54.00,34.00,681.49,681.49,34.00,45.50,54.50,1.00,1.00,13105.05,13232.58,13237.58,13120.05,45,54,54,45,64097.27,64091.42,,
2026-08-05T18:00:45+08:00,btc-updown-5m-1785924000,https://polymarket.com/zh/event/btc-updown-5m-1785924000,18:00-18:05,46.00,55.00,45.00,54.00,29.00,669.67,669.67,29.00,45.50,54.50,1.00,1.00,13165.05,13247.59,13247.59,13165.05,45,54,54,45,64097.27,64091.41,,
2026-08-05T18:00:47+08:00,btc-updown-5m-1785924000,https://polymarket.com/zh/event/btc-updown-5m-1785924000,18:00-18:05,47.00,54.00,46.00,53.00,0.74,1498.28,1493.28,0.74,46.50,53.50,1.00,1.00,13170.05,13002.59,12982.58,13155.05,46,53,53,46,64097.27,64091.42,,
2026-08-05T18:00:49+08:00,btc-updown-5m-1785924000,https://polymarket.com/zh/event/btc-updown-5m-1785924000,18:00-18:05,51.00,50.00,50.00,49.00,79.00,961.85,1125.40,94.00,50.50,49.50,1.00,1.00,13275.05,12877.58,13122.58,13255.05,50,49,49,50,64097.27,64091.42,,
2026-08-05T18:00:51+08:00,btc-updown-5m-1785924000,https://polymarket.com/zh/event/btc-updown-5m-1785924000,18:00-18:05,47.00,54.00,46.00,53.00,65.87,795.42,795.42,60.87,46.50,53.50,1.00,1.00,13155.05,13122.58,13232.58,13160.05,46,53,53,46,64097.27,64091.42,,
2026-08-05T18:00:53+08:00,btc-updown-5m-1785924000,https://polymarket.com/zh/event/btc-updown-5m-1785924000,18:00-18:05,47.00,54.00,46.00,53.00,617.12,171.10,173.88,627.12,46.50,53.50,1.00,1.00,13160.05,13227.58,13137.58,13175.05,46,53,53,46,64097.27,64091.42,,
2026-08-05T18:00:55+08:00,btc-updown-5m-1785924000,https://polymarket.com/zh/event/btc-updown-5m-1785924000,18:00-18:05,47.00,54.00,46.00,53.00,497.64,154.98,154.98,497.64,46.50,53.50,1.00,1.00,12920.05,12982.58,12882.58,12920.05,46,53,53,46,64097.27,64091.42,,
2026-08-05T18:00:57+08:00,btc-updown-5m-1785924000,https://polymarket.com/zh/event/btc-updown-5m-1785924000,18:00-18:05,47.00,54.00,46.00,53.00,202.18,222.15,204.98,208.23,46.50,53.50,1.00,1.00,12635.05,12767.59,12642.58,12635.05,46,53,53,46,64097.27,64091.42,,
2026-08-05T18:00:59+08:00,btc-updown-5m-1785924000,https://polymarket.com/zh/event/btc-updown-5m-1785924000,18:00-18:05,47.00,54.00,46.00,53.00,15.69,376.72,538.18,15.69,46.50,53.50,1.00,1.00,12680.05,12507.58,12497.58,12680.05,46,53,53,46,64097.27,64091.42,,
2026-08-05T18:01:02+08:00,btc-updown-5m-1785924000,https://polymarket.com/zh/event/btc-updown-5m-1785924000,18:00-18:05,47.00,54.00,46.00,53.00,36.43,483.88,712.16,31.43,46.50,53.50,1.00,1.00,16892.05,16705.58,16736.59,16897.05,46,53,53,46,64097.27,64091.41,,
2026-08-05T18:01:04+08:00,btc-updown-5m-1785924000,https://polymarket.com/zh/event/btc-updown-5m-1785924000,18:00-18:05,43.00,58.00,42.00,57.00,817.82,121.23,49.23,705.08,42.50,57.50,1.00,1.00,16392.05,17489.58,17415.58,16407.05,42,57,57,42,64097.27,64089.66,,
2026-08-05T18:01:06+08:00,btc-updown-5m-1785924000,https://polymarket.com/zh/event/btc-updown-5m-1785924000,18:00-18:05,44.00,57.00,43.00,56.00,19.20,1033.20,626.41,19.20,43.50,56.50,1.00,1.00,16147.05,17920.58,18010.59,16142.05,43,56,56,43,64097.27,64087.57,,
2026-08-05T18:01:07+08:00,btc-updown-5m-1785924000,https://polymarket.com/zh/event/btc-updown-5m-1785924000,18:00-18:05,46.00,55.00,45.00,54.00,135.33,1024.19,1015.49,140.33,45.50,54.50,1.00,1.00,16232.05,17163.91,17159.91,16232.05,45,54,54,45,64097.27,64087.56,,
2026-08-05T18:01:10+08:00,btc-updown-5m-1785924000,https://polymarket.com/zh/event/btc-updown-5m-1785924000,18:00-18:05,46.00,55.00,45.00,54.00,85.00,3436.11,3380.72,185.00,45.50,54.50,1.00,1.00,15997.05,16577.91,16573.92,15987.05,45,54,54,45,64097.27,64087.56,,
2026-08-05T18:01:11+08:00,btc-updown-5m-1785924000,https://polymarket.com/zh/event/btc-updown-5m-1785924000,18:00-18:05,46.00,55.00,45.00,54.00,121.13,3467.63,3504.00,121.13,45.50,54.50,1.00,1.00,15982.05,16793.91,16808.91,16007.05,45,54,54,45,64097.27,64087.56,,
2026-08-05T18:01:14+08:00,btc-updown-5m-1785924000,https://polymarket.com/zh/event/btc-updown-5m-1785924000,18:00-18:05,46.00,55.00,45.00,54.00,37.00,3068.70,3087.44,37.00,45.50,54.50,1.00,1.00,15885.05,16800.91,16716.91,15905.05,45,54,54,45,64097.27,64087.57,,
2026-08-05T18:01:15+08:00,btc-updown-5m-1785924000,https://polymarket.com/zh/event/btc-updown-5m-1785924000,18:00-18:05,46.00,55.00,45.00,54.00,26.13,2859.04,3137.95,26.13,45.50,54.50,1.00,1.00,15900.05,16811.91,16698.91,15890.05,45,54,54,45,64097.27,64087.56,,
2026-08-05T18:01:18+08:00,btc-updown-5m-1785924000,https://polymarket.com/zh/event/btc-updown-5m-1785924000,18:00-18:05,54.00,47.00,53.00,46.00,12.32,454.64,459.64,12.32,53.50,46.50,1.00,1.00,17279.22,17068.57,17861.90,17004.22,53,46,46,53,64097.27,64091.41,,
2026-08-05T18:01:20+08:00,btc-updown-5m-1785924000,https://polymarket.com/zh/event/btc-updown-5m-1785924000,18:00-18:05,60.00,41.00,59.00,40.00,5.00,884.45,799.24,5.00,59.50,40.50,1.00,1.00,16999.22,17530.24,18648.57,17504.22,59,40,40,59,64097.27,64095.27,,
2026-08-05T18:01:22+08:00,btc-updown-5m-1785924000,https://polymarket.com/zh/event/btc-updown-5m-1785924000,18:00-18:05,61.00,40.00,60.00,39.00,461.13,522.14,512.45,398.04,60.50,39.50,1.00,1.00,17999.22,18711.57,18721.57,16904.22,60,39,39,60,64097.27,64095.27,,
2026-08-05T18:01:24+08:00,btc-updown-5m-1785924000,https://polymarket.com/zh/event/btc-updown-5m-1785924000,18:00-18:05,61.00,40.00,60.00,39.00,471.33,193.33,213.33,471.33,60.50,39.50,1.00,1.00,17429.23,18706.57,18726.57,17529.22,60,39,39,60,64097.27,64095.27,,
2026-08-05T18:01:26+08:00,btc-updown-5m-1785924000,https://polymarket.com/zh/event/btc-updown-5m-1785924000,18:00-18:05,56.00,49.00,51.00,48.00,5.00,93.88,155.19,234.59,53.50,48.50,5.00,1.00,16129.22,18721.57,18716.57,15804.22,51,44,48,51,64097.27,64095.27,,
2026-08-05T18:01:28+08:00,btc-updown-5m-1785924000,https://polymarket.com/zh/event/btc-updown-5m-1785924000,18:00-18:05,47.00,54.00,46.00,53.00,459.02,103.81,109.21,449.33,46.50,53.50,1.00,1.00,15839.23,17594.58,17605.58,15809.22,46,53,53,46,64097.27,64089.87,,
2026-08-05T18:01:30+08:00,btc-updown-5m-1785924000,https://polymarket.com/zh/event/btc-updown-5m-1785924000,18:00-18:05,47.00,54.00,46.00,53.00,740.13,12.00,12.00,730.13,46.50,53.50,1.00,1.00,16839.22,16849.58,16879.58,16839.22,46,53,53,46,64097.27,64089.88,,
2026-08-05T18:01:32+08:00,btc-updown-5m-1785924000,https://polymarket.com/zh/event/btc-updown-5m-1785924000,18:00-18:05,46.00,55.00,45.00,54.00,665.87,101.93,101.93,663.69,45.50,54.50,1.00,1.00,16847.03,16799.58,16925.58,16857.03,45,54,54,45,64097.27,64089.88,,
2026-08-05T18:01:34+08:00,btc-updown-5m-1785924000,https://polymarket.com/zh/event/btc-updown-5m-1785924000,18:00-18:05,46.00,55.00,45.00,54.00,740.60,73.18,75.00,740.60,45.50,54.50,1.00,1.00,16867.03,16905.58,16799.59,16852.03,45,54,54,45,64097.27,64089.88,,
2026-08-05T18:01:36+08:00,btc-updown-5m-1785924000,https://polymarket.com/zh/event/btc-updown-5m-1785924000,18:00-18:05,44.00,57.00,43.00,56.00,714.09,113.86,113.86,714.09,43.50,56.50,1.00,1.00,16852.03,16811.58,16799.59,16847.03,43,56,56,43,64097.27,64089.87,,
2026-08-05T18:01:38+08:00,btc-updown-5m-1785924000,https://polymarket.com/zh/event/btc-updown-5m-1785924000,18:00-18:05,44.00,57.00,43.00,56.00,98.53,548.20,548.20,98.53,43.50,56.50,1.00,1.00,16872.03,16565.58,16655.58,16852.03,43,56,56,43,64097.27,64089.87,,
2026-08-05T18:01:40+08:00,btc-updown-5m-1785924000,https://polymarket.com/zh/event/btc-updown-5m-1785924000,18:00-18:05,45.00,53.00,44.00,52.00,10.92,63.30,772.69,25.00,44.50,52.50,1.00,1.00,17142.03,16646.58,16630.58,17632.03,44,54,52,47,64097.27,64089.87,,
2026-08-05T18:01:42+08:00,btc-updown-5m-1785924000,https://polymarket.com/zh/event/btc-updown-5m-1785924000,18:00-18:05,55.00,46.00,54.00,45.00,68.47,478.49,478.49,68.47,54.50,45.50,1.00,1.00,17887.03,16480.58,16475.58,16902.03,54,45,45,54,64097.27,64089.88,,
2026-08-05T18:01:44+08:00,btc-updown-5m-1785924000,https://polymarket.com/zh/event/btc-updown-5m-1785924000,18:00-18:05,56.00,45.00,55.00,44.00,87.37,579.17,570.37,87.37,55.50,44.50,1.00,1.00,17892.04,17437.25,17417.25,17392.03,55,44,44,55,64097.27,64089.88,,
2026-08-05T18:01:46+08:00,btc-updown-5m-1785924000,https://polymarket.com/zh/event/btc-updown-5m-1785924000,18:00-18:05,51.00,50.00,50.00,49.00,1121.03,5.00,5.00,1121.03,50.50,49.50,1.00,1.00,16612.04,17457.25,17447.25,16502.03,50,49,49,50,64097.27,64089.88,,
2026-08-05T18:01:48+08:00,btc-updown-5m-1785924000,https://polymarket.com/zh/event/btc-updown-5m-1785924000,18:00-18:05,49.00,52.00,48.00,51.00,839.17,52.29,52.29,839.17,48.50,51.50,1.00,1.00,15737.03,16623.26,16552.25,15752.03,48,51,51,48,64097.27,64089.87,,
2026-08-05T18:01:50+08:00,btc-updown-5m-1785924000,https://polymarket.com/zh/event/btc-updown-5m-1785924000,18:00-18:05,49.00,52.00,48.00,51.00,947.51,0.01,0.01,947.51,48.50,51.50,1.00,1.00,15747.03,16867.25,16958.25,15747.03,48,51,51,48,64097.27,64089.88,,
2026-08-05T18:01:52+08:00,btc-updown-5m-1785924000,https://polymarket.com/zh/event/btc-updown-5m-1785924000,18:00-18:05,48.00,53.00,47.00,52.00,873.14,95.96,25.96,868.14,47.50,52.50,1.00,1.00,15717.03,17548.25,17447.25,15742.03,47,52,52,47,64097.27,64089.88,,
2026-08-05T18:01:54+08:00,btc-updown-5m-1785924000,https://polymarket.com/zh/event/btc-updown-5m-1785924000,18:00-18:05,48.00,53.00,47.00,52.00,825.84,42.00,42.00,825.84,47.50,52.50,1.00,1.00,17837.02,16763.26,16637.25,17847.02,47,52,52,47,64097.27,64089.88,,
2026-08-05T18:01:56+08:00,btc-updown-5m-1785924000,https://polymarket.com/zh/event/btc-updown-5m-1785924000,18:00-18:05,48.00,54.00,47.00,53.00,850.34,107.00,5.00,762.30,47.50,53.50,1.00,1.00,17837.02,16708.26,16693.25,17847.02,47,52,53,46,64097.27,64089.88,,
2026-08-05T18:01:58+08:00,btc-updown-5m-1785924000,https://polymarket.com/zh/event/btc-updown-5m-1785924000,18:00-18:05,47.00,54.00,46.00,53.00,771.34,323.62,250.83,609.04,46.50,53.50,1.00,1.00,17989.02,16793.25,16783.25,17989.02,46,53,53,46,64097.27,64089.88,,
2026-08-05T18:02:00+08:00,btc-updown-5m-1785924000,https://polymarket.com/zh/event/btc-updown-5m-1785924000,18:00-18:05,47.00,54.00,46.00,53.00,759.18,27.00,27.00,759.18,46.50,53.50,1.00,1.00,17989.02,16899.26,16802.25,16597.36,46,53,53,46,64097.27,64089.88,,
2026-08-05T18:02:02+08:00,btc-updown-5m-1785924000,https://polymarket.com/zh/event/btc-updown-5m-1785924000,18:00-18:05,47.00,55.00,46.00,54.00,777.71,49.08,6.62,988.79,46.50,54.50,1.00,1.00,17239.02,16186.25,16180.25,17174.02,46,53,54,45,64097.27,64089.87,,
2026-08-05T18:02:04+08:00,btc-updown-5m-1785924000,https://polymarket.com/zh/event/btc-updown-5m-1785924000,18:00-18:05,46.00,55.00,45.00,54.00,1048.81,11.48,11.48,825.71,45.50,54.50,1.00,1.00,14889.03,16274.25,16206.25,14894.03,45,54,54,45,64097.27,64089.87,,
2026-08-05T18:02:06+08:00,btc-updown-5m-1785924000,https://polymarket.com/zh/event/btc-updown-5m-1785924000,18:00-18:05,46.00,55.00,45.00,54.00,89.20,1885.95,1561.81,84.20,45.50,54.50,1.00,1.00,14904.03,16290.25,16274.25,15144.03,45,54,54,45,64097.27,64089.88,,
2026-08-05T18:02:08+08:00,btc-updown-5m-1785924000,https://polymarket.com/zh/event/btc-updown-5m-1785924000,18:00-18:05,55.00,44.00,54.00,43.00,142.96,672.35,452.12,118.58,54.50,43.50,1.00,1.00,16164.03,16029.25,16009.25,15254.03,54,45,43,56,64097.27,64089.88,,
2026-08-05T18:02:10+08:00,btc-updown-5m-1785924000,https://polymarket.com/zh/event/btc-updown-5m-1785924000,18:00-18:05,61.00,39.00,60.00,38.00,246.23,372.57,585.91,96.99,60.50,38.50,1.00,1.00,15139.03,16834.24,16844.24,15659.03,60,39,38,61,64097.27,64089.88,,
2026-08-05T18:02:12+08:00,btc-updown-5m-1785924000,https://polymarket.com/zh/event/btc-updown-5m-1785924000,18:00-18:05,62.00,39.00,61.00,38.00,94.38,643.68,600.21,94.29,61.50,38.50,1.00,1.00,15154.03,17138.25,17143.66,15649.03,61,38,38,61,64097.27,64089.88,,
2026-08-05T18:02:14+08:00,btc-updown-5m-1785924000,https://polymarket.com/zh/event/btc-updown-5m-1785924000,18:00-18:05,62.00,39.00,61.00,38.00,101.22,437.22,437.22,101.22,61.50,38.50,1.00,1.00,15259.03,17201.19,17191.19,15754.03,61,38,38,61,64097.27,64089.88,,
2026-08-05T18:02:16+08:00,btc-updown-5m-1785924000,https://polymarket.com/zh/event/btc-updown-5m-1785924000,18:00-18:05,62.00,39.00,61.00,38.00,123.22,325.58,413.41,187.29,61.50,38.50,1.00,1.00,16254.03,16375.88,16365.88,15744.03,61,38,38,61,64097.27,64089.88,,
2026-08-05T18:02:18+08:00,btc-updown-5m-1785924000,https://polymarket.com/zh/event/btc-updown-5m-1785924000,18:00-18:05,62.00,45.00,61.00,44.00,311.27,10.85,29.21,516.15,61.50,44.50,1.00,1.00,15899.03,16425.88,16410.88,16359.04,61,38,44,55,64097.27,64089.88,,
2026-08-05T18:02:20+08:00,btc-updown-5m-1785924000,https://polymarket.com/zh/event/btc-updown-5m-1785924000,18:00-18:05,56.00,45.00,55.00,44.00,107.42,217.75,668.82,519.44,55.50,44.50,1.00,1.00,16149.03,16222.54,16222.53,16249.03,55,44,44,55,64097.27,64089.87,,
2026-08-05T18:02:22+08:00,btc-updown-5m-1785924000,https://polymarket.com/zh/event/btc-updown-5m-1785924000,18:00-18:05,40.00,61.00,39.00,60.00,137.68,493.54,228.63,25.12,39.50,60.50,1.00,1.00,16858.39,17844.05,17849.05,16873.39,39,60,60,39,64097.27,64085.90,,
2026-08-05T18:02:24+08:00,btc-updown-5m-1785924000,https://polymarket.com/zh/event/btc-updown-5m-1785924000,18:00-18:05,42.00,59.00,41.00,58.00,38.98,1297.82,1297.82,32.98,41.50,58.50,1.00,1.00,16877.69,17910.57,17804.57,16857.69,41,58,58,41,64097.27,64085.90,,
2026-08-05T18:02:26+08:00,btc-updown-5m-1785924000,https://polymarket.com/zh/event/btc-updown-5m-1785924000,18:00-18:05,29.00,72.00,28.00,71.00,114.11,267.69,174.12,39.60,28.50,71.50,1.00,1.00,11575.36,17943.84,17947.84,11650.36,28,71,71,28,64097.27,64084.44,,
2026-08-05T18:02:28+08:00,btc-updown-5m-1785924000,https://polymarket.com/zh/event/btc-updown-5m-1785924000,18:00-18:05,29.00,72.00,28.00,71.00,84.82,686.16,687.65,67.57,28.50,71.50,1.00,1.00,15877.36,18057.84,18077.84,15872.36,28,71,71,28,64097.27,64080.17,,
2026-08-05T18:02:30+08:00,btc-updown-5m-1785924000,https://polymarket.com/zh/event/btc-updown-5m-1785924000,18:00-18:05,27.00,74.00,26.00,73.00,15.61,590.14,589.76,0.79,26.50,73.50,1.00,1.00,11257.01,17878.84,17862.84,11252.01,26,73,73,26,64097.27,64067.36,,
2026-08-05T18:02:32+08:00,btc-updown-5m-1785924000,https://polymarket.com/zh/event/btc-updown-5m-1785924000,18:00-18:05,30.00,71.00,29.00,70.00,115.00,225.36,234.72,145.24,29.50,70.50,1.00,1.00,11445.34,18082.84,18193.84,11445.34,29,70,70,29,64097.27,64073.20,,
2026-08-05T18:02:34+08:00,btc-updown-5m-1785924000,https://polymarket.com/zh/event/btc-updown-5m-1785924000,18:00-18:05,22.00,79.00,21.00,78.00,696.96,77.06,115.84,696.96,21.50,78.50,1.00,1.00,11279.03,18375.70,18274.71,11308.70,21,78,78,21,64097.27,64073.19,,
2026-08-05T18:02:36+08:00,btc-updown-5m-1785924000,https://polymarket.com/zh/event/btc-updown-5m-1785924000,18:00-18:05,19.00,83.00,18.00,82.00,648.55,10.00,35.00,601.01,18.50,82.50,1.00,1.00,11813.70,18291.71,18370.70,11903.70,18,81,82,17,64097.27,64073.19,,
2026-08-05T18:02:38+08:00,btc-updown-5m-1785924000,https://polymarket.com/zh/event/btc-updown-5m-1785924000,18:00-18:05,13.00,89.00,12.00,88.00,276.46,332.33,11.13,123.29,12.50,88.50,1.00,1.00,12712.39,18375.49,18265.49,12870.19,12,87,88,11,64097.27,64067.32,,
2026-08-05T18:02:40+08:00,btc-updown-5m-1785924000,https://polymarket.com/zh/event/btc-updown-5m-1785924000,18:00-18:05,12.00,89.00,11.00,88.00,128.22,127.00,129.50,184.50,11.50,88.50,1.00,1.00,12593.50,18170.08,18253.08,12618.50,11,88,88,11,64097.27,64067.32,,
2026-08-05T18:02:42+08:00,btc-updown-5m-1785924000,https://polymarket.com/zh/event/btc-updown-5m-1785924000,18:00-18:05,11.00,90.00,10.00,89.00,105.47,237.09,399.48,80.47,10.50,89.50,1.00,1.00,12734.61,18150.08,18045.08,12774.61,10,89,89,10,64097.27,64067.32,,
2026-08-05T18:02:44+08:00,btc-updown-5m-1785924000,https://polymarket.com/zh/event/btc-updown-5m-1785924000,18:00-18:05,10.00,91.00,9.00,90.00,1208.99,265.79,265.79,1218.99,9.50,90.50,1.00,1.00,12515.34,18341.24,18415.24,12450.34,9,90,90,9,64097.27,64067.32,,
2026-08-05T18:02:46+08:00,btc-updown-5m-1785924000,https://polymarket.com/zh/event/btc-updown-5m-1785924000,18:00-18:05,10.00,91.00,9.00,90.00,893.91,208.01,216.31,907.87,9.50,90.50,1.00,1.00,11511.19,18515.24,18520.24,11581.19,9,90,90,9,64097.27,64065.65,,
2026-08-05T18:02:48+08:00,btc-updown-5m-1785924000,https://polymarket.com/zh/event/btc-updown-5m-1785924000,18:00-18:05,10.00,91.00,9.00,90.00,476.65,516.02,521.02,476.65,9.50,90.50,1.00,1.00,12530.88,18314.24,18420.25,12525.88,9,90,90,9,64097.27,64067.18,,
2026-08-05T18:02:50+08:00,btc-updown-5m-1785924000,https://polymarket.com/zh/event/btc-updown-5m-1785924000,18:00-18:05,10.00,91.00,9.00,90.00,653.25,343.97,338.97,653.25,9.50,90.50,1.00,1.00,12015.65,18419.24,18425.25,12035.65,9,90,90,9,64097.27,64067.19,,
2026-08-05T18:02:51+08:00,btc-updown-5m-1785924000,https://polymarket.com/zh/event/btc-updown-5m-1785924000,18:00-18:05,10.00,91.00,9.00,90.00,673.04,318.67,313.67,673.04,9.50,90.50,1.00,1.00,12190.65,18388.44,18279.43,12185.65,9,90,90,9,64097.27,64067.19,,
2026-08-05T18:02:53+08:00,btc-updown-5m-1785924000,https://polymarket.com/zh/event/btc-updown-5m-1785924000,18:00-18:05,10.00,91.00,9.00,90.00,612.64,223.39,218.39,593.38,9.50,90.50,1.00,1.00,12102.84,18272.44,18382.43,12097.84,9,90,90,9,64097.27,64067.19,,
2026-08-05T18:02:56+08:00,btc-updown-5m-1785924000,https://polymarket.com/zh/event/btc-updown-5m-1785924000,18:00-18:05,7.00,94.00,6.00,93.00,298.43,966.26,921.26,238.02,6.50,93.50,1.00,1.00,11280.34,18288.43,18414.44,11185.34,6,93,93,6,64097.27,64066.95,,
2026-08-05T18:02:58+08:00,btc-updown-5m-1785924000,https://polymarket.com/zh/event/btc-updown-5m-1785924000,18:00-18:05,8.00,93.00,7.00,92.00,426.51,69.62,69.62,426.51,7.50,92.50,1.00,1.00,11417.27,18393.43,18510.43,11417.27,7,92,92,7,64097.27,64066.96,,
2026-08-05T18:03:00+08:00,btc-updown-5m-1785924000,https://polymarket.com/zh/event/btc-updown-5m-1785924000,18:00-18:05,15.00,85.00,14.00,83.00,2.62,514.00,561.23,8.62,14.50,84.00,1.00,2.00,15674.34,18244.43,18239.43,16778.15,14,85,83,15,64097.27,64066.96,,
2026-08-05T18:03:02+08:00,btc-updown-5m-1785924000,https://polymarket.com/zh/event/btc-updown-5m-1785924000,18:00-18:05,36.00,65.00,35.00,64.00,27.62,831.02,676.02,27.62,35.50,64.50,1.00,1.00,17400.58,17429.44,17424.43,17947.91,35,64,64,35,64097.27,64080.15,,
2026-08-05T18:03:04+08:00,btc-updown-5m-1785924000,https://polymarket.com/zh/event/btc-updown-5m-1785924000,18:00-18:05,43.00,58.00,42.00,57.00,5.00,240.16,151.75,99.31,42.50,57.50,1.00,1.00,18565.81,18707.10,19523.42,19424.14,42,57,57,42,64097.27,64084.43,,
2026-08-05T18:03:06+08:00,btc-updown-5m-1785924000,https://polymarket.com/zh/event/btc-updown-5m-1785924000,18:00-18:05,41.00,60.00,40.00,59.00,820.17,36.00,16.00,826.71,40.50,59.50,1.00,1.00,17187.48,17474.44,17444.43,17192.48,40,59,59,40,64097.27,64084.43,,
2026-08-05T18:03:08+08:00,btc-updown-5m-1785924000,https://polymarket.com/zh/event/btc-updown-5m-1785924000,18:00-18:05,39.00,62.00,38.00,61.00,1072.21,12.70,12.70,1072.21,38.50,61.50,1.00,1.00,17182.48,17444.43,17545.43,17197.48,38,61,61,38,64097.27,64087.95,,
2026-08-05T18:03:10+08:00,btc-updown-5m-1785924000,https://polymarket.com/zh/event/btc-updown-5m-1785924000,18:00-18:05,49.00,52.00,48.00,51.00,83.24,379.48,5.00,225.21,48.50,51.50,1.00,1.00,17402.48,17564.43,17353.43,17507.48,48,51,51,48,64097.27,64087.95,,
2026-08-05T18:03:12+08:00,btc-updown-5m-1785924000,https://polymarket.com/zh/event/btc-updown-5m-1785924000,18:00-18:05,45.00,56.00,44.00,55.00,669.80,3.21,225.32,750.80,44.50,55.50,1.00,1.00,17707.48,16699.43,16598.43,17722.48,44,55,55,44,64097.27,64087.95,,
2026-08-05T18:03:14+08:00,btc-updown-5m-1785924000,https://polymarket.com/zh/event/btc-updown-5m-1785924000,18:00-18:05,43.00,58.00,42.00,57.00,836.42,3.34,3.34,753.30,42.50,57.50,1.00,1.00,17697.48,17072.25,17045.24,17692.48,42,57,57,42,64097.27,64089.87,,
2026-08-05T18:03:16+08:00,btc-updown-5m-1785924000,https://polymarket.com/zh/event/btc-updown-5m-1785924000,18:00-18:05,41.00,60.00,40.00,59.00,724.13,61.10,88.60,722.32,40.50,59.50,1.00,1.00,17792.48,17461.25,17375.24,17792.48,40,59,59,40,64097.27,64089.87,,
2026-08-05T18:03:18+08:00,btc-updown-5m-1785924000,https://polymarket.com/zh/event/btc-updown-5m-1785924000,18:00-18:05,39.00,62.00,38.00,61.00,831.71,12.45,12.45,954.05,38.50,61.50,1.00,1.00,17787.48,17201.24,17280.24,17787.48,38,61,61,38,64097.27,64089.88,,
2026-08-05T18:03:20+08:00,btc-updown-5m-1785924000,https://polymarket.com/zh/event/btc-updown-5m-1785924000,18:00-18:05,38.00,63.00,37.00,62.00,698.72,97.20,113.08,696.08,37.50,62.50,1.00,1.00,17817.48,16992.24,16890.24,17772.48,37,62,62,37,64097.27,64089.88,,
2026-08-05T18:03:22+08:00,btc-updown-5m-1785924000,https://polymarket.com/zh/event/btc-updown-5m-1785924000,18:00-18:05,38.00,63.00,37.00,62.00,721.64,66.82,61.82,716.52,37.50,62.50,1.00,1.00,17802.48,16924.43,16813.44,17792.48,37,62,62,37,64097.27,64089.88,,
2026-08-05T18:03:24+08:00,btc-updown-5m-1785924000,https://polymarket.com/zh/event/btc-updown-5m-1785924000,18:00-18:05,38.00,63.00,37.00,62.00,716.60,29.54,29.54,713.96,37.50,62.50,1.00,1.00,17792.48,16820.44,16819.43,17802.48,37,62,62,37,64097.27,64089.88,,
2026-08-05T18:03:26+08:00,btc-updown-5m-1785924000,https://polymarket.com/zh/event/btc-updown-5m-1785924000,18:00-18:05,37.00,64.00,36.00,63.00,825.69,144.94,144.94,822.98,36.50,63.50,1.00,1.00,18297.48,17005.43,16924.43,18312.48,36,63,63,36,64097.27,64089.88,,
2026-08-05T18:03:28+08:00,btc-updown-5m-1785924000,https://polymarket.com/zh/event/btc-updown-5m-1785924000,18:00-18:05,38.00,63.00,37.00,62.00,26.34,833.97,824.71,26.34,37.50,62.50,1.00,1.00,18312.48,16674.44,16664.43,18302.48,37,61,61,37,64097.27,64089.88,,
2026-08-05T18:03:30+08:00,btc-updown-5m-1785924000,https://polymarket.com/zh/event/btc-updown-5m-1785924000,18:00-18:05,38.00,63.00,37.00,62.00,23.70,800.56,810.56,28.70,37.50,62.50,1.00,1.00,18312.48,16590.44,16769.44,18104.14,37,62,62,37,64097.27,64089.88,,
2026-08-05T18:03:32+08:00,btc-updown-5m-1785924000,https://polymarket.com/zh/event/btc-updown-5m-1785924000,18:00-18:05,39.00,62.00,38.00,61.00,8.45,579.40,579.40,13.45,38.50,61.50,1.00,1.00,18094.05,16320.99,16435.99,18119.05,38,61,61,38,64097.27,64089.88,,
2026-08-05T18:03:34+08:00,btc-updown-5m-1785924000,https://polymarket.com/zh/event/btc-updown-5m-1785924000,18:00-18:05,40.00,61.00,39.00,60.00,6.99,518.43,518.43,6.99,39.50,60.50,1.00,1.00,19876.04,16581.99,16670.99,19831.04,39,60,60,39,64097.27,64089.88,,
2026-08-05T18:03:36+08:00,btc-updown-5m-1785924000,https://polymarket.com/zh/event/btc-updown-5m-1785924000,18:00-18:05,40.00,61.00,39.00,60.00,914.65,5.00,105.00,939.62,39.50,60.50,1.00,1.00,19871.04,16576.00,16696.00,19881.04,38,60,60,38,64097.27,64089.87,,
2026-08-05T18:03:38+08:00,btc-updown-5m-1785924000,https://polymarket.com/zh/event/btc-updown-5m-1785924000,18:00-18:05,36.00,65.00,35.00,64.00,669.59,66.00,66.00,521.27,35.50,64.50,1.00,1.00,19876.04,16599.72,16704.72,19876.04,35,63,63,35,64097.27,64089.88,,
2026-08-05T18:03:40+08:00,btc-updown-5m-1785924000,https://polymarket.com/zh/event/btc-updown-5m-1785924000,18:00-18:05,45.00,56.00,44.00,55.00,45.98,706.19,515.50,45.98,44.50,55.50,1.00,1.00,19871.04,18481.05,18417.05,19861.04,44,55,55,44,64097.27,64089.88,,
2026-08-05T18:03:41+08:00,btc-updown-5m-1785924000,https://polymarket.com/zh/event/btc-updown-5m-1785924000,18:00-18:05,44.00,57.00,43.00,56.00,355.20,64.45,94.45,355.20,43.50,56.50,1.00,1.00,17589.05,18657.05,18657.05,17574.05,43,56,56,43,64097.27,64089.88,,
2026-08-05T18:03:43+08:00,btc-updown-5m-1785924000,https://polymarket.com/zh/event/btc-updown-5m-1785924000,18:00-18:05,42.00,59.00,41.00,58.00,559.17,142.19,73.30,547.26,41.50,58.50,1.00,1.00,17697.05,16891.53,16787.53,17682.05,41,58,58,41,64097.27,64089.88,,
2026-08-05T18:03:45+08:00,btc-updown-5m-1785924000,https://polymarket.com/zh/event/btc-updown-5m-1785924000,18:00-18:05,42.00,59.00,41.00,58.00,417.53,147.19,142.19,398.17,41.50,58.50,1.00,1.00,17702.05,16821.53,16710.53,17702.05,41,58,58,41,64097.27,64089.88,,
2026-08-05T18:03:47+08:00,btc-updown-5m-1785924000,https://polymarket.com/zh/event/btc-updown-5m-1785924000,18:00-18:05,41.00,64.00,40.00,63.00,633.41,100.29,7.29,75.00,40.50,63.50,1.00,1.00,17692.05,16870.53,16765.54,17682.05,40,59,62,36,64097.27,64089.88,,
2026-08-05T18:03:49+08:00,btc-updown-5m-1785924000,https://polymarket.com/zh/event/btc-updown-5m-1785924000,18:00-18:05,34.00,67.00,33.00,66.00,774.83,21.59,21.59,801.79,33.50,66.50,1.00,1.00,19922.04,16881.53,16886.54,19917.04,33,63,63,32,64097.27,64089.87,,
2026-08-05T18:03:51+08:00,btc-updown-5m-1785924000,https://polymarket.com/zh/event/btc-updown-5m-1785924000,18:00-18:05,34.00,67.00,33.00,66.00,763.80,17.73,17.73,763.80,33.50,66.50,1.00,1.00,19917.04,16729.72,16733.72,19927.04,32,65,65,32,64097.27,64089.87,,
2026-08-05T18:03:53+08:00,btc-updown-5m-1785924000,https://polymarket.com/zh/event/btc-updown-5m-1785924000,18:00-18:05,31.00,70.00,30.00,69.00,409.19,83.05,83.05,485.07,30.50,69.50,1.00,1.00,19907.04,16610.39,16690.39,19902.04,30,69,69,30,64097.27,64089.87,,
2026-08-05T18:03:55+08:00,btc-updown-5m-1785924000,https://polymarket.com/zh/event/btc-updown-5m-1785924000,18:00-18:05,31.00,70.00,30.00,69.00,450.29,40.75,43.61,450.29,30.50,69.50,1.00,1.00,19944.04,16600.40,16607.39,19959.04,30,69,69,30,64097.27,64089.88,,
2026-08-05T18:03:57+08:00,btc-updown-5m-1785924000,https://polymarket.com/zh/event/btc-updown-5m-1785924000,18:00-18:05,31.00,70.00,30.00,69.00,277.95,52.70,52.70,277.95,30.50,69.50,1.00,1.00,19959.04,16706.39,16701.39,19944.04,30,69,69,30,64097.27,64089.88,,
2026-08-05T18:03:59+08:00,btc-updown-5m-1785924000,https://polymarket.com/zh/event/btc-updown-5m-1785924000,18:00-18:05,31.00,70.00,30.00,69.00,304.01,126.27,51.27,207.14,30.50,69.50,1.00,1.00,19944.04,16600.39,16610.39,19959.04,30,69,67,30,64097.27,64089.88,,
2026-08-05T18:04:01+08:00,btc-updown-5m-1785924000,https://polymarket.com/zh/event/btc-updown-5m-1785924000,18:00-18:05,42.00,59.00,41.00,58.00,83.57,61.07,69.64,53.10,41.50,58.50,1.00,1.00,19953.02,18960.36,18960.36,19943.02,40,57,57,40,64097.27,64089.88,,
2026-08-05T18:04:03+08:00,btc-updown-5m-1785924000,https://polymarket.com/zh/event/btc-updown-5m-1785924000,18:00-18:05,49.00,52.00,48.00,51.00,556.71,95.00,159.00,551.71,48.50,51.50,1.00,1.00,19443.02,18425.36,18331.36,19443.02,45,50,50,45,64097.27,64089.88,,
2026-08-05T18:04:05+08:00,btc-updown-5m-1785924000,https://polymarket.com/zh/event/btc-updown-5m-1785924000,18:00-18:05,37.00,65.00,36.00,64.00,300.60,6.00,20.47,480.50,36.50,64.50,1.00,1.00,19443.02,18834.37,18561.36,19253.02,36,61,61,35,64097.27,64089.88,,
2026-08-05T18:04:07+08:00,btc-updown-5m-1785924000,https://polymarket.com/zh/event/btc-updown-5m-1785924000,18:00-18:05,33.00,68.00,32.00,67.00,119.69,203.86,203.86,274.87,32.50,67.50,1.00,1.00,19233.02,17795.37,17704.37,19243.02,32,61,63,32,64097.27,64089.88,,
2026-08-05T18:04:09+08:00,btc-updown-5m-1785924000,https://polymarket.com/zh/event/btc-updown-5m-1785924000,18:00-18:05,33.00,68.00,32.00,67.00,132.03,327.21,327.21,142.03,32.50,67.50,1.00,1.00,19273.02,17679.37,17694.37,19283.02,32,64,64,32,64097.27,64089.87,,
2026-08-05T18:04:11+08:00,btc-updown-5m-1785924000,https://polymarket.com/zh/event/btc-updown-5m-1785924000,18:00-18:05,33.00,68.00,32.00,67.00,308.13,318.78,318.78,138.60,32.50,67.50,1.00,1.00,19248.02,17774.37,17700.38,19263.02,32,64,64,32,64097.27,64089.87,,
2026-08-05T18:04:13+08:00,btc-updown-5m-1785924000,https://polymarket.com/zh/event/btc-updown-5m-1785924000,18:00-18:05,27.00,74.00,26.00,73.00,795.85,18.14,18.14,638.15,26.50,73.50,1.00,1.00,19043.02,17821.18,17932.18,19018.02,26,66,65,26,64097.27,64089.87,,
2026-08-05T18:04:15+08:00,btc-updown-5m-1785924000,https://polymarket.com/zh/event/btc-updown-5m-1785924000,18:00-18:05,25.00,76.00,24.00,75.00,297.10,57.36,70.97,283.20,24.50,75.50,1.00,1.00,16683.03,18652.17,18541.18,16688.03,24,69,69,24,64097.27,64089.87,,
2026-08-05T18:04:17+08:00,btc-updown-5m-1785924000,https://polymarket.com/zh/event/btc-updown-5m-1785924000,18:00-18:05,28.00,73.00,27.00,72.00,315.15,32.71,32.71,315.15,27.50,72.50,1.00,1.00,16608.03,18542.17,18636.17,16608.03,27,65,65,27,64097.27,64089.87,,
2026-08-05T18:04:19+08:00,btc-updown-5m-1785924000,https://polymarket.com/zh/event/btc-updown-5m-1785924000,18:00-18:05,24.00,78.00,23.00,77.00,341.93,87.00,21.00,455.74,23.50,77.50,1.00,1.00,16668.03,18756.18,18642.17,16628.03,23,70,72,22,64097.27,64089.87,,
2026-08-05T18:04:21+08:00,btc-updown-5m-1785924000,https://polymarket.com/zh/event/btc-updown-5m-1785924000,18:00-18:05,22.00,79.00,21.00,78.00,428.77,101.83,101.83,442.77,21.50,78.50,1.00,1.00,16468.03,17078.70,17077.70,16468.03,21,71,70,21,64097.27,64089.87,,
2026-08-05T18:04:23+08:00,btc-updown-5m-1785924000,https://polymarket.com/zh/event/btc-updown-5m-1785924000,18:00-18:05,21.00,80.00,20.00,79.00,548.29,31.57,37.82,548.29,20.50,79.50,1.00,1.00,16443.03,17177.70,17002.94,16448.03,20,70,70,20,64097.27,64089.87,,
2026-08-05T18:04:25+08:00,btc-updown-5m-1785924000,https://polymarket.com/zh/event/btc-updown-5m-1785924000,18:00-18:05,20.00,82.00,19.00,81.00,356.03,51.72,17.99,260.43,19.50,81.50,1.00,1.00,16408.03,16983.93,17077.93,16408.03,19,71,72,18,64097.27,64089.88,,
2026-08-05T18:04:27+08:00,btc-updown-5m-1785924000,https://polymarket.com/zh/event/btc-updown-5m-1785924000,18:00-18:05,17.00,84.00,16.00,83.00,280.00,24.01,48.07,569.57,16.50,83.50,1.00,1.00,17024.81,16987.93,17097.93,17024.81,16,71,71,16,64097.27,64089.88,,
2026-08-05T18:04:29+08:00,btc-updown-5m-1785924000,https://polymarket.com/zh/event/btc-updown-5m-1785924000,18:00-18:05,15.00,86.00,14.00,85.00,422.73,64.60,144.60,422.73,14.50,85.50,1.00,1.00,17096.30,17097.94,17077.93,17096.30,14,74,75,14,64097.27,64089.88,,
2026-08-05T18:04:31+08:00,btc-updown-5m-1785924000,https://polymarket.com/zh/event/btc-updown-5m-1785924000,18:00-18:05,13.00,88.00,12.00,87.00,323.20,94.46,103.25,323.20,12.50,87.50,1.00,1.00,16277.50,16438.93,16448.93,16272.50,12,78,77,12,64097.27,64089.87,,
2026-08-05T18:04:33+08:00,btc-updown-5m-1785924000,https://polymarket.com/zh/event/btc-updown-5m-1785924000,18:00-18:05,13.00,88.00,12.00,87.00,355.09,162.94,37.04,48.71,12.50,87.50,1.00,1.00,16027.50,15006.60,14990.60,15991.01,12,78,78,12,64097.27,64089.88,,
2026-08-05T18:04:35+08:00,btc-updown-5m-1785924000,https://polymarket.com/zh/event/btc-updown-5m-1785924000,18:00-18:05,18.00,85.00,17.00,83.00,56.29,65.00,40.94,15.00,17.50,84.00,1.00,2.00,14914.38,13459.61,13544.61,14842.46,17,77,78,14,64097.27,64089.88,,
2026-08-05T18:04:37+08:00,btc-updown-5m-1785924000,https://polymarket.com/zh/event/btc-updown-5m-1785924000,18:00-18:05,13.00,88.00,12.00,87.00,539.02,29.60,45.77,521.67,12.50,87.50,1.00,1.00,14626.15,13554.61,13538.62,14626.15,12,81,80,12,64097.27,64089.88,,
2026-08-05T18:04:39+08:00,btc-updown-5m-1785924000,https://polymarket.com/zh/event/btc-updown-5m-1785924000,18:00-18:05,12.00,89.00,11.00,88.00,345.42,36.60,36.60,345.42,11.50,88.50,1.00,1.00,14029.37,13533.61,13545.61,14029.37,11,79,77,11,64097.27,64089.88,,
2026-08-05T18:04:41+08:00,btc-updown-5m-1785924000,https://polymarket.com/zh/event/btc-updown-5m-1785924000,18:00-18:05,11.00,90.00,10.00,89.00,259.05,83.21,95.21,224.32,10.50,89.50,1.00,1.00,14282.37,13533.62,13555.61,14303.47,10,76,78,10,64097.27,64089.88,,
2026-08-05T18:04:43+08:00,btc-updown-5m-1785924000,https://polymarket.com/zh/event/btc-updown-5m-1785924000,18:00-18:05,11.00,90.00,10.00,89.00,193.06,50.23,50.23,199.38,10.50,89.50,1.00,1.00,14282.37,13587.43,13681.43,14294.08,10,78,79,10,64097.27,64089.88,,
2026-08-05T18:04:45+08:00,btc-updown-5m-1785924000,https://polymarket.com/zh/event/btc-updown-5m-1785924000,18:00-18:05,20.00,81.00,19.00,80.00,14.21,15.42,16.29,23.45,19.50,80.50,1.00,1.00,12927.08,12693.44,12704.43,13118.86,19,65,68,18,64097.27,64089.87,,
2026-08-05T18:04:48+08:00,btc-updown-5m-1785924000,https://polymarket.com/zh/event/btc-updown-5m-1785924000,18:00-18:05,27.00,79.00,21.00,78.00,85.44,89.99,18.73,11.49,24.00,78.50,6.00,1.00,12841.08,12680.43,12692.43,12836.08,19,36,41,19,64097.27,64089.87,,
2026-08-05T18:04:50+08:00,btc-updown-5m-1785924000,https://polymarket.com/zh/event/btc-updown-5m-1785924000,18:00-18:05,72.00,28.00,71.00,25.00,47.84,6.99,145.77,66.24,71.50,26.50,1.00,3.00,12511.72,11747.10,11747.10,12516.72,46,28,25,46,64097.27,64089.87,,
2026-08-05T18:04:52+08:00,btc-updown-5m-1785924000,https://polymarket.com/zh/event/btc-updown-5m-1785924000,18:00-18:05,81.00,25.00,78.00,22.00,40.00,2.44,15.00,0.71,79.50,23.50,3.00,3.00,7716.72,11618.62,11465.29,8206.72,48,19,19,46,64097.27,64091.30,,
2026-08-05T18:04:54+08:00,btc-updown-5m-1785924000,https://polymarket.com/zh/event/btc-updown-5m-1785924000,18:00-18:05,68.00,33.00,64.00,32.00,78.12,288.25,281.16,70.76,66.00,32.50,4.00,1.00,7166.72,11873.18,12863.18,7676.72,46,24,22,43,64097.27,64092.97,,
2026-08-05T18:04:56+08:00,btc-updown-5m-1785924000,https://polymarket.com/zh/event/btc-updown-5m-1785924000,18:00-18:05,70.00,34.00,69.00,32.00,221.35,20.00,27.55,14.69,69.50,33.00,1.00,2.00,11034.11,13992.28,13987.28,11464.12,48,21,21,44,64097.27,64092.95,,
2026-08-05T18:04:58+08:00,btc-updown-5m-1785924000,https://polymarket.com/zh/event/btc-updown-5m-1785924000,18:00-18:05,57.00,47.00,56.00,44.00,676.36,26.60,71.58,19.00,56.50,45.50,1.00,3.00,10969.11,13453.28,13458.28,11490.12,31,25,26,30,64097.27,64092.95,,
2026-08-05T18:05:00+08:00,btc-updown-5m-1785924300,https://polymarket.com/zh/event/btc-updown-5m-1785924300,18:05-18:10,38.00,63.00,37.00,62.00,15.80,20.00,60.66,15.80,37.50,62.50,1.00,1.00,141008.01,140613.07,140663.07,141133.01,36,62,62,36,64109.27,64110.12,,
2026-08-05T18:05:02+08:00,btc-updown-5m-1785924300,https://polymarket.com/zh/event/btc-updown-5m-1785924300,18:05-18:10,46.00,52.00,45.00,51.00,237.91,237.20,156.37,86.00,45.50,51.50,1.00,1.00,19978.98,18010.90,17905.90,20083.98,45,50,47,48,64109.27,64114.39,,
2026-08-05T18:05:04+08:00,btc-updown-5m-1785924300,https://polymarket.com/zh/event/btc-updown-5m-1785924300,18:05-18:10,55.00,47.00,54.00,46.00,693.28,63.50,80.87,171.01,54.50,46.50,1.00,1.00,20672.03,20286.90,20291.90,20757.03,54,45,46,53,64109.27,64123.72,,
2026-08-05T18:05:06+08:00,btc-updown-5m-1785924300,https://polymarket.com/zh/event/btc-updown-5m-1785924300,18:05-18:10,52.00,49.00,51.00,48.00,395.80,208.80,239.22,391.18,51.50,48.50,1.00,1.00,21046.26,20501.90,20501.90,20931.26,51,48,48,51,64109.27,64120.82,,
2026-08-05T18:05:08+08:00,btc-updown-5m-1785924300,https://polymarket.com/zh/event/btc-updown-5m-1785924300,18:05-18:10,52.00,49.00,51.00,48.00,376.28,98.94,100.99,355.99,51.50,48.50,1.00,1.00,20687.99,18241.90,18246.90,20777.99,51,48,48,51,64109.27,64121.50,,
2026-08-05T18:05:10+08:00,btc-updown-5m-1785924300,https://polymarket.com/zh/event/btc-updown-5m-1785924300,18:05-18:10,51.00,50.00,50.00,49.00,614.41,262.34,312.09,746.88,50.50,49.50,1.00,1.00,18781.46,17591.90,17734.90,18829.47,50,49,49,50,64109.27,64120.87,,
2026-08-05T18:05:12+08:00,btc-updown-5m-1785924300,https://polymarket.com/zh/event/btc-updown-5m-1785924300,18:05-18:10,47.00,54.00,46.00,53.00,1068.53,15.87,15.87,1068.53,46.50,53.50,1.00,1.00,18667.51,17659.90,17569.90,18667.51,46,53,53,46,64109.27,64115.67,,
2026-08-05T18:05:14+08:00,btc-updown-5m-1785924300,https://polymarket.com/zh/event/btc-updown-5m-1785924300,18:05-18:10,46.00,55.00,45.00,54.00,679.00,92.14,82.42,553.26,45.50,54.50,1.00,1.00,19703.51,18312.00,18454.51,19713.51,45,54,54,45,64109.27,64115.67,,
2026-08-05T18:05:16+08:00,btc-updown-5m-1785924300,https://polymarket.com/zh/event/btc-updown-5m-1785924300,18:05-18:10,46.00,55.00,45.00,54.00,51.29,372.52,230.35,51.29,45.50,54.50,1.00,1.00,19946.48,18754.70,18544.70,19931.48,45,54,54,45,64109.27,64115.75,,
2026-08-05T18:05:18+08:00,btc-updown-5m-1785924300,https://polymarket.com/zh/event/btc-updown-5m-1785924300,18:05-18:10,54.00,47.00,53.00,46.00,75.88,1015.03,955.03,15.87,53.50,46.50,1.00,1.00,19489.06,18822.90,18822.90,19374.05,53,46,46,53,64109.27,64117.05,,
2026-08-05T18:05:20+08:00,btc-updown-5m-1785924300,https://polymarket.com/zh/event/btc-updown-5m-1785924300,18:05-18:10,61.00,40.00,60.00,39.00,118.23,18.00,626.30,209.89,60.50,39.50,1.00,1.00,18419.05,19222.08,18728.23,18054.05,60,39,39,60,64109.27,64128.12,,
2026-08-05T18:05:22+08:00,btc-updown-5m-1785924300,https://polymarket.com/zh/event/btc-updown-5m-1785924300,18:05-18:10,56.00,45.00,55.00,44.00,556.14,35.25,45.25,418.52,55.50,44.50,1.00,1.00,18243.60,19894.18,19889.18,18238.60,55,44,44,55,64109.27,64128.12,,
2026-08-05T18:05:24+08:00,btc-updown-5m-1785924300,https://polymarket.com/zh/event/btc-updown-5m-1785924300,18:05-18:10,54.00,47.00,53.00,46.00,769.96,54.00,54.00,768.59,53.50,46.50,1.00,1.00,18297.99,17708.97,17728.97,18513.00,53,46,46,53,64109.27,64126.55,,
2026-08-05T18:05:26+08:00,btc-updown-5m-1785924300,https://polymarket.com/zh/event/btc-updown-5m-1785924300,18:05-18:10,57.00,44.00,56.00,43.00,10.00,931.43,658.95,16.00,56.50,43.50,1.00,1.00,18975.91,17596.66,17776.66,18975.92,56,43,43,56,64109.27,64123.99,,
2026-08-05T18:05:28+08:00,btc-updown-5m-1785924300,https://polymarket.com/zh/event/btc-updown-5m-1785924300,18:05-18:10,58.00,43.00,57.00,42.00,16.91,1076.94,1076.94,16.91,57.50,42.50,1.00,1.00,18758.32,17640.96,17630.96,18743.31,57,42,42,57,64109.27,64123.99,,
2026-08-05T18:05:30+08:00,btc-updown-5m-1785924300,https://polymarket.com/zh/event/btc-updown-5m-1785924300,18:05-18:10,60.00,40.00,59.00,39.00,3.33,833.67,909.93,93.13,59.50,39.50,1.00,1.00,18373.31,17313.66,17328.66,18363.31,59,40,39,60,64109.27,64123.99,,
2026-08-05T18:05:32+08:00,btc-updown-5m-1785924300,https://polymarket.com/zh/event/btc-updown-5m-1785924300,18:05-18:10,60.00,41.00,59.00,40.00,589.70,41.50,16.50,584.70,59.50,40.50,1.00,1.00,18138.31,17133.36,17138.36,18028.31,59,40,40,59,64109.27,64124.00,,
2026-08-05T18:05:34+08:00,btc-updown-5m-1785924300,https://polymarket.com/zh/event/btc-updown-5m-1785924300,18:05-18:10,59.00,42.00,58.00,41.00,1069.63,131.02,126.02,1069.63,58.50,41.50,1.00,1.00,17783.31,16883.36,16873.36,17783.31,58,41,41,58,64109.27,64124.00,,
2026-08-05T18:05:36+08:00,btc-updown-5m-1785924300,https://polymarket.com/zh/event/btc-updown-5m-1785924300,18:05-18:10,59.00,42.00,58.00,41.00,863.69,24.76,24.76,869.25,58.50,41.50,1.00,1.00,17654.97,18258.36,18273.36,17764.97,58,41,41,58,64109.27,64124.00,,
2026-08-05T18:05:38+08:00,btc-updown-5m-1785924300,https://polymarket.com/zh/event/btc-updown-5m-1785924300,18:05-18:10,58.00,43.00,57.00,42.00,635.05,60.46,44.16,690.05,57.50,42.50,1.00,1.00,17534.97,18273.36,18283.36,17634.97,57,42,42,57,64109.27,64124.00,,
2026-08-05T18:05:40+08:00,btc-updown-5m-1785924300,https://polymarket.com/zh/event/btc-updown-5m-1785924300,18:05-18:10,57.00,44.00,56.00,43.00,892.22,67.00,67.00,892.22,56.50,43.50,1.00,1.00,17766.45,18228.36,18228.36,17656.44,56,43,43,56,64109.27,64124.00,,
2026-08-05T18:05:42+08:00,btc-updown-5m-1785924300,https://polymarket.com/zh/event/btc-updown-5m-1785924300,18:05-18:10,57.00,44.00,56.00,43.00,790.78,67.20,51.00,856.94,56.50,43.50,1.00,1.00,19973.78,18263.36,18258.36,19439.82,56,43,43,56,64109.27,64124.00,,
2026-08-05T18:05:44+08:00,btc-updown-5m-1785924300,https://polymarket.com/zh/event/btc-updown-5m-1785924300,18:05-18:10,56.00,45.00,55.00,44.00,384.09,312.08,439.12,361.15,55.50,44.50,1.00,1.00,17611.49,18203.36,18253.36,17716.49,55,44,44,55,64109.27,64124.00,,
2026-08-05T18:05:46+08:00,btc-updown-5m-1785924300,https://polymarket.com/zh/event/btc-updown-5m-1785924300,18:05-18:10,56.00,45.00,55.00,44.00,229.21,346.51,323.54,175.21,55.50,44.50,1.00,1.00,17721.49,18258.36,18243.36,17611.49,55,44,44,55,64109.27,64124.00,,
2026-08-05T18:05:48+08:00,btc-updown-5m-1785924300,https://polymarket.com/zh/event/btc-updown-5m-1785924300,18:05-18:10,57.00,44.00,56.00,43.00,191.12,489.99,471.89,191.12,56.50,43.50,1.00,1.00,17606.49,17973.36,17973.36,17716.50,56,43,43,56,64109.27,64124.00,,
2026-08-05T18:05:50+08:00,btc-updown-5m-1785924300,https://polymarket.com/zh/event/btc-updown-5m-1785924300,18:05-18:10,57.00,44.00,56.00,43.00,418.61,65.00,60.00,418.61,56.50,43.50,1.00,1.00,17461.49,18158.36,18143.36,17456.49,56,43,43,56,64109.27,64123.99,,
2026-08-05T18:05:52+08:00,btc-updown-5m-1785924300,https://polymarket.com/zh/event/btc-updown-5m-1785924300,18:05-18:10,57.00,44.00,56.00,43.00,413.85,70.00,65.00,398.06,56.50,43.50,1.00,1.00,17313.44,18213.36,18233.36,17418.44,56,43,43,56,64109.27,64124.00,,
2026-08-05T18:05:54+08:00,btc-updown-5m-1785924300,https://polymarket.com/zh/event/btc-updown-5m-1785924300,18:05-18:10,57.00,44.00,56.00,43.00,375.71,35.00,35.00,358.98,56.50,43.50,1.00,1.00,17073.44,17973.36,17943.36,17173.44,56,43,43,56,64109.27,64123.99,,
2026-08-05T18:05:56+08:00,btc-updown-5m-1785924300,https://polymarket.com/zh/event/btc-updown-5m-1785924300,18:05-18:10,57.00,44.00,56.00,43.00,423.99,30.00,30.00,423.99,56.50,43.50,1.00,1.00,17088.44,17988.36,17983.36,17173.44,56,43,43,56,64109.27,64123.99,,
2026-08-05T18:05:58+08:00,btc-updown-5m-1785924300,https://polymarket.com/zh/event/btc-updown-5m-1785924300,18:05-18:10,57.00,44.00,56.00,43.00,178.04,315.20,310.20,178.04,56.50,43.50,1.00,1.00,16938.44,17564.18,17559.18,16928.44,56,43,43,56,64109.27,64124.00,,
2026-08-05T18:06:00+08:00,btc-updown-5m-1785924300,https://polymarket.com/zh/event/btc-updown-5m-1785924300,18:05-18:10,57.00,44.00,56.00,43.00,69.20,148.76,105.09,53.43,56.50,43.50,1.00,1.00,21393.44,21134.18,21164.18,21413.44,56,43,43,56,64109.27,64123.99,,
2026-08-05T18:06:02+08:00,btc-updown-5m-1785924300,https://polymarket.com/zh/event/btc-updown-5m-1785924300,18:05-18:10,56.00,45.00,55.00,44.00,449.02,334.82,134.82,449.02,55.50,44.50,1.00,1.00,21261.44,21176.87,20946.87,20941.44,55,44,44,55,64109.27,64123.99,,
2026-08-05T18:06:04+08:00,btc-updown-5m-1785924300,https://polymarket.com/zh/event/btc-updown-5m-1785924300,18:05-18:10,56.00,45.00,55.00,44.00,7.85,275.53,275.53,12.85,55.50,44.50,1.00,1.00,20917.44,20670.02,20640.02,20917.45,55,44,44,55,64109.27,64124.00,,
2026-08-05T18:06:06+08:00,btc-updown-5m-1785924300,https://polymarket.com/zh/event/btc-updown-5m-1785924300,18:05-18:10,45.00,56.00,44.00,55.00,93.32,416.93,346.93,75.29,44.50,55.50,1.00,1.00,18969.44,19765.97,19855.97,18964.44,44,55,55,44,64109.27,64114.41,,
2026-08-05T18:06:08+08:00,btc-updown-5m-1785924300,https://polymarket.com/zh/event/btc-updown-5m-1785924300,18:05-18:10,46.00,55.00,45.00,54.00,71.49,715.31,638.33,53.41,45.50,54.50,1.00,1.00,18924.44,19536.97,19180.97,18674.44,45,54,54,45,64109.27,64114.40,,
2026-08-05T18:06:10+08:00,btc-updown-5m-1785924300,https://polymarket.com/zh/event/btc-updown-5m-1785924300,18:05-18:10,46.00,55.00,45.00,54.00,128.79,384.45,379.63,88.79,45.50,54.50,1.00,1.00,17934.44,19285.97,19286.97,17914.44,45,54,54,45,64109.27,64114.20,,
2026-08-05T18:06:12+08:00,btc-updown-5m-1785924300,https://polymarket.com/zh/event/btc-updown-5m-1785924300,18:05-18:10,48.00,53.00,47.00,52.00,416.24,95.00,95.00,291.44,47.50,52.50,1.00,1.00,17772.44,19184.97,19078.97,17772.44,47,52,52,47,64109.27,64110.75,,
2026-08-05T18:06:14+08:00,btc-updown-5m-1785924300,https://polymarket.com/zh/event/btc-updown-5m-1785924300,18:05-18:10,46.00,55.00,45.00,54.00,455.39,85.50,65.00,448.96,45.50,54.50,1.00,1.00,17740.49,19184.97,19099.97,17750.49,45,54,54,45,64109.27,64110.75,,
2026-08-05T18:06:16+08:00,btc-updown-5m-1785924300,https://polymarket.com/zh/event/btc-updown-5m-1785924300,18:05-18:10,49.00,52.00,48.00,51.00,48.46,679.62,672.70,18.46,48.50,51.50,1.00,1.00,18055.44,18928.97,18838.97,18065.44,48,51,51,48,64109.27,64110.75,,
2026-08-05T18:06:18+08:00,btc-updown-5m-1785924300,https://polymarket.com/zh/event/btc-updown-5m-1785924300,18:05-18:10,52.00,48.00,51.00,47.00,51.00,890.85,623.99,84.22,51.50,47.50,1.00,1.00,18432.44,18839.30,18799.30,18542.45,51,48,47,52,64109.27,64110.75,,
2026-08-05T18:06:20+08:00,btc-updown-5m-1785924300,https://polymarket.com/zh/event/btc-updown-5m-1785924300,18:05-18:10,53.00,48.00,52.00,47.00,64.69,709.98,775.87,64.69,52.50,47.50,1.00,1.00,18538.44,18784.30,19024.30,17948.44,52,47,47,52,64109.27,64110.75,,
2026-08-05T18:06:22+08:00,btc-updown-5m-1785924300,https://polymarket.com/zh/event/btc-updown-5m-1785924300,18:05-18:10,54.00,47.00,53.00,46.00,143.68,439.06,439.53,143.68,53.50,46.50,1.00,1.00,18320.40,18915.97,18925.97,17820.39,53,46,46,53,64109.27,64110.75,,
2026-08-05T18:06:24+08:00,btc-updown-5m-1785924300,https://polymarket.com/zh/event/btc-updown-5m-1785924300,18:05-18:10,54.00,46.00,53.00,45.00,10.12,366.41,495.19,45.12,53.50,45.50,1.00,1.00,19355.39,18665.97,18904.32,19658.73,53,46,45,54,64109.27,64110.74,,
2026-08-05T18:06:26+08:00,btc-updown-5m-1785924300,https://polymarket.com/zh/event/btc-updown-5m-1785924300,18:05-18:10,53.00,48.00,52.00,47.00,683.36,39.07,39.07,683.36,52.50,47.50,1.00,1.00,20946.73,19144.32,19174.32,20615.73,52,47,47,52,64109.27,64110.75,,
2026-08-05T18:06:28+08:00,btc-updown-5m-1785924300,https://polymarket.com/zh/event/btc-updown-5m-1785924300,18:05-18:10,53.00,48.00,52.00,47.00,687.04,18.58,18.58,2700.04,52.50,47.50,1.00,1.00,20013.73,19277.65,19302.65,20033.73,52,47,47,52,64109.27,64110.75,,
2026-08-05T18:06:30+08:00,btc-updown-5m-1785924300,https://polymarket.com/zh/event/btc-updown-5m-1785924300,18:05-18:10,52.00,49.00,51.00,48.00,1148.48,21.81,11.81,1148.48,51.50,48.50,1.00,1.00,18223.73,19410.98,19415.98,19513.73,51,48,48,51,64109.27,64110.75,,
2026-08-05T18:06:32+08:00,btc-updown-5m-1785924300,https://polymarket.com/zh/event/btc-updown-5m-1785924300,18:05-18:10,52.00,49.00,51.00,48.00,1067.94,15.95,15.95,1067.94,51.50,48.50,1.00,1.00,18265.73,18557.98,18547.98,18755.74,51,48,48,51,64109.27,64110.74,,
2026-08-05T18:06:34+08:00,btc-updown-5m-1785924300,https://polymarket.com/zh/event/btc-updown-5m-1785924300,18:05-18:10,50.00,51.00,49.00,50.00,737.44,50.09,69.00,737.44,49.50,50.50,1.00,1.00,19957.72,18391.32,18301.32,20472.72,49,50,50,49,64109.27,64110.75,,
2026-08-05T18:06:36+08:00,btc-updown-5m-1785924300,https://polymarket.com/zh/event/btc-updown-5m-1785924300,18:05-18:10,49.00,52.00,48.00,51.00,487.50,10.00,5.00,947.24,48.50,51.50,1.00,1.00,20592.72,18425.65,18430.65,18299.73,48,51,51,48,64109.27,64110.75,,
2026-08-05T18:06:38+08:00,btc-updown-5m-1785924300,https://polymarket.com/zh/event/btc-updown-5m-1785924300,18:05-18:10,48.00,53.00,47.00,52.00,565.12,151.05,122.00,404.57,47.50,52.50,1.00,1.00,18049.73,18534.65,18530.66,18284.73,47,52,52,47,64109.27,64110.75,,
2026-08-05T18:06:39+08:00,btc-updown-5m-1785924300,https://polymarket.com/zh/event/btc-updown-5m-1785924300,18:05-18:10,48.00,53.00,47.00,52.00,489.04,120.33,125.33,489.04,47.50,52.50,1.00,1.00,18049.73,18435.65,18425.65,18039.73,47,52,52,47,64109.27,64110.74,,
2026-08-05T18:06:41+08:00,btc-updown-5m-1785924300,https://polymarket.com/zh/event/btc-updown-5m-1785924300,18:05-18:10,47.00,54.00,46.00,53.00,689.53,113.00,28.00,614.93,46.50,53.50,1.00,1.00,17244.73,18529.65,18419.65,17249.73,46,53,53,46,64109.27,64110.99,,
2026-08-05T18:06:43+08:00,btc-updown-5m-1785924300,https://polymarket.com/zh/event/btc-updown-5m-1785924300,18:05-18:10,47.00,54.00,46.00,53.00,546.80,5.00,5.00,546.80,46.50,53.50,1.00,1.00,17282.78,18424.65,18535.65,17292.78,46,53,53,46,64109.27,64110.99,,
2026-08-05T18:06:45+08:00,btc-updown-5m-1785924300,https://polymarket.com/zh/event/btc-updown-5m-1785924300,18:05-18:10,47.00,54.00,46.00,53.00,484.55,30.82,40.82,482.42,46.50,53.50,1.00,1.00,17282.78,18519.65,18530.65,17292.78,46,53,53,46,64109.27,64112.02,,
2026-08-05T18:06:47+08:00,btc-updown-5m-1785924300,https://polymarket.com/zh/event/btc-updown-5m-1785924300,18:05-18:10,47.00,54.00,46.00,53.00,469.36,48.96,48.96,456.93,46.50,53.50,1.00,1.00,17302.78,18450.65,18424.65,17287.78,46,53,53,46,64109.27,64112.02,,
2026-08-05T18:06:49+08:00,btc-updown-5m-1785924300,https://polymarket.com/zh/event/btc-updown-5m-1785924300,18:05-18:10,47.00,54.00,46.00,53.00,534.51,43.96,43.96,534.51,46.50,53.50,1.00,1.00,17307.78,18540.65,18519.65,17287.78,46,53,53,46,64109.27,64112.03,,
2026-08-05T18:06:52+08:00,btc-updown-5m-1785924300,https://polymarket.com/zh/event/btc-updown-5m-1785924300,18:05-18:10,49.00,51.00,48.00,50.00,10.00,476.41,964.98,5.00,48.50,50.50,1.00,1.00,17264.73,18114.65,18270.65,17259.73,48,51,50,49,64109.27,64112.02,,
2026-08-05T18:06:54+08:00,btc-updown-5m-1785924300,https://polymarket.com/zh/event/btc-updown-5m-1785924300,18:05-18:10,52.00,49.00,51.00,48.00,91.00,475.22,499.72,113.62,51.50,48.50,1.00,1.00,18619.73,18425.65,18430.65,18004.73,51,48,48,51,64109.27,64112.02,,
2026-08-05T18:06:56+08:00,btc-updown-5m-1785924300,https://polymarket.com/zh/event/btc-updown-5m-1785924300,18:05-18:10,53.00,48.00,52.00,47.00,2172.34,135.00,170.00,2235.90,52.50,47.50,1.00,1.00,17514.73,18063.65,18053.65,18604.73,52,47,47,52,64109.27,64112.02,,
2026-08-05T18:06:58+08:00,btc-updown-5m-1785924300,https://polymarket.com/zh/event/btc-updown-5m-1785924300,18:05-18:10,50.00,51.00,49.00,50.00,169.19,50.73,148.31,198.16,49.50,50.50,1.00,1.00,19088.73,18439.65,18448.65,19088.73,49,50,50,49,64109.27,64112.02,,
2026-08-05T18:07:00+08:00,btc-updown-5m-1785924300,https://polymarket.com/zh/event/btc-updown-5m-1785924300,18:05-18:10,53.00,48.00,52.00,47.00,2431.69,10.00,10.00,2426.69,52.50,47.50,1.00,1.00,17866.91,18283.65,18303.65,17376.91,52,47,47,52,64109.27,64114.40,,
2026-08-05T18:07:02+08:00,btc-updown-5m-1785924300,https://polymarket.com/zh/event/btc-updown-5m-1785924300,18:05-18:10,50.00,51.00,49.00,50.00,456.07,66.74,61.74,477.96,49.50,50.50,1.00,1.00,18770.05,17666.65,17749.65,18765.05,49,50,50,49,64109.27,64114.40,,
2026-08-05T18:07:04+08:00,btc-updown-5m-1785924300,https://polymarket.com/zh/event/btc-updown-5m-1785924300,18:05-18:10,50.00,51.00,49.00,50.00,356.54,34.64,34.64,396.54,49.50,50.50,1.00,1.00,17053.38,17610.65,17494.65,17048.38,49,50,50,49,64109.27,64114.40,,
2026-08-05T18:07:06+08:00,btc-updown-5m-1785924300,https://polymarket.com/zh/event/btc-updown-5m-1785924300,18:05-18:10,49.00,52.00,48.00,51.00,15.00,348.03,339.03,15.00,48.50,51.50,1.00,1.00,16891.38,17615.65,17599.65,16886.38,48,51,51,48,64109.27,64115.15,,
2026-08-05T18:07:08+08:00,btc-updown-5m-1785924300,https://polymarket.com/zh/event/btc-updown-5m-1785924300,18:05-18:10,52.00,49.00,51.00,48.00,273.47,12.95,12.95,323.47,51.50,48.50,1.00,1.00,17781.38,17496.31,17486.31,18266.38,51,48,48,51,64109.27,64115.15,,
2026-08-05T18:07:10+08:00,btc-updown-5m-1785924300,https://polymarket.com/zh/event/btc-updown-5m-1785924300,18:05-18:10,49.00,52.00,48.00,51.00,294.50,127.20,127.20,294.50,48.50,51.50,1.00,1.00,17671.38,17496.31,17491.31,17686.38,48,51,51,48,64109.27,64115.16,,
2026-08-05T18:07:12+08:00,btc-updown-5m-1785924300,https://polymarket.com/zh/event/btc-updown-5m-1785924300,18:05-18:10,49.00,52.00,48.00,51.00,337.53,52.58,96.08,405.87,48.50,51.50,1.00,1.00,17676.38,17671.31,17482.31,17681.38,48,51,51,48,64109.27,64115.16,,
2026-08-05T18:07:14+08:00,btc-updown-5m-1785924300,https://polymarket.com/zh/event/btc-updown-5m-1785924300,18:05-18:10,49.00,52.00,48.00,51.00,548.46,29.40,29.40,548.46,48.50,51.50,1.00,1.00,17729.43,17512.31,17501.32,17714.43,48,51,51,48,64109.27,64115.15,,
2026-08-05T18:07:16+08:00,btc-updown-5m-1785924300,https://polymarket.com/zh/event/btc-updown-5m-1785924300,18:05-18:10,48.00,53.00,47.00,52.00,0.91,365.08,376.91,5.91,47.50,52.50,1.00,1.00,17714.43,17363.31,17258.31,17719.43,47,52,52,47,64109.27,64115.16,,
2026-08-05T18:07:18+08:00,btc-updown-5m-1785924300,https://polymarket.com/zh/event/btc-updown-5m-1785924300,18:05-18:10,49.00,52.00,48.00,51.00,60.95,637.37,624.87,60.95,48.50,51.50,1.00,1.00,17714.43,17583.31,17498.31,17729.43,48,51,51,48,64109.27,64115.16,,
2026-08-05T18:07:20+08:00,btc-updown-5m-1785924300,https://polymarket.com/zh/event/btc-updown-5m-1785924300,18:05-18:10,52.00,49.00,51.00,48.00,614.56,25.88,25.88,614.56,51.50,48.50,1.00,1.00,17714.43,18977.30,18992.30,18834.44,51,48,48,51,64109.27,64115.15,,
2026-08-05T18:07:22+08:00,btc-updown-5m-1785924300,https://polymarket.com/zh/event/btc-updown-5m-1785924300,18:05-18:10,46.00,55.00,45.00,54.00,69.98,894.32,775.37,58.45,45.50,54.50,1.00,1.00,17641.38,19191.30,19168.30,17661.38,45,54,54,45,64109.27,64110.74,,
2026-08-05T18:07:24+08:00,btc-updown-5m-1785924300,https://polymarket.com/zh/event/btc-updown-5m-1785924300,18:05-18:10,46.00,55.00,45.00,54.00,11.21,710.52,691.84,6.21,45.50,54.50,1.00,1.00,16891.38,19196.30,19311.30,16911.38,45,54,54,45,64109.27,64110.72,,
2026-08-05T18:07:26+08:00,btc-updown-5m-1785924300,https://polymarket.com/zh/event/btc-updown-5m-1785924300,18:05-18:10,46.00,55.00,45.00,54.00,73.21,585.31,591.46,73.21,45.50,54.50,1.00,1.00,16911.38,19211.30,19307.30,16906.38,45,54,54,45,64109.27,64110.72,,
2026-08-05T18:07:28+08:00,btc-updown-5m-1785924300,https://polymarket.com/zh/event/btc-updown-5m-1785924300,18:05-18:10,48.00,53.00,47.00,52.00,107.38,68.56,68.56,117.38,47.50,52.50,1.00,1.00,16731.38,19297.30,19206.30,16886.38,47,52,52,47,64109.27,64110.72,,
2026-08-05T18:07:30+08:00,btc-updown-5m-1785924300,https://polymarket.com/zh/event/btc-updown-5m-1785924300,18:05-18:10,48.00,53.00,47.00,52.00,129.68,50.00,50.00,129.68,47.50,52.50,1.00,1.00,16896.38,18957.31,18961.30,17026.38,47,52,52,47,64109.27,64110.71,,
2026-08-05T18:07:32+08:00,btc-updown-5m-1785924300,https://polymarket.com/zh/event/btc-updown-5m-1785924300,18:05-18:10,48.00,53.00,47.00,52.00,323.95,131.64,136.64,323.95,47.50,52.50,1.00,1.00,16623.05,19002.31,18997.30,16628.05,47,52,52,47,64109.27,64110.71,,
2026-08-05T18:07:34+08:00,btc-updown-5m-1785924300,https://polymarket.com/zh/event/btc-updown-5m-1785924300,18:05-18:10,51.00,51.00,50.00,50.00,532.93,40.56,81.56,406.21,50.50,50.50,1.00,1.00,17763.05,19113.65,19813.65,18753.05,50,49,50,49,64109.27,64116.99,,
2026-08-05T18:07:36+08:00,btc-updown-5m-1785924300,https://polymarket.com/zh/event/btc-updown-5m-1785924300,18:05-18:10,47.00,54.00,46.00,53.00,562.06,61.21,143.69,463.98,46.50,53.50,1.00,1.00,17614.93,19772.65,19778.65,17491.02,46,53,53,46,64109.27,64117.00,,
2026-08-05T18:07:38+08:00,btc-updown-5m-1785924300,https://polymarket.com/zh/event/btc-updown-5m-1785924300,18:05-18:10,46.00,55.00,45.00,54.00,556.30,33.07,40.00,657.67,45.50,54.50,1.00,1.00,17838.76,19761.65,19663.65,17828.76,45,54,53,45,64109.27,64116.99,,
2026-08-05T18:07:40+08:00,btc-updown-5m-1785924300,https://polymarket.com/zh/event/btc-updown-5m-1785924300,18:05-18:10,45.00,56.00,44.00,55.00,398.06,167.36,166.63,398.06,44.50,55.50,1.00,1.00,17892.79,19581.14,19588.14,17887.79,44,53,54,44,64109.27,64117.00,,
2026-08-05T18:07:42+08:00,btc-updown-5m-1785924300,https://polymarket.com/zh/event/btc-updown-5m-1785924300,18:05-18:10,44.00,57.00,43.00,56.00,780.87,122.95,122.95,739.80,43.50,56.50,1.00,1.00,17897.79,19481.14,19588.14,17925.84,43,55,55,43,64109.27,64117.00,,
2026-08-05T18:07:44+08:00,btc-updown-5m-1785924300,https://polymarket.com/zh/event/btc-updown-5m-1785924300,18:05-18:10,43.00,58.00,42.00,57.00,808.36,49.94,46.67,808.36,42.50,57.50,1.00,1.00,17925.84,19476.14,19597.14,17935.84,42,55,55,42,64109.27,64117.00,,
2026-08-05T18:07:46+08:00,btc-updown-5m-1785924300,https://polymarket.com/zh/event/btc-updown-5m-1785924300,18:05-18:10,43.00,58.00,42.00,57.00,283.40,166.24,48.27,117.27,42.50,57.50,1.00,1.00,17939.34,19526.14,19618.14,17959.34,42,55,55,42,64109.27,64117.00,,
2026-08-05T18:07:48+08:00,btc-updown-5m-1785924300,https://polymarket.com/zh/event/btc-updown-5m-1785924300,18:05-18:10,43.00,60.00,42.00,59.00,461.00,65.87,15.70,325.82,42.50,59.50,1.00,1.00,17689.34,19496.14,19568.14,17719.34,42,57,59,40,64109.27,64117.00,,
2026-08-05T18:07:50+08:00,btc-updown-5m-1785924300,https://polymarket.com/zh/event/btc-updown-5m-1785924300,18:05-18:10,42.00,59.00,41.00,58.00,18.16,382.41,283.83,18.16,41.50,58.50,1.00,1.00,17979.34,19616.15,19518.14,17964.34,41,55,54,41,64109.27,64117.00,,
2026-08-05T18:07:52+08:00,btc-updown-5m-1785924300,https://polymarket.com/zh/event/btc-updown-5m-1785924300,18:05-18:10,47.00,54.00,46.00,53.00,493.37,21.50,4.50,543.37,46.50,53.50,1.00,1.00,17901.29,19126.96,19142.96,17916.29,46,53,53,46,64109.27,64117.00,,
2026-08-05T18:07:54+08:00,btc-updown-5m-1785924300,https://polymarket.com/zh/event/btc-updown-5m-1785924300,18:05-18:10,42.00,59.00,41.00,58.00,165.47,41.00,12.00,457.96,41.50,58.50,1.00,1.00,17921.79,19011.96,19118.96,17911.79,41,58,57,41,64109.27,64117.00,,
2026-08-05T18:07:56+08:00,btc-updown-5m-1785924300,https://polymarket.com/zh/event/btc-updown-5m-1785924300,18:05-18:10,41.00,60.00,40.00,59.00,136.35,44.67,44.67,131.35,40.50,59.50,1.00,1.00,17936.79,19366.96,19256.15,17936.79,40,58,58,40,64109.27,64116.99,,
2026-08-05T18:07:58+08:00,btc-updown-5m-1785924300,https://polymarket.com/zh/event/btc-updown-5m-1785924300,18:05-18:10,46.00,54.00,45.00,53.00,68.80,738.27,440.89,80.50,45.50,53.50,1.00,1.00,17941.79,17975.48,18683.81,17931.79,45,53,51,46,64109.27,64117.00,,
2026-08-05T18:08:00+08:00,btc-updown-5m-1785924300,https://polymarket.com/zh/event/btc-updown-5m-1785924300,18:05-18:10,41.00,61.00,40.00,60.00,568.69,6.61,47.70,403.66,40.50,60.50,1.00,1.00,17941.79,19307.14,19321.15,17936.79,40,57,58,39,64109.27,64117.00,,
2026-08-05T18:08:02+08:00,btc-updown-5m-1785924300,https://polymarket.com/zh/event/btc-updown-5m-1785924300,18:05-18:10,32.00,69.00,31.00,68.00,278.38,56.44,49.92,10.00,31.50,68.50,1.00,1.00,17767.03,19191.14,19165.14,17772.03,31,65,65,31,64109.27,64117.00,,
2026-08-05T18:08:04+08:00,btc-updown-5m-1785924300,https://polymarket.com/zh/event/btc-updown-5m-1785924300,18:05-18:10,31.00,68.00,30.00,67.00,2.40,150.00,75.00,81.59,30.50,67.50,1.00,1.00,16639.23,19079.14,19163.14,16644.23,29,64,63,32,64109.27,64116.99,,
2026-08-05T18:08:06+08:00,btc-updown-5m-1785924300,https://polymarket.com/zh/event/btc-updown-5m-1785924300,18:05-18:10,31.00,70.00,30.00,69.00,339.22,4.37,8.66,349.22,30.50,69.50,1.00,1.00,18018.22,19384.14,19364.14,18023.22,30,68,68,30,64109.27,64117.00,,
2026-08-05T18:08:08+08:00,btc-updown-5m-1785924300,https://polymarket.com/zh/event/btc-updown-5m-1785924300,18:05-18:10,30.00,71.00,29.00,70.00,777.38,6.97,6.97,777.38,29.50,70.50,1.00,1.00,17916.31,18900.81,18880.81,17921.31,29,70,70,29,64109.27,64117.00,,
2026-08-05T18:08:10+08:00,btc-updown-5m-1785924300,https://polymarket.com/zh/event/btc-updown-5m-1785924300,18:05-18:10,30.00,71.00,29.00,70.00,0.21,299.33,299.33,0.21,29.50,70.50,1.00,1.00,17916.31,18985.81,18995.81,17911.31,29,70,70,29,64109.27,64117.00,,
2026-08-05T18:08:12+08:00,btc-updown-5m-1785924300,https://polymarket.com/zh/event/btc-updown-5m-1785924300,18:05-18:10,33.00,68.00,32.00,67.00,63.65,279.89,329.89,63.65,32.50,67.50,1.00,1.00,18046.31,19241.63,19045.63,18026.31,32,67,67,32,64109.27,64117.00,,
2026-08-05T18:08:14+08:00,btc-updown-5m-1785924300,https://polymarket.com/zh/event/btc-updown-5m-1785924300,18:05-18:10,33.00,68.00,32.00,67.00,16.01,470.96,470.96,16.01,32.50,67.50,1.00,1.00,18079.36,19001.63,19110.63,18074.36,32,66,66,32,64109.27,64117.00,,
2026-08-05T18:08:16+08:00,btc-updown-5m-1785924300,https://polymarket.com/zh/event/btc-updown-5m-1785924300,18:05-18:10,33.00,67.00,32.00,66.00,0.83,424.39,346.52,80.17,32.50,66.50,1.00,1.00,18074.36,19141.63,19150.64,18084.36,32,65,65,33,64109.27,64116.99,,
2026-08-05T18:08:18+08:00,btc-updown-5m-1785924300,https://polymarket.com/zh/event/btc-updown-5m-1785924300,18:05-18:10,33.00,68.00,32.00,67.00,108.97,5.05,176.45,392.40,32.50,67.50,1.00,1.00,18064.36,19246.63,19155.63,18074.36,32,65,66,32,64109.27,64117.00,,
2026-08-05T18:08:20+08:00,btc-updown-5m-1785924300,https://polymarket.com/zh/event/btc-updown-5m-1785924300,18:05-18:10,32.00,69.00,31.00,68.00,353.83,33.73,33.73,353.83,31.50,68.50,1.00,1.00,17829.36,19141.64,19150.63,17849.36,30,67,67,30,64109.27,64116.99,,
2026-08-05T18:08:22+08:00,btc-updown-5m-1785924300,https://polymarket.com/zh/event/btc-updown-5m-1785924300,18:05-18:10,32.00,69.00,31.00,68.00,30.90,0.85,77.01,114.99,31.50,68.50,1.00,1.00,18031.31,19145.64,19194.63,17996.31,31,67,67,31,64109.27,64116.99,,
2026-08-05T18:08:24+08:00,btc-updown-5m-1785924300,https://polymarket.com/zh/event/btc-updown-5m-1785924300,18:05-18:10,31.00,70.00,30.00,69.00,50.95,127.20,111.61,33.42,30.50,69.50,1.00,1.00,16656.31,19216.63,19095.63,16661.31,30,69,68,30,64109.27,64116.99,,
2026-08-05T18:08:26+08:00,btc-updown-5m-1785924300,https://polymarket.com/zh/event/btc-updown-5m-1785924300,18:05-18:10,31.00,70.00,30.00,69.00,8.15,239.91,230.91,8.15,30.50,69.50,1.00,1.00,17696.31,18999.63,19105.63,17686.31,30,67,67,30,64109.27,64117.00,,
2026-08-05T18:08:28+08:00,btc-updown-5m-1785924300,https://polymarket.com/zh/event/btc-updown-5m-1785924300,18:05-18:10,33.00,68.00,32.00,67.00,339.23,17.75,24.00,318.92,32.50,67.50,1.00,1.00,17718.25,18999.63,19101.63,17713.25,32,67,66,32,64109.27,64117.00,,
2026-08-05T18:08:30+08:00,btc-updown-5m-1785924300,https://polymarket.com/zh/event/btc-updown-5m-1785924300,18:05-18:10,32.00,69.00,31.00,68.00,399.31,9.00,9.00,387.57,31.50,68.50,1.00,1.00,17698.16,19195.28,19200.27,17708.16,31,66,66,31,64109.27,64117.00,,
2026-08-05T18:08:32+08:00,btc-updown-5m-1785924300,https://polymarket.com/zh/event/btc-updown-5m-1785924300,18:05-18:10,31.00,70.00,30.00,69.00,347.49,38.56,38.56,392.56,30.50,69.50,1.00,1.00,16663.16,19190.19,19075.18,16758.16,30,67,67,30,64109.27,64116.99,,
2026-08-05T18:08:34+08:00,btc-updown-5m-1785924300,https://polymarket.com/zh/event/btc-updown-5m-1785924300,18:05-18:10,29.00,71.00,28.00,70.00,115.92,111.16,37.98,15.00,28.50,70.50,1.00,1.00,16728.72,19183.68,19182.68,16743.72,28,68,67,29,64109.27,64116.99,,
2026-08-05T18:08:36+08:00,btc-updown-5m-1785924300,https://polymarket.com/zh/event/btc-updown-5m-1785924300,18:05-18:10,34.00,68.00,33.00,67.00,399.65,11.90,146.44,183.59,33.50,67.50,1.00,1.00,18053.72,17751.02,17741.02,18048.72,32,65,65,32,64109.27,64116.99,,
2026-08-05T18:08:38+08:00,btc-updown-5m-1785924300,https://polymarket.com/zh/event/btc-updown-5m-1785924300,18:05-18:10,29.00,70.00,28.00,69.00,19.21,258.11,429.62,16.00,28.50,69.50,1.00,1.00,16728.72,17886.02,17895.02,16738.72,28,68,67,30,64109.27,64117.00,,
2026-08-05T18:08:40+08:00,btc-updown-5m-1785924300,https://polymarket.com/zh/event/btc-updown-5m-1785924300,18:05-18:10,32.00,69.00,31.00,68.00,12.20,303.90,420.68,173.20,31.50,68.50,1.00,1.00,17998.72,17875.02,17398.69,18018.72,31,64,64,31,64109.27,64117.00,,
2026-08-05T18:08:42+08:00,btc-updown-5m-1785924300,https://polymarket.com/zh/event/btc-updown-5m-1785924300,18:05-18:10,34.00,67.00,33.00,66.00,319.31,300.50,199.74,324.31,33.50,66.50,1.00,1.00,18055.87,16981.69,17003.69,18060.87,33,63,63,33,64109.27,64117.00,,
2026-08-05T18:08:44+08:00,btc-updown-5m-1785924300,https://polymarket.com/zh/event/btc-updown-5m-1785924300,18:05-18:10,40.00,62.00,39.00,61.00,661.83,11.00,14.14,604.34,39.50,61.50,1.00,1.00,18018.92,15683.04,15839.04,18018.92,39,56,57,38,64109.27,64124.25,,
2026-08-05T18:08:45+08:00,btc-updown-5m-1785924300,https://polymarket.com/zh/event/btc-updown-5m-1785924300,18:05-18:10,37.00,64.00,36.00,63.00,225.84,414.18,410.75,210.66,36.50,63.50,1.00,1.00,18023.92,15789.33,15680.33,18018.92,36,56,56,36,64109.27,64124.51,,
2026-08-05T18:08:47+08:00,btc-updown-5m-1785924300,https://polymarket.com/zh/event/btc-updown-5m-1785924300,18:05-18:10,36.00,65.00,35.00,64.00,295.76,136.16,166.16,429.48,35.50,64.50,1.00,1.00,18052.98,15625.13,15716.13,17997.98,35,60,60,35,64109.27,64124.51,,
2026-08-05T18:08:49+08:00,btc-updown-5m-1785924300,https://polymarket.com/zh/event/btc-updown-5m-1785924300,18:05-18:10,42.00,59.00,41.00,58.00,334.08,7.25,2.25,388.10,41.50,58.50,1.00,1.00,18052.98,11119.83,11221.83,18047.98,40,52,52,41,64109.27,64124.51,,
2026-08-05T18:08:51+08:00,btc-updown-5m-1785924300,https://polymarket.com/zh/event/btc-updown-5m-1785924300,18:05-18:10,41.00,60.00,40.00,59.00,135.87,64.60,59.60,193.45,40.50,59.50,1.00,1.00,17994.93,11330.83,11425.83,17989.93,40,51,51,40,64109.27,64129.31,,
2026-08-05T18:08:54+08:00,btc-updown-5m-1785924300,https://polymarket.com/zh/event/btc-updown-5m-1785924300,18:05-18:10,43.00,58.00,42.00,57.00,321.79,239.67,161.61,25.00,42.50,57.50,1.00,1.00,17994.93,11193.33,11183.33,17989.93,42,51,51,42,64109.27,64129.32,,
2026-08-05T18:08:56+08:00,btc-updown-5m-1785924300,https://polymarket.com/zh/event/btc-updown-5m-1785924300,18:05-18:10,47.00,54.00,46.00,53.00,388.89,485.52,463.07,299.32,46.50,53.50,1.00,1.00,18254.93,11062.23,11007.23,18249.93,45,47,48,46,64109.27,64132.36,,
2026-08-05T18:08:57+08:00,btc-updown-5m-1785924300,https://polymarket.com/zh/event/btc-updown-5m-1785924300,18:05-18:10,46.00,55.00,45.00,54.00,505.05,28.43,28.43,505.94,45.50,54.50,1.00,1.00,18244.93,10822.05,10817.04,18259.93,45,51,51,45,64109.27,64129.31,,
2026-08-05T18:08:59+08:00,btc-updown-5m-1785924300,https://polymarket.com/zh/event/btc-updown-5m-1785924300,18:05-18:10,46.00,54.00,45.00,53.00,1.88,700.93,310.11,2.79,45.50,53.50,1.00,1.00,18244.93,10449.04,10563.04,18254.93,45,50,48,46,64109.27,64129.31,,
2026-08-05T18:09:01+08:00,btc-updown-5m-1785924300,https://polymarket.com/zh/event/btc-updown-5m-1785924300,18:05-18:10,52.00,49.00,51.00,48.00,17.27,159.67,154.67,17.27,51.50,48.50,1.00,1.00,18228.91,10133.33,10148.33,18038.91,51,47,47,51,64109.27,64128.97,,
2026-08-05T18:09:03+08:00,btc-updown-5m-1785924300,https://polymarket.com/zh/event/btc-updown-5m-1785924300,18:05-18:10,51.00,50.00,50.00,49.00,845.37,12.06,12.06,972.03,50.50,49.50,1.00,1.00,18528.91,9988.33,10488.52,18128.92,47,48,47,38,64109.27,64129.11,,
2026-08-05T18:09:05+08:00,btc-updown-5m-1785924300,https://polymarket.com/zh/event/btc-updown-5m-1785924300,18:05-18:10,44.00,55.00,43.00,54.00,5.00,213.24,90.00,207.79,43.50,54.50,1.00,1.00,19746.89,11067.71,11071.72,19736.89,41,53,53,37,64109.27,64122.96,,
2026-08-05T18:09:07+08:00,btc-updown-5m-1785924300,https://polymarket.com/zh/event/btc-updown-5m-1785924300,18:05-18:10,36.00,65.00,35.00,64.00,340.85,54.26,54.26,262.25,35.50,64.50,1.00,1.00,18154.20,11135.21,11051.02,18154.20,33,59,59,33,64109.27,64121.04,,
2026-08-05T18:09:09+08:00,btc-updown-5m-1785924300,https://polymarket.com/zh/event/btc-updown-5m-1785924300,18:05-18:10,34.00,72.00,33.00,71.00,242.37,7.23,5.00,80.47,33.50,71.50,1.00,1.00,18837.53,15080.57,14990.57,19605.86,31,58,63,28,64109.27,64117.22,,
2026-08-05T18:09:11+08:00,btc-updown-5m-1785924300,https://polymarket.com/zh/event/btc-updown-5m-1785924300,18:05-18:10,35.00,66.00,34.00,65.00,301.14,106.47,255.47,288.81,34.50,65.50,1.00,1.00,20474.19,11131.98,11226.97,20464.19,33,63,63,33,64109.27,64115.94,,
2026-08-05T18:09:13+08:00,btc-updown-5m-1785924300,https://polymarket.com/zh/event/btc-updown-5m-1785924300,18:05-18:10,34.00,67.00,33.00,66.00,81.76,16.81,23.81,78.81,33.50,66.50,1.00,1.00,20632.24,11136.98,11132.97,18497.25,30,58,59,31,64109.27,64114.00,,
2026-08-05T18:09:15+08:00,btc-updown-5m-1785924300,https://polymarket.com/zh/event/btc-updown-5m-1785924300,18:05-18:10,28.00,75.00,27.00,73.00,497.43,32.09,95.69,15.47,27.50,74.00,1.00,2.00,17062.25,15168.33,15064.33,17062.25,27,63,65,25,64109.27,64112.23,,
2026-08-05T18:09:17+08:00,btc-updown-5m-1785924300,https://polymarket.com/zh/event/btc-updown-5m-1785924300,18:05-18:10,18.00,83.00,17.00,82.00,18.94,7.26,32.59,172.75,17.50,82.50,1.00,1.00,16687.25,15193.33,15243.34,16672.25,17,70,72,17,64109.27,64109.03,,
2026-08-05T18:09:19+08:00,btc-updown-5m-1785924300,https://polymarket.com/zh/event/btc-updown-5m-1785924300,18:05-18:10,9.00,89.00,8.00,88.00,57.05,626.35,375.78,37.03,8.50,88.50,1.00,1.00,16047.26,17894.70,17905.69,15738.67,8,77,73,10,64109.27,64103.27,,
2026-08-05T18:09:21+08:00,btc-updown-5m-1785924300,https://polymarket.com/zh/event/btc-updown-5m-1785924300,18:05-18:10,10.00,91.00,9.00,90.00,12.28,108.19,21.79,12.28,9.50,90.50,1.00,1.00,14906.76,17864.88,17778.87,14847.06,9,76,77,9,64109.27,64102.55,,
2026-08-05T18:09:23+08:00,btc-updown-5m-1785924300,https://polymarket.com/zh/event/btc-updown-5m-1785924300,18:05-18:10,15.00,86.00,14.00,85.00,64.85,75.47,65.47,6.03,14.50,85.50,1.00,1.00,14787.05,17759.88,17800.87,14777.05,12,84,84,12,64109.27,64102.37,,
2026-08-05T18:09:25+08:00,btc-updown-5m-1785924300,https://polymarket.com/zh/event/btc-updown-5m-1785924300,18:05-18:10,16.00,85.00,15.00,84.00,12.12,132.99,132.99,12.12,15.50,84.50,1.00,1.00,14837.48,17802.70,17701.69,14965.17,13,77,77,13,64109.27,64103.80,,
2026-08-05T18:09:27+08:00,btc-updown-5m-1785924300,https://polymarket.com/zh/event/btc-updown-5m-1785924300,18:05-18:10,15.00,86.00,14.00,85.00,551.67,13.66,13.66,551.67,14.50,85.50,1.00,1.00,15460.17,17657.69,17766.69,15490.17,12,79,77,12,64109.27,64103.81,,
2026-08-05T18:09:29+08:00,btc-updown-5m-1785924300,https://polymarket.com/zh/event/btc-updown-5m-1785924300,18:05-18:10,12.00,89.00,11.00,88.00,15.00,14.71,145.90,105.05,11.50,88.50,1.00,1.00,16043.62,17768.69,17571.69,16122.52,11,77,78,11,64109.27,64103.80,,
2026-08-05T18:09:31+08:00,btc-updown-5m-1785924300,https://polymarket.com/zh/event/btc-updown-5m-1785924300,18:05-18:10,9.00,92.00,8.00,91.00,186.94,30.46,30.46,186.94,8.50,91.50,1.00,1.00,15027.89,16772.69,16777.69,15022.89,8,79,79,8,64109.27,64102.94,,
2026-08-05T18:09:33+08:00,btc-updown-5m-1785924300,https://polymarket.com/zh/event/btc-updown-5m-1785924300,18:05-18:10,8.00,93.00,7.00,91.00,65.10,16.55,8.50,48.51,7.50,92.00,1.00,2.00,14975.73,16727.69,16716.69,14975.73,7,78,77,7,64109.27,64103.05,,
2026-08-05T18:09:35+08:00,btc-updown-5m-1785924300,https://polymarket.com/zh/event/btc-updown-5m-1785924300,18:05-18:10,4.00,97.00,3.00,96.00,42.00,740.81,697.81,50.00,3.50,96.50,1.00,1.00,11140.98,16439.03,16408.04,11183.98,3,94,94,3,64109.27,64104.08,,
2026-08-05T18:09:37+08:00,btc-updown-5m-1785924300,https://polymarket.com/zh/event/btc-updown-5m-1785924300,18:05-18:10,6.00,97.00,5.00,96.00,235.02,559.56,20.00,77.00,5.50,96.50,1.00,1.00,11237.07,16460.03,16445.03,11119.59,5,94,95,3,64109.27,64091.37,,
2026-08-05T18:09:39+08:00,btc-updown-5m-1785924300,https://polymarket.com/zh/event/btc-updown-5m-1785924300,18:05-18:10,5.00,96.00,4.00,95.00,121.68,2.69,8.95,116.68,4.50,95.50,1.00,1.00,11271.77,17009.03,16987.03,11265.51,4,91,91,4,64109.27,64090.99,,
2026-08-05T18:09:41+08:00,btc-updown-5m-1785924300,https://polymarket.com/zh/event/btc-updown-5m-1785924300,18:05-18:10,5.00,96.00,4.00,95.00,109.55,284.58,284.58,5.59,4.50,95.50,1.00,1.00,11492.13,16944.03,16917.04,11487.13,4,89,89,4,64109.27,64089.79,,
2026-08-05T18:09:43+08:00,btc-updown-5m-1785924300,https://polymarket.com/zh/event/btc-updown-5m-1785924300,18:05-18:10,5.00,96.00,4.00,95.00,187.76,326.64,328.73,191.79,4.50,95.50,1.00,1.00,11236.28,16927.04,17029.03,11234.19,4,88,88,4,64109.27,64088.73,,
2026-08-05T18:09:45+08:00,btc-updown-5m-1785924300,https://polymarket.com/zh/event/btc-updown-5m-1785924300,18:05-18:10,7.00,94.00,6.00,93.00,343.81,165.18,206.90,343.81,6.50,93.50,1.00,1.00,10525.00,16121.04,16140.04,10515.00,6,84,84,6,64109.27,64088.93,,
2026-08-05T18:09:47+08:00,btc-updown-5m-1785924300,https://polymarket.com/zh/event/btc-updown-5m-1785924300,18:05-18:10,7.00,93.00,6.00,92.00,140.97,87.59,24.41,150.92,6.50,92.50,1.00,1.00,10618.50,15909.04,15922.04,10608.50,6,84,82,7,64109.27,64088.93,,
2026-08-05T18:09:49+08:00,btc-updown-5m-1785924300,https://polymarket.com/zh/event/btc-updown-5m-1785924300,18:05-18:10,4.00,97.00,3.00,96.00,58.14,331.33,334.43,52.90,3.50,96.50,1.00,1.00,6220.82,15788.04,15998.04,6132.72,3,86,87,3,64109.27,64090.16,,
2026-08-05T18:09:51+08:00,btc-updown-5m-1785924300,https://polymarket.com/zh/event/btc-updown-5m-1785924300,18:05-18:10,4.00,97.00,3.00,96.00,26.68,160.39,306.84,15.00,3.50,96.50,1.00,1.00,5892.56,14687.04,14667.05,5699.74,3,69,70,3,64109.27,64089.98,,
2026-08-05T18:09:53+08:00,btc-updown-5m-1785924300,https://polymarket.com/zh/event/btc-updown-5m-1785924300,18:05-18:10,3.00,98.00,2.00,97.00,1623.40,158.85,367.40,1614.94,2.50,97.50,1.00,1.00,4107.17,14616.56,14623.56,3898.62,2,71,71,2,64109.27,64089.98,,
2026-08-05T18:09:55+08:00,btc-updown-5m-1785924300,https://polymarket.com/zh/event/btc-updown-5m-1785924300,18:05-18:10,2.00,99.00,1.00,98.00,14.99,2881.05,2939.44,14.95,1.50,98.50,1.00,1.00,2939.44,20999.56,20988.56,2881.05,1,71,71,1,64109.27,64089.89,,
2026-08-05T18:09:57+08:00,btc-updown-5m-1785924300,https://polymarket.com/zh/event/btc-updown-5m-1785924300,18:05-18:10,1.00,,,99.00,3484.38,,,3506.38,,,,,,19579.56,19554.56,,0,65,66,0,64109.27,64089.13,,
2026-08-05T18:09:59+08:00,btc-updown-5m-1785924300,https://polymarket.com/zh/event/btc-updown-5m-1785924300,18:05-18:10,1.00,,,99.00,20819.13,,,22319.13,,,,,,23206.57,23153.56,,0,70,70,0,64109.27,64089.13,,
2026-08-05T18:10:01+08:00,btc-updown-5m-1785924600,https://polymarket.com/zh/event/btc-updown-5m-1785924600,18:10-18:15,61.00,40.00,60.00,39.00,223.56,137.68,152.68,264.23,60.50,39.50,1.00,1.00,12026.95,11817.91,11997.91,12636.95,60,39,39,60,64089.13,64089.13,,
2026-08-05T18:10:03+08:00,btc-updown-5m-1785924600,https://polymarket.com/zh/event/btc-updown-5m-1785924600,18:10-18:15,54.00,48.00,53.00,47.00,491.27,260.51,158.56,1041.66,53.50,47.50,1.00,1.00,12986.43,12947.39,13027.39,13011.43,50,46,47,50,64089.13,64085.01,,
2026-08-05T18:10:05+08:00,btc-updown-5m-1785924600,https://polymarket.com/zh/event/btc-updown-5m-1785924600,18:10-18:15,53.00,48.00,52.00,47.00,5.56,805.12,815.54,10.56,52.50,47.50,1.00,1.00,13891.43,14165.48,14170.48,13966.43,52,47,47,52,64089.13,64084.45,,
2026-08-05T18:10:07+08:00,btc-updown-5m-1785924600,https://polymarket.com/zh/event/btc-updown-5m-1785924600,18:10-18:15,56.00,45.00,55.00,44.00,2.11,611.53,623.88,12.11,55.50,44.50,1.00,1.00,13821.43,14077.04,14072.04,13801.43,55,44,44,55,64089.13,64083.95,,
2026-08-05T18:10:09+08:00,btc-updown-5m-1785924600,https://polymarket.com/zh/event/btc-updown-5m-1785924600,18:10-18:15,56.00,45.00,55.00,44.00,86.07,353.51,314.18,86.07,55.50,44.50,1.00,1.00,12916.44,13138.07,13133.07,12896.43,55,44,44,55,64089.13,64083.96,,
2026-08-05T18:10:11+08:00,btc-updown-5m-1785924600,https://polymarket.com/zh/event/btc-updown-5m-1785924600,18:10-18:15,56.00,45.00,55.00,44.00,82.08,241.69,257.26,108.08,55.50,44.50,1.00,1.00,12256.44,12590.07,12600.07,12256.43,55,44,44,55,64089.13,64083.95,,
2026-08-05T18:10:13+08:00,btc-updown-5m-1785924600,https://polymarket.com/zh/event/btc-updown-5m-1785924600,18:10-18:15,53.00,48.00,52.00,47.00,595.26,45.00,50.00,625.27,52.50,47.50,1.00,1.00,12176.43,12575.51,12994.51,12301.43,52,47,47,52,64089.13,64083.96,,
2026-08-05T18:10:15+08:00,btc-updown-5m-1785924600,https://polymarket.com/zh/event/btc-updown-5m-1785924600,18:10-18:15,53.00,46.00,52.00,45.00,5.14,654.71,75.00,182.87,52.50,45.50,1.00,1.00,13429.56,13834.51,13829.51,13334.56,52,47,45,54,64089.13,64083.95,,
2026-08-05T18:10:17+08:00,btc-updown-5m-1785924600,https://polymarket.com/zh/event/btc-updown-5m-1785924600,18:10-18:15,53.00,48.00,52.00,47.00,3.19,224.85,408.26,29.77,52.50,47.50,1.00,1.00,13513.76,13957.84,13947.84,13508.76,52,47,47,52,64089.13,64088.61,,
2026-08-05T18:10:19+08:00,btc-updown-5m-1785924600,https://polymarket.com/zh/event/btc-updown-5m-1785924600,18:10-18:15,54.00,47.00,53.00,46.00,188.53,272.20,272.20,217.03,53.50,46.50,1.00,1.00,12793.76,12442.84,12437.84,12688.77,53,46,46,53,64089.13,64088.61,,
2026-08-05T18:10:21+08:00,btc-updown-5m-1785924600,https://polymarket.com/zh/event/btc-updown-5m-1785924600,18:10-18:15,52.00,49.00,51.00,48.00,986.04,7.92,7.92,986.04,51.50,48.50,1.00,1.00,11213.76,11202.00,11192.00,11466.37,51,48,48,51,64089.13,64088.62,,
2026-08-05T18:10:23+08:00,btc-updown-5m-1785924600,https://polymarket.com/zh/event/btc-updown-5m-1785924600,18:10-18:15,51.00,50.00,50.00,49.00,401.25,92.70,92.70,401.25,50.50,49.50,1.00,1.00,11721.95,11681.51,11671.51,12017.34,50,49,49,50,64089.13,64087.33,,
2026-08-05T18:10:25+08:00,btc-updown-5m-1785924600,https://polymarket.com/zh/event/btc-updown-5m-1785924600,18:10-18:15,47.00,55.00,46.00,54.00,998.61,40.66,3.68,793.58,46.50,54.50,1.00,1.00,11656.34,11663.50,11753.50,11656.34,46,53,54,45,64089.13,64085.62,,
2026-08-05T18:10:27+08:00,btc-updown-5m-1785924600,https://polymarket.com/zh/event/btc-updown-5m-1785924600,18:10-18:15,45.00,56.00,44.00,55.00,948.91,35.30,35.30,948.91,44.50,55.50,1.00,1.00,11757.74,11706.20,11801.20,11747.74,44,55,55,44,64089.13,64085.62,,
2026-08-05T18:10:29+08:00,btc-updown-5m-1785924600,https://polymarket.com/zh/event/btc-updown-5m-1785924600,18:10-18:15,39.00,62.00,38.00,61.00,320.56,29.35,74.29,572.95,38.50,61.50,1.00,1.00,12532.74,12405.90,12405.90,13037.74,38,61,61,38,64089.13,64083.96,,
2026-08-05T18:10:31+08:00,btc-updown-5m-1785924600,https://polymarket.com/zh/event/btc-updown-5m-1785924600,18:10-18:15,23.00,79.00,22.00,78.00,150.00,230.99,22.63,632.15,22.50,78.50,1.00,1.00,14306.40,11670.90,11660.90,14187.40,22,77,78,21,64089.13,64067.33,,
2026-08-05T18:10:33+08:00,btc-updown-5m-1785924600,https://polymarket.com/zh/event/btc-updown-5m-1785924600,18:10-18:15,18.00,83.00,17.00,82.00,15.63,550.73,493.28,15.00,17.50,82.50,1.00,1.00,13491.06,11335.91,11415.90,13291.07,17,82,82,17,64089.13,64054.48,,
2026-08-05T18:10:35+08:00,btc-updown-5m-1785924600,https://polymarket.com/zh/event/btc-updown-5m-1785924600,18:10-18:15,21.00,80.00,20.00,79.00,82.42,501.80,454.29,82.42,20.50,79.50,1.00,1.00,13150.69,11600.91,11605.90,13150.69,20,79,79,20,64089.13,64054.48,,
2026-08-05T18:10:37+08:00,btc-updown-5m-1785924600,https://polymarket.com/zh/event/btc-updown-5m-1785924600,18:10-18:15,22.00,79.00,21.00,78.00,809.72,46.74,16.74,809.72,21.50,78.50,1.00,1.00,13105.71,11565.90,11575.90,13135.71,21,78,78,21,64089.13,64054.48,,
2026-08-05T18:10:39+08:00,btc-updown-5m-1785924600,https://polymarket.com/zh/event/btc-updown-5m-1785924600,18:10-18:15,21.00,80.00,20.00,79.00,908.48,5.00,232.92,1060.01,20.50,79.50,1.00,1.00,13075.71,11581.90,11486.90,13105.71,20,79,79,20,64089.13,64054.49,,
2026-08-05T18:10:41+08:00,btc-updown-5m-1785924600,https://polymarket.com/zh/event/btc-updown-5m-1785924600,18:10-18:15,18.00,83.00,17.00,82.00,178.33,291.63,359.39,59.24,17.50,82.50,1.00,1.00,13178.71,11596.90,11486.90,13178.71,17,82,82,17,64089.13,64054.49,,
2026-08-05T18:10:43+08:00,btc-updown-5m-1785924600,https://polymarket.com/zh/event/btc-updown-5m-1785924600,18:10-18:15,18.00,83.00,17.00,82.00,98.00,404.84,404.84,96.00,17.50,82.50,1.00,1.00,13403.70,11525.34,11630.34,13403.70,17,82,82,17,64089.13,64054.49,,
2026-08-05T18:10:45+08:00,btc-updown-5m-1785924600,https://polymarket.com/zh/event/btc-updown-5m-1785924600,18:10-18:15,17.00,84.00,16.00,83.00,128.71,395.67,406.64,128.71,16.50,83.50,1.00,1.00,13429.70,11630.34,11625.34,13429.70,16,83,83,16,64089.13,64052.88,,
2026-08-05T18:10:47+08:00,btc-updown-5m-1785924600,https://polymarket.com/zh/event/btc-updown-5m-1785924600,18:10-18:15,20.00,81.00,19.00,80.00,239.29,555.03,277.88,23.73,19.50,80.50,1.00,1.00,13044.71,11625.34,11525.35,13039.71,19,80,79,19,64089.13,64050.21,,
2026-08-05T18:10:49+08:00,btc-updown-5m-1785924600,https://polymarket.com/zh/event/btc-updown-5m-1785924600,18:10-18:15,22.00,79.00,21.00,78.00,62.58,279.98,304.98,72.58,21.50,78.50,1.00,1.00,13123.71,11630.34,11530.34,13128.71,21,78,78,21,64089.13,64054.48,,
2026-08-05T18:10:51+08:00,btc-updown-5m-1785924600,https://polymarket.com/zh/event/btc-updown-5m-1785924600,18:10-18:15,24.00,76.00,23.00,75.00,36.98,145.47,143.67,147.00,23.50,75.50,1.00,1.00,13195.71,11576.91,11476.90,13195.71,23,76,75,24,64089.13,64058.04,,
2026-08-05T18:10:53+08:00,btc-updown-5m-1785924600,https://polymarket.com/zh/event/btc-updown-5m-1785924600,18:10-18:15,27.00,74.00,26.00,73.00,68.00,260.77,225.00,73.00,26.50,73.50,1.00,1.00,12935.71,11436.90,11431.90,12855.71,26,73,73,26,64089.13,64058.03,,
2026-08-05T18:10:55+08:00,btc-updown-5m-1785924600,https://polymarket.com/zh/event/btc-updown-5m-1785924600,18:10-18:15,23.00,78.00,22.00,77.00,183.31,258.00,258.00,233.31,22.50,77.50,1.00,1.00,12762.71,11441.90,11331.90,12762.71,22,77,77,22,64089.13,64064.04,,
2026-08-05T18:10:57+08:00,btc-updown-5m-1785924600,https://polymarket.com/zh/event/btc-updown-5m-1785924600,18:10-18:15,23.00,78.00,22.00,77.00,134.04,143.70,143.70,191.40,22.50,77.50,1.00,1.00,12522.71,11221.31,11226.32,12528.71,22,77,77,22,64089.13,64064.04,,
2026-08-05T18:10:59+08:00,btc-updown-5m-1785924600,https://polymarket.com/zh/event/btc-updown-5m-1785924600,18:10-18:15,23.00,78.00,22.00,77.00,239.30,95.38,112.06,244.30,22.50,77.50,1.00,1.00,12388.71,10991.31,10886.31,12388.71,22,77,77,22,64089.13,64064.04,,
2026-08-05T18:11:01+08:00,btc-updown-5m-1785924600,https://polymarket.com/zh/event/btc-updown-5m-1785924600,18:10-18:15,25.00,76.00,24.00,75.00,12.10,827.18,640.48,12.10,24.50,75.50,1.00,1.00,12103.71,15391.32,15486.31,12097.71,24,75,75,24,64089.13,64064.04,,
2026-08-05T18:11:03+08:00,btc-updown-5m-1785924600,https://polymarket.com/zh/event/btc-updown-5m-1785924600,18:10-18:15,26.00,76.00,25.00,75.00,662.95,85.00,7.48,776.01,25.50,75.50,1.00,1.00,11966.07,15656.31,15671.31,11986.07,25,74,75,24,64089.13,64064.04,,
2026-08-05T18:11:05+08:00,btc-updown-5m-1785924600,https://polymarket.com/zh/event/btc-updown-5m-1785924600,18:10-18:15,24.00,77.00,23.00,76.00,833.79,111.55,111.55,841.62,23.50,76.50,1.00,1.00,11728.76,15426.31,15421.31,11728.76,23,76,76,23,64089.13,64064.04,,
2026-08-05T18:11:07+08:00,btc-updown-5m-1785924600,https://polymarket.com/zh/event/btc-updown-5m-1785924600,18:10-18:15,24.00,77.00,23.00,76.00,654.41,55.10,65.10,654.41,23.50,76.50,1.00,1.00,11515.76,15070.31,15053.31,11515.76,23,76,76,23,64089.13,64064.08,,
2026-08-05T18:11:09+08:00,btc-updown-5m-1785924600,https://polymarket.com/zh/event/btc-updown-5m-1785924600,18:10-18:15,18.00,83.00,17.00,82.00,489.65,70.86,110.86,586.88,17.50,82.50,1.00,1.00,11355.75,14729.31,14819.31,11385.75,17,82,82,17,64089.13,64057.71,,
2026-08-05T18:11:11+08:00,btc-updown-5m-1785924600,https://polymarket.com/zh/event/btc-updown-5m-1785924600,18:10-18:15,18.00,83.00,17.00,82.00,513.65,174.44,174.44,511.65,17.50,82.50,1.00,1.00,11184.75,14733.31,14814.31,11184.75,17,82,82,17,64089.13,64058.98,,
2026-08-05T18:11:13+08:00,btc-updown-5m-1785924600,https://polymarket.com/zh/event/btc-updown-5m-1785924600,18:10-18:15,18.00,83.00,17.00,82.00,66.15,278.30,278.30,60.59,17.50,82.50,1.00,1.00,10959.69,14866.75,14767.76,10959.69,17,82,82,17,64089.13,64058.98,,
2026-08-05T18:11:15+08:00,btc-updown-5m-1785924600,https://polymarket.com/zh/event/btc-updown-5m-1785924600,18:10-18:15,18.00,83.00,17.00,82.00,22.07,286.68,286.68,22.07,17.50,82.50,1.00,1.00,11100.68,14507.75,14611.75,11150.68,17,82,82,17,64089.13,64058.99,,
2026-08-05T18:11:18+08:00,btc-updown-5m-1785924600,https://polymarket.com/zh/event/btc-updown-5m-1785924600,18:10-18:15,18.00,83.00,17.00,82.00,459.09,70.04,70.04,459.09,17.50,82.50,1.00,1.00,11142.68,14506.75,14607.75,11142.68,17,82,82,17,64089.13,64058.99,,
2026-08-05T18:11:20+08:00,btc-updown-5m-1785924600,https://polymarket.com/zh/event/btc-updown-5m-1785924600,18:10-18:15,18.00,83.00,17.00,82.00,346.94,121.14,121.14,346.94,17.50,82.50,1.00,1.00,11218.39,14862.75,14873.75,11228.39,17,82,82,17,64089.13,64058.99,,
2026-08-05T18:11:22+08:00,btc-updown-5m-1785924600,https://polymarket.com/zh/event/btc-updown-5m-1785924600,18:10-18:15,17.00,84.00,16.00,83.00,207.98,45.55,184.94,355.96,16.50,83.50,1.00,1.00,11327.68,14579.31,14474.31,11187.68,16,83,83,16,64089.13,64058.99,,
2026-08-05T18:11:24+08:00,btc-updown-5m-1785924600,https://polymarket.com/zh/event/btc-updown-5m-1785924600,18:10-18:15,17.00,84.00,16.00,83.00,9.11,380.75,380.75,14.11,16.50,83.50,1.00,1.00,11257.68,14564.31,14558.31,11262.68,16,83,83,16,64089.13,64060.27,,
2026-08-05T18:11:26+08:00,btc-updown-5m-1785924600,https://polymarket.com/zh/event/btc-updown-5m-1785924600,18:10-18:15,17.00,84.00,16.00,83.00,20.00,344.32,350.28,20.00,16.50,83.50,1.00,1.00,11312.68,14458.31,14475.31,11312.68,16,83,83,16,64089.13,64061.62,,
2026-08-05T18:11:29+08:00,btc-updown-5m-1785924600,https://polymarket.com/zh/event/btc-updown-5m-1785924600,18:10-18:15,17.00,84.00,16.00,83.00,310.58,90.88,90.88,310.58,16.50,83.50,1.00,1.00,11237.69,14819.31,14718.31,11237.69,16,83,83,16,64089.13,64061.63,,
2026-08-05T18:11:31+08:00,btc-updown-5m-1785924600,https://polymarket.com/zh/event/btc-updown-5m-1785924600,18:10-18:15,17.00,84.00,16.00,83.00,15.00,400.00,411.34,85.00,16.50,83.50,1.00,1.00,10625.39,14444.31,14643.31,10625.39,16,83,83,16,64089.13,64061.63,,
2026-08-05T18:11:33+08:00,btc-updown-5m-1785924600,https://polymarket.com/zh/event/btc-updown-5m-1785924600,18:10-18:15,17.00,83.00,16.00,82.00,197.07,634.86,201.40,200.07,16.50,82.50,1.00,1.00,10284.69,14814.31,14549.31,8786.10,16,83,82,17,64089.13,64061.62,,
2026-08-05T18:11:35+08:00,btc-updown-5m-1785924600,https://polymarket.com/zh/event/btc-updown-5m-1785924600,18:10-18:15,18.00,83.00,17.00,82.00,143.18,654.34,812.78,292.66,17.50,82.50,1.00,1.00,9201.09,14554.31,14564.31,9151.09,17,82,82,17,64089.13,64061.62,,
2026-08-05T18:11:37+08:00,btc-updown-5m-1785924600,https://polymarket.com/zh/event/btc-updown-5m-1785924600,18:10-18:15,18.00,83.00,17.00,82.00,362.66,637.01,683.27,367.66,17.50,82.50,1.00,1.00,9146.80,14463.31,14454.32,9146.80,17,82,82,17,64089.13,64061.63,,
2026-08-05T18:11:39+08:00,btc-updown-5m-1785924600,https://polymarket.com/zh/event/btc-updown-5m-1785924600,18:10-18:15,18.00,83.00,17.00,82.00,77.62,712.23,722.23,75.00,17.50,82.50,1.00,1.00,9191.80,14443.31,14543.31,9091.80,17,82,82,17,64089.13,64061.63,,
2026-08-05T18:11:41+08:00,btc-updown-5m-1785924600,https://polymarket.com/zh/event/btc-updown-5m-1785924600,18:10-18:15,18.00,83.00,17.00,82.00,161.68,448.48,416.97,111.68,17.50,82.50,1.00,1.00,9236.80,14469.31,14549.31,9236.80,17,82,82,17,64089.13,64061.63,,
2026-08-05T18:11:43+08:00,btc-updown-5m-1785924600,https://polymarket.com/zh/event/btc-updown-5m-1785924600,18:10-18:15,18.00,83.00,17.00,82.00,176.82,342.44,342.44,176.82,17.50,82.50,1.00,1.00,9096.80,14497.75,14496.75,9096.80,17,82,82,17,64089.13,64061.63,,
2026-08-05T18:11:45+08:00,btc-updown-5m-1785924600,https://polymarket.com/zh/event/btc-updown-5m-1785924600,18:10-18:15,18.00,83.00,17.00,82.00,176.82,420.32,467.35,176.82,17.50,82.50,1.00,1.00,9096.80,14481.75,14491.76,9096.80,17,82,82,17,64089.13,64061.62,,
2026-08-05T18:11:47+08:00,btc-updown-5m-1785924600,https://polymarket.com/zh/event/btc-updown-5m-1785924600,18:10-18:15,18.00,83.00,17.00,82.00,210.19,462.01,462.01,210.19,17.50,82.50,1.00,1.00,9116.80,14602.75,14513.75,9116.80,17,82,82,17,64089.13,64061.64,,
2026-08-05T18:11:50+08:00,btc-updown-5m-1785924600,https://polymarket.com/zh/event/btc-updown-5m-1785924600,18:10-18:15,18.00,83.00,17.00,82.00,204.07,425.98,414.17,209.07,17.50,82.50,1.00,1.00,9091.78,14491.75,14503.75,9091.78,17,82,82,17,64089.13,64060.33,,
2026-08-05T18:11:52+08:00,btc-updown-5m-1785924600,https://polymarket.com/zh/event/btc-updown-5m-1785924600,18:10-18:15,18.00,83.00,17.00,82.00,203.51,429.55,430.98,203.51,17.50,82.50,1.00,1.00,9071.78,14555.32,14549.31,9041.78,17,82,82,17,64089.13,64061.57,,
2026-08-05T18:11:54+08:00,btc-updown-5m-1785924600,https://polymarket.com/zh/event/btc-updown-5m-1785924600,18:10-18:15,18.00,83.00,17.00,82.00,261.05,315.12,315.12,266.05,17.50,82.50,1.00,1.00,8871.08,14455.31,14559.31,8906.08,17,82,82,17,64089.13,64061.58,,
2026-08-05T18:11:56+08:00,btc-updown-5m-1785924600,https://polymarket.com/zh/event/btc-updown-5m-1785924600,18:10-18:15,18.00,83.00,17.00,82.00,297.01,297.38,297.38,297.01,17.50,82.50,1.00,1.00,8941.08,14543.31,14455.32,8941.08,17,82,82,17,64089.13,64061.58,,
2026-08-05T18:11:58+08:00,btc-updown-5m-1785924600,https://polymarket.com/zh/event/btc-updown-5m-1785924600,18:10-18:15,18.00,83.00,17.00,82.00,312.01,283.27,283.27,312.01,17.50,82.50,1.00,1.00,8878.08,14544.31,14559.31,8878.08,17,82,82,17,64089.13,64061.57,,
2026-08-05T18:11:59+08:00,btc-updown-5m-1785924600,https://polymarket.com/zh/event/btc-updown-5m-1785924600,18:10-18:15,18.00,83.00,17.00,82.00,0.78,627.16,638.99,10.78,17.50,82.50,1.00,1.00,8873.08,14458.32,14550.31,9123.07,17,82,82,17,64089.13,64061.57,,
2026-08-05T18:12:01+08:00,btc-updown-5m-1785924600,https://polymarket.com/zh/event/btc-updown-5m-1785924600,18:10-18:15,18.00,83.00,17.00,82.00,134.86,238.32,318.32,134.86,17.50,82.50,1.00,1.00,9220.78,14346.31,14235.31,9220.78,17,82,82,17,64089.13,64061.57,,
2026-08-05T18:12:03+08:00,btc-updown-5m-1785924600,https://polymarket.com/zh/event/btc-updown-5m-1785924600,18:10-18:15,18.00,83.00,17.00,82.00,235.13,10.95,10.95,235.13,17.50,82.50,1.00,1.00,8885.08,14380.31,14245.31,8885.08,17,82,82,17,64089.13,64061.57,,
2026-08-05T18:12:05+08:00,btc-updown-5m-1785924600,https://polymarket.com/zh/event/btc-updown-5m-1785924600,18:10-18:15,18.00,83.00,17.00,82.00,238.77,9.17,9.17,238.77,17.50,82.50,1.00,1.00,8926.28,14351.31,14235.31,8926.28,17,82,82,17,64089.13,64061.57,,
2026-08-05T18:12:07+08:00,btc-updown-5m-1785924600,https://polymarket.com/zh/event/btc-updown-5m-1785924600,18:10-18:15,19.00,82.00,18.00,81.00,313.26,85.59,122.25,313.26,18.50,81.50,1.00,1.00,9086.27,14340.31,14356.32,9086.27,18,81,81,18,64089.13,64061.58,,
2026-08-05T18:12:09+08:00,btc-updown-5m-1785924600,https://polymarket.com/zh/event/btc-updown-5m-1785924600,18:10-18:15,17.00,84.00,16.00,83.00,815.71,32.66,32.66,815.71,16.50,83.50,1.00,1.00,8751.28,14511.31,14585.31,8751.28,16,83,83,16,64089.13,64061.58,,
2026-08-05T18:12:11+08:00,btc-updown-5m-1785924600,https://polymarket.com/zh/event/btc-updown-5m-1785924600,18:10-18:15,16.00,85.00,15.00,84.00,781.28,153.47,153.47,781.28,15.50,84.50,1.00,1.00,8974.26,14585.31,14495.32,8974.26,15,84,84,15,64089.13,64061.58,,
2026-08-05T18:12:13+08:00,btc-updown-5m-1785924600,https://polymarket.com/zh/event/btc-updown-5m-1785924600,18:10-18:15,34.00,66.00,33.00,65.00,25.35,92.97,601.45,5.00,33.50,65.50,1.00,1.00,14018.30,15815.09,16671.42,14845.32,33,66,65,34,64089.13,64084.26,,
2026-08-05T18:12:15+08:00,btc-updown-5m-1785924600,https://polymarket.com/zh/event/btc-updown-5m-1785924600,18:10-18:15,35.00,67.00,34.00,66.00,264.13,59.75,51.08,313.01,34.50,66.50,1.00,1.00,11683.32,15264.76,15388.75,11683.32,34,65,66,33,64089.13,64084.26,,
2026-08-05T18:12:17+08:00,btc-updown-5m-1785924600,https://polymarket.com/zh/event/btc-updown-5m-1785924600,18:10-18:15,33.00,68.00,32.00,67.00,770.14,69.67,64.67,665.14,32.50,67.50,1.00,1.00,11647.50,15387.75,15292.76,11642.50,32,67,67,32,64089.13,64079.42,,
2026-08-05T18:12:19+08:00,btc-updown-5m-1785924600,https://polymarket.com/zh/event/btc-updown-5m-1785924600,18:10-18:15,32.00,69.00,31.00,68.00,724.05,111.00,41.00,729.91,31.50,68.50,1.00,1.00,11653.32,15397.75,15388.75,11648.32,31,68,68,31,64089.13,64079.43,,
2026-08-05T18:12:21+08:00,btc-updown-5m-1785924600,https://polymarket.com/zh/event/btc-updown-5m-1785924600,18:10-18:15,27.00,73.00,26.00,72.00,319.78,180.08,33.08,80.00,26.50,72.50,1.00,1.00,9824.66,15339.31,15210.31,9819.66,26,73,72,27,64089.13,64078.27,,
2026-08-05T18:12:23+08:00,btc-updown-5m-1785924600,https://polymarket.com/zh/event/btc-updown-5m-1785924600,18:10-18:15,29.00,72.00,28.00,71.00,125.42,137.96,132.96,78.42,28.50,71.50,1.00,1.00,9724.66,15110.31,15189.31,9724.66,27,71,71,27,64089.13,64075.90,,
2026-08-05T18:12:25+08:00,btc-updown-5m-1785924600,https://polymarket.com/zh/event/btc-updown-5m-1785924600,18:10-18:15,33.00,68.00,32.00,67.00,241.57,15.19,20.19,256.57,32.50,67.50,1.00,1.00,9794.66,15209.31,15105.31,9946.66,32,67,67,32,64089.13,64075.91,,
2026-08-05T18:12:27+08:00,btc-updown-5m-1785924600,https://polymarket.com/zh/event/btc-updown-5m-1785924600,18:10-18:15,31.00,70.00,30.00,69.00,549.38,75.00,75.00,549.38,30.50,69.50,1.00,1.00,10694.99,15244.31,15128.31,11468.32,30,69,69,30,64089.13,64075.91,,
2026-08-05T18:12:29+08:00,btc-updown-5m-1785924600,https://polymarket.com/zh/event/btc-updown-5m-1785924600,18:10-18:15,23.00,78.00,22.00,77.00,10.43,455.50,438.49,10.43,22.50,77.50,1.00,1.00,8751.30,15483.31,15383.31,8751.30,22,77,77,22,64089.13,64075.90,,
2026-08-05T18:12:31+08:00,btc-updown-5m-1785924600,https://polymarket.com/zh/event/btc-updown-5m-1785924600,18:10-18:15,24.00,77.00,23.00,76.00,0.01,632.30,627.30,0.01,23.50,76.50,1.00,1.00,8831.30,15374.31,15253.31,8831.30,23,76,76,23,64089.13,64071.60,,
2026-08-05T18:12:33+08:00,btc-updown-5m-1785924600,https://polymarket.com/zh/event/btc-updown-5m-1785924600,18:10-18:15,25.00,76.00,24.00,75.00,58.72,258.56,308.00,45.33,24.50,75.50,1.00,1.00,9206.30,15228.31,15343.31,9206.30,24,75,75,24,64089.13,64071.60,,
2026-08-05T18:12:35+08:00,btc-updown-5m-1785924600,https://polymarket.com/zh/event/btc-updown-5m-1785924600,18:10-18:15,20.00,81.00,19.00,80.00,44.96,453.86,429.86,106.96,19.50,80.50,1.00,1.00,9341.30,15453.31,15444.32,9336.30,19,80,80,19,64089.13,64071.58,,
2026-08-05T18:12:37+08:00,btc-updown-5m-1785924600,https://polymarket.com/zh/event/btc-updown-5m-1785924600,18:10-18:15,24.00,77.00,23.00,76.00,115.82,229.65,19.78,103.36,23.50,76.50,1.00,1.00,8587.97,15539.31,15304.32,8812.95,23,76,76,23,64089.13,64070.27,,
2026-08-05T18:12:39+08:00,btc-updown-5m-1785924600,https://polymarket.com/zh/event/btc-updown-5m-1785924600,18:10-18:15,24.00,77.00,23.00,76.00,77.61,388.60,398.08,20.61,23.50,76.50,1.00,1.00,8827.95,15895.96,15769.96,8827.95,23,76,76,23,64089.13,64067.55,,
2026-08-05T18:12:41+08:00,btc-updown-5m-1785924600,https://polymarket.com/zh/event/btc-updown-5m-1785924600,18:10-18:15,29.00,72.00,28.00,71.00,45.56,530.78,406.70,5.00,28.50,71.50,1.00,1.00,8682.95,16023.12,15890.11,9714.99,28,71,71,28,64089.13,64067.55,,
2026-08-05T18:12:43+08:00,btc-updown-5m-1785924600,https://polymarket.com/zh/event/btc-updown-5m-1785924600,18:10-18:15,30.00,74.00,29.00,72.00,984.21,183.32,5.00,150.00,29.50,73.00,1.00,2.00,11496.32,15922.55,15905.55,11491.32,29,70,72,26,64089.13,64073.87,,
2026-08-05T18:12:45+08:00,btc-updown-5m-1785924600,https://polymarket.com/zh/event/btc-updown-5m-1785924600,18:10-18:15,25.00,76.00,24.00,75.00,182.60,156.90,357.32,252.60,24.50,75.50,1.00,1.00,11366.32,15795.94,15699.94,11356.32,24,75,75,24,64089.13,64073.86,,
2026-08-05T18:12:47+08:00,btc-updown-5m-1785924600,https://polymarket.com/zh/event/btc-updown-5m-1785924600,18:10-18:15,20.00,82.00,19.00,81.00,253.19,211.84,90.85,222.46,19.50,81.50,1.00,1.00,11421.32,15658.50,15487.50,11421.32,19,80,81,18,64089.13,64073.86,,
2026-08-05T18:12:49+08:00,btc-updown-5m-1785924600,https://polymarket.com/zh/event/btc-updown-5m-1785924600,18:10-18:15,18.00,83.00,17.00,82.00,206.79,117.44,238.78,206.79,17.50,82.50,1.00,1.00,11368.34,15540.41,15634.41,11468.34,17,82,82,17,64089.13,64074.87,,
2026-08-05T18:12:51+08:00,btc-updown-5m-1785924600,https://polymarket.com/zh/event/btc-updown-5m-1785924600,18:10-18:15,18.00,83.00,17.00,82.00,180.61,440.18,136.30,172.52,17.50,82.50,1.00,1.00,11165.05,15512.97,15507.98,12466.71,17,82,79,17,64089.13,64080.25,,
2026-08-05T18:12:53+08:00,btc-updown-5m-1785924600,https://polymarket.com/zh/event/btc-updown-5m-1785924600,18:10-18:15,23.00,77.00,22.00,76.00,314.84,45.47,187.20,23.21,22.50,76.50,1.00,1.00,16313.65,14817.97,14706.97,16313.65,22,77,76,23,64089.13,64084.26,,
2026-08-05T18:12:55+08:00,btc-updown-5m-1785924600,https://polymarket.com/zh/event/btc-updown-5m-1785924600,18:10-18:15,27.00,75.00,26.00,74.00,753.58,35.81,9.72,75.00,26.50,74.50,1.00,1.00,16768.65,14715.97,14831.97,16868.65,26,73,74,25,64089.13,64084.27,,
2026-08-05T18:12:57+08:00,btc-updown-5m-1785924600,https://polymarket.com/zh/event/btc-updown-5m-1785924600,18:10-18:15,32.00,69.00,31.00,68.00,114.93,417.91,407.91,114.93,31.50,68.50,1.00,1.00,16928.65,14720.98,14826.97,16918.65,31,68,68,31,64089.13,64084.27,,
2026-08-05T18:12:59+08:00,btc-updown-5m-1785924600,https://polymarket.com/zh/event/btc-updown-5m-1785924600,18:10-18:15,31.00,70.00,30.00,69.00,200.45,188.53,188.53,239.21,30.50,69.50,1.00,1.00,17007.65,14806.97,14721.97,17022.65,30,69,69,30,64089.13,64086.42,,
2026-08-05T18:13:01+08:00,btc-updown-5m-1785924600,https://polymarket.com/zh/event/btc-updown-5m-1785924600,18:10-18:15,32.00,69.00,31.00,68.00,103.56,358.93,381.23,122.63,31.50,68.50,1.00,1.00,16947.65,15012.97,14701.98,16962.65,31,68,68,31,64089.13,64086.42,,
2026-08-05T18:13:03+08:00,btc-updown-5m-1785924600,https://polymarket.com/zh/event/btc-updown-5m-1785924600,18:10-18:15,29.00,72.00,28.00,71.00,563.14,79.80,79.80,619.77,28.50,71.50,1.00,1.00,16897.65,13895.97,13997.97,16897.65,28,71,71,28,64089.13,64086.42,,
2026-08-05T18:13:05+08:00,btc-updown-5m-1785924600,https://polymarket.com/zh/event/btc-updown-5m-1785924600,18:10-18:15,26.00,73.00,25.00,71.00,39.41,155.00,535.96,75.01,25.50,72.00,1.00,2.00,16897.65,13985.97,13896.97,16897.65,25,74,71,27,64089.13,64087.59,,
2026-08-05T18:13:07+08:00,btc-updown-5m-1785924600,https://polymarket.com/zh/event/btc-updown-5m-1785924600,18:10-18:15,49.00,52.00,48.00,51.00,459.61,103.83,104.55,511.93,48.50,51.50,1.00,1.00,15998.66,15970.97,16067.96,15993.66,48,51,51,48,64089.13,64092.99,,
2026-08-05T18:13:09+08:00,btc-updown-5m-1785924600,https://polymarket.com/zh/event/btc-updown-5m-1785924600,18:10-18:15,66.00,35.00,65.00,34.00,61.56,295.07,226.29,56.56,65.50,34.50,1.00,1.00,16543.66,14795.66,15498.99,16933.66,65,34,34,65,64089.13,64096.84,,
2026-08-05T18:13:11+08:00,btc-updown-5m-1785924600,https://polymarket.com/zh/event/btc-updown-5m-1785924600,18:10-18:15,80.00,24.00,79.00,23.00,449.19,117.17,17.14,5.00,79.50,23.50,1.00,1.00,17298.66,12191.58,12191.58,17278.66,79,20,23,76,64089.13,64105.83,,
2026-08-05T18:13:13+08:00,btc-updown-5m-1785924600,https://polymarket.com/zh/event/btc-updown-5m-1785924600,18:10-18:15,75.00,25.00,74.00,23.00,66.83,85.00,30.84,36.77,74.50,24.00,1.00,2.00,17273.66,13404.33,13384.33,17263.67,73,25,23,74,64089.13,64114.41,,
2026-08-05T18:13:15+08:00,btc-updown-5m-1785924600,https://polymarket.com/zh/event/btc-updown-5m-1785924600,18:10-18:15,63.00,37.00,62.00,36.00,15.00,369.70,181.96,31.29,62.50,36.50,1.00,1.00,16606.66,16651.71,16666.71,17006.67,62,37,36,63,64089.13,64105.83,,
2026-08-05T18:13:17+08:00,btc-updown-5m-1785924600,https://polymarket.com/zh/event/btc-updown-5m-1785924600,18:10-18:15,51.00,50.00,50.00,49.00,449.50,124.50,55.04,276.03,50.50,49.50,1.00,1.00,18304.16,16278.41,16273.41,18004.16,50,49,49,50,64089.13,64104.00,,
2026-08-05T18:13:19+08:00,btc-updown-5m-1785924600,https://polymarket.com/zh/event/btc-updown-5m-1785924600,18:10-18:15,56.00,45.00,55.00,44.00,274.83,385.73,385.73,274.83,55.50,44.50,1.00,1.00,16527.68,16262.59,16252.59,16143.17,55,44,44,55,64089.13,64104.00,,
2026-08-05T18:13:21+08:00,btc-updown-5m-1785924600,https://polymarket.com/zh/event/btc-updown-5m-1785924600,18:10-18:15,58.00,43.00,57.00,42.00,257.30,365.26,401.22,176.28,57.50,42.50,1.00,1.00,16133.17,16348.41,16413.41,16033.17,57,42,42,57,64089.13,64104.00,,
2026-08-05T18:13:23+08:00,btc-updown-5m-1785924600,https://polymarket.com/zh/event/btc-updown-5m-1785924600,18:10-18:15,62.00,38.00,61.00,37.00,4.03,519.82,335.03,23.01,61.50,37.50,1.00,1.00,16679.70,16568.30,16558.30,16064.70,61,38,37,62,64089.13,64104.00,,
2026-08-05T18:13:25+08:00,btc-updown-5m-1785924600,https://polymarket.com/zh/event/btc-updown-5m-1785924600,18:10-18:15,64.00,37.00,63.00,36.00,87.49,789.89,779.89,17.49,63.50,36.50,1.00,1.00,16174.70,16568.30,16579.94,16564.70,63,36,36,63,64089.13,64104.00,,
2026-08-05T18:13:27+08:00,btc-updown-5m-1785924600,https://polymarket.com/zh/event/btc-updown-5m-1785924600,18:10-18:15,73.00,28.00,72.00,27.00,439.10,11.13,6.13,428.14,72.50,27.50,1.00,1.00,16554.70,15496.92,15596.92,17164.70,72,27,27,72,64089.13,64110.28,,
2026-08-05T18:13:29+08:00,btc-updown-5m-1785924600,https://polymarket.com/zh/event/btc-updown-5m-1785924600,18:10-18:15,76.00,25.00,75.00,24.00,224.03,93.62,245.06,5.00,75.50,24.50,1.00,1.00,16085.90,9863.79,9863.79,17165.90,75,24,24,75,64089.13,64110.28,,
2026-08-05T18:13:31+08:00,btc-updown-5m-1785924600,https://polymarket.com/zh/event/btc-updown-5m-1785924600,18:10-18:15,76.00,25.00,75.00,24.00,6.00,300.89,277.72,4.68,75.50,24.50,1.00,1.00,16232.47,9770.36,9770.36,16242.47,75,24,24,75,64089.13,64110.29,,
2026-08-05T18:13:33+08:00,btc-updown-5m-1785924600,https://polymarket.com/zh/event/btc-updown-5m-1785924600,18:10-18:15,78.00,23.00,77.00,22.00,33.64,961.01,923.00,26.07,77.50,22.50,1.00,1.00,15804.97,13652.85,13652.85,16284.97,77,22,22,77,64089.13,64110.29,,
2026-08-05T18:13:35+08:00,btc-updown-5m-1785924600,https://polymarket.com/zh/event/btc-updown-5m-1785924600,18:10-18:15,85.00,16.00,84.00,15.00,164.61,5.00,5.00,210.01,84.50,15.50,1.00,1.00,15830.97,9822.86,10372.85,16220.97,84,15,15,84,64089.13,64114.40,,
2026-08-05T18:13:37+08:00,btc-updown-5m-1785924600,https://polymarket.com/zh/event/btc-updown-5m-1785924600,18:10-18:15,85.00,16.00,84.00,15.00,38.82,142.33,253.81,43.82,84.50,15.50,1.00,1.00,16325.97,10279.86,10559.85,16325.97,84,15,15,84,64089.13,64114.39,,
2026-08-05T18:13:39+08:00,btc-updown-5m-1785924600,https://polymarket.com/zh/event/btc-updown-5m-1785924600,18:10-18:15,86.00,15.00,85.00,14.00,60.16,801.68,801.68,130.16,85.50,14.50,1.00,1.00,15695.97,10312.17,10412.17,16195.97,85,14,14,85,64089.13,64114.40,,
2026-08-05T18:13:41+08:00,btc-updown-5m-1785924600,https://polymarket.com/zh/event/btc-updown-5m-1785924600,18:10-18:15,87.00,11.00,86.00,10.00,26.27,179.00,701.09,148.06,86.50,10.50,1.00,1.00,15695.97,9294.96,7748.31,16290.97,86,11,9,89,64089.13,64114.40,,
2026-08-05T18:13:43+08:00,btc-updown-5m-1785924600,https://polymarket.com/zh/event/btc-updown-5m-1785924600,18:10-18:15,90.00,9.00,89.00,8.00,14.13,476.90,229.52,148.79,89.50,8.50,1.00,1.00,16528.97,7548.72,7169.62,16523.97,89,10,8,91,64089.13,64119.79,,
2026-08-05T18:13:45+08:00,btc-updown-5m-1785924600,https://polymarket.com/zh/event/btc-updown-5m-1785924600,18:10-18:15,92.00,9.00,91.00,8.00,384.43,103.68,103.68,379.37,91.50,8.50,1.00,1.00,16250.97,7492.74,7492.74,16225.97,91,8,8,91,64089.13,64122.95,,
2026-08-05T18:13:47+08:00,btc-updown-5m-1785924600,https://polymarket.com/zh/event/btc-updown-5m-1785924600,18:10-18:15,94.00,7.00,93.00,6.00,60.93,169.89,169.89,59.86,93.50,6.50,1.00,1.00,16640.97,7344.76,7454.76,16245.97,93,6,6,93,64089.13,64123.64,,
2026-08-05T18:13:49+08:00,btc-updown-5m-1785924600,https://polymarket.com/zh/event/btc-updown-5m-1785924600,18:10-18:15,94.00,7.00,93.00,6.00,178.85,88.69,88.69,178.85,93.50,6.50,1.00,1.00,16225.97,6822.54,6822.54,16110.97,93,6,6,93,64089.13,64123.64,,
2026-08-05T18:13:51+08:00,btc-updown-5m-1785924600,https://polymarket.com/zh/event/btc-updown-5m-1785924600,18:10-18:15,94.00,7.00,93.00,6.00,46.20,401.05,421.05,45.13,93.50,6.50,1.00,1.00,16700.97,6666.14,6652.70,16705.97,93,6,6,93,64089.13,64123.77,,
2026-08-05T18:13:53+08:00,btc-updown-5m-1785924600,https://polymarket.com/zh/event/btc-updown-5m-1785924600,18:10-18:15,89.00,11.00,88.00,10.00,0.65,563.40,656.21,100.93,88.50,10.50,1.00,1.00,16075.97,6665.35,6590.35,16460.97,88,11,10,89,64089.13,64120.14,,
2026-08-05T18:13:55+08:00,btc-updown-5m-1785924600,https://polymarket.com/zh/event/btc-updown-5m-1785924600,18:10-18:15,92.00,9.00,91.00,8.00,122.62,348.01,211.00,5.00,91.50,8.50,1.00,1.00,16455.97,6783.88,6690.58,16600.97,91,8,8,91,64089.13,64120.56,,
2026-08-05T18:13:57+08:00,btc-updown-5m-1785924600,https://polymarket.com/zh/event/btc-updown-5m-1785924600,18:10-18:15,93.00,8.00,92.00,7.00,2.32,299.79,203.18,7.32,92.50,7.50,1.00,1.00,16195.97,6418.28,6438.28,16800.97,92,7,7,92,64089.13,64120.54,,
2026-08-05T18:13:59+08:00,btc-updown-5m-1785924600,https://polymarket.com/zh/event/btc-updown-5m-1785924600,18:10-18:15,93.00,8.00,92.00,7.00,249.75,483.05,483.05,116.45,92.50,7.50,1.00,1.00,16105.97,6393.59,6262.28,16195.97,92,7,7,92,64089.13,64124.74,,
2026-08-05T18:14:01+08:00,btc-updown-5m-1785924600,https://polymarket.com/zh/event/btc-updown-5m-1785924600,18:10-18:15,94.00,7.00,93.00,6.00,204.01,54.33,54.33,279.01,93.50,6.50,1.00,1.00,15978.95,6317.01,6317.01,16973.95,93,6,6,93,64089.13,64124.74,,
2026-08-05T18:14:03+08:00,btc-updown-5m-1785924600,https://polymarket.com/zh/event/btc-updown-5m-1785924600,18:10-18:15,94.00,7.00,93.00,6.00,331.78,220.67,128.33,326.78,93.50,6.50,1.00,1.00,15977.95,6122.01,6122.01,15977.95,93,6,6,93,64089.13,64124.75,,
2026-08-05T18:14:05+08:00,btc-updown-5m-1785924600,https://polymarket.com/zh/event/btc-updown-5m-1785924600,18:10-18:15,88.00,13.00,87.00,12.00,75.00,28.18,28.18,360.67,87.50,12.50,1.00,1.00,15699.96,6729.87,6796.09,15709.95,87,12,12,87,64089.13,64119.47,,
2026-08-05T18:14:07+08:00,btc-updown-5m-1785924600,https://polymarket.com/zh/event/btc-updown-5m-1785924600,18:10-18:15,93.00,8.00,92.00,7.00,201.35,38.92,38.92,200.27,92.50,7.50,1.00,1.00,15639.96,7357.87,7294.17,16034.95,91,7,7,91,64089.13,64115.00,,
2026-08-05T18:14:09+08:00,btc-updown-5m-1785924600,https://polymarket.com/zh/event/btc-updown-5m-1785924600,18:10-18:15,92.00,9.00,91.00,8.00,235.81,78.08,78.08,240.81,91.50,8.50,1.00,1.00,16029.95,7199.09,7224.09,15634.95,90,8,8,91,64089.13,64115.01,,
2026-08-05T18:14:11+08:00,btc-updown-5m-1785924600,https://polymarket.com/zh/event/btc-updown-5m-1785924600,18:10-18:15,92.00,9.00,91.00,8.00,30.00,232.14,232.14,24.56,91.50,8.50,1.00,1.00,16139.95,7016.49,7016.49,15654.95,91,8,8,91,64089.13,64115.01,,
2026-08-05T18:14:13+08:00,btc-updown-5m-1785924600,https://polymarket.com/zh/event/btc-updown-5m-1785924600,18:10-18:15,93.00,8.00,92.00,7.00,20.00,368.45,368.45,50.00,92.50,7.50,1.00,1.00,16029.95,6980.68,7015.68,15649.95,92,7,7,92,64089.13,64115.01,,
2026-08-05T18:14:15+08:00,btc-updown-5m-1785924600,https://polymarket.com/zh/event/btc-updown-5m-1785924600,18:10-18:15,92.00,9.00,91.00,8.00,270.36,15.01,10.01,270.36,91.50,8.50,1.00,1.00,15524.95,6766.67,6750.67,15539.95,90,8,8,90,64089.13,64115.01,,
2026-08-05T18:14:17+08:00,btc-updown-5m-1785924600,https://polymarket.com/zh/event/btc-updown-5m-1785924600,18:10-18:15,93.00,8.00,92.00,7.00,39.00,164.93,164.93,39.00,92.50,7.50,1.00,1.00,16018.95,6763.11,6828.11,15618.95,92,7,7,92,64089.13,64115.01,,
2026-08-05T18:14:19+08:00,btc-updown-5m-1785924600,https://polymarket.com/zh/event/btc-updown-5m-1785924600,18:10-18:15,87.00,14.00,86.00,13.00,125.53,6.92,23.92,132.14,86.50,13.50,1.00,1.00,16834.61,12420.69,12584.12,17239.61,83,13,13,83,64089.13,64113.71,,
2026-08-05T18:14:21+08:00,btc-updown-5m-1785924600,https://polymarket.com/zh/event/btc-updown-5m-1785924600,18:10-18:15,86.00,14.00,85.00,13.00,17.70,291.36,119.24,0.85,85.50,13.50,1.00,1.00,17329.61,12246.40,12224.42,17399.62,85,14,13,86,64089.13,64110.29,,
2026-08-05T18:14:23+08:00,btc-updown-5m-1785924600,https://polymarket.com/zh/event/btc-updown-5m-1785924600,18:10-18:15,88.00,13.00,87.00,12.00,34.66,352.03,368.19,33.52,87.50,12.50,1.00,1.00,15743.95,12105.68,12105.68,15353.95,86,12,12,86,64089.13,64110.28,,
2026-08-05T18:14:25+08:00,btc-updown-5m-1785924600,https://polymarket.com/zh/event/btc-updown-5m-1785924600,18:10-18:15,77.00,29.00,76.00,28.00,358.00,24.67,28.53,39.00,76.50,28.50,1.00,1.00,15038.95,13429.88,13317.41,14623.95,75,21,28,71,64089.13,64108.99,,
2026-08-05T18:14:27+08:00,btc-updown-5m-1785924600,https://polymarket.com/zh/event/btc-updown-5m-1785924600,18:10-18:15,79.00,23.00,77.00,22.00,70.00,33.63,40.00,115.47,78.00,22.50,2.00,1.00,15723.96,12924.81,12935.81,15338.95,76,20,21,76,64089.13,64105.85,,
2026-08-05T18:14:29+08:00,btc-updown-5m-1785924600,https://polymarket.com/zh/event/btc-updown-5m-1785924600,18:10-18:15,19.00,82.00,18.00,81.00,63.05,16.56,77.50,204.77,18.50,81.50,1.00,1.00,8128.95,17041.73,15640.07,7877.40,18,69,74,17,64089.13,64101.56,,
2026-08-05T18:14:31+08:00,btc-updown-5m-1785924600,https://polymarket.com/zh/event/btc-updown-5m-1785924600,18:10-18:15,25.00,76.00,24.00,75.00,31.80,200.25,209.77,36.80,24.50,75.50,1.00,1.00,12274.13,15926.40,15864.40,12624.14,22,66,66,23,64089.13,64093.00,,
2026-08-05T18:14:33+08:00,btc-updown-5m-1785924600,https://polymarket.com/zh/event/btc-updown-5m-1785924600,18:10-18:15,30.00,74.00,29.00,73.00,64.28,139.90,10.00,239.99,29.50,73.50,1.00,1.00,11290.81,16020.40,16003.40,11500.80,28,64,67,24,64089.13,64093.00,,
2026-08-05T18:14:35+08:00,btc-updown-5m-1785924600,https://polymarket.com/zh/event/btc-updown-5m-1785924600,18:10-18:15,24.00,77.00,23.00,76.00,325.94,22.73,34.58,381.46,23.50,76.50,1.00,1.00,11511.21,18223.72,16682.73,9919.82,20,72,70,20,64089.13,64088.73,,
2026-08-05T18:14:37+08:00,btc-updown-5m-1785924600,https://polymarket.com/zh/event/btc-updown-5m-1785924600,18:10-18:15,28.00,73.00,27.00,72.00,36.30,104.85,104.85,26.30,27.50,72.50,1.00,1.00,9804.82,14781.74,14786.74,9704.82,23,72,72,23,64089.13,64088.72,,
2026-08-05T18:14:39+08:00,btc-updown-5m-1785924600,https://polymarket.com/zh/event/btc-updown-5m-1785924600,18:10-18:15,23.00,78.00,22.00,77.00,352.06,3.39,3.39,343.06,22.50,77.50,1.00,1.00,9524.82,15185.74,15185.74,9524.82,18,77,77,19,64089.13,64088.72,,
2026-08-05T18:14:41+08:00,btc-updown-5m-1785924600,https://polymarket.com/zh/event/btc-updown-5m-1785924600,18:10-18:15,53.00,53.00,51.00,51.00,184.12,45.00,10.00,21.63,52.00,52.00,2.00,2.00,11384.04,11764.74,11769.74,11744.04,46,41,42,43,64089.13,64097.28,,
2026-08-05T18:14:43+08:00,btc-updown-5m-1785924600,https://polymarket.com/zh/event/btc-updown-5m-1785924600,18:10-18:15,49.00,52.00,48.00,51.00,163.48,0.87,14.06,138.89,48.50,51.50,1.00,1.00,11323.22,11399.18,11494.18,10768.22,42,44,44,42,64089.13,64097.28,,
2026-08-05T18:14:45+08:00,btc-updown-5m-1785924600,https://polymarket.com/zh/event/btc-updown-5m-1785924600,18:10-18:15,33.00,70.00,32.00,68.00,36.91,33.00,34.61,39.09,32.50,69.00,1.00,2.00,9886.38,12709.86,12719.86,9909.38,26,59,59,25,64089.13,64094.53,,
2026-08-05T18:14:47+08:00,btc-updown-5m-1785924600,https://polymarket.com/zh/event/btc-updown-5m-1785924600,18:10-18:15,31.00,71.00,30.00,70.00,40.12,29.29,5.00,40.05,30.50,70.50,1.00,1.00,9357.38,12508.86,12524.86,9342.38,26,56,56,24,64089.13,64091.64,,
2026-08-05T18:14:49+08:00,btc-updown-5m-1785924600,https://polymarket.com/zh/event/btc-updown-5m-1785924600,18:10-18:15,18.00,89.00,17.00,87.00,276.08,24.19,10.38,13.06,17.50,88.00,1.00,2.00,5022.35,11933.86,11928.87,5022.35,12,66,70,10,64089.13,64090.88,,
2026-08-05T18:14:51+08:00,btc-updown-5m-1785924600,https://polymarket.com/zh/event/btc-updown-5m-1785924600,18:10-18:15,7.00,94.00,5.00,93.00,112.70,10.00,322.18,19.41,6.00,93.50,2.00,1.00,4918.00,11155.53,11003.09,4864.59,5,72,72,6,64089.13,64090.88,,
2026-08-05T18:14:53+08:00,btc-updown-5m-1785924600,https://polymarket.com/zh/event/btc-updown-5m-1785924600,18:10-18:15,9.00,92.00,8.00,91.00,19.07,101.57,18.80,7.95,8.50,91.50,1.00,1.00,4980.81,10923.09,10932.10,4961.81,7,74,74,8,64089.13,64090.88,,
2026-08-05T18:14:55+08:00,btc-updown-5m-1785924600,https://polymarket.com/zh/event/btc-updown-5m-1785924600,18:10-18:15,7.00,96.00,4.00,93.00,19.81,4.79,4.79,19.81,5.50,94.50,3.00,3.00,3767.31,9928.09,9928.09,3767.31,4,82,82,4,64089.13,64090.87,,
2026-08-05T18:14:57+08:00,btc-updown-5m-1785924600,https://polymarket.com/zh/event/btc-updown-5m-1785924600,18:10-18:15,8.00,98.00,2.00,94.00,1151.86,319.99,329.39,5.49,5.00,96.00,6.00,4.00,2810.12,16891.61,16870.61,2800.72,2,86,88,2,64089.13,64090.87,,
2026-08-05T18:14:59+08:00,btc-updown-5m-1785924600,https://polymarket.com/zh/event/btc-updown-5m-1785924600,18:10-18:15,1.00,,,99.00,477.00,,,854.00,,,,,,20822.62,20677.61,,0,94,94,0,64089.13,64090.87,,
2026-08-05T18:15:01+08:00,btc-updown-5m-1785924900,https://polymarket.com/zh/event/btc-updown-5m-1785924900,18:15-18:20,51.00,50.00,50.00,49.00,993.05,29.31,29.31,990.85,50.50,49.50,1.00,1.00,17699.14,19385.14,19395.14,17784.14,50,49,49,50,64088.72,64087.43,,
2026-08-05T18:15:03+08:00,btc-updown-5m-1785924900,https://polymarket.com/zh/event/btc-updown-5m-1785924900,18:15-18:20,47.00,54.00,46.00,53.00,665.60,5.68,5.68,659.73,46.50,53.50,1.00,1.00,18110.14,19562.14,19567.14,18090.14,46,53,53,46,64088.72,64084.45,,
2026-08-05T18:15:05+08:00,btc-updown-5m-1785924900,https://polymarket.com/zh/event/btc-updown-5m-1785924900,18:15-18:20,41.00,60.00,40.00,59.00,432.94,200.43,170.43,432.94,40.50,59.50,1.00,1.00,18245.14,19547.14,19557.14,18545.14,40,59,59,40,64088.72,64084.44,,
2026-08-05T18:15:07+08:00,btc-updown-5m-1785924900,https://polymarket.com/zh/event/btc-updown-5m-1785924900,18:15-18:20,30.00,72.00,29.00,71.00,1331.08,392.00,19.06,831.34,29.50,71.50,1.00,1.00,19400.14,19403.14,19423.14,19647.50,29,70,71,28,64088.72,64075.88,,
2026-08-05T18:15:09+08:00,btc-updown-5m-1785924900,https://polymarket.com/zh/event/btc-updown-5m-1785924900,18:15-18:20,29.00,72.00,28.00,71.00,129.31,506.82,499.04,129.31,28.50,71.50,1.00,1.00,17579.50,17428.14,17433.14,17579.50,28,71,71,28,64088.72,64075.88,,
2026-08-05T18:15:11+08:00,btc-updown-5m-1785924900,https://polymarket.com/zh/event/btc-updown-5m-1785924900,18:15-18:20,30.00,71.00,29.00,70.00,61.31,794.59,797.41,61.31,29.50,70.50,1.00,1.00,17589.50,17493.14,17403.14,17589.50,29,70,70,29,64088.72,64071.61,,
2026-08-05T18:15:13+08:00,btc-updown-5m-1785924900,https://polymarket.com/zh/event/btc-updown-5m-1785924900,18:15-18:20,25.00,76.00,24.00,75.00,934.21,51.00,30.00,938.74,24.50,75.50,1.00,1.00,19347.32,17200.14,17599.14,19805.32,24,75,75,24,64088.72,64060.62,,
2026-08-05T18:15:15+08:00,btc-updown-5m-1785924900,https://polymarket.com/zh/event/btc-updown-5m-1785924900,18:15-18:20,25.00,75.00,24.00,74.00,68.81,688.95,553.26,100.25,24.50,74.50,1.00,1.00,20346.14,18039.15,18664.15,20316.14,24,75,74,25,64088.72,64059.58,,
2026-08-05T18:15:17+08:00,btc-updown-5m-1785924900,https://polymarket.com/zh/event/btc-updown-5m-1785924900,18:15-18:20,27.00,74.00,26.00,73.00,138.42,628.72,650.98,138.42,26.50,73.50,1.00,1.00,18385.81,18382.47,18387.48,18385.81,26,73,73,26,64088.72,64059.58,,
2026-08-05T18:15:19+08:00,btc-updown-5m-1785924900,https://polymarket.com/zh/event/btc-updown-5m-1785924900,18:15-18:20,27.00,74.00,26.00,73.00,108.04,545.94,545.94,96.92,26.50,73.50,1.00,1.00,17825.81,17767.47,17757.47,17825.81,26,73,73,26,64088.72,64059.58,,
2026-08-05T18:15:21+08:00,btc-updown-5m-1785924900,https://polymarket.com/zh/event/btc-updown-5m-1785924900,18:15-18:20,29.00,72.00,28.00,71.00,279.80,475.97,515.40,311.87,28.50,71.50,1.00,1.00,16510.81,16397.47,16297.47,16540.81,28,71,71,28,64088.72,64059.58,,
2026-08-05T18:15:23+08:00,btc-updown-5m-1785924900,https://polymarket.com/zh/event/btc-updown-5m-1785924900,18:15-18:20,29.00,72.00,28.00,71.00,441.94,105.00,15.00,353.51,28.50,71.50,1.00,1.00,16560.81,16297.47,16152.47,16320.81,28,71,71,28,64088.72,64059.58,,
2026-08-05T18:15:25+08:00,btc-updown-5m-1785924900,https://polymarket.com/zh/event/btc-updown-5m-1785924900,18:15-18:20,29.00,72.00,28.00,71.00,34.90,232.20,220.90,15.96,28.50,71.50,1.00,1.00,16864.99,16447.68,16475.36,16864.99,28,71,71,28,64088.72,64059.57,,
2026-08-05T18:15:27+08:00,btc-updown-5m-1785924900,https://polymarket.com/zh/event/btc-updown-5m-1785924900,18:15-18:20,29.00,72.00,28.00,71.00,696.87,13.61,43.61,661.62,28.50,71.50,1.00,1.00,16619.79,16664.75,16649.75,16619.79,28,71,71,28,64088.72,64059.57,,
2026-08-05T18:15:29+08:00,btc-updown-5m-1785924900,https://polymarket.com/zh/event/btc-updown-5m-1785924900,18:15-18:20,29.00,72.00,28.00,71.00,267.80,239.13,269.13,320.16,28.50,71.50,1.00,1.00,16604.79,16249.05,16226.75,16664.79,28,71,71,28,64088.72,64059.58,,
2026-08-05T18:15:31+08:00,btc-updown-5m-1785924900,https://polymarket.com/zh/event/btc-updown-5m-1785924900,18:15-18:20,24.00,77.00,23.00,76.00,75.00,173.75,159.10,40.00,23.50,76.50,1.00,1.00,16097.79,16126.45,16146.45,16132.79,23,75,76,23,64088.72,64059.58,,
2026-08-05T18:15:33+08:00,btc-updown-5m-1785924900,https://polymarket.com/zh/event/btc-updown-5m-1785924900,18:15-18:20,21.00,80.00,20.00,79.00,37.00,548.79,548.79,22.00,20.50,79.50,1.00,1.00,17688.42,15901.45,15821.45,17713.42,20,79,79,20,64088.72,64054.48,,
2026-08-05T18:15:35+08:00,btc-updown-5m-1785924900,https://polymarket.com/zh/event/btc-updown-5m-1785924900,18:15-18:20,21.00,80.00,20.00,79.00,213.23,128.26,140.67,300.82,20.50,79.50,1.00,1.00,17693.42,15911.45,15821.45,17005.09,20,79,79,20,64088.72,64054.48,,
2026-08-05T18:15:37+08:00,btc-updown-5m-1785924900,https://polymarket.com/zh/event/btc-updown-5m-1785924900,18:15-18:20,19.00,82.00,18.00,81.00,852.18,124.11,125.33,837.18,18.50,81.50,1.00,1.00,17955.42,15881.45,15896.46,17955.42,18,81,81,18,64088.72,64054.48,,
2026-08-05T18:15:39+08:00,btc-updown-5m-1785924900,https://polymarket.com/zh/event/btc-updown-5m-1785924900,18:15-18:20,19.00,82.00,18.00,81.00,607.30,101.77,101.77,607.30,18.50,81.50,1.00,1.00,17876.42,15876.45,15991.46,17876.42,18,81,81,18,64088.72,64050.21,,
2026-08-05T18:15:41+08:00,btc-updown-5m-1785924900,https://polymarket.com/zh/event/btc-updown-5m-1785924900,18:15-18:20,19.00,82.00,18.00,81.00,231.18,183.58,185.48,236.18,18.50,81.50,1.00,1.00,17855.08,15981.46,15786.45,17855.08,18,81,81,18,64088.72,64050.21,,
2026-08-05T18:15:44+08:00,btc-updown-5m-1785924900,https://polymarket.com/zh/event/btc-updown-5m-1785924900,18:15-18:20,21.00,80.00,20.00,79.00,206.10,758.13,703.13,206.10,20.50,79.50,1.00,1.00,17732.42,15780.45,15785.45,17732.42,20,79,79,20,64088.72,64050.21,,
2026-08-05T18:15:45+08:00,btc-updown-5m-1785924900,https://polymarket.com/zh/event/btc-updown-5m-1785924900,18:15-18:20,21.00,80.00,20.00,79.00,480.04,39.89,54.89,502.04,20.50,79.50,1.00,1.00,17690.42,15775.45,15875.45,17890.42,20,79,79,20,64088.72,64050.21,,
2026-08-05T18:15:47+08:00,btc-updown-5m-1785924900,https://polymarket.com/zh/event/btc-updown-5m-1785924900,18:15-18:20,16.00,85.00,15.00,84.00,67.96,290.10,201.27,5.49,15.50,84.50,1.00,1.00,17850.71,15880.45,15880.45,18037.37,15,84,84,15,64088.72,64044.65,,
2026-08-05T18:15:50+08:00,btc-updown-5m-1785924900,https://polymarket.com/zh/event/btc-updown-5m-1785924900,18:15-18:20,13.00,88.00,12.00,87.00,188.30,174.30,70.00,314.50,12.50,87.50,1.00,1.00,16065.13,15770.45,15870.45,16327.82,12,87,87,12,64088.72,64042.20,,
2026-08-05T18:15:52+08:00,btc-updown-5m-1785924900,https://polymarket.com/zh/event/btc-updown-5m-1785924900,18:15-18:20,14.00,87.00,13.00,86.00,264.20,407.65,508.35,194.20,13.50,86.50,1.00,1.00,16213.66,15975.45,15975.45,16213.66,13,86,86,13,64088.72,64034.18,,
2026-08-05T18:15:54+08:00,btc-updown-5m-1785924900,https://polymarket.com/zh/event/btc-updown-5m-1785924900,18:15-18:20,12.00,89.00,11.00,88.00,160.15,837.67,837.67,160.15,11.50,88.50,1.00,1.00,17318.88,15730.45,15635.46,17318.88,11,88,88,11,64088.72,64029.70,,
2026-08-05T18:15:55+08:00,btc-updown-5m-1785924900,https://polymarket.com/zh/event/btc-updown-5m-1785924900,18:15-18:20,12.00,89.00,11.00,88.00,40.00,999.97,999.97,31.66,11.50,88.50,1.00,1.00,17260.83,15635.45,15735.45,17265.83,11,88,88,11,64088.72,64028.81,,
2026-08-05T18:15:57+08:00,btc-updown-5m-1785924900,https://polymarket.com/zh/event/btc-updown-5m-1785924900,18:15-18:20,16.00,85.00,15.00,84.00,54.17,278.13,570.57,218.80,15.50,84.50,1.00,1.00,16535.61,15530.46,15505.45,16940.62,15,84,84,15,64088.72,64028.81,,
2026-08-05T18:15:59+08:00,btc-updown-5m-1785924900,https://polymarket.com/zh/event/btc-updown-5m-1785924900,18:15-18:20,15.00,86.00,14.00,85.00,542.13,334.19,202.22,487.13,14.50,85.50,1.00,1.00,16602.26,15365.45,15270.45,16552.96,14,85,85,14,64088.72,64038.32,,
2026-08-05T18:16:02+08:00,btc-updown-5m-1785924900,https://polymarket.com/zh/event/btc-updown-5m-1785924900,18:15-18:20,15.00,86.00,14.00,85.00,322.53,152.66,149.66,296.50,14.50,85.50,1.00,1.00,16246.85,19725.45,19640.45,16246.85,14,85,85,14,64088.72,64038.31,,
2026-08-05T18:16:04+08:00,btc-updown-5m-1785924900,https://polymarket.com/zh/event/btc-updown-5m-1785924900,18:15-18:20,14.00,87.00,13.00,86.00,17.99,659.05,946.77,52.99,13.50,86.50,1.00,1.00,15809.42,19406.45,19497.45,15864.42,13,86,86,13,64088.72,64038.31,,
2026-08-05T18:16:05+08:00,btc-updown-5m-1785924900,https://polymarket.com/zh/event/btc-updown-5m-1785924900,18:15-18:20,9.00,92.00,8.00,91.00,281.68,761.36,532.25,121.86,8.50,91.50,1.00,1.00,12980.22,19244.46,19234.45,13056.87,8,91,91,8,64088.72,64025.32,,
2026-08-05T18:16:07+08:00,btc-updown-5m-1785924900,https://polymarket.com/zh/event/btc-updown-5m-1785924900,18:15-18:20,10.00,91.00,9.00,90.00,364.17,152.36,152.36,387.58,9.50,90.50,1.00,1.00,12895.51,19084.46,18989.45,12885.51,9,90,90,9,64088.72,64026.37,,
2026-08-05T18:16:09+08:00,btc-updown-5m-1785924900,https://polymarket.com/zh/event/btc-updown-5m-1785924900,18:15-18:20,10.00,91.00,9.00,90.00,15.84,675.91,670.91,9.27,9.50,90.50,1.00,1.00,12547.92,18838.46,18745.45,12527.92,9,90,90,9,64088.72,64027.66,,
2026-08-05T18:16:11+08:00,btc-updown-5m-1785924900,https://polymarket.com/zh/event/btc-updown-5m-1785924900,18:15-18:20,12.00,89.00,11.00,88.00,233.65,385.02,363.24,215.54,11.50,88.50,1.00,1.00,14030.61,18833.45,18945.45,14689.24,11,88,88,11,64088.72,64033.88,,
2026-08-05T18:16:14+08:00,btc-updown-5m-1785924900,https://polymarket.com/zh/event/btc-updown-5m-1785924900,18:15-18:20,12.00,89.00,11.00,88.00,342.53,139.77,237.63,342.53,11.50,88.50,1.00,1.00,14829.49,18764.45,18939.45,14834.72,11,88,88,11,64088.72,64033.88,,
2026-08-05T18:16:16+08:00,btc-updown-5m-1785924900,https://polymarket.com/zh/event/btc-updown-5m-1785924900,18:15-18:20,13.00,88.00,12.00,87.00,355.70,51.23,271.96,301.55,12.50,87.50,1.00,1.00,15623.45,18593.45,18699.45,15429.45,12,87,87,12,64088.72,64037.35,,
2026-08-05T18:16:18+08:00,btc-updown-5m-1785924900,https://polymarket.com/zh/event/btc-updown-5m-1785924900,18:15-18:20,12.00,89.00,11.00,88.00,355.74,149.76,124.76,409.07,11.50,88.50,1.00,1.00,15160.08,18609.45,18588.45,15255.08,11,88,88,11,64088.72,64039.60,,
2026-08-05T18:16:20+08:00,btc-updown-5m-1785924900,https://polymarket.com/zh/event/btc-updown-5m-1785924900,18:15-18:20,13.00,88.00,12.00,87.00,231.74,781.26,9.46,132.12,12.50,87.50,1.00,1.00,15375.08,18599.45,18683.45,15199.73,12,87,87,12,64088.72,64039.60,,
2026-08-05T18:16:22+08:00,btc-updown-5m-1785924900,https://polymarket.com/zh/event/btc-updown-5m-1785924900,18:15-18:20,13.00,88.00,12.00,87.00,384.12,108.21,108.21,384.12,12.50,87.50,1.00,1.00,15166.88,18694.45,18688.45,15161.88,12,87,87,12,64088.72,64039.60,,
2026-08-05T18:16:24+08:00,btc-updown-5m-1785924900,https://polymarket.com/zh/event/btc-updown-5m-1785924900,18:15-18:20,13.00,88.00,12.00,87.00,467.68,76.56,71.36,437.68,12.50,87.50,1.00,1.00,15040.57,18693.45,18603.45,15035.57,12,87,87,12,64088.72,64039.60,,
2026-08-05T18:16:26+08:00,btc-updown-5m-1785924900,https://polymarket.com/zh/event/btc-updown-5m-1785924900,18:15-18:20,12.00,90.00,11.00,89.00,942.18,101.26,5.00,676.45,11.50,89.50,1.00,1.00,15024.29,18833.45,18933.45,15019.29,11,88,89,10,64088.72,64039.60,,
2026-08-05T18:16:28+08:00,btc-updown-5m-1785924900,https://polymarket.com/zh/event/btc-updown-5m-1785924900,18:15-18:20,10.00,91.00,9.00,90.00,893.85,117.49,122.49,893.85,9.50,90.50,1.00,1.00,15041.80,18938.45,18839.45,14957.60,9,90,90,9,64088.72,64037.87,,
2026-08-05T18:16:30+08:00,btc-updown-5m-1785924900,https://polymarket.com/zh/event/btc-updown-5m-1785924900,18:15-18:20,10.00,91.00,9.00,90.00,790.60,107.49,112.49,814.37,9.50,90.50,1.00,1.00,14994.60,18838.45,18939.45,12433.91,9,90,90,9,64088.72,64037.35,,
2026-08-05T18:16:32+08:00,btc-updown-5m-1785924900,https://polymarket.com/zh/event/btc-updown-5m-1785924900,18:15-18:20,10.00,91.00,9.00,90.00,695.94,36.60,36.60,695.94,9.50,90.50,1.00,1.00,11446.52,17970.45,18070.45,11391.52,9,90,90,9,64088.72,64033.83,,
2026-08-05T18:16:34+08:00,btc-updown-5m-1785924900,https://polymarket.com/zh/event/btc-updown-5m-1785924900,18:15-18:20,8.00,93.00,7.00,92.00,442.91,135.05,136.67,452.13,7.50,92.50,1.00,1.00,11708.10,17996.45,18075.45,11708.10,7,92,92,7,64088.72,64033.83,,
2026-08-05T18:16:36+08:00,btc-updown-5m-1785924900,https://polymarket.com/zh/event/btc-updown-5m-1785924900,18:15-18:20,8.00,91.00,7.00,90.00,97.37,230.00,870.72,40.73,7.50,90.50,1.00,1.00,11503.90,18076.45,17990.45,11706.92,7,92,90,9,64088.72,64044.44,,
2026-08-05T18:16:38+08:00,btc-updown-5m-1785924900,https://polymarket.com/zh/event/btc-updown-5m-1785924900,18:15-18:20,13.00,88.00,12.00,87.00,57.73,255.94,266.23,67.73,12.50,87.50,1.00,1.00,13998.72,17731.46,17840.45,13846.23,12,87,87,12,64088.72,64048.21,,
2026-08-05T18:16:40+08:00,btc-updown-5m-1785924900,https://polymarket.com/zh/event/btc-updown-5m-1785924900,18:15-18:20,13.00,88.00,12.00,87.00,396.24,262.55,101.34,386.97,12.50,87.50,1.00,1.00,14043.23,17832.45,17835.45,14130.62,12,87,87,12,64088.72,64048.21,,
2026-08-05T18:16:42+08:00,btc-updown-5m-1785924900,https://polymarket.com/zh/event/btc-updown-5m-1785924900,18:15-18:20,11.00,90.00,10.00,89.00,5.00,563.70,496.90,14.95,10.50,89.50,1.00,1.00,14078.51,17731.45,17746.45,14088.51,10,89,89,10,64088.72,64048.21,,
2026-08-05T18:16:44+08:00,btc-updown-5m-1785924900,https://polymarket.com/zh/event/btc-updown-5m-1785924900,18:15-18:20,11.00,89.00,10.00,88.00,65.94,252.44,551.84,297.18,10.50,88.50,1.00,1.00,14158.51,17847.45,17725.45,14168.51,10,89,88,11,64088.72,64048.21,,
2026-08-05T18:16:46+08:00,btc-updown-5m-1785924900,https://polymarket.com/zh/event/btc-updown-5m-1785924900,18:15-18:20,12.00,89.00,11.00,88.00,24.18,530.56,471.76,68.73,11.50,88.50,1.00,1.00,14395.12,17835.45,17837.45,14395.12,11,88,88,11,64088.72,64048.21,,
2026-08-05T18:16:48+08:00,btc-updown-5m-1785924900,https://polymarket.com/zh/event/btc-updown-5m-1785924900,18:15-18:20,12.00,89.00,11.00,88.00,430.52,51.00,56.00,476.41,11.50,88.50,1.00,1.00,14404.41,17996.45,17731.45,14404.41,11,88,88,11,64088.72,64048.21,,
2026-08-05T18:16:50+08:00,btc-updown-5m-1785924900,https://polymarket.com/zh/event/btc-updown-5m-1785924900,18:15-18:20,11.00,90.00,10.00,89.00,747.47,45.00,45.00,747.47,10.50,89.50,1.00,1.00,14570.28,17969.45,17981.46,14570.28,10,89,89,10,64088.72,64048.21,,
2026-08-05T18:16:51+08:00,btc-updown-5m-1785924900,https://polymarket.com/zh/event/btc-updown-5m-1785924900,18:15-18:20,11.00,90.00,10.00,89.00,555.67,331.52,335.97,555.67,10.50,89.50,1.00,1.00,14702.82,17975.45,17836.45,14702.82,10,89,89,10,64088.72,64048.22,,
2026-08-05T18:16:53+08:00,btc-updown-5m-1785924900,https://polymarket.com/zh/event/btc-updown-5m-1785924900,18:15-18:20,13.00,88.00,12.00,87.00,166.48,695.42,603.74,122.69,12.50,87.50,1.00,1.00,14543.44,17720.45,17720.45,14538.44,12,87,87,12,64088.72,64048.22,,
2026-08-05T18:16:55+08:00,btc-updown-5m-1785924900,https://polymarket.com/zh/event/btc-updown-5m-1785924900,18:15-18:20,13.00,88.00,12.00,87.00,224.78,381.11,421.11,274.82,12.50,87.50,1.00,1.00,14702.18,17724.45,17819.45,14702.18,12,87,87,12,64088.72,64053.84,,
2026-08-05T18:16:57+08:00,btc-updown-5m-1785924900,https://polymarket.com/zh/event/btc-updown-5m-1785924900,18:15-18:20,13.00,88.00,12.00,87.00,292.63,358.10,366.43,299.51,12.50,87.50,1.00,1.00,14605.84,17824.46,17729.45,14605.84,12,87,87,12,64088.72,64053.84,,
2026-08-05T18:16:59+08:00,btc-updown-5m-1785924900,https://polymarket.com/zh/event/btc-updown-5m-1785924900,18:15-18:20,15.00,86.00,14.00,85.00,1062.52,63.93,232.29,1085.72,14.50,85.50,1.00,1.00,14748.84,17735.45,18054.45,14542.18,14,85,85,14,64088.72,64054.47,,
2026-08-05T18:17:01+08:00,btc-updown-5m-1785924900,https://polymarket.com/zh/event/btc-updown-5m-1785924900,18:15-18:20,14.00,87.00,13.00,86.00,687.35,107.85,109.00,687.35,13.50,86.50,1.00,1.00,14235.28,17561.45,17467.45,14235.28,13,86,86,13,64088.72,64054.47,,
2026-08-05T18:17:03+08:00,btc-updown-5m-1785924900,https://polymarket.com/zh/event/btc-updown-5m-1785924900,18:15-18:20,11.00,90.00,10.00,89.00,112.18,515.39,343.82,35.00,10.50,89.50,1.00,1.00,14442.04,17466.45,17566.46,14442.04,10,89,89,10,64088.72,64054.47,,
2026-08-05T18:17:05+08:00,btc-updown-5m-1785924900,https://polymarket.com/zh/event/btc-updown-5m-1785924900,18:15-18:20,13.00,88.00,12.00,87.00,437.41,3.86,3.86,497.23,12.50,87.50,1.00,1.00,14226.28,17472.45,17478.45,14226.28,12,87,87,12,64088.72,64054.47,,
2026-08-05T18:17:07+08:00,btc-updown-5m-1785924900,https://polymarket.com/zh/event/btc-updown-5m-1785924900,18:15-18:20,10.00,91.00,9.00,90.00,516.24,310.30,275.30,531.23,9.50,90.50,1.00,1.00,14156.51,17483.45,17467.45,14156.51,9,90,90,9,64088.72,64054.48,,
2026-08-05T18:17:09+08:00,btc-updown-5m-1785924900,https://polymarket.com/zh/event/btc-updown-5m-1785924900,18:15-18:20,20.00,80.00,19.00,79.00,68.19,155.47,745.94,302.93,19.50,79.50,1.00,1.00,14459.31,17479.45,17367.45,14259.31,19,80,79,20,64088.72,64055.77,,
2026-08-05T18:17:11+08:00,btc-updown-5m-1785924900,https://polymarket.com/zh/event/btc-updown-5m-1785924900,18:15-18:20,20.00,84.00,19.00,83.00,831.79,90.00,15.00,75.00,19.50,83.50,1.00,1.00,14370.97,17373.45,17483.45,14284.31,19,80,83,16,64088.72,64063.03,,
2026-08-05T18:17:13+08:00,btc-updown-5m-1785924900,https://polymarket.com/zh/event/btc-updown-5m-1785924900,18:15-18:20,18.00,82.00,17.00,81.00,46.67,1137.04,896.75,5.00,17.50,81.50,1.00,1.00,14756.31,17479.45,17373.45,15062.31,17,82,81,18,64088.72,64063.03,,
2026-08-05T18:17:15+08:00,btc-updown-5m-1785924900,https://polymarket.com/zh/event/btc-updown-5m-1785924900,18:15-18:20,22.00,79.00,21.00,78.00,332.26,112.87,118.57,327.26,21.50,78.50,1.00,1.00,14937.31,18149.45,18023.45,14982.31,21,78,78,21,64088.72,64071.59,,
2026-08-05T18:17:17+08:00,btc-updown-5m-1785924900,https://polymarket.com/zh/event/btc-updown-5m-1785924900,18:15-18:20,22.00,79.00,21.00,78.00,360.56,172.73,177.73,430.56,21.50,78.50,1.00,1.00,14947.31,18223.45,18227.46,14947.31,21,78,78,21,64088.72,64071.59,,
2026-08-05T18:17:19+08:00,btc-updown-5m-1785924900,https://polymarket.com/zh/event/btc-updown-5m-1785924900,18:15-18:20,22.00,79.00,21.00,78.00,245.06,93.99,113.04,245.06,21.50,78.50,1.00,1.00,14881.31,18143.46,18223.45,14881.31,21,78,78,21,64088.72,64071.59,,
2026-08-05T18:17:21+08:00,btc-updown-5m-1785924900,https://polymarket.com/zh/event/btc-updown-5m-1785924900,18:15-18:20,22.00,79.00,21.00,78.00,43.16,413.50,433.50,43.16,21.50,78.50,1.00,1.00,15088.31,18233.45,18138.45,15088.31,21,78,78,21,64088.72,64071.59,,
2026-08-05T18:17:23+08:00,btc-updown-5m-1785924900,https://polymarket.com/zh/event/btc-updown-5m-1785924900,18:15-18:20,21.00,80.00,20.00,79.00,670.10,518.19,378.74,135.11,20.50,79.50,1.00,1.00,15214.97,18073.45,17982.46,15028.31,20,79,79,20,64088.72,64071.59,,
2026-08-05T18:17:25+08:00,btc-updown-5m-1785924900,https://polymarket.com/zh/event/btc-updown-5m-1785924900,18:15-18:20,21.00,80.00,20.00,79.00,134.93,548.79,657.19,197.14,20.50,79.50,1.00,1.00,15048.31,17978.46,18089.45,15048.31,20,79,79,20,64088.72,64071.59,,
2026-08-05T18:17:27+08:00,btc-updown-5m-1785924900,https://polymarket.com/zh/event/btc-updown-5m-1785924900,18:15-18:20,21.00,80.00,20.00,79.00,268.52,454.69,454.69,273.52,20.50,79.50,1.00,1.00,15028.31,18084.45,18097.46,15028.31,20,79,79,20,64088.72,64071.59,,
2026-08-05T18:17:29+08:00,btc-updown-5m-1785924900,https://polymarket.com/zh/event/btc-updown-5m-1785924900,18:15-18:20,21.00,80.00,20.00,79.00,304.64,312.83,329.98,304.64,20.50,79.50,1.00,1.00,14953.31,18079.45,17972.45,14953.31,20,79,79,20,64088.72,64071.60,,
2026-08-05T18:17:31+08:00,btc-updown-5m-1785924900,https://polymarket.com/zh/event/btc-updown-5m-1785924900,18:15-18:20,21.00,80.00,20.00,79.00,299.73,269.64,272.43,132.07,20.50,79.50,1.00,1.00,14913.31,18098.45,18103.45,14913.31,20,79,79,20,64088.72,64071.60,,
2026-08-05T18:17:33+08:00,btc-updown-5m-1785924900,https://polymarket.com/zh/event/btc-updown-5m-1785924900,18:15-18:20,21.00,80.00,20.00,79.00,202.43,555.28,237.87,36.32,20.50,79.50,1.00,1.00,14913.31,18084.45,17977.46,18963.31,20,79,79,20,64088.72,64071.60,,
2026-08-05T18:17:35+08:00,btc-updown-5m-1785924900,https://polymarket.com/zh/event/btc-updown-5m-1785924900,18:15-18:20,28.00,73.00,27.00,72.00,358.13,670.03,535.10,15.00,27.50,72.50,1.00,1.00,19575.64,18548.45,18803.45,19550.64,27,72,72,27,64088.72,64074.95,,
2026-08-05T18:17:37+08:00,btc-updown-5m-1785924900,https://polymarket.com/zh/event/btc-updown-5m-1785924900,18:15-18:20,33.00,68.00,32.00,67.00,187.00,678.53,693.53,221.02,32.50,67.50,1.00,1.00,17693.98,18463.45,18588.45,17703.98,32,67,67,32,64088.72,64076.33,,
2026-08-05T18:17:39+08:00,btc-updown-5m-1785924900,https://polymarket.com/zh/event/btc-updown-5m-1785924900,18:15-18:20,34.00,67.00,33.00,66.00,94.92,835.46,849.95,164.92,33.50,66.50,1.00,1.00,17845.83,18668.45,18662.45,17835.83,33,66,66,33,64088.72,64080.17,,
2026-08-05T18:17:41+08:00,btc-updown-5m-1785924900,https://polymarket.com/zh/event/btc-updown-5m-1785924900,18:15-18:20,34.00,67.00,33.00,66.00,342.75,19.50,19.50,342.75,33.50,66.50,1.00,1.00,17835.83,18959.76,18947.76,17835.83,33,66,66,33,64088.72,64080.75,,
2026-08-05T18:17:43+08:00,btc-updown-5m-1785924900,https://polymarket.com/zh/event/btc-updown-5m-1785924900,18:15-18:20,30.00,71.00,29.00,70.00,107.45,384.64,220.66,11.22,29.50,70.50,1.00,1.00,17810.83,18957.77,18953.76,17810.83,29,70,70,29,64088.72,64079.93,,
2026-08-05T18:17:45+08:00,btc-updown-5m-1785924900,https://polymarket.com/zh/event/btc-updown-5m-1785924900,18:15-18:20,39.00,62.00,38.00,61.00,20.47,715.90,231.84,20.47,38.50,61.50,1.00,1.00,17902.83,18669.76,18852.76,17907.83,38,61,61,38,64088.72,64080.75,,
2026-08-05T18:17:47+08:00,btc-updown-5m-1785924900,https://polymarket.com/zh/event/btc-updown-5m-1785924900,18:15-18:20,41.00,60.00,40.00,59.00,86.00,640.98,647.65,86.00,40.50,59.50,1.00,1.00,17902.83,19034.76,18917.76,17897.83,40,59,59,40,64088.72,64086.44,,
2026-08-05T18:17:49+08:00,btc-updown-5m-1785924900,https://polymarket.com/zh/event/btc-updown-5m-1785924900,18:15-18:20,41.00,60.00,40.00,59.00,147.06,475.85,458.04,207.06,40.50,59.50,1.00,1.00,17891.34,18929.76,18932.76,17901.34,40,59,59,40,64088.72,64086.44,,
2026-08-05T18:17:51+08:00,btc-updown-5m-1785924900,https://polymarket.com/zh/event/btc-updown-5m-1785924900,18:15-18:20,41.00,60.00,40.00,59.00,104.49,363.56,465.27,109.49,40.50,59.50,1.00,1.00,17873.98,17947.45,17852.45,17863.98,40,59,59,40,64088.72,64086.44,,
2026-08-05T18:17:53+08:00,btc-updown-5m-1785924900,https://polymarket.com/zh/event/btc-updown-5m-1785924900,18:15-18:20,37.00,64.00,36.00,63.00,379.19,132.59,160.23,476.92,36.50,63.50,1.00,1.00,17863.98,17832.45,18611.46,17863.98,36,63,63,36,64088.72,64086.44,,
2026-08-05T18:17:55+08:00,btc-updown-5m-1785924900,https://polymarket.com/zh/event/btc-updown-5m-1785924900,18:15-18:20,33.00,68.00,32.00,67.00,71.00,32.41,247.46,418.41,32.50,67.50,1.00,1.00,17791.98,17971.46,18683.45,17801.98,32,67,67,32,64088.72,64086.38,,
2026-08-05T18:17:57+08:00,btc-updown-5m-1785924900,https://polymarket.com/zh/event/btc-updown-5m-1785924900,18:15-18:20,32.00,69.00,31.00,68.00,291.35,112.42,112.42,291.35,31.50,68.50,1.00,1.00,17868.64,18856.45,18662.45,17858.64,31,68,68,31,64088.72,64084.43,,
2026-08-05T18:17:59+08:00,btc-updown-5m-1785924900,https://polymarket.com/zh/event/btc-updown-5m-1785924900,18:15-18:20,31.00,70.00,30.00,69.00,725.47,127.40,127.40,688.00,30.50,69.50,1.00,1.00,17780.64,18757.45,18673.45,17790.64,30,69,69,30,64088.72,64084.44,,
2026-08-05T18:18:01+08:00,btc-updown-5m-1785924900,https://polymarket.com/zh/event/btc-updown-5m-1785924900,18:15-18:20,33.00,68.00,32.00,67.00,16.00,719.71,504.60,16.00,32.50,67.50,1.00,1.00,17650.64,18388.45,18473.45,17655.64,32,67,67,32,64088.72,64084.44,,
2026-08-05T18:18:03+08:00,btc-updown-5m-1785924900,https://polymarket.com/zh/event/btc-updown-5m-1785924900,18:15-18:20,33.00,68.00,32.00,67.00,7.96,786.03,786.03,77.96,32.50,67.50,1.00,1.00,17640.64,18617.45,18634.45,17650.64,32,67,67,32,64088.72,64084.43,,
2026-08-05T18:18:05+08:00,btc-updown-5m-1785924900,https://polymarket.com/zh/event/btc-updown-5m-1785924900,18:15-18:20,33.00,68.00,32.00,67.00,50.87,841.30,829.34,50.87,32.50,67.50,1.00,1.00,17595.64,18517.45,18627.45,17590.64,32,67,67,32,64088.72,64084.43,,
2026-08-05T18:18:07+08:00,btc-updown-5m-1785924900,https://polymarket.com/zh/event/btc-updown-5m-1785924900,18:15-18:20,33.00,68.00,32.00,67.00,513.88,10.00,15.00,537.81,32.50,67.50,1.00,1.00,17378.00,18468.45,18472.46,17378.00,32,67,67,32,64088.72,64084.43,,
2026-08-05T18:18:09+08:00,btc-updown-5m-1785924900,https://polymarket.com/zh/event/btc-updown-5m-1785924900,18:15-18:20,32.00,69.00,31.00,68.00,554.15,87.54,87.54,564.15,31.50,68.50,1.00,1.00,17639.10,18522.46,18523.45,17654.10,31,68,68,31,64088.72,64084.43,,
2026-08-05T18:18:11+08:00,btc-updown-5m-1785924900,https://polymarket.com/zh/event/btc-updown-5m-1785924900,18:15-18:20,32.00,69.00,31.00,68.00,551.07,68.69,83.19,551.07,31.50,68.50,1.00,1.00,17649.10,18702.45,18592.45,17639.10,31,68,68,31,64088.72,64084.43,,
2026-08-05T18:18:13+08:00,btc-updown-5m-1785924900,https://polymarket.com/zh/event/btc-updown-5m-1785924900,18:15-18:20,32.00,69.00,31.00,68.00,125.12,151.19,140.19,125.12,31.50,68.50,1.00,1.00,17654.10,18529.45,18613.45,17649.10,31,68,68,31,64088.72,64084.43,,
2026-08-05T18:18:15+08:00,btc-updown-5m-1785924900,https://polymarket.com/zh/event/btc-updown-5m-1785924900,18:15-18:20,32.00,69.00,31.00,68.00,269.93,132.84,132.84,269.93,31.50,68.50,1.00,1.00,17649.10,18357.46,18343.45,17409.10,31,68,68,31,64088.72,64084.44,,
2026-08-05T18:18:17+08:00,btc-updown-5m-1785924900,https://polymarket.com/zh/event/btc-updown-5m-1785924900,18:15-18:20,34.00,67.00,33.00,66.00,85.70,634.31,506.76,85.70,33.50,66.50,1.00,1.00,17654.10,18262.46,18263.45,17649.10,33,66,66,33,64088.72,64084.44,,
2026-08-05T18:18:19+08:00,btc-updown-5m-1785924900,https://polymarket.com/zh/event/btc-updown-5m-1785924900,18:15-18:20,33.00,68.00,32.00,67.00,867.14,12.00,77.00,859.57,32.50,67.50,1.00,1.00,17639.10,18417.45,18263.45,17629.10,32,67,67,32,64088.72,64084.44,,
2026-08-05T18:18:21+08:00,btc-updown-5m-1785924900,https://polymarket.com/zh/event/btc-updown-5m-1785924900,18:15-18:20,32.00,69.00,31.00,68.00,700.24,20.08,13.08,700.24,31.50,68.50,1.00,1.00,17639.10,18509.45,18492.45,17639.10,31,68,68,31,64088.72,64084.44,,
2026-08-05T18:18:23+08:00,btc-updown-5m-1785924900,https://polymarket.com/zh/event/btc-updown-5m-1785924900,18:15-18:20,31.00,70.00,30.00,69.00,636.84,87.00,87.00,514.54,30.50,69.50,1.00,1.00,17826.10,18568.45,18577.45,17831.10,30,69,69,30,64088.72,64084.43,,
2026-08-05T18:18:25+08:00,btc-updown-5m-1785924900,https://polymarket.com/zh/event/btc-updown-5m-1785924900,18:15-18:20,29.00,72.00,28.00,71.00,567.87,92.44,92.44,562.87,28.50,71.50,1.00,1.00,17621.10,18484.45,18467.45,17621.10,28,71,71,28,64088.72,64084.43,,
2026-08-05T18:18:27+08:00,btc-updown-5m-1785924900,https://polymarket.com/zh/event/btc-updown-5m-1785924900,18:15-18:20,29.00,72.00,28.00,71.00,504.44,21.00,21.00,504.44,28.50,71.50,1.00,1.00,17736.72,18568.45,18467.45,17736.72,28,71,71,28,64088.72,64084.43,,
2026-08-05T18:18:29+08:00,btc-updown-5m-1785924900,https://polymarket.com/zh/event/btc-updown-5m-1785924900,18:15-18:20,27.00,74.00,26.00,73.00,359.67,131.57,225.42,379.16,26.50,73.50,1.00,1.00,19975.78,18473.45,18568.45,19970.69,26,73,73,26,64088.72,64084.43,,
2026-08-05T18:18:31+08:00,btc-updown-5m-1785924900,https://polymarket.com/zh/event/btc-updown-5m-1785924900,18:15-18:20,28.00,73.00,27.00,72.00,15.00,770.90,775.90,10.00,27.50,72.50,1.00,1.00,19865.69,18350.01,18255.01,19865.69,27,72,72,27,64088.72,64084.43,,
2026-08-05T18:18:33+08:00,btc-updown-5m-1785924900,https://polymarket.com/zh/event/btc-updown-5m-1785924900,18:15-18:20,28.00,73.00,27.00,72.00,60.50,448.95,506.66,60.50,27.50,72.50,1.00,1.00,19729.85,18322.51,18337.52,19729.85,27,72,72,27,64088.72,64084.43,,
2026-08-05T18:18:35+08:00,btc-updown-5m-1785924900,https://polymarket.com/zh/event/btc-updown-5m-1785924900,18:15-18:20,28.00,73.00,27.00,72.00,229.67,18.00,18.00,229.67,27.50,72.50,1.00,1.00,19506.34,18363.51,18237.51,19506.34,27,72,72,27,64088.72,64084.42,,
2026-08-05T18:18:37+08:00,btc-updown-5m-1785924900,https://polymarket.com/zh/event/btc-updown-5m-1785924900,18:15-18:20,28.00,73.00,27.00,72.00,359.22,15.00,10.00,359.22,27.50,72.50,1.00,1.00,19511.34,18247.52,18333.51,19531.34,27,72,72,27,64088.72,64084.43,,
2026-08-05T18:18:39+08:00,btc-updown-5m-1785924900,https://polymarket.com/zh/event/btc-updown-5m-1785924900,18:15-18:20,27.00,74.00,26.00,73.00,489.27,23.00,28.00,547.22,26.50,73.50,1.00,1.00,19569.88,18333.51,18233.51,19536.03,26,73,73,26,64088.72,64084.43,,
2026-08-05T18:18:41+08:00,btc-updown-5m-1785924900,https://polymarket.com/zh/event/btc-updown-5m-1785924900,18:15-18:20,28.00,73.00,27.00,72.00,5.00,743.46,747.57,10.24,27.50,72.50,1.00,1.00,19580.70,18198.51,18097.51,19580.70,27,72,72,27,64088.72,64084.43,,
2026-08-05T18:18:43+08:00,btc-updown-5m-1785924900,https://polymarket.com/zh/event/btc-updown-5m-1785924900,18:15-18:20,28.00,73.00,27.00,72.00,228.18,13.00,70.55,257.04,27.50,72.50,1.00,1.00,19785.70,17984.51,18373.51,19560.70,27,72,72,27,64088.72,64084.42,,
2026-08-05T18:18:45+08:00,btc-updown-5m-1785924900,https://polymarket.com/zh/event/btc-updown-5m-1785924900,18:15-18:20,49.00,52.00,48.00,51.00,2.38,681.79,677.16,2.38,48.50,51.50,1.00,1.00,17506.04,19842.51,19752.50,17661.04,48,51,51,48,64088.72,64093.00,,
2026-08-05T18:18:47+08:00,btc-updown-5m-1785924900,https://polymarket.com/zh/event/btc-updown-5m-1785924900,18:15-18:20,50.00,51.00,49.00,50.00,105.33,827.45,827.45,105.33,49.50,50.50,1.00,1.00,17661.04,19464.50,19647.50,17676.04,49,50,50,49,64088.72,64092.99,,
2026-08-05T18:18:49+08:00,btc-updown-5m-1785924900,https://polymarket.com/zh/event/btc-updown-5m-1785924900,18:15-18:20,50.00,51.00,49.00,50.00,113.73,886.50,915.62,113.73,49.50,50.50,1.00,1.00,17731.59,19566.17,19624.17,17721.59,49,50,50,49,64088.72,64092.99,,
2026-08-05T18:18:51+08:00,btc-updown-5m-1785924900,https://polymarket.com/zh/event/btc-updown-5m-1785924900,18:15-18:20,50.00,51.00,49.00,50.00,108.63,772.59,791.59,99.63,49.50,50.50,1.00,1.00,17751.59,19605.17,19515.18,17801.59,49,50,50,49,64088.72,64092.99,,
2026-08-05T18:18:53+08:00,btc-updown-5m-1785924900,https://polymarket.com/zh/event/btc-updown-5m-1785924900,18:15-18:20,50.00,51.00,49.00,50.00,15.40,641.70,641.70,93.40,49.50,50.50,1.00,1.00,17806.59,19710.17,19599.18,17796.59,49,50,50,49,64088.72,64092.99,,
2026-08-05T18:18:55+08:00,btc-updown-5m-1785924900,https://polymarket.com/zh/event/btc-updown-5m-1785924900,18:15-18:20,49.00,52.00,48.00,51.00,554.80,59.81,59.81,554.80,48.50,51.50,1.00,1.00,17536.59,19081.17,19190.17,17551.59,48,51,51,48,64088.72,64092.94,,
2026-08-05T18:18:57+08:00,btc-updown-5m-1785924900,https://polymarket.com/zh/event/btc-updown-5m-1785924900,18:15-18:20,49.00,52.00,48.00,51.00,620.48,13.26,13.26,620.48,48.50,51.50,1.00,1.00,17551.59,19274.18,19066.17,17546.59,48,51,51,48,64088.72,64092.94,,
2026-08-05T18:18:59+08:00,btc-updown-5m-1785924900,https://polymarket.com/zh/event/btc-updown-5m-1785924900,18:15-18:20,45.00,61.00,44.00,60.00,549.19,10.00,18.71,150.00,44.50,60.50,1.00,1.00,17866.59,18967.18,18873.18,17856.59,42,55,60,39,64088.72,64091.92,,
2026-08-05T18:19:01+08:00,btc-updown-5m-1785924900,https://polymarket.com/zh/event/btc-updown-5m-1785924900,18:15-18:20,33.00,68.00,32.00,67.00,235.00,43.74,48.10,481.64,32.50,67.50,1.00,1.00,19265.23,18832.15,18837.16,19973.56,32,62,61,32,64088.72,64088.47,,
2026-08-05T18:19:03+08:00,btc-updown-5m-1785924900,https://polymarket.com/zh/event/btc-updown-5m-1785924900,18:15-18:20,27.00,74.00,26.00,73.00,512.01,56.50,56.50,449.16,26.50,73.50,1.00,1.00,19132.23,16403.49,16733.50,19107.23,26,63,63,26,64088.72,64088.47,,
2026-08-05T18:19:05+08:00,btc-updown-5m-1785924900,https://polymarket.com/zh/event/btc-updown-5m-1785924900,18:15-18:20,27.00,74.00,26.00,73.00,221.65,276.22,276.22,227.42,26.50,73.50,1.00,1.00,17540.57,16008.49,16003.50,18323.90,26,64,65,26,64088.72,64088.47,,
2026-08-05T18:19:07+08:00,btc-updown-5m-1785924900,https://polymarket.com/zh/event/btc-updown-5m-1785924900,18:15-18:20,27.00,74.00,26.00,73.00,311.40,206.93,230.23,15.00,26.50,73.50,1.00,1.00,19147.23,16798.49,16699.50,19147.23,26,65,65,26,64088.72,64088.44,,
2026-08-05T18:19:09+08:00,btc-updown-5m-1785924900,https://polymarket.com/zh/event/btc-updown-5m-1785924900,18:15-18:20,27.00,74.00,26.00,73.00,10.00,513.21,513.21,10.00,26.50,73.50,1.00,1.00,19112.23,15807.49,15896.49,19112.23,26,64,65,26,64088.72,64088.45,,
2026-08-05T18:19:11+08:00,btc-updown-5m-1785924900,https://polymarket.com/zh/event/btc-updown-5m-1785924900,18:15-18:20,31.00,70.00,30.00,69.00,19.00,584.26,508.00,19.00,30.50,69.50,1.00,1.00,19102.23,16361.50,16452.49,19097.23,30,64,64,30,64088.72,64088.45,,
2026-08-05T18:19:13+08:00,btc-updown-5m-1785924900,https://polymarket.com/zh/event/btc-updown-5m-1785924900,18:15-18:20,32.00,69.00,31.00,68.00,142.59,5.00,93.57,223.59,31.50,68.50,1.00,1.00,19257.23,16777.49,16767.49,19252.23,31,67,66,31,64088.72,64088.45,,
2026-08-05T18:19:15+08:00,btc-updown-5m-1785924900,https://polymarket.com/zh/event/btc-updown-5m-1785924900,18:15-18:20,31.00,70.00,30.00,69.00,121.80,78.65,104.78,300.86,30.50,69.50,1.00,1.00,18957.23,16777.49,16777.49,18957.23,30,65,69,30,64088.72,64088.45,,
2026-08-05T18:19:17+08:00,btc-updown-5m-1785924900,https://polymarket.com/zh/event/btc-updown-5m-1785924900,18:15-18:20,23.00,78.00,22.00,77.00,575.59,25.00,25.00,575.59,22.50,77.50,1.00,1.00,18812.23,15881.49,15993.49,18958.89,22,68,68,22,64088.72,64088.45,,
2026-08-05T18:19:19+08:00,btc-updown-5m-1785924900,https://polymarket.com/zh/event/btc-updown-5m-1785924900,18:15-18:20,23.00,78.00,22.00,77.00,240.76,90.12,118.42,237.76,22.50,77.50,1.00,1.00,18986.25,15991.49,15881.50,18986.25,22,70,70,22,64088.72,64088.45,,
2026-08-05T18:19:21+08:00,btc-updown-5m-1785924900,https://polymarket.com/zh/event/btc-updown-5m-1785924900,18:15-18:20,21.00,80.00,20.00,79.00,222.17,11.34,55.00,222.17,20.50,79.50,1.00,1.00,18756.25,15972.49,15881.50,18756.25,20,78,78,20,64088.72,64088.45,,
2026-08-05T18:19:23+08:00,btc-updown-5m-1785924900,https://polymarket.com/zh/event/btc-updown-5m-1785924900,18:15-18:20,19.00,82.00,18.00,81.00,324.69,120.00,120.00,324.69,18.50,81.50,1.00,1.00,17774.25,15972.49,15881.49,17774.25,18,79,79,18,64088.72,64088.45,,
2026-08-05T18:19:25+08:00,btc-updown-5m-1785924900,https://polymarket.com/zh/event/btc-updown-5m-1785924900,18:15-18:20,17.00,84.00,16.00,83.00,395.25,29.10,30.30,500.06,16.50,83.50,1.00,1.00,17747.59,15876.50,15887.49,17747.59,16,81,81,16,64088.72,64088.45,,
2026-08-05T18:19:27+08:00,btc-updown-5m-1785924900,https://polymarket.com/zh/event/btc-updown-5m-1785924900,18:15-18:20,14.00,87.00,13.00,86.00,34.41,352.96,327.06,20.00,13.50,86.50,1.00,1.00,17589.59,15966.49,15971.50,17628.59,13,84,84,13,64088.72,64088.45,,
2026-08-05T18:19:29+08:00,btc-updown-5m-1785924900,https://polymarket.com/zh/event/btc-updown-5m-1785924900,18:15-18:20,14.00,87.00,13.00,86.00,167.17,187.97,177.97,64.85,13.50,86.50,1.00,1.00,17790.08,18394.48,18308.48,17790.08,13,86,86,13,64088.72,64088.45,,
2026-08-05T18:19:31+08:00,btc-updown-5m-1785924900,https://polymarket.com/zh/event/btc-updown-5m-1785924900,18:15-18:20,14.00,87.00,13.00,86.00,31.26,68.11,33.86,31.26,13.50,86.50,1.00,1.00,17124.43,17888.48,17892.48,17119.43,13,83,83,13,64088.72,64088.45,,
2026-08-05T18:19:33+08:00,btc-updown-5m-1785924900,https://polymarket.com/zh/event/btc-updown-5m-1785924900,18:15-18:20,16.00,86.00,14.00,85.00,66.17,110.91,70.00,5.00,15.00,85.50,2.00,1.00,16804.43,17545.48,17545.48,16787.43,14,84,85,14,64088.72,64088.45,,
2026-08-05T18:19:35+08:00,btc-updown-5m-1785924900,https://polymarket.com/zh/event/btc-updown-5m-1785924900,18:15-18:20,12.00,89.00,11.00,88.00,242.73,144.72,164.72,237.73,11.50,88.50,1.00,1.00,13457.21,16416.16,16406.17,13302.21,10,84,86,10,64088.72,64088.45,,
2026-08-05T18:19:37+08:00,btc-updown-5m-1785924900,https://polymarket.com/zh/event/btc-updown-5m-1785924900,18:15-18:20,12.00,89.00,11.00,88.00,210.98,52.23,52.23,197.23,11.50,88.50,1.00,1.00,13192.21,16390.16,16395.17,13192.21,10,86,86,10,64088.72,64088.45,,
2026-08-05T18:19:39+08:00,btc-updown-5m-1785924900,https://polymarket.com/zh/event/btc-updown-5m-1785924900,18:15-18:20,13.00,88.00,12.00,87.00,45.44,166.41,154.31,4.36,12.50,87.50,1.00,1.00,13481.13,15605.17,15611.16,13481.13,11,87,87,12,64088.72,64088.45,,
2026-08-05T18:19:41+08:00,btc-updown-5m-1785924900,https://polymarket.com/zh/event/btc-updown-5m-1785924900,18:15-18:20,11.00,90.00,10.00,89.00,45.00,24.00,24.00,84.18,10.50,89.50,1.00,1.00,12785.87,16411.16,16396.16,12785.87,9,89,89,9,64088.72,64088.45,,
2026-08-05T18:19:43+08:00,btc-updown-5m-1785924900,https://polymarket.com/zh/event/btc-updown-5m-1785924900,18:15-18:20,10.00,93.00,9.00,92.00,10.00,24.16,10.00,25.00,9.50,92.50,1.00,1.00,12077.86,16411.16,16395.17,11977.86,9,89,89,7,64088.72,64088.45,,
2026-08-05T18:19:45+08:00,btc-updown-5m-1785924900,https://polymarket.com/zh/event/btc-updown-5m-1785924900,18:15-18:20,15.00,86.00,13.00,85.00,24.09,17.21,150.00,34.11,14.00,85.50,2.00,1.00,12250.66,16278.83,15659.84,11724.78,11,85,67,10,64088.72,64088.45,,
2026-08-05T18:19:47+08:00,btc-updown-5m-1785924900,https://polymarket.com/zh/event/btc-updown-5m-1785924900,18:15-18:20,6.00,95.00,5.00,94.00,15.00,229.29,256.51,15.63,5.50,94.50,1.00,1.00,10954.15,15391.84,15379.84,11038.51,5,73,71,5,64088.72,64088.45,,
2026-08-05T18:19:49+08:00,btc-updown-5m-1785924900,https://polymarket.com/zh/event/btc-updown-5m-1785924900,18:15-18:20,6.00,95.00,5.00,94.00,7.31,210.30,210.30,12.31,5.50,94.50,1.00,1.00,6894.94,15278.84,15276.84,6996.58,5,72,73,5,64088.72,64088.44,,
2026-08-05T18:19:51+08:00,btc-updown-5m-1785924900,https://polymarket.com/zh/event/btc-updown-5m-1785924900,18:15-18:20,9.00,94.00,5.00,93.00,5.00,148.89,205.79,15.00,7.00,93.50,4.00,1.00,7525.93,13566.19,13561.18,7425.93,5,69,73,6,64088.72,64088.44,,
2026-08-05T18:19:53+08:00,btc-updown-5m-1785924900,https://polymarket.com/zh/event/btc-updown-5m-1785924900,18:15-18:20,4.00,97.00,3.00,96.00,5.00,225.21,243.47,10.00,3.50,96.50,1.00,1.00,5301.71,13616.18,13611.18,5138.45,3,77,75,3,64088.72,64088.44,,
2026-08-05T18:19:55+08:00,btc-updown-5m-1785924900,https://polymarket.com/zh/event/btc-updown-5m-1785924900,18:15-18:20,3.00,98.00,2.00,97.00,256.54,928.82,978.82,256.54,2.50,97.50,1.00,1.00,5309.72,12824.18,12916.18,5139.78,2,71,72,2,64088.72,64088.45,,
2026-08-05T18:19:57+08:00,btc-updown-5m-1785924900,https://polymarket.com/zh/event/btc-updown-5m-1785924900,18:15-18:20,3.00,98.00,2.00,97.00,274.24,308.42,415.77,155.63,2.50,97.50,1.00,1.00,4111.75,18292.19,18363.50,4004.40,2,62,62,2,64088.72,64088.45,,
2026-08-05T18:19:59+08:00,btc-updown-5m-1785924900,https://polymarket.com/zh/event/btc-updown-5m-1785924900,18:15-18:20,2.00,,1.00,99.00,465.37,,982.95,188.80,1.50,,1.00,,982.95,26865.49,26746.49,,1,63,62,0,64088.72,64088.45,,
2026-08-05T18:20:01+08:00,btc-updown-5m-1785925200,https://polymarket.com/zh/event/btc-updown-5m-1785925200,18:20-18:25,51.00,50.00,50.00,49.00,233.82,251.80,251.80,233.82,50.50,49.50,1.00,1.00,16834.32,15803.72,15803.72,16834.33,50,49,49,50,64088.45,64088.45,,
2026-08-05T18:20:03+08:00,btc-updown-5m-1785925200,https://polymarket.com/zh/event/btc-updown-5m-1785925200,18:20-18:25,51.00,50.00,50.00,49.00,332.35,285.18,287.18,332.35,50.50,49.50,1.00,1.00,17861.88,16555.28,16560.28,17741.87,50,49,49,50,64088.45,64088.45,,
2026-08-05T18:20:05+08:00,btc-updown-5m-1785925200,https://polymarket.com/zh/event/btc-updown-5m-1785925200,18:20-18:25,50.00,51.00,49.00,50.00,782.58,16.79,21.99,807.02,49.50,50.50,1.00,1.00,17816.87,17331.28,17236.28,17991.87,49,50,50,49,64088.45,64088.45,,
2026-08-05T18:20:07+08:00,btc-updown-5m-1785925200,https://polymarket.com/zh/event/btc-updown-5m-1785925200,18:20-18:25,50.00,51.00,49.00,50.00,857.80,10.00,10.00,852.80,49.50,50.50,1.00,1.00,17646.87,17126.28,17036.28,17631.87,49,50,50,49,64088.45,64088.45,,
2026-08-05T18:20:09+08:00,btc-updown-5m-1785925200,https://polymarket.com/zh/event/btc-updown-5m-1785925200,18:20-18:25,51.00,50.00,50.00,49.00,201.06,301.75,301.75,201.06,50.50,49.50,1.00,1.00,15701.88,14811.28,14831.28,15791.87,50,49,49,50,64088.45,64088.45,,
2026-08-05T18:20:11+08:00,btc-updown-5m-1785925200,https://polymarket.com/zh/event/btc-updown-5m-1785925200,18:20-18:25,51.00,50.00,50.00,49.00,115.13,420.57,420.57,115.13,50.50,49.50,1.00,1.00,15635.20,14826.28,14821.28,15620.20,50,49,49,50,64088.45,64088.44,,
2026-08-05T18:20:13+08:00,btc-updown-5m-1785925200,https://polymarket.com/zh/event/btc-updown-5m-1785925200,18:20-18:25,51.00,50.00,50.00,49.00,148.77,383.87,374.58,148.77,50.50,49.50,1.00,1.00,15745.20,14931.28,14853.28,15835.20,50,49,49,50,64088.45,64088.44,,
2026-08-05T18:20:15+08:00,btc-updown-5m-1785925200,https://polymarket.com/zh/event/btc-updown-5m-1785925200,18:20-18:25,52.00,49.00,51.00,48.00,207.65,404.72,399.72,203.80,51.50,48.50,1.00,1.00,16458.30,15882.28,15997.28,16495.80,51,48,48,51,64088.45,64088.44,,
2026-08-05T18:20:17+08:00,btc-updown-5m-1785925200,https://polymarket.com/zh/event/btc-updown-5m-1785925200,18:20-18:25,52.00,49.00,51.00,48.00,190.33,422.12,378.85,178.40,51.50,48.50,1.00,1.00,16947.20,16007.28,16035.28,16842.20,51,48,48,51,64088.45,64088.45,,
2026-08-05T18:20:19+08:00,btc-updown-5m-1785925200,https://polymarket.com/zh/event/btc-updown-5m-1785925200,18:20-18:25,52.00,49.00,51.00,48.00,227.51,426.12,426.12,227.51,51.50,48.50,1.00,1.00,16234.20,15330.28,15315.28,16234.20,51,48,48,51,64088.45,64088.45,,
2026-08-05T18:20:21+08:00,btc-updown-5m-1785925200,https://polymarket.com/zh/event/btc-updown-5m-1785925200,18:20-18:25,53.00,48.00,52.00,47.00,376.94,97.88,321.35,397.60,52.50,47.50,1.00,1.00,14759.20,13972.28,13962.28,14879.20,52,47,47,52,64088.45,64088.45,,
2026-08-05T18:20:23+08:00,btc-updown-5m-1785925200,https://polymarket.com/zh/event/btc-updown-5m-1785925200,18:20-18:25,51.00,50.00,50.00,49.00,163.31,921.07,395.94,143.31,50.50,49.50,1.00,1.00,14864.20,14582.57,14467.57,14879.20,50,49,49,50,64088.45,64085.82,,
2026-08-05T18:20:25+08:00,btc-updown-5m-1785925200,https://polymarket.com/zh/event/btc-updown-5m-1785925200,18:20-18:25,51.00,50.00,50.00,49.00,111.53,941.50,989.22,121.53,50.50,49.50,1.00,1.00,15426.49,14689.27,14694.27,15426.49,50,49,49,50,64088.45,64085.83,,
2026-08-05T18:20:27+08:00,btc-updown-5m-1785925200,https://polymarket.com/zh/event/btc-updown-5m-1785925200,18:20-18:25,51.00,50.00,50.00,49.00,106.72,937.61,944.61,111.72,50.50,49.50,1.00,1.00,15211.19,14439.27,14184.27,15333.80,50,49,49,50,64088.45,64085.83,,
2026-08-05T18:20:29+08:00,btc-updown-5m-1785925200,https://polymarket.com/zh/event/btc-updown-5m-1785925200,18:20-18:25,51.00,50.00,50.00,49.00,116.72,847.61,847.61,107.79,50.50,49.50,1.00,1.00,15461.78,14446.87,14594.56,15576.79,50,49,49,50,64088.45,64085.83,,
2026-08-05T18:20:31+08:00,btc-updown-5m-1785925200,https://polymarket.com/zh/event/btc-updown-5m-1785925200,18:20-18:25,51.00,50.00,50.00,49.00,107.79,427.75,837.68,246.38,50.50,49.50,1.00,1.00,14809.48,14246.56,14006.56,14894.48,50,49,49,50,64088.45,64085.83,,
2026-08-05T18:20:33+08:00,btc-updown-5m-1785925200,https://polymarket.com/zh/event/btc-updown-5m-1785925200,18:20-18:25,51.00,50.00,50.00,49.00,660.11,23.36,23.36,660.11,50.50,49.50,1.00,1.00,14969.18,14011.56,14011.56,14964.18,50,49,49,50,64088.45,64084.53,,
2026-08-05T18:20:35+08:00,btc-updown-5m-1785925200,https://polymarket.com/zh/event/btc-updown-5m-1785925200,18:20-18:25,50.00,51.00,49.00,50.00,1118.57,54.61,49.61,1118.57,49.50,50.50,1.00,1.00,14623.18,13921.26,13836.26,14618.18,49,50,50,49,64088.45,64085.42,,
2026-08-05T18:20:37+08:00,btc-updown-5m-1785925200,https://polymarket.com/zh/event/btc-updown-5m-1785925200,18:20-18:25,36.00,65.00,35.00,64.00,538.74,126.37,126.37,538.74,35.50,64.50,1.00,1.00,15903.18,15275.27,15275.27,15903.18,35,64,64,35,64088.45,64080.00,,
2026-08-05T18:20:39+08:00,btc-updown-5m-1785925200,https://polymarket.com/zh/event/btc-updown-5m-1785925200,18:20-18:25,36.00,65.00,35.00,64.00,439.61,104.76,196.74,495.69,35.50,64.50,1.00,1.00,14928.18,15279.59,15269.59,14963.18,35,64,64,35,64088.45,64070.00,,
2026-08-05T18:20:41+08:00,btc-updown-5m-1785925200,https://polymarket.com/zh/event/btc-updown-5m-1785925200,18:20-18:25,35.00,66.00,34.00,65.00,1027.29,19.71,19.71,1039.29,34.50,65.50,1.00,1.00,14155.18,15284.59,15184.59,14230.18,34,65,65,34,64088.45,64070.00,,
2026-08-05T18:20:43+08:00,btc-updown-5m-1785925200,https://polymarket.com/zh/event/btc-updown-5m-1785925200,18:20-18:25,33.00,68.00,32.00,67.00,491.08,259.18,259.18,472.08,32.50,67.50,1.00,1.00,14410.18,15284.59,15184.59,14390.18,32,67,67,32,64088.45,64073.00,,
2026-08-05T18:20:45+08:00,btc-updown-5m-1785925200,https://polymarket.com/zh/event/btc-updown-5m-1785925200,18:20-18:25,33.00,68.00,32.00,67.00,150.05,343.16,348.73,155.05,32.50,67.50,1.00,1.00,14440.18,15189.59,15274.60,14430.18,32,67,67,32,64088.45,64073.00,,
2026-08-05T18:20:47+08:00,btc-updown-5m-1785925200,https://polymarket.com/zh/event/btc-updown-5m-1785925200,18:20-18:25,33.00,68.00,32.00,67.00,431.60,117.04,117.04,271.11,32.50,67.50,1.00,1.00,14245.18,15279.59,15179.60,14475.18,32,67,67,32,64088.45,64073.00,,
2026-08-05T18:20:49+08:00,btc-updown-5m-1785925200,https://polymarket.com/zh/event/btc-updown-5m-1785925200,18:20-18:25,33.00,68.00,32.00,67.00,49.60,329.58,391.10,49.60,32.50,67.50,1.00,1.00,14444.02,15079.59,15094.60,14444.02,32,67,67,32,64088.45,64073.00,,
2026-08-05T18:20:51+08:00,btc-updown-5m-1785925200,https://polymarket.com/zh/event/btc-updown-5m-1785925200,18:20-18:25,33.00,68.00,32.00,67.00,388.48,13.66,21.00,579.27,32.50,67.50,1.00,1.00,14259.02,15307.60,15297.59,14224.02,32,67,67,32,64088.45,64073.00,,
2026-08-05T18:20:53+08:00,btc-updown-5m-1785925200,https://polymarket.com/zh/event/btc-updown-5m-1785925200,18:20-18:25,32.00,69.00,31.00,68.00,868.87,78.34,78.34,868.87,31.50,68.50,1.00,1.00,14514.02,15212.59,15192.59,14519.02,31,68,68,31,64088.45,64072.99,,
2026-08-05T18:20:55+08:00,btc-updown-5m-1785925200,https://polymarket.com/zh/event/btc-updown-5m-1785925200,18:20-18:25,33.00,68.00,32.00,67.00,31.00,876.62,873.32,41.00,32.50,67.50,1.00,1.00,14204.02,14765.59,14770.59,14219.02,32,67,67,32,64088.45,64073.00,,
2026-08-05T18:20:57+08:00,btc-updown-5m-1785925200,https://polymarket.com/zh/event/btc-updown-5m-1785925200,18:20-18:25,33.00,68.00,32.00,67.00,445.86,330.87,112.83,275.15,32.50,67.50,1.00,1.00,14402.02,14865.59,14960.59,14367.02,32,67,67,32,64088.45,64073.00,,
2026-08-05T18:20:59+08:00,btc-updown-5m-1785925200,https://polymarket.com/zh/event/btc-updown-5m-1785925200,18:20-18:25,34.00,67.00,33.00,66.00,69.96,738.24,738.24,65.96,33.50,66.50,1.00,1.00,14422.02,14870.59,14870.60,14417.02,33,66,66,33,64088.45,64073.00,,
2026-08-05T18:21:01+08:00,btc-updown-5m-1785925200,https://polymarket.com/zh/event/btc-updown-5m-1785925200,18:20-18:25,34.00,67.00,33.00,66.00,13.87,796.32,796.32,18.87,33.50,66.50,1.00,1.00,18027.02,18730.59,19030.59,18022.02,33,66,66,33,64088.45,64073.00,,
2026-08-05T18:21:03+08:00,btc-updown-5m-1785925200,https://polymarket.com/zh/event/btc-updown-5m-1785925200,18:20-18:25,44.00,57.00,43.00,56.00,24.50,979.34,979.34,24.50,43.50,56.50,1.00,1.00,17841.02,18082.59,18092.59,17836.02,43,56,55,43,64088.45,64074.43,,
2026-08-05T18:21:05+08:00,btc-updown-5m-1785925200,https://polymarket.com/zh/event/btc-updown-5m-1785925200,18:20-18:25,50.00,51.00,49.00,50.00,382.25,57.00,62.00,383.42,49.50,50.50,1.00,1.00,17921.02,18437.59,18327.59,17926.02,49,50,50,49,64088.45,64081.44,,
2026-08-05T18:21:07+08:00,btc-updown-5m-1785925200,https://polymarket.com/zh/event/btc-updown-5m-1785925200,18:20-18:25,54.00,47.00,53.00,46.00,8.12,1164.78,1033.44,28.24,53.50,46.50,1.00,1.00,17699.35,17001.59,17006.59,17584.35,53,46,46,53,64088.45,64081.45,,
2026-08-05T18:21:09+08:00,btc-updown-5m-1785925200,https://polymarket.com/zh/event/btc-updown-5m-1785925200,18:20-18:25,54.00,47.00,53.00,46.00,589.76,75.00,5.00,733.81,53.50,46.50,1.00,1.00,18404.35,16906.59,16901.59,19409.36,53,46,46,53,64088.45,64088.44,,
2026-08-05T18:21:11+08:00,btc-updown-5m-1785925200,https://polymarket.com/zh/event/btc-updown-5m-1785925200,18:20-18:25,53.00,48.00,52.00,47.00,597.16,116.92,116.98,594.65,52.50,47.50,1.00,1.00,17294.35,16823.26,16838.26,17914.36,52,47,47,52,64088.45,64088.45,,
2026-08-05T18:21:13+08:00,btc-updown-5m-1785925200,https://polymarket.com/zh/event/btc-updown-5m-1785925200,18:20-18:25,53.00,48.00,52.00,47.00,609.58,77.96,102.97,609.58,52.50,47.50,1.00,1.00,17307.35,16726.26,16731.26,18202.35,52,47,47,52,64088.45,64088.45,,
2026-08-05T18:21:15+08:00,btc-updown-5m-1785925200,https://polymarket.com/zh/event/btc-updown-5m-1785925200,18:20-18:25,53.00,48.00,52.00,47.00,308.85,719.55,415.25,80.00,52.50,47.50,1.00,1.00,17713.36,16726.26,16826.26,18603.37,52,47,47,52,64088.45,64088.45,,
2026-08-05T18:21:17+08:00,btc-updown-5m-1785925200,https://polymarket.com/zh/event/btc-updown-5m-1785925200,18:20-18:25,58.00,43.00,57.00,42.00,40.50,678.22,675.43,90.50,57.50,42.50,1.00,1.00,18688.35,16491.26,16318.26,19610.35,57,42,42,57,64088.45,64089.99,,
2026-08-05T18:21:19+08:00,btc-updown-5m-1785925200,https://polymarket.com/zh/event/btc-updown-5m-1785925200,18:20-18:25,55.00,46.00,54.00,45.00,752.83,82.07,56.99,790.74,54.50,45.50,1.00,1.00,19100.35,16503.26,16518.26,19115.35,54,45,45,54,64088.45,64089.99,,
2026-08-05T18:21:21+08:00,btc-updown-5m-1785925200,https://polymarket.com/zh/event/btc-updown-5m-1785925200,18:20-18:25,55.00,46.00,54.00,45.00,473.94,239.59,163.12,473.94,54.50,45.50,1.00,1.00,19600.35,16533.26,16528.26,18695.35,54,45,45,54,64088.45,64089.99,,
2026-08-05T18:21:23+08:00,btc-updown-5m-1785925200,https://polymarket.com/zh/event/btc-updown-5m-1785925200,18:20-18:25,55.00,47.00,54.00,45.00,573.94,61.06,97.23,616.20,54.50,46.00,1.00,2.00,17905.35,16523.26,16523.26,18800.35,54,45,45,53,64088.45,64089.99,,
2026-08-05T18:21:25+08:00,btc-updown-5m-1785925200,https://polymarket.com/zh/event/btc-updown-5m-1785925200,18:20-18:25,54.00,47.00,53.00,46.00,122.40,417.44,417.44,117.40,53.50,46.50,1.00,1.00,17805.35,16523.26,16533.26,18915.36,53,46,46,53,64088.45,64089.48,,
2026-08-05T18:21:26+08:00,btc-updown-5m-1785925200,https://polymarket.com/zh/event/btc-updown-5m-1785925200,18:20-18:25,60.00,41.00,59.00,40.00,296.60,792.13,781.13,291.60,59.50,40.50,1.00,1.00,19365.35,16553.26,16468.26,19780.35,59,40,40,59,64088.45,64089.48,,
