ts_iso,slug,market_url,window_text,buy_up_cents,buy_down_cents,sell_up_cents,sell_down_cents,buy_up_size,buy_down_size,sell_up_size,sell_down_size,mid_up_cents,mid_down_cents,spread_up_cents,spread_down_cents,bid_depth_up_5,ask_depth_up_5,bid_depth_down_5,ask_depth_down_5,level_count_bid_up,level_count_ask_up,level_count_bid_down,level_count_ask_down,target_price,final_price,trade_count_1s,trade_volume_1s
2026-10-01T09:07:42+08:00,btc-updown-5m-1790816700,https://polymarket.com/zh/event/btc-updown-5m-1790816700,09:05-09:10,97.00,4.00,96.00,3.00,136.98,804.47,804.47,81.98,96.50,3.50,1.00,1.00,19520.23,5929.19,5869.19,19505.23,96,3,3,96,,83537.02,,
2026-10-01T09:07:44+08:00,btc-updown-5m-1790816700,https://polymarket.com/zh/event/btc-updown-5m-1790816700,09:05-09:10,97.00,4.00,96.00,3.00,129.94,908.47,913.47,129.94,96.50,3.50,1.00,1.00,19505.23,5909.15,5909.15,19525.23,96,3,3,96,,83537.01,,
2026-10-01T09:07:46+08:00,btc-updown-5m-1790816700,https://polymarket.com/zh/event/btc-updown-5m-1790816700,09:05-09:10,97.00,4.00,96.00,3.00,26.48,906.71,877.89,26.48,96.50,3.50,1.00,1.00,19620.23,5785.69,5780.69,19510.23,96,3,3,96,,83533.88,,
2026-10-01T09:07:49+08:00,btc-updown-5m-1790816700,https://polymarket.com/zh/event/btc-updown-5m-1790816700,09:05-09:10,97.00,4.00,96.00,3.00,17.96,881.33,954.28,643.03,96.50,3.50,1.00,1.00,19505.23,5711.37,6336.44,19520.23,96,3,3,96,,83533.87,,
2026-10-01T09:07:51+08:00,btc-updown-5m-1790816700,https://polymarket.com/zh/event/btc-updown-5m-1790816700,09:05-09:10,97.00,3.00,96.00,2.00,14.86,378.58,932.43,1358.96,96.50,2.50,1.00,1.00,19505.23,5725.27,6535.68,19520.23,96,3,2,97,,83533.87,,
2026-10-01T09:07:53+08:00,btc-updown-5m-1790816700,https://polymarket.com/zh/event/btc-updown-5m-1790816700,09:05-09:10,97.00,4.00,96.00,3.00,7531.40,224.99,149.99,3273.14,96.50,3.50,1.00,1.00,19515.23,15609.22,10423.38,19505.23,96,3,3,96,,83533.87,,
2026-10-01T09:07:55+08:00,btc-updown-5m-1790816700,https://polymarket.com/zh/event/btc-updown-5m-1790816700,09:05-09:10,97.00,4.00,96.00,3.00,2608.07,545.81,460.81,523.39,96.50,3.50,1.00,1.00,19610.23,8347.17,6258.49,19620.23,96,3,3,96,,83525.61,,
2026-10-01T09:07:57+08:00,btc-updown-5m-1790816700,https://polymarket.com/zh/event/btc-updown-5m-1790816700,09:05-09:10,97.00,4.00,96.00,3.00,135.01,758.87,718.87,89.95,96.50,3.50,1.00,1.00,19490.23,5931.50,6171.43,19500.23,96,3,3,96,,83532.19,,
2026-10-01T09:08:00+08:00,btc-updown-5m-1790816700,https://polymarket.com/zh/event/btc-updown-5m-1790816700,09:05-09:10,98.00,3.00,97.00,2.40,1377.67,217.58,167.58,66.66,97.50,2.70,1.00,0.60,19685.06,6499.78,8591.58,17196.82,112,2,11,133,,83532.20,,
2026-10-01T09:08:02+08:00,btc-updown-5m-1790816700,https://polymarket.com/zh/event/btc-updown-5m-1790816700,09:05-09:10,97.50,2.20,97.40,2.10,5.00,66.66,99.99,105.00,97.45,2.15,0.10,0.10,16896.82,8456.58,8456.58,16911.82,136,10,8,137,,83532.20,,
2026-10-01T09:08:05+08:00,btc-updown-5m-1790816700,https://polymarket.com/zh/event/btc-updown-5m-1790816700,09:05-09:10,97.90,2.20,97.80,2.10,101.92,20.00,30.00,101.92,97.85,2.15,0.10,0.10,16896.82,8449.58,8434.58,16911.82,141,11,11,141,,83532.19,,
2026-10-01T09:08:07+08:00,btc-updown-5m-1790816700,https://polymarket.com/zh/event/btc-updown-5m-1790816700,09:05-09:10,97.90,2.20,97.80,2.10,110.32,20.00,25.00,110.32,97.85,2.15,0.10,0.10,16906.82,8514.58,8469.58,16911.82,140,10,11,140,,83532.20,,
2026-10-01T09:08:09+08:00,btc-updown-5m-1790816700,https://polymarket.com/zh/event/btc-updown-5m-1790816700,09:05-09:10,98.00,2.10,97.90,2.00,250.00,63.67,63.67,250.00,97.95,2.05,0.10,0.10,16906.82,8494.58,8544.58,16896.82,138,9,9,139,,83532.20,,
2026-10-01T09:08:11+08:00,btc-updown-5m-1790816700,https://polymarket.com/zh/event/btc-updown-5m-1790816700,09:05-09:10,98.00,2.10,97.90,2.00,230.03,76.22,47.00,215.00,97.95,2.05,0.10,0.10,17011.82,8523.58,8558.58,16896.82,139,11,8,138,,83525.60,,
2026-10-01T09:08:14+08:00,btc-updown-5m-1790816700,https://polymarket.com/zh/event/btc-updown-5m-1790816700,09:05-09:10,98.00,2.10,97.90,2.00,215.00,12.00,70.11,1272.38,97.95,2.05,0.10,0.10,16896.82,8519.58,8504.58,17006.82,135,9,8,136,,83525.60,,
2026-10-01T09:08:16+08:00,btc-updown-5m-1790816700,https://polymarket.com/zh/event/btc-updown-5m-1790816700,09:05-09:10,97.90,2.20,97.80,2.10,5.33,37.63,37.63,5.33,97.85,2.15,0.10,0.10,17006.82,8097.43,7884.58,17111.82,138,9,10,137,,83525.61,,
2026-10-01T09:08:18+08:00,btc-updown-5m-1790816700,https://polymarket.com/zh/event/btc-updown-5m-1790816700,09:05-09:10,98.00,2.10,97.90,2.00,190.00,68.67,68.67,90.00,97.95,2.05,0.10,0.10,16891.82,3461.47,7889.58,16996.82,136,10,8,136,,83525.60,,
2026-10-01T09:08:20+08:00,btc-updown-5m-1790816700,https://polymarket.com/zh/event/btc-updown-5m-1790816700,09:05-09:10,98.50,2.00,98.30,1.90,5.00,748.31,33.33,66.66,98.40,1.95,0.20,0.10,16881.82,3561.47,8175.81,13409.53,136,8,9,132,,83525.60,,
2026-10-01T09:08:22+08:00,btc-updown-5m-1790816700,https://polymarket.com/zh/event/btc-updown-5m-1790816700,09:05-09:10,98.90,1.80,98.80,1.10,28.98,5.20,33.33,28.98,98.85,1.45,0.10,0.70,16986.82,4009.47,4004.47,16896.82,139,7,7,136,,83525.60,,
2026-10-01T09:08:24+08:00,btc-updown-5m-1790816700,https://polymarket.com/zh/event/btc-updown-5m-1790816700,09:05-09:10,98.90,1.20,98.20,1.10,5.00,66.66,76.99,5.00,98.55,1.15,0.70,0.10,16986.82,3834.47,3909.47,16996.82,136,10,8,137,,83524.45,,
2026-10-01T09:08:26+08:00,btc-updown-5m-1790816700,https://polymarket.com/zh/event/btc-updown-5m-1790816700,09:05-09:10,98.80,1.50,98.50,1.20,5.00,10.00,10.00,5.00,98.65,1.35,0.30,0.30,16896.82,3954.47,3456.47,16881.82,141,9,8,141,,83524.45,,
2026-10-01T09:08:28+08:00,btc-updown-5m-1790816700,https://polymarket.com/zh/event/btc-updown-5m-1790816700,09:05-09:10,98.30,1.20,98.20,1.10,66.66,33.33,77.68,5.00,98.25,1.15,0.10,0.10,16901.82,3456.47,3506.47,16881.82,138,10,9,138,,83524.46,,
2026-10-01T09:08:31+08:00,btc-updown-5m-1790816700,https://polymarket.com/zh/event/btc-updown-5m-1790816700,09:05-09:10,99.00,1.10,98.30,1.00,4046.29,66.66,75.00,3821.01,98.65,1.05,0.70,0.10,16981.82,3531.47,4431.47,16886.82,138,8,8,138,,83524.45,,
2026-10-01T09:08:33+08:00,btc-updown-5m-1790816700,https://polymarket.com/zh/event/btc-updown-5m-1790816700,09:05-09:10,98.50,1.60,98.40,1.50,5.33,8.07,8.07,5.33,98.45,1.55,0.10,0.10,15996.82,2531.47,2531.47,15981.82,137,9,9,136,,83524.45,,
2026-10-01T09:08:35+08:00,btc-updown-5m-1790816700,https://polymarket.com/zh/event/btc-updown-5m-1790816700,09:05-09:10,99.00,1.10,98.90,1.00,2010.92,134.41,65.52,1775.92,98.95,1.05,0.10,0.10,15971.82,4267.39,4032.39,15986.82,133,2,2,136,,83541.59,,
2026-10-01T09:08:37+08:00,btc-updown-5m-1790816700,https://polymarket.com/zh/event/btc-updown-5m-1790816700,09:05-09:10,99.00,1.00,98.90,0.10,1765.88,435.26,105.00,2256.47,98.95,0.55,0.10,0.90,15971.82,4022.35,2256.47,15886.82,136,2,1,135,,83540.90,,
2026-10-01T09:08:39+08:00,btc-updown-5m-1790816700,https://polymarket.com/zh/event/btc-updown-5m-1790816700,09:05-09:10,99.90,0.30,99.70,0.10,2015.00,15.00,15.00,2015.00,99.80,0.20,0.20,0.20,15996.82,2015.00,2015.00,15991.82,141,1,1,141,,83546.56,,
2026-10-01T09:08:42+08:00,btc-updown-5m-1790816700,https://polymarket.com/zh/event/btc-updown-5m-1790816700,09:05-09:10,99.90,0.20,99.80,0.10,2015.00,5.00,5.00,2013.99,99.85,0.15,0.10,0.10,15981.82,2015.00,2013.99,16001.82,143,1,1,143,,83548.18,,
2026-10-01T09:08:44+08:00,btc-updown-5m-1790816700,https://polymarket.com/zh/event/btc-updown-5m-1790816700,09:05-09:10,99.90,0.20,99.80,0.10,2013.99,5.00,5.00,2013.99,99.85,0.15,0.10,0.10,16096.82,2013.99,2013.99,15881.82,143,1,1,144,,83544.05,,
2026-10-01T09:08:46+08:00,btc-updown-5m-1790816700,https://polymarket.com/zh/event/btc-updown-5m-1790816700,09:05-09:10,99.90,0.20,99.80,0.10,15.00,5.00,5.00,15.00,99.85,0.15,0.10,0.10,15986.82,15.00,15.00,15891.82,145,1,1,148,,83544.04,,
2026-10-01T09:08:48+08:00,btc-updown-5m-1790816700,https://polymarket.com/zh/event/btc-updown-5m-1790816700,09:05-09:10,99.90,0.20,99.80,0.10,3.99,87.68,87.68,3.99,99.85,0.15,0.10,0.10,15901.82,3.99,3.99,15881.82,146,1,1,146,,83544.06,,
2026-10-01T09:08:50+08:00,btc-updown-5m-1790816700,https://polymarket.com/zh/event/btc-updown-5m-1790816700,09:05-09:10,,0.10,99.90,,,143.02,143.02,,,,,,15783.82,,,15798.82,147,0,0,147,,83544.06,,
2026-10-01T09:08:52+08:00,btc-updown-5m-1790816700,https://polymarket.com/zh/event/btc-updown-5m-1790816700,09:05-09:10,,0.10,99.90,,,3181.03,3181.03,,,,,,15798.82,,,15783.82,144,0,0,144,,83544.06,,
2026-10-01T09:08:54+08:00,btc-updown-5m-1790816700,https://polymarket.com/zh/event/btc-updown-5m-1790816700,09:05-09:10,,0.10,99.90,,,3181.03,3181.03,,,,,,15783.82,,,15798.82,144,0,0,144,,83544.06,,
2026-10-01T09:08:56+08:00,btc-updown-5m-1790816700,https://polymarket.com/zh/event/btc-updown-5m-1790816700,09:05-09:10,,0.10,99.90,,,3203.01,3203.01,,,,,,8647.49,,,8662.49,145,0,0,145,,83553.65,,
2026-10-01T09:09:00+08:00,btc-updown-5m-1790816700,https://polymarket.com/zh/event/btc-updown-5m-1790816700,09:05-09:10,,0.10,99.90,,,3381.51,3281.51,,,,,,8207.68,,,8192.68,143,0,0,145,,83553.64,,
2026-10-01T09:09:02+08:00,btc-updown-5m-1790816700,https://polymarket.com/zh/event/btc-updown-5m-1790816700,09:05-09:10,,0.10,99.90,,,3451.54,3451.54,,,,,,8177.68,,,8192.68,143,0,0,144,,83553.64,,
2026-10-01T09:09:04+08:00,btc-updown-5m-1790816700,https://polymarket.com/zh/event/btc-updown-5m-1790816700,09:05-09:10,,0.10,99.90,,,3479.54,3479.54,,,,,,8177.68,,,8192.68,141,0,0,141,,83554.55,,
2026-10-01T09:09:06+08:00,btc-updown-5m-1790816700,https://polymarket.com/zh/event/btc-updown-5m-1790816700,09:05-09:10,,0.10,99.90,,,12444.54,12444.54,,,,,,8182.68,,,8192.68,143,0,0,143,,83559.78,,
2026-10-01T09:09:08+08:00,btc-updown-5m-1790816700,https://polymarket.com/zh/event/btc-updown-5m-1790816700,09:05-09:10,,0.10,99.90,,,12494.54,12494.54,,,,,,8182.68,,,8192.68,141,0,0,142,,83559.31,,
2026-10-01T09:09:10+08:00,btc-updown-5m-1790816700,https://polymarket.com/zh/event/btc-updown-5m-1790816700,09:05-09:10,,0.10,99.90,,,12484.54,12509.54,,,,,,8192.68,,,8177.68,142,0,0,142,,83559.30,,
2026-10-01T09:09:12+08:00,btc-updown-5m-1790816700,https://polymarket.com/zh/event/btc-updown-5m-1790816700,09:05-09:10,,0.10,99.90,,,13133.54,13134.54,,,,,,8192.68,,,8177.68,140,0,0,141,,83559.31,,
2026-10-01T09:09:14+08:00,btc-updown-5m-1790816700,https://polymarket.com/zh/event/btc-updown-5m-1790816700,09:05-09:10,,0.10,99.90,,,13133.54,13133.54,,,,,,8192.68,,,8177.68,141,0,0,141,,83553.64,,
2026-10-01T09:09:16+08:00,btc-updown-5m-1790816700,https://polymarket.com/zh/event/btc-updown-5m-1790816700,09:05-09:10,,0.10,99.90,,,13178.91,13148.91,,,,,,8072.68,,,8057.68,139,0,0,139,,83553.64,,
2026-10-01T09:09:18+08:00,btc-updown-5m-1790816700,https://polymarket.com/zh/event/btc-updown-5m-1790816700,09:05-09:10,,0.10,99.90,,,13258.75,13258.75,,,,,,8072.68,,,8057.68,138,0,0,138,,83556.59,,
2026-10-01T09:09:20+08:00,btc-updown-5m-1790816700,https://polymarket.com/zh/event/btc-updown-5m-1790816700,09:05-09:10,,0.10,99.90,,,13253.75,13253.75,,,,,,8067.68,,,8057.68,138,0,0,138,,83556.59,,
2026-10-01T09:09:22+08:00,btc-updown-5m-1790816700,https://polymarket.com/zh/event/btc-updown-5m-1790816700,09:05-09:10,,0.10,99.90,,,13253.75,13253.75,,,,,,8017.68,,,8032.68,138,0,0,138,,83558.84,,
2026-10-01T09:09:24+08:00,btc-updown-5m-1790816700,https://polymarket.com/zh/event/btc-updown-5m-1790816700,09:05-09:10,,0.10,99.90,,,13253.75,13253.75,,,,,,8017.68,,,8027.68,138,0,0,138,,83558.84,,
2026-10-01T09:09:26+08:00,btc-updown-5m-1790816700,https://polymarket.com/zh/event/btc-updown-5m-1790816700,09:05-09:10,,0.10,99.90,,,13273.75,13273.75,,,,,,8017.68,,,8032.68,138,0,0,138,,83558.84,,
2026-10-01T09:09:28+08:00,btc-updown-5m-1790816700,https://polymarket.com/zh/event/btc-updown-5m-1790816700,09:05-09:10,,0.10,99.90,,,13268.75,13268.75,,,,,,8017.68,,,8032.68,138,0,0,138,,83553.64,,
2026-10-01T09:09:30+08:00,btc-updown-5m-1790816700,https://polymarket.com/zh/event/btc-updown-5m-1790816700,09:05-09:10,,0.10,99.90,,,13789.25,13789.25,,,,,,8017.68,,,8027.68,138,0,0,138,,83553.65,,
2026-10-01T09:09:32+08:00,btc-updown-5m-1790816700,https://polymarket.com/zh/event/btc-updown-5m-1790816700,09:05-09:10,,0.10,99.90,,,13799.25,13799.25,,,,,,8022.68,,,8007.68,138,0,0,138,,83544.59,,
2026-10-01T09:09:34+08:00,btc-updown-5m-1790816700,https://polymarket.com/zh/event/btc-updown-5m-1790816700,09:05-09:10,,0.10,99.90,,,13799.25,13799.25,,,,,,8007.68,,,8022.68,138,0,0,138,,83544.59,,
2026-10-01T09:09:36+08:00,btc-updown-5m-1790816700,https://polymarket.com/zh/event/btc-updown-5m-1790816700,09:05-09:10,,0.10,99.90,,,13844.27,13844.27,,,,,,8022.68,,,8012.68,138,0,0,138,,83544.59,,
2026-10-01T09:09:38+08:00,btc-updown-5m-1790816700,https://polymarket.com/zh/event/btc-updown-5m-1790816700,09:05-09:10,,0.10,99.90,,,13844.27,13844.27,,,,,,8022.68,,,8007.68,138,0,0,138,,83543.64,,
2026-10-01T09:09:40+08:00,btc-updown-5m-1790816700,https://polymarket.com/zh/event/btc-updown-5m-1790816700,09:05-09:10,,0.10,99.90,,,20259.27,20259.27,,,,,,8012.68,,,8022.68,138,0,0,138,,83543.65,,
2026-10-01T09:09:42+08:00,btc-updown-5m-1790816700,https://polymarket.com/zh/event/btc-updown-5m-1790816700,09:05-09:10,,0.10,99.90,,,20269.27,20269.27,,,,,,8012.68,,,8022.68,138,0,0,138,,83543.64,,
2026-10-01T09:09:44+08:00,btc-updown-5m-1790816700,https://polymarket.com/zh/event/btc-updown-5m-1790816700,09:05-09:10,,0.10,99.90,,,20269.27,20269.27,,,,,,8007.68,,,8017.68,138,0,0,138,,83540.95,,
2026-10-01T09:09:46+08:00,btc-updown-5m-1790816700,https://polymarket.com/zh/event/btc-updown-5m-1790816700,09:05-09:10,,0.10,99.90,,,20284.27,20284.27,,,,,,8007.68,,,8012.68,138,0,0,138,,83536.08,,
2026-10-01T09:09:48+08:00,btc-updown-5m-1790816700,https://polymarket.com/zh/event/btc-updown-5m-1790816700,09:05-09:10,,0.10,99.90,,,20784.27,20784.27,,,,,,8007.68,,,8022.68,138,0,0,138,,83536.08,,
2026-10-01T09:09:51+08:00,btc-updown-5m-1790816700,https://polymarket.com/zh/event/btc-updown-5m-1790816700,09:05-09:10,,0.10,99.90,,,20799.27,20799.27,,,,,,7997.68,,,8012.68,138,0,0,138,,83534.55,,
2026-10-01T09:09:53+08:00,btc-updown-5m-1790816700,https://polymarket.com/zh/event/btc-updown-5m-1790816700,09:05-09:10,,0.10,99.90,,,21859.27,20829.27,,,,,,7997.68,,,8012.68,138,0,0,138,,83534.55,,
2026-10-01T09:09:55+08:00,btc-updown-5m-1790816700,https://polymarket.com/zh/event/btc-updown-5m-1790816700,09:05-09:10,,0.10,99.90,,,21870.79,21859.27,,,,,,8007.68,,,7997.68,138,0,0,138,,83534.55,,
2026-10-01T09:09:57+08:00,btc-updown-5m-1790816700,https://polymarket.com/zh/event/btc-updown-5m-1790816700,09:05-09:10,,0.10,99.90,,,21845.56,21845.56,,,,,,3082.68,,,3097.68,121,0,0,121,,83534.55,,
2026-10-01T09:09:59+08:00,btc-updown-5m-1790816700,https://polymarket.com/zh/event/btc-updown-5m-1790816700,09:05-09:10,,0.10,99.90,,,21815.54,21815.54,,,,,,3082.68,,,3082.68,99,0,0,99,,83534.55,,
2026-10-01T09:10:02+08:00,btc-updown-5m-1790817000,https://polymarket.com/zh/event/btc-updown-5m-1790817000,09:10-09:15,43.00,58.00,42.00,57.00,351.38,8.27,106.66,1221.38,42.50,57.50,1.00,1.00,24150.86,30041.20,30166.20,24165.86,42,57,57,42,83536.38,83536.38,,
2026-10-01T09:10:04+08:00,btc-updown-5m-1790817000,https://polymarket.com/zh/event/btc-updown-5m-1790817000,09:10-09:15,41.00,60.00,40.00,59.00,452.49,184.00,144.00,412.49,40.50,59.50,1.00,1.00,25997.88,31368.22,31338.22,25992.88,40,59,59,40,83536.38,83536.38,,
2026-10-01T09:10:06+08:00,btc-updown-5m-1790817000,https://polymarket.com/zh/event/btc-updown-5m-1790817000,09:10-09:15,40.00,61.00,39.00,60.00,852.16,49.00,49.00,847.16,39.50,60.50,1.00,1.00,26320.88,31461.22,31456.22,26310.88,39,60,60,39,83536.38,83536.38,,
2026-10-01T09:10:08+08:00,btc-updown-5m-1790817000,https://polymarket.com/zh/event/btc-updown-5m-1790817000,09:10-09:15,40.00,61.00,39.00,60.00,152.00,392.56,632.56,152.00,39.50,60.50,1.00,1.00,26330.88,29566.22,29556.22,26320.88,39,60,60,39,83536.38,83536.38,,
2026-10-01T09:10:10+08:00,btc-updown-5m-1790817000,https://polymarket.com/zh/event/btc-updown-5m-1790817000,09:10-09:15,40.00,61.00,39.00,60.00,125.00,1329.06,1329.06,105.00,39.50,60.50,1.00,1.00,24340.88,29486.22,29581.22,24335.88,39,60,60,39,83536.38,83536.39,,
2026-10-01T09:10:12+08:00,btc-updown-5m-1790817000,https://polymarket.com/zh/event/btc-updown-5m-1790817000,09:10-09:15,36.00,65.00,35.00,64.00,1013.94,68.64,75.00,1008.94,35.50,64.50,1.00,1.00,24253.54,29252.88,29342.88,24248.54,35,64,64,35,83536.38,83536.39,,
2026-10-01T09:10:14+08:00,btc-updown-5m-1790817000,https://polymarket.com/zh/event/btc-updown-5m-1790817000,09:10-09:15,36.00,65.00,35.00,64.00,1812.79,32.10,32.10,1802.79,35.50,64.50,1.00,1.00,26392.52,29271.88,29261.88,26382.52,35,64,64,35,83536.38,83532.30,,
2026-10-01T09:10:17+08:00,btc-updown-5m-1790817000,https://polymarket.com/zh/event/btc-updown-5m-1790817000,09:10-09:15,34.00,67.00,33.00,66.00,155.29,1452.48,1452.48,115.00,33.50,66.50,1.00,1.00,24550.51,30023.87,30018.87,24555.51,33,66,66,33,83536.38,83525.61,,
2026-10-01T09:10:19+08:00,btc-updown-5m-1790817000,https://polymarket.com/zh/event/btc-updown-5m-1790817000,09:10-09:15,34.00,70.00,33.00,69.00,1079.08,1528.00,171.75,32.64,33.50,69.50,1.00,1.00,23724.51,29208.87,29393.87,23416.51,33,66,68,29,83536.38,83525.60,,
2026-10-01T09:10:21+08:00,btc-updown-5m-1790817000,https://polymarket.com/zh/event/btc-updown-5m-1790817000,09:10-09:15,35.00,66.00,34.00,65.00,90.14,939.86,924.86,71.14,34.50,65.50,1.00,1.00,22575.51,28093.87,27998.87,22575.51,34,65,65,34,83536.38,83525.60,,
2026-10-01T09:10:23+08:00,btc-updown-5m-1790817000,https://polymarket.com/zh/event/btc-updown-5m-1790817000,09:10-09:15,36.00,65.00,35.00,64.00,161.00,887.31,454.19,271.00,35.50,64.50,1.00,1.00,22600.51,28108.87,27998.87,22635.51,35,64,64,35,83536.38,83525.60,,
2026-10-01T09:10:25+08:00,btc-updown-5m-1790817000,https://polymarket.com/zh/event/btc-updown-5m-1790817000,09:10-09:15,37.00,64.00,36.00,63.00,625.27,245.20,245.20,625.27,36.50,63.50,1.00,1.00,22340.51,27763.87,27513.87,22090.51,36,63,63,36,83536.38,83525.61,,
2026-10-01T09:10:27+08:00,btc-updown-5m-1790817000,https://polymarket.com/zh/event/btc-updown-5m-1790817000,09:10-09:15,36.00,65.00,35.00,64.00,369.32,120.69,100.69,973.35,35.50,64.50,1.00,1.00,21850.51,27278.87,27038.87,21605.51,35,64,64,35,83536.38,83525.60,,
2026-10-01T09:10:29+08:00,btc-updown-5m-1790817000,https://polymarket.com/zh/event/btc-updown-5m-1790817000,09:10-09:15,31.00,70.00,30.00,69.00,145.33,2821.92,1811.92,208.20,30.50,69.50,1.00,1.00,21410.51,26803.87,26903.87,21400.51,30,69,69,30,83536.38,83525.60,,
2026-10-01T09:10:31+08:00,btc-updown-5m-1790817000,https://polymarket.com/zh/event/btc-updown-5m-1790817000,09:10-09:15,31.00,70.00,30.00,69.00,264.94,3108.99,3135.23,141.00,30.50,69.50,1.00,1.00,20735.51,26183.87,26178.87,20730.51,30,69,69,30,83536.38,83525.61,,
2026-10-01T09:10:33+08:00,btc-updown-5m-1790817000,https://polymarket.com/zh/event/btc-updown-5m-1790817000,09:10-09:15,31.00,70.00,30.00,69.00,69.00,2933.99,2138.99,59.32,30.50,69.50,1.00,1.00,20025.51,25358.87,25353.87,20010.51,30,69,69,30,83536.38,83525.60,,
2026-10-01T09:10:35+08:00,btc-updown-5m-1790817000,https://polymarket.com/zh/event/btc-updown-5m-1790817000,09:10-09:15,32.00,69.00,31.00,68.00,446.43,287.15,347.15,476.43,31.50,68.50,1.00,1.00,19785.51,25123.87,25113.87,19780.51,31,68,68,31,83536.38,83525.60,,
2026-10-01T09:10:37+08:00,btc-updown-5m-1790817000,https://polymarket.com/zh/event/btc-updown-5m-1790817000,09:10-09:15,33.00,68.00,32.00,67.00,106.99,1659.93,884.93,176.99,32.50,67.50,1.00,1.00,19780.51,25123.87,25118.87,19765.51,32,67,67,32,83536.38,83525.60,,
2026-10-01T09:10:39+08:00,btc-updown-5m-1790817000,https://polymarket.com/zh/event/btc-updown-5m-1790817000,09:10-09:15,33.00,68.00,32.00,67.00,438.00,682.09,682.09,483.00,32.50,67.50,1.00,1.00,19780.51,25118.87,25213.87,19770.51,32,67,67,32,83536.38,83525.60,,
2026-10-01T09:10:41+08:00,btc-updown-5m-1790817000,https://polymarket.com/zh/event/btc-updown-5m-1790817000,09:10-09:15,31.00,70.00,30.00,69.00,1224.38,175.00,60.00,531.86,30.50,69.50,1.00,1.00,19611.51,25128.87,25213.87,19606.51,30,69,69,30,83536.38,83525.61,,
2026-10-01T09:10:43+08:00,btc-updown-5m-1790817000,https://polymarket.com/zh/event/btc-updown-5m-1790817000,09:10-09:15,32.00,69.00,31.00,68.00,294.24,2188.45,2247.84,359.24,31.50,68.50,1.00,1.00,19064.51,25228.87,25213.87,19069.51,31,68,68,31,83536.38,83525.41,,
2026-10-01T09:10:45+08:00,btc-updown-5m-1790817000,https://polymarket.com/zh/event/btc-updown-5m-1790817000,09:10-09:15,33.00,69.00,32.00,68.00,956.81,1343.52,63.98,30.00,32.50,68.50,1.00,1.00,19114.51,25233.87,25118.87,19104.51,32,67,68,31,83536.38,83525.31,,
2026-10-01T09:10:47+08:00,btc-updown-5m-1790817000,https://polymarket.com/zh/event/btc-updown-5m-1790817000,09:10-09:15,31.00,70.00,30.00,69.00,286.20,1310.55,1265.55,276.20,30.50,69.50,1.00,1.00,19079.51,25228.87,25213.87,19069.51,30,69,69,30,83536.38,83525.31,,
2026-10-01T09:10:49+08:00,btc-updown-5m-1790817000,https://polymarket.com/zh/event/btc-updown-5m-1790817000,09:10-09:15,31.00,70.00,30.00,69.00,320.20,1266.86,1267.94,324.20,30.50,69.50,1.00,1.00,19079.51,25218.87,25313.87,19069.51,30,69,69,30,83536.38,83525.31,,
2026-10-01T09:10:51+08:00,btc-updown-5m-1790817000,https://polymarket.com/zh/event/btc-updown-5m-1790817000,09:10-09:15,31.00,70.00,30.00,69.00,356.07,1868.69,1856.53,366.07,30.50,69.50,1.00,1.00,19089.51,25113.87,25213.87,19084.51,30,69,69,30,83536.38,83525.31,,
2026-10-01T09:10:53+08:00,btc-updown-5m-1790817000,https://polymarket.com/zh/event/btc-updown-5m-1790817000,09:10-09:15,31.00,70.00,30.00,69.00,230.07,1588.81,1588.81,230.07,30.50,69.50,1.00,1.00,18854.51,24973.87,24988.87,18864.51,30,69,69,30,83536.38,83525.30,,
2026-10-01T09:10:55+08:00,btc-updown-5m-1790817000,https://polymarket.com/zh/event/btc-updown-5m-1790817000,09:10-09:15,31.00,70.00,30.00,69.00,157.00,1578.83,1578.83,163.00,30.50,69.50,1.00,1.00,18859.51,24973.87,24978.87,18854.51,30,69,69,30,83536.38,83525.30,,
2026-10-01T09:10:57+08:00,btc-updown-5m-1790817000,https://polymarket.com/zh/event/btc-updown-5m-1790817000,09:10-09:15,31.00,70.00,30.00,69.00,137.31,576.31,598.03,184.00,30.50,69.50,1.00,1.00,18624.51,24743.87,24633.87,18609.51,30,69,69,30,83536.38,83525.30,,
2026-10-01T09:10:59+08:00,btc-updown-5m-1790817000,https://polymarket.com/zh/event/btc-updown-5m-1790817000,09:10-09:15,31.00,68.00,30.00,67.00,11.00,918.50,1565.92,10.00,30.50,67.50,1.00,1.00,18354.51,24493.87,24433.87,18334.51,30,69,67,32,83536.38,83525.30,,
2026-10-01T09:11:01+08:00,btc-updown-5m-1790817000,https://polymarket.com/zh/event/btc-updown-5m-1790817000,09:10-09:15,26.00,75.00,25.00,74.00,15.00,1497.94,1487.94,29.00,25.50,74.50,1.00,1.00,18839.51,22038.87,22233.87,18651.51,25,74,74,25,83536.38,83522.54,,
2026-10-01T09:11:03+08:00,btc-updown-5m-1790817000,https://polymarket.com/zh/event/btc-updown-5m-1790817000,09:10-09:15,27.00,74.00,26.00,73.00,227.69,2836.82,2845.82,222.69,26.50,73.50,1.00,1.00,18849.51,22133.87,22048.87,18849.51,26,73,73,26,83536.38,83520.83,,
2026-10-01T09:11:05+08:00,btc-updown-5m-1790817000,https://polymarket.com/zh/event/btc-updown-5m-1790817000,09:10-09:15,27.00,74.00,26.00,73.00,267.00,2133.09,2358.09,277.00,26.50,73.50,1.00,1.00,18829.51,22148.87,22133.87,18829.51,26,73,73,26,83536.38,83520.83,,
2026-10-01T09:11:07+08:00,btc-updown-5m-1790817000,https://polymarket.com/zh/event/btc-updown-5m-1790817000,09:10-09:15,25.00,76.00,24.00,75.00,298.00,2059.88,2059.88,80.00,24.50,75.50,1.00,1.00,18814.51,21283.87,21288.87,18814.51,24,75,75,24,83536.38,83520.83,,
2026-10-01T09:11:10+08:00,btc-updown-5m-1790817000,https://polymarket.com/zh/event/btc-updown-5m-1790817000,09:10-09:15,26.00,75.00,25.00,74.00,10.00,1144.00,1064.00,14.00,25.50,74.50,1.00,1.00,18789.51,21193.87,21183.87,18789.51,25,74,74,25,83536.38,83520.83,,
2026-10-01T09:11:12+08:00,btc-updown-5m-1790817000,https://polymarket.com/zh/event/btc-updown-5m-1790817000,09:10-09:15,27.00,74.00,26.00,73.00,515.78,424.80,215.30,582.42,26.50,73.50,1.00,1.00,18779.51,21183.87,21288.87,18779.51,26,73,73,26,83536.38,83520.83,,
2026-10-01T09:11:14+08:00,btc-updown-5m-1790817000,https://polymarket.com/zh/event/btc-updown-5m-1790817000,09:10-09:15,17.00,84.00,16.00,83.00,368.00,1556.00,1497.06,308.00,16.50,83.50,1.00,1.00,18778.51,20578.87,20558.87,18788.51,16,83,83,16,83536.38,83507.70,,
2026-10-01T09:11:16+08:00,btc-updown-5m-1790817000,https://polymarket.com/zh/event/btc-updown-5m-1790817000,09:10-09:15,17.00,84.00,16.00,83.00,133.00,128.80,2320.09,683.05,16.50,83.50,1.00,1.00,18793.51,20668.87,20658.87,18823.51,16,83,83,16,83536.38,83506.62,,
2026-10-01T09:11:18+08:00,btc-updown-5m-1790817000,https://polymarket.com/zh/event/btc-updown-5m-1790817000,09:10-09:15,17.00,84.00,16.00,83.00,1008.10,668.00,110.00,1006.61,16.50,83.50,1.00,1.00,18647.51,20558.87,20463.87,18617.51,16,83,83,16,83536.38,83506.62,,
2026-10-01T09:11:20+08:00,btc-updown-5m-1790817000,https://polymarket.com/zh/event/btc-updown-5m-1790817000,09:10-09:15,16.00,85.00,15.00,84.00,478.20,1806.88,1984.88,651.20,15.50,84.50,1.00,1.00,18520.51,20458.87,20468.87,18520.51,15,84,84,15,83536.38,83506.61,,
2026-10-01T09:11:22+08:00,btc-updown-5m-1790817000,https://polymarket.com/zh/event/btc-updown-5m-1790817000,09:10-09:15,16.00,85.00,15.00,84.00,163.00,1904.33,1855.51,156.75,15.50,84.50,1.00,1.00,18415.51,20573.87,20558.87,18420.51,15,84,84,15,83536.38,83506.61,,
2026-10-01T09:11:24+08:00,btc-updown-5m-1790817000,https://polymarket.com/zh/event/btc-updown-5m-1790817000,09:10-09:15,16.00,85.00,15.00,84.00,46.75,2057.69,2077.69,46.75,15.50,84.50,1.00,1.00,18490.51,20468.87,20458.87,18520.51,15,84,84,15,83536.38,83506.61,,
2026-10-01T09:11:26+08:00,btc-updown-5m-1790817000,https://polymarket.com/zh/event/btc-updown-5m-1790817000,09:10-09:15,16.00,85.00,15.00,84.00,79.25,1420.56,1490.74,119.25,15.50,84.50,1.00,1.00,18445.51,20563.87,20578.87,18470.51,15,84,84,15,83536.38,83506.61,,
2026-10-01T09:11:28+08:00,btc-updown-5m-1790817000,https://polymarket.com/zh/event/btc-updown-5m-1790817000,09:10-09:15,16.00,85.00,15.00,84.00,50.75,1984.38,1994.38,50.75,15.50,84.50,1.00,1.00,18455.51,20458.87,20558.87,18455.51,15,84,84,15,83536.38,83506.62,,
2026-10-01T09:11:30+08:00,btc-updown-5m-1790817000,https://polymarket.com/zh/event/btc-updown-5m-1790817000,09:10-09:15,16.00,85.00,15.00,84.00,538.24,547.61,717.61,665.82,15.50,84.50,1.00,1.00,18425.51,20558.87,20558.87,18420.51,15,84,84,15,83536.38,83506.62,,
2026-10-01T09:11:32+08:00,btc-updown-5m-1790817000,https://polymarket.com/zh/event/btc-updown-5m-1790817000,09:10-09:15,15.00,86.00,14.00,85.00,562.00,447.00,447.00,562.00,14.50,85.50,1.00,1.00,18610.51,20558.87,20463.87,18610.51,14,85,85,14,83536.38,83506.61,,
2026-10-01T09:11:34+08:00,btc-updown-5m-1790817000,https://polymarket.com/zh/event/btc-updown-5m-1790817000,09:10-09:15,15.00,86.00,14.00,85.00,113.00,1129.63,1189.63,154.51,14.50,85.50,1.00,1.00,18635.51,20458.87,20458.87,18590.51,14,85,85,14,83536.38,83506.62,,
2026-10-01T09:11:36+08:00,btc-updown-5m-1790817000,https://polymarket.com/zh/event/btc-updown-5m-1790817000,09:10-09:15,15.00,86.00,14.00,85.00,672.85,5.00,140.32,1381.00,14.50,85.50,1.00,1.00,18670.51,20473.87,20458.87,18822.03,14,85,85,14,83536.38,83506.62,,
2026-10-01T09:11:38+08:00,btc-updown-5m-1790817000,https://polymarket.com/zh/event/btc-updown-5m-1790817000,09:10-09:15,11.00,90.00,10.00,89.00,694.61,537.99,541.25,737.30,10.50,89.50,1.00,1.00,18509.72,20453.87,20458.87,18489.72,10,89,89,10,83536.38,83502.61,,
2026-10-01T09:11:40+08:00,btc-updown-5m-1790817000,https://polymarket.com/zh/event/btc-updown-5m-1790817000,09:10-09:15,11.00,90.00,10.00,89.00,388.00,1039.70,1039.70,388.00,10.50,89.50,1.00,1.00,18549.72,20553.87,20453.87,18514.72,10,89,89,10,83536.38,83502.61,,
2026-10-01T09:11:42+08:00,btc-updown-5m-1790817000,https://polymarket.com/zh/event/btc-updown-5m-1790817000,09:10-09:15,10.00,91.00,9.00,90.00,280.07,1162.70,1713.35,230.07,9.50,90.50,1.00,1.00,18404.72,20553.87,20453.87,18399.72,9,90,90,9,83536.38,83502.61,,
2026-10-01T09:11:44+08:00,btc-updown-5m-1790817000,https://polymarket.com/zh/event/btc-updown-5m-1790817000,09:10-09:15,9.00,92.00,8.00,91.00,696.19,1183.97,460.70,405.23,8.50,91.50,1.00,1.00,18833.02,20448.87,20453.87,18877.72,8,91,91,8,83536.38,83494.18,,
2026-10-01T09:11:46+08:00,btc-updown-5m-1790817000,https://polymarket.com/zh/event/btc-updown-5m-1790817000,09:10-09:15,12.00,89.00,11.00,88.00,353.34,609.66,589.66,305.32,11.50,88.50,1.00,1.00,18296.50,20548.87,20463.87,18321.50,11,88,88,11,83536.38,83501.24,,
2026-10-01T09:11:48+08:00,btc-updown-5m-1790817000,https://polymarket.com/zh/event/btc-updown-5m-1790817000,09:10-09:15,14.00,82.00,13.00,79.00,5.00,181.00,100.00,55.42,13.50,80.50,1.00,3.00,18476.50,20658.87,20568.87,18366.50,13,85,79,17,83536.38,83501.24,,
2026-10-01T09:11:50+08:00,btc-updown-5m-1790817000,https://polymarket.com/zh/event/btc-updown-5m-1790817000,09:10-09:15,24.00,77.00,23.00,76.00,418.22,5.00,130.63,740.11,23.50,76.50,1.00,1.00,17151.84,20563.87,20653.87,17211.84,23,76,76,23,83536.38,83518.61,,
2026-10-01T09:11:52+08:00,btc-updown-5m-1790817000,https://polymarket.com/zh/event/btc-updown-5m-1790817000,09:10-09:15,24.00,77.00,23.00,76.00,723.27,45.20,45.20,806.00,23.50,76.50,1.00,1.00,18091.50,20837.87,20842.87,18091.50,23,76,76,23,83536.38,83518.60,,
2026-10-01T09:11:54+08:00,btc-updown-5m-1790817000,https://polymarket.com/zh/event/btc-updown-5m-1790817000,09:10-09:15,25.00,76.00,24.00,75.00,877.82,7.56,7.56,1781.82,24.50,75.50,1.00,1.00,17929.50,21057.87,21057.87,17919.50,24,75,75,24,83536.38,83522.12,,
2026-10-01T09:11:56+08:00,btc-updown-5m-1790817000,https://polymarket.com/zh/event/btc-updown-5m-1790817000,09:10-09:15,23.00,78.00,22.00,77.00,884.40,399.11,101.11,686.40,22.50,77.50,1.00,1.00,17959.50,20957.87,21057.87,17893.50,22,77,77,22,83536.38,83522.13,,
2026-10-01T09:11:58+08:00,btc-updown-5m-1790817000,https://polymarket.com/zh/event/btc-updown-5m-1790817000,09:10-09:15,22.00,79.00,21.00,78.00,1079.99,76.00,76.00,1057.26,21.50,78.50,1.00,1.00,18339.50,20930.87,20835.87,18324.50,21,78,78,21,83536.38,83522.13,,
2026-10-01T09:12:00+08:00,btc-updown-5m-1790817000,https://polymarket.com/zh/event/btc-updown-5m-1790817000,09:10-09:15,20.00,81.00,19.00,80.00,578.97,233.14,273.14,665.77,19.50,80.50,1.00,1.00,18311.50,20845.87,20826.87,18326.50,19,80,80,19,83536.38,83522.12,,
2026-10-01T09:12:02+08:00,btc-updown-5m-1790817000,https://polymarket.com/zh/event/btc-updown-5m-1790817000,09:10-09:15,19.00,82.00,18.00,81.00,589.89,402.12,403.34,594.89,18.50,81.50,1.00,1.00,17789.50,20918.87,20933.87,17789.50,18,81,81,18,83536.38,83522.12,,
2026-10-01T09:12:04+08:00,btc-updown-5m-1790817000,https://polymarket.com/zh/event/btc-updown-5m-1790817000,09:10-09:15,17.00,85.00,16.00,84.00,188.51,157.88,10.00,701.48,16.50,84.50,1.00,1.00,17911.60,20826.87,20826.87,18036.76,16,83,84,15,83536.38,83520.45,,
2026-10-01T09:12:06+08:00,btc-updown-5m-1790817000,https://polymarket.com/zh/event/btc-updown-5m-1790817000,09:10-09:15,23.00,78.00,22.00,77.00,1002.66,82.00,82.00,917.33,22.50,77.50,1.00,1.00,17709.50,20491.87,20706.87,17714.50,22,77,77,22,83536.38,83515.36,,
2026-10-01T09:12:08+08:00,btc-updown-5m-1790817000,https://polymarket.com/zh/event/btc-updown-5m-1790817000,09:10-09:15,23.00,78.00,22.00,77.00,262.00,1248.47,1238.47,262.00,22.50,77.50,1.00,1.00,17744.50,20989.87,20989.87,17744.50,22,77,77,22,83536.38,83522.12,,
2026-10-01T09:12:10+08:00,btc-updown-5m-1790817000,https://polymarket.com/zh/event/btc-updown-5m-1790817000,09:10-09:15,23.00,78.00,22.00,77.00,1829.93,30.00,20.00,1824.93,22.50,77.50,1.00,1.00,17774.50,20998.62,21003.62,17714.50,22,77,77,22,83536.38,83522.12,,
2026-10-01T09:12:12+08:00,btc-updown-5m-1790817000,https://polymarket.com/zh/event/btc-updown-5m-1790817000,09:10-09:15,21.00,80.00,20.00,79.00,949.64,50.00,10.00,949.64,20.50,79.50,1.00,1.00,17744.50,21054.62,21064.62,17754.50,20,79,79,20,83536.38,83522.12,,
2026-10-01T09:12:14+08:00,btc-updown-5m-1790817000,https://polymarket.com/zh/event/btc-updown-5m-1790817000,09:10-09:15,21.00,80.00,20.00,79.00,675.01,37.63,63.75,923.01,20.50,79.50,1.00,1.00,17774.50,20959.62,21059.62,17774.50,20,79,79,20,83536.38,83522.12,,
2026-10-01T09:12:16+08:00,btc-updown-5m-1790817000,https://polymarket.com/zh/event/btc-updown-5m-1790817000,09:10-09:15,21.00,80.00,20.00,79.00,610.01,292.66,330.16,620.01,20.50,79.50,1.00,1.00,17759.50,21059.62,21054.62,17759.50,20,79,79,20,83536.38,83519.95,,
2026-10-01T09:12:18+08:00,btc-updown-5m-1790817000,https://polymarket.com/zh/event/btc-updown-5m-1790817000,09:10-09:15,21.00,80.00,20.00,79.00,390.97,375.50,385.50,470.43,20.50,79.50,1.00,1.00,17749.50,20937.62,20927.62,17759.50,20,79,79,20,83536.38,83521.06,,
2026-10-01T09:12:20+08:00,btc-updown-5m-1790817000,https://polymarket.com/zh/event/btc-updown-5m-1790817000,09:10-09:15,21.00,80.00,20.00,79.00,321.99,420.43,420.43,321.99,20.50,79.50,1.00,1.00,17759.50,20827.62,20837.62,17749.50,20,79,79,20,83536.38,83521.06,,
2026-10-01T09:12:22+08:00,btc-updown-5m-1790817000,https://polymarket.com/zh/event/btc-updown-5m-1790817000,09:10-09:15,21.00,80.00,20.00,79.00,588.65,424.11,224.11,359.85,20.50,79.50,1.00,1.00,17769.50,20927.62,20832.62,17749.50,20,79,79,20,83536.38,83521.05,,
2026-10-01T09:12:24+08:00,btc-updown-5m-1790817000,https://polymarket.com/zh/event/btc-updown-5m-1790817000,09:10-09:15,20.00,81.00,19.00,80.00,590.44,293.00,303.00,806.14,19.50,80.50,1.00,1.00,17892.16,20927.62,20932.62,17882.16,19,80,80,19,83536.38,83521.05,,
2026-10-01T09:12:26+08:00,btc-updown-5m-1790817000,https://polymarket.com/zh/event/btc-updown-5m-1790817000,09:10-09:15,20.00,81.00,19.00,80.00,423.74,513.00,503.00,423.74,19.50,80.50,1.00,1.00,17872.16,20702.62,20607.62,17872.16,19,80,80,19,83536.38,83521.05,,
2026-10-01T09:12:28+08:00,btc-updown-5m-1790817000,https://polymarket.com/zh/event/btc-updown-5m-1790817000,09:10-09:15,20.00,81.00,19.00,80.00,610.82,353.00,355.10,640.26,19.50,80.50,1.00,1.00,17787.00,20827.62,20942.62,17782.00,19,80,80,19,83536.38,83522.02,,
2026-10-01T09:12:30+08:00,btc-updown-5m-1790817000,https://polymarket.com/zh/event/btc-updown-5m-1790817000,09:10-09:15,19.00,82.00,18.00,81.00,321.20,1153.61,1087.53,321.20,18.50,81.50,1.00,1.00,17897.16,20602.62,20712.62,17907.16,18,81,81,18,83536.38,83522.74,,
2026-10-01T09:12:32+08:00,btc-updown-5m-1790817000,https://polymarket.com/zh/event/btc-updown-5m-1790817000,09:10-09:15,19.00,82.00,18.00,81.00,301.20,1054.33,1135.81,159.20,18.50,81.50,1.00,1.00,17792.00,20602.62,20602.62,17792.00,18,81,81,18,83536.38,83524.00,,
2026-10-01T09:12:34+08:00,btc-updown-5m-1790817000,https://polymarket.com/zh/event/btc-updown-5m-1790817000,09:10-09:15,19.00,82.00,18.00,81.00,41.20,1283.23,1278.23,41.20,18.50,81.50,1.00,1.00,17887.16,20617.62,20707.62,17887.16,18,81,81,18,83536.38,83524.00,,
2026-10-01T09:12:36+08:00,btc-updown-5m-1790817000,https://polymarket.com/zh/event/btc-updown-5m-1790817000,09:10-09:15,35.00,67.00,34.00,66.00,945.86,200.00,218.00,680.52,34.50,66.50,1.00,1.00,17306.00,20767.62,20662.62,17341.00,34,65,66,33,83536.38,83534.55,,
2026-10-01T09:12:38+08:00,btc-updown-5m-1790817000,https://polymarket.com/zh/event/btc-updown-5m-1790817000,09:10-09:15,31.00,70.00,30.00,69.00,289.00,924.51,847.58,339.00,30.50,69.50,1.00,1.00,17066.00,21732.62,21627.62,17061.00,30,69,69,30,83536.38,83534.55,,
2026-10-01T09:12:41+08:00,btc-updown-5m-1790817000,https://polymarket.com/zh/event/btc-updown-5m-1790817000,09:10-09:15,30.00,71.00,29.00,70.00,753.16,338.00,348.00,794.52,29.50,70.50,1.00,1.00,17071.00,21625.80,21615.80,17071.00,29,70,70,29,83536.38,83535.99,,
2026-10-01T09:12:43+08:00,btc-updown-5m-1790817000,https://polymarket.com/zh/event/btc-updown-5m-1790817000,09:10-09:15,30.00,71.00,29.00,70.00,240.29,1614.06,1654.06,288.29,29.50,70.50,1.00,1.00,16494.00,21820.80,21730.80,16494.00,29,70,70,29,83536.38,83535.99,,
2026-10-01T09:12:45+08:00,btc-updown-5m-1790817000,https://polymarket.com/zh/event/btc-updown-5m-1790817000,09:10-09:15,29.00,72.00,28.00,71.00,419.00,727.97,727.97,419.00,28.50,71.50,1.00,1.00,17061.00,21615.80,21620.80,17086.00,28,71,71,28,83536.38,83536.00,,
2026-10-01T09:12:47+08:00,btc-updown-5m-1790817000,https://polymarket.com/zh/event/btc-updown-5m-1790817000,09:10-09:15,29.00,72.00,28.00,71.00,473.00,485.05,470.05,493.00,28.50,71.50,1.00,1.00,16589.00,21725.80,21615.80,16584.00,28,71,71,28,83536.38,83535.99,,
2026-10-01T09:12:49+08:00,btc-updown-5m-1790817000,https://polymarket.com/zh/event/btc-updown-5m-1790817000,09:10-09:15,23.00,78.00,22.00,77.00,40.00,674.92,389.53,390.00,22.50,77.50,1.00,1.00,17462.00,21630.80,21715.80,17447.00,22,77,77,22,83536.38,83536.00,,
2026-10-01T09:12:51+08:00,btc-updown-5m-1790817000,https://polymarket.com/zh/event/btc-updown-5m-1790817000,09:10-09:15,24.00,77.00,23.00,76.00,85.20,1355.49,1360.49,252.20,23.50,76.50,1.00,1.00,16717.00,21715.80,21715.80,16717.00,23,76,76,23,83536.38,83536.00,,
2026-10-01T09:12:53+08:00,btc-updown-5m-1790817000,https://polymarket.com/zh/event/btc-updown-5m-1790817000,09:10-09:15,24.00,77.00,23.00,76.00,403.86,940.80,1458.80,216.86,23.50,76.50,1.00,1.00,16747.00,21620.80,21715.80,16742.00,23,76,76,23,83536.38,83535.99,,
2026-10-01T09:12:55+08:00,btc-updown-5m-1790817000,https://polymarket.com/zh/event/btc-updown-5m-1790817000,09:10-09:15,25.00,76.00,24.00,75.00,387.00,941.15,941.15,402.00,24.50,75.50,1.00,1.00,16742.00,21720.80,21830.80,16737.00,24,75,75,24,83536.38,83535.99,,
2026-10-01T09:12:57+08:00,btc-updown-5m-1790817000,https://polymarket.com/zh/event/btc-updown-5m-1790817000,09:10-09:15,25.00,76.00,24.00,75.00,120.00,2164.63,1149.63,5.00,24.50,75.50,1.00,1.00,16697.00,21700.80,21700.80,16687.00,24,75,75,24,83536.38,83535.99,,
2026-10-01T09:12:59+08:00,btc-updown-5m-1790817000,https://polymarket.com/zh/event/btc-updown-5m-1790817000,09:10-09:15,27.00,74.00,26.00,73.00,342.99,1074.77,1034.77,374.99,26.50,73.50,1.00,1.00,17306.00,21710.80,21710.80,17301.00,26,73,73,26,83536.38,83535.99,,
2026-10-01T09:13:01+08:00,btc-updown-5m-1790817000,https://polymarket.com/zh/event/btc-updown-5m-1790817000,09:10-09:15,34.00,67.00,33.00,66.00,37.00,646.79,413.12,37.00,33.50,66.50,1.00,1.00,17241.83,21630.06,21685.06,17254.83,33,66,66,33,83536.38,83536.00,,
2026-10-01T09:13:03+08:00,btc-updown-5m-1790817000,https://polymarket.com/zh/event/btc-updown-5m-1790817000,09:10-09:15,39.00,62.00,38.00,61.00,100.45,1175.28,937.16,124.00,38.50,61.50,1.00,1.00,16718.57,25093.36,23456.72,16693.57,38,61,61,38,83536.38,83537.30,,
2026-10-01T09:13:05+08:00,btc-updown-5m-1790817000,https://polymarket.com/zh/event/btc-updown-5m-1790817000,09:10-09:15,45.00,56.00,44.00,55.00,1034.71,90.08,116.14,820.77,44.50,55.50,1.00,1.00,17784.92,21855.06,21880.06,17789.92,44,55,55,44,83536.38,83537.30,,
2026-10-01T09:13:07+08:00,btc-updown-5m-1790817000,https://polymarket.com/zh/event/btc-updown-5m-1790817000,09:10-09:15,49.00,55.00,48.00,54.00,1576.84,134.45,243.42,168.74,48.50,54.50,1.00,1.00,18294.92,22555.06,22260.06,18284.92,48,51,54,45,83536.38,83537.30,,
2026-10-01T09:13:09+08:00,btc-updown-5m-1790817000,https://polymarket.com/zh/event/btc-updown-5m-1790817000,09:10-09:15,57.00,43.00,56.00,42.00,41.91,233.51,100.33,52.78,56.50,42.50,1.00,1.00,17569.92,21711.42,21734.89,17579.92,56,43,42,57,83536.38,83537.31,,
2026-10-01T09:13:11+08:00,btc-updown-5m-1790817000,https://polymarket.com/zh/event/btc-updown-5m-1790817000,09:10-09:15,70.00,31.00,69.00,30.00,82.91,196.24,123.17,57.90,69.50,30.50,1.00,1.00,17066.58,13789.44,13899.13,17056.58,69,30,30,69,83536.38,83545.74,,
2026-10-01T09:13:13+08:00,btc-updown-5m-1790817000,https://polymarket.com/zh/event/btc-updown-5m-1790817000,09:10-09:15,77.00,23.00,76.00,22.00,25.31,326.97,94.00,58.06,76.50,22.50,1.00,1.00,16272.25,17343.75,16841.75,16387.25,76,23,22,77,83536.38,83545.76,,
2026-10-01T09:13:16+08:00,btc-updown-5m-1790817000,https://polymarket.com/zh/event/btc-updown-5m-1790817000,09:10-09:15,84.00,16.00,83.00,15.00,114.47,50.00,149.00,180.42,83.50,15.50,1.00,1.00,15113.59,16868.42,16895.16,15103.59,83,16,15,84,83536.38,83545.75,,
2026-10-01T09:13:18+08:00,btc-updown-5m-1790817000,https://polymarket.com/zh/event/btc-updown-5m-1790817000,09:10-09:15,81.00,20.00,79.00,19.00,80.88,431.02,303.32,10.00,80.00,19.50,2.00,1.00,15393.59,17406.10,17421.10,15498.59,79,18,18,80,83536.38,83545.76,,
2026-10-01T09:13:20+08:00,btc-updown-5m-1790817000,https://polymarket.com/zh/event/btc-updown-5m-1790817000,09:10-09:15,85.00,15.00,84.00,14.00,55.56,15.00,360.43,99.19,84.50,14.50,1.00,1.00,15713.59,16931.62,16930.43,16113.59,84,15,14,85,83536.38,83545.75,,
2026-10-01T09:13:22+08:00,btc-updown-5m-1790817000,https://polymarket.com/zh/event/btc-updown-5m-1790817000,09:10-09:15,81.00,19.00,80.00,18.00,35.33,320.94,355.20,36.34,80.50,18.50,1.00,1.00,15618.59,17345.01,16863.01,15608.59,80,19,18,81,83536.38,83545.75,,
2026-10-01T09:13:24+08:00,btc-updown-5m-1790817000,https://polymarket.com/zh/event/btc-updown-5m-1790817000,09:10-09:15,86.00,15.00,85.00,14.00,122.00,739.03,759.03,90.00,85.50,14.50,1.00,1.00,15923.59,16953.01,16968.01,15938.59,85,14,14,85,83536.38,83545.76,,
2026-10-01T09:13:26+08:00,btc-updown-5m-1790817000,https://polymarket.com/zh/event/btc-updown-5m-1790817000,09:10-09:15,88.00,14.00,87.00,13.00,354.19,70.00,42.94,30.33,87.50,13.50,1.00,1.00,16393.59,17554.69,17564.69,16442.59,87,12,13,86,83536.38,83545.75,,
2026-10-01T09:13:29+08:00,btc-updown-5m-1790817000,https://polymarket.com/zh/event/btc-updown-5m-1790817000,09:10-09:15,87.00,14.00,86.00,13.00,266.95,142.79,154.55,261.95,86.50,13.50,1.00,1.00,16797.59,17529.69,17519.69,16697.59,86,13,13,86,83536.38,83545.75,,
2026-10-01T09:13:31+08:00,btc-updown-5m-1790817000,https://polymarket.com/zh/event/btc-updown-5m-1790817000,09:10-09:15,84.00,17.00,83.00,16.00,64.31,281.75,292.75,66.12,83.50,16.50,1.00,1.00,16695.09,17604.69,17594.69,16785.09,83,15,16,83,83536.38,83545.76,,
2026-10-01T09:13:33+08:00,btc-updown-5m-1790817000,https://polymarket.com/zh/event/btc-updown-5m-1790817000,09:10-09:15,72.00,28.00,71.00,27.00,256.17,35.33,910.15,143.73,71.50,27.50,1.00,1.00,17723.42,18140.69,18155.69,17633.42,71,28,27,72,83536.38,83544.90,,
2026-10-01T09:13:35+08:00,btc-updown-5m-1790817000,https://polymarket.com/zh/event/btc-updown-5m-1790817000,09:10-09:15,60.00,44.00,58.00,43.00,271.62,66.21,43.00,211.34,59.00,43.50,2.00,1.00,19857.64,25534.65,25473.65,19862.64,58,40,43,56,83536.38,83545.76,,
2026-10-01T09:13:37+08:00,btc-updown-5m-1790817000,https://polymarket.com/zh/event/btc-updown-5m-1790817000,09:10-09:15,50.00,52.00,49.00,51.00,93.99,105.54,105.68,296.33,49.50,51.50,1.00,1.00,20818.82,25794.71,25789.71,20813.82,49,50,51,48,83536.38,83545.75,,
2026-10-01T09:13:39+08:00,btc-updown-5m-1790817000,https://polymarket.com/zh/event/btc-updown-5m-1790817000,09:10-09:15,56.00,43.00,54.00,42.00,40.00,44.09,666.05,166.44,55.00,42.50,2.00,1.00,20634.82,25447.97,21559.99,17704.77,54,44,42,57,83536.38,83545.75,,
2026-10-01T09:13:41+08:00,btc-updown-5m-1790817000,https://polymarket.com/zh/event/btc-updown-5m-1790817000,09:10-09:15,57.00,44.00,56.00,43.00,74.38,308.03,308.03,74.38,56.50,43.50,1.00,1.00,17729.40,21770.82,21726.82,17824.40,56,43,43,56,83536.38,83546.55,,
2026-10-01T09:13:43+08:00,btc-updown-5m-1790817000,https://polymarket.com/zh/event/btc-updown-5m-1790817000,09:10-09:15,61.00,40.00,60.00,39.00,133.66,666.00,477.00,135.39,60.50,39.50,1.00,1.00,17637.87,21811.62,21846.62,17632.87,60,39,39,60,83536.38,83546.55,,
2026-10-01T09:13:45+08:00,btc-updown-5m-1790817000,https://polymarket.com/zh/event/btc-updown-5m-1790817000,09:10-09:15,62.00,38.00,61.00,37.00,91.56,316.78,480.36,45.34,61.50,37.50,1.00,1.00,17822.87,21989.44,21979.44,17315.87,61,38,37,62,83536.38,83546.55,,
2026-10-01T09:13:47+08:00,btc-updown-5m-1790817000,https://polymarket.com/zh/event/btc-updown-5m-1790817000,09:10-09:15,62.00,39.00,61.00,38.00,35.00,485.73,485.73,5.00,61.50,38.50,1.00,1.00,17355.87,21810.39,21894.39,17370.87,61,38,37,61,83536.38,83546.56,,
2026-10-01T09:13:49+08:00,btc-updown-5m-1790817000,https://polymarket.com/zh/event/btc-updown-5m-1790817000,09:10-09:15,67.00,34.00,66.00,33.00,90.17,204.27,401.20,69.66,66.50,33.50,1.00,1.00,17657.87,14709.20,14719.20,17772.87,66,33,33,66,83536.38,83546.55,,
2026-10-01T09:13:51+08:00,btc-updown-5m-1790817000,https://polymarket.com/zh/event/btc-updown-5m-1790817000,09:10-09:15,65.00,36.00,64.00,35.00,41.93,152.69,414.99,101.39,64.50,35.50,1.00,1.00,17642.83,14392.20,14397.20,17652.83,64,35,35,64,83536.38,83546.56,,
2026-10-01T09:13:53+08:00,btc-updown-5m-1790817000,https://polymarket.com/zh/event/btc-updown-5m-1790817000,09:10-09:15,63.00,38.00,62.00,37.00,50.00,326.61,343.10,50.00,62.50,37.50,1.00,1.00,16935.83,17014.20,17019.20,16845.83,62,36,37,62,83536.38,83546.55,,
2026-10-01T09:13:55+08:00,btc-updown-5m-1790817000,https://polymarket.com/zh/event/btc-updown-5m-1790817000,09:10-09:15,67.00,34.00,66.00,33.00,93.89,165.95,165.65,93.89,66.50,33.50,1.00,1.00,16727.84,13585.21,13595.21,16842.84,60,33,33,60,83536.38,83546.56,,
2026-10-01T09:13:57+08:00,btc-updown-5m-1790817000,https://polymarket.com/zh/event/btc-updown-5m-1790817000,09:10-09:15,69.00,28.00,66.00,26.00,120.99,11.51,60.00,111.07,67.50,27.00,3.00,2.00,10264.13,6562.16,5948.16,10374.13,65,30,25,66,83536.38,83546.55,,
2026-10-01T09:13:59+08:00,btc-updown-5m-1790817000,https://polymarket.com/zh/event/btc-updown-5m-1790817000,09:10-09:15,75.00,26.00,74.00,25.00,72.96,77.82,185.35,42.96,74.50,25.50,1.00,1.00,10498.13,6362.65,6362.65,10608.13,70,24,25,68,83536.38,83551.32,,
2026-10-01T09:14:01+08:00,btc-updown-5m-1790817000,https://polymarket.com/zh/event/btc-updown-5m-1790817000,09:10-09:15,74.00,27.00,73.00,26.00,46.50,166.31,169.22,96.50,73.50,26.50,1.00,1.00,10459.56,5940.69,5940.69,10444.56,64,26,26,65,83536.38,83551.33,,
2026-10-01T09:14:03+08:00,btc-updown-5m-1790817000,https://polymarket.com/zh/event/btc-updown-5m-1790817000,09:10-09:15,72.00,30.00,71.00,29.00,323.81,306.49,24.00,22.20,71.50,29.50,1.00,1.00,10782.88,6453.65,6458.65,10887.88,61,28,29,59,83536.38,83553.76,,
2026-10-01T09:14:05+08:00,btc-updown-5m-1790817000,https://polymarket.com/zh/event/btc-updown-5m-1790817000,09:10-09:15,70.00,30.00,69.00,29.00,49.13,134.87,348.95,74.83,69.50,29.50,1.00,1.00,10618.31,5931.65,5951.65,10727.34,60,29,29,61,83536.38,83553.77,,
2026-10-01T09:14:07+08:00,btc-updown-5m-1790817000,https://polymarket.com/zh/event/btc-updown-5m-1790817000,09:10-09:15,68.00,33.00,67.00,32.00,65.75,108.93,23.45,18.40,67.50,32.50,1.00,1.00,10727.18,5956.65,5956.65,10732.18,64,32,32,64,83536.38,83553.76,,
2026-10-01T09:14:09+08:00,btc-updown-5m-1790817000,https://polymarket.com/zh/event/btc-updown-5m-1790817000,09:10-09:15,87.00,14.00,86.00,13.00,56.00,13.57,54.00,20.00,86.50,13.50,1.00,1.00,10840.18,5630.12,6114.12,10655.18,69,13,13,66,83536.38,83553.76,,
2026-10-01T09:14:11+08:00,btc-updown-5m-1790817000,https://polymarket.com/zh/event/btc-updown-5m-1790817000,09:10-09:15,88.00,13.00,87.00,12.00,337.00,114.99,75.00,309.84,87.50,12.50,1.00,1.00,10669.73,6481.12,6516.12,10836.73,79,12,12,79,83536.38,83553.76,,
2026-10-01T09:14:13+08:00,btc-updown-5m-1790817000,https://polymarket.com/zh/event/btc-updown-5m-1790817000,09:10-09:15,94.00,7.00,93.00,6.00,197.61,55.00,89.13,184.04,93.50,6.50,1.00,1.00,10990.73,6022.78,6007.12,10764.73,92,6,6,92,83536.38,83553.77,,
2026-10-01T09:14:15+08:00,btc-updown-5m-1790817000,https://polymarket.com/zh/event/btc-updown-5m-1790817000,09:10-09:15,93.00,8.00,92.00,7.00,120.00,130.00,195.00,118.16,92.50,7.50,1.00,1.00,10779.73,6016.51,6027.64,10764.73,88,7,7,89,83536.38,83553.77,,
2026-10-01T09:14:17+08:00,btc-updown-5m-1790817000,https://polymarket.com/zh/event/btc-updown-5m-1790817000,09:10-09:15,94.00,7.00,93.00,6.00,181.67,214.74,224.74,191.67,93.50,6.50,1.00,1.00,10844.73,6063.30,6049.52,10844.73,93,6,6,93,83536.38,83553.77,,
2026-10-01T09:14:19+08:00,btc-updown-5m-1790817000,https://polymarket.com/zh/event/btc-updown-5m-1790817000,09:10-09:15,92.00,9.00,91.00,8.00,106.01,7.21,37.22,834.58,91.50,8.50,1.00,1.00,11334.73,6042.12,6526.12,11144.73,90,8,8,88,83536.38,83553.77,,
2026-10-01T09:14:21+08:00,btc-updown-5m-1790817000,https://polymarket.com/zh/event/btc-updown-5m-1790817000,09:10-09:15,94.00,7.00,93.00,6.00,147.06,92.40,84.00,169.15,93.50,6.50,1.00,1.00,11163.48,6089.21,6119.73,11173.48,91,6,6,91,83536.38,83553.78,,
2026-10-01T09:14:23+08:00,btc-updown-5m-1790817000,https://polymarket.com/zh/event/btc-updown-5m-1790817000,09:10-09:15,94.00,7.00,93.00,6.00,24.42,148.70,108.70,24.42,93.50,6.50,1.00,1.00,11630.05,5976.82,5917.12,11640.05,92,6,6,92,83536.38,83553.77,,
2026-10-01T09:14:25+08:00,btc-updown-5m-1790817000,https://polymarket.com/zh/event/btc-updown-5m-1790817000,09:10-09:15,96.00,4.00,95.00,3.00,0.88,170.42,224.75,511.70,95.50,3.50,1.00,1.00,11964.16,5418.51,5500.51,12041.16,92,4,3,93,83536.38,83553.75,,
2026-10-01T09:14:27+08:00,btc-updown-5m-1790817000,https://polymarket.com/zh/event/btc-updown-5m-1790817000,09:10-09:15,91.00,7.00,90.00,6.00,5.00,74.00,161.00,9.49,90.50,6.50,1.00,1.00,11190.16,5387.83,5328.35,11095.16,88,6,6,91,83536.38,83550.29,,
2026-10-01T09:14:29+08:00,btc-updown-5m-1790817000,https://polymarket.com/zh/event/btc-updown-5m-1790817000,09:10-09:15,97.00,5.00,96.00,4.00,190.00,209.53,35.00,75.00,96.50,4.50,1.00,1.00,11200.16,4991.46,5040.28,11190.16,93,3,4,94,83536.38,83550.84,,
2026-10-01T09:14:31+08:00,btc-updown-5m-1790817000,https://polymarket.com/zh/event/btc-updown-5m-1790817000,09:10-09:15,91.00,11.00,90.00,10.00,2117.90,5.00,10.00,1185.00,90.50,10.50,1.00,1.00,11380.16,5194.28,5425.28,11365.16,88,9,9,87,83536.38,83552.44,,
2026-10-01T09:14:33+08:00,btc-updown-5m-1790817000,https://polymarket.com/zh/event/btc-updown-5m-1790817000,09:10-09:15,97.00,4.00,96.00,3.00,121.18,250.42,250.42,51.31,96.50,3.50,1.00,1.00,12093.16,4767.64,4666.22,12078.16,89,3,3,89,83536.38,83548.88,,
2026-10-01T09:14:36+08:00,btc-updown-5m-1790817000,https://polymarket.com/zh/event/btc-updown-5m-1790817000,09:10-09:15,98.00,3.00,97.00,2.00,442.11,78.22,112.22,442.11,97.50,2.50,1.00,1.00,12223.14,4639.31,4644.31,12208.14,94,2,2,93,83536.38,83548.95,,
2026-10-01T09:14:38+08:00,btc-updown-5m-1790817000,https://polymarket.com/zh/event/btc-updown-5m-1790817000,09:10-09:15,97.00,4.00,96.00,3.00,72.41,245.00,235.00,72.41,96.50,3.50,1.00,1.00,12599.12,4316.40,4311.40,12584.12,91,3,3,91,83536.38,83552.26,,
2026-10-01T09:14:40+08:00,btc-updown-5m-1790817000,https://polymarket.com/zh/event/btc-updown-5m-1790817000,09:10-09:15,99.00,2.00,98.00,1.00,3360.98,344.10,343.97,3370.98,98.50,1.50,1.00,1.00,12375.10,3360.98,3370.98,12385.10,92,1,1,92,83536.38,83552.26,,
2026-10-01T09:14:42+08:00,btc-updown-5m-1790817000,https://polymarket.com/zh/event/btc-updown-5m-1790817000,09:10-09:15,99.00,2.00,98.00,1.00,2303.92,151.26,141.26,2298.92,98.50,1.50,1.00,1.00,12243.10,2303.92,2298.92,12258.10,92,1,1,92,83536.38,83552.26,,
2026-10-01T09:14:44+08:00,btc-updown-5m-1790817000,https://polymarket.com/zh/event/btc-updown-5m-1790817000,09:10-09:15,99.00,2.00,98.00,1.00,1097.27,306.43,186.43,1097.27,98.50,1.50,1.00,1.00,12156.10,1097.27,1097.27,12141.10,91,1,1,91,83536.38,83552.27,,
2026-10-01T09:14:46+08:00,btc-updown-5m-1790817000,https://polymarket.com/zh/event/btc-updown-5m-1790817000,09:10-09:15,,1.00,99.00,,,3889.25,3860.60,,,,,,11471.10,,,11456.10,89,0,0,89,83536.38,83552.27,,
2026-10-01T09:14:48+08:00,btc-updown-5m-1790817000,https://polymarket.com/zh/event/btc-updown-5m-1790817000,09:10-09:15,,1.00,99.00,,,9928.19,6928.19,,,,,,11461.10,,,11456.10,89,0,0,89,83536.38,83552.26,,
2026-10-01T09:14:50+08:00,btc-updown-5m-1790817000,https://polymarket.com/zh/event/btc-updown-5m-1790817000,09:10-09:15,,1.00,99.00,,,17047.18,17017.18,,,,,,11461.10,,,11456.10,89,0,0,89,83536.38,83552.27,,
2026-10-01T09:14:52+08:00,btc-updown-5m-1790817000,https://polymarket.com/zh/event/btc-updown-5m-1790817000,09:10-09:15,,1.00,99.00,,,37128.29,37048.29,,,,,,11451.10,,,11466.10,89,0,0,89,83536.38,83552.27,,
2026-10-01T09:14:54+08:00,btc-updown-5m-1790817000,https://polymarket.com/zh/event/btc-updown-5m-1790817000,09:10-09:15,,1.00,99.00,,,33559.27,33549.27,,,,,,4095.43,,,4105.43,91,0,0,91,83536.38,83538.21,,
2026-10-01T09:14:56+08:00,btc-updown-5m-1790817000,https://polymarket.com/zh/event/btc-updown-5m-1790817000,09:10-09:15,,1.00,99.00,,,33381.71,33371.71,,,,,,3940.43,,,3950.43,91,0,0,90,83536.38,83538.21,,
2026-10-01T09:14:58+08:00,btc-updown-5m-1790817000,https://polymarket.com/zh/event/btc-updown-5m-1790817000,09:10-09:15,,1.00,99.00,,,44318.95,44318.95,,,,,,3860.43,,,3870.43,90,0,0,90,83536.38,83538.22,,
2026-10-01T09:15:01+08:00,btc-updown-5m-1790817300,https://polymarket.com/zh/event/btc-updown-5m-1790817300,09:15-09:20,26.00,73.00,25.00,72.00,5.20,66.66,8.32,10.00,25.50,72.50,1.00,1.00,136804.59,144949.45,29839.45,21804.59,25,68,67,27,83520.46,83520.46,,
2026-10-01T09:15:03+08:00,btc-updown-5m-1790817300,https://polymarket.com/zh/event/btc-updown-5m-1790817300,09:15-09:20,20.00,82.00,18.00,80.00,681.88,15.00,15.00,681.88,19.00,81.00,2.00,2.00,22297.73,29602.59,29602.59,22297.73,18,80,80,18,83520.46,83520.46,,
2026-10-01T09:15:05+08:00,btc-updown-5m-1790817300,https://polymarket.com/zh/event/btc-updown-5m-1790817300,09:15-09:20,14.00,87.00,13.00,86.00,410.99,336.00,126.00,430.37,13.50,86.50,1.00,1.00,22049.96,30599.59,30637.59,22097.96,13,86,86,13,83520.46,83479.32,,
2026-10-01T09:15:07+08:00,btc-updown-5m-1790817300,https://polymarket.com/zh/event/btc-updown-5m-1790817300,09:15-09:20,16.00,85.00,15.00,84.00,195.98,927.22,933.11,210.98,15.50,84.50,1.00,1.00,21198.71,29510.59,29495.59,21183.71,15,84,84,15,83520.46,83488.79,,
2026-10-01T09:15:09+08:00,btc-updown-5m-1790817300,https://polymarket.com/zh/event/btc-updown-5m-1790817300,09:15-09:20,16.00,85.00,15.00,84.00,321.48,150.00,150.00,341.48,15.50,84.50,1.00,1.00,19278.71,27595.59,27705.59,19278.71,15,84,84,15,83520.46,83489.36,,
2026-10-01T09:15:11+08:00,btc-updown-5m-1790817300,https://polymarket.com/zh/event/btc-updown-5m-1790817300,09:15-09:20,16.00,85.00,15.00,84.00,525.61,210.00,210.00,452.64,15.50,84.50,1.00,1.00,19340.91,27515.59,27615.59,19340.91,15,84,84,15,83520.46,83489.36,,
2026-10-01T09:15:13+08:00,btc-updown-5m-1790817300,https://polymarket.com/zh/event/btc-updown-5m-1790817300,09:15-09:20,13.00,88.00,12.00,87.00,536.52,238.03,233.03,541.52,12.50,87.50,1.00,1.00,19854.58,27649.59,27634.59,21346.24,12,87,87,12,83520.46,83480.78,,
2026-10-01T09:15:15+08:00,btc-updown-5m-1790817300,https://polymarket.com/zh/event/btc-updown-5m-1790817300,09:15-09:20,13.00,88.00,12.00,87.00,127.38,340.80,356.49,127.38,12.50,87.50,1.00,1.00,24226.79,27569.59,27847.19,24241.79,12,87,87,12,83520.46,83480.78,,
2026-10-01T09:15:17+08:00,btc-updown-5m-1790817300,https://polymarket.com/zh/event/btc-updown-5m-1790817300,09:15-09:20,14.00,87.00,13.00,86.00,145.00,2085.34,2117.34,140.00,13.50,86.50,1.00,1.00,24751.68,28211.58,28326.58,24751.68,13,86,86,13,83520.46,83489.36,,
2026-10-01T09:15:21+08:00,btc-updown-5m-1790817300,https://polymarket.com/zh/event/btc-updown-5m-1790817300,09:15-09:20,14.00,87.00,13.00,86.00,316.00,1861.30,1861.30,307.00,13.50,86.50,1.00,1.00,22846.68,26491.58,26386.58,22796.68,13,86,86,13,83520.46,83489.36,,
2026-10-01T09:15:23+08:00,btc-updown-5m-1790817300,https://polymarket.com/zh/event/btc-updown-5m-1790817300,09:15-09:20,15.00,86.00,14.00,85.00,371.25,186.48,186.48,416.25,14.50,85.50,1.00,1.00,22481.82,26164.58,26254.58,22481.82,14,85,85,14,83520.46,83489.37,,
2026-10-01T09:15:26+08:00,btc-updown-5m-1790817300,https://polymarket.com/zh/event/btc-updown-5m-1790817300,09:15-09:20,12.00,89.00,11.00,88.00,756.41,152.78,155.00,753.07,11.50,88.50,1.00,1.00,22234.44,25986.58,25871.58,22269.44,11,88,88,11,83520.46,83479.96,,
2026-10-01T09:15:28+08:00,btc-updown-5m-1790817300,https://polymarket.com/zh/event/btc-updown-5m-1790817300,09:15-09:20,12.00,90.00,11.00,89.00,1366.71,212.11,45.00,386.52,11.50,89.50,1.00,1.00,21712.59,25391.58,25396.58,21742.59,11,88,89,10,83520.46,83479.96,,
2026-10-01T09:15:30+08:00,btc-updown-5m-1790817300,https://polymarket.com/zh/event/btc-updown-5m-1790817300,09:15-09:20,11.00,90.00,10.00,89.00,771.77,250.00,295.00,763.77,10.50,89.50,1.00,1.00,21267.59,24901.58,24816.58,21267.59,10,89,89,10,83520.46,83479.96,,
2026-10-01T09:15:32+08:00,btc-updown-5m-1790817300,https://polymarket.com/zh/event/btc-updown-5m-1790817300,09:15-09:20,10.00,91.00,9.00,90.00,978.83,34.32,54.32,840.50,9.50,90.50,1.00,1.00,20354.59,23816.58,23826.58,20269.59,9,90,90,9,83520.46,83479.97,,
2026-10-01T09:15:34+08:00,btc-updown-5m-1790817300,https://polymarket.com/zh/event/btc-updown-5m-1790817300,09:15-09:20,9.00,92.00,8.00,91.00,843.89,187.00,92.00,836.37,8.50,91.50,1.00,1.00,21269.59,23441.58,23451.58,21274.59,8,91,91,8,83520.46,83462.72,,
2026-10-01T09:15:36+08:00,btc-updown-5m-1790817300,https://polymarket.com/zh/event/btc-updown-5m-1790817300,09:15-09:20,9.00,92.00,8.00,91.00,889.44,132.00,132.00,909.44,8.50,91.50,1.00,1.00,21474.59,23689.92,23679.92,21474.59,8,91,91,8,83520.46,83464.36,,
2026-10-01T09:15:38+08:00,btc-updown-5m-1790817300,https://polymarket.com/zh/event/btc-updown-5m-1790817300,09:15-09:20,9.00,92.00,8.00,91.00,1214.44,130.91,130.91,1208.44,8.50,91.50,1.00,1.00,21758.59,23694.92,23679.92,21852.59,8,91,91,8,83520.46,83464.71,,
2026-10-01T09:15:40+08:00,btc-updown-5m-1790817300,https://polymarket.com/zh/event/btc-updown-5m-1790817300,09:15-09:20,9.00,92.00,8.00,91.00,340.77,2917.79,624.79,148.78,8.50,91.50,1.00,1.00,21385.33,23679.92,23584.92,19627.67,8,91,91,8,83520.46,83464.71,,
2026-10-01T09:15:42+08:00,btc-updown-5m-1790817300,https://polymarket.com/zh/event/btc-updown-5m-1790817300,09:15-09:20,30.00,72.00,29.00,71.00,48.23,81.09,12.00,470.32,29.50,71.50,1.00,1.00,15944.78,27559.90,27559.90,15964.04,29,69,71,28,83520.46,83525.42,,
2026-10-01T09:15:44+08:00,btc-updown-5m-1790817300,https://polymarket.com/zh/event/btc-updown-5m-1790817300,09:15-09:20,26.00,75.00,25.00,74.00,197.00,822.53,822.53,230.00,25.50,74.50,1.00,1.00,16025.04,27043.22,27053.22,16025.04,25,74,74,25,83520.46,83510.92,,
2026-10-01T09:15:46+08:00,btc-updown-5m-1790817300,https://polymarket.com/zh/event/btc-updown-5m-1790817300,09:15-09:20,27.00,74.00,26.00,73.00,151.00,1722.19,1687.84,65.59,26.50,73.50,1.00,1.00,16080.04,28112.03,28117.03,16080.04,26,73,73,26,83520.46,83517.70,,
2026-10-01T09:15:48+08:00,btc-updown-5m-1790817300,https://polymarket.com/zh/event/btc-updown-5m-1790817300,09:15-09:20,27.00,74.00,26.00,73.00,24.48,1705.77,1675.77,74.48,26.50,73.50,1.00,1.00,16639.04,29271.03,28676.03,16704.04,26,73,73,26,83520.46,83517.71,,
2026-10-01T09:15:50+08:00,btc-updown-5m-1790817300,https://polymarket.com/zh/event/btc-updown-5m-1790817300,09:15-09:20,27.00,74.00,26.00,73.00,133.25,1585.76,1580.76,133.25,26.50,73.50,1.00,1.00,20544.02,28766.03,28881.03,20544.02,26,73,73,26,83520.46,83517.71,,
2026-10-01T09:15:52+08:00,btc-updown-5m-1790817300,https://polymarket.com/zh/event/btc-updown-5m-1790817300,09:15-09:20,27.00,74.00,26.00,73.00,262.24,1287.53,1287.53,207.24,26.50,73.50,1.00,1.00,20574.02,25432.73,25542.73,20574.02,26,73,73,26,83520.46,83517.70,,
2026-10-01T09:15:54+08:00,btc-updown-5m-1790817300,https://polymarket.com/zh/event/btc-updown-5m-1790817300,09:15-09:20,27.00,74.00,26.00,73.00,339.00,260.00,389.81,349.00,26.50,73.50,1.00,1.00,20274.02,25202.73,25187.73,20274.02,26,73,73,26,83520.46,83517.70,,
2026-10-01T09:15:56+08:00,btc-updown-5m-1790817300,https://polymarket.com/zh/event/btc-updown-5m-1790817300,09:15-09:20,20.00,81.00,19.00,80.00,498.46,277.00,422.00,335.00,19.50,80.50,1.00,1.00,20369.02,24463.73,24453.73,20369.02,19,80,80,19,83520.46,83511.84,,
2026-10-01T09:15:58+08:00,btc-updown-5m-1790817300,https://polymarket.com/zh/event/btc-updown-5m-1790817300,09:15-09:20,42.00,59.00,41.00,58.00,354.08,65.00,105.00,1313.66,41.50,58.50,1.00,1.00,22349.02,28036.26,28060.26,22354.02,41,58,58,41,83520.46,83540.59,,
2026-10-01T09:16:00+08:00,btc-updown-5m-1790817300,https://polymarket.com/zh/event/btc-updown-5m-1790817300,09:15-09:20,47.00,56.00,46.00,55.00,713.26,77.00,78.84,352.99,46.50,55.50,1.00,1.00,22669.02,28463.26,28378.26,22674.02,46,53,55,44,83520.46,83540.60,,
2026-10-01T09:16:02+08:00,btc-updown-5m-1790817300,https://polymarket.com/zh/event/btc-updown-5m-1790817300,09:15-09:20,50.00,51.00,49.00,50.00,1368.65,173.03,148.03,1456.65,49.50,50.50,1.00,1.00,19798.66,25402.52,25387.52,19798.66,49,50,50,49,83520.46,83547.46,,
2026-10-01T09:16:05+08:00,btc-updown-5m-1790817300,https://polymarket.com/zh/event/btc-updown-5m-1790817300,09:15-09:20,44.00,57.00,43.00,56.00,750.14,48.15,60.15,1535.14,43.50,56.50,1.00,1.00,19322.92,25392.52,25492.52,19307.92,43,56,56,43,83520.46,83547.46,,
2026-10-01T09:16:07+08:00,btc-updown-5m-1790817300,https://polymarket.com/zh/event/btc-updown-5m-1790817300,09:15-09:20,47.00,54.00,46.00,53.00,568.38,10.00,193.84,2520.00,46.50,53.50,1.00,1.00,20247.92,25987.52,25897.52,20252.92,46,53,53,46,83520.46,83547.46,,
2026-10-01T09:16:09+08:00,btc-updown-5m-1790817300,https://polymarket.com/zh/event/btc-updown-5m-1790817300,09:15-09:20,46.00,55.00,45.00,54.00,849.74,89.05,34.05,824.74,45.50,54.50,1.00,1.00,20206.89,25887.52,26002.52,20221.89,45,54,54,45,83520.46,83547.46,,
2026-10-01T09:16:11+08:00,btc-updown-5m-1790817300,https://polymarket.com/zh/event/btc-updown-5m-1790817300,09:15-09:20,45.00,56.00,44.00,55.00,779.16,94.22,94.22,779.16,44.50,55.50,1.00,1.00,19691.89,25487.52,25502.52,19701.89,44,55,55,44,83520.46,83547.46,,
2026-10-01T09:16:13+08:00,btc-updown-5m-1790817300,https://polymarket.com/zh/event/btc-updown-5m-1790817300,09:15-09:20,41.00,60.00,40.00,59.00,347.48,35.00,138.99,627.48,40.50,59.50,1.00,1.00,19524.89,25463.26,25573.26,19514.89,40,59,59,40,83520.46,83547.47,,
2026-10-01T09:16:15+08:00,btc-updown-5m-1790817300,https://polymarket.com/zh/event/btc-updown-5m-1790817300,09:15-09:20,33.00,68.00,32.00,67.00,176.61,715.02,33.33,115.00,32.50,67.50,1.00,1.00,16569.89,25313.26,25318.26,16589.89,32,67,67,32,83520.46,83540.60,,
2026-10-01T09:16:17+08:00,btc-updown-5m-1790817300,https://polymarket.com/zh/event/btc-updown-5m-1790817300,09:15-09:20,32.00,69.00,31.00,68.00,335.07,556.00,556.00,192.07,31.50,68.50,1.00,1.00,16619.89,24424.38,24434.38,16538.89,31,68,68,31,83520.46,83532.71,,
2026-10-01T09:16:19+08:00,btc-updown-5m-1790817300,https://polymarket.com/zh/event/btc-updown-5m-1790817300,09:15-09:20,33.00,69.00,32.00,68.00,689.27,996.00,50.00,247.68,32.50,68.50,1.00,1.00,16458.89,23691.05,23706.05,16478.89,32,67,68,31,83520.46,83532.71,,
2026-10-01T09:16:21+08:00,btc-updown-5m-1790817300,https://polymarket.com/zh/event/btc-updown-5m-1790817300,09:15-09:20,33.00,68.00,32.00,67.00,35.00,866.10,911.10,35.00,32.50,67.50,1.00,1.00,16671.89,22157.73,22267.73,16933.89,32,67,67,32,83520.46,83532.71,,
2026-10-01T09:16:23+08:00,btc-updown-5m-1790817300,https://polymarket.com/zh/event/btc-updown-5m-1790817300,09:15-09:20,33.00,68.00,32.00,67.00,1186.26,482.63,482.63,1142.72,32.50,67.50,1.00,1.00,16938.89,22257.73,22377.73,16943.89,32,67,67,32,83520.46,83532.71,,
2026-10-01T09:16:25+08:00,btc-updown-5m-1790817300,https://polymarket.com/zh/event/btc-updown-5m-1790817300,09:15-09:20,33.00,68.00,32.00,67.00,245.84,538.49,538.49,276.84,32.50,67.50,1.00,1.00,16953.89,22162.73,22172.73,16953.89,32,67,67,32,83520.46,83532.71,,
2026-10-01T09:16:27+08:00,btc-updown-5m-1790817300,https://polymarket.com/zh/event/btc-updown-5m-1790817300,09:15-09:20,32.00,69.00,31.00,68.00,70.20,1535.94,1545.94,70.20,31.50,68.50,1.00,1.00,16923.89,22267.73,22272.73,16923.89,31,68,68,31,83520.46,83532.71,,
2026-10-01T09:16:29+08:00,btc-updown-5m-1790817300,https://polymarket.com/zh/event/btc-updown-5m-1790817300,09:15-09:20,32.00,69.00,31.00,68.00,182.20,1492.01,1601.94,182.20,31.50,68.50,1.00,1.00,16711.89,22257.73,22257.73,16711.89,31,68,68,31,83520.46,83532.71,,
2026-10-01T09:16:31+08:00,btc-updown-5m-1790817300,https://polymarket.com/zh/event/btc-updown-5m-1790817300,09:15-09:20,29.00,72.00,28.00,71.00,145.00,1419.59,906.78,40.00,28.50,71.50,1.00,1.00,16933.93,22507.73,22112.73,16933.93,28,71,71,28,83520.46,83525.60,,
2026-10-01T09:16:33+08:00,btc-updown-5m-1790817300,https://polymarket.com/zh/event/btc-updown-5m-1790817300,09:15-09:20,37.00,64.00,36.00,63.00,55.45,494.27,140.00,65.00,36.50,63.50,1.00,1.00,16875.93,22181.99,22191.99,17102.93,36,63,63,36,83520.46,83532.72,,
2026-10-01T09:16:35+08:00,btc-updown-5m-1790817300,https://polymarket.com/zh/event/btc-updown-5m-1790817300,09:15-09:20,37.00,64.00,36.00,63.00,350.00,355.83,320.83,355.00,36.50,63.50,1.00,1.00,16816.93,22181.99,22181.99,16890.93,36,63,63,36,83520.46,83532.71,,
2026-10-01T09:16:37+08:00,btc-updown-5m-1790817300,https://polymarket.com/zh/event/btc-updown-5m-1790817300,09:15-09:20,39.00,62.00,38.00,61.00,148.00,1283.10,1384.00,165.43,38.50,61.50,1.00,1.00,17473.46,22291.99,22281.99,18579.57,38,61,61,38,83520.46,83543.16,,
2026-10-01T09:16:39+08:00,btc-updown-5m-1790817300,https://polymarket.com/zh/event/btc-updown-5m-1790817300,09:15-09:20,39.00,62.00,38.00,61.00,233.73,1436.84,1466.84,288.73,38.50,61.50,1.00,1.00,18951.83,22191.99,22281.99,18961.83,38,61,61,38,83520.46,83543.16,,
2026-10-01T09:16:41+08:00,btc-updown-5m-1790817300,https://polymarket.com/zh/event/btc-updown-5m-1790817300,09:15-09:20,39.00,62.00,38.00,61.00,5.00,931.22,534.12,39.00,38.50,61.50,1.00,1.00,18889.83,22257.73,22157.73,18789.83,38,60,61,38,83520.46,83543.17,,
2026-10-01T09:16:43+08:00,btc-updown-5m-1790817300,https://polymarket.com/zh/event/btc-updown-5m-1790817300,09:15-09:20,41.00,61.00,40.00,60.00,1812.94,5.00,85.00,2956.26,40.50,60.50,1.00,1.00,18789.83,22057.73,22262.73,19000.83,39,59,60,38,83520.46,83543.16,,
2026-10-01T09:16:45+08:00,btc-updown-5m-1790817300,https://polymarket.com/zh/event/btc-updown-5m-1790817300,09:15-09:20,35.00,66.00,34.00,65.00,337.33,1521.07,1509.71,133.82,34.50,65.50,1.00,1.00,16880.83,22067.73,22057.73,16875.83,34,65,65,34,83520.46,83543.16,,
2026-10-01T09:16:48+08:00,btc-updown-5m-1790817300,https://polymarket.com/zh/event/btc-updown-5m-1790817300,09:15-09:20,33.00,68.00,32.00,67.00,877.04,143.00,138.00,877.04,32.50,67.50,1.00,1.00,16706.83,22157.73,22162.73,16711.83,32,67,67,32,83520.46,83536.51,,
2026-10-01T09:16:49+08:00,btc-updown-5m-1790817300,https://polymarket.com/zh/event/btc-updown-5m-1790817300,09:15-09:20,28.00,73.00,27.00,72.00,112.00,1942.07,1942.07,112.00,27.50,72.50,1.00,1.00,16280.83,22157.73,22157.73,16280.83,27,72,72,27,83520.46,83536.50,,
2026-10-01T09:16:52+08:00,btc-updown-5m-1790817300,https://polymarket.com/zh/event/btc-updown-5m-1790817300,09:15-09:20,28.00,73.00,27.00,72.00,141.25,1572.94,1573.29,171.25,27.50,72.50,1.00,1.00,16345.83,22062.73,22157.73,16350.83,27,72,72,27,83520.46,83536.50,,
2026-10-01T09:16:54+08:00,btc-updown-5m-1790817300,https://polymarket.com/zh/event/btc-updown-5m-1790817300,09:15-09:20,29.00,72.00,28.00,71.00,29.00,3320.14,3310.14,29.00,28.50,71.50,1.00,1.00,16300.83,22067.73,22057.73,16305.83,28,71,71,28,83520.46,83536.51,,
2026-10-01T09:16:56+08:00,btc-updown-5m-1790817300,https://polymarket.com/zh/event/btc-updown-5m-1790817300,09:15-09:20,29.00,72.00,28.00,71.00,53.00,3843.11,3624.11,53.00,28.50,71.50,1.00,1.00,16483.83,22072.73,22057.73,16488.83,28,71,71,28,83520.46,83536.51,,
2026-10-01T09:16:58+08:00,btc-updown-5m-1790817300,https://polymarket.com/zh/event/btc-updown-5m-1790817300,09:15-09:20,31.00,70.00,30.00,69.00,41.74,1310.48,828.06,5.00,30.50,69.50,1.00,1.00,16183.83,22057.73,22167.73,16188.83,30,69,69,30,83520.46,83536.50,,
2026-10-01T09:17:00+08:00,btc-updown-5m-1790817300,https://polymarket.com/zh/event/btc-updown-5m-1790817300,09:15-09:20,39.00,61.00,38.00,60.00,126.83,474.99,798.32,288.84,38.50,60.50,1.00,1.00,18806.83,22088.99,22203.99,18821.83,38,61,60,39,83520.46,83542.68,,
2026-10-01T09:17:02+08:00,btc-updown-5m-1790817300,https://polymarket.com/zh/event/btc-updown-5m-1790817300,09:15-09:20,39.00,62.00,38.00,61.00,821.43,140.00,140.00,839.82,38.50,61.50,1.00,1.00,18880.57,22184.99,22079.99,18870.57,38,61,61,38,83520.46,83544.42,,
2026-10-01T09:17:04+08:00,btc-updown-5m-1790817300,https://polymarket.com/zh/event/btc-updown-5m-1790817300,09:15-09:20,41.00,59.00,40.00,58.00,177.92,70.00,352.16,15.00,40.50,58.50,1.00,1.00,18623.02,22169.99,23296.09,18633.02,40,59,57,41,83520.46,83544.42,,
2026-10-01T09:17:06+08:00,btc-updown-5m-1790817300,https://polymarket.com/zh/event/btc-updown-5m-1790817300,09:15-09:20,45.00,56.00,44.00,55.00,109.00,732.62,647.62,134.00,44.50,55.50,1.00,1.00,18622.08,24674.98,24674.98,18627.08,44,55,55,44,83520.46,83547.46,,
2026-10-01T09:17:08+08:00,btc-updown-5m-1790817300,https://polymarket.com/zh/event/btc-updown-5m-1790817300,09:15-09:20,47.00,54.00,46.00,53.00,348.79,1351.83,1438.83,573.28,46.50,53.50,1.00,1.00,19117.08,25099.98,25214.98,19127.08,46,53,53,46,83520.46,83547.46,,
2026-10-01T09:17:10+08:00,btc-updown-5m-1790817300,https://polymarket.com/zh/event/btc-updown-5m-1790817300,09:15-09:20,47.00,54.00,46.00,53.00,115.89,1368.99,1425.92,202.72,46.50,53.50,1.00,1.00,18839.30,25069.98,25179.98,18854.30,46,53,53,46,83520.46,83547.46,,
2026-10-01T09:17:12+08:00,btc-updown-5m-1790817300,https://polymarket.com/zh/event/btc-updown-5m-1790817300,09:15-09:20,49.00,52.00,48.00,51.00,23.00,869.41,884.13,190.00,48.50,51.50,1.00,1.00,18839.30,25214.98,25229.98,18849.30,48,51,51,48,83520.46,83547.46,,
2026-10-01T09:17:15+08:00,btc-updown-5m-1790817300,https://polymarket.com/zh/event/btc-updown-5m-1790817300,09:15-09:20,50.00,51.00,49.00,50.00,2639.84,30.20,30.20,2639.84,49.50,50.50,1.00,1.00,18829.30,25249.98,25249.98,18829.30,49,50,50,49,83520.46,83547.46,,
2026-10-01T09:17:17+08:00,btc-updown-5m-1790817300,https://polymarket.com/zh/event/btc-updown-5m-1790817300,09:15-09:20,49.00,52.00,48.00,51.00,500.70,240.00,240.00,567.53,48.50,51.50,1.00,1.00,18824.30,25129.98,25144.98,18834.30,48,51,51,48,83520.46,83547.46,,
2026-10-01T09:17:19+08:00,btc-updown-5m-1790817300,https://polymarket.com/zh/event/btc-updown-5m-1790817300,09:15-09:20,51.00,50.00,50.00,49.00,422.18,763.63,373.40,203.43,50.50,49.50,1.00,1.00,19136.52,25129.98,25144.98,19126.52,50,49,49,50,83520.46,83547.46,,
2026-10-01T09:17:21+08:00,btc-updown-5m-1790817300,https://polymarket.com/zh/event/btc-updown-5m-1790817300,09:15-09:20,60.00,46.00,59.00,42.00,163.77,14.61,72.34,400.00,59.50,44.00,1.00,4.00,18641.52,24574.98,24574.98,18636.52,58,40,42,51,83520.46,83547.46,,
2026-10-01T09:17:23+08:00,btc-updown-5m-1790817300,https://polymarket.com/zh/event/btc-updown-5m-1790817300,09:15-09:20,69.00,31.00,68.00,30.00,60.36,443.33,551.13,71.09,68.50,30.50,1.00,1.00,18203.18,16225.67,15718.67,18198.18,68,31,30,69,83520.46,83547.46,,
2026-10-01T09:17:25+08:00,btc-updown-5m-1790817300,https://polymarket.com/zh/event/btc-updown-5m-1790817300,09:15-09:20,79.00,22.00,78.00,21.00,261.70,609.30,343.12,178.50,78.50,21.50,1.00,1.00,18198.18,15746.05,15746.05,18213.18,78,21,21,78,83520.46,83547.46,,
2026-10-01T09:17:27+08:00,btc-updown-5m-1790817300,https://polymarket.com/zh/event/btc-updown-5m-1790817300,09:15-09:20,69.00,33.00,68.00,32.00,601.35,990.70,29.85,189.47,68.50,32.50,1.00,1.00,17903.73,15994.89,16009.89,17918.73,68,31,32,67,83520.46,83547.47,,
2026-10-01T09:17:30+08:00,btc-updown-5m-1790817300,https://polymarket.com/zh/event/btc-updown-5m-1790817300,09:15-09:20,60.00,40.00,59.00,39.00,186.53,5.65,43.00,23.85,59.50,39.50,1.00,1.00,18492.16,24877.59,24877.59,18487.16,59,40,39,60,83520.46,83554.99,,
2026-10-01T09:17:32+08:00,btc-updown-5m-1790817300,https://polymarket.com/zh/event/btc-updown-5m-1790817300,09:15-09:20,70.00,33.00,69.00,32.00,698.82,10.00,20.00,203.61,69.50,32.50,1.00,1.00,18567.16,16380.47,16390.47,18582.16,69,30,32,67,83520.46,83554.99,,
2026-10-01T09:17:34+08:00,btc-updown-5m-1790817300,https://polymarket.com/zh/event/btc-updown-5m-1790817300,09:15-09:20,64.00,37.00,63.00,36.00,146.69,45.00,90.53,142.90,63.50,36.50,1.00,1.00,16885.62,18412.85,20792.85,16770.62,63,36,36,63,83520.46,83554.99,,
2026-10-01T09:17:36+08:00,btc-updown-5m-1790817300,https://polymarket.com/zh/event/btc-updown-5m-1790817300,09:15-09:20,65.00,36.00,64.00,35.00,165.97,770.76,353.71,65.00,64.50,35.50,1.00,1.00,20718.96,18398.01,18383.01,20813.96,64,35,35,64,83520.46,83557.03,,
2026-10-01T09:17:39+08:00,btc-updown-5m-1790817300,https://polymarket.com/zh/event/btc-updown-5m-1790817300,09:15-09:20,65.00,37.00,64.00,36.00,486.46,10.00,95.00,233.00,64.50,36.50,1.00,1.00,20932.64,18137.55,18399.55,20947.64,64,35,36,63,83520.46,83557.03,,
2026-10-01T09:17:40+08:00,btc-updown-5m-1790817300,https://polymarket.com/zh/event/btc-updown-5m-1790817300,09:15-09:20,66.00,35.00,65.00,34.00,115.00,738.68,448.33,15.84,65.50,34.50,1.00,1.00,20952.78,18347.61,18342.61,20942.78,65,34,34,65,83520.46,83557.04,,
2026-10-01T09:17:42+08:00,btc-updown-5m-1790817300,https://polymarket.com/zh/event/btc-updown-5m-1790817300,09:15-09:20,69.00,32.00,68.00,31.00,272.21,611.86,452.42,222.45,68.50,31.50,1.00,1.00,20935.88,17785.15,17795.15,21040.88,68,31,31,68,83520.46,83557.03,,
2026-10-01T09:17:45+08:00,btc-updown-5m-1790817300,https://polymarket.com/zh/event/btc-updown-5m-1790817300,09:15-09:20,72.00,29.00,71.00,28.00,1306.11,135.34,130.34,1276.11,71.50,28.50,1.00,1.00,21034.19,17665.15,17665.15,21009.19,71,28,28,68,83520.46,83567.51,,
2026-10-01T09:17:47+08:00,btc-updown-5m-1790817300,https://polymarket.com/zh/event/btc-updown-5m-1790817300,09:15-09:20,69.00,32.00,68.00,31.00,1297.15,15.00,115.00,1327.15,68.50,31.50,1.00,1.00,21104.19,17705.15,17705.15,21104.19,68,31,31,68,83520.46,83567.51,,
2026-10-01T09:17:49+08:00,btc-updown-5m-1790817300,https://polymarket.com/zh/event/btc-updown-5m-1790817300,09:15-09:20,73.00,28.00,72.00,27.00,172.04,587.31,577.31,107.72,72.50,27.50,1.00,1.00,21129.19,18437.15,18432.15,21044.19,72,27,27,72,83520.46,83569.19,,
2026-10-01T09:17:54+08:00,btc-updown-5m-1790817300,https://polymarket.com/zh/event/btc-updown-5m-1790817300,09:15-09:20,87.00,13.00,86.00,12.00,40.00,247.32,20.33,60.00,86.50,12.50,1.00,1.00,21159.43,14795.94,14946.94,21164.43,86,13,12,87,83520.46,83587.50,,
2026-10-01T09:17:56+08:00,btc-updown-5m-1790817300,https://polymarket.com/zh/event/btc-updown-5m-1790817300,09:15-09:20,89.00,12.00,88.00,11.00,929.24,446.73,120.73,340.96,88.50,11.50,1.00,1.00,21375.19,14899.75,14909.75,21365.19,88,11,11,88,83520.46,83595.98,,
2026-10-01T09:17:58+08:00,btc-updown-5m-1790817300,https://polymarket.com/zh/event/btc-updown-5m-1790817300,09:15-09:20,78.00,24.00,77.00,23.00,737.61,35.00,25.00,272.13,77.50,23.50,1.00,1.00,20854.83,14265.91,13773.91,20859.83,76,22,22,76,83520.46,83578.57,,
2026-10-01T09:18:00+08:00,btc-updown-5m-1790817300,https://polymarket.com/zh/event/btc-updown-5m-1790817300,09:15-09:20,71.00,28.00,70.00,27.00,92.29,44.00,524.52,60.36,70.50,27.50,1.00,1.00,12994.66,17594.21,17569.21,18944.66,70,29,27,72,83520.46,83567.53,,
2026-10-01T09:18:02+08:00,btc-updown-5m-1790817300,https://polymarket.com/zh/event/btc-updown-5m-1790817300,09:15-09:20,85.00,16.00,84.00,15.00,712.93,20.00,20.00,662.94,84.50,15.50,1.00,1.00,21376.66,18356.21,18356.21,21301.66,84,15,15,84,83520.46,83580.21,,
2026-10-01T09:18:04+08:00,btc-updown-5m-1790817300,https://polymarket.com/zh/event/btc-updown-5m-1790817300,09:15-09:20,84.00,16.00,83.00,15.00,1.42,801.43,491.33,33.24,83.50,15.50,1.00,1.00,20632.66,18476.21,18521.21,20129.66,83,16,15,84,83520.46,83572.66,,
2026-10-01T09:18:06+08:00,btc-updown-5m-1790817300,https://polymarket.com/zh/event/btc-updown-5m-1790817300,09:15-09:20,90.00,11.00,89.00,10.00,43.88,1226.46,1290.46,22.26,89.50,10.50,1.00,1.00,20527.66,19151.45,19020.75,20517.66,89,10,10,89,83520.46,83585.78,,
2026-10-01T09:18:08+08:00,btc-updown-5m-1790817300,https://polymarket.com/zh/event/btc-updown-5m-1790817300,09:15-09:20,91.00,10.00,90.00,9.00,431.27,335.66,315.65,426.27,90.50,9.50,1.00,1.00,20398.66,18652.75,18652.75,20423.66,90,9,9,90,83520.46,83585.79,,
2026-10-01T09:18:10+08:00,btc-updown-5m-1790817300,https://polymarket.com/zh/event/btc-updown-5m-1790817300,09:15-09:20,91.00,10.00,90.00,9.00,105.44,821.49,771.49,40.00,90.50,9.50,1.00,1.00,20553.66,18687.75,18777.75,20568.66,90,9,9,90,83520.46,83585.78,,
2026-10-01T09:18:12+08:00,btc-updown-5m-1790817300,https://polymarket.com/zh/event/btc-updown-5m-1790817300,09:15-09:20,94.00,7.00,93.00,6.00,1200.14,30.75,30.75,1136.62,93.50,6.50,1.00,1.00,20463.66,19006.53,19006.53,20453.66,93,6,6,93,83520.46,83585.78,,
2026-10-01T09:18:14+08:00,btc-updown-5m-1790817300,https://polymarket.com/zh/event/btc-updown-5m-1790817300,09:15-09:20,92.00,9.00,91.00,8.00,577.84,32.97,46.20,526.75,91.50,8.50,1.00,1.00,20431.66,18826.45,18831.45,20426.66,91,8,8,91,83520.46,83585.78,,
2026-10-01T09:18:16+08:00,btc-updown-5m-1790817300,https://polymarket.com/zh/event/btc-updown-5m-1790817300,09:15-09:20,93.00,8.00,92.00,7.00,318.76,316.63,523.13,280.42,92.50,7.50,1.00,1.00,20421.66,18948.77,18948.77,20306.66,92,7,7,92,83520.46,83585.78,,
2026-10-01T09:18:18+08:00,btc-updown-5m-1790817300,https://polymarket.com/zh/event/btc-updown-5m-1790817300,09:15-09:20,91.00,10.00,90.00,9.00,556.75,256.92,286.92,589.51,90.50,9.50,1.00,1.00,20306.66,18881.45,18811.45,20311.66,90,9,9,90,83520.46,83585.79,,
2026-10-01T09:18:20+08:00,btc-updown-5m-1790817300,https://polymarket.com/zh/event/btc-updown-5m-1790817300,09:15-09:20,91.00,10.00,90.00,9.00,413.42,392.26,392.26,506.18,90.50,9.50,1.00,1.00,20321.66,18856.45,18831.45,20304.66,90,9,9,90,83520.46,83585.78,,
2026-10-01T09:18:22+08:00,btc-updown-5m-1790817300,https://polymarket.com/zh/event/btc-updown-5m-1790817300,09:15-09:20,91.00,10.00,90.00,9.00,85.00,563.06,648.26,68.90,90.50,9.50,1.00,1.00,20309.66,18856.45,18876.45,20304.66,90,9,9,90,83520.46,83585.79,,
2026-10-01T09:18:24+08:00,btc-updown-5m-1790817300,https://polymarket.com/zh/event/btc-updown-5m-1790817300,09:15-09:20,88.00,14.00,86.00,13.00,279.25,385.64,122.00,295.02,87.00,13.50,2.00,1.00,20214.66,17582.03,18872.07,20309.66,86,12,13,86,83520.46,83585.78,,
2026-10-01T09:18:26+08:00,btc-updown-5m-1790817300,https://polymarket.com/zh/event/btc-updown-5m-1790817300,09:15-09:20,89.00,12.00,88.00,11.00,418.00,232.65,249.13,385.76,88.50,11.50,1.00,1.00,20712.66,18954.07,19202.07,20702.66,88,11,11,88,83520.46,83580.00,,
2026-10-01T09:18:29+08:00,btc-updown-5m-1790817300,https://polymarket.com/zh/event/btc-updown-5m-1790817300,09:15-09:20,90.00,11.00,89.00,10.00,100.00,644.48,649.48,100.00,89.50,10.50,1.00,1.00,20602.66,19216.53,19211.53,20543.66,89,10,10,89,83520.46,83580.01,,
2026-10-01T09:18:31+08:00,btc-updown-5m-1790817300,https://polymarket.com/zh/event/btc-updown-5m-1790817300,09:15-09:20,91.00,10.00,90.00,9.00,55.00,290.69,290.69,55.00,90.50,9.50,1.00,1.00,20533.66,19102.83,19097.83,20538.66,90,9,9,90,83520.46,83580.00,,
2026-10-01T09:18:33+08:00,btc-updown-5m-1790817300,https://polymarket.com/zh/event/btc-updown-5m-1790817300,09:15-09:20,97.00,4.00,96.00,3.00,313.33,1640.71,1647.75,348.33,96.50,3.50,1.00,1.00,20266.66,13815.11,15141.77,20151.66,96,3,3,96,83520.46,83609.94,,
2026-10-01T09:18:35+08:00,btc-updown-5m-1790817300,https://polymarket.com/zh/event/btc-updown-5m-1790817300,09:15-09:20,98.00,3.00,97.00,2.00,1447.10,1843.58,1699.31,789.99,97.50,2.50,1.00,1.00,19567.66,14825.01,14147.90,19562.66,97,2,2,97,83520.46,83607.70,,
2026-10-01T09:18:37+08:00,btc-updown-5m-1790817300,https://polymarket.com/zh/event/btc-updown-5m-1790817300,09:15-09:20,93.00,8.00,92.00,7.00,514.00,20.00,50.00,601.74,92.50,7.50,1.00,1.00,19577.66,15461.08,15137.79,19582.66,92,7,7,92,83520.46,83603.21,,
2026-10-01T09:18:39+08:00,btc-updown-5m-1790817300,https://polymarket.com/zh/event/btc-updown-5m-1790817300,09:15-09:20,93.00,8.00,92.00,7.00,300.00,78.00,110.66,314.86,92.50,7.50,1.00,1.00,20654.66,12941.09,13121.09,20242.66,92,7,7,92,83520.46,83578.00,,
2026-10-01T09:18:41+08:00,btc-updown-5m-1790817300,https://polymarket.com/zh/event/btc-updown-5m-1790817300,09:15-09:20,98.00,3.00,97.00,2.00,362.94,1082.77,1117.77,392.94,97.50,2.50,1.00,1.00,19541.52,9308.27,9265.51,19541.52,97,2,2,97,83520.46,83610.74,,
2026-10-01T09:18:43+08:00,btc-updown-5m-1790817300,https://polymarket.com/zh/event/btc-updown-5m-1790817300,09:15-09:20,98.00,3.00,97.00,2.00,364.86,912.12,882.12,332.10,97.50,2.50,1.00,1.00,19449.24,4279.18,4208.66,19349.24,97,2,2,97,83520.46,83610.74,,
2026-10-01T09:18:45+08:00,btc-updown-5m-1790817300,https://polymarket.com/zh/event/btc-updown-5m-1790817300,09:15-09:20,92.00,9.00,91.00,8.00,83.36,286.42,298.66,83.36,91.50,8.50,1.00,1.00,19326.24,9775.13,10052.13,19336.24,91,8,8,91,83520.46,83584.44,,
2026-10-01T09:18:47+08:00,btc-updown-5m-1790817300,https://polymarket.com/zh/event/btc-updown-5m-1790817300,09:15-09:20,92.00,9.00,91.00,8.00,303.00,515.13,319.44,83.88,91.50,8.50,1.00,1.00,19236.24,9237.53,9307.53,19450.24,91,8,8,91,83520.46,83584.44,,
2026-10-01T09:18:49+08:00,btc-updown-5m-1790817300,https://polymarket.com/zh/event/btc-updown-5m-1790817300,09:15-09:20,93.00,7.00,92.00,6.00,40.00,595.13,838.18,629.98,92.50,6.50,1.00,1.00,19221.24,9414.01,9409.01,19326.24,92,7,6,93,83520.46,83584.44,,
2026-10-01T09:18:51+08:00,btc-updown-5m-1790817300,https://polymarket.com/zh/event/btc-updown-5m-1790817300,09:15-09:20,94.00,7.00,93.00,6.00,473.53,326.31,283.75,458.53,93.50,6.50,1.00,1.00,19219.24,10418.69,10458.69,19204.24,93,6,6,93,83520.46,83584.44,,
2026-10-01T09:18:53+08:00,btc-updown-5m-1790817300,https://polymarket.com/zh/event/btc-updown-5m-1790817300,09:15-09:20,96.00,5.00,95.00,4.00,248.08,451.76,451.10,298.29,95.50,4.50,1.00,1.00,19204.24,10174.19,10249.40,19204.24,95,4,4,95,83520.46,83584.44,,
2026-10-01T09:18:55+08:00,btc-updown-5m-1790817300,https://polymarket.com/zh/event/btc-updown-5m-1790817300,09:15-09:20,95.00,6.00,94.00,5.00,352.07,422.07,70.64,167.00,94.50,5.50,1.00,1.00,18397.25,10168.19,9896.41,18607.25,92,5,5,92,83520.46,83583.01,,
2026-10-01T09:18:57+08:00,btc-updown-5m-1790817300,https://polymarket.com/zh/event/btc-updown-5m-1790817300,09:15-09:20,96.00,5.00,95.00,4.00,185.86,558.92,481.92,110.00,95.50,4.50,1.00,1.00,12494.22,9309.38,9054.41,12504.22,93,4,4,92,83520.46,83578.50,,
2026-10-01T09:18:59+08:00,btc-updown-5m-1790817300,https://polymarket.com/zh/event/btc-updown-5m-1790817300,09:15-09:20,97.00,4.00,96.00,3.00,43.50,643.40,643.40,52.94,96.50,3.50,1.00,1.00,12399.22,5558.32,5597.20,12409.22,93,3,3,93,83520.46,83578.51,,
2026-10-01T09:19:01+08:00,btc-updown-5m-1790817300,https://polymarket.com/zh/event/btc-updown-5m-1790817300,09:15-09:20,98.00,3.00,97.00,2.00,503.05,524.31,519.31,503.05,97.50,2.50,1.00,1.00,12479.22,4312.61,4312.61,12479.22,94,2,2,94,83520.46,83578.50,,
2026-10-01T09:19:04+08:00,btc-updown-5m-1790817300,https://polymarket.com/zh/event/btc-updown-5m-1790817300,09:15-09:20,99.00,2.00,98.00,1.00,3813.54,784.19,897.19,3839.32,98.50,1.50,1.00,1.00,12389.22,3813.54,3839.32,12379.22,96,1,1,96,83520.46,83578.51,,
2026-10-01T09:19:06+08:00,btc-updown-5m-1790817300,https://polymarket.com/zh/event/btc-updown-5m-1790817300,09:15-09:20,99.00,2.00,98.00,1.00,3523.10,599.80,559.82,3488.10,98.50,1.50,1.00,1.00,12379.22,3523.10,3488.10,12379.22,96,1,1,96,83520.46,83583.41,,
2026-10-01T09:19:08+08:00,btc-updown-5m-1790817300,https://polymarket.com/zh/event/btc-updown-5m-1790817300,09:15-09:20,99.00,2.00,98.00,1.00,3027.98,206.57,206.57,3017.87,98.50,1.50,1.00,1.00,12369.22,3027.98,3017.87,12469.22,96,1,1,96,83520.46,83583.41,,
2026-10-01T09:19:10+08:00,btc-updown-5m-1790817300,https://polymarket.com/zh/event/btc-updown-5m-1790817300,09:15-09:20,,1.00,99.00,,,9942.69,9923.81,,,,,,12379.22,,,12379.22,97,0,0,97,83520.46,83583.44,,
2026-10-01T09:19:12+08:00,btc-updown-5m-1790817300,https://polymarket.com/zh/event/btc-updown-5m-1790817300,09:15-09:20,,1.00,99.00,,,9933.85,9923.85,,,,,,12384.22,,,12379.22,98,0,0,98,83520.46,83594.91,,
2026-10-01T09:19:14+08:00,btc-updown-5m-1790817300,https://polymarket.com/zh/event/btc-updown-5m-1790817300,09:15-09:20,,1.00,99.00,,,15361.85,15261.85,,,,,,12379.22,,,12379.22,97,0,0,97,83520.46,83594.91,,
2026-10-01T09:19:16+08:00,btc-updown-5m-1790817300,https://polymarket.com/zh/event/btc-updown-5m-1790817300,09:15-09:20,,1.00,99.00,,,27079.85,26998.85,,,,,,12379.22,,,12379.22,97,0,0,97,83520.46,83594.91,,
2026-10-01T09:19:18+08:00,btc-updown-5m-1790817300,https://polymarket.com/zh/event/btc-updown-5m-1790817300,09:15-09:20,,1.00,99.00,,,27631.65,27522.22,,,,,,12394.22,,,12379.22,97,0,0,97,83520.46,83601.88,,
2026-10-01T09:19:20+08:00,btc-updown-5m-1790817300,https://polymarket.com/zh/event/btc-updown-5m-1790817300,09:15-09:20,,1.00,99.00,,,31830.27,31825.27,,,,,,12384.22,,,12394.22,97,0,0,97,83520.46,83607.05,,
2026-10-01T09:19:22+08:00,btc-updown-5m-1790817300,https://polymarket.com/zh/event/btc-updown-5m-1790817300,09:15-09:20,,1.00,99.00,,,31680.27,31680.27,,,,,,12384.22,,,12379.22,97,0,0,97,83520.46,83607.48,,
2026-10-01T09:19:24+08:00,btc-updown-5m-1790817300,https://polymarket.com/zh/event/btc-updown-5m-1790817300,09:15-09:20,,1.00,99.00,,,32276.07,31676.07,,,,,,12379.22,,,12389.22,97,0,0,97,83520.46,83596.40,,
2026-10-01T09:19:26+08:00,btc-updown-5m-1790817300,https://polymarket.com/zh/event/btc-updown-5m-1790817300,09:15-09:20,,1.00,99.00,,,32386.27,32386.27,,,,,,12379.22,,,12389.22,97,0,0,97,83520.46,83596.41,,
2026-10-01T09:19:28+08:00,btc-updown-5m-1790817300,https://polymarket.com/zh/event/btc-updown-5m-1790817300,09:15-09:20,,1.00,99.00,,,37066.27,37066.27,,,,,,12379.22,,,12389.22,97,0,0,97,83520.46,83607.53,,
2026-10-01T09:19:30+08:00,btc-updown-5m-1790817300,https://polymarket.com/zh/event/btc-updown-5m-1790817300,09:15-09:20,,1.00,99.00,,,39664.38,39718.28,,,,,,12374.22,,,12384.22,97,0,0,97,83520.46,83607.53,,
2026-10-01T09:19:32+08:00,btc-updown-5m-1790817300,https://polymarket.com/zh/event/btc-updown-5m-1790817300,09:15-09:20,,1.00,99.00,,,59132.38,59192.38,,,,,,12414.22,,,12424.22,97,0,0,97,83520.46,83588.03,,
2026-10-01T09:19:34+08:00,btc-updown-5m-1790817300,https://polymarket.com/zh/event/btc-updown-5m-1790817300,09:15-09:20,,1.00,99.00,,,59189.38,59189.38,,,,,,12414.22,,,12414.22,97,0,0,97,83520.46,83588.03,,
2026-10-01T09:19:36+08:00,btc-updown-5m-1790817300,https://polymarket.com/zh/event/btc-updown-5m-1790817300,09:15-09:20,,1.00,99.00,,,59738.72,59738.72,,,,,,12409.22,,,12409.22,97,0,0,97,83520.46,83587.77,,
2026-10-01T09:19:38+08:00,btc-updown-5m-1790817300,https://polymarket.com/zh/event/btc-updown-5m-1790817300,09:15-09:20,,1.00,99.00,,,60748.15,60748.15,,,,,,12409.22,,,12414.22,97,0,0,97,83520.46,83587.77,,
2026-10-01T09:19:40+08:00,btc-updown-5m-1790817300,https://polymarket.com/zh/event/btc-updown-5m-1790817300,09:15-09:20,,1.00,99.00,,,61813.66,61813.66,,,,,,12424.22,,,12414.22,97,0,0,97,83520.46,83587.77,,
2026-10-01T09:19:42+08:00,btc-updown-5m-1790817300,https://polymarket.com/zh/event/btc-updown-5m-1790817300,09:15-09:20,,1.00,99.00,,,66025.66,66025.66,,,,,,12414.22,,,12414.22,97,0,0,97,83520.46,83587.77,,
2026-10-01T09:19:44+08:00,btc-updown-5m-1790817300,https://polymarket.com/zh/event/btc-updown-5m-1790817300,09:15-09:20,,1.00,99.00,,,66360.66,66350.66,,,,,,12414.22,,,12409.22,97,0,0,97,83520.46,83587.78,,
2026-10-01T09:19:46+08:00,btc-updown-5m-1790817300,https://polymarket.com/zh/event/btc-updown-5m-1790817300,09:15-09:20,,1.00,99.00,,,66586.64,66436.64,,,,,,12049.22,,,12034.22,97,0,0,97,83520.46,83587.77,,
2026-10-01T09:19:48+08:00,btc-updown-5m-1790817300,https://polymarket.com/zh/event/btc-updown-5m-1790817300,09:15-09:20,,1.00,99.00,,,66591.64,66601.64,,,,,,12049.22,,,12034.22,97,0,0,97,83520.46,83587.77,,
2026-10-01T09:19:50+08:00,btc-updown-5m-1790817300,https://polymarket.com/zh/event/btc-updown-5m-1790817300,09:15-09:20,,1.00,99.00,,,66872.64,66872.64,,,,,,12034.22,,,12039.22,97,0,0,97,83520.46,83613.01,,
2026-10-01T09:19:52+08:00,btc-updown-5m-1790817300,https://polymarket.com/zh/event/btc-updown-5m-1790817300,09:15-09:20,,1.00,99.00,,,66762.64,66762.64,,,,,,12024.22,,,12034.22,97,0,0,97,83520.46,83621.52,,
2026-10-01T09:19:54+08:00,btc-updown-5m-1790817300,https://polymarket.com/zh/event/btc-updown-5m-1790817300,09:15-09:20,,1.00,99.00,,,77330.38,77330.38,,,,,,12034.22,,,12024.22,91,0,0,91,83520.46,83594.36,,
2026-10-01T09:19:56+08:00,btc-updown-5m-1790817300,https://polymarket.com/zh/event/btc-updown-5m-1790817300,09:15-09:20,,1.00,99.00,,,77338.28,77310.62,,,,,,3999.22,,,4009.22,91,0,0,91,83520.46,83581.98,,
2026-10-01T09:19:58+08:00,btc-updown-5m-1790817300,https://polymarket.com/zh/event/btc-updown-5m-1790817300,09:15-09:20,,1.00,99.00,,,89034.49,89034.49,,,,,,3907.22,,,3917.22,93,0,0,93,83520.46,83581.99,,
2026-10-01T09:20:00+08:00,btc-updown-5m-1790817600,https://polymarket.com/zh/event/btc-updown-5m-1790817600,09:20-09:25,50.00,44.00,49.00,43.00,6.11,30.00,157.66,5.00,49.50,43.50,1.00,1.00,139794.43,137290.01,137285.01,139284.43,48,47,41,55,83581.99,83581.99,,
2026-10-01T09:20:02+08:00,btc-updown-5m-1790817600,https://polymarket.com/zh/event/btc-updown-5m-1790817600,09:20-09:25,54.00,47.00,53.00,46.00,343.00,35.00,105.00,343.00,53.50,46.50,1.00,1.00,31029.43,24979.15,25041.45,31081.73,53,46,46,53,83581.99,83598.34,,
2026-10-01T09:20:04+08:00,btc-updown-5m-1790817600,https://polymarket.com/zh/event/btc-updown-5m-1790817600,09:20-09:25,54.00,47.00,53.00,46.00,40.10,752.19,846.19,40.10,53.50,46.50,1.00,1.00,32089.59,26853.45,26843.45,31989.59,53,46,46,53,83581.99,83602.70,,
2026-10-01T09:20:06+08:00,btc-updown-5m-1790817600,https://polymarket.com/zh/event/btc-updown-5m-1790817600,09:20-09:25,50.00,50.00,49.00,49.00,45.00,795.10,713.58,70.00,49.50,49.50,1.00,1.00,31606.73,26546.45,26446.45,31611.73,49,50,49,50,83581.99,83598.59,,
2026-10-01T09:20:08+08:00,btc-updown-5m-1790817600,https://polymarket.com/zh/event/btc-updown-5m-1790817600,09:20-09:25,56.00,45.00,55.00,44.00,193.83,1295.20,1210.20,193.83,55.50,44.50,1.00,1.00,31726.73,24431.45,24421.45,31721.73,55,44,44,55,83581.99,83601.60,,
2026-10-01T09:20:10+08:00,btc-updown-5m-1790817600,https://polymarket.com/zh/event/btc-updown-5m-1790817600,09:20-09:25,60.00,41.00,59.00,40.00,184.32,643.02,705.22,158.32,59.50,40.50,1.00,1.00,29582.59,24331.45,24331.45,29467.59,59,40,40,59,83581.99,83601.61,,
2026-10-01T09:20:12+08:00,btc-updown-5m-1790817600,https://polymarket.com/zh/event/btc-updown-5m-1790817600,09:20-09:25,60.00,41.00,59.00,40.00,434.47,55.00,325.12,503.66,59.50,40.50,1.00,1.00,29586.59,24370.45,24385.45,29601.59,59,40,40,59,83581.99,83603.22,,
2026-10-01T09:20:14+08:00,btc-updown-5m-1790817600,https://polymarket.com/zh/event/btc-updown-5m-1790817600,09:20-09:25,62.00,39.00,61.00,38.00,108.60,783.92,778.92,108.60,61.50,38.50,1.00,1.00,29586.59,24340.45,24345.45,29596.59,61,38,38,61,83581.99,83604.54,,
2026-10-01T09:20:16+08:00,btc-updown-5m-1790817600,https://polymarket.com/zh/event/btc-updown-5m-1790817600,09:20-09:25,61.00,40.00,60.00,39.00,75.00,1402.88,1397.88,75.00,60.50,39.50,1.00,1.00,30273.58,25012.44,25007.44,30268.58,60,39,39,60,83581.99,83609.42,,
2026-10-01T09:20:18+08:00,btc-updown-5m-1790817600,https://polymarket.com/zh/event/btc-updown-5m-1790817600,09:20-09:25,55.00,46.00,53.00,45.00,328.00,230.96,392.30,288.00,54.00,45.50,2.00,1.00,29553.58,24297.44,24287.44,29448.58,53,45,45,54,83581.99,83609.43,,
2026-10-01T09:20:20+08:00,btc-updown-5m-1790817600,https://polymarket.com/zh/event/btc-updown-5m-1790817600,09:20-09:25,51.00,50.00,50.00,49.00,1531.16,60.00,60.00,1531.16,50.50,49.50,1.00,1.00,28513.58,23742.44,23742.44,28513.58,50,49,49,50,83581.99,83597.38,,
2026-10-01T09:20:22+08:00,btc-updown-5m-1790817600,https://polymarket.com/zh/event/btc-updown-5m-1790817600,09:20-09:25,61.00,40.00,60.00,39.00,118.71,178.82,440.75,1208.56,60.50,39.50,1.00,1.00,28233.58,22935.44,22935.44,28333.58,60,39,39,60,83581.99,83609.42,,
2026-10-01T09:20:24+08:00,btc-updown-5m-1790817600,https://polymarket.com/zh/event/btc-updown-5m-1790817600,09:20-09:25,63.00,37.00,62.00,36.00,3.41,398.19,843.53,46.00,62.50,36.50,1.00,1.00,27938.58,22484.44,22484.44,28033.58,62,37,36,63,83581.99,83613.20,,
2026-10-01T09:20:27+08:00,btc-updown-5m-1790817600,https://polymarket.com/zh/event/btc-updown-5m-1790817600,09:20-09:25,59.00,42.00,58.00,41.00,161.34,75.00,313.00,492.15,58.50,41.50,1.00,1.00,27853.58,22592.44,22342.44,27603.58,58,41,41,58,83581.99,83614.16,,
2026-10-01T09:20:29+08:00,btc-updown-5m-1790817600,https://polymarket.com/zh/event/btc-updown-5m-1790817600,09:20-09:25,60.00,41.00,59.00,40.00,99.00,782.66,774.73,99.00,59.50,40.50,1.00,1.00,26978.58,21862.44,21872.44,26978.58,59,40,40,59,83581.99,83608.41,,
2026-10-01T09:20:31+08:00,btc-updown-5m-1790817600,https://polymarket.com/zh/event/btc-updown-5m-1790817600,09:20-09:25,60.00,41.00,59.00,40.00,124.46,775.78,765.19,84.46,59.50,40.50,1.00,1.00,26253.58,21152.44,21142.44,26353.58,59,40,40,59,83581.99,83608.87,,
2026-10-01T09:20:33+08:00,btc-updown-5m-1790817600,https://polymarket.com/zh/event/btc-updown-5m-1790817600,09:20-09:25,58.00,42.00,57.00,41.00,55.00,707.05,1440.23,40.00,57.50,41.50,1.00,1.00,25803.58,20637.44,20652.44,25818.58,57,42,41,58,83581.99,83608.87,,
2026-10-01T09:20:35+08:00,btc-updown-5m-1790817600,https://polymarket.com/zh/event/btc-updown-5m-1790817600,09:20-09:25,60.00,41.00,59.00,40.00,435.66,263.21,222.00,435.66,59.50,40.50,1.00,1.00,25428.58,20167.44,20162.44,25318.58,59,40,40,59,83581.99,83602.74,,
2026-10-01T09:20:37+08:00,btc-updown-5m-1790817600,https://polymarket.com/zh/event/btc-updown-5m-1790817600,09:20-09:25,60.00,41.00,59.00,40.00,484.88,243.00,243.00,439.88,59.50,40.50,1.00,1.00,25418.58,20157.44,20162.44,25333.58,59,40,40,59,83581.99,83602.74,,
2026-10-01T09:20:39+08:00,btc-updown-5m-1790817600,https://polymarket.com/zh/event/btc-updown-5m-1790817600,09:20-09:25,61.00,40.00,60.00,39.00,92.13,1698.56,1682.56,87.13,60.50,39.50,1.00,1.00,25423.58,20192.44,20192.44,25418.58,60,39,39,60,83581.99,83602.74,,
2026-10-01T09:20:41+08:00,btc-updown-5m-1790817600,https://polymarket.com/zh/event/btc-updown-5m-1790817600,09:20-09:25,62.00,39.00,61.00,38.00,80.00,869.48,874.48,80.00,61.50,38.50,1.00,1.00,25318.58,20202.44,20212.44,25428.58,61,38,38,61,83581.99,83602.75,,
2026-10-01T09:20:43+08:00,btc-updown-5m-1790817600,https://polymarket.com/zh/event/btc-updown-5m-1790817600,09:20-09:25,62.00,39.00,61.00,38.00,10.00,5.20,1942.39,2261.99,61.50,38.50,1.00,1.00,25373.58,20207.44,20162.44,25368.58,61,38,38,61,83581.99,83602.74,,
2026-10-01T09:20:45+08:00,btc-updown-5m-1790817600,https://polymarket.com/zh/event/btc-updown-5m-1790817600,09:20-09:25,65.00,36.00,64.00,35.00,87.00,796.99,66.66,72.00,64.50,35.50,1.00,1.00,25373.58,20142.44,20224.44,25478.58,64,35,35,64,83581.99,83614.69,,
2026-10-01T09:20:47+08:00,btc-updown-5m-1790817600,https://polymarket.com/zh/event/btc-updown-5m-1790817600,09:20-09:25,70.00,31.00,69.00,30.00,76.48,1436.06,1446.06,76.48,69.50,30.50,1.00,1.00,25288.58,17597.44,17607.44,25303.58,69,30,30,69,83581.99,83619.91,,
2026-10-01T09:20:49+08:00,btc-updown-5m-1790817600,https://polymarket.com/zh/event/btc-updown-5m-1790817600,09:20-09:25,70.00,31.00,69.00,30.00,84.85,1438.20,1438.20,84.85,69.50,30.50,1.00,1.00,25403.58,17607.44,17592.44,25393.58,69,30,30,69,83581.99,83621.04,,
2026-10-01T09:20:51+08:00,btc-updown-5m-1790817600,https://polymarket.com/zh/event/btc-updown-5m-1790817600,09:20-09:25,71.00,30.00,70.00,29.00,50.00,813.46,247.59,55.00,70.50,29.50,1.00,1.00,25403.58,17428.44,17433.44,25423.58,70,29,29,70,83581.99,83621.03,,
2026-10-01T09:20:53+08:00,btc-updown-5m-1790817600,https://polymarket.com/zh/event/btc-updown-5m-1790817600,09:20-09:25,73.00,28.00,72.00,27.00,31.00,1382.19,1407.19,146.00,72.50,27.50,1.00,1.00,25403.58,16981.44,16976.44,25313.58,72,27,27,72,83581.99,83624.98,,
2026-10-01T09:20:55+08:00,btc-updown-5m-1790817600,https://polymarket.com/zh/event/btc-updown-5m-1790817600,09:20-09:25,74.00,27.00,73.00,26.00,2118.29,326.20,276.20,2124.73,73.50,26.50,1.00,1.00,25173.58,16696.44,16691.44,25178.58,73,26,26,73,83581.99,83624.98,,
2026-10-01T09:20:57+08:00,btc-updown-5m-1790817600,https://polymarket.com/zh/event/btc-updown-5m-1790817600,09:20-09:25,74.00,27.00,73.00,26.00,2165.68,228.86,280.64,2020.68,73.50,26.50,1.00,1.00,24838.58,16446.44,16441.44,24948.58,73,26,26,73,83581.99,83624.98,,
2026-10-01T09:20:59+08:00,btc-updown-5m-1790817600,https://polymarket.com/zh/event/btc-updown-5m-1790817600,09:20-09:25,77.00,24.00,76.00,23.00,349.00,65.00,298.00,437.00,76.50,23.50,1.00,1.00,24595.58,16281.44,16276.44,24585.58,76,23,23,76,83581.99,83625.50,,
2026-10-01T09:21:01+08:00,btc-updown-5m-1790817600,https://polymarket.com/zh/event/btc-updown-5m-1790817600,09:20-09:25,76.00,25.00,75.00,24.00,623.15,246.00,196.00,613.15,75.50,24.50,1.00,1.00,22095.58,13931.44,13931.44,22110.58,75,24,24,75,83581.99,83631.46,,
2026-10-01T09:21:03+08:00,btc-updown-5m-1790817600,https://polymarket.com/zh/event/btc-updown-5m-1790817600,09:20-09:25,75.00,26.00,74.00,25.00,211.71,524.67,305.00,215.71,74.50,25.50,1.00,1.00,21106.58,14112.44,14147.44,21096.58,74,25,25,74,83581.99,83631.46,,
2026-10-01T09:21:05+08:00,btc-updown-5m-1790817600,https://polymarket.com/zh/event/btc-updown-5m-1790817600,09:20-09:25,75.00,26.00,74.00,25.00,270.00,419.15,449.15,220.00,74.50,25.50,1.00,1.00,21076.58,14154.44,14154.44,20986.58,74,25,25,74,83581.99,83631.47,,
2026-10-01T09:21:07+08:00,btc-updown-5m-1790817600,https://polymarket.com/zh/event/btc-updown-5m-1790817600,09:20-09:25,76.00,25.00,75.00,24.00,306.79,608.84,612.62,356.79,75.50,24.50,1.00,1.00,21071.58,14114.44,14114.44,21076.58,75,24,24,75,83581.99,83631.47,,
2026-10-01T09:21:09+08:00,btc-updown-5m-1790817600,https://polymarket.com/zh/event/btc-updown-5m-1790817600,09:20-09:25,79.00,22.00,78.00,21.00,1742.52,48.00,53.00,1747.52,78.50,21.50,1.00,1.00,20802.58,14089.44,14089.44,20902.58,78,21,21,78,83581.99,83624.99,,
2026-10-01T09:21:11+08:00,btc-updown-5m-1790817600,https://polymarket.com/zh/event/btc-updown-5m-1790817600,09:20-09:25,79.00,24.00,76.00,23.00,2067.72,5.00,10.00,922.16,77.50,23.50,3.00,1.00,20678.58,14180.44,14158.44,20683.58,75,21,23,75,83581.99,83630.76,,
2026-10-01T09:21:13+08:00,btc-updown-5m-1790817600,https://polymarket.com/zh/event/btc-updown-5m-1790817600,09:20-09:25,81.00,20.00,80.00,19.00,411.00,182.09,182.09,411.00,80.50,19.50,1.00,1.00,20683.58,14063.44,14063.44,20573.58,80,19,19,80,83581.99,83641.12,,
2026-10-01T09:21:15+08:00,btc-updown-5m-1790817600,https://polymarket.com/zh/event/btc-updown-5m-1790817600,09:20-09:25,78.00,23.00,77.00,22.00,196.58,95.00,93.22,564.07,77.50,22.50,1.00,1.00,21081.58,15137.54,14016.44,20971.58,77,22,22,77,83581.99,83637.73,,
2026-10-01T09:21:17+08:00,btc-updown-5m-1790817600,https://polymarket.com/zh/event/btc-updown-5m-1790817600,09:20-09:25,79.00,19.00,77.00,18.00,5.00,398.60,1232.32,35.00,78.00,18.50,2.00,1.00,20807.58,16375.43,16440.43,20690.58,77,20,18,81,83581.99,83629.94,,
2026-10-01T09:21:19+08:00,btc-updown-5m-1790817600,https://polymarket.com/zh/event/btc-updown-5m-1790817600,09:20-09:25,82.00,19.00,81.00,18.00,950.98,249.08,229.08,869.34,81.50,18.50,1.00,1.00,20685.58,16408.35,16408.35,20675.58,81,18,18,81,83581.99,83638.97,,
2026-10-01T09:21:21+08:00,btc-updown-5m-1790817600,https://polymarket.com/zh/event/btc-updown-5m-1790817600,09:20-09:25,83.00,24.00,82.00,23.00,2330.56,65.00,5.20,478.04,82.50,23.50,1.00,1.00,20795.58,16518.35,16458.35,20785.58,77,17,23,76,83581.99,83636.05,,
2026-10-01T09:21:23+08:00,btc-updown-5m-1790817600,https://polymarket.com/zh/event/btc-updown-5m-1790817600,09:20-09:25,75.00,26.00,74.00,25.00,356.64,203.55,210.18,466.64,74.50,25.50,1.00,1.00,20473.58,16656.35,16656.35,20473.58,74,25,25,74,83581.99,83622.29,,
2026-10-01T09:21:25+08:00,btc-updown-5m-1790817600,https://polymarket.com/zh/event/btc-updown-5m-1790817600,09:20-09:25,75.00,25.00,74.00,24.00,126.98,663.64,777.40,94.00,74.50,24.50,1.00,1.00,20473.58,16646.35,16834.35,20690.58,74,25,24,75,83581.99,83622.30,,
2026-10-01T09:21:27+08:00,btc-updown-5m-1790817600,https://polymarket.com/zh/event/btc-updown-5m-1790817600,09:20-09:25,79.00,22.00,78.00,21.00,1477.34,54.30,54.30,1487.34,78.50,21.50,1.00,1.00,20817.58,16864.35,16864.35,20802.58,78,21,21,78,83581.99,83628.93,,
2026-10-01T09:21:29+08:00,btc-updown-5m-1790817600,https://polymarket.com/zh/event/btc-updown-5m-1790817600,09:20-09:25,76.00,25.00,75.00,24.00,390.69,211.00,241.00,375.69,75.50,24.50,1.00,1.00,20802.58,16849.35,16849.35,20817.58,75,24,24,75,83581.99,83622.38,,
2026-10-01T09:21:31+08:00,btc-updown-5m-1790817600,https://polymarket.com/zh/event/btc-updown-5m-1790817600,09:20-09:25,76.00,25.00,75.00,24.00,1515.24,10.00,10.00,2678.24,75.50,24.50,1.00,1.00,20812.58,16849.35,16849.35,20802.58,75,24,24,74,83581.99,83623.76,,
2026-10-01T09:21:33+08:00,btc-updown-5m-1790817600,https://polymarket.com/zh/event/btc-updown-5m-1790817600,09:20-09:25,75.00,26.00,74.00,25.00,215.00,782.23,757.23,155.00,74.50,25.50,1.00,1.00,21133.58,16839.35,16839.35,21233.58,74,25,25,74,83581.99,83623.74,,
2026-10-01T09:21:35+08:00,btc-updown-5m-1790817600,https://polymarket.com/zh/event/btc-updown-5m-1790817600,09:20-09:25,70.00,31.00,69.00,30.00,718.42,359.72,125.00,263.71,69.50,30.50,1.00,1.00,21338.58,13349.36,13349.36,21228.58,69,30,30,69,83581.99,83622.29,,
2026-10-01T09:21:37+08:00,btc-updown-5m-1790817600,https://polymarket.com/zh/event/btc-updown-5m-1790817600,09:20-09:25,66.00,36.00,65.00,34.00,411.65,1313.93,200.28,667.29,65.50,35.00,1.00,2.00,21745.58,13217.36,13207.36,21730.58,65,32,33,64,83581.99,83612.85,,
2026-10-01T09:21:39+08:00,btc-updown-5m-1790817600,https://polymarket.com/zh/event/btc-updown-5m-1790817600,09:20-09:25,61.00,42.00,60.00,40.00,705.50,288.50,103.73,251.37,60.50,41.00,1.00,2.00,21652.78,13344.36,13334.36,21742.78,60,39,40,58,83581.99,83612.85,,
2026-10-01T09:21:41+08:00,btc-updown-5m-1790817600,https://polymarket.com/zh/event/btc-updown-5m-1790817600,09:20-09:25,54.00,46.00,52.00,45.00,137.47,283.97,88.14,45.43,53.00,45.50,2.00,1.00,22167.47,15389.36,15379.36,22157.47,52,46,45,54,83581.99,83609.69,,
2026-10-01T09:21:43+08:00,btc-updown-5m-1790817600,https://polymarket.com/zh/event/btc-updown-5m-1790817600,09:20-09:25,64.00,37.00,63.00,36.00,589.65,195.76,139.50,645.16,63.50,36.50,1.00,1.00,21765.33,14866.65,14880.13,21655.33,63,36,36,63,83581.99,83609.70,,
2026-10-01T09:21:45+08:00,btc-updown-5m-1790817600,https://polymarket.com/zh/event/btc-updown-5m-1790817600,09:20-09:25,59.00,42.00,58.00,41.00,475.64,33.48,121.52,1273.51,58.50,41.50,1.00,1.00,21758.61,15065.42,15055.42,21917.07,58,41,41,58,83581.99,83609.69,,
2026-10-01T09:21:47+08:00,btc-updown-5m-1790817600,https://polymarket.com/zh/event/btc-updown-5m-1790817600,09:20-09:25,48.00,52.00,45.00,51.00,155.22,226.89,98.33,85.00,46.50,51.50,3.00,1.00,21563.07,15610.42,15976.42,21642.76,45,52,51,47,83581.99,83586.51,,
2026-10-01T09:21:49+08:00,btc-updown-5m-1790817600,https://polymarket.com/zh/event/btc-updown-5m-1790817600,09:20-09:25,54.00,50.00,53.00,49.00,302.17,213.00,185.12,88.67,53.50,49.50,1.00,1.00,22854.79,16356.42,16371.42,22769.79,53,46,48,50,83581.99,83585.25,,
2026-10-01T09:21:51+08:00,btc-updown-5m-1790817600,https://polymarket.com/zh/event/btc-updown-5m-1790817600,09:20-09:25,53.00,48.00,52.00,47.00,201.77,1210.93,15.00,233.59,52.50,47.50,1.00,1.00,22959.15,16804.40,16824.40,23061.19,52,47,47,52,83581.99,83584.25,,
2026-10-01T09:21:53+08:00,btc-updown-5m-1790817600,https://polymarket.com/zh/event/btc-updown-5m-1790817600,09:20-09:25,48.00,53.00,47.00,52.00,421.71,526.97,51.73,48.63,47.50,52.50,1.00,1.00,22956.19,16884.28,16889.28,22961.19,47,52,52,47,83581.99,83583.09,,
2026-10-01T09:21:55+08:00,btc-updown-5m-1790817600,https://polymarket.com/zh/event/btc-updown-5m-1790817600,09:20-09:25,49.00,52.00,48.00,51.00,123.48,306.65,211.81,137.21,48.50,51.50,1.00,1.00,15595.72,17125.49,17140.49,20083.74,48,51,51,48,83581.99,83600.87,,
2026-10-01T09:21:57+08:00,btc-updown-5m-1790817600,https://polymarket.com/zh/event/btc-updown-5m-1790817600,09:20-09:25,50.00,51.00,49.00,50.00,40.77,593.00,598.42,39.22,49.50,50.50,1.00,1.00,19997.40,17080.19,17175.19,19992.40,49,50,50,49,83581.99,83599.06,,
2026-10-01T09:21:59+08:00,btc-updown-5m-1790817600,https://polymarket.com/zh/event/btc-updown-5m-1790817600,09:20-09:25,56.00,45.00,55.00,44.00,1535.80,868.17,100.05,203.69,55.50,44.50,1.00,1.00,19592.40,16575.19,16585.19,19607.40,55,44,44,55,83581.99,83599.06,,
2026-10-01T09:22:01+08:00,btc-updown-5m-1790817600,https://polymarket.com/zh/event/btc-updown-5m-1790817600,09:20-09:25,47.00,55.00,45.00,54.00,305.56,61.16,182.54,240.46,46.00,54.50,2.00,1.00,19797.53,22540.32,22539.14,19797.53,45,53,54,45,83581.99,83585.67,,
2026-10-01T09:22:03+08:00,btc-updown-5m-1790817600,https://polymarket.com/zh/event/btc-updown-5m-1790817600,09:20-09:25,48.00,53.00,47.00,52.00,196.84,269.95,167.92,50.47,47.50,52.50,1.00,1.00,20186.94,22587.97,22514.46,20181.94,47,52,52,47,83581.99,83584.90,,
2026-10-01T09:22:05+08:00,btc-updown-5m-1790817600,https://polymarket.com/zh/event/btc-updown-5m-1790817600,09:20-09:25,40.00,60.00,39.00,59.00,123.12,287.21,1054.31,20.00,39.50,59.50,1.00,1.00,19692.20,22158.52,22138.52,19687.20,39,59,59,40,83581.99,83584.90,,
2026-10-01T09:22:07+08:00,btc-updown-5m-1790817600,https://polymarket.com/zh/event/btc-updown-5m-1790817600,09:20-09:25,50.00,50.00,49.00,48.00,135.42,269.33,1858.43,222.36,49.50,49.00,1.00,2.00,20217.20,22549.12,22644.12,20207.20,49,50,48,50,83581.99,83590.27,,
2026-10-01T09:22:10+08:00,btc-updown-5m-1790817600,https://polymarket.com/zh/event/btc-updown-5m-1790817600,09:20-09:25,41.00,60.00,40.00,59.00,427.15,404.02,414.02,381.25,40.50,59.50,1.00,1.00,19735.46,22176.70,22176.70,19730.46,40,59,59,40,83581.99,83574.46,,
2026-10-01T09:22:12+08:00,btc-updown-5m-1790817600,https://polymarket.com/zh/event/btc-updown-5m-1790817600,09:20-09:25,41.00,60.00,40.00,59.00,347.06,358.94,383.94,262.06,40.50,59.50,1.00,1.00,19796.76,22191.70,22081.70,19786.76,40,59,59,40,83581.99,83577.99,,
2026-10-01T09:22:14+08:00,btc-updown-5m-1790817600,https://polymarket.com/zh/event/btc-updown-5m-1790817600,09:20-09:25,39.00,62.00,38.00,61.00,658.98,441.41,366.41,425.89,38.50,61.50,1.00,1.00,19766.76,22226.70,22041.70,19791.76,38,61,61,38,83581.99,83577.73,,
2026-10-01T09:22:16+08:00,btc-updown-5m-1790817600,https://polymarket.com/zh/event/btc-updown-5m-1790817600,09:20-09:25,40.00,64.00,36.00,63.00,45.00,5.43,105.97,382.13,38.00,63.50,4.00,1.00,19930.81,22146.70,22156.70,20081.81,36,59,63,36,83581.99,83577.73,,
2026-10-01T09:22:18+08:00,btc-updown-5m-1790817600,https://polymarket.com/zh/event/btc-updown-5m-1790817600,09:20-09:25,36.00,65.00,35.00,64.00,985.23,11.66,25.00,880.01,35.50,64.50,1.00,1.00,19974.81,22089.72,22204.72,19999.81,35,64,64,35,83581.99,83572.19,,
2026-10-01T09:22:20+08:00,btc-updown-5m-1790817600,https://polymarket.com/zh/event/btc-updown-5m-1790817600,09:20-09:25,35.00,66.00,34.00,65.00,932.17,10.00,31.40,962.96,34.50,65.50,1.00,1.00,15425.81,22049.72,22039.72,15420.81,34,65,65,34,83581.99,83572.18,,
2026-10-01T09:22:22+08:00,btc-updown-5m-1790817600,https://polymarket.com/zh/event/btc-updown-5m-1790817600,09:20-09:25,34.00,69.00,33.00,68.00,1990.51,5.00,141.92,450.00,33.50,68.50,1.00,1.00,15435.81,22139.72,21949.72,15046.81,33,66,68,30,83581.99,83572.17,,
2026-10-01T09:22:24+08:00,btc-updown-5m-1790817600,https://polymarket.com/zh/event/btc-updown-5m-1790817600,09:20-09:25,27.00,73.00,26.00,72.00,40.00,731.50,1734.53,10.00,26.50,72.50,1.00,1.00,17551.80,21949.72,22039.72,17551.80,26,73,71,27,83581.99,83567.53,,
2026-10-01T09:22:26+08:00,btc-updown-5m-1790817600,https://polymarket.com/zh/event/btc-updown-5m-1790817600,09:20-09:25,40.00,61.00,39.00,60.00,61.00,1292.07,1244.61,46.00,39.50,60.50,1.00,1.00,20469.80,22074.72,22169.72,20459.80,39,60,60,39,83581.99,83579.58,,
2026-10-01T09:22:28+08:00,btc-updown-5m-1790817600,https://polymarket.com/zh/event/btc-updown-5m-1790817600,09:20-09:25,37.00,64.00,36.00,63.00,638.67,156.05,166.05,565.95,36.50,63.50,1.00,1.00,19906.80,22084.72,22169.72,19916.80,36,63,63,36,83581.99,83579.59,,
2026-10-01T09:22:30+08:00,btc-updown-5m-1790817600,https://polymarket.com/zh/event/btc-updown-5m-1790817600,09:20-09:25,37.00,64.00,36.00,63.00,556.40,112.31,127.94,556.40,36.50,63.50,1.00,1.00,20374.80,22119.72,22129.72,20389.80,36,63,63,36,83581.99,83579.59,,
2026-10-01T09:22:32+08:00,btc-updown-5m-1790817600,https://polymarket.com/zh/event/btc-updown-5m-1790817600,09:20-09:25,30.00,74.00,29.00,73.00,805.32,82.00,49.29,489.48,29.50,73.50,1.00,1.00,17308.80,22019.72,22024.72,17323.80,29,70,73,26,83581.99,83570.71,,
2026-10-01T09:22:34+08:00,btc-updown-5m-1790817600,https://polymarket.com/zh/event/btc-updown-5m-1790817600,09:20-09:25,26.00,76.00,25.00,75.00,353.35,62.00,71.32,333.35,25.50,75.50,1.00,1.00,17551.80,21929.72,22019.72,17571.80,25,74,75,24,83581.99,83570.71,,
2026-10-01T09:22:36+08:00,btc-updown-5m-1790817600,https://polymarket.com/zh/event/btc-updown-5m-1790817600,09:20-09:25,20.00,81.00,19.00,80.00,168.70,356.97,470.38,117.70,19.50,80.50,1.00,1.00,17146.80,21909.72,22019.72,17136.80,19,79,80,19,83581.99,83570.71,,
2026-10-01T09:22:38+08:00,btc-updown-5m-1790817600,https://polymarket.com/zh/event/btc-updown-5m-1790817600,09:20-09:25,24.00,77.00,23.00,76.00,75.09,6.37,1111.59,625.85,23.50,76.50,1.00,1.00,16833.80,21904.72,21914.72,16833.80,23,76,76,23,83581.99,83579.59,,
2026-10-01T09:22:40+08:00,btc-updown-5m-1790817600,https://polymarket.com/zh/event/btc-updown-5m-1790817600,09:20-09:25,25.00,76.00,24.00,75.00,354.59,783.44,641.08,332.29,24.50,75.50,1.00,1.00,17260.37,21909.72,21919.72,17245.37,24,75,75,24,83581.99,83574.14,,
2026-10-01T09:22:42+08:00,btc-updown-5m-1790817600,https://polymarket.com/zh/event/btc-updown-5m-1790817600,09:20-09:25,22.00,79.00,21.00,78.00,401.51,35.00,237.21,311.51,21.50,78.50,1.00,1.00,17238.95,21909.72,21914.72,17315.95,21,78,78,21,83581.99,83574.29,,
2026-10-01T09:22:44+08:00,btc-updown-5m-1790817600,https://polymarket.com/zh/event/btc-updown-5m-1790817600,09:20-09:25,18.00,83.00,17.00,82.00,29.99,211.79,264.36,44.99,17.50,82.50,1.00,1.00,17036.34,21933.31,22028.31,17026.34,17,82,82,17,83581.99,83574.30,,
2026-10-01T09:22:46+08:00,btc-updown-5m-1790817600,https://polymarket.com/zh/event/btc-updown-5m-1790817600,09:20-09:25,27.00,74.00,24.00,73.00,20.00,809.79,274.00,85.31,25.50,73.50,3.00,1.00,17217.75,22074.79,22064.79,17197.75,24,73,73,26,83581.99,83577.85,,
2026-10-01T09:22:48+08:00,btc-updown-5m-1790817600,https://polymarket.com/zh/event/btc-updown-5m-1790817600,09:20-09:25,25.00,77.00,24.00,76.00,170.33,686.00,116.98,85.00,24.50,76.50,1.00,1.00,17222.92,22059.79,21964.79,17232.92,24,75,76,23,83581.99,83579.59,,
2026-10-01T09:22:50+08:00,btc-updown-5m-1790817600,https://polymarket.com/zh/event/btc-updown-5m-1790817600,09:20-09:25,23.00,80.00,21.00,78.00,277.36,100.82,76.13,165.93,22.00,79.00,2.00,2.00,17401.24,22074.79,22074.79,17254.24,21,77,78,20,83581.99,83579.59,,
2026-10-01T09:22:52+08:00,btc-updown-5m-1790817600,https://polymarket.com/zh/event/btc-updown-5m-1790817600,09:20-09:25,29.00,73.00,27.00,71.00,130.96,353.17,353.17,1.90,28.00,72.00,2.00,2.00,17616.13,21974.79,21974.79,17616.13,27,71,71,27,83581.99,83579.60,,
2026-10-01T09:22:54+08:00,btc-updown-5m-1790817600,https://polymarket.com/zh/event/btc-updown-5m-1790817600,09:20-09:25,28.00,74.00,27.00,73.00,424.55,307.83,34.55,285.00,27.50,73.50,1.00,1.00,17621.13,22083.57,22073.57,17621.13,27,72,73,26,83581.99,83579.59,,
2026-10-01T09:22:57+08:00,btc-updown-5m-1790817600,https://polymarket.com/zh/event/btc-updown-5m-1790817600,09:20-09:25,27.00,74.00,26.00,73.00,77.03,198.97,238.97,77.03,26.50,73.50,1.00,1.00,17689.80,21973.57,21958.57,17689.80,26,73,73,26,83581.99,83579.59,,
2026-10-01T09:22:59+08:00,btc-updown-5m-1790817600,https://polymarket.com/zh/event/btc-updown-5m-1790817600,09:20-09:25,27.00,73.00,26.00,72.00,226.83,196.96,108.23,191.23,26.50,72.50,1.00,1.00,17674.80,22058.57,22158.57,17674.80,26,73,72,27,83581.99,83579.59,,
2026-10-01T09:23:01+08:00,btc-updown-5m-1790817600,https://polymarket.com/zh/event/btc-updown-5m-1790817600,09:20-09:25,46.00,57.00,45.00,56.00,892.44,45.00,14.18,187.00,45.50,56.50,1.00,1.00,20097.30,22248.57,22238.57,20087.30,45,54,56,43,83581.99,83592.97,,
2026-10-01T09:23:03+08:00,btc-updown-5m-1790817600,https://polymarket.com/zh/event/btc-updown-5m-1790817600,09:20-09:25,36.00,65.00,35.00,64.00,88.68,377.00,257.04,78.68,35.50,64.50,1.00,1.00,20004.83,18628.57,18638.57,20019.83,35,64,63,35,83581.99,83587.85,,
2026-10-01T09:23:05+08:00,btc-updown-5m-1790817600,https://polymarket.com/zh/event/btc-updown-5m-1790817600,09:20-09:25,34.00,67.00,33.00,66.00,792.86,2.36,12.37,657.73,33.50,66.50,1.00,1.00,17608.79,18643.57,18628.57,17608.79,33,66,66,33,83581.99,83591.63,,
2026-10-01T09:23:08+08:00,btc-updown-5m-1790817600,https://polymarket.com/zh/event/btc-updown-5m-1790817600,09:20-09:25,47.00,53.00,46.00,52.00,198.87,349.67,281.73,124.36,46.50,52.50,1.00,1.00,20640.79,19133.57,19133.57,20635.79,46,53,52,47,83581.99,83591.63,,
2026-10-01T09:23:10+08:00,btc-updown-5m-1790817600,https://polymarket.com/zh/event/btc-updown-5m-1790817600,09:20-09:25,45.00,56.00,44.00,55.00,138.40,230.67,257.75,135.31,44.50,55.50,1.00,1.00,20130.79,18673.57,18668.57,20135.79,44,55,55,44,83581.99,83591.63,,
2026-10-01T09:23:12+08:00,btc-updown-5m-1790817600,https://polymarket.com/zh/event/btc-updown-5m-1790817600,09:20-09:25,45.00,56.00,44.00,55.00,133.44,319.98,314.98,133.44,44.50,55.50,1.00,1.00,20130.79,18673.57,18683.57,20145.79,44,55,55,44,83581.99,83591.63,,
2026-10-01T09:23:14+08:00,btc-updown-5m-1790817600,https://polymarket.com/zh/event/btc-updown-5m-1790817600,09:20-09:25,56.00,45.00,55.00,44.00,326.82,313.68,120.00,20.01,55.50,44.50,1.00,1.00,23660.80,21819.66,21869.66,23760.80,55,44,44,55,83581.99,83595.05,,
2026-10-01T09:23:16+08:00,btc-updown-5m-1790817600,https://polymarket.com/zh/event/btc-updown-5m-1790817600,09:20-09:25,61.00,40.00,60.00,39.00,287.69,42.97,42.97,287.69,60.50,39.50,1.00,1.00,23610.80,21623.85,21618.85,23600.80,60,39,39,60,83581.99,83606.87,,
2026-10-01T09:23:19+08:00,btc-updown-5m-1790817600,https://polymarket.com/zh/event/btc-updown-5m-1790817600,09:20-09:25,62.00,39.00,61.00,38.00,80.50,736.24,531.24,64.37,61.50,38.50,1.00,1.00,23600.80,21623.85,21623.85,23610.80,61,38,38,61,83581.99,83608.40,,
2026-10-01T09:23:21+08:00,btc-updown-5m-1790817600,https://polymarket.com/zh/event/btc-updown-5m-1790817600,09:20-09:25,69.00,32.00,66.00,31.00,354.81,252.07,507.42,138.45,67.50,31.50,3.00,1.00,23610.80,17296.85,17447.85,23595.80,66,31,31,68,83581.99,83608.40,,
2026-10-01T09:23:23+08:00,btc-updown-5m-1790817600,https://polymarket.com/zh/event/btc-updown-5m-1790817600,09:20-09:25,73.00,26.00,72.00,25.00,111.89,300.88,203.47,105.00,72.50,25.50,1.00,1.00,23481.52,17320.85,17330.85,23571.52,72,27,25,74,83581.99,83608.40,,
2026-10-01T09:23:26+08:00,btc-updown-5m-1790817600,https://polymarket.com/zh/event/btc-updown-5m-1790817600,09:20-09:25,57.00,41.00,56.00,40.00,266.34,468.32,155.06,150.80,56.50,40.50,1.00,1.00,23834.11,20366.87,20366.87,24679.11,56,43,40,59,83581.99,83591.63,,
2026-10-01T09:23:29+08:00,btc-updown-5m-1790817600,https://polymarket.com/zh/event/btc-updown-5m-1790817600,09:20-09:25,59.00,43.00,57.00,42.00,78.35,213.77,336.00,40.51,58.00,42.50,2.00,1.00,24258.13,20052.73,20129.73,24373.13,57,41,42,57,83581.99,83591.63,,
2026-10-01T09:23:31+08:00,btc-updown-5m-1790817600,https://polymarket.com/zh/event/btc-updown-5m-1790817600,09:20-09:25,53.00,49.00,52.00,48.00,155.28,273.28,2.43,182.05,52.50,48.50,1.00,1.00,24848.13,20607.73,20592.73,24848.13,52,46,48,51,83581.99,83591.63,,
2026-10-01T09:23:34+08:00,btc-updown-5m-1790817600,https://polymarket.com/zh/event/btc-updown-5m-1790817600,09:20-09:25,72.00,29.00,71.00,28.00,144.80,151.11,268.85,236.96,71.50,28.50,1.00,1.00,26604.24,15032.53,15032.53,26404.24,71,28,28,71,83581.99,83605.20,,
2026-10-01T09:23:36+08:00,btc-updown-5m-1790817600,https://polymarket.com/zh/event/btc-updown-5m-1790817600,09:20-09:25,79.00,22.00,78.00,21.00,121.38,556.49,526.49,70.38,78.50,21.50,1.00,1.00,26404.24,13644.43,13744.43,26414.24,78,21,21,78,83581.99,83605.21,,
2026-10-01T09:23:38+08:00,btc-updown-5m-1790817600,https://polymarket.com/zh/event/btc-updown-5m-1790817600,09:20-09:25,72.00,29.00,71.00,28.00,784.27,177.41,205.21,784.27,71.50,28.50,1.00,1.00,26450.29,13803.43,13803.43,26440.29,71,28,28,71,83581.99,83605.20,,
2026-10-01T09:23:40+08:00,btc-updown-5m-1790817600,https://polymarket.com/zh/event/btc-updown-5m-1790817600,09:20-09:25,75.00,27.00,73.00,26.00,153.33,121.13,46.00,318.00,74.00,26.50,2.00,1.00,27356.95,14091.43,14303.43,27351.95,73,25,26,73,83581.99,83605.20,,
2026-10-01T09:23:42+08:00,btc-updown-5m-1790817600,https://polymarket.com/zh/event/btc-updown-5m-1790817600,09:20-09:25,88.00,13.00,87.00,12.00,68.68,323.66,268.19,188.62,87.50,12.50,1.00,1.00,26450.29,15127.53,15756.53,26435.29,86,11,12,87,83581.99,83605.20,,
2026-10-01T09:23:45+08:00,btc-updown-5m-1790817600,https://polymarket.com/zh/event/btc-updown-5m-1790817600,09:20-09:25,91.00,10.00,89.00,9.00,548.66,178.09,301.00,375.14,90.00,9.50,2.00,1.00,23081.30,15074.43,15268.43,23091.30,89,9,9,90,83581.99,83609.70,,
2026-10-01T09:23:47+08:00,btc-updown-5m-1790817600,https://polymarket.com/zh/event/btc-updown-5m-1790817600,09:20-09:25,95.00,6.00,94.00,5.00,1134.69,55.00,45.64,1187.95,94.50,5.50,1.00,1.00,22653.30,14511.62,14421.88,22653.30,94,5,5,93,83581.99,83619.91,,
2026-10-01T09:23:49+08:00,btc-updown-5m-1790817600,https://polymarket.com/zh/event/btc-updown-5m-1790817600,09:20-09:25,95.00,6.00,94.00,5.00,926.90,166.64,199.98,912.84,94.50,5.50,1.00,1.00,22653.30,14358.83,14354.77,22653.30,94,5,5,94,83581.99,83619.91,,
2026-10-01T09:23:51+08:00,btc-updown-5m-1790817600,https://polymarket.com/zh/event/btc-updown-5m-1790817600,09:20-09:25,94.00,6.00,93.00,5.00,10.00,224.62,587.79,609.28,93.50,5.50,1.00,1.00,22536.30,13936.58,14013.51,22536.30,93,6,5,94,83581.99,83615.88,,
2026-10-01T09:23:53+08:00,btc-updown-5m-1790817600,https://polymarket.com/zh/event/btc-updown-5m-1790817600,09:20-09:25,95.00,6.00,94.00,5.00,97.89,590.08,555.08,145.13,94.50,5.50,1.00,1.00,22536.30,13277.86,13345.10,22636.30,94,5,5,94,83581.99,83616.14,,
2026-10-01T09:23:55+08:00,btc-updown-5m-1790817600,https://polymarket.com/zh/event/btc-updown-5m-1790817600,09:20-09:25,96.00,5.00,95.00,4.00,636.50,472.62,241.88,647.55,95.50,4.50,1.00,1.00,22526.30,13094.94,12487.66,21929.31,95,4,4,94,83581.99,83616.14,,
2026-10-01T09:23:57+08:00,btc-updown-5m-1790817600,https://polymarket.com/zh/event/btc-updown-5m-1790817600,09:20-09:25,97.00,4.00,96.00,3.00,638.56,409.02,369.02,592.48,96.50,3.50,1.00,1.00,14811.26,5527.64,5536.56,14901.26,95,3,3,95,83581.99,83619.91,,
2026-10-01T09:23:59+08:00,btc-updown-5m-1790817600,https://polymarket.com/zh/event/btc-updown-5m-1790817600,09:20-09:25,97.00,4.00,96.00,3.00,353.95,42.64,97.64,378.95,96.50,3.50,1.00,1.00,14708.26,5316.77,5311.77,14723.26,95,3,3,95,83581.99,83619.03,,
2026-10-01T09:24:01+08:00,btc-updown-5m-1790817600,https://polymarket.com/zh/event/btc-updown-5m-1790817600,09:20-09:25,98.00,3.00,97.00,2.00,1041.06,573.89,573.89,947.96,97.50,2.50,1.00,1.00,14608.26,5021.54,4952.18,14009.26,96,2,2,95,83581.99,83619.02,,
2026-10-01T09:24:03+08:00,btc-updown-5m-1790817600,https://polymarket.com/zh/event/btc-updown-5m-1790817600,09:20-09:25,98.00,3.00,97.00,2.00,425.94,653.91,658.91,449.68,97.50,2.50,1.00,1.00,13962.36,4406.42,4458.90,13962.36,93,2,2,93,83581.99,83619.03,,
2026-10-01T09:24:05+08:00,btc-updown-5m-1790817600,https://polymarket.com/zh/event/btc-updown-5m-1790817600,09:20-09:25,99.00,2.00,98.00,1.00,3474.22,564.60,529.60,3474.16,98.50,1.50,1.00,1.00,13962.36,3474.22,3474.16,13877.36,94,1,1,94,83581.99,83619.02,,
2026-10-01T09:24:07+08:00,btc-updown-5m-1790817600,https://polymarket.com/zh/event/btc-updown-5m-1790817600,09:20-09:25,99.00,2.00,98.00,1.00,3305.32,762.33,762.33,3305.32,98.50,1.50,1.00,1.00,13862.36,3305.32,3305.32,13962.36,94,1,1,94,83581.99,83619.02,,
2026-10-01T09:24:09+08:00,btc-updown-5m-1790817600,https://polymarket.com/zh/event/btc-updown-5m-1790817600,09:20-09:25,99.00,2.00,98.00,1.00,2975.04,760.92,850.92,2975.04,98.50,1.50,1.00,1.00,13977.36,2975.04,2975.04,13962.36,95,1,1,95,83581.99,83619.75,,
2026-10-01T09:24:11+08:00,btc-updown-5m-1790817600,https://polymarket.com/zh/event/btc-updown-5m-1790817600,09:20-09:25,99.00,2.00,98.00,1.00,1682.07,826.68,816.68,1652.07,98.50,1.50,1.00,1.00,13955.36,1682.07,1652.07,13960.36,94,1,1,95,83581.99,83619.75,,
2026-10-01T09:24:13+08:00,btc-updown-5m-1790817600,https://polymarket.com/zh/event/btc-updown-5m-1790817600,09:20-09:25,99.00,2.00,98.00,1.00,1307.25,722.68,727.68,1169.25,98.50,1.50,1.00,1.00,13955.36,1307.25,1169.25,13945.36,94,1,1,94,83581.99,83619.75,,
2026-10-01T09:24:15+08:00,btc-updown-5m-1790817600,https://polymarket.com/zh/event/btc-updown-5m-1790817600,09:20-09:25,,1.00,99.00,,,10218.89,10241.27,,,,,,13860.36,,,13855.36,95,0,0,94,83581.99,83619.75,,
2026-10-01T09:24:17+08:00,btc-updown-5m-1790817600,https://polymarket.com/zh/event/btc-updown-5m-1790817600,09:20-09:25,,1.00,99.00,,,11093.45,11103.45,,,,,,13855.36,,,13870.36,94,0,0,94,83581.99,83619.85,,
2026-10-01T09:24:19+08:00,btc-updown-5m-1790817600,https://polymarket.com/zh/event/btc-updown-5m-1790817600,09:20-09:25,,1.00,99.00,,,14295.42,14295.42,,,,,,13860.36,,,13870.36,95,0,0,95,83581.99,83618.30,,
2026-10-01T09:24:21+08:00,btc-updown-5m-1790817600,https://polymarket.com/zh/event/btc-updown-5m-1790817600,09:20-09:25,,1.00,99.00,,,18850.00,18950.00,,,,,,13855.36,,,13865.36,94,0,0,94,83581.99,83604.38,,
2026-10-01T09:24:23+08:00,btc-updown-5m-1790817600,https://polymarket.com/zh/event/btc-updown-5m-1790817600,09:20-09:25,,1.00,99.00,,,24731.00,24731.00,,,,,,13870.36,,,13855.36,94,0,0,94,83581.99,83607.07,,
2026-10-01T09:24:25+08:00,btc-updown-5m-1790817600,https://polymarket.com/zh/event/btc-updown-5m-1790817600,09:20-09:25,,1.00,99.00,,,28709.21,28669.01,,,,,,13855.36,,,13855.36,94,0,0,94,83581.99,83608.50,,
2026-10-01T09:24:27+08:00,btc-updown-5m-1790817600,https://polymarket.com/zh/event/btc-updown-5m-1790817600,09:20-09:25,,1.00,99.00,,,28889.26,28959.26,,,,,,13855.36,,,13855.36,94,0,0,94,83581.99,83607.69,,
2026-10-01T09:24:29+08:00,btc-updown-5m-1790817600,https://polymarket.com/zh/event/btc-updown-5m-1790817600,09:20-09:25,,1.00,99.00,,,30562.51,30562.51,,,,,,13855.36,,,13855.36,94,0,0,94,83581.99,83605.62,,
2026-10-01T09:24:32+08:00,btc-updown-5m-1790817600,https://polymarket.com/zh/event/btc-updown-5m-1790817600,09:20-09:25,,1.00,99.00,,,29836.00,29836.00,,,,,,13895.36,,,13895.36,95,0,0,95,83581.99,83605.62,,
2026-10-01T09:24:34+08:00,btc-updown-5m-1790817600,https://polymarket.com/zh/event/btc-updown-5m-1790817600,09:20-09:25,,1.00,99.00,,,29929.01,29929.01,,,,,,13890.36,,,13890.36,95,0,0,95,83581.99,83604.03,,
2026-10-01T09:24:36+08:00,btc-updown-5m-1790817600,https://polymarket.com/zh/event/btc-updown-5m-1790817600,09:20-09:25,,1.00,99.00,,,31075.61,31060.61,,,,,,13895.36,,,13890.36,95,0,0,95,83581.99,83603.57,,
2026-10-01T09:24:38+08:00,btc-updown-5m-1790817600,https://polymarket.com/zh/event/btc-updown-5m-1790817600,09:20-09:25,,1.00,99.00,,,31184.67,31184.67,,,,,,13900.36,,,13890.36,95,0,0,95,83581.99,83603.57,,
2026-10-01T09:24:40+08:00,btc-updown-5m-1790817600,https://polymarket.com/zh/event/btc-updown-5m-1790817600,09:20-09:25,,1.00,99.00,,,31686.67,31179.67,,,,,,13900.36,,,13890.36,95,0,0,95,83581.99,83608.33,,
2026-10-01T09:24:42+08:00,btc-updown-5m-1790817600,https://polymarket.com/zh/event/btc-updown-5m-1790817600,09:20-09:25,,1.00,99.00,,,34696.67,34686.67,,,,,,13895.36,,,13900.36,95,0,0,95,83581.99,83608.33,,
2026-10-01T09:24:44+08:00,btc-updown-5m-1790817600,https://polymarket.com/zh/event/btc-updown-5m-1790817600,09:20-09:25,,1.00,99.00,,,51974.81,51969.81,,,,,,13899.34,,,13884.34,95,0,0,95,83581.99,83606.24,,
2026-10-01T09:24:46+08:00,btc-updown-5m-1790817600,https://polymarket.com/zh/event/btc-updown-5m-1790817600,09:20-09:25,,1.00,99.00,,,52540.51,52540.51,,,,,,13589.34,,,13584.34,95,0,0,95,83581.99,83590.83,,
2026-10-01T09:24:48+08:00,btc-updown-5m-1790817600,https://polymarket.com/zh/event/btc-updown-5m-1790817600,09:20-09:25,,1.00,99.00,,,52419.51,52419.51,,,,,,13584.34,,,13589.34,94,0,0,94,83581.99,83590.83,,
2026-10-01T09:24:50+08:00,btc-updown-5m-1790817600,https://polymarket.com/zh/event/btc-updown-5m-1790817600,09:20-09:25,,1.00,99.00,,,58674.81,58674.81,,,,,,13589.34,,,13599.34,94,0,0,94,83581.99,83615.74,,
2026-10-01T09:24:52+08:00,btc-updown-5m-1790817600,https://polymarket.com/zh/event/btc-updown-5m-1790817600,09:20-09:25,,1.00,99.00,,,59814.24,59734.24,,,,,,13584.34,,,13574.34,94,0,0,94,83581.99,83620.34,,
2026-10-01T09:24:54+08:00,btc-updown-5m-1790817600,https://polymarket.com/zh/event/btc-updown-5m-1790817600,09:20-09:25,,1.00,99.00,,,70079.24,70079.24,,,,,,13579.34,,,13589.34,94,0,0,94,83581.99,83620.34,,
2026-10-01T09:24:56+08:00,btc-updown-5m-1790817600,https://polymarket.com/zh/event/btc-updown-5m-1790817600,09:20-09:25,,1.00,99.00,,,70025.76,70025.76,,,,,,5604.34,,,5609.34,92,0,0,92,83581.99,83620.34,,
2026-10-01T09:24:59+08:00,btc-updown-5m-1790817600,https://polymarket.com/zh/event/btc-updown-5m-1790817600,09:20-09:25,,1.00,99.00,,,81393.91,71408.91,,,,,,5549.34,,,5549.34,92,0,0,83,83581.99,83616.24,,
2026-10-01T09:25:01+08:00,btc-updown-5m-1790817900,https://polymarket.com/zh/event/btc-updown-5m-1790817900,09:25-09:30,48.00,53.00,47.00,52.00,55.82,33.56,33.56,10.00,47.50,52.50,1.00,1.00,28026.43,24779.15,24869.15,28016.43,47,52,52,47,83619.17,83619.17,,
2026-10-01T09:25:03+08:00,btc-updown-5m-1790817900,https://polymarket.com/zh/event/btc-updown-5m-1790817900,09:25-09:30,50.00,51.00,49.00,50.00,950.14,269.86,299.86,985.14,49.50,50.50,1.00,1.00,31401.91,27159.71,27149.71,31391.91,49,50,50,49,83619.17,83619.17,,
2026-10-01T09:25:05+08:00,btc-updown-5m-1790817900,https://polymarket.com/zh/event/btc-updown-5m-1790817900,09:25-09:30,50.00,51.00,49.00,50.00,1946.67,103.86,103.86,1956.67,49.50,50.50,1.00,1.00,31489.91,27232.71,27227.71,31689.91,49,50,50,49,83619.17,83614.09,,
2026-10-01T09:25:07+08:00,btc-updown-5m-1790817900,https://polymarket.com/zh/event/btc-updown-5m-1790817900,09:25-09:30,50.00,51.00,49.00,50.00,2143.67,40.00,40.00,2143.67,49.50,50.50,1.00,1.00,31709.91,27347.71,27342.71,31699.91,49,50,50,49,83619.17,83612.82,,
2026-10-01T09:25:09+08:00,btc-updown-5m-1790817900,https://polymarket.com/zh/event/btc-updown-5m-1790817900,09:25-09:30,50.00,51.00,49.00,50.00,952.23,386.30,376.30,942.23,49.50,50.50,1.00,1.00,29709.91,25342.71,25337.71,29699.91,49,50,50,49,83619.17,83614.50,,
2026-10-01T09:25:11+08:00,btc-updown-5m-1790817900,https://polymarket.com/zh/event/btc-updown-5m-1790817900,09:25-09:30,46.00,55.00,45.00,54.00,1133.99,54.27,54.27,1152.99,45.50,54.50,1.00,1.00,29209.91,25392.71,25377.71,29204.91,45,54,54,45,83619.17,83605.38,,
2026-10-01T09:25:13+08:00,btc-updown-5m-1790817900,https://polymarket.com/zh/event/btc-updown-5m-1790817900,09:25-09:30,47.00,54.00,46.00,53.00,30.00,830.79,765.79,35.00,46.50,53.50,1.00,1.00,25308.91,28951.71,28861.71,25313.91,46,53,53,46,83619.17,83607.02,,
2026-10-01T09:25:15+08:00,btc-updown-5m-1790817900,https://polymarket.com/zh/event/btc-updown-5m-1790817900,09:25-09:30,48.00,53.00,47.00,52.00,161.99,767.22,777.22,151.99,47.50,52.50,1.00,1.00,25313.91,28856.71,28861.71,25358.91,47,52,52,47,83619.17,83607.01,,
2026-10-01T09:25:17+08:00,btc-updown-5m-1790817900,https://polymarket.com/zh/event/btc-updown-5m-1790817900,09:25-09:30,48.00,53.00,47.00,52.00,211.99,620.65,620.65,266.99,47.50,52.50,1.00,1.00,25995.90,29538.70,29653.70,26000.90,47,52,52,47,83619.17,83607.01,,
2026-10-01T09:25:19+08:00,btc-updown-5m-1790817900,https://polymarket.com/zh/event/btc-updown-5m-1790817900,09:25-09:30,48.00,53.00,47.00,52.00,272.57,409.50,409.50,272.57,47.50,52.50,1.00,1.00,25285.90,28928.70,28918.70,25275.90,47,52,52,47,83619.17,83607.01,,
2026-10-01T09:25:21+08:00,btc-updown-5m-1790817900,https://polymarket.com/zh/event/btc-updown-5m-1790817900,09:25-09:30,48.00,53.00,47.00,52.00,90.57,1364.90,1374.90,110.57,47.50,52.50,1.00,1.00,24090.90,27818.70,27593.70,24050.90,47,52,52,47,83619.17,83607.01,,
2026-10-01T09:25:23+08:00,btc-updown-5m-1790817900,https://polymarket.com/zh/event/btc-updown-5m-1790817900,09:25-09:30,48.00,53.00,47.00,52.00,193.48,281.25,281.25,193.48,47.50,52.50,1.00,1.00,24055.90,27603.70,27593.70,24050.90,47,52,52,47,83619.17,83607.01,,
2026-10-01T09:25:25+08:00,btc-updown-5m-1790817900,https://polymarket.com/zh/event/btc-updown-5m-1790817900,09:25-09:30,48.00,53.00,47.00,52.00,38.48,1482.17,642.17,38.48,47.50,52.50,1.00,1.00,23570.90,27113.70,27223.70,23585.90,47,52,52,47,83619.17,83608.41,,
2026-10-01T09:25:27+08:00,btc-updown-5m-1790817900,https://polymarket.com/zh/event/btc-updown-5m-1790817900,09:25-09:30,47.00,54.00,46.00,53.00,377.42,1636.00,1636.00,427.42,46.50,53.50,1.00,1.00,23330.90,26973.70,26893.70,23330.90,46,53,53,46,83619.17,83608.41,,
2026-10-01T09:25:29+08:00,btc-updown-5m-1790817900,https://polymarket.com/zh/event/btc-updown-5m-1790817900,09:25-09:30,50.00,51.00,49.00,50.00,797.22,1944.80,1730.07,202.21,49.50,50.50,1.00,1.00,22610.90,26253.70,25653.70,22645.90,49,50,50,49,83619.17,83613.19,,
2026-10-01T09:25:31+08:00,btc-updown-5m-1790817900,https://polymarket.com/zh/event/btc-updown-5m-1790817900,09:25-09:30,50.00,51.00,49.00,50.00,156.71,1546.77,1566.77,156.71,49.50,50.50,1.00,1.00,22140.90,25633.70,25388.70,21885.90,49,50,50,49,83619.17,83614.99,,
2026-10-01T09:25:33+08:00,btc-updown-5m-1790817900,https://polymarket.com/zh/event/btc-updown-5m-1790817900,09:25-09:30,55.00,46.00,54.00,45.00,31.00,1408.05,458.05,66.00,54.50,45.50,1.00,1.00,21460.90,24358.70,24373.70,21470.90,54,45,45,54,83619.17,83614.98,,
2026-10-01T09:25:35+08:00,btc-updown-5m-1790817900,https://polymarket.com/zh/event/btc-updown-5m-1790817900,09:25-09:30,52.00,49.00,51.00,48.00,781.17,35.00,117.00,791.17,51.50,48.50,1.00,1.00,26040.90,21298.70,21288.70,26035.90,51,48,48,51,83619.17,83620.37,,
2026-10-01T09:25:38+08:00,btc-updown-5m-1790817900,https://polymarket.com/zh/event/btc-updown-5m-1790817900,09:25-09:30,47.00,54.00,46.00,53.00,94.00,1453.90,658.90,94.00,46.50,53.50,1.00,1.00,26090.90,21123.70,21113.70,26090.90,46,53,53,46,83619.17,83611.29,,
2026-10-01T09:25:40+08:00,btc-updown-5m-1790817900,https://polymarket.com/zh/event/btc-updown-5m-1790817900,09:25-09:30,48.00,53.00,47.00,52.00,148.42,587.97,637.97,188.42,47.50,52.50,1.00,1.00,26090.90,21213.70,21213.70,26095.90,47,52,52,47,83619.17,83611.25,,
2026-10-01T09:25:42+08:00,btc-updown-5m-1790817900,https://polymarket.com/zh/event/btc-updown-5m-1790817900,09:25-09:30,48.00,53.00,47.00,52.00,70.58,1269.86,1254.86,70.58,47.50,52.50,1.00,1.00,26105.90,21228.70,21218.70,26085.90,47,52,52,47,83619.17,83611.25,,
2026-10-01T09:25:44+08:00,btc-updown-5m-1790817900,https://polymarket.com/zh/event/btc-updown-5m-1790817900,09:25-09:30,43.00,58.00,42.00,57.00,787.08,1299.09,61.00,20.00,42.50,57.50,1.00,1.00,25580.90,20733.70,20733.70,25565.90,42,57,55,42,83619.17,83613.77,,
2026-10-01T09:25:46+08:00,btc-updown-5m-1790817900,https://polymarket.com/zh/event/btc-updown-5m-1790817900,09:25-09:30,46.00,55.00,45.00,54.00,208.26,94.78,274.00,313.26,45.50,54.50,1.00,1.00,21085.90,24523.70,24473.70,21100.90,45,54,54,45,83619.17,83608.50,,
2026-10-01T09:25:48+08:00,btc-updown-5m-1790817900,https://polymarket.com/zh/event/btc-updown-5m-1790817900,09:25-09:30,46.00,55.00,45.00,54.00,175.39,167.06,167.06,175.39,45.50,54.50,1.00,1.00,21100.90,24473.70,24363.70,21085.90,45,54,54,45,83619.17,83608.67,,
2026-10-01T09:25:50+08:00,btc-updown-5m-1790817900,https://polymarket.com/zh/event/btc-updown-5m-1790817900,09:25-09:30,46.00,55.00,45.00,54.00,279.38,344.56,344.56,279.38,45.50,54.50,1.00,1.00,21090.90,24378.70,24363.70,21085.90,45,54,54,45,83619.17,83609.46,,
2026-10-01T09:25:52+08:00,btc-updown-5m-1790817900,https://polymarket.com/zh/event/btc-updown-5m-1790817900,09:25-09:30,46.00,55.00,45.00,54.00,229.00,219.56,252.30,229.00,45.50,54.50,1.00,1.00,21090.90,24363.70,24363.70,21085.90,45,54,54,45,83619.17,83609.45,,
2026-10-01T09:25:54+08:00,btc-updown-5m-1790817900,https://polymarket.com/zh/event/btc-updown-5m-1790817900,09:25-09:30,46.00,55.00,45.00,54.00,290.78,301.56,306.56,301.89,45.50,54.50,1.00,1.00,20850.90,24128.70,24123.70,20845.90,45,54,54,45,83619.17,83609.45,,
2026-10-01T09:25:56+08:00,btc-updown-5m-1790817900,https://polymarket.com/zh/event/btc-updown-5m-1790817900,09:25-09:30,46.00,51.00,45.00,50.00,149.00,5.00,456.56,75.00,45.50,50.50,1.00,1.00,20850.90,24228.70,23983.70,20605.90,45,54,50,49,83619.17,83609.46,,
2026-10-01T09:25:58+08:00,btc-updown-5m-1790817900,https://polymarket.com/zh/event/btc-updown-5m-1790817900,09:25-09:30,50.00,51.00,49.00,50.00,353.35,203.16,203.16,312.35,49.50,50.50,1.00,1.00,20605.90,24208.70,24123.70,20615.90,49,50,50,49,83619.17,83609.46,,
2026-10-01T09:26:00+08:00,btc-updown-5m-1790817900,https://polymarket.com/zh/event/btc-updown-5m-1790817900,09:25-09:30,52.00,49.00,51.00,48.00,10.00,325.74,79.16,48.07,51.50,48.50,1.00,1.00,20975.90,23933.70,24093.70,20665.90,51,48,48,51,83619.17,83609.45,,
2026-10-01T09:26:02+08:00,btc-updown-5m-1790817900,https://polymarket.com/zh/event/btc-updown-5m-1790817900,09:25-09:30,52.00,49.00,51.00,48.00,618.14,128.00,128.00,728.87,51.50,48.50,1.00,1.00,22950.90,18253.70,18243.70,22850.90,51,48,48,51,83619.17,83609.45,,
2026-10-01T09:26:04+08:00,btc-updown-5m-1790817900,https://polymarket.com/zh/event/btc-updown-5m-1790817900,09:25-09:30,52.00,49.00,51.00,48.00,806.87,213.00,213.00,797.25,51.50,48.50,1.00,1.00,22955.90,18248.70,18243.70,22845.90,51,48,48,51,83619.17,83609.46,,
2026-10-01T09:26:06+08:00,btc-updown-5m-1790817900,https://polymarket.com/zh/event/btc-updown-5m-1790817900,09:25-09:30,52.00,49.00,51.00,48.00,1986.27,20.00,20.00,1986.27,51.50,48.50,1.00,1.00,22860.90,18248.70,18243.70,22945.90,51,48,48,51,83619.17,83609.46,,
2026-10-01T09:26:08+08:00,btc-updown-5m-1790817900,https://polymarket.com/zh/event/btc-updown-5m-1790817900,09:25-09:30,52.00,49.00,51.00,48.00,2017.91,49.99,49.99,2067.91,51.50,48.50,1.00,1.00,22905.90,18183.70,18178.70,22895.90,51,48,48,51,83619.17,83609.45,,
2026-10-01T09:26:10+08:00,btc-updown-5m-1790817900,https://polymarket.com/zh/event/btc-updown-5m-1790817900,09:25-09:30,51.00,50.00,50.00,49.00,145.00,588.70,627.70,170.00,50.50,49.50,1.00,1.00,22915.90,18158.70,18173.70,22925.90,50,49,49,50,83619.17,83614.18,,
2026-10-01T09:26:12+08:00,btc-updown-5m-1790817900,https://polymarket.com/zh/event/btc-updown-5m-1790817900,09:25-09:30,52.00,49.00,51.00,48.00,61.77,803.60,814.60,116.77,51.50,48.50,1.00,1.00,22748.90,17766.70,17756.70,22633.90,51,48,48,51,83619.17,83615.64,,
2026-10-01T09:26:14+08:00,btc-updown-5m-1790817900,https://polymarket.com/zh/event/btc-updown-5m-1790817900,09:25-09:30,50.00,51.00,49.00,50.00,566.88,190.00,190.00,576.88,49.50,50.50,1.00,1.00,22638.90,17851.70,17861.70,22643.90,49,50,50,49,83619.17,83615.64,,
2026-10-01T09:26:16+08:00,btc-updown-5m-1790817900,https://polymarket.com/zh/event/btc-updown-5m-1790817900,09:25-09:30,52.00,49.00,51.00,48.00,1267.73,331.61,376.61,267.73,51.50,48.50,1.00,1.00,22733.90,17751.70,17756.70,22738.90,51,48,48,51,83619.17,83613.62,,
2026-10-01T09:26:18+08:00,btc-updown-5m-1790817900,https://polymarket.com/zh/event/btc-updown-5m-1790817900,09:25-09:30,52.00,49.00,51.00,48.00,266.00,361.23,356.34,146.00,51.50,48.50,1.00,1.00,22517.90,17655.70,17650.70,22622.90,51,48,48,51,83619.17,83613.63,,
2026-10-01T09:26:20+08:00,btc-updown-5m-1790817900,https://polymarket.com/zh/event/btc-updown-5m-1790817900,09:25-09:30,53.00,48.00,52.00,47.00,365.50,1750.52,1780.52,365.50,52.50,47.50,1.00,1.00,22532.90,17670.70,17665.70,22517.90,52,47,47,52,83619.17,83613.62,,
2026-10-01T09:26:23+08:00,btc-updown-5m-1790817900,https://polymarket.com/zh/event/btc-updown-5m-1790817900,09:25-09:30,60.00,41.00,59.00,40.00,450.04,390.50,430.50,602.19,59.50,40.50,1.00,1.00,21977.90,17000.70,16985.70,21867.90,59,40,40,59,83619.17,83620.38,,
2026-10-01T09:26:25+08:00,btc-updown-5m-1790817900,https://polymarket.com/zh/event/btc-updown-5m-1790817900,09:25-09:30,60.00,41.00,59.00,40.00,542.29,412.35,407.35,522.29,59.50,40.50,1.00,1.00,21772.90,16890.70,16895.70,21882.90,59,40,40,59,83619.17,83622.06,,
2026-10-01T09:26:27+08:00,btc-updown-5m-1790817900,https://polymarket.com/zh/event/btc-updown-5m-1790817900,09:25-09:30,60.00,41.00,59.00,40.00,1781.10,303.35,303.35,1826.10,59.50,40.50,1.00,1.00,21867.90,16905.70,16915.70,21772.90,59,40,40,59,83619.17,83623.14,,
2026-10-01T09:26:29+08:00,btc-updown-5m-1790817900,https://polymarket.com/zh/event/btc-updown-5m-1790817900,09:25-09:30,60.00,41.00,59.00,40.00,162.21,280.28,270.28,217.21,59.50,40.50,1.00,1.00,21882.90,16945.70,16930.70,21772.90,59,40,40,59,83619.17,83623.73,,
2026-10-01T09:26:31+08:00,btc-updown-5m-1790817900,https://polymarket.com/zh/event/btc-updown-5m-1790817900,09:25-09:30,57.00,44.00,56.00,43.00,948.64,75.00,75.00,908.64,56.50,43.50,1.00,1.00,21827.90,16885.70,16885.70,21872.90,56,43,43,56,83619.17,83623.72,,
2026-10-01T09:26:33+08:00,btc-updown-5m-1790817900,https://polymarket.com/zh/event/btc-updown-5m-1790817900,09:25-09:30,53.00,48.00,52.00,47.00,1356.39,105.00,95.00,1348.72,52.50,47.50,1.00,1.00,22392.90,17410.70,17395.70,22382.90,52,47,47,52,83619.17,83621.63,,
2026-10-01T09:26:36+08:00,btc-updown-5m-1790817900,https://polymarket.com/zh/event/btc-updown-5m-1790817900,09:25-09:30,51.00,50.00,50.00,49.00,478.79,80.00,170.00,641.92,50.50,49.50,1.00,1.00,22282.90,17400.70,17405.70,22487.90,50,49,49,50,83619.17,83616.28,,
2026-10-01T09:26:39+08:00,btc-updown-5m-1790817900,https://polymarket.com/zh/event/btc-updown-5m-1790817900,09:25-09:30,52.00,49.00,51.00,48.00,47.97,754.46,754.46,52.97,51.50,48.50,1.00,1.00,22397.90,17385.70,17385.70,22387.90,51,48,48,51,83619.17,83616.29,,
2026-10-01T09:26:41+08:00,btc-updown-5m-1790817900,https://polymarket.com/zh/event/btc-updown-5m-1790817900,09:25-09:30,48.00,56.00,44.00,55.00,84.00,55.00,50.00,100.15,46.00,55.50,4.00,1.00,22077.90,17519.70,17074.70,14152.90,44,52,55,44,83619.17,83611.09,,
2026-10-01T09:26:43+08:00,btc-updown-5m-1790817900,https://polymarket.com/zh/event/btc-updown-5m-1790817900,09:25-09:30,48.00,53.00,47.00,52.00,666.88,70.00,40.00,565.08,47.50,52.50,1.00,1.00,17772.90,18014.70,18254.70,17767.90,47,52,52,47,83619.17,83609.45,,
2026-10-01T09:26:45+08:00,btc-updown-5m-1790817900,https://polymarket.com/zh/event/btc-updown-5m-1790817900,09:25-09:30,46.00,55.00,45.00,54.00,523.52,271.79,197.80,456.06,45.50,54.50,1.00,1.00,17242.90,18254.70,18254.70,17742.90,45,54,54,45,83619.17,83609.52,,
2026-10-01T09:26:47+08:00,btc-updown-5m-1790817900,https://polymarket.com/zh/event/btc-updown-5m-1790817900,09:25-09:30,43.00,58.00,42.00,57.00,679.79,265.49,186.49,632.59,42.50,57.50,1.00,1.00,17247.90,17876.18,17886.18,17247.90,42,57,57,42,83619.17,83609.45,,
2026-10-01T09:26:49+08:00,btc-updown-5m-1790817900,https://polymarket.com/zh/event/btc-updown-5m-1790817900,09:25-09:30,41.00,61.00,39.00,60.00,539.53,271.82,84.61,254.39,40.00,60.50,2.00,1.00,17237.90,17886.18,17981.18,17242.90,39,59,60,39,83619.17,83609.45,,
2026-10-01T09:26:51+08:00,btc-updown-5m-1790817900,https://polymarket.com/zh/event/btc-updown-5m-1790817900,09:25-09:30,35.00,68.00,34.00,66.00,721.29,44.66,55.96,552.71,34.50,67.00,1.00,2.00,14055.64,17876.18,17776.18,14129.64,34,65,66,32,83619.17,83609.46,,
2026-10-01T09:26:53+08:00,btc-updown-5m-1790817900,https://polymarket.com/zh/event/btc-updown-5m-1790817900,09:25-09:30,23.00,78.00,22.00,77.00,420.15,12.33,179.49,535.30,22.50,77.50,1.00,1.00,13746.13,17581.18,17676.18,13741.13,22,77,77,22,83619.17,83609.45,,
2026-10-01T09:26:55+08:00,btc-updown-5m-1790817900,https://polymarket.com/zh/event/btc-updown-5m-1790817900,09:25-09:30,34.00,66.00,32.00,65.00,63.70,99.81,411.66,539.71,33.00,65.50,2.00,1.00,16726.22,17676.18,17686.18,17490.22,32,66,65,34,83619.17,83609.45,,
2026-10-01T09:26:57+08:00,btc-updown-5m-1790817900,https://polymarket.com/zh/event/btc-updown-5m-1790817900,09:25-09:30,36.00,65.00,35.00,64.00,1140.21,34.13,9.13,1111.32,35.50,64.50,1.00,1.00,17329.67,17681.18,17576.18,17324.67,34,64,64,35,83619.17,83605.26,,
2026-10-01T09:26:59+08:00,btc-updown-5m-1790817900,https://polymarket.com/zh/event/btc-updown-5m-1790817900,09:25-09:30,28.00,73.00,27.00,72.00,283.50,497.77,620.48,133.92,27.50,72.50,1.00,1.00,16920.72,17696.18,17676.18,16915.72,27,72,72,27,83619.17,83605.25,,
2026-10-01T09:27:01+08:00,btc-updown-5m-1790817900,https://polymarket.com/zh/event/btc-updown-5m-1790817900,09:25-09:30,34.00,67.00,33.00,66.00,1468.33,285.91,311.83,1452.83,33.50,66.50,1.00,1.00,17526.95,17589.18,17749.18,17516.95,33,66,66,33,83619.17,83605.26,,
2026-10-01T09:27:03+08:00,btc-updown-5m-1790817900,https://polymarket.com/zh/event/btc-updown-5m-1790817900,09:25-09:30,36.00,66.00,35.00,65.00,443.43,30.00,42.40,463.48,35.50,65.50,1.00,1.00,17501.32,17739.38,17719.38,14279.32,35,64,65,34,83619.17,83607.34,,
2026-10-01T09:27:05+08:00,btc-updown-5m-1790817900,https://polymarket.com/zh/event/btc-updown-5m-1790817900,09:25-09:30,31.00,70.00,30.00,69.00,76.00,487.16,163.33,96.34,30.50,69.50,1.00,1.00,13500.90,17659.45,17634.45,13997.90,30,69,69,30,83619.17,83607.33,,
2026-10-01T09:27:07+08:00,btc-updown-5m-1790817900,https://polymarket.com/zh/event/btc-updown-5m-1790817900,09:25-09:30,35.00,71.00,34.00,70.00,521.97,676.00,2.57,22.17,34.50,70.50,1.00,1.00,14415.68,17603.93,17618.93,13519.68,31,65,70,29,83619.17,83607.33,,
2026-10-01T09:27:09+08:00,btc-updown-5m-1790817900,https://polymarket.com/zh/event/btc-updown-5m-1790817900,09:25-09:30,39.00,65.00,38.00,64.00,518.39,113.47,58.72,134.24,38.50,64.50,1.00,1.00,17579.37,17638.93,17698.93,14311.37,38,61,64,35,83619.17,83607.33,,
2026-10-01T09:27:11+08:00,btc-updown-5m-1790817900,https://polymarket.com/zh/event/btc-updown-5m-1790817900,09:25-09:30,40.00,61.00,39.00,59.00,1078.96,75.06,35.00,42.78,39.50,60.00,1.00,2.00,18402.55,17761.89,17646.89,18387.55,38,60,59,37,83619.17,83621.75,,
2026-10-01T09:27:13+08:00,btc-updown-5m-1790817900,https://polymarket.com/zh/event/btc-updown-5m-1790817900,09:25-09:30,38.00,64.00,37.00,63.00,186.01,121.00,1.48,194.96,37.50,63.50,1.00,1.00,18400.10,17619.89,17624.89,18405.10,37,62,63,36,83619.17,83619.65,,
2026-10-01T09:27:15+08:00,btc-updown-5m-1790817900,https://polymarket.com/zh/event/btc-updown-5m-1790817900,09:25-09:30,41.00,59.00,40.00,58.00,46.05,393.00,258.42,123.00,40.50,58.50,1.00,1.00,22582.32,17768.78,17763.78,22588.01,40,59,58,41,83619.17,83619.66,,
2026-10-01T09:27:18+08:00,btc-updown-5m-1790817900,https://polymarket.com/zh/event/btc-updown-5m-1790817900,09:25-09:30,40.00,62.00,39.00,61.00,226.37,62.56,69.91,206.77,39.50,61.50,1.00,1.00,22501.87,17816.30,17816.30,22501.87,39,60,61,38,83619.17,83619.64,,
2026-10-01T09:27:20+08:00,btc-updown-5m-1790817900,https://polymarket.com/zh/event/btc-updown-5m-1790817900,09:25-09:30,42.00,59.00,41.00,58.00,36.36,694.81,119.00,30.86,41.50,58.50,1.00,1.00,22624.34,17821.30,17851.30,22614.34,41,58,57,41,83619.17,83619.64,,
2026-10-01T09:27:22+08:00,btc-updown-5m-1790817900,https://polymarket.com/zh/event/btc-updown-5m-1790817900,09:25-09:30,49.00,52.00,48.00,51.00,204.82,130.81,96.68,983.27,48.50,51.50,1.00,1.00,23168.49,18231.30,18346.30,23178.49,48,51,51,48,83619.17,83612.58,,
2026-10-01T09:27:24+08:00,btc-updown-5m-1790817900,https://polymarket.com/zh/event/btc-updown-5m-1790817900,09:25-09:30,47.00,57.00,46.00,54.00,341.43,40.00,13.40,435.12,46.50,55.50,1.00,3.00,23183.49,18326.30,18451.30,22683.49,44,53,54,43,83619.17,83610.47,,
2026-10-01T09:27:26+08:00,btc-updown-5m-1790817900,https://polymarket.com/zh/event/btc-updown-5m-1790817900,09:25-09:30,34.00,67.00,33.00,66.00,87.00,444.53,324.53,87.00,33.50,66.50,1.00,1.00,14849.57,17971.30,17971.30,14844.57,33,66,66,33,83619.17,83608.41,,
2026-10-01T09:27:28+08:00,btc-updown-5m-1790817900,https://polymarket.com/zh/event/btc-updown-5m-1790817900,09:25-09:30,37.00,64.00,36.00,63.00,1008.09,193.27,189.32,1022.59,36.50,63.50,1.00,1.00,17066.55,17931.30,17946.30,17071.55,36,63,63,36,83619.17,83608.41,,
2026-10-01T09:27:31+08:00,btc-updown-5m-1790817900,https://polymarket.com/zh/event/btc-updown-5m-1790817900,09:25-09:30,41.00,59.00,40.00,58.00,41.69,548.71,605.27,43.00,40.50,58.50,1.00,1.00,20136.55,18066.22,17971.22,20146.55,40,59,58,41,83619.17,83608.42,,
2026-10-01T09:27:33+08:00,btc-updown-5m-1790817900,https://polymarket.com/zh/event/btc-updown-5m-1790817900,09:25-09:30,41.00,60.00,40.00,59.00,83.00,184.00,15.00,43.00,40.50,59.50,1.00,1.00,20213.55,18120.09,18230.09,20218.55,40,59,59,40,83619.17,83608.41,,
2026-10-01T09:27:35+08:00,btc-updown-5m-1790817900,https://polymarket.com/zh/event/btc-updown-5m-1790817900,09:25-09:30,39.00,62.00,38.00,61.00,235.60,45.00,45.00,281.90,38.50,61.50,1.00,1.00,20208.55,18220.09,18330.09,20218.55,38,61,61,38,83619.17,83608.41,,
2026-10-01T09:27:37+08:00,btc-updown-5m-1790817900,https://polymarket.com/zh/event/btc-updown-5m-1790817900,09:25-09:30,40.00,61.00,39.00,60.00,130.00,90.00,90.00,151.30,39.50,60.50,1.00,1.00,20193.55,18105.09,18315.09,20193.55,39,60,60,39,83619.17,83610.08,,
2026-10-01T09:27:39+08:00,btc-updown-5m-1790817900,https://polymarket.com/zh/event/btc-updown-5m-1790817900,09:25-09:30,25.00,77.00,23.00,76.00,48.64,148.68,188.68,408.09,24.00,76.50,2.00,1.00,17945.55,18295.09,20345.09,17915.55,20,75,76,21,83619.17,83605.28,,
2026-10-01T09:27:41+08:00,btc-updown-5m-1790817900,https://polymarket.com/zh/event/btc-updown-5m-1790817900,09:25-09:30,30.00,71.00,29.00,70.00,108.32,795.22,738.66,78.32,29.50,70.50,1.00,1.00,17940.55,22384.75,22369.75,17940.55,29,70,70,29,83619.17,83598.14,,
2026-10-01T09:27:43+08:00,btc-updown-5m-1790817900,https://polymarket.com/zh/event/btc-updown-5m-1790817900,09:25-09:30,30.00,71.00,29.00,70.00,210.18,282.20,272.20,250.18,29.50,70.50,1.00,1.00,17418.90,22374.75,22289.75,17418.90,29,70,70,29,83619.17,83598.14,,
2026-10-01T09:27:45+08:00,btc-updown-5m-1790817900,https://polymarket.com/zh/event/btc-updown-5m-1790817900,09:25-09:30,30.00,71.00,29.00,70.00,1391.36,9.63,25.20,1451.36,29.50,70.50,1.00,1.00,17398.90,22319.75,22284.75,17703.90,28,70,70,29,83619.17,83598.14,,
2026-10-01T09:27:47+08:00,btc-updown-5m-1790817900,https://polymarket.com/zh/event/btc-updown-5m-1790817900,09:25-09:30,26.00,77.00,25.00,76.00,309.27,35.32,5.00,154.38,25.50,76.50,1.00,1.00,17423.90,22324.75,22224.75,17748.90,25,74,76,23,83619.17,83594.05,,
2026-10-01T09:27:49+08:00,btc-updown-5m-1790817900,https://polymarket.com/zh/event/btc-updown-5m-1790817900,09:25-09:30,24.00,77.00,23.00,76.00,249.54,33.00,33.00,259.54,23.50,76.50,1.00,1.00,17703.90,22324.75,22405.05,17698.90,23,76,76,23,83619.17,83594.05,,
2026-10-01T09:27:51+08:00,btc-updown-5m-1790817900,https://polymarket.com/zh/event/btc-updown-5m-1790817900,09:25-09:30,20.00,83.00,19.00,82.00,553.83,10.00,77.00,85.00,19.50,82.50,1.00,1.00,17350.10,22345.05,22340.05,17665.10,18,80,82,17,83619.17,83594.05,,
2026-10-01T09:27:53+08:00,btc-updown-5m-1790817900,https://polymarket.com/zh/event/btc-updown-5m-1790817900,09:25-09:30,20.00,81.00,19.00,80.00,854.57,145.00,363.00,920.00,19.50,80.50,1.00,1.00,17616.90,21486.05,21591.05,17621.90,19,80,80,19,83619.17,83590.07,,
2026-10-01T09:27:55+08:00,btc-updown-5m-1790817900,https://polymarket.com/zh/event/btc-updown-5m-1790817900,09:25-09:30,15.00,86.00,14.00,85.00,220.26,251.78,86.78,195.26,14.50,85.50,1.00,1.00,18448.02,21417.05,21427.05,18438.02,14,85,85,14,83619.17,83590.08,,
2026-10-01T09:27:57+08:00,btc-updown-5m-1790817900,https://polymarket.com/zh/event/btc-updown-5m-1790817900,09:25-09:30,13.00,88.00,12.00,87.00,85.53,90.00,41.01,210.53,12.50,87.50,1.00,1.00,18775.83,21078.05,21083.05,18810.83,12,87,87,12,83619.17,83588.49,,
2026-10-01T09:27:59+08:00,btc-updown-5m-1790817900,https://polymarket.com/zh/event/btc-updown-5m-1790817900,09:25-09:30,13.00,88.00,12.00,87.00,45.00,113.13,103.13,39.00,12.50,87.50,1.00,1.00,18737.83,21144.03,21244.03,18712.83,12,87,87,12,83619.17,83585.32,,
2026-10-01T09:28:01+08:00,btc-updown-5m-1790817900,https://polymarket.com/zh/event/btc-updown-5m-1790817900,09:25-09:30,9.00,92.00,8.00,91.00,45.00,244.80,244.80,45.00,8.50,91.50,1.00,1.00,18283.91,21024.03,21024.03,18283.91,8,91,91,8,83619.17,83585.31,,
2026-10-01T09:28:03+08:00,btc-updown-5m-1790817900,https://polymarket.com/zh/event/btc-updown-5m-1790817900,09:25-09:30,10.00,91.00,9.00,90.00,258.29,145.00,145.00,258.29,9.50,90.50,1.00,1.00,18031.18,21134.03,21119.03,18031.18,9,90,90,9,83619.17,83585.01,,
2026-10-01T09:28:05+08:00,btc-updown-5m-1790817900,https://polymarket.com/zh/event/btc-updown-5m-1790817900,09:25-09:30,9.00,93.00,8.00,92.00,223.21,175.00,104.37,134.53,8.50,92.50,1.00,1.00,17585.69,21124.03,21019.03,17267.69,8,91,92,7,83619.17,83585.00,,
2026-10-01T09:28:07+08:00,btc-updown-5m-1790817900,https://polymarket.com/zh/event/btc-updown-5m-1790817900,09:25-09:30,9.00,92.00,8.00,91.00,927.88,140.00,140.00,927.88,8.50,91.50,1.00,1.00,13602.01,21119.03,21119.03,13602.01,8,91,91,8,83619.17,83585.00,,
2026-10-01T09:28:09+08:00,btc-updown-5m-1790817900,https://polymarket.com/zh/event/btc-updown-5m-1790817900,09:25-09:30,8.00,93.00,7.00,92.00,239.53,293.37,75.00,16.07,7.50,92.50,1.00,1.00,13582.01,21124.03,21034.03,13629.71,7,92,92,7,83619.17,83585.01,,
2026-10-01T09:28:11+08:00,btc-updown-5m-1790817900,https://polymarket.com/zh/event/btc-updown-5m-1790817900,09:25-09:30,7.00,94.00,6.00,93.00,82.85,282.01,267.01,82.85,6.50,93.50,1.00,1.00,13562.01,21024.03,21024.03,13562.01,6,93,93,6,83619.17,83585.01,,
2026-10-01T09:28:13+08:00,btc-updown-5m-1790817900,https://polymarket.com/zh/event/btc-updown-5m-1790817900,09:25-09:30,9.00,92.00,8.00,91.00,28.32,462.00,452.04,28.32,8.50,91.50,1.00,1.00,13559.71,21114.03,21119.03,13497.01,8,91,91,8,83619.17,83585.00,,
2026-10-01T09:28:15+08:00,btc-updown-5m-1790817900,https://polymarket.com/zh/event/btc-updown-5m-1790817900,09:25-09:30,11.00,90.00,10.00,89.00,150.44,174.10,246.64,215.46,10.50,89.50,1.00,1.00,13852.71,21024.03,21124.03,13847.71,10,89,89,10,83619.17,83585.00,,
2026-10-01T09:28:17+08:00,btc-updown-5m-1790817900,https://polymarket.com/zh/event/btc-updown-5m-1790817900,09:25-09:30,7.00,94.00,6.00,93.00,189.13,175.99,193.10,244.74,6.50,93.50,1.00,1.00,13669.47,21089.03,20989.03,13530.17,6,93,93,6,83619.17,83585.00,,
2026-10-01T09:28:19+08:00,btc-updown-5m-1790817900,https://polymarket.com/zh/event/btc-updown-5m-1790817900,09:25-09:30,7.00,94.00,6.00,93.00,72.96,97.46,228.45,236.70,6.50,93.50,1.00,1.00,13622.71,21089.03,21089.03,13232.71,6,93,93,6,83619.17,83585.01,,
2026-10-01T09:28:21+08:00,btc-updown-5m-1790817900,https://polymarket.com/zh/event/btc-updown-5m-1790817900,09:25-09:30,6.00,95.00,5.00,94.00,110.64,463.98,456.02,155.64,5.50,94.50,1.00,1.00,13848.65,21184.03,21094.03,13861.61,5,94,94,5,83619.17,83585.00,,
2026-10-01T09:28:23+08:00,btc-updown-5m-1790817900,https://polymarket.com/zh/event/btc-updown-5m-1790817900,09:25-09:30,6.00,95.00,5.00,94.00,80.46,204.02,260.06,155.46,5.50,94.50,1.00,1.00,13657.69,21184.03,21079.03,13591.65,5,94,94,5,83619.17,83585.00,,
2026-10-01T09:28:25+08:00,btc-updown-5m-1790817900,https://polymarket.com/zh/event/btc-updown-5m-1790817900,09:25-09:30,6.00,95.00,5.00,94.00,308.26,125.00,143.25,313.26,5.50,94.50,1.00,1.00,16935.86,21079.03,21084.03,17217.61,5,94,94,5,83619.17,83585.01,,
2026-10-01T09:28:27+08:00,btc-updown-5m-1790817900,https://polymarket.com/zh/event/btc-updown-5m-1790817900,09:25-09:30,6.00,95.00,5.00,94.00,58.16,134.84,134.84,103.16,5.50,94.50,1.00,1.00,17222.45,21084.03,21094.03,17227.45,5,94,94,5,83619.17,83585.01,,
2026-10-01T09:28:29+08:00,btc-updown-5m-1790817900,https://polymarket.com/zh/event/btc-updown-5m-1790817900,09:25-09:30,6.00,95.00,5.00,94.00,367.30,80.00,145.00,367.30,5.50,94.50,1.00,1.00,16902.61,21294.03,21179.03,16832.61,5,94,94,5,83619.17,83585.00,,
2026-10-01T09:28:31+08:00,btc-updown-5m-1790817900,https://polymarket.com/zh/event/btc-updown-5m-1790817900,09:25-09:30,5.00,96.00,4.00,95.00,451.90,306.23,306.23,501.90,4.50,95.50,1.00,1.00,16703.83,21064.03,21164.03,16658.83,4,95,95,4,83619.17,83585.00,,
2026-10-01T09:28:33+08:00,btc-updown-5m-1790817900,https://polymarket.com/zh/event/btc-updown-5m-1790817900,09:25-09:30,4.00,97.00,3.00,96.00,529.90,978.60,973.60,529.90,3.50,96.50,1.00,1.00,16033.19,21179.03,21064.03,16018.19,3,96,96,3,83619.17,83585.00,,
2026-10-01T09:28:35+08:00,btc-updown-5m-1790817900,https://polymarket.com/zh/event/btc-updown-5m-1790817900,09:25-09:30,4.00,97.00,3.00,96.00,129.67,584.10,628.98,174.67,3.50,96.50,1.00,1.00,15545.88,21054.03,21059.03,15496.00,3,96,96,3,83619.17,83585.00,,
2026-10-01T09:28:37+08:00,btc-updown-5m-1790817900,https://polymarket.com/zh/event/btc-updown-5m-1790817900,09:25-09:30,4.00,97.00,3.00,96.00,169.67,561.98,615.49,214.67,3.50,96.50,1.00,1.00,15672.39,21054.03,21054.03,15593.88,3,96,96,3,83619.17,83585.00,,
2026-10-01T09:28:39+08:00,btc-updown-5m-1790817900,https://polymarket.com/zh/event/btc-updown-5m-1790817900,09:25-09:30,4.00,97.00,3.00,96.00,90.67,1105.00,685.00,90.67,3.50,96.50,1.00,1.00,15686.90,21054.03,21169.03,16234.59,3,96,96,3,83619.17,83585.00,,
2026-10-01T09:28:41+08:00,btc-updown-5m-1790817900,https://polymarket.com/zh/event/btc-updown-5m-1790817900,09:25-09:30,4.00,97.00,3.00,96.00,434.35,254.89,254.89,337.32,3.50,96.50,1.00,1.00,15246.79,21054.03,21119.03,15211.79,3,96,96,3,83619.17,83585.00,,
2026-10-01T09:28:43+08:00,btc-updown-5m-1790817900,https://polymarket.com/zh/event/btc-updown-5m-1790817900,09:25-09:30,6.00,95.00,5.00,94.00,303.03,219.63,226.03,303.03,5.50,94.50,1.00,1.00,13611.19,21084.03,21094.03,13599.79,5,94,94,5,83619.17,83585.00,,
2026-10-01T09:28:45+08:00,btc-updown-5m-1790817900,https://polymarket.com/zh/event/btc-updown-5m-1790817900,09:25-09:30,6.00,95.00,5.00,94.00,358.17,26.94,46.94,468.17,5.50,94.50,1.00,1.00,12810.41,21084.03,21094.03,12790.41,5,94,94,5,83619.17,83585.00,,
2026-10-01T09:28:47+08:00,btc-updown-5m-1790817900,https://polymarket.com/zh/event/btc-updown-5m-1790817900,09:25-09:30,3.00,98.00,2.00,97.00,379.57,1266.98,1271.14,379.57,2.50,97.50,1.00,1.00,12462.22,21084.03,20410.03,12458.06,2,97,97,2,83619.17,83585.06,,
2026-10-01T09:28:49+08:00,btc-updown-5m-1790817900,https://polymarket.com/zh/event/btc-updown-5m-1790817900,09:25-09:30,3.00,98.00,2.00,97.00,505.83,495.25,495.25,503.40,2.50,97.50,1.00,1.00,10334.67,20395.03,20405.03,10334.67,2,97,97,2,83619.17,83585.07,,
2026-10-01T09:28:51+08:00,btc-updown-5m-1790817900,https://polymarket.com/zh/event/btc-updown-5m-1790817900,09:25-09:30,3.00,98.00,2.00,97.00,216.03,376.90,376.90,216.03,2.50,97.50,1.00,1.00,10206.32,20293.03,20278.03,10201.32,2,97,97,2,83619.17,83585.07,,
2026-10-01T09:28:53+08:00,btc-updown-5m-1790817900,https://polymarket.com/zh/event/btc-updown-5m-1790817900,09:25-09:30,3.00,98.00,2.00,97.00,271.03,342.76,342.76,266.03,2.50,97.50,1.00,1.00,10157.18,20513.03,20278.03,10157.18,2,97,97,2,83619.17,83585.07,,
2026-10-01T09:28:55+08:00,btc-updown-5m-1790817900,https://polymarket.com/zh/event/btc-updown-5m-1790817900,09:25-09:30,3.00,98.00,2.00,97.00,164.91,211.00,211.00,164.91,2.50,97.50,1.00,1.00,9452.82,19574.08,19474.08,9457.82,2,97,97,2,83619.17,83585.06,,
2026-10-01T09:28:57+08:00,btc-updown-5m-1790817900,https://polymarket.com/zh/event/btc-updown-5m-1790817900,09:25-09:30,3.00,98.00,2.00,97.00,289.91,87.06,87.06,289.91,2.50,97.50,1.00,1.00,4302.87,12307.55,12292.55,4302.87,2,97,97,2,83619.17,83585.06,,
2026-10-01T09:28:59+08:00,btc-updown-5m-1790817900,https://polymarket.com/zh/event/btc-updown-5m-1790817900,09:25-09:30,2.00,99.00,1.00,98.00,860.22,3832.34,3832.34,860.22,1.50,98.50,1.00,1.00,3832.34,12392.55,12292.55,3832.34,1,98,98,1,83619.17,83585.06,,
2026-10-01T09:29:01+08:00,btc-updown-5m-1790817900,https://polymarket.com/zh/event/btc-updown-5m-1790817900,09:25-09:30,2.00,99.00,1.00,98.00,912.22,1916.27,1916.27,892.22,1.50,98.50,1.00,1.00,1916.27,12387.55,12377.55,1916.27,1,96,96,1,83619.17,83578.84,,
2026-10-01T09:29:03+08:00,btc-updown-5m-1790817900,https://polymarket.com/zh/event/btc-updown-5m-1790817900,09:25-09:30,2.00,99.00,1.00,98.00,776.64,908.89,909.91,738.53,1.50,98.50,1.00,1.00,909.91,12372.55,12267.55,908.89,1,95,95,1,83619.17,83578.94,,
2026-10-01T09:29:06+08:00,btc-updown-5m-1790817900,https://polymarket.com/zh/event/btc-updown-5m-1790817900,09:25-09:30,2.00,99.00,1.00,98.00,806.64,546.09,546.09,797.39,1.50,98.50,1.00,1.00,546.09,12367.55,12377.55,546.09,1,95,95,1,83619.17,83578.94,,
2026-10-01T09:29:08+08:00,btc-updown-5m-1790817900,https://polymarket.com/zh/event/btc-updown-5m-1790817900,09:25-09:30,1.00,,,99.00,6137.48,,,7415.10,,,,,,12387.55,12277.55,,0,96,96,0,83619.17,83578.94,,
2026-10-01T09:29:09+08:00,btc-updown-5m-1790817900,https://polymarket.com/zh/event/btc-updown-5m-1790817900,09:25-09:30,1.00,,,99.00,8301.34,,,8331.34,,,,,,12277.55,12277.55,,0,95,96,0,83619.17,83578.95,,
2026-10-01T09:29:12+08:00,btc-updown-5m-1790817900,https://polymarket.com/zh/event/btc-updown-5m-1790817900,09:25-09:30,1.00,,,99.00,8792.34,,,8792.34,,,,,,12287.55,12277.55,,0,96,96,0,83619.17,83578.95,,
2026-10-01T09:29:14+08:00,btc-updown-5m-1790817900,https://polymarket.com/zh/event/btc-updown-5m-1790817900,09:25-09:30,1.00,,,99.00,13013.93,,,13023.93,,,,,,12287.55,12277.55,,0,96,96,0,83619.17,83578.95,,
2026-10-01T09:29:16+08:00,btc-updown-5m-1790817900,https://polymarket.com/zh/event/btc-updown-5m-1790817900,09:25-09:30,1.00,,,99.00,14038.93,,,14038.93,,,,,,12277.55,12377.55,,0,96,96,0,83619.17,83578.94,,
2026-10-01T09:29:18+08:00,btc-updown-5m-1790817900,https://polymarket.com/zh/event/btc-updown-5m-1790817900,09:25-09:30,1.00,,,99.00,16830.96,,,16830.96,,,,,,12277.55,12287.55,,0,96,96,0,83619.17,83578.94,,
2026-10-01T09:29:20+08:00,btc-updown-5m-1790817900,https://polymarket.com/zh/event/btc-updown-5m-1790817900,09:25-09:30,1.00,,,99.00,27585.27,,,30595.27,,,,,,12277.55,12282.55,,0,96,96,0,83619.17,83578.94,,
2026-10-01T09:29:22+08:00,btc-updown-5m-1790817900,https://polymarket.com/zh/event/btc-updown-5m-1790817900,09:25-09:30,1.00,,,99.00,34675.62,,,34775.62,,,,,,12277.55,12452.55,,0,96,96,0,83619.17,83578.94,,
2026-10-01T09:29:24+08:00,btc-updown-5m-1790817900,https://polymarket.com/zh/event/btc-updown-5m-1790817900,09:25-09:30,1.00,,,99.00,35420.82,,,35420.82,,,,,,12287.55,12277.55,,0,96,96,0,83619.17,83578.94,,
2026-10-01T09:29:26+08:00,btc-updown-5m-1790817900,https://polymarket.com/zh/event/btc-updown-5m-1790817900,09:25-09:30,1.00,,,99.00,35736.02,,,35736.02,,,,,,12292.55,12277.55,,0,96,96,0,83619.17,83578.86,,
2026-10-01T09:29:28+08:00,btc-updown-5m-1790817900,https://polymarket.com/zh/event/btc-updown-5m-1790817900,09:25-09:30,1.00,,,99.00,35725.82,,,37471.82,,,,,,12277.55,12352.55,,0,96,96,0,83619.17,83578.86,,
2026-10-01T09:29:30+08:00,btc-updown-5m-1790817900,https://polymarket.com/zh/event/btc-updown-5m-1790817900,09:25-09:30,1.00,,,99.00,40146.83,,,40111.83,,,,,,12272.55,12277.55,,0,96,96,0,83619.17,83578.86,,
2026-10-01T09:29:32+08:00,btc-updown-5m-1790817900,https://polymarket.com/zh/event/btc-updown-5m-1790817900,09:25-09:30,1.00,,,99.00,40533.59,,,40533.59,,,,,,12317.55,12312.55,,0,96,96,0,83619.17,83578.86,,
2026-10-01T09:29:34+08:00,btc-updown-5m-1790817900,https://polymarket.com/zh/event/btc-updown-5m-1790817900,09:25-09:30,1.00,,,99.00,60266.92,,,60266.92,,,,,,12327.55,12312.55,,0,96,96,0,83619.17,83578.86,,
2026-10-01T09:29:36+08:00,btc-updown-5m-1790817900,https://polymarket.com/zh/event/btc-updown-5m-1790817900,09:25-09:30,1.00,,,99.00,61306.92,,,61311.92,,,,,,12312.55,12317.55,,0,96,96,0,83619.17,83578.86,,
2026-10-01T09:29:38+08:00,btc-updown-5m-1790817900,https://polymarket.com/zh/event/btc-updown-5m-1790817900,09:25-09:30,1.00,,,99.00,61201.92,,,61216.92,,,,,,12312.55,12312.55,,0,95,95,0,83619.17,83577.28,,
2026-10-01T09:29:40+08:00,btc-updown-5m-1790817900,https://polymarket.com/zh/event/btc-updown-5m-1790817900,09:25-09:30,1.00,,,99.00,61221.92,,,61221.92,,,,,,12322.55,12322.55,,0,96,96,0,83619.17,83577.27,,
2026-10-01T09:29:42+08:00,btc-updown-5m-1790817900,https://polymarket.com/zh/event/btc-updown-5m-1790817900,09:25-09:30,1.00,,,99.00,61713.92,,,61728.92,,,,,,12312.55,12312.55,,0,96,96,0,83619.17,83577.27,,
2026-10-01T09:29:44+08:00,btc-updown-5m-1790817900,https://polymarket.com/zh/event/btc-updown-5m-1790817900,09:25-09:30,1.00,,,99.00,61789.43,,,61799.43,,,,,,12312.55,12317.55,,0,96,96,0,83619.17,83577.27,,
2026-10-01T09:29:46+08:00,btc-updown-5m-1790817900,https://polymarket.com/zh/event/btc-updown-5m-1790817900,09:25-09:30,1.00,,,99.00,61883.92,,,62883.92,,,,,,11937.55,11942.55,,0,96,96,0,83619.17,83577.24,,
2026-10-01T09:29:48+08:00,btc-updown-5m-1790817900,https://polymarket.com/zh/event/btc-updown-5m-1790817900,09:25-09:30,1.00,,,99.00,63373.62,,,63383.62,,,,,,11942.55,11947.55,,0,96,96,0,83619.17,83577.16,,
2026-10-01T09:29:50+08:00,btc-updown-5m-1790817900,https://polymarket.com/zh/event/btc-updown-5m-1790817900,09:25-09:30,1.00,,,99.00,63418.92,,,63619.35,,,,,,11947.55,11942.55,,0,96,96,0,83619.17,83576.96,,
2026-10-01T09:29:52+08:00,btc-updown-5m-1790817900,https://polymarket.com/zh/event/btc-updown-5m-1790817900,09:25-09:30,1.00,,,99.00,64493.78,,,64493.78,,,,,,11937.55,11942.55,,0,96,96,0,83619.17,83567.55,,
2026-10-01T09:29:54+08:00,btc-updown-5m-1790817900,https://polymarket.com/zh/event/btc-updown-5m-1790817900,09:25-09:30,1.00,,,99.00,74919.35,,,74919.35,,,,,,11942.55,11927.55,,0,96,95,0,83619.17,83567.55,,
2026-10-01T09:29:56+08:00,btc-updown-5m-1790817900,https://polymarket.com/zh/event/btc-updown-5m-1790817900,09:25-09:30,1.00,,,99.00,74964.25,,,74954.25,,,,,,3957.55,3947.55,,0,94,94,0,83619.17,83567.56,,
2026-10-01T09:29:58+08:00,btc-updown-5m-1790817900,https://polymarket.com/zh/event/btc-updown-5m-1790817900,09:25-09:30,1.00,,,99.00,86565.56,,,86565.56,,,,,,3863.55,3873.55,,0,94,94,0,83619.17,83567.55,,
2026-10-01T09:30:01+08:00,btc-updown-5m-1790818200,https://polymarket.com/zh/event/btc-updown-5m-1790818200,09:30-09:35,40.00,61.00,39.00,60.00,57.20,4.00,4.00,57.20,39.50,60.50,1.00,1.00,139259.81,145155.33,145150.33,139254.81,39,60,60,39,83567.56,83567.55,,
2026-10-01T09:30:03+08:00,btc-updown-5m-1790818200,https://polymarket.com/zh/event/btc-updown-5m-1790818200,09:30-09:35,34.00,67.00,33.00,66.00,135.00,1426.00,1351.00,135.00,33.50,66.50,1.00,1.00,23419.50,31242.02,31252.02,23241.50,33,66,66,33,83567.56,83560.21,,
2026-10-01T09:30:05+08:00,btc-updown-5m-1790818200,https://polymarket.com/zh/event/btc-updown-5m-1790818200,09:30-09:35,34.00,67.00,33.00,66.00,114.46,1275.40,1237.40,114.46,33.50,66.50,1.00,1.00,23586.50,31325.02,31440.02,23332.50,33,66,66,33,83567.56,83560.39,,
2026-10-01T09:30:07+08:00,btc-updown-5m-1790818200,https://polymarket.com/zh/event/btc-updown-5m-1790818200,09:30-09:35,34.00,67.00,33.00,66.00,193.44,179.72,179.72,193.44,33.50,66.50,1.00,1.00,23515.50,31345.02,31335.02,23510.50,33,66,66,33,83567.56,83560.42,,
2026-10-01T09:30:09+08:00,btc-updown-5m-1790818200,https://polymarket.com/zh/event/btc-updown-5m-1790818200,09:30-09:35,24.00,77.00,23.00,76.00,100.00,1199.13,1137.14,155.00,23.50,76.50,1.00,1.00,21754.50,28318.02,28303.02,21764.50,23,76,76,23,83567.56,83554.99,,
2026-10-01T09:30:11+08:00,btc-updown-5m-1790818200,https://polymarket.com/zh/event/btc-updown-5m-1790818200,09:30-09:35,23.00,78.00,22.00,77.00,576.65,352.27,354.70,463.60,22.50,77.50,1.00,1.00,21804.50,28149.02,28059.02,21804.50,22,77,77,22,83567.56,83550.00,,
2026-10-01T09:30:13+08:00,btc-updown-5m-1790818200,https://polymarket.com/zh/event/btc-updown-5m-1790818200,09:30-09:35,23.00,78.00,22.00,77.00,351.13,225.33,216.81,319.39,22.50,77.50,1.00,1.00,24113.49,28183.02,28078.02,24113.49,22,77,77,22,83567.56,83550.00,,
2026-10-01T09:30:15+08:00,btc-updown-5m-1790818200,https://polymarket.com/zh/event/btc-updown-5m-1790818200,09:30-09:35,22.00,79.00,21.00,78.00,750.60,23.22,23.22,742.54,21.50,78.50,1.00,1.00,24396.09,28658.31,28568.31,24776.78,21,78,78,21,83567.56,83550.00,,
2026-10-01T09:30:17+08:00,btc-updown-5m-1790818200,https://polymarket.com/zh/event/btc-updown-5m-1790818200,09:30-09:35,23.00,78.00,22.00,77.00,798.92,70.00,70.00,818.92,22.50,77.50,1.00,1.00,24691.48,28651.01,28636.01,24691.48,22,77,77,22,83567.56,83541.96,,
2026-10-01T09:30:19+08:00,btc-updown-5m-1790818200,https://polymarket.com/zh/event/btc-updown-5m-1790818200,09:30-09:35,22.00,79.00,21.00,78.00,218.00,1232.74,1226.40,223.00,21.50,78.50,1.00,1.00,23966.48,27831.01,27831.01,23966.48,21,78,78,21,83567.56,83545.22,,
2026-10-01T09:30:22+08:00,btc-updown-5m-1790818200,https://polymarket.com/zh/event/btc-updown-5m-1790818200,09:30-09:35,24.00,77.00,23.00,76.00,343.00,1077.07,1137.07,383.00,23.50,76.50,1.00,1.00,22731.48,26711.01,26711.01,22731.48,23,76,76,23,83567.56,83546.52,,
2026-10-01T09:30:24+08:00,btc-updown-5m-1790818200,https://polymarket.com/zh/event/btc-updown-5m-1790818200,09:30-09:35,22.00,79.00,21.00,78.00,568.48,651.52,651.52,531.63,21.50,78.50,1.00,1.00,22546.48,26366.01,26466.01,22546.48,21,78,78,21,83567.56,83546.52,,
2026-10-01T09:30:26+08:00,btc-updown-5m-1790818200,https://polymarket.com/zh/event/btc-updown-5m-1790818200,09:30-09:35,22.00,79.00,21.00,78.00,634.21,629.97,621.90,599.77,21.50,78.50,1.00,1.00,22271.48,26136.01,26236.01,22271.48,21,78,78,21,83567.56,83547.12,,
2026-10-01T09:30:28+08:00,btc-updown-5m-1790818200,https://polymarket.com/zh/event/btc-updown-5m-1790818200,09:30-09:35,17.00,84.00,16.00,83.00,603.55,46.11,36.11,612.66,16.50,83.50,1.00,1.00,22511.48,25646.01,25751.01,22511.48,16,83,83,16,83567.56,83536.51,,
2026-10-01T09:30:30+08:00,btc-updown-5m-1790818200,https://polymarket.com/zh/event/btc-updown-5m-1790818200,09:30-09:35,17.00,84.00,16.00,83.00,861.86,21.58,31.58,886.86,16.50,83.50,1.00,1.00,21401.47,25266.01,25276.01,21416.47,16,83,83,15,83567.56,83536.50,,
2026-10-01T09:30:34+08:00,btc-updown-5m-1790818200,https://polymarket.com/zh/event/btc-updown-5m-1790818200,09:30-09:35,14.00,87.00,13.00,86.00,448.15,67.87,132.87,604.39,13.50,86.50,1.00,1.00,20494.11,24031.01,24031.01,20509.11,13,86,86,13,83567.56,83528.32,,
2026-10-01T09:30:36+08:00,btc-updown-5m-1790818200,https://polymarket.com/zh/event/btc-updown-5m-1790818200,09:30-09:35,13.00,88.00,12.00,87.00,638.02,119.00,89.00,713.68,12.50,87.50,1.00,1.00,21968.98,23786.01,23891.01,21744.10,12,87,87,12,83567.56,83521.64,,
2026-10-01T09:30:38+08:00,btc-updown-5m-1790818200,https://polymarket.com/zh/event/btc-updown-5m-1790818200,09:30-09:35,11.00,90.00,10.00,89.00,873.37,351.99,306.99,873.37,10.50,89.50,1.00,1.00,21903.86,23686.01,23671.01,21755.86,10,89,89,10,83567.56,83517.71,,
2026-10-01T09:30:40+08:00,btc-updown-5m-1790818200,https://polymarket.com/zh/event/btc-updown-5m-1790818200,09:30-09:35,11.00,90.00,10.00,89.00,1760.06,63.97,63.97,1760.06,10.50,89.50,1.00,1.00,22771.85,23771.01,23671.01,22771.85,10,89,89,10,83567.56,83508.58,,
2026-10-01T09:30:42+08:00,btc-updown-5m-1790818200,https://polymarket.com/zh/event/btc-updown-5m-1790818200,09:30-09:35,8.00,93.00,7.00,92.00,39.00,762.11,765.79,8.99,7.50,92.50,1.00,1.00,23228.85,23676.01,23786.01,23387.85,7,92,92,7,83567.56,83504.75,,
2026-10-01T09:30:44+08:00,btc-updown-5m-1790818200,https://polymarket.com/zh/event/btc-updown-5m-1790818200,09:30-09:35,8.00,93.00,7.00,92.00,192.36,689.32,668.00,237.36,7.50,92.50,1.00,1.00,23305.43,23676.01,23771.01,23305.43,7,92,92,7,83567.56,83504.75,,
2026-10-01T09:30:46+08:00,btc-updown-5m-1790818200,https://polymarket.com/zh/event/btc-updown-5m-1790818200,09:30-09:35,8.00,93.00,7.00,92.00,833.15,90.00,120.00,795.65,7.50,92.50,1.00,1.00,23415.73,23776.01,23786.01,23157.73,7,92,92,7,83567.56,83504.75,,
2026-10-01T09:30:48+08:00,btc-updown-5m-1790818200,https://polymarket.com/zh/event/btc-updown-5m-1790818200,09:30-09:35,8.00,93.00,7.00,92.00,588.61,203.61,258.61,645.39,7.50,92.50,1.00,1.00,23379.73,23776.01,23686.01,23409.73,7,92,92,7,83567.56,83504.76,,
2026-10-01T09:30:50+08:00,btc-updown-5m-1790818200,https://polymarket.com/zh/event/btc-updown-5m-1790818200,09:30-09:35,9.00,92.00,8.00,91.00,154.88,779.08,779.08,227.88,8.50,91.50,1.00,1.00,21917.89,23771.01,23776.01,23219.55,8,91,91,8,83567.56,83514.26,,
2026-10-01T09:30:52+08:00,btc-updown-5m-1790818200,https://polymarket.com/zh/event/btc-updown-5m-1790818200,09:30-09:35,9.00,92.00,8.00,91.00,881.77,580.92,100.09,457.34,8.50,91.50,1.00,1.00,23277.40,23671.01,23681.01,23396.55,8,91,91,8,83567.56,83513.45,,
2026-10-01T09:30:55+08:00,btc-updown-5m-1790818200,https://polymarket.com/zh/event/btc-updown-5m-1790818200,09:30-09:35,9.00,92.00,8.00,91.00,731.68,5.26,135.26,1366.71,8.50,91.50,1.00,1.00,23207.40,23431.01,23441.01,22653.24,8,91,91,7,83567.56,83511.49,,
2026-10-01T09:30:57+08:00,btc-updown-5m-1790818200,https://polymarket.com/zh/event/btc-updown-5m-1790818200,09:30-09:35,6.00,95.00,5.00,94.00,668.77,594.92,484.92,692.77,5.50,94.50,1.00,1.00,21822.79,23291.01,23301.01,22096.79,5,94,94,5,83567.56,83504.64,,
2026-10-01T09:30:59+08:00,btc-updown-5m-1790818200,https://polymarket.com/zh/event/btc-updown-5m-1790818200,09:30-09:35,6.00,95.00,5.00,94.00,545.57,530.52,520.52,557.31,5.50,94.50,1.00,1.00,22057.39,23296.01,23186.01,22062.39,5,94,94,5,83567.56,83500.00,,
2026-10-01T09:31:01+08:00,btc-updown-5m-1790818200,https://polymarket.com/zh/event/btc-updown-5m-1790818200,09:30-09:35,6.00,96.00,5.00,95.00,1654.56,555.00,12.01,1829.44,5.50,95.50,1.00,1.00,16646.49,22946.01,22956.01,15292.82,5,94,95,4,83567.56,83494.16,,
2026-10-01T09:31:03+08:00,btc-updown-5m-1790818200,https://polymarket.com/zh/event/btc-updown-5m-1790818200,09:30-09:35,5.00,96.00,4.00,95.00,2099.92,337.58,558.89,2099.39,4.50,95.50,1.00,1.00,12976.71,20478.01,20488.01,12360.40,4,95,95,4,83567.56,83494.17,,
2026-10-01T09:31:05+08:00,btc-updown-5m-1790818200,https://polymarket.com/zh/event/btc-updown-5m-1790818200,09:30-09:35,5.00,96.00,4.00,95.00,2394.30,50.00,66.11,2429.07,4.50,95.50,1.00,1.00,12603.93,20383.01,20488.01,12617.82,4,95,95,4,83567.56,83489.28,,
2026-10-01T09:31:07+08:00,btc-updown-5m-1790818200,https://polymarket.com/zh/event/btc-updown-5m-1790818200,09:30-09:35,3.00,98.00,2.00,97.00,1154.22,538.10,698.42,2244.79,2.50,97.50,1.00,1.00,4667.70,20483.01,20368.01,4502.38,2,97,97,2,83567.56,83454.39,,
2026-10-01T09:31:09+08:00,btc-updown-5m-1790818200,https://polymarket.com/zh/event/btc-updown-5m-1790818200,09:30-09:35,2.00,99.00,1.00,98.00,763.19,4181.24,4185.23,727.02,1.50,98.50,1.00,1.00,4185.23,19538.94,19538.94,4181.24,1,98,98,1,83567.56,83459.99,,
2026-10-01T09:31:11+08:00,btc-updown-5m-1790818200,https://polymarket.com/zh/event/btc-updown-5m-1790818200,09:30-09:35,2.00,99.00,1.00,98.00,812.92,3312.22,3624.22,977.25,1.50,98.50,1.00,1.00,3624.22,19427.94,19442.94,3312.22,1,98,98,1,83567.56,83459.99,,
2026-10-01T09:31:13+08:00,btc-updown-5m-1790818200,https://polymarket.com/zh/event/btc-updown-5m-1790818200,09:30-09:35,2.00,99.00,1.00,98.00,958.92,3400.31,3307.31,983.92,1.50,98.50,1.00,1.00,3307.31,19437.94,19427.94,3400.31,1,98,98,1,83567.56,83452.25,,
2026-10-01T09:31:15+08:00,btc-updown-5m-1790818200,https://polymarket.com/zh/event/btc-updown-5m-1790818200,09:30-09:35,2.00,99.00,1.00,98.00,717.88,3385.26,3370.26,612.88,1.50,98.50,1.00,1.00,3370.26,19527.94,19432.94,3385.26,1,98,98,1,83567.56,83452.25,,
2026-10-01T09:31:17+08:00,btc-updown-5m-1790818200,https://polymarket.com/zh/event/btc-updown-5m-1790818200,09:30-09:35,2.00,99.00,1.00,98.00,602.88,3277.81,3282.81,379.83,1.50,98.50,1.00,1.00,3282.81,19427.94,19432.94,3277.81,1,98,98,1,83567.56,83457.43,,
2026-10-01T09:31:19+08:00,btc-updown-5m-1790818200,https://polymarket.com/zh/event/btc-updown-5m-1790818200,09:30-09:35,2.00,99.00,1.00,98.00,544.83,2815.21,2820.21,702.52,1.50,98.50,1.00,1.00,2820.21,19437.94,19427.94,2815.21,1,98,98,1,83567.56,83452.24,,
2026-10-01T09:31:21+08:00,btc-updown-5m-1790818200,https://polymarket.com/zh/event/btc-updown-5m-1790818200,09:30-09:35,2.00,99.00,1.00,98.00,820.06,2666.59,2666.59,820.06,1.50,98.50,1.00,1.00,2666.59,19427.94,19532.94,2666.59,1,98,98,1,83567.56,83448.01,,
2026-10-01T09:31:23+08:00,btc-updown-5m-1790818200,https://polymarket.com/zh/event/btc-updown-5m-1790818200,09:30-09:35,2.00,99.00,1.00,98.00,732.52,2842.54,2777.54,647.52,1.50,98.50,1.00,1.00,2777.54,19527.94,19437.94,2842.54,1,98,98,1,83567.56,83448.01,,
2026-10-01T09:31:25+08:00,btc-updown-5m-1790818200,https://polymarket.com/zh/event/btc-updown-5m-1790818200,09:30-09:35,2.00,99.00,1.00,98.00,673.69,2872.54,2877.54,673.69,1.50,98.50,1.00,1.00,2877.54,19537.94,19427.94,2872.54,1,98,98,1,83567.56,83453.44,,
2026-10-01T09:31:27+08:00,btc-updown-5m-1790818200,https://polymarket.com/zh/event/btc-updown-5m-1790818200,09:30-09:35,2.00,99.00,1.00,98.00,805.06,2601.53,2606.53,730.06,1.50,98.50,1.00,1.00,2606.53,19327.94,19337.94,2601.53,1,98,98,1,83567.56,83448.15,,
2026-10-01T09:31:29+08:00,btc-updown-5m-1790818200,https://polymarket.com/zh/event/btc-updown-5m-1790818200,09:30-09:35,2.00,99.00,1.00,98.00,497.52,2641.53,2646.53,532.52,1.50,98.50,1.00,1.00,2646.53,19342.94,19427.94,2641.53,1,98,98,1,83567.56,83448.01,,
2026-10-01T09:31:31+08:00,btc-updown-5m-1790818200,https://polymarket.com/zh/event/btc-updown-5m-1790818200,09:30-09:35,2.00,99.00,1.00,98.00,622.52,2624.51,2624.51,622.52,1.50,98.50,1.00,1.00,2624.51,19327.94,19327.94,2624.51,1,98,98,1,83567.56,83449.75,,
2026-10-01T09:31:33+08:00,btc-updown-5m-1790818200,https://polymarket.com/zh/event/btc-updown-5m-1790818200,09:30-09:35,2.00,99.00,1.00,98.00,752.52,2233.44,2234.51,753.48,1.50,98.50,1.00,1.00,2234.51,19327.94,19437.94,2233.44,1,98,98,1,83567.56,83445.00,,
2026-10-01T09:31:35+08:00,btc-updown-5m-1790818200,https://polymarket.com/zh/event/btc-updown-5m-1790818200,09:30-09:35,2.00,99.00,1.00,98.00,747.51,2140.13,2140.13,747.51,1.50,98.50,1.00,1.00,2140.13,19337.94,19327.94,2140.13,1,98,98,1,83567.56,83445.00,,
2026-10-01T09:31:37+08:00,btc-updown-5m-1790818200,https://polymarket.com/zh/event/btc-updown-5m-1790818200,09:30-09:35,2.00,99.00,1.00,98.00,747.51,2009.45,1969.61,747.51,1.50,98.50,1.00,1.00,1969.61,19347.94,19427.94,2009.45,1,98,98,1,83567.56,83445.00,,
2026-10-01T09:31:39+08:00,btc-updown-5m-1790818200,https://polymarket.com/zh/event/btc-updown-5m-1790818200,09:30-09:35,2.00,99.00,1.00,98.00,827.51,2983.97,2983.97,827.51,1.50,98.50,1.00,1.00,2983.97,19527.94,19332.94,2983.97,1,98,98,1,83567.56,83445.00,,
2026-10-01T09:31:41+08:00,btc-updown-5m-1790818200,https://polymarket.com/zh/event/btc-updown-5m-1790818200,09:30-09:35,2.00,99.00,1.00,98.00,581.33,2993.97,2993.97,794.02,1.50,98.50,1.00,1.00,2993.97,19427.94,19442.94,2993.97,1,98,98,1,83567.56,83453.45,,
2026-10-01T09:31:43+08:00,btc-updown-5m-1790818200,https://polymarket.com/zh/event/btc-updown-5m-1790818200,09:30-09:35,2.00,99.00,1.00,98.00,1194.02,3003.97,3003.97,1194.02,1.50,98.50,1.00,1.00,3003.97,19427.94,19432.94,3003.97,1,98,98,1,83567.56,83458.05,,
2026-10-01T09:31:45+08:00,btc-updown-5m-1790818200,https://polymarket.com/zh/event/btc-updown-5m-1790818200,09:30-09:35,2.00,99.00,1.00,98.00,1089.02,3023.97,2998.97,950.19,1.50,98.50,1.00,1.00,2998.97,19437.94,19327.94,3023.97,1,98,98,1,83567.56,83458.05,,
2026-10-01T09:31:47+08:00,btc-updown-5m-1790818200,https://polymarket.com/zh/event/btc-updown-5m-1790818200,09:30-09:35,2.00,99.00,1.00,98.00,1122.73,2993.97,2993.97,1070.19,1.50,98.50,1.00,1.00,2993.97,19427.94,19432.94,2993.97,1,98,98,1,83567.56,83465.95,,
2026-10-01T09:31:49+08:00,btc-updown-5m-1790818200,https://polymarket.com/zh/event/btc-updown-5m-1790818200,09:30-09:35,2.00,99.00,1.00,98.00,964.06,3000.87,3000.87,889.06,1.50,98.50,1.00,1.00,3000.87,19342.94,19427.94,3000.87,1,98,98,1,83567.56,83469.99,,
2026-10-01T09:31:51+08:00,btc-updown-5m-1790818200,https://polymarket.com/zh/event/btc-updown-5m-1790818200,09:30-09:35,2.00,99.00,1.00,98.00,1113.18,2745.87,2755.87,1064.06,1.50,98.50,1.00,1.00,2755.87,19427.94,19437.94,2745.87,1,98,98,1,83567.56,83458.05,,
2026-10-01T09:31:53+08:00,btc-updown-5m-1790818200,https://polymarket.com/zh/event/btc-updown-5m-1790818200,09:30-09:35,2.00,99.00,1.00,98.00,1620.11,2820.87,2875.87,1620.11,1.50,98.50,1.00,1.00,2875.87,19337.94,19327.94,2820.87,1,98,98,1,83567.56,83453.44,,
2026-10-01T09:31:55+08:00,btc-updown-5m-1790818200,https://polymarket.com/zh/event/btc-updown-5m-1790818200,09:30-09:35,2.00,99.00,1.00,98.00,1660.11,2948.78,2948.78,1660.11,1.50,98.50,1.00,1.00,2948.78,19342.94,19427.94,2948.78,1,98,98,1,83567.56,83453.45,,
2026-10-01T09:31:57+08:00,btc-updown-5m-1790818200,https://polymarket.com/zh/event/btc-updown-5m-1790818200,09:30-09:35,2.00,99.00,1.00,98.00,422.71,3008.27,3013.27,382.71,1.50,98.50,1.00,1.00,3013.27,19427.94,19337.94,3008.27,1,98,98,1,83567.56,83470.03,,
2026-10-01T09:31:59+08:00,btc-updown-5m-1790818200,https://polymarket.com/zh/event/btc-updown-5m-1790818200,09:30-09:35,2.00,99.00,1.00,98.00,580.25,2935.13,2937.13,580.25,1.50,98.50,1.00,1.00,2937.13,19432.94,19537.94,2935.13,1,98,98,1,83567.56,83468.37,,
2026-10-01T09:32:01+08:00,btc-updown-5m-1790818200,https://polymarket.com/zh/event/btc-updown-5m-1790818200,09:30-09:35,2.00,99.00,1.00,98.00,860.25,1835.01,1795.01,805.25,1.50,98.50,1.00,1.00,1795.01,19327.94,19347.94,1835.01,1,98,98,1,83567.56,83468.37,,
2026-10-01T09:32:03+08:00,btc-updown-5m-1790818200,https://polymarket.com/zh/event/btc-updown-5m-1790818200,09:30-09:35,2.00,99.00,1.00,98.00,778.14,1835.69,1855.69,700.60,1.50,98.50,1.00,1.00,1855.69,19327.94,19342.94,1835.69,1,98,98,1,83567.56,83462.61,,
2026-10-01T09:32:05+08:00,btc-updown-5m-1790818200,https://polymarket.com/zh/event/btc-updown-5m-1790818200,09:30-09:35,2.00,99.00,1.00,98.00,291.74,1818.99,1825.06,311.74,1.50,98.50,1.00,1.00,1825.06,19327.94,19427.94,1818.99,1,98,98,1,83567.56,83465.13,,
2026-10-01T09:32:07+08:00,btc-updown-5m-1790818200,https://polymarket.com/zh/event/btc-updown-5m-1790818200,09:30-09:35,2.00,99.00,1.00,98.00,207.91,1572.76,1533.74,207.91,1.50,98.50,1.00,1.00,1533.74,19327.94,19332.94,1572.76,1,98,98,1,83567.56,83466.80,,
2026-10-01T09:32:09+08:00,btc-updown-5m-1790818200,https://polymarket.com/zh/event/btc-updown-5m-1790818200,09:30-09:35,3.00,98.00,2.00,97.00,1881.90,124.80,84.80,1929.90,2.50,97.50,1.00,1.00,1298.54,19432.94,19332.94,1338.54,2,97,97,2,83567.56,83473.20,,
2026-10-01T09:32:11+08:00,btc-updown-5m-1790818200,https://polymarket.com/zh/event/btc-updown-5m-1790818200,09:30-09:35,2.00,99.00,1.00,98.00,316.01,1246.74,1246.74,301.01,1.50,98.50,1.00,1.00,1246.74,19437.94,19427.94,1246.74,1,98,98,1,83567.56,83483.67,,
2026-10-01T09:32:13+08:00,btc-updown-5m-1790818200,https://polymarket.com/zh/event/btc-updown-5m-1790818200,09:30-09:35,2.00,99.00,1.00,98.00,261.01,1235.68,1235.68,301.01,1.50,98.50,1.00,1.00,1235.68,19437.94,19327.94,1235.68,1,98,98,1,83567.56,83483.68,,
2026-10-01T09:32:15+08:00,btc-updown-5m-1790818200,https://polymarket.com/zh/event/btc-updown-5m-1790818200,09:30-09:35,1.80,98.40,1.60,98.20,10.00,50.00,25.00,10.00,1.70,98.30,0.20,0.20,1415.00,16921.06,16721.06,1415.00,10,134,134,10,83567.56,83471.22,,
2026-10-01T09:32:17+08:00,btc-updown-5m-1790818200,https://polymarket.com/zh/event/btc-updown-5m-1790818200,09:30-09:35,1.80,98.40,1.70,98.20,15.08,25.00,15.00,5.08,1.75,98.30,0.10,0.20,3365.00,16836.06,16821.06,3365.00,12,135,134,11,83567.56,83471.23,,
2026-10-01T09:32:19+08:00,btc-updown-5m-1790818200,https://polymarket.com/zh/event/btc-updown-5m-1790818200,09:30-09:35,2.10,98.00,2.00,97.90,266.23,35.00,35.00,266.23,2.05,97.95,0.10,0.10,4014.05,16826.06,16736.06,4004.05,8,132,132,10,83567.56,83470.76,,
2026-10-01T09:32:22+08:00,btc-updown-5m-1790818200,https://polymarket.com/zh/event/btc-updown-5m-1790818200,09:30-09:35,2.10,98.00,2.00,97.90,256.23,7682.33,35.00,17.00,2.05,97.95,0.10,0.10,4058.07,16736.06,16836.06,4009.05,11,132,131,9,83567.56,83471.84,,
2026-10-01T09:32:24+08:00,btc-updown-5m-1790818200,https://polymarket.com/zh/event/btc-updown-5m-1790818200,09:30-09:35,2.30,97.80,2.20,97.70,0.24,25.00,111.56,0.24,2.25,97.75,0.10,0.10,4014.07,16746.06,16836.06,4049.07,9,132,133,9,83567.56,83486.98,,
2026-10-01T09:32:26+08:00,btc-updown-5m-1790818200,https://polymarket.com/zh/event/btc-updown-5m-1790818200,09:30-09:35,2.20,98.00,2.10,97.90,257.89,95.00,19.00,86.66,2.15,97.95,0.10,0.10,3954.07,16836.06,16836.06,3954.07,9,133,134,8,83567.56,83486.98,,
2026-10-01T09:32:28+08:00,btc-updown-5m-1790818200,https://polymarket.com/zh/event/btc-updown-5m-1790818200,09:30-09:35,2.10,98.00,2.00,97.90,7.00,155.00,587.00,7.00,2.05,97.95,0.10,0.10,4074.07,16736.06,16846.06,3964.07,9,132,132,9,83567.56,83486.98,,
2026-10-01T09:32:33+08:00,btc-updown-5m-1790818200,https://polymarket.com/zh/event/btc-updown-5m-1790818200,09:30-09:35,2.50,97.40,2.40,97.10,7.00,66.66,205.00,11.53,2.45,97.25,0.10,0.30,4119.07,16741.06,16746.06,4389.08,10,127,127,10,83567.56,83495.40,,
2026-10-01T09:32:35+08:00,btc-updown-5m-1790818200,https://polymarket.com/zh/event/btc-updown-5m-1790818200,09:30-09:35,3.10,97.00,3.00,96.90,7.00,390.00,390.00,7.00,3.05,96.95,0.10,0.10,5229.67,16741.06,16746.06,5224.67,13,132,132,12,83567.56,83501.49,,
2026-10-01T09:32:37+08:00,btc-updown-5m-1790818200,https://polymarket.com/zh/event/btc-updown-5m-1790818200,09:30-09:35,4.30,96.10,4.20,96.00,7.00,196.00,75.00,230.69,4.25,96.05,0.10,0.10,9907.65,16746.06,16736.06,9872.65,17,130,131,14,83567.56,83504.64,,
2026-10-01T09:32:39+08:00,btc-updown-5m-1790818200,https://polymarket.com/zh/event/btc-updown-5m-1790818200,09:30-09:35,4.00,96.10,3.90,96.00,379.70,81.00,81.00,379.70,3.95,96.05,0.10,0.10,9986.65,16736.06,16851.06,9991.65,17,131,130,16,83567.56,83515.69,,
2026-10-01T09:32:41+08:00,btc-updown-5m-1790818200,https://polymarket.com/zh/event/btc-updown-5m-1790818200,09:30-09:35,3.70,96.30,3.40,96.20,25.00,71.99,59.99,32.00,3.55,96.25,0.30,0.10,5915.57,16846.06,16736.06,5905.57,14,134,132,15,83567.56,83515.69,,
2026-10-01T09:32:43+08:00,btc-updown-5m-1790818200,https://polymarket.com/zh/event/btc-updown-5m-1790818200,09:30-09:35,3.20,96.90,3.10,96.50,5.00,56.90,60.00,57.00,3.15,96.70,0.10,0.40,5607.67,16856.06,16736.06,5607.67,13,134,131,12,83567.56,83515.69,,
2026-10-01T09:32:45+08:00,btc-updown-5m-1790818200,https://polymarket.com/zh/event/btc-updown-5m-1790818200,09:30-09:35,3.30,96.90,3.10,96.70,56.00,89.99,89.99,56.00,3.20,96.80,0.20,0.20,5957.57,16836.06,16841.06,5957.57,13,133,133,13,83567.56,83515.70,,
2026-10-01T09:32:47+08:00,btc-updown-5m-1790818200,https://polymarket.com/zh/event/btc-updown-5m-1790818200,09:30-09:35,3.00,97.10,2.90,97.00,767.89,30.00,30.00,767.89,2.95,97.05,0.10,0.10,5211.57,16856.06,16736.06,5211.57,14,132,132,14,83567.56,83515.69,,
2026-10-01T09:32:49+08:00,btc-updown-5m-1790818200,https://polymarket.com/zh/event/btc-updown-5m-1790818200,09:30-09:35,2.80,97.20,2.70,97.10,162.99,99.99,30.00,11.44,2.75,97.15,0.10,0.10,5527.67,16736.06,16851.06,5221.57,12,134,130,13,83567.56,83515.68,,
2026-10-01T09:32:51+08:00,btc-updown-5m-1790818200,https://polymarket.com/zh/event/btc-updown-5m-1790818200,09:30-09:35,2.90,97.50,2.20,97.40,5.08,30.00,98.00,71.99,2.55,97.45,0.70,0.10,5488.57,16736.06,16756.06,5339.67,11,134,137,12,83567.56,83515.12,,
2026-10-01T09:32:53+08:00,btc-updown-5m-1790818200,https://polymarket.com/zh/event/btc-updown-5m-1790818200,09:30-09:35,1.50,98.90,1.10,98.20,25.00,5.00,5.00,25.00,1.30,98.55,0.40,0.70,3290.00,16841.06,16841.06,3290.00,8,137,135,7,83567.56,83489.91,,
2026-10-01T09:32:55+08:00,btc-updown-5m-1790818200,https://polymarket.com/zh/event/btc-updown-5m-1790818200,09:30-09:35,2.00,98.40,1.90,98.10,403.57,24.99,33.33,20.42,1.95,98.25,0.10,0.30,4001.03,16741.06,16741.06,3906.03,10,134,134,9,83567.56,83494.37,,
2026-10-01T09:32:57+08:00,btc-updown-5m-1790818200,https://polymarket.com/zh/event/btc-updown-5m-1790818200,09:30-09:35,2.00,97.50,1.90,97.40,95.00,99.99,5.33,74.18,1.95,97.45,0.10,0.10,3981.03,16826.06,16736.06,6390.49,10,112,118,8,83567.56,83494.38,,
2026-10-01T09:32:59+08:00,btc-updown-5m-1790818200,https://polymarket.com/zh/event/btc-updown-5m-1790818200,09:30-09:35,3.00,97.60,2.90,97.50,72.11,213.00,66.66,71.99,2.95,97.55,0.10,0.10,4740.53,16836.06,16821.06,4635.53,10,135,137,8,83567.56,83515.13,,
2026-10-01T09:33:01+08:00,btc-updown-5m-1790818200,https://polymarket.com/zh/event/btc-updown-5m-1790818200,09:30-09:35,2.10,98.00,2.00,97.80,10.66,95.00,178.00,71.99,2.05,97.90,0.10,0.20,4503.63,16836.06,16726.06,4513.63,10,140,139,10,83567.56,83515.13,,
2026-10-01T09:33:03+08:00,btc-updown-5m-1790818200,https://polymarket.com/zh/event/btc-updown-5m-1790818200,09:30-09:35,3.20,97.10,3.10,97.00,26.25,100.00,95.30,73.33,3.15,97.05,0.10,0.10,4761.63,16836.06,16726.06,4228.63,8,121,136,13,83567.56,83516.82,,
2026-10-01T09:33:05+08:00,btc-updown-5m-1790818200,https://polymarket.com/zh/event/btc-updown-5m-1790818200,09:30-09:35,2.00,98.20,1.80,98.00,25.00,76.57,76.57,45.00,1.90,98.10,0.20,0.20,3295.00,16826.06,16826.06,4348.63,12,141,141,12,83567.56,83519.43,,
2026-10-01T09:33:07+08:00,btc-updown-5m-1790818200,https://polymarket.com/zh/event/btc-updown-5m-1790818200,09:30-09:35,1.80,98.80,1.20,98.20,50.00,253.00,253.00,50.00,1.50,98.50,0.60,0.60,3295.00,16726.06,16841.06,3295.00,9,137,137,9,83567.56,83512.59,,
2026-10-01T09:33:09+08:00,btc-updown-5m-1790818200,https://polymarket.com/zh/event/btc-updown-5m-1790818200,09:30-09:35,3.00,96.60,2.90,96.30,117.98,66.66,76.00,10.41,2.95,96.45,0.10,0.30,5067.63,16643.06,16628.06,5077.63,13,138,140,15,83567.56,83525.60,,
2026-10-01T09:33:11+08:00,btc-updown-5m-1790818200,https://polymarket.com/zh/event/btc-updown-5m-1790818200,09:30-09:35,3.80,96.90,3.70,96.70,79.94,5.00,2.92,10.76,3.75,96.80,0.10,0.20,9064.31,16826.06,16731.06,8669.61,15,141,144,16,83567.56,83532.34,,
2026-10-01T09:33:13+08:00,btc-updown-5m-1790818200,https://polymarket.com/zh/event/btc-updown-5m-1790818200,09:30-09:35,3.70,97.00,3.60,96.70,50.00,120.00,20.33,85.75,3.65,96.85,0.10,0.30,4925.43,16926.06,16736.06,4880.43,13,141,143,13,83567.56,83532.34,,
2026-10-01T09:33:15+08:00,btc-updown-5m-1790818200,https://polymarket.com/zh/event/btc-updown-5m-1790818200,09:30-09:35,4.20,96.00,4.10,95.90,10.91,40.26,5.33,15.39,4.15,95.95,0.10,0.10,5331.33,16726.06,16831.06,5237.43,13,142,142,13,83567.56,83532.34,,
2026-10-01T09:33:17+08:00,btc-updown-5m-1790818200,https://polymarket.com/zh/event/btc-updown-5m-1790818200,09:30-09:35,3.40,96.10,3.10,96.00,66.66,71.99,176.00,356.00,3.25,96.05,0.30,0.10,5082.02,16711.06,16726.06,5520.02,11,144,142,13,83567.56,83532.34,,
2026-10-01T09:33:19+08:00,btc-updown-5m-1790818200,https://polymarket.com/zh/event/btc-updown-5m-1790818200,09:30-09:35,4.00,96.10,3.90,96.00,586.17,5.33,5.33,571.17,3.95,96.05,0.10,0.10,4964.33,16821.06,16811.06,5402.33,12,140,139,13,83567.56,83532.35,,
2026-10-01T09:33:21+08:00,btc-updown-5m-1790818200,https://polymarket.com/zh/event/btc-updown-5m-1790818200,09:30-09:35,3.90,97.00,3.00,96.10,75.00,190.00,190.00,75.00,3.45,96.55,0.90,0.90,4947.33,16816.06,16711.06,4967.33,11,140,140,11,83567.56,83535.41,,
2026-10-01T09:33:23+08:00,btc-updown-5m-1790818200,https://polymarket.com/zh/event/btc-updown-5m-1790818200,09:30-09:35,3.10,97.00,3.00,96.90,273.00,15.00,30.00,280.10,3.05,96.95,0.10,0.10,4810.53,16811.06,16721.06,4686.63,11,141,141,11,83567.56,83536.07,,
2026-10-01T09:33:25+08:00,btc-updown-5m-1790818200,https://polymarket.com/zh/event/btc-updown-5m-1790818200,09:30-09:35,3.10,97.00,3.00,96.90,308.10,15.00,15.00,280.10,3.05,96.95,0.10,0.10,4775.53,16711.06,16726.06,4770.53,11,140,141,11,83567.56,83536.07,,
2026-10-01T09:33:27+08:00,btc-updown-5m-1790818200,https://polymarket.com/zh/event/btc-updown-5m-1790818200,09:30-09:35,1.50,98.80,1.30,98.40,35.00,188.00,25.00,71.99,1.40,98.60,0.20,0.40,3320.00,16721.06,16811.06,3270.00,8,137,137,8,83567.56,83536.07,,
2026-10-01T09:33:29+08:00,btc-updown-5m-1790818200,https://polymarket.com/zh/event/btc-updown-5m-1790818200,09:30-09:35,2.00,98.60,1.50,98.00,408.14,25.00,105.32,476.14,1.75,98.30,0.50,0.60,3796.03,16706.06,16706.06,3816.03,7,140,141,7,83567.56,83532.94,,
2026-10-01T09:33:31+08:00,btc-updown-5m-1790818200,https://polymarket.com/zh/event/btc-updown-5m-1790818200,09:30-09:35,1.70,99.10,1.00,99.00,168.00,188.00,340.03,504.99,1.35,99.05,0.70,0.10,3360.03,16831.06,16816.06,3203.00,2,140,135,2,83567.56,83532.93,,
2026-10-01T09:33:33+08:00,btc-updown-5m-1790818200,https://polymarket.com/zh/event/btc-updown-5m-1790818200,09:30-09:35,0.80,99.90,0.10,99.20,200.28,1955.54,1955.54,200.28,0.45,99.55,0.70,0.70,1955.54,15731.06,15816.06,1955.54,1,139,139,1,83567.56,83519.77,,
2026-10-01T09:33:35+08:00,btc-updown-5m-1790818200,https://polymarket.com/zh/event/btc-updown-5m-1790818200,09:30-09:35,0.40,99.90,0.10,99.60,123.99,1930.51,1930.51,123.99,0.25,99.75,0.30,0.30,1930.51,15816.06,15716.06,1930.51,1,141,141,1,83567.56,83517.85,,
2026-10-01T09:33:37+08:00,btc-updown-5m-1790818200,https://polymarket.com/zh/event/btc-updown-5m-1790818200,09:30-09:35,0.50,99.90,0.10,99.50,75.00,1920.51,1920.51,75.00,0.30,99.70,0.40,0.40,1920.51,15821.06,15821.06,1920.51,1,145,147,1,83567.56,83511.92,,
2026-10-01T09:33:40+08:00,btc-updown-5m-1790818200,https://polymarket.com/zh/event/btc-updown-5m-1790818200,09:30-09:35,0.50,99.90,0.10,99.50,75.00,1920.51,1920.51,75.00,0.30,99.70,0.40,0.40,1920.51,15821.06,15831.06,1920.51,1,145,144,1,83567.56,83505.60,,
2026-10-01T09:33:42+08:00,btc-updown-5m-1790818200,https://polymarket.com/zh/event/btc-updown-5m-1790818200,09:30-09:35,1.00,99.90,0.10,99.00,8241.36,1945.51,1945.51,8229.84,0.55,99.45,0.90,0.90,1945.51,15721.06,15826.06,1945.51,1,142,141,1,83567.56,83505.60,,
2026-10-01T09:33:44+08:00,btc-updown-5m-1790818200,https://polymarket.com/zh/event/btc-updown-5m-1790818200,09:30-09:35,0.70,99.90,0.10,99.30,42.00,2063.68,2063.68,42.00,0.40,99.60,0.60,0.60,2063.68,15721.06,15721.06,2063.68,1,145,146,1,83567.56,83504.64,,
2026-10-01T09:33:46+08:00,btc-updown-5m-1790818200,https://polymarket.com/zh/event/btc-updown-5m-1790818200,09:30-09:35,0.50,99.90,0.10,99.50,5.00,200.18,200.18,5.00,0.30,99.70,0.40,0.40,200.18,15741.06,15726.06,200.18,1,146,147,1,83567.56,83504.64,,
2026-10-01T09:33:48+08:00,btc-updown-5m-1790818200,https://polymarket.com/zh/event/btc-updown-5m-1790818200,09:30-09:35,0.30,99.90,0.10,99.70,5.00,170.18,170.18,5.00,0.20,99.80,0.20,0.20,170.18,15721.06,15826.06,170.18,1,147,146,1,83567.56,83504.64,,
2026-10-01T09:33:50+08:00,btc-updown-5m-1790818200,https://polymarket.com/zh/event/btc-updown-5m-1790818200,09:30-09:35,0.10,,,99.90,171.99,,,171.99,,,,,,15618.06,15623.06,,0,143,143,0,83567.56,83503.79,,
2026-10-01T09:33:53+08:00,btc-updown-5m-1790818200,https://polymarket.com/zh/event/btc-updown-5m-1790818200,09:30-09:35,0.80,,,99.00,49.12,,,20257.33,,,,,,15633.06,15618.06,,0,137,137,0,83567.56,83504.87,,
2026-10-01T09:33:56+08:00,btc-updown-5m-1790818200,https://polymarket.com/zh/event/btc-updown-5m-1790818200,09:30-09:35,0.10,,,99.90,10.00,,,10.00,,,,,,8496.73,8481.73,,0,138,139,0,83567.56,83510.92,,
2026-10-01T09:33:58+08:00,btc-updown-5m-1790818200,https://polymarket.com/zh/event/btc-updown-5m-1790818200,09:30-09:35,0.10,,,99.90,3006.90,,,3006.90,,,,,,8481.73,8481.73,,0,140,140,0,83567.56,83501.39,,
2026-10-01T09:34:01+08:00,btc-updown-5m-1790818200,https://polymarket.com/zh/event/btc-updown-5m-1790818200,09:30-09:35,0.10,,,99.90,3140.50,,,3170.53,,,,,,8248.90,8253.90,,0,142,140,0,83567.56,83501.42,,
2026-10-01T09:34:03+08:00,btc-updown-5m-1790818200,https://polymarket.com/zh/event/btc-updown-5m-1790818200,09:30-09:35,0.10,,,99.90,3179.12,,,3184.12,,,,,,8243.90,8248.90,,0,137,139,0,83567.56,83510.92,,
2026-10-01T09:34:05+08:00,btc-updown-5m-1790818200,https://polymarket.com/zh/event/btc-updown-5m-1790818200,09:30-09:35,0.10,,,99.90,3218.12,,,12216.70,,,,,,8243.90,8248.90,,0,138,139,0,83567.56,83511.39,,
2026-10-01T09:34:07+08:00,btc-updown-5m-1790818200,https://polymarket.com/zh/event/btc-updown-5m-1790818200,09:30-09:35,0.10,,,99.90,12216.70,,,12216.70,,,,,,8243.90,8243.90,,0,139,139,0,83567.56,83511.39,,
2026-10-01T09:34:09+08:00,btc-updown-5m-1790818200,https://polymarket.com/zh/event/btc-updown-5m-1790818200,09:30-09:35,0.10,,,99.90,12216.69,,,12216.69,,,,,,8243.90,8248.90,,0,140,140,0,83567.56,83511.39,,
2026-10-01T09:34:12+08:00,btc-updown-5m-1790818200,https://polymarket.com/zh/event/btc-updown-5m-1790818200,09:30-09:35,0.10,,,99.90,12231.69,,,12881.69,,,,,,8253.90,8243.90,,0,138,137,0,83567.56,83506.65,,
2026-10-01T09:34:14+08:00,btc-updown-5m-1790818200,https://polymarket.com/zh/event/btc-updown-5m-1790818200,09:30-09:35,0.10,,,99.90,12881.69,,,12881.69,,,,,,8243.90,8253.90,,0,137,136,0,83567.56,83506.64,,
2026-10-01T09:34:16+08:00,btc-updown-5m-1790818200,https://polymarket.com/zh/event/btc-updown-5m-1790818200,09:30-09:35,0.10,,,99.90,12896.69,,,12896.69,,,,,,8258.90,8243.90,,0,137,137,0,83567.56,83506.64,,
2026-10-01T09:34:18+08:00,btc-updown-5m-1790818200,https://polymarket.com/zh/event/btc-updown-5m-1790818200,09:30-09:35,0.10,,,99.90,13006.53,,,13006.53,,,,,,8243.90,8243.90,,0,134,134,0,83567.56,83506.64,,
2026-10-01T09:34:20+08:00,btc-updown-5m-1790818200,https://polymarket.com/zh/event/btc-updown-5m-1790818200,09:30-09:35,0.10,,,99.90,13021.53,,,13021.53,,,,,,8243.90,8248.90,,0,134,134,0,83567.56,83508.99,,
2026-10-01T09:34:22+08:00,btc-updown-5m-1790818200,https://polymarket.com/zh/event/btc-updown-5m-1790818200,09:30-09:35,0.10,,,99.90,13021.53,,,13021.53,,,,,,8243.90,8248.90,,0,135,135,0,83567.56,83508.98,,
2026-10-01T09:34:24+08:00,btc-updown-5m-1790818200,https://polymarket.com/zh/event/btc-updown-5m-1790818200,09:30-09:35,0.10,,,99.90,13026.53,,,13026.53,,,,,,8243.90,8243.90,,0,135,135,0,83567.56,83508.98,,
2026-10-01T09:34:26+08:00,btc-updown-5m-1790818200,https://polymarket.com/zh/event/btc-updown-5m-1790818200,09:30-09:35,0.10,,,99.90,13056.53,,,13056.53,,,,,,8258.90,8243.90,,0,135,135,0,83567.56,83511.39,,
2026-10-01T09:34:28+08:00,btc-updown-5m-1790818200,https://polymarket.com/zh/event/btc-updown-5m-1790818200,09:30-09:35,0.10,,,99.90,12056.53,,,12056.53,,,,,,8248.90,8243.90,,0,135,135,0,83567.56,83512.01,,
2026-10-01T09:34:30+08:00,btc-updown-5m-1790818200,https://polymarket.com/zh/event/btc-updown-5m-1790818200,09:30-09:35,0.10,,,99.90,12578.03,,,12578.03,,,,,,8238.90,8238.90,,0,135,135,0,83567.56,83512.19,,
2026-10-01T09:34:32+08:00,btc-updown-5m-1790818200,https://polymarket.com/zh/event/btc-updown-5m-1790818200,09:30-09:35,0.10,,,99.90,12642.62,,,12642.62,,,,,,8243.90,8238.90,,0,135,135,0,83567.56,83510.37,,
2026-10-01T09:34:34+08:00,btc-updown-5m-1790818200,https://polymarket.com/zh/event/btc-updown-5m-1790818200,09:30-09:35,0.10,,,99.90,12642.62,,,12642.62,,,,,,8248.90,8253.90,,0,135,135,0,83567.56,83510.37,,
2026-10-01T09:34:36+08:00,btc-updown-5m-1790818200,https://polymarket.com/zh/event/btc-updown-5m-1790818200,09:30-09:35,0.10,,,99.90,12662.62,,,12662.62,,,,,,8243.90,8248.90,,0,135,135,0,83567.56,83512.22,,
2026-10-01T09:34:38+08:00,btc-updown-5m-1790818200,https://polymarket.com/zh/event/btc-updown-5m-1790818200,09:30-09:35,0.10,,,99.90,12662.62,,,12662.62,,,,,,8238.90,8253.90,,0,135,135,0,83567.56,83512.22,,
2026-10-01T09:34:40+08:00,btc-updown-5m-1790818200,https://polymarket.com/zh/event/btc-updown-5m-1790818200,09:30-09:35,0.10,,,99.90,18277.62,,,18277.62,,,,,,8243.90,8253.90,,0,135,135,0,83567.56,83512.22,,
2026-10-01T09:34:43+08:00,btc-updown-5m-1790818200,https://polymarket.com/zh/event/btc-updown-5m-1790818200,09:30-09:35,0.10,,,99.90,18277.62,,,18277.62,,,,,,8238.90,8238.90,,0,135,135,0,83567.56,83512.23,,
2026-10-01T09:34:45+08:00,btc-updown-5m-1790818200,https://polymarket.com/zh/event/btc-updown-5m-1790818200,09:30-09:35,0.10,,,99.90,18277.62,,,18282.62,,,,,,8253.90,8238.90,,0,135,135,0,83567.56,83512.49,,
2026-10-01T09:34:47+08:00,btc-updown-5m-1790818200,https://polymarket.com/zh/event/btc-updown-5m-1790818200,09:30-09:35,0.10,,,99.90,17343.67,,,17343.67,,,,,,7878.90,7863.90,,0,135,135,0,83567.56,83518.27,,
2026-10-01T09:34:49+08:00,btc-updown-5m-1790818200,https://polymarket.com/zh/event/btc-updown-5m-1790818200,09:30-09:35,0.10,,,99.90,17843.67,,,17843.67,,,,,,7863.90,7863.90,,0,135,135,0,83567.56,83523.67,,
2026-10-01T09:34:51+08:00,btc-updown-5m-1790818200,https://polymarket.com/zh/event/btc-updown-5m-1790818200,09:30-09:35,0.10,,,99.90,17777.59,,,17777.59,,,,,,7863.90,7853.90,,0,135,135,0,83567.56,83517.00,,
2026-10-01T09:34:53+08:00,btc-updown-5m-1790818200,https://polymarket.com/zh/event/btc-updown-5m-1790818200,09:30-09:35,0.10,,,99.90,18782.59,,,18802.59,,,,,,7853.90,7863.90,,0,135,135,0,83567.56,83518.75,,
2026-10-01T09:34:55+08:00,btc-updown-5m-1790818200,https://polymarket.com/zh/event/btc-updown-5m-1790818200,09:30-09:35,0.10,,,99.90,17862.62,,,23860.63,,,,,,7868.90,7868.90,,0,135,135,0,83567.56,83519.48,,
2026-10-01T09:34:57+08:00,btc-updown-5m-1790818200,https://polymarket.com/zh/event/btc-updown-5m-1790818200,09:30-09:35,0.10,,,99.90,23934.65,,,23844.65,,,,,,3003.90,2993.90,,0,135,135,0,83567.56,83529.17,,
2026-10-01T09:34:59+08:00,btc-updown-5m-1790818200,https://polymarket.com/zh/event/btc-updown-5m-1790818200,09:30-09:35,0.10,,,99.90,23824.83,,,23814.83,,,,,,2818.90,2813.90,,0,120,98,0,83567.56,83522.49,,
2026-10-01T09:35:01+08:00,btc-updown-5m-1790818500,https://polymarket.com/zh/event/btc-updown-5m-1790818500,09:35-09:40,54.00,47.00,53.00,46.00,145.00,102.55,102.55,538.00,53.50,46.50,1.00,1.00,27209.62,24677.33,24827.33,27279.62,53,46,46,53,83513.29,83513.30,,
2026-10-01T09:35:03+08:00,btc-updown-5m-1790818500,https://polymarket.com/zh/event/btc-updown-5m-1790818500,09:35-09:40,53.00,48.00,52.00,47.00,525.85,264.00,264.00,525.85,52.50,47.50,1.00,1.00,31132.55,26565.26,26560.26,31132.55,52,47,47,52,83513.29,83513.29,,
2026-10-01T09:35:05+08:00,btc-updown-5m-1790818500,https://polymarket.com/zh/event/btc-updown-5m-1790818500,09:35-09:40,53.00,48.00,52.00,47.00,559.25,103.16,103.16,559.25,52.50,47.50,1.00,1.00,31365.55,26778.26,26768.26,31455.55,52,47,47,52,83513.29,83513.29,,
2026-10-01T09:35:07+08:00,btc-updown-5m-1790818500,https://polymarket.com/zh/event/btc-updown-5m-1790818500,09:35-09:40,53.00,48.00,52.00,47.00,566.75,183.87,158.87,437.82,52.50,47.50,1.00,1.00,31445.55,26778.26,26768.26,31435.55,52,47,47,52,83513.29,83513.29,,
2026-10-01T09:35:09+08:00,btc-updown-5m-1790818500,https://polymarket.com/zh/event/btc-updown-5m-1790818500,09:35-09:40,53.00,48.00,52.00,47.00,1364.95,64.00,59.00,1379.95,52.50,47.50,1.00,1.00,29435.55,24773.26,24778.26,29350.55,52,47,47,52,83513.29,83513.30,,
2026-10-01T09:35:11+08:00,btc-updown-5m-1790818500,https://polymarket.com/zh/event/btc-updown-5m-1790818500,09:35-09:40,52.00,49.00,51.00,48.00,827.05,30.00,30.00,1000.05,51.50,48.50,1.00,1.00,29470.55,24793.26,24793.26,29465.55,51,48,48,51,83513.29,83512.22,,
2026-10-01T09:35:13+08:00,btc-updown-5m-1790818500,https://polymarket.com/zh/event/btc-updown-5m-1790818500,09:35-09:40,52.00,49.00,51.00,48.00,358.95,133.00,133.00,353.95,51.50,48.50,1.00,1.00,29494.55,24822.26,24812.26,29384.55,51,48,48,51,83513.29,83512.23,,
2026-10-01T09:35:15+08:00,btc-updown-5m-1790818500,https://polymarket.com/zh/event/btc-updown-5m-1790818500,09:35-09:40,52.00,49.00,51.00,48.00,69.37,669.46,669.46,69.37,51.50,48.50,1.00,1.00,29294.55,24712.26,24712.26,29384.55,51,48,48,51,83513.29,83512.22,,
2026-10-01T09:35:17+08:00,btc-updown-5m-1790818500,https://polymarket.com/zh/event/btc-updown-5m-1790818500,09:35-09:40,41.00,60.00,40.00,59.00,60.00,45.51,5.51,685.01,40.50,59.50,1.00,1.00,21922.14,27261.85,29854.25,22004.84,39,59,59,40,83513.29,83493.28,,
2026-10-01T09:35:19+08:00,btc-updown-5m-1790818500,https://polymarket.com/zh/event/btc-updown-5m-1790818500,09:35-09:40,39.00,62.00,38.00,61.00,1630.36,110.38,118.38,1656.68,38.50,61.50,1.00,1.00,24611.54,29324.25,29424.25,24606.54,38,61,61,38,83513.29,83491.66,,
2026-10-01T09:35:22+08:00,btc-updown-5m-1790818500,https://polymarket.com/zh/event/btc-updown-5m-1790818500,09:35-09:40,39.00,62.00,38.00,61.00,823.19,388.28,184.28,778.19,38.50,61.50,1.00,1.00,23371.54,28214.25,27999.25,23361.54,38,61,61,38,83513.29,83491.65,,
2026-10-01T09:35:24+08:00,btc-updown-5m-1790818500,https://polymarket.com/zh/event/btc-updown-5m-1790818500,09:35-09:40,32.00,69.00,31.00,68.00,957.54,10.87,10.87,967.54,31.50,68.50,1.00,1.00,20378.54,27794.25,27884.25,20368.54,31,68,68,31,83513.29,83483.69,,
2026-10-01T09:35:26+08:00,btc-updown-5m-1790818500,https://polymarket.com/zh/event/btc-updown-5m-1790818500,09:35-09:40,25.00,76.00,24.00,75.00,1511.25,92.00,113.00,1567.25,24.50,75.50,1.00,1.00,20181.20,27316.25,27216.25,20186.20,24,75,75,24,83513.29,83473.49,,
2026-10-01T09:35:28+08:00,btc-updown-5m-1790818500,https://polymarket.com/zh/event/btc-updown-5m-1790818500,09:35-09:40,24.00,77.00,23.00,76.00,834.24,53.70,53.70,1630.24,23.50,76.50,1.00,1.00,19894.20,26496.25,26596.25,19934.20,23,76,76,23,83513.29,83464.89,,
2026-10-01T09:35:30+08:00,btc-updown-5m-1790818500,https://polymarket.com/zh/event/btc-updown-5m-1790818500,09:35-09:40,24.00,77.00,23.00,76.00,1306.60,281.55,193.55,416.00,23.50,76.50,1.00,1.00,19434.20,26116.25,25891.25,19244.20,23,76,76,23,83513.29,83464.86,,
2026-10-01T09:35:32+08:00,btc-updown-5m-1790818500,https://polymarket.com/zh/event/btc-updown-5m-1790818500,09:35-09:40,24.00,77.00,23.00,76.00,613.87,170.00,55.00,587.35,23.50,76.50,1.00,1.00,18694.20,25381.25,25271.25,18744.20,23,76,76,23,83513.29,83464.86,,
2026-10-01T09:35:35+08:00,btc-updown-5m-1790818500,https://polymarket.com/zh/event/btc-updown-5m-1790818500,09:35-09:40,23.00,78.00,22.00,77.00,951.39,11.19,1.19,890.39,22.50,77.50,1.00,1.00,19513.31,24796.25,24796.25,19528.31,22,77,77,22,83513.29,83464.31,,
2026-10-01T09:35:37+08:00,btc-updown-5m-1790818500,https://polymarket.com/zh/event/btc-updown-5m-1790818500,09:35-09:40,22.00,79.00,21.00,78.00,607.13,105.00,182.74,650.27,21.50,78.50,1.00,1.00,19543.31,24796.25,24796.25,19543.31,21,78,78,21,83513.29,83463.17,,
2026-10-01T09:35:39+08:00,btc-updown-5m-1790818500,https://polymarket.com/zh/event/btc-updown-5m-1790818500,09:35-09:40,18.00,83.00,17.00,82.00,1371.74,98.79,98.79,1376.74,17.50,82.50,1.00,1.00,22402.97,24404.25,24304.25,22402.97,17,82,82,17,83513.29,83453.44,,
2026-10-01T09:35:41+08:00,btc-updown-5m-1790818500,https://polymarket.com/zh/event/btc-updown-5m-1790818500,09:35-09:40,17.00,84.00,16.00,83.00,178.00,1091.44,1178.40,168.00,16.50,83.50,1.00,1.00,21751.97,24309.25,24304.25,21731.97,16,83,83,16,83513.29,83453.44,,
2026-10-01T09:35:43+08:00,btc-updown-5m-1790818500,https://polymarket.com/zh/event/btc-updown-5m-1790818500,09:35-09:40,18.00,83.00,17.00,82.00,40.00,1181.00,1192.02,50.00,17.50,82.50,1.00,1.00,21990.97,24409.25,24304.25,22020.97,17,82,82,17,83513.29,83453.51,,
2026-10-01T09:35:45+08:00,btc-updown-5m-1790818500,https://polymarket.com/zh/event/btc-updown-5m-1790818500,09:35-09:40,18.00,83.00,17.00,82.00,553.53,207.71,154.97,497.07,17.50,82.50,1.00,1.00,22020.97,24419.25,24304.25,22035.97,17,82,82,17,83513.29,83453.90,,
2026-10-01T09:35:47+08:00,btc-updown-5m-1790818500,https://polymarket.com/zh/event/btc-updown-5m-1790818500,09:35-09:40,18.00,83.00,17.00,82.00,1258.20,58.79,13.79,1233.20,17.50,82.50,1.00,1.00,22061.97,24409.25,24304.25,22051.97,17,82,82,17,83513.29,83453.89,,
2026-10-01T09:35:49+08:00,btc-updown-5m-1790818500,https://polymarket.com/zh/event/btc-updown-5m-1790818500,09:35-09:40,20.00,81.00,19.00,80.00,240.00,765.99,877.99,509.99,19.50,80.50,1.00,1.00,21904.97,24152.25,24057.25,21899.97,19,80,80,19,83513.29,83461.63,,
2026-10-01T09:35:51+08:00,btc-updown-5m-1790818500,https://polymarket.com/zh/event/btc-updown-5m-1790818500,09:35-09:40,20.00,81.00,19.00,80.00,591.95,428.00,463.00,589.95,19.50,80.50,1.00,1.00,21904.97,24167.25,24052.25,21904.97,19,80,80,19,83513.29,83461.64,,
2026-10-01T09:35:53+08:00,btc-updown-5m-1790818500,https://polymarket.com/zh/event/btc-updown-5m-1790818500,09:35-09:40,20.00,81.00,19.00,80.00,1038.99,50.00,35.00,1038.99,19.50,80.50,1.00,1.00,21885.97,24052.25,24157.25,21880.97,19,80,80,19,83513.29,83461.65,,
2026-10-01T09:35:55+08:00,btc-updown-5m-1790818500,https://polymarket.com/zh/event/btc-updown-5m-1790818500,09:35-09:40,19.00,81.00,18.00,80.00,118.00,1272.32,424.00,10.00,18.50,80.50,1.00,1.00,21645.97,23812.25,23822.25,21580.97,18,81,80,19,83513.29,83465.29,,
2026-10-01T09:35:57+08:00,btc-updown-5m-1790818500,https://polymarket.com/zh/event/btc-updown-5m-1790818500,09:35-09:40,23.00,78.00,22.00,77.00,351.34,596.26,596.26,393.34,22.50,77.50,1.00,1.00,21305.97,23672.25,23572.25,21305.97,22,77,77,22,83513.29,83468.21,,
2026-10-01T09:35:59+08:00,btc-updown-5m-1790818500,https://polymarket.com/zh/event/btc-updown-5m-1790818500,09:35-09:40,23.00,78.00,22.00,77.00,561.36,328.27,328.27,604.03,22.50,77.50,1.00,1.00,21290.97,23572.25,23677.25,21290.97,22,77,77,22,83513.29,83466.57,,
2026-10-01T09:36:01+08:00,btc-updown-5m-1790818500,https://polymarket.com/zh/event/btc-updown-5m-1790818500,09:35-09:40,22.00,79.00,21.00,78.00,541.58,261.00,256.00,617.62,21.50,78.50,1.00,1.00,18800.97,21072.25,21082.25,18810.97,21,78,78,21,83513.29,83467.41,,
2026-10-01T09:36:03+08:00,btc-updown-5m-1790818500,https://polymarket.com/zh/event/btc-updown-5m-1790818500,09:35-09:40,21.00,80.00,20.00,79.00,2261.55,138.00,263.00,2221.55,20.50,79.50,1.00,1.00,18830.97,21072.25,21077.25,18835.97,20,79,79,20,83513.29,83468.44,,
2026-10-01T09:36:05+08:00,btc-updown-5m-1790818500,https://polymarket.com/zh/event/btc-updown-5m-1790818500,09:35-09:40,20.00,81.00,19.00,80.00,1267.62,87.82,77.82,1262.62,19.50,80.50,1.00,1.00,18845.97,20903.25,20913.25,18845.97,19,80,80,19,83513.29,83468.43,,
2026-10-01T09:36:07+08:00,btc-updown-5m-1790818500,https://polymarket.com/zh/event/btc-updown-5m-1790818500,09:35-09:40,20.00,81.00,19.00,80.00,1332.62,78.68,56.68,1337.62,19.50,80.50,1.00,1.00,18870.97,20908.25,21018.25,18870.97,19,80,80,19,83513.29,83468.43,,
2026-10-01T09:36:09+08:00,btc-updown-5m-1790818500,https://polymarket.com/zh/event/btc-updown-5m-1790818500,09:35-09:40,20.00,81.00,19.00,80.00,1419.62,43.12,53.12,1194.62,19.50,80.50,1.00,1.00,18845.97,21303.25,21003.25,18895.97,19,80,80,19,83513.29,83468.43,,
2026-10-01T09:36:11+08:00,btc-updown-5m-1790818500,https://polymarket.com/zh/event/btc-updown-5m-1790818500,09:35-09:40,14.00,87.00,13.00,86.00,383.00,781.86,771.86,392.00,13.50,86.50,1.00,1.00,19347.46,20674.25,20684.25,19274.42,13,86,86,13,83513.29,83455.79,,
2026-10-01T09:36:14+08:00,btc-updown-5m-1790818500,https://polymarket.com/zh/event/btc-updown-5m-1790818500,09:35-09:40,13.00,88.00,12.00,87.00,509.99,346.04,291.04,394.99,12.50,87.50,1.00,1.00,19671.29,20674.25,20774.25,19651.29,12,87,87,12,83513.29,83455.79,,
2026-10-01T09:36:16+08:00,btc-updown-5m-1790818500,https://polymarket.com/zh/event/btc-updown-5m-1790818500,09:35-09:40,14.00,87.00,13.00,86.00,120.00,907.36,907.36,120.00,13.50,86.50,1.00,1.00,19510.95,20664.25,20669.25,19505.95,13,86,86,13,83513.29,83455.79,,
2026-10-01T09:36:18+08:00,btc-updown-5m-1790818500,https://polymarket.com/zh/event/btc-updown-5m-1790818500,09:35-09:40,14.00,87.00,13.00,86.00,496.00,512.87,706.87,426.00,13.50,86.50,1.00,1.00,19409.81,20664.25,20674.25,19409.81,13,86,86,13,83513.29,83455.79,,
2026-10-01T09:36:20+08:00,btc-updown-5m-1790818500,https://polymarket.com/zh/event/btc-updown-5m-1790818500,09:35-09:40,14.00,87.00,13.00,86.00,173.00,752.09,1032.55,268.00,13.50,86.50,1.00,1.00,19314.81,20669.25,20664.25,19389.81,13,86,86,13,83513.29,83455.80,,
2026-10-01T09:36:22+08:00,btc-updown-5m-1790818500,https://polymarket.com/zh/event/btc-updown-5m-1790818500,09:35-09:40,14.00,87.00,13.00,86.00,25.00,1151.85,1149.85,68.00,13.50,86.50,1.00,1.00,19251.91,20664.25,20669.25,19251.91,13,86,86,13,83513.29,83455.79,,
2026-10-01T09:36:24+08:00,btc-updown-5m-1790818500,https://polymarket.com/zh/event/btc-updown-5m-1790818500,09:35-09:40,22.00,79.00,21.00,78.00,494.30,90.00,105.00,583.03,21.50,78.50,1.00,1.00,19035.91,20679.25,20664.25,19050.91,21,78,78,21,83513.29,83470.90,,
2026-10-01T09:36:26+08:00,btc-updown-5m-1790818500,https://polymarket.com/zh/event/btc-updown-5m-1790818500,09:35-09:40,20.00,81.00,19.00,80.00,1100.73,85.00,110.00,2768.73,19.50,80.50,1.00,1.00,18995.91,20769.25,20769.25,18995.91,19,80,80,19,83513.29,83468.43,,
2026-10-01T09:36:28+08:00,btc-updown-5m-1790818500,https://polymarket.com/zh/event/btc-updown-5m-1790818500,09:35-09:40,21.00,80.00,20.00,79.00,820.97,240.00,357.30,865.47,20.50,79.50,1.00,1.00,18987.91,20764.25,20674.25,18992.91,20,79,79,20,83513.29,83471.72,,
2026-10-01T09:36:30+08:00,btc-updown-5m-1790818500,https://polymarket.com/zh/event/btc-updown-5m-1790818500,09:35-09:40,18.00,83.00,17.00,82.00,978.03,114.67,114.67,978.03,17.50,82.50,1.00,1.00,18443.91,20664.25,20569.25,18493.91,17,82,82,17,83513.29,83469.63,,
2026-10-01T09:36:34+08:00,btc-updown-5m-1790818500,https://polymarket.com/zh/event/btc-updown-5m-1790818500,09:35-09:40,14.00,87.00,13.00,86.00,1057.82,122.88,103.00,1164.49,13.50,86.50,1.00,1.00,19326.86,20659.25,20659.25,19645.86,13,86,86,13,83513.29,83464.32,,
2026-10-01T09:36:36+08:00,btc-updown-5m-1790818500,https://polymarket.com/zh/event/btc-updown-5m-1790818500,09:35-09:40,14.00,87.00,13.00,86.00,113.00,636.87,602.08,67.28,13.50,86.50,1.00,1.00,19505.16,20659.25,20674.25,19206.16,13,86,86,13,83513.29,83462.65,,
2026-10-01T09:36:39+08:00,btc-updown-5m-1790818500,https://polymarket.com/zh/event/btc-updown-5m-1790818500,09:35-09:40,14.00,87.00,13.00,86.00,425.20,292.45,315.24,431.29,13.50,86.50,1.00,1.00,19584.82,20559.25,20564.25,19609.82,13,86,86,13,83513.29,83462.65,,
2026-10-01T09:36:41+08:00,btc-updown-5m-1790818500,https://polymarket.com/zh/event/btc-updown-5m-1790818500,09:35-09:40,12.00,89.00,11.00,88.00,194.99,36.00,26.00,1004.00,11.50,88.50,1.00,1.00,19356.15,20674.25,20654.25,19326.60,11,88,88,11,83513.29,83461.99,,
2026-10-01T09:36:44+08:00,btc-updown-5m-1790818500,https://polymarket.com/zh/event/btc-updown-5m-1790818500,09:35-09:40,9.00,92.00,8.00,91.00,421.76,356.43,414.75,474.76,8.50,91.50,1.00,1.00,20784.39,20554.25,20559.25,20814.39,8,91,91,8,83513.29,83444.02,,
2026-10-01T09:36:46+08:00,btc-updown-5m-1790818500,https://polymarket.com/zh/event/btc-updown-5m-1790818500,09:35-09:40,9.00,92.00,8.00,91.00,448.75,356.72,366.72,460.75,8.50,91.50,1.00,1.00,20784.39,20659.25,20749.25,20864.39,8,91,91,8,83513.29,83444.01,,
2026-10-01T09:36:48+08:00,btc-updown-5m-1790818500,https://polymarket.com/zh/event/btc-updown-5m-1790818500,09:35-09:40,7.00,94.00,6.00,93.00,247.00,703.97,682.31,270.25,6.50,93.50,1.00,1.00,17625.72,20844.25,20859.25,17755.72,6,93,93,6,83513.29,83442.01,,
2026-10-01T09:36:50+08:00,btc-updown-5m-1790818500,https://polymarket.com/zh/event/btc-updown-5m-1790818500,09:35-09:40,7.00,94.00,6.00,93.00,168.50,1396.19,1289.60,32.93,6.50,93.50,1.00,1.00,17752.72,20759.25,20849.25,17747.72,6,93,93,6,83513.29,83440.48,,
2026-10-01T09:36:52+08:00,btc-updown-5m-1790818500,https://polymarket.com/zh/event/btc-updown-5m-1790818500,09:35-09:40,8.00,93.00,7.00,92.00,311.25,383.51,333.80,255.50,7.50,92.50,1.00,1.00,18169.72,20849.25,20959.25,18199.72,7,92,92,7,83513.29,83440.48,,
2026-10-01T09:36:54+08:00,btc-updown-5m-1790818500,https://polymarket.com/zh/event/btc-updown-5m-1790818500,09:35-09:40,8.00,93.00,7.00,92.00,291.00,593.26,593.26,376.00,7.50,92.50,1.00,1.00,18233.72,20944.25,21049.25,18233.72,7,92,92,7,83513.29,83441.96,,
2026-10-01T09:36:56+08:00,btc-updown-5m-1790818500,https://polymarket.com/zh/event/btc-updown-5m-1790818500,09:35-09:40,6.00,95.00,5.00,94.00,484.88,479.76,294.76,479.18,5.50,94.50,1.00,1.00,17570.95,21049.25,21039.25,17958.95,5,94,94,5,83513.29,83436.42,,
2026-10-01T09:36:58+08:00,btc-updown-5m-1790818500,https://polymarket.com/zh/event/btc-updown-5m-1790818500,09:35-09:40,9.00,92.00,8.00,91.00,53.88,1002.13,764.32,53.88,8.50,91.50,1.00,1.00,18310.16,21144.25,21159.25,18350.16,8,91,91,8,83513.29,83446.25,,
2026-10-01T09:37:00+08:00,btc-updown-5m-1790818500,https://polymarket.com/zh/event/btc-updown-5m-1790818500,09:35-09:40,10.00,91.00,9.00,90.00,623.48,79.00,37.98,593.50,9.50,90.50,1.00,1.00,17827.74,21142.25,21027.25,17878.36,9,90,90,9,83513.29,83450.93,,
2026-10-01T09:37:02+08:00,btc-updown-5m-1790818500,https://polymarket.com/zh/event/btc-updown-5m-1790818500,09:35-09:40,9.00,92.00,8.00,91.00,404.56,273.00,523.38,509.84,8.50,91.50,1.00,1.00,17763.36,21027.25,21127.25,17763.36,8,91,91,8,83513.29,83446.35,,
2026-10-01T09:37:04+08:00,btc-updown-5m-1790818500,https://polymarket.com/zh/event/btc-updown-5m-1790818500,09:35-09:40,9.00,92.00,8.00,91.00,698.49,25.00,50.00,903.49,8.50,91.50,1.00,1.00,17788.36,21127.25,21132.25,17788.36,8,91,91,8,83513.29,83448.61,,
2026-10-01T09:37:06+08:00,btc-updown-5m-1790818500,https://polymarket.com/zh/event/btc-updown-5m-1790818500,09:35-09:40,8.00,93.00,7.00,92.00,1032.71,25.00,25.00,1042.71,7.50,92.50,1.00,1.00,17988.64,21032.25,21042.25,17988.64,7,92,92,7,83513.29,83448.61,,
2026-10-01T09:37:08+08:00,btc-updown-5m-1790818500,https://polymarket.com/zh/event/btc-updown-5m-1790818500,09:35-09:40,8.00,93.00,7.00,92.00,1109.91,15.00,15.00,1174.89,7.50,92.50,1.00,1.00,17951.94,21142.25,21127.25,18006.64,7,92,92,7,83513.29,83448.61,,
2026-10-01T09:37:10+08:00,btc-updown-5m-1790818500,https://polymarket.com/zh/event/btc-updown-5m-1790818500,09:35-09:40,6.00,95.00,5.00,94.00,240.76,814.14,814.14,240.76,5.50,94.50,1.00,1.00,18537.80,21132.25,21127.25,18537.80,5,94,94,5,83513.29,83448.62,,
2026-10-01T09:37:12+08:00,btc-updown-5m-1790818500,https://polymarket.com/zh/event/btc-updown-5m-1790818500,09:35-09:40,6.00,95.00,5.00,94.00,441.69,534.28,534.28,445.40,5.50,94.50,1.00,1.00,18368.94,21032.25,21142.25,18368.94,5,94,94,5,83513.29,83448.61,,
2026-10-01T09:37:14+08:00,btc-updown-5m-1790818500,https://polymarket.com/zh/event/btc-updown-5m-1790818500,09:35-09:40,6.00,95.00,5.00,94.00,252.82,1240.47,1238.03,252.82,5.50,94.50,1.00,1.00,17625.03,21137.25,21042.25,17627.47,5,94,94,5,83513.29,83448.61,,
2026-10-01T09:37:16+08:00,btc-updown-5m-1790818500,https://polymarket.com/zh/event/btc-updown-5m-1790818500,09:35-09:40,6.00,95.00,5.00,94.00,519.85,464.93,389.93,467.35,5.50,94.50,1.00,1.00,16826.93,21032.25,21227.25,16926.93,5,94,94,5,83513.29,83448.62,,
2026-10-01T09:37:18+08:00,btc-updown-5m-1790818500,https://polymarket.com/zh/event/btc-updown-5m-1790818500,09:35-09:40,6.00,95.00,5.00,94.00,677.63,5.00,46.19,1006.22,5.50,94.50,1.00,1.00,16327.19,21132.25,21142.25,16006.30,5,94,94,5,83513.29,83448.61,,
2026-10-01T09:37:20+08:00,btc-updown-5m-1790818500,https://polymarket.com/zh/event/btc-updown-5m-1790818500,09:35-09:40,5.00,96.00,4.00,95.00,1446.62,130.37,160.37,1456.62,4.50,95.50,1.00,1.00,13203.28,21014.25,21124.25,13148.28,4,95,95,4,83513.29,83438.43,,
2026-10-01T09:37:22+08:00,btc-updown-5m-1790818500,https://polymarket.com/zh/event/btc-updown-5m-1790818500,09:35-09:40,4.00,97.00,3.00,96.00,893.74,1422.69,1479.83,983.74,3.50,96.50,1.00,1.00,13985.43,21114.25,21024.25,13928.29,3,96,96,3,83513.29,83436.42,,
2026-10-01T09:37:24+08:00,btc-updown-5m-1790818500,https://polymarket.com/zh/event/btc-updown-5m-1790818500,09:35-09:40,4.00,97.00,3.00,96.00,1187.28,748.37,748.37,1207.28,3.50,96.50,1.00,1.00,13313.35,21124.25,21109.25,13308.35,3,96,96,3,83513.29,83440.74,,
2026-10-01T09:37:27+08:00,btc-updown-5m-1790818500,https://polymarket.com/zh/event/btc-updown-5m-1790818500,09:35-09:40,4.00,97.00,3.00,96.00,1208.18,689.59,689.59,1308.18,3.50,96.50,1.00,1.00,14785.57,21029.25,21109.25,14785.57,3,96,96,3,83513.29,83440.75,,
2026-10-01T09:37:29+08:00,btc-updown-5m-1790818500,https://polymarket.com/zh/event/btc-updown-5m-1790818500,09:35-09:40,4.00,97.00,3.00,96.00,1394.28,619.27,619.27,1346.28,3.50,96.50,1.00,1.00,14665.25,21109.25,21109.25,14675.25,3,96,96,3,83513.29,83440.74,,
2026-10-01T09:37:31+08:00,btc-updown-5m-1790818500,https://polymarket.com/zh/event/btc-updown-5m-1790818500,09:35-09:40,4.00,97.00,3.00,96.00,1362.28,658.37,664.27,1362.28,3.50,96.50,1.00,1.00,14720.25,21119.25,21114.25,14714.35,3,96,96,3,83513.29,83440.74,,
2026-10-01T09:37:33+08:00,btc-updown-5m-1790818500,https://polymarket.com/zh/event/btc-updown-5m-1790818500,09:35-09:40,4.00,97.00,3.00,96.00,1349.28,404.27,404.27,1349.28,3.50,96.50,1.00,1.00,14460.25,21114.25,21114.25,14460.25,3,96,96,3,83513.29,83440.75,,
2026-10-01T09:37:35+08:00,btc-updown-5m-1790818500,https://polymarket.com/zh/event/btc-updown-5m-1790818500,09:35-09:40,4.00,97.00,3.00,96.00,1282.33,154.00,159.11,1282.33,3.50,96.50,1.00,1.00,14195.09,20899.25,20904.25,14164.98,3,96,96,3,83513.29,83440.79,,
2026-10-01T09:37:37+08:00,btc-updown-5m-1790818500,https://polymarket.com/zh/event/btc-updown-5m-1790818500,09:35-09:40,3.00,98.00,2.00,97.00,1046.61,1275.43,1277.48,1051.61,2.50,97.50,1.00,1.00,13119.44,20395.25,20390.25,13117.39,2,97,97,2,83513.29,83440.79,,
2026-10-01T09:37:39+08:00,btc-updown-5m-1790818500,https://polymarket.com/zh/event/btc-updown-5m-1790818500,09:35-09:40,2.00,99.00,1.00,98.00,1454.66,3478.15,3492.48,1439.66,1.50,98.50,1.00,1.00,3492.48,20137.46,20252.46,3478.15,1,98,98,1,83513.29,83440.79,,
2026-10-01T09:37:41+08:00,btc-updown-5m-1790818500,https://polymarket.com/zh/event/btc-updown-5m-1790818500,09:35-09:40,2.00,99.00,1.00,98.00,413.04,4122.47,4120.36,263.04,1.50,98.50,1.00,1.00,4120.36,20142.46,20247.46,4122.47,1,98,98,1,83513.29,83424.93,,
