ts_iso,slug,market_url,window_text,buy_up_cents,buy_down_cents,sell_up_cents,sell_down_cents,buy_up_size,buy_down_size,sell_up_size,sell_down_size,mid_up_cents,mid_down_cents,spread_up_cents,spread_down_cents,bid_depth_up_5,ask_depth_up_5,bid_depth_down_5,ask_depth_down_5,level_count_bid_up,level_count_ask_up,level_count_bid_down,level_count_ask_down,target_price,final_price,trade_count_1s,trade_volume_1s
2026-06-22T05:42:42+08:00,btc-updown-5m-1782078000,https://polymarket.com/zh/event/btc-updown-5m-1782078000,05:40-05:45,18.00,83.00,17.00,82.00,350.17,152.89,124.77,312.05,17.50,82.50,1.00,1.00,22250.62,26840.14,26745.14,22844.61,17,82,82,17,,63796.15,,
2026-06-22T05:42:44+08:00,btc-updown-5m-1782078000,https://polymarket.com/zh/event/btc-updown-5m-1782078000,05:40-05:45,22.00,79.00,21.00,78.00,380.21,629.22,192.79,324.75,21.50,78.50,1.00,1.00,22244.61,26855.15,26845.14,22244.61,21,78,78,21,,63797.97,,
2026-06-22T05:42:46+08:00,btc-updown-5m-1782078000,https://polymarket.com/zh/event/btc-updown-5m-1782078000,05:40-05:45,22.00,79.00,21.00,78.00,366.75,208.09,345.59,414.29,21.50,78.50,1.00,1.00,22144.61,26780.14,26660.14,22154.61,21,78,78,21,,63803.54,,
2026-06-22T05:42:47+08:00,btc-updown-5m-1782078000,https://polymarket.com/zh/event/btc-updown-5m-1782078000,05:40-05:45,20.00,81.00,19.00,80.00,116.29,502.89,548.39,66.29,19.50,80.50,1.00,1.00,22144.61,26765.14,26680.14,22598.61,19,80,80,19,,63807.07,,
2026-06-22T05:42:49+08:00,btc-updown-5m-1782078000,https://polymarket.com/zh/event/btc-updown-5m-1782078000,05:40-05:45,22.00,79.00,21.00,78.00,165.88,821.28,766.45,165.88,21.50,78.50,1.00,1.00,22139.61,26770.15,26790.14,22144.61,21,78,78,21,,63809.13,,
2026-06-22T05:42:51+08:00,btc-updown-5m-1782078000,https://polymarket.com/zh/event/btc-updown-5m-1782078000,05:40-05:45,22.00,79.00,21.00,78.00,319.16,175.08,136.99,332.16,21.50,78.50,1.00,1.00,22439.61,26770.14,26770.14,22439.61,21,78,78,21,,63811.23,,
2026-06-22T05:42:53+08:00,btc-updown-5m-1782078000,https://polymarket.com/zh/event/btc-updown-5m-1782078000,05:40-05:45,22.00,79.00,21.00,78.00,325.79,229.53,244.53,288.51,21.50,78.50,1.00,1.00,22603.61,26680.14,26770.15,22598.61,21,78,78,21,,63813.36,,
2026-06-22T05:42:55+08:00,btc-updown-5m-1782078000,https://polymarket.com/zh/event/btc-updown-5m-1782078000,05:40-05:45,22.00,79.00,21.00,78.00,124.28,795.34,526.73,108.26,21.50,78.50,1.00,1.00,21410.62,26530.14,26635.14,21410.62,21,78,78,21,,63816.86,,
2026-06-22T05:42:57+08:00,btc-updown-5m-1782078000,https://polymarket.com/zh/event/btc-updown-5m-1782078000,05:40-05:45,23.00,78.00,22.00,77.00,5.00,721.93,636.42,0.65,22.50,77.50,1.00,1.00,22149.62,26530.14,26540.14,22154.62,22,77,77,22,,63825.10,,
2026-06-22T05:42:59+08:00,btc-updown-5m-1782078000,https://polymarket.com/zh/event/btc-updown-5m-1782078000,05:40-05:45,24.00,77.00,23.00,76.00,531.24,16.30,115.38,612.23,23.50,76.50,1.00,1.00,21405.62,26650.15,26530.14,21410.62,23,76,76,23,,63819.81,,
2026-06-22T05:43:01+08:00,btc-updown-5m-1782078000,https://polymarket.com/zh/event/btc-updown-5m-1782078000,05:40-05:45,23.00,78.00,22.00,77.00,410.63,183.38,221.88,407.78,22.50,77.50,1.00,1.00,21509.62,25889.14,25999.15,21204.62,22,77,77,22,,63819.30,,
2026-06-22T05:43:03+08:00,btc-updown-5m-1782078000,https://polymarket.com/zh/event/btc-updown-5m-1782078000,05:40-05:45,23.00,78.00,22.00,77.00,82.85,336.86,324.92,87.85,22.50,77.50,1.00,1.00,21878.61,25754.14,25649.14,21873.61,22,77,77,22,,63820.41,,
2026-06-22T05:43:05+08:00,btc-updown-5m-1782078000,https://polymarket.com/zh/event/btc-updown-5m-1782078000,05:40-05:45,22.00,79.00,21.00,78.00,108.63,536.60,290.46,70.90,21.50,78.50,1.00,1.00,21743.61,25554.14,25654.15,21738.61,21,78,78,21,,63821.93,,
2026-06-22T05:43:07+08:00,btc-updown-5m-1782078000,https://polymarket.com/zh/event/btc-updown-5m-1782078000,05:40-05:45,16.00,85.00,15.00,84.00,505.57,222.23,282.19,482.34,15.50,84.50,1.00,1.00,21318.38,25529.14,25514.14,21198.38,15,84,84,15,,63809.91,,
2026-06-22T05:43:09+08:00,btc-updown-5m-1782078000,https://polymarket.com/zh/event/btc-updown-5m-1782078000,05:40-05:45,14.00,87.00,13.00,86.00,413.31,133.54,142.88,350.32,13.50,86.50,1.00,1.00,22360.38,25524.14,25619.15,22360.38,13,86,86,13,,63799.65,,
2026-06-22T05:43:11+08:00,btc-updown-5m-1782078000,https://polymarket.com/zh/event/btc-updown-5m-1782078000,05:40-05:45,13.00,88.00,12.00,87.00,482.69,247.01,355.71,487.69,12.50,87.50,1.00,1.00,22909.61,25374.14,25469.14,21866.62,12,87,87,12,,63799.65,,
2026-06-22T05:43:12+08:00,btc-updown-5m-1782078000,https://polymarket.com/zh/event/btc-updown-5m-1782078000,05:40-05:45,13.00,88.00,12.00,87.00,600.90,126.28,162.30,594.62,12.50,87.50,1.00,1.00,22225.85,25364.14,25484.15,21830.87,12,87,87,12,,63798.54,,
2026-06-22T05:43:14+08:00,btc-updown-5m-1782078000,https://polymarket.com/zh/event/btc-updown-5m-1782078000,05:40-05:45,12.00,89.00,11.00,88.00,320.59,331.10,349.10,316.77,11.50,88.50,1.00,1.00,23333.41,25474.14,25364.14,23338.41,11,88,88,11,,63797.66,,
2026-06-22T05:43:16+08:00,btc-updown-5m-1782078000,https://polymarket.com/zh/event/btc-updown-5m-1782078000,05:40-05:45,12.00,89.00,11.00,88.00,287.75,368.56,363.56,292.75,11.50,88.50,1.00,1.00,22657.84,24834.15,24704.14,22657.84,11,88,88,11,,63797.77,,
2026-06-22T05:43:18+08:00,btc-updown-5m-1782078000,https://polymarket.com/zh/event/btc-updown-5m-1782078000,05:40-05:45,18.00,83.00,17.00,82.00,115.00,797.16,923.27,115.00,17.50,82.50,1.00,1.00,18730.64,24814.14,24814.15,19430.62,17,82,82,17,,63816.45,,
2026-06-22T05:43:20+08:00,btc-updown-5m-1782078000,https://polymarket.com/zh/event/btc-updown-5m-1782078000,05:40-05:45,21.00,80.00,20.00,79.00,258.00,664.24,678.69,258.00,20.50,79.50,1.00,1.00,18240.64,24085.79,23995.79,18635.62,20,79,79,20,,63819.89,,
2026-06-22T05:43:22+08:00,btc-updown-5m-1782078000,https://polymarket.com/zh/event/btc-updown-5m-1782078000,05:40-05:45,24.00,77.00,23.00,76.00,152.75,582.35,609.35,152.75,23.50,76.50,1.00,1.00,18625.62,23995.79,23995.79,18625.62,23,76,76,23,,63826.51,,
2026-06-22T05:43:24+08:00,btc-updown-5m-1782078000,https://polymarket.com/zh/event/btc-updown-5m-1782078000,05:40-05:45,24.00,77.00,23.00,76.00,209.31,215.03,385.69,221.92,23.50,76.50,1.00,1.00,19575.43,24100.79,24115.79,19575.43,23,76,76,23,,63827.98,,
2026-06-22T05:43:26+08:00,btc-updown-5m-1782078000,https://polymarket.com/zh/event/btc-updown-5m-1782078000,05:40-05:45,25.00,76.00,24.00,75.00,465.84,78.68,78.68,456.84,24.50,75.50,1.00,1.00,19345.43,23855.80,23860.79,19345.43,24,75,75,24,,63826.45,,
2026-06-22T05:43:28+08:00,btc-updown-5m-1782078000,https://polymarket.com/zh/event/btc-updown-5m-1782078000,05:40-05:45,25.00,76.00,24.00,75.00,496.84,41.04,86.68,541.11,24.50,75.50,1.00,1.00,19345.43,23755.79,23860.79,19345.43,24,75,75,24,,63827.08,,
2026-06-22T05:43:30+08:00,btc-updown-5m-1782078000,https://polymarket.com/zh/event/btc-updown-5m-1782078000,05:40-05:45,23.00,77.00,22.00,76.00,8.14,587.97,565.40,21.58,22.50,76.50,1.00,1.00,17832.46,23760.79,23780.79,18202.44,22,77,76,23,,63826.67,,
2026-06-22T05:43:32+08:00,btc-updown-5m-1782078000,https://polymarket.com/zh/event/btc-updown-5m-1782078000,05:40-05:45,25.00,76.00,24.00,75.00,295.82,269.95,269.95,295.82,24.50,75.50,1.00,1.00,17519.10,23190.79,23190.79,17519.10,24,75,75,24,,63826.92,,
2026-06-22T05:43:33+08:00,btc-updown-5m-1782078000,https://polymarket.com/zh/event/btc-updown-5m-1782078000,05:40-05:45,25.00,76.00,24.00,75.00,223.32,215.40,257.40,223.32,24.50,75.50,1.00,1.00,17449.10,23185.79,23090.79,17449.10,24,75,75,24,,63827.07,,
2026-06-22T05:43:35+08:00,btc-updown-5m-1782078000,https://polymarket.com/zh/event/btc-updown-5m-1782078000,05:40-05:45,25.00,76.00,24.00,75.00,85.00,730.88,764.52,125.00,24.50,75.50,1.00,1.00,17838.10,23030.79,23120.79,17838.10,24,75,75,24,,63827.07,,
2026-06-22T05:43:37+08:00,btc-updown-5m-1782078000,https://polymarket.com/zh/event/btc-updown-5m-1782078000,05:40-05:45,22.00,79.00,21.00,78.00,280.41,157.50,187.50,503.33,21.50,78.50,1.00,1.00,18437.09,23035.79,23025.80,18437.09,21,78,78,21,,63827.07,,
2026-06-22T05:43:39+08:00,btc-updown-5m-1782078000,https://polymarket.com/zh/event/btc-updown-5m-1782078000,05:40-05:45,22.00,79.00,21.00,78.00,441.36,63.30,65.33,582.21,21.50,78.50,1.00,1.00,18497.09,23025.79,23030.79,18497.09,21,78,78,21,,63827.07,,
2026-06-22T05:43:41+08:00,btc-updown-5m-1782078000,https://polymarket.com/zh/event/btc-updown-5m-1782078000,05:40-05:45,22.00,79.00,21.00,78.00,655.22,205.88,195.83,604.36,21.50,78.50,1.00,1.00,18053.09,23030.79,23040.79,18053.09,21,78,78,21,,63820.16,,
2026-06-22T05:43:43+08:00,btc-updown-5m-1782078000,https://polymarket.com/zh/event/btc-updown-5m-1782078000,05:40-05:45,14.00,87.00,13.00,86.00,223.75,205.05,205.09,143.47,13.50,86.50,1.00,1.00,18660.10,23020.79,23045.79,19509.10,13,86,86,13,,63807.75,,
2026-06-22T05:43:45+08:00,btc-updown-5m-1782078000,https://polymarket.com/zh/event/btc-updown-5m-1782078000,05:40-05:45,14.00,87.00,13.00,86.00,56.00,1187.76,756.90,15.27,13.50,86.50,1.00,1.00,18351.10,22900.79,23000.80,17464.12,13,85,85,13,,63810.29,,
2026-06-22T05:43:47+08:00,btc-updown-5m-1782078000,https://polymarket.com/zh/event/btc-updown-5m-1782078000,05:40-05:45,19.00,82.00,18.00,81.00,59.26,468.84,521.86,57.97,18.50,81.50,1.00,1.00,17419.10,23000.79,22910.79,17719.10,18,81,81,18,,63823.79,,
2026-06-22T05:43:49+08:00,btc-updown-5m-1782078000,https://polymarket.com/zh/event/btc-updown-5m-1782078000,05:40-05:45,19.00,82.00,18.00,81.00,176.21,392.50,440.73,154.89,18.50,81.50,1.00,1.00,17748.12,23000.80,23010.79,18148.10,18,81,81,18,,63823.79,,
2026-06-22T05:43:51+08:00,btc-updown-5m-1782078000,https://polymarket.com/zh/event/btc-updown-5m-1782078000,05:40-05:45,19.00,82.00,18.00,81.00,804.84,34.85,88.85,793.94,18.50,81.50,1.00,1.00,18247.09,22395.79,22495.79,18247.09,18,81,81,18,,63823.79,,
2026-06-22T05:43:53+08:00,btc-updown-5m-1782078000,https://polymarket.com/zh/event/btc-updown-5m-1782078000,05:40-05:45,11.00,90.00,10.00,89.00,877.59,159.51,339.51,856.53,10.50,89.50,1.00,1.00,18507.01,22395.79,22395.79,17715.75,10,89,89,10,,63807.76,,
2026-06-22T05:43:54+08:00,btc-updown-5m-1782078000,https://polymarket.com/zh/event/btc-updown-5m-1782078000,05:40-05:45,9.00,92.00,8.00,91.00,785.95,194.52,194.52,702.45,8.50,91.50,1.00,1.00,18339.51,22175.79,22180.79,18321.05,8,91,91,8,,63803.70,,
2026-06-22T05:43:56+08:00,btc-updown-5m-1782078000,https://polymarket.com/zh/event/btc-updown-5m-1782078000,05:40-05:45,13.00,87.00,12.00,86.00,8.61,79.39,778.65,367.27,12.50,86.50,1.00,1.00,17333.42,22175.79,22175.79,17058.42,12,87,86,13,,63800.53,,
2026-06-22T05:43:58+08:00,btc-updown-5m-1782078000,https://polymarket.com/zh/event/btc-updown-5m-1782078000,05:40-05:45,16.00,85.00,15.00,84.00,101.90,294.80,330.08,66.65,15.50,84.50,1.00,1.00,17094.11,22180.79,22275.80,17104.11,15,84,84,15,,63813.11,,
2026-06-22T05:44:00+08:00,btc-updown-5m-1782078000,https://polymarket.com/zh/event/btc-updown-5m-1782078000,05:40-05:45,22.00,79.00,21.00,78.00,0.45,516.32,577.45,30.45,21.50,78.50,1.00,1.00,17009.10,22465.79,22475.79,16954.10,21,78,78,21,,63827.00,,
2026-06-22T05:44:02+08:00,btc-updown-5m-1782078000,https://polymarket.com/zh/event/btc-updown-5m-1782078000,05:40-05:45,21.00,80.00,20.00,79.00,46.43,374.11,424.17,86.43,20.50,79.50,1.00,1.00,16754.11,22670.79,22780.80,16754.11,20,79,79,20,,63829.34,,
2026-06-22T05:44:04+08:00,btc-updown-5m-1782078000,https://polymarket.com/zh/event/btc-updown-5m-1782078000,05:40-05:45,21.00,80.00,20.00,79.00,241.68,55.00,55.00,383.97,20.50,79.50,1.00,1.00,16928.11,22400.79,22485.79,16928.11,20,79,79,20,,63830.59,,
2026-06-22T05:44:06+08:00,btc-updown-5m-1782078000,https://polymarket.com/zh/event/btc-updown-5m-1782078000,05:40-05:45,20.00,81.00,19.00,80.00,518.52,40.32,50.20,530.38,19.50,80.50,1.00,1.00,16928.11,22500.79,22485.79,16928.11,19,80,80,19,,63830.59,,
2026-06-22T05:44:08+08:00,btc-updown-5m-1782078000,https://polymarket.com/zh/event/btc-updown-5m-1782078000,05:40-05:45,19.00,82.00,18.00,81.00,105.45,52.41,52.41,118.45,18.50,81.50,1.00,1.00,16928.11,22400.79,22490.79,17228.11,18,81,81,18,,63830.59,,
2026-06-22T05:44:10+08:00,btc-updown-5m-1782078000,https://polymarket.com/zh/event/btc-updown-5m-1782078000,05:40-05:45,10.00,91.00,9.00,90.00,420.23,168.36,168.36,502.29,9.50,90.50,1.00,1.00,17243.12,22490.79,22490.79,17296.12,9,90,90,9,,63820.41,,
2026-06-22T05:44:12+08:00,btc-updown-5m-1782078000,https://polymarket.com/zh/event/btc-updown-5m-1782078000,05:40-05:45,8.00,93.00,7.00,92.00,474.86,3.92,222.46,545.25,7.50,92.50,1.00,1.00,18319.72,22390.79,22495.79,17261.65,7,92,92,7,,63818.56,,
2026-06-22T05:44:14+08:00,btc-updown-5m-1782078000,https://polymarket.com/zh/event/btc-updown-5m-1782078000,05:40-05:45,7.00,94.00,6.00,93.00,760.39,5.79,43.30,1031.73,6.50,93.50,1.00,1.00,16032.85,22475.30,22370.29,15925.16,6,93,93,6,,63807.75,,
2026-06-22T05:44:16+08:00,btc-updown-5m-1782078000,https://polymarket.com/zh/event/btc-updown-5m-1782078000,05:40-05:45,5.00,96.00,4.00,94.00,616.92,340.04,197.98,168.84,4.50,95.00,1.00,2.00,14471.61,22280.29,22380.29,14978.93,4,95,94,4,,63803.70,,
2026-06-22T05:44:18+08:00,btc-updown-5m-1782078000,https://polymarket.com/zh/event/btc-updown-5m-1782078000,05:40-05:45,10.00,91.00,9.00,90.00,76.74,72.30,72.30,76.74,9.50,90.50,1.00,1.00,16439.44,22258.29,22363.29,16666.44,9,90,90,9,,63815.84,,
2026-06-22T05:44:20+08:00,btc-updown-5m-1782078000,https://polymarket.com/zh/event/btc-updown-5m-1782078000,05:40-05:45,9.00,92.00,8.00,91.00,66.52,82.14,111.23,76.52,8.50,91.50,1.00,1.00,16172.35,22343.30,22253.29,16242.35,8,91,91,8,,63819.56,,
2026-06-22T05:44:21+08:00,btc-updown-5m-1782078000,https://polymarket.com/zh/event/btc-updown-5m-1782078000,05:40-05:45,9.00,92.00,8.00,91.00,384.49,7.32,12.82,411.41,8.50,91.50,1.00,1.00,15950.15,22353.29,22258.29,16688.66,8,91,91,8,,63819.56,,
2026-06-22T05:44:23+08:00,btc-updown-5m-1782078000,https://polymarket.com/zh/event/btc-updown-5m-1782078000,05:40-05:45,10.00,91.00,9.00,90.00,126.08,506.15,464.16,107.49,9.50,90.50,1.00,1.00,17114.05,22373.30,22258.29,17115.05,9,90,90,9,,63819.56,,
2026-06-22T05:44:25+08:00,btc-updown-5m-1782078000,https://polymarket.com/zh/event/btc-updown-5m-1782078000,05:40-05:45,13.00,90.00,12.00,89.00,210.80,410.04,57.74,16.00,12.50,89.50,1.00,1.00,15432.64,22448.29,22463.30,15722.64,12,87,89,10,,63826.43,,
2026-06-22T05:44:27+08:00,btc-updown-5m-1782078000,https://polymarket.com/zh/event/btc-updown-5m-1782078000,05:40-05:45,4.00,97.00,3.00,96.00,923.93,288.50,288.50,945.93,3.50,96.50,1.00,1.00,13698.32,22208.29,22313.29,13758.32,3,96,96,3,,63832.04,,
2026-06-22T05:44:29+08:00,btc-updown-5m-1782078000,https://polymarket.com/zh/event/btc-updown-5m-1782078000,05:40-05:45,4.00,97.00,3.00,96.00,182.56,298.58,126.17,105.41,3.50,96.50,1.00,1.00,12687.97,22187.29,22277.30,12996.37,3,96,96,3,,63805.61,,
2026-06-22T05:44:31+08:00,btc-updown-5m-1782078000,https://polymarket.com/zh/event/btc-updown-5m-1782078000,05:40-05:45,9.00,92.00,8.00,91.00,37.23,202.31,204.48,77.23,8.50,91.50,1.00,1.00,14294.30,21893.96,21898.96,14329.59,8,91,91,8,,63815.85,,
2026-06-22T05:44:33+08:00,btc-updown-5m-1782078000,https://polymarket.com/zh/event/btc-updown-5m-1782078000,05:40-05:45,7.00,94.00,6.00,93.00,300.36,10.39,14.65,294.36,6.50,93.50,1.00,1.00,14929.87,21976.96,21986.96,15924.97,6,93,93,6,,63824.22,,
2026-06-22T05:44:35+08:00,btc-updown-5m-1782078000,https://polymarket.com/zh/event/btc-updown-5m-1782078000,05:40-05:45,5.00,96.00,4.00,95.00,61.79,129.72,129.72,66.79,4.50,95.50,1.00,1.00,14485.14,21986.96,21369.98,14089.85,4,94,94,4,,63824.22,,
2026-06-22T05:44:37+08:00,btc-updown-5m-1782078000,https://polymarket.com/zh/event/btc-updown-5m-1782078000,05:40-05:45,3.00,98.00,2.00,97.00,340.03,842.16,842.16,207.32,2.50,97.50,1.00,1.00,6523.01,21214.97,21194.97,6523.01,2,97,97,2,,63799.66,,
2026-06-22T05:44:38+08:00,btc-updown-5m-1782078000,https://polymarket.com/zh/event/btc-updown-5m-1782078000,05:40-05:45,3.00,98.00,2.00,97.00,656.80,835.73,810.73,661.80,2.50,97.50,1.00,1.00,6466.58,21084.85,21094.86,6491.58,2,97,97,2,,63800.28,,
2026-06-22T05:44:40+08:00,btc-updown-5m-1782078000,https://polymarket.com/zh/event/btc-updown-5m-1782078000,05:40-05:45,3.00,98.00,2.00,97.00,599.54,225.77,227.77,600.54,2.50,97.50,1.00,1.00,5532.62,20894.85,20894.85,5589.62,2,97,97,2,,63798.64,,
2026-06-22T05:44:42+08:00,btc-updown-5m-1782078000,https://polymarket.com/zh/event/btc-updown-5m-1782078000,05:40-05:45,2.00,99.00,1.00,98.00,576.48,4910.78,4910.78,596.48,1.50,98.50,1.00,1.00,4910.78,20746.46,20751.46,4910.78,1,98,98,1,,63798.04,,
2026-06-22T05:44:44+08:00,btc-updown-5m-1782078000,https://polymarket.com/zh/event/btc-updown-5m-1782078000,05:40-05:45,1.00,,,99.00,5925.84,,,5909.36,,,,,,20736.46,20756.46,,0,99,99,0,,63797.07,,
2026-06-22T05:44:46+08:00,btc-updown-5m-1782078000,https://polymarket.com/zh/event/btc-updown-5m-1782078000,05:40-05:45,1.00,,,99.00,12244.67,,,12238.68,,,,,,19976.97,19976.97,,0,79,79,0,,63797.53,,
2026-06-22T05:44:48+08:00,btc-updown-5m-1782078000,https://polymarket.com/zh/event/btc-updown-5m-1782078000,05:40-05:45,1.00,,,99.00,20900.41,,,20900.41,,,,,,19981.98,19991.97,,0,74,74,0,,63797.53,,
2026-06-22T05:44:50+08:00,btc-updown-5m-1782078000,https://polymarket.com/zh/event/btc-updown-5m-1782078000,05:40-05:45,1.00,,,99.00,22761.08,,,22853.08,,,,,,19971.97,14766.97,,0,73,73,0,,63797.53,,
2026-06-22T05:44:52+08:00,btc-updown-5m-1782078000,https://polymarket.com/zh/event/btc-updown-5m-1782078000,05:40-05:45,1.00,,,99.00,25413.42,,,25813.42,,,,,,12136.97,12141.97,,0,74,73,0,,63797.53,,
2026-06-22T05:44:53+08:00,btc-updown-5m-1782078000,https://polymarket.com/zh/event/btc-updown-5m-1782078000,05:40-05:45,1.00,,,99.00,25142.55,,,25142.55,,,,,,12146.97,12151.97,,0,74,74,0,,63799.81,,
2026-06-22T05:44:55+08:00,btc-updown-5m-1782078000,https://polymarket.com/zh/event/btc-updown-5m-1782078000,05:40-05:45,1.00,,,99.00,17412.83,,,17392.63,,,,,,12038.97,12048.97,,0,73,73,0,,63804.77,,
2026-06-22T05:44:57+08:00,btc-updown-5m-1782078000,https://polymarket.com/zh/event/btc-updown-5m-1782078000,05:40-05:45,1.00,,,99.00,23448.53,,,23612.82,,,,,,12087.61,12092.61,,0,77,77,0,,63807.90,,
2026-06-22T05:44:59+08:00,btc-updown-5m-1782078000,https://polymarket.com/zh/event/btc-updown-5m-1782078000,05:40-05:45,1.00,,,99.00,38717.14,,,39312.34,,,,,,12077.62,12072.61,,0,78,73,0,,63807.91,,
2026-06-22T05:45:01+08:00,btc-updown-5m-1782078300,https://polymarket.com/zh/event/btc-updown-5m-1782078300,05:45-05:50,51.00,50.00,50.00,49.00,244.90,107.48,139.21,347.46,50.50,49.50,1.00,1.00,23211.11,22749.61,22744.61,23211.11,50,49,49,50,63807.90,63807.91,,
2026-06-22T05:45:03+08:00,btc-updown-5m-1782078300,https://polymarket.com/zh/event/btc-updown-5m-1782078300,05:45-05:50,51.00,50.00,50.00,49.00,75.46,468.35,458.35,75.46,50.50,49.50,1.00,1.00,23376.11,22894.70,22899.70,23356.11,50,49,49,50,63807.90,63811.16,,
2026-06-22T05:45:05+08:00,btc-updown-5m-1782078300,https://polymarket.com/zh/event/btc-updown-5m-1782078300,05:45-05:50,52.00,49.00,51.00,48.00,76.60,248.38,221.38,76.60,51.50,48.50,1.00,1.00,23371.47,22924.70,22904.70,23376.47,51,48,48,51,63807.90,63811.16,,
2026-06-22T05:45:07+08:00,btc-updown-5m-1782078300,https://polymarket.com/zh/event/btc-updown-5m-1782078300,05:45-05:50,53.00,48.00,52.00,47.00,295.77,350.09,356.09,295.77,52.50,47.50,1.00,1.00,23406.47,22954.70,22964.70,23426.47,52,47,47,52,63807.90,63811.16,,
2026-06-22T05:45:09+08:00,btc-updown-5m-1782078300,https://polymarket.com/zh/event/btc-updown-5m-1782078300,05:45-05:50,54.00,47.00,53.00,46.00,721.95,287.54,251.54,676.40,53.50,46.50,1.00,1.00,21441.47,20984.70,21004.70,21456.47,53,46,46,53,63807.90,63811.15,,
2026-06-22T05:45:11+08:00,btc-updown-5m-1782078300,https://polymarket.com/zh/event/btc-updown-5m-1782078300,05:45-05:50,54.00,47.00,53.00,46.00,509.40,480.09,619.09,391.77,53.50,46.50,1.00,1.00,21581.47,20969.70,20954.70,21596.48,53,46,46,53,63807.90,63811.15,,
2026-06-22T05:45:13+08:00,btc-updown-5m-1782078300,https://polymarket.com/zh/event/btc-updown-5m-1782078300,05:45-05:50,47.00,57.00,45.00,55.00,28.00,30.00,37.32,63.94,46.00,56.00,2.00,2.00,21768.47,21366.70,21466.71,21783.47,45,53,55,43,63807.90,63811.15,,
2026-06-22T05:45:14+08:00,btc-updown-5m-1782078300,https://polymarket.com/zh/event/btc-updown-5m-1782078300,05:45-05:50,43.00,58.00,42.00,57.00,62.41,483.89,486.89,62.41,42.50,57.50,1.00,1.00,21768.47,21366.61,21361.61,21753.47,42,57,57,42,63807.90,63800.83,,
2026-06-22T05:45:17+08:00,btc-updown-5m-1782078300,https://polymarket.com/zh/event/btc-updown-5m-1782078300,05:45-05:50,44.00,57.00,43.00,56.00,113.95,479.38,284.56,81.83,43.50,56.50,1.00,1.00,21758.47,21476.61,21461.61,21753.47,43,56,56,43,63807.90,63800.83,,
2026-06-22T05:45:19+08:00,btc-updown-5m-1782078300,https://polymarket.com/zh/event/btc-updown-5m-1782078300,05:45-05:50,44.00,57.00,43.00,56.00,468.82,276.24,276.24,474.82,43.50,56.50,1.00,1.00,21768.47,21481.61,21556.61,21763.47,43,56,56,43,63807.90,63800.84,,
2026-06-22T05:45:20+08:00,btc-updown-5m-1782078300,https://polymarket.com/zh/event/btc-updown-5m-1782078300,05:45-05:50,44.00,57.00,43.00,56.00,348.87,354.72,272.98,349.00,43.50,56.50,1.00,1.00,21951.16,21649.30,21644.30,21936.16,43,56,56,43,63807.90,63800.83,,
2026-06-22T05:45:22+08:00,btc-updown-5m-1782078300,https://polymarket.com/zh/event/btc-updown-5m-1782078300,05:45-05:50,44.00,57.00,43.00,56.00,449.50,214.89,223.22,436.71,43.50,56.50,1.00,1.00,22536.45,21749.30,21634.30,22794.05,43,56,56,43,63807.90,63799.20,,
2026-06-22T05:45:24+08:00,btc-updown-5m-1782078300,https://polymarket.com/zh/event/btc-updown-5m-1782078300,05:45-05:50,41.00,60.00,40.00,59.00,784.33,404.72,411.72,684.33,40.50,59.50,1.00,1.00,23030.75,22228.89,22323.89,23030.75,40,59,59,40,63807.90,63792.78,,
2026-06-22T05:45:26+08:00,btc-updown-5m-1782078300,https://polymarket.com/zh/event/btc-updown-5m-1782078300,05:45-05:50,41.00,60.00,40.00,59.00,495.32,311.05,388.19,560.77,40.50,59.50,1.00,1.00,23208.44,22630.88,22730.88,23198.44,40,59,59,39,63807.90,63792.78,,
2026-06-22T05:45:28+08:00,btc-updown-5m-1782078300,https://polymarket.com/zh/event/btc-updown-5m-1782078300,05:45-05:50,29.00,72.00,28.00,71.00,128.50,169.97,15.68,94.20,28.50,71.50,1.00,1.00,24280.14,22740.88,22928.59,24299.14,28,71,71,28,63807.90,63768.70,,
2026-06-22T05:45:30+08:00,btc-updown-5m-1782078300,https://polymarket.com/zh/event/btc-updown-5m-1782078300,05:45-05:50,33.00,68.00,32.00,67.00,14.49,687.45,676.34,31.49,32.50,67.50,1.00,1.00,24295.14,22883.28,22973.29,24285.14,32,67,67,32,63807.90,63766.16,,
2026-06-22T05:45:32+08:00,btc-updown-5m-1782078300,https://polymarket.com/zh/event/btc-updown-5m-1782078300,05:45-05:50,33.00,68.00,32.00,67.00,196.00,740.11,745.11,152.96,32.50,67.50,1.00,1.00,24280.14,22973.29,22973.28,24290.14,32,67,67,32,63807.90,63767.07,,
2026-06-22T05:45:34+08:00,btc-updown-5m-1782078300,https://polymarket.com/zh/event/btc-updown-5m-1782078300,05:45-05:50,33.00,68.00,32.00,67.00,312.78,321.54,201.54,280.78,32.50,67.50,1.00,1.00,24895.14,22868.28,22873.28,24880.14,32,67,67,32,63807.90,63767.07,,
2026-06-22T05:45:36+08:00,btc-updown-5m-1782078300,https://polymarket.com/zh/event/btc-updown-5m-1782078300,05:45-05:50,33.00,68.00,32.00,67.00,876.07,138.00,216.68,875.03,32.50,67.50,1.00,1.00,24385.14,22968.28,22983.28,24390.14,32,67,67,32,63807.90,63767.07,,
2026-06-22T05:45:37+08:00,btc-updown-5m-1782078300,https://polymarket.com/zh/event/btc-updown-5m-1782078300,05:45-05:50,33.00,68.00,32.00,67.00,911.03,30.00,130.50,1042.85,32.50,67.50,1.00,1.00,26485.14,22973.28,22863.28,26485.14,32,67,67,32,63807.90,63767.07,,
2026-06-22T05:45:39+08:00,btc-updown-5m-1782078300,https://polymarket.com/zh/event/btc-updown-5m-1782078300,05:45-05:50,32.00,69.00,31.00,68.00,364.86,602.44,614.69,378.79,31.50,68.50,1.00,1.00,26485.14,22978.28,22878.28,26485.14,31,68,68,31,63807.90,63767.07,,
2026-06-22T05:45:41+08:00,btc-updown-5m-1782078300,https://polymarket.com/zh/event/btc-updown-5m-1782078300,05:45-05:50,32.00,69.00,31.00,68.00,540.83,235.26,235.26,512.83,31.50,68.50,1.00,1.00,26495.14,22878.28,22968.28,26480.14,31,68,68,31,63807.90,63767.07,,
2026-06-22T05:45:43+08:00,btc-updown-5m-1782078300,https://polymarket.com/zh/event/btc-updown-5m-1782078300,05:45-05:50,32.00,69.00,31.00,68.00,582.79,186.40,186.40,611.79,31.50,68.50,1.00,1.00,26600.14,22878.28,22968.28,26590.14,31,68,68,31,63807.90,63767.07,,
2026-06-22T05:45:45+08:00,btc-updown-5m-1782078300,https://polymarket.com/zh/event/btc-updown-5m-1782078300,05:45-05:50,32.00,70.00,31.00,69.00,694.90,460.71,35.00,393.30,31.50,69.50,1.00,1.00,26705.14,22873.28,22873.28,26720.14,31,68,69,30,63807.90,63767.07,,
2026-06-22T05:45:47+08:00,btc-updown-5m-1782078300,https://polymarket.com/zh/event/btc-updown-5m-1782078300,05:45-05:50,31.00,70.00,30.00,69.00,549.33,398.71,415.62,542.33,30.50,69.50,1.00,1.00,26820.14,22968.28,22868.28,26805.14,30,69,69,30,63807.90,63767.07,,
2026-06-22T05:45:49+08:00,btc-updown-5m-1782078300,https://polymarket.com/zh/event/btc-updown-5m-1782078300,05:45-05:50,31.00,70.00,30.00,69.00,329.68,584.87,565.87,324.68,30.50,69.50,1.00,1.00,26625.14,22888.28,22873.28,26610.14,30,69,69,30,63807.90,63767.07,,
2026-06-22T05:45:51+08:00,btc-updown-5m-1782078300,https://polymarket.com/zh/event/btc-updown-5m-1782078300,05:45-05:50,31.00,70.00,30.00,69.00,688.71,41.07,42.50,718.16,30.50,69.50,1.00,1.00,26505.14,22873.28,22978.28,26520.14,30,69,69,30,63807.90,63767.07,,
2026-06-22T05:45:53+08:00,btc-updown-5m-1782078300,https://polymarket.com/zh/event/btc-updown-5m-1782078300,05:45-05:50,30.00,71.00,29.00,70.00,97.54,716.47,629.91,76.41,29.50,70.50,1.00,1.00,26655.14,22868.28,22878.28,26655.14,29,70,70,29,63807.90,63767.08,,
2026-06-22T05:45:54+08:00,btc-updown-5m-1782078300,https://polymarket.com/zh/event/btc-updown-5m-1782078300,05:45-05:50,30.00,71.00,29.00,70.00,122.80,844.45,804.45,122.80,29.50,70.50,1.00,1.00,26560.14,22968.28,22888.28,26555.14,29,70,70,29,63807.90,63767.07,,
2026-06-22T05:45:56+08:00,btc-updown-5m-1782078300,https://polymarket.com/zh/event/btc-updown-5m-1782078300,05:45-05:50,31.00,70.00,30.00,69.00,414.68,58.61,60.04,440.68,30.50,69.50,1.00,1.00,26560.14,22863.28,22973.28,26575.14,30,69,69,30,63807.90,63767.07,,
2026-06-22T05:45:58+08:00,btc-updown-5m-1782078300,https://polymarket.com/zh/event/btc-updown-5m-1782078300,05:45-05:50,31.00,70.00,30.00,69.00,194.64,436.67,438.32,194.64,30.50,69.50,1.00,1.00,26405.14,22878.28,22968.29,26410.14,30,69,69,30,63807.90,63767.07,,
2026-06-22T05:46:00+08:00,btc-updown-5m-1782078300,https://polymarket.com/zh/event/btc-updown-5m-1782078300,05:45-05:50,31.00,70.00,30.00,69.00,1126.12,70.71,75.00,1126.12,30.50,69.50,1.00,1.00,26415.14,29778.28,29768.28,26405.14,30,69,69,30,63807.90,63767.08,,
2026-06-22T05:46:02+08:00,btc-updown-5m-1782078300,https://polymarket.com/zh/event/btc-updown-5m-1782078300,05:45-05:50,31.00,71.00,30.00,70.00,1160.18,557.86,80.07,74.54,30.50,70.50,1.00,1.00,26382.14,29750.28,29855.28,26392.14,30,69,70,29,63807.90,63767.08,,
2026-06-22T05:46:04+08:00,btc-updown-5m-1782078300,https://polymarket.com/zh/event/btc-updown-5m-1782078300,05:45-05:50,30.00,71.00,29.00,70.00,773.17,600.36,603.68,739.61,29.50,70.50,1.00,1.00,26382.14,29855.28,29865.28,26382.14,29,70,70,29,63807.90,63767.07,,
2026-06-22T05:46:06+08:00,btc-updown-5m-1782078300,https://polymarket.com/zh/event/btc-updown-5m-1782078300,05:45-05:50,30.00,71.00,29.00,70.00,94.69,1325.57,1331.25,78.02,29.50,70.50,1.00,1.00,26352.14,29755.28,29750.29,26357.14,29,70,70,29,63807.90,63771.29,,
2026-06-22T05:46:08+08:00,btc-updown-5m-1782078300,https://polymarket.com/zh/event/btc-updown-5m-1782078300,05:45-05:50,30.00,71.00,29.00,70.00,56.35,1151.73,1157.05,86.35,29.50,70.50,1.00,1.00,25622.14,28775.28,28780.28,25622.14,29,70,70,29,63807.90,63771.25,,
2026-06-22T05:46:10+08:00,btc-updown-5m-1782078300,https://polymarket.com/zh/event/btc-updown-5m-1782078300,05:45-05:50,30.00,71.00,29.00,70.00,113.75,1040.97,1019.85,63.75,29.50,70.50,1.00,1.00,25537.14,28780.28,28890.28,25532.14,29,70,70,29,63807.90,63771.25,,
2026-06-22T05:46:12+08:00,btc-updown-5m-1782078300,https://polymarket.com/zh/event/btc-updown-5m-1782078300,05:45-05:50,30.00,71.00,29.00,70.00,187.07,665.68,675.68,187.07,29.50,70.50,1.00,1.00,25627.14,28791.94,28806.94,25622.14,29,70,70,29,63807.90,63771.24,,
2026-06-22T05:46:13+08:00,btc-updown-5m-1782078300,https://polymarket.com/zh/event/btc-updown-5m-1782078300,05:45-05:50,30.00,71.00,29.00,70.00,267.74,669.19,665.87,272.74,29.50,70.50,1.00,1.00,25622.14,28896.94,28806.94,25627.14,29,70,70,29,63807.90,63771.24,,
2026-06-22T05:46:15+08:00,btc-updown-5m-1782078300,https://polymarket.com/zh/event/btc-updown-5m-1782078300,05:45-05:50,30.00,71.00,29.00,70.00,564.26,34.68,207.28,771.79,29.50,70.50,1.00,1.00,25557.14,28906.94,28786.94,25622.14,29,70,70,29,63807.90,63771.23,,
2026-06-22T05:46:17+08:00,btc-updown-5m-1782078300,https://polymarket.com/zh/event/btc-updown-5m-1782078300,05:45-05:50,30.00,71.00,29.00,70.00,721.88,7.76,7.76,721.88,29.50,70.50,1.00,1.00,25677.14,28811.95,28796.94,25677.14,29,70,70,29,63807.90,63771.22,,
2026-06-22T05:46:19+08:00,btc-updown-5m-1782078300,https://polymarket.com/zh/event/btc-updown-5m-1782078300,05:45-05:50,29.00,72.00,28.00,71.00,166.29,747.90,731.94,166.29,28.50,71.50,1.00,1.00,25682.14,28801.95,28891.94,25682.14,28,71,71,28,63807.90,63771.22,,
2026-06-22T05:46:21+08:00,btc-updown-5m-1782078300,https://polymarket.com/zh/event/btc-updown-5m-1782078300,05:45-05:50,29.00,72.00,28.00,71.00,119.24,796.97,806.97,119.24,28.50,71.50,1.00,1.00,25677.14,28896.94,28786.94,25682.14,28,71,71,28,63807.90,63771.22,,
2026-06-22T05:46:23+08:00,btc-updown-5m-1782078300,https://polymarket.com/zh/event/btc-updown-5m-1782078300,05:45-05:50,27.00,74.00,26.00,73.00,109.08,1371.18,1380.72,109.08,26.50,73.50,1.00,1.00,25696.14,28791.94,28906.94,25696.14,26,73,73,26,63807.90,63767.77,,
2026-06-22T05:46:25+08:00,btc-updown-5m-1782078300,https://polymarket.com/zh/event/btc-updown-5m-1782078300,05:45-05:50,27.00,74.00,26.00,73.00,236.46,512.64,787.28,418.44,26.50,73.50,1.00,1.00,25611.14,28901.94,28796.95,25696.14,26,73,73,26,63807.90,63767.07,,
2026-06-22T05:46:27+08:00,btc-updown-5m-1782078300,https://polymarket.com/zh/event/btc-updown-5m-1782078300,05:45-05:50,30.00,70.00,29.00,69.00,207.76,507.93,227.53,21.00,29.50,69.50,1.00,1.00,25627.14,28811.94,28286.94,25007.14,29,70,69,30,63807.90,63767.07,,
2026-06-22T05:46:29+08:00,btc-updown-5m-1782078300,https://polymarket.com/zh/event/btc-updown-5m-1782078300,05:45-05:50,34.00,67.00,33.00,66.00,766.09,85.44,68.44,789.54,33.50,66.50,1.00,1.00,24992.14,28206.94,28286.94,24987.14,33,66,66,33,63807.90,63771.38,,
2026-06-22T05:46:31+08:00,btc-updown-5m-1782078300,https://polymarket.com/zh/event/btc-updown-5m-1782078300,05:45-05:50,33.00,68.00,32.00,67.00,240.92,593.19,577.19,220.37,32.50,67.50,1.00,1.00,24998.14,28306.94,27722.94,24514.14,32,67,67,32,63807.90,63771.39,,
2026-06-22T05:46:32+08:00,btc-updown-5m-1782078300,https://polymarket.com/zh/event/btc-updown-5m-1782078300,05:45-05:50,36.00,65.00,35.00,64.00,439.05,984.71,1109.28,439.05,35.50,64.50,1.00,1.00,24470.14,27378.94,27273.94,24475.14,35,64,64,35,63807.90,63779.40,,
2026-06-22T05:46:34+08:00,btc-updown-5m-1782078300,https://polymarket.com/zh/event/btc-updown-5m-1782078300,05:45-05:50,36.00,65.00,35.00,64.00,624.66,417.15,407.15,559.75,35.50,64.50,1.00,1.00,24495.14,27283.94,27278.94,24485.14,35,64,64,35,63807.90,63779.62,,
2026-06-22T05:46:36+08:00,btc-updown-5m-1782078300,https://polymarket.com/zh/event/btc-updown-5m-1782078300,05:45-05:50,36.00,65.00,35.00,64.00,403.66,1047.27,969.41,264.77,35.50,64.50,1.00,1.00,24475.14,27378.94,27273.94,24480.14,35,64,64,35,63807.90,63779.62,,
2026-06-22T05:46:38+08:00,btc-updown-5m-1782078300,https://polymarket.com/zh/event/btc-updown-5m-1782078300,05:45-05:50,36.00,65.00,35.00,64.00,211.13,1041.66,1042.48,211.13,35.50,64.50,1.00,1.00,24485.14,27293.94,27383.94,24480.14,35,64,64,35,63807.90,63779.62,,
2026-06-22T05:46:40+08:00,btc-updown-5m-1782078300,https://polymarket.com/zh/event/btc-updown-5m-1782078300,05:45-05:50,36.00,65.00,35.00,64.00,216.35,1170.35,1132.21,216.35,35.50,64.50,1.00,1.00,24480.14,27273.94,27398.95,24485.14,35,64,64,35,63807.90,63779.62,,
2026-06-22T05:46:42+08:00,btc-updown-5m-1782078300,https://polymarket.com/zh/event/btc-updown-5m-1782078300,05:45-05:50,38.00,63.00,37.00,62.00,318.74,603.62,537.94,197.16,37.50,62.50,1.00,1.00,23890.14,27178.94,27168.94,23885.14,37,62,62,37,63807.90,63779.62,,
2026-06-22T05:46:44+08:00,btc-updown-5m-1782078300,https://polymarket.com/zh/event/btc-updown-5m-1782078300,05:45-05:50,38.00,63.00,37.00,62.00,164.50,662.87,776.31,164.50,37.50,62.50,1.00,1.00,28880.14,27183.94,27273.94,28885.14,37,62,62,37,63807.90,63779.62,,
2026-06-22T05:46:46+08:00,btc-updown-5m-1782078300,https://polymarket.com/zh/event/btc-updown-5m-1782078300,05:45-05:50,39.00,62.00,38.00,61.00,699.51,153.06,153.06,701.85,38.50,61.50,1.00,1.00,28895.14,27283.94,27273.94,28885.14,38,61,61,38,63807.90,63779.62,,
2026-06-22T05:46:48+08:00,btc-updown-5m-1782078300,https://polymarket.com/zh/event/btc-updown-5m-1782078300,05:45-05:50,39.00,62.00,38.00,61.00,520.22,83.16,99.18,509.21,38.50,61.50,1.00,1.00,28885.14,27173.94,27183.94,28890.14,38,61,61,38,63807.90,63783.06,,
2026-06-22T05:46:50+08:00,btc-updown-5m-1782078300,https://polymarket.com/zh/event/btc-updown-5m-1782078300,05:45-05:50,38.00,63.00,37.00,62.00,37.93,443.41,519.41,37.93,37.50,62.50,1.00,1.00,28890.14,27278.94,27178.94,28885.14,37,62,62,37,63807.90,63783.07,,
2026-06-22T05:46:51+08:00,btc-updown-5m-1782078300,https://polymarket.com/zh/event/btc-updown-5m-1782078300,05:45-05:50,38.00,63.00,37.00,62.00,113.77,546.70,549.70,113.77,37.50,62.50,1.00,1.00,28890.14,27193.94,27273.94,28885.14,37,62,62,37,63807.90,63783.07,,
2026-06-22T05:46:53+08:00,btc-updown-5m-1782078300,https://polymarket.com/zh/event/btc-updown-5m-1782078300,05:45-05:50,33.00,71.00,32.00,70.00,125.77,195.00,15.00,56.00,32.50,70.50,1.00,1.00,24030.14,27178.95,27288.94,24469.14,32,67,70,29,63807.90,63783.07,,
2026-06-22T05:46:55+08:00,btc-updown-5m-1782078300,https://polymarket.com/zh/event/btc-updown-5m-1782078300,05:45-05:50,30.00,71.00,29.00,70.00,203.64,525.02,530.02,193.34,29.50,70.50,1.00,1.00,24394.14,27173.94,27373.94,24394.14,29,70,70,29,63807.90,63773.19,,
2026-06-22T05:46:57+08:00,btc-updown-5m-1782078300,https://polymarket.com/zh/event/btc-updown-5m-1782078300,05:45-05:50,30.00,71.00,29.00,70.00,330.13,124.30,129.30,305.13,29.50,70.50,1.00,1.00,24327.14,27283.94,27368.94,24327.14,29,70,70,29,63807.90,63772.74,,
2026-06-22T05:46:59+08:00,btc-updown-5m-1782078300,https://polymarket.com/zh/event/btc-updown-5m-1782078300,05:45-05:50,29.00,72.00,28.00,71.00,336.13,343.77,348.77,336.13,28.50,71.50,1.00,1.00,23942.14,27283.94,27378.94,23947.14,28,71,71,28,63807.90,63771.38,,
2026-06-22T05:47:01+08:00,btc-updown-5m-1782078300,https://polymarket.com/zh/event/btc-updown-5m-1782078300,05:45-05:50,29.00,72.00,28.00,71.00,443.69,298.69,305.08,487.68,28.50,71.50,1.00,1.00,23934.14,27293.94,27193.94,23929.14,28,71,71,28,63807.90,63771.39,,
2026-06-22T05:47:03+08:00,btc-updown-5m-1782078300,https://polymarket.com/zh/event/btc-updown-5m-1782078300,05:45-05:50,28.00,73.00,27.00,72.00,292.69,194.70,304.20,334.03,27.50,72.50,1.00,1.00,23939.14,27163.94,27168.94,23939.14,27,72,72,27,63807.90,63767.63,,
2026-06-22T05:47:05+08:00,btc-updown-5m-1782078300,https://polymarket.com/zh/event/btc-updown-5m-1782078300,05:45-05:50,25.00,76.00,24.00,75.00,449.00,16.10,16.10,686.02,24.50,75.50,1.00,1.00,25059.93,27149.94,27249.94,25059.93,24,75,75,24,63807.90,63767.08,,
2026-06-22T05:47:07+08:00,btc-updown-5m-1782078300,https://polymarket.com/zh/event/btc-updown-5m-1782078300,05:45-05:50,23.00,78.00,22.00,77.00,331.34,277.84,309.26,367.43,22.50,77.50,1.00,1.00,24785.28,27149.94,27239.94,24785.28,22,77,77,22,63807.90,63760.01,,
2026-06-22T05:47:08+08:00,btc-updown-5m-1782078300,https://polymarket.com/zh/event/btc-updown-5m-1782078300,05:45-05:50,22.00,80.00,21.00,79.00,726.15,356.82,2.59,445.62,21.50,79.50,1.00,1.00,25120.28,27144.94,27134.94,24810.28,21,78,79,20,63807.90,63759.15,,
2026-06-22T05:47:10+08:00,btc-updown-5m-1782078300,https://polymarket.com/zh/event/btc-updown-5m-1782078300,05:45-05:50,25.00,76.00,24.00,75.00,719.71,670.55,750.50,847.37,24.50,75.50,1.00,1.00,24790.14,27239.94,27249.94,24590.14,24,75,75,24,63807.90,63755.00,,
2026-06-22T05:47:12+08:00,btc-updown-5m-1782078300,https://polymarket.com/zh/event/btc-updown-5m-1782078300,05:45-05:50,24.00,77.00,23.00,76.00,349.33,286.16,321.16,322.90,23.50,76.50,1.00,1.00,23955.14,27244.94,27144.94,23967.14,23,76,76,23,63807.90,63759.33,,
2026-06-22T05:47:14+08:00,btc-updown-5m-1782078300,https://polymarket.com/zh/event/btc-updown-5m-1782078300,05:45-05:50,24.00,77.00,23.00,76.00,278.69,152.27,131.27,295.69,23.50,76.50,1.00,1.00,24026.13,27199.94,27189.94,24026.13,23,76,76,23,63807.90,63759.45,,
2026-06-22T05:47:16+08:00,btc-updown-5m-1782078300,https://polymarket.com/zh/event/btc-updown-5m-1782078300,05:45-05:50,25.00,76.00,24.00,75.00,688.16,142.50,142.50,685.94,24.50,75.50,1.00,1.00,24560.13,27194.94,27089.94,24560.13,24,75,75,24,63807.90,63759.47,,
2026-06-22T05:47:18+08:00,btc-updown-5m-1782078300,https://polymarket.com/zh/event/btc-updown-5m-1782078300,05:45-05:50,25.00,76.00,24.00,75.00,821.36,50.00,45.00,827.77,24.50,75.50,1.00,1.00,25259.13,27094.95,27104.94,25259.13,24,75,75,24,63807.90,63759.49,,
2026-06-22T05:47:20+08:00,btc-updown-5m-1782078300,https://polymarket.com/zh/event/btc-updown-5m-1782078300,05:45-05:50,25.00,76.00,24.00,75.00,689.70,30.00,40.00,674.23,24.50,75.50,1.00,1.00,25259.13,27094.94,27094.94,25259.13,24,75,75,24,63807.90,63759.49,,
2026-06-22T05:47:22+08:00,btc-updown-5m-1782078300,https://polymarket.com/zh/event/btc-updown-5m-1782078300,05:45-05:50,24.00,77.00,23.00,76.00,525.66,154.64,149.64,519.00,23.50,76.50,1.00,1.00,24959.13,27089.94,27199.94,25259.13,23,76,76,23,63807.90,63760.22,,
2026-06-22T05:47:24+08:00,btc-updown-5m-1782078300,https://polymarket.com/zh/event/btc-updown-5m-1782078300,05:45-05:50,24.00,77.00,23.00,76.00,69.67,793.21,758.21,74.67,23.50,76.50,1.00,1.00,24954.13,27199.94,27189.94,24954.13,23,76,76,23,63807.90,63760.47,,
2026-06-22T05:47:25+08:00,btc-updown-5m-1782078300,https://polymarket.com/zh/event/btc-updown-5m-1782078300,05:45-05:50,24.00,77.00,23.00,76.00,29.54,813.04,875.37,29.54,23.50,76.50,1.00,1.00,24864.13,27099.94,27004.94,24864.13,23,76,76,23,63807.90,63760.53,,
2026-06-22T05:47:27+08:00,btc-updown-5m-1782078300,https://polymarket.com/zh/event/btc-updown-5m-1782078300,05:45-05:50,26.00,75.00,25.00,74.00,576.51,35.86,35.86,799.45,25.50,74.50,1.00,1.00,23811.14,27004.95,27109.94,23806.14,25,74,74,25,63807.90,63760.54,,
2026-06-22T05:47:29+08:00,btc-updown-5m-1782078300,https://polymarket.com/zh/event/btc-updown-5m-1782078300,05:45-05:50,25.00,76.00,24.00,75.00,554.72,292.99,292.99,534.31,24.50,75.50,1.00,1.00,23811.14,27009.94,27004.95,24260.13,24,75,75,24,63807.90,63760.55,,
2026-06-22T05:47:31+08:00,btc-updown-5m-1782078300,https://polymarket.com/zh/event/btc-updown-5m-1782078300,05:45-05:50,25.00,76.00,24.00,75.00,128.02,467.81,521.97,114.36,24.50,75.50,1.00,1.00,25067.13,27072.94,27057.94,25067.13,24,75,75,24,63807.90,63764.88,,
2026-06-22T05:47:33+08:00,btc-updown-5m-1782078300,https://polymarket.com/zh/event/btc-updown-5m-1782078300,05:45-05:50,25.00,76.00,24.00,75.00,214.88,531.91,518.91,224.88,24.50,75.50,1.00,1.00,25062.13,27062.95,26967.94,25062.13,24,75,75,24,63807.90,63764.88,,
2026-06-22T05:47:35+08:00,btc-updown-5m-1782078300,https://polymarket.com/zh/event/btc-updown-5m-1782078300,05:45-05:50,27.00,74.00,26.00,73.00,114.50,409.43,550.45,146.86,26.50,73.50,1.00,1.00,23608.14,26861.94,26956.95,23608.14,26,73,73,26,63807.90,63764.89,,
2026-06-22T05:47:37+08:00,btc-updown-5m-1782078300,https://polymarket.com/zh/event/btc-updown-5m-1782078300,05:45-05:50,27.00,74.00,26.00,73.00,75.88,753.08,625.96,45.88,26.50,73.50,1.00,1.00,23608.14,26856.94,26846.94,23608.14,26,73,73,26,63807.90,63764.89,,
2026-06-22T05:47:39+08:00,btc-updown-5m-1782078300,https://polymarket.com/zh/event/btc-updown-5m-1782078300,05:45-05:50,27.00,74.00,26.00,73.00,62.38,644.70,563.73,62.38,26.50,73.50,1.00,1.00,24057.13,26956.95,26851.94,24956.13,26,73,73,26,63807.90,63764.89,,
2026-06-22T05:47:40+08:00,btc-updown-5m-1782078300,https://polymarket.com/zh/event/btc-updown-5m-1782078300,05:45-05:50,27.00,74.00,26.00,73.00,13.84,656.88,644.28,13.84,26.50,73.50,1.00,1.00,24971.13,26861.94,26961.95,23608.14,26,73,73,26,63807.90,63764.90,,
2026-06-22T05:47:42+08:00,btc-updown-5m-1782078300,https://polymarket.com/zh/event/btc-updown-5m-1782078300,05:45-05:50,27.00,74.00,26.00,73.00,142.43,550.10,558.10,154.77,26.50,73.50,1.00,1.00,23608.14,26851.94,26851.94,23608.14,26,73,73,26,63807.90,63764.89,,
2026-06-22T05:47:44+08:00,btc-updown-5m-1782078300,https://polymarket.com/zh/event/btc-updown-5m-1782078300,05:45-05:50,27.00,74.00,26.00,73.00,161.27,568.22,590.94,134.01,26.50,73.50,1.00,1.00,23843.14,26776.94,26776.94,23833.14,26,73,73,26,63807.90,63764.89,,
2026-06-22T05:47:46+08:00,btc-updown-5m-1782078300,https://polymarket.com/zh/event/btc-updown-5m-1782078300,05:45-05:50,27.00,74.00,26.00,73.00,128.75,560.62,596.26,141.75,26.50,73.50,1.00,1.00,24886.13,26771.94,26781.94,24886.13,26,73,73,26,63807.90,63764.90,,
2026-06-22T05:47:48+08:00,btc-updown-5m-1782078300,https://polymarket.com/zh/event/btc-updown-5m-1782078300,05:45-05:50,28.00,72.00,27.00,71.00,39.24,703.32,875.67,57.50,27.50,71.50,1.00,1.00,24238.14,26871.94,26781.94,24238.14,27,72,71,28,63807.90,63764.90,,
2026-06-22T05:47:50+08:00,btc-updown-5m-1782078300,https://polymarket.com/zh/event/btc-updown-5m-1782078300,05:45-05:50,31.00,70.00,30.00,69.00,130.99,477.33,474.33,130.99,30.50,69.50,1.00,1.00,24253.14,26881.94,26781.94,24243.14,30,69,69,30,63807.90,63775.09,,
2026-06-22T05:47:52+08:00,btc-updown-5m-1782078300,https://polymarket.com/zh/event/btc-updown-5m-1782078300,05:45-05:50,31.00,70.00,30.00,69.00,184.31,479.98,463.06,179.31,30.50,69.50,1.00,1.00,24238.14,26876.94,26886.94,24697.13,30,69,69,30,63807.90,63775.08,,
2026-06-22T05:47:54+08:00,btc-updown-5m-1782078300,https://polymarket.com/zh/event/btc-updown-5m-1782078300,05:45-05:50,31.00,70.00,30.00,69.00,177.57,424.55,450.00,127.57,30.50,69.50,1.00,1.00,24656.13,26646.94,26636.94,24646.13,30,69,69,30,63807.90,63775.08,,
2026-06-22T05:47:56+08:00,btc-updown-5m-1782078300,https://polymarket.com/zh/event/btc-updown-5m-1782078300,05:45-05:50,31.00,70.00,30.00,69.00,164.34,388.95,446.09,169.34,30.50,69.50,1.00,1.00,23598.14,26746.95,26651.94,23613.14,30,69,69,30,63807.90,63775.08,,
2026-06-22T05:47:58+08:00,btc-updown-5m-1782078300,https://polymarket.com/zh/event/btc-updown-5m-1782078300,05:45-05:50,31.00,70.00,30.00,69.00,306.87,377.47,351.49,186.22,30.50,69.50,1.00,1.00,23898.14,26636.94,26751.94,23608.14,30,69,69,30,63807.90,63775.09,,
2026-06-22T05:48:00+08:00,btc-updown-5m-1782078300,https://polymarket.com/zh/event/btc-updown-5m-1782078300,05:45-05:50,31.00,69.00,30.00,67.00,5.00,183.00,873.25,112.44,30.50,68.00,1.00,2.00,23568.14,26621.94,26296.94,23812.13,30,69,67,31,63807.90,63775.08,,
2026-06-22T05:48:02+08:00,btc-updown-5m-1782078300,https://polymarket.com/zh/event/btc-updown-5m-1782078300,05:45-05:50,35.00,66.00,34.00,65.00,242.10,570.71,590.87,282.10,34.50,65.50,1.00,1.00,22907.14,25880.94,25875.94,22902.14,34,65,65,34,63807.90,63781.18,,
2026-06-22T05:48:03+08:00,btc-updown-5m-1782078300,https://polymarket.com/zh/event/btc-updown-5m-1782078300,05:45-05:50,35.00,66.00,34.00,65.00,79.00,565.54,657.54,34.00,34.50,65.50,1.00,1.00,27778.14,25745.94,25635.94,28167.14,34,65,65,34,63807.90,63781.18,,
2026-06-22T05:48:05+08:00,btc-updown-5m-1782078300,https://polymarket.com/zh/event/btc-updown-5m-1782078300,05:45-05:50,34.00,67.00,33.00,66.00,1020.18,319.89,319.89,1021.24,33.50,66.50,1.00,1.00,28062.14,25605.95,25610.94,28077.14,33,66,66,33,63807.90,63781.17,,
2026-06-22T05:48:07+08:00,btc-updown-5m-1782078300,https://polymarket.com/zh/event/btc-updown-5m-1782078300,05:45-05:50,38.00,62.00,37.00,61.00,10.00,72.00,77.36,68.63,37.50,61.50,1.00,1.00,28938.14,25610.94,25605.95,28948.14,37,62,61,38,63807.90,63788.83,,
2026-06-22T05:48:09+08:00,btc-updown-5m-1782078300,https://polymarket.com/zh/event/btc-updown-5m-1782078300,05:45-05:50,65.00,40.00,59.00,34.00,96.96,50.00,108.70,10.00,62.00,37.00,6.00,6.00,26939.15,26229.94,28219.94,26944.15,59,35,34,60,63807.90,63819.63,,
2026-06-22T05:48:11+08:00,btc-updown-5m-1782078300,https://polymarket.com/zh/event/btc-updown-5m-1782078300,05:45-05:50,72.00,29.00,71.00,28.00,642.28,54.65,125.00,968.73,71.50,28.50,1.00,1.00,29072.14,27781.03,25762.03,28877.14,71,28,28,71,63807.90,63830.72,,
2026-06-22T05:48:13+08:00,btc-updown-5m-1782078300,https://polymarket.com/zh/event/btc-updown-5m-1782078300,05:45-05:50,67.00,34.00,66.00,33.00,792.18,78.55,66.55,553.95,66.50,33.50,1.00,1.00,26762.14,27946.94,27956.94,26767.14,66,33,33,66,63807.90,63829.06,,
2026-06-22T05:48:15+08:00,btc-updown-5m-1782078300,https://polymarket.com/zh/event/btc-updown-5m-1782078300,05:45-05:50,66.00,34.00,65.00,33.00,81.99,370.41,634.60,188.78,65.50,33.50,1.00,1.00,26872.14,28526.03,28521.03,26762.14,65,34,33,66,63807.90,63829.05,,
2026-06-22T05:48:17+08:00,btc-updown-5m-1782078300,https://polymarket.com/zh/event/btc-updown-5m-1782078300,05:45-05:50,68.00,33.00,67.00,32.00,99.39,314.67,272.67,213.81,67.50,32.50,1.00,1.00,26202.14,27856.03,27866.03,26207.14,67,32,32,67,63807.90,63829.05,,
2026-06-22T05:48:19+08:00,btc-updown-5m-1782078300,https://polymarket.com/zh/event/btc-updown-5m-1782078300,05:45-05:50,66.00,35.00,65.00,34.00,520.29,69.00,131.16,598.02,65.50,34.50,1.00,1.00,26222.14,27865.94,27850.94,26117.14,65,34,34,65,63807.90,63829.05,,
2026-06-22T05:48:21+08:00,btc-updown-5m-1782078300,https://polymarket.com/zh/event/btc-updown-5m-1782078300,05:45-05:50,71.00,29.00,67.00,28.00,13.29,217.59,930.79,175.00,69.00,28.50,4.00,1.00,25498.80,27657.03,27676.03,25498.80,67,29,28,71,63807.90,63829.06,,
2026-06-22T05:48:23+08:00,btc-updown-5m-1782078300,https://polymarket.com/zh/event/btc-updown-5m-1782078300,05:45-05:50,72.00,28.00,71.00,27.00,15.00,474.96,794.56,47.16,71.50,27.50,1.00,1.00,25388.80,27366.03,25121.03,25393.80,71,28,26,72,63807.90,63835.08,,
2026-06-22T05:48:25+08:00,btc-updown-5m-1782078300,https://polymarket.com/zh/event/btc-updown-5m-1782078300,05:45-05:50,76.00,25.00,75.00,24.00,165.12,219.49,226.72,202.11,75.50,24.50,1.00,1.00,25393.81,26026.03,26026.03,25298.80,75,24,24,75,63807.90,63835.08,,
2026-06-22T05:48:27+08:00,btc-updown-5m-1782078300,https://polymarket.com/zh/event/btc-updown-5m-1782078300,05:45-05:50,76.00,25.00,75.00,24.00,4.73,509.97,514.60,4.73,75.50,24.50,1.00,1.00,25038.80,25154.37,25154.37,25038.80,75,24,24,75,63807.90,63835.09,,
2026-06-22T05:48:28+08:00,btc-updown-5m-1782078300,https://polymarket.com/zh/event/btc-updown-5m-1782078300,05:45-05:50,79.00,22.00,78.00,21.00,62.68,483.11,364.54,62.68,78.50,21.50,1.00,1.00,25043.80,19909.37,19909.37,25138.80,78,21,21,78,63807.90,63835.08,,
2026-06-22T05:48:30+08:00,btc-updown-5m-1782078300,https://polymarket.com/zh/event/btc-updown-5m-1782078300,05:45-05:50,71.00,31.00,70.00,30.00,498.14,43.20,242.76,163.00,70.50,30.50,1.00,1.00,25133.80,20390.94,25390.94,25023.80,70,29,30,69,63807.90,63836.64,,
2026-06-22T05:48:32+08:00,btc-updown-5m-1782078300,https://polymarket.com/zh/event/btc-updown-5m-1782078300,05:45-05:50,67.00,34.00,66.00,33.00,57.82,227.77,294.22,94.82,66.50,33.50,1.00,1.00,23968.80,26260.93,26276.02,23873.80,66,33,33,66,63807.90,63829.05,,
2026-06-22T05:48:34+08:00,btc-updown-5m-1782078300,https://polymarket.com/zh/event/btc-updown-5m-1782078300,05:45-05:50,68.00,33.00,67.00,32.00,458.53,30.50,30.50,568.53,67.50,32.50,1.00,1.00,23818.81,26651.02,27241.02,23913.80,67,32,32,67,63807.90,63829.05,,
2026-06-22T05:48:36+08:00,btc-updown-5m-1782078300,https://polymarket.com/zh/event/btc-updown-5m-1782078300,05:45-05:50,69.00,31.00,68.00,30.00,35.00,464.05,777.21,100.23,68.50,30.50,1.00,1.00,23913.80,26735.93,26750.93,23929.81,68,31,30,69,63807.90,63829.05,,
2026-06-22T05:48:38+08:00,btc-updown-5m-1782078300,https://polymarket.com/zh/event/btc-updown-5m-1782078300,05:45-05:50,70.00,31.00,69.00,30.00,784.83,4.71,4.71,773.68,69.50,30.50,1.00,1.00,23744.80,26745.93,26735.93,23744.81,69,30,30,69,63807.90,63826.32,,
2026-06-22T05:48:40+08:00,btc-updown-5m-1782078300,https://polymarket.com/zh/event/btc-updown-5m-1782078300,05:45-05:50,64.00,37.00,63.00,36.00,481.13,98.50,103.50,471.06,63.50,36.50,1.00,1.00,23829.80,25270.93,25270.93,23824.80,63,36,36,63,63807.90,63821.66,,
2026-06-22T05:48:42+08:00,btc-updown-5m-1782078300,https://polymarket.com/zh/event/btc-updown-5m-1782078300,05:45-05:50,54.00,47.00,53.00,46.00,617.09,23.87,188.87,563.02,53.50,46.50,1.00,1.00,23838.80,26295.93,26310.93,23753.80,53,46,46,53,63807.90,63815.85,,
2026-06-22T05:48:44+08:00,btc-updown-5m-1782078300,https://polymarket.com/zh/event/btc-updown-5m-1782078300,05:45-05:50,72.00,29.00,71.00,28.00,84.40,801.26,660.26,100.51,71.50,28.50,1.00,1.00,23824.80,26826.02,26101.02,23794.80,71,28,28,71,63807.90,63826.46,,
2026-06-22T05:48:46+08:00,btc-updown-5m-1782078300,https://polymarket.com/zh/event/btc-updown-5m-1782078300,05:45-05:50,73.00,28.00,72.00,27.00,270.43,663.22,613.44,274.43,72.50,27.50,1.00,1.00,23804.81,26581.02,26581.02,23704.80,72,27,27,72,63807.90,63827.44,,
2026-06-22T05:48:47+08:00,btc-updown-5m-1782078300,https://polymarket.com/zh/event/btc-updown-5m-1782078300,05:45-05:50,73.00,28.00,72.00,27.00,145.50,604.57,700.57,145.50,72.50,27.50,1.00,1.00,23794.80,27191.02,27191.02,23694.80,72,27,27,72,63807.90,63827.45,,
2026-06-22T05:48:49+08:00,btc-updown-5m-1782078300,https://polymarket.com/zh/event/btc-updown-5m-1782078300,05:45-05:50,73.00,28.00,72.00,27.00,35.00,638.54,668.54,35.00,72.50,27.50,1.00,1.00,23799.81,26686.02,26686.02,23794.80,72,27,27,72,63807.90,63827.44,,
2026-06-22T05:48:51+08:00,btc-updown-5m-1782078300,https://polymarket.com/zh/event/btc-updown-5m-1782078300,05:45-05:50,74.00,27.00,73.00,26.00,252.72,437.04,362.34,242.33,73.50,26.50,1.00,1.00,23194.80,26186.02,26199.90,23199.80,73,26,26,73,63807.90,63827.45,,
2026-06-22T05:48:53+08:00,btc-updown-5m-1782078300,https://polymarket.com/zh/event/btc-updown-5m-1782078300,05:45-05:50,74.00,27.00,73.00,26.00,830.16,82.03,77.03,762.16,73.50,26.50,1.00,1.00,23199.80,26199.90,26199.90,23189.80,73,26,26,73,63807.90,63827.45,,
2026-06-22T05:48:55+08:00,btc-updown-5m-1782078300,https://polymarket.com/zh/event/btc-updown-5m-1782078300,05:45-05:50,75.00,26.00,74.00,25.00,189.81,230.77,357.74,189.81,74.50,25.50,1.00,1.00,22964.80,25974.90,25974.90,23079.80,74,25,25,74,63807.90,63827.45,,
2026-06-22T05:48:57+08:00,btc-updown-5m-1782078300,https://polymarket.com/zh/event/btc-updown-5m-1782078300,05:45-05:50,76.00,25.00,75.00,24.00,99.88,363.65,291.48,33.18,75.50,24.50,1.00,1.00,22984.80,25374.90,25374.90,23069.81,75,24,24,75,63807.90,63827.44,,
2026-06-22T05:48:59+08:00,btc-updown-5m-1782078300,https://polymarket.com/zh/event/btc-updown-5m-1782078300,05:45-05:50,79.00,22.00,78.00,21.00,694.04,110.60,110.60,741.04,78.50,21.50,1.00,1.00,22964.80,26274.90,26274.90,22979.80,78,21,21,78,63807.90,63827.44,,
2026-06-22T05:49:01+08:00,btc-updown-5m-1782078300,https://polymarket.com/zh/event/btc-updown-5m-1782078300,05:45-05:50,81.00,20.00,80.00,19.00,77.14,365.41,439.71,121.64,80.50,19.50,1.00,1.00,23129.80,23241.71,23241.71,23129.81,80,19,19,80,63807.90,63827.99,,
2026-06-22T05:49:03+08:00,btc-updown-5m-1782078300,https://polymarket.com/zh/event/btc-updown-5m-1782078300,05:45-05:50,90.00,11.00,89.00,10.00,205.97,481.67,484.28,205.97,89.50,10.50,1.00,1.00,23124.80,18924.93,18947.93,23139.81,89,10,10,89,63807.90,63835.80,,
2026-06-22T05:49:04+08:00,btc-updown-5m-1782078300,https://polymarket.com/zh/event/btc-updown-5m-1782078300,05:45-05:50,92.00,9.00,91.00,8.00,157.83,442.48,340.90,152.39,91.50,8.50,1.00,1.00,23294.81,18455.93,18468.22,23299.80,91,8,8,91,63807.90,63843.00,,
2026-06-22T05:49:06+08:00,btc-updown-5m-1782078300,https://polymarket.com/zh/event/btc-updown-5m-1782078300,05:45-05:50,92.00,9.00,91.00,8.00,105.39,280.45,143.69,65.00,91.50,8.50,1.00,1.00,23199.80,19644.93,19734.93,23299.81,91,8,8,91,63807.90,63842.99,,
2026-06-22T05:49:08+08:00,btc-updown-5m-1782078300,https://polymarket.com/zh/event/btc-updown-5m-1782078300,05:45-05:50,94.00,7.00,93.00,6.00,875.08,155.11,45.00,885.35,93.50,6.50,1.00,1.00,23194.80,16722.50,16778.50,23209.80,93,6,6,93,63807.90,63843.00,,
2026-06-22T05:49:10+08:00,btc-updown-5m-1782078300,https://polymarket.com/zh/event/btc-updown-5m-1782078300,05:45-05:50,94.00,8.00,93.00,7.00,888.53,304.97,120.97,16.00,93.50,7.50,1.00,1.00,23194.80,17057.47,16881.47,23299.80,93,6,7,92,63807.90,63843.00,,
2026-06-22T05:49:12+08:00,btc-updown-5m-1782078300,https://polymarket.com/zh/event/btc-updown-5m-1782078300,05:45-05:50,93.00,8.00,92.00,7.00,53.73,277.99,211.57,5.00,92.50,7.50,1.00,1.00,23164.30,16611.34,16536.18,23264.31,92,7,7,92,63807.90,63846.20,,
2026-06-22T05:49:14+08:00,btc-updown-5m-1782078300,https://polymarket.com/zh/event/btc-updown-5m-1782078300,05:45-05:50,95.00,6.00,94.00,5.00,909.71,62.27,62.27,933.65,94.50,5.50,1.00,1.00,23164.30,17089.35,17108.29,23259.30,94,5,5,94,63807.90,63846.19,,
2026-06-22T05:49:16+08:00,btc-updown-5m-1782078300,https://polymarket.com/zh/event/btc-updown-5m-1782078300,05:45-05:50,81.00,20.00,80.00,19.00,289.98,464.99,362.49,413.39,80.50,19.50,1.00,1.00,23288.30,17666.39,17671.39,23198.30,78,19,19,78,63807.90,63828.60,,
2026-06-22T05:49:18+08:00,btc-updown-5m-1782078300,https://polymarket.com/zh/event/btc-updown-5m-1782078300,05:45-05:50,81.00,20.00,80.00,19.00,190.69,340.27,300.27,178.69,80.50,19.50,1.00,1.00,23213.31,15681.48,15681.48,23178.30,80,19,19,80,63807.90,63828.61,,
2026-06-22T05:49:19+08:00,btc-updown-5m-1782078300,https://polymarket.com/zh/event/btc-updown-5m-1782078300,05:45-05:50,83.00,18.00,82.00,17.00,110.21,98.41,78.41,136.21,82.50,17.50,1.00,1.00,23083.30,15676.48,15734.48,23183.31,81,17,17,82,63807.90,63828.60,,
2026-06-22T05:49:21+08:00,btc-updown-5m-1782078300,https://polymarket.com/zh/event/btc-updown-5m-1782078300,05:45-05:50,79.00,22.00,78.00,21.00,77.98,86.92,400.04,210.80,78.50,21.50,1.00,1.00,23363.31,17651.39,22996.39,23253.30,78,21,21,77,63807.90,63828.60,,
2026-06-22T05:49:23+08:00,btc-updown-5m-1782078300,https://polymarket.com/zh/event/btc-updown-5m-1782078300,05:45-05:50,76.00,25.00,75.00,24.00,286.55,405.26,445.51,110.15,75.50,24.50,1.00,1.00,23368.30,22991.39,22991.39,23258.30,75,24,24,75,63807.90,63827.99,,
2026-06-22T05:49:25+08:00,btc-updown-5m-1782078300,https://polymarket.com/zh/event/btc-updown-5m-1782078300,05:45-05:50,78.00,23.00,77.00,22.00,100.21,394.90,247.91,100.21,77.50,22.50,1.00,1.00,23258.30,22801.48,22796.48,23268.30,77,22,22,77,63807.90,63824.03,,
2026-06-22T05:49:27+08:00,btc-updown-5m-1782078300,https://polymarket.com/zh/event/btc-updown-5m-1782078300,05:45-05:50,78.00,23.00,77.00,22.00,25.20,346.60,356.64,25.20,77.50,22.50,1.00,1.00,23253.30,22834.48,22829.48,23368.30,77,22,22,77,63807.90,63824.02,,
2026-06-22T05:49:29+08:00,btc-updown-5m-1782078300,https://polymarket.com/zh/event/btc-updown-5m-1782078300,05:45-05:50,80.00,21.00,79.00,20.00,307.93,129.90,149.90,278.91,79.50,20.50,1.00,1.00,23258.30,22834.48,22829.48,23258.31,79,20,20,79,63807.90,63824.03,,
2026-06-22T05:49:31+08:00,btc-updown-5m-1782078300,https://polymarket.com/zh/event/btc-updown-5m-1782078300,05:45-05:50,81.00,20.00,80.00,19.00,25.43,261.61,148.98,9.53,80.50,19.50,1.00,1.00,23072.97,22506.15,22506.15,23062.97,80,19,19,80,63807.90,63824.02,,
2026-06-22T05:49:33+08:00,btc-updown-5m-1782078300,https://polymarket.com/zh/event/btc-updown-5m-1782078300,05:45-05:50,81.00,20.00,80.00,19.00,161.40,7.00,22.62,103.16,80.50,19.50,1.00,1.00,22922.97,22550.15,22550.15,22912.97,79,19,19,80,63807.90,63824.03,,
2026-06-22T05:49:35+08:00,btc-updown-5m-1782078300,https://polymarket.com/zh/event/btc-updown-5m-1782078300,05:45-05:50,85.00,17.00,84.00,16.00,7.10,30.00,18.15,80.00,84.50,16.50,1.00,1.00,22550.98,21948.16,21948.16,22560.98,80,15,15,79,63807.90,63824.02,,
2026-06-22T05:49:37+08:00,btc-updown-5m-1782078300,https://polymarket.com/zh/event/btc-updown-5m-1782078300,05:45-05:50,84.00,17.00,83.00,16.00,24.80,252.27,229.75,24.80,83.50,16.50,1.00,1.00,22765.98,16963.07,16968.07,22760.99,81,13,14,81,63807.90,63824.02,,
2026-06-22T05:49:39+08:00,btc-updown-5m-1782078300,https://polymarket.com/zh/event/btc-updown-5m-1782078300,05:45-05:50,58.00,42.00,57.00,41.00,5.34,50.00,91.00,7.00,57.50,41.50,1.00,1.00,22036.98,23915.07,23925.07,22056.98,57,40,38,57,63807.90,63823.95,,
2026-06-22T05:49:41+08:00,btc-updown-5m-1782078300,https://polymarket.com/zh/event/btc-updown-5m-1782078300,05:45-05:50,67.00,31.00,66.00,30.00,6.77,16.00,262.05,21.00,66.50,30.50,1.00,1.00,22001.98,23960.07,23955.07,21996.98,58,30,29,61,63807.90,63811.17,,
2026-06-22T05:49:43+08:00,btc-updown-5m-1782078300,https://polymarket.com/zh/event/btc-updown-5m-1782078300,05:45-05:50,64.00,38.00,62.00,37.00,35.19,128.47,8.57,43.00,63.00,37.50,2.00,1.00,21756.98,23885.07,23890.07,21771.98,57,31,33,57,63807.90,63810.65,,
2026-06-22T05:49:44+08:00,btc-updown-5m-1782078300,https://polymarket.com/zh/event/btc-updown-5m-1782078300,05:45-05:50,68.00,38.00,62.00,32.00,45.43,10.00,10.00,48.43,65.00,35.00,6.00,6.00,21827.98,23890.07,23885.07,21817.98,58,31,32,58,63807.90,63808.24,,
2026-06-22T05:49:46+08:00,btc-updown-5m-1782078300,https://polymarket.com/zh/event/btc-updown-5m-1782078300,05:45-05:50,69.00,33.00,67.00,31.00,27.00,180.70,248.70,27.00,68.00,32.00,2.00,2.00,20225.42,22297.51,22287.51,20210.42,58,26,26,58,63807.90,63807.66,,
2026-06-22T05:49:48+08:00,btc-updown-5m-1782078300,https://polymarket.com/zh/event/btc-updown-5m-1782078300,05:45-05:50,65.00,39.00,60.00,35.00,132.90,5.55,7.53,103.90,62.50,37.00,5.00,4.00,20210.42,21677.51,21692.51,19800.42,57,29,27,54,63807.90,63807.68,,
2026-06-22T05:49:50+08:00,btc-updown-5m-1782078300,https://polymarket.com/zh/event/btc-updown-5m-1782078300,05:45-05:50,61.00,40.00,60.00,39.00,238.04,61.01,66.11,202.38,60.50,39.50,1.00,1.00,13306.42,15179.50,14674.50,12791.42,51,30,30,52,63807.90,63807.62,,
2026-06-22T05:49:52+08:00,btc-updown-5m-1782078300,https://polymarket.com/zh/event/btc-updown-5m-1782078300,05:45-05:50,58.00,48.00,54.00,43.00,119.90,12.00,2.00,7.00,56.00,45.50,4.00,5.00,11599.42,14286.50,14326.50,11799.42,46,30,29,43,63807.90,63807.62,,
2026-06-22T05:49:54+08:00,btc-updown-5m-1782078300,https://polymarket.com/zh/event/btc-updown-5m-1782078300,05:45-05:50,52.00,48.00,51.00,46.00,6.95,20.00,159.82,5.40,51.50,47.00,1.00,2.00,11389.43,14491.50,14486.50,11379.42,41,35,35,43,63807.90,63805.59,,
2026-06-22T05:49:56+08:00,btc-updown-5m-1782078300,https://polymarket.com/zh/event/btc-updown-5m-1782078300,05:45-05:50,52.00,25.00,51.00,21.00,129.19,5.00,93.66,5.00,51.50,23.00,1.00,4.00,12679.76,7041.50,7016.50,12694.76,39,26,17,52,63807.90,63811.39,,
2026-06-22T05:49:58+08:00,btc-updown-5m-1782078300,https://polymarket.com/zh/event/btc-updown-5m-1782078300,05:45-05:50,93.00,6.00,91.00,5.00,85.64,31.43,139.03,164.75,92.00,5.50,2.00,1.00,12619.75,7012.76,6993.93,12598.75,70,6,5,72,63807.90,63817.35,,
2026-06-22T05:49:59+08:00,btc-updown-5m-1782078300,https://polymarket.com/zh/event/btc-updown-5m-1782078300,05:45-05:50,,1.00,99.00,,,12312.27,3166.37,,,,,,12356.06,,,5456.06,69,0,0,69,63807.90,63817.34,,
2026-06-22T05:50:02+08:00,btc-updown-5m-1782078600,https://polymarket.com/zh/event/btc-updown-5m-1782078600,05:50-05:55,49.00,52.00,48.00,51.00,212.16,196.58,208.79,246.61,48.50,51.50,1.00,1.00,23482.80,22666.62,22731.63,23477.80,48,51,51,48,63817.34,63817.34,,
2026-06-22T05:50:04+08:00,btc-updown-5m-1782078600,https://polymarket.com/zh/event/btc-updown-5m-1782078600,05:50-05:55,49.00,51.00,48.00,50.00,176.43,162.50,225.88,382.32,48.50,50.50,1.00,1.00,23587.80,22826.62,22821.62,23587.80,48,51,50,49,63817.34,63817.34,,
2026-06-22T05:50:06+08:00,btc-updown-5m-1782078600,https://polymarket.com/zh/event/btc-updown-5m-1782078600,05:50-05:55,50.00,51.00,49.00,50.00,379.56,135.17,122.79,220.03,49.50,50.50,1.00,1.00,23597.80,22831.62,22821.62,23597.80,49,50,50,49,63817.34,63817.35,,
2026-06-22T05:50:07+08:00,btc-updown-5m-1782078600,https://polymarket.com/zh/event/btc-updown-5m-1782078600,05:50-05:55,50.00,51.00,49.00,50.00,225.66,193.93,198.93,225.66,49.50,50.50,1.00,1.00,23612.80,22866.63,22851.62,23627.80,49,50,50,49,63817.34,63817.15,,
2026-06-22T05:50:09+08:00,btc-updown-5m-1782078600,https://polymarket.com/zh/event/btc-updown-5m-1782078600,05:50-05:55,49.00,55.00,48.00,54.00,302.50,89.12,5.00,37.00,48.50,54.50,1.00,1.00,21567.80,20917.62,20917.63,21567.80,47,51,54,45,63817.34,63815.88,,
2026-06-22T05:50:11+08:00,btc-updown-5m-1782078600,https://polymarket.com/zh/event/btc-updown-5m-1782078600,05:50-05:55,41.00,60.00,40.00,59.00,597.51,805.06,805.06,561.60,40.50,59.50,1.00,1.00,21739.80,21299.62,21204.63,21669.80,40,59,59,40,63817.34,63795.60,,
2026-06-22T05:50:13+08:00,btc-updown-5m-1782078600,https://polymarket.com/zh/event/btc-updown-5m-1782078600,05:50-05:55,41.00,60.00,40.00,59.00,713.89,301.19,301.19,745.83,40.50,59.50,1.00,1.00,21819.80,21430.62,21525.62,21814.80,40,59,59,40,63817.34,63789.32,,
2026-06-22T05:50:15+08:00,btc-updown-5m-1782078600,https://polymarket.com/zh/event/btc-updown-5m-1782078600,05:50-05:55,41.00,60.00,40.00,59.00,786.11,189.64,189.64,766.58,40.50,59.50,1.00,1.00,21879.80,21435.62,21530.62,21884.80,40,59,59,40,63817.34,63787.98,,
2026-06-22T05:50:17+08:00,btc-updown-5m-1782078600,https://polymarket.com/zh/event/btc-updown-5m-1782078600,05:50-05:55,37.00,64.00,36.00,63.00,597.65,119.50,147.50,503.14,36.50,63.50,1.00,1.00,21719.80,21545.62,21540.62,21734.80,36,63,63,36,63817.34,63788.23,,
2026-06-22T05:50:19+08:00,btc-updown-5m-1782078600,https://polymarket.com/zh/event/btc-updown-5m-1782078600,05:50-05:55,37.00,64.00,36.00,63.00,668.81,10.00,42.50,784.31,36.50,63.50,1.00,1.00,21679.80,21435.62,21455.62,21689.80,36,63,63,36,63817.34,63788.16,,
2026-06-22T05:50:21+08:00,btc-updown-5m-1782078600,https://polymarket.com/zh/event/btc-updown-5m-1782078600,05:50-05:55,32.00,68.00,31.00,67.00,13.67,493.14,499.46,152.83,31.50,67.50,1.00,1.00,24929.06,21787.19,22034.88,24924.06,31,68,67,32,63817.34,63779.41,,
2026-06-22T05:50:23+08:00,btc-updown-5m-1782078600,https://polymarket.com/zh/event/btc-updown-5m-1782078600,05:50-05:55,34.00,64.00,33.00,63.00,12.87,621.52,1413.13,39.17,33.50,63.50,1.00,1.00,24923.36,22241.58,22631.88,24918.36,33,66,63,36,63817.34,63777.29,,
2026-06-22T05:50:25+08:00,btc-updown-5m-1782078600,https://polymarket.com/zh/event/btc-updown-5m-1782078600,05:50-05:55,39.00,62.00,38.00,61.00,226.55,774.36,765.05,282.72,38.50,61.50,1.00,1.00,25135.35,22821.17,22716.17,25135.35,38,61,61,38,63817.34,63785.88,,
2026-06-22T05:50:26+08:00,btc-updown-5m-1782078600,https://polymarket.com/zh/event/btc-updown-5m-1782078600,05:50-05:55,39.00,62.00,38.00,61.00,609.11,416.58,423.04,602.11,38.50,61.50,1.00,1.00,25252.75,22793.87,22843.58,25237.75,38,61,61,38,63817.34,63785.89,,
2026-06-22T05:50:28+08:00,btc-updown-5m-1782078600,https://polymarket.com/zh/event/btc-updown-5m-1782078600,05:50-05:55,39.00,62.00,38.00,61.00,318.31,767.56,798.33,336.31,38.50,61.50,1.00,1.00,25242.75,22843.57,22938.57,25237.75,38,61,61,38,63817.34,63785.88,,
2026-06-22T05:50:30+08:00,btc-updown-5m-1782078600,https://polymarket.com/zh/event/btc-updown-5m-1782078600,05:50-05:55,40.00,61.00,39.00,60.00,517.16,540.87,450.51,517.16,39.50,60.50,1.00,1.00,25247.75,22948.58,22948.57,25247.75,39,60,60,39,63817.34,63787.50,,
2026-06-22T05:50:32+08:00,btc-updown-5m-1782078600,https://polymarket.com/zh/event/btc-updown-5m-1782078600,05:50-05:55,40.00,61.00,39.00,60.00,382.50,879.53,891.53,352.50,39.50,60.50,1.00,1.00,25447.75,22848.57,22843.57,25432.75,39,60,60,39,63817.34,63788.26,,
2026-06-22T05:50:34+08:00,btc-updown-5m-1782078600,https://polymarket.com/zh/event/btc-updown-5m-1782078600,05:50-05:55,40.00,61.00,39.00,60.00,749.83,82.27,82.27,706.51,39.50,60.50,1.00,1.00,25442.76,22843.58,22948.57,25452.76,39,60,60,39,63817.34,63788.26,,
2026-06-22T05:50:36+08:00,btc-updown-5m-1782078600,https://polymarket.com/zh/event/btc-updown-5m-1782078600,05:50-05:55,40.00,61.00,39.00,60.00,619.21,49.74,72.60,773.11,39.50,60.50,1.00,1.00,25437.76,22818.57,22918.57,25447.76,39,60,60,39,63817.34,63788.26,,
2026-06-22T05:50:38+08:00,btc-updown-5m-1782078600,https://polymarket.com/zh/event/btc-updown-5m-1782078600,05:50-05:55,35.00,66.00,34.00,65.00,176.50,161.48,140.00,849.27,34.50,65.50,1.00,1.00,25587.76,22913.57,22923.57,25587.76,34,65,65,34,63817.34,63788.26,,
2026-06-22T05:50:40+08:00,btc-updown-5m-1782078600,https://polymarket.com/zh/event/btc-updown-5m-1782078600,05:50-05:55,35.00,66.00,34.00,65.00,753.91,100.84,106.00,796.88,34.50,65.50,1.00,1.00,25592.76,22818.58,22923.57,25577.76,34,65,65,34,63817.34,63785.88,,
2026-06-22T05:50:42+08:00,btc-updown-5m-1782078600,https://polymarket.com/zh/event/btc-updown-5m-1782078600,05:50-05:55,31.00,70.00,30.00,69.00,653.07,148.96,134.28,620.05,30.50,69.50,1.00,1.00,25636.76,22913.57,22928.57,25646.76,30,69,69,30,63817.34,63785.88,,
2026-06-22T05:50:44+08:00,btc-updown-5m-1782078600,https://polymarket.com/zh/event/btc-updown-5m-1782078600,05:50-05:55,29.00,72.00,28.00,71.00,963.74,18.61,13.61,1070.72,28.50,71.50,1.00,1.00,26051.76,22818.58,22818.57,25976.76,28,71,71,28,63817.34,63771.30,,
2026-06-22T05:50:46+08:00,btc-updown-5m-1782078600,https://polymarket.com/zh/event/btc-updown-5m-1782078600,05:50-05:55,27.00,75.00,26.00,74.00,854.45,544.11,27.28,752.58,26.50,74.50,1.00,1.00,26341.76,22863.57,22973.57,26451.76,26,73,74,25,63817.34,63771.30,,
2026-06-22T05:50:48+08:00,btc-updown-5m-1782078600,https://polymarket.com/zh/event/btc-updown-5m-1782078600,05:50-05:55,24.00,77.00,23.00,76.00,785.68,485.12,296.70,760.66,23.50,76.50,1.00,1.00,27461.76,21038.57,20953.58,27466.76,23,76,76,23,63817.34,63762.25,,
2026-06-22T05:50:50+08:00,btc-updown-5m-1782078600,https://polymarket.com/zh/event/btc-updown-5m-1782078600,05:50-05:55,23.00,78.00,22.00,77.00,1035.63,222.82,250.00,779.45,22.50,77.50,1.00,1.00,27084.44,21038.57,20943.57,26861.76,22,77,77,22,63817.34,63762.28,,
2026-06-22T05:50:52+08:00,btc-updown-5m-1782078600,https://polymarket.com/zh/event/btc-updown-5m-1782078600,05:50-05:55,23.00,78.00,22.00,77.00,277.65,316.31,366.31,305.30,22.50,77.50,1.00,1.00,26596.76,21033.57,20938.57,26191.76,22,77,77,22,63817.34,63758.35,,
2026-06-22T05:50:54+08:00,btc-updown-5m-1782078600,https://polymarket.com/zh/event/btc-updown-5m-1782078600,05:50-05:55,23.00,78.00,22.00,77.00,743.73,101.29,96.29,732.46,22.50,77.50,1.00,1.00,26796.76,20943.58,20938.57,26696.76,22,77,77,22,63817.34,63758.41,,
2026-06-22T05:50:55+08:00,btc-updown-5m-1782078600,https://polymarket.com/zh/event/btc-updown-5m-1782078600,05:50-05:55,28.00,73.00,27.00,72.00,98.37,541.78,731.78,103.37,27.50,72.50,1.00,1.00,26046.76,20843.57,20833.57,26111.76,27,72,72,27,63817.34,63771.06,,
2026-06-22T05:50:57+08:00,btc-updown-5m-1782078600,https://polymarket.com/zh/event/btc-updown-5m-1782078600,05:50-05:55,28.00,73.00,27.00,72.00,133.00,559.23,456.66,124.07,27.50,72.50,1.00,1.00,26106.76,20843.57,20933.57,26141.76,27,72,72,27,63817.34,63771.26,,
2026-06-22T05:50:59+08:00,btc-updown-5m-1782078600,https://polymarket.com/zh/event/btc-updown-5m-1782078600,05:50-05:55,29.00,72.00,28.00,71.00,268.75,447.09,526.09,318.75,28.50,71.50,1.00,1.00,26032.76,20843.57,20943.57,26027.76,28,71,71,28,63817.34,63771.26,,
2026-06-22T05:51:01+08:00,btc-updown-5m-1782078600,https://polymarket.com/zh/event/btc-updown-5m-1782078600,05:50-05:55,28.00,73.00,27.00,72.00,1130.13,200.60,229.13,1130.57,27.50,72.50,1.00,1.00,26352.76,27843.57,27838.57,26347.76,27,72,72,27,63817.34,63771.27,,
2026-06-22T05:51:03+08:00,btc-updown-5m-1782078600,https://polymarket.com/zh/event/btc-updown-5m-1782078600,05:50-05:55,27.00,74.00,26.00,73.00,489.21,271.07,279.71,491.93,26.50,73.50,1.00,1.00,26271.76,27738.57,27838.57,26241.76,26,73,73,26,63817.34,63771.26,,
2026-06-22T05:51:05+08:00,btc-updown-5m-1782078600,https://polymarket.com/zh/event/btc-updown-5m-1782078600,05:50-05:55,26.00,75.00,25.00,74.00,707.46,124.00,130.00,706.46,25.50,74.50,1.00,1.00,26248.76,27730.58,27730.57,26548.76,25,74,74,25,63817.34,63771.26,,
2026-06-22T05:51:07+08:00,btc-updown-5m-1782078600,https://polymarket.com/zh/event/btc-updown-5m-1782078600,05:50-05:55,26.00,75.00,25.00,74.00,819.67,94.93,94.93,772.84,25.50,74.50,1.00,1.00,25288.76,27570.57,27575.58,25283.76,25,74,74,25,63817.34,63771.26,,
2026-06-22T05:51:09+08:00,btc-updown-5m-1782078600,https://polymarket.com/zh/event/btc-updown-5m-1782078600,05:50-05:55,26.00,75.00,25.00,74.00,703.50,108.15,108.15,712.44,25.50,74.50,1.00,1.00,25228.76,27670.57,27670.57,25228.76,25,74,74,25,63817.34,63771.27,,
2026-06-22T05:51:11+08:00,btc-updown-5m-1782078600,https://polymarket.com/zh/event/btc-updown-5m-1782078600,05:50-05:55,20.00,81.00,19.00,80.00,134.20,621.60,757.08,206.57,19.50,80.50,1.00,1.00,26533.76,27675.57,27665.57,26543.76,19,80,80,19,63817.34,63771.26,,
2026-06-22T05:51:13+08:00,btc-updown-5m-1782078600,https://polymarket.com/zh/event/btc-updown-5m-1782078600,05:50-05:55,20.00,81.00,19.00,80.00,688.57,154.07,146.89,680.01,19.50,80.50,1.00,1.00,25838.76,27570.57,27585.57,25838.76,19,80,80,19,63817.34,63759.16,,
2026-06-22T05:51:15+08:00,btc-updown-5m-1782078600,https://polymarket.com/zh/event/btc-updown-5m-1782078600,05:50-05:55,20.00,81.00,19.00,80.00,385.78,82.78,230.08,471.10,19.50,80.50,1.00,1.00,26648.20,27670.57,27575.57,26648.20,19,80,80,19,63817.34,63757.33,,
2026-06-22T05:51:16+08:00,btc-updown-5m-1782078600,https://polymarket.com/zh/event/btc-updown-5m-1782078600,05:50-05:55,20.00,82.00,19.00,81.00,814.36,117.92,6.83,432.47,19.50,81.50,1.00,1.00,26657.88,27565.57,27680.57,26352.88,19,80,81,18,63817.34,63755.92,,
2026-06-22T05:51:18+08:00,btc-updown-5m-1782078600,https://polymarket.com/zh/event/btc-updown-5m-1782078600,05:50-05:55,19.00,82.00,18.00,81.00,225.00,282.30,317.30,341.23,18.50,81.50,1.00,1.00,26453.88,27580.57,27580.57,26458.88,18,81,81,18,63817.34,63753.59,,
2026-06-22T05:51:20+08:00,btc-updown-5m-1782078600,https://polymarket.com/zh/event/btc-updown-5m-1782078600,05:50-05:55,18.00,83.00,17.00,82.00,67.00,652.73,663.16,73.00,17.50,82.50,1.00,1.00,26765.20,27670.57,27580.57,26765.20,17,82,82,17,63817.34,63754.08,,
2026-06-22T05:51:22+08:00,btc-updown-5m-1782078600,https://polymarket.com/zh/event/btc-updown-5m-1782078600,05:50-05:55,18.00,83.00,17.00,82.00,616.47,411.11,416.11,607.47,17.50,82.50,1.00,1.00,24962.88,27565.57,27680.57,24952.88,17,82,82,17,63817.34,63751.18,,
2026-06-22T05:51:24+08:00,btc-updown-5m-1782078600,https://polymarket.com/zh/event/btc-updown-5m-1782078600,05:50-05:55,17.00,84.00,16.00,83.00,669.04,107.00,100.00,920.98,16.50,83.50,1.00,1.00,24073.87,27570.57,27675.57,23519.76,16,83,83,16,63817.34,63751.07,,
2026-06-22T05:51:26+08:00,btc-updown-5m-1782078600,https://polymarket.com/zh/event/btc-updown-5m-1782078600,05:50-05:55,17.00,84.00,16.00,83.00,1107.39,1.68,1.68,1008.68,16.50,83.50,1.00,1.00,23738.76,27575.58,27575.57,23683.76,16,83,83,16,63817.34,63751.07,,
2026-06-22T05:51:28+08:00,btc-updown-5m-1782078600,https://polymarket.com/zh/event/btc-updown-5m-1782078600,05:50-05:55,16.00,85.00,15.00,84.00,52.65,951.77,971.33,12.65,15.50,84.50,1.00,1.00,23484.20,27565.57,27570.57,23479.20,15,84,84,15,63817.34,63751.07,,
2026-06-22T05:51:30+08:00,btc-updown-5m-1782078600,https://polymarket.com/zh/event/btc-updown-5m-1782078600,05:50-05:55,14.00,87.00,13.00,86.00,577.85,179.93,181.08,570.27,13.50,86.50,1.00,1.00,23073.37,27665.57,27580.57,23133.37,13,86,86,13,63817.34,63747.00,,
2026-06-22T05:51:31+08:00,btc-updown-5m-1782078600,https://polymarket.com/zh/event/btc-updown-5m-1782078600,05:50-05:55,13.00,88.00,12.00,87.00,183.53,451.16,468.33,353.53,12.50,87.50,1.00,1.00,22512.55,27132.57,27122.57,22517.55,12,87,87,12,63817.34,63742.95,,
2026-06-22T05:51:33+08:00,btc-updown-5m-1782078600,https://polymarket.com/zh/event/btc-updown-5m-1782078600,05:50-05:55,12.00,89.00,11.00,88.00,411.59,336.72,304.70,374.59,11.50,88.50,1.00,1.00,22254.84,27017.57,27032.58,22249.84,11,88,88,11,63817.34,63742.96,,
2026-06-22T05:51:35+08:00,btc-updown-5m-1782078600,https://polymarket.com/zh/event/btc-updown-5m-1782078600,05:50-05:55,12.00,89.00,11.00,88.00,385.19,202.21,205.59,387.38,11.50,88.50,1.00,1.00,23100.44,26943.58,27053.57,23112.39,11,88,88,11,63817.34,63737.16,,
2026-06-22T05:51:37+08:00,btc-updown-5m-1782078600,https://polymarket.com/zh/event/btc-updown-5m-1782078600,05:50-05:55,10.00,91.00,9.00,90.00,461.44,301.01,448.51,539.93,9.50,90.50,1.00,1.00,21685.65,27043.57,27023.57,21743.05,9,90,90,9,63817.34,63730.06,,
2026-06-22T05:51:39+08:00,btc-updown-5m-1782078600,https://polymarket.com/zh/event/btc-updown-5m-1782078600,05:50-05:55,10.00,91.00,9.00,90.00,375.08,259.35,259.36,383.08,9.50,90.50,1.00,1.00,22626.69,27043.57,26928.57,22631.69,9,90,90,9,63817.34,63727.67,,
2026-06-22T05:51:41+08:00,btc-updown-5m-1782078600,https://polymarket.com/zh/event/btc-updown-5m-1782078600,05:50-05:55,11.00,91.00,9.00,90.00,296.85,124.50,59.60,125.28,10.00,90.50,2.00,1.00,22708.67,27023.57,26938.57,22374.44,9,89,90,9,63817.34,63729.22,,
2026-06-22T05:51:43+08:00,btc-updown-5m-1782078600,https://polymarket.com/zh/event/btc-updown-5m-1782078600,05:50-05:55,10.00,91.00,9.00,90.00,432.10,226.50,266.50,437.10,9.50,90.50,1.00,1.00,22196.76,26828.57,26823.57,22193.76,9,90,90,9,63817.34,63728.25,,
2026-06-22T05:51:45+08:00,btc-updown-5m-1782078600,https://polymarket.com/zh/event/btc-updown-5m-1782078600,05:50-05:55,11.00,90.00,10.00,89.00,379.76,562.97,528.63,384.76,10.50,89.50,1.00,1.00,22374.48,26722.57,26727.58,22424.78,10,89,89,10,63817.34,63728.35,,
2026-06-22T05:51:47+08:00,btc-updown-5m-1782078600,https://polymarket.com/zh/event/btc-updown-5m-1782078600,05:50-05:55,11.00,90.00,10.00,89.00,334.43,567.24,597.62,334.43,10.50,89.50,1.00,1.00,23078.48,26822.57,26732.57,23062.48,10,89,89,10,63817.34,63728.34,,
2026-06-22T05:51:48+08:00,btc-updown-5m-1782078600,https://polymarket.com/zh/event/btc-updown-5m-1782078600,05:50-05:55,9.00,92.00,8.00,91.00,180.19,678.21,588.21,302.19,8.50,91.50,1.00,1.00,23263.74,26717.57,26727.57,23259.74,8,91,91,8,63817.34,63728.35,,
2026-06-22T05:51:50+08:00,btc-updown-5m-1782078600,https://polymarket.com/zh/event/btc-updown-5m-1782078600,05:50-05:55,9.00,92.00,8.00,91.00,158.53,794.65,761.84,128.53,8.50,91.50,1.00,1.00,23354.74,26722.57,26827.57,23293.28,8,91,91,8,63817.34,63728.34,,
2026-06-22T05:51:52+08:00,btc-updown-5m-1782078600,https://polymarket.com/zh/event/btc-updown-5m-1782078600,05:50-05:55,10.00,91.00,9.00,90.00,387.08,313.01,273.20,352.71,9.50,90.50,1.00,1.00,23146.70,26732.57,26837.57,23125.25,9,90,90,9,63817.34,63728.34,,
2026-06-22T05:51:54+08:00,btc-updown-5m-1782078600,https://polymarket.com/zh/event/btc-updown-5m-1782078600,05:50-05:55,10.00,91.00,9.00,90.00,365.97,261.40,274.35,365.97,9.50,90.50,1.00,1.00,23017.25,26652.57,26657.58,23027.95,9,90,90,9,63817.34,63728.34,,
2026-06-22T05:51:56+08:00,btc-updown-5m-1782078600,https://polymarket.com/zh/event/btc-updown-5m-1782078600,05:50-05:55,10.00,91.00,9.00,90.00,626.51,165.00,150.00,626.51,9.50,90.50,1.00,1.00,21882.59,26767.58,26642.57,21882.59,9,90,90,9,63817.34,63728.35,,
2026-06-22T05:51:58+08:00,btc-updown-5m-1782078600,https://polymarket.com/zh/event/btc-updown-5m-1782078600,05:50-05:55,10.00,91.00,9.00,90.00,371.15,388.81,449.40,371.15,9.50,90.50,1.00,1.00,21910.59,26767.57,26647.57,21860.59,9,90,90,9,63817.34,63729.84,,
2026-06-22T05:52:00+08:00,btc-updown-5m-1782078600,https://polymarket.com/zh/event/btc-updown-5m-1782078600,05:50-05:55,8.00,91.00,7.00,90.00,41.51,630.01,1240.18,149.65,7.50,90.50,1.00,1.00,19691.01,24887.57,24821.57,20114.89,7,92,90,9,63817.34,63727.33,,
2026-06-22T05:52:02+08:00,btc-updown-5m-1782078600,https://polymarket.com/zh/event/btc-updown-5m-1782078600,05:50-05:55,15.00,86.00,14.00,85.00,146.01,1100.74,1284.11,96.01,14.50,85.50,1.00,1.00,21526.46,24692.57,24807.57,21044.62,14,85,85,14,63817.34,63750.46,,
2026-06-22T05:52:04+08:00,btc-updown-5m-1782078600,https://polymarket.com/zh/event/btc-updown-5m-1782078600,05:50-05:55,15.00,86.00,14.00,85.00,501.60,403.97,390.63,332.60,14.50,85.50,1.00,1.00,19371.56,24647.57,24662.57,19307.77,14,85,85,14,63817.34,63752.34,,
2026-06-22T05:52:05+08:00,btc-updown-5m-1782078600,https://polymarket.com/zh/event/btc-updown-5m-1782078600,05:50-05:55,15.00,86.00,14.00,85.00,130.13,996.65,1064.28,130.13,14.50,85.50,1.00,1.00,20084.14,24527.57,24522.58,20089.14,14,85,85,14,63817.34,63750.82,,
2026-06-22T05:52:07+08:00,btc-updown-5m-1782078600,https://polymarket.com/zh/event/btc-updown-5m-1782078600,05:50-05:55,16.00,85.00,15.00,84.00,699.31,496.52,505.52,699.31,15.50,84.50,1.00,1.00,20070.00,24522.57,24527.58,20075.00,15,84,84,15,63817.34,63750.81,,
2026-06-22T05:52:09+08:00,btc-updown-5m-1782078600,https://polymarket.com/zh/event/btc-updown-5m-1782078600,05:50-05:55,16.00,85.00,15.00,84.00,972.63,218.09,223.09,972.63,15.50,84.50,1.00,1.00,20115.00,24517.57,24432.57,20125.00,15,84,84,15,63817.34,63750.82,,
2026-06-22T05:52:11+08:00,btc-updown-5m-1782078600,https://polymarket.com/zh/event/btc-updown-5m-1782078600,05:50-05:55,16.00,85.00,15.00,84.00,855.81,154.41,154.41,815.81,15.50,84.50,1.00,1.00,19691.00,24427.58,24417.57,19686.00,15,84,84,15,63817.34,63750.81,,
2026-06-22T05:52:13+08:00,btc-updown-5m-1782078600,https://polymarket.com/zh/event/btc-updown-5m-1782078600,05:50-05:55,16.00,85.00,15.00,84.00,833.87,217.97,153.07,768.87,15.50,84.50,1.00,1.00,20020.00,24512.57,24432.57,19990.00,15,84,84,15,63817.34,63750.81,,
2026-06-22T05:52:15+08:00,btc-updown-5m-1782078600,https://polymarket.com/zh/event/btc-updown-5m-1782078600,05:50-05:55,16.00,85.00,15.00,84.00,843.78,26.60,31.85,828.53,15.50,84.50,1.00,1.00,19955.82,24407.57,24322.57,19955.82,15,84,84,15,63817.34,63750.82,,
2026-06-22T05:52:17+08:00,btc-updown-5m-1782078600,https://polymarket.com/zh/event/btc-updown-5m-1782078600,05:50-05:55,16.00,85.00,15.00,84.00,839.33,11.10,11.10,839.33,15.50,84.50,1.00,1.00,19955.82,24312.57,24302.57,19955.82,15,84,84,15,63817.34,63750.81,,
2026-06-22T05:52:19+08:00,btc-updown-5m-1782078600,https://polymarket.com/zh/event/btc-updown-5m-1782078600,05:50-05:55,15.00,86.00,14.00,85.00,280.93,343.54,358.54,308.93,14.50,85.50,1.00,1.00,19840.00,24312.57,24307.57,19835.00,14,85,85,14,63817.34,63750.82,,
2026-06-22T05:52:21+08:00,btc-updown-5m-1782078600,https://polymarket.com/zh/event/btc-updown-5m-1782078600,05:50-05:55,15.00,86.00,14.00,85.00,687.83,121.32,131.32,727.83,14.50,85.50,1.00,1.00,20030.00,24302.58,24412.57,20020.00,14,85,85,14,63817.34,63750.81,,
2026-06-22T05:52:23+08:00,btc-updown-5m-1782078600,https://polymarket.com/zh/event/btc-updown-5m-1782078600,05:50-05:55,15.00,86.00,14.00,85.00,714.72,115.00,115.00,714.72,14.50,85.50,1.00,1.00,20020.00,24402.57,24297.57,20025.00,14,85,85,14,63817.34,63750.81,,
2026-06-22T05:52:25+08:00,btc-updown-5m-1782078600,https://polymarket.com/zh/event/btc-updown-5m-1782078600,05:50-05:55,16.00,85.00,15.00,84.00,718.75,60.00,60.00,718.75,15.50,84.50,1.00,1.00,19700.00,24307.57,24302.57,19710.00,15,84,84,15,63817.34,63750.34,,
2026-06-22T05:52:27+08:00,btc-updown-5m-1782078600,https://polymarket.com/zh/event/btc-updown-5m-1782078600,05:50-05:55,16.00,85.00,15.00,84.00,694.64,35.82,65.82,694.64,15.50,84.50,1.00,1.00,19191.00,24412.58,24407.57,19191.00,15,84,84,15,63817.34,63750.34,,
2026-06-22T05:52:28+08:00,btc-updown-5m-1782078600,https://polymarket.com/zh/event/btc-updown-5m-1782078600,05:50-05:55,15.00,86.00,14.00,85.00,244.00,603.80,608.80,219.00,14.50,85.50,1.00,1.00,19141.00,24312.57,24302.57,19166.00,14,85,85,14,63817.34,63752.31,,
2026-06-22T05:52:30+08:00,btc-updown-5m-1782078600,https://polymarket.com/zh/event/btc-updown-5m-1782078600,05:50-05:55,15.00,86.00,14.00,85.00,269.50,579.61,579.61,269.50,14.50,85.50,1.00,1.00,19640.00,24307.58,24302.57,19645.00,14,85,85,14,63817.34,63752.38,,
2026-06-22T05:52:32+08:00,btc-updown-5m-1782078600,https://polymarket.com/zh/event/btc-updown-5m-1782078600,05:50-05:55,15.00,86.00,14.00,85.00,397.00,120.56,337.96,596.97,14.50,85.50,1.00,1.00,19658.00,24370.78,24360.58,19708.00,14,85,85,14,63817.34,63752.37,,
2026-06-22T05:52:34+08:00,btc-updown-5m-1782078600,https://polymarket.com/zh/event/btc-updown-5m-1782078600,05:50-05:55,15.00,86.00,14.00,85.00,426.28,40.00,30.00,401.28,14.50,85.50,1.00,1.00,19263.00,24370.59,24350.57,19218.00,14,85,85,14,63817.34,63752.37,,
2026-06-22T05:52:36+08:00,btc-updown-5m-1782078600,https://polymarket.com/zh/event/btc-updown-5m-1782078600,05:50-05:55,14.00,87.00,13.00,86.00,5.00,1148.44,1120.51,5.00,13.50,86.50,1.00,1.00,19233.00,24250.57,24255.57,19228.00,13,86,86,13,63817.34,63752.40,,
2026-06-22T05:52:38+08:00,btc-updown-5m-1782078600,https://polymarket.com/zh/event/btc-updown-5m-1782078600,05:50-05:55,20.00,81.00,19.00,80.00,222.10,302.72,343.72,196.24,19.50,80.50,1.00,1.00,18055.00,24365.58,24355.57,18055.00,19,80,80,19,63817.34,63763.16,,
2026-06-22T05:52:40+08:00,btc-updown-5m-1782078600,https://polymarket.com/zh/event/btc-updown-5m-1782078600,05:50-05:55,20.00,81.00,19.00,80.00,166.09,724.99,769.03,166.09,19.50,80.50,1.00,1.00,17970.00,24370.57,24255.57,17970.00,19,80,80,19,63817.34,63763.16,,
2026-06-22T05:52:42+08:00,btc-updown-5m-1782078600,https://polymarket.com/zh/event/btc-updown-5m-1782078600,05:50-05:55,20.00,81.00,19.00,80.00,109.52,643.17,687.18,109.52,19.50,80.50,1.00,1.00,18270.00,24265.58,24365.57,18265.00,19,80,80,19,63817.34,63763.15,,
2026-06-22T05:52:44+08:00,btc-updown-5m-1782078600,https://polymarket.com/zh/event/btc-updown-5m-1782078600,05:50-05:55,22.00,79.00,21.00,78.00,256.56,283.34,333.34,266.56,21.50,78.50,1.00,1.00,17927.50,24255.57,24255.57,18227.50,21,78,78,21,63817.34,63765.67,,
2026-06-22T05:52:46+08:00,btc-updown-5m-1782078600,https://polymarket.com/zh/event/btc-updown-5m-1782078600,05:50-05:55,22.00,79.00,21.00,78.00,622.87,92.29,97.29,622.87,21.50,78.50,1.00,1.00,18526.50,24260.57,24260.57,18526.50,21,78,78,21,63817.34,63765.67,,
2026-06-22T05:52:48+08:00,btc-updown-5m-1782078600,https://polymarket.com/zh/event/btc-updown-5m-1782078600,05:50-05:55,22.00,79.00,21.00,78.00,695.38,54.12,54.12,695.38,21.50,78.50,1.00,1.00,19290.50,24260.57,24265.57,19275.50,21,78,78,21,63817.34,63765.67,,
2026-06-22T05:52:50+08:00,btc-updown-5m-1782078600,https://polymarket.com/zh/event/btc-updown-5m-1782078600,05:50-05:55,22.00,79.00,21.00,78.00,745.15,79.00,54.00,738.70,21.50,78.50,1.00,1.00,19387.47,24270.57,24360.57,19387.47,21,78,78,21,63817.34,63765.67,,
2026-06-22T05:52:51+08:00,btc-updown-5m-1782078600,https://polymarket.com/zh/event/btc-updown-5m-1782078600,05:50-05:55,21.00,80.00,20.00,79.00,29.50,408.59,391.59,29.50,20.50,79.50,1.00,1.00,18508.48,24265.58,24270.57,18957.48,20,79,79,20,63817.34,63765.67,,
2026-06-22T05:52:53+08:00,btc-updown-5m-1782078600,https://polymarket.com/zh/event/btc-updown-5m-1782078600,05:50-05:55,22.00,80.00,21.00,79.00,271.64,581.64,28.73,5.00,21.50,79.50,1.00,1.00,18058.47,24370.57,24260.58,18088.47,21,78,79,20,63817.34,63770.02,,
2026-06-22T05:52:55+08:00,btc-updown-5m-1782078600,https://polymarket.com/zh/event/btc-updown-5m-1782078600,05:50-05:55,22.00,79.00,21.00,78.00,118.39,184.89,304.89,88.39,21.50,78.50,1.00,1.00,17723.48,24270.57,24255.57,17723.48,21,78,78,21,63817.34,63771.17,,
2026-06-22T05:52:57+08:00,btc-updown-5m-1782078600,https://polymarket.com/zh/event/btc-updown-5m-1782078600,05:50-05:55,22.00,79.00,21.00,78.00,299.78,48.00,119.89,324.78,21.50,78.50,1.00,1.00,17464.47,24480.57,24355.57,17524.47,21,78,78,21,63817.34,63770.58,,
2026-06-22T05:52:59+08:00,btc-updown-5m-1782078600,https://polymarket.com/zh/event/btc-updown-5m-1782078600,05:50-05:55,20.00,81.00,19.00,80.00,415.41,139.00,139.00,407.40,19.50,80.50,1.00,1.00,18572.47,24265.57,24260.57,18572.47,19,80,80,19,63817.34,63770.99,,
2026-06-22T05:53:01+08:00,btc-updown-5m-1782078600,https://polymarket.com/zh/event/btc-updown-5m-1782078600,05:50-05:55,19.00,82.00,18.00,81.00,362.54,90.60,161.09,360.54,18.50,81.50,1.00,1.00,18226.47,23899.57,23784.57,18226.47,18,81,81,18,63817.34,63771.23,,
2026-06-22T05:53:03+08:00,btc-updown-5m-1782078600,https://polymarket.com/zh/event/btc-updown-5m-1782078600,05:50-05:55,18.00,83.00,17.00,82.00,5.00,581.17,576.34,5.00,17.50,82.50,1.00,1.00,18226.47,23899.57,23789.57,18226.47,17,82,82,17,63817.34,63771.36,,
2026-06-22T05:53:05+08:00,btc-updown-5m-1782078600,https://polymarket.com/zh/event/btc-updown-5m-1782078600,05:50-05:55,18.00,83.00,17.00,82.00,5.00,498.58,411.58,5.00,17.50,82.50,1.00,1.00,18286.47,23769.58,23774.57,18286.47,17,82,82,17,63817.34,63771.45,,
2026-06-22T05:53:06+08:00,btc-updown-5m-1782078600,https://polymarket.com/zh/event/btc-updown-5m-1782078600,05:50-05:55,18.00,83.00,17.00,82.00,20.63,405.13,408.13,20.63,17.50,82.50,1.00,1.00,17886.48,23774.57,23754.57,17886.48,17,82,82,17,63817.34,63771.44,,
2026-06-22T05:53:08+08:00,btc-updown-5m-1782078600,https://polymarket.com/zh/event/btc-updown-5m-1782078600,05:50-05:55,11.00,92.00,10.00,90.00,81.00,238.59,1.99,105.00,10.50,91.00,1.00,2.00,16897.48,23859.57,23864.57,16931.48,10,89,90,8,63817.34,63771.26,,
2026-06-22T05:53:10+08:00,btc-updown-5m-1782078600,https://polymarket.com/zh/event/btc-updown-5m-1782078600,05:50-05:55,7.00,92.00,6.00,89.00,17.00,30.00,70.00,67.70,6.50,90.50,1.00,3.00,18188.25,23854.57,23774.58,17957.02,6,93,89,8,63817.34,63751.05,,
2026-06-22T05:53:12+08:00,btc-updown-5m-1782078600,https://polymarket.com/zh/event/btc-updown-5m-1782078600,05:50-05:55,11.00,90.00,10.00,89.00,519.21,58.63,66.00,501.92,10.50,89.50,1.00,1.00,17003.43,23609.58,23719.57,17447.43,10,89,89,10,63817.34,63757.79,,
2026-06-22T05:53:14+08:00,btc-updown-5m-1782078600,https://polymarket.com/zh/event/btc-updown-5m-1782078600,05:50-05:55,10.00,91.00,9.00,90.00,444.71,108.50,120.50,411.89,9.50,90.50,1.00,1.00,17206.14,23559.57,23654.89,16652.14,9,90,90,9,63817.34,63757.79,,
2026-06-22T05:53:16+08:00,btc-updown-5m-1782078600,https://polymarket.com/zh/event/btc-updown-5m-1782078600,05:50-05:55,10.00,91.00,9.00,90.00,83.27,584.96,593.96,83.27,9.50,90.50,1.00,1.00,16792.27,23354.57,23349.58,16792.27,9,90,90,9,63817.34,63758.68,,
2026-06-22T05:53:18+08:00,btc-updown-5m-1782078600,https://polymarket.com/zh/event/btc-updown-5m-1782078600,05:50-05:55,12.00,89.00,11.00,88.00,383.82,61.00,51.00,380.82,11.50,88.50,1.00,1.00,16644.08,23449.57,23354.57,16644.08,11,88,88,11,63817.34,63763.67,,
2026-06-22T05:53:20+08:00,btc-updown-5m-1782078600,https://polymarket.com/zh/event/btc-updown-5m-1782078600,05:50-05:55,12.00,89.00,11.00,88.00,383.63,73.00,53.00,383.63,11.50,88.50,1.00,1.00,16597.08,23196.22,23196.23,16547.08,11,88,88,11,63817.34,63763.66,,
2026-06-22T05:53:22+08:00,btc-updown-5m-1782078600,https://polymarket.com/zh/event/btc-updown-5m-1782078600,05:50-05:55,9.00,92.00,8.00,91.00,24.98,874.40,881.74,24.98,8.50,91.50,1.00,1.00,17583.78,23096.22,23091.22,17578.78,8,91,91,8,63817.34,63758.71,,
2026-06-22T05:53:24+08:00,btc-updown-5m-1782078600,https://polymarket.com/zh/event/btc-updown-5m-1782078600,05:50-05:55,9.00,92.00,8.00,91.00,58.99,574.17,597.52,67.95,8.50,91.50,1.00,1.00,17578.78,23191.22,23086.22,17608.78,8,91,91,8,63817.34,63763.20,,
2026-06-22T05:53:25+08:00,btc-updown-5m-1782078600,https://polymarket.com/zh/event/btc-updown-5m-1782078600,05:50-05:55,9.00,92.00,8.00,91.00,117.50,115.75,197.75,227.26,8.50,91.50,1.00,1.00,17237.08,22721.22,22711.22,17269.08,8,91,91,8,63817.34,63763.20,,
2026-06-22T05:53:27+08:00,btc-updown-5m-1782078600,https://polymarket.com/zh/event/btc-updown-5m-1782078600,05:50-05:55,5.00,96.00,4.00,95.00,497.17,518.22,367.99,446.21,4.50,95.50,1.00,1.00,16321.45,22656.22,22636.22,16349.57,4,95,95,4,63817.34,63755.10,,
2026-06-22T05:53:29+08:00,btc-updown-5m-1782078600,https://polymarket.com/zh/event/btc-updown-5m-1782078600,05:50-05:55,5.00,97.00,4.00,96.00,567.79,796.23,240.49,16.00,4.50,96.50,1.00,1.00,15669.98,22631.22,22646.22,15081.18,4,95,96,3,63817.34,63755.10,,
2026-06-22T05:53:31+08:00,btc-updown-5m-1782078600,https://polymarket.com/zh/event/btc-updown-5m-1782078600,05:50-05:55,4.00,97.00,3.00,96.00,475.47,1245.92,1287.92,531.15,3.50,96.50,1.00,1.00,17194.42,22429.22,22524.22,16752.43,3,96,96,3,63817.34,63755.10,,
2026-06-22T05:53:33+08:00,btc-updown-5m-1782078600,https://polymarket.com/zh/event/btc-updown-5m-1782078600,05:50-05:55,4.00,97.00,3.00,96.00,557.50,961.09,911.09,557.50,3.50,96.50,1.00,1.00,16745.39,22419.23,22429.22,16795.39,3,96,96,3,63817.34,63755.11,,
2026-06-22T05:53:35+08:00,btc-updown-5m-1782078600,https://polymarket.com/zh/event/btc-updown-5m-1782078600,05:50-05:55,4.00,97.00,3.00,96.00,383.10,1252.06,1252.06,388.10,3.50,96.50,1.00,1.00,17199.86,22273.22,22178.22,17199.86,3,96,96,3,63817.34,63755.11,,
2026-06-22T05:53:37+08:00,btc-updown-5m-1782078600,https://polymarket.com/zh/event/btc-updown-5m-1782078600,05:50-05:55,4.00,97.00,3.00,96.00,281.85,1161.95,1165.09,286.85,3.50,96.50,1.00,1.00,16604.89,22178.22,22278.22,16659.04,3,96,96,3,63817.34,63755.11,,
2026-06-22T05:53:39+08:00,btc-updown-5m-1782078600,https://polymarket.com/zh/event/btc-updown-5m-1782078600,05:50-05:55,4.00,97.00,3.00,96.00,205.51,907.17,912.33,205.51,3.50,96.50,1.00,1.00,16399.63,22188.22,22173.23,16394.47,3,96,96,3,63817.34,63758.08,,
2026-06-22T05:53:41+08:00,btc-updown-5m-1782078600,https://polymarket.com/zh/event/btc-updown-5m-1782078600,05:50-05:55,18.00,83.00,17.00,82.00,157.82,862.14,347.57,86.27,17.50,82.50,1.00,1.00,13508.33,22278.22,22178.22,13945.40,17,82,82,17,63817.34,63785.06,,
2026-06-22T05:53:42+08:00,btc-updown-5m-1782078600,https://polymarket.com/zh/event/btc-updown-5m-1782078600,05:50-05:55,19.00,82.00,18.00,81.00,110.83,800.65,728.78,58.33,18.50,81.50,1.00,1.00,15442.07,22188.22,22278.22,15037.08,18,81,81,18,63817.34,63785.49,,
2026-06-22T05:53:44+08:00,btc-updown-5m-1782078600,https://polymarket.com/zh/event/btc-updown-5m-1782078600,05:50-05:55,20.00,81.00,19.00,80.00,801.72,71.42,82.53,743.48,19.50,80.50,1.00,1.00,14990.42,21993.22,22098.22,14990.42,19,80,80,19,63817.34,63785.75,,
2026-06-22T05:53:46+08:00,btc-updown-5m-1782078600,https://polymarket.com/zh/event/btc-updown-5m-1782078600,05:50-05:55,6.00,95.00,5.00,94.00,170.13,615.33,585.45,138.13,5.50,94.50,1.00,1.00,15133.79,22003.23,22003.22,15054.30,5,94,94,5,63817.34,63775.34,,
2026-06-22T05:53:48+08:00,btc-updown-5m-1782078600,https://polymarket.com/zh/event/btc-updown-5m-1782078600,05:50-05:55,6.00,95.00,5.00,94.00,154.49,499.38,510.54,223.48,5.50,94.50,1.00,1.00,16359.00,22003.22,22113.23,16344.84,5,94,94,5,63817.34,63771.30,,
2026-06-22T05:53:50+08:00,btc-updown-5m-1782078600,https://polymarket.com/zh/event/btc-updown-5m-1782078600,05:50-05:55,13.00,87.00,12.00,86.00,18.39,445.35,785.97,75.94,12.50,86.50,1.00,1.00,14067.36,21858.95,21953.94,13999.03,12,87,86,13,63817.34,63776.01,,
2026-06-22T05:53:52+08:00,btc-updown-5m-1782078600,https://polymarket.com/zh/event/btc-updown-5m-1782078600,05:50-05:55,14.00,87.00,13.00,86.00,696.44,30.00,30.00,694.70,13.50,86.50,1.00,1.00,14483.03,21358.94,21343.95,14488.03,13,86,86,13,63817.34,63781.68,,
2026-06-22T05:53:54+08:00,btc-updown-5m-1782078600,https://polymarket.com/zh/event/btc-updown-5m-1782078600,05:50-05:55,13.00,88.00,12.00,87.00,464.19,21.94,21.94,463.12,12.50,87.50,1.00,1.00,14549.03,21348.94,21348.94,14549.03,12,87,87,12,63817.34,63781.67,,
2026-06-22T05:53:56+08:00,btc-updown-5m-1782078600,https://polymarket.com/zh/event/btc-updown-5m-1782078600,05:50-05:55,13.00,88.00,12.00,87.00,549.64,30.00,46.00,573.64,12.50,87.50,1.00,1.00,14859.03,21438.94,21358.94,13536.03,12,87,87,12,63817.34,63781.67,,
2026-06-22T05:53:57+08:00,btc-updown-5m-1782078600,https://polymarket.com/zh/event/btc-updown-5m-1782078600,05:50-05:55,12.00,89.00,11.00,88.00,279.89,125.01,159.91,278.09,11.50,88.50,1.00,1.00,13717.52,21343.94,21443.94,13722.52,11,88,88,11,63817.34,63781.67,,
2026-06-22T05:53:59+08:00,btc-updown-5m-1782078600,https://polymarket.com/zh/event/btc-updown-5m-1782078600,05:50-05:55,12.00,89.00,11.00,88.00,529.30,54.20,74.20,527.30,11.50,88.50,1.00,1.00,14096.52,21448.94,21343.94,14096.52,11,88,88,11,63817.34,63781.67,,
2026-06-22T05:54:01+08:00,btc-updown-5m-1782078600,https://polymarket.com/zh/event/btc-updown-5m-1782078600,05:50-05:55,11.00,90.00,10.00,89.00,56.20,334.36,408.86,61.20,10.50,89.50,1.00,1.00,14117.23,21718.94,21828.94,14112.23,10,89,89,10,63817.34,63781.67,,
2026-06-22T05:54:05+08:00,btc-updown-5m-1782078600,https://polymarket.com/zh/event/btc-updown-5m-1782078600,05:50-05:55,13.00,91.00,12.00,90.00,771.55,804.08,60.00,85.00,12.50,90.50,1.00,1.00,14117.23,21833.94,21748.94,13989.23,12,87,90,9,63817.34,63781.68,,
2026-06-22T05:54:07+08:00,btc-updown-5m-1782078600,https://polymarket.com/zh/event/btc-updown-5m-1782078600,05:50-05:55,10.00,91.00,9.00,90.00,15.00,814.29,813.86,28.88,9.50,90.50,1.00,1.00,14424.84,21753.95,21738.94,14407.84,9,90,90,9,63817.34,63781.68,,
2026-06-22T05:54:09+08:00,btc-updown-5m-1782078600,https://polymarket.com/zh/event/btc-updown-5m-1782078600,05:50-05:55,11.00,90.00,10.00,89.00,499.95,44.88,44.88,581.04,10.50,89.50,1.00,1.00,14355.73,21733.94,21743.95,14347.73,10,89,89,10,63817.34,63781.67,,
2026-06-22T05:54:11+08:00,btc-updown-5m-1782078600,https://polymarket.com/zh/event/btc-updown-5m-1782078600,05:50-05:55,5.00,96.00,4.00,95.00,239.06,86.07,200.07,377.57,4.50,95.50,1.00,1.00,12354.25,21833.94,21743.94,12327.80,4,95,95,4,63817.34,63771.30,,
2026-06-22T05:54:13+08:00,btc-updown-5m-1782078600,https://polymarket.com/zh/event/btc-updown-5m-1782078600,05:50-05:55,4.00,97.00,3.00,96.00,326.37,404.03,414.04,326.37,3.50,96.50,1.00,1.00,13837.35,21828.44,21813.44,13827.34,3,96,96,3,63817.34,63771.30,,
2026-06-22T05:54:15+08:00,btc-updown-5m-1782078600,https://polymarket.com/zh/event/btc-updown-5m-1782078600,05:50-05:55,3.00,98.00,2.00,97.00,265.92,1175.47,1166.50,269.44,2.50,97.50,1.00,1.00,12494.73,21733.44,21818.44,12503.70,2,97,97,2,63817.34,63767.25,,
2026-06-22T05:54:17+08:00,btc-updown-5m-1782078600,https://polymarket.com/zh/event/btc-updown-5m-1782078600,05:50-05:55,3.00,98.00,2.00,97.00,599.04,1084.63,1086.63,599.04,2.50,97.50,1.00,1.00,11984.95,21713.44,21693.44,11982.95,2,97,97,2,63817.34,63765.01,,
2026-06-22T05:54:18+08:00,btc-updown-5m-1782078600,https://polymarket.com/zh/event/btc-updown-5m-1782078600,05:50-05:55,2.00,99.00,1.00,98.00,395.52,10838.49,10895.59,374.96,1.50,98.50,1.00,1.00,10895.59,21492.80,21387.81,10838.49,1,98,98,1,63817.34,63765.01,,
2026-06-22T05:54:20+08:00,btc-updown-5m-1782078600,https://polymarket.com/zh/event/btc-updown-5m-1782078600,05:50-05:55,2.00,99.00,1.00,98.00,104.94,11156.75,11160.76,122.11,1.50,98.50,1.00,1.00,11160.76,21522.80,21507.80,11156.75,1,98,98,1,63817.34,63765.01,,
2026-06-22T05:54:22+08:00,btc-updown-5m-1782078600,https://polymarket.com/zh/event/btc-updown-5m-1782078600,05:50-05:55,2.00,99.00,1.00,98.00,329.44,5516.25,5466.25,322.44,1.50,98.50,1.00,1.00,5466.25,21397.80,21382.80,5516.25,1,98,98,1,63817.34,63763.81,,
2026-06-22T05:54:24+08:00,btc-updown-5m-1782078600,https://polymarket.com/zh/event/btc-updown-5m-1782078600,05:50-05:55,2.00,99.00,1.00,98.00,786.01,5085.34,5085.34,813.56,1.50,98.50,1.00,1.00,5085.34,21407.81,21489.65,5085.34,1,98,98,1,63817.34,63759.16,,
2026-06-22T05:54:26+08:00,btc-updown-5m-1782078600,https://polymarket.com/zh/event/btc-updown-5m-1782078600,05:50-05:55,2.00,99.00,1.00,98.00,693.65,4825.92,4884.78,852.69,1.50,98.50,1.00,1.00,4884.78,21497.80,21394.65,4825.92,1,98,98,1,63817.34,63759.15,,
2026-06-22T05:54:28+08:00,btc-updown-5m-1782078600,https://polymarket.com/zh/event/btc-updown-5m-1782078600,05:50-05:55,2.00,99.00,1.00,98.00,918.19,4731.33,4739.27,891.84,1.50,98.50,1.00,1.00,4739.27,21509.65,21592.80,4731.33,1,98,98,1,63817.34,63755.10,,
2026-06-22T05:54:30+08:00,btc-updown-5m-1782078600,https://polymarket.com/zh/event/btc-updown-5m-1782078600,05:50-05:55,2.00,99.00,1.00,98.00,688.49,4514.05,4569.62,864.66,1.50,98.50,1.00,1.00,4569.62,21247.80,21216.33,4514.05,1,98,98,1,63817.34,63755.10,,
2026-06-22T05:54:32+08:00,btc-updown-5m-1782078600,https://polymarket.com/zh/event/btc-updown-5m-1782078600,05:50-05:55,2.00,99.00,1.00,98.00,1225.13,3304.22,3308.77,1251.00,1.50,98.50,1.00,1.00,3308.77,21261.32,21249.47,3304.22,1,98,98,1,63817.34,63755.10,,
2026-06-22T05:54:34+08:00,btc-updown-5m-1782078600,https://polymarket.com/zh/event/btc-updown-5m-1782078600,05:50-05:55,2.00,99.00,1.00,98.00,1778.46,2675.14,2694.14,1629.42,1.50,98.50,1.00,1.00,2694.14,21246.32,21254.47,2675.14,1,98,98,1,63817.34,63755.10,,
2026-06-22T05:54:36+08:00,btc-updown-5m-1782078600,https://polymarket.com/zh/event/btc-updown-5m-1782078600,05:50-05:55,2.00,99.00,1.00,98.00,1516.07,2341.43,2341.43,1668.33,1.50,98.50,1.00,1.00,2341.43,20592.48,20589.33,2341.43,1,98,98,1,63817.34,63755.10,,
2026-06-22T05:54:37+08:00,btc-updown-5m-1782078600,https://polymarket.com/zh/event/btc-updown-5m-1782078600,05:50-05:55,2.00,99.00,1.00,98.00,1685.10,2116.85,2152.87,1685.10,1.50,98.50,1.00,1.00,2152.87,20599.34,20594.33,2116.85,1,98,98,1,63817.34,63755.10,,
2026-06-22T05:54:39+08:00,btc-updown-5m-1782078600,https://polymarket.com/zh/event/btc-updown-5m-1782078600,05:50-05:55,2.00,99.00,1.00,98.00,1863.13,1839.93,1924.93,1857.99,1.50,98.50,1.00,1.00,1924.93,20609.34,20592.48,1839.93,1,98,98,1,63817.34,63755.10,,
2026-06-22T05:54:41+08:00,btc-updown-5m-1782078600,https://polymarket.com/zh/event/btc-updown-5m-1782078600,05:50-05:55,1.00,,,99.00,2744.47,,,2862.47,,,,,,20467.48,20454.33,,0,99,99,0,63817.34,63752.39,,
2026-06-22T05:54:43+08:00,btc-updown-5m-1782078600,https://polymarket.com/zh/event/btc-updown-5m-1782078600,05:50-05:55,1.00,,,99.00,6328.59,,,12336.60,,,,,,20462.48,20454.33,,0,99,99,0,63817.34,63750.81,,
2026-06-22T05:54:45+08:00,btc-updown-5m-1782078600,https://polymarket.com/zh/event/btc-updown-5m-1782078600,05:50-05:55,1.00,,,99.00,14192.39,,,14192.39,,,,,,19664.84,19653.00,,0,81,82,0,63817.34,63743.88,,
2026-06-22T05:54:47+08:00,btc-updown-5m-1782078600,https://polymarket.com/zh/event/btc-updown-5m-1782078600,05:50-05:55,1.00,,,99.00,18727.07,,,18727.07,,,,,,19664.84,19642.99,,0,81,81,0,63817.34,63743.88,,
2026-06-22T05:54:49+08:00,btc-updown-5m-1782078600,https://polymarket.com/zh/event/btc-updown-5m-1782078600,05:50-05:55,1.00,,,99.00,24156.74,,,24191.74,,,,,,19659.84,19647.99,,0,80,80,0,63817.34,63734.84,,
2026-06-22T05:54:51+08:00,btc-updown-5m-1782078600,https://polymarket.com/zh/event/btc-updown-5m-1782078600,05:50-05:55,1.00,,,99.00,24934.06,,,25749.21,,,,,,11822.99,11824.84,,0,78,78,0,63817.34,63730.80,,
2026-06-22T05:54:53+08:00,btc-updown-5m-1782078600,https://polymarket.com/zh/event/btc-updown-5m-1782078600,05:50-05:55,1.00,,,99.00,27947.21,,,28247.21,,,,,,11824.84,11832.99,,0,78,78,0,63817.34,63730.80,,
2026-06-22T05:54:55+08:00,btc-updown-5m-1782078600,https://polymarket.com/zh/event/btc-updown-5m-1782078600,05:50-05:55,1.00,,,99.00,27680.61,,,32733.46,,,,,,11817.99,11819.84,,0,73,73,0,63817.34,63730.80,,
2026-06-22T05:54:57+08:00,btc-updown-5m-1782078600,https://polymarket.com/zh/event/btc-updown-5m-1782078600,05:50-05:55,1.00,,,99.00,43691.11,,,43709.11,,,,,,11803.00,11797.99,,0,73,73,0,63817.34,63730.80,,
2026-06-22T05:54:58+08:00,btc-updown-5m-1782078600,https://polymarket.com/zh/event/btc-updown-5m-1782078600,05:50-05:55,1.00,,,99.00,45611.85,,,45738.85,,,,,,11819.84,11817.99,,0,79,79,0,63817.34,63730.80,,
2026-06-22T05:55:01+08:00,btc-updown-5m-1782078900,https://polymarket.com/zh/event/btc-updown-5m-1782078900,05:55-06:00,52.00,49.00,51.00,48.00,180.47,151.43,151.43,180.47,51.50,48.50,1.00,1.00,34381.82,34053.11,22435.11,22768.82,51,48,48,51,63732.50,63732.50,,
2026-06-22T05:55:03+08:00,btc-updown-5m-1782078900,https://polymarket.com/zh/event/btc-updown-5m-1782078900,05:55-06:00,51.00,50.00,50.00,49.00,212.82,121.00,121.00,212.82,50.50,49.50,1.00,1.00,23252.16,22818.46,22813.46,23257.16,50,49,49,50,63732.50,63732.50,,
2026-06-22T05:55:04+08:00,btc-updown-5m-1782078900,https://polymarket.com/zh/event/btc-updown-5m-1782078900,05:55-06:00,51.00,50.00,50.00,49.00,188.34,99.84,88.00,174.67,50.50,49.50,1.00,1.00,23277.16,22813.46,22818.46,23262.16,50,49,49,50,63732.50,63732.50,,
2026-06-22T05:55:06+08:00,btc-updown-5m-1782078900,https://polymarket.com/zh/event/btc-updown-5m-1782078900,05:55-06:00,52.00,49.00,51.00,48.00,111.41,124.34,154.34,131.41,51.50,48.50,1.00,1.00,23262.16,22813.46,22818.46,23257.16,51,48,48,51,63732.50,63732.50,,
2026-06-22T05:55:08+08:00,btc-updown-5m-1782078900,https://polymarket.com/zh/event/btc-updown-5m-1782078900,05:55-06:00,48.00,53.00,47.00,52.00,388.46,244.27,227.42,335.46,47.50,52.50,1.00,1.00,21162.16,22853.46,22873.47,21167.16,47,52,52,47,63732.50,63730.80,,
2026-06-22T05:55:10+08:00,btc-updown-5m-1782078900,https://polymarket.com/zh/event/btc-updown-5m-1782078900,05:55-06:00,48.00,53.00,47.00,52.00,356.25,195.32,234.55,391.25,47.50,52.50,1.00,1.00,21227.16,20873.46,20893.46,21227.16,47,52,52,47,63732.50,63730.80,,
2026-06-22T05:55:12+08:00,btc-updown-5m-1782078900,https://polymarket.com/zh/event/btc-updown-5m-1782078900,05:55-06:00,48.00,53.00,47.00,52.00,416.98,127.53,142.53,399.31,47.50,52.50,1.00,1.00,21414.16,21125.47,21115.46,21414.16,47,52,52,47,63732.50,63730.80,,
2026-06-22T05:55:14+08:00,btc-updown-5m-1782078900,https://polymarket.com/zh/event/btc-updown-5m-1782078900,05:55-06:00,50.00,51.00,49.00,50.00,70.07,594.86,501.86,70.07,49.50,50.50,1.00,1.00,21424.16,21135.46,21125.46,21419.16,49,50,50,49,63732.50,63730.80,,
2026-06-22T05:55:16+08:00,btc-updown-5m-1782078900,https://polymarket.com/zh/event/btc-updown-5m-1782078900,05:55-06:00,50.00,51.00,49.00,50.00,22.00,558.71,585.88,22.00,49.50,50.50,1.00,1.00,21424.16,21135.47,21150.47,21429.16,49,50,50,49,63732.50,63730.80,,
2026-06-22T05:55:18+08:00,btc-updown-5m-1782078900,https://polymarket.com/zh/event/btc-updown-5m-1782078900,05:55-06:00,51.00,50.00,50.00,49.00,344.24,581.18,459.93,364.24,50.50,49.50,1.00,1.00,21434.16,21150.47,21135.47,21434.17,50,49,49,50,63732.50,63730.81,,
2026-06-22T05:55:20+08:00,btc-updown-5m-1782078900,https://polymarket.com/zh/event/btc-updown-5m-1782078900,05:55-06:00,51.00,50.00,50.00,49.00,330.49,529.24,524.28,335.49,50.50,49.50,1.00,1.00,21434.16,21135.47,21140.47,21419.16,50,49,49,50,63732.50,63730.80,,
2026-06-22T05:55:22+08:00,btc-updown-5m-1782078900,https://polymarket.com/zh/event/btc-updown-5m-1782078900,05:55-06:00,51.00,50.00,50.00,49.00,283.27,506.52,498.02,283.27,50.50,49.50,1.00,1.00,22123.67,21757.27,21747.27,22113.66,50,49,49,50,63732.50,63730.80,,
2026-06-22T05:55:24+08:00,btc-updown-5m-1782078900,https://polymarket.com/zh/event/btc-updown-5m-1782078900,05:55-06:00,51.00,50.00,50.00,49.00,183.61,495.13,514.87,173.61,50.50,49.50,1.00,1.00,22664.29,22103.00,22113.00,22669.29,50,49,49,50,63732.50,63731.95,,
2026-06-22T05:55:25+08:00,btc-updown-5m-1782078900,https://polymarket.com/zh/event/btc-updown-5m-1782078900,05:55-06:00,51.00,50.00,50.00,49.00,241.64,35.00,222.52,309.41,50.50,49.50,1.00,1.00,22796.98,22602.59,22587.59,22801.98,50,49,49,50,63732.50,63731.95,,
2026-06-22T05:55:27+08:00,btc-updown-5m-1782078900,https://polymarket.com/zh/event/btc-updown-5m-1782078900,05:55-06:00,50.00,51.00,49.00,50.00,66.28,402.40,488.81,73.78,49.50,50.50,1.00,1.00,24943.98,22699.50,22774.20,24948.98,49,50,50,49,63732.50,63731.96,,
2026-06-22T05:55:29+08:00,btc-updown-5m-1782078900,https://polymarket.com/zh/event/btc-updown-5m-1782078900,05:55-06:00,50.00,51.00,49.00,50.00,67.37,597.07,556.07,67.37,49.50,50.50,1.00,1.00,24998.68,22759.20,22764.20,25008.68,49,50,50,49,63732.50,63731.95,,
2026-06-22T05:55:31+08:00,btc-updown-5m-1782078900,https://polymarket.com/zh/event/btc-updown-5m-1782078900,05:55-06:00,51.00,50.00,50.00,49.00,352.17,201.00,178.28,462.43,50.50,49.50,1.00,1.00,25018.68,22764.20,22759.20,25013.68,50,49,49,50,63732.50,63731.95,,
2026-06-22T05:55:33+08:00,btc-updown-5m-1782078900,https://polymarket.com/zh/event/btc-updown-5m-1782078900,05:55-06:00,51.00,50.00,50.00,49.00,182.73,363.04,384.63,182.73,50.50,49.50,1.00,1.00,25013.68,22764.20,22749.20,25008.69,50,49,49,50,63732.50,63731.96,,
2026-06-22T05:55:35+08:00,btc-updown-5m-1782078900,https://polymarket.com/zh/event/btc-updown-5m-1782078900,05:55-06:00,51.00,50.00,50.00,49.00,27.50,740.50,643.05,20.00,50.50,49.50,1.00,1.00,25008.69,22754.20,22764.20,25013.68,50,49,49,50,63732.50,63731.95,,
2026-06-22T05:55:37+08:00,btc-updown-5m-1782078900,https://polymarket.com/zh/event/btc-updown-5m-1782078900,05:55-06:00,52.00,49.00,51.00,48.00,382.77,403.20,397.54,382.77,51.50,48.50,1.00,1.00,25023.68,22759.20,22759.20,24998.68,51,48,48,51,63732.50,63731.95,,
2026-06-22T05:55:39+08:00,btc-updown-5m-1782078900,https://polymarket.com/zh/event/btc-updown-5m-1782078900,05:55-06:00,52.00,49.00,51.00,48.00,779.15,80.00,123.87,826.96,51.50,48.50,1.00,1.00,25208.68,22759.20,22749.20,25208.68,51,48,48,51,63732.50,63731.95,,
2026-06-22T05:55:41+08:00,btc-updown-5m-1782078900,https://polymarket.com/zh/event/btc-updown-5m-1782078900,05:55-06:00,47.00,54.00,46.00,53.00,746.08,181.43,181.43,664.54,46.50,53.50,1.00,1.00,25203.68,22754.20,22769.20,25218.68,46,53,53,46,63732.50,63726.75,,
2026-06-22T05:55:43+08:00,btc-updown-5m-1782078900,https://polymarket.com/zh/event/btc-updown-5m-1782078900,05:55-06:00,44.00,57.00,43.00,56.00,785.69,80.23,122.23,830.69,43.50,56.50,1.00,1.00,25198.68,22754.20,22759.21,25198.68,43,56,56,43,63732.50,63724.18,,
2026-06-22T05:55:44+08:00,btc-updown-5m-1782078900,https://polymarket.com/zh/event/btc-updown-5m-1782078900,05:55-06:00,43.00,58.00,42.00,57.00,508.19,916.67,861.68,496.19,42.50,57.50,1.00,1.00,25203.68,22759.20,22769.20,25208.68,42,57,57,42,63732.50,63724.17,,
2026-06-22T05:55:46+08:00,btc-updown-5m-1782078900,https://polymarket.com/zh/event/btc-updown-5m-1782078900,05:55-06:00,43.00,58.00,42.00,57.00,690.47,450.09,550.09,654.47,42.50,57.50,1.00,1.00,25213.68,22769.21,22764.20,25203.68,42,57,57,42,63732.50,63724.17,,
2026-06-22T05:55:48+08:00,btc-updown-5m-1782078900,https://polymarket.com/zh/event/btc-updown-5m-1782078900,05:55-06:00,42.00,59.00,41.00,58.00,768.40,21.00,21.00,831.22,41.50,58.50,1.00,1.00,25208.68,22749.20,22769.20,25268.68,41,58,58,41,63732.50,63718.67,,
2026-06-22T05:55:50+08:00,btc-updown-5m-1782078900,https://polymarket.com/zh/event/btc-updown-5m-1782078900,05:55-06:00,35.00,66.00,34.00,65.00,473.13,133.90,151.17,774.04,34.50,65.50,1.00,1.00,25353.68,22764.20,22764.21,25348.68,34,65,65,34,63732.50,63714.60,,
2026-06-22T05:55:52+08:00,btc-updown-5m-1782078900,https://polymarket.com/zh/event/btc-updown-5m-1782078900,05:55-06:00,31.00,70.00,30.00,69.00,653.41,51.71,51.71,597.05,30.50,69.50,1.00,1.00,26082.68,22774.20,22764.20,26077.68,30,69,69,30,63732.50,63698.41,,
2026-06-22T05:55:54+08:00,btc-updown-5m-1782078900,https://polymarket.com/zh/event/btc-updown-5m-1782078900,05:55-06:00,29.00,72.00,28.00,71.00,399.18,991.16,810.03,402.66,28.50,71.50,1.00,1.00,26082.68,22769.20,22784.20,25992.68,28,71,71,28,63732.50,63697.99,,
2026-06-22T05:55:56+08:00,btc-updown-5m-1782078900,https://polymarket.com/zh/event/btc-updown-5m-1782078900,05:55-06:00,30.00,72.00,29.00,71.00,769.57,816.81,31.00,220.91,29.50,71.50,1.00,1.00,26027.68,22769.20,22779.20,26022.68,29,70,71,28,63732.50,63697.99,,
2026-06-22T05:55:58+08:00,btc-updown-5m-1782078900,https://polymarket.com/zh/event/btc-updown-5m-1782078900,05:55-06:00,31.00,70.00,30.00,69.00,99.87,674.06,677.06,99.87,30.50,69.50,1.00,1.00,25852.68,22774.20,22774.20,25862.68,30,69,69,30,63732.50,63698.00,,
2026-06-22T05:56:00+08:00,btc-updown-5m-1782078900,https://polymarket.com/zh/event/btc-updown-5m-1782078900,05:55-06:00,32.00,69.00,31.00,68.00,1077.00,332.88,488.44,1211.42,31.50,68.50,1.00,1.00,25857.68,29684.20,29674.20,25852.68,31,68,68,31,63732.50,63701.12,,
2026-06-22T05:56:02+08:00,btc-updown-5m-1782078900,https://polymarket.com/zh/event/btc-updown-5m-1782078900,05:55-06:00,32.00,69.00,31.00,68.00,429.65,654.31,679.15,423.87,31.50,68.50,1.00,1.00,26135.68,29674.20,29684.20,25740.68,31,68,68,31,63732.50,63701.12,,
2026-06-22T05:56:04+08:00,btc-updown-5m-1782078900,https://polymarket.com/zh/event/btc-updown-5m-1782078900,05:55-06:00,32.00,69.00,31.00,68.00,338.23,585.25,592.25,348.23,31.50,68.50,1.00,1.00,25730.68,29674.20,29669.20,25735.68,31,68,68,31,63732.50,63703.60,,
2026-06-22T05:56:06+08:00,btc-updown-5m-1782078900,https://polymarket.com/zh/event/btc-updown-5m-1782078900,05:55-06:00,33.00,68.00,32.00,67.00,703.38,244.80,215.80,695.38,32.50,67.50,1.00,1.00,25740.68,29674.20,29669.20,25735.68,32,67,67,32,63732.50,63703.60,,
2026-06-22T05:56:07+08:00,btc-updown-5m-1782078900,https://polymarket.com/zh/event/btc-updown-5m-1782078900,05:55-06:00,33.00,68.00,32.00,67.00,455.12,350.82,345.82,460.12,32.50,67.50,1.00,1.00,24837.68,28776.20,28791.20,24852.68,32,67,67,32,63732.50,63703.60,,
2026-06-22T05:56:09+08:00,btc-updown-5m-1782078900,https://polymarket.com/zh/event/btc-updown-5m-1782078900,05:55-06:00,34.00,67.00,33.00,66.00,159.94,586.21,538.20,169.94,33.50,66.50,1.00,1.00,24857.68,28781.20,28776.20,24842.68,33,66,66,33,63732.50,63706.16,,
2026-06-22T05:56:11+08:00,btc-updown-5m-1782078900,https://polymarket.com/zh/event/btc-updown-5m-1782078900,05:55-06:00,34.00,67.00,33.00,66.00,325.40,648.01,620.37,244.88,33.50,66.50,1.00,1.00,24842.68,28781.21,28786.20,24857.68,33,66,66,33,63732.50,63706.17,,
2026-06-22T05:56:13+08:00,btc-updown-5m-1782078900,https://polymarket.com/zh/event/btc-updown-5m-1782078900,05:55-06:00,34.00,67.00,33.00,66.00,64.19,666.69,629.38,72.71,33.50,66.50,1.00,1.00,24847.68,28801.35,28786.35,24842.68,33,66,66,33,63732.50,63706.16,,
2026-06-22T05:56:15+08:00,btc-updown-5m-1782078900,https://polymarket.com/zh/event/btc-updown-5m-1782078900,05:55-06:00,35.00,66.00,34.00,65.00,69.50,1058.68,995.68,54.50,34.50,65.50,1.00,1.00,24942.68,28801.35,28791.35,24937.68,34,65,65,34,63732.50,63706.16,,
2026-06-22T05:56:17+08:00,btc-updown-5m-1782078900,https://polymarket.com/zh/event/btc-updown-5m-1782078900,05:55-06:00,38.00,64.00,37.00,63.00,368.06,62.22,507.39,316.50,37.50,63.50,1.00,1.00,24942.68,28791.35,28801.35,24952.68,37,62,63,36,63732.50,63706.16,,
2026-06-22T05:56:19+08:00,btc-updown-5m-1782078900,https://polymarket.com/zh/event/btc-updown-5m-1782078900,05:55-06:00,36.00,65.00,35.00,64.00,140.61,919.65,978.69,198.11,35.50,64.50,1.00,1.00,24947.68,28806.36,28791.35,24937.68,35,64,64,35,63732.50,63708.10,,
2026-06-22T05:56:21+08:00,btc-updown-5m-1782078900,https://polymarket.com/zh/event/btc-updown-5m-1782078900,05:55-06:00,36.00,65.00,35.00,64.00,53.00,961.46,966.46,53.00,35.50,64.50,1.00,1.00,24937.68,28791.35,28806.36,24852.68,35,64,64,35,63732.50,63708.09,,
2026-06-22T05:56:23+08:00,btc-updown-5m-1782078900,https://polymarket.com/zh/event/btc-updown-5m-1782078900,05:55-06:00,37.00,64.00,36.00,63.00,251.08,639.67,607.67,251.08,36.50,63.50,1.00,1.00,29947.68,28801.35,28796.35,29937.68,36,63,63,36,63732.50,63709.18,,
2026-06-22T05:56:24+08:00,btc-updown-5m-1782078900,https://polymarket.com/zh/event/btc-updown-5m-1782078900,05:55-06:00,37.00,64.00,36.00,63.00,385.67,465.84,471.49,398.67,36.50,63.50,1.00,1.00,29957.68,28801.35,28796.35,29947.68,36,63,63,36,63732.50,63709.18,,
2026-06-22T05:56:26+08:00,btc-updown-5m-1782078900,https://polymarket.com/zh/event/btc-updown-5m-1782078900,05:55-06:00,37.00,64.00,36.00,63.00,387.24,468.62,453.62,392.24,36.50,63.50,1.00,1.00,29947.68,28791.36,28791.35,29952.68,36,63,63,36,63732.50,63709.17,,
2026-06-22T05:56:28+08:00,btc-updown-5m-1782078900,https://polymarket.com/zh/event/btc-updown-5m-1782078900,05:55-06:00,37.00,64.00,36.00,63.00,145.50,566.82,553.71,145.50,36.50,63.50,1.00,1.00,29347.68,28191.35,28211.36,29357.68,36,63,63,36,63732.50,63709.17,,
2026-06-22T05:56:30+08:00,btc-updown-5m-1782078900,https://polymarket.com/zh/event/btc-updown-5m-1782078900,05:55-06:00,37.00,64.00,36.00,63.00,170.50,657.48,552.20,170.50,36.50,63.50,1.00,1.00,29357.68,28201.35,28191.35,29347.68,36,63,63,36,63732.50,63709.17,,
2026-06-22T05:56:32+08:00,btc-updown-5m-1782078900,https://polymarket.com/zh/event/btc-updown-5m-1782078900,05:55-06:00,37.00,64.00,36.00,63.00,170.50,603.90,634.90,165.50,36.50,63.50,1.00,1.00,28338.68,27272.36,27272.35,28328.68,36,63,63,36,63732.50,63709.18,,
2026-06-22T05:56:34+08:00,btc-updown-5m-1782078900,https://polymarket.com/zh/event/btc-updown-5m-1782078900,05:55-06:00,37.00,64.00,36.00,63.00,271.98,655.99,654.81,269.55,36.50,63.50,1.00,1.00,28349.68,27283.35,27268.35,28344.68,36,63,63,36,63732.50,63709.17,,
2026-06-22T05:56:36+08:00,btc-updown-5m-1782078900,https://polymarket.com/zh/event/btc-updown-5m-1782078900,05:55-06:00,37.00,64.00,36.00,63.00,155.36,651.51,581.48,112.34,36.50,63.50,1.00,1.00,28334.68,27283.36,27288.35,28344.68,36,63,63,36,63732.50,63709.17,,
2026-06-22T05:56:38+08:00,btc-updown-5m-1782078900,https://polymarket.com/zh/event/btc-updown-5m-1782078900,05:55-06:00,38.00,63.00,37.00,62.00,511.03,247.24,272.24,521.03,37.50,62.50,1.00,1.00,28339.68,27278.35,27283.36,28334.68,37,62,62,37,63732.50,63709.17,,
2026-06-22T05:56:40+08:00,btc-updown-5m-1782078900,https://polymarket.com/zh/event/btc-updown-5m-1782078900,05:55-06:00,38.00,63.00,37.00,62.00,567.05,45.00,161.24,778.46,37.50,62.50,1.00,1.00,28339.68,27283.36,27278.35,28344.68,37,62,62,37,63732.50,63709.49,,
2026-06-22T05:56:41+08:00,btc-updown-5m-1782078900,https://polymarket.com/zh/event/btc-updown-5m-1782078900,05:55-06:00,38.00,63.00,37.00,62.00,376.71,676.76,450.24,220.18,37.50,62.50,1.00,1.00,28764.68,27273.35,27273.35,28739.68,37,62,62,37,63732.50,63709.49,,
2026-06-22T05:56:43+08:00,btc-updown-5m-1782078900,https://polymarket.com/zh/event/btc-updown-5m-1782078900,05:55-06:00,38.00,63.00,37.00,62.00,99.20,677.41,677.44,99.20,37.50,62.50,1.00,1.00,28734.68,27183.49,27193.49,28744.68,37,62,62,37,63732.50,63709.49,,
2026-06-22T05:56:45+08:00,btc-updown-5m-1782078900,https://polymarket.com/zh/event/btc-updown-5m-1782078900,05:55-06:00,38.00,63.00,37.00,62.00,241.72,533.13,532.13,241.72,37.50,62.50,1.00,1.00,28754.68,27188.49,27178.49,28734.68,37,62,62,37,63732.50,63709.49,,
2026-06-22T05:56:47+08:00,btc-updown-5m-1782078900,https://polymarket.com/zh/event/btc-updown-5m-1782078900,05:55-06:00,38.00,63.00,37.00,62.00,57.85,760.69,776.58,52.58,37.50,62.50,1.00,1.00,28624.68,27183.49,27188.50,28644.68,37,62,62,37,63732.50,63709.77,,
2026-06-22T05:56:49+08:00,btc-updown-5m-1782078900,https://polymarket.com/zh/event/btc-updown-5m-1782078900,05:55-06:00,39.00,62.00,38.00,61.00,840.31,270.16,270.16,793.77,38.50,61.50,1.00,1.00,29939.68,27198.50,27188.49,29934.68,38,61,61,38,63732.50,63712.45,,
2026-06-22T05:56:51+08:00,btc-updown-5m-1782078900,https://polymarket.com/zh/event/btc-updown-5m-1782078900,05:55-06:00,39.00,62.00,38.00,61.00,832.31,91.60,91.60,881.53,38.50,61.50,1.00,1.00,29929.68,27173.49,27193.49,29939.68,38,61,61,38,63732.50,63713.02,,
2026-06-22T05:56:53+08:00,btc-updown-5m-1782078900,https://polymarket.com/zh/event/btc-updown-5m-1782078900,05:55-06:00,39.00,62.00,38.00,61.00,973.80,111.10,111.60,970.75,38.50,61.50,1.00,1.00,29634.68,27178.49,27173.49,29639.68,38,61,61,38,63732.50,63713.02,,
2026-06-22T05:56:55+08:00,btc-updown-5m-1782078900,https://polymarket.com/zh/event/btc-updown-5m-1782078900,05:55-06:00,38.00,63.00,37.00,62.00,629.61,240.39,228.39,608.61,37.50,62.50,1.00,1.00,29529.68,27183.49,27198.50,29544.68,37,62,62,37,63732.50,63713.02,,
2026-06-22T05:56:57+08:00,btc-updown-5m-1782078900,https://polymarket.com/zh/event/btc-updown-5m-1782078900,05:55-06:00,38.00,63.00,37.00,62.00,608.61,284.34,249.34,603.61,37.50,62.50,1.00,1.00,29427.68,27188.49,27178.50,29432.68,37,62,62,37,63732.50,63713.02,,
2026-06-22T05:56:59+08:00,btc-updown-5m-1782078900,https://polymarket.com/zh/event/btc-updown-5m-1782078900,05:55-06:00,38.00,63.00,37.00,62.00,793.01,159.80,159.80,795.01,37.50,62.50,1.00,1.00,29422.68,27183.49,27193.49,29437.68,37,62,62,37,63732.50,63713.02,,
2026-06-22T05:57:00+08:00,btc-updown-5m-1782078900,https://polymarket.com/zh/event/btc-updown-5m-1782078900,05:55-06:00,37.00,64.00,36.00,63.00,296.33,657.72,545.72,250.33,36.50,63.50,1.00,1.00,29527.68,27163.49,27183.50,29537.68,36,63,63,36,63732.50,63713.02,,
2026-06-22T05:57:02+08:00,btc-updown-5m-1782078900,https://polymarket.com/zh/event/btc-updown-5m-1782078900,05:55-06:00,37.00,64.00,36.00,63.00,216.90,684.70,659.70,216.90,36.50,63.50,1.00,1.00,29519.68,27078.49,27068.49,29514.68,36,63,63,36,63732.50,63716.10,,
2026-06-22T05:57:04+08:00,btc-updown-5m-1782078900,https://polymarket.com/zh/event/btc-updown-5m-1782078900,05:55-06:00,37.00,64.00,36.00,63.00,273.08,243.24,236.24,357.59,36.50,63.50,1.00,1.00,29490.68,27054.49,27049.50,29490.68,36,63,63,36,63732.50,63716.11,,
2026-06-22T05:57:06+08:00,btc-updown-5m-1782078900,https://polymarket.com/zh/event/btc-updown-5m-1782078900,05:55-06:00,37.00,64.00,36.00,63.00,232.96,245.82,735.43,435.78,36.50,63.50,1.00,1.00,29350.68,27039.35,27049.35,29360.68,36,63,63,36,63732.50,63715.45,,
2026-06-22T05:57:08+08:00,btc-updown-5m-1782078900,https://polymarket.com/zh/event/btc-updown-5m-1782078900,05:55-06:00,36.00,65.00,35.00,64.00,76.20,973.18,989.18,54.51,35.50,64.50,1.00,1.00,29365.68,27059.36,27039.35,29345.68,35,64,64,35,63732.50,63715.46,,
2026-06-22T05:57:10+08:00,btc-updown-5m-1782078900,https://polymarket.com/zh/event/btc-updown-5m-1782078900,05:55-06:00,36.00,65.00,35.00,64.00,548.09,22.00,143.50,1045.22,35.50,64.50,1.00,1.00,29345.68,27039.35,27049.35,29505.68,35,64,64,35,63732.50,63715.45,,
2026-06-22T05:57:12+08:00,btc-updown-5m-1782078900,https://polymarket.com/zh/event/btc-updown-5m-1782078900,05:55-06:00,31.00,70.00,30.00,69.00,706.14,0.31,0.31,789.14,30.50,69.50,1.00,1.00,28700.68,27039.35,27049.35,28730.68,30,69,69,30,63732.50,63709.49,,
2026-06-22T05:57:14+08:00,btc-updown-5m-1782078900,https://polymarket.com/zh/event/btc-updown-5m-1782078900,05:55-06:00,30.00,71.00,29.00,70.00,582.72,186.00,186.00,577.42,29.50,70.50,1.00,1.00,28670.68,27044.35,26994.35,28620.68,29,70,70,29,63732.50,63707.22,,
2026-06-22T05:57:16+08:00,btc-updown-5m-1782078900,https://polymarket.com/zh/event/btc-updown-5m-1782078900,05:55-06:00,30.00,71.00,29.00,70.00,740.98,128.11,128.11,710.71,29.50,70.50,1.00,1.00,28645.68,26989.35,26994.35,28555.68,29,70,70,29,63732.50,63706.50,,
2026-06-22T05:57:17+08:00,btc-updown-5m-1782078900,https://polymarket.com/zh/event/btc-updown-5m-1782078900,05:55-06:00,27.00,74.00,26.00,73.00,179.98,100.50,177.06,672.62,26.50,73.50,1.00,1.00,28245.68,27004.35,26984.35,28550.68,26,73,73,26,63732.50,63702.69,,
2026-06-22T05:57:19+08:00,btc-updown-5m-1782078900,https://polymarket.com/zh/event/btc-updown-5m-1782078900,05:55-06:00,26.00,75.00,25.00,74.00,348.38,7.86,100.83,380.28,25.50,74.50,1.00,1.00,28645.68,26999.35,26994.35,28645.68,25,74,74,25,63732.50,63702.46,,
2026-06-22T05:57:21+08:00,btc-updown-5m-1782078900,https://polymarket.com/zh/event/btc-updown-5m-1782078900,05:55-06:00,26.00,75.00,25.00,74.00,475.33,54.86,49.86,458.47,25.50,74.50,1.00,1.00,28700.68,26989.35,27009.36,28695.68,25,74,74,25,63732.50,63702.47,,
2026-06-22T05:57:23+08:00,btc-updown-5m-1782078900,https://polymarket.com/zh/event/btc-updown-5m-1782078900,05:55-06:00,25.00,76.00,24.00,75.00,63.00,794.42,739.65,62.00,24.50,75.50,1.00,1.00,28150.68,27004.36,27004.36,28145.68,24,75,75,24,63732.50,63702.47,,
2026-06-22T05:57:25+08:00,btc-updown-5m-1782078900,https://polymarket.com/zh/event/btc-updown-5m-1782078900,05:55-06:00,25.00,76.00,24.00,75.00,202.35,651.91,491.36,99.08,24.50,75.50,1.00,1.00,28360.68,26899.35,26899.35,28160.68,24,75,75,24,63732.50,63701.97,,
2026-06-22T05:57:27+08:00,btc-updown-5m-1782078900,https://polymarket.com/zh/event/btc-updown-5m-1782078900,05:55-06:00,31.00,70.00,30.00,69.00,517.36,233.52,212.52,495.36,30.50,69.50,1.00,1.00,28270.91,26914.35,26899.35,28260.91,30,69,69,30,63732.50,63708.26,,
2026-06-22T05:57:29+08:00,btc-updown-5m-1782078900,https://polymarket.com/zh/event/btc-updown-5m-1782078900,05:55-06:00,31.00,70.00,30.00,69.00,475.32,552.28,454.28,454.32,30.50,69.50,1.00,1.00,28474.37,26904.35,26904.35,28464.37,30,69,69,30,63732.50,63710.30,,
2026-06-22T05:57:31+08:00,btc-updown-5m-1782078900,https://polymarket.com/zh/event/btc-updown-5m-1782078900,05:55-06:00,31.00,70.00,30.00,69.00,347.47,843.59,901.74,352.47,30.50,69.50,1.00,1.00,28467.37,26862.36,26862.35,28477.37,30,69,69,30,63732.50,63710.30,,
2026-06-22T05:57:33+08:00,btc-updown-5m-1782078900,https://polymarket.com/zh/event/btc-updown-5m-1782078900,05:55-06:00,31.00,70.00,30.00,69.00,479.42,382.88,506.93,479.42,30.50,69.50,1.00,1.00,28477.37,26867.35,26862.36,28467.37,30,69,69,30,63732.50,63710.30,,
2026-06-22T05:57:35+08:00,btc-updown-5m-1782078900,https://polymarket.com/zh/event/btc-updown-5m-1782078900,05:55-06:00,31.00,70.00,30.00,69.00,614.18,405.88,215.07,437.10,30.50,69.50,1.00,1.00,28361.37,26751.35,26751.35,28361.37,30,69,69,30,63732.50,63710.30,,
2026-06-22T05:57:36+08:00,btc-updown-5m-1782078900,https://polymarket.com/zh/event/btc-updown-5m-1782078900,05:55-06:00,31.00,70.00,30.00,69.00,777.56,122.03,122.03,740.10,30.50,69.50,1.00,1.00,28061.37,26756.35,26761.36,28066.37,30,69,69,30,63732.50,63710.30,,
2026-06-22T05:57:38+08:00,btc-updown-5m-1782078900,https://polymarket.com/zh/event/btc-updown-5m-1782078900,05:55-06:00,31.00,70.00,30.00,69.00,825.62,34.88,34.88,812.62,30.50,69.50,1.00,1.00,27971.37,26771.35,26761.35,27961.37,30,69,69,30,63732.50,63710.30,,
2026-06-22T05:57:40+08:00,btc-updown-5m-1782078900,https://polymarket.com/zh/event/btc-updown-5m-1782078900,05:55-06:00,31.00,70.00,30.00,69.00,859.72,43.65,43.65,844.36,30.50,69.50,1.00,1.00,27961.37,26766.36,26766.35,27971.37,30,69,69,30,63732.50,63710.30,,
2026-06-22T05:57:42+08:00,btc-updown-5m-1782078900,https://polymarket.com/zh/event/btc-updown-5m-1782078900,05:55-06:00,31.00,70.00,30.00,69.00,538.24,36.50,36.50,559.62,30.50,69.50,1.00,1.00,27976.37,26766.35,26756.36,27966.37,30,69,69,30,63732.50,63710.30,,
2026-06-22T05:57:44+08:00,btc-updown-5m-1782078900,https://polymarket.com/zh/event/btc-updown-5m-1782078900,05:55-06:00,31.00,70.00,30.00,69.00,218.92,612.60,638.60,248.92,30.50,69.50,1.00,1.00,27886.37,26676.35,26696.35,27901.37,30,69,69,30,63732.50,63710.30,,
2026-06-22T05:57:46+08:00,btc-updown-5m-1782078900,https://polymarket.com/zh/event/btc-updown-5m-1782078900,05:55-06:00,35.00,66.00,34.00,65.00,215.08,762.93,1106.03,210.05,34.50,65.50,1.00,1.00,29681.37,26681.35,26676.35,29676.37,34,65,65,34,63732.50,63714.59,,
2026-06-22T05:57:48+08:00,btc-updown-5m-1782078900,https://polymarket.com/zh/event/btc-updown-5m-1782078900,05:55-06:00,35.00,66.00,34.00,65.00,281.05,710.42,655.48,281.05,34.50,65.50,1.00,1.00,29691.37,26696.35,26686.35,29681.37,34,65,65,34,63732.50,63715.46,,
2026-06-22T05:57:50+08:00,btc-updown-5m-1782078900,https://polymarket.com/zh/event/btc-updown-5m-1782078900,05:55-06:00,36.00,65.00,35.00,64.00,383.36,512.46,356.26,343.36,35.50,64.50,1.00,1.00,29681.37,26681.35,26681.35,29476.37,35,64,64,35,63732.50,63718.06,,
2026-06-22T05:57:51+08:00,btc-updown-5m-1782078900,https://polymarket.com/zh/event/btc-updown-5m-1782078900,05:55-06:00,36.00,65.00,35.00,64.00,501.17,447.59,417.59,456.17,35.50,64.50,1.00,1.00,29176.37,26686.35,26686.36,29176.37,35,64,64,35,63732.50,63718.05,,
2026-06-22T05:57:53+08:00,btc-updown-5m-1782078900,https://polymarket.com/zh/event/btc-updown-5m-1782078900,05:55-06:00,36.00,65.00,35.00,64.00,837.15,74.56,104.56,859.61,35.50,64.50,1.00,1.00,29191.37,26696.35,26686.35,29181.37,35,64,64,35,63732.50,63718.06,,
2026-06-22T05:57:55+08:00,btc-updown-5m-1782078900,https://polymarket.com/zh/event/btc-updown-5m-1782078900,05:55-06:00,35.00,66.00,34.00,65.00,679.28,129.60,124.60,676.28,34.50,65.50,1.00,1.00,28981.37,26551.35,26546.35,28971.37,34,65,65,34,63732.50,63718.06,,
2026-06-22T05:57:57+08:00,btc-updown-5m-1782078900,https://polymarket.com/zh/event/btc-updown-5m-1782078900,05:55-06:00,34.00,67.00,33.00,66.00,612.49,304.45,304.45,643.49,33.50,66.50,1.00,1.00,28831.37,26541.35,26551.35,28846.37,33,66,66,33,63732.50,63718.05,,
2026-06-22T05:57:59+08:00,btc-updown-5m-1782078900,https://polymarket.com/zh/event/btc-updown-5m-1782078900,05:55-06:00,34.00,67.00,33.00,66.00,605.41,5.49,9.61,583.45,33.50,66.50,1.00,1.00,28841.37,26561.35,26541.35,28836.37,33,66,66,33,63732.50,63718.05,,
2026-06-22T05:58:01+08:00,btc-updown-5m-1782078900,https://polymarket.com/zh/event/btc-updown-5m-1782078900,05:55-06:00,34.00,67.00,33.00,66.00,621.35,21.09,22.66,621.68,33.50,66.50,1.00,1.00,28180.37,25875.35,25870.35,28180.37,33,66,66,33,63732.50,63718.05,,
2026-06-22T05:58:04+08:00,btc-updown-5m-1782078900,https://polymarket.com/zh/event/btc-updown-5m-1782078900,05:55-06:00,34.00,67.00,33.00,66.00,393.80,63.39,77.30,580.92,33.50,66.50,1.00,1.00,28155.37,25535.35,25545.35,28155.37,33,66,66,33,63732.50,63718.05,,
2026-06-22T05:58:06+08:00,btc-updown-5m-1782078900,https://polymarket.com/zh/event/btc-updown-5m-1782078900,05:55-06:00,34.00,67.00,33.00,66.00,723.98,20.39,20.39,714.98,33.50,66.50,1.00,1.00,28165.37,25530.35,25505.35,28160.37,33,66,66,33,63732.50,63718.06,,
2026-06-22T05:58:08+08:00,btc-updown-5m-1782078900,https://polymarket.com/zh/event/btc-updown-5m-1782078900,05:55-06:00,34.00,67.00,33.00,66.00,687.63,70.39,75.39,681.29,33.50,66.50,1.00,1.00,28155.37,25515.35,25515.35,28170.37,33,66,66,33,63732.50,63718.05,,
2026-06-22T05:58:10+08:00,btc-updown-5m-1782078900,https://polymarket.com/zh/event/btc-updown-5m-1782078900,05:55-06:00,34.00,67.00,33.00,66.00,1021.45,36.46,36.46,994.86,33.50,66.50,1.00,1.00,27870.37,25515.35,25515.35,27855.37,33,66,66,33,63732.50,63718.05,,
2026-06-22T05:58:12+08:00,btc-updown-5m-1782078900,https://polymarket.com/zh/event/btc-updown-5m-1782078900,05:55-06:00,33.00,68.00,32.00,67.00,601.00,72.11,78.00,552.97,32.50,67.50,1.00,1.00,27605.37,25365.36,25370.35,27610.37,32,67,67,32,63732.50,63716.75,,
2026-06-22T05:58:13+08:00,btc-updown-5m-1782078900,https://polymarket.com/zh/event/btc-updown-5m-1782078900,05:55-06:00,33.00,68.00,32.00,67.00,103.91,256.08,268.08,113.50,32.50,67.50,1.00,1.00,27615.37,25375.35,25355.35,27615.37,32,67,67,32,63732.50,63716.75,,
2026-06-22T05:58:15+08:00,btc-updown-5m-1782078900,https://polymarket.com/zh/event/btc-updown-5m-1782078900,05:55-06:00,33.00,68.00,32.00,67.00,723.23,3.52,5.00,727.23,32.50,67.50,1.00,1.00,27605.37,25360.35,25170.35,27420.37,32,67,67,32,63732.50,63716.75,,
2026-06-22T05:58:17+08:00,btc-updown-5m-1782078900,https://polymarket.com/zh/event/btc-updown-5m-1782078900,05:55-06:00,31.00,70.00,30.00,69.00,226.51,503.80,515.09,270.51,30.50,69.50,1.00,1.00,27020.37,24705.35,24695.35,27005.37,30,69,69,30,63732.50,63716.75,,
2026-06-22T05:58:19+08:00,btc-updown-5m-1782078900,https://polymarket.com/zh/event/btc-updown-5m-1782078900,05:55-06:00,31.00,70.00,30.00,69.00,519.12,171.39,171.39,514.12,30.50,69.50,1.00,1.00,26961.37,24724.36,24684.35,26956.37,30,69,69,30,63732.50,63716.75,,
2026-06-22T05:58:21+08:00,btc-updown-5m-1782078900,https://polymarket.com/zh/event/btc-updown-5m-1782078900,05:55-06:00,31.00,70.00,30.00,69.00,519.56,86.34,87.77,519.56,30.50,69.50,1.00,1.00,26530.37,24006.00,24011.01,26515.37,30,69,69,30,63732.50,63716.75,,
2026-06-22T05:58:23+08:00,btc-updown-5m-1782078900,https://polymarket.com/zh/event/btc-updown-5m-1782078900,05:55-06:00,30.00,71.00,29.00,70.00,261.44,732.76,518.78,15.00,29.50,70.50,1.00,1.00,26546.37,24001.01,24011.00,26546.37,29,70,70,29,63732.50,63716.76,,
2026-06-22T05:58:25+08:00,btc-updown-5m-1782078900,https://polymarket.com/zh/event/btc-updown-5m-1782078900,05:55-06:00,32.00,68.00,30.00,67.00,11.97,316.91,480.38,225.47,31.00,67.50,2.00,1.00,26446.37,24016.01,24001.00,26648.37,30,68,67,32,63732.50,63716.75,,
2026-06-22T05:58:27+08:00,btc-updown-5m-1782078900,https://polymarket.com/zh/event/btc-updown-5m-1782078900,05:55-06:00,32.00,69.00,31.00,68.00,352.36,10.00,10.00,318.36,31.50,68.50,1.00,1.00,26746.37,23856.00,23851.00,26746.37,31,68,68,31,63732.50,63721.02,,
2026-06-22T05:58:29+08:00,btc-updown-5m-1782078900,https://polymarket.com/zh/event/btc-updown-5m-1782078900,05:55-06:00,32.00,70.00,31.00,69.00,131.88,341.53,119.28,266.21,31.50,69.50,1.00,1.00,26824.03,23851.00,23866.01,26713.03,31,68,69,30,63732.50,63721.49,,
2026-06-22T05:58:31+08:00,btc-updown-5m-1782078900,https://polymarket.com/zh/event/btc-updown-5m-1782078900,05:55-06:00,31.00,70.00,30.00,69.00,46.35,773.10,810.10,34.09,30.50,69.50,1.00,1.00,26603.03,23746.00,23736.00,26603.03,30,69,69,30,63732.50,63721.49,,
2026-06-22T05:58:32+08:00,btc-updown-5m-1782078900,https://polymarket.com/zh/event/btc-updown-5m-1782078900,05:55-06:00,32.00,69.00,31.00,68.00,212.52,447.53,523.43,116.52,31.50,68.50,1.00,1.00,25690.03,23171.00,23191.01,25705.03,31,68,68,31,63732.50,63721.49,,
2026-06-22T05:58:34+08:00,btc-updown-5m-1782078900,https://polymarket.com/zh/event/btc-updown-5m-1782078900,05:55-06:00,30.00,71.00,29.00,70.00,26.00,633.16,619.16,22.66,29.50,70.50,1.00,1.00,25539.03,23116.00,23111.00,25569.03,29,70,70,29,63732.50,63721.49,,
2026-06-22T05:58:36+08:00,btc-updown-5m-1782078900,https://polymarket.com/zh/event/btc-updown-5m-1782078900,05:55-06:00,30.00,71.00,29.00,70.00,473.13,129.22,168.13,548.91,29.50,70.50,1.00,1.00,25569.03,23121.00,23126.01,25569.03,29,70,70,29,63732.50,63721.49,,
2026-06-22T05:58:38+08:00,btc-updown-5m-1782078900,https://polymarket.com/zh/event/btc-updown-5m-1782078900,05:55-06:00,30.00,71.00,29.00,70.00,456.80,15.00,39.50,479.80,29.50,70.50,1.00,1.00,25539.03,23126.01,23116.00,25604.03,29,70,70,29,63732.50,63721.49,,
2026-06-22T05:58:40+08:00,btc-updown-5m-1782078900,https://polymarket.com/zh/event/btc-updown-5m-1782078900,05:55-06:00,29.00,72.00,28.00,71.00,177.63,300.33,300.33,176.63,28.50,71.50,1.00,1.00,25599.03,23126.00,23116.01,25599.03,28,71,71,28,63732.50,63721.49,,
2026-06-22T05:58:42+08:00,btc-updown-5m-1782078900,https://polymarket.com/zh/event/btc-updown-5m-1782078900,05:55-06:00,29.00,72.00,28.00,71.00,599.24,66.33,36.33,588.24,28.50,71.50,1.00,1.00,25569.03,23116.00,23111.00,25539.03,28,71,71,28,63732.50,63721.49,,
2026-06-22T05:58:44+08:00,btc-updown-5m-1782078900,https://polymarket.com/zh/event/btc-updown-5m-1782078900,05:55-06:00,29.00,72.00,28.00,71.00,492.10,39.01,41.33,535.75,28.50,71.50,1.00,1.00,25534.03,22986.00,22996.00,25504.03,28,71,71,28,63732.50,63721.49,,
2026-06-22T05:58:46+08:00,btc-updown-5m-1782078900,https://polymarket.com/zh/event/btc-updown-5m-1782078900,05:55-06:00,29.00,72.00,28.00,71.00,684.01,30.11,27.89,770.84,28.50,71.50,1.00,1.00,25564.03,22991.00,22991.00,25564.03,28,71,71,28,63732.50,63721.49,,
2026-06-22T05:58:48+08:00,btc-updown-5m-1782078900,https://polymarket.com/zh/event/btc-updown-5m-1782078900,05:55-06:00,29.00,72.00,28.00,71.00,840.84,5.66,45.66,940.84,28.50,71.50,1.00,1.00,25534.03,22986.00,23001.00,25534.03,28,71,71,28,63732.50,63721.49,,
2026-06-22T05:58:50+08:00,btc-updown-5m-1782078900,https://polymarket.com/zh/event/btc-updown-5m-1782078900,05:55-06:00,28.00,73.00,27.00,72.00,413.91,88.63,88.63,455.86,27.50,72.50,1.00,1.00,25605.03,23001.00,22996.00,25665.03,27,72,72,27,63732.50,63721.50,,
2026-06-22T05:58:52+08:00,btc-updown-5m-1782078900,https://polymarket.com/zh/event/btc-updown-5m-1782078900,05:55-06:00,27.00,74.00,26.00,73.00,58.00,515.97,610.87,58.00,26.50,73.50,1.00,1.00,25165.03,22501.09,22506.09,25105.03,26,73,73,26,63732.50,63721.49,,
2026-06-22T05:58:54+08:00,btc-updown-5m-1782078900,https://polymarket.com/zh/event/btc-updown-5m-1782078900,05:55-06:00,27.00,74.00,26.00,73.00,293.61,20.00,10.00,345.20,26.50,73.50,1.00,1.00,25175.03,22496.00,22486.00,25055.03,26,73,73,26,63732.50,63721.49,,
2026-06-22T05:58:55+08:00,btc-updown-5m-1782078900,https://polymarket.com/zh/event/btc-updown-5m-1782078900,05:55-06:00,26.00,75.00,25.00,74.00,39.79,588.76,638.76,49.79,25.50,74.50,1.00,1.00,24890.03,22261.00,22271.01,24890.03,25,74,74,25,63732.50,63721.49,,
2026-06-22T05:58:57+08:00,btc-updown-5m-1782078900,https://polymarket.com/zh/event/btc-updown-5m-1782078900,05:55-06:00,26.00,75.00,25.00,74.00,291.52,85.18,100.18,285.42,25.50,74.50,1.00,1.00,24830.03,22261.00,22266.00,24830.03,25,74,74,25,63732.50,63721.49,,
2026-06-22T05:58:59+08:00,btc-updown-5m-1782078900,https://polymarket.com/zh/event/btc-updown-5m-1782078900,05:55-06:00,26.00,75.00,25.00,74.00,159.31,128.84,162.60,159.31,25.50,74.50,1.00,1.00,24950.03,22261.00,22276.00,24950.03,25,74,74,25,63732.50,63721.49,,
2026-06-22T05:59:01+08:00,btc-updown-5m-1782078900,https://polymarket.com/zh/event/btc-updown-5m-1782078900,05:55-06:00,24.00,78.00,22.00,77.00,47.46,716.06,403.23,11.06,23.00,77.50,2.00,1.00,24825.03,22431.01,22421.01,24855.03,22,76,77,22,63732.50,63721.49,,
2026-06-22T05:59:03+08:00,btc-updown-5m-1782078900,https://polymarket.com/zh/event/btc-updown-5m-1782078900,05:55-06:00,23.00,78.00,22.00,77.00,68.06,553.57,520.96,63.06,22.50,77.50,1.00,1.00,24760.03,22421.00,22316.00,24770.03,22,77,77,22,63732.50,63721.49,,
2026-06-22T05:59:05+08:00,btc-updown-5m-1782078900,https://polymarket.com/zh/event/btc-updown-5m-1782078900,05:55-06:00,22.00,79.00,21.00,78.00,51.00,756.86,852.32,56.00,21.50,78.50,1.00,1.00,24595.03,22151.00,22136.01,24620.03,21,78,78,21,63732.50,63721.49,,
2026-06-22T05:59:07+08:00,btc-updown-5m-1782078900,https://polymarket.com/zh/event/btc-updown-5m-1782078900,05:55-06:00,39.00,61.00,38.00,59.00,60.00,203.44,498.87,156.34,38.50,60.00,1.00,2.00,25780.03,22641.00,22636.01,25780.03,38,59,55,39,63732.50,63721.50,,
2026-06-22T05:59:09+08:00,btc-updown-5m-1782078900,https://polymarket.com/zh/event/btc-updown-5m-1782078900,05:55-06:00,46.00,55.00,45.00,54.00,209.39,478.98,559.98,208.39,45.50,54.50,1.00,1.00,25800.03,22444.00,22439.01,25790.03,45,54,54,45,63732.50,63734.32,,
2026-06-22T05:59:11+08:00,btc-updown-5m-1782078900,https://polymarket.com/zh/event/btc-updown-5m-1782078900,05:55-06:00,60.00,41.00,59.00,40.00,348.60,133.38,209.53,323.95,59.50,40.50,1.00,1.00,25800.03,22446.00,22451.00,25810.03,59,40,40,59,63732.50,63734.32,,
2026-06-22T05:59:13+08:00,btc-updown-5m-1782078900,https://polymarket.com/zh/event/btc-updown-5m-1782078900,05:55-06:00,56.00,45.00,55.00,44.00,269.35,164.40,105.95,312.35,55.50,44.50,1.00,1.00,25569.53,24155.50,24165.50,23474.53,55,42,43,55,63732.50,63734.32,,
2026-06-22T05:59:15+08:00,btc-updown-5m-1782078900,https://polymarket.com/zh/event/btc-updown-5m-1782078900,05:55-06:00,58.00,43.00,57.00,42.00,151.36,596.96,582.86,142.73,57.50,42.50,1.00,1.00,23579.54,24155.50,24160.50,23579.53,57,42,42,57,63732.50,63738.50,,
2026-06-22T05:59:17+08:00,btc-updown-5m-1782078900,https://polymarket.com/zh/event/btc-updown-5m-1782078900,05:55-06:00,62.00,39.00,61.00,38.00,108.90,360.00,388.69,108.90,61.50,38.50,1.00,1.00,23479.53,24155.50,24165.50,23489.53,61,37,37,61,63732.50,63738.50,,
2026-06-22T05:59:18+08:00,btc-updown-5m-1782078900,https://polymarket.com/zh/event/btc-updown-5m-1782078900,05:55-06:00,66.00,30.00,65.00,29.00,122.49,30.00,637.31,4.22,65.50,29.50,1.00,1.00,23484.53,24570.50,24865.50,23489.54,65,31,27,69,63732.50,63738.50,,
2026-06-22T05:59:20+08:00,btc-updown-5m-1782078900,https://polymarket.com/zh/event/btc-updown-5m-1782078900,05:55-06:00,74.00,27.00,73.00,26.00,171.30,14.39,32.91,194.30,73.50,26.50,1.00,1.00,23209.53,24545.50,24545.50,23214.53,73,25,25,73,63732.50,63738.50,,
2026-06-22T05:59:22+08:00,btc-updown-5m-1782078900,https://polymarket.com/zh/event/btc-updown-5m-1782078900,05:55-06:00,77.00,24.00,76.00,23.00,688.86,27.92,27.92,730.86,76.50,23.50,1.00,1.00,23119.53,24707.50,24707.50,23104.53,74,23,23,75,63732.50,63738.50,,
2026-06-22T05:59:24+08:00,btc-updown-5m-1782078900,https://polymarket.com/zh/event/btc-updown-5m-1782078900,05:55-06:00,76.00,25.00,75.00,24.00,145.43,34.69,50.73,165.21,75.50,24.50,1.00,1.00,23619.53,24702.50,24702.50,23599.53,74,24,24,74,63732.50,63738.51,,
2026-06-22T05:59:26+08:00,btc-updown-5m-1782078900,https://polymarket.com/zh/event/btc-updown-5m-1782078900,05:55-06:00,76.00,25.00,75.00,24.00,29.92,133.21,224.58,82.23,75.50,24.50,1.00,1.00,23670.53,24177.50,24177.50,23650.53,74,24,24,74,63732.50,63738.50,,
2026-06-22T05:59:28+08:00,btc-updown-5m-1782078900,https://polymarket.com/zh/event/btc-updown-5m-1782078900,05:55-06:00,74.00,27.00,73.00,26.00,43.04,270.33,234.09,183.06,73.50,26.50,1.00,1.00,23655.53,24172.50,24167.50,23655.54,71,26,26,72,63732.50,63738.50,,
2026-06-22T05:59:30+08:00,btc-updown-5m-1782078900,https://polymarket.com/zh/event/btc-updown-5m-1782078900,05:55-06:00,72.00,29.00,71.00,28.00,21.00,95.52,77.83,14.61,71.50,28.50,1.00,1.00,23460.54,23943.50,23860.17,23332.20,71,26,26,71,63732.50,63738.50,,
2026-06-22T05:59:32+08:00,btc-updown-5m-1782078900,https://polymarket.com/zh/event/btc-updown-5m-1782078900,05:55-06:00,76.00,25.00,75.00,24.00,179.09,30.00,45.39,211.77,75.50,24.50,1.00,1.00,23215.20,23801.17,23773.17,23235.20,75,23,23,75,63732.50,63738.50,,
2026-06-22T05:59:33+08:00,btc-updown-5m-1782078900,https://polymarket.com/zh/event/btc-updown-5m-1782078900,05:55-06:00,75.00,26.00,74.00,25.00,1.18,180.04,180.04,1.18,74.50,25.50,1.00,1.00,23235.20,23804.17,23804.17,23215.20,74,25,25,74,63732.50,63738.50,,
2026-06-22T05:59:35+08:00,btc-updown-5m-1782078900,https://polymarket.com/zh/event/btc-updown-5m-1782078900,05:55-06:00,80.00,21.00,79.00,20.00,156.58,145.23,136.00,151.57,79.50,20.50,1.00,1.00,22563.21,23152.18,23102.18,22578.21,76,20,20,76,63732.50,63742.94,,
2026-06-22T05:59:37+08:00,btc-updown-5m-1782078900,https://polymarket.com/zh/event/btc-updown-5m-1782078900,05:55-06:00,76.00,25.00,75.00,24.00,71.00,229.85,235.85,82.66,75.50,24.50,1.00,1.00,22523.21,21712.18,21712.18,22533.21,72,23,23,72,63732.50,63742.53,,
2026-06-22T05:59:39+08:00,btc-updown-5m-1782078900,https://polymarket.com/zh/event/btc-updown-5m-1782078900,05:55-06:00,80.00,21.00,79.00,20.00,369.93,70.03,70.03,256.93,79.50,20.50,1.00,1.00,22372.98,21779.18,21779.18,22367.98,76,20,20,76,63732.50,63742.53,,
2026-06-22T05:59:41+08:00,btc-updown-5m-1782078900,https://polymarket.com/zh/event/btc-updown-5m-1782078900,05:55-06:00,79.00,22.00,78.00,21.00,77.66,200.63,132.47,8.27,78.50,21.50,1.00,1.00,21822.98,21679.18,21679.18,21817.98,78,20,20,78,63732.50,63742.54,,
2026-06-22T05:59:43+08:00,btc-updown-5m-1782078900,https://polymarket.com/zh/event/btc-updown-5m-1782078900,05:55-06:00,81.00,20.00,80.00,19.00,118.01,89.66,93.66,128.01,80.50,19.50,1.00,1.00,21822.98,21679.18,21698.18,21822.98,79,18,18,79,63732.50,63742.53,,
2026-06-22T05:59:45+08:00,btc-updown-5m-1782078900,https://polymarket.com/zh/event/btc-updown-5m-1782078900,05:55-06:00,16.00,87.00,12.00,86.00,53.68,214.82,14.30,37.50,14.00,86.50,4.00,1.00,23732.98,21575.18,20564.94,22582.59,12,83,85,12,63732.50,63722.70,,
2026-06-22T05:59:47+08:00,btc-updown-5m-1782078900,https://polymarket.com/zh/event/btc-updown-5m-1782078900,05:55-06:00,28.00,76.00,23.00,59.00,2.00,19.38,398.80,19.09,25.50,67.50,5.00,17.00,22125.42,19962.62,19957.62,22125.42,21,60,59,21,63732.50,63721.49,,
2026-06-22T05:59:49+08:00,btc-updown-5m-1782078900,https://polymarket.com/zh/event/btc-updown-5m-1782078900,05:55-06:00,25.00,78.00,21.00,77.00,56.97,5.01,7.00,216.05,23.00,77.50,4.00,1.00,21510.42,20062.62,20052.62,21510.42,19,66,68,20,63732.50,63721.50,,
2026-06-22T05:59:50+08:00,btc-updown-5m-1782078900,https://polymarket.com/zh/event/btc-updown-5m-1782078900,05:55-06:00,31.00,73.00,18.00,72.00,3.25,18.33,182.59,7.00,24.50,72.50,13.00,1.00,13711.42,12719.62,12694.63,13701.42,14,50,54,19,63732.50,63721.50,,
2026-06-22T05:59:52+08:00,btc-updown-5m-1782078900,https://polymarket.com/zh/event/btc-updown-5m-1782078900,05:55-06:00,10.00,90.00,9.00,88.00,78.00,17.08,45.00,6.00,9.50,89.00,1.00,2.00,11620.57,12147.62,12147.62,11630.57,8,56,56,8,63732.50,63724.46,,
2026-06-22T05:59:54+08:00,btc-updown-5m-1782078900,https://polymarket.com/zh/event/btc-updown-5m-1782078900,05:55-06:00,16.00,94.00,14.00,85.00,10.00,44.71,30.00,19.00,15.00,89.50,2.00,9.00,11661.86,12147.62,12147.62,11697.57,6,58,59,6,63732.50,63723.99,,
2026-06-22T05:59:56+08:00,btc-updown-5m-1782078900,https://polymarket.com/zh/event/btc-updown-5m-1782078900,05:55-06:00,5.00,97.00,3.00,96.00,84.37,1.03,123.03,127.00,4.00,96.50,2.00,1.00,4380.81,12142.62,12127.62,4318.81,3,63,62,3,63732.50,63723.99,,
2026-06-22T05:59:58+08:00,btc-updown-5m-1782078900,https://polymarket.com/zh/event/btc-updown-5m-1782078900,05:55-06:00,2.00,99.00,1.00,98.00,81.88,1099.39,1450.23,86.88,1.50,98.50,1.00,1.00,1450.23,11879.41,11869.42,1099.39,1,73,73,1,63732.50,63723.99,,
2026-06-22T06:00:00+08:00,btc-updown-5m-1782079200,https://polymarket.com/zh/event/btc-updown-5m-1782079200,06:00-06:05,41.00,64.00,36.00,63.00,50.32,275.56,284.46,79.74,38.50,63.50,5.00,1.00,33824.74,33368.19,33368.19,33819.74,36,58,62,36,63724.00,63702.45,,
2026-06-22T06:00:02+08:00,btc-updown-5m-1782079200,https://polymarket.com/zh/event/btc-updown-5m-1782079200,06:00-06:05,21.00,81.00,19.00,79.00,68.40,51.07,51.07,68.40,20.00,80.00,2.00,2.00,22921.74,19940.20,19940.20,22921.74,19,79,79,19,63724.00,63618.60,,
2026-06-22T06:00:04+08:00,btc-updown-5m-1782079200,https://polymarket.com/zh/event/btc-updown-5m-1782079200,06:00-06:05,13.00,88.00,12.00,87.00,9.21,164.60,384.00,202.36,12.50,87.50,1.00,1.00,21296.74,20095.20,20105.20,21466.74,12,87,87,12,63724.00,63608.29,,
2026-06-22T06:00:06+08:00,btc-updown-5m-1782079200,https://polymarket.com/zh/event/btc-updown-5m-1782079200,06:00-06:05,12.00,88.00,11.00,87.00,86.00,254.53,536.51,272.50,11.50,87.50,1.00,1.00,22916.08,20383.54,20378.54,22817.08,11,88,87,12,63724.00,63599.79,,
2026-06-22T06:00:08+08:00,btc-updown-5m-1782079200,https://polymarket.com/zh/event/btc-updown-5m-1782079200,06:00-06:05,13.00,88.00,12.00,87.00,276.06,305.47,290.58,365.56,12.50,87.50,1.00,1.00,21858.08,20398.54,20398.54,21918.08,12,87,87,12,63724.00,63607.94,,
2026-06-22T06:00:10+08:00,btc-updown-5m-1782079200,https://polymarket.com/zh/event/btc-updown-5m-1782079200,06:00-06:05,14.00,87.00,13.00,86.00,408.51,322.35,292.24,462.08,13.50,86.50,1.00,1.00,21821.08,19418.54,19423.54,21821.08,13,86,86,13,63724.00,63612.74,,
2026-06-22T06:00:12+08:00,btc-updown-5m-1782079200,https://polymarket.com/zh/event/btc-updown-5m-1782079200,06:00-06:05,14.00,87.00,13.00,86.00,102.61,866.89,449.78,74.13,13.50,86.50,1.00,1.00,21367.04,19585.54,19595.54,21267.04,13,86,86,13,63724.00,63615.00,,
2026-06-22T06:00:14+08:00,btc-updown-5m-1782079200,https://polymarket.com/zh/event/btc-updown-5m-1782079200,06:00-06:05,17.00,84.00,16.00,83.00,143.29,141.51,87.34,377.79,16.50,83.50,1.00,1.00,20701.04,19595.55,19585.54,21326.04,16,83,83,16,63724.00,63624.65,,
2026-06-22T06:00:16+08:00,btc-updown-5m-1782079200,https://polymarket.com/zh/event/btc-updown-5m-1782079200,06:00-06:05,17.00,84.00,16.00,83.00,267.73,257.33,260.08,279.96,16.50,83.50,1.00,1.00,20592.04,19585.54,19590.54,20601.04,16,83,83,16,63724.00,63629.90,,
2026-06-22T06:00:18+08:00,btc-updown-5m-1782079200,https://polymarket.com/zh/event/btc-updown-5m-1782079200,06:00-06:05,19.00,82.00,18.00,81.00,98.00,362.98,360.42,126.41,18.50,81.50,1.00,1.00,20647.04,19590.54,19585.54,20652.04,18,81,81,18,63724.00,63637.97,,
2026-06-22T06:00:20+08:00,btc-updown-5m-1782079200,https://polymarket.com/zh/event/btc-updown-5m-1782079200,06:00-06:05,18.00,83.00,17.00,82.00,335.86,247.46,295.90,345.86,17.50,82.50,1.00,1.00,21649.17,19582.67,19582.67,21649.17,17,82,82,17,63724.00,63635.83,,
2026-06-22T06:00:22+08:00,btc-updown-5m-1782079200,https://polymarket.com/zh/event/btc-updown-5m-1782079200,06:00-06:05,24.00,77.00,23.00,76.00,143.80,252.92,259.56,143.80,23.50,76.50,1.00,1.00,21093.14,19604.64,19609.64,21355.74,23,76,76,23,63724.00,63649.64,,
2026-06-22T06:00:24+08:00,btc-updown-5m-1782079200,https://polymarket.com/zh/event/btc-updown-5m-1782079200,06:00-06:05,27.00,74.00,26.00,73.00,100.00,468.12,558.02,151.00,26.50,73.50,1.00,1.00,21654.03,20410.22,20410.22,21654.03,26,73,73,26,63724.00,63657.89,,
2026-06-22T06:00:26+08:00,btc-updown-5m-1782079200,https://polymarket.com/zh/event/btc-updown-5m-1782079200,06:00-06:05,27.00,73.00,26.00,72.00,38.37,236.17,515.51,213.34,26.50,72.50,1.00,1.00,22231.42,20726.22,20726.22,22231.42,26,73,72,27,63724.00,63661.07,,
2026-06-22T06:00:27+08:00,btc-updown-5m-1782079200,https://polymarket.com/zh/event/btc-updown-5m-1782079200,06:00-06:05,29.00,72.00,28.00,71.00,142.74,737.55,555.25,24.29,28.50,71.50,1.00,1.00,22504.42,20823.62,20838.63,22484.42,28,71,71,28,63724.00,63661.54,,
2026-06-22T06:00:29+08:00,btc-updown-5m-1782079200,https://polymarket.com/zh/event/btc-updown-5m-1782079200,06:00-06:05,29.00,72.00,28.00,71.00,169.49,118.72,143.66,193.47,28.50,71.50,1.00,1.00,22433.12,20813.62,20833.62,22433.12,28,71,71,28,63724.00,63667.84,,
2026-06-22T06:00:31+08:00,btc-updown-5m-1782079200,https://polymarket.com/zh/event/btc-updown-5m-1782079200,06:00-06:05,27.00,74.00,26.00,73.00,403.54,34.48,182.37,435.72,26.50,73.50,1.00,1.00,22507.12,20998.63,20988.62,22507.12,26,73,73,26,63724.00,63662.90,,
2026-06-22T06:00:33+08:00,btc-updown-5m-1782079200,https://polymarket.com/zh/event/btc-updown-5m-1782079200,06:00-06:05,20.00,81.00,19.00,80.00,1186.51,350.00,358.18,1494.73,19.50,80.50,1.00,1.00,22305.16,21003.62,20988.62,22305.16,19,80,80,19,63724.00,63645.76,,
2026-06-22T06:00:35+08:00,btc-updown-5m-1782079200,https://polymarket.com/zh/event/btc-updown-5m-1782079200,06:00-06:05,18.00,83.00,17.00,82.00,388.34,337.41,450.91,979.36,17.50,82.50,1.00,1.00,22842.49,21071.95,21086.96,22467.49,17,82,82,17,63724.00,63636.41,,
2026-06-22T06:00:37+08:00,btc-updown-5m-1782079200,https://polymarket.com/zh/event/btc-updown-5m-1782079200,06:00-06:05,12.00,89.00,11.00,88.00,84.00,690.06,208.48,114.06,11.50,88.50,1.00,1.00,23153.76,21071.96,21091.97,23042.52,11,88,88,11,63724.00,63609.30,,
2026-06-22T06:00:39+08:00,btc-updown-5m-1782079200,https://polymarket.com/zh/event/btc-updown-5m-1782079200,06:00-06:05,14.00,87.00,13.00,86.00,284.62,436.27,433.73,270.90,13.50,86.50,1.00,1.00,24251.13,21066.95,21056.95,24256.13,13,86,86,13,63724.00,63612.66,,
2026-06-22T06:00:41+08:00,btc-updown-5m-1782079200,https://polymarket.com/zh/event/btc-updown-5m-1782079200,06:00-06:05,15.00,86.00,14.00,85.00,192.08,541.60,567.02,354.58,14.50,85.50,1.00,1.00,23422.49,21051.95,21056.95,23417.49,14,85,85,14,63724.00,63617.41,,
2026-06-22T06:00:43+08:00,btc-updown-5m-1782079200,https://polymarket.com/zh/event/btc-updown-5m-1782079200,06:00-06:05,16.00,85.00,15.00,84.00,557.64,142.67,142.67,505.14,15.50,84.50,1.00,1.00,22947.49,21056.95,21066.96,23362.49,15,84,84,15,63724.00,63617.11,,
2026-06-22T06:00:45+08:00,btc-updown-5m-1782079200,https://polymarket.com/zh/event/btc-updown-5m-1782079200,06:00-06:05,16.00,85.00,15.00,84.00,105.46,681.15,448.33,51.00,15.50,84.50,1.00,1.00,24065.49,21061.95,21061.95,22916.49,15,84,84,15,63724.00,63617.11,,
2026-06-22T06:00:46+08:00,btc-updown-5m-1782079200,https://polymarket.com/zh/event/btc-updown-5m-1782079200,06:00-06:05,13.00,88.00,12.00,87.00,460.92,310.98,310.98,601.23,12.50,87.50,1.00,1.00,25068.23,21061.95,21066.95,25068.23,12,87,87,12,63724.00,63611.08,,
2026-06-22T06:00:49+08:00,btc-updown-5m-1782079200,https://polymarket.com/zh/event/btc-updown-5m-1782079200,06:00-06:05,12.00,90.00,11.00,89.00,808.33,215.98,5.00,224.77,11.50,89.50,1.00,1.00,22358.71,21061.96,21051.95,23727.18,11,88,89,10,63724.00,63607.38,,
2026-06-22T06:00:50+08:00,btc-updown-5m-1782079200,https://polymarket.com/zh/event/btc-updown-5m-1782079200,06:00-06:05,10.00,91.00,9.00,90.00,1297.65,45.39,85.39,1407.51,9.50,90.50,1.00,1.00,24484.66,21046.96,21051.96,24458.67,9,90,90,9,63724.00,63595.23,,
2026-06-22T06:00:52+08:00,btc-updown-5m-1782079200,https://polymarket.com/zh/event/btc-updown-5m-1782079200,06:00-06:05,10.00,91.00,9.00,90.00,498.51,403.21,324.71,937.48,9.50,90.50,1.00,1.00,26415.14,21061.96,21051.96,26345.15,9,90,90,9,63724.00,63582.87,,
2026-06-22T06:00:54+08:00,btc-updown-5m-1782079200,https://polymarket.com/zh/event/btc-updown-5m-1782079200,06:00-06:05,10.00,91.00,9.00,90.00,743.39,39.06,39.06,743.58,9.50,90.50,1.00,1.00,26794.42,21061.96,21051.96,26794.42,9,90,90,9,63724.00,63586.82,,
2026-06-22T06:00:56+08:00,btc-updown-5m-1782079200,https://polymarket.com/zh/event/btc-updown-5m-1782079200,06:00-06:05,9.00,92.00,8.00,91.00,236.38,885.00,1048.00,236.38,8.50,91.50,1.00,1.00,26174.19,21056.97,21061.96,26099.20,8,91,91,8,63724.00,63586.81,,
2026-06-22T06:00:58+08:00,btc-updown-5m-1782079200,https://polymarket.com/zh/event/btc-updown-5m-1782079200,06:00-06:05,9.00,92.00,8.00,91.00,787.81,481.75,583.77,999.38,8.50,91.50,1.00,1.00,25647.21,21066.97,21051.96,25979.46,8,91,91,8,63724.00,63586.81,,
2026-06-22T06:01:00+08:00,btc-updown-5m-1782079200,https://polymarket.com/zh/event/btc-updown-5m-1782079200,06:00-06:05,8.00,93.00,7.00,92.00,1299.94,1565.60,1383.95,1309.09,7.50,92.50,1.00,1.00,23242.98,21106.96,21116.96,23255.98,7,92,92,7,63724.00,63568.81,,
2026-06-22T06:01:02+08:00,btc-updown-5m-1782079200,https://polymarket.com/zh/event/btc-updown-5m-1782079200,06:00-06:05,8.00,93.00,7.00,92.00,902.57,725.75,870.09,936.09,7.50,92.50,1.00,1.00,24778.95,21088.96,21098.96,24686.96,7,92,92,7,63724.00,63584.73,,
2026-06-22T06:01:04+08:00,btc-updown-5m-1782079200,https://polymarket.com/zh/event/btc-updown-5m-1782079200,06:00-06:05,8.00,93.00,7.00,92.00,289.96,768.29,765.41,565.96,7.50,92.50,1.00,1.00,24410.79,20938.96,20938.96,24934.80,7,92,92,7,63724.00,63584.72,,
2026-06-22T06:01:06+08:00,btc-updown-5m-1782079200,https://polymarket.com/zh/event/btc-updown-5m-1782079200,06:00-06:05,8.00,93.00,7.00,92.00,649.41,554.38,569.38,649.41,7.50,92.50,1.00,1.00,25758.22,20788.96,20778.96,25758.22,7,92,92,7,63724.00,63584.72,,
2026-06-22T06:01:08+08:00,btc-updown-5m-1782079200,https://polymarket.com/zh/event/btc-updown-5m-1782079200,06:00-06:05,9.00,93.00,8.00,92.00,723.34,25.28,30.00,636.83,8.50,92.50,1.00,1.00,24894.91,20784.29,20793.96,23616.59,8,91,92,7,63724.00,63584.72,,
2026-06-22T06:01:10+08:00,btc-updown-5m-1782079200,https://polymarket.com/zh/event/btc-updown-5m-1782079200,06:00-06:05,7.00,94.00,6.00,93.00,788.38,432.46,432.46,782.31,6.50,93.50,1.00,1.00,23111.83,25778.96,25788.96,23124.16,6,93,93,6,63724.00,63579.19,,
2026-06-22T06:01:12+08:00,btc-updown-5m-1782079200,https://polymarket.com/zh/event/btc-updown-5m-1782079200,06:00-06:05,7.00,94.00,6.00,93.00,799.59,463.96,468.96,999.43,6.50,93.50,1.00,1.00,24242.57,25843.96,25833.96,24112.58,6,93,93,6,63724.00,63575.88,,
2026-06-22T06:01:14+08:00,btc-updown-5m-1782079200,https://polymarket.com/zh/event/btc-updown-5m-1782079200,06:00-06:05,7.00,94.00,6.00,93.00,583.83,1011.68,1004.71,113.83,6.50,93.50,1.00,1.00,24945.15,25838.96,25828.96,24929.15,6,93,93,6,63724.00,63584.73,,
2026-06-22T06:01:16+08:00,btc-updown-5m-1782079200,https://polymarket.com/zh/event/btc-updown-5m-1782079200,06:00-06:05,7.00,94.00,6.00,93.00,632.98,736.02,736.02,632.98,6.50,93.50,1.00,1.00,25194.14,25854.29,25828.96,25269.13,6,93,93,6,63724.00,63584.72,,
2026-06-22T06:01:17+08:00,btc-updown-5m-1782079200,https://polymarket.com/zh/event/btc-updown-5m-1782079200,06:00-06:05,7.00,94.00,6.00,93.00,60.00,751.16,793.20,160.00,6.50,93.50,1.00,1.00,24892.97,25833.96,25828.96,24992.96,6,93,93,6,63724.00,63584.72,,
2026-06-22T06:01:19+08:00,btc-updown-5m-1782079200,https://polymarket.com/zh/event/btc-updown-5m-1782079200,06:00-06:05,8.00,93.00,7.00,92.00,488.62,703.93,578.82,13.00,7.50,92.50,1.00,1.00,25500.56,25833.96,25833.96,25575.55,7,92,92,7,63724.00,63582.85,,
2026-06-22T06:01:21+08:00,btc-updown-5m-1782079200,https://polymarket.com/zh/event/btc-updown-5m-1782079200,06:00-06:05,11.00,90.00,10.00,89.00,305.80,98.89,123.03,305.80,10.50,89.50,1.00,1.00,24324.22,25838.97,25833.96,24324.22,10,89,89,10,63724.00,63600.53,,
2026-06-22T06:01:23+08:00,btc-updown-5m-1782079200,https://polymarket.com/zh/event/btc-updown-5m-1782079200,06:00-06:05,10.00,91.00,9.00,90.00,146.11,15.00,261.51,704.05,9.50,90.50,1.00,1.00,25004.10,25833.96,25838.96,24747.68,9,90,90,9,63724.00,63601.17,,
2026-06-22T06:01:25+08:00,btc-updown-5m-1782079200,https://polymarket.com/zh/event/btc-updown-5m-1782079200,06:00-06:05,9.00,92.00,8.00,91.00,217.39,273.74,293.74,275.42,8.50,91.50,1.00,1.00,23750.78,25828.96,25843.96,25028.52,8,91,91,8,63724.00,63596.25,,
2026-06-22T06:01:27+08:00,btc-updown-5m-1782079200,https://polymarket.com/zh/event/btc-updown-5m-1782079200,06:00-06:05,12.00,89.00,11.00,88.00,310.95,270.50,320.50,369.15,11.50,88.50,1.00,1.00,23437.37,25833.96,25833.96,24062.36,11,88,88,11,63724.00,63606.25,,
2026-06-22T06:01:29+08:00,btc-updown-5m-1782079200,https://polymarket.com/zh/event/btc-updown-5m-1782079200,06:00-06:05,13.00,88.00,12.00,87.00,91.61,558.02,105.00,21.61,12.50,87.50,1.00,1.00,23993.92,25843.96,25838.96,23109.92,12,87,87,12,63724.00,63606.25,,
2026-06-22T06:01:31+08:00,btc-updown-5m-1782079200,https://polymarket.com/zh/event/btc-updown-5m-1782079200,06:00-06:05,14.00,87.00,13.00,86.00,251.57,158.41,237.41,274.57,13.50,86.50,1.00,1.00,23930.86,25759.96,25280.96,23456.86,13,86,86,13,63724.00,63616.45,,
2026-06-22T06:01:33+08:00,btc-updown-5m-1782079200,https://polymarket.com/zh/event/btc-updown-5m-1782079200,06:00-06:05,13.00,88.00,12.00,87.00,287.79,152.19,132.19,441.96,12.50,87.50,1.00,1.00,23566.47,25295.96,25280.96,23600.47,12,87,87,12,63724.00,63616.45,,
2026-06-22T06:01:34+08:00,btc-updown-5m-1782079200,https://polymarket.com/zh/event/btc-updown-5m-1782079200,06:00-06:05,13.00,88.00,12.00,87.00,148.92,865.48,452.23,107.92,12.50,87.50,1.00,1.00,23506.47,25190.96,25195.97,23487.47,12,87,87,12,63724.00,63616.44,,
2026-06-22T06:01:36+08:00,btc-updown-5m-1782079200,https://polymarket.com/zh/event/btc-updown-5m-1782079200,06:00-06:05,14.00,87.00,13.00,86.00,373.88,12.14,345.59,497.81,13.50,86.50,1.00,1.00,23401.47,25206.97,25216.96,23017.47,13,86,86,13,63724.00,63616.44,,
2026-06-22T06:01:38+08:00,btc-updown-5m-1782079200,https://polymarket.com/zh/event/btc-updown-5m-1782079200,06:00-06:05,14.00,87.00,13.00,86.00,488.14,12.14,12.14,487.08,13.50,86.50,1.00,1.00,23778.47,25196.96,25206.96,23773.47,13,86,86,13,63724.00,63616.44,,
2026-06-22T06:01:40+08:00,btc-updown-5m-1782079200,https://polymarket.com/zh/event/btc-updown-5m-1782079200,06:00-06:05,13.00,88.00,12.00,87.00,304.58,256.02,317.39,284.58,12.50,87.50,1.00,1.00,22625.47,25196.96,25201.96,22675.47,12,87,87,12,63724.00,63616.44,,
2026-06-22T06:01:42+08:00,btc-updown-5m-1782079200,https://polymarket.com/zh/event/btc-updown-5m-1782079200,06:00-06:05,13.00,88.00,12.00,87.00,383.80,63.79,200.62,417.97,12.50,87.50,1.00,1.00,23613.47,25096.96,25111.96,23613.47,12,87,87,12,63724.00,63616.44,,
2026-06-22T06:01:44+08:00,btc-updown-5m-1782079200,https://polymarket.com/zh/event/btc-updown-5m-1782079200,06:00-06:05,15.00,86.00,14.00,85.00,487.30,104.31,104.31,443.30,14.50,85.50,1.00,1.00,22855.82,25015.97,24990.96,22855.82,14,85,85,14,63724.00,63626.89,,
2026-06-22T06:01:46+08:00,btc-updown-5m-1782079200,https://polymarket.com/zh/event/btc-updown-5m-1782079200,06:00-06:05,12.00,89.00,11.00,88.00,517.04,401.30,397.01,459.83,11.50,88.50,1.00,1.00,22439.55,24995.96,25005.97,22439.55,11,88,88,11,63724.00,63618.80,,
2026-06-22T06:01:48+08:00,btc-updown-5m-1782079200,https://polymarket.com/zh/event/btc-updown-5m-1782079200,06:00-06:05,11.00,90.00,10.00,89.00,68.54,661.93,638.14,89.54,10.50,89.50,1.00,1.00,22798.55,25010.96,24990.96,22798.55,10,89,89,10,63724.00,63616.81,,
2026-06-22T06:01:50+08:00,btc-updown-5m-1782079200,https://polymarket.com/zh/event/btc-updown-5m-1782079200,06:00-06:05,11.00,90.00,10.00,89.00,95.57,789.72,822.72,86.49,10.50,89.50,1.00,1.00,22185.56,24990.96,25005.96,22485.55,10,89,89,10,63724.00,63616.81,,
2026-06-22T06:01:52+08:00,btc-updown-5m-1782079200,https://polymarket.com/zh/event/btc-updown-5m-1782079200,06:00-06:05,11.00,90.00,10.00,89.00,159.88,589.19,589.19,159.88,10.50,89.50,1.00,1.00,22554.55,25000.97,24995.96,22554.55,10,89,89,10,63724.00,63616.81,,
2026-06-22T06:01:53+08:00,btc-updown-5m-1782079200,https://polymarket.com/zh/event/btc-updown-5m-1782079200,06:00-06:05,11.00,90.00,10.00,89.00,65.90,870.94,879.26,65.90,10.50,89.50,1.00,1.00,22890.55,25000.96,24995.96,22830.55,10,89,89,10,63724.00,63616.81,,
2026-06-22T06:01:55+08:00,btc-updown-5m-1782079200,https://polymarket.com/zh/event/btc-updown-5m-1782079200,06:00-06:05,11.00,90.00,10.00,89.00,81.96,933.03,822.03,81.96,10.50,89.50,1.00,1.00,22960.55,24925.96,24920.96,22900.55,10,89,89,10,63724.00,63624.03,,
2026-06-22T06:01:57+08:00,btc-updown-5m-1782079200,https://polymarket.com/zh/event/btc-updown-5m-1782079200,06:00-06:05,12.00,89.00,11.00,88.00,374.44,244.31,296.47,379.16,11.50,88.50,1.00,1.00,22820.55,24930.96,24935.97,22830.55,11,88,88,11,63724.00,63624.03,,
2026-06-22T06:01:59+08:00,btc-updown-5m-1782079200,https://polymarket.com/zh/event/btc-updown-5m-1782079200,06:00-06:05,12.00,89.00,11.00,88.00,318.06,252.18,247.18,357.02,11.50,88.50,1.00,1.00,22830.55,24925.96,24920.96,22830.55,11,88,88,11,63724.00,63624.03,,
2026-06-22T06:02:01+08:00,btc-updown-5m-1782079200,https://polymarket.com/zh/event/btc-updown-5m-1782079200,06:00-06:05,17.00,84.00,16.00,83.00,161.45,1694.91,1217.82,116.45,16.50,83.50,1.00,1.00,20731.15,24805.96,24820.96,20287.15,16,83,83,16,63724.00,63637.64,,
2026-06-22T06:02:03+08:00,btc-updown-5m-1782079200,https://polymarket.com/zh/event/btc-updown-5m-1782079200,06:00-06:05,18.00,83.00,17.00,82.00,49.97,823.91,816.91,29.97,17.50,82.50,1.00,1.00,20590.15,24810.96,24815.96,20580.15,17,82,82,17,63724.00,63641.36,,
2026-06-22T06:02:05+08:00,btc-updown-5m-1782079200,https://polymarket.com/zh/event/btc-updown-5m-1782079200,06:00-06:05,18.00,83.00,17.00,82.00,26.10,701.53,771.37,26.10,17.50,82.50,1.00,1.00,21041.15,24670.96,24695.97,21041.15,17,82,82,17,63724.00,63641.36,,
2026-06-22T06:02:07+08:00,btc-updown-5m-1782079200,https://polymarket.com/zh/event/btc-updown-5m-1782079200,06:00-06:05,18.00,83.00,17.00,82.00,81.57,579.06,571.06,41.57,17.50,82.50,1.00,1.00,20606.15,24670.96,24630.96,21006.15,17,82,82,17,63724.00,63641.36,,
2026-06-22T06:02:09+08:00,btc-updown-5m-1782079200,https://polymarket.com/zh/event/btc-updown-5m-1782079200,06:00-06:05,18.00,83.00,17.00,82.00,119.36,428.24,416.42,106.57,17.50,82.50,1.00,1.00,20961.15,24635.96,24645.96,20961.15,17,82,82,17,63724.00,63641.36,,
2026-06-22T06:02:11+08:00,btc-updown-5m-1782079200,https://polymarket.com/zh/event/btc-updown-5m-1782079200,06:00-06:05,18.00,83.00,17.00,82.00,184.92,321.28,244.28,174.92,17.50,82.50,1.00,1.00,21201.15,24630.96,24635.96,20662.15,17,82,82,17,63724.00,63645.65,,
2026-06-22T06:02:12+08:00,btc-updown-5m-1782079200,https://polymarket.com/zh/event/btc-updown-5m-1782079200,06:00-06:05,14.00,87.00,13.00,86.00,75.00,554.32,562.94,75.00,13.50,86.50,1.00,1.00,20752.15,24645.96,24635.96,20752.15,13,86,86,13,63724.00,63644.45,,
2026-06-22T06:02:14+08:00,btc-updown-5m-1782079200,https://polymarket.com/zh/event/btc-updown-5m-1782079200,06:00-06:05,22.00,80.00,21.00,79.00,595.17,108.85,41.09,312.50,21.50,79.50,1.00,1.00,19323.92,24535.97,24535.96,19323.92,21,78,79,20,63724.00,63657.89,,
2026-06-22T06:02:16+08:00,btc-updown-5m-1782079200,https://polymarket.com/zh/event/btc-updown-5m-1782079200,06:00-06:05,22.00,79.00,21.00,78.00,106.16,512.51,226.31,51.16,21.50,78.50,1.00,1.00,19605.92,24535.96,24535.97,19905.92,21,78,78,21,63724.00,63661.21,,
2026-06-22T06:02:18+08:00,btc-updown-5m-1782079200,https://polymarket.com/zh/event/btc-updown-5m-1782079200,06:00-06:05,23.00,78.00,22.00,77.00,687.22,180.42,180.42,659.82,22.50,77.50,1.00,1.00,19900.06,24525.96,24530.96,19900.06,22,77,77,22,63724.00,63661.51,,
2026-06-22T06:02:20+08:00,btc-updown-5m-1782079200,https://polymarket.com/zh/event/btc-updown-5m-1782079200,06:00-06:05,21.00,80.00,20.00,79.00,159.55,433.19,395.19,150.02,20.50,79.50,1.00,1.00,19895.06,24525.96,24530.97,19595.06,20,79,79,20,63724.00,63661.51,,
2026-06-22T06:02:22+08:00,btc-updown-5m-1782079200,https://polymarket.com/zh/event/btc-updown-5m-1782079200,06:00-06:05,24.00,77.00,23.00,76.00,295.30,991.86,175.67,25.00,23.50,76.50,1.00,1.00,19446.06,24530.96,24530.97,18746.06,23,76,76,23,63724.00,63665.99,,
2026-06-22T06:02:24+08:00,btc-updown-5m-1782079200,https://polymarket.com/zh/event/btc-updown-5m-1782079200,06:00-06:05,31.00,68.00,30.00,67.00,25.26,136.00,989.60,35.00,30.50,67.50,1.00,1.00,18966.06,24430.97,24825.96,18734.06,30,69,67,32,63724.00,63678.15,,
2026-06-22T06:02:26+08:00,btc-updown-5m-1782079200,https://polymarket.com/zh/event/btc-updown-5m-1782079200,06:00-06:05,35.00,66.00,34.00,65.00,1597.64,10.00,134.00,1903.80,34.50,65.50,1.00,1.00,18971.06,24925.96,24825.96,18966.06,34,65,65,29,63724.00,63689.80,,
2026-06-22T06:02:28+08:00,btc-updown-5m-1782079200,https://polymarket.com/zh/event/btc-updown-5m-1782079200,06:00-06:05,27.00,74.00,26.00,73.00,569.75,161.49,161.49,711.31,26.50,73.50,1.00,1.00,18966.06,24825.96,24825.96,18966.06,26,73,73,26,63724.00,63680.00,,
2026-06-22T06:02:30+08:00,btc-updown-5m-1782079200,https://polymarket.com/zh/event/btc-updown-5m-1782079200,06:00-06:05,26.00,75.00,25.00,74.00,335.72,207.84,213.84,393.07,25.50,74.50,1.00,1.00,18966.06,24830.96,24825.96,18966.06,25,74,74,25,63724.00,63680.00,,
2026-06-22T06:02:32+08:00,btc-updown-5m-1782079200,https://polymarket.com/zh/event/btc-updown-5m-1782079200,06:00-06:05,21.00,80.00,20.00,79.00,765.32,170.68,114.93,769.44,20.50,79.50,1.00,1.00,19573.06,24788.96,24788.96,19573.06,20,79,79,20,63724.00,63674.11,,
2026-06-22T06:02:33+08:00,btc-updown-5m-1782079200,https://polymarket.com/zh/event/btc-updown-5m-1782079200,06:00-06:05,21.00,80.00,20.00,79.00,301.12,555.80,500.80,303.12,20.50,79.50,1.00,1.00,20217.06,24788.96,24783.97,20217.06,20,79,79,20,63724.00,63674.10,,
2026-06-22T06:02:35+08:00,btc-updown-5m-1782079200,https://polymarket.com/zh/event/btc-updown-5m-1782079200,06:00-06:05,21.00,79.00,20.00,78.00,61.73,366.38,513.84,53.00,20.50,78.50,1.00,1.00,19457.06,24783.96,24783.96,19457.06,20,79,78,21,63724.00,63674.10,,
2026-06-22T06:02:37+08:00,btc-updown-5m-1782079200,https://polymarket.com/zh/event/btc-updown-5m-1782079200,06:00-06:05,23.00,79.00,22.00,78.00,648.91,229.96,117.15,390.47,22.50,78.50,1.00,1.00,19457.06,24778.96,24798.96,19457.06,22,77,78,21,63724.00,63674.10,,
2026-06-22T06:02:39+08:00,btc-updown-5m-1782079200,https://polymarket.com/zh/event/btc-updown-5m-1782079200,06:00-06:05,23.00,78.00,22.00,76.00,79.58,426.74,169.61,37.30,22.50,77.00,1.00,2.00,19457.06,24783.96,24783.96,19457.06,22,77,76,22,63724.00,63674.10,,
2026-06-22T06:02:41+08:00,btc-updown-5m-1782079200,https://polymarket.com/zh/event/btc-updown-5m-1782079200,06:00-06:05,26.00,75.00,25.00,74.00,40.21,809.45,725.67,40.21,25.50,74.50,1.00,1.00,17979.06,24388.96,24393.96,17979.06,25,74,74,25,63724.00,63693.99,,
2026-06-22T06:02:43+08:00,btc-updown-5m-1782079200,https://polymarket.com/zh/event/btc-updown-5m-1782079200,06:00-06:05,36.00,65.00,35.00,64.00,8.00,181.70,131.65,8.00,35.50,64.50,1.00,1.00,26604.06,24478.97,24483.98,26599.06,35,63,63,35,63724.00,63698.39,,
2026-06-22T06:02:45+08:00,btc-updown-5m-1782079200,https://polymarket.com/zh/event/btc-updown-5m-1782079200,06:00-06:05,44.00,60.00,41.00,57.00,36.92,71.00,7.99,49.14,42.50,58.50,3.00,3.00,27114.06,24403.97,24403.97,27114.06,41,56,57,40,63724.00,63714.59,,
2026-06-22T06:02:47+08:00,btc-updown-5m-1782079200,https://polymarket.com/zh/event/btc-updown-5m-1782079200,06:00-06:05,39.00,62.00,38.00,61.00,78.05,543.91,508.13,28.51,38.50,61.50,1.00,1.00,27124.06,24503.96,24493.96,27109.06,38,61,61,38,63724.00,63706.06,,
2026-06-22T06:02:49+08:00,btc-updown-5m-1782079200,https://polymarket.com/zh/event/btc-updown-5m-1782079200,06:00-06:05,42.00,59.00,41.00,58.00,298.84,162.00,409.67,410.51,41.50,58.50,1.00,1.00,27109.06,24691.96,24701.96,27124.06,41,58,58,41,63724.00,63712.98,,
2026-06-22T06:02:51+08:00,btc-updown-5m-1782079200,https://polymarket.com/zh/event/btc-updown-5m-1782079200,06:00-06:05,43.00,58.00,42.00,57.00,377.44,160.13,162.87,477.48,42.50,57.50,1.00,1.00,26809.06,24691.96,24701.97,26824.06,42,57,57,42,63724.00,63712.98,,
2026-06-22T06:02:53+08:00,btc-updown-5m-1782079200,https://polymarket.com/zh/event/btc-updown-5m-1782079200,06:00-06:05,42.00,59.00,41.00,58.00,610.04,349.89,98.00,446.55,41.50,58.50,1.00,1.00,26459.06,24716.96,24686.96,26454.06,41,58,58,41,63724.00,63714.60,,
2026-06-22T06:02:55+08:00,btc-updown-5m-1782079200,https://polymarket.com/zh/event/btc-updown-5m-1782079200,06:00-06:05,45.00,56.00,44.00,55.00,356.72,236.69,388.78,412.78,44.50,55.50,1.00,1.00,26649.06,24686.96,24701.96,26664.06,44,55,55,44,63724.00,63714.60,,
2026-06-22T06:02:56+08:00,btc-updown-5m-1782079200,https://polymarket.com/zh/event/btc-updown-5m-1782079200,06:00-06:05,46.00,55.00,45.00,54.00,643.43,375.98,173.99,667.05,45.50,54.50,1.00,1.00,26449.06,24686.96,24701.96,26459.06,45,54,54,45,63724.00,63717.66,,
2026-06-22T06:02:58+08:00,btc-updown-5m-1782079200,https://polymarket.com/zh/event/btc-updown-5m-1782079200,06:00-06:05,44.00,57.00,43.00,56.00,767.03,188.50,215.32,746.64,43.50,56.50,1.00,1.00,26449.06,24686.96,24701.96,26464.06,43,56,56,43,63724.00,63716.54,,
2026-06-22T06:03:00+08:00,btc-updown-5m-1782079200,https://polymarket.com/zh/event/btc-updown-5m-1782079200,06:00-06:05,43.00,58.00,42.00,57.00,575.90,112.50,107.50,553.90,42.50,57.50,1.00,1.00,26424.06,24646.96,24651.96,26409.06,42,57,57,42,63724.00,63716.54,,
2026-06-22T06:03:02+08:00,btc-updown-5m-1782079200,https://polymarket.com/zh/event/btc-updown-5m-1782079200,06:00-06:05,40.00,61.00,39.00,60.00,792.15,20.00,25.92,1013.77,39.50,60.50,1.00,1.00,26493.06,24195.96,24185.96,26563.06,39,60,60,39,63724.00,63714.60,,
2026-06-22T06:03:04+08:00,btc-updown-5m-1782079200,https://polymarket.com/zh/event/btc-updown-5m-1782079200,06:00-06:05,37.00,65.00,36.00,64.00,582.18,146.99,74.86,383.00,36.50,64.50,1.00,1.00,25898.06,24200.96,24185.96,25888.06,36,63,64,35,63724.00,63706.51,,
2026-06-22T06:03:06+08:00,btc-updown-5m-1782079200,https://polymarket.com/zh/event/btc-updown-5m-1782079200,06:00-06:05,36.00,65.00,35.00,64.00,92.00,611.08,625.30,92.00,35.50,64.50,1.00,1.00,25893.06,24185.96,24200.96,25908.06,35,64,64,35,63724.00,63706.50,,
2026-06-22T06:03:08+08:00,btc-updown-5m-1782079200,https://polymarket.com/zh/event/btc-updown-5m-1782079200,06:00-06:05,36.00,65.00,35.00,64.00,298.70,210.56,192.56,311.04,35.50,64.50,1.00,1.00,25968.06,24185.96,24205.96,25978.06,35,64,64,35,63724.00,63706.51,,
2026-06-22T06:03:10+08:00,btc-updown-5m-1782079200,https://polymarket.com/zh/event/btc-updown-5m-1782079200,06:00-06:05,37.00,64.00,36.00,63.00,429.01,41.31,78.04,762.56,36.50,63.50,1.00,1.00,24973.06,24195.96,24190.96,24968.06,36,63,63,36,63724.00,63706.50,,
2026-06-22T06:03:12+08:00,btc-updown-5m-1782079200,https://polymarket.com/zh/event/btc-updown-5m-1782079200,06:00-06:05,37.00,64.00,36.00,63.00,402.73,583.55,589.55,402.73,36.50,63.50,1.00,1.00,24833.06,24045.96,24035.96,24848.06,36,63,63,36,63724.00,63707.99,,
2026-06-22T06:03:14+08:00,btc-updown-5m-1782079200,https://polymarket.com/zh/event/btc-updown-5m-1782079200,06:00-06:05,35.00,66.00,34.00,65.00,124.66,235.55,395.87,124.66,34.50,65.50,1.00,1.00,24918.06,24055.96,23975.96,24883.06,34,65,65,34,63724.00,63707.99,,
2026-06-22T06:03:16+08:00,btc-updown-5m-1782079200,https://polymarket.com/zh/event/btc-updown-5m-1782079200,06:00-06:05,34.00,67.00,33.00,66.00,125.44,676.22,749.22,121.61,33.50,66.50,1.00,1.00,24618.06,23775.96,23790.96,24598.06,33,66,66,33,63724.00,63706.51,,
2026-06-22T06:03:18+08:00,btc-updown-5m-1782079200,https://polymarket.com/zh/event/btc-updown-5m-1782079200,06:00-06:05,33.00,68.00,32.00,67.00,159.50,25.00,374.00,809.20,32.50,67.50,1.00,1.00,24863.06,23790.97,23775.96,24918.06,32,67,67,32,63724.00,63706.51,,
2026-06-22T06:03:19+08:00,btc-updown-5m-1782079200,https://polymarket.com/zh/event/btc-updown-5m-1782079200,06:00-06:05,30.00,71.00,29.00,70.00,1227.21,18.50,18.50,1161.23,29.50,70.50,1.00,1.00,23753.06,24055.96,24155.96,18753.06,29,70,70,29,63724.00,63697.06,,
2026-06-22T06:03:21+08:00,btc-updown-5m-1782079200,https://polymarket.com/zh/event/btc-updown-5m-1782079200,06:00-06:05,19.00,82.00,18.00,81.00,32.29,731.85,798.55,37.29,18.50,81.50,1.00,1.00,19242.06,23932.63,23927.62,19696.06,18,80,80,18,63724.00,63686.97,,
2026-06-22T06:03:23+08:00,btc-updown-5m-1782079200,https://polymarket.com/zh/event/btc-updown-5m-1782079200,06:00-06:05,36.00,65.00,35.00,64.00,103.00,304.34,33.04,255.50,35.50,64.50,1.00,1.00,24960.56,23432.63,23427.61,24970.56,35,64,64,35,63724.00,63707.76,,
2026-06-22T06:03:25+08:00,btc-updown-5m-1782079200,https://polymarket.com/zh/event/btc-updown-5m-1782079200,06:00-06:05,35.00,66.00,34.00,65.00,263.57,707.36,692.44,263.57,34.50,65.50,1.00,1.00,24845.56,23397.61,23417.61,24860.56,34,65,65,34,63724.00,63707.37,,
2026-06-22T06:03:27+08:00,btc-updown-5m-1782079200,https://polymarket.com/zh/event/btc-updown-5m-1782079200,06:00-06:05,43.00,58.00,42.00,57.00,888.19,13.65,23.83,850.62,42.50,57.50,1.00,1.00,25112.22,23052.62,23057.61,25127.22,42,57,57,42,63724.00,63717.38,,
2026-06-22T06:03:29+08:00,btc-updown-5m-1782079200,https://polymarket.com/zh/event/btc-updown-5m-1782079200,06:00-06:05,38.00,74.00,31.00,72.00,64.52,10.24,28.39,8.65,34.50,73.00,7.00,2.00,23117.22,23062.62,23452.62,22918.22,31,60,66,26,63724.00,63706.66,,
2026-06-22T06:03:31+08:00,btc-updown-5m-1782079200,https://polymarket.com/zh/event/btc-updown-5m-1782079200,06:00-06:05,35.00,66.00,34.00,65.00,15.00,388.11,188.98,15.00,34.50,65.50,1.00,1.00,24519.22,22912.62,22907.62,24519.22,34,64,64,34,63724.00,63694.19,,
2026-06-22T06:03:33+08:00,btc-updown-5m-1782079200,https://polymarket.com/zh/event/btc-updown-5m-1782079200,06:00-06:05,41.00,60.00,40.00,59.00,763.20,32.12,32.12,840.75,40.50,59.50,1.00,1.00,24962.22,22982.61,22992.62,24957.22,40,59,59,40,63724.00,63713.69,,
2026-06-22T06:03:35+08:00,btc-updown-5m-1782079200,https://polymarket.com/zh/event/btc-updown-5m-1782079200,06:00-06:05,48.00,53.00,44.00,50.00,54.85,60.00,31.20,28.02,46.00,51.50,4.00,3.00,24537.22,22667.62,22662.61,24542.22,44,52,50,47,63724.00,63713.69,,
2026-06-22T06:03:37+08:00,btc-updown-5m-1782079200,https://polymarket.com/zh/event/btc-updown-5m-1782079200,06:00-06:05,48.00,53.00,47.00,52.00,261.43,37.00,30.00,663.90,47.50,52.50,1.00,1.00,24235.62,22775.61,23375.61,24235.62,47,52,52,47,63724.00,63726.36,,
2026-06-22T06:03:38+08:00,btc-updown-5m-1782079200,https://polymarket.com/zh/event/btc-updown-5m-1782079200,06:00-06:05,55.00,44.00,54.00,43.00,52.50,23.00,60.00,52.50,54.50,43.50,1.00,1.00,24230.62,23438.61,22888.61,24235.63,54,45,43,56,63724.00,63733.42,,
2026-06-22T06:03:40+08:00,btc-updown-5m-1782079200,https://polymarket.com/zh/event/btc-updown-5m-1782079200,06:00-06:05,65.00,41.00,59.00,35.00,89.13,107.71,126.22,19.59,62.00,38.00,6.00,6.00,24240.63,20891.61,20891.61,24245.63,59,34,34,59,63724.00,63757.33,,
2026-06-22T06:03:42+08:00,btc-updown-5m-1782079200,https://polymarket.com/zh/event/btc-updown-5m-1782079200,06:00-06:05,74.00,27.00,73.00,26.00,48.89,1023.66,868.89,36.96,73.50,26.50,1.00,1.00,22145.63,18673.61,18678.61,22150.63,73,26,26,73,63724.00,63762.00,,
2026-06-22T06:03:44+08:00,btc-updown-5m-1782079200,https://polymarket.com/zh/event/btc-updown-5m-1782079200,06:00-06:05,87.00,17.00,86.00,15.00,101.49,352.77,50.63,220.15,86.50,16.00,1.00,2.00,21840.63,18068.61,18823.61,21830.63,84,13,14,81,63724.00,63779.36,,
2026-06-22T06:03:46+08:00,btc-updown-5m-1782079200,https://polymarket.com/zh/event/btc-updown-5m-1782079200,06:00-06:05,82.00,19.00,81.00,18.00,988.51,119.86,185.00,784.91,81.50,18.50,1.00,1.00,21930.62,18520.02,18520.02,21935.62,81,18,18,81,63724.00,63767.87,,
2026-06-22T06:03:48+08:00,btc-updown-5m-1782079200,https://polymarket.com/zh/event/btc-updown-5m-1782079200,06:00-06:05,84.00,17.00,83.00,16.00,379.25,396.72,106.95,434.81,83.50,16.50,1.00,1.00,21960.63,19966.60,19542.61,21955.62,83,16,16,83,63724.00,63769.20,,
2026-06-22T06:03:50+08:00,btc-updown-5m-1782079200,https://polymarket.com/zh/event/btc-updown-5m-1782079200,06:00-06:05,85.00,15.00,84.00,14.00,27.25,22.18,5.95,105.62,84.50,14.50,1.00,1.00,21965.63,18348.61,18465.57,21960.63,83,15,14,85,63724.00,63773.83,,
2026-06-22T06:03:52+08:00,btc-updown-5m-1782079200,https://polymarket.com/zh/event/btc-updown-5m-1782079200,06:00-06:05,80.00,21.00,79.00,20.00,485.45,102.53,29.45,197.21,79.50,20.50,1.00,1.00,21460.63,16168.61,16228.61,21455.63,79,20,20,79,63724.00,63767.25,,
2026-06-22T06:03:54+08:00,btc-updown-5m-1782079200,https://polymarket.com/zh/event/btc-updown-5m-1782079200,06:00-06:05,79.00,22.00,77.00,21.00,17.18,191.60,517.75,276.06,78.00,21.50,2.00,1.00,21360.62,18257.73,18287.73,21365.62,77,21,21,78,63724.00,63761.90,,
2026-06-22T06:03:55+08:00,btc-updown-5m-1782079200,https://polymarket.com/zh/event/btc-updown-5m-1782079200,06:00-06:05,65.00,36.00,64.00,35.00,170.00,230.19,131.19,177.31,64.50,35.50,1.00,1.00,21480.63,24437.73,24068.61,21475.62,64,35,35,64,63724.00,63747.00,,
2026-06-22T06:03:57+08:00,btc-updown-5m-1782079200,https://polymarket.com/zh/event/btc-updown-5m-1782079200,06:00-06:05,65.00,36.00,64.00,35.00,153.82,794.34,865.29,136.06,64.50,35.50,1.00,1.00,21455.62,24432.73,24442.73,21470.62,64,35,35,64,63724.00,63742.97,,
2026-06-22T06:03:59+08:00,btc-updown-5m-1782079200,https://polymarket.com/zh/event/btc-updown-5m-1782079200,06:00-06:05,65.00,35.00,64.00,34.00,13.33,410.54,940.12,128.00,64.50,34.50,1.00,1.00,21470.63,24442.73,24462.73,21455.62,64,35,34,65,63724.00,63742.97,,
2026-06-22T06:04:01+08:00,btc-updown-5m-1782079200,https://polymarket.com/zh/event/btc-updown-5m-1782079200,06:00-06:05,74.00,27.00,73.00,26.00,210.34,414.32,438.89,112.73,73.50,26.50,1.00,1.00,21555.62,17818.38,17818.38,21570.62,73,26,26,73,63724.00,63752.03,,
2026-06-22T06:04:03+08:00,btc-updown-5m-1782079200,https://polymarket.com/zh/event/btc-updown-5m-1782079200,06:00-06:05,76.00,25.00,75.00,24.00,132.05,260.42,482.44,269.93,75.50,24.50,1.00,1.00,21628.62,19167.36,19167.36,21623.62,75,24,24,75,63724.00,63752.03,,
2026-06-22T06:04:05+08:00,btc-updown-5m-1782079200,https://polymarket.com/zh/event/btc-updown-5m-1782079200,06:00-06:05,76.00,25.00,75.00,24.00,503.92,94.00,159.56,568.99,75.50,24.50,1.00,1.00,21838.62,18767.36,18767.36,21833.63,75,24,24,74,63724.00,63752.03,,
2026-06-22T06:04:07+08:00,btc-updown-5m-1782079200,https://polymarket.com/zh/event/btc-updown-5m-1782079200,06:00-06:05,64.00,39.00,61.00,35.00,60.00,742.54,739.79,122.30,62.50,37.00,3.00,4.00,21828.62,23808.38,23813.38,21828.62,60,36,34,60,63724.00,63738.91,,
2026-06-22T06:04:09+08:00,btc-updown-5m-1782079200,https://polymarket.com/zh/event/btc-updown-5m-1782079200,06:00-06:05,71.00,30.00,70.00,29.00,298.25,119.34,80.00,307.13,70.50,29.50,1.00,1.00,21833.62,23562.36,23557.36,21838.62,70,29,29,70,63724.00,63744.02,,
2026-06-22T06:04:11+08:00,btc-updown-5m-1782079200,https://polymarket.com/zh/event/btc-updown-5m-1782079200,06:00-06:05,71.00,30.00,70.00,29.00,154.68,131.46,131.46,133.86,70.50,29.50,1.00,1.00,21776.12,17508.38,17508.38,21776.12,70,29,29,70,63724.00,63744.01,,
2026-06-22T06:04:13+08:00,btc-updown-5m-1782079200,https://polymarket.com/zh/event/btc-updown-5m-1782079200,06:00-06:05,80.00,21.00,79.00,20.00,9.45,356.64,435.97,69.63,79.50,20.50,1.00,1.00,21765.62,17506.88,17506.88,21750.62,79,20,20,79,63724.00,63744.01,,
2026-06-22T06:04:15+08:00,btc-updown-5m-1782079200,https://polymarket.com/zh/event/btc-updown-5m-1782079200,06:00-06:05,73.00,28.00,72.00,27.00,184.55,253.23,202.23,61.55,72.50,27.50,1.00,1.00,21795.62,17497.88,17497.88,21770.62,72,27,27,72,63724.00,63742.96,,
2026-06-22T06:04:16+08:00,btc-updown-5m-1782079200,https://polymarket.com/zh/event/btc-updown-5m-1782079200,06:00-06:05,80.00,21.00,79.00,20.00,43.90,194.85,188.51,39.85,79.50,20.50,1.00,1.00,22000.62,18171.88,18171.88,22010.62,79,20,20,79,63724.00,63754.52,,
2026-06-22T06:04:18+08:00,btc-updown-5m-1782079200,https://polymarket.com/zh/event/btc-updown-5m-1782079200,06:00-06:05,85.00,16.00,84.00,15.00,121.42,317.61,437.20,140.78,84.50,15.50,1.00,1.00,22005.62,18526.40,18623.88,21995.62,84,13,15,84,63724.00,63759.14,,
2026-06-22T06:04:20+08:00,btc-updown-5m-1782079200,https://polymarket.com/zh/event/btc-updown-5m-1782079200,06:00-06:05,74.00,27.00,73.00,26.00,9.91,788.74,790.26,9.91,73.50,26.50,1.00,1.00,22025.62,17816.88,17816.88,22020.62,73,25,25,73,63724.00,63747.00,,
2026-06-22T06:04:22+08:00,btc-updown-5m-1782079200,https://polymarket.com/zh/event/btc-updown-5m-1782079200,06:00-06:05,63.00,38.00,62.00,37.00,20.69,382.17,383.11,4.92,62.50,37.50,1.00,1.00,21825.62,24102.88,24102.88,21820.62,62,37,37,62,63724.00,63738.90,,
2026-06-22T06:04:24+08:00,btc-updown-5m-1782079200,https://polymarket.com/zh/event/btc-updown-5m-1782079200,06:00-06:05,41.00,60.00,40.00,59.00,228.70,446.84,323.33,102.89,40.50,59.50,1.00,1.00,22364.62,25512.89,25522.88,22349.62,40,59,59,40,63724.00,63718.65,,
2026-06-22T06:04:26+08:00,btc-updown-5m-1782079200,https://polymarket.com/zh/event/btc-updown-5m-1782079200,06:00-06:05,45.00,59.00,44.00,58.00,955.62,245.73,40.51,30.00,44.50,58.50,1.00,1.00,22229.62,25640.88,25640.89,22229.62,43,55,58,41,63724.00,63715.73,,
2026-06-22T06:04:28+08:00,btc-updown-5m-1782079200,https://polymarket.com/zh/event/btc-updown-5m-1782079200,06:00-06:05,35.00,70.00,30.00,69.00,25.00,50.87,133.57,376.59,32.50,69.50,5.00,1.00,20994.62,23075.89,23080.88,23341.35,30,65,69,30,63724.00,63715.74,,
2026-06-22T06:04:30+08:00,btc-updown-5m-1782079200,https://polymarket.com/zh/event/btc-updown-5m-1782079200,06:00-06:05,37.00,62.00,36.00,61.00,7.00,325.27,254.26,62.52,36.50,61.50,1.00,1.00,21651.29,22880.89,22792.55,21611.29,36,63,61,38,63724.00,63706.50,,
2026-06-22T06:04:32+08:00,btc-updown-5m-1782079200,https://polymarket.com/zh/event/btc-updown-5m-1782079200,06:00-06:05,41.00,59.00,40.00,58.00,40.10,204.76,75.04,41.00,40.50,58.50,1.00,1.00,22712.29,23006.56,22996.55,22707.29,40,57,56,41,63724.00,63707.61,,
2026-06-22T06:04:34+08:00,btc-updown-5m-1782079200,https://polymarket.com/zh/event/btc-updown-5m-1782079200,06:00-06:05,29.00,72.00,28.00,71.00,262.55,22.18,17.18,262.55,28.50,71.50,1.00,1.00,21506.29,23101.55,23091.55,21560.29,27,71,71,27,63724.00,63706.00,,
2026-06-22T06:04:36+08:00,btc-updown-5m-1782079200,https://polymarket.com/zh/event/btc-updown-5m-1782079200,06:00-06:05,25.00,76.00,24.00,75.00,30.42,205.69,170.69,50.24,24.50,75.50,1.00,1.00,20953.30,22503.57,22483.56,20953.30,24,73,73,24,63724.00,63705.83,,
2026-06-22T06:04:37+08:00,btc-updown-5m-1782079200,https://polymarket.com/zh/event/btc-updown-5m-1782079200,06:00-06:05,23.00,81.00,22.00,80.00,6.44,151.49,221.27,41.00,22.50,80.50,1.00,1.00,21405.30,22498.56,22483.56,21405.30,22,77,77,19,63724.00,63705.64,,
2026-06-22T06:04:39+08:00,btc-updown-5m-1782079200,https://polymarket.com/zh/event/btc-updown-5m-1782079200,06:00-06:05,20.00,88.00,19.00,83.00,2.46,40.00,315.40,50.67,19.50,85.50,1.00,5.00,21204.30,22498.56,22478.56,21561.03,19,79,83,12,63724.00,63705.63,,
2026-06-22T06:04:41+08:00,btc-updown-5m-1782079200,https://polymarket.com/zh/event/btc-updown-5m-1782079200,06:00-06:05,27.00,74.00,26.00,73.00,585.24,90.00,102.83,554.24,26.50,73.50,1.00,1.00,20850.30,22453.56,22438.56,20850.30,26,71,71,26,63724.00,63709.54,,
2026-06-22T06:04:43+08:00,btc-updown-5m-1782079200,https://polymarket.com/zh/event/btc-updown-5m-1782079200,06:00-06:05,19.00,82.00,18.00,81.00,30.00,104.04,141.04,191.16,18.50,81.50,1.00,1.00,15660.30,22478.57,22478.56,15660.30,18,79,79,18,63724.00,63709.97,,
2026-06-22T06:04:45+08:00,btc-updown-5m-1782079200,https://polymarket.com/zh/event/btc-updown-5m-1782079200,06:00-06:05,19.00,82.00,18.00,81.00,40.59,499.84,487.84,30.59,18.50,81.50,1.00,1.00,14282.41,21078.17,20990.67,14190.74,18,78,78,18,63724.00,63712.79,,
2026-06-22T06:04:47+08:00,btc-updown-5m-1782079200,https://polymarket.com/zh/event/btc-updown-5m-1782079200,06:00-06:05,20.00,81.00,19.00,80.00,20.00,42.19,131.59,35.00,19.50,80.50,1.00,1.00,11982.74,20891.00,20960.00,11972.74,19,75,76,19,63724.00,63706.23,,
2026-06-22T06:04:49+08:00,btc-updown-5m-1782079200,https://polymarket.com/zh/event/btc-updown-5m-1782079200,06:00-06:05,16.00,88.00,15.00,85.00,178.00,308.99,7.00,44.00,15.50,86.50,1.00,3.00,11111.83,20850.00,20172.01,10964.83,14,81,66,11,63724.00,63711.37,,
2026-06-22T06:04:51+08:00,btc-updown-5m-1782079200,https://polymarket.com/zh/event/btc-updown-5m-1782079200,06:00-06:05,13.00,89.00,11.00,87.00,58.00,169.92,137.92,33.00,12.00,88.00,2.00,2.00,4803.83,12090.00,12100.00,4808.83,10,64,66,10,63724.00,63711.37,,
2026-06-22T06:04:53+08:00,btc-updown-5m-1782079200,https://polymarket.com/zh/event/btc-updown-5m-1782079200,06:00-06:05,10.00,92.00,9.00,90.00,21.00,261.71,67.00,21.00,9.50,91.00,1.00,2.00,4814.83,12036.00,12036.00,4824.83,9,66,68,8,63724.00,63711.37,,
2026-06-22T06:04:55+08:00,btc-updown-5m-1782079200,https://polymarket.com/zh/event/btc-updown-5m-1782079200,06:00-06:05,7.00,95.00,5.00,93.00,9.75,225.37,198.43,9.75,6.00,94.00,2.00,2.00,5093.01,11962.01,11957.00,5069.95,5,68,68,5,63724.00,63711.38,,
2026-06-22T06:04:56+08:00,btc-updown-5m-1782079200,https://polymarket.com/zh/event/btc-updown-5m-1782079200,06:00-06:05,5.00,99.00,2.00,92.00,10.00,4109.96,227.97,27.00,3.50,95.50,3.00,7.00,3933.71,11717.90,11717.90,4109.96,2,67,68,1,63724.00,63711.37,,
2026-06-22T06:04:58+08:00,btc-updown-5m-1782079200,https://polymarket.com/zh/event/btc-updown-5m-1782079200,06:00-06:05,5.00,99.00,1.00,98.00,6.77,3245.78,3140.17,136.15,3.00,98.50,4.00,1.00,3140.17,11927.90,11702.91,3245.78,1,59,63,1,63724.00,63722.69,,
2026-06-22T06:05:01+08:00,btc-updown-5m-1782079500,https://polymarket.com/zh/event/btc-updown-5m-1782079500,06:05-06:10,53.00,48.00,52.00,47.00,26.28,41.95,8.51,141.70,52.50,47.50,1.00,1.00,35025.11,34329.29,22716.29,23417.11,52,47,46,52,63706.50,63706.50,,
2026-06-22T06:05:03+08:00,btc-updown-5m-1782079500,https://polymarket.com/zh/event/btc-updown-5m-1782079500,06:05-06:10,53.00,48.00,52.00,47.00,531.07,51.09,51.09,552.91,52.50,47.50,1.00,1.00,23800.45,23204.64,23199.64,23810.45,52,47,47,52,63706.50,63711.26,,
2026-06-22T06:05:05+08:00,btc-updown-5m-1782079500,https://polymarket.com/zh/event/btc-updown-5m-1782079500,06:05-06:10,53.00,48.00,52.00,47.00,469.65,77.82,77.82,499.65,52.50,47.50,1.00,1.00,23805.45,23204.64,23199.64,23815.45,52,47,47,52,63706.50,63711.27,,
2026-06-22T06:05:07+08:00,btc-updown-5m-1782079500,https://polymarket.com/zh/event/btc-updown-5m-1782079500,06:05-06:10,60.00,41.00,59.00,40.00,213.18,697.11,567.51,128.17,59.50,40.50,1.00,1.00,23810.46,23239.64,23264.64,23815.45,59,40,40,59,63706.50,63735.41,,
2026-06-22T06:05:09+08:00,btc-updown-5m-1782079500,https://polymarket.com/zh/event/btc-updown-5m-1782079500,06:05-06:10,57.00,44.00,56.00,43.00,389.04,79.31,54.31,360.04,56.50,43.50,1.00,1.00,23965.45,21124.64,21134.64,23975.45,56,43,43,56,63706.50,63729.26,,
2026-06-22T06:05:10+08:00,btc-updown-5m-1782079500,https://polymarket.com/zh/event/btc-updown-5m-1782079500,06:05-06:10,53.00,48.00,52.00,47.00,286.13,33.98,248.32,585.47,52.50,47.50,1.00,1.00,21900.46,21169.64,21169.64,21895.45,52,47,47,52,63706.50,63718.65,,
2026-06-22T06:05:12+08:00,btc-updown-5m-1782079500,https://polymarket.com/zh/event/btc-updown-5m-1782079500,06:05-06:10,52.00,49.00,51.00,48.00,456.42,468.66,428.16,529.64,51.50,48.50,1.00,1.00,21946.45,21325.64,21335.64,21956.45,51,48,48,51,63706.50,63718.65,,
2026-06-22T06:05:14+08:00,btc-updown-5m-1782079500,https://polymarket.com/zh/event/btc-updown-5m-1782079500,06:05-06:10,52.00,49.00,51.00,48.00,434.13,458.66,458.66,430.20,51.50,48.50,1.00,1.00,21961.45,21378.83,21368.83,21956.45,51,48,48,51,63706.50,63714.60,,
2026-06-22T06:05:16+08:00,btc-updown-5m-1782079500,https://polymarket.com/zh/event/btc-updown-5m-1782079500,06:05-06:10,52.00,49.00,51.00,48.00,326.76,721.83,709.83,255.76,51.50,48.50,1.00,1.00,21766.45,21383.83,21393.83,21786.46,51,48,48,51,63706.50,63714.60,,
2026-06-22T06:05:18+08:00,btc-updown-5m-1782079500,https://polymarket.com/zh/event/btc-updown-5m-1782079500,06:05-06:10,55.00,46.00,54.00,45.00,250.18,45.53,55.97,396.38,54.50,45.50,1.00,1.00,21766.45,21403.83,21413.83,21786.45,54,45,45,54,63706.50,63716.91,,
2026-06-22T06:05:20+08:00,btc-updown-5m-1782079500,https://polymarket.com/zh/event/btc-updown-5m-1782079500,06:05-06:10,50.00,51.00,49.00,50.00,365.56,112.19,107.19,340.56,49.50,50.50,1.00,1.00,21766.45,21503.83,21453.83,21711.45,49,50,50,49,63706.50,63706.51,,
2026-06-22T06:05:22+08:00,btc-updown-5m-1782079500,https://polymarket.com/zh/event/btc-updown-5m-1782079500,06:05-06:10,46.00,55.00,45.00,54.00,1259.33,36.11,25.00,1342.33,45.50,54.50,1.00,1.00,23778.34,21425.72,21435.73,23811.67,45,54,54,45,63706.50,63698.40,,
2026-06-22T06:05:24+08:00,btc-updown-5m-1782079500,https://polymarket.com/zh/event/btc-updown-5m-1782079500,06:05-06:10,48.00,53.00,46.00,51.00,59.20,3.11,30.00,3.71,47.00,52.00,2.00,2.00,24006.10,21996.09,21981.09,24011.10,46,52,51,47,63706.50,63706.01,,
2026-06-22T06:05:26+08:00,btc-updown-5m-1782079500,https://polymarket.com/zh/event/btc-updown-5m-1782079500,06:05-06:10,51.00,50.00,50.00,49.00,522.38,44.00,74.00,526.39,50.50,49.50,1.00,1.00,24516.39,22526.37,22541.37,24496.40,50,49,49,50,63706.50,63709.54,,
2026-06-22T06:05:28+08:00,btc-updown-5m-1782079500,https://polymarket.com/zh/event/btc-updown-5m-1782079500,06:05-06:10,51.00,50.00,50.00,49.00,434.82,18.75,18.75,439.82,50.50,49.50,1.00,1.00,24848.39,22716.67,22711.67,24843.39,50,49,49,50,63706.50,63704.78,,
2026-06-22T06:05:29+08:00,btc-updown-5m-1782079500,https://polymarket.com/zh/event/btc-updown-5m-1782079500,06:05-06:10,45.00,56.00,44.00,55.00,454.44,187.50,187.50,223.29,44.50,55.50,1.00,1.00,24893.09,22596.67,22601.68,24888.09,44,55,55,44,63706.50,63700.75,,
2026-06-22T06:05:31+08:00,btc-updown-5m-1782079500,https://polymarket.com/zh/event/btc-updown-5m-1782079500,06:05-06:10,41.00,60.00,40.00,59.00,747.01,676.23,603.06,830.97,40.50,59.50,1.00,1.00,24943.09,22601.67,22596.67,24893.09,40,59,59,40,63706.50,63698.40,,
2026-06-22T06:05:33+08:00,btc-updown-5m-1782079500,https://polymarket.com/zh/event/btc-updown-5m-1782079500,06:05-06:10,39.00,62.00,38.00,61.00,1041.96,48.81,86.88,1005.79,38.50,61.50,1.00,1.00,24893.09,22756.37,22746.37,24878.09,38,61,61,38,63706.50,63686.25,,
2026-06-22T06:05:35+08:00,btc-updown-5m-1782079500,https://polymarket.com/zh/event/btc-updown-5m-1782079500,06:05-06:10,39.00,61.00,38.00,60.00,50.00,96.00,868.55,219.11,38.50,60.50,1.00,1.00,24883.09,22746.37,22761.37,24883.09,38,61,60,39,63706.50,63679.88,,
2026-06-22T06:05:37+08:00,btc-updown-5m-1782079500,https://polymarket.com/zh/event/btc-updown-5m-1782079500,06:05-06:10,40.00,61.00,39.00,60.00,448.88,94.30,88.70,396.26,39.50,60.50,1.00,1.00,24858.09,22756.37,22756.37,24868.09,39,60,60,39,63706.50,63679.63,,
2026-06-22T06:05:39+08:00,btc-updown-5m-1782079500,https://polymarket.com/zh/event/btc-updown-5m-1782079500,06:05-06:10,40.00,61.00,39.00,60.00,584.73,93.59,107.21,635.79,39.50,60.50,1.00,1.00,24868.09,22766.37,22751.37,24853.09,39,60,60,39,63706.50,63680.74,,
2026-06-22T06:05:41+08:00,btc-updown-5m-1782079500,https://polymarket.com/zh/event/btc-updown-5m-1782079500,06:05-06:10,38.00,63.00,37.00,62.00,81.15,704.49,620.67,81.15,37.50,62.50,1.00,1.00,24858.09,22756.37,22756.37,24858.09,37,62,62,37,63706.50,63678.15,,
2026-06-22T06:05:43+08:00,btc-updown-5m-1782079500,https://polymarket.com/zh/event/btc-updown-5m-1782079500,06:05-06:10,39.00,62.00,38.00,61.00,664.74,48.76,56.76,725.55,38.50,61.50,1.00,1.00,24863.09,22761.38,22761.37,24858.09,38,61,61,38,63706.50,63678.15,,
2026-06-22T06:05:45+08:00,btc-updown-5m-1782079500,https://polymarket.com/zh/event/btc-updown-5m-1782079500,06:05-06:10,37.00,64.00,36.00,63.00,318.71,470.15,466.08,288.71,36.50,63.50,1.00,1.00,24868.09,22771.37,22756.37,24858.09,36,63,63,36,63706.50,63678.15,,
2026-06-22T06:05:47+08:00,btc-updown-5m-1782079500,https://polymarket.com/zh/event/btc-updown-5m-1782079500,06:05-06:10,39.00,62.00,38.00,61.00,125.63,1423.66,969.47,40.00,38.50,61.50,1.00,1.00,24858.09,22761.37,22656.37,24853.09,38,61,61,38,63706.50,63678.15,,
2026-06-22T06:05:49+08:00,btc-updown-5m-1782079500,https://polymarket.com/zh/event/btc-updown-5m-1782079500,06:05-06:10,41.00,61.00,40.00,60.00,715.60,356.48,9.45,362.96,40.50,60.50,1.00,1.00,24848.09,22656.37,22661.37,25220.09,40,59,60,39,63706.50,63687.07,,
2026-06-22T06:05:51+08:00,btc-updown-5m-1782079500,https://polymarket.com/zh/event/btc-updown-5m-1782079500,06:05-06:10,40.00,60.00,39.00,59.00,40.00,30.00,717.44,0.89,39.50,59.50,1.00,1.00,25458.09,22766.37,22661.37,25453.09,39,60,59,40,63706.50,63682.94,,
2026-06-22T06:05:53+08:00,btc-updown-5m-1782079500,https://polymarket.com/zh/event/btc-updown-5m-1782079500,06:05-06:10,49.00,53.00,48.00,51.00,379.24,243.18,15.22,277.07,48.50,52.00,1.00,2.00,25448.09,22661.37,22671.38,25448.09,48,51,51,47,63706.50,63699.95,,
2026-06-22T06:05:55+08:00,btc-updown-5m-1782079500,https://polymarket.com/zh/event/btc-updown-5m-1782079500,06:05-06:10,46.00,55.00,45.00,54.00,125.00,832.51,805.33,75.00,45.50,54.50,1.00,1.00,25448.09,22756.37,22776.37,25453.09,45,54,54,45,63706.50,63699.95,,
2026-06-22T06:05:56+08:00,btc-updown-5m-1782079500,https://polymarket.com/zh/event/btc-updown-5m-1782079500,06:05-06:10,45.00,56.00,44.00,55.00,40.00,917.52,905.52,40.00,44.50,55.50,1.00,1.00,25458.09,22751.37,22776.37,25463.09,44,55,55,44,63706.50,63697.98,,
2026-06-22T06:05:58+08:00,btc-updown-5m-1782079500,https://polymarket.com/zh/event/btc-updown-5m-1782079500,06:05-06:10,49.00,52.00,48.00,51.00,181.45,1111.16,60.00,146.45,48.50,51.50,1.00,1.00,25453.09,22656.37,22666.37,25458.09,48,51,51,48,63706.50,63701.90,,
2026-06-22T06:06:00+08:00,btc-updown-5m-1782079500,https://polymarket.com/zh/event/btc-updown-5m-1782079500,06:05-06:10,49.00,52.00,48.00,51.00,311.78,486.73,542.44,346.78,48.50,51.50,1.00,1.00,32363.09,29576.37,29556.37,32353.09,48,51,51,48,63706.50,63702.11,,
2026-06-22T06:06:02+08:00,btc-updown-5m-1782079500,https://polymarket.com/zh/event/btc-updown-5m-1782079500,06:05-06:10,48.00,53.00,47.00,52.00,564.23,162.07,162.07,508.57,47.50,52.50,1.00,1.00,32363.09,29581.37,29571.38,32358.09,47,52,52,47,63706.50,63702.11,,
2026-06-22T06:06:04+08:00,btc-updown-5m-1782079500,https://polymarket.com/zh/event/btc-updown-5m-1782079500,06:05-06:10,48.00,53.00,47.00,52.00,926.61,11.00,91.21,909.28,47.50,52.50,1.00,1.00,32048.09,29571.37,29576.38,32053.09,47,52,52,44,63706.50,63702.11,,
2026-06-22T06:06:06+08:00,btc-updown-5m-1782079500,https://polymarket.com/zh/event/btc-updown-5m-1782079500,06:05-06:10,42.00,59.00,41.00,58.00,422.19,182.97,182.97,397.65,41.50,58.50,1.00,1.00,31895.09,29503.37,29488.37,31880.09,41,58,58,41,63706.50,63687.25,,
2026-06-22T06:06:08+08:00,btc-updown-5m-1782079500,https://polymarket.com/zh/event/btc-updown-5m-1782079500,06:05-06:10,41.00,60.00,40.00,59.00,71.00,894.90,791.70,66.00,40.50,59.50,1.00,1.00,30715.09,28523.37,28513.37,30710.09,40,59,59,40,63706.50,63687.24,,
2026-06-22T06:06:10+08:00,btc-updown-5m-1782079500,https://polymarket.com/zh/event/btc-updown-5m-1782079500,06:05-06:10,41.00,60.00,40.00,59.00,250.56,469.38,454.38,217.56,40.50,59.50,1.00,1.00,30720.09,28623.37,28613.37,30710.09,40,59,59,40,63706.50,63688.32,,
2026-06-22T06:06:12+08:00,btc-updown-5m-1782079500,https://polymarket.com/zh/event/btc-updown-5m-1782079500,06:05-06:10,40.00,61.00,39.00,60.00,1338.91,387.82,387.82,1307.77,39.50,60.50,1.00,1.00,30711.09,28613.37,28628.37,30721.09,39,60,60,39,63706.50,63687.24,,
2026-06-22T06:06:14+08:00,btc-updown-5m-1782079500,https://polymarket.com/zh/event/btc-updown-5m-1782079500,06:05-06:10,40.00,61.00,39.00,60.00,1229.97,244.49,248.69,1192.62,39.50,60.50,1.00,1.00,30716.09,28608.37,28623.37,30721.09,39,60,60,39,63706.50,63687.25,,
2026-06-22T06:06:16+08:00,btc-updown-5m-1782079500,https://polymarket.com/zh/event/btc-updown-5m-1782079500,06:05-06:10,40.00,61.00,39.00,60.00,1321.89,283.84,283.84,1325.92,39.50,60.50,1.00,1.00,30721.09,28608.37,28623.37,30731.09,39,60,60,39,63706.50,63687.24,,
2026-06-22T06:06:17+08:00,btc-updown-5m-1782079500,https://polymarket.com/zh/event/btc-updown-5m-1782079500,06:05-06:10,40.00,61.00,39.00,60.00,1405.46,96.68,96.68,1428.46,39.50,60.50,1.00,1.00,30721.09,28618.37,28613.38,30716.09,39,60,60,39,63706.50,63687.25,,
2026-06-22T06:06:19+08:00,btc-updown-5m-1782079500,https://polymarket.com/zh/event/btc-updown-5m-1782079500,06:05-06:10,36.00,65.00,35.00,64.00,54.31,933.74,636.99,802.43,35.50,64.50,1.00,1.00,29601.09,28513.37,28528.37,29611.09,35,64,64,35,63706.50,63675.98,,
2026-06-22T06:06:21+08:00,btc-updown-5m-1782079500,https://polymarket.com/zh/event/btc-updown-5m-1782079500,06:05-06:10,37.00,64.00,36.00,63.00,381.57,515.36,551.86,338.57,36.50,63.50,1.00,1.00,29616.09,28528.38,28523.37,29606.09,36,63,63,36,63706.50,63676.00,,
2026-06-22T06:06:23+08:00,btc-updown-5m-1782079500,https://polymarket.com/zh/event/btc-updown-5m-1782079500,06:05-06:10,35.00,66.00,34.00,65.00,916.61,124.00,134.00,708.59,34.50,65.50,1.00,1.00,24726.09,28528.37,28508.37,24726.09,34,65,65,34,63706.50,63676.00,,
2026-06-22T06:06:25+08:00,btc-updown-5m-1782079500,https://polymarket.com/zh/event/btc-updown-5m-1782079500,06:05-06:10,35.00,66.00,34.00,65.00,142.54,805.22,754.79,197.54,34.50,65.50,1.00,1.00,24616.09,28538.38,28513.37,24606.09,34,65,65,34,63706.50,63676.00,,
2026-06-22T06:06:27+08:00,btc-updown-5m-1782079500,https://polymarket.com/zh/event/btc-updown-5m-1782079500,06:05-06:10,39.00,62.00,38.00,61.00,154.87,677.58,630.96,154.87,38.50,61.50,1.00,1.00,23996.09,27908.37,27933.37,23996.09,38,61,61,38,63706.50,63684.66,,
2026-06-22T06:06:29+08:00,btc-updown-5m-1782079500,https://polymarket.com/zh/event/btc-updown-5m-1782079500,06:05-06:10,39.00,62.00,38.00,61.00,278.14,414.90,379.90,270.31,38.50,61.50,1.00,1.00,24001.09,27913.37,27913.37,24001.09,38,61,61,38,63706.50,63684.66,,
2026-06-22T06:06:31+08:00,btc-updown-5m-1782079500,https://polymarket.com/zh/event/btc-updown-5m-1782079500,06:05-06:10,36.00,66.00,35.00,65.00,1263.98,45.00,9.00,956.18,35.50,65.50,1.00,1.00,28732.09,27434.37,27444.37,23702.09,35,64,65,34,63706.50,63684.44,,
2026-06-22T06:06:33+08:00,btc-updown-5m-1782079500,https://polymarket.com/zh/event/btc-updown-5m-1782079500,06:05-06:10,36.00,65.00,35.00,64.00,85.58,724.37,714.37,85.58,35.50,64.50,1.00,1.00,23143.09,27105.37,27095.37,23148.09,35,64,64,35,63706.50,63676.01,,
2026-06-22T06:06:35+08:00,btc-updown-5m-1782079500,https://polymarket.com/zh/event/btc-updown-5m-1782079500,06:05-06:10,36.00,65.00,35.00,64.00,858.84,45.45,45.45,847.54,35.50,64.50,1.00,1.00,23158.09,27100.37,27095.37,23143.09,35,64,64,35,63706.50,63676.01,,
2026-06-22T06:06:36+08:00,btc-updown-5m-1782079500,https://polymarket.com/zh/event/btc-updown-5m-1782079500,06:05-06:10,35.00,66.00,34.00,65.00,536.85,796.42,220.40,40.00,34.50,65.50,1.00,1.00,23178.09,27090.37,27110.37,23188.09,34,65,65,34,63706.50,63676.01,,
2026-06-22T06:06:38+08:00,btc-updown-5m-1782079500,https://polymarket.com/zh/event/btc-updown-5m-1782079500,06:05-06:10,30.00,71.00,29.00,70.00,33.33,228.28,25.00,356.26,29.50,70.50,1.00,1.00,23393.09,27010.38,27000.38,23663.09,29,69,70,29,63706.50,63666.19,,
2026-06-22T06:06:40+08:00,btc-updown-5m-1782079500,https://polymarket.com/zh/event/btc-updown-5m-1782079500,06:05-06:10,30.00,71.00,29.00,70.00,467.60,169.05,214.40,518.14,29.50,70.50,1.00,1.00,23868.09,27000.37,27100.37,23903.09,29,70,70,29,63706.50,63666.39,,
2026-06-22T06:06:42+08:00,btc-updown-5m-1782079500,https://polymarket.com/zh/event/btc-updown-5m-1782079500,06:05-06:10,30.00,72.00,29.00,71.00,631.47,286.45,83.50,80.00,29.50,71.50,1.00,1.00,23873.09,27090.37,27105.37,23868.09,29,70,71,28,63706.50,63666.38,,
2026-06-22T06:06:44+08:00,btc-updown-5m-1782079500,https://polymarket.com/zh/event/btc-updown-5m-1782079500,06:05-06:10,28.00,73.00,27.00,72.00,624.89,128.07,163.07,579.88,27.50,72.50,1.00,1.00,23703.09,27000.37,27000.38,23698.09,27,72,72,27,63706.50,63666.39,,
2026-06-22T06:06:46+08:00,btc-updown-5m-1782079500,https://polymarket.com/zh/event/btc-updown-5m-1782079500,06:05-06:10,28.00,73.00,27.00,72.00,589.59,80.32,80.32,535.33,27.50,72.50,1.00,1.00,23503.09,27010.37,27000.37,23503.09,27,72,72,27,63706.50,63666.19,,
2026-06-22T06:06:48+08:00,btc-updown-5m-1782079500,https://polymarket.com/zh/event/btc-updown-5m-1782079500,06:05-06:10,28.00,74.00,27.00,73.00,578.12,222.42,61.01,80.00,27.50,73.50,1.00,1.00,23398.09,27015.37,26990.37,23433.09,27,72,73,26,63706.50,63666.18,,
2026-06-22T06:06:50+08:00,btc-updown-5m-1782079500,https://polymarket.com/zh/event/btc-updown-5m-1782079500,06:05-06:10,24.00,77.00,23.00,76.00,646.03,796.45,449.77,440.02,23.50,76.50,1.00,1.00,23743.09,27010.37,26995.37,23743.09,23,76,76,23,63706.50,63661.95,,
2026-06-22T06:06:52+08:00,btc-updown-5m-1782079500,https://polymarket.com/zh/event/btc-updown-5m-1782079500,06:05-06:10,20.00,81.00,19.00,80.00,878.74,101.18,222.00,874.64,19.50,80.50,1.00,1.00,22153.09,27000.38,27015.37,22153.09,19,80,80,19,63706.50,63653.85,,
2026-06-22T06:06:54+08:00,btc-updown-5m-1782079500,https://polymarket.com/zh/event/btc-updown-5m-1782079500,06:05-06:10,19.00,84.00,18.00,81.00,1240.32,18.45,3.18,1079.05,18.50,82.50,1.00,3.00,22216.09,27010.37,27005.37,21884.30,17,81,81,16,63706.50,63644.71,,
2026-06-22T06:06:55+08:00,btc-updown-5m-1782079500,https://polymarket.com/zh/event/btc-updown-5m-1782079500,06:05-06:10,21.00,79.00,20.00,78.00,370.23,288.28,331.42,133.31,20.50,78.50,1.00,1.00,22305.09,27005.37,27000.37,21958.09,20,79,78,21,63706.50,63643.44,,
2026-06-22T06:06:57+08:00,btc-updown-5m-1782079500,https://polymarket.com/zh/event/btc-updown-5m-1782079500,06:05-06:10,21.00,80.00,20.00,79.00,723.02,13.65,8.65,734.38,20.50,79.50,1.00,1.00,22686.09,27005.37,26995.37,22709.85,20,79,79,20,63706.50,63650.02,,
2026-06-22T06:06:59+08:00,btc-updown-5m-1782079500,https://polymarket.com/zh/event/btc-updown-5m-1782079500,06:05-06:10,21.00,80.00,20.00,79.00,50.00,85.49,202.99,345.77,20.50,79.50,1.00,1.00,23164.85,26995.38,27000.37,23164.85,20,79,79,20,63706.50,63650.03,,
2026-06-22T06:07:01+08:00,btc-updown-5m-1782079500,https://polymarket.com/zh/event/btc-updown-5m-1782079500,06:05-06:10,20.00,81.00,19.00,80.00,142.40,586.13,443.13,85.05,19.50,80.50,1.00,1.00,22346.85,26977.37,26977.37,22351.85,19,80,80,19,63706.50,63650.02,,
2026-06-22T06:07:03+08:00,btc-updown-5m-1782079500,https://polymarket.com/zh/event/btc-updown-5m-1782079500,06:05-06:10,21.00,80.00,20.00,79.00,376.50,365.33,340.33,258.88,20.50,79.50,1.00,1.00,22747.85,26907.37,26927.37,22747.85,20,79,79,20,63706.50,63647.76,,
2026-06-22T06:07:05+08:00,btc-updown-5m-1782079500,https://polymarket.com/zh/event/btc-updown-5m-1782079500,06:05-06:10,21.00,80.00,20.00,79.00,509.42,152.17,152.17,509.42,20.50,79.50,1.00,1.00,22728.85,26888.38,26893.37,22728.85,20,79,79,20,63706.50,63647.76,,
2026-06-22T06:07:07+08:00,btc-updown-5m-1782079500,https://polymarket.com/zh/event/btc-updown-5m-1782079500,06:05-06:10,21.00,79.00,20.00,78.00,0.23,510.13,817.31,145.50,20.50,78.50,1.00,1.00,21931.85,26848.37,26848.37,21486.85,20,79,78,21,63706.50,63653.81,,
2026-06-22T06:07:09+08:00,btc-updown-5m-1782079500,https://polymarket.com/zh/event/btc-updown-5m-1782079500,06:05-06:10,20.00,81.00,19.00,80.00,349.32,337.83,480.36,442.84,19.50,80.50,1.00,1.00,21481.85,26853.37,26848.37,21500.85,19,80,80,19,63706.50,63652.66,,
2026-06-22T06:07:10+08:00,btc-updown-5m-1782079500,https://polymarket.com/zh/event/btc-updown-5m-1782079500,06:05-06:10,11.00,90.00,10.00,89.00,274.22,499.95,691.11,268.92,10.50,89.50,1.00,1.00,24926.11,26843.37,26853.38,24441.11,10,89,89,10,63706.50,63621.99,,
2026-06-22T06:07:12+08:00,btc-updown-5m-1782079500,https://polymarket.com/zh/event/btc-updown-5m-1782079500,06:05-06:10,11.00,90.00,10.00,89.00,221.18,760.39,685.39,212.08,10.50,89.50,1.00,1.00,24761.35,26843.37,26843.37,24766.35,10,89,89,10,63706.50,63625.99,,
2026-06-22T06:07:14+08:00,btc-updown-5m-1782079500,https://polymarket.com/zh/event/btc-updown-5m-1782079500,06:05-06:10,12.00,89.00,11.00,88.00,511.59,182.40,195.72,596.70,11.50,88.50,1.00,1.00,25048.35,26798.37,26803.37,25048.35,11,88,88,11,63706.50,63623.99,,
2026-06-22T06:07:16+08:00,btc-updown-5m-1782079500,https://polymarket.com/zh/event/btc-updown-5m-1782079500,06:05-06:10,11.00,90.00,10.00,89.00,105.23,589.35,633.14,40.00,10.50,89.50,1.00,1.00,23214.35,26793.37,26803.38,23719.35,10,89,89,10,63706.50,63623.99,,
2026-06-22T06:07:18+08:00,btc-updown-5m-1782079500,https://polymarket.com/zh/event/btc-updown-5m-1782079500,06:05-06:10,14.00,87.00,13.00,86.00,995.32,98.66,153.21,1092.39,13.50,86.50,1.00,1.00,23880.64,26803.37,26808.37,24549.64,13,86,86,13,63706.50,63627.55,,
2026-06-22T06:07:20+08:00,btc-updown-5m-1782079500,https://polymarket.com/zh/event/btc-updown-5m-1782079500,06:05-06:10,16.00,85.00,15.00,84.00,175.00,1017.36,1026.88,151.98,15.50,84.50,1.00,1.00,23808.83,26798.38,26813.37,23493.83,15,84,84,15,63706.50,63634.57,,
2026-06-22T06:07:22+08:00,btc-updown-5m-1782079500,https://polymarket.com/zh/event/btc-updown-5m-1782079500,06:05-06:10,18.00,83.00,17.00,82.00,458.30,177.57,136.57,498.38,17.50,82.50,1.00,1.00,22895.66,26813.37,26788.37,22900.66,17,82,82,17,63706.50,63636.19,,
2026-06-22T06:07:24+08:00,btc-updown-5m-1782079500,https://polymarket.com/zh/event/btc-updown-5m-1782079500,06:05-06:10,19.00,82.00,18.00,81.00,397.50,436.53,729.00,557.93,18.50,81.50,1.00,1.00,22945.74,26798.37,26708.37,22915.74,18,81,81,18,63706.50,63641.10,,
2026-06-22T06:07:26+08:00,btc-updown-5m-1782079500,https://polymarket.com/zh/event/btc-updown-5m-1782079500,06:05-06:10,19.00,82.00,18.00,81.00,734.76,264.98,268.08,730.76,18.50,81.50,1.00,1.00,22610.74,26703.37,26713.37,22155.74,18,81,81,18,63706.50,63642.32,,
2026-06-22T06:07:27+08:00,btc-updown-5m-1782079500,https://polymarket.com/zh/event/btc-updown-5m-1782079500,06:05-06:10,19.00,82.00,18.00,81.00,660.41,213.96,213.96,695.08,18.50,81.50,1.00,1.00,22155.74,26708.37,26708.37,22160.74,18,81,81,18,63706.50,63642.32,,
2026-06-22T06:07:29+08:00,btc-updown-5m-1782079500,https://polymarket.com/zh/event/btc-updown-5m-1782079500,06:05-06:10,13.00,89.00,12.00,88.00,9.72,115.67,24.50,303.40,12.50,88.50,1.00,1.00,21341.10,26718.38,26713.37,23136.52,12,87,88,11,63706.50,63635.96,,
2026-06-22T06:07:31+08:00,btc-updown-5m-1782079500,https://polymarket.com/zh/event/btc-updown-5m-1782079500,06:05-06:10,12.00,89.00,11.00,88.00,701.29,592.04,454.54,643.31,11.50,88.50,1.00,1.00,23578.72,26656.37,26671.37,24090.10,11,88,88,11,63706.50,63629.79,,
2026-06-22T06:07:33+08:00,btc-updown-5m-1782079500,https://polymarket.com/zh/event/btc-updown-5m-1782079500,06:05-06:10,12.00,89.00,11.00,88.00,307.37,618.50,568.50,307.37,11.50,88.50,1.00,1.00,24718.72,26666.37,26656.37,24728.72,11,88,88,11,63706.50,63629.77,,
2026-06-22T06:07:35+08:00,btc-updown-5m-1782079500,https://polymarket.com/zh/event/btc-updown-5m-1782079500,06:05-06:10,11.00,91.00,10.00,90.00,1589.10,89.57,17.95,840.65,10.50,90.50,1.00,1.00,21958.29,26560.37,26555.38,21287.46,10,89,90,9,63706.50,63629.37,,
2026-06-22T06:07:37+08:00,btc-updown-5m-1782079500,https://polymarket.com/zh/event/btc-updown-5m-1782079500,06:05-06:10,9.00,92.00,8.00,91.00,887.29,401.82,113.86,751.11,8.50,91.50,1.00,1.00,23230.36,26555.38,26545.37,23390.19,8,91,91,8,63706.50,63613.36,,
2026-06-22T06:07:39+08:00,btc-updown-5m-1782079500,https://polymarket.com/zh/event/btc-updown-5m-1782079500,06:05-06:10,10.00,91.00,9.00,90.00,189.78,1081.32,934.33,36.64,9.50,90.50,1.00,1.00,22009.13,26550.37,26570.38,22826.32,9,90,90,9,63706.50,63618.02,,
2026-06-22T06:07:41+08:00,btc-updown-5m-1782079500,https://polymarket.com/zh/event/btc-updown-5m-1782079500,06:05-06:10,12.00,89.00,11.00,88.00,865.33,109.22,107.22,885.32,11.50,88.50,1.00,1.00,23540.72,26555.37,26550.37,23550.72,11,88,88,11,63706.50,63626.62,,
2026-06-22T06:07:43+08:00,btc-updown-5m-1782079500,https://polymarket.com/zh/event/btc-updown-5m-1782079500,06:05-06:10,12.00,89.00,11.00,88.00,243.85,234.73,239.73,339.81,11.50,88.50,1.00,1.00,22634.48,26555.37,26550.37,22747.48,11,88,88,11,63706.50,63629.56,,
2026-06-22T06:07:44+08:00,btc-updown-5m-1782079500,https://polymarket.com/zh/event/btc-updown-5m-1782079500,06:05-06:10,8.00,93.00,7.00,92.00,404.06,566.73,462.11,414.84,7.50,92.50,1.00,1.00,21613.41,26480.37,26480.37,21662.63,7,92,92,7,63706.50,63627.03,,
2026-06-22T06:07:46+08:00,btc-updown-5m-1782079500,https://polymarket.com/zh/event/btc-updown-5m-1782079500,06:05-06:10,9.00,92.00,8.00,90.00,204.82,1258.85,525.06,5.00,8.50,91.00,1.00,2.00,23375.59,26470.37,26480.37,23180.75,8,91,89,8,63706.50,63621.45,,
2026-06-22T06:07:48+08:00,btc-updown-5m-1782079500,https://polymarket.com/zh/event/btc-updown-5m-1782079500,06:05-06:10,14.00,87.00,13.00,86.00,795.86,99.61,99.61,919.73,13.50,86.50,1.00,1.00,21973.01,26475.37,26480.37,21957.01,13,86,86,13,63706.50,63633.60,,
2026-06-22T06:07:50+08:00,btc-updown-5m-1782079500,https://polymarket.com/zh/event/btc-updown-5m-1782079500,06:05-06:10,18.00,77.00,17.00,73.00,291.43,5.00,740.64,53.55,17.50,75.00,1.00,4.00,20147.79,26390.38,26385.38,22147.79,17,80,73,18,63706.50,63641.30,,
2026-06-22T06:07:52+08:00,btc-updown-5m-1782079500,https://polymarket.com/zh/event/btc-updown-5m-1782079500,06:05-06:10,27.00,74.00,26.00,73.00,260.30,444.50,394.50,236.01,26.50,73.50,1.00,1.00,20279.79,26475.37,26480.37,20274.79,26,73,73,26,63706.50,63672.54,,
2026-06-22T06:07:54+08:00,btc-updown-5m-1782079500,https://polymarket.com/zh/event/btc-updown-5m-1782079500,06:05-06:10,28.00,73.00,27.00,72.00,82.55,452.21,627.51,60.05,27.50,72.50,1.00,1.00,20144.79,26362.37,26425.37,20144.79,27,72,72,27,63706.50,63672.54,,
2026-06-22T06:07:56+08:00,btc-updown-5m-1782079500,https://polymarket.com/zh/event/btc-updown-5m-1782079500,06:05-06:10,28.00,73.00,27.00,72.00,78.02,464.90,547.49,75.21,27.50,72.50,1.00,1.00,21622.95,26425.37,26415.37,21627.95,27,72,72,27,63706.50,63672.54,,
2026-06-22T06:07:58+08:00,btc-updown-5m-1782079500,https://polymarket.com/zh/event/btc-updown-5m-1782079500,06:05-06:10,28.00,73.00,27.00,72.00,807.38,5.24,15.00,881.28,27.50,72.50,1.00,1.00,21622.95,26430.37,26420.37,21622.95,27,72,72,27,63706.50,63671.38,,
2026-06-22T06:08:00+08:00,btc-updown-5m-1782079500,https://polymarket.com/zh/event/btc-updown-5m-1782079500,06:05-06:10,23.00,78.00,22.00,77.00,649.42,300.30,300.30,589.42,22.50,77.50,1.00,1.00,22727.95,26315.37,26085.37,22482.95,22,77,77,22,63706.50,63666.00,,
2026-06-22T06:08:02+08:00,btc-updown-5m-1782079500,https://polymarket.com/zh/event/btc-updown-5m-1782079500,06:05-06:10,23.00,78.00,22.00,77.00,705.22,284.13,279.13,689.47,22.50,77.50,1.00,1.00,22026.95,25649.37,25664.37,22026.95,22,77,77,22,63706.50,63666.01,,
2026-06-22T06:08:03+08:00,btc-updown-5m-1782079500,https://polymarket.com/zh/event/btc-updown-5m-1782079500,06:05-06:10,23.00,78.00,22.00,77.00,675.98,149.91,144.91,657.82,22.50,77.50,1.00,1.00,19791.95,25424.38,25429.37,19791.95,22,77,77,22,63706.50,63666.00,,
2026-06-22T06:08:05+08:00,btc-updown-5m-1782079500,https://polymarket.com/zh/event/btc-updown-5m-1782079500,06:05-06:10,20.00,81.00,19.00,80.00,705.02,231.93,231.93,709.94,19.50,80.50,1.00,1.00,19101.95,25289.37,25294.38,19096.95,19,80,80,19,63706.50,63661.95,,
2026-06-22T06:08:07+08:00,btc-updown-5m-1782079500,https://polymarket.com/zh/event/btc-updown-5m-1782079500,06:05-06:10,20.00,81.00,19.00,80.00,382.27,369.42,282.43,179.55,19.50,80.50,1.00,1.00,20101.93,25309.37,25279.37,20101.93,19,80,80,19,63706.50,63658.03,,
2026-06-22T06:08:09+08:00,btc-updown-5m-1782079500,https://polymarket.com/zh/event/btc-updown-5m-1782079500,06:05-06:10,22.00,79.00,21.00,78.00,224.15,581.60,611.60,224.15,21.50,78.50,1.00,1.00,20146.95,25294.38,25289.37,20151.95,21,78,78,21,63706.50,63664.65,,
2026-06-22T06:08:11+08:00,btc-updown-5m-1782079500,https://polymarket.com/zh/event/btc-updown-5m-1782079500,06:05-06:10,22.00,79.00,21.00,78.00,507.04,196.29,191.29,498.53,21.50,78.50,1.00,1.00,19201.95,25129.37,25144.38,19191.95,21,78,78,21,63706.50,63664.65,,
2026-06-22T06:08:13+08:00,btc-updown-5m-1782079500,https://polymarket.com/zh/event/btc-updown-5m-1782079500,06:05-06:10,19.00,82.00,18.00,81.00,480.03,46.00,76.00,654.14,18.50,81.50,1.00,1.00,20359.21,25129.37,25144.37,18476.95,18,81,81,18,63706.50,63664.65,,
2026-06-22T06:08:15+08:00,btc-updown-5m-1782079500,https://polymarket.com/zh/event/btc-updown-5m-1782079500,06:05-06:10,18.00,83.00,17.00,82.00,378.71,211.10,99.88,169.45,17.50,82.50,1.00,1.00,19905.02,25144.37,25134.37,20210.02,17,82,82,17,63706.50,63654.00,,
2026-06-22T06:08:17+08:00,btc-updown-5m-1782079500,https://polymarket.com/zh/event/btc-updown-5m-1782079500,06:05-06:10,15.00,86.00,14.00,85.00,505.60,70.83,88.00,806.62,14.50,85.50,1.00,1.00,20965.05,24479.37,24479.37,18336.17,14,85,85,14,63706.50,63655.73,,
2026-06-22T06:08:18+08:00,btc-updown-5m-1782079500,https://polymarket.com/zh/event/btc-updown-5m-1782079500,06:05-06:10,11.00,90.00,10.00,89.00,546.14,188.21,206.53,571.35,10.50,89.50,1.00,1.00,19159.71,24479.37,24489.37,19321.26,10,89,89,10,63706.50,63640.53,,
2026-06-22T06:08:20+08:00,btc-updown-5m-1782079500,https://polymarket.com/zh/event/btc-updown-5m-1782079500,06:05-06:10,11.00,90.00,10.00,89.00,223.83,333.90,305.90,246.18,10.50,89.50,1.00,1.00,19223.09,24221.02,23756.02,19228.09,10,89,89,10,63706.50,63636.87,,
2026-06-22T06:08:22+08:00,btc-updown-5m-1782079500,https://polymarket.com/zh/event/btc-updown-5m-1782079500,06:05-06:10,11.00,91.00,10.00,90.00,767.01,119.37,4.37,262.14,10.50,90.50,1.00,1.00,18924.26,23766.03,23766.02,17883.81,10,89,90,9,63706.50,63637.97,,
2026-06-22T06:08:24+08:00,btc-updown-5m-1782079500,https://polymarket.com/zh/event/btc-updown-5m-1782079500,06:05-06:10,9.00,92.00,8.00,91.00,285.70,438.86,286.36,267.80,8.50,91.50,1.00,1.00,20442.64,23776.02,23761.02,21042.64,8,91,91,8,63706.50,63633.60,,
2026-06-22T06:08:26+08:00,btc-updown-5m-1782079500,https://polymarket.com/zh/event/btc-updown-5m-1782079500,06:05-06:10,9.00,92.00,8.00,91.00,291.79,378.09,393.09,281.79,8.50,91.50,1.00,1.00,20580.64,23521.02,23511.03,20575.64,8,91,91,8,63706.50,63633.60,,
2026-06-22T06:08:28+08:00,btc-updown-5m-1782079500,https://polymarket.com/zh/event/btc-updown-5m-1782079500,06:05-06:10,9.00,92.00,8.00,91.00,57.56,191.26,418.69,77.07,8.50,91.50,1.00,1.00,20192.64,23511.02,23501.02,18351.64,8,91,91,8,63706.50,63633.60,,
2026-06-22T06:08:30+08:00,btc-updown-5m-1782079500,https://polymarket.com/zh/event/btc-updown-5m-1782079500,06:05-06:10,7.00,94.00,6.00,93.00,311.00,336.94,269.13,309.14,6.50,93.50,1.00,1.00,17878.37,23401.02,23396.02,18082.01,6,93,93,6,63706.50,63633.61,,
2026-06-22T06:08:32+08:00,btc-updown-5m-1782079500,https://polymarket.com/zh/event/btc-updown-5m-1782079500,06:05-06:10,7.00,94.00,6.00,93.00,368.07,281.49,318.62,329.63,6.50,93.50,1.00,1.00,19767.78,23316.02,23321.02,19785.82,6,93,93,6,63706.50,63629.95,,
2026-06-22T06:08:34+08:00,btc-updown-5m-1782079500,https://polymarket.com/zh/event/btc-updown-5m-1782079500,06:05-06:10,6.00,95.00,5.00,94.00,38.82,781.47,776.89,90.82,5.50,94.50,1.00,1.00,19337.13,23271.02,23261.03,19290.26,5,94,94,5,63706.50,63629.95,,
2026-06-22T06:08:36+08:00,btc-updown-5m-1782079500,https://polymarket.com/zh/event/btc-updown-5m-1782079500,06:05-06:10,6.00,95.00,5.00,94.00,42.22,503.39,659.19,25.55,5.50,94.50,1.00,1.00,19801.64,22756.02,22761.02,19431.84,5,94,94,5,63706.50,63629.96,,
2026-06-22T06:08:38+08:00,btc-updown-5m-1782079500,https://polymarket.com/zh/event/btc-updown-5m-1782079500,06:05-06:10,4.00,97.00,3.00,96.00,630.73,692.93,724.15,637.93,3.50,96.50,1.00,1.00,15148.91,22631.02,22626.02,15148.69,3,96,96,3,63706.50,63617.41,,
2026-06-22T06:08:40+08:00,btc-updown-5m-1782079500,https://polymarket.com/zh/event/btc-updown-5m-1782079500,06:05-06:10,4.00,97.00,3.00,96.00,407.72,120.10,135.10,457.42,3.50,96.50,1.00,1.00,9721.26,21963.02,21968.02,9193.26,3,96,96,3,63706.50,63609.44,,
2026-06-22T06:08:42+08:00,btc-updown-5m-1782079500,https://polymarket.com/zh/event/btc-updown-5m-1782079500,06:05-06:10,3.00,98.00,2.00,97.00,294.53,1395.10,1401.22,294.53,2.50,97.50,1.00,1.00,8817.63,22093.03,22098.02,9391.33,2,97,97,2,63706.50,63609.45,,
2026-06-22T06:08:43+08:00,btc-updown-5m-1782079500,https://polymarket.com/zh/event/btc-updown-5m-1782079500,06:05-06:10,3.00,98.00,2.00,97.00,555.95,726.24,793.22,552.27,2.50,97.50,1.00,1.00,8397.45,21808.02,21808.03,8300.47,2,97,97,2,63706.50,63604.71,,
2026-06-22T06:08:45+08:00,btc-updown-5m-1782079500,https://polymarket.com/zh/event/btc-updown-5m-1782079500,06:05-06:10,4.00,98.00,3.00,97.00,313.63,321.63,8.96,158.07,3.50,97.50,1.00,1.00,8380.82,21601.13,21596.13,8406.86,3,96,97,2,63706.50,63607.97,,
2026-06-22T06:08:47+08:00,btc-updown-5m-1782079500,https://polymarket.com/zh/event/btc-updown-5m-1782079500,06:05-06:10,3.00,98.00,2.00,95.00,5.00,565.67,575.83,673.40,2.50,96.50,1.00,3.00,8674.15,21511.71,21506.70,8663.99,2,97,95,2,63706.50,63604.71,,
2026-06-22T06:08:49+08:00,btc-updown-5m-1782079500,https://polymarket.com/zh/event/btc-updown-5m-1782079500,06:05-06:10,3.00,98.00,2.00,97.00,48.00,447.60,459.65,48.00,2.50,97.50,1.00,1.00,7918.27,21322.64,21312.64,7906.22,2,97,97,2,63706.50,63604.70,,
2026-06-22T06:08:51+08:00,btc-updown-5m-1782079500,https://polymarket.com/zh/event/btc-updown-5m-1782079500,06:05-06:10,3.00,98.00,2.00,97.00,64.91,301.12,352.30,59.91,2.50,97.50,1.00,1.00,7363.92,20822.64,20812.64,7312.74,2,97,97,2,63706.50,63604.70,,
2026-06-22T06:08:53+08:00,btc-updown-5m-1782079500,https://polymarket.com/zh/event/btc-updown-5m-1782079500,06:05-06:10,3.00,98.00,2.00,97.00,162.62,150.18,70.18,77.30,2.50,97.50,1.00,1.00,7009.10,20827.64,20837.64,7114.10,2,97,97,2,63706.50,63604.70,,
2026-06-22T06:08:55+08:00,btc-updown-5m-1782079500,https://polymarket.com/zh/event/btc-updown-5m-1782079500,06:05-06:10,4.00,97.00,3.00,96.00,480.74,730.47,719.98,622.79,3.50,96.50,1.00,1.00,7431.84,20817.64,20827.64,7518.16,3,96,96,3,63706.50,63604.70,,
2026-06-22T06:08:57+08:00,btc-updown-5m-1782079500,https://polymarket.com/zh/event/btc-updown-5m-1782079500,06:05-06:10,4.00,97.00,3.00,96.00,489.69,749.63,796.71,514.00,3.50,96.50,1.00,1.00,7640.40,20817.64,20827.64,7593.32,3,96,96,3,63706.50,63605.10,,
2026-06-22T06:08:59+08:00,btc-updown-5m-1782079500,https://polymarket.com/zh/event/btc-updown-5m-1782079500,06:05-06:10,4.00,97.00,3.00,96.00,596.30,519.23,510.27,497.85,3.50,96.50,1.00,1.00,7385.96,20817.64,20817.64,7394.92,3,96,96,3,63706.50,63612.57,,
2026-06-22T06:09:01+08:00,btc-updown-5m-1782079500,https://polymarket.com/zh/event/btc-updown-5m-1782079500,06:05-06:10,4.00,97.00,3.00,96.00,597.17,384.77,440.95,663.16,3.50,96.50,1.00,1.00,7404.60,21017.64,21027.64,7288.42,3,96,96,3,63706.50,63612.57,,
2026-06-22T06:09:02+08:00,btc-updown-5m-1782079500,https://polymarket.com/zh/event/btc-updown-5m-1782079500,06:05-06:10,4.00,97.00,3.00,96.00,717.60,20.58,33.58,738.60,3.50,96.50,1.00,1.00,6177.33,21272.64,21277.64,6189.33,3,96,96,3,63706.50,63601.20,,
2026-06-22T06:09:04+08:00,btc-updown-5m-1782079500,https://polymarket.com/zh/event/btc-updown-5m-1782079500,06:05-06:10,1.00,,,99.00,24616.78,,,25913.88,,,,,,21177.64,21172.64,,0,99,99,0,63706.50,63583.77,,
2026-06-22T06:09:06+08:00,btc-updown-5m-1782079500,https://polymarket.com/zh/event/btc-updown-5m-1782079500,06:05-06:10,1.00,,,99.00,33270.10,,,33263.93,,,,,,21167.64,21177.64,,0,99,99,0,63706.50,63550.70,,
2026-06-22T06:09:08+08:00,btc-updown-5m-1782079500,https://polymarket.com/zh/event/btc-updown-5m-1782079500,06:05-06:10,1.00,,,99.00,24444.21,,,24444.21,,,,,,21162.64,21177.64,,0,99,99,0,63706.50,63568.79,,
2026-06-22T06:09:10+08:00,btc-updown-5m-1782079500,https://polymarket.com/zh/event/btc-updown-5m-1782079500,06:05-06:10,1.00,,,99.00,24839.65,,,24247.65,,,,,,21167.64,21182.64,,0,99,99,0,63706.50,63566.98,,
2026-06-22T06:09:12+08:00,btc-updown-5m-1782079500,https://polymarket.com/zh/event/btc-updown-5m-1782079500,06:05-06:10,1.00,,,99.00,22710.43,,,22710.43,,,,,,21167.64,21182.64,,0,99,99,0,63706.50,63556.65,,
2026-06-22T06:09:14+08:00,btc-updown-5m-1782079500,https://polymarket.com/zh/event/btc-updown-5m-1782079500,06:05-06:10,1.00,,,99.00,26006.69,,,26816.29,,,,,,21167.64,21182.64,,0,99,99,0,63706.50,63532.35,,
2026-06-22T06:09:16+08:00,btc-updown-5m-1782079500,https://polymarket.com/zh/event/btc-updown-5m-1782079500,06:05-06:10,1.00,,,99.00,31964.16,,,31964.16,,,,,,21172.64,21162.64,,0,99,99,0,63706.50,63524.30,,
2026-06-22T06:09:17+08:00,btc-updown-5m-1782079500,https://polymarket.com/zh/event/btc-updown-5m-1782079500,06:05-06:10,1.00,,,99.00,36965.19,,,36965.19,,,,,,21177.64,21192.64,,0,99,99,0,63706.50,63525.99,,
2026-06-22T06:09:19+08:00,btc-updown-5m-1782079500,https://polymarket.com/zh/event/btc-updown-5m-1782079500,06:05-06:10,1.00,,,99.00,37255.03,,,37255.03,,,,,,21167.64,21172.64,,0,99,99,0,63706.50,63519.52,,
2026-06-22T06:09:21+08:00,btc-updown-5m-1782079500,https://polymarket.com/zh/event/btc-updown-5m-1782079500,06:05-06:10,1.00,,,99.00,38479.85,,,38484.90,,,,,,21197.64,21187.64,,0,99,99,0,63706.50,63508.06,,
2026-06-22T06:09:23+08:00,btc-updown-5m-1782079500,https://polymarket.com/zh/event/btc-updown-5m-1782079500,06:05-06:10,1.00,,,99.00,38493.58,,,38503.68,,,,,,21207.64,21192.64,,0,99,99,0,63706.50,63514.52,,
2026-06-22T06:09:25+08:00,btc-updown-5m-1782079500,https://polymarket.com/zh/event/btc-updown-5m-1782079500,06:05-06:10,1.00,,,99.00,38976.63,,,38976.63,,,,,,21192.64,21192.64,,0,99,99,0,63706.50,63524.12,,
2026-06-22T06:09:27+08:00,btc-updown-5m-1782079500,https://polymarket.com/zh/event/btc-updown-5m-1782079500,06:05-06:10,1.00,,,99.00,39060.38,,,39065.43,,,,,,21197.64,21207.64,,0,99,99,0,63706.50,63529.97,,
2026-06-22T06:09:29+08:00,btc-updown-5m-1782079500,https://polymarket.com/zh/event/btc-updown-5m-1782079500,06:05-06:10,1.00,,,99.00,42554.09,,,42554.09,,,,,,21192.64,21202.64,,0,99,99,0,63706.50,63544.46,,
2026-06-22T06:09:31+08:00,btc-updown-5m-1782079500,https://polymarket.com/zh/event/btc-updown-5m-1782079500,06:05-06:10,1.00,,,99.00,44904.29,,,44904.29,,,,,,20997.64,21002.64,,0,99,99,0,63706.50,63532.34,,
2026-06-22T06:09:32+08:00,btc-updown-5m-1782079500,https://polymarket.com/zh/event/btc-updown-5m-1782079500,06:05-06:10,1.00,,,99.00,45317.24,,,45317.24,,,,,,20987.64,20997.64,,0,99,99,0,63706.50,63528.30,,
2026-06-22T06:09:34+08:00,btc-updown-5m-1782079500,https://polymarket.com/zh/event/btc-updown-5m-1782079500,06:05-06:10,1.00,,,99.00,45656.91,,,45646.81,,,,,,20997.64,20997.64,,0,99,99,0,63706.50,63533.22,,
2026-06-22T06:09:36+08:00,btc-updown-5m-1782079500,https://polymarket.com/zh/event/btc-updown-5m-1782079500,06:05-06:10,1.00,,,99.00,50329.21,,,50329.21,,,,,,20425.65,20440.65,,0,80,80,0,63706.50,63524.25,,
2026-06-22T06:09:38+08:00,btc-updown-5m-1782079500,https://polymarket.com/zh/event/btc-updown-5m-1782079500,06:05-06:10,1.00,,,99.00,50229.31,,,50119.21,,,,,,20435.65,20425.65,,0,80,80,0,63706.50,63534.64,,
2026-06-22T06:09:40+08:00,btc-updown-5m-1782079500,https://polymarket.com/zh/event/btc-updown-5m-1782079500,06:05-06:10,1.00,,,99.00,49685.25,,,49685.25,,,,,,20380.65,20390.65,,0,80,80,0,63706.50,63534.65,,
2026-06-22T06:09:42+08:00,btc-updown-5m-1782079500,https://polymarket.com/zh/event/btc-updown-5m-1782079500,06:05-06:10,1.00,,,99.00,49883.02,,,49880.92,,,,,,20414.65,20414.65,,0,79,79,0,63706.50,63534.65,,
2026-06-22T06:09:44+08:00,btc-updown-5m-1782079500,https://polymarket.com/zh/event/btc-updown-5m-1782079500,06:05-06:10,1.00,,,99.00,49984.24,,,49933.74,,,,,,20439.65,20429.66,,0,79,79,0,63706.50,63534.57,,
2026-06-22T06:09:46+08:00,btc-updown-5m-1782079500,https://polymarket.com/zh/event/btc-updown-5m-1782079500,06:05-06:10,1.00,,,99.00,49753.62,,,49763.72,,,,,,20004.55,20004.55,,0,79,79,0,63706.50,63557.94,,
2026-06-22T06:09:48+08:00,btc-updown-5m-1782079500,https://polymarket.com/zh/event/btc-updown-5m-1782079500,06:05-06:10,1.00,,,99.00,49810.43,,,49759.93,,,,,,19999.55,20014.55,,0,78,78,0,63706.50,63533.15,,
2026-06-22T06:09:50+08:00,btc-updown-5m-1782079500,https://polymarket.com/zh/event/btc-updown-5m-1782079500,06:05-06:10,1.00,,,99.00,49843.77,,,49855.77,,,,,,20009.55,14784.55,,0,76,76,0,63706.50,63544.49,,
2026-06-22T06:09:52+08:00,btc-updown-5m-1782079500,https://polymarket.com/zh/event/btc-updown-5m-1782079500,06:05-06:10,1.00,,,99.00,49920.77,,,49920.77,,,,,,12174.55,12164.55,,0,76,76,0,63706.50,63522.68,,
2026-06-22T06:09:53+08:00,btc-updown-5m-1782079500,https://polymarket.com/zh/event/btc-updown-5m-1782079500,06:05-06:10,1.00,,,99.00,54528.87,,,54549.07,,,,,,12169.55,12174.55,,0,76,76,0,63706.50,63533.77,,
2026-06-22T06:09:55+08:00,btc-updown-5m-1782079500,https://polymarket.com/zh/event/btc-updown-5m-1782079500,06:05-06:10,1.00,,,99.00,55155.76,,,55155.76,,,,,,12149.55,12159.55,,0,76,76,0,63706.50,63504.64,,
2026-06-22T06:09:57+08:00,btc-updown-5m-1782079500,https://polymarket.com/zh/event/btc-updown-5m-1782079500,06:05-06:10,1.00,,,99.00,56755.47,,,56830.08,,,,,,12149.55,12149.55,,0,75,80,0,63706.50,63504.00,,
2026-06-22T06:09:59+08:00,btc-updown-5m-1782079500,https://polymarket.com/zh/event/btc-updown-5m-1782079500,06:05-06:10,1.00,,,99.00,62120.69,,,65950.90,,,,,,12144.55,11949.55,,0,83,78,0,63706.50,63504.64,,
2026-06-22T06:10:01+08:00,btc-updown-5m-1782079800,https://polymarket.com/zh/event/btc-updown-5m-1782079800,06:10-06:15,54.00,47.00,53.00,45.00,33.70,421.29,105.53,425.97,53.50,46.00,1.00,2.00,23438.05,22554.59,22564.59,23388.05,44,42,45,50,63520.22,63520.22,,
2026-06-22T06:10:03+08:00,btc-updown-5m-1782079800,https://polymarket.com/zh/event/btc-updown-5m-1782079800,06:10-06:15,54.00,49.00,53.00,48.00,363.42,10.76,11.52,338.16,53.50,48.50,1.00,1.00,23616.39,22942.94,22942.94,23616.39,53,46,48,51,63520.22,63521.61,,
2026-06-22T06:10:05+08:00,btc-updown-5m-1782079800,https://polymarket.com/zh/event/btc-updown-5m-1782079800,06:10-06:15,52.00,49.00,51.00,48.00,257.05,70.00,105.00,250.05,51.50,48.50,1.00,1.00,23721.39,22952.94,22942.94,23821.39,51,48,48,51,63520.22,63511.99,,
2026-06-22T06:10:07+08:00,btc-updown-5m-1782079800,https://polymarket.com/zh/event/btc-updown-5m-1782079800,06:10-06:15,49.00,52.00,48.00,51.00,308.07,209.01,142.18,144.57,48.50,51.50,1.00,1.00,23721.39,22982.95,22962.94,23716.39,48,51,51,48,63520.22,63508.05,,
2026-06-22T06:10:09+08:00,btc-updown-5m-1782079800,https://polymarket.com/zh/event/btc-updown-5m-1782079800,06:10-06:15,53.00,48.00,52.00,47.00,38.60,1200.63,783.93,15.00,52.50,47.50,1.00,1.00,21681.39,21022.94,21017.94,21866.39,52,47,47,52,63520.22,63520.61,,
2026-06-22T06:10:11+08:00,btc-updown-5m-1782079800,https://polymarket.com/zh/event/btc-updown-5m-1782079800,06:10-06:15,60.00,41.00,59.00,40.00,581.71,917.22,954.22,564.19,59.50,40.50,1.00,1.00,21842.40,21077.94,21223.94,21962.39,59,40,40,59,63520.22,63536.01,,
2026-06-22T06:10:13+08:00,btc-updown-5m-1782079800,https://polymarket.com/zh/event/btc-updown-5m-1782079800,06:10-06:15,60.00,39.00,59.00,38.00,52.83,102.00,841.48,191.68,59.50,38.50,1.00,1.00,21892.39,21233.94,21233.94,21902.40,59,40,38,61,63520.22,63535.66,,
2026-06-22T06:10:15+08:00,btc-updown-5m-1782079800,https://polymarket.com/zh/event/btc-updown-5m-1782079800,06:10-06:15,66.00,35.00,65.00,34.00,326.53,477.84,273.14,279.23,65.50,34.50,1.00,1.00,21907.40,21463.94,21473.94,22017.39,65,34,34,65,63520.22,63552.32,,
2026-06-22T06:10:16+08:00,btc-updown-5m-1782079800,https://polymarket.com/zh/event/btc-updown-5m-1782079800,06:10-06:15,66.00,35.00,65.00,34.00,188.66,577.84,381.23,144.57,65.50,34.50,1.00,1.00,21912.39,21493.94,21493.95,21832.40,65,34,34,65,63520.22,63552.32,,
2026-06-22T06:10:18+08:00,btc-updown-5m-1782079800,https://polymarket.com/zh/event/btc-updown-5m-1782079800,06:10-06:15,70.00,32.00,69.00,31.00,645.82,63.86,17.70,640.04,69.50,31.50,1.00,1.00,21822.39,21673.95,21668.95,21717.39,69,30,31,68,63520.22,63561.72,,
2026-06-22T06:10:20+08:00,btc-updown-5m-1782079800,https://polymarket.com/zh/event/btc-updown-5m-1782079800,06:10-06:15,69.00,32.00,68.00,31.00,421.85,137.60,110.60,459.29,68.50,31.50,1.00,1.00,22581.90,22281.46,22276.46,22641.60,68,31,31,68,63520.22,63554.69,,
2026-06-22T06:10:22+08:00,btc-updown-5m-1782079800,https://polymarket.com/zh/event/btc-updown-5m-1782079800,06:10-06:15,71.00,31.00,70.00,30.00,449.34,60.00,122.00,332.62,70.50,30.50,1.00,1.00,22616.60,22812.46,22857.16,22616.60,70,29,30,69,63520.22,63560.36,,
2026-06-22T06:10:24+08:00,btc-updown-5m-1782079800,https://polymarket.com/zh/event/btc-updown-5m-1782079800,06:10-06:15,69.00,31.00,68.00,30.00,28.00,80.00,120.00,10.00,68.50,30.50,1.00,1.00,22999.21,23201.16,23410.76,23009.20,68,31,30,69,63520.22,63549.72,,
2026-06-22T06:10:26+08:00,btc-updown-5m-1782079800,https://polymarket.com/zh/event/btc-updown-5m-1782079800,06:10-06:15,72.00,29.00,71.00,28.00,145.58,462.68,248.34,110.00,71.50,28.50,1.00,1.00,23176.19,23923.45,23923.45,23186.19,71,28,28,71,63520.22,63560.36,,
2026-06-22T06:10:28+08:00,btc-updown-5m-1782079800,https://polymarket.com/zh/event/btc-updown-5m-1782079800,06:10-06:15,73.00,28.00,72.00,27.00,491.76,18.22,18.22,521.10,72.50,27.50,1.00,1.00,23298.60,24080.45,24080.45,23203.59,72,27,27,72,63520.22,63560.36,,
2026-06-22T06:10:30+08:00,btc-updown-5m-1782079800,https://polymarket.com/zh/event/btc-updown-5m-1782079800,06:10-06:15,73.00,28.00,72.00,27.00,336.62,216.89,117.62,427.62,72.50,27.50,1.00,1.00,23208.59,26135.15,26035.15,23298.59,72,27,27,72,63520.22,63560.36,,
2026-06-22T06:10:32+08:00,btc-updown-5m-1782079800,https://polymarket.com/zh/event/btc-updown-5m-1782079800,06:10-06:15,72.00,29.00,71.00,28.00,907.13,70.00,95.00,891.13,71.50,28.50,1.00,1.00,23319.59,26155.15,25955.15,23214.59,71,28,28,71,63520.22,63560.36,,
2026-06-22T06:10:34+08:00,btc-updown-5m-1782079800,https://polymarket.com/zh/event/btc-updown-5m-1782079800,06:10-06:15,69.00,31.00,68.00,30.00,16.49,484.16,668.19,17.14,68.50,30.50,1.00,1.00,23104.59,26061.15,26086.15,23099.59,68,31,30,69,63520.22,63551.28,,
2026-06-22T06:10:35+08:00,btc-updown-5m-1782079800,https://polymarket.com/zh/event/btc-updown-5m-1782079800,06:10-06:15,70.00,31.00,69.00,30.00,65.10,678.41,657.41,91.49,69.50,30.50,1.00,1.00,23204.59,26031.15,26031.15,23114.59,69,30,30,69,63520.22,63557.73,,
2026-06-22T06:10:37+08:00,btc-updown-5m-1782079800,https://polymarket.com/zh/event/btc-updown-5m-1782079800,06:10-06:15,72.00,29.00,71.00,28.00,767.60,133.43,101.76,565.83,71.50,28.50,1.00,1.00,23184.59,26566.15,26566.15,23184.59,71,28,28,71,63520.22,63560.36,,
2026-06-22T06:10:39+08:00,btc-updown-5m-1782079800,https://polymarket.com/zh/event/btc-updown-5m-1782079800,06:10-06:15,71.00,30.00,70.00,29.00,104.63,932.56,982.19,104.63,70.50,29.50,1.00,1.00,23084.59,26566.15,26566.15,23074.59,70,29,29,70,63520.22,63560.36,,
2026-06-22T06:10:41+08:00,btc-updown-5m-1782079800,https://polymarket.com/zh/event/btc-updown-5m-1782079800,06:10-06:15,74.00,27.00,73.00,26.00,70.92,1066.40,984.16,18.92,73.50,26.50,1.00,1.00,23174.59,26746.15,26746.15,23184.60,73,26,26,73,63520.22,63560.70,,
2026-06-22T06:10:43+08:00,btc-updown-5m-1782079800,https://polymarket.com/zh/event/btc-updown-5m-1782079800,06:10-06:15,83.00,16.00,81.00,15.00,2.77,12.74,1204.25,203.24,82.00,15.50,2.00,1.00,21359.59,26744.81,27309.34,21364.60,81,17,15,84,63520.22,63589.04,,
2026-06-22T06:10:45+08:00,btc-updown-5m-1782079800,https://polymarket.com/zh/event/btc-updown-5m-1782079800,06:10-06:15,81.00,22.00,79.00,21.00,37.77,311.85,56.57,69.41,80.00,21.50,2.00,1.00,21274.61,26650.15,26904.15,21354.59,79,18,21,78,63520.22,63599.43,,
2026-06-22T06:10:47+08:00,btc-updown-5m-1782079800,https://polymarket.com/zh/event/btc-updown-5m-1782079800,06:10-06:15,85.00,16.00,84.00,15.00,1150.63,6.18,37.43,1123.96,84.50,15.50,1.00,1.00,21154.59,28424.14,28224.14,21159.59,84,15,15,84,63520.22,63594.65,,
2026-06-22T06:10:49+08:00,btc-updown-5m-1782079800,https://polymarket.com/zh/event/btc-updown-5m-1782079800,06:10-06:15,84.00,17.00,83.00,16.00,975.98,457.89,407.89,976.06,83.50,16.50,1.00,1.00,21274.59,28519.14,28519.14,21159.59,83,16,16,83,63520.22,63594.65,,
2026-06-22T06:10:51+08:00,btc-updown-5m-1782079800,https://polymarket.com/zh/event/btc-updown-5m-1782079800,06:10-06:15,82.00,19.00,81.00,18.00,139.21,1443.38,1431.45,98.59,81.50,18.50,1.00,1.00,21279.59,28539.14,28539.14,21159.59,81,18,18,81,63520.22,63594.64,,
2026-06-22T06:10:52+08:00,btc-updown-5m-1782079800,https://polymarket.com/zh/event/btc-updown-5m-1782079800,06:10-06:15,79.00,22.00,78.00,21.00,156.21,163.31,394.65,1047.98,78.50,21.50,1.00,1.00,21259.59,26523.14,26723.15,21174.59,78,21,21,78,63520.22,63594.64,,
2026-06-22T06:10:54+08:00,btc-updown-5m-1782079800,https://polymarket.com/zh/event/btc-updown-5m-1782079800,06:10-06:15,76.00,25.00,75.00,24.00,337.78,561.11,581.11,358.78,75.50,24.50,1.00,1.00,21264.59,26803.15,26803.15,21164.60,75,24,24,75,63520.22,63572.85,,
2026-06-22T06:10:56+08:00,btc-updown-5m-1782079800,https://polymarket.com/zh/event/btc-updown-5m-1782079800,06:10-06:15,80.00,21.00,79.00,20.00,905.14,82.54,84.38,931.14,79.50,20.50,1.00,1.00,21274.59,27402.15,27402.15,21259.59,79,20,20,79,63520.22,63581.98,,
2026-06-22T06:10:58+08:00,btc-updown-5m-1782079800,https://polymarket.com/zh/event/btc-updown-5m-1782079800,06:10-06:15,77.00,24.00,76.00,23.00,543.52,93.61,235.40,786.63,76.50,23.50,1.00,1.00,21174.59,26403.15,26403.15,21164.59,76,23,23,76,63520.22,63568.80,,
2026-06-22T06:11:00+08:00,btc-updown-5m-1782079800,https://polymarket.com/zh/event/btc-updown-5m-1782079800,06:10-06:15,75.00,26.00,74.00,25.00,135.88,1019.98,1097.53,905.99,74.50,25.50,1.00,1.00,28046.60,26385.15,26385.15,28156.59,74,25,25,74,63520.22,63571.99,,
2026-06-22T06:11:02+08:00,btc-updown-5m-1782079800,https://polymarket.com/zh/event/btc-updown-5m-1782079800,06:10-06:15,72.00,29.00,71.00,28.00,945.11,180.38,173.38,660.96,71.50,28.50,1.00,1.00,28041.59,26730.15,26700.15,28151.59,71,28,28,71,63520.22,63564.75,,
2026-06-22T06:11:04+08:00,btc-updown-5m-1782079800,https://polymarket.com/zh/event/btc-updown-5m-1782079800,06:10-06:15,70.00,31.00,69.00,30.00,144.44,467.16,645.76,263.01,69.50,30.50,1.00,1.00,28056.59,26650.15,26645.15,28051.59,69,30,30,69,63520.22,63552.86,,
2026-06-22T06:11:06+08:00,btc-updown-5m-1782079800,https://polymarket.com/zh/event/btc-updown-5m-1782079800,06:10-06:15,64.00,37.00,63.00,36.00,216.16,770.65,577.65,135.16,63.50,36.50,1.00,1.00,27996.59,25930.15,25930.15,27996.59,63,36,36,63,63520.22,63533.99,,
2026-06-22T06:11:08+08:00,btc-updown-5m-1782079800,https://polymarket.com/zh/event/btc-updown-5m-1782079800,06:10-06:15,71.00,32.00,70.00,29.00,1555.54,57.15,41.15,1584.30,70.50,30.50,1.00,3.00,28164.60,25055.15,25055.15,28164.60,70,29,29,68,63520.22,63552.36,,
2026-06-22T06:11:10+08:00,btc-updown-5m-1782079800,https://polymarket.com/zh/event/btc-updown-5m-1782079800,06:10-06:15,61.00,40.00,60.00,39.00,358.94,255.21,213.80,423.60,60.50,39.50,1.00,1.00,28084.60,31365.15,31360.15,28164.59,60,39,39,60,63520.22,63525.98,,
2026-06-22T06:11:12+08:00,btc-updown-5m-1782079800,https://polymarket.com/zh/event/btc-updown-5m-1782079800,06:10-06:15,61.00,40.00,60.00,39.00,67.44,833.02,829.02,75.00,60.50,39.50,1.00,1.00,28164.59,31365.15,31380.15,28074.59,60,39,39,60,63520.22,63525.97,,
2026-06-22T06:11:14+08:00,btc-updown-5m-1782079800,https://polymarket.com/zh/event/btc-updown-5m-1782079800,06:10-06:15,56.00,45.00,55.00,44.00,39.69,868.64,862.10,13.00,55.50,44.50,1.00,1.00,28074.59,31960.15,31965.15,28064.59,55,44,44,55,63520.22,63515.99,,
2026-06-22T06:11:16+08:00,btc-updown-5m-1782079800,https://polymarket.com/zh/event/btc-updown-5m-1782079800,06:10-06:15,57.00,44.00,56.00,43.00,224.20,546.72,556.88,224.20,56.50,43.50,1.00,1.00,28169.59,31960.15,31975.15,28079.59,56,43,43,56,63520.22,63515.53,,
2026-06-22T06:11:17+08:00,btc-updown-5m-1782079800,https://polymarket.com/zh/event/btc-updown-5m-1782079800,06:10-06:15,47.00,54.00,46.00,53.00,561.58,310.67,304.16,490.58,46.50,53.50,1.00,1.00,30169.59,31973.16,31948.15,29964.59,46,53,53,46,63520.22,63500.02,,
2026-06-22T06:11:19+08:00,btc-updown-5m-1782079800,https://polymarket.com/zh/event/btc-updown-5m-1782079800,06:10-06:15,53.00,47.00,52.00,46.00,39.61,673.70,765.41,186.09,52.50,46.50,1.00,1.00,27969.60,32048.15,32053.15,28069.60,52,47,46,53,63520.22,63507.98,,
2026-06-22T06:11:21+08:00,btc-updown-5m-1782079800,https://polymarket.com/zh/event/btc-updown-5m-1782079800,06:10-06:15,54.00,47.00,53.00,46.00,121.75,767.47,752.97,121.75,53.50,46.50,1.00,1.00,28064.59,32048.15,32068.15,27979.59,53,46,46,53,63520.22,63512.09,,
2026-06-22T06:11:23+08:00,btc-updown-5m-1782079800,https://polymarket.com/zh/event/btc-updown-5m-1782079800,06:10-06:15,57.00,44.00,56.00,43.00,375.50,147.00,1213.72,1215.04,56.50,43.50,1.00,1.00,28064.59,31953.15,31948.15,28169.59,56,43,43,56,63520.22,63517.39,,
2026-06-22T06:11:25+08:00,btc-updown-5m-1782079800,https://polymarket.com/zh/event/btc-updown-5m-1782079800,06:10-06:15,49.00,52.00,48.00,51.00,195.58,752.91,702.91,191.42,48.50,51.50,1.00,1.00,30164.59,29968.15,29853.15,30164.59,48,51,51,48,63520.22,63508.05,,
2026-06-22T06:11:27+08:00,btc-updown-5m-1782079800,https://polymarket.com/zh/event/btc-updown-5m-1782079800,06:10-06:15,50.00,51.00,49.00,50.00,185.18,388.86,551.69,231.96,49.50,50.50,1.00,1.00,30169.59,29258.15,29258.15,30159.59,49,50,50,49,63520.22,63508.05,,
2026-06-22T06:11:29+08:00,btc-updown-5m-1782079800,https://polymarket.com/zh/event/btc-updown-5m-1782079800,06:10-06:15,50.00,51.00,49.00,50.00,862.57,157.98,80.92,566.86,49.50,50.50,1.00,1.00,30169.59,29248.15,29258.15,30159.59,49,50,50,49,63520.22,63508.05,,
2026-06-22T06:11:31+08:00,btc-updown-5m-1782079800,https://polymarket.com/zh/event/btc-updown-5m-1782079800,06:10-06:15,50.00,51.00,49.00,50.00,6.46,814.27,922.27,6.46,49.50,50.50,1.00,1.00,29690.59,28779.16,28794.15,29690.59,49,50,50,49,63520.22,63508.05,,
2026-06-22T06:11:33+08:00,btc-updown-5m-1782079800,https://polymarket.com/zh/event/btc-updown-5m-1782079800,06:10-06:15,54.00,47.00,53.00,46.00,354.17,295.57,355.51,474.07,53.50,46.50,1.00,1.00,29801.59,28330.15,28335.15,29696.59,53,46,46,53,63520.22,63508.06,,
2026-06-22T06:11:35+08:00,btc-updown-5m-1782079800,https://polymarket.com/zh/event/btc-updown-5m-1782079800,06:10-06:15,53.00,47.00,52.00,46.00,125.00,80.00,530.83,63.29,52.50,46.50,1.00,1.00,29701.60,28335.15,28235.15,29906.59,52,47,46,53,63520.22,63521.68,,
2026-06-22T06:11:37+08:00,btc-updown-5m-1782079800,https://polymarket.com/zh/event/btc-updown-5m-1782079800,06:10-06:15,60.00,41.00,59.00,40.00,191.55,428.44,477.93,191.55,59.50,40.50,1.00,1.00,27501.59,30435.15,30480.15,27606.59,59,40,40,59,63520.22,63528.05,,
2026-06-22T06:11:38+08:00,btc-updown-5m-1782079800,https://polymarket.com/zh/event/btc-updown-5m-1782079800,06:10-06:15,62.00,39.00,61.00,38.00,15.76,1272.86,1261.18,15.76,61.50,38.50,1.00,1.00,27711.60,29985.15,29985.15,27601.59,61,38,38,61,63520.22,63532.10,,
2026-06-22T06:11:40+08:00,btc-updown-5m-1782079800,https://polymarket.com/zh/event/btc-updown-5m-1782079800,06:10-06:15,63.00,38.00,62.00,37.00,24.12,500.20,483.55,22.12,62.50,37.50,1.00,1.00,27606.59,29975.15,29990.15,27706.59,62,37,37,62,63520.22,63538.83,,
2026-06-22T06:11:42+08:00,btc-updown-5m-1782079800,https://polymarket.com/zh/event/btc-updown-5m-1782079800,06:10-06:15,70.00,31.00,69.00,30.00,14.87,902.78,457.34,20.00,69.50,30.50,1.00,1.00,27391.59,23585.15,23595.15,27406.59,69,30,30,69,63520.22,63548.51,,
2026-06-22T06:11:44+08:00,btc-updown-5m-1782079800,https://polymarket.com/zh/event/btc-updown-5m-1782079800,06:10-06:15,71.00,30.00,70.00,29.00,216.41,534.58,354.30,49.00,70.50,29.50,1.00,1.00,27416.59,23610.15,24045.15,27491.59,70,29,29,70,63520.22,63552.59,,
2026-06-22T06:11:46+08:00,btc-updown-5m-1782079800,https://polymarket.com/zh/event/btc-updown-5m-1782079800,06:10-06:15,71.00,30.00,70.00,29.00,151.55,403.66,409.18,6.00,70.50,29.50,1.00,1.00,27411.59,24040.15,24040.15,27396.59,70,29,29,70,63520.22,63552.58,,
2026-06-22T06:11:48+08:00,btc-updown-5m-1782079800,https://polymarket.com/zh/event/btc-updown-5m-1782079800,06:10-06:15,62.00,39.00,60.00,38.00,719.51,311.87,164.25,213.04,61.00,38.50,2.00,1.00,27596.59,29735.15,29800.15,27506.60,60,38,38,61,63520.22,63530.00,,
2026-06-22T06:11:50+08:00,btc-updown-5m-1782079800,https://polymarket.com/zh/event/btc-updown-5m-1782079800,06:10-06:15,58.00,43.00,57.00,42.00,1053.39,171.24,224.66,555.27,57.50,42.50,1.00,1.00,27506.60,30340.15,30330.15,27596.59,57,42,42,57,63520.22,63530.73,,
2026-06-22T06:11:52+08:00,btc-updown-5m-1782079800,https://polymarket.com/zh/event/btc-updown-5m-1782079800,06:10-06:15,59.00,43.00,58.00,42.00,1385.33,216.47,6.01,899.99,58.50,42.50,1.00,1.00,27516.59,30330.15,30335.15,27496.60,58,41,42,57,63520.22,63525.55,,
2026-06-22T06:11:54+08:00,btc-updown-5m-1782079800,https://polymarket.com/zh/event/btc-updown-5m-1782079800,06:10-06:15,58.00,43.00,57.00,42.00,804.96,116.00,116.00,755.26,57.50,42.50,1.00,1.00,27501.59,30335.15,30330.15,27496.59,57,42,42,57,63520.22,63525.55,,
2026-06-22T06:11:55+08:00,btc-updown-5m-1782079800,https://polymarket.com/zh/event/btc-updown-5m-1782079800,06:10-06:15,60.00,41.00,59.00,40.00,152.74,399.08,459.70,152.74,59.50,40.50,1.00,1.00,27501.59,30375.15,30360.15,27401.59,59,40,40,59,63520.22,63523.89,,
2026-06-22T06:11:57+08:00,btc-updown-5m-1782079800,https://polymarket.com/zh/event/btc-updown-5m-1782079800,06:10-06:15,56.00,45.00,55.00,44.00,721.85,157.39,192.39,732.85,55.50,44.50,1.00,1.00,27593.59,30340.15,30340.15,27473.59,55,44,44,55,63520.22,63521.99,,
2026-06-22T06:11:59+08:00,btc-updown-5m-1782079800,https://polymarket.com/zh/event/btc-updown-5m-1782079800,06:10-06:15,56.00,50.00,55.00,49.00,774.50,157.50,90.00,199.70,55.50,49.50,1.00,1.00,27588.60,30340.15,30335.15,27483.59,55,44,49,50,63520.22,63520.20,,
2026-06-22T06:12:01+08:00,btc-updown-5m-1782079800,https://polymarket.com/zh/event/btc-updown-5m-1782079800,06:10-06:15,50.00,51.00,49.00,50.00,541.29,178.93,148.93,547.09,49.50,50.50,1.00,1.00,27360.59,30235.15,30225.16,27360.59,49,50,50,49,63520.22,63512.38,,
2026-06-22T06:12:03+08:00,btc-updown-5m-1782079800,https://polymarket.com/zh/event/btc-updown-5m-1782079800,06:10-06:15,50.00,51.00,49.00,50.00,30.45,511.07,492.07,35.45,49.50,50.50,1.00,1.00,27380.59,30185.15,30200.15,27355.59,49,50,50,49,63520.22,63512.38,,
2026-06-22T06:12:05+08:00,btc-updown-5m-1782079800,https://polymarket.com/zh/event/btc-updown-5m-1782079800,06:10-06:15,49.00,52.00,48.00,51.00,645.81,167.00,221.48,631.13,48.50,51.50,1.00,1.00,27341.59,30266.15,30261.15,27331.59,48,51,51,48,63520.22,63512.38,,
2026-06-22T06:12:07+08:00,btc-updown-5m-1782079800,https://polymarket.com/zh/event/btc-updown-5m-1782079800,06:10-06:15,54.00,47.00,53.00,46.00,137.03,346.57,135.55,250.47,53.50,46.50,1.00,1.00,27551.59,30161.15,30161.15,27446.59,53,46,46,53,63520.22,63517.42,,
2026-06-22T06:12:09+08:00,btc-updown-5m-1782079800,https://polymarket.com/zh/event/btc-updown-5m-1782079800,06:10-06:15,54.00,47.00,53.00,46.00,181.50,494.11,566.95,181.50,53.50,46.50,1.00,1.00,27331.59,30161.15,30166.15,27451.59,53,46,46,53,63520.22,63518.47,,
2026-06-22T06:12:11+08:00,btc-updown-5m-1782079800,https://polymarket.com/zh/event/btc-updown-5m-1782079800,06:10-06:15,49.00,52.00,48.00,51.00,839.26,72.59,69.52,837.22,48.50,51.50,1.00,1.00,29546.59,28286.15,27971.15,29531.59,48,51,51,48,63520.22,63512.12,,
2026-06-22T06:12:12+08:00,btc-updown-5m-1782079800,https://polymarket.com/zh/event/btc-updown-5m-1782079800,06:10-06:15,49.00,52.00,48.00,51.00,229.36,517.05,647.95,346.68,48.50,51.50,1.00,1.00,29536.59,29976.15,29966.16,29526.59,48,51,51,48,63520.22,63512.12,,
2026-06-22T06:12:14+08:00,btc-updown-5m-1782079800,https://polymarket.com/zh/event/btc-updown-5m-1782079800,06:10-06:15,49.00,52.00,48.00,51.00,782.85,211.97,239.97,751.85,48.50,51.50,1.00,1.00,29481.59,28011.15,27916.15,29471.59,48,51,51,48,63520.22,63512.13,,
2026-06-22T06:12:16+08:00,btc-updown-5m-1782079800,https://polymarket.com/zh/event/btc-updown-5m-1782079800,06:10-06:15,46.00,55.00,45.00,54.00,762.86,67.00,67.00,765.86,45.50,54.50,1.00,1.00,29492.59,27911.15,27911.15,29482.59,45,54,54,45,63520.22,63508.06,,
2026-06-22T06:12:18+08:00,btc-updown-5m-1782079800,https://polymarket.com/zh/event/btc-updown-5m-1782079800,06:10-06:15,45.00,56.00,44.00,55.00,183.87,174.04,546.88,491.37,44.50,55.50,1.00,1.00,29492.59,27926.16,28006.15,29482.59,44,55,55,44,63520.22,63505.40,,
2026-06-22T06:12:20+08:00,btc-updown-5m-1782079800,https://polymarket.com/zh/event/btc-updown-5m-1782079800,06:10-06:15,42.00,59.00,41.00,58.00,438.20,406.40,499.50,509.58,41.50,58.50,1.00,1.00,27592.59,28026.15,28021.15,27582.59,41,58,58,41,63520.22,63491.69,,
2026-06-22T06:12:22+08:00,btc-updown-5m-1782079800,https://polymarket.com/zh/event/btc-updown-5m-1782079800,06:10-06:15,43.00,58.00,42.00,57.00,541.08,183.31,63.81,519.13,42.50,57.50,1.00,1.00,28887.59,27906.15,27911.15,28877.59,42,57,57,42,63520.22,63499.28,,
2026-06-22T06:12:24+08:00,btc-updown-5m-1782079800,https://polymarket.com/zh/event/btc-updown-5m-1782079800,06:10-06:15,41.00,60.00,40.00,59.00,637.46,465.51,411.25,745.75,40.50,59.50,1.00,1.00,28797.59,28447.55,28332.55,28792.59,40,59,59,40,63520.22,63493.93,,
2026-06-22T06:12:26+08:00,btc-updown-5m-1782079800,https://polymarket.com/zh/event/btc-updown-5m-1782079800,06:10-06:15,43.00,58.00,42.00,57.00,718.83,115.98,104.07,726.83,42.50,57.50,1.00,1.00,28797.59,28352.55,28342.55,28792.59,42,57,57,42,63520.22,63495.98,,
2026-06-22T06:12:28+08:00,btc-updown-5m-1782079800,https://polymarket.com/zh/event/btc-updown-5m-1782079800,06:10-06:15,44.00,57.00,43.00,56.00,181.75,505.04,839.15,185.48,43.50,56.50,1.00,1.00,28797.59,28257.56,28337.55,28797.59,43,56,56,43,63520.22,63501.55,,
2026-06-22T06:12:30+08:00,btc-updown-5m-1782079800,https://polymarket.com/zh/event/btc-updown-5m-1782079800,06:10-06:15,47.00,54.00,46.00,53.00,168.05,1578.65,407.76,15.00,46.50,53.50,1.00,1.00,29392.59,28332.55,28347.56,29492.59,46,52,52,46,63520.22,63512.09,,
2026-06-22T06:12:32+08:00,btc-updown-5m-1782079800,https://polymarket.com/zh/event/btc-updown-5m-1782079800,06:10-06:15,54.00,47.00,53.00,46.00,844.46,7.35,27.35,779.79,53.50,46.50,1.00,1.00,29345.59,28200.55,28195.55,29350.59,53,46,46,53,63520.22,63518.51,,
2026-06-22T06:12:34+08:00,btc-updown-5m-1782079800,https://polymarket.com/zh/event/btc-updown-5m-1782079800,06:10-06:15,54.00,47.00,53.00,46.00,768.69,22.79,26.43,794.69,53.50,46.50,1.00,1.00,29414.59,28159.55,28104.55,29354.59,53,46,46,53,63520.22,63518.51,,
2026-06-22T06:12:36+08:00,btc-updown-5m-1782079800,https://polymarket.com/zh/event/btc-updown-5m-1782079800,06:10-06:15,52.00,49.00,51.00,48.00,103.07,53.32,377.73,656.33,51.50,48.50,1.00,1.00,29264.60,28084.55,28089.55,29339.59,51,48,48,51,63520.22,63518.51,,
2026-06-22T06:12:37+08:00,btc-updown-5m-1782079800,https://polymarket.com/zh/event/btc-updown-5m-1782079800,06:10-06:15,49.00,53.00,47.00,52.00,242.22,162.50,207.81,421.81,48.00,52.50,2.00,1.00,29259.59,28199.55,28099.56,29254.59,47,51,52,47,63520.22,63515.69,,
2026-06-22T06:12:39+08:00,btc-updown-5m-1782079800,https://polymarket.com/zh/event/btc-updown-5m-1782079800,06:10-06:15,55.00,46.00,54.00,45.00,543.35,96.06,71.06,503.35,54.50,45.50,1.00,1.00,29344.59,30294.55,30284.55,29449.59,54,45,45,54,63520.22,63518.26,,
2026-06-22T06:12:41+08:00,btc-updown-5m-1782079800,https://polymarket.com/zh/event/btc-updown-5m-1782079800,06:10-06:15,51.00,50.00,50.00,49.00,314.50,122.50,152.50,341.76,50.50,49.50,1.00,1.00,29359.59,30089.55,30089.55,29444.59,50,49,49,50,63520.22,63518.97,,
