ts_iso,slug,market_url,window_text,buy_up_cents,buy_down_cents,sell_up_cents,sell_down_cents,buy_up_size,buy_down_size,sell_up_size,sell_down_size,mid_up_cents,mid_down_cents,spread_up_cents,spread_down_cents,bid_depth_up_5,ask_depth_up_5,bid_depth_down_5,ask_depth_down_5,level_count_bid_up,level_count_ask_up,level_count_bid_down,level_count_ask_down,target_price,final_price,trade_count_1s,trade_volume_1s
2026-06-21T21:41:08+08:00,btc-updown-5m-1782049200,https://polymarket.com/zh/event/btc-updown-5m-1782049200,21:40-21:45,64.00,34.00,63.00,33.00,16.03,98.00,70.00,86.58,63.50,33.50,1.00,1.00,29416.06,31788.01,31822.01,29316.06,63,36,33,66,,63964.63,,
2026-06-21T21:41:09+08:00,btc-updown-5m-1782049200,https://polymarket.com/zh/event/btc-updown-5m-1782049200,21:40-21:45,68.00,33.00,67.00,32.00,333.40,440.37,421.37,333.40,67.50,32.50,1.00,1.00,29211.06,31627.01,31627.01,29716.06,67,32,32,67,,63964.63,,
2026-06-21T21:41:11+08:00,btc-updown-5m-1782049200,https://polymarket.com/zh/event/btc-updown-5m-1782049200,21:40-21:45,68.00,33.00,67.00,32.00,720.17,42.65,67.64,724.58,67.50,32.50,1.00,1.00,29311.07,31427.01,31432.01,29726.06,67,32,32,67,,63964.64,,
2026-06-21T21:41:13+08:00,btc-updown-5m-1782049200,https://polymarket.com/zh/event/btc-updown-5m-1782049200,21:40-21:45,67.00,34.00,66.00,33.00,518.14,186.62,114.35,511.38,66.50,33.50,1.00,1.00,29811.06,31332.01,31332.01,29801.06,66,33,33,66,,63969.72,,
2026-06-21T21:41:15+08:00,btc-updown-5m-1782049200,https://polymarket.com/zh/event/btc-updown-5m-1782049200,21:40-21:45,68.00,33.00,67.00,32.00,459.36,953.46,115.00,48.02,67.50,32.50,1.00,1.00,29321.06,30932.01,30822.01,29821.06,67,32,32,67,,63969.73,,
2026-06-21T21:41:17+08:00,btc-updown-5m-1782049200,https://polymarket.com/zh/event/btc-updown-5m-1782049200,21:40-21:45,72.00,29.00,71.00,28.00,307.09,352.73,350.18,316.57,71.50,28.50,1.00,1.00,29016.06,31477.02,31472.02,29021.07,71,28,28,71,,63973.85,,
2026-06-21T21:41:19+08:00,btc-updown-5m-1782049200,https://polymarket.com/zh/event/btc-updown-5m-1782049200,21:40-21:45,72.00,29.00,71.00,28.00,327.11,506.61,592.91,332.11,71.50,28.50,1.00,1.00,29416.06,31472.02,31477.02,28911.06,71,28,28,71,,63973.86,,
2026-06-21T21:41:21+08:00,btc-updown-5m-1782049200,https://polymarket.com/zh/event/btc-updown-5m-1782049200,21:40-21:45,72.00,29.00,71.00,28.00,145.49,579.87,710.29,140.49,71.50,28.50,1.00,1.00,29526.06,31362.02,31362.02,29011.06,71,28,28,71,,63973.85,,
2026-06-21T21:41:23+08:00,btc-updown-5m-1782049200,https://polymarket.com/zh/event/btc-updown-5m-1782049200,21:40-21:45,72.00,29.00,71.00,28.00,473.52,283.44,283.44,458.37,71.50,28.50,1.00,1.00,29401.06,31077.02,30972.02,29426.06,71,28,28,71,,63973.85,,
2026-06-21T21:41:24+08:00,btc-updown-5m-1782049200,https://polymarket.com/zh/event/btc-updown-5m-1782049200,21:40-21:45,72.00,29.00,71.00,28.00,29.00,851.17,842.17,8.00,71.50,28.50,1.00,1.00,29263.63,31032.02,31037.02,29243.63,71,28,28,71,,63973.85,,
2026-06-21T21:41:26+08:00,btc-updown-5m-1782049200,https://polymarket.com/zh/event/btc-updown-5m-1782049200,21:40-21:45,73.00,28.00,72.00,27.00,666.89,114.61,128.03,665.19,72.50,27.50,1.00,1.00,28763.64,30972.02,30977.02,29263.63,72,27,27,72,,63973.86,,
2026-06-21T21:41:28+08:00,btc-updown-5m-1782049200,https://polymarket.com/zh/event/btc-updown-5m-1782049200,21:40-21:45,73.00,28.00,72.00,27.00,596.28,29.11,137.96,669.81,72.50,27.50,1.00,1.00,28843.63,30977.02,30972.02,29363.63,72,27,27,72,,63973.85,,
2026-06-21T21:41:30+08:00,btc-updown-5m-1782049200,https://polymarket.com/zh/event/btc-updown-5m-1782049200,21:40-21:45,70.00,31.00,69.00,30.00,428.88,324.31,314.31,448.88,69.50,30.50,1.00,1.00,28843.63,30377.02,30392.02,28858.63,69,30,30,69,,63973.86,,
2026-06-21T21:41:32+08:00,btc-updown-5m-1782049200,https://polymarket.com/zh/event/btc-updown-5m-1782049200,21:40-21:45,70.00,31.00,69.00,30.00,503.50,276.13,276.13,505.35,69.50,30.50,1.00,1.00,28279.63,29813.02,29803.02,28279.64,69,30,30,69,,63973.85,,
2026-06-21T21:41:34+08:00,btc-updown-5m-1782049200,https://polymarket.com/zh/event/btc-updown-5m-1782049200,21:40-21:45,70.00,31.00,69.00,30.00,565.74,354.97,344.97,426.49,69.50,30.50,1.00,1.00,28285.63,29804.02,29819.02,28290.63,69,30,30,69,,63973.86,,
2026-06-21T21:41:36+08:00,btc-updown-5m-1782049200,https://polymarket.com/zh/event/btc-updown-5m-1782049200,21:40-21:45,70.00,31.00,69.00,30.00,342.78,671.73,575.36,267.78,69.50,30.50,1.00,1.00,28280.64,29809.02,29819.02,28200.63,69,30,30,69,,63973.86,,
2026-06-21T21:41:38+08:00,btc-updown-5m-1782049200,https://polymarket.com/zh/event/btc-updown-5m-1782049200,21:40-21:45,70.00,31.00,69.00,30.00,45.80,835.51,767.23,36.81,69.50,30.50,1.00,1.00,28185.63,29814.02,29809.02,28285.63,69,30,30,69,,63973.86,,
2026-06-21T21:41:39+08:00,btc-updown-5m-1782049200,https://polymarket.com/zh/event/btc-updown-5m-1782049200,21:40-21:45,58.00,43.00,57.00,42.00,404.57,167.14,246.59,389.77,57.50,42.50,1.00,1.00,28690.63,30724.02,30704.02,28190.64,57,42,42,57,,63964.23,,
2026-06-21T21:41:41+08:00,btc-updown-5m-1782049200,https://polymarket.com/zh/event/btc-updown-5m-1782049200,21:40-21:45,57.00,44.00,56.00,43.00,506.03,269.16,299.16,547.03,56.50,43.50,1.00,1.00,28895.63,30714.02,30709.02,28375.63,56,43,43,56,,63964.23,,
2026-06-21T21:41:43+08:00,btc-updown-5m-1782049200,https://polymarket.com/zh/event/btc-updown-5m-1782049200,21:40-21:45,54.00,47.00,53.00,46.00,436.81,47.41,37.41,430.55,53.50,46.50,1.00,1.00,28290.64,30704.02,30699.02,28790.63,53,46,46,53,,63960.00,,
2026-06-21T21:41:45+08:00,btc-updown-5m-1782049200,https://polymarket.com/zh/event/btc-updown-5m-1782049200,21:40-21:45,53.00,48.00,52.00,47.00,42.97,834.97,793.97,32.40,52.50,47.50,1.00,1.00,28275.63,30704.02,30704.02,28795.63,52,47,47,52,,63960.01,,
2026-06-21T21:41:47+08:00,btc-updown-5m-1782049200,https://polymarket.com/zh/event/btc-updown-5m-1782049200,21:40-21:45,53.00,48.00,52.00,47.00,23.26,842.83,870.07,23.26,52.50,47.50,1.00,1.00,28795.63,30724.02,30714.02,28275.63,52,47,47,52,,63960.01,,
2026-06-21T21:41:49+08:00,btc-updown-5m-1782049200,https://polymarket.com/zh/event/btc-updown-5m-1782049200,21:40-21:45,53.00,48.00,52.00,47.00,389.87,97.10,244.61,401.86,52.50,47.50,1.00,1.00,28785.63,30099.02,30114.02,28195.64,52,47,47,52,,63960.01,,
2026-06-21T21:41:51+08:00,btc-updown-5m-1782049200,https://polymarket.com/zh/event/btc-updown-5m-1782049200,21:40-21:45,54.00,48.00,53.00,46.00,420.14,50.00,45.00,931.30,53.50,47.00,1.00,2.00,28180.63,30109.02,30099.02,28790.63,53,46,46,52,,63960.00,,
2026-06-21T21:41:53+08:00,btc-updown-5m-1782049200,https://polymarket.com/zh/event/btc-updown-5m-1782049200,21:40-21:45,45.00,56.00,44.00,55.00,338.76,85.78,66.00,300.46,44.50,55.50,1.00,1.00,30380.63,28125.02,28004.02,30380.63,44,55,55,44,,63958.52,,
2026-06-21T21:41:54+08:00,btc-updown-5m-1782049200,https://polymarket.com/zh/event/btc-updown-5m-1782049200,21:40-21:45,45.00,56.00,44.00,55.00,166.15,10.00,15.00,850.78,44.50,55.50,1.00,1.00,30390.63,30210.02,27909.02,30880.63,44,55,55,44,,63949.51,,
2026-06-21T21:41:56+08:00,btc-updown-5m-1782049200,https://polymarket.com/zh/event/btc-updown-5m-1782049200,21:40-21:45,40.00,61.00,39.00,60.00,52.50,461.76,422.53,52.50,39.50,60.50,1.00,1.00,30985.63,28004.02,28009.02,30955.63,39,60,60,39,,63949.51,,
2026-06-21T21:41:58+08:00,btc-updown-5m-1782049200,https://polymarket.com/zh/event/btc-updown-5m-1782049200,21:40-21:45,47.00,54.00,46.00,53.00,242.91,643.30,586.33,242.91,46.50,53.50,1.00,1.00,30901.03,27935.02,27904.02,30896.03,46,53,53,46,,63949.51,,
2026-06-21T21:42:00+08:00,btc-updown-5m-1782049200,https://polymarket.com/zh/event/btc-updown-5m-1782049200,21:40-21:45,52.00,49.00,51.00,48.00,202.91,592.13,489.55,75.97,51.50,48.50,1.00,1.00,31011.04,27815.02,27825.02,31011.03,51,48,48,51,,63955.97,,
2026-06-21T21:42:02+08:00,btc-updown-5m-1782049200,https://polymarket.com/zh/event/btc-updown-5m-1782049200,21:40-21:45,55.00,46.00,54.00,45.00,133.45,948.71,287.90,12.95,54.50,45.50,1.00,1.00,31703.05,27804.02,27804.02,31108.04,54,45,45,54,,63955.97,,
2026-06-21T21:42:04+08:00,btc-updown-5m-1782049200,https://polymarket.com/zh/event/btc-updown-5m-1782049200,21:40-21:45,61.00,40.00,60.00,39.00,172.50,854.81,823.31,145.83,60.50,39.50,1.00,1.00,28708.03,30289.02,30370.02,28574.03,60,39,39,60,,63961.65,,
2026-06-21T21:42:06+08:00,btc-updown-5m-1782049200,https://polymarket.com/zh/event/btc-updown-5m-1782049200,21:40-21:45,62.00,39.00,61.00,38.00,304.94,195.73,195.73,354.84,61.50,38.50,1.00,1.00,28669.03,30570.02,30580.02,28264.03,61,38,38,61,,63965.69,,
2026-06-21T21:42:08+08:00,btc-updown-5m-1782049200,https://polymarket.com/zh/event/btc-updown-5m-1782049200,21:40-21:45,62.00,39.00,61.00,38.00,217.18,15.00,25.00,864.09,61.50,38.50,1.00,1.00,28124.04,30530.02,30540.02,28624.03,61,38,38,61,,63965.69,,
2026-06-21T21:42:09+08:00,btc-updown-5m-1782049200,https://polymarket.com/zh/event/btc-updown-5m-1782049200,21:40-21:45,57.00,44.00,56.00,43.00,405.78,77.65,118.65,501.23,56.50,43.50,1.00,1.00,28739.03,30540.02,30530.02,28129.04,56,43,43,56,,63965.69,,
2026-06-21T21:42:11+08:00,btc-updown-5m-1782049200,https://polymarket.com/zh/event/btc-updown-5m-1782049200,21:40-21:45,57.00,44.00,56.00,43.00,45.25,594.48,514.34,87.25,56.50,43.50,1.00,1.00,28119.03,30035.02,30030.02,28114.03,56,43,43,56,,63958.02,,
2026-06-21T21:42:13+08:00,btc-updown-5m-1782049200,https://polymarket.com/zh/event/btc-updown-5m-1782049200,21:40-21:45,58.00,43.00,57.00,42.00,517.34,14.00,14.00,519.99,57.50,42.50,1.00,1.00,28139.04,29940.02,29930.02,28619.03,57,42,42,57,,63958.51,,
2026-06-21T21:42:15+08:00,btc-updown-5m-1782049200,https://polymarket.com/zh/event/btc-updown-5m-1782049200,21:40-21:45,57.00,44.00,56.00,43.00,68.00,951.18,1004.84,68.00,56.50,43.50,1.00,1.00,28174.03,29880.02,29880.02,28069.03,56,43,43,56,,63958.51,,
2026-06-21T21:42:17+08:00,btc-updown-5m-1782049200,https://polymarket.com/zh/event/btc-updown-5m-1782049200,21:40-21:45,58.00,43.00,57.00,42.00,254.47,125.00,50.00,279.01,57.50,42.50,1.00,1.00,28084.04,29890.02,29880.02,28669.03,57,42,42,57,,63958.51,,
2026-06-21T21:42:19+08:00,btc-updown-5m-1782049200,https://polymarket.com/zh/event/btc-updown-5m-1782049200,21:40-21:45,58.00,43.00,57.00,42.00,266.35,135.00,130.00,320.35,57.50,42.50,1.00,1.00,28574.03,29875.02,29890.02,28174.03,57,42,42,57,,63957.24,,
2026-06-21T21:42:21+08:00,btc-updown-5m-1782049200,https://polymarket.com/zh/event/btc-updown-5m-1782049200,21:40-21:45,57.00,44.00,56.00,43.00,94.73,900.41,910.41,29.68,56.50,43.50,1.00,1.00,28174.03,29885.02,30075.02,28164.03,56,43,43,56,,63959.86,,
2026-06-21T21:42:23+08:00,btc-updown-5m-1782049200,https://polymarket.com/zh/event/btc-updown-5m-1782049200,21:40-21:45,65.00,35.00,64.00,34.00,5.00,94.00,36.28,4.19,64.50,34.50,1.00,1.00,28579.04,30495.02,30495.02,28074.03,64,35,33,65,,63959.80,,
2026-06-21T21:42:25+08:00,btc-updown-5m-1782049200,https://polymarket.com/zh/event/btc-updown-5m-1782049200,21:40-21:45,68.00,33.00,67.00,32.00,229.05,745.48,655.16,229.05,67.50,32.50,1.00,1.00,28069.03,30390.02,30405.02,28079.03,67,32,32,67,,63968.42,,
2026-06-21T21:42:26+08:00,btc-updown-5m-1782049200,https://polymarket.com/zh/event/btc-updown-5m-1782049200,21:40-21:45,68.00,33.00,67.00,32.00,184.94,720.81,744.22,138.15,67.50,32.50,1.00,1.00,27989.04,30395.02,30385.02,28579.03,67,32,32,67,,63968.42,,
2026-06-21T21:42:28+08:00,btc-updown-5m-1782049200,https://polymarket.com/zh/event/btc-updown-5m-1782049200,21:40-21:45,73.00,28.00,72.00,27.00,251.89,658.40,565.02,209.83,72.50,27.50,1.00,1.00,28579.04,30390.02,30385.02,28589.04,72,27,27,72,,63968.42,,
2026-06-21T21:42:30+08:00,btc-updown-5m-1782049200,https://polymarket.com/zh/event/btc-updown-5m-1782049200,21:40-21:45,73.00,28.00,72.00,27.00,218.50,420.69,425.65,302.80,72.50,27.50,1.00,1.00,28489.03,30390.02,30390.02,28569.03,72,27,27,72,,63968.42,,
2026-06-21T21:42:32+08:00,btc-updown-5m-1782049200,https://polymarket.com/zh/event/btc-updown-5m-1782049200,21:40-21:45,73.00,28.00,72.00,27.00,61.63,574.20,593.14,91.63,72.50,27.50,1.00,1.00,28037.03,30348.02,30348.02,28432.03,72,27,27,72,,63971.48,,
2026-06-21T21:42:34+08:00,btc-updown-5m-1782049200,https://polymarket.com/zh/event/btc-updown-5m-1782049200,21:40-21:45,74.00,27.00,73.00,26.00,447.20,36.74,130.61,498.94,73.50,26.50,1.00,1.00,28021.03,29647.02,29642.02,27931.03,73,26,26,73,,63971.48,,
2026-06-21T21:42:36+08:00,btc-updown-5m-1782049200,https://polymarket.com/zh/event/btc-updown-5m-1782049200,21:40-21:45,74.00,27.00,73.00,26.00,575.73,58.63,58.63,567.73,73.50,26.50,1.00,1.00,28321.03,29647.02,29647.02,27826.03,73,26,26,73,,63971.49,,
2026-06-21T21:42:38+08:00,btc-updown-5m-1782049200,https://polymarket.com/zh/event/btc-updown-5m-1782049200,21:40-21:45,75.00,26.00,74.00,25.00,55.52,113.99,74.38,70.20,74.50,25.50,1.00,1.00,28326.03,30253.02,30258.02,27921.03,74,25,25,74,,63971.49,,
2026-06-21T21:42:39+08:00,btc-updown-5m-1782049200,https://polymarket.com/zh/event/btc-updown-5m-1782049200,21:40-21:45,75.00,27.00,74.00,26.00,878.72,340.64,15.00,110.54,74.50,26.50,1.00,1.00,27921.03,30253.02,30248.02,27936.04,74,25,26,73,,63971.48,,
2026-06-21T21:42:41+08:00,btc-updown-5m-1782049200,https://polymarket.com/zh/event/btc-updown-5m-1782049200,21:40-21:45,75.00,26.00,74.00,25.00,646.56,590.93,333.50,358.33,74.50,25.50,1.00,1.00,27916.03,30265.02,30265.02,27821.03,74,25,25,74,,63971.49,,
2026-06-21T21:42:43+08:00,btc-updown-5m-1782049200,https://polymarket.com/zh/event/btc-updown-5m-1782049200,21:40-21:45,76.00,25.00,75.00,24.00,87.50,451.00,431.26,66.35,75.50,24.50,1.00,1.00,28426.03,29724.02,29804.02,27941.04,75,24,24,75,,63971.49,,
2026-06-21T21:42:45+08:00,btc-updown-5m-1782049200,https://polymarket.com/zh/event/btc-updown-5m-1782049200,21:40-21:45,80.00,21.00,79.00,20.00,245.55,370.95,403.26,240.55,79.50,20.50,1.00,1.00,28161.04,29805.02,29810.02,28151.03,79,20,20,79,,63975.82,,
2026-06-21T21:42:47+08:00,btc-updown-5m-1782049200,https://polymarket.com/zh/event/btc-updown-5m-1782049200,21:40-21:45,80.00,21.00,79.00,20.00,196.48,40.61,321.92,218.73,79.50,20.50,1.00,1.00,27756.03,29310.02,29305.02,27751.03,79,20,20,79,,63977.84,,
2026-06-21T21:42:49+08:00,btc-updown-5m-1782049200,https://polymarket.com/zh/event/btc-updown-5m-1782049200,21:40-21:45,81.00,20.00,80.00,19.00,919.20,50.00,45.00,941.84,80.50,19.50,1.00,1.00,27761.03,29810.02,29810.02,27751.03,80,19,19,80,,63977.84,,
2026-06-21T21:42:51+08:00,btc-updown-5m-1782049200,https://polymarket.com/zh/event/btc-updown-5m-1782049200,21:40-21:45,78.00,23.00,77.00,22.00,95.00,514.39,357.03,12.71,77.50,22.50,1.00,1.00,27761.03,29301.02,29306.02,27656.03,77,22,22,77,,63977.84,,
2026-06-21T21:42:53+08:00,btc-updown-5m-1782049200,https://polymarket.com/zh/event/btc-updown-5m-1782049200,21:40-21:45,78.00,23.00,77.00,22.00,55.00,475.86,492.52,43.71,77.50,22.50,1.00,1.00,27651.03,29297.02,29297.02,27756.03,77,22,22,77,,63977.85,,
2026-06-21T21:42:55+08:00,btc-updown-5m-1782049200,https://polymarket.com/zh/event/btc-updown-5m-1782049200,21:40-21:45,79.00,22.00,78.00,21.00,62.00,396.81,349.85,62.00,78.50,21.50,1.00,1.00,27526.04,29162.02,29157.02,27626.03,78,21,21,78,,63977.84,,
2026-06-21T21:42:57+08:00,btc-updown-5m-1782049200,https://polymarket.com/zh/event/btc-updown-5m-1782049200,21:40-21:45,80.00,21.00,79.00,20.00,398.72,90.31,111.31,385.32,79.50,20.50,1.00,1.00,27611.03,29667.02,29667.02,27611.03,79,20,20,79,,63977.85,,
2026-06-21T21:42:58+08:00,btc-updown-5m-1782049200,https://polymarket.com/zh/event/btc-updown-5m-1782049200,21:40-21:45,80.00,21.00,79.00,20.00,281.07,51.50,51.50,279.76,79.50,20.50,1.00,1.00,28021.03,27662.02,27667.02,28111.03,79,20,20,79,,63977.82,,
2026-06-21T21:43:00+08:00,btc-updown-5m-1782049200,https://polymarket.com/zh/event/btc-updown-5m-1782049200,21:40-21:45,77.00,24.00,76.00,23.00,296.64,385.18,268.96,128.20,76.50,23.50,1.00,1.00,27396.03,26972.02,26967.02,27401.04,76,23,23,76,,63971.49,,
2026-06-21T21:43:02+08:00,btc-updown-5m-1782049200,https://polymarket.com/zh/event/btc-updown-5m-1782049200,21:40-21:45,77.00,24.00,76.00,23.00,75.00,793.30,474.65,85.00,76.50,23.50,1.00,1.00,27410.03,26491.76,26491.76,27485.03,76,23,23,76,,63971.48,,
2026-06-21T21:43:04+08:00,btc-updown-5m-1782049200,https://polymarket.com/zh/event/btc-updown-5m-1782049200,21:40-21:45,77.00,24.00,76.00,23.00,40.81,570.53,542.53,40.81,76.50,23.50,1.00,1.00,26665.04,28163.22,28163.22,26660.03,76,23,23,76,,63971.49,,
2026-06-21T21:43:06+08:00,btc-updown-5m-1782049200,https://polymarket.com/zh/event/btc-updown-5m-1782049200,21:40-21:45,78.00,23.00,77.00,22.00,376.36,444.97,443.30,373.36,77.50,22.50,1.00,1.00,26755.03,28158.22,28153.22,26860.03,77,22,22,77,,63971.49,,
2026-06-21T21:43:08+08:00,btc-updown-5m-1782049200,https://polymarket.com/zh/event/btc-updown-5m-1782049200,21:40-21:45,78.00,23.00,77.00,22.00,185.46,578.16,590.28,235.46,77.50,22.50,1.00,1.00,27255.03,28148.22,28153.22,26860.03,77,22,22,77,,63971.49,,
2026-06-21T21:43:10+08:00,btc-updown-5m-1782049200,https://polymarket.com/zh/event/btc-updown-5m-1782049200,21:40-21:45,73.00,28.00,72.00,27.00,229.25,299.28,258.97,187.25,72.50,27.50,1.00,1.00,27155.03,28143.22,28143.22,27170.03,72,27,27,72,,63967.08,,
2026-06-21T21:43:11+08:00,btc-updown-5m-1782049200,https://polymarket.com/zh/event/btc-updown-5m-1782049200,21:40-21:45,74.00,27.00,73.00,26.00,282.88,314.30,326.51,254.90,73.50,26.50,1.00,1.00,27105.03,27998.22,27993.22,27120.04,73,26,26,73,,63971.49,,
2026-06-21T21:43:13+08:00,btc-updown-5m-1782049200,https://polymarket.com/zh/event/btc-updown-5m-1782049200,21:40-21:45,74.00,27.00,73.00,26.00,447.26,293.56,287.56,447.26,73.50,26.50,1.00,1.00,27120.04,27998.22,27998.22,27505.03,73,26,26,73,,63971.49,,
2026-06-21T21:43:15+08:00,btc-updown-5m-1782049200,https://polymarket.com/zh/event/btc-updown-5m-1782049200,21:40-21:45,80.00,21.00,79.00,20.00,257.50,271.93,358.93,255.00,79.50,20.50,1.00,1.00,27115.03,28499.78,28504.78,27010.04,79,20,20,79,,63971.49,,
2026-06-21T21:43:17+08:00,btc-updown-5m-1782049200,https://polymarket.com/zh/event/btc-updown-5m-1782049200,21:40-21:45,80.00,21.00,79.00,20.00,154.54,555.63,557.42,154.54,79.50,20.50,1.00,1.00,26250.03,27844.78,27849.78,26465.03,79,20,20,79,,63973.04,,
2026-06-21T21:43:19+08:00,btc-updown-5m-1782049200,https://polymarket.com/zh/event/btc-updown-5m-1782049200,21:40-21:45,80.00,21.00,79.00,20.00,234.46,361.68,157.22,201.96,79.50,20.50,1.00,1.00,26115.03,27819.78,27814.78,26225.03,79,20,20,79,,63973.05,,
2026-06-21T21:43:21+08:00,btc-updown-5m-1782049200,https://polymarket.com/zh/event/btc-updown-5m-1782049200,21:40-21:45,80.00,21.00,79.00,20.00,23.25,433.05,439.05,31.42,79.50,20.50,1.00,1.00,25531.69,27359.78,27364.78,25541.69,79,20,20,79,,63973.05,,
2026-06-21T21:43:23+08:00,btc-updown-5m-1782049200,https://polymarket.com/zh/event/btc-updown-5m-1782049200,21:40-21:45,80.00,21.00,79.00,20.00,90.50,402.83,642.06,13.17,79.50,20.50,1.00,1.00,25931.69,27364.78,27354.78,25536.71,79,20,20,79,,63973.05,,
2026-06-21T21:43:25+08:00,btc-updown-5m-1782049200,https://polymarket.com/zh/event/btc-updown-5m-1782049200,21:40-21:45,80.00,21.00,79.00,20.00,119.67,581.91,582.91,119.67,79.50,20.50,1.00,1.00,25231.69,27359.78,27254.78,25141.70,79,20,20,79,,63973.05,,
2026-06-21T21:43:26+08:00,btc-updown-5m-1782049200,https://polymarket.com/zh/event/btc-updown-5m-1782049200,21:40-21:45,80.00,22.00,79.00,20.00,477.97,685.04,36.22,398.07,79.50,21.00,1.00,2.00,25291.69,27176.78,27176.78,25276.69,79,20,20,78,,63973.05,,
2026-06-21T21:43:28+08:00,btc-updown-5m-1782049200,https://polymarket.com/zh/event/btc-updown-5m-1782049200,21:40-21:45,80.00,21.00,79.00,20.00,122.68,494.79,494.29,152.18,79.50,20.50,1.00,1.00,25296.69,27166.78,27166.78,25286.69,79,20,20,79,,63973.05,,
2026-06-21T21:43:30+08:00,btc-updown-5m-1782049200,https://polymarket.com/zh/event/btc-updown-5m-1782049200,21:40-21:45,80.00,20.00,79.00,19.00,30.00,233.93,514.38,264.77,79.50,19.50,1.00,1.00,25283.29,27020.78,27015.78,25183.30,79,20,19,80,,63973.05,,
2026-06-21T21:43:32+08:00,btc-updown-5m-1782049200,https://polymarket.com/zh/event/btc-updown-5m-1782049200,21:40-21:45,81.00,20.00,80.00,19.00,154.76,285.90,302.90,154.76,80.50,19.50,1.00,1.00,24628.29,26437.44,26412.44,24638.29,80,19,19,80,,63973.05,,
2026-06-21T21:43:34+08:00,btc-updown-5m-1782049200,https://polymarket.com/zh/event/btc-updown-5m-1782049200,21:40-21:45,82.00,19.00,81.00,18.00,260.06,271.98,182.50,252.06,81.50,18.50,1.00,1.00,24269.30,26327.43,26327.43,24169.29,81,18,18,81,,63973.05,,
2026-06-21T21:43:36+08:00,btc-updown-5m-1782049200,https://polymarket.com/zh/event/btc-updown-5m-1782049200,21:40-21:45,82.00,19.00,81.00,18.00,320.54,136.68,15.00,233.43,81.50,18.50,1.00,1.00,24170.29,26341.43,26336.43,24872.29,81,18,18,81,,63973.05,,
2026-06-21T21:43:38+08:00,btc-updown-5m-1782049200,https://polymarket.com/zh/event/btc-updown-5m-1782049200,21:40-21:45,82.00,19.00,81.00,18.00,52.06,351.03,331.40,30.00,81.50,18.50,1.00,1.00,25169.29,24344.43,24344.43,24684.29,81,18,18,81,,63973.04,,
2026-06-21T21:43:40+08:00,btc-updown-5m-1782049200,https://polymarket.com/zh/event/btc-updown-5m-1782049200,21:40-21:45,83.00,18.00,82.00,17.00,687.33,10.00,10.00,657.33,82.50,17.50,1.00,1.00,24983.30,24441.43,24446.43,24477.29,82,17,17,82,,63973.05,,
2026-06-21T21:43:41+08:00,btc-updown-5m-1782049200,https://polymarket.com/zh/event/btc-updown-5m-1782049200,21:40-21:45,82.00,19.00,81.00,18.00,36.00,465.42,388.15,36.00,81.50,18.50,1.00,1.00,24867.29,24436.43,24436.43,24372.29,81,18,18,81,,63973.04,,
2026-06-21T21:43:43+08:00,btc-updown-5m-1782049200,https://polymarket.com/zh/event/btc-updown-5m-1782049200,21:40-21:45,84.00,17.00,83.00,16.00,536.90,279.09,153.31,425.00,83.50,16.50,1.00,1.00,23973.29,23949.43,23949.43,24063.29,83,16,16,83,,63973.05,,
2026-06-21T21:43:45+08:00,btc-updown-5m-1782049200,https://polymarket.com/zh/event/btc-updown-5m-1782049200,21:40-21:45,85.00,16.00,84.00,15.00,164.20,351.04,324.83,187.20,84.50,15.50,1.00,1.00,23858.30,23944.43,23949.43,24433.29,84,15,15,84,,63973.05,,
2026-06-21T21:43:47+08:00,btc-updown-5m-1782049200,https://polymarket.com/zh/event/btc-updown-5m-1782049200,21:40-21:45,84.00,17.00,83.00,16.00,46.27,578.90,571.19,46.27,83.50,16.50,1.00,1.00,23943.29,23943.43,23938.43,24448.30,83,16,16,83,,63973.05,,
2026-06-21T21:43:49+08:00,btc-updown-5m-1782049200,https://polymarket.com/zh/event/btc-updown-5m-1782049200,21:40-21:45,85.00,16.00,84.00,15.00,254.14,159.97,238.76,265.44,84.50,15.50,1.00,1.00,23838.29,23958.43,23958.43,23943.29,84,15,15,84,,63973.05,,
2026-06-21T21:43:51+08:00,btc-updown-5m-1782049200,https://polymarket.com/zh/event/btc-updown-5m-1782049200,21:40-21:45,85.00,16.00,84.00,15.00,52.19,493.02,465.65,52.19,84.50,15.50,1.00,1.00,23338.29,23481.43,23586.43,23838.29,84,15,15,84,,63973.04,,
2026-06-21T21:43:53+08:00,btc-updown-5m-1782049200,https://polymarket.com/zh/event/btc-updown-5m-1782049200,21:40-21:45,85.00,16.00,84.00,15.00,5.00,555.36,591.36,5.00,84.50,15.50,1.00,1.00,23348.30,23596.43,23611.43,23838.29,84,15,15,84,,63971.01,,
2026-06-21T21:43:55+08:00,btc-updown-5m-1782049200,https://polymarket.com/zh/event/btc-updown-5m-1782049200,21:40-21:45,86.00,15.00,85.00,14.00,95.16,442.49,456.57,95.16,85.50,14.50,1.00,1.00,23613.29,23376.43,23184.43,23223.29,85,14,14,85,,63971.01,,
2026-06-21T21:43:57+08:00,btc-updown-5m-1782049200,https://polymarket.com/zh/event/btc-updown-5m-1782049200,21:40-21:45,88.00,13.00,87.00,12.00,103.01,308.94,279.64,78.51,87.50,12.50,1.00,1.00,23223.29,23270.43,23270.43,23323.29,87,12,12,87,,63971.03,,
2026-06-21T21:43:58+08:00,btc-updown-5m-1782049200,https://polymarket.com/zh/event/btc-updown-5m-1782049200,21:40-21:45,89.00,12.00,88.00,11.00,417.44,257.90,151.24,417.44,88.50,11.50,1.00,1.00,23323.29,23465.43,23565.43,23218.29,88,11,11,88,,63971.02,,
2026-06-21T21:44:00+08:00,btc-updown-5m-1782049200,https://polymarket.com/zh/event/btc-updown-5m-1782049200,21:40-21:45,89.00,12.00,88.00,11.00,759.17,5.00,5.00,1099.02,88.50,11.50,1.00,1.00,23378.29,23507.88,23368.43,23363.29,88,11,11,88,,63971.02,,
2026-06-21T21:44:02+08:00,btc-updown-5m-1782049200,https://polymarket.com/zh/event/btc-updown-5m-1782049200,21:40-21:45,87.00,14.00,86.00,13.00,190.19,160.67,167.33,182.54,86.50,13.50,1.00,1.00,23458.29,23470.43,23470.43,23553.29,86,13,13,86,,63971.03,,
2026-06-21T21:44:04+08:00,btc-updown-5m-1782049200,https://polymarket.com/zh/event/btc-updown-5m-1782049200,21:40-21:45,81.00,20.00,80.00,19.00,569.85,260.13,255.13,596.94,80.50,19.50,1.00,1.00,23698.29,23053.43,22958.43,23183.29,80,19,19,80,,63971.02,,
2026-06-21T21:44:06+08:00,btc-updown-5m-1782049200,https://polymarket.com/zh/event/btc-updown-5m-1782049200,21:40-21:45,82.00,19.00,81.00,18.00,43.90,618.49,610.49,33.90,81.50,18.50,1.00,1.00,23598.29,23261.43,23261.43,23088.29,81,17,17,81,,63970.00,,
2026-06-21T21:44:08+08:00,btc-updown-5m-1782049200,https://polymarket.com/zh/event/btc-updown-5m-1782049200,21:40-21:45,84.00,17.00,83.00,16.00,10.31,413.08,395.08,10.31,83.50,16.50,1.00,1.00,23588.29,22866.43,22861.43,23093.29,83,16,16,83,,63970.01,,
2026-06-21T21:44:10+08:00,btc-updown-5m-1782049200,https://polymarket.com/zh/event/btc-updown-5m-1782049200,21:40-21:45,84.00,17.00,83.00,16.00,34.04,500.02,493.02,34.04,83.50,16.50,1.00,1.00,23183.29,23241.43,23241.43,23278.29,83,16,16,83,,63965.08,,
2026-06-21T21:44:12+08:00,btc-updown-5m-1782049200,https://polymarket.com/zh/event/btc-updown-5m-1782049200,21:40-21:45,85.00,16.00,84.00,15.00,2.58,396.60,468.23,41.40,84.50,15.50,1.00,1.00,23083.29,22825.43,22825.43,22988.29,84,15,15,84,,63964.99,,
2026-06-21T21:44:13+08:00,btc-updown-5m-1782049200,https://polymarket.com/zh/event/btc-updown-5m-1782049200,21:40-21:45,86.00,15.00,85.00,14.00,536.30,201.54,201.54,494.93,85.50,14.50,1.00,1.00,23057.79,22817.93,22812.93,23572.79,85,14,14,85,,63964.99,,
2026-06-21T21:44:15+08:00,btc-updown-5m-1782049200,https://polymarket.com/zh/event/btc-updown-5m-1782049200,21:40-21:45,86.00,15.00,85.00,14.00,83.67,227.54,224.54,53.47,85.50,14.50,1.00,1.00,22962.79,22527.93,22532.93,22962.79,85,14,14,85,,63964.99,,
2026-06-21T21:44:17+08:00,btc-updown-5m-1782049200,https://polymarket.com/zh/event/btc-updown-5m-1782049200,21:40-21:45,86.00,15.00,85.00,14.00,52.74,651.48,650.58,52.74,85.50,14.50,1.00,1.00,23067.80,22397.93,22402.93,23477.79,85,14,14,85,,63964.99,,
2026-06-21T21:44:19+08:00,btc-updown-5m-1782049200,https://polymarket.com/zh/event/btc-updown-5m-1782049200,21:40-21:45,88.00,13.00,87.00,12.00,166.56,64.41,64.41,191.56,87.50,12.50,1.00,1.00,23462.79,22417.93,22412.93,23467.79,87,12,12,87,,63964.99,,
2026-06-21T21:44:21+08:00,btc-updown-5m-1782049200,https://polymarket.com/zh/event/btc-updown-5m-1782049200,21:40-21:45,88.00,13.00,87.00,12.00,46.58,152.65,147.65,22.58,87.50,12.50,1.00,1.00,23502.80,22406.93,22401.93,23492.79,87,12,12,87,,63965.00,,
2026-06-21T21:44:23+08:00,btc-updown-5m-1782049200,https://polymarket.com/zh/event/btc-updown-5m-1782049200,21:40-21:45,89.00,12.00,88.00,11.00,180.00,23.07,23.07,151.00,88.50,11.50,1.00,1.00,23002.79,22246.93,22251.93,23492.80,88,11,11,88,,63965.00,,
2026-06-21T21:44:25+08:00,btc-updown-5m-1782049200,https://polymarket.com/zh/event/btc-updown-5m-1782049200,21:40-21:45,95.00,6.00,94.00,5.00,103.80,346.30,414.14,97.69,94.50,5.50,1.00,1.00,23497.79,22311.17,22335.06,23077.79,94,5,5,94,,63965.00,,
2026-06-21T21:44:27+08:00,btc-updown-5m-1782049200,https://polymarket.com/zh/event/btc-updown-5m-1782049200,21:40-21:45,96.00,5.00,95.00,4.00,848.64,240.75,220.75,822.35,95.50,4.50,1.00,1.00,23096.79,21891.89,21860.60,23091.80,95,4,4,95,,63965.29,,
2026-06-21T21:44:29+08:00,btc-updown-5m-1782049200,https://polymarket.com/zh/event/btc-updown-5m-1782049200,21:40-21:45,96.00,5.00,95.00,4.00,459.43,235.41,221.54,393.82,95.50,4.50,1.00,1.00,23064.79,21198.18,21132.57,23579.79,95,4,4,95,,63973.40,,
2026-06-21T21:44:30+08:00,btc-updown-5m-1782049200,https://polymarket.com/zh/event/btc-updown-5m-1782049200,21:40-21:45,96.00,5.00,95.00,4.00,196.10,324.09,316.09,196.10,95.50,4.50,1.00,1.00,22616.46,20421.83,20421.83,22581.46,95,4,4,95,,63973.40,,
2026-06-21T21:44:32+08:00,btc-updown-5m-1782049200,https://polymarket.com/zh/event/btc-updown-5m-1782049200,21:40-21:45,97.00,4.00,96.00,3.00,598.35,145.54,129.00,593.35,96.50,3.50,1.00,1.00,22430.46,18136.17,18331.17,22915.46,96,3,3,96,,63973.40,,
2026-06-21T21:44:34+08:00,btc-updown-5m-1782049200,https://polymarket.com/zh/event/btc-updown-5m-1782049200,21:40-21:45,97.00,4.00,96.00,3.00,336.79,118.01,118.01,346.79,96.50,3.50,1.00,1.00,22625.46,17810.61,17820.61,22615.46,96,3,3,96,,63973.40,,
2026-06-21T21:44:36+08:00,btc-updown-5m-1782049200,https://polymarket.com/zh/event/btc-updown-5m-1782049200,21:40-21:45,96.00,5.00,95.00,4.00,85.99,203.32,221.32,80.78,95.50,4.50,1.00,1.00,21798.47,17983.48,17978.27,21998.47,95,4,4,95,,63973.40,,
2026-06-21T21:44:38+08:00,btc-updown-5m-1782049200,https://polymarket.com/zh/event/btc-updown-5m-1782049200,21:40-21:45,97.00,4.00,96.00,3.00,259.53,10.00,20.00,278.53,96.50,3.50,1.00,1.00,21798.47,17469.07,17488.07,21803.47,96,3,3,96,,63973.40,,
2026-06-21T21:44:40+08:00,btc-updown-5m-1782049200,https://polymarket.com/zh/event/btc-updown-5m-1782049200,21:40-21:45,97.00,4.00,96.00,3.00,324.86,13.54,13.54,256.36,96.50,3.50,1.00,1.00,21743.47,17843.40,17774.90,21758.47,96,3,3,96,,63973.41,,
2026-06-21T21:44:42+08:00,btc-updown-5m-1782049200,https://polymarket.com/zh/event/btc-updown-5m-1782049200,21:40-21:45,97.00,4.00,96.00,3.00,40.00,57.28,28.52,35.00,96.50,3.50,1.00,1.00,22248.47,17170.85,17125.85,21748.47,96,3,3,96,,63973.41,,
2026-06-21T21:44:44+08:00,btc-updown-5m-1782049200,https://polymarket.com/zh/event/btc-updown-5m-1782049200,21:40-21:45,97.00,4.00,96.00,3.00,19.84,70.00,40.00,19.84,96.50,3.50,1.00,1.00,21953.47,12115.69,11969.69,22453.47,96,3,3,96,,63973.41,,
2026-06-21T21:44:46+08:00,btc-updown-5m-1782049200,https://polymarket.com/zh/event/btc-updown-5m-1782049200,21:40-21:45,96.00,5.00,95.00,4.00,47.29,82.81,63.81,62.50,95.50,4.50,1.00,1.00,21193.29,11391.54,11401.75,21198.29,94,4,4,93,,63973.40,,
2026-06-21T21:44:47+08:00,btc-updown-5m-1782049200,https://polymarket.com/zh/event/btc-updown-5m-1782049200,21:40-21:45,98.00,3.00,97.00,2.00,271.23,121.00,193.70,275.41,97.50,2.50,1.00,1.00,19434.29,9031.64,9035.82,19429.29,96,2,2,96,,63973.40,,
2026-06-21T21:44:49+08:00,btc-updown-5m-1782049200,https://polymarket.com/zh/event/btc-updown-5m-1782049200,21:40-21:45,98.00,3.00,97.00,2.00,164.23,25.99,20.99,194.23,97.50,2.50,1.00,1.00,19892.29,8834.64,8723.64,19882.29,89,2,2,91,,63971.49,,
2026-06-21T21:44:51+08:00,btc-updown-5m-1782049200,https://polymarket.com/zh/event/btc-updown-5m-1782049200,21:40-21:45,99.00,2.00,98.00,1.00,2637.83,107.43,112.43,2642.83,98.50,1.50,1.00,1.00,11050.06,2637.83,2642.83,11055.06,85,1,1,85,,63971.49,,
2026-06-21T21:44:53+08:00,btc-updown-5m-1782049200,https://polymarket.com/zh/event/btc-updown-5m-1782049200,21:40-21:45,99.00,2.00,98.00,1.00,560.31,104.93,88.93,480.13,98.50,1.50,1.00,1.00,11738.06,560.31,480.13,11228.06,85,1,1,85,,63971.49,,
2026-06-21T21:44:55+08:00,btc-updown-5m-1782049200,https://polymarket.com/zh/event/btc-updown-5m-1782049200,21:40-21:45,,1.00,99.00,,,906.47,875.71,,,,,,11743.06,,,11243.06,80,0,0,80,,63971.49,,
2026-06-21T21:44:57+08:00,btc-updown-5m-1782049200,https://polymarket.com/zh/event/btc-updown-5m-1782049200,21:40-21:45,,1.00,99.00,,,1383.28,1403.28,,,,,,10961.06,,,10981.07,80,0,0,81,,63971.50,,
2026-06-21T21:44:58+08:00,btc-updown-5m-1782049200,https://polymarket.com/zh/event/btc-updown-5m-1782049200,21:40-21:45,,1.00,99.00,,,14748.73,12729.72,,,,,,11643.06,,,11128.06,87,0,0,87,,63971.50,,
2026-06-21T21:45:01+08:00,btc-updown-5m-1782049500,https://polymarket.com/zh/event/btc-updown-5m-1782049500,21:45-21:50,51.00,50.00,50.00,49.00,234.65,10.00,10.00,244.65,50.50,49.50,1.00,1.00,35683.54,34939.13,23326.13,24070.54,49,49,49,49,63971.49,63971.49,,
2026-06-21T21:45:02+08:00,btc-updown-5m-1782049500,https://polymarket.com/zh/event/btc-updown-5m-1782049500,21:45-21:50,45.00,56.00,44.00,55.00,107.83,236.87,207.28,49.00,44.50,55.50,1.00,1.00,24468.88,23704.48,23709.48,24475.88,44,55,55,44,63971.49,63962.02,,
2026-06-21T21:45:04+08:00,btc-updown-5m-1782049500,https://polymarket.com/zh/event/btc-updown-5m-1782049500,21:45-21:50,41.00,60.00,40.00,59.00,257.70,325.61,279.04,192.50,40.50,59.50,1.00,1.00,24536.88,23741.74,23735.74,24536.88,40,59,59,40,63971.49,63956.01,,
2026-06-21T21:45:06+08:00,btc-updown-5m-1782049500,https://polymarket.com/zh/event/btc-updown-5m-1782049500,21:45-21:50,44.00,57.00,43.00,56.00,46.00,310.48,310.48,51.00,43.50,56.50,1.00,1.00,24546.88,23846.74,23935.74,24551.88,43,56,56,43,63971.49,63957.22,,
2026-06-21T21:45:08+08:00,btc-updown-5m-1782049500,https://polymarket.com/zh/event/btc-updown-5m-1782049500,21:45-21:50,51.00,50.00,50.00,49.00,233.10,176.87,129.87,198.10,50.50,49.50,1.00,1.00,22676.88,23865.74,23870.74,22671.88,50,49,49,50,63971.49,63961.46,,
2026-06-21T21:45:10+08:00,btc-updown-5m-1782049500,https://polymarket.com/zh/event/btc-updown-5m-1782049500,21:45-21:50,52.00,49.00,51.00,48.00,503.81,652.07,607.82,554.38,51.50,48.50,1.00,1.00,22586.88,21811.74,21841.74,22641.88,51,48,48,51,63971.49,63964.98,,
2026-06-21T21:45:12+08:00,btc-updown-5m-1782049500,https://polymarket.com/zh/event/btc-updown-5m-1782049500,21:45-21:50,56.00,45.00,55.00,44.00,72.32,732.17,737.00,178.31,55.50,44.50,1.00,1.00,22669.89,21894.74,21904.74,23189.88,55,44,44,55,63971.49,63964.98,,
2026-06-21T21:45:14+08:00,btc-updown-5m-1782049500,https://polymarket.com/zh/event/btc-updown-5m-1782049500,21:45-21:50,56.00,45.00,55.00,44.00,591.50,178.14,168.14,606.14,55.50,44.50,1.00,1.00,22834.88,22109.74,22104.74,23319.88,55,44,44,55,63971.49,63969.75,,
2026-06-21T21:45:16+08:00,btc-updown-5m-1782049500,https://polymarket.com/zh/event/btc-updown-5m-1782049500,21:45-21:50,56.00,45.00,55.00,44.00,652.46,53.00,53.00,647.21,55.50,44.50,1.00,1.00,23449.89,22120.74,22010.74,23229.88,55,44,44,55,63971.49,63971.49,,
2026-06-21T21:45:17+08:00,btc-updown-5m-1782049500,https://polymarket.com/zh/event/btc-updown-5m-1782049500,21:45-21:50,55.00,46.00,54.00,45.00,397.63,329.93,337.93,372.63,54.50,45.50,1.00,1.00,23539.88,22410.74,22520.74,23729.88,54,45,45,54,63971.49,63971.48,,
2026-06-21T21:45:19+08:00,btc-updown-5m-1782049500,https://polymarket.com/zh/event/btc-updown-5m-1782049500,21:45-21:50,55.00,48.00,54.00,46.00,693.71,84.60,30.10,78.00,54.50,47.00,1.00,2.00,23719.88,22615.74,22620.74,23129.88,54,45,46,52,63971.49,63971.48,,
2026-06-21T21:45:21+08:00,btc-updown-5m-1782049500,https://polymarket.com/zh/event/btc-updown-5m-1782049500,21:45-21:50,51.00,50.00,50.00,49.00,293.00,555.51,449.14,258.10,50.50,49.50,1.00,1.00,23213.70,22399.56,22419.56,23098.70,50,49,49,50,63971.49,63969.10,,
2026-06-21T21:45:23+08:00,btc-updown-5m-1782049500,https://polymarket.com/zh/event/btc-updown-5m-1782049500,21:45-21:50,51.00,50.00,50.00,49.00,437.16,194.83,235.33,399.73,50.50,49.50,1.00,1.00,23398.70,22109.56,22362.16,22893.70,50,49,49,50,63971.49,63969.10,,
2026-06-21T21:45:25+08:00,btc-updown-5m-1782049500,https://polymarket.com/zh/event/btc-updown-5m-1782049500,21:45-21:50,56.00,45.00,55.00,44.00,197.10,333.67,5.00,269.10,55.50,44.50,1.00,1.00,23679.28,22974.15,22979.15,23793.58,55,44,44,55,63971.49,63969.10,,
2026-06-21T21:45:27+08:00,btc-updown-5m-1782049500,https://polymarket.com/zh/event/btc-updown-5m-1782049500,21:45-21:50,59.00,42.00,58.00,41.00,96.79,547.29,548.94,96.79,58.50,41.50,1.00,1.00,23765.98,23924.54,23939.54,24285.98,58,41,41,58,63971.49,63969.10,,
2026-06-21T21:45:29+08:00,btc-updown-5m-1782049500,https://polymarket.com/zh/event/btc-updown-5m-1782049500,21:45-21:50,59.00,43.00,58.00,42.00,647.65,378.02,20.00,155.76,58.50,42.50,1.00,1.00,24537.98,24129.54,24124.54,23977.68,58,41,42,57,63971.49,63971.50,,
2026-06-21T21:45:31+08:00,btc-updown-5m-1782049500,https://polymarket.com/zh/event/btc-updown-5m-1782049500,21:45-21:50,56.00,45.00,55.00,44.00,295.18,263.02,265.31,308.18,55.50,44.50,1.00,1.00,23977.68,24124.54,24129.54,24592.68,55,44,44,55,63971.49,63971.50,,
2026-06-21T21:45:33+08:00,btc-updown-5m-1782049500,https://polymarket.com/zh/event/btc-updown-5m-1782049500,21:45-21:50,56.00,45.00,55.00,44.00,389.20,122.33,221.42,421.45,55.50,44.50,1.00,1.00,24392.68,23518.54,23513.54,23882.68,55,44,44,55,63971.49,63973.80,,
2026-06-21T21:45:34+08:00,btc-updown-5m-1782049500,https://polymarket.com/zh/event/btc-updown-5m-1782049500,21:45-21:50,56.00,45.00,55.00,44.00,426.98,401.32,406.90,438.19,55.50,44.50,1.00,1.00,23807.68,23528.54,23528.54,24382.68,55,44,44,55,63971.49,63973.79,,
2026-06-21T21:45:36+08:00,btc-updown-5m-1782049500,https://polymarket.com/zh/event/btc-updown-5m-1782049500,21:45-21:50,58.00,42.00,57.00,41.00,111.65,595.27,896.40,70.48,57.50,41.50,1.00,1.00,23887.68,23523.54,23513.54,24287.68,57,42,41,58,63971.49,63973.79,,
2026-06-21T21:45:38+08:00,btc-updown-5m-1782049500,https://polymarket.com/zh/event/btc-updown-5m-1782049500,21:45-21:50,60.00,41.00,59.00,40.00,157.69,640.50,678.52,157.69,59.50,40.50,1.00,1.00,24782.68,23518.54,23528.54,24292.68,59,40,40,59,63971.49,63973.79,,
2026-06-21T21:45:40+08:00,btc-updown-5m-1782049500,https://polymarket.com/zh/event/btc-updown-5m-1782049500,21:45-21:50,61.00,40.00,60.00,39.00,521.54,267.49,206.59,474.54,60.50,39.50,1.00,1.00,24782.68,25513.54,25528.54,24902.68,60,39,39,60,63971.49,63973.79,,
2026-06-21T21:45:42+08:00,btc-updown-5m-1782049500,https://polymarket.com/zh/event/btc-updown-5m-1782049500,21:45-21:50,60.00,41.00,59.00,40.00,24.00,662.37,644.36,29.00,59.50,40.50,1.00,1.00,24187.68,25518.54,25513.54,24182.68,59,40,40,59,63971.49,63975.10,,
2026-06-21T21:45:44+08:00,btc-updown-5m-1782049500,https://polymarket.com/zh/event/btc-updown-5m-1782049500,21:45-21:50,60.00,41.00,59.00,40.00,98.19,545.57,539.33,98.19,59.50,40.50,1.00,1.00,24597.68,25538.55,25523.55,24087.68,59,40,40,59,63971.49,63975.11,,
2026-06-21T21:45:46+08:00,btc-updown-5m-1782049500,https://polymarket.com/zh/event/btc-updown-5m-1782049500,21:45-21:50,60.00,41.00,59.00,40.00,81.30,472.69,517.23,81.30,59.50,40.50,1.00,1.00,23987.68,25524.95,25534.95,24382.68,59,40,40,59,63971.49,63975.11,,
2026-06-21T21:45:48+08:00,btc-updown-5m-1782049500,https://polymarket.com/zh/event/btc-updown-5m-1782049500,21:45-21:50,60.00,41.00,59.00,40.00,56.29,526.25,525.52,54.62,59.50,40.50,1.00,1.00,24087.68,25534.95,25524.95,23987.68,59,40,40,59,63971.49,63975.10,,
2026-06-21T21:45:49+08:00,btc-updown-5m-1782049500,https://polymarket.com/zh/event/btc-updown-5m-1782049500,21:45-21:50,61.00,40.00,60.00,39.00,761.95,82.68,82.68,752.90,60.50,39.50,1.00,1.00,24577.68,25529.95,25539.95,23992.68,60,39,39,60,63971.49,63975.10,,
2026-06-21T21:45:51+08:00,btc-updown-5m-1782049500,https://polymarket.com/zh/event/btc-updown-5m-1782049500,21:45-21:50,67.00,34.00,66.00,33.00,213.00,596.04,571.26,213.00,66.50,33.50,1.00,1.00,24482.68,25593.95,25593.95,24972.68,66,33,33,66,63971.49,63977.84,,
2026-06-21T21:45:53+08:00,btc-updown-5m-1782049500,https://polymarket.com/zh/event/btc-updown-5m-1782049500,21:45-21:50,67.00,34.00,66.00,33.00,731.09,83.00,106.76,744.63,66.50,33.50,1.00,1.00,24507.69,25608.95,25618.95,25077.68,66,33,33,66,63971.49,63977.84,,
2026-06-21T21:45:55+08:00,btc-updown-5m-1782049500,https://polymarket.com/zh/event/btc-updown-5m-1782049500,21:45-21:50,67.00,34.00,66.00,33.00,82.77,817.14,745.75,37.84,66.50,33.50,1.00,1.00,24482.68,25628.95,25613.95,24482.68,66,33,33,66,63971.49,63977.85,,
2026-06-21T21:45:57+08:00,btc-updown-5m-1782049500,https://polymarket.com/zh/event/btc-updown-5m-1782049500,21:45-21:50,69.00,31.00,68.00,30.00,33.00,903.52,749.95,62.00,68.50,30.50,1.00,1.00,24982.68,25628.95,25618.95,24487.69,68,31,30,69,63971.49,63980.00,,
2026-06-21T21:45:59+08:00,btc-updown-5m-1782049500,https://polymarket.com/zh/event/btc-updown-5m-1782049500,21:45-21:50,72.00,29.00,71.00,28.00,111.00,604.71,614.65,102.43,71.50,28.50,1.00,1.00,24732.69,25543.95,25543.95,24827.68,71,28,28,71,63971.49,63984.11,,
2026-06-21T21:46:01+08:00,btc-updown-5m-1782049500,https://polymarket.com/zh/event/btc-updown-5m-1782049500,21:45-21:50,73.00,28.00,72.00,27.00,686.62,85.54,74.84,540.39,72.50,27.50,1.00,1.00,31242.68,32158.95,32153.95,31727.68,72,27,27,72,63971.49,63984.11,,
2026-06-21T21:46:03+08:00,btc-updown-5m-1782049500,https://polymarket.com/zh/event/btc-updown-5m-1782049500,21:45-21:50,80.00,21.00,79.00,20.00,883.15,668.44,723.98,966.15,79.50,20.50,1.00,1.00,29317.68,30812.95,30812.95,29217.68,79,20,20,79,63971.49,63988.07,,
2026-06-21T21:46:04+08:00,btc-updown-5m-1782049500,https://polymarket.com/zh/event/btc-updown-5m-1782049500,21:45-21:50,80.00,21.00,79.00,20.00,611.90,354.00,354.00,574.80,79.50,20.50,1.00,1.00,29327.69,30777.95,30782.95,29322.68,79,20,20,79,63971.49,63989.99,,
2026-06-21T21:46:06+08:00,btc-updown-5m-1782049500,https://polymarket.com/zh/event/btc-updown-5m-1782049500,21:45-21:50,74.00,27.00,73.00,26.00,178.78,703.41,387.55,63.14,73.50,26.50,1.00,1.00,29214.68,30589.95,30584.95,29099.68,73,26,26,73,63971.49,63984.00,,
2026-06-21T21:46:08+08:00,btc-updown-5m-1782049500,https://polymarket.com/zh/event/btc-updown-5m-1782049500,21:45-21:50,77.00,24.00,76.00,23.00,55.00,960.79,949.79,5.00,76.50,23.50,1.00,1.00,29324.69,29648.95,29613.95,29799.68,76,23,23,76,63971.49,63984.33,,
2026-06-21T21:46:10+08:00,btc-updown-5m-1782049500,https://polymarket.com/zh/event/btc-updown-5m-1782049500,21:45-21:50,78.00,23.00,77.00,22.00,133.00,561.07,559.77,105.00,77.50,22.50,1.00,1.00,29309.68,29678.95,29683.95,29209.68,77,22,22,77,63971.49,63988.62,,
2026-06-21T21:46:12+08:00,btc-updown-5m-1782049500,https://polymarket.com/zh/event/btc-updown-5m-1782049500,21:45-21:50,79.00,22.00,78.00,21.00,283.56,382.24,395.11,283.56,78.50,21.50,1.00,1.00,29304.68,30118.95,30118.95,29209.68,78,21,21,78,63971.49,63988.62,,
2026-06-21T21:46:14+08:00,btc-updown-5m-1782049500,https://polymarket.com/zh/event/btc-updown-5m-1782049500,21:45-21:50,80.00,21.00,79.00,20.00,123.46,414.63,461.63,117.46,79.50,20.50,1.00,1.00,29414.69,30223.95,30218.95,29314.68,79,20,20,79,63971.49,63988.63,,
2026-06-21T21:46:16+08:00,btc-updown-5m-1782049500,https://polymarket.com/zh/event/btc-updown-5m-1782049500,21:45-21:50,78.00,23.00,77.00,22.00,377.55,98.06,204.06,457.83,77.50,22.50,1.00,1.00,29204.68,30133.95,30133.95,29214.68,77,22,22,77,63971.49,63988.63,,
2026-06-21T21:46:18+08:00,btc-updown-5m-1782049500,https://polymarket.com/zh/event/btc-updown-5m-1782049500,21:45-21:50,78.00,23.00,77.00,22.00,323.12,273.67,220.67,293.12,77.50,22.50,1.00,1.00,29509.68,29983.96,29983.96,29404.68,77,22,22,77,63971.49,63988.62,,
2026-06-21T21:46:20+08:00,btc-updown-5m-1782049500,https://polymarket.com/zh/event/btc-updown-5m-1782049500,21:45-21:50,78.00,23.00,77.00,22.00,99.46,627.03,638.03,121.00,77.50,22.50,1.00,1.00,29024.68,29978.96,29978.96,28904.68,77,22,22,77,63971.49,63988.62,,
2026-06-21T21:46:21+08:00,btc-updown-5m-1782049500,https://polymarket.com/zh/event/btc-updown-5m-1782049500,21:45-21:50,75.00,26.00,74.00,25.00,92.53,181.18,240.18,482.96,74.50,25.50,1.00,1.00,28904.68,29498.96,29498.96,29409.68,74,25,25,74,63971.49,63988.62,,
2026-06-21T21:46:23+08:00,btc-updown-5m-1782049500,https://polymarket.com/zh/event/btc-updown-5m-1782049500,21:45-21:50,75.00,26.00,74.00,25.00,284.73,326.82,346.23,284.73,74.50,25.50,1.00,1.00,28809.68,29463.96,29493.96,29409.68,74,25,25,74,63971.49,63982.51,,
2026-06-21T21:46:25+08:00,btc-updown-5m-1782049500,https://polymarket.com/zh/event/btc-updown-5m-1782049500,21:45-21:50,76.00,25.00,75.00,24.00,686.42,114.49,93.46,723.26,75.50,24.50,1.00,1.00,28814.68,29493.96,29493.96,29314.68,75,24,24,75,63971.49,63982.51,,
2026-06-21T21:46:27+08:00,btc-updown-5m-1782049500,https://polymarket.com/zh/event/btc-updown-5m-1782049500,21:45-21:50,81.00,20.00,80.00,19.00,415.08,413.39,402.39,394.60,80.50,19.50,1.00,1.00,28909.69,28948.96,28948.96,29419.68,80,19,19,80,63971.49,63988.63,,
2026-06-21T21:46:29+08:00,btc-updown-5m-1782049500,https://polymarket.com/zh/event/btc-updown-5m-1782049500,21:45-21:50,81.00,20.00,80.00,19.00,474.25,205.98,479.11,791.15,80.50,19.50,1.00,1.00,29409.68,29448.96,29453.96,28819.69,80,19,19,80,63971.49,63989.98,,
2026-06-21T21:46:31+08:00,btc-updown-5m-1782049500,https://polymarket.com/zh/event/btc-updown-5m-1782049500,21:45-21:50,80.00,21.00,79.00,20.00,42.92,868.83,861.63,41.67,79.50,20.50,1.00,1.00,28450.68,28974.96,28974.96,28330.68,79,20,20,79,63971.49,63989.98,,
2026-06-21T21:46:33+08:00,btc-updown-5m-1782049500,https://polymarket.com/zh/event/btc-updown-5m-1782049500,21:45-21:50,80.00,21.00,79.00,20.00,35.00,1011.33,885.33,33.75,79.50,20.50,1.00,1.00,28340.68,28879.96,28874.96,28230.68,79,20,20,79,63971.49,63989.98,,
2026-06-21T21:46:35+08:00,btc-updown-5m-1782049500,https://polymarket.com/zh/event/btc-updown-5m-1782049500,21:45-21:50,82.00,19.00,81.00,18.00,875.00,169.00,183.41,1155.64,81.50,18.50,1.00,1.00,28256.69,28885.96,28880.96,28841.68,81,18,18,81,63971.49,63989.98,,
2026-06-21T21:46:37+08:00,btc-updown-5m-1782049500,https://polymarket.com/zh/event/btc-updown-5m-1782049500,21:45-21:50,81.00,20.00,80.00,19.00,77.55,497.59,482.54,46.89,80.50,19.50,1.00,1.00,28341.68,28885.96,28885.96,28241.69,80,19,19,80,63971.49,63988.94,,
2026-06-21T21:46:38+08:00,btc-updown-5m-1782049500,https://polymarket.com/zh/event/btc-updown-5m-1782049500,21:45-21:50,81.00,20.00,80.00,19.00,35.00,501.59,514.59,51.89,80.50,19.50,1.00,1.00,28741.69,28880.96,28885.96,28346.68,80,19,19,80,63971.49,63988.94,,
2026-06-21T21:46:40+08:00,btc-updown-5m-1782049500,https://polymarket.com/zh/event/btc-updown-5m-1782049500,21:45-21:50,81.00,20.00,80.00,19.00,847.68,13.81,13.81,900.07,80.50,19.50,1.00,1.00,28241.68,28875.96,28875.96,28851.68,80,19,19,80,63971.49,63988.96,,
2026-06-21T21:46:42+08:00,btc-updown-5m-1782049500,https://polymarket.com/zh/event/btc-updown-5m-1782049500,21:45-21:50,81.00,20.00,80.00,19.00,480.70,160.07,160.07,487.70,80.50,19.50,1.00,1.00,28841.68,28880.96,28880.96,28351.68,80,19,19,80,63971.49,63988.96,,
2026-06-21T21:46:44+08:00,btc-updown-5m-1782049500,https://polymarket.com/zh/event/btc-updown-5m-1782049500,21:45-21:50,81.00,20.00,80.00,19.00,748.50,97.04,97.04,738.50,80.50,19.50,1.00,1.00,28341.68,28885.96,28880.96,28256.68,80,19,19,80,63971.49,63988.96,,
2026-06-21T21:46:46+08:00,btc-updown-5m-1782049500,https://polymarket.com/zh/event/btc-updown-5m-1782049500,21:45-21:50,81.00,20.00,80.00,19.00,517.28,104.50,104.50,517.28,80.50,19.50,1.00,1.00,28256.68,28900.56,28905.56,28831.68,80,19,19,80,63971.49,63988.96,,
2026-06-21T21:46:48+08:00,btc-updown-5m-1782049500,https://polymarket.com/zh/event/btc-updown-5m-1782049500,21:45-21:50,81.00,20.00,80.00,19.00,450.97,122.50,122.50,449.97,80.50,19.50,1.00,1.00,28241.68,28908.38,28908.38,28241.68,80,19,19,80,63971.49,63988.96,,
2026-06-21T21:46:50+08:00,btc-updown-5m-1782049500,https://polymarket.com/zh/event/btc-updown-5m-1782049500,21:45-21:50,81.00,20.00,80.00,19.00,332.72,684.58,499.00,132.85,80.50,19.50,1.00,1.00,28836.68,28913.38,28918.38,28746.68,80,19,19,80,63971.49,63988.96,,
2026-06-21T21:46:52+08:00,btc-updown-5m-1782049500,https://polymarket.com/zh/event/btc-updown-5m-1782049500,21:45-21:50,81.00,20.00,80.00,19.00,106.85,714.77,714.77,101.85,80.50,19.50,1.00,1.00,28751.68,28918.38,28923.38,28346.68,80,19,19,80,63971.49,63988.96,,
2026-06-21T21:46:54+08:00,btc-updown-5m-1782049500,https://polymarket.com/zh/event/btc-updown-5m-1782049500,21:45-21:50,81.00,20.00,80.00,19.00,88.89,701.83,701.83,88.89,80.50,19.50,1.00,1.00,28356.68,26918.38,26918.38,28746.68,80,19,19,80,63971.49,63988.96,,
2026-06-21T21:46:55+08:00,btc-updown-5m-1782049500,https://polymarket.com/zh/event/btc-updown-5m-1782049500,21:45-21:50,81.00,20.00,80.00,19.00,103.89,798.07,782.16,88.89,80.50,19.50,1.00,1.00,28236.68,27080.38,27075.38,28266.68,80,19,19,80,63971.49,63988.96,,
2026-06-21T21:46:57+08:00,btc-updown-5m-1782049500,https://polymarket.com/zh/event/btc-updown-5m-1782049500,21:45-21:50,82.00,19.00,81.00,18.00,696.03,145.00,145.00,702.37,81.50,18.50,1.00,1.00,28195.68,27075.38,27080.38,28739.68,81,18,18,81,63971.49,63988.95,,
2026-06-21T21:46:59+08:00,btc-updown-5m-1782049500,https://polymarket.com/zh/event/btc-updown-5m-1782049500,21:45-21:50,82.00,19.00,81.00,18.00,496.21,691.23,353.65,173.30,81.50,18.50,1.00,1.00,28164.69,27080.38,27085.38,28639.68,81,18,18,81,63971.49,63988.95,,
2026-06-21T21:47:01+08:00,btc-updown-5m-1782049500,https://polymarket.com/zh/event/btc-updown-5m-1782049500,21:45-21:50,82.00,19.00,81.00,18.00,174.70,661.53,671.56,164.09,81.50,18.50,1.00,1.00,28136.68,27065.89,27060.89,28151.68,81,18,18,81,63971.49,63988.95,,
2026-06-21T21:47:03+08:00,btc-updown-5m-1782049500,https://polymarket.com/zh/event/btc-updown-5m-1782049500,21:45-21:50,82.00,19.00,81.00,18.00,59.23,713.72,715.72,56.79,81.50,18.50,1.00,1.00,28081.68,27114.89,27114.89,28106.68,81,18,18,81,63971.49,63988.95,,
2026-06-21T21:47:05+08:00,btc-updown-5m-1782049500,https://polymarket.com/zh/event/btc-updown-5m-1782049500,21:45-21:50,83.00,18.00,82.00,17.00,558.28,227.49,161.39,558.48,82.50,17.50,1.00,1.00,28572.68,27085.89,27120.89,28072.69,82,17,17,82,63971.49,63988.96,,
2026-06-21T21:47:07+08:00,btc-updown-5m-1782049500,https://polymarket.com/zh/event/btc-updown-5m-1782049500,21:45-21:50,83.00,18.00,82.00,17.00,197.88,704.52,702.77,192.57,82.50,17.50,1.00,1.00,28067.68,26675.89,26575.89,28072.68,82,17,17,82,63971.49,63989.59,,
2026-06-21T21:47:09+08:00,btc-updown-5m-1782049500,https://polymarket.com/zh/event/btc-updown-5m-1782049500,21:45-21:50,83.00,18.00,82.00,17.00,131.52,642.11,635.61,131.52,82.50,17.50,1.00,1.00,28177.68,26595.89,26595.89,28767.68,82,17,17,82,63971.49,63989.59,,
2026-06-21T21:47:11+08:00,btc-updown-5m-1782049500,https://polymarket.com/zh/event/btc-updown-5m-1782049500,21:45-21:50,84.00,17.00,83.00,16.00,126.92,107.00,397.19,129.53,83.50,16.50,1.00,1.00,28157.68,26705.89,26675.89,28182.69,83,16,16,83,63971.49,63989.59,,
2026-06-21T21:47:12+08:00,btc-updown-5m-1782049500,https://polymarket.com/zh/event/btc-updown-5m-1782049500,21:45-21:50,84.00,17.00,83.00,16.00,617.50,38.66,81.94,621.11,83.50,16.50,1.00,1.00,28162.68,26685.89,26690.89,28177.69,83,16,16,83,63971.49,63989.60,,
2026-06-21T21:47:18+08:00,btc-updown-5m-1782049500,https://polymarket.com/zh/event/btc-updown-5m-1782049500,21:45-21:50,84.00,17.00,83.00,16.00,65.75,566.01,549.63,55.75,83.50,16.50,1.00,1.00,28722.68,26905.89,26905.89,28112.68,83,16,16,83,63971.49,63989.60,,
2026-06-21T21:47:20+08:00,btc-updown-5m-1782049500,https://polymarket.com/zh/event/btc-updown-5m-1782049500,21:45-21:50,85.00,16.00,84.00,15.00,1010.50,66.77,86.52,994.50,84.50,15.50,1.00,1.00,28227.69,26695.89,26695.89,28612.68,84,15,15,84,63971.49,63989.60,,
2026-06-21T21:47:21+08:00,btc-updown-5m-1782049500,https://polymarket.com/zh/event/btc-updown-5m-1782049500,21:45-21:50,84.00,17.00,83.00,16.00,7.61,777.42,793.11,14.61,83.50,16.50,1.00,1.00,28612.68,26890.89,26885.89,28707.68,83,16,16,83,63971.49,63989.60,,
2026-06-21T21:47:23+08:00,btc-updown-5m-1782049500,https://polymarket.com/zh/event/btc-updown-5m-1782049500,21:45-21:50,85.00,14.00,84.00,13.00,6.47,221.86,800.96,317.31,84.50,13.50,1.00,1.00,28102.68,26980.31,27026.31,28612.68,84,15,13,86,63971.49,63989.60,,
2026-06-21T21:47:25+08:00,btc-updown-5m-1782049500,https://polymarket.com/zh/event/btc-updown-5m-1782049500,21:45-21:50,90.00,11.00,89.00,10.00,383.75,757.17,533.89,313.25,89.50,10.50,1.00,1.00,28122.68,27329.50,27214.50,28137.69,89,10,10,89,63971.49,63998.06,,
2026-06-21T21:47:27+08:00,btc-updown-5m-1782049500,https://polymarket.com/zh/event/btc-updown-5m-1782049500,21:45-21:50,90.00,11.00,89.00,10.00,747.31,170.00,170.00,752.19,89.50,10.50,1.00,1.00,28032.68,27818.45,27768.45,28032.68,89,10,10,89,63971.49,63995.00,,
2026-06-21T21:47:29+08:00,btc-updown-5m-1782049500,https://polymarket.com/zh/event/btc-updown-5m-1782049500,21:45-21:50,89.00,12.00,88.00,11.00,33.07,753.64,718.64,30.98,88.50,11.50,1.00,1.00,28607.68,27821.45,27816.45,28122.68,88,11,11,88,63971.49,63995.00,,
2026-06-21T21:47:31+08:00,btc-updown-5m-1782049500,https://polymarket.com/zh/event/btc-updown-5m-1782049500,21:45-21:50,90.00,13.00,89.00,12.00,1330.32,28.30,7.50,1005.46,89.50,12.50,1.00,1.00,27980.68,21439.89,21475.89,27965.69,89,10,12,87,63971.49,63996.52,,
2026-06-21T21:47:33+08:00,btc-updown-5m-1782049500,https://polymarket.com/zh/event/btc-updown-5m-1782049500,21:45-21:50,87.00,14.00,86.00,13.00,830.63,330.53,146.03,708.63,86.50,13.50,1.00,1.00,28085.69,21908.40,21894.89,28570.68,86,13,13,86,63971.49,63995.00,,
2026-06-21T21:47:35+08:00,btc-updown-5m-1782049500,https://polymarket.com/zh/event/btc-updown-5m-1782049500,21:45-21:50,87.00,14.00,86.00,13.00,579.26,443.64,376.28,570.26,86.50,13.50,1.00,1.00,27879.69,21895.69,21890.69,28459.68,86,13,13,86,63971.49,63995.01,,
2026-06-21T21:47:37+08:00,btc-updown-5m-1782049500,https://polymarket.com/zh/event/btc-updown-5m-1782049500,21:45-21:50,87.00,14.00,86.00,13.00,139.87,702.35,751.67,129.87,86.50,13.50,1.00,1.00,27864.68,22013.96,21953.96,28459.68,86,13,13,86,63971.49,63995.00,,
2026-06-21T21:47:39+08:00,btc-updown-5m-1782049500,https://polymarket.com/zh/event/btc-updown-5m-1782049500,21:45-21:50,87.00,14.00,86.00,13.00,69.40,796.51,798.51,69.40,86.50,13.50,1.00,1.00,27864.69,22023.96,22023.96,28459.68,86,13,13,86,63971.49,63995.00,,
2026-06-21T21:47:40+08:00,btc-updown-5m-1782049500,https://polymarket.com/zh/event/btc-updown-5m-1782049500,21:45-21:50,89.00,12.00,88.00,11.00,6.57,534.53,372.68,36.57,88.50,11.50,1.00,1.00,27969.68,21982.45,22137.45,27854.68,88,11,11,88,63971.49,63995.01,,
2026-06-21T21:47:42+08:00,btc-updown-5m-1782049500,https://polymarket.com/zh/event/btc-updown-5m-1782049500,21:45-21:50,90.00,11.00,89.00,10.00,80.34,505.14,502.14,80.34,89.50,10.50,1.00,1.00,28369.68,22036.45,22036.45,27974.68,89,10,10,89,63971.49,63995.01,,
2026-06-21T21:47:44+08:00,btc-updown-5m-1782049500,https://polymarket.com/zh/event/btc-updown-5m-1782049500,21:45-21:50,90.00,11.00,89.00,10.00,529.53,356.26,356.26,519.53,89.50,10.50,1.00,1.00,27889.68,22451.45,22456.45,27779.68,89,10,10,89,63971.49,63995.01,,
2026-06-21T21:47:46+08:00,btc-updown-5m-1782049500,https://polymarket.com/zh/event/btc-updown-5m-1782049500,21:45-21:50,90.00,11.00,89.00,10.00,105.86,467.73,513.86,145.86,89.50,10.50,1.00,1.00,28389.68,22450.45,22450.45,27889.68,89,10,10,89,63971.49,63995.00,,
2026-06-21T21:47:48+08:00,btc-updown-5m-1782049500,https://polymarket.com/zh/event/btc-updown-5m-1782049500,21:45-21:50,91.00,10.00,90.00,9.00,825.61,282.11,332.11,817.61,90.50,9.50,1.00,1.00,27879.69,22145.45,22145.45,28404.68,90,9,9,90,63971.49,63995.00,,
2026-06-21T21:47:50+08:00,btc-updown-5m-1782049500,https://polymarket.com/zh/event/btc-updown-5m-1782049500,21:45-21:50,91.00,10.00,90.00,9.00,128.34,752.48,741.48,123.34,90.50,9.50,1.00,1.00,27794.68,22013.45,22043.45,27774.68,90,9,9,90,63971.49,63995.01,,
2026-06-21T21:47:52+08:00,btc-updown-5m-1782049500,https://polymarket.com/zh/event/btc-updown-5m-1782049500,21:45-21:50,92.00,9.00,91.00,8.00,720.51,211.00,206.00,736.42,91.50,8.50,1.00,1.00,27784.69,21516.45,21549.29,28404.68,91,8,8,91,63971.49,63995.01,,
2026-06-21T21:47:54+08:00,btc-updown-5m-1782049500,https://polymarket.com/zh/event/btc-updown-5m-1782049500,21:45-21:50,91.00,10.00,90.00,9.00,750.60,345.46,340.46,737.60,90.50,9.50,1.00,1.00,28244.68,21406.45,21406.45,27754.68,90,9,9,90,63971.49,63995.01,,
2026-06-21T21:47:56+08:00,btc-updown-5m-1782049500,https://polymarket.com/zh/event/btc-updown-5m-1782049500,21:45-21:50,91.00,10.00,90.00,9.00,681.09,331.64,331.64,677.20,90.50,9.50,1.00,1.00,28259.68,20371.45,20361.45,27754.68,90,9,9,90,63971.49,63995.00,,
2026-06-21T21:47:58+08:00,btc-updown-5m-1782049500,https://polymarket.com/zh/event/btc-updown-5m-1782049500,21:45-21:50,91.00,10.00,90.00,9.00,701.30,321.91,340.44,701.30,90.50,9.50,1.00,1.00,28249.68,20335.45,20940.45,27639.68,90,9,9,90,63971.49,63995.01,,
2026-06-21T21:48:00+08:00,btc-updown-5m-1782049500,https://polymarket.com/zh/event/btc-updown-5m-1782049500,21:45-21:50,91.00,10.00,90.00,9.00,345.20,442.17,406.73,210.50,90.50,9.50,1.00,1.00,28249.68,21380.45,21375.45,27649.68,90,9,9,90,63971.49,63995.01,,
2026-06-21T21:48:01+08:00,btc-updown-5m-1782049500,https://polymarket.com/zh/event/btc-updown-5m-1782049500,21:45-21:50,91.00,10.00,90.00,9.00,36.90,548.27,550.29,36.90,90.50,9.50,1.00,1.00,26933.69,20689.45,20684.45,26923.68,90,9,9,90,63971.49,63995.00,,
2026-06-21T21:48:03+08:00,btc-updown-5m-1782049500,https://polymarket.com/zh/event/btc-updown-5m-1782049500,21:45-21:50,88.00,13.00,87.00,12.00,163.50,27.75,72.67,997.68,87.50,12.50,1.00,1.00,27298.68,20324.62,20329.62,26788.68,87,12,12,87,63971.49,63995.01,,
2026-06-21T21:48:05+08:00,btc-updown-5m-1782049500,https://polymarket.com/zh/event/btc-updown-5m-1782049500,21:45-21:50,86.00,15.00,85.00,14.00,325.33,337.60,300.60,575.03,85.50,14.50,1.00,1.00,26593.68,20356.62,20386.62,26603.68,85,14,14,85,63971.49,63990.22,,
2026-06-21T21:48:07+08:00,btc-updown-5m-1782049500,https://polymarket.com/zh/event/btc-updown-5m-1782049500,21:45-21:50,87.00,14.00,86.00,13.00,747.39,188.18,182.47,717.39,86.50,13.50,1.00,1.00,26593.68,20551.42,20546.42,27093.68,86,13,13,86,63971.49,63990.22,,
2026-06-21T21:48:09+08:00,btc-updown-5m-1782049500,https://polymarket.com/zh/event/btc-updown-5m-1782049500,21:45-21:50,88.00,13.00,87.00,12.00,114.00,284.46,296.46,84.00,87.50,12.50,1.00,1.00,26588.69,20639.82,20489.82,26588.68,87,12,12,87,63971.49,63990.22,,
2026-06-21T21:48:11+08:00,btc-updown-5m-1782049500,https://polymarket.com/zh/event/btc-updown-5m-1782049500,21:45-21:50,89.00,12.00,88.00,11.00,563.31,59.25,59.25,562.18,88.50,11.50,1.00,1.00,26548.68,20510.82,20515.82,26553.68,88,11,11,88,63971.49,63990.21,,
2026-06-21T21:48:13+08:00,btc-updown-5m-1782049500,https://polymarket.com/zh/event/btc-updown-5m-1782049500,21:45-21:50,89.00,12.00,88.00,11.00,556.45,269.14,269.14,556.45,88.50,11.50,1.00,1.00,26948.69,20565.82,20579.82,27053.68,88,11,11,88,63971.49,63990.21,,
2026-06-21T21:48:15+08:00,btc-updown-5m-1782049500,https://polymarket.com/zh/event/btc-updown-5m-1782049500,21:45-21:50,89.00,12.00,88.00,11.00,210.39,481.47,476.47,205.39,88.50,11.50,1.00,1.00,26553.68,20589.82,20644.82,26443.68,88,11,11,88,63971.49,63990.22,,
2026-06-21T21:48:17+08:00,btc-updown-5m-1782049500,https://polymarket.com/zh/event/btc-updown-5m-1782049500,21:45-21:50,89.00,12.00,88.00,11.00,351.50,471.46,479.09,351.50,88.50,11.50,1.00,1.00,26278.68,19734.82,19734.82,25883.68,88,11,11,88,63971.49,63990.21,,
2026-06-21T21:48:19+08:00,btc-updown-5m-1782049500,https://polymarket.com/zh/event/btc-updown-5m-1782049500,21:45-21:50,89.00,12.00,88.00,11.00,48.87,630.01,627.01,48.87,88.50,11.50,1.00,1.00,25793.68,19404.32,19799.32,25773.68,88,11,11,88,63971.49,63990.21,,
2026-06-21T21:48:20+08:00,btc-updown-5m-1782049500,https://polymarket.com/zh/event/btc-updown-5m-1782049500,21:45-21:50,93.00,8.00,92.00,7.00,433.21,266.05,97.23,270.62,92.50,7.50,1.00,1.00,25170.34,19164.15,19055.15,25560.34,92,7,7,92,63971.49,63990.97,,
2026-06-21T21:48:22+08:00,btc-updown-5m-1782049500,https://polymarket.com/zh/event/btc-updown-5m-1782049500,21:45-21:50,93.00,8.00,92.00,7.00,252.20,620.41,620.41,252.20,92.50,7.50,1.00,1.00,25065.34,18517.15,18522.15,25075.34,92,7,7,92,63971.49,63993.43,,
2026-06-21T21:48:24+08:00,btc-updown-5m-1782049500,https://polymarket.com/zh/event/btc-updown-5m-1782049500,21:45-21:50,93.00,8.00,92.00,7.00,688.25,178.00,178.00,696.30,92.50,7.50,1.00,1.00,25160.34,18470.15,18060.15,25170.34,92,7,7,92,63971.49,63993.44,,
2026-06-21T21:48:26+08:00,btc-updown-5m-1782049500,https://polymarket.com/zh/event/btc-updown-5m-1782049500,21:45-21:50,92.00,9.00,91.00,8.00,145.62,518.60,450.71,8.12,91.50,8.50,1.00,1.00,24815.34,18441.32,18430.32,24805.34,91,8,8,91,63971.49,63993.44,,
2026-06-21T21:48:28+08:00,btc-updown-5m-1782049500,https://polymarket.com/zh/event/btc-updown-5m-1782049500,21:45-21:50,89.00,12.00,88.00,11.00,338.16,363.50,335.50,308.16,88.50,11.50,1.00,1.00,24915.34,18148.79,18153.79,24820.34,88,11,11,88,63971.49,63990.22,,
2026-06-21T21:48:30+08:00,btc-updown-5m-1782049500,https://polymarket.com/zh/event/btc-updown-5m-1782049500,21:45-21:50,89.00,12.00,88.00,11.00,711.44,346.82,346.82,739.44,88.50,11.50,1.00,1.00,24835.34,18173.79,18148.79,24705.34,88,11,11,88,63971.49,63990.21,,
2026-06-21T21:48:32+08:00,btc-updown-5m-1782049500,https://polymarket.com/zh/event/btc-updown-5m-1782049500,21:45-21:50,90.00,11.00,89.00,10.00,648.73,116.95,116.95,701.73,89.50,10.50,1.00,1.00,24755.34,17473.79,17468.79,24150.34,89,10,10,89,63971.49,63990.22,,
2026-06-21T21:48:34+08:00,btc-updown-5m-1782049500,https://polymarket.com/zh/event/btc-updown-5m-1782049500,21:45-21:50,89.00,12.00,88.00,11.00,98.42,288.32,288.32,50.42,88.50,11.50,1.00,1.00,24760.34,17514.45,17354.45,24190.34,88,11,11,88,63971.49,63990.21,,
2026-06-21T21:48:36+08:00,btc-updown-5m-1782049500,https://polymarket.com/zh/event/btc-updown-5m-1782049500,21:45-21:50,90.00,11.00,89.00,10.00,75.61,433.85,420.62,60.05,89.50,10.50,1.00,1.00,24695.34,17446.10,17441.10,24205.34,89,10,10,89,63971.49,63990.21,,
2026-06-21T21:48:38+08:00,btc-updown-5m-1782049500,https://polymarket.com/zh/event/btc-updown-5m-1782049500,21:45-21:50,91.00,10.00,90.00,9.00,320.43,178.52,65.00,307.08,90.50,9.50,1.00,1.00,24090.34,17423.10,17433.10,24610.35,90,9,9,90,63971.49,63990.22,,
2026-06-21T21:48:39+08:00,btc-updown-5m-1782049500,https://polymarket.com/zh/event/btc-updown-5m-1782049500,21:45-21:50,91.00,10.00,90.00,9.00,73.45,241.82,241.82,63.45,90.50,9.50,1.00,1.00,24080.34,17308.10,17303.10,24695.34,90,9,9,90,63971.49,63990.22,,
2026-06-21T21:48:41+08:00,btc-updown-5m-1782049500,https://polymarket.com/zh/event/btc-updown-5m-1782049500,21:45-21:50,92.00,9.00,91.00,8.00,1042.67,15.00,15.00,1032.67,91.50,8.50,1.00,1.00,24200.34,16831.98,16831.98,24080.34,91,8,8,91,63971.49,63990.22,,
2026-06-21T21:48:43+08:00,btc-updown-5m-1782049500,https://polymarket.com/zh/event/btc-updown-5m-1782049500,21:45-21:50,91.00,10.00,90.00,9.00,46.89,829.53,824.53,46.89,90.50,9.50,1.00,1.00,24200.34,17137.10,17136.10,24100.35,90,9,9,90,63971.49,63990.22,,
2026-06-21T21:48:45+08:00,btc-updown-5m-1782049500,https://polymarket.com/zh/event/btc-updown-5m-1782049500,21:45-21:50,92.00,9.00,91.00,8.00,455.19,65.03,60.00,422.19,91.50,8.50,1.00,1.00,24580.34,17021.10,17021.10,24060.34,91,8,8,91,63971.49,63990.22,,
2026-06-21T21:48:47+08:00,btc-updown-5m-1782049500,https://polymarket.com/zh/event/btc-updown-5m-1782049500,21:45-21:50,92.00,9.00,91.00,8.00,142.57,510.79,382.79,138.22,91.50,8.50,1.00,1.00,23965.34,12018.10,12018.10,23970.34,91,8,8,91,63971.49,63990.22,,
2026-06-21T21:48:49+08:00,btc-updown-5m-1782049500,https://polymarket.com/zh/event/btc-updown-5m-1782049500,21:45-21:50,92.00,9.00,91.00,8.00,164.95,463.01,463.01,174.95,91.50,8.50,1.00,1.00,23960.34,11962.10,11967.10,23960.35,91,8,8,91,63971.49,63990.22,,
2026-06-21T21:48:51+08:00,btc-updown-5m-1782049500,https://polymarket.com/zh/event/btc-updown-5m-1782049500,21:45-21:50,92.00,9.00,91.00,8.00,182.68,562.32,562.32,180.50,91.50,8.50,1.00,1.00,24065.34,11737.10,11737.10,23575.34,91,8,8,91,63971.49,63990.21,,
2026-06-21T21:48:53+08:00,btc-updown-5m-1782049500,https://polymarket.com/zh/event/btc-updown-5m-1782049500,21:45-21:50,92.00,9.00,91.00,8.00,91.07,684.79,709.79,91.07,91.50,8.50,1.00,1.00,23555.34,11698.98,11693.98,23975.34,91,8,8,91,63971.49,63990.22,,
2026-06-21T21:48:55+08:00,btc-updown-5m-1782049500,https://polymarket.com/zh/event/btc-updown-5m-1782049500,21:45-21:50,93.00,8.00,92.00,7.00,146.86,468.18,468.18,146.86,92.50,7.50,1.00,1.00,23330.34,11013.10,11013.10,23740.34,92,7,7,92,63971.49,63990.22,,
2026-06-21T21:48:56+08:00,btc-updown-5m-1782049500,https://polymarket.com/zh/event/btc-updown-5m-1782049500,21:45-21:50,93.00,8.00,92.00,7.00,124.88,597.14,615.96,110.90,92.50,7.50,1.00,1.00,23865.34,11404.98,11409.98,23335.34,92,7,7,92,63971.49,63990.21,,
2026-06-21T21:48:58+08:00,btc-updown-5m-1782049500,https://polymarket.com/zh/event/btc-updown-5m-1782049500,21:45-21:50,93.00,8.00,92.00,7.00,64.56,710.31,695.70,64.56,92.50,7.50,1.00,1.00,23340.34,11586.64,11586.64,23350.34,92,7,7,92,63971.49,63990.21,,
2026-06-21T21:49:00+08:00,btc-updown-5m-1782049500,https://polymarket.com/zh/event/btc-updown-5m-1782049500,21:45-21:50,94.00,7.00,93.00,6.00,272.27,359.72,346.72,272.27,93.50,6.50,1.00,1.00,24000.34,11477.28,11472.28,24010.34,93,6,6,93,63971.49,63990.22,,
2026-06-21T21:49:02+08:00,btc-updown-5m-1782049500,https://polymarket.com/zh/event/btc-updown-5m-1782049500,21:45-21:50,94.00,7.00,93.00,6.00,128.26,432.93,432.93,123.26,93.50,6.50,1.00,1.00,24015.34,11083.81,11126.31,23630.34,93,6,6,93,63971.49,63990.22,,
2026-06-21T21:49:04+08:00,btc-updown-5m-1782049500,https://polymarket.com/zh/event/btc-updown-5m-1782049500,21:45-21:50,94.00,7.00,93.00,6.00,93.73,423.59,418.59,93.73,93.50,6.50,1.00,1.00,23365.34,10929.20,10929.20,23370.34,93,6,6,93,63971.49,63990.22,,
2026-06-21T21:49:06+08:00,btc-updown-5m-1782049500,https://polymarket.com/zh/event/btc-updown-5m-1782049500,21:45-21:50,94.00,7.00,93.00,6.00,7.15,318.88,318.88,3.15,93.50,6.50,1.00,1.00,24150.34,10674.81,10669.81,23560.34,93,6,6,93,63971.49,63990.22,,
2026-06-21T21:49:08+08:00,btc-updown-5m-1782049500,https://polymarket.com/zh/event/btc-updown-5m-1782049500,21:45-21:50,95.00,5.00,94.00,4.00,41.12,65.00,99.67,785.80,94.50,4.50,1.00,1.00,23345.34,10362.99,10690.92,23950.34,94,5,4,95,63971.49,63990.21,,
2026-06-21T21:49:10+08:00,btc-updown-5m-1782049500,https://polymarket.com/zh/event/btc-updown-5m-1782049500,21:45-21:50,96.00,5.00,95.00,4.00,519.95,230.33,220.33,519.95,95.50,4.50,1.00,1.00,23545.34,10345.51,10345.51,23523.34,95,4,4,95,63971.49,63990.22,,
2026-06-21T21:49:11+08:00,btc-updown-5m-1782049500,https://polymarket.com/zh/event/btc-updown-5m-1782049500,21:45-21:50,96.00,5.00,95.00,4.00,1209.38,247.58,355.58,1381.45,95.50,4.50,1.00,1.00,23653.35,14895.00,15087.77,23958.35,95,4,4,95,63971.49,63990.21,,
2026-06-21T21:49:13+08:00,btc-updown-5m-1782049500,https://polymarket.com/zh/event/btc-updown-5m-1782049500,21:45-21:50,93.00,8.00,92.00,7.00,169.67,148.68,148.68,153.67,92.50,7.50,1.00,1.00,23932.84,14875.86,14875.86,23842.84,92,7,7,92,63971.49,63981.99,,
2026-06-21T21:49:15+08:00,btc-updown-5m-1782049500,https://polymarket.com/zh/event/btc-updown-5m-1782049500,21:45-21:50,92.00,9.00,91.00,8.00,226.02,346.18,257.08,214.93,91.50,8.50,1.00,1.00,24637.84,9682.55,9687.55,24122.84,91,8,8,91,63971.49,63981.99,,
2026-06-21T21:49:17+08:00,btc-updown-5m-1782049500,https://polymarket.com/zh/event/btc-updown-5m-1782049500,21:45-21:50,80.00,21.00,79.00,20.00,989.89,14.00,18.00,1112.59,79.50,20.50,1.00,1.00,23527.84,17712.94,17807.94,23447.84,77,20,20,77,63971.49,63973.80,,
2026-06-21T21:49:19+08:00,btc-updown-5m-1782049500,https://polymarket.com/zh/event/btc-updown-5m-1782049500,21:45-21:50,77.00,23.00,76.00,22.00,9.28,322.78,581.40,152.78,76.50,22.50,1.00,1.00,23832.84,15977.94,15877.94,23447.84,75,23,22,77,63971.49,63973.80,,
2026-06-21T21:49:21+08:00,btc-updown-5m-1782049500,https://polymarket.com/zh/event/btc-updown-5m-1782049500,21:45-21:50,79.00,21.00,78.00,20.00,0.70,137.91,385.00,113.01,78.50,20.50,1.00,1.00,23272.84,15892.94,15892.94,23357.84,78,21,20,79,63971.49,63973.81,,
2026-06-21T21:49:23+08:00,btc-updown-5m-1782049500,https://polymarket.com/zh/event/btc-updown-5m-1782049500,21:45-21:50,81.00,21.00,80.00,20.00,170.75,148.00,5.00,48.73,80.50,20.50,1.00,1.00,23244.85,15579.94,15674.94,23844.84,80,19,20,79,63971.49,63973.81,,
2026-06-21T21:49:25+08:00,btc-updown-5m-1782049500,https://polymarket.com/zh/event/btc-updown-5m-1782049500,21:45-21:50,87.00,14.00,86.00,13.00,55.00,243.24,3.05,55.00,86.50,13.50,1.00,1.00,23109.84,16009.72,16014.72,22994.84,86,13,13,86,63971.49,63975.99,,
2026-06-21T21:49:26+08:00,btc-updown-5m-1782049500,https://polymarket.com/zh/event/btc-updown-5m-1782049500,21:45-21:50,89.00,12.00,88.00,11.00,109.07,147.55,199.32,109.07,88.50,11.50,1.00,1.00,23147.85,15848.65,15853.65,23737.84,88,11,11,88,63971.49,63976.00,,
2026-06-21T21:49:28+08:00,btc-updown-5m-1782049500,https://polymarket.com/zh/event/btc-updown-5m-1782049500,21:45-21:50,90.00,11.00,89.00,10.00,150.30,111.24,147.93,140.30,89.50,10.50,1.00,1.00,23627.84,15882.65,15877.65,23737.84,89,10,10,88,63971.49,63976.00,,
2026-06-21T21:49:30+08:00,btc-updown-5m-1782049500,https://polymarket.com/zh/event/btc-updown-5m-1782049500,21:45-21:50,90.00,11.00,89.00,10.00,30.62,39.24,27.24,36.62,89.50,10.50,1.00,1.00,23349.51,15888.32,15868.32,23359.51,89,10,10,89,63971.49,63976.00,,
2026-06-21T21:49:32+08:00,btc-updown-5m-1782049500,https://polymarket.com/zh/event/btc-updown-5m-1782049500,21:45-21:50,92.00,9.00,91.00,8.00,108.15,180.85,208.85,116.35,91.50,8.50,1.00,1.00,23231.51,15810.38,15778.38,23246.52,91,8,8,91,63971.49,63977.98,,
2026-06-21T21:49:34+08:00,btc-updown-5m-1782049500,https://polymarket.com/zh/event/btc-updown-5m-1782049500,21:45-21:50,92.00,9.00,91.00,8.00,25.56,98.77,114.77,25.56,91.50,8.50,1.00,1.00,23546.51,15783.92,15783.92,23021.51,90,8,8,90,63971.49,63977.98,,
2026-06-21T21:49:36+08:00,btc-updown-5m-1782049500,https://polymarket.com/zh/event/btc-updown-5m-1782049500,21:45-21:50,91.00,10.00,90.00,9.00,303.48,21.38,21.38,158.13,90.50,9.50,1.00,1.00,22869.52,13805.33,13800.33,22579.52,89,9,9,89,63971.49,63977.98,,
2026-06-21T21:49:38+08:00,btc-updown-5m-1782049500,https://polymarket.com/zh/event/btc-updown-5m-1782049500,21:45-21:50,92.00,9.00,91.00,8.00,138.91,43.00,13.00,135.91,91.50,8.50,1.00,1.00,22364.53,13837.51,13850.21,22869.52,90,8,8,90,63971.49,63977.98,,
2026-06-21T21:49:40+08:00,btc-updown-5m-1782049500,https://polymarket.com/zh/event/btc-updown-5m-1782049500,21:45-21:50,91.00,9.00,90.00,8.00,40.00,15.00,47.70,37.65,90.50,8.50,1.00,1.00,22369.52,13724.90,13623.15,22319.52,90,9,8,91,63971.49,63977.98,,
2026-06-21T21:49:42+08:00,btc-updown-5m-1782049500,https://polymarket.com/zh/event/btc-updown-5m-1782049500,21:45-21:50,93.00,8.00,92.00,7.00,126.01,6.90,6.90,225.91,92.50,7.50,1.00,1.00,22539.52,13465.06,13465.06,22524.52,92,7,7,92,63971.49,63979.98,,
2026-06-21T21:49:43+08:00,btc-updown-5m-1782049500,https://polymarket.com/zh/event/btc-updown-5m-1782049500,21:45-21:50,93.00,8.00,92.00,7.00,52.20,70.00,41.00,17.95,92.50,7.50,1.00,1.00,22514.52,13246.51,13273.15,23029.52,92,7,7,92,63971.49,63979.98,,
2026-06-21T21:49:45+08:00,btc-updown-5m-1782049500,https://polymarket.com/zh/event/btc-updown-5m-1782049500,21:45-21:50,93.00,8.00,92.00,7.00,28.87,180.00,136.00,58.11,92.50,7.50,1.00,1.00,21333.38,7226.21,7206.21,21248.39,92,7,7,92,63971.49,63979.98,,
2026-06-21T21:49:47+08:00,btc-updown-5m-1782049500,https://polymarket.com/zh/event/btc-updown-5m-1782049500,21:45-21:50,94.00,7.00,93.00,6.00,5.00,67.14,143.72,25.00,93.50,6.50,1.00,1.00,19992.38,5585.75,5669.37,19507.38,93,6,6,93,63971.49,63979.99,,
2026-06-21T21:49:49+08:00,btc-updown-5m-1782049500,https://polymarket.com/zh/event/btc-updown-5m-1782049500,21:45-21:50,95.00,6.00,94.00,5.00,104.93,116.78,107.78,104.93,94.50,5.50,1.00,1.00,19387.38,5376.78,5231.78,19912.38,87,5,5,87,63971.49,63979.99,,
2026-06-21T21:49:51+08:00,btc-updown-5m-1782049500,https://polymarket.com/zh/event/btc-updown-5m-1782049500,21:45-21:50,96.00,5.00,95.00,3.00,5.39,116.57,307.92,193.55,95.50,4.00,1.00,2.00,11228.38,4188.60,4000.17,11208.39,87,4,3,88,63971.49,63979.99,,
2026-06-21T21:49:53+08:00,btc-updown-5m-1782049500,https://polymarket.com/zh/event/btc-updown-5m-1782049500,21:45-21:50,98.00,3.00,97.00,2.00,532.02,28.78,3.78,515.02,97.50,2.50,1.00,1.00,11575.38,3858.16,3841.16,11075.38,89,2,2,89,63971.49,63979.99,,
2026-06-21T21:49:55+08:00,btc-updown-5m-1782049500,https://polymarket.com/zh/event/btc-updown-5m-1782049500,21:45-21:50,99.00,2.00,98.00,1.00,3152.97,64.02,64.02,3145.31,98.50,1.50,1.00,1.00,10797.89,3152.97,3145.31,11297.90,88,1,1,77,63971.49,63979.99,,
2026-06-21T21:49:57+08:00,btc-updown-5m-1782049500,https://polymarket.com/zh/event/btc-updown-5m-1782049500,21:45-21:50,99.00,2.00,98.00,1.00,161.03,43.37,99.37,177.37,98.50,1.50,1.00,1.00,10747.89,161.03,177.37,10752.89,77,1,1,80,63971.49,63979.99,,
2026-06-21T21:49:58+08:00,btc-updown-5m-1782049500,https://polymarket.com/zh/event/btc-updown-5m-1782049500,21:45-21:50,,1.00,99.00,,,1087.40,1091.93,,,,,,11217.89,,,10917.89,88,0,0,88,63971.49,63976.78,,
2026-06-21T21:50:01+08:00,btc-updown-5m-1782049800,https://polymarket.com/zh/event/btc-updown-5m-1782049800,21:50-21:55,46.00,55.00,45.00,54.00,108.30,95.89,5.00,66.70,45.50,54.50,1.00,1.00,36508.16,35662.20,35662.20,36508.16,45,54,54,45,63970.00,63970.00,,
2026-06-21T21:50:03+08:00,btc-updown-5m-1782049800,https://polymarket.com/zh/event/btc-updown-5m-1782049800,21:50-21:55,46.00,55.00,45.00,54.00,84.22,43.52,67.52,84.22,45.50,54.50,1.00,1.00,25278.50,24427.55,24527.55,25284.50,45,54,54,45,63970.00,63969.75,,
2026-06-21T21:50:04+08:00,btc-updown-5m-1782049800,https://polymarket.com/zh/event/btc-updown-5m-1782049800,21:50-21:55,50.00,51.00,49.00,50.00,16.96,66.00,56.00,20.00,49.50,50.50,1.00,1.00,25294.50,24527.56,24532.55,25294.50,49,50,50,49,63970.00,63970.01,,
2026-06-21T21:50:06+08:00,btc-updown-5m-1782049800,https://polymarket.com/zh/event/btc-updown-5m-1782049800,21:50-21:55,64.00,36.00,63.00,35.00,45.00,339.40,16.00,22.00,63.50,35.50,1.00,1.00,25804.50,24453.55,24448.55,25814.51,63,36,35,64,63970.00,63971.51,,
2026-06-21T21:50:08+08:00,btc-updown-5m-1782049800,https://polymarket.com/zh/event/btc-updown-5m-1782049800,21:50-21:55,62.00,39.00,61.00,38.00,220.06,67.00,67.00,204.60,61.50,38.50,1.00,1.00,25894.50,22633.54,22633.54,25799.50,61,38,38,61,63970.00,63971.51,,
2026-06-21T21:50:10+08:00,btc-updown-5m-1782049800,https://polymarket.com/zh/event/btc-updown-5m-1782049800,21:50-21:55,64.00,37.00,63.00,36.00,115.17,220.87,408.43,342.67,63.50,36.50,1.00,1.00,23934.50,22733.54,22738.54,23940.50,63,36,36,63,63970.00,63971.51,,
2026-06-21T21:50:12+08:00,btc-updown-5m-1782049800,https://polymarket.com/zh/event/btc-updown-5m-1782049800,21:50-21:55,63.00,38.00,62.00,37.00,505.87,56.00,56.31,482.99,62.50,37.50,1.00,1.00,24419.50,22958.54,22958.54,23939.50,62,37,37,62,63970.00,63979.98,,
2026-06-21T21:50:14+08:00,btc-updown-5m-1782049800,https://polymarket.com/zh/event/btc-updown-5m-1782049800,21:50-21:55,63.00,39.00,62.00,38.00,596.75,88.13,11.20,50.00,62.50,38.50,1.00,1.00,24339.50,23258.54,23353.54,24424.50,62,37,38,61,63970.00,63979.98,,
2026-06-21T21:50:16+08:00,btc-updown-5m-1782049800,https://polymarket.com/zh/event/btc-updown-5m-1782049800,21:50-21:55,62.00,39.00,61.00,38.00,205.56,350.89,353.89,205.56,61.50,38.50,1.00,1.00,24734.51,23463.54,23448.54,24329.50,61,38,38,61,63970.00,63982.76,,
2026-06-21T21:50:18+08:00,btc-updown-5m-1782049800,https://polymarket.com/zh/event/btc-updown-5m-1782049800,21:50-21:55,62.00,39.00,61.00,38.00,231.68,494.81,465.81,231.68,61.50,38.50,1.00,1.00,24249.51,23398.54,23393.54,24729.50,61,38,38,61,63970.00,63982.77,,
2026-06-21T21:50:20+08:00,btc-updown-5m-1782049800,https://polymarket.com/zh/event/btc-updown-5m-1782049800,21:50-21:55,62.00,39.00,61.00,38.00,93.70,286.20,357.09,137.92,61.50,38.50,1.00,1.00,24439.50,23193.54,23108.54,24444.50,61,38,38,61,63970.00,63982.77,,
2026-06-21T21:50:22+08:00,btc-updown-5m-1782049800,https://polymarket.com/zh/event/btc-updown-5m-1782049800,21:50-21:55,61.00,40.00,60.00,39.00,624.96,35.00,35.00,655.96,60.50,39.50,1.00,1.00,23903.58,22987.62,22992.62,23913.58,60,39,39,60,63970.00,63982.77,,
2026-06-21T21:50:23+08:00,btc-updown-5m-1782049800,https://polymarket.com/zh/event/btc-updown-5m-1782049800,21:50-21:55,60.00,41.00,59.00,40.00,63.01,330.06,330.06,68.01,59.50,40.50,1.00,1.00,24426.17,25298.22,25288.22,24431.18,59,40,40,59,63970.00,63982.77,,
2026-06-21T21:50:25+08:00,btc-updown-5m-1782049800,https://polymarket.com/zh/event/btc-updown-5m-1782049800,21:50-21:55,61.00,40.00,60.00,39.00,341.31,41.00,66.00,425.91,60.50,39.50,1.00,1.00,24899.87,25530.21,25582.91,24404.87,60,39,39,60,63970.00,63982.77,,
2026-06-21T21:50:27+08:00,btc-updown-5m-1782049800,https://polymarket.com/zh/event/btc-updown-5m-1782049800,21:50-21:55,61.00,40.00,60.00,39.00,732.57,59.00,41.00,693.57,60.50,39.50,1.00,1.00,25101.87,26072.50,26135.20,25481.86,60,39,39,60,63970.00,63982.77,,
2026-06-21T21:50:29+08:00,btc-updown-5m-1782049800,https://polymarket.com/zh/event/btc-updown-5m-1782049800,21:50-21:55,61.00,40.00,60.00,39.00,62.00,494.57,381.50,33.00,60.50,39.50,1.00,1.00,25641.56,26298.60,26512.60,24951.57,60,39,39,60,63970.00,63982.77,,
2026-06-21T21:50:31+08:00,btc-updown-5m-1782049800,https://polymarket.com/zh/event/btc-updown-5m-1782049800,21:50-21:55,70.00,31.00,69.00,30.00,158.75,256.38,263.38,271.23,69.50,30.50,1.00,1.00,25051.56,27000.60,26990.60,24931.56,69,30,30,69,63970.00,63988.00,,
2026-06-21T21:50:33+08:00,btc-updown-5m-1782049800,https://polymarket.com/zh/event/btc-updown-5m-1782049800,21:50-21:55,75.00,26.00,74.00,25.00,160.40,452.71,471.01,140.40,74.50,25.50,1.00,1.00,25041.56,26984.60,26989.60,25441.56,74,25,25,74,63970.00,63994.04,,
2026-06-21T21:50:35+08:00,btc-updown-5m-1782049800,https://polymarket.com/zh/event/btc-updown-5m-1782049800,21:50-21:55,75.00,26.00,74.00,25.00,772.77,222.32,217.32,747.48,74.50,25.50,1.00,1.00,25141.56,27159.60,27159.60,25036.56,74,25,25,74,63970.00,63994.04,,
2026-06-21T21:50:37+08:00,btc-updown-5m-1782049800,https://polymarket.com/zh/event/btc-updown-5m-1782049800,21:50-21:55,74.00,27.00,73.00,26.00,187.50,159.63,184.63,625.63,73.50,26.50,1.00,1.00,25156.56,26654.60,26624.60,25641.56,73,26,26,73,63970.00,63994.05,,
2026-06-21T21:50:38+08:00,btc-updown-5m-1782049800,https://polymarket.com/zh/event/btc-updown-5m-1782049800,21:50-21:55,73.00,28.00,72.00,27.00,733.37,38.84,38.84,654.83,72.50,27.50,1.00,1.00,25146.56,26594.60,26594.60,25536.56,72,27,27,72,63970.00,63994.04,,
2026-06-21T21:50:40+08:00,btc-updown-5m-1782049800,https://polymarket.com/zh/event/btc-updown-5m-1782049800,21:50-21:55,72.00,29.00,71.00,28.00,350.84,272.00,267.00,331.89,71.50,28.50,1.00,1.00,25531.56,26589.60,26589.60,25546.56,71,28,28,71,63970.00,63994.07,,
2026-06-21T21:50:42+08:00,btc-updown-5m-1782049800,https://polymarket.com/zh/event/btc-updown-5m-1782049800,21:50-21:55,72.00,28.00,71.00,27.00,76.61,134.59,468.08,532.15,71.50,27.50,1.00,1.00,25136.56,26589.60,26589.60,25136.56,71,28,27,72,63970.00,63994.49,,
2026-06-21T21:50:44+08:00,btc-updown-5m-1782049800,https://polymarket.com/zh/event/btc-updown-5m-1782049800,21:50-21:55,72.00,29.00,71.00,28.00,412.40,167.41,162.41,403.40,71.50,28.50,1.00,1.00,25041.57,26589.60,26589.60,25541.56,71,28,28,71,63970.00,63994.48,,
2026-06-21T21:50:46+08:00,btc-updown-5m-1782049800,https://polymarket.com/zh/event/btc-updown-5m-1782049800,21:50-21:55,71.00,30.00,70.00,29.00,155.50,295.50,382.73,320.40,70.50,29.50,1.00,1.00,25156.56,26589.60,26589.60,25636.56,70,29,29,70,63970.00,63994.49,,
2026-06-21T21:50:48+08:00,btc-updown-5m-1782049800,https://polymarket.com/zh/event/btc-updown-5m-1782049800,21:50-21:55,71.00,30.00,70.00,29.00,220.66,183.66,183.66,230.89,70.50,29.50,1.00,1.00,25146.56,26589.60,26589.60,25641.56,70,29,29,70,63970.00,63994.49,,
2026-06-21T21:50:50+08:00,btc-updown-5m-1782049800,https://polymarket.com/zh/event/btc-updown-5m-1782049800,21:50-21:55,72.00,29.00,71.00,28.00,127.84,95.00,65.00,540.17,71.50,28.50,1.00,1.00,25546.56,26589.60,26589.60,25036.56,71,28,28,71,63970.00,63994.49,,
2026-06-21T21:50:52+08:00,btc-updown-5m-1782049800,https://polymarket.com/zh/event/btc-updown-5m-1782049800,21:50-21:55,71.00,30.00,70.00,29.00,317.76,134.58,134.58,327.76,70.50,29.50,1.00,1.00,25041.56,26589.60,26589.60,25151.56,70,29,29,70,63970.00,63994.49,,
2026-06-21T21:50:54+08:00,btc-updown-5m-1782049800,https://polymarket.com/zh/event/btc-updown-5m-1782049800,21:50-21:55,70.00,31.00,69.00,30.00,41.15,721.14,679.37,35.00,69.50,30.50,1.00,1.00,25131.56,26594.60,26589.60,25146.56,69,30,30,69,63970.00,63994.49,,
2026-06-21T21:50:56+08:00,btc-updown-5m-1782049800,https://polymarket.com/zh/event/btc-updown-5m-1782049800,21:50-21:55,72.00,29.00,71.00,28.00,132.84,50.00,181.01,469.50,71.50,28.50,1.00,1.00,25536.56,26589.60,26589.60,25146.56,71,28,28,71,63970.00,63994.49,,
2026-06-21T21:50:57+08:00,btc-updown-5m-1782049800,https://polymarket.com/zh/event/btc-updown-5m-1782049800,21:50-21:55,72.00,29.00,71.00,28.00,405.20,121.55,121.55,395.20,71.50,28.50,1.00,1.00,25141.56,26589.60,26589.60,25556.56,71,28,28,71,63970.00,63994.49,,
2026-06-21T21:50:59+08:00,btc-updown-5m-1782049800,https://polymarket.com/zh/event/btc-updown-5m-1782049800,21:50-21:55,72.00,29.00,71.00,28.00,587.35,7.75,7.75,602.24,71.50,28.50,1.00,1.00,24981.56,26529.60,26529.60,25486.56,71,28,28,71,63970.00,63994.49,,
2026-06-21T21:51:01+08:00,btc-updown-5m-1782049800,https://polymarket.com/zh/event/btc-updown-5m-1782049800,21:50-21:55,72.00,29.00,71.00,28.00,453.17,43.00,43.00,443.32,71.50,28.50,1.00,1.00,31981.56,32829.60,32829.60,32486.56,71,28,28,71,63970.00,63994.49,,
2026-06-21T21:51:03+08:00,btc-updown-5m-1782049800,https://polymarket.com/zh/event/btc-updown-5m-1782049800,21:50-21:55,72.00,29.00,71.00,28.00,324.83,138.77,138.77,269.83,71.50,28.50,1.00,1.00,32491.56,32854.60,32854.60,32481.56,71,28,28,71,63970.00,63994.50,,
2026-06-21T21:51:05+08:00,btc-updown-5m-1782049800,https://polymarket.com/zh/event/btc-updown-5m-1782049800,21:50-21:55,72.00,31.00,71.00,29.00,1150.60,12.22,17.08,275.41,71.50,30.00,1.00,2.00,31971.56,32854.60,32854.60,31986.56,71,28,29,69,63970.00,63994.50,,
2026-06-21T21:51:07+08:00,btc-updown-5m-1782049800,https://polymarket.com/zh/event/btc-updown-5m-1782049800,21:50-21:55,70.00,31.00,69.00,30.00,216.18,74.86,74.86,245.24,69.50,30.50,1.00,1.00,30853.57,31826.60,31816.60,30938.56,69,30,30,69,63970.00,63994.05,,
2026-06-21T21:51:09+08:00,btc-updown-5m-1782049800,https://polymarket.com/zh/event/btc-updown-5m-1782049800,21:50-21:55,71.00,30.00,70.00,29.00,480.56,103.02,104.40,519.00,70.50,29.50,1.00,1.00,30838.56,31811.60,31811.60,30943.57,70,29,29,70,63970.00,63994.04,,
2026-06-21T21:51:11+08:00,btc-updown-5m-1782049800,https://polymarket.com/zh/event/btc-updown-5m-1782049800,21:50-21:55,70.00,30.00,69.00,29.00,30.00,100.76,456.62,99.16,69.50,29.50,1.00,1.00,30938.56,31821.60,31811.60,30928.56,69,30,29,70,63970.00,63994.05,,
2026-06-21T21:51:13+08:00,btc-updown-5m-1782049800,https://polymarket.com/zh/event/btc-updown-5m-1782049800,21:50-21:55,72.00,29.00,71.00,28.00,778.03,22.52,22.52,825.03,71.50,28.50,1.00,1.00,30938.56,31811.60,31811.60,31438.57,71,28,28,71,63970.00,63994.05,,
2026-06-21T21:51:15+08:00,btc-updown-5m-1782049800,https://polymarket.com/zh/event/btc-updown-5m-1782049800,21:50-21:55,70.00,31.00,69.00,30.00,50.00,642.89,660.09,35.00,69.50,30.50,1.00,1.00,30838.56,31811.60,31811.60,30928.56,69,30,30,69,63970.00,63994.04,,
2026-06-21T21:51:16+08:00,btc-updown-5m-1782049800,https://polymarket.com/zh/event/btc-updown-5m-1782049800,21:50-21:55,72.00,29.00,71.00,28.00,735.85,70.00,238.88,858.62,71.50,28.50,1.00,1.00,30648.56,31661.61,31661.61,30633.57,71,28,28,71,63970.00,63994.04,,
2026-06-21T21:51:18+08:00,btc-updown-5m-1782049800,https://polymarket.com/zh/event/btc-updown-5m-1782049800,21:50-21:55,71.00,31.00,70.00,30.00,639.71,67.00,53.00,471.24,70.50,30.50,1.00,1.00,31143.56,31661.61,31661.61,30728.56,70,29,30,69,63970.00,63994.05,,
2026-06-21T21:51:20+08:00,btc-updown-5m-1782049800,https://polymarket.com/zh/event/btc-updown-5m-1782049800,21:50-21:55,70.00,31.00,69.00,30.00,349.79,85.00,135.00,325.50,69.50,30.50,1.00,1.00,30643.56,32068.61,32083.61,30648.57,69,30,30,69,63970.00,63994.05,,
2026-06-21T21:51:22+08:00,btc-updown-5m-1782049800,https://polymarket.com/zh/event/btc-updown-5m-1782049800,21:50-21:55,70.00,31.00,69.00,30.00,49.01,443.22,443.22,49.01,69.50,30.50,1.00,1.00,31143.56,32268.55,32268.55,31128.56,69,30,30,69,63970.00,63994.04,,
2026-06-21T21:51:24+08:00,btc-updown-5m-1782049800,https://polymarket.com/zh/event/btc-updown-5m-1782049800,21:50-21:55,70.00,32.00,69.00,31.00,624.23,136.37,5.00,405.44,69.50,31.50,1.00,1.00,31143.56,32268.55,32283.55,31133.56,69,30,31,68,63970.00,63994.04,,
2026-06-21T21:51:26+08:00,btc-updown-5m-1782049800,https://polymarket.com/zh/event/btc-updown-5m-1782049800,21:50-21:55,69.00,32.00,68.00,31.00,126.00,433.50,338.11,83.10,68.50,31.50,1.00,1.00,30628.56,32268.55,32273.55,31138.56,68,31,31,68,63970.00,63994.04,,
2026-06-21T21:51:28+08:00,btc-updown-5m-1782049800,https://polymarket.com/zh/event/btc-updown-5m-1782049800,21:50-21:55,69.00,32.00,68.00,31.00,69.00,159.30,151.30,72.00,68.50,31.50,1.00,1.00,30448.57,31673.55,31668.55,30033.56,68,31,31,68,63970.00,63993.56,,
2026-06-21T21:51:30+08:00,btc-updown-5m-1782049800,https://polymarket.com/zh/event/btc-updown-5m-1782049800,21:50-21:55,70.00,31.00,69.00,30.00,349.26,5.00,20.00,349.26,69.50,30.50,1.00,1.00,30053.56,31678.55,31668.55,30043.56,69,30,30,69,63970.00,63993.56,,
2026-06-21T21:51:32+08:00,btc-updown-5m-1782049800,https://polymarket.com/zh/event/btc-updown-5m-1782049800,21:50-21:55,70.00,31.00,69.00,30.00,75.00,242.49,242.49,73.57,69.50,30.50,1.00,1.00,29964.56,31194.55,30754.55,29014.56,69,30,30,69,63970.00,63993.56,,
2026-06-21T21:51:34+08:00,btc-updown-5m-1782049800,https://polymarket.com/zh/event/btc-updown-5m-1782049800,21:50-21:55,71.00,30.00,70.00,29.00,497.04,280.09,310.09,469.99,70.50,29.50,1.00,1.00,28914.56,30619.55,30619.55,29014.56,70,29,29,70,63970.00,63993.56,,
2026-06-21T21:51:36+08:00,btc-updown-5m-1782049800,https://polymarket.com/zh/event/btc-updown-5m-1782049800,21:50-21:55,71.00,30.00,70.00,29.00,113.09,375.74,375.74,113.09,70.50,29.50,1.00,1.00,28824.56,30619.55,30619.55,29404.56,70,29,29,70,63970.00,63993.56,,
2026-06-21T21:51:37+08:00,btc-updown-5m-1782049800,https://polymarket.com/zh/event/btc-updown-5m-1782049800,21:50-21:55,71.00,30.00,70.00,29.00,75.24,406.43,406.43,75.24,70.50,29.50,1.00,1.00,28820.57,30625.55,30625.55,29320.56,70,29,29,70,63970.00,63993.56,,
2026-06-21T21:51:39+08:00,btc-updown-5m-1782049800,https://polymarket.com/zh/event/btc-updown-5m-1782049800,21:50-21:55,72.00,29.00,71.00,28.00,756.18,89.71,89.71,790.04,71.50,28.50,1.00,1.00,29125.56,30625.55,30625.55,29630.57,71,28,28,71,63970.00,63993.56,,
2026-06-21T21:51:41+08:00,btc-updown-5m-1782049800,https://polymarket.com/zh/event/btc-updown-5m-1782049800,21:50-21:55,72.00,29.00,71.00,28.00,523.80,457.69,457.69,523.80,71.50,28.50,1.00,1.00,29125.56,29130.55,29130.55,29025.57,71,28,28,71,63970.00,63993.56,,
2026-06-21T21:51:43+08:00,btc-updown-5m-1782049800,https://polymarket.com/zh/event/btc-updown-5m-1782049800,21:50-21:55,87.00,14.00,86.00,13.00,166.18,1181.09,591.52,146.18,86.50,13.50,1.00,1.00,29620.56,23077.82,23077.82,29120.56,86,13,13,86,63970.00,64005.92,,
2026-06-21T21:51:45+08:00,btc-updown-5m-1782049800,https://polymarket.com/zh/event/btc-updown-5m-1782049800,21:50-21:55,87.00,14.00,86.00,13.00,254.42,1156.02,1136.84,209.42,86.50,13.50,1.00,1.00,29220.56,23097.82,23282.82,29215.56,86,13,13,86,63970.00,64005.92,,
2026-06-21T21:51:47+08:00,btc-updown-5m-1782049800,https://polymarket.com/zh/event/btc-updown-5m-1782049800,21:50-21:55,87.00,13.00,86.00,12.00,7.70,330.23,2123.01,24.57,86.50,12.50,1.00,1.00,29620.56,21459.53,22040.53,29120.56,86,13,12,87,63970.00,64005.92,,
2026-06-21T21:51:49+08:00,btc-updown-5m-1782049800,https://polymarket.com/zh/event/btc-updown-5m-1782049800,21:50-21:55,90.00,11.00,89.00,10.00,56.14,1146.02,1127.97,49.47,89.50,10.50,1.00,1.00,29115.56,22363.53,22363.53,29110.56,89,10,10,89,63970.00,64014.29,,
2026-06-21T21:51:51+08:00,btc-updown-5m-1782049800,https://polymarket.com/zh/event/btc-updown-5m-1782049800,21:50-21:55,91.00,10.00,90.00,9.00,165.41,1080.77,1074.88,172.88,90.50,9.50,1.00,1.00,29120.56,22403.53,21958.53,29130.57,90,9,9,90,63970.00,64014.29,,
2026-06-21T21:51:53+08:00,btc-updown-5m-1782049800,https://polymarket.com/zh/event/btc-updown-5m-1782049800,21:50-21:55,91.00,10.00,90.00,9.00,137.93,291.62,286.47,216.33,90.50,9.50,1.00,1.00,29615.56,22987.53,22987.53,29120.56,90,9,9,90,63970.00,64014.29,,
2026-06-21T21:51:55+08:00,btc-updown-5m-1782049800,https://polymarket.com/zh/event/btc-updown-5m-1782049800,21:50-21:55,92.00,9.00,91.00,8.00,545.16,248.86,238.88,572.81,91.50,8.50,1.00,1.00,29120.56,23411.35,23411.35,29020.56,91,8,8,91,63970.00,64014.29,,
2026-06-21T21:51:56+08:00,btc-updown-5m-1782049800,https://polymarket.com/zh/event/btc-updown-5m-1782049800,21:50-21:55,92.00,9.00,91.00,8.00,629.59,155.76,179.59,412.36,91.50,8.50,1.00,1.00,28923.56,22707.34,22631.03,29028.56,91,8,8,91,63970.00,64014.29,,
2026-06-21T21:51:58+08:00,btc-updown-5m-1782049800,https://polymarket.com/zh/event/btc-updown-5m-1782049800,21:50-21:55,90.00,11.00,89.00,10.00,362.81,142.00,142.00,360.69,89.50,10.50,1.00,1.00,29033.56,23183.64,23183.64,29423.57,89,10,10,89,63970.00,64015.98,,
2026-06-21T21:52:00+08:00,btc-updown-5m-1782049800,https://polymarket.com/zh/event/btc-updown-5m-1782049800,21:50-21:55,88.00,13.00,87.00,12.00,5.00,552.40,517.90,406.34,87.50,12.50,1.00,1.00,29423.56,23028.71,23126.71,29623.57,87,12,12,87,63970.00,64015.98,,
2026-06-21T21:52:02+08:00,btc-updown-5m-1782049800,https://polymarket.com/zh/event/btc-updown-5m-1782049800,21:50-21:55,89.00,12.00,88.00,11.00,766.95,48.87,48.87,707.95,88.50,11.50,1.00,1.00,29500.56,23246.71,23246.71,28920.56,88,11,11,88,63970.00,64010.25,,
2026-06-21T21:52:04+08:00,btc-updown-5m-1782049800,https://polymarket.com/zh/event/btc-updown-5m-1782049800,21:50-21:55,88.00,13.00,87.00,12.00,547.84,633.80,566.54,407.44,87.50,12.50,1.00,1.00,28981.56,23326.75,23326.75,29386.57,87,12,12,87,63970.00,64009.86,,
2026-06-21T21:52:06+08:00,btc-updown-5m-1782049800,https://polymarket.com/zh/event/btc-updown-5m-1782049800,21:50-21:55,88.00,13.00,87.00,12.00,480.83,523.08,547.58,498.83,87.50,12.50,1.00,1.00,28891.56,23321.75,23396.75,28996.56,87,12,12,87,63970.00,64009.87,,
2026-06-21T21:52:08+08:00,btc-updown-5m-1782049800,https://polymarket.com/zh/event/btc-updown-5m-1782049800,21:50-21:55,79.00,22.00,78.00,21.00,854.06,37.55,7.55,695.78,78.50,21.50,1.00,1.00,28991.56,21649.41,21654.41,29486.57,78,21,21,78,63970.00,64005.92,,
2026-06-21T21:52:10+08:00,btc-updown-5m-1782049800,https://polymarket.com/zh/event/btc-updown-5m-1782049800,21:50-21:55,77.00,24.00,76.00,23.00,30.21,338.72,24.00,118.90,76.50,23.50,1.00,1.00,28986.56,21603.41,21603.41,29096.56,76,23,23,76,63970.00,64002.15,,
2026-06-21T21:52:12+08:00,btc-updown-5m-1782049800,https://polymarket.com/zh/event/btc-updown-5m-1782049800,21:50-21:55,77.00,24.00,76.00,23.00,1109.07,125.40,9.57,941.59,76.50,23.50,1.00,1.00,29596.57,21725.41,21725.41,29076.56,76,23,23,76,63970.00,63998.11,,
2026-06-21T21:52:14+08:00,btc-updown-5m-1782049800,https://polymarket.com/zh/event/btc-updown-5m-1782049800,21:50-21:55,78.00,23.00,77.00,22.00,189.33,336.94,331.79,186.76,77.50,22.50,1.00,1.00,29586.56,22175.41,22175.41,29091.56,77,22,22,77,63970.00,63998.11,,
2026-06-21T21:52:16+08:00,btc-updown-5m-1782049800,https://polymarket.com/zh/event/btc-updown-5m-1782049800,21:50-21:55,79.00,22.00,78.00,21.00,432.10,273.61,268.61,429.54,78.50,21.50,1.00,1.00,29531.56,22125.41,22125.41,28941.56,78,21,21,78,63970.00,63998.11,,
2026-06-21T21:52:17+08:00,btc-updown-5m-1782049800,https://polymarket.com/zh/event/btc-updown-5m-1782049800,21:50-21:55,86.00,15.00,85.00,14.00,921.62,146.16,146.16,787.16,85.50,14.50,1.00,1.00,29031.56,22383.80,22408.80,29051.57,85,14,14,85,63970.00,64007.30,,
2026-06-21T21:52:19+08:00,btc-updown-5m-1782049800,https://polymarket.com/zh/event/btc-updown-5m-1782049800,21:50-21:55,86.00,15.00,85.00,14.00,403.11,430.42,430.57,385.03,85.50,14.50,1.00,1.00,29031.56,22508.80,22508.80,29441.56,85,14,14,85,63970.00,64007.31,,
2026-06-21T21:52:21+08:00,btc-updown-5m-1782049800,https://polymarket.com/zh/event/btc-updown-5m-1782049800,21:50-21:55,86.00,15.00,85.00,14.00,271.30,388.25,371.26,82.80,85.50,14.50,1.00,1.00,29041.56,22588.80,22625.87,29521.56,85,14,14,85,63970.00,64007.31,,
2026-06-21T21:52:23+08:00,btc-updown-5m-1782049800,https://polymarket.com/zh/event/btc-updown-5m-1782049800,21:50-21:55,88.00,13.00,87.00,12.00,776.31,185.00,235.11,824.41,87.50,12.50,1.00,1.00,28931.56,22575.36,22543.29,29521.56,87,12,12,87,63970.00,64007.30,,
2026-06-21T21:52:25+08:00,btc-updown-5m-1782049800,https://polymarket.com/zh/event/btc-updown-5m-1782049800,21:50-21:55,87.00,14.00,86.00,13.00,740.76,185.21,185.21,731.76,86.50,13.50,1.00,1.00,28931.56,22747.79,22747.79,28936.56,86,13,13,86,63970.00,64007.31,,
2026-06-21T21:52:27+08:00,btc-updown-5m-1782049800,https://polymarket.com/zh/event/btc-updown-5m-1782049800,21:50-21:55,87.00,14.00,86.00,13.00,716.02,4.14,99.57,787.91,86.50,13.50,1.00,1.00,29346.57,22422.79,22397.79,29041.56,86,13,13,86,63970.00,64007.31,,
2026-06-21T21:52:29+08:00,btc-updown-5m-1782049800,https://polymarket.com/zh/event/btc-updown-5m-1782049800,21:50-21:55,86.00,15.00,85.00,14.00,55.15,360.94,360.94,56.89,85.50,14.50,1.00,1.00,28931.56,22502.53,22502.53,29441.56,85,14,14,85,63970.00,64007.31,,
2026-06-21T21:52:31+08:00,btc-updown-5m-1782049800,https://polymarket.com/zh/event/btc-updown-5m-1782049800,21:50-21:55,86.00,15.00,85.00,14.00,30.63,563.94,563.94,29.46,85.50,14.50,1.00,1.00,28836.56,22977.53,22935.53,28904.57,85,14,14,85,63970.00,64007.30,,
2026-06-21T21:52:32+08:00,btc-updown-5m-1782049800,https://polymarket.com/zh/event/btc-updown-5m-1782049800,21:50-21:55,87.00,14.00,86.00,13.00,168.34,486.02,486.02,176.34,86.50,13.50,1.00,1.00,29389.56,22985.53,22985.53,28804.56,86,13,13,86,63970.00,64007.30,,
2026-06-21T21:52:34+08:00,btc-updown-5m-1782049800,https://polymarket.com/zh/event/btc-updown-5m-1782049800,21:50-21:55,87.00,14.00,86.00,13.00,30.00,531.18,531.18,30.00,86.50,13.50,1.00,1.00,28788.56,22789.94,22789.94,28678.56,86,13,13,86,63970.00,64007.31,,
2026-06-21T21:52:36+08:00,btc-updown-5m-1782049800,https://polymarket.com/zh/event/btc-updown-5m-1782049800,21:50-21:55,88.00,13.00,87.00,12.00,346.09,355.03,492.53,390.03,87.50,12.50,1.00,1.00,28788.56,22893.94,22843.94,28783.56,87,12,12,87,63970.00,64007.31,,
2026-06-21T21:52:38+08:00,btc-updown-5m-1782049800,https://polymarket.com/zh/event/btc-updown-5m-1782049800,21:50-21:55,88.00,13.00,87.00,12.00,411.88,266.92,230.22,408.68,87.50,12.50,1.00,1.00,29188.56,22888.94,22888.94,28693.56,87,12,12,87,63970.00,64007.31,,
2026-06-21T21:52:40+08:00,btc-updown-5m-1782049800,https://polymarket.com/zh/event/btc-updown-5m-1782049800,21:50-21:55,88.00,13.00,87.00,12.00,56.97,509.59,499.61,53.56,87.50,12.50,1.00,1.00,28688.56,23102.31,23102.31,29188.56,87,12,12,87,63970.00,64007.30,,
2026-06-21T21:52:42+08:00,btc-updown-5m-1782049800,https://polymarket.com/zh/event/btc-updown-5m-1782049800,21:50-21:55,89.00,12.00,88.00,11.00,221.34,464.05,464.10,188.00,88.50,11.50,1.00,1.00,28688.56,22657.31,22657.31,28798.56,88,11,11,88,63970.00,64007.30,,
2026-06-21T21:52:44+08:00,btc-updown-5m-1782049800,https://polymarket.com/zh/event/btc-updown-5m-1782049800,21:50-21:55,89.00,12.00,88.00,11.00,144.13,449.70,449.70,139.63,88.50,11.50,1.00,1.00,29113.56,22569.45,22569.45,28708.56,88,11,11,88,63970.00,64007.30,,
2026-06-21T21:52:46+08:00,btc-updown-5m-1782049800,https://polymarket.com/zh/event/btc-updown-5m-1782049800,21:50-21:55,89.00,12.00,88.00,11.00,86.33,425.13,418.52,96.33,88.50,11.50,1.00,1.00,29108.56,23069.45,22969.45,29203.56,88,11,11,88,63970.00,64007.31,,
2026-06-21T21:52:48+08:00,btc-updown-5m-1782049800,https://polymarket.com/zh/event/btc-updown-5m-1782049800,21:50-21:55,90.00,11.00,89.00,10.00,1183.52,132.36,163.68,1196.52,89.50,10.50,1.00,1.00,29213.56,22999.45,22999.45,28608.56,89,10,10,89,63970.00,64007.31,,
2026-06-21T21:52:49+08:00,btc-updown-5m-1782049800,https://polymarket.com/zh/event/btc-updown-5m-1782049800,21:50-21:55,90.00,11.00,89.00,10.00,843.70,161.92,161.92,838.70,89.50,10.50,1.00,1.00,28708.56,22973.99,22998.99,29113.56,89,10,10,89,63970.00,64007.30,,
2026-06-21T21:52:51+08:00,btc-updown-5m-1782049800,https://polymarket.com/zh/event/btc-updown-5m-1782049800,21:50-21:55,89.00,12.00,88.00,11.00,13.25,923.93,917.01,13.25,88.50,11.50,1.00,1.00,28718.57,23055.99,23055.99,28603.56,88,11,11,88,63970.00,64007.30,,
2026-06-21T21:52:53+08:00,btc-updown-5m-1782049800,https://polymarket.com/zh/event/btc-updown-5m-1782049800,21:50-21:55,89.00,12.00,88.00,11.00,9.86,750.66,777.67,8.73,88.50,11.50,1.00,1.00,28628.56,23048.99,23048.99,29108.56,88,11,11,88,63970.00,64007.31,,
2026-06-21T21:52:55+08:00,btc-updown-5m-1782049800,https://polymarket.com/zh/event/btc-updown-5m-1782049800,21:50-21:55,89.00,12.00,88.00,11.00,10.84,561.07,764.06,14.84,88.50,11.50,1.00,1.00,28583.56,22913.99,22891.99,28473.56,88,11,11,88,63970.00,64007.30,,
2026-06-21T21:52:57+08:00,btc-updown-5m-1782049800,https://polymarket.com/zh/event/btc-updown-5m-1782049800,21:50-21:55,87.00,14.00,86.00,13.00,274.62,374.72,340.05,282.89,86.50,13.50,1.00,1.00,29073.56,22636.67,22636.67,28478.56,86,13,13,86,63970.00,64003.40,,
2026-06-21T21:52:59+08:00,btc-updown-5m-1782049800,https://polymarket.com/zh/event/btc-updown-5m-1782049800,21:50-21:55,87.00,14.00,86.00,13.00,74.55,579.45,579.45,73.40,86.50,13.50,1.00,1.00,28473.56,22752.25,22757.25,28488.56,86,13,13,86,63970.00,63998.66,,
2026-06-21T21:53:01+08:00,btc-updown-5m-1782049800,https://polymarket.com/zh/event/btc-updown-5m-1782049800,21:50-21:55,88.00,13.00,87.00,12.00,50.00,429.56,436.68,50.00,87.50,12.50,1.00,1.00,28257.56,22073.72,22073.72,27752.56,87,12,12,87,63970.00,63998.65,,
2026-06-21T21:53:03+08:00,btc-updown-5m-1782049800,https://polymarket.com/zh/event/btc-updown-5m-1782049800,21:50-21:55,88.00,13.00,87.00,12.00,86.58,499.49,499.49,85.44,87.50,12.50,1.00,1.00,27852.56,22066.25,21836.25,28032.57,87,12,12,87,63970.00,63998.65,,
2026-06-21T21:53:05+08:00,btc-updown-5m-1782049800,https://polymarket.com/zh/event/btc-updown-5m-1782049800,21:50-21:55,89.00,12.00,88.00,11.00,471.91,232.50,239.16,546.91,88.50,11.50,1.00,1.00,28022.56,21708.93,21708.93,27932.56,88,11,11,88,63970.00,63998.65,,
2026-06-21T21:53:07+08:00,btc-updown-5m-1782049800,https://polymarket.com/zh/event/btc-updown-5m-1782049800,21:50-21:55,89.00,12.00,88.00,11.00,509.91,247.50,247.50,489.91,88.50,11.50,1.00,1.00,27412.56,21529.93,21529.93,27517.56,88,11,11,88,63970.00,63998.66,,
2026-06-21T21:53:08+08:00,btc-updown-5m-1782049800,https://polymarket.com/zh/event/btc-updown-5m-1782049800,21:50-21:55,90.00,11.00,89.00,10.00,759.22,221.99,221.99,738.66,89.50,10.50,1.00,1.00,27932.56,21630.82,21630.82,27422.56,89,10,10,89,63970.00,63998.66,,
2026-06-21T21:53:10+08:00,btc-updown-5m-1782049800,https://polymarket.com/zh/event/btc-updown-5m-1782049800,21:50-21:55,90.00,11.00,89.00,10.00,271.17,455.47,502.19,281.17,89.50,10.50,1.00,1.00,27522.56,21479.42,21479.42,27522.57,89,10,10,89,63970.00,63998.66,,
2026-06-21T21:53:12+08:00,btc-updown-5m-1782049800,https://polymarket.com/zh/event/btc-updown-5m-1782049800,21:50-21:55,90.00,11.00,89.00,10.00,50.00,588.73,548.73,50.00,89.50,10.50,1.00,1.00,27277.56,20877.42,20877.42,27767.56,89,10,10,89,63970.00,63998.65,,
2026-06-21T21:53:14+08:00,btc-updown-5m-1782049800,https://polymarket.com/zh/event/btc-updown-5m-1782049800,21:50-21:55,90.00,10.00,89.00,9.00,30.00,70.00,626.22,276.44,89.50,9.50,1.00,1.00,27277.57,21319.42,21314.42,27877.56,89,10,9,90,63970.00,63998.65,,
2026-06-21T21:53:16+08:00,btc-updown-5m-1782049800,https://polymarket.com/zh/event/btc-updown-5m-1782049800,21:50-21:55,91.00,10.00,90.00,9.00,68.03,746.91,653.56,62.53,90.50,9.50,1.00,1.00,26602.56,20608.42,20608.42,26612.56,90,9,9,90,63970.00,63998.66,,
2026-06-21T21:53:18+08:00,btc-updown-5m-1782049800,https://polymarket.com/zh/event/btc-updown-5m-1782049800,21:50-21:55,91.00,10.00,90.00,9.00,20.00,832.41,737.91,20.00,90.50,9.50,1.00,1.00,26727.57,20560.14,20560.14,27102.56,90,9,9,90,63970.00,64000.21,,
2026-06-21T21:53:20+08:00,btc-updown-5m-1782049800,https://polymarket.com/zh/event/btc-updown-5m-1782049800,21:50-21:55,91.00,10.00,90.00,9.00,6.81,832.39,832.39,6.81,90.50,9.50,1.00,1.00,26687.56,20485.14,20103.46,26484.22,90,9,9,90,63970.00,64001.74,,
2026-06-21T21:53:22+08:00,btc-updown-5m-1782049800,https://polymarket.com/zh/event/btc-updown-5m-1782049800,21:50-21:55,91.00,10.00,90.00,9.00,47.60,661.17,661.17,47.60,90.50,9.50,1.00,1.00,25984.22,20069.46,20099.46,26489.22,90,9,9,90,63970.00,64001.75,,
2026-06-21T21:53:23+08:00,btc-updown-5m-1782049800,https://polymarket.com/zh/event/btc-updown-5m-1782049800,21:50-21:55,92.00,9.00,91.00,8.00,115.20,411.70,43.00,128.61,91.50,8.50,1.00,1.00,25884.22,19971.74,20266.14,25989.22,91,8,8,91,63970.00,64000.00,,
2026-06-21T21:53:25+08:00,btc-updown-5m-1782049800,https://polymarket.com/zh/event/btc-updown-5m-1782049800,21:50-21:55,92.00,9.00,91.00,8.00,58.51,1049.59,1011.29,47.64,91.50,8.50,1.00,1.00,25999.22,19971.41,19888.15,26494.22,91,8,8,91,63970.00,64000.00,,
2026-06-21T21:53:27+08:00,btc-updown-5m-1782049800,https://polymarket.com/zh/event/btc-updown-5m-1782049800,21:50-21:55,95.00,6.00,94.00,5.00,275.31,646.88,646.88,275.31,94.50,5.50,1.00,1.00,25744.23,18911.49,18911.49,26144.22,94,5,5,94,63970.00,64010.24,,
2026-06-21T21:53:29+08:00,btc-updown-5m-1782049800,https://polymarket.com/zh/event/btc-updown-5m-1782049800,21:50-21:55,95.00,6.00,94.00,5.00,114.49,1036.14,1107.65,76.49,94.50,5.50,1.00,1.00,25628.22,11849.86,12411.86,26328.22,94,5,5,94,63970.00,64010.24,,
2026-06-21T21:53:31+08:00,btc-updown-5m-1782049800,https://polymarket.com/zh/event/btc-updown-5m-1782049800,21:50-21:55,96.00,5.00,95.00,4.00,270.00,1130.12,1130.12,239.57,95.50,4.50,1.00,1.00,24391.22,12211.59,12181.16,24391.22,95,4,4,95,63970.00,64015.98,,
2026-06-21T21:53:33+08:00,btc-updown-5m-1782049800,https://polymarket.com/zh/event/btc-updown-5m-1782049800,21:50-21:55,96.00,5.00,95.00,4.00,148.80,1147.81,1202.81,146.71,95.50,4.50,1.00,1.00,24501.23,12440.39,12438.30,24896.22,95,4,4,95,63970.00,64015.98,,
2026-06-21T21:53:35+08:00,btc-updown-5m-1782049800,https://polymarket.com/zh/event/btc-updown-5m-1782049800,21:50-21:55,96.00,5.00,95.00,4.00,580.16,670.29,670.29,590.16,95.50,4.50,1.00,1.00,24401.22,12916.86,12951.86,25016.23,95,4,4,95,63970.00,64015.99,,
2026-06-21T21:53:37+08:00,btc-updown-5m-1782049800,https://polymarket.com/zh/event/btc-updown-5m-1782049800,21:50-21:55,97.00,4.00,95.00,3.00,593.60,176.50,1090.61,892.65,96.00,3.50,2.00,1.00,24396.22,12058.61,12404.26,24456.22,95,3,3,96,63970.00,64015.99,,
2026-06-21T21:53:38+08:00,btc-updown-5m-1782049800,https://polymarket.com/zh/event/btc-updown-5m-1782049800,21:50-21:55,97.00,4.00,96.00,3.00,1409.40,331.39,331.39,1390.40,96.50,3.50,1.00,1.00,24846.22,12349.70,12330.70,24441.22,96,3,3,96,63970.00,64010.65,,
2026-06-21T21:53:40+08:00,btc-updown-5m-1782049800,https://polymarket.com/zh/event/btc-updown-5m-1782049800,21:50-21:55,97.00,4.00,96.00,3.00,1301.11,361.62,361.62,1311.11,96.50,3.50,1.00,1.00,24446.22,12245.41,12269.41,24951.23,96,3,3,96,63970.00,64010.65,,
2026-06-21T21:53:42+08:00,btc-updown-5m-1782049800,https://polymarket.com/zh/event/btc-updown-5m-1782049800,21:50-21:55,97.00,4.00,96.00,3.00,1287.27,337.42,337.42,1287.27,96.50,3.50,1.00,1.00,24341.22,11858.23,11858.23,24351.22,96,3,3,96,63970.00,64010.65,,
2026-06-21T21:53:44+08:00,btc-updown-5m-1782049800,https://polymarket.com/zh/event/btc-updown-5m-1782049800,21:50-21:55,97.00,4.00,96.00,3.00,1271.94,351.87,351.87,1271.94,96.50,3.50,1.00,1.00,24730.22,11863.90,11863.90,24230.22,96,3,3,96,63970.00,64010.65,,
2026-06-21T21:53:46+08:00,btc-updown-5m-1782049800,https://polymarket.com/zh/event/btc-updown-5m-1782049800,21:50-21:55,97.00,4.00,96.00,3.00,803.42,755.11,720.11,753.42,96.50,3.50,1.00,1.00,24845.22,11748.91,11698.91,24735.23,96,3,3,96,63970.00,64010.63,,
2026-06-21T21:53:48+08:00,btc-updown-5m-1782049800,https://polymarket.com/zh/event/btc-updown-5m-1782049800,21:50-21:55,97.00,4.00,96.00,3.00,974.45,600.06,600.06,1009.78,96.50,3.50,1.00,1.00,24835.22,11975.94,12121.46,24230.22,96,3,3,96,63970.00,64007.13,,
2026-06-21T21:53:50+08:00,btc-updown-5m-1782049800,https://polymarket.com/zh/event/btc-updown-5m-1782049800,21:50-21:55,95.00,6.00,94.00,5.00,98.95,638.98,638.98,115.00,94.50,5.50,1.00,1.00,24330.22,12117.38,12128.43,24330.22,94,5,5,94,63970.00,64007.13,,
2026-06-21T21:53:52+08:00,btc-updown-5m-1782049800,https://polymarket.com/zh/event/btc-updown-5m-1782049800,21:50-21:55,95.00,6.00,94.00,5.00,125.00,750.16,750.16,155.00,94.50,5.50,1.00,1.00,24227.22,11555.43,11564.43,23727.22,94,5,5,94,63970.00,64007.13,,
2026-06-21T21:53:54+08:00,btc-updown-5m-1782049800,https://polymarket.com/zh/event/btc-updown-5m-1782049800,21:50-21:55,95.00,6.00,94.00,5.00,111.88,746.33,766.58,94.00,94.50,5.50,1.00,1.00,24227.22,11589.31,11509.42,23727.22,94,5,5,94,63970.00,64007.12,,
2026-06-21T21:53:55+08:00,btc-updown-5m-1782049800,https://polymarket.com/zh/event/btc-updown-5m-1782049800,21:50-21:55,95.00,6.00,94.00,5.00,40.00,738.72,752.64,36.84,94.50,5.50,1.00,1.00,23817.22,11124.26,11121.10,23827.22,94,5,5,94,63970.00,64007.12,,
2026-06-21T21:53:57+08:00,btc-updown-5m-1782049800,https://polymarket.com/zh/event/btc-updown-5m-1782049800,21:50-21:55,95.00,6.00,94.00,5.00,12.36,716.23,716.23,37.36,94.50,5.50,1.00,1.00,24217.22,10636.62,10671.62,23817.22,94,5,5,94,63970.00,64007.12,,
2026-06-21T21:53:59+08:00,btc-updown-5m-1782049800,https://polymarket.com/zh/event/btc-updown-5m-1782049800,21:50-21:55,95.00,6.00,94.00,5.00,36.84,712.18,726.07,31.78,94.50,5.50,1.00,1.00,23722.22,11126.10,11116.04,23722.22,94,5,5,94,63970.00,64007.13,,
2026-06-21T21:54:01+08:00,btc-updown-5m-1782049800,https://polymarket.com/zh/event/btc-updown-5m-1782049800,21:50-21:55,97.00,4.00,96.00,3.00,460.44,222.26,222.26,450.44,96.50,3.50,1.00,1.00,24092.22,9788.27,9778.27,24102.22,96,3,3,96,63970.00,64007.13,,
2026-06-21T21:54:03+08:00,btc-updown-5m-1782049800,https://polymarket.com/zh/event/btc-updown-5m-1782049800,21:50-21:55,97.00,4.00,96.00,3.00,399.17,304.82,304.82,399.17,96.50,3.50,1.00,1.00,24302.23,10335.80,10335.80,23807.22,96,3,3,96,63970.00,64007.12,,
2026-06-21T21:54:05+08:00,btc-updown-5m-1782049800,https://polymarket.com/zh/event/btc-updown-5m-1782049800,21:50-21:55,97.00,4.00,96.00,3.00,366.03,679.97,466.41,345.77,96.50,3.50,1.00,1.00,24192.22,9593.87,9692.51,23792.22,96,3,3,96,63970.00,64007.12,,
2026-06-21T21:54:07+08:00,btc-updown-5m-1782049800,https://polymarket.com/zh/event/btc-updown-5m-1782049800,21:50-21:55,97.00,4.00,96.00,3.00,63.46,712.41,712.41,63.46,96.50,3.50,1.00,1.00,24627.23,9353.86,9353.86,24112.22,96,3,3,96,63970.00,64012.02,,
2026-06-21T21:54:09+08:00,btc-updown-5m-1782049800,https://polymarket.com/zh/event/btc-updown-5m-1782049800,21:50-21:55,97.00,4.00,96.00,3.00,44.00,870.65,883.49,41.93,96.50,3.50,1.00,1.00,24607.22,9034.74,9007.67,24017.22,96,3,3,96,63970.00,64013.44,,
2026-06-21T21:54:10+08:00,btc-updown-5m-1782049800,https://polymarket.com/zh/event/btc-updown-5m-1782049800,21:50-21:55,98.00,3.00,97.00,2.00,1274.75,540.23,540.23,1259.75,97.50,2.50,1.00,1.00,24102.22,8009.45,7994.45,24592.22,97,2,2,97,63970.00,64015.37,,
2026-06-21T21:54:12+08:00,btc-updown-5m-1782049800,https://polymarket.com/zh/event/btc-updown-5m-1782049800,21:50-21:55,98.00,3.00,97.00,2.00,1402.70,470.54,470.54,1575.01,97.50,2.50,1.00,1.00,24176.72,8437.90,8349.34,24576.73,97,2,2,97,63970.00,64015.88,,
2026-06-21T21:54:14+08:00,btc-updown-5m-1782049800,https://polymarket.com/zh/event/btc-updown-5m-1782049800,21:50-21:55,98.00,3.00,97.00,2.00,1218.55,491.55,491.55,1182.62,97.50,2.50,1.00,1.00,23957.14,8267.88,8231.95,24057.14,97,2,2,97,63970.00,64010.93,,
2026-06-21T21:54:16+08:00,btc-updown-5m-1782049800,https://polymarket.com/zh/event/btc-updown-5m-1782049800,21:50-21:55,98.00,3.00,97.00,2.00,1138.30,584.70,584.70,1135.43,97.50,2.50,1.00,1.00,24357.14,7839.50,7836.63,23762.14,97,2,2,97,63970.00,64010.93,,
2026-06-21T21:54:18+08:00,btc-updown-5m-1782049800,https://polymarket.com/zh/event/btc-updown-5m-1782049800,21:50-21:55,98.00,3.00,97.00,2.00,987.98,810.27,706.91,987.98,97.50,2.50,1.00,1.00,23702.14,7689.18,7689.18,24227.15,97,2,2,97,63970.00,64006.10,,
2026-06-21T21:54:20+08:00,btc-updown-5m-1782049800,https://polymarket.com/zh/event/btc-updown-5m-1782049800,21:50-21:55,98.00,3.00,97.00,2.00,1120.54,333.90,333.90,1100.54,97.50,2.50,1.00,1.00,23887.97,7921.74,7901.74,24267.97,97,2,2,97,63970.00,64010.94,,
2026-06-21T21:54:22+08:00,btc-updown-5m-1782049800,https://polymarket.com/zh/event/btc-updown-5m-1782049800,21:50-21:55,98.00,3.00,97.00,2.00,1034.97,392.05,284.41,1044.97,97.50,2.50,1.00,1.00,24272.97,7739.17,7749.17,23867.97,97,2,2,97,63970.00,64010.94,,
2026-06-21T21:54:24+08:00,btc-updown-5m-1782049800,https://polymarket.com/zh/event/btc-updown-5m-1782049800,21:50-21:55,98.00,3.00,97.00,2.00,991.63,437.80,437.80,986.63,97.50,2.50,1.00,1.00,23872.98,7433.23,7428.23,23772.97,97,2,2,97,63970.00,64010.94,,
2026-06-21T21:54:25+08:00,btc-updown-5m-1782049800,https://polymarket.com/zh/event/btc-updown-5m-1782049800,21:50-21:55,98.00,3.00,97.00,2.00,659.09,519.63,519.63,659.09,97.50,2.50,1.00,1.00,23905.97,7102.69,7102.69,24320.98,97,2,2,97,63970.00,64015.97,,
2026-06-21T21:54:27+08:00,btc-updown-5m-1782049800,https://polymarket.com/zh/event/btc-updown-5m-1782049800,21:50-21:55,98.00,3.00,97.00,2.00,740.00,498.63,498.63,745.00,97.50,2.50,1.00,1.00,23800.97,7185.60,7190.60,23905.97,97,2,2,97,63970.00,64015.97,,
2026-06-21T21:54:29+08:00,btc-updown-5m-1782049800,https://polymarket.com/zh/event/btc-updown-5m-1782049800,21:50-21:55,98.00,3.00,97.00,2.00,686.96,382.10,412.10,681.85,97.50,2.50,1.00,1.00,24420.98,7132.56,7127.45,23800.97,97,2,2,97,63970.00,64015.97,,
2026-06-21T21:54:31+08:00,btc-updown-5m-1782049800,https://polymarket.com/zh/event/btc-updown-5m-1782049800,21:50-21:55,98.00,3.00,97.00,2.00,345.32,584.41,576.59,65.91,97.50,2.50,1.00,1.00,23512.64,6802.92,6503.51,24022.64,97,2,2,97,63970.00,64015.97,,
2026-06-21T21:54:33+08:00,btc-updown-5m-1782049800,https://polymarket.com/zh/event/btc-updown-5m-1782049800,21:50-21:55,99.00,2.00,98.00,1.00,3990.57,907.57,901.57,3979.57,98.50,1.50,1.00,1.00,23532.64,3990.57,3979.57,24017.64,98,1,1,98,63970.00,64015.98,,
2026-06-21T21:54:35+08:00,btc-updown-5m-1782049800,https://polymarket.com/zh/event/btc-updown-5m-1782049800,21:50-21:55,99.00,2.00,98.00,1.00,2728.17,1163.64,1163.64,2738.17,98.50,1.50,1.00,1.00,21945.66,2728.17,2738.17,21385.65,98,1,1,98,63970.00,64015.97,,
2026-06-21T21:54:37+08:00,btc-updown-5m-1782049800,https://polymarket.com/zh/event/btc-updown-5m-1782049800,21:50-21:55,99.00,1.00,98.00,,27.94,513.60,643.53,,98.50,,1.00,,21438.14,27.94,,21938.14,98,1,0,99,63970.00,64015.98,,
2026-06-21T21:54:39+08:00,btc-updown-5m-1782049800,https://polymarket.com/zh/event/btc-updown-5m-1782049800,21:50-21:55,,1.00,99.00,,,2225.03,2144.01,,,,,,21395.14,,,21910.14,99,0,0,99,63970.00,64013.77,,
2026-06-21T21:54:41+08:00,btc-updown-5m-1782049800,https://polymarket.com/zh/event/btc-updown-5m-1782049800,21:50-21:55,,1.00,99.00,,,2305.13,2305.13,,,,,,21345.14,,,21850.14,99,0,0,99,63970.00,64013.77,,
2026-06-21T21:54:42+08:00,btc-updown-5m-1782049800,https://polymarket.com/zh/event/btc-updown-5m-1782049800,21:50-21:55,,1.00,99.00,,,2445.02,2445.02,,,,,,21360.14,,,21345.14,99,0,0,99,63970.00,64014.74,,
2026-06-21T21:54:44+08:00,btc-updown-5m-1782049800,https://polymarket.com/zh/event/btc-updown-5m-1782049800,21:50-21:55,,1.00,99.00,,,8626.95,8626.95,,,,,,21860.14,,,21365.14,99,0,0,99,63970.00,64018.12,,
2026-06-21T21:54:46+08:00,btc-updown-5m-1782049800,https://polymarket.com/zh/event/btc-updown-5m-1782049800,21:50-21:55,,1.00,99.00,,,10288.35,10288.35,,,,,,21080.90,,,20590.90,99,0,0,99,63970.00,64018.12,,
2026-06-21T21:54:48+08:00,btc-updown-5m-1782049800,https://polymarket.com/zh/event/btc-updown-5m-1782049800,21:50-21:55,,1.00,99.00,,,10325.68,10320.67,,,,,,20590.90,,,21100.91,99,0,0,99,63970.00,64018.11,,
2026-06-21T21:54:50+08:00,btc-updown-5m-1782049800,https://polymarket.com/zh/event/btc-updown-5m-1782049800,21:50-21:55,,1.00,99.00,,,10355.14,10355.15,,,,,,13818.42,,,13818.41,92,0,0,92,63970.00,64022.00,,
2026-06-21T21:54:52+08:00,btc-updown-5m-1782049800,https://polymarket.com/zh/event/btc-updown-5m-1782049800,21:50-21:55,,1.00,99.00,,,10095.66,10090.66,,,,,,12938.74,,,12448.75,92,0,0,92,63970.00,64022.00,,
2026-06-21T21:54:54+08:00,btc-updown-5m-1782049800,https://polymarket.com/zh/event/btc-updown-5m-1782049800,21:50-21:55,,1.00,99.00,,,10915.95,10915.95,,,,,,12943.74,,,12443.74,91,0,0,91,63970.00,64022.00,,
2026-06-21T21:54:56+08:00,btc-updown-5m-1782049800,https://polymarket.com/zh/event/btc-updown-5m-1782049800,21:50-21:55,,1.00,99.00,,,11717.90,11717.90,,,,,,12438.74,,,12423.74,88,0,0,88,63970.00,64022.00,,
2026-06-21T21:54:57+08:00,btc-updown-5m-1782049800,https://polymarket.com/zh/event/btc-updown-5m-1782049800,21:50-21:55,,1.00,99.00,,,14433.82,14127.76,,,,,,12423.74,,,12433.74,90,0,0,90,63970.00,64022.01,,
2026-06-21T21:54:59+08:00,btc-updown-5m-1782049800,https://polymarket.com/zh/event/btc-updown-5m-1782049800,21:50-21:55,,1.00,99.00,,,48347.26,48315.25,,,,,,12198.74,,,12713.74,88,0,0,88,63970.00,64022.01,,
2026-06-21T21:55:01+08:00,btc-updown-5m-1782050100,https://polymarket.com/zh/event/btc-updown-5m-1782050100,21:55-22:00,52.00,49.00,51.00,48.00,32.75,85.00,258.34,12.75,51.50,48.50,1.00,1.00,24527.60,24022.08,24250.43,24750.93,51,48,48,51,64026.44,64026.45,,
2026-06-21T21:55:03+08:00,btc-updown-5m-1782050100,https://polymarket.com/zh/event/btc-updown-5m-1782050100,21:55-22:00,58.00,43.00,57.00,42.00,32.00,200.50,7.00,27.00,57.50,42.50,1.00,1.00,24916.93,24245.43,24250.43,24911.93,57,42,42,57,64026.44,64030.50,,
2026-06-21T21:55:05+08:00,btc-updown-5m-1782050100,https://polymarket.com/zh/event/btc-updown-5m-1782050100,21:55-22:00,58.00,43.00,57.00,42.00,360.22,43.00,23.00,443.10,57.50,42.50,1.00,1.00,25431.93,24260.43,24260.43,25431.93,57,42,42,57,64026.44,64036.56,,
2026-06-21T21:55:07+08:00,btc-updown-5m-1782050100,https://polymarket.com/zh/event/btc-updown-5m-1782050100,21:55-22:00,59.00,41.00,58.00,40.00,28.00,181.00,401.50,170.00,58.50,40.50,1.00,1.00,24931.94,24317.43,24312.43,25431.93,58,41,40,59,64026.44,64038.60,,
2026-06-21T21:55:09+08:00,btc-updown-5m-1782050100,https://polymarket.com/zh/event/btc-updown-5m-1782050100,21:55-22:00,60.00,39.00,59.00,38.00,38.00,648.35,944.09,237.00,59.50,38.50,1.00,1.00,22936.93,22338.43,22338.43,23436.93,59,40,38,61,64026.44,64039.99,,
2026-06-21T21:55:11+08:00,btc-updown-5m-1782050100,https://polymarket.com/zh/event/btc-updown-5m-1782050100,21:55-22:00,66.00,35.00,64.00,34.00,315.00,624.66,28.00,288.00,65.00,34.50,2.00,1.00,22876.94,22394.43,22399.43,22866.93,64,34,34,65,64026.44,64041.28,,
2026-06-21T21:55:13+08:00,btc-updown-5m-1782050100,https://polymarket.com/zh/event/btc-updown-5m-1782050100,21:55-22:00,66.00,35.00,65.00,34.00,137.68,741.27,733.28,142.68,65.50,34.50,1.00,1.00,22871.93,22434.43,22434.43,22881.94,65,34,34,65,64026.44,64042.64,,
2026-06-21T21:55:15+08:00,btc-updown-5m-1782050100,https://polymarket.com/zh/event/btc-updown-5m-1782050100,21:55-22:00,66.00,35.00,65.00,34.00,528.72,71.66,74.52,648.72,65.50,34.50,1.00,1.00,22871.93,22444.43,22444.43,22871.93,65,34,34,65,64026.44,64042.77,,
2026-06-21T21:55:16+08:00,btc-updown-5m-1782050100,https://polymarket.com/zh/event/btc-updown-5m-1782050100,21:55-22:00,64.00,37.00,63.00,36.00,475.66,33.78,137.50,534.66,63.50,36.50,1.00,1.00,22781.94,22488.43,22498.43,23291.93,63,36,36,63,64026.44,64043.25,,
2026-06-21T21:55:18+08:00,btc-updown-5m-1782050100,https://polymarket.com/zh/event/btc-updown-5m-1782050100,21:55-22:00,75.00,26.00,74.00,25.00,70.00,255.96,433.77,229.50,74.50,25.50,1.00,1.00,22687.93,23192.43,23187.43,22698.94,74,25,25,74,64026.44,64047.55,,
2026-06-21T21:55:20+08:00,btc-updown-5m-1782050100,https://polymarket.com/zh/event/btc-updown-5m-1782050100,21:55-22:00,75.00,26.00,74.00,25.00,165.00,209.44,379.29,252.84,74.50,25.50,1.00,1.00,22799.93,23174.43,23273.78,22904.28,74,25,25,74,64026.44,64050.74,,
2026-06-21T21:55:22+08:00,btc-updown-5m-1782050100,https://polymarket.com/zh/event/btc-updown-5m-1782050100,21:55-22:00,74.00,27.00,73.00,26.00,221.48,590.84,638.55,255.00,73.50,26.50,1.00,1.00,22899.29,22725.18,22730.18,22894.28,73,26,26,73,64026.44,64053.98,,
2026-06-21T21:55:24+08:00,btc-updown-5m-1782050100,https://polymarket.com/zh/event/btc-updown-5m-1782050100,21:55-22:00,74.00,27.00,73.00,26.00,171.51,1016.19,1047.19,171.51,73.50,26.50,1.00,1.00,23388.87,23180.47,23180.47,23456.57,73,26,26,73,64026.44,64053.98,,
2026-06-21T21:55:26+08:00,btc-updown-5m-1782050100,https://polymarket.com/zh/event/btc-updown-5m-1782050100,21:55-22:00,72.00,29.00,71.00,28.00,225.51,235.55,209.67,216.34,71.50,28.50,1.00,1.00,24248.88,23756.76,23746.76,24233.87,71,28,28,71,64026.44,64053.99,,
2026-06-21T21:55:28+08:00,btc-updown-5m-1782050100,https://polymarket.com/zh/event/btc-updown-5m-1782050100,21:55-22:00,73.00,28.00,72.00,27.00,420.07,51.58,46.58,431.07,72.50,27.50,1.00,1.00,24183.56,23974.46,23969.46,24168.56,72,27,27,72,64026.44,64053.98,,
2026-06-21T21:55:30+08:00,btc-updown-5m-1782050100,https://polymarket.com/zh/event/btc-updown-5m-1782050100,21:55-22:00,72.00,29.00,71.00,28.00,35.62,814.23,734.23,40.62,71.50,28.50,1.00,1.00,24233.26,23964.46,24029.16,24228.27,71,28,28,71,64026.44,64053.98,,
2026-06-21T21:55:32+08:00,btc-updown-5m-1782050100,https://polymarket.com/zh/event/btc-updown-5m-1782050100,21:55-22:00,73.00,28.00,72.00,27.00,377.38,38.56,43.56,384.38,72.50,27.50,1.00,1.00,24243.26,24024.16,24024.16,24243.26,72,27,27,72,64026.44,64053.98,,
2026-06-21T21:55:34+08:00,btc-updown-5m-1782050100,https://polymarket.com/zh/event/btc-updown-5m-1782050100,21:55-22:00,73.00,28.00,72.00,27.00,462.21,34.14,29.14,453.21,72.50,27.50,1.00,1.00,24228.26,24024.16,24219.16,24233.26,72,27,27,72,64026.44,64053.99,,
2026-06-21T21:55:35+08:00,btc-updown-5m-1782050100,https://polymarket.com/zh/event/btc-updown-5m-1782050100,21:55-22:00,72.00,29.00,71.00,28.00,484.33,114.15,131.40,601.19,71.50,28.50,1.00,1.00,24734.26,24229.16,24219.16,24259.26,71,28,28,71,64026.44,64053.99,,
2026-06-21T21:55:37+08:00,btc-updown-5m-1782050100,https://polymarket.com/zh/event/btc-updown-5m-1782050100,21:55-22:00,72.00,29.00,71.00,28.00,542.02,138.00,143.00,554.07,71.50,28.50,1.00,1.00,24249.26,24224.16,24224.16,24729.26,71,28,28,71,64026.44,64053.99,,
2026-06-21T21:55:39+08:00,btc-updown-5m-1782050100,https://polymarket.com/zh/event/btc-updown-5m-1782050100,21:55-22:00,72.00,29.00,71.00,28.00,650.14,104.55,144.55,710.14,71.50,28.50,1.00,1.00,24734.26,24219.16,24224.16,24239.26,71,28,28,71,64026.44,64053.99,,
2026-06-21T21:55:41+08:00,btc-updown-5m-1782050100,https://polymarket.com/zh/event/btc-updown-5m-1782050100,21:55-22:00,70.00,31.00,69.00,30.00,546.43,150.45,150.45,536.26,69.50,30.50,1.00,1.00,24234.26,24229.16,24234.16,24239.27,69,30,30,69,64026.44,64053.98,,
2026-06-21T21:55:43+08:00,btc-updown-5m-1782050100,https://polymarket.com/zh/event/btc-updown-5m-1782050100,21:55-22:00,73.00,28.00,72.00,27.00,52.00,527.08,527.08,15.00,72.50,27.50,1.00,1.00,24729.26,24724.16,24724.16,24234.26,72,27,27,72,64026.44,64053.99,,
2026-06-21T21:55:45+08:00,btc-updown-5m-1782050100,https://polymarket.com/zh/event/btc-updown-5m-1782050100,21:55-22:00,74.00,27.00,73.00,26.00,290.90,279.95,279.95,236.59,73.50,26.50,1.00,1.00,24254.27,24819.16,24829.16,24734.26,73,26,26,73,64026.44,64053.98,,
2026-06-21T21:55:47+08:00,btc-updown-5m-1782050100,https://polymarket.com/zh/event/btc-updown-5m-1782050100,21:55-22:00,70.00,31.00,69.00,30.00,543.06,80.89,88.89,439.63,69.50,30.50,1.00,1.00,24124.26,24839.16,24829.16,24134.26,69,30,30,69,64026.44,64053.98,,
2026-06-21T21:55:48+08:00,btc-updown-5m-1782050100,https://polymarket.com/zh/event/btc-updown-5m-1782050100,21:55-22:00,61.00,40.00,60.00,39.00,983.99,38.00,38.00,1037.79,60.50,39.50,1.00,1.00,24734.26,24736.16,24751.16,24739.26,60,39,39,60,64026.44,64040.00,,
2026-06-21T21:55:50+08:00,btc-updown-5m-1782050100,https://polymarket.com/zh/event/btc-updown-5m-1782050100,21:55-22:00,58.00,43.00,57.00,42.00,372.74,369.37,310.00,320.74,57.50,42.50,1.00,1.00,24129.26,24751.16,24746.16,24139.26,57,42,42,57,64026.44,64040.00,,
2026-06-21T21:55:52+08:00,btc-updown-5m-1782050100,https://polymarket.com/zh/event/btc-updown-5m-1782050100,21:55-22:00,54.00,47.00,53.00,46.00,503.76,321.60,92.80,150.83,53.50,46.50,1.00,1.00,24649.26,24746.16,24741.16,24629.26,53,46,46,53,64026.44,64040.00,,
2026-06-21T21:55:54+08:00,btc-updown-5m-1782050100,https://polymarket.com/zh/event/btc-updown-5m-1782050100,21:55-22:00,54.00,47.00,53.00,46.00,556.43,187.16,197.16,672.95,53.50,46.50,1.00,1.00,24634.26,24741.16,24756.16,24154.27,53,46,46,53,64026.44,64039.99,,
2026-06-21T21:55:56+08:00,btc-updown-5m-1782050100,https://polymarket.com/zh/event/btc-updown-5m-1782050100,21:55-22:00,49.00,51.00,48.00,50.00,13.12,291.35,707.64,206.05,48.50,50.50,1.00,1.00,24149.26,24964.16,24943.16,24134.26,48,51,50,49,64026.44,64034.56,,
2026-06-21T21:55:58+08:00,btc-updown-5m-1782050100,https://polymarket.com/zh/event/btc-updown-5m-1782050100,21:55-22:00,50.00,51.00,49.00,50.00,319.52,332.50,100.00,299.10,49.50,50.50,1.00,1.00,24149.26,24958.16,24949.16,24169.26,49,50,50,49,64026.44,64034.55,,
2026-06-21T21:56:00+08:00,btc-updown-5m-1782050100,https://polymarket.com/zh/event/btc-updown-5m-1782050100,21:55-22:00,51.00,50.00,50.00,49.00,512.40,306.64,307.50,413.00,50.50,49.50,1.00,1.00,24149.26,24960.96,26459.96,26244.26,50,49,49,50,64026.44,64034.56,,
2026-06-21T21:56:02+08:00,btc-updown-5m-1782050100,https://polymarket.com/zh/event/btc-updown-5m-1782050100,21:55-22:00,51.00,50.00,50.00,49.00,476.22,492.32,61.00,178.50,50.50,49.50,1.00,1.00,26081.84,26653.96,26653.96,26541.84,50,49,49,50,64026.44,64034.56,,
2026-06-21T21:56:03+08:00,btc-updown-5m-1782050100,https://polymarket.com/zh/event/btc-updown-5m-1782050100,21:55-22:00,51.00,50.00,50.00,49.00,192.00,544.59,378.47,78.19,50.50,49.50,1.00,1.00,31546.84,31648.96,31653.96,31046.84,50,49,49,50,64026.44,64034.55,,
2026-06-21T21:56:05+08:00,btc-updown-5m-1782050100,https://polymarket.com/zh/event/btc-updown-5m-1782050100,21:55-22:00,52.00,49.00,51.00,48.00,283.30,399.00,470.91,299.30,51.50,48.50,1.00,1.00,31033.84,31650.96,31736.96,31023.84,51,48,48,51,64026.44,64034.56,,
2026-06-21T21:56:07+08:00,btc-updown-5m-1782050100,https://polymarket.com/zh/event/btc-updown-5m-1782050100,21:55-22:00,55.00,46.00,54.00,45.00,269.70,629.71,617.72,267.88,54.50,45.50,1.00,1.00,30258.84,31009.96,31009.96,30248.85,54,45,45,54,64026.44,64034.56,,
2026-06-21T21:56:09+08:00,btc-updown-5m-1782050100,https://polymarket.com/zh/event/btc-updown-5m-1782050100,21:55-22:00,55.00,46.00,54.00,45.00,63.78,810.46,690.17,39.00,54.50,45.50,1.00,1.00,30853.84,31004.96,31019.96,30363.84,54,45,45,54,64026.44,64034.55,,
2026-06-21T21:56:11+08:00,btc-updown-5m-1782050100,https://polymarket.com/zh/event/btc-updown-5m-1782050100,21:55-22:00,56.00,45.00,55.00,44.00,596.02,60.16,50.00,606.02,55.50,44.50,1.00,1.00,30348.85,30812.96,30807.96,30358.84,55,44,44,55,64026.44,64030.51,,
2026-06-21T21:56:13+08:00,btc-updown-5m-1782050100,https://polymarket.com/zh/event/btc-updown-5m-1782050100,21:55-22:00,56.00,45.00,55.00,44.00,730.89,40.50,35.50,703.93,55.50,44.50,1.00,1.00,30453.84,30605.96,30600.96,30448.84,55,44,44,55,64026.44,64030.51,,
2026-06-21T21:56:15+08:00,btc-updown-5m-1782050100,https://polymarket.com/zh/event/btc-updown-5m-1782050100,21:55-22:00,56.00,48.00,55.00,44.00,838.21,228.70,34.10,875.60,55.50,46.00,1.00,4.00,30358.84,32615.96,32605.96,30853.84,55,44,44,52,64026.44,64030.51,,
2026-06-21T21:56:17+08:00,btc-updown-5m-1782050100,https://polymarket.com/zh/event/btc-updown-5m-1782050100,21:55-22:00,53.00,48.00,52.00,47.00,92.17,481.45,393.49,92.17,52.50,47.50,1.00,1.00,30253.84,32450.97,32465.97,30258.84,52,47,47,52,64026.44,64030.51,,
2026-06-21T21:56:19+08:00,btc-updown-5m-1782050100,https://polymarket.com/zh/event/btc-updown-5m-1782050100,21:55-22:00,53.00,47.00,52.00,46.00,22.24,236.05,874.13,126.50,52.50,46.50,1.00,1.00,30268.84,32460.97,32450.97,30253.84,52,47,46,53,64026.44,64030.50,,
2026-06-21T21:56:21+08:00,btc-updown-5m-1782050100,https://polymarket.com/zh/event/btc-updown-5m-1782050100,21:55-22:00,54.00,47.00,53.00,46.00,257.35,153.07,80.94,228.93,53.50,46.50,1.00,1.00,30368.84,32465.97,32450.97,30858.84,53,46,46,53,64026.44,64030.51,,
2026-06-21T21:56:23+08:00,btc-updown-5m-1782050100,https://polymarket.com/zh/event/btc-updown-5m-1782050100,21:55-22:00,54.00,52.00,53.00,46.00,773.12,10.08,21.00,1154.72,53.50,49.00,1.00,6.00,30648.84,32556.97,32849.97,30653.85,53,46,46,48,64026.44,64030.51,,
2026-06-21T21:56:24+08:00,btc-updown-5m-1782050100,https://polymarket.com/zh/event/btc-updown-5m-1782050100,21:55-22:00,42.00,59.00,41.00,58.00,7.00,137.12,328.30,9.88,41.50,58.50,1.00,1.00,30456.84,32565.98,32476.98,30552.84,41,55,58,41,64026.44,64026.45,,
2026-06-21T21:56:26+08:00,btc-updown-5m-1782050100,https://polymarket.com/zh/event/btc-updown-5m-1782050100,21:55-22:00,38.00,63.00,37.00,62.00,742.38,13.00,82.66,858.13,37.50,62.50,1.00,1.00,32173.84,30985.97,30975.98,32168.84,37,62,62,37,64026.44,64019.14,,
2026-06-21T21:56:28+08:00,btc-updown-5m-1782050100,https://polymarket.com/zh/event/btc-updown-5m-1782050100,21:55-22:00,36.00,65.00,35.00,64.00,337.88,544.70,397.09,256.88,35.50,64.50,1.00,1.00,31579.84,30386.97,30380.97,31584.84,35,64,64,35,64026.44,64018.35,,
2026-06-21T21:56:30+08:00,btc-updown-5m-1782050100,https://polymarket.com/zh/event/btc-updown-5m-1782050100,21:55-22:00,36.00,66.00,35.00,65.00,946.15,361.52,43.08,300.00,35.50,65.50,1.00,1.00,31579.84,29770.97,29786.97,31589.84,35,64,65,34,64026.44,64018.35,,
2026-06-21T21:56:32+08:00,btc-updown-5m-1782050100,https://polymarket.com/zh/event/btc-updown-5m-1782050100,21:55-22:00,35.00,66.00,34.00,65.00,156.37,430.70,476.16,146.37,34.50,65.50,1.00,1.00,30550.84,28751.97,28872.98,30565.84,34,65,65,34,64026.44,64013.27,,
2026-06-21T21:56:34+08:00,btc-updown-5m-1782050100,https://polymarket.com/zh/event/btc-updown-5m-1782050100,21:55-22:00,37.00,64.00,36.00,63.00,240.14,374.00,374.00,192.79,36.50,63.50,1.00,1.00,30556.84,28863.97,28878.98,30571.84,36,63,63,36,64026.44,64013.22,,
2026-06-21T21:56:36+08:00,btc-updown-5m-1782050100,https://polymarket.com/zh/event/btc-updown-5m-1782050100,21:55-22:00,38.00,63.00,37.00,62.00,247.66,137.09,239.91,257.66,37.50,62.50,1.00,1.00,30571.84,28973.97,28957.97,30561.84,37,62,62,37,64026.44,64013.21,,
2026-06-21T21:56:38+08:00,btc-updown-5m-1782050100,https://polymarket.com/zh/event/btc-updown-5m-1782050100,21:55-22:00,37.00,64.00,36.00,63.00,11.00,427.78,334.78,5.50,36.50,63.50,1.00,1.00,30661.84,29072.98,28963.97,30646.84,36,63,63,36,64026.44,64013.21,,
2026-06-21T21:56:39+08:00,btc-updown-5m-1782050100,https://polymarket.com/zh/event/btc-updown-5m-1782050100,21:55-22:00,40.00,61.00,39.00,60.00,618.86,23.00,23.00,634.86,39.50,60.50,1.00,1.00,30656.84,29172.97,29157.98,30651.84,39,60,60,39,64026.44,64013.22,,
2026-06-21T21:56:41+08:00,btc-updown-5m-1782050100,https://polymarket.com/zh/event/btc-updown-5m-1782050100,21:55-22:00,40.00,61.00,39.00,60.00,692.20,143.86,120.50,714.08,39.50,60.50,1.00,1.00,30626.84,29062.97,29067.97,30631.84,39,60,60,39,64026.44,64013.21,,
2026-06-21T21:56:43+08:00,btc-updown-5m-1782050100,https://polymarket.com/zh/event/btc-updown-5m-1782050100,21:55-22:00,40.00,61.00,39.00,60.00,190.50,545.84,548.84,108.00,39.50,60.50,1.00,1.00,30639.26,29073.97,29057.97,30624.26,39,60,60,39,64026.44,64013.21,,
2026-06-21T21:56:45+08:00,btc-updown-5m-1782050100,https://polymarket.com/zh/event/btc-updown-5m-1782050100,21:55-22:00,41.00,60.00,40.00,59.00,229.60,547.08,544.75,229.60,40.50,59.50,1.00,1.00,30629.26,28867.97,28857.97,30624.26,40,59,59,40,64026.44,64015.17,,
2026-06-21T21:56:47+08:00,btc-updown-5m-1782050100,https://polymarket.com/zh/event/btc-updown-5m-1782050100,21:55-22:00,41.00,60.00,40.00,59.00,312.38,548.74,547.12,259.88,40.50,59.50,1.00,1.00,30624.26,28862.97,28873.97,30624.26,40,59,59,40,64026.44,64017.89,,
2026-06-21T21:56:49+08:00,btc-updown-5m-1782050100,https://polymarket.com/zh/event/btc-updown-5m-1782050100,21:55-22:00,41.00,60.00,40.00,59.00,157.46,623.23,615.23,184.84,40.50,59.50,1.00,1.00,30624.26,28757.97,28757.97,30629.26,40,59,59,40,64026.44,64017.89,,
2026-06-21T21:56:51+08:00,btc-updown-5m-1782050100,https://polymarket.com/zh/event/btc-updown-5m-1782050100,21:55-22:00,40.00,61.00,39.00,60.00,488.40,44.44,59.44,478.74,39.50,60.50,1.00,1.00,30634.26,28783.98,28778.97,30624.26,39,60,60,39,64026.44,64017.89,,
2026-06-21T21:56:52+08:00,btc-updown-5m-1782050100,https://polymarket.com/zh/event/btc-updown-5m-1782050100,21:55-22:00,40.00,61.00,39.00,60.00,278.39,339.00,339.00,278.39,39.50,60.50,1.00,1.00,30624.26,28762.97,28767.97,30619.26,39,60,60,39,64026.44,64017.89,,
2026-06-21T21:56:54+08:00,btc-updown-5m-1782050100,https://polymarket.com/zh/event/btc-updown-5m-1782050100,21:55-22:00,55.00,47.00,53.00,46.00,920.11,33.65,9.37,384.07,54.00,46.50,2.00,1.00,30564.26,29257.97,29257.97,30604.26,53,45,46,53,64026.44,64026.45,,
2026-06-21T21:56:56+08:00,btc-updown-5m-1782050100,https://polymarket.com/zh/event/btc-updown-5m-1782050100,21:55-22:00,55.00,46.00,54.00,45.00,645.18,36.17,41.17,613.18,54.50,45.50,1.00,1.00,30597.26,29272.97,29268.97,31092.26,54,45,45,54,64026.44,64026.45,,
2026-06-21T21:56:58+08:00,btc-updown-5m-1782050100,https://polymarket.com/zh/event/btc-updown-5m-1782050100,21:55-22:00,55.00,46.00,54.00,45.00,384.72,295.39,118.39,151.68,54.50,45.50,1.00,1.00,30567.26,29263.97,29278.97,30572.27,54,45,45,54,64026.44,64026.45,,
2026-06-21T21:57:00+08:00,btc-updown-5m-1782050100,https://polymarket.com/zh/event/btc-updown-5m-1782050100,21:55-22:00,64.00,37.00,63.00,36.00,589.76,5.74,5.74,666.30,63.50,36.50,1.00,1.00,28772.26,31469.97,31484.97,29287.26,63,36,36,63,64026.44,64030.49,,
2026-06-21T21:57:02+08:00,btc-updown-5m-1782050100,https://polymarket.com/zh/event/btc-updown-5m-1782050100,21:55-22:00,64.00,37.00,63.00,36.00,281.25,313.00,179.00,268.50,63.50,36.50,1.00,1.00,29264.27,31384.97,31364.97,29259.26,63,36,36,63,64026.44,64030.49,,
2026-06-21T21:57:04+08:00,btc-updown-5m-1782050100,https://polymarket.com/zh/event/btc-updown-5m-1782050100,21:55-22:00,65.00,36.00,64.00,35.00,194.62,542.04,568.29,167.77,64.50,35.50,1.00,1.00,28730.26,31350.97,31365.97,28735.26,64,35,35,64,64026.44,64030.49,,
2026-06-21T21:57:06+08:00,btc-updown-5m-1782050100,https://polymarket.com/zh/event/btc-updown-5m-1782050100,21:55-22:00,66.00,35.00,65.00,34.00,313.59,583.03,350.64,24.07,65.50,34.50,1.00,1.00,28145.26,30714.97,30714.97,28240.26,65,34,34,65,64026.44,64030.50,,
2026-06-21T21:57:07+08:00,btc-updown-5m-1782050100,https://polymarket.com/zh/event/btc-updown-5m-1782050100,21:55-22:00,67.00,34.00,66.00,33.00,368.01,155.05,78.00,257.59,66.50,33.50,1.00,1.00,28125.26,30704.97,30714.97,28640.27,66,33,33,66,64026.44,64030.51,,
2026-06-21T21:57:09+08:00,btc-updown-5m-1782050100,https://polymarket.com/zh/event/btc-updown-5m-1782050100,21:55-22:00,65.00,36.00,64.00,35.00,646.21,11.69,16.69,643.59,64.50,35.50,1.00,1.00,28650.26,30714.97,30709.97,28625.26,64,35,35,64,64026.44,64034.54,,
2026-06-21T21:57:11+08:00,btc-updown-5m-1782050100,https://polymarket.com/zh/event/btc-updown-5m-1782050100,21:55-22:00,63.00,40.00,62.00,39.00,858.25,243.97,5.00,178.68,62.50,39.50,1.00,1.00,28655.27,30709.97,30699.97,28140.26,62,37,39,60,64026.44,64034.54,,
2026-06-21T21:57:13+08:00,btc-updown-5m-1782050100,https://polymarket.com/zh/event/btc-updown-5m-1782050100,21:55-22:00,60.00,41.00,59.00,40.00,19.64,520.76,523.20,24.64,59.50,40.50,1.00,1.00,28236.26,30719.97,30704.97,28231.26,59,40,40,59,64026.44,64030.49,,
2026-06-21T21:57:15+08:00,btc-updown-5m-1782050100,https://polymarket.com/zh/event/btc-updown-5m-1782050100,21:55-22:00,60.00,41.00,59.00,40.00,651.92,251.90,218.72,223.97,59.50,40.50,1.00,1.00,28383.26,30654.97,30664.97,28398.27,59,40,40,59,64026.44,64030.50,,
2026-06-21T21:57:17+08:00,btc-updown-5m-1782050100,https://polymarket.com/zh/event/btc-updown-5m-1782050100,21:55-22:00,60.00,41.00,59.00,40.00,456.26,132.50,137.50,456.26,59.50,40.50,1.00,1.00,28600.27,30659.97,30654.97,28580.26,59,40,40,59,64026.44,64030.50,,
2026-06-21T21:57:19+08:00,btc-updown-5m-1782050100,https://polymarket.com/zh/event/btc-updown-5m-1782050100,21:55-22:00,60.00,41.00,59.00,40.00,620.23,2.56,2.56,664.23,59.50,40.50,1.00,1.00,29090.26,30649.97,30659.97,28590.26,59,40,40,59,64026.44,64030.50,,
2026-06-21T21:57:21+08:00,btc-updown-5m-1782050100,https://polymarket.com/zh/event/btc-updown-5m-1782050100,21:55-22:00,59.00,42.00,58.00,41.00,65.00,653.90,653.90,83.73,58.50,41.50,1.00,1.00,28378.26,30644.97,30639.97,28378.26,58,41,41,58,64026.44,64030.50,,
2026-06-21T21:57:23+08:00,btc-updown-5m-1782050100,https://polymarket.com/zh/event/btc-updown-5m-1782050100,21:55-22:00,48.00,57.00,43.00,56.00,31.00,53.08,95.00,38.34,45.50,56.50,5.00,1.00,28370.27,29255.97,29071.97,28440.27,43,52,56,42,64026.44,64029.58,,
2026-06-21T21:57:24+08:00,btc-updown-5m-1782050100,https://polymarket.com/zh/event/btc-updown-5m-1782050100,21:55-22:00,43.00,58.00,42.00,57.00,141.48,273.83,490.56,151.48,42.50,57.50,1.00,1.00,28336.26,31276.97,31260.97,28336.26,42,57,57,42,64026.44,64022.41,,
2026-06-21T21:57:26+08:00,btc-updown-5m-1782050100,https://polymarket.com/zh/event/btc-updown-5m-1782050100,21:55-22:00,44.00,57.00,43.00,56.00,557.79,55.00,75.00,579.79,43.50,56.50,1.00,1.00,30356.26,31275.97,29270.97,30341.26,43,56,56,43,64026.44,64022.40,,
2026-06-21T21:57:28+08:00,btc-updown-5m-1782050100,https://polymarket.com/zh/event/btc-updown-5m-1782050100,21:55-22:00,42.00,59.00,41.00,58.00,75.00,663.56,552.13,10.00,41.50,58.50,1.00,1.00,30351.26,28675.97,28660.98,30341.26,41,58,58,41,64026.44,64022.40,,
2026-06-21T21:57:30+08:00,btc-updown-5m-1782050100,https://polymarket.com/zh/event/btc-updown-5m-1782050100,21:55-22:00,41.00,60.00,40.00,59.00,175.58,396.10,391.10,160.58,40.50,59.50,1.00,1.00,30351.26,28464.98,28465.97,30336.26,40,59,59,40,64026.44,64022.40,,
2026-06-21T21:57:32+08:00,btc-updown-5m-1782050100,https://polymarket.com/zh/event/btc-updown-5m-1782050100,21:55-22:00,41.00,60.00,40.00,59.00,538.30,277.59,277.59,580.30,40.50,59.50,1.00,1.00,30299.26,29018.97,29027.97,30314.26,40,59,59,40,64026.44,64022.41,,
2026-06-21T21:57:34+08:00,btc-updown-5m-1782050100,https://polymarket.com/zh/event/btc-updown-5m-1782050100,21:55-22:00,28.00,74.00,27.00,72.00,228.85,162.50,374.50,302.00,27.50,73.00,1.00,2.00,30188.26,28811.98,28906.97,30193.26,27,72,72,26,64026.44,64022.40,,
2026-06-21T21:57:36+08:00,btc-updown-5m-1782050100,https://polymarket.com/zh/event/btc-updown-5m-1782050100,21:55-22:00,26.00,75.00,25.00,74.00,731.41,6.57,225.07,547.67,25.50,74.50,1.00,1.00,29947.26,28711.97,28711.97,29942.26,25,74,74,25,64026.44,64013.07,,
2026-06-21T21:57:38+08:00,btc-updown-5m-1782050100,https://polymarket.com/zh/event/btc-updown-5m-1782050100,21:55-22:00,25.00,75.00,24.00,74.00,3.59,402.90,590.61,208.05,24.50,74.50,1.00,1.00,30713.10,28917.98,28917.97,30708.10,24,75,74,25,64026.44,64010.25,,
2026-06-21T21:57:40+08:00,btc-updown-5m-1782050100,https://polymarket.com/zh/event/btc-updown-5m-1782050100,21:55-22:00,28.00,73.00,27.00,72.00,250.36,178.11,199.42,211.06,27.50,72.50,1.00,1.00,30001.26,28831.98,28811.97,30006.26,27,72,72,27,64026.44,64010.26,,
2026-06-21T21:57:42+08:00,btc-updown-5m-1782050100,https://polymarket.com/zh/event/btc-updown-5m-1782050100,21:55-22:00,28.00,73.00,27.00,72.00,418.06,48.75,83.25,406.06,27.50,72.50,1.00,1.00,30001.26,28321.97,28306.97,30001.26,27,72,72,27,64026.44,64010.74,,
2026-06-21T21:57:44+08:00,btc-updown-5m-1782050100,https://polymarket.com/zh/event/btc-updown-5m-1782050100,21:55-22:00,28.00,73.00,27.00,72.00,520.57,141.08,137.45,541.57,27.50,72.50,1.00,1.00,29926.26,28136.97,28141.97,29926.26,27,72,72,27,64026.44,64010.74,,
2026-06-21T21:57:46+08:00,btc-updown-5m-1782050100,https://polymarket.com/zh/event/btc-updown-5m-1782050100,21:55-22:00,28.00,73.00,27.00,72.00,507.85,124.64,124.64,480.02,27.50,72.50,1.00,1.00,29926.26,28151.97,28137.98,29931.26,27,72,72,27,64026.44,64010.74,,
2026-06-21T21:57:48+08:00,btc-updown-5m-1782050100,https://polymarket.com/zh/event/btc-updown-5m-1782050100,21:55-22:00,28.00,73.00,27.00,72.00,416.35,19.22,188.06,695.70,27.50,72.50,1.00,1.00,29931.26,28151.97,28131.97,29931.26,27,72,72,27,64026.44,64010.74,,
2026-06-21T21:57:50+08:00,btc-updown-5m-1782050100,https://polymarket.com/zh/event/btc-updown-5m-1782050100,21:55-22:00,28.00,73.00,27.00,72.00,667.47,154.17,164.17,890.82,27.50,72.50,1.00,1.00,29936.26,28152.97,28137.97,29926.26,27,72,72,27,64026.44,64010.74,,
2026-06-21T21:57:51+08:00,btc-updown-5m-1782050100,https://polymarket.com/zh/event/btc-updown-5m-1782050100,21:55-22:00,37.00,64.00,34.00,62.00,42.32,115.78,115.00,34.27,35.50,63.00,3.00,2.00,29946.26,28247.97,28226.97,29951.26,34,62,61,36,64026.44,64010.74,,
2026-06-21T21:57:53+08:00,btc-updown-5m-1782050100,https://polymarket.com/zh/event/btc-updown-5m-1782050100,21:55-22:00,32.00,69.00,31.00,68.00,159.50,228.70,331.90,590.64,31.50,68.50,1.00,1.00,29823.26,28431.97,28447.97,29833.26,31,68,68,31,64026.44,64018.06,,
2026-06-21T21:57:55+08:00,btc-updown-5m-1782050100,https://polymarket.com/zh/event/btc-updown-5m-1782050100,21:55-22:00,32.00,69.00,31.00,68.00,145.28,789.04,334.12,16.00,31.50,68.50,1.00,1.00,29693.26,28591.97,28622.98,29698.26,31,68,68,31,64026.44,64018.05,,
2026-06-21T21:57:57+08:00,btc-updown-5m-1782050100,https://polymarket.com/zh/event/btc-updown-5m-1782050100,21:55-22:00,33.00,68.00,32.00,67.00,217.52,441.12,446.12,241.52,32.50,67.50,1.00,1.00,29693.26,28497.97,28512.97,29708.26,32,67,67,32,64026.44,64018.06,,
2026-06-21T21:57:59+08:00,btc-updown-5m-1782050100,https://polymarket.com/zh/event/btc-updown-5m-1782050100,21:55-22:00,28.00,72.00,27.00,71.00,20.00,295.31,690.55,95.00,27.50,71.50,1.00,1.00,29688.26,28396.97,28402.97,29688.26,27,72,71,28,64026.44,64018.05,,
2026-06-21T21:58:01+08:00,btc-updown-5m-1782050100,https://polymarket.com/zh/event/btc-updown-5m-1782050100,21:55-22:00,27.00,74.00,26.00,73.00,168.50,647.13,440.78,146.95,26.50,73.50,1.00,1.00,28962.26,27400.97,27385.97,28962.26,26,73,73,26,64026.44,64016.41,,
2026-06-21T21:58:03+08:00,btc-updown-5m-1782050100,https://polymarket.com/zh/event/btc-updown-5m-1782050100,21:55-22:00,29.00,72.00,28.00,71.00,412.30,71.11,80.84,355.30,28.50,71.50,1.00,1.00,28737.26,27070.97,27060.98,28727.26,28,71,71,28,64026.44,64010.75,,
2026-06-21T21:58:05+08:00,btc-updown-5m-1782050100,https://polymarket.com/zh/event/btc-updown-5m-1782050100,21:55-22:00,28.00,73.00,27.00,72.00,20.00,483.10,253.89,20.00,27.50,72.50,1.00,1.00,28632.26,26940.97,26920.97,28632.26,27,72,72,27,64026.44,64010.74,,
2026-06-21T21:58:07+08:00,btc-updown-5m-1782050100,https://polymarket.com/zh/event/btc-updown-5m-1782050100,21:55-22:00,29.00,72.00,28.00,71.00,675.62,31.67,26.67,584.51,28.50,71.50,1.00,1.00,28622.26,26935.98,26956.97,28622.26,28,71,71,28,64026.44,64010.74,,
2026-06-21T21:58:08+08:00,btc-updown-5m-1782050100,https://polymarket.com/zh/event/btc-updown-5m-1782050100,21:55-22:00,28.00,73.00,27.00,72.00,222.32,77.00,77.00,245.32,27.50,72.50,1.00,1.00,28632.26,26920.97,26935.97,28622.26,27,72,72,27,64026.44,64010.74,,
2026-06-21T21:58:10+08:00,btc-updown-5m-1782050100,https://polymarket.com/zh/event/btc-updown-5m-1782050100,21:55-22:00,27.00,74.00,26.00,73.00,85.96,623.55,633.74,27.93,26.50,73.50,1.00,1.00,28632.26,26915.97,26935.97,28627.26,26,73,73,26,64026.44,64010.75,,
2026-06-21T21:58:12+08:00,btc-updown-5m-1782050100,https://polymarket.com/zh/event/btc-updown-5m-1782050100,21:55-22:00,32.00,69.00,31.00,68.00,39.97,792.42,702.01,14.97,31.50,68.50,1.00,1.00,28482.26,26885.98,26865.97,28482.26,31,68,68,31,64026.44,64010.75,,
2026-06-21T21:58:14+08:00,btc-updown-5m-1782050100,https://polymarket.com/zh/event/btc-updown-5m-1782050100,21:55-22:00,33.00,68.00,32.00,67.00,314.34,587.09,578.09,251.66,32.50,67.50,1.00,1.00,28487.26,27281.97,27270.97,28472.26,32,67,67,32,64026.44,64010.75,,
2026-06-21T21:58:16+08:00,btc-updown-5m-1782050100,https://polymarket.com/zh/event/btc-updown-5m-1782050100,21:55-22:00,33.00,68.00,32.00,67.00,541.67,24.46,24.46,558.64,32.50,67.50,1.00,1.00,27817.26,26605.97,26615.97,27827.26,32,67,67,32,64026.44,64016.97,,
2026-06-21T21:58:18+08:00,btc-updown-5m-1782050100,https://polymarket.com/zh/event/btc-updown-5m-1782050100,21:55-22:00,32.00,69.00,31.00,68.00,89.08,602.17,601.17,89.08,31.50,68.50,1.00,1.00,27817.26,26610.98,26616.97,27817.26,31,68,68,31,64026.44,64016.97,,
2026-06-21T21:58:20+08:00,btc-updown-5m-1782050100,https://polymarket.com/zh/event/btc-updown-5m-1782050100,21:55-22:00,32.00,69.00,31.00,68.00,68.61,796.57,814.06,65.48,31.50,68.50,1.00,1.00,27093.92,25620.97,25575.97,27103.92,31,68,68,31,64026.44,64016.98,,
2026-06-21T21:58:22+08:00,btc-updown-5m-1782050100,https://polymarket.com/zh/event/btc-updown-5m-1782050100,21:55-22:00,32.00,69.00,31.00,68.00,289.90,812.88,827.90,342.40,31.50,68.50,1.00,1.00,27113.92,25590.97,25580.98,27098.92,31,68,68,31,64026.44,64016.98,,
2026-06-21T21:58:24+08:00,btc-updown-5m-1782050100,https://polymarket.com/zh/event/btc-updown-5m-1782050100,21:55-22:00,39.00,62.00,38.00,61.00,102.07,430.75,487.75,88.07,38.50,61.50,1.00,1.00,27393.92,26084.97,26078.97,27398.92,38,61,61,38,64026.44,64016.98,,
2026-06-21T21:58:25+08:00,btc-updown-5m-1782050100,https://polymarket.com/zh/event/btc-updown-5m-1782050100,21:55-22:00,41.00,60.00,40.00,59.00,224.54,467.45,453.45,229.54,40.50,59.50,1.00,1.00,27403.92,26068.64,25767.63,27143.92,40,59,59,40,64026.44,64020.00,,
2026-06-21T21:58:27+08:00,btc-updown-5m-1782050100,https://polymarket.com/zh/event/btc-updown-5m-1782050100,21:55-22:00,42.00,60.00,41.00,58.00,529.07,80.97,191.40,522.05,41.50,59.00,1.00,2.00,27143.92,25747.62,25774.63,27153.92,41,58,58,40,64026.44,64022.39,,
2026-06-21T21:58:29+08:00,btc-updown-5m-1782050100,https://polymarket.com/zh/event/btc-updown-5m-1782050100,21:55-22:00,42.00,59.00,41.00,58.00,77.50,531.09,462.09,77.50,41.50,58.50,1.00,1.00,27143.92,25440.62,25461.62,27153.92,41,58,58,41,64026.44,64022.39,,
2026-06-21T21:58:31+08:00,btc-updown-5m-1782050100,https://polymarket.com/zh/event/btc-updown-5m-1782050100,21:55-22:00,43.00,58.00,42.00,57.00,603.07,55.34,130.50,765.95,42.50,57.50,1.00,1.00,26483.92,24613.62,24584.63,26478.92,42,57,57,42,64026.44,64022.40,,
2026-06-21T21:58:33+08:00,btc-updown-5m-1782050100,https://polymarket.com/zh/event/btc-updown-5m-1782050100,21:55-22:00,42.00,59.00,41.00,58.00,234.86,242.57,279.57,239.86,41.50,58.50,1.00,1.00,26473.92,24482.63,24503.62,26483.92,41,58,58,41,64026.44,64022.39,,
2026-06-21T21:58:35+08:00,btc-updown-5m-1782050100,https://polymarket.com/zh/event/btc-updown-5m-1782050100,21:55-22:00,42.00,59.00,41.00,58.00,224.88,223.79,196.31,229.88,41.50,58.50,1.00,1.00,26428.92,24427.62,24422.62,26418.92,41,58,58,41,64026.44,64022.39,,
2026-06-21T21:58:37+08:00,btc-updown-5m-1782050100,https://polymarket.com/zh/event/btc-updown-5m-1782050100,21:55-22:00,42.00,59.00,41.00,58.00,387.97,80.26,46.96,308.20,41.50,58.50,1.00,1.00,26413.92,24427.62,24418.62,26398.92,41,58,58,41,64026.44,64022.40,,
2026-06-21T21:58:39+08:00,btc-updown-5m-1782050100,https://polymarket.com/zh/event/btc-updown-5m-1782050100,21:55-22:00,56.00,45.00,55.00,44.00,359.17,119.02,228.13,439.22,55.50,44.50,1.00,1.00,26253.93,26617.62,26632.62,26758.92,55,44,44,55,64026.44,64022.40,,
2026-06-21T21:58:40+08:00,btc-updown-5m-1782050100,https://polymarket.com/zh/event/btc-updown-5m-1782050100,21:55-22:00,63.00,38.00,62.00,37.00,182.50,347.51,332.34,176.23,62.50,37.50,1.00,1.00,26363.92,24417.62,24417.62,26353.93,62,37,37,62,64026.44,64026.44,,
2026-06-21T21:58:42+08:00,btc-updown-5m-1782050100,https://polymarket.com/zh/event/btc-updown-5m-1782050100,21:55-22:00,62.00,39.00,61.00,38.00,140.01,620.39,675.21,131.50,61.50,38.50,1.00,1.00,26848.92,24417.62,24427.62,26363.92,61,38,38,61,64026.44,64026.45,,
2026-06-21T21:58:44+08:00,btc-updown-5m-1782050100,https://polymarket.com/zh/event/btc-updown-5m-1782050100,21:55-22:00,65.00,36.00,64.00,35.00,233.50,338.36,376.31,225.80,64.50,35.50,1.00,1.00,24218.92,26492.62,26507.62,24228.92,64,35,35,64,64026.44,64033.56,,
2026-06-21T21:58:46+08:00,btc-updown-5m-1782050100,https://polymarket.com/zh/event/btc-updown-5m-1782050100,21:55-22:00,65.00,36.00,64.00,35.00,10.00,716.87,768.79,10.00,64.50,35.50,1.00,1.00,24728.93,26492.62,26502.62,24733.92,64,35,35,64,64026.44,64033.56,,
2026-06-21T21:58:48+08:00,btc-updown-5m-1782050100,https://polymarket.com/zh/event/btc-updown-5m-1782050100,21:55-22:00,68.00,33.00,67.00,32.00,143.61,526.27,494.73,118.61,67.50,32.50,1.00,1.00,24523.92,26492.62,26517.62,24038.92,67,32,32,67,64026.44,64033.56,,
2026-06-21T21:58:50+08:00,btc-updown-5m-1782050100,https://polymarket.com/zh/event/btc-updown-5m-1782050100,21:55-22:00,69.00,32.00,68.00,31.00,30.00,785.38,768.38,10.00,68.50,31.50,1.00,1.00,24523.92,26492.62,26502.62,24033.92,68,31,31,68,64026.44,64033.55,,
2026-06-21T21:58:52+08:00,btc-updown-5m-1782050100,https://polymarket.com/zh/event/btc-updown-5m-1782050100,21:55-22:00,72.00,29.00,71.00,28.00,238.71,375.45,420.98,197.71,71.50,28.50,1.00,1.00,23528.93,26287.62,25992.62,24028.92,71,28,28,71,64026.44,64033.55,,
2026-06-21T21:58:53+08:00,btc-updown-5m-1782050100,https://polymarket.com/zh/event/btc-updown-5m-1782050100,21:55-22:00,72.00,29.00,71.00,28.00,359.01,68.00,68.00,571.10,71.50,28.50,1.00,1.00,23518.92,26592.62,26587.62,23538.92,71,28,28,71,64026.44,64037.97,,
2026-06-21T21:58:55+08:00,btc-updown-5m-1782050100,https://polymarket.com/zh/event/btc-updown-5m-1782050100,21:55-22:00,75.00,26.00,74.00,25.00,57.60,684.02,118.00,11.13,74.50,25.50,1.00,1.00,23208.92,26967.62,27047.62,23198.92,74,25,25,74,64026.44,64037.98,,
2026-06-21T21:58:57+08:00,btc-updown-5m-1782050100,https://polymarket.com/zh/event/btc-updown-5m-1782050100,21:55-22:00,87.00,14.00,85.00,13.00,79.86,606.80,92.58,75.59,86.00,13.50,2.00,1.00,23298.92,24190.15,24855.15,23808.92,85,13,13,86,64026.44,64037.97,,
2026-06-21T21:58:59+08:00,btc-updown-5m-1782050100,https://polymarket.com/zh/event/btc-updown-5m-1782050100,21:55-22:00,88.00,13.00,87.00,12.00,520.08,392.19,356.19,468.16,87.50,12.50,1.00,1.00,23908.92,26851.15,26846.15,23403.92,87,12,12,87,64026.44,64044.98,,
2026-06-21T21:59:01+08:00,btc-updown-5m-1782050100,https://polymarket.com/zh/event/btc-updown-5m-1782050100,21:55-22:00,89.00,12.00,88.00,11.00,636.35,2.05,2.05,631.35,88.50,11.50,1.00,1.00,23348.92,25026.15,25026.15,23353.92,88,11,11,88,64026.44,64044.98,,
2026-06-21T21:59:03+08:00,btc-updown-5m-1782050100,https://polymarket.com/zh/event/btc-updown-5m-1782050100,21:55-22:00,93.00,8.00,92.00,7.00,371.09,433.06,607.87,566.04,92.50,7.50,1.00,1.00,24674.92,24495.75,24432.05,24154.92,92,7,7,92,64026.44,64046.69,,
2026-06-21T21:59:05+08:00,btc-updown-5m-1782050100,https://polymarket.com/zh/event/btc-updown-5m-1782050100,21:55-22:00,92.00,9.00,91.00,8.00,26.16,473.21,435.88,22.52,91.50,8.50,1.00,1.00,24389.92,24941.15,24911.15,23904.92,91,8,8,91,64026.44,64049.34,,
2026-06-21T21:59:06+08:00,btc-updown-5m-1782050100,https://polymarket.com/zh/event/btc-updown-5m-1782050100,21:55-22:00,94.00,7.00,93.00,6.00,651.46,391.11,396.39,640.07,93.50,6.50,1.00,1.00,23684.92,25158.14,25173.14,23694.93,93,6,6,93,64026.44,64049.35,,
2026-06-21T21:59:08+08:00,btc-updown-5m-1782050100,https://polymarket.com/zh/event/btc-updown-5m-1782050100,21:55-22:00,94.00,7.00,93.00,6.00,109.11,1067.36,991.88,109.11,93.50,6.50,1.00,1.00,23778.92,24776.58,24803.58,23293.92,93,6,6,93,64026.44,64049.34,,
2026-06-21T21:59:10+08:00,btc-updown-5m-1782050100,https://polymarket.com/zh/event/btc-updown-5m-1782050100,21:55-22:00,95.00,6.00,94.00,5.00,871.19,84.53,50.00,827.69,94.50,5.50,1.00,1.00,23863.92,23816.92,23763.42,23363.92,94,5,5,94,64026.44,64049.34,,
2026-06-21T21:59:12+08:00,btc-updown-5m-1782050100,https://polymarket.com/zh/event/btc-updown-5m-1782050100,21:55-22:00,95.00,6.00,94.00,5.00,100.37,592.92,604.92,129.84,94.50,5.50,1.00,1.00,23640.42,23163.57,23193.04,23640.42,94,5,5,94,64026.44,64049.53,,
2026-06-21T21:59:14+08:00,btc-updown-5m-1782050100,https://polymarket.com/zh/event/btc-updown-5m-1782050100,21:55-22:00,96.00,5.00,95.00,4.00,1084.58,327.50,185.00,980.50,95.50,4.50,1.00,1.00,24150.43,23273.16,23169.08,23640.42,95,4,4,95,64026.44,64052.34,,
2026-06-21T21:59:16+08:00,btc-updown-5m-1782050100,https://polymarket.com/zh/event/btc-updown-5m-1782050100,21:55-22:00,95.00,6.00,94.00,5.00,159.59,338.41,372.41,153.27,94.50,5.50,1.00,1.00,23630.42,22347.25,22410.28,23625.42,94,5,5,94,64026.44,64052.32,,
2026-06-21T21:59:18+08:00,btc-updown-5m-1782050100,https://polymarket.com/zh/event/btc-updown-5m-1782050100,21:55-22:00,96.00,5.00,95.00,4.00,506.11,953.41,987.61,594.95,95.50,4.50,1.00,1.00,23740.43,20804.11,20892.95,23730.42,95,4,4,95,64026.44,64047.55,,
2026-06-21T21:59:20+08:00,btc-updown-5m-1782050100,https://polymarket.com/zh/event/btc-updown-5m-1782050100,21:55-22:00,97.00,4.00,96.00,3.00,1016.73,265.31,205.51,1046.73,96.50,3.50,1.00,1.00,23675.42,20529.98,20509.98,23680.42,96,3,3,96,64026.44,64055.69,,
2026-06-21T21:59:22+08:00,btc-updown-5m-1782050100,https://polymarket.com/zh/event/btc-updown-5m-1782050100,21:55-22:00,97.00,4.00,96.00,3.00,910.01,311.94,368.88,889.39,96.50,3.50,1.00,1.00,24536.43,15344.36,14923.74,24516.42,96,3,3,96,64026.44,64051.38,,
2026-06-21T21:59:23+08:00,btc-updown-5m-1782050100,https://polymarket.com/zh/event/btc-updown-5m-1782050100,21:55-22:00,97.00,4.00,96.00,3.00,583.61,595.22,518.13,579.47,96.50,3.50,1.00,1.00,23920.42,14493.10,14488.96,23925.43,96,3,3,96,64026.44,64052.49,,
2026-06-21T21:59:25+08:00,btc-updown-5m-1782050100,https://polymarket.com/zh/event/btc-updown-5m-1782050100,21:55-22:00,97.00,3.00,96.00,2.00,7.10,136.17,910.05,1929.96,96.50,2.50,1.00,1.00,24438.42,13919.01,14080.67,23948.42,96,3,2,97,64026.44,64055.96,,
2026-06-21T21:59:27+08:00,btc-updown-5m-1782050100,https://polymarket.com/zh/event/btc-updown-5m-1782050100,21:55-22:00,99.00,2.00,98.00,1.00,10606.28,547.52,542.41,10609.61,98.50,1.50,1.00,1.00,23157.40,10606.28,10609.61,23157.40,98,1,1,98,64026.44,64060.07,,
2026-06-21T21:59:29+08:00,btc-updown-5m-1782050100,https://polymarket.com/zh/event/btc-updown-5m-1782050100,21:55-22:00,99.00,2.00,98.00,1.00,10475.42,275.17,289.95,10450.66,98.50,1.50,1.00,1.00,23252.41,10475.42,10450.66,23737.40,98,1,1,98,64026.44,64060.07,,
2026-06-21T21:59:31+08:00,btc-updown-5m-1782050100,https://polymarket.com/zh/event/btc-updown-5m-1782050100,21:55-22:00,99.00,2.00,98.00,1.00,4322.68,978.94,695.94,4330.57,98.50,1.50,1.00,1.00,23464.07,4322.68,4330.57,23459.07,98,1,1,98,64026.44,64060.07,,
2026-06-21T21:59:33+08:00,btc-updown-5m-1782050100,https://polymarket.com/zh/event/btc-updown-5m-1782050100,21:55-22:00,99.00,2.00,98.00,1.00,4117.07,332.37,332.37,4103.70,98.50,1.50,1.00,1.00,24014.07,4117.07,4103.70,23499.07,98,1,1,98,64026.44,64060.07,,
2026-06-21T21:59:35+08:00,btc-updown-5m-1782050100,https://polymarket.com/zh/event/btc-updown-5m-1782050100,21:55-22:00,99.00,2.00,98.00,1.00,2335.55,564.75,692.44,2262.50,98.50,1.50,1.00,1.00,21999.22,2335.55,2262.50,21892.22,98,1,1,98,64026.44,64060.07,,
2026-06-21T21:59:37+08:00,btc-updown-5m-1782050100,https://polymarket.com/zh/event/btc-updown-5m-1782050100,21:55-22:00,,1.00,99.00,,,6484.48,6625.37,,,,,,21837.22,,,21347.22,99,0,0,99,64026.44,64060.08,,
2026-06-21T21:59:38+08:00,btc-updown-5m-1782050100,https://polymarket.com/zh/event/btc-updown-5m-1782050100,21:55-22:00,,1.00,99.00,,,8691.51,8590.52,,,,,,21109.23,,,21109.22,99,0,0,99,64026.44,64060.08,,
2026-06-21T21:59:40+08:00,btc-updown-5m-1782050100,https://polymarket.com/zh/event/btc-updown-5m-1782050100,21:55-22:00,,1.00,99.00,,,8800.77,8801.66,,,,,,20809.22,,,21124.23,99,0,0,99,64026.44,64062.89,,
2026-06-21T21:59:42+08:00,btc-updown-5m-1782050100,https://polymarket.com/zh/event/btc-updown-5m-1782050100,21:55-22:00,,1.00,99.00,,,9025.37,9025.37,,,,,,20624.22,,,20614.22,99,0,0,99,64026.44,64066.41,,
2026-06-21T21:59:44+08:00,btc-updown-5m-1782050100,https://polymarket.com/zh/event/btc-updown-5m-1782050100,21:55-22:00,,1.00,99.00,,,8168.51,8167.52,,,,,,21124.22,,,20614.22,99,0,0,99,64026.44,64066.01,,
2026-06-21T21:59:46+08:00,btc-updown-5m-1782050100,https://polymarket.com/zh/event/btc-updown-5m-1782050100,21:55-22:00,,1.00,99.00,,,3645.22,3625.02,,,,,,19854.73,,,19844.74,80,0,0,80,64026.44,64066.02,,
2026-06-21T21:59:48+08:00,btc-updown-5m-1782050100,https://polymarket.com/zh/event/btc-updown-5m-1782050100,21:55-22:00,,1.00,99.00,,,5768.19,5613.94,,,,,,19900.73,,,19895.73,79,0,0,79,64026.44,64066.75,,
2026-06-21T21:59:50+08:00,btc-updown-5m-1782050100,https://polymarket.com/zh/event/btc-updown-5m-1782050100,21:55-22:00,,1.00,99.00,,,5805.39,5793.39,,,,,,19910.73,,,15165.73,80,0,0,76,64026.44,64066.75,,
2026-06-21T21:59:52+08:00,btc-updown-5m-1782050100,https://polymarket.com/zh/event/btc-updown-5m-1782050100,21:55-22:00,,1.00,99.00,,,5873.30,5873.30,,,,,,11764.73,,,11774.73,75,0,0,75,64026.44,64066.95,,
2026-06-21T21:59:53+08:00,btc-updown-5m-1782050100,https://polymarket.com/zh/event/btc-updown-5m-1782050100,21:55-22:00,,1.00,99.00,,,5926.11,5926.11,,,,,,11549.73,,,11754.73,75,0,0,75,64026.44,64066.95,,
2026-06-21T21:59:55+08:00,btc-updown-5m-1782050100,https://polymarket.com/zh/event/btc-updown-5m-1782050100,21:55-22:00,,1.00,99.00,,,6300.69,6290.59,,,,,,11759.73,,,12234.73,75,0,0,75,64026.44,64066.95,,
2026-06-21T21:59:57+08:00,btc-updown-5m-1782050100,https://polymarket.com/zh/event/btc-updown-5m-1782050100,21:55-22:00,,1.00,99.00,,,8599.80,8537.09,,,,,,11749.73,,,11734.73,75,0,0,78,64026.44,64066.95,,
2026-06-21T21:59:59+08:00,btc-updown-5m-1782050100,https://polymarket.com/zh/event/btc-updown-5m-1782050100,21:55-22:00,,1.00,99.00,,,37521.25,37521.25,,,,,,12039.73,,,12039.74,80,0,0,80,64026.44,64068.69,,
2026-06-21T22:00:01+08:00,btc-updown-5m-1782050400,https://polymarket.com/zh/event/btc-updown-5m-1782050400,22:00-22:05,49.00,52.00,48.00,51.00,290.33,24.59,24.59,290.33,48.50,51.50,1.00,1.00,24236.06,23603.86,23831.21,24459.40,48,51,51,48,64068.70,64068.70,,
2026-06-21T22:00:03+08:00,btc-updown-5m-1782050400,https://polymarket.com/zh/event/btc-updown-5m-1782050400,22:00-22:05,49.00,52.00,48.00,51.00,232.50,119.94,119.94,228.70,48.50,51.50,1.00,1.00,24623.83,23981.21,23976.21,24628.83,48,51,51,48,64068.70,64068.69,,
2026-06-21T22:00:05+08:00,btc-updown-5m-1782050400,https://polymarket.com/zh/event/btc-updown-5m-1782050400,22:00-22:05,49.00,52.00,48.00,51.00,173.99,174.70,174.70,173.99,48.50,51.50,1.00,1.00,24628.83,23991.21,23991.21,24628.83,48,51,51,48,64068.70,64068.70,,
2026-06-21T22:00:07+08:00,btc-updown-5m-1782050400,https://polymarket.com/zh/event/btc-updown-5m-1782050400,22:00-22:05,49.00,52.00,48.00,51.00,168.84,115.84,115.84,193.84,48.50,51.50,1.00,1.00,24698.83,23986.22,23981.21,24698.83,48,51,51,48,64068.70,64068.69,,
2026-06-21T22:00:09+08:00,btc-updown-5m-1782050400,https://polymarket.com/zh/event/btc-updown-5m-1782050400,22:00-22:05,49.00,52.00,48.00,51.00,151.70,117.19,132.60,131.70,48.50,51.50,1.00,1.00,24719.83,21997.22,21981.21,22729.83,48,51,51,48,64068.70,64068.70,,
2026-06-21T22:00:11+08:00,btc-updown-5m-1782050400,https://polymarket.com/zh/event/btc-updown-5m-1782050400,22:00-22:05,48.00,53.00,47.00,52.00,51.24,279.50,301.50,30.00,47.50,52.50,1.00,1.00,22781.92,22012.21,22036.21,22796.92,47,52,52,47,64068.70,64066.01,,
2026-06-21T22:00:13+08:00,btc-updown-5m-1782050400,https://polymarket.com/zh/event/btc-updown-5m-1782050400,22:00-22:05,48.00,53.00,47.00,52.00,7.91,380.38,438.40,7.91,47.50,52.50,1.00,1.00,22726.92,22122.22,22153.21,22741.92,47,52,52,47,64068.70,64066.02,,
2026-06-21T22:00:14+08:00,btc-updown-5m-1782050400,https://polymarket.com/zh/event/btc-updown-5m-1782050400,22:00-22:05,50.00,51.00,49.00,50.00,221.65,195.50,190.50,221.65,49.50,50.50,1.00,1.00,22741.92,22168.21,22164.21,22731.92,49,50,50,49,64068.70,64066.01,,
2026-06-21T22:00:16+08:00,btc-updown-5m-1782050400,https://polymarket.com/zh/event/btc-updown-5m-1782050400,22:00-22:05,50.00,51.00,49.00,50.00,181.99,69.95,69.95,179.99,49.50,50.50,1.00,1.00,22642.92,22253.21,22258.21,22652.92,49,50,50,49,64068.70,64066.02,,
2026-06-21T22:00:18+08:00,btc-updown-5m-1782050400,https://polymarket.com/zh/event/btc-updown-5m-1782050400,22:00-22:05,50.00,51.00,49.00,50.00,355.21,28.19,38.00,314.21,49.50,50.50,1.00,1.00,22742.92,22458.21,22464.21,22742.92,49,50,50,49,64068.70,64066.01,,
2026-06-21T22:00:20+08:00,btc-updown-5m-1782050400,https://polymarket.com/zh/event/btc-updown-5m-1782050400,22:00-22:05,50.00,51.00,49.00,50.00,309.19,128.19,123.19,319.19,49.50,50.50,1.00,1.00,22847.54,22578.84,22553.83,22847.54,49,50,50,49,64068.70,64066.02,,
2026-06-21T22:00:22+08:00,btc-updown-5m-1782050400,https://polymarket.com/zh/event/btc-updown-5m-1782050400,22:00-22:05,50.00,51.00,49.00,50.00,268.45,243.70,243.70,222.45,49.50,50.50,1.00,1.00,22827.54,22432.83,22433.83,22822.54,49,50,50,49,64068.70,64066.02,,
2026-06-21T22:00:24+08:00,btc-updown-5m-1782050400,https://polymarket.com/zh/event/btc-updown-5m-1782050400,22:00-22:05,50.00,51.00,49.00,50.00,476.69,150.22,145.22,481.69,49.50,50.50,1.00,1.00,22833.54,22438.83,22422.83,22823.54,49,50,50,49,64068.70,64066.01,,
2026-06-21T22:00:26+08:00,btc-updown-5m-1782050400,https://polymarket.com/zh/event/btc-updown-5m-1782050400,22:00-22:05,50.00,51.00,49.00,50.00,100.19,804.41,289.31,28.47,49.50,50.50,1.00,1.00,23003.54,22498.83,22507.84,23381.14,49,50,50,49,64068.70,64066.01,,
2026-06-21T22:00:28+08:00,btc-updown-5m-1782050400,https://polymarket.com/zh/event/btc-updown-5m-1782050400,22:00-22:05,51.00,50.00,50.00,49.00,2166.19,545.50,540.50,2160.20,50.50,49.50,1.00,1.00,23778.14,22907.43,23060.13,24388.13,50,49,49,50,64068.70,64066.01,,
2026-06-21T22:00:30+08:00,btc-updown-5m-1782050400,https://polymarket.com/zh/event/btc-updown-5m-1782050400,22:00-22:05,51.00,50.00,50.00,49.00,2166.99,676.28,991.95,2152.72,50.50,49.50,1.00,1.00,26030.82,25392.43,25325.12,25810.82,50,49,49,50,64068.70,64066.01,,
2026-06-21T22:00:32+08:00,btc-updown-5m-1782050400,https://polymarket.com/zh/event/btc-updown-5m-1782050400,22:00-22:05,51.00,50.00,50.00,49.00,2456.88,280.94,217.94,2387.88,50.50,49.50,1.00,1.00,26132.82,23559.42,23549.42,26128.82,50,49,49,50,64068.70,64066.02,,
2026-06-21T22:00:33+08:00,btc-updown-5m-1782050400,https://polymarket.com/zh/event/btc-updown-5m-1782050400,22:00-22:05,51.00,50.00,50.00,49.00,2188.63,1148.91,1151.91,2163.03,50.50,49.50,1.00,1.00,26783.52,23669.42,23674.42,26298.52,50,49,49,50,64068.70,64066.01,,
2026-06-21T22:00:35+08:00,btc-updown-5m-1782050400,https://polymarket.com/zh/event/btc-updown-5m-1782050400,22:00-22:05,51.00,50.00,50.00,49.00,2317.85,35.00,20.00,2378.17,50.50,49.50,1.00,1.00,26393.52,25747.12,25742.12,26388.52,50,49,49,50,64068.70,64066.02,,
2026-06-21T22:00:37+08:00,btc-updown-5m-1782050400,https://polymarket.com/zh/event/btc-updown-5m-1782050400,22:00-22:05,51.00,50.00,50.00,49.00,2223.13,167.58,167.58,2190.62,50.50,49.50,1.00,1.00,26888.53,25891.82,25906.82,26383.52,50,49,49,50,64068.70,64066.01,,
2026-06-21T22:00:39+08:00,btc-updown-5m-1782050400,https://polymarket.com/zh/event/btc-updown-5m-1782050400,22:00-22:05,51.00,50.00,50.00,49.00,2246.51,66.23,66.23,2261.70,50.50,49.50,1.00,1.00,26678.52,25896.82,25891.82,26688.52,50,49,49,50,64068.70,64066.01,,
2026-06-21T22:00:41+08:00,btc-updown-5m-1782050400,https://polymarket.com/zh/event/btc-updown-5m-1782050400,22:00-22:05,51.00,50.00,50.00,49.00,1873.95,1140.15,1077.15,1811.64,50.50,49.50,1.00,1.00,26088.53,25896.82,25911.82,26583.52,50,49,49,50,64068.70,64067.71,,
2026-06-21T22:00:43+08:00,btc-updown-5m-1782050400,https://polymarket.com/zh/event/btc-updown-5m-1782050400,22:00-22:05,51.00,50.00,50.00,49.00,1446.22,1245.15,1541.15,1444.25,50.50,49.50,1.00,1.00,26583.53,25796.82,25806.82,26098.52,50,49,49,50,64068.70,64068.69,,
2026-06-21T22:00:45+08:00,btc-updown-5m-1782050400,https://polymarket.com/zh/event/btc-updown-5m-1782050400,22:00-22:05,51.00,50.00,50.00,49.00,1348.47,1665.56,1664.02,1343.47,50.50,49.50,1.00,1.00,24078.52,25801.82,25796.82,24583.52,50,49,49,50,64068.70,64068.69,,
2026-06-21T22:00:47+08:00,btc-updown-5m-1782050400,https://polymarket.com/zh/event/btc-updown-5m-1782050400,22:00-22:05,51.00,50.00,50.00,49.00,994.81,2305.20,2282.62,531.86,50.50,49.50,1.00,1.00,24993.53,25691.82,25771.82,24093.52,50,49,49,50,64068.70,64068.70,,
2026-06-21T22:00:49+08:00,btc-updown-5m-1782050400,https://polymarket.com/zh/event/btc-updown-5m-1782050400,22:00-22:05,57.00,44.00,56.00,43.00,123.74,1172.11,1223.84,128.74,56.50,43.50,1.00,1.00,23993.52,26272.82,26287.82,24498.52,56,43,43,56,64068.70,64075.04,,
2026-06-21T22:00:51+08:00,btc-updown-5m-1782050400,https://polymarket.com/zh/event/btc-updown-5m-1782050400,22:00-22:05,57.00,44.00,56.00,43.00,80.34,1220.74,1222.74,55.34,56.50,43.50,1.00,1.00,23983.52,26292.82,26272.82,23988.52,56,43,43,56,64068.70,64075.04,,
2026-06-21T22:00:53+08:00,btc-updown-5m-1782050400,https://polymarket.com/zh/event/btc-updown-5m-1782050400,22:00-22:05,58.00,43.00,57.00,42.00,447.93,275.00,255.00,498.70,57.50,42.50,1.00,1.00,23983.52,26282.82,26282.82,23983.52,57,42,42,57,64068.70,64075.04,,
2026-06-21T22:00:54+08:00,btc-updown-5m-1782050400,https://polymarket.com/zh/event/btc-updown-5m-1782050400,22:00-22:05,52.00,49.00,51.00,48.00,314.40,639.20,227.95,114.62,51.50,48.50,1.00,1.00,23988.52,25666.82,25676.82,23998.52,51,48,48,51,64068.70,64074.99,,
2026-06-21T22:00:56+08:00,btc-updown-5m-1782050400,https://polymarket.com/zh/event/btc-updown-5m-1782050400,22:00-22:05,52.00,49.00,51.00,48.00,117.41,698.94,719.94,117.41,51.50,48.50,1.00,1.00,24493.52,25676.82,25666.82,23988.52,51,48,48,51,64068.70,64068.69,,
2026-06-21T22:00:58+08:00,btc-updown-5m-1782050400,https://polymarket.com/zh/event/btc-updown-5m-1782050400,22:00-22:05,53.00,48.00,52.00,47.00,282.40,63.01,76.25,327.23,52.50,47.50,1.00,1.00,23993.53,25681.82,25671.82,23988.52,52,47,47,52,64068.70,64068.69,,
2026-06-21T22:01:00+08:00,btc-updown-5m-1782050400,https://polymarket.com/zh/event/btc-updown-5m-1782050400,22:00-22:05,53.00,48.00,52.00,47.00,42.00,691.13,650.08,35.11,52.50,47.50,1.00,1.00,31338.52,32511.82,32526.82,30838.52,52,47,47,52,64068.70,64068.69,,
2026-06-21T22:01:02+08:00,btc-updown-5m-1782050400,https://polymarket.com/zh/event/btc-updown-5m-1782050400,22:00-22:05,54.00,47.00,53.00,46.00,522.59,134.52,134.52,549.35,53.50,46.50,1.00,1.00,30833.52,32521.82,32511.82,31333.52,53,46,46,53,64068.70,64068.70,,
2026-06-21T22:01:04+08:00,btc-updown-5m-1782050400,https://polymarket.com/zh/event/btc-updown-5m-1782050400,22:00-22:05,55.00,46.00,54.00,45.00,181.76,358.71,334.96,175.76,54.50,45.50,1.00,1.00,30828.52,32516.82,32511.82,30823.52,54,45,45,54,64068.70,64068.70,,
2026-06-21T22:01:06+08:00,btc-updown-5m-1782050400,https://polymarket.com/zh/event/btc-updown-5m-1782050400,22:00-22:05,55.00,45.00,54.00,44.00,199.08,142.87,644.19,920.41,54.50,44.50,1.00,1.00,31195.52,32353.82,32348.82,30680.52,54,45,44,55,64068.70,64068.69,,
2026-06-21T22:01:08+08:00,btc-updown-5m-1782050400,https://polymarket.com/zh/event/btc-updown-5m-1782050400,22:00-22:05,56.00,45.00,55.00,44.00,831.10,210.75,238.41,870.17,55.50,44.50,1.00,1.00,29805.52,31468.82,31483.82,29820.52,55,44,44,55,64068.70,64068.69,,
2026-06-21T22:01:10+08:00,btc-updown-5m-1782050400,https://polymarket.com/zh/event/btc-updown-5m-1782050400,22:00-22:05,56.00,45.00,55.00,44.00,634.53,194.87,206.01,650.31,55.50,44.50,1.00,1.00,29800.52,31468.82,31483.82,30320.52,55,44,44,55,64068.70,64068.70,,
2026-06-21T22:01:12+08:00,btc-updown-5m-1782050400,https://polymarket.com/zh/event/btc-updown-5m-1782050400,22:00-22:05,55.00,46.00,54.00,45.00,140.40,437.51,412.51,180.40,54.50,45.50,1.00,1.00,29915.52,31473.82,31468.82,29910.52,54,45,45,54,64068.70,64068.70,,
2026-06-21T22:01:13+08:00,btc-updown-5m-1782050400,https://polymarket.com/zh/event/btc-updown-5m-1782050400,22:00-22:05,56.00,45.00,55.00,44.00,116.42,503.59,511.69,111.42,55.50,44.50,1.00,1.00,30410.53,31478.82,31468.82,29900.52,55,44,44,55,64068.70,64068.70,,
2026-06-21T22:01:15+08:00,btc-updown-5m-1782050400,https://polymarket.com/zh/event/btc-updown-5m-1782050400,22:00-22:05,56.00,45.00,55.00,44.00,90.14,522.46,555.64,90.14,55.50,44.50,1.00,1.00,30515.52,31483.82,31478.82,30005.52,55,44,44,55,64068.70,64071.12,,
2026-06-21T22:01:17+08:00,btc-updown-5m-1782050400,https://polymarket.com/zh/event/btc-updown-5m-1782050400,22:00-22:05,57.00,44.00,56.00,43.00,320.95,440.98,452.98,403.95,56.50,43.50,1.00,1.00,29705.52,31318.83,31328.83,30215.52,56,43,43,56,64068.70,64071.12,,
2026-06-21T22:01:19+08:00,btc-updown-5m-1782050400,https://polymarket.com/zh/event/btc-updown-5m-1782050400,22:00-22:05,57.00,44.00,56.00,43.00,31.00,664.94,654.08,31.00,56.50,43.50,1.00,1.00,30410.52,31323.83,31318.83,29905.52,56,43,43,56,64068.70,64071.13,,
2026-06-21T22:01:21+08:00,btc-updown-5m-1782050400,https://polymarket.com/zh/event/btc-updown-5m-1782050400,22:00-22:05,58.00,43.00,57.00,42.00,624.88,314.28,275.28,634.88,57.50,42.50,1.00,1.00,30305.53,31443.83,31448.83,30315.52,57,42,42,57,64068.70,64071.13,,
2026-06-21T22:01:23+08:00,btc-updown-5m-1782050400,https://polymarket.com/zh/event/btc-updown-5m-1782050400,22:00-22:05,58.00,43.00,57.00,42.00,253.00,402.30,444.28,253.00,57.50,42.50,1.00,1.00,30315.52,31458.83,31448.83,29810.52,57,42,42,57,64068.70,64074.45,,
2026-06-21T22:01:25+08:00,btc-updown-5m-1782050400,https://polymarket.com/zh/event/btc-updown-5m-1782050400,22:00-22:05,60.00,41.00,59.00,40.00,137.30,604.10,666.33,167.13,59.50,40.50,1.00,1.00,29625.52,31453.83,31448.83,29600.52,59,40,40,59,64068.70,64074.46,,
2026-06-21T22:01:27+08:00,btc-updown-5m-1782050400,https://polymarket.com/zh/event/btc-updown-5m-1782050400,22:00-22:05,61.00,40.00,60.00,39.00,373.50,401.58,177.50,395.50,60.50,39.50,1.00,1.00,29610.52,31438.83,30838.83,29015.52,60,39,39,60,64068.70,64074.46,,
2026-06-21T22:01:29+08:00,btc-updown-5m-1782050400,https://polymarket.com/zh/event/btc-updown-5m-1782050400,22:00-22:05,61.00,40.00,60.00,39.00,322.94,391.76,402.06,342.94,60.50,39.50,1.00,1.00,29510.52,30853.83,30843.83,29500.52,60,39,39,60,64068.70,64074.45,,
2026-06-21T22:01:30+08:00,btc-updown-5m-1782050400,https://polymarket.com/zh/event/btc-updown-5m-1782050400,22:00-22:05,61.00,40.00,60.00,39.00,304.62,1052.48,1048.48,299.62,60.50,39.50,1.00,1.00,29500.52,30838.83,30853.83,29020.52,60,39,39,60,64068.70,64074.45,,
2026-06-21T22:01:32+08:00,btc-updown-5m-1782050400,https://polymarket.com/zh/event/btc-updown-5m-1782050400,22:00-22:05,61.00,40.00,60.00,39.00,338.99,829.53,855.60,338.99,60.50,39.50,1.00,1.00,28355.52,30278.83,30283.83,28840.52,60,39,39,60,64068.70,64074.45,,
2026-06-21T22:01:34+08:00,btc-updown-5m-1782050400,https://polymarket.com/zh/event/btc-updown-5m-1782050400,22:00-22:05,61.00,40.00,60.00,39.00,431.79,918.13,928.13,431.79,60.50,39.50,1.00,1.00,28355.52,30283.83,30278.83,28346.52,60,39,39,60,64068.70,64074.45,,
2026-06-21T22:01:36+08:00,btc-updown-5m-1782050400,https://polymarket.com/zh/event/btc-updown-5m-1782050400,22:00-22:05,61.00,40.00,60.00,39.00,251.17,880.13,892.13,249.53,60.50,39.50,1.00,1.00,28356.52,30299.83,30289.83,28856.52,60,39,39,60,64068.70,64074.45,,
2026-06-21T22:01:38+08:00,btc-updown-5m-1782050400,https://polymarket.com/zh/event/btc-updown-5m-1782050400,22:00-22:05,61.00,40.00,60.00,39.00,77.50,536.04,654.14,77.50,60.50,39.50,1.00,1.00,28341.52,30895.83,30890.83,28341.52,60,39,39,60,64068.70,64074.45,,
2026-06-21T22:01:40+08:00,btc-updown-5m-1782050400,https://polymarket.com/zh/event/btc-updown-5m-1782050400,22:00-22:05,61.00,40.00,60.00,39.00,783.92,240.97,325.98,927.87,60.50,39.50,1.00,1.00,28856.53,30890.83,30890.83,28841.53,60,39,39,60,64068.70,64074.45,,
2026-06-21T22:01:42+08:00,btc-updown-5m-1782050400,https://polymarket.com/zh/event/btc-updown-5m-1782050400,22:00-22:05,57.00,44.00,56.00,43.00,334.86,406.59,366.59,285.64,56.50,43.50,1.00,1.00,28841.52,30890.83,30905.83,28851.52,56,43,43,56,64068.70,64074.45,,
2026-06-21T22:01:44+08:00,btc-updown-5m-1782050400,https://polymarket.com/zh/event/btc-updown-5m-1782050400,22:00-22:05,52.00,47.00,51.00,43.00,74.86,15.00,749.56,279.54,51.50,45.00,1.00,4.00,28846.52,30284.83,30289.83,28341.52,51,48,43,53,64068.70,64073.60,,
2026-06-21T22:01:45+08:00,btc-updown-5m-1782050400,https://polymarket.com/zh/event/btc-updown-5m-1782050400,22:00-22:05,55.00,46.00,54.00,45.00,158.24,396.69,416.84,111.35,54.50,45.50,1.00,1.00,28861.52,30294.83,30289.83,28841.52,54,45,45,54,64068.70,64073.60,,
2026-06-21T22:01:47+08:00,btc-updown-5m-1782050400,https://polymarket.com/zh/event/btc-updown-5m-1782050400,22:00-22:05,55.00,46.00,54.00,45.00,192.37,395.06,403.46,198.85,54.50,45.50,1.00,1.00,28846.52,30284.83,30294.83,28351.52,54,45,45,54,64068.70,64071.17,,
2026-06-21T22:01:49+08:00,btc-updown-5m-1782050400,https://polymarket.com/zh/event/btc-updown-5m-1782050400,22:00-22:05,56.00,45.00,55.00,44.00,150.50,329.01,339.02,155.50,55.50,44.50,1.00,1.00,28351.52,30289.83,30284.83,28341.52,55,44,44,55,64068.70,64070.91,,
2026-06-21T22:01:51+08:00,btc-updown-5m-1782050400,https://polymarket.com/zh/event/btc-updown-5m-1782050400,22:00-22:05,55.00,46.00,54.00,45.00,25.00,849.02,726.02,25.00,54.50,45.50,1.00,1.00,28451.53,30284.83,30289.83,28456.52,54,45,45,54,64068.70,64070.91,,
2026-06-21T22:01:53+08:00,btc-updown-5m-1782050400,https://polymarket.com/zh/event/btc-updown-5m-1782050400,22:00-22:05,55.00,46.00,54.00,45.00,20.90,730.87,804.97,20.90,54.50,45.50,1.00,1.00,28656.52,30289.83,30284.83,28651.53,54,45,45,54,64068.70,64070.92,,
2026-06-21T22:01:55+08:00,btc-updown-5m-1782050400,https://polymarket.com/zh/event/btc-updown-5m-1782050400,22:00-22:05,53.00,48.00,52.00,47.00,653.36,172.10,192.10,626.36,52.50,47.50,1.00,1.00,28856.53,30289.83,30284.83,29346.52,52,47,47,52,64068.70,64070.92,,
2026-06-21T22:01:57+08:00,btc-updown-5m-1782050400,https://polymarket.com/zh/event/btc-updown-5m-1782050400,22:00-22:05,53.00,48.00,52.00,47.00,612.49,148.46,151.46,595.49,52.50,47.50,1.00,1.00,28749.52,30294.83,30284.83,28754.52,52,47,47,52,64068.70,64070.92,,
2026-06-21T22:01:59+08:00,btc-updown-5m-1782050400,https://polymarket.com/zh/event/btc-updown-5m-1782050400,22:00-22:05,40.00,61.00,39.00,60.00,561.98,145.26,230.46,625.26,39.50,60.50,1.00,1.00,31049.52,28704.84,28695.83,31044.52,39,60,60,39,64068.70,64062.39,,
2026-06-21T22:02:01+08:00,btc-updown-5m-1782050400,https://polymarket.com/zh/event/btc-updown-5m-1782050400,22:00-22:05,39.00,62.00,38.00,61.00,717.84,46.00,255.34,1056.97,38.50,61.50,1.00,1.00,31250.52,28786.83,28802.84,31268.52,38,61,61,38,64068.70,64060.07,,
2026-06-21T22:02:03+08:00,btc-updown-5m-1782050400,https://polymarket.com/zh/event/btc-updown-5m-1782050400,22:00-22:05,38.00,63.00,37.00,61.00,59.20,647.38,707.38,318.28,37.50,62.00,1.00,2.00,31268.52,28685.23,28680.23,31258.52,37,62,61,37,64068.70,64055.82,,
2026-06-21T22:02:04+08:00,btc-updown-5m-1782050400,https://polymarket.com/zh/event/btc-updown-5m-1782050400,22:00-22:05,38.00,63.00,37.00,62.00,40.00,838.01,657.91,26.46,37.50,62.50,1.00,1.00,30634.52,28077.23,28076.23,30644.52,37,62,62,37,64068.70,64055.83,,
2026-06-21T22:02:06+08:00,btc-updown-5m-1782050400,https://polymarket.com/zh/event/btc-updown-5m-1782050400,22:00-22:05,39.00,63.00,38.00,62.00,605.39,288.68,29.00,170.84,38.50,62.50,1.00,1.00,30806.52,28333.23,28334.23,30796.52,38,61,62,37,64068.70,64055.83,,
2026-06-21T22:02:08+08:00,btc-updown-5m-1782050400,https://polymarket.com/zh/event/btc-updown-5m-1782050400,22:00-22:05,38.00,63.00,37.00,62.00,411.93,221.06,199.83,368.91,37.50,62.50,1.00,1.00,31008.52,28536.23,28535.23,31003.52,37,62,62,37,64068.70,64055.82,,
2026-06-21T22:02:10+08:00,btc-updown-5m-1782050400,https://polymarket.com/zh/event/btc-updown-5m-1782050400,22:00-22:05,31.00,71.00,30.00,70.00,665.66,322.64,13.35,329.90,30.50,70.50,1.00,1.00,31157.51,28616.23,28611.24,31152.51,30,69,70,29,64068.70,64055.82,,
2026-06-21T22:02:12+08:00,btc-updown-5m-1782050400,https://polymarket.com/zh/event/btc-updown-5m-1782050400,22:00-22:05,30.00,71.00,29.00,70.00,137.74,278.59,288.59,208.66,29.50,70.50,1.00,1.00,31747.51,28611.23,28627.23,31777.51,29,70,70,29,64068.70,64050.00,,
2026-06-21T22:02:14+08:00,btc-updown-5m-1782050400,https://polymarket.com/zh/event/btc-updown-5m-1782050400,22:00-22:05,26.00,75.00,25.00,74.00,41.33,1288.10,981.57,36.33,25.50,74.50,1.00,1.00,31197.51,28566.24,28566.23,31197.51,25,74,74,25,64068.70,64050.01,,
2026-06-21T22:02:16+08:00,btc-updown-5m-1782050400,https://polymarket.com/zh/event/btc-updown-5m-1782050400,22:00-22:05,29.00,72.00,28.00,71.00,466.73,5.00,20.13,472.93,28.50,71.50,1.00,1.00,31697.51,28066.23,28066.23,31697.51,28,71,71,28,64068.70,64051.98,,
2026-06-21T22:02:18+08:00,btc-updown-5m-1782050400,https://polymarket.com/zh/event/btc-updown-5m-1782050400,22:00-22:05,28.00,72.00,27.00,71.00,269.49,45.00,96.17,78.70,27.50,71.50,1.00,1.00,31692.51,28371.23,28361.23,31697.51,27,72,71,28,64068.70,64051.98,,
2026-06-21T22:02:19+08:00,btc-updown-5m-1782050400,https://polymarket.com/zh/event/btc-updown-5m-1782050400,22:00-22:05,28.00,73.00,27.00,72.00,214.19,389.24,329.47,200.19,27.50,72.50,1.00,1.00,31697.51,28477.23,28466.23,31697.51,27,72,72,27,64068.70,64051.91,,
2026-06-21T22:02:21+08:00,btc-updown-5m-1782050400,https://polymarket.com/zh/event/btc-updown-5m-1782050400,22:00-22:05,26.00,75.00,25.00,74.00,22.17,489.72,699.78,22.17,25.50,74.50,1.00,1.00,31692.51,28366.23,28366.23,31192.51,25,74,74,25,64068.70,64051.91,,
2026-06-21T22:02:23+08:00,btc-updown-5m-1782050400,https://polymarket.com/zh/event/btc-updown-5m-1782050400,22:00-22:05,23.00,78.00,22.00,77.00,474.04,199.31,206.79,465.76,22.50,77.50,1.00,1.00,31172.51,28562.23,28566.23,31172.51,22,77,77,22,64068.70,64048.01,,
2026-06-21T22:02:25+08:00,btc-updown-5m-1782050400,https://polymarket.com/zh/event/btc-updown-5m-1782050400,22:00-22:05,23.00,78.00,22.00,77.00,342.25,12.48,159.79,676.90,22.50,77.50,1.00,1.00,31082.51,28466.23,28487.24,31182.51,22,77,77,22,64068.70,64046.71,,
2026-06-21T22:02:27+08:00,btc-updown-5m-1782050400,https://polymarket.com/zh/event/btc-updown-5m-1782050400,22:00-22:05,22.00,79.00,21.00,78.00,446.76,49.58,64.80,426.83,21.50,78.50,1.00,1.00,31107.51,28376.23,28366.23,31107.51,21,78,78,21,64068.70,64046.71,,
2026-06-21T22:02:29+08:00,btc-updown-5m-1782050400,https://polymarket.com/zh/event/btc-updown-5m-1782050400,22:00-22:05,20.00,81.00,19.00,80.00,45.19,723.79,672.34,45.19,19.50,80.50,1.00,1.00,31049.51,28291.24,28277.23,31124.51,19,80,80,19,64068.70,64046.71,,
2026-06-21T22:02:31+08:00,btc-updown-5m-1782050400,https://polymarket.com/zh/event/btc-updown-5m-1782050400,22:00-22:05,23.00,78.00,22.00,77.00,35.00,563.51,621.68,38.00,22.50,77.50,1.00,1.00,30821.51,28171.23,28039.23,30796.51,22,77,77,22,64068.70,64046.70,,
2026-06-21T22:02:33+08:00,btc-updown-5m-1782050400,https://polymarket.com/zh/event/btc-updown-5m-1782050400,22:00-22:05,23.00,78.00,22.00,77.00,712.46,40.00,40.00,754.46,22.50,77.50,1.00,1.00,30840.51,28030.23,27924.23,30875.51,22,77,77,22,64068.70,64046.70,,
2026-06-21T22:02:35+08:00,btc-updown-5m-1782050400,https://polymarket.com/zh/event/btc-updown-5m-1782050400,22:00-22:05,21.00,80.00,20.00,79.00,44.13,449.69,462.69,44.13,20.50,79.50,1.00,1.00,30904.51,27818.23,27833.23,30904.51,20,79,79,20,64068.70,64046.70,,
2026-06-21T22:02:37+08:00,btc-updown-5m-1782050400,https://polymarket.com/zh/event/btc-updown-5m-1782050400,22:00-22:05,15.00,86.00,14.00,85.00,563.59,299.03,300.20,543.14,14.50,85.50,1.00,1.00,28423.51,27718.23,27729.23,28573.51,14,85,85,14,64068.70,64046.73,,
2026-06-21T22:02:39+08:00,btc-updown-5m-1782050400,https://polymarket.com/zh/event/btc-updown-5m-1782050400,22:00-22:05,12.00,89.00,11.00,88.00,1130.08,63.60,68.60,288.40,11.50,88.50,1.00,1.00,28340.51,27728.23,27723.23,28365.51,11,88,88,11,64068.70,64038.60,,
2026-06-21T22:02:40+08:00,btc-updown-5m-1782050400,https://polymarket.com/zh/event/btc-updown-5m-1782050400,22:00-22:05,11.00,90.00,10.00,89.00,121.55,510.10,479.09,77.34,10.50,89.50,1.00,1.00,28575.51,27734.24,27728.24,28425.51,10,89,89,10,64068.70,64038.60,,
2026-06-21T22:02:42+08:00,btc-updown-5m-1782050400,https://polymarket.com/zh/event/btc-updown-5m-1782050400,22:00-22:05,12.00,89.00,11.00,88.00,547.73,10.00,5.00,547.73,11.50,88.50,1.00,1.00,28569.17,27734.23,27719.23,28559.17,11,88,88,11,64068.70,64038.61,,
2026-06-21T22:02:44+08:00,btc-updown-5m-1782050400,https://polymarket.com/zh/event/btc-updown-5m-1782050400,22:00-22:05,10.00,91.00,9.00,90.00,463.21,649.39,370.32,270.71,9.50,90.50,1.00,1.00,28686.00,27638.23,27639.23,28616.00,9,90,90,9,64068.70,64038.61,,
2026-06-21T22:02:46+08:00,btc-updown-5m-1782050400,https://polymarket.com/zh/event/btc-updown-5m-1782050400,22:00-22:05,9.00,90.00,8.00,89.00,355.40,81.88,1013.56,380.23,8.50,89.50,1.00,1.00,28683.67,27638.24,27644.23,28721.00,8,91,89,10,64068.70,64038.60,,
2026-06-21T22:02:48+08:00,btc-updown-5m-1782050400,https://polymarket.com/zh/event/btc-updown-5m-1782050400,22:00-22:05,11.00,90.00,10.00,89.00,276.85,3.15,10.00,678.85,10.50,89.50,1.00,1.00,28536.27,27649.23,27633.24,28496.27,10,89,89,10,64068.70,64038.00,,
2026-06-21T22:02:50+08:00,btc-updown-5m-1782050400,https://polymarket.com/zh/event/btc-updown-5m-1782050400,22:00-22:05,10.00,91.00,9.00,90.00,422.76,9.50,103.55,551.83,9.50,90.50,1.00,1.00,26995.27,27628.23,27618.23,27070.27,9,90,90,9,64068.70,64036.75,,
2026-06-21T22:02:52+08:00,btc-updown-5m-1782050400,https://polymarket.com/zh/event/btc-updown-5m-1782050400,22:00-22:05,7.00,94.00,6.00,93.00,782.37,153.68,238.68,916.15,6.50,93.50,1.00,1.00,21979.96,25774.23,25774.23,22027.04,6,93,93,6,64068.70,64036.75,,
2026-06-21T22:02:53+08:00,btc-updown-5m-1782050400,https://polymarket.com/zh/event/btc-updown-5m-1782050400,22:00-22:05,7.00,94.00,6.00,93.00,854.54,1.36,4.92,772.44,6.50,93.50,1.00,1.00,22616.01,25763.23,25773.24,22503.01,6,93,93,6,64068.70,64034.56,,
2026-06-21T22:02:55+08:00,btc-updown-5m-1782050400,https://polymarket.com/zh/event/btc-updown-5m-1782050400,22:00-22:05,6.00,94.00,5.00,93.00,46.83,112.50,841.99,381.00,5.50,93.50,1.00,1.00,22048.56,25628.23,25644.23,21888.21,5,94,93,6,64068.70,64034.56,,
2026-06-21T22:02:57+08:00,btc-updown-5m-1782050400,https://polymarket.com/zh/event/btc-updown-5m-1782050400,22:00-22:05,6.00,95.00,5.00,94.00,285.00,712.89,762.60,264.66,5.50,94.50,1.00,1.00,22479.37,25644.23,25628.23,22312.66,5,94,94,5,64068.70,64034.56,,
2026-06-21T22:02:59+08:00,btc-updown-5m-1782050400,https://polymarket.com/zh/event/btc-updown-5m-1782050400,22:00-22:05,11.00,91.00,9.00,89.00,127.29,1178.12,1178.12,127.29,10.00,90.00,2.00,2.00,22779.35,25644.23,25644.23,22779.35,9,89,89,9,64068.70,64034.56,,
2026-06-21T22:03:01+08:00,btc-updown-5m-1782050400,https://polymarket.com/zh/event/btc-updown-5m-1782050400,22:00-22:05,11.00,91.00,9.00,89.00,127.29,1178.12,1178.12,127.29,10.00,90.00,2.00,2.00,22779.35,25644.23,25644.23,22779.35,9,89,89,9,64068.70,64038.17,,
2026-06-21T22:03:03+08:00,btc-updown-5m-1782050400,https://polymarket.com/zh/event/btc-updown-5m-1782050400,22:00-22:05,9.00,92.00,8.00,91.00,20.00,605.05,325.50,19.50,8.50,91.50,1.00,1.00,22504.48,25268.23,25272.23,22500.48,8,91,91,8,64068.70,64038.17,,
2026-06-21T22:03:05+08:00,btc-updown-5m-1782050400,https://polymarket.com/zh/event/btc-updown-5m-1782050400,22:00-22:05,10.00,91.00,9.00,90.00,594.66,137.00,137.00,604.66,9.50,90.50,1.00,1.00,22468.28,25157.24,25162.23,22768.28,9,90,90,9,64068.70,64040.02,,
2026-06-21T22:03:07+08:00,btc-updown-5m-1782050400,https://polymarket.com/zh/event/btc-updown-5m-1782050400,22:00-22:05,10.00,91.00,9.00,90.00,1083.10,72.15,77.65,1083.10,9.50,90.50,1.00,1.00,22734.28,25127.23,25127.23,22734.28,9,90,90,9,64068.70,64040.02,,
2026-06-21T22:03:09+08:00,btc-updown-5m-1782050400,https://polymarket.com/zh/event/btc-updown-5m-1782050400,22:00-22:05,8.00,93.00,7.00,92.00,480.30,388.95,372.19,472.80,7.50,92.50,1.00,1.00,22320.35,25123.23,25133.23,22650.35,7,92,92,7,64068.70,64040.02,,
2026-06-21T22:03:10+08:00,btc-updown-5m-1782050400,https://polymarket.com/zh/event/btc-updown-5m-1782050400,22:00-22:05,8.00,93.00,7.00,92.00,618.21,151.03,151.03,518.21,7.50,92.50,1.00,1.00,22466.35,24977.83,24961.83,22466.35,7,92,92,7,64068.70,64034.56,,
2026-06-21T22:03:12+08:00,btc-updown-5m-1782050400,https://polymarket.com/zh/event/btc-updown-5m-1782050400,22:00-22:05,9.00,93.00,8.00,92.00,320.85,233.15,263.53,11.16,8.50,92.50,1.00,1.00,21931.34,24966.83,24971.84,21970.34,8,91,92,7,64068.70,64034.56,,
2026-06-21T22:03:14+08:00,btc-updown-5m-1782050400,https://polymarket.com/zh/event/btc-updown-5m-1782050400,22:00-22:05,8.00,93.00,7.00,92.00,129.92,397.48,429.75,117.42,7.50,92.50,1.00,1.00,22580.71,24971.83,24966.83,22580.71,7,92,92,7,64068.70,64034.57,,
2026-06-21T22:03:16+08:00,btc-updown-5m-1782050400,https://polymarket.com/zh/event/btc-updown-5m-1782050400,22:00-22:05,8.00,93.00,7.00,92.00,111.33,255.27,263.19,116.33,7.50,92.50,1.00,1.00,21693.87,24772.83,24787.83,21698.87,7,92,92,7,64068.70,64034.57,,
2026-06-21T22:03:18+08:00,btc-updown-5m-1782050400,https://polymarket.com/zh/event/btc-updown-5m-1782050400,22:00-22:05,10.00,91.00,9.00,90.00,1229.58,37.80,38.90,1257.58,9.50,90.50,1.00,1.00,21598.18,24776.84,24777.83,21598.18,9,90,90,9,64068.70,64034.57,,
2026-06-21T22:03:20+08:00,btc-updown-5m-1782050400,https://polymarket.com/zh/event/btc-updown-5m-1782050400,22:00-22:05,8.00,93.00,7.00,92.00,1375.79,5.22,5.22,1375.79,7.50,92.50,1.00,1.00,21013.34,24518.48,24508.48,21013.34,7,92,92,7,64068.70,64034.56,,
2026-06-21T22:03:22+08:00,btc-updown-5m-1782050400,https://polymarket.com/zh/event/btc-updown-5m-1782050400,22:00-22:05,7.00,94.00,6.00,93.00,359.74,578.70,595.30,337.14,6.50,93.50,1.00,1.00,20819.40,24519.49,24519.48,20819.40,6,93,93,6,64068.70,64034.56,,
2026-06-21T22:03:24+08:00,btc-updown-5m-1782050400,https://polymarket.com/zh/event/btc-updown-5m-1782050400,22:00-22:05,7.00,94.00,6.00,93.00,798.85,440.62,475.62,832.01,6.50,93.50,1.00,1.00,20191.20,24518.48,24503.48,20201.20,6,93,93,6,64068.70,64034.56,,
2026-06-21T22:03:26+08:00,btc-updown-5m-1782050400,https://polymarket.com/zh/event/btc-updown-5m-1782050400,22:00-22:05,7.00,94.00,6.00,93.00,283.70,579.39,651.56,269.41,6.50,93.50,1.00,1.00,19289.00,24259.48,24289.48,19289.00,6,93,93,6,64068.70,64034.57,,
2026-06-21T22:03:28+08:00,btc-updown-5m-1782050400,https://polymarket.com/zh/event/btc-updown-5m-1782050400,22:00-22:05,7.00,94.00,6.00,93.00,397.93,359.60,385.24,367.93,6.50,93.50,1.00,1.00,19190.00,24268.48,24263.49,19700.00,6,93,93,6,64068.70,64034.57,,
2026-06-21T22:03:30+08:00,btc-updown-5m-1782050400,https://polymarket.com/zh/event/btc-updown-5m-1782050400,22:00-22:05,7.00,95.00,6.00,94.00,482.44,183.64,220.14,172.84,6.50,94.50,1.00,1.00,19850.58,24268.48,24253.48,19519.31,6,93,94,5,64068.70,64034.57,,
2026-06-21T22:03:31+08:00,btc-updown-5m-1782050400,https://polymarket.com/zh/event/btc-updown-5m-1782050400,22:00-22:05,5.00,96.00,4.00,95.00,173.54,740.14,765.83,173.54,4.50,95.50,1.00,1.00,18971.16,23597.48,23591.48,18945.47,4,95,95,4,64068.70,64034.57,,
2026-06-21T22:03:33+08:00,btc-updown-5m-1782050400,https://polymarket.com/zh/event/btc-updown-5m-1782050400,22:00-22:05,5.00,96.00,4.00,95.00,116.52,704.69,699.69,16.52,4.50,95.50,1.00,1.00,18930.02,23586.48,23587.49,18951.02,4,95,95,4,64068.70,64034.56,,
2026-06-21T22:03:35+08:00,btc-updown-5m-1782050400,https://polymarket.com/zh/event/btc-updown-5m-1782050400,22:00-22:05,6.00,95.00,5.00,94.00,177.31,391.18,346.18,177.31,5.50,94.50,1.00,1.00,19070.68,23591.48,23576.48,19112.68,5,94,94,5,64068.70,64034.56,,
2026-06-21T22:03:37+08:00,btc-updown-5m-1782050400,https://polymarket.com/zh/event/btc-updown-5m-1782050400,22:00-22:05,4.00,97.00,3.00,96.00,30.00,2369.98,2300.12,94.00,3.50,96.50,1.00,1.00,18032.98,23526.49,23467.48,18102.84,3,96,96,3,64068.70,64034.57,,
2026-06-21T22:03:39+08:00,btc-updown-5m-1782050400,https://polymarket.com/zh/event/btc-updown-5m-1782050400,22:00-22:05,4.00,97.00,3.00,96.00,367.51,1069.87,1089.87,362.51,3.50,96.50,1.00,1.00,16125.98,23451.48,23451.48,16105.98,3,96,96,3,64068.70,64034.57,,
2026-06-21T22:03:41+08:00,btc-updown-5m-1782050400,https://polymarket.com/zh/event/btc-updown-5m-1782050400,22:00-22:05,4.00,97.00,3.00,96.00,273.30,1121.11,1156.11,385.80,3.50,96.50,1.00,1.00,16123.72,23451.48,23435.48,16088.72,3,96,96,3,64068.70,64030.51,,
2026-06-21T22:03:43+08:00,btc-updown-5m-1782050400,https://polymarket.com/zh/event/btc-updown-5m-1782050400,22:00-22:05,3.00,98.00,2.00,97.00,656.43,2258.52,1726.94,507.15,2.50,97.50,1.00,1.00,14301.80,23325.48,23336.48,14833.38,2,97,97,2,64068.70,64026.46,,
2026-06-21T22:03:45+08:00,btc-updown-5m-1782050400,https://polymarket.com/zh/event/btc-updown-5m-1782050400,22:00-22:05,3.00,98.00,2.00,97.00,795.65,3995.83,3995.83,790.65,2.50,97.50,1.00,1.00,16226.69,23305.48,23300.48,16226.69,2,97,97,2,64068.70,64026.46,,
2026-06-21T22:03:46+08:00,btc-updown-5m-1782050400,https://polymarket.com/zh/event/btc-updown-5m-1782050400,22:00-22:05,3.00,98.00,2.00,97.00,60.00,4066.27,4036.76,65.00,2.50,97.50,1.00,1.00,16377.62,23321.49,23321.48,16407.13,2,97,97,2,64068.70,64026.46,,
2026-06-21T22:03:48+08:00,btc-updown-5m-1782050400,https://polymarket.com/zh/event/btc-updown-5m-1782050400,22:00-22:05,3.00,98.00,2.00,97.00,60.00,4057.51,4059.58,60.00,2.50,97.50,1.00,1.00,11400.44,23326.48,23305.48,11398.37,2,97,97,2,64068.70,64026.46,,
2026-06-21T22:03:50+08:00,btc-updown-5m-1782050400,https://polymarket.com/zh/event/btc-updown-5m-1782050400,22:00-22:05,3.00,98.00,2.00,97.00,192.50,3865.53,3865.53,192.50,2.50,97.50,1.00,1.00,11106.39,23310.49,23295.48,11099.39,2,97,97,2,64068.70,64026.46,,
2026-06-21T22:03:52+08:00,btc-updown-5m-1782050400,https://polymarket.com/zh/event/btc-updown-5m-1782050400,22:00-22:05,3.00,98.00,2.00,97.00,313.00,3669.03,3700.76,320.34,2.50,97.50,1.00,1.00,10198.02,22801.32,22785.32,10166.29,2,97,97,2,64068.70,64026.46,,
2026-06-21T22:03:54+08:00,btc-updown-5m-1782050400,https://polymarket.com/zh/event/btc-updown-5m-1782050400,22:00-22:05,3.00,98.00,2.00,97.00,210.79,2958.23,2578.44,18.00,2.50,97.50,1.00,1.00,9080.70,22624.03,22624.03,9460.49,2,97,97,2,64068.70,64026.46,,
2026-06-21T22:03:56+08:00,btc-updown-5m-1782050400,https://polymarket.com/zh/event/btc-updown-5m-1782050400,22:00-22:05,3.00,98.00,2.00,97.00,113.57,2208.85,2233.86,118.84,2.50,97.50,1.00,1.00,8736.12,22614.03,22624.03,8711.11,2,97,97,2,64068.70,64026.46,,
2026-06-21T22:03:58+08:00,btc-updown-5m-1782050400,https://polymarket.com/zh/event/btc-updown-5m-1782050400,22:00-22:05,3.00,98.00,2.00,97.00,113.57,2018.55,2013.66,113.57,2.50,97.50,1.00,1.00,8708.32,22625.03,22615.03,8954.10,2,97,97,2,64068.70,64026.46,,
2026-06-21T22:04:00+08:00,btc-updown-5m-1782050400,https://polymarket.com/zh/event/btc-updown-5m-1782050400,22:00-22:05,3.00,98.00,2.00,97.00,105.81,1353.44,1298.73,105.81,2.50,97.50,1.00,1.00,7998.39,22625.03,22609.03,8053.10,2,97,97,2,64068.70,64026.46,,
2026-06-21T22:04:01+08:00,btc-updown-5m-1782050400,https://polymarket.com/zh/event/btc-updown-5m-1782050400,22:00-22:05,3.00,98.00,2.00,97.00,94.63,823.04,825.99,201.48,2.50,97.50,1.00,1.00,7756.54,22679.03,22695.03,7760.59,2,97,97,2,64068.70,64026.46,,
2026-06-21T22:04:03+08:00,btc-updown-5m-1782050400,https://polymarket.com/zh/event/btc-updown-5m-1782050400,22:00-22:05,3.00,98.00,2.00,97.00,212.00,232.77,247.77,212.00,2.50,97.50,1.00,1.00,7160.32,22700.03,22684.03,7145.32,2,97,97,2,64068.70,64026.46,,
2026-06-21T22:04:05+08:00,btc-updown-5m-1782050400,https://polymarket.com/zh/event/btc-updown-5m-1782050400,22:00-22:05,3.00,98.00,2.00,97.00,186.60,326.14,310.14,161.11,2.50,97.50,1.00,1.00,6947.69,22605.03,22584.03,6968.69,2,97,97,2,64068.70,64026.46,,
2026-06-21T22:04:07+08:00,btc-updown-5m-1782050400,https://polymarket.com/zh/event/btc-updown-5m-1782050400,22:00-22:05,2.00,99.00,1.00,98.00,443.79,6836.05,6835.42,443.79,1.50,98.50,1.00,1.00,6835.42,22914.03,22909.03,6836.05,1,98,98,1,64068.70,64026.46,,
2026-06-21T22:04:09+08:00,btc-updown-5m-1782050400,https://polymarket.com/zh/event/btc-updown-5m-1782050400,22:00-22:05,2.00,99.00,1.00,98.00,479.20,6102.51,6769.12,530.90,1.50,98.50,1.00,1.00,6769.12,22925.03,22904.03,6102.51,1,98,98,1,64068.70,64026.46,,
2026-06-21T22:04:11+08:00,btc-updown-5m-1782050400,https://polymarket.com/zh/event/btc-updown-5m-1782050400,22:00-22:05,2.00,99.00,1.00,98.00,612.31,5882.07,5892.10,612.31,1.50,98.50,1.00,1.00,5892.10,22909.04,22910.03,5882.07,1,98,98,1,64068.70,64023.42,,
2026-06-21T22:04:13+08:00,btc-updown-5m-1782050400,https://polymarket.com/zh/event/btc-updown-5m-1782050400,22:00-22:05,2.00,99.00,1.00,98.00,48.00,4741.86,5608.10,302.00,1.50,98.50,1.00,1.00,5608.10,22883.53,22894.53,4741.86,1,98,98,1,64068.70,64023.42,,
2026-06-21T22:04:15+08:00,btc-updown-5m-1782050400,https://polymarket.com/zh/event/btc-updown-5m-1782050400,22:00-22:05,3.00,98.00,2.00,97.00,326.46,30.00,15.95,241.93,2.50,97.50,1.00,1.00,4435.94,22773.53,22758.53,4448.62,2,97,97,2,64068.70,64023.42,,
2026-06-21T22:04:17+08:00,btc-updown-5m-1782050400,https://polymarket.com/zh/event/btc-updown-5m-1782050400,22:00-22:05,2.00,99.00,1.00,98.00,256.00,4235.55,4216.32,256.00,1.50,98.50,1.00,1.00,4216.32,22763.53,22779.53,4235.55,1,98,98,1,64068.70,64023.42,,
2026-06-21T22:04:19+08:00,btc-updown-5m-1782050400,https://polymarket.com/zh/event/btc-updown-5m-1782050400,22:00-22:05,2.00,99.00,1.00,98.00,366.99,4097.44,4108.57,366.99,1.50,98.50,1.00,1.00,4108.57,22788.53,22773.53,4097.44,1,98,98,1,64068.70,64023.42,,
2026-06-21T22:04:20+08:00,btc-updown-5m-1782050400,https://polymarket.com/zh/event/btc-updown-5m-1782050400,22:00-22:05,2.00,99.00,1.00,98.00,466.79,3872.09,3889.11,366.79,1.50,98.50,1.00,1.00,3889.11,22823.53,22803.53,3872.09,1,98,98,1,64068.70,64023.42,,
2026-06-21T22:04:22+08:00,btc-updown-5m-1782050400,https://polymarket.com/zh/event/btc-updown-5m-1782050400,22:00-22:05,2.00,99.00,1.00,98.00,413.79,2456.73,2540.73,413.79,1.50,98.50,1.00,1.00,2540.73,22794.53,22783.53,2456.73,1,98,98,1,64068.70,64023.43,,
2026-06-21T22:04:24+08:00,btc-updown-5m-1782050400,https://polymarket.com/zh/event/btc-updown-5m-1782050400,22:00-22:05,2.00,99.00,1.00,98.00,488.15,2431.48,2436.48,543.20,1.50,98.50,1.00,1.00,2436.48,21293.53,21283.53,2431.48,1,98,98,1,64068.70,64023.43,,
2026-06-21T22:04:26+08:00,btc-updown-5m-1782050400,https://polymarket.com/zh/event/btc-updown-5m-1782050400,22:00-22:05,2.00,99.00,1.00,98.00,561.73,1804.70,2001.89,561.73,1.50,98.50,1.00,1.00,2001.89,21083.53,21093.53,1804.70,1,98,98,1,64068.70,64023.43,,
2026-06-21T22:04:28+08:00,btc-updown-5m-1782050400,https://polymarket.com/zh/event/btc-updown-5m-1782050400,22:00-22:05,2.00,99.00,1.00,98.00,547.01,1608.24,1609.32,547.01,1.50,98.50,1.00,1.00,1609.32,21294.53,21299.53,1608.24,1,98,98,1,64068.70,64026.46,,
2026-06-21T22:04:30+08:00,btc-updown-5m-1782050400,https://polymarket.com/zh/event/btc-updown-5m-1782050400,22:00-22:05,2.00,99.00,1.00,98.00,547.01,1461.28,1446.28,554.21,1.50,98.50,1.00,1.00,1446.28,21010.20,21006.20,1461.28,1,98,98,1,64068.70,64026.45,,
2026-06-21T22:04:32+08:00,btc-updown-5m-1782050400,https://polymarket.com/zh/event/btc-updown-5m-1782050400,22:00-22:05,1.00,,,99.00,5097.86,,,5122.86,,,,,,20806.20,20810.20,,0,99,99,0,64068.70,64026.45,,
2026-06-21T22:04:34+08:00,btc-updown-5m-1782050400,https://polymarket.com/zh/event/btc-updown-5m-1782050400,22:00-22:05,1.00,,,99.00,7646.42,,,7646.42,,,,,,20821.20,20795.20,,0,99,99,0,64068.70,64026.46,,
2026-06-21T22:04:35+08:00,btc-updown-5m-1782050400,https://polymarket.com/zh/event/btc-updown-5m-1782050400,22:00-22:05,1.00,,,99.00,7555.28,,,7810.33,,,,,,20353.21,20344.21,,0,99,99,0,64068.70,64026.46,,
2026-06-21T22:04:37+08:00,btc-updown-5m-1782050400,https://polymarket.com/zh/event/btc-updown-5m-1782050400,22:00-22:05,1.00,,,99.00,7692.33,,,7697.33,,,,,,20173.21,20183.21,,0,99,99,0,64068.70,64026.46,,
2026-06-21T22:04:39+08:00,btc-updown-5m-1782050400,https://polymarket.com/zh/event/btc-updown-5m-1782050400,22:00-22:05,1.00,,,99.00,7597.33,,,7597.33,,,,,,20183.21,20184.21,,0,99,99,0,64068.70,64026.46,,
2026-06-21T22:04:41+08:00,btc-updown-5m-1782050400,https://polymarket.com/zh/event/btc-updown-5m-1782050400,22:00-22:05,1.00,,,99.00,7358.97,,,7358.97,,,,,,20354.21,20339.21,,0,99,99,0,64068.70,64026.45,,
2026-06-21T22:04:43+08:00,btc-updown-5m-1782050400,https://polymarket.com/zh/event/btc-updown-5m-1782050400,22:00-22:05,1.00,,,99.00,7458.97,,,7458.97,,,,,,20153.21,20343.21,,0,99,99,0,64068.70,64026.45,,
2026-06-21T22:04:45+08:00,btc-updown-5m-1782050400,https://polymarket.com/zh/event/btc-updown-5m-1782050400,22:00-22:05,1.00,,,99.00,9281.97,,,9362.32,,,,,,19553.72,19549.72,,0,88,88,0,64068.70,64026.46,,
2026-06-21T22:04:47+08:00,btc-updown-5m-1782050400,https://polymarket.com/zh/event/btc-updown-5m-1782050400,22:00-22:05,1.00,,,99.00,9354.32,,,9354.32,,,,,,19579.72,19585.72,,0,84,84,0,64068.70,64026.80,,
2026-06-21T22:04:49+08:00,btc-updown-5m-1782050400,https://polymarket.com/zh/event/btc-updown-5m-1782050400,22:00-22:05,1.00,,,99.00,9382.42,,,9382.42,,,,,,19379.72,19404.72,,0,84,84,0,64068.70,64027.72,,
2026-06-21T22:04:51+08:00,btc-updown-5m-1782050400,https://polymarket.com/zh/event/btc-updown-5m-1782050400,22:00-22:05,1.00,,,99.00,9549.47,,,9554.47,,,,,,11544.72,11555.72,,0,79,79,0,64068.70,64027.72,,
2026-06-21T22:04:53+08:00,btc-updown-5m-1782050400,https://polymarket.com/zh/event/btc-updown-5m-1782050400,22:00-22:05,1.00,,,99.00,9571.56,,,9571.56,,,,,,11754.73,11750.72,,0,78,79,0,64068.70,64027.73,,
2026-06-21T22:04:55+08:00,btc-updown-5m-1782050400,https://polymarket.com/zh/event/btc-updown-5m-1782050400,22:00-22:05,1.00,,,99.00,9650.06,,,9662.06,,,,,,11739.72,11759.72,,0,79,78,0,64068.70,64027.73,,
2026-06-21T22:04:56+08:00,btc-updown-5m-1782050400,https://polymarket.com/zh/event/btc-updown-5m-1782050400,22:00-22:05,1.00,,,99.00,10538.83,,,10548.93,,,,,,11724.72,11725.72,,0,78,78,0,64068.70,64034.55,,
2026-06-21T22:04:58+08:00,btc-updown-5m-1782050400,https://polymarket.com/zh/event/btc-updown-5m-1782050400,22:00-22:05,1.00,,,99.00,18065.86,,,22576.71,,,,,,11783.05,11788.05,,0,80,80,0,64068.70,64034.54,,
2026-06-21T22:05:01+08:00,btc-updown-5m-1782050700,https://polymarket.com/zh/event/btc-updown-5m-1782050700,22:05-22:10,52.00,50.00,50.00,48.00,184.80,171.37,176.37,184.80,51.00,49.00,2.00,2.00,34633.58,34185.24,22567.24,23025.58,50,48,48,50,64034.55,64034.55,,
2026-06-21T22:05:03+08:00,btc-updown-5m-1782050700,https://polymarket.com/zh/event/btc-updown-5m-1782050700,22:05-22:10,66.00,34.00,65.00,33.00,185.57,79.04,355.46,161.93,65.50,33.50,1.00,1.00,23408.93,22915.59,22915.59,24003.92,65,34,33,65,64034.55,64034.54,,
2026-06-21T22:05:04+08:00,btc-updown-5m-1782050700,https://polymarket.com/zh/event/btc-updown-5m-1782050700,22:05-22:10,69.00,32.00,68.00,31.00,128.97,125.11,130.11,165.09,68.50,31.50,1.00,1.00,23613.92,23033.59,23038.59,23613.93,68,31,31,68,64034.55,64044.69,,
2026-06-21T22:05:06+08:00,btc-updown-5m-1782050700,https://polymarket.com/zh/event/btc-updown-5m-1782050700,22:05-22:10,75.00,26.00,74.00,25.00,80.00,406.14,395.38,80.00,74.50,25.50,1.00,1.00,23518.92,23055.59,23060.59,23413.92,74,25,25,74,64034.55,64050.69,,
2026-06-21T22:05:08+08:00,btc-updown-5m-1782050700,https://polymarket.com/zh/event/btc-updown-5m-1782050700,22:05-22:10,74.00,27.00,73.00,26.00,413.63,37.19,32.19,405.63,73.50,26.50,1.00,1.00,22453.92,23385.59,23380.59,22478.93,73,26,26,73,64034.55,64050.68,,
2026-06-21T22:05:10+08:00,btc-updown-5m-1782050700,https://polymarket.com/zh/event/btc-updown-5m-1782050700,22:05-22:10,73.00,28.00,72.00,27.00,178.53,228.18,237.18,173.53,72.50,27.50,1.00,1.00,22973.92,22940.59,22975.59,22574.92,72,27,27,72,64034.55,64050.99,,
2026-06-21T22:05:12+08:00,btc-updown-5m-1782050700,https://polymarket.com/zh/event/btc-updown-5m-1782050700,22:05-22:10,72.00,29.00,71.00,28.00,384.50,121.25,111.25,354.33,71.50,28.50,1.00,1.00,23016.92,23238.59,23243.59,22631.92,71,28,28,71,64034.55,64050.99,,
2026-06-21T22:05:14+08:00,btc-updown-5m-1782050700,https://polymarket.com/zh/event/btc-updown-5m-1782050700,22:05-22:10,72.00,29.00,71.00,28.00,292.53,36.00,31.00,257.28,71.50,28.50,1.00,1.00,23022.92,23140.25,23135.25,23137.92,71,28,28,71,64034.55,64050.99,,
2026-06-21T22:05:16+08:00,btc-updown-5m-1782050700,https://polymarket.com/zh/event/btc-updown-5m-1782050700,22:05-22:10,71.00,30.00,70.00,29.00,572.03,70.00,70.00,543.78,70.50,29.50,1.00,1.00,22637.93,22780.25,22780.25,22637.93,69,29,29,69,64034.55,64048.63,,
2026-06-21T22:05:18+08:00,btc-updown-5m-1782050700,https://polymarket.com/zh/event/btc-updown-5m-1782050700,22:05-22:10,66.00,39.00,61.00,35.00,102.00,60.10,60.10,56.00,63.50,37.00,5.00,4.00,22932.93,22785.25,22780.25,22932.93,61,34,35,61,64034.55,64042.92,,
2026-06-21T22:05:20+08:00,btc-updown-5m-1782050700,https://polymarket.com/zh/event/btc-updown-5m-1782050700,22:05-22:10,61.00,40.00,60.00,39.00,443.09,490.00,492.50,449.09,60.50,39.50,1.00,1.00,23142.92,22891.25,22906.25,23157.92,60,39,39,60,64034.55,64042.92,,
2026-06-21T22:05:22+08:00,btc-updown-5m-1782050700,https://polymarket.com/zh/event/btc-updown-5m-1782050700,22:05-22:10,61.00,40.00,60.00,39.00,25.96,745.48,668.73,24.32,60.50,39.50,1.00,1.00,23704.13,23683.75,23693.75,23314.12,60,39,39,60,64034.55,64042.92,,
2026-06-21T22:05:23+08:00,btc-updown-5m-1782050700,https://polymarket.com/zh/event/btc-updown-5m-1782050700,22:05-22:10,63.00,38.00,62.00,37.00,782.62,201.54,91.86,395.62,62.50,37.50,1.00,1.00,24020.82,23806.15,23821.15,23678.42,62,37,37,62,64034.55,64042.66,,
2026-06-21T22:05:25+08:00,btc-updown-5m-1782050700,https://polymarket.com/zh/event/btc-updown-5m-1782050700,22:05-22:10,65.00,36.00,64.00,35.00,131.29,277.09,235.69,128.21,64.50,35.50,1.00,1.00,24011.11,24192.15,26207.15,24421.11,64,35,35,64,64034.55,64042.66,,
2026-06-21T22:05:27+08:00,btc-updown-5m-1782050700,https://polymarket.com/zh/event/btc-updown-5m-1782050700,22:05-22:10,65.00,36.00,64.00,35.00,281.26,136.68,133.68,271.26,64.50,35.50,1.00,1.00,24026.12,26104.15,26094.15,24516.11,64,35,35,64,64034.55,64042.66,,
2026-06-21T22:05:29+08:00,btc-updown-5m-1782050700,https://polymarket.com/zh/event/btc-updown-5m-1782050700,22:05-22:10,66.00,35.00,65.00,34.00,288.34,87.28,130.00,540.52,65.50,34.50,1.00,1.00,24671.11,26254.15,26244.15,24176.11,65,34,34,65,64034.55,64042.66,,
2026-06-21T22:05:31+08:00,btc-updown-5m-1782050700,https://polymarket.com/zh/event/btc-updown-5m-1782050700,22:05-22:10,66.00,35.00,65.00,34.00,140.43,156.00,357.04,135.43,65.50,34.50,1.00,1.00,24833.11,26543.44,26543.44,24313.11,65,34,34,65,64034.55,64042.65,,
2026-06-21T22:05:33+08:00,btc-updown-5m-1782050700,https://polymarket.com/zh/event/btc-updown-5m-1782050700,22:05-22:10,66.00,36.00,65.00,35.00,359.48,494.36,52.94,50.00,65.50,35.50,1.00,1.00,24382.82,26760.14,26745.14,24982.81,65,34,35,64,64034.55,64042.65,,
2026-06-21T22:05:35+08:00,btc-updown-5m-1782050700,https://polymarket.com/zh/event/btc-updown-5m-1782050700,22:05-22:10,65.00,36.00,64.00,35.00,564.21,20.22,18.00,669.21,64.50,35.50,1.00,1.00,24977.81,26750.14,26745.14,24472.81,64,35,35,64,64034.55,64042.66,,
2026-06-21T22:05:37+08:00,btc-updown-5m-1782050700,https://polymarket.com/zh/event/btc-updown-5m-1782050700,22:05-22:10,61.00,40.00,60.00,39.00,524.74,250.50,280.50,516.93,60.50,39.50,1.00,1.00,24467.81,26750.14,26745.14,24867.81,60,39,39,60,64034.55,64042.65,,
2026-06-21T22:05:38+08:00,btc-updown-5m-1782050700,https://polymarket.com/zh/event/btc-updown-5m-1782050700,22:05-22:10,61.00,40.00,60.00,39.00,436.29,85.50,95.50,402.29,60.50,39.50,1.00,1.00,24888.81,26745.14,26745.14,24973.81,60,39,39,60,64034.55,64042.65,,
2026-06-21T22:05:40+08:00,btc-updown-5m-1782050700,https://polymarket.com/zh/event/btc-updown-5m-1782050700,22:05-22:10,61.00,40.00,60.00,39.00,482.81,380.55,245.00,477.81,60.50,39.50,1.00,1.00,24378.81,26750.14,26745.14,24378.81,60,39,39,60,64034.55,64042.66,,
2026-06-21T22:05:42+08:00,btc-updown-5m-1782050700,https://polymarket.com/zh/event/btc-updown-5m-1782050700,22:05-22:10,61.00,39.00,60.00,38.00,22.32,127.76,658.78,148.08,60.50,38.50,1.00,1.00,24498.81,26750.14,26745.14,24978.81,60,39,38,61,64034.55,64042.65,,
2026-06-21T22:05:44+08:00,btc-updown-5m-1782050700,https://polymarket.com/zh/event/btc-updown-5m-1782050700,22:05-22:10,61.00,40.00,60.00,39.00,200.00,950.48,915.49,145.00,60.50,39.50,1.00,1.00,24983.81,26755.14,26745.14,24473.81,60,39,39,60,64034.55,64042.65,,
2026-06-21T22:05:46+08:00,btc-updown-5m-1782050700,https://polymarket.com/zh/event/btc-updown-5m-1782050700,22:05-22:10,61.00,40.00,60.00,39.00,131.60,909.06,970.56,131.60,60.50,39.50,1.00,1.00,24388.81,26745.14,26745.14,24373.81,60,39,39,60,64034.55,64042.66,,
2026-06-21T22:05:48+08:00,btc-updown-5m-1782050700,https://polymarket.com/zh/event/btc-updown-5m-1782050700,22:05-22:10,61.00,40.00,60.00,39.00,511.91,598.46,593.46,480.91,60.50,39.50,1.00,1.00,24373.81,26745.14,26760.14,24488.81,60,39,39,60,64034.55,64042.66,,
2026-06-21T22:05:50+08:00,btc-updown-5m-1782050700,https://polymarket.com/zh/event/btc-updown-5m-1782050700,22:05-22:10,61.00,40.00,60.00,39.00,83.03,971.91,993.91,83.03,60.50,39.50,1.00,1.00,24873.81,26745.14,26750.14,24888.81,60,39,39,60,64034.55,64042.66,,
2026-06-21T22:05:52+08:00,btc-updown-5m-1782050700,https://polymarket.com/zh/event/btc-updown-5m-1782050700,22:05-22:10,62.00,39.00,61.00,38.00,723.60,73.42,68.42,714.56,61.50,38.50,1.00,1.00,24373.82,26745.14,26755.14,24978.81,61,38,38,61,64034.55,64042.66,,
2026-06-21T22:05:53+08:00,btc-updown-5m-1782050700,https://polymarket.com/zh/event/btc-updown-5m-1782050700,22:05-22:10,62.00,39.00,61.00,38.00,693.31,40.15,40.15,727.31,61.50,38.50,1.00,1.00,24983.81,26855.14,26850.14,25073.81,61,38,38,61,64034.55,64042.66,,
2026-06-21T22:05:55+08:00,btc-updown-5m-1782050700,https://polymarket.com/zh/event/btc-updown-5m-1782050700,22:05-22:10,61.00,40.00,60.00,39.00,48.00,868.29,848.29,48.00,60.50,39.50,1.00,1.00,24478.82,26860.14,26845.14,25078.81,60,39,39,60,64034.55,64042.66,,
2026-06-21T22:05:57+08:00,btc-updown-5m-1782050700,https://polymarket.com/zh/event/btc-updown-5m-1782050700,22:05-22:10,61.00,40.00,60.00,39.00,34.01,907.68,924.32,34.01,60.50,39.50,1.00,1.00,24483.81,26845.14,26845.14,24473.82,60,39,39,60,64034.55,64042.66,,
2026-06-21T22:05:59+08:00,btc-updown-5m-1782050700,https://polymarket.com/zh/event/btc-updown-5m-1782050700,22:05-22:10,63.00,38.00,62.00,37.00,193.97,592.52,601.03,173.61,62.50,37.50,1.00,1.00,24523.81,26800.14,26790.14,24413.81,62,37,37,62,64034.55,64042.65,,
2026-06-21T22:06:01+08:00,btc-updown-5m-1782050700,https://polymarket.com/zh/event/btc-updown-5m-1782050700,22:05-22:10,63.00,38.00,62.00,37.00,142.56,632.25,613.51,142.56,62.50,37.50,1.00,1.00,31923.81,33095.14,33085.14,31413.81,62,37,37,62,64034.55,64042.66,,
2026-06-21T22:06:03+08:00,btc-updown-5m-1782050700,https://polymarket.com/zh/event/btc-updown-5m-1782050700,22:05-22:10,63.00,38.00,62.00,37.00,81.25,557.58,557.82,81.25,62.50,37.50,1.00,1.00,31290.81,33067.14,33082.14,31305.81,62,37,37,62,64034.55,64042.66,,
2026-06-21T22:06:05+08:00,btc-updown-5m-1782050700,https://polymarket.com/zh/event/btc-updown-5m-1782050700,22:05-22:10,63.00,38.00,62.00,37.00,235.19,478.72,478.87,235.19,62.50,37.50,1.00,1.00,31910.81,33082.14,33047.14,31390.81,62,37,37,62,64034.55,64042.66,,
2026-06-21T22:06:07+08:00,btc-updown-5m-1782050700,https://polymarket.com/zh/event/btc-updown-5m-1782050700,22:05-22:10,67.00,34.00,66.00,33.00,239.16,1095.93,1141.78,236.22,66.50,33.50,1.00,1.00,31695.81,33047.14,32172.14,30430.81,66,33,33,66,64034.55,64044.10,,
2026-06-21T22:06:09+08:00,btc-updown-5m-1782050700,https://polymarket.com/zh/event/btc-updown-5m-1782050700,22:05-22:10,67.00,34.00,66.00,33.00,195.46,973.20,957.15,195.46,66.50,33.50,1.00,1.00,30435.81,32177.14,32167.14,30315.81,66,33,33,66,64034.55,64044.00,,
2026-06-21T22:06:10+08:00,btc-updown-5m-1782050700,https://polymarket.com/zh/event/btc-updown-5m-1782050700,22:05-22:10,67.00,34.00,66.00,33.00,552.10,238.92,528.04,561.10,66.50,33.50,1.00,1.00,30320.81,32182.14,32167.14,30425.81,66,33,33,66,64034.55,64044.01,,
2026-06-21T22:06:12+08:00,btc-updown-5m-1782050700,https://polymarket.com/zh/event/btc-updown-5m-1782050700,22:05-22:10,67.00,35.00,66.00,34.00,520.26,355.78,180.62,324.00,66.50,34.50,1.00,1.00,30315.81,32167.14,32182.14,30330.81,66,33,34,65,64034.55,64044.00,,
2026-06-21T22:06:14+08:00,btc-updown-5m-1782050700,https://polymarket.com/zh/event/btc-updown-5m-1782050700,22:05-22:10,66.00,35.00,65.00,34.00,653.39,486.37,480.37,638.23,65.50,34.50,1.00,1.00,30835.81,32182.14,32172.14,30320.81,65,34,34,65,64034.55,64044.00,,
2026-06-21T22:06:16+08:00,btc-updown-5m-1782050700,https://polymarket.com/zh/event/btc-updown-5m-1782050700,22:05-22:10,66.00,35.00,65.00,34.00,518.50,525.50,530.50,471.50,65.50,34.50,1.00,1.00,30035.81,32027.15,32027.15,30515.81,65,34,34,65,64034.55,64044.00,,
2026-06-21T22:06:18+08:00,btc-updown-5m-1782050700,https://polymarket.com/zh/event/btc-updown-5m-1782050700,22:05-22:10,66.00,35.00,65.00,34.00,91.00,615.68,625.68,111.00,65.50,34.50,1.00,1.00,30630.81,32032.15,32022.15,30025.81,65,34,34,65,64034.55,64044.01,,
2026-06-21T22:06:20+08:00,btc-updown-5m-1782050700,https://polymarket.com/zh/event/btc-updown-5m-1782050700,22:05-22:10,68.00,33.00,67.00,32.00,69.67,1099.37,1129.14,69.67,67.50,32.50,1.00,1.00,30520.81,32032.15,32017.15,30625.81,67,32,32,67,64034.55,64044.01,,
2026-06-21T22:06:22+08:00,btc-updown-5m-1782050700,https://polymarket.com/zh/event/btc-updown-5m-1782050700,22:05-22:10,69.00,32.00,68.00,31.00,295.00,418.56,420.40,292.10,68.50,31.50,1.00,1.00,30130.81,32027.15,32017.15,30020.82,68,31,31,68,64034.55,64044.00,,
2026-06-21T22:06:24+08:00,btc-updown-5m-1782050700,https://polymarket.com/zh/event/btc-updown-5m-1782050700,22:05-22:10,69.00,34.00,68.00,31.00,665.87,58.06,232.03,1148.24,68.50,32.50,1.00,3.00,30535.17,32017.15,32022.15,30545.17,68,31,31,66,64034.55,64044.00,,
2026-06-21T22:06:26+08:00,btc-updown-5m-1782050700,https://polymarket.com/zh/event/btc-updown-5m-1782050700,22:05-22:10,66.00,35.00,65.00,34.00,273.45,302.10,331.25,285.45,65.50,34.50,1.00,1.00,30140.16,32022.15,32017.15,30030.16,65,34,34,65,64034.55,64044.00,,
2026-06-21T22:06:28+08:00,btc-updown-5m-1782050700,https://polymarket.com/zh/event/btc-updown-5m-1782050700,22:05-22:10,66.00,35.00,65.00,34.00,45.82,719.21,721.78,45.82,65.50,34.50,1.00,1.00,29445.17,31417.15,31417.15,29425.16,65,34,34,65,64034.55,64058.85,,
2026-06-21T22:06:29+08:00,btc-updown-5m-1782050700,https://polymarket.com/zh/event/btc-updown-5m-1782050700,22:05-22:10,83.00,18.00,82.00,17.00,217.60,1572.03,1433.87,196.60,82.50,17.50,1.00,1.00,29085.16,25877.15,25902.15,29005.17,82,17,17,82,64034.55,64057.86,,
2026-06-21T22:06:31+08:00,btc-updown-5m-1782050700,https://polymarket.com/zh/event/btc-updown-5m-1782050700,22:05-22:10,83.00,18.00,82.00,17.00,11.00,1918.81,1896.44,39.79,82.50,17.50,1.00,1.00,28696.16,25343.15,25343.15,28606.16,82,17,17,82,64034.55,64057.85,,
2026-06-21T22:06:33+08:00,btc-updown-5m-1782050700,https://polymarket.com/zh/event/btc-updown-5m-1782050700,22:05-22:10,84.00,17.00,83.00,16.00,282.86,1021.70,954.70,282.86,83.50,16.50,1.00,1.00,29016.16,25052.15,25052.15,28602.16,83,16,16,83,64034.55,64057.85,,
2026-06-21T22:06:35+08:00,btc-updown-5m-1782050700,https://polymarket.com/zh/event/btc-updown-5m-1782050700,22:05-22:10,84.00,17.00,83.00,16.00,1030.05,482.06,540.33,1231.72,83.50,16.50,1.00,1.00,29112.16,25135.15,24930.15,29022.16,83,16,16,83,64034.55,64057.85,,
2026-06-21T22:06:37+08:00,btc-updown-5m-1782050700,https://polymarket.com/zh/event/btc-updown-5m-1782050700,22:05-22:10,79.00,22.00,78.00,21.00,815.23,6.00,11.00,819.02,78.50,21.50,1.00,1.00,29122.16,26670.50,26670.50,28612.16,78,21,21,78,64034.55,64051.50,,
2026-06-21T22:06:39+08:00,btc-updown-5m-1782050700,https://polymarket.com/zh/event/btc-updown-5m-1782050700,22:05-22:10,78.00,23.00,77.00,22.00,409.20,600.65,605.65,463.20,77.50,22.50,1.00,1.00,28522.17,24550.15,24550.15,29012.16,77,22,22,77,64034.55,64051.50,,
2026-06-21T22:06:41+08:00,btc-updown-5m-1782050700,https://polymarket.com/zh/event/btc-updown-5m-1782050700,22:05-22:10,78.00,23.00,77.00,22.00,738.98,182.13,230.13,689.90,77.50,22.50,1.00,1.00,28617.16,24005.39,24005.39,28527.16,77,22,22,77,64034.55,64051.50,,
2026-06-21T22:06:42+08:00,btc-updown-5m-1782050700,https://polymarket.com/zh/event/btc-updown-5m-1782050700,22:05-22:10,78.00,23.00,77.00,22.00,679.92,26.43,26.43,634.92,77.50,22.50,1.00,1.00,28512.16,24010.39,24005.39,29012.16,77,22,22,77,64034.55,64051.50,,
2026-06-21T22:06:44+08:00,btc-updown-5m-1782050700,https://polymarket.com/zh/event/btc-updown-5m-1782050700,22:05-22:10,77.00,24.00,76.00,23.00,277.79,600.36,597.36,276.49,76.50,23.50,1.00,1.00,28617.16,24005.39,24005.39,28612.16,76,23,23,76,64034.55,64051.50,,
2026-06-21T22:06:46+08:00,btc-updown-5m-1782050700,https://polymarket.com/zh/event/btc-updown-5m-1782050700,22:05-22:10,78.00,23.00,77.00,22.00,123.30,105.43,259.99,156.50,77.50,22.50,1.00,1.00,28522.17,23995.39,22825.15,28607.16,77,22,22,77,64034.55,64051.50,,
2026-06-21T22:06:48+08:00,btc-updown-5m-1782050700,https://polymarket.com/zh/event/btc-updown-5m-1782050700,22:05-22:10,72.00,29.00,71.00,28.00,291.82,420.79,417.79,275.70,71.50,28.50,1.00,1.00,28427.16,27756.39,27756.39,28412.17,71,28,28,71,64034.55,64051.48,,
2026-06-21T22:06:50+08:00,btc-updown-5m-1782050700,https://polymarket.com/zh/event/btc-updown-5m-1782050700,22:05-22:10,73.00,28.00,72.00,27.00,107.60,309.13,361.13,45.95,72.50,27.50,1.00,1.00,28517.16,27756.39,27756.39,28427.16,72,27,27,72,64034.55,64051.48,,
2026-06-21T22:06:52+08:00,btc-updown-5m-1782050700,https://polymarket.com/zh/event/btc-updown-5m-1782050700,22:05-22:10,74.00,27.00,73.00,26.00,610.68,15.00,15.00,618.68,73.50,26.50,1.00,1.00,29017.16,27761.39,27761.39,28422.16,73,26,26,73,64034.55,64046.71,,
2026-06-21T22:06:54+08:00,btc-updown-5m-1782050700,https://polymarket.com/zh/event/btc-updown-5m-1782050700,22:05-22:10,73.00,28.00,72.00,27.00,455.96,20.67,25.67,418.87,72.50,27.50,1.00,1.00,28412.17,28531.50,28531.50,28912.16,72,27,27,72,64034.55,64046.71,,
2026-06-21T22:06:56+08:00,btc-updown-5m-1782050700,https://polymarket.com/zh/event/btc-updown-5m-1782050700,22:05-22:10,73.00,29.00,72.00,28.00,281.40,231.00,202.64,40.00,72.50,28.50,1.00,1.00,28522.16,28531.50,28521.50,28512.16,72,27,28,71,64034.55,64046.71,,
2026-06-21T22:06:58+08:00,btc-updown-5m-1782050700,https://polymarket.com/zh/event/btc-updown-5m-1782050700,22:05-22:10,70.00,31.00,69.00,30.00,49.81,800.53,642.53,15.81,69.50,30.50,1.00,1.00,28340.10,27766.39,27766.39,28345.10,69,30,30,69,64034.55,64046.71,,
2026-06-21T22:07:00+08:00,btc-updown-5m-1782050700,https://polymarket.com/zh/event/btc-updown-5m-1782050700,22:05-22:10,71.00,31.00,70.00,30.00,522.84,513.68,6.66,108.34,70.50,30.50,1.00,1.00,28340.11,27776.77,27776.77,28835.10,70,29,30,69,64034.55,64046.71,,
2026-06-21T22:07:01+08:00,btc-updown-5m-1782050700,https://polymarket.com/zh/event/btc-updown-5m-1782050700,22:05-22:10,71.00,30.00,70.00,29.00,96.00,106.18,120.12,647.96,70.50,29.50,1.00,1.00,28312.10,27096.53,27096.53,28937.11,70,29,29,70,64034.55,64046.71,,
2026-06-21T22:07:03+08:00,btc-updown-5m-1782050700,https://polymarket.com/zh/event/btc-updown-5m-1782050700,22:05-22:10,71.00,30.00,70.00,29.00,613.55,130.97,59.74,586.47,70.50,29.50,1.00,1.00,28822.10,27541.42,27536.42,28917.10,70,29,29,70,64034.55,64046.71,,
2026-06-21T22:07:05+08:00,btc-updown-5m-1782050700,https://polymarket.com/zh/event/btc-updown-5m-1782050700,22:05-22:10,73.00,28.00,72.00,27.00,25.00,846.82,871.82,25.00,72.50,27.50,1.00,1.00,28288.10,27642.77,27642.77,28308.10,72,27,27,72,64034.55,64046.71,,
2026-06-21T22:07:07+08:00,btc-updown-5m-1782050700,https://polymarket.com/zh/event/btc-updown-5m-1782050700,22:05-22:10,73.00,28.00,72.00,27.00,411.69,10.00,15.00,407.00,72.50,27.50,1.00,1.00,28288.10,27642.77,27642.77,28393.10,72,27,27,72,64034.55,64046.71,,
2026-06-21T22:07:09+08:00,btc-updown-5m-1782050700,https://polymarket.com/zh/event/btc-updown-5m-1782050700,22:05-22:10,72.00,29.00,71.00,28.00,41.44,599.75,601.88,46.44,71.50,28.50,1.00,1.00,28408.10,27632.77,27632.77,28388.10,71,28,28,71,64034.55,64046.71,,
2026-06-21T22:07:11+08:00,btc-updown-5m-1782050700,https://polymarket.com/zh/event/btc-updown-5m-1782050700,22:05-22:10,72.00,29.00,71.00,28.00,147.41,504.70,543.59,156.41,71.50,28.50,1.00,1.00,28803.10,27642.77,27642.77,28398.10,71,28,28,71,64034.55,64046.71,,
2026-06-21T22:07:13+08:00,btc-updown-5m-1782050700,https://polymarket.com/zh/event/btc-updown-5m-1782050700,22:05-22:10,72.00,29.00,71.00,28.00,123.42,690.88,722.88,123.42,71.50,28.50,1.00,1.00,28793.10,27627.39,27632.39,28298.11,71,28,28,71,64034.55,64046.71,,
2026-06-21T22:07:15+08:00,btc-updown-5m-1782050700,https://polymarket.com/zh/event/btc-updown-5m-1782050700,22:05-22:10,72.00,29.00,71.00,28.00,37.68,894.26,910.09,22.85,71.50,28.50,1.00,1.00,28248.10,27577.39,27582.39,28343.10,71,28,28,71,64034.55,64046.71,,
2026-06-21T22:07:16+08:00,btc-updown-5m-1782050700,https://polymarket.com/zh/event/btc-updown-5m-1782050700,22:05-22:10,74.00,27.00,73.00,26.00,654.74,11.29,11.29,656.85,73.50,26.50,1.00,1.00,28358.11,27582.39,27590.26,28343.10,73,26,26,73,64034.55,64046.71,,
2026-06-21T22:07:18+08:00,btc-updown-5m-1782050700,https://polymarket.com/zh/event/btc-updown-5m-1782050700,22:05-22:10,74.00,27.00,73.00,26.00,674.81,151.38,176.98,711.81,73.50,26.50,1.00,1.00,28253.10,27580.26,27580.26,28243.11,73,26,26,73,64034.55,64046.72,,
2026-06-21T22:07:20+08:00,btc-updown-5m-1782050700,https://polymarket.com/zh/event/btc-updown-5m-1782050700,22:05-22:10,74.00,27.00,73.00,26.00,176.22,569.15,576.15,216.22,73.50,26.50,1.00,1.00,28748.10,27580.26,27575.26,28838.10,73,26,26,73,64034.55,64046.72,,
2026-06-21T22:07:22+08:00,btc-updown-5m-1782050700,https://polymarket.com/zh/event/btc-updown-5m-1782050700,22:05-22:10,73.00,28.00,72.00,27.00,50.00,877.28,851.21,48.92,72.50,27.50,1.00,1.00,28238.10,27580.26,27580.26,28253.11,72,27,27,72,64034.55,64046.72,,
2026-06-21T22:07:24+08:00,btc-updown-5m-1782050700,https://polymarket.com/zh/event/btc-updown-5m-1782050700,22:05-22:10,74.00,27.00,73.00,26.00,43.68,456.90,478.36,38.68,73.50,26.50,1.00,1.00,28153.10,27495.26,27495.26,28663.10,73,26,26,73,64034.55,64046.72,,
2026-06-21T22:07:26+08:00,btc-updown-5m-1782050700,https://polymarket.com/zh/event/btc-updown-5m-1782050700,22:05-22:10,62.00,39.00,61.00,38.00,289.41,929.38,382.30,62.38,61.50,38.50,1.00,1.00,28718.10,30165.02,30155.02,28248.10,61,38,38,61,64034.55,64038.60,,
2026-06-21T22:07:28+08:00,btc-updown-5m-1782050700,https://polymarket.com/zh/event/btc-updown-5m-1782050700,22:05-22:10,65.00,36.00,64.00,35.00,388.09,241.11,217.40,443.38,64.50,35.50,1.00,1.00,28353.11,30155.02,30150.02,28848.10,64,35,35,64,64034.55,64035.29,,
2026-06-21T22:07:30+08:00,btc-updown-5m-1782050700,https://polymarket.com/zh/event/btc-updown-5m-1782050700,22:05-22:10,65.00,36.00,64.00,35.00,997.31,5.00,5.00,1115.82,64.50,35.50,1.00,1.00,29293.10,30455.02,30450.02,29373.10,64,35,35,64,64034.55,64035.29,,
2026-06-21T22:07:32+08:00,btc-updown-5m-1782050700,https://polymarket.com/zh/event/btc-updown-5m-1782050700,22:05-22:10,63.00,38.00,62.00,37.00,47.00,517.57,446.54,15.65,62.50,37.50,1.00,1.00,28921.10,30428.09,30418.09,28801.10,62,37,37,62,64034.55,64035.29,,
2026-06-21T22:07:33+08:00,btc-updown-5m-1782050700,https://polymarket.com/zh/event/btc-updown-5m-1782050700,22:05-22:10,65.00,36.00,64.00,35.00,216.89,404.84,425.84,216.89,64.50,35.50,1.00,1.00,29401.10,30413.09,30423.09,29421.10,64,35,35,64,64034.55,64035.29,,
2026-06-21T22:07:35+08:00,btc-updown-5m-1782050700,https://polymarket.com/zh/event/btc-updown-5m-1782050700,22:05-22:10,56.00,47.00,55.00,46.00,554.80,21.88,59.31,207.74,55.50,46.50,1.00,1.00,28865.10,30615.02,30610.02,29345.10,54,44,46,53,64034.55,64034.56,,
2026-06-21T22:07:37+08:00,btc-updown-5m-1782050700,https://polymarket.com/zh/event/btc-updown-5m-1782050700,22:05-22:10,50.00,51.00,49.00,50.00,324.73,155.02,91.32,310.66,49.50,50.50,1.00,1.00,29351.10,30720.02,30720.02,28851.10,49,50,50,49,64034.55,64034.56,,
2026-06-21T22:07:39+08:00,btc-updown-5m-1782050700,https://polymarket.com/zh/event/btc-updown-5m-1782050700,22:05-22:10,47.00,54.00,46.00,53.00,621.27,425.56,377.56,486.53,46.50,53.50,1.00,1.00,28862.10,30631.42,30746.42,28887.10,46,53,53,46,64034.55,64034.55,,
2026-06-21T22:07:41+08:00,btc-updown-5m-1782050700,https://polymarket.com/zh/event/btc-updown-5m-1782050700,22:05-22:10,47.00,54.00,46.00,53.00,81.63,634.85,674.36,81.63,46.50,53.50,1.00,1.00,28857.10,30725.42,30735.42,28867.10,46,53,53,46,64034.55,64030.51,,
2026-06-21T22:07:43+08:00,btc-updown-5m-1782050700,https://polymarket.com/zh/event/btc-updown-5m-1782050700,22:05-22:10,48.00,53.00,47.00,52.00,166.98,371.29,384.29,122.00,47.50,52.50,1.00,1.00,28867.10,30635.42,30641.42,28857.10,47,52,52,47,64034.55,64030.51,,
2026-06-21T22:07:45+08:00,btc-updown-5m-1782050700,https://polymarket.com/zh/event/btc-updown-5m-1782050700,22:05-22:10,48.00,53.00,47.00,52.00,151.73,125.00,212.14,487.59,47.50,52.50,1.00,1.00,28176.10,30561.42,30555.42,28176.10,47,52,52,47,64034.55,64030.51,,
2026-06-21T22:07:47+08:00,btc-updown-5m-1782050700,https://polymarket.com/zh/event/btc-updown-5m-1782050700,22:05-22:10,36.00,65.00,35.00,64.00,65.00,89.22,256.00,603.26,35.50,64.50,1.00,1.00,28082.10,28456.42,28445.42,30082.10,35,64,64,35,64034.55,64030.03,,
2026-06-21T22:07:49+08:00,btc-updown-5m-1782050700,https://polymarket.com/zh/event/btc-updown-5m-1782050700,22:05-22:10,35.00,66.00,34.00,65.00,625.57,96.48,60.00,583.79,34.50,65.50,1.00,1.00,30597.10,28450.42,28346.42,30587.10,34,65,65,34,64034.55,64026.45,,
2026-06-21T22:07:50+08:00,btc-updown-5m-1782050700,https://polymarket.com/zh/event/btc-updown-5m-1782050700,22:05-22:10,36.00,65.00,35.00,64.00,684.91,140.42,157.42,732.54,35.50,64.50,1.00,1.00,30597.10,28366.42,28445.42,30587.10,35,64,64,35,64034.55,64026.46,,
2026-06-21T22:07:52+08:00,btc-updown-5m-1782050700,https://polymarket.com/zh/event/btc-updown-5m-1782050700,22:05-22:10,35.00,66.00,34.00,65.00,338.52,336.22,336.22,309.23,34.50,65.50,1.00,1.00,30598.10,28350.42,28345.42,30588.10,34,65,65,34,64034.55,64026.46,,
2026-06-21T22:07:54+08:00,btc-updown-5m-1782050700,https://polymarket.com/zh/event/btc-updown-5m-1782050700,22:05-22:10,34.00,67.00,33.00,66.00,314.37,108.58,108.58,311.88,33.50,66.50,1.00,1.00,30453.10,28205.42,28231.42,30468.10,33,66,66,33,64034.55,64026.46,,
2026-06-21T22:07:56+08:00,btc-updown-5m-1782050700,https://polymarket.com/zh/event/btc-updown-5m-1782050700,22:05-22:10,33.00,68.00,32.00,67.00,310.32,78.11,78.11,338.32,32.50,67.50,1.00,1.00,30153.10,28206.42,28310.42,30168.10,32,67,67,32,64034.55,64026.46,,
2026-06-21T22:07:58+08:00,btc-updown-5m-1782050700,https://polymarket.com/zh/event/btc-updown-5m-1782050700,22:05-22:10,37.00,64.00,36.00,63.00,39.69,280.83,241.00,25.19,36.50,63.50,1.00,1.00,30153.10,28301.42,28305.42,30158.10,36,63,63,36,64034.55,64026.46,,
2026-06-21T22:08:00+08:00,btc-updown-5m-1782050700,https://polymarket.com/zh/event/btc-updown-5m-1782050700,22:05-22:10,37.00,64.00,36.00,63.00,194.05,243.39,283.39,204.05,36.50,63.50,1.00,1.00,29948.10,27995.42,27990.43,29938.10,36,63,63,36,64034.55,64025.74,,
2026-06-21T22:08:02+08:00,btc-updown-5m-1782050700,https://polymarket.com/zh/event/btc-updown-5m-1782050700,22:05-22:10,37.00,64.00,36.00,63.00,571.34,110.78,110.78,626.93,36.50,63.50,1.00,1.00,29437.10,27619.42,27604.42,29442.10,36,63,63,36,64034.55,64025.75,,
2026-06-21T22:08:04+08:00,btc-updown-5m-1782050700,https://polymarket.com/zh/event/btc-updown-5m-1782050700,22:05-22:10,37.00,64.00,36.00,63.00,691.81,87.46,87.46,657.26,36.50,63.50,1.00,1.00,29097.10,27274.43,27189.42,29102.10,36,63,63,36,64034.55,64025.75,,
2026-06-21T22:08:06+08:00,btc-updown-5m-1782050700,https://polymarket.com/zh/event/btc-updown-5m-1782050700,22:05-22:10,37.00,64.00,36.00,63.00,1029.45,40.21,40.21,1028.45,36.50,63.50,1.00,1.00,29112.10,27160.42,27244.42,29102.10,36,63,63,36,64034.55,64025.75,,
2026-06-21T22:08:08+08:00,btc-updown-5m-1782050700,https://polymarket.com/zh/event/btc-updown-5m-1782050700,22:05-22:10,36.00,65.00,35.00,64.00,377.94,1203.75,1198.75,397.38,35.50,64.50,1.00,1.00,29112.10,27159.42,27139.42,29097.10,35,64,64,35,64034.55,64025.75,,
2026-06-21T22:08:10+08:00,btc-updown-5m-1782050700,https://polymarket.com/zh/event/btc-updown-5m-1782050700,22:05-22:10,36.00,65.00,35.00,64.00,134.50,1244.53,1270.30,154.78,35.50,64.50,1.00,1.00,29097.10,27150.42,27254.42,29127.10,35,64,64,35,64034.55,64025.75,,
2026-06-21T22:08:11+08:00,btc-updown-5m-1782050700,https://polymarket.com/zh/event/btc-updown-5m-1782050700,22:05-22:10,36.00,65.00,35.00,64.00,1417.24,885.41,885.41,1453.56,35.50,64.50,1.00,1.00,29247.10,26989.42,27009.42,29262.10,35,64,64,35,64034.55,64025.75,,
2026-06-21T22:08:13+08:00,btc-updown-5m-1782050700,https://polymarket.com/zh/event/btc-updown-5m-1782050700,22:05-22:10,36.00,65.00,35.00,64.00,1440.00,867.21,957.21,2131.20,35.50,64.50,1.00,1.00,28947.10,27089.42,27109.42,28952.10,35,64,64,35,64034.55,64025.74,,
2026-06-21T22:08:15+08:00,btc-updown-5m-1782050700,https://polymarket.com/zh/event/btc-updown-5m-1782050700,22:05-22:10,27.00,76.00,26.00,75.00,1040.55,131.86,5.00,417.33,26.50,75.50,1.00,1.00,28947.10,27194.42,27104.42,28947.10,25,73,75,24,64034.55,64018.35,,
2026-06-21T22:08:17+08:00,btc-updown-5m-1782050700,https://polymarket.com/zh/event/btc-updown-5m-1782050700,22:05-22:10,24.00,77.00,23.00,76.00,1103.95,44.50,44.50,1078.95,23.50,76.50,1.00,1.00,28392.10,26344.43,26440.42,28392.10,23,76,76,23,64034.55,64014.31,,
2026-06-21T22:08:19+08:00,btc-updown-5m-1782050700,https://polymarket.com/zh/event/btc-updown-5m-1782050700,22:05-22:10,24.00,77.00,23.00,76.00,303.97,429.34,404.34,328.97,23.50,76.50,1.00,1.00,28292.10,26434.42,26339.43,28292.10,23,76,76,23,64034.55,64016.07,,
2026-06-21T22:08:21+08:00,btc-updown-5m-1782050700,https://polymarket.com/zh/event/btc-updown-5m-1782050700,22:05-22:10,24.00,77.00,23.00,76.00,725.29,25.38,46.38,935.94,23.50,76.50,1.00,1.00,27823.10,25731.07,25711.07,27823.10,23,76,76,23,64034.55,64016.07,,
2026-06-21T22:08:23+08:00,btc-updown-5m-1782050700,https://polymarket.com/zh/event/btc-updown-5m-1782050700,22:05-22:10,22.00,79.00,21.00,78.00,981.11,34.13,45.46,903.83,21.50,78.50,1.00,1.00,27828.10,26126.08,26142.07,27828.10,21,78,78,21,64034.55,64016.07,,
2026-06-21T22:08:24+08:00,btc-updown-5m-1782050700,https://polymarket.com/zh/event/btc-updown-5m-1782050700,22:05-22:10,32.00,70.00,31.00,69.00,828.73,164.19,33.85,75.00,31.50,69.50,1.00,1.00,27717.10,25812.07,25717.07,27717.10,31,68,69,30,64034.55,64019.75,,
2026-06-21T22:08:26+08:00,btc-updown-5m-1782050700,https://polymarket.com/zh/event/btc-updown-5m-1782050700,22:05-22:10,31.00,70.00,30.00,69.00,331.79,300.73,398.43,340.61,30.50,69.50,1.00,1.00,27482.10,25476.07,25482.07,27467.10,30,69,69,30,64034.55,64019.75,,
2026-06-21T22:08:28+08:00,btc-updown-5m-1782050700,https://polymarket.com/zh/event/btc-updown-5m-1782050700,22:05-22:10,31.00,70.00,30.00,69.00,511.71,251.65,251.65,690.30,30.50,69.50,1.00,1.00,27417.10,25371.08,25372.07,27422.10,30,69,69,30,64034.55,64019.75,,
2026-06-21T22:08:30+08:00,btc-updown-5m-1782050700,https://polymarket.com/zh/event/btc-updown-5m-1782050700,22:05-22:10,31.00,70.00,30.00,69.00,730.90,160.85,160.85,735.44,30.50,69.50,1.00,1.00,27283.76,25361.07,25061.08,26968.76,30,69,69,30,64034.55,64019.76,,
2026-06-21T22:08:32+08:00,btc-updown-5m-1782050700,https://polymarket.com/zh/event/btc-updown-5m-1782050700,22:05-22:10,29.00,72.00,28.00,71.00,67.57,811.39,561.64,41.57,28.50,71.50,1.00,1.00,26373.76,24422.07,24402.07,26373.76,28,71,71,28,64034.55,64019.76,,
2026-06-21T22:08:34+08:00,btc-updown-5m-1782050700,https://polymarket.com/zh/event/btc-updown-5m-1782050700,22:05-22:10,27.00,74.00,26.00,73.00,310.14,304.93,289.93,277.00,26.50,73.50,1.00,1.00,26367.76,24421.07,24421.08,26367.76,26,73,73,26,64034.55,64019.76,,
2026-06-21T22:08:36+08:00,btc-updown-5m-1782050700,https://polymarket.com/zh/event/btc-updown-5m-1782050700,22:05-22:10,27.00,74.00,26.00,73.00,243.29,288.44,254.20,254.19,26.50,73.50,1.00,1.00,26867.76,24422.07,24426.07,26867.76,26,73,73,26,64034.55,64019.76,,
2026-06-21T22:08:38+08:00,btc-updown-5m-1782050700,https://polymarket.com/zh/event/btc-updown-5m-1782050700,22:05-22:10,26.00,75.00,25.00,74.00,253.19,325.94,325.94,216.19,25.50,74.50,1.00,1.00,26867.76,24322.07,24426.07,26867.76,25,74,74,25,64034.55,64019.76,,
2026-06-21T22:08:40+08:00,btc-updown-5m-1782050700,https://polymarket.com/zh/event/btc-updown-5m-1782050700,22:05-22:10,24.00,77.00,23.00,76.00,26.41,629.38,655.10,26.41,23.50,76.50,1.00,1.00,26867.76,24436.07,24321.08,26367.76,23,76,76,23,64034.55,64019.75,,
2026-06-21T22:08:42+08:00,btc-updown-5m-1782050700,https://polymarket.com/zh/event/btc-updown-5m-1782050700,22:05-22:10,25.00,76.00,24.00,75.00,15.00,607.60,626.17,20.32,24.50,75.50,1.00,1.00,26367.76,24436.07,24422.07,26367.76,24,75,75,24,64034.55,64019.76,,
2026-06-21T22:08:43+08:00,btc-updown-5m-1782050700,https://polymarket.com/zh/event/btc-updown-5m-1782050700,22:05-22:10,29.00,72.00,28.00,71.00,245.50,416.75,185.85,272.38,28.50,71.50,1.00,1.00,26367.76,24327.07,24331.08,26367.76,28,71,71,28,64034.55,64022.40,,
2026-06-21T22:08:45+08:00,btc-updown-5m-1782050700,https://polymarket.com/zh/event/btc-updown-5m-1782050700,22:05-22:10,29.00,72.00,28.00,71.00,959.15,5.27,5.27,970.15,28.50,71.50,1.00,1.00,26242.76,24301.07,24196.07,26242.76,28,71,71,28,64034.55,64021.31,,
2026-06-21T22:08:47+08:00,btc-updown-5m-1782050700,https://polymarket.com/zh/event/btc-updown-5m-1782050700,22:05-22:10,27.00,74.00,26.00,73.00,257.70,110.24,110.24,246.58,26.50,73.50,1.00,1.00,24242.76,24201.08,24207.07,24242.76,26,73,73,26,64034.55,64021.31,,
2026-06-21T22:08:49+08:00,btc-updown-5m-1782050700,https://polymarket.com/zh/event/btc-updown-5m-1782050700,22:05-22:10,26.00,75.00,25.00,74.00,34.32,710.67,702.67,39.32,25.50,74.50,1.00,1.00,24237.76,24297.07,24301.07,24237.76,25,74,74,25,64034.55,64021.32,,
2026-06-21T22:08:51+08:00,btc-updown-5m-1782050700,https://polymarket.com/zh/event/btc-updown-5m-1782050700,22:05-22:10,26.00,75.00,25.00,74.00,524.34,37.15,41.66,739.75,25.50,74.50,1.00,1.00,23737.76,23791.07,23712.07,23737.76,25,74,74,25,64034.55,64021.32,,
2026-06-21T22:08:53+08:00,btc-updown-5m-1782050700,https://polymarket.com/zh/event/btc-updown-5m-1782050700,22:05-22:10,25.00,76.00,24.00,75.00,850.60,62.34,34.34,689.10,24.50,75.50,1.00,1.00,24237.76,23784.41,23794.41,24237.76,24,75,75,24,64034.55,64021.32,,
2026-06-21T22:08:55+08:00,btc-updown-5m-1782050700,https://polymarket.com/zh/event/btc-updown-5m-1782050700,22:05-22:10,23.00,78.00,22.00,77.00,26.00,594.53,450.40,10.00,22.50,77.50,1.00,1.00,24012.76,23464.41,23470.41,24087.76,22,77,77,22,64034.55,64018.43,,
2026-06-21T22:08:57+08:00,btc-updown-5m-1782050700,https://polymarket.com/zh/event/btc-updown-5m-1782050700,22:05-22:10,23.00,79.00,22.00,78.00,467.13,209.01,33.00,70.00,22.50,78.50,1.00,1.00,24268.76,23469.41,23464.41,24268.76,22,77,78,21,64034.55,64018.43,,
2026-06-21T22:08:58+08:00,btc-updown-5m-1782050700,https://polymarket.com/zh/event/btc-updown-5m-1782050700,22:05-22:10,21.00,80.00,20.00,79.00,6.15,1040.10,1048.82,6.15,20.50,79.50,1.00,1.00,23789.76,23559.41,23569.41,23789.76,20,79,79,20,64034.55,64018.46,,
2026-06-21T22:09:00+08:00,btc-updown-5m-1782050700,https://polymarket.com/zh/event/btc-updown-5m-1782050700,22:05-22:10,21.00,80.00,20.00,79.00,130.62,742.50,702.50,129.62,20.50,79.50,1.00,1.00,24489.76,23514.41,23614.41,23989.76,20,79,79,20,64034.55,64018.46,,
2026-06-21T22:09:02+08:00,btc-updown-5m-1782050700,https://polymarket.com/zh/event/btc-updown-5m-1782050700,22:05-22:10,21.00,80.00,20.00,79.00,59.44,552.16,553.41,59.44,20.50,79.50,1.00,1.00,24490.76,23704.41,23709.42,24490.76,20,79,79,20,64034.55,64018.46,,
2026-06-21T22:09:04+08:00,btc-updown-5m-1782050700,https://polymarket.com/zh/event/btc-updown-5m-1782050700,22:05-22:10,21.00,80.00,20.00,79.00,129.48,241.38,341.88,165.65,20.50,79.50,1.00,1.00,24220.76,23535.41,23534.41,24220.76,20,79,79,20,64034.55,64018.46,,
2026-06-21T22:09:06+08:00,btc-updown-5m-1782050700,https://polymarket.com/zh/event/btc-updown-5m-1782050700,22:05-22:10,21.00,80.00,20.00,79.00,586.64,88.36,88.36,607.66,20.50,79.50,1.00,1.00,24220.76,23529.42,23434.41,23546.89,20,79,79,20,64034.55,64018.46,,
2026-06-21T22:09:08+08:00,btc-updown-5m-1782050700,https://polymarket.com/zh/event/btc-updown-5m-1782050700,22:05-22:10,9.00,92.00,8.00,91.00,189.15,66.59,73.00,47.00,8.50,91.50,1.00,1.00,22048.69,23524.41,23434.42,22006.29,8,91,91,8,64034.55,64011.99,,
2026-06-21T22:09:10+08:00,btc-updown-5m-1782050700,https://polymarket.com/zh/event/btc-updown-5m-1782050700,22:05-22:10,11.00,90.00,10.00,89.00,332.03,29.49,29.49,383.03,10.50,89.50,1.00,1.00,22078.92,23434.42,23419.41,22078.92,10,89,89,10,64034.55,64011.98,,
2026-06-21T22:09:12+08:00,btc-updown-5m-1782050700,https://polymarket.com/zh/event/btc-updown-5m-1782050700,22:05-22:10,9.00,92.00,8.00,91.00,106.21,191.94,231.46,192.31,8.50,91.50,1.00,1.00,22070.06,23324.41,23230.41,22121.28,8,91,91,8,64034.55,64011.84,,
2026-06-21T22:09:13+08:00,btc-updown-5m-1782050700,https://polymarket.com/zh/event/btc-updown-5m-1782050700,22:05-22:10,8.00,93.00,7.00,92.00,15.00,310.66,352.92,4.50,7.50,92.50,1.00,1.00,21976.50,23404.91,23508.91,21976.50,7,92,92,7,64034.55,64011.84,,
2026-06-21T22:09:15+08:00,btc-updown-5m-1782050700,https://polymarket.com/zh/event/btc-updown-5m-1782050700,22:05-22:10,7.00,96.00,6.00,95.00,1123.39,415.67,50.03,344.50,6.50,95.50,1.00,1.00,22045.93,23413.91,23398.91,21414.90,6,93,95,4,64034.55,64011.84,,
2026-06-21T22:09:17+08:00,btc-updown-5m-1782050700,https://polymarket.com/zh/event/btc-updown-5m-1782050700,22:05-22:10,4.00,97.00,3.00,96.00,1082.00,63.94,207.22,1135.00,3.50,96.50,1.00,1.00,13013.46,23857.91,23971.91,12950.28,3,96,96,3,64034.55,64010.33,,
2026-06-21T22:09:19+08:00,btc-updown-5m-1782050700,https://polymarket.com/zh/event/btc-updown-5m-1782050700,22:05-22:10,3.00,98.00,2.00,97.00,1361.60,1173.16,1183.27,1335.50,2.50,97.50,1.00,1.00,6769.45,23080.51,22981.52,6759.34,2,97,97,2,64034.55,64003.93,,
2026-06-21T22:09:21+08:00,btc-updown-5m-1782050700,https://polymarket.com/zh/event/btc-updown-5m-1782050700,22:05-22:10,3.00,98.00,2.00,97.00,1504.31,845.83,845.83,1504.31,2.50,97.50,1.00,1.00,6593.80,22970.51,22964.51,6593.80,2,97,97,2,64034.55,64002.15,,
2026-06-21T22:09:23+08:00,btc-updown-5m-1782050700,https://polymarket.com/zh/event/btc-updown-5m-1782050700,22:05-22:10,3.00,98.00,2.00,97.00,1873.15,225.29,246.32,1862.84,2.50,97.50,1.00,1.00,5826.50,23179.51,23289.51,5805.47,2,97,97,2,64034.55,63991.98,,
2026-06-21T22:09:25+08:00,btc-updown-5m-1782050700,https://polymarket.com/zh/event/btc-updown-5m-1782050700,22:05-22:10,2.00,99.00,1.00,98.00,648.84,5447.71,5447.30,637.52,1.50,98.50,1.00,1.00,5447.30,23198.93,23167.93,5447.71,1,98,98,1,64034.55,63990.91,,
2026-06-21T22:09:26+08:00,btc-updown-5m-1782050700,https://polymarket.com/zh/event/btc-updown-5m-1782050700,22:05-22:10,2.00,99.00,1.00,98.00,636.02,4700.65,4765.84,646.02,1.50,98.50,1.00,1.00,4765.84,23283.93,23278.93,4700.65,1,98,98,1,64034.55,63990.00,,
2026-06-21T22:09:28+08:00,btc-updown-5m-1782050700,https://polymarket.com/zh/event/btc-updown-5m-1782050700,22:05-22:10,2.00,99.00,1.00,98.00,1179.02,3739.99,3735.30,1186.02,1.50,98.50,1.00,1.00,3735.30,23188.93,23162.93,3739.99,1,98,98,1,64034.55,63990.00,,
2026-06-21T22:09:30+08:00,btc-updown-5m-1782050700,https://polymarket.com/zh/event/btc-updown-5m-1782050700,22:05-22:10,2.00,99.00,1.00,98.00,1461.33,3331.90,3331.96,1481.33,1.50,98.50,1.00,1.00,3331.96,22915.60,22895.60,3331.90,1,98,98,1,64034.55,63989.45,,
2026-06-21T22:09:32+08:00,btc-updown-5m-1782050700,https://polymarket.com/zh/event/btc-updown-5m-1782050700,22:05-22:10,2.00,99.00,1.00,98.00,1437.57,1651.93,2695.04,1437.57,1.50,98.50,1.00,1.00,2695.04,22924.60,22929.60,1651.93,1,98,98,1,64034.55,63989.56,,
2026-06-21T22:09:34+08:00,btc-updown-5m-1782050700,https://polymarket.com/zh/event/btc-updown-5m-1782050700,22:05-22:10,1.00,,,99.00,4244.70,,,4244.70,,,,,,21424.60,21429.60,,0,99,99,0,64034.55,63997.18,,
2026-06-21T22:09:36+08:00,btc-updown-5m-1782050700,https://polymarket.com/zh/event/btc-updown-5m-1782050700,22:05-22:10,1.00,,,99.00,3952.80,,,3952.80,,,,,,20788.61,20772.61,,0,99,99,0,64034.55,63996.66,,
2026-06-21T22:09:38+08:00,btc-updown-5m-1782050700,https://polymarket.com/zh/event/btc-updown-5m-1782050700,22:05-22:10,1.00,,,99.00,3824.80,,,3824.80,,,,,,20767.61,20757.61,,0,99,99,0,64034.55,63996.47,,
2026-06-21T22:09:40+08:00,btc-updown-5m-1782050700,https://polymarket.com/zh/event/btc-updown-5m-1782050700,22:05-22:10,1.00,,,99.00,4745.87,,,4755.97,,,,,,20788.61,20722.61,,0,99,99,0,64034.55,63996.46,,
2026-06-21T22:09:42+08:00,btc-updown-5m-1782050700,https://polymarket.com/zh/event/btc-updown-5m-1782050700,22:05-22:10,1.00,,,99.00,4524.84,,,4510.56,,,,,,21322.61,21348.61,,0,99,99,0,64034.55,63996.46,,
2026-06-21T22:09:44+08:00,btc-updown-5m-1782050700,https://polymarket.com/zh/event/btc-updown-5m-1782050700,22:05-22:10,1.00,,,99.00,7035.61,,,7035.61,,,,,,21338.61,21322.61,,0,99,99,0,64034.55,63997.06,,
2026-06-21T22:09:45+08:00,btc-updown-5m-1782050700,https://polymarket.com/zh/event/btc-updown-5m-1782050700,22:05-22:10,1.00,,,99.00,7686.05,,,7695.20,,,,,,20548.12,20554.12,,0,99,99,0,64034.55,63997.06,,
2026-06-21T22:09:47+08:00,btc-updown-5m-1782050700,https://polymarket.com/zh/event/btc-updown-5m-1782050700,22:05-22:10,1.00,,,99.00,7665.65,,,7665.65,,,,,,20599.12,20311.12,,0,99,99,0,64034.55,63997.06,,
2026-06-21T22:09:49+08:00,btc-updown-5m-1782050700,https://polymarket.com/zh/event/btc-updown-5m-1782050700,22:05-22:10,1.00,,,99.00,7519.50,,,7519.50,,,,,,19315.12,19324.12,,0,74,74,0,64034.55,63999.76,,
2026-06-21T22:09:51+08:00,btc-updown-5m-1782050700,https://polymarket.com/zh/event/btc-updown-5m-1782050700,22:05-22:10,1.00,,,99.00,7461.50,,,7461.50,,,,,,11494.19,11474.19,,0,72,72,0,64034.55,63999.76,,
2026-06-21T22:09:53+08:00,btc-updown-5m-1782050700,https://polymarket.com/zh/event/btc-updown-5m-1782050700,22:05-22:10,1.00,,,99.00,7803.34,,,8053.34,,,,,,11479.19,11495.19,,0,72,72,0,64034.55,63999.77,,
2026-06-21T22:09:55+08:00,btc-updown-5m-1782050700,https://polymarket.com/zh/event/btc-updown-5m-1782050700,22:05-22:10,1.00,,,99.00,8467.64,,,8622.64,,,,,,11479.19,11489.19,,0,72,72,0,64034.55,63999.77,,
2026-06-21T22:09:57+08:00,btc-updown-5m-1782050700,https://polymarket.com/zh/event/btc-updown-5m-1782050700,22:05-22:10,1.00,,,99.00,8966.28,,,10753.34,,,,,,11502.52,11487.52,,0,72,72,0,64034.55,63999.76,,
2026-06-21T22:09:59+08:00,btc-updown-5m-1782050700,https://polymarket.com/zh/event/btc-updown-5m-1782050700,22:05-22:10,1.00,,,99.00,18374.01,,,20403.02,,,,,,11518.52,11482.52,,0,77,77,0,64034.55,64003.91,,
2026-06-21T22:10:01+08:00,btc-updown-5m-1782051000,https://polymarket.com/zh/event/btc-updown-5m-1782051000,22:10-22:15,51.00,50.00,50.00,49.00,52.64,53.00,53.00,92.64,50.50,49.50,1.00,1.00,35228.63,34550.16,22937.16,23620.63,50,49,49,50,64003.91,64003.91,,
2026-06-21T22:10:02+08:00,btc-updown-5m-1782051000,https://polymarket.com/zh/event/btc-updown-5m-1782051000,22:10-22:15,52.00,49.00,51.00,48.00,248.00,31.47,31.47,246.00,51.50,48.50,1.00,1.00,24013.97,23210.51,23215.51,24509.97,51,48,48,51,64003.91,64003.99,,
2026-06-21T22:10:04+08:00,btc-updown-5m-1782051000,https://polymarket.com/zh/event/btc-updown-5m-1782051000,22:10-22:15,50.00,51.00,49.00,50.00,242.86,139.05,139.05,242.86,49.50,50.50,1.00,1.00,24129.23,23321.51,23310.51,24129.23,49,50,50,49,64003.91,64003.99,,
2026-06-21T22:10:06+08:00,btc-updown-5m-1782051000,https://polymarket.com/zh/event/btc-updown-5m-1782051000,22:10-22:15,50.00,51.00,49.00,50.00,173.86,753.17,723.67,226.36,49.50,50.50,1.00,1.00,24119.23,23436.52,23430.51,24134.23,49,50,50,49,64003.91,64004.00,,
2026-06-21T22:10:08+08:00,btc-updown-5m-1782051000,https://polymarket.com/zh/event/btc-updown-5m-1782051000,22:10-22:15,44.00,57.00,43.00,56.00,301.02,150.27,160.27,348.79,43.50,56.50,1.00,1.00,23054.23,23335.51,23435.51,23044.23,43,56,56,43,64003.91,64004.00,,
2026-06-21T22:10:10+08:00,btc-updown-5m-1782051000,https://polymarket.com/zh/event/btc-updown-5m-1782051000,22:10-22:15,44.00,57.00,43.00,56.00,101.02,813.52,458.14,59.56,43.50,56.50,1.00,1.00,23159.23,22366.51,22381.51,23159.23,43,56,56,43,64003.91,64004.00,,
2026-06-21T22:10:12+08:00,btc-updown-5m-1782051000,https://polymarket.com/zh/event/btc-updown-5m-1782051000,22:10-22:15,50.00,51.00,49.00,50.00,134.50,592.82,886.82,131.50,49.50,50.50,1.00,1.00,23379.23,22815.52,22906.51,23389.23,49,50,50,49,64003.91,64005.96,,
2026-06-21T22:10:14+08:00,btc-updown-5m-1782051000,https://polymarket.com/zh/event/btc-updown-5m-1782051000,22:10-22:15,50.00,51.00,49.00,50.00,5.00,581.32,592.32,36.00,49.50,50.50,1.00,1.00,23499.23,22950.51,23055.52,23984.23,49,50,50,49,64003.91,64005.96,,
2026-06-21T22:10:16+08:00,btc-updown-5m-1782051000,https://polymarket.com/zh/event/btc-updown-5m-1782051000,22:10-22:15,47.00,55.00,46.00,54.00,538.37,252.66,27.00,361.50,46.50,54.50,1.00,1.00,23589.23,23140.51,23151.51,23699.23,46,53,54,45,64003.91,64005.97,,
2026-06-21T22:10:17+08:00,btc-updown-5m-1782051000,https://polymarket.com/zh/event/btc-updown-5m-1782051000,22:10-22:15,47.00,54.00,46.00,53.00,606.83,41.17,32.90,539.20,46.50,53.50,1.00,1.00,23694.23,23266.52,23151.51,23689.23,46,53,53,46,64003.91,64005.97,,
2026-06-21T22:10:19+08:00,btc-updown-5m-1782051000,https://polymarket.com/zh/event/btc-updown-5m-1782051000,22:10-22:15,42.00,59.00,41.00,58.00,355.00,237.28,230.21,308.00,41.50,58.50,1.00,1.00,23599.23,23160.51,23160.52,23851.83,41,58,58,41,64003.91,64002.04,,
2026-06-21T22:10:21+08:00,btc-updown-5m-1782051000,https://polymarket.com/zh/event/btc-updown-5m-1782051000,22:10-22:15,38.00,63.00,37.00,62.00,374.55,279.83,239.83,124.24,37.50,62.50,1.00,1.00,24739.02,24298.90,24360.60,24729.02,37,62,62,37,64003.91,63994.05,,
2026-06-21T22:10:23+08:00,btc-updown-5m-1782051000,https://polymarket.com/zh/event/btc-updown-5m-1782051000,22:10-22:15,39.00,62.00,38.00,61.00,722.69,28.51,59.07,773.69,38.50,61.50,1.00,1.00,25009.45,24311.30,24425.30,25019.45,38,61,61,38,64003.91,63994.05,,
2026-06-21T22:10:25+08:00,btc-updown-5m-1782051000,https://polymarket.com/zh/event/btc-updown-5m-1782051000,22:10-22:15,39.00,63.00,38.00,62.00,606.07,490.65,45.82,75.00,38.50,62.50,1.00,1.00,25248.85,24699.99,24604.99,25243.85,38,61,62,37,64003.91,63994.05,,
2026-06-21T22:10:27+08:00,btc-updown-5m-1782051000,https://polymarket.com/zh/event/btc-updown-5m-1782051000,22:10-22:15,45.00,58.00,40.00,50.00,15.69,91.90,18.50,352.75,42.50,54.00,5.00,8.00,24872.85,24893.70,24799.70,24872.85,39,55,50,42,64003.91,63994.06,,
2026-06-21T22:10:29+08:00,btc-updown-5m-1782051000,https://polymarket.com/zh/event/btc-updown-5m-1782051000,22:10-22:15,49.00,52.00,48.00,51.00,590.90,114.85,108.82,575.90,48.50,51.50,1.00,1.00,24982.86,24799.69,24999.70,24977.86,48,51,51,48,64003.91,64005.00,,
2026-06-21T22:10:30+08:00,btc-updown-5m-1782051000,https://polymarket.com/zh/event/btc-updown-5m-1782051000,22:10-22:15,49.00,52.00,48.00,51.00,142.32,429.66,419.84,129.32,48.50,51.50,1.00,1.00,24992.86,24788.69,24773.69,24982.86,48,51,51,48,64003.91,64005.00,,
2026-06-21T22:10:32+08:00,btc-updown-5m-1782051000,https://polymarket.com/zh/event/btc-updown-5m-1782051000,22:10-22:15,49.00,52.00,48.00,51.00,509.92,73.59,73.59,501.92,48.50,51.50,1.00,1.00,27177.86,24599.70,24594.69,27177.86,48,51,51,48,64003.91,64005.00,,
2026-06-21T22:10:34+08:00,btc-updown-5m-1782051000,https://polymarket.com/zh/event/btc-updown-5m-1782051000,22:10-22:15,49.00,51.00,48.00,50.00,10.00,288.90,894.53,552.15,48.50,50.50,1.00,1.00,27182.86,24373.69,24393.69,27187.86,48,51,50,49,64003.91,64005.00,,
2026-06-21T22:10:36+08:00,btc-updown-5m-1782051000,https://polymarket.com/zh/event/btc-updown-5m-1782051000,22:10-22:15,50.00,51.00,49.00,50.00,714.57,315.90,315.90,754.57,49.50,50.50,1.00,1.00,27237.86,24383.69,24378.69,27217.86,49,50,50,49,64003.91,64004.99,,
2026-06-21T22:10:38+08:00,btc-updown-5m-1782051000,https://polymarket.com/zh/event/btc-updown-5m-1782051000,22:10-22:15,50.00,51.00,49.00,50.00,708.30,305.90,310.90,751.30,49.50,50.50,1.00,1.00,27228.26,24478.69,24494.69,27238.26,49,50,50,49,64003.91,64005.00,,
2026-06-21T22:10:40+08:00,btc-updown-5m-1782051000,https://polymarket.com/zh/event/btc-updown-5m-1782051000,22:10-22:15,50.00,51.00,49.00,50.00,852.30,68.19,83.00,802.30,49.50,50.50,1.00,1.00,27223.26,24589.70,24594.69,27238.26,49,50,50,49,64003.91,64004.99,,
2026-06-21T22:10:42+08:00,btc-updown-5m-1782051000,https://polymarket.com/zh/event/btc-updown-5m-1782051000,22:10-22:15,51.00,50.00,50.00,49.00,397.61,487.47,529.47,397.61,50.50,49.50,1.00,1.00,27233.26,24573.69,24503.70,27928.26,50,49,49,50,64003.91,64004.99,,
2026-06-21T22:10:44+08:00,btc-updown-5m-1782051000,https://polymarket.com/zh/event/btc-updown-5m-1782051000,22:10-22:15,52.00,49.00,51.00,48.00,314.02,473.20,491.15,334.02,51.50,48.50,1.00,1.00,27233.26,24578.69,24578.69,27243.26,51,48,48,51,64003.91,64004.99,,
2026-06-21T22:10:45+08:00,btc-updown-5m-1782051000,https://polymarket.com/zh/event/btc-updown-5m-1782051000,22:10-22:15,62.00,39.00,61.00,37.00,1.64,595.06,123.50,91.64,61.50,38.00,1.00,2.00,27058.28,26838.69,27146.69,27543.27,61,38,37,61,64003.91,64010.24,,
2026-06-21T22:10:47+08:00,btc-updown-5m-1782051000,https://polymarket.com/zh/event/btc-updown-5m-1782051000,22:10-22:15,64.00,37.00,63.00,36.00,456.40,697.01,722.01,515.40,63.50,36.50,1.00,1.00,25148.26,27147.69,27142.69,25143.26,63,36,36,63,64003.91,64013.99,,
2026-06-21T22:10:49+08:00,btc-updown-5m-1782051000,https://polymarket.com/zh/event/btc-updown-5m-1782051000,22:10-22:15,64.00,38.00,63.00,37.00,645.45,466.00,76.97,10.00,63.50,37.50,1.00,1.00,25633.26,27142.69,27157.69,25638.26,63,36,37,62,64003.91,64013.99,,
2026-06-21T22:10:51+08:00,btc-updown-5m-1782051000,https://polymarket.com/zh/event/btc-updown-5m-1782051000,22:10-22:15,63.00,38.00,62.00,37.00,66.21,829.52,1061.99,64.62,62.50,37.50,1.00,1.00,25033.26,26536.69,26312.69,25048.27,62,37,37,62,64003.91,64013.99,,
2026-06-21T22:10:53+08:00,btc-updown-5m-1782051000,https://polymarket.com/zh/event/btc-updown-5m-1782051000,22:10-22:15,63.00,38.00,62.00,37.00,63.91,946.10,958.10,63.91,62.50,37.50,1.00,1.00,25633.26,26317.69,26307.69,25033.26,62,37,37,62,64003.91,64013.99,,
2026-06-21T22:10:55+08:00,btc-updown-5m-1782051000,https://polymarket.com/zh/event/btc-updown-5m-1782051000,22:10-22:15,63.00,38.00,62.00,37.00,448.25,255.15,309.15,487.78,62.50,37.50,1.00,1.00,25038.27,26307.69,26317.69,25648.26,62,37,37,62,64003.91,64013.99,,
2026-06-21T22:10:57+08:00,btc-updown-5m-1782051000,https://polymarket.com/zh/event/btc-updown-5m-1782051000,22:10-22:15,63.00,38.00,62.00,37.00,461.09,353.68,353.68,454.40,62.50,37.50,1.00,1.00,25028.26,26307.69,26312.69,25043.26,62,37,37,62,64003.91,64013.98,,
2026-06-21T22:10:59+08:00,btc-updown-5m-1782051000,https://polymarket.com/zh/event/btc-updown-5m-1782051000,22:10-22:15,63.00,38.00,62.00,37.00,448.39,75.06,80.33,472.67,62.50,37.50,1.00,1.00,25139.02,26307.69,26322.69,25039.02,62,37,37,62,64003.91,64013.99,,
2026-06-21T22:11:00+08:00,btc-updown-5m-1782051000,https://polymarket.com/zh/event/btc-updown-5m-1782051000,22:10-22:15,63.00,39.00,61.00,38.00,1072.10,10.00,23.00,740.30,62.00,38.50,2.00,1.00,32494.03,33147.69,33157.69,31784.02,61,37,38,59,64003.91,64013.98,,
2026-06-21T22:11:02+08:00,btc-updown-5m-1782051000,https://polymarket.com/zh/event/btc-updown-5m-1782051000,22:10-22:15,56.00,45.00,55.00,44.00,61.49,802.41,853.41,61.49,55.50,44.50,1.00,1.00,32184.03,33186.69,33181.69,32179.02,55,44,44,55,64003.91,64008.27,,
2026-06-21T22:11:04+08:00,btc-updown-5m-1782051000,https://polymarket.com/zh/event/btc-updown-5m-1782051000,22:10-22:15,56.00,45.00,55.00,44.00,616.29,307.02,262.02,401.51,55.50,44.50,1.00,1.00,31579.02,33181.69,33191.69,31589.02,55,44,44,55,64003.91,64008.27,,
2026-06-21T22:11:06+08:00,btc-updown-5m-1782051000,https://polymarket.com/zh/event/btc-updown-5m-1782051000,22:10-22:15,58.00,43.00,57.00,42.00,762.25,45.00,50.00,785.25,57.50,42.50,1.00,1.00,31917.02,33008.69,33023.69,32032.03,57,42,42,57,64003.91,64008.27,,
