ts_iso,slug,market_url,window_text,buy_up_cents,buy_down_cents,sell_up_cents,sell_down_cents,buy_up_size,buy_down_size,sell_up_size,sell_down_size,mid_up_cents,mid_down_cents,spread_up_cents,spread_down_cents,bid_depth_up_5,ask_depth_up_5,bid_depth_down_5,ask_depth_down_5,level_count_bid_up,level_count_ask_up,level_count_bid_down,level_count_ask_down,target_price,final_price,trade_count_1s,trade_volume_1s
2026-08-24T16:51:31+08:00,btc-updown-5m-1787561400,https://polymarket.com/zh/event/btc-updown-5m-1787561400,16:50-16:55,28.00,73.00,27.00,72.00,369.92,43.24,84.96,514.43,27.50,72.50,1.00,1.00,8753.15,12614.96,12509.96,12748.15,27,72,72,27,,77082.48,,
2026-08-24T16:51:33+08:00,btc-updown-5m-1787561400,https://polymarket.com/zh/event/btc-updown-5m-1787561400,16:50-16:55,27.00,74.00,26.00,73.00,298.24,67.97,67.97,285.28,26.50,73.50,1.00,1.00,8718.15,12594.96,12504.96,8723.15,26,73,73,26,,77082.48,,
2026-08-24T16:51:35+08:00,btc-updown-5m-1787561400,https://polymarket.com/zh/event/btc-updown-5m-1787561400,16:50-16:55,27.00,74.00,26.00,73.00,236.43,187.00,187.00,198.86,26.50,73.50,1.00,1.00,8728.15,12489.96,12593.96,8723.15,26,73,73,26,,77082.48,,
2026-08-24T16:51:37+08:00,btc-updown-5m-1787561400,https://polymarket.com/zh/event/btc-updown-5m-1787561400,16:50-16:55,27.00,74.00,26.00,73.00,190.22,180.00,180.00,190.22,26.50,73.50,1.00,1.00,8723.15,12588.96,12503.96,8728.15,26,73,73,26,,77082.47,,
2026-08-24T16:51:39+08:00,btc-updown-5m-1787561400,https://polymarket.com/zh/event/btc-updown-5m-1787561400,16:50-16:55,25.00,76.00,24.00,75.00,160.88,248.00,168.00,5.31,24.50,75.50,1.00,1.00,8718.15,12498.96,12583.96,8718.15,24,75,75,24,,77082.47,,
2026-08-24T16:51:41+08:00,btc-updown-5m-1787561400,https://polymarket.com/zh/event/btc-updown-5m-1787561400,16:50-16:55,23.00,78.00,22.00,77.00,110.00,352.19,338.15,90.00,22.50,77.50,1.00,1.00,8794.33,12499.97,12494.96,8794.33,22,77,77,22,,77082.47,,
2026-08-24T16:51:43+08:00,btc-updown-5m-1787561400,https://polymarket.com/zh/event/btc-updown-5m-1787561400,16:50-16:55,25.00,76.00,24.00,75.00,54.00,272.64,272.64,54.00,24.50,75.50,1.00,1.00,8774.33,12524.96,12609.97,8774.33,24,75,75,24,,77082.40,,
2026-08-24T16:51:45+08:00,btc-updown-5m-1787561400,https://polymarket.com/zh/event/btc-updown-5m-1787561400,16:50-16:55,29.00,72.00,28.00,71.00,40.60,97.62,369.76,383.25,28.50,71.50,1.00,1.00,8823.15,12608.95,12618.95,8833.15,28,71,71,28,,77083.30,,
2026-08-24T16:51:47+08:00,btc-updown-5m-1787561400,https://polymarket.com/zh/event/btc-updown-5m-1787561400,16:50-16:55,28.00,73.00,27.00,72.00,100.00,375.96,377.33,100.00,27.50,72.50,1.00,1.00,8798.15,12513.95,12508.95,8808.15,27,72,72,27,,77083.29,,
2026-08-24T16:51:48+08:00,btc-updown-5m-1787561400,https://polymarket.com/zh/event/btc-updown-5m-1787561400,16:50-16:55,24.00,77.00,23.00,76.00,123.00,165.00,165.00,121.62,23.50,76.50,1.00,1.00,8803.15,12613.96,12513.95,8798.15,23,76,76,23,,77079.83,,
2026-08-24T16:51:50+08:00,btc-updown-5m-1787561400,https://polymarket.com/zh/event/btc-updown-5m-1787561400,16:50-16:55,26.00,75.00,25.00,74.00,154.76,311.84,313.46,159.76,25.50,74.50,1.00,1.00,8828.15,12578.95,12483.95,8823.15,25,74,74,25,,77079.83,,
2026-08-24T16:51:52+08:00,btc-updown-5m-1787561400,https://polymarket.com/zh/event/btc-updown-5m-1787561400,16:50-16:55,26.00,75.00,25.00,74.00,398.55,242.85,242.85,389.20,25.50,74.50,1.00,1.00,8798.15,12608.95,12518.95,8803.15,25,74,74,25,,77079.83,,
2026-08-24T16:51:54+08:00,btc-updown-5m-1787561400,https://polymarket.com/zh/event/btc-updown-5m-1787561400,16:50-16:55,25.00,76.00,24.00,75.00,218.32,150.00,230.00,308.58,24.50,75.50,1.00,1.00,8823.15,12488.95,12503.95,8794.33,24,75,75,24,,77079.83,,
2026-08-24T16:51:56+08:00,btc-updown-5m-1787561400,https://polymarket.com/zh/event/btc-updown-5m-1787561400,16:50-16:55,25.00,76.00,24.00,75.00,288.00,239.23,239.23,288.00,24.50,75.50,1.00,1.00,8794.33,12488.95,12488.95,8794.33,24,75,75,24,,77079.83,,
2026-08-24T16:51:58+08:00,btc-updown-5m-1787561400,https://polymarket.com/zh/event/btc-updown-5m-1787561400,16:50-16:55,25.00,76.00,24.00,75.00,380.00,226.38,221.38,350.17,24.50,75.50,1.00,1.00,8695.33,12509.96,12483.95,8695.33,24,75,75,24,,77079.83,,
2026-08-24T16:52:00+08:00,btc-updown-5m-1787561400,https://polymarket.com/zh/event/btc-updown-5m-1787561400,16:50-16:55,25.00,76.00,24.00,75.00,96.98,291.34,288.21,81.00,24.50,75.50,1.00,1.00,8700.33,12436.95,12506.95,8695.33,24,75,75,24,,77079.83,,
2026-08-24T16:52:02+08:00,btc-updown-5m-1787561400,https://polymarket.com/zh/event/btc-updown-5m-1787561400,16:50-16:55,25.00,76.00,24.00,75.00,482.36,167.19,167.19,461.38,24.50,75.50,1.00,1.00,8850.33,12294.95,12389.95,8850.33,24,75,75,24,,77079.83,,
2026-08-24T16:52:04+08:00,btc-updown-5m-1787561400,https://polymarket.com/zh/event/btc-updown-5m-1787561400,16:50-16:55,24.00,77.00,23.00,76.00,164.99,250.38,250.38,164.99,23.50,76.50,1.00,1.00,8855.33,12310.95,12404.95,8860.33,23,76,76,23,,77079.83,,
2026-08-24T16:52:06+08:00,btc-updown-5m-1787561400,https://polymarket.com/zh/event/btc-updown-5m-1787561400,16:50-16:55,26.00,75.00,25.00,74.00,574.13,10.99,10.99,559.13,25.50,74.50,1.00,1.00,8895.33,12374.95,12295.95,8895.33,25,74,74,25,,77079.83,,
2026-08-24T16:52:07+08:00,btc-updown-5m-1787561400,https://polymarket.com/zh/event/btc-updown-5m-1787561400,16:50-16:55,20.00,83.00,18.00,82.00,52.00,29.00,85.00,405.00,19.00,82.50,2.00,1.00,8881.33,12299.96,12284.95,7650.67,18,80,82,17,,77077.98,,
2026-08-24T16:52:09+08:00,btc-updown-5m-1787561400,https://polymarket.com/zh/event/btc-updown-5m-1787561400,16:50-16:55,42.00,59.00,41.00,58.00,337.48,173.49,184.52,337.48,41.50,58.50,1.00,1.00,13169.15,12214.95,12245.96,13344.15,41,58,58,41,,77100.43,,
2026-08-24T16:52:11+08:00,btc-updown-5m-1787561400,https://polymarket.com/zh/event/btc-updown-5m-1787561400,16:50-16:55,39.00,62.00,38.00,61.00,394.87,221.28,245.01,394.87,38.50,61.50,1.00,1.00,11139.16,12245.95,12249.95,11110.34,38,61,61,38,,77100.43,,
2026-08-24T16:52:13+08:00,btc-updown-5m-1787561400,https://polymarket.com/zh/event/btc-updown-5m-1787561400,16:50-16:55,37.00,63.00,36.00,62.00,307.00,78.33,275.97,95.00,36.50,62.50,1.00,1.00,11105.34,12524.95,12440.96,11160.34,36,63,62,37,,77100.43,,
2026-08-24T16:52:15+08:00,btc-updown-5m-1787561400,https://polymarket.com/zh/event/btc-updown-5m-1787561400,16:50-16:55,31.00,70.00,29.00,69.00,47.00,36.85,15.00,337.77,30.00,69.50,2.00,1.00,13027.00,12530.96,12565.95,13147.00,29,67,69,30,,77100.43,,
2026-08-24T16:52:17+08:00,btc-updown-5m-1787561400,https://polymarket.com/zh/event/btc-updown-5m-1787561400,16:50-16:55,35.00,66.00,34.00,65.00,289.26,211.87,232.91,381.55,34.50,65.50,1.00,1.00,13247.00,12559.95,12544.95,13242.00,34,65,65,34,,77091.21,,
2026-08-24T16:52:19+08:00,btc-updown-5m-1787561400,https://polymarket.com/zh/event/btc-updown-5m-1787561400,16:50-16:55,33.00,68.00,32.00,67.00,118.54,224.73,365.00,446.29,32.50,67.50,1.00,1.00,13187.00,12425.95,12530.95,13182.00,32,67,67,32,,77091.22,,
2026-08-24T16:52:21+08:00,btc-updown-5m-1787561400,https://polymarket.com/zh/event/btc-updown-5m-1787561400,16:50-16:55,35.00,66.00,34.00,65.00,50.13,357.59,357.59,50.13,34.50,65.50,1.00,1.00,13305.82,12434.95,12435.95,13295.82,34,65,65,34,,77094.68,,
2026-08-24T16:52:23+08:00,btc-updown-5m-1787561400,https://polymarket.com/zh/event/btc-updown-5m-1787561400,16:50-16:55,37.00,65.00,36.00,64.00,470.35,233.40,10.00,159.89,36.50,64.50,1.00,1.00,13235.82,12530.95,12424.95,13240.82,36,63,64,35,,77094.69,,
2026-08-24T16:52:24+08:00,btc-updown-5m-1787561400,https://polymarket.com/zh/event/btc-updown-5m-1787561400,16:50-16:55,38.00,63.00,37.00,62.00,571.65,18.64,10.00,562.96,37.50,62.50,1.00,1.00,13245.82,12549.95,12444.95,13240.82,37,62,62,37,,77094.69,,
2026-08-24T16:52:26+08:00,btc-updown-5m-1787561400,https://polymarket.com/zh/event/btc-updown-5m-1787561400,16:50-16:55,35.00,65.00,34.00,64.00,28.06,70.37,192.97,168.33,34.50,64.50,1.00,1.00,13230.82,12424.95,12460.96,13245.82,34,65,64,35,,77094.69,,
2026-08-24T16:52:28+08:00,btc-updown-5m-1787561400,https://polymarket.com/zh/event/btc-updown-5m-1787561400,16:50-16:55,35.00,65.00,34.00,64.00,20.00,105.33,205.00,310.71,34.50,64.50,1.00,1.00,13300.82,12555.95,12434.95,13235.82,34,65,64,35,,77094.69,,
2026-08-24T16:52:30+08:00,btc-updown-5m-1787561400,https://polymarket.com/zh/event/btc-updown-5m-1787561400,16:50-16:55,44.00,54.00,43.00,52.00,13.58,44.14,172.73,23.22,43.50,53.00,1.00,2.00,13350.82,12439.95,12459.96,12725.82,43,55,51,46,,77100.42,,
2026-08-24T16:52:32+08:00,btc-updown-5m-1787561400,https://polymarket.com/zh/event/btc-updown-5m-1787561400,16:50-16:55,51.00,50.00,50.00,49.00,24.22,362.88,364.88,41.16,50.50,49.50,1.00,1.00,13715.15,13699.94,13704.94,14320.15,50,49,49,50,,77110.69,,
2026-08-24T16:52:34+08:00,btc-updown-5m-1787561400,https://polymarket.com/zh/event/btc-updown-5m-1787561400,16:50-16:55,48.00,53.00,47.00,52.00,19.42,269.60,271.49,10.00,47.50,52.50,1.00,1.00,11590.16,13119.95,13114.95,11580.16,47,52,52,47,,77110.69,,
2026-08-24T16:52:36+08:00,btc-updown-5m-1787561400,https://polymarket.com/zh/event/btc-updown-5m-1787561400,16:50-16:55,52.00,49.00,51.00,48.00,52.31,48.44,53.44,95.00,51.50,48.50,1.00,1.00,11700.16,11569.95,11569.95,12090.16,51,48,48,51,,77110.69,,
2026-08-24T16:52:38+08:00,btc-updown-5m-1787561400,https://polymarket.com/zh/event/btc-updown-5m-1787561400,16:50-16:55,53.00,48.00,52.00,47.00,95.46,189.91,189.91,81.78,52.50,47.50,1.00,1.00,11685.16,11559.95,11574.95,12105.16,52,47,47,52,,77110.69,,
2026-08-24T16:52:40+08:00,btc-updown-5m-1787561400,https://polymarket.com/zh/event/btc-updown-5m-1787561400,16:50-16:55,52.00,49.00,51.00,48.00,99.47,159.79,170.00,99.47,51.50,48.50,1.00,1.00,11595.16,11564.95,11554.95,12090.17,51,48,48,51,,77110.69,,
2026-08-24T16:52:42+08:00,btc-updown-5m-1787561400,https://polymarket.com/zh/event/btc-updown-5m-1787561400,16:50-16:55,40.00,60.00,39.00,59.00,59.33,63.34,197.60,322.33,39.50,59.50,1.00,1.00,13296.82,11675.96,11569.95,13136.82,39,60,59,40,,77110.69,,
2026-08-24T16:52:43+08:00,btc-updown-5m-1787561400,https://polymarket.com/zh/event/btc-updown-5m-1787561400,16:50-16:55,41.00,60.00,40.00,59.00,289.95,14.00,14.00,289.95,40.50,59.50,1.00,1.00,13490.82,11520.95,11424.95,13500.82,40,59,59,40,,77100.03,,
2026-08-24T16:52:45+08:00,btc-updown-5m-1787561400,https://polymarket.com/zh/event/btc-updown-5m-1787561400,16:50-16:55,40.00,61.00,39.00,60.00,687.46,143.34,154.16,637.33,39.50,60.50,1.00,1.00,13504.82,11529.95,11433.95,13499.82,39,60,60,39,,77100.03,,
2026-08-24T16:52:47+08:00,btc-updown-5m-1787561400,https://polymarket.com/zh/event/btc-updown-5m-1787561400,16:50-16:55,39.00,62.00,38.00,61.00,187.62,129.02,146.77,424.06,38.50,61.50,1.00,1.00,13439.82,11623.96,11439.95,13449.82,38,61,61,38,,77100.04,,
2026-08-24T16:52:49+08:00,btc-updown-5m-1787561400,https://polymarket.com/zh/event/btc-updown-5m-1787561400,16:50-16:55,39.00,62.00,38.00,61.00,493.46,23.60,28.44,515.34,38.50,61.50,1.00,1.00,13349.82,11523.95,11518.95,13349.82,38,61,61,38,,77100.04,,
2026-08-24T16:52:51+08:00,btc-updown-5m-1787561400,https://polymarket.com/zh/event/btc-updown-5m-1787561400,16:50-16:55,37.00,64.00,36.00,63.00,573.07,50.00,60.00,573.07,36.50,63.50,1.00,1.00,13603.15,11923.95,11839.95,13648.15,36,63,63,36,,77100.04,,
2026-08-24T16:52:53+08:00,btc-updown-5m-1787561400,https://polymarket.com/zh/event/btc-updown-5m-1787561400,16:50-16:55,37.00,64.00,36.00,63.00,263.33,268.24,268.24,263.33,36.50,63.50,1.00,1.00,13638.15,11828.95,11929.95,13633.15,36,63,63,36,,77100.04,,
2026-08-24T16:52:55+08:00,btc-updown-5m-1787561400,https://polymarket.com/zh/event/btc-updown-5m-1787561400,16:50-16:55,39.00,62.00,38.00,61.00,13.68,361.32,483.71,29.08,38.50,61.50,1.00,1.00,13588.15,11928.86,11823.86,12864.82,38,61,61,38,,77100.04,,
2026-08-24T16:52:57+08:00,btc-updown-5m-1787561400,https://polymarket.com/zh/event/btc-updown-5m-1787561400,16:50-16:55,31.00,70.00,30.00,69.00,277.71,167.13,175.13,277.71,30.50,69.50,1.00,1.00,13483.06,11933.87,11823.86,13488.06,30,69,69,30,,77091.22,,
2026-08-24T16:52:59+08:00,btc-updown-5m-1787561400,https://polymarket.com/zh/event/btc-updown-5m-1787561400,16:50-16:55,33.00,68.00,32.00,67.00,195.01,89.05,89.05,279.82,32.50,67.50,1.00,1.00,13503.06,12484.87,12373.86,13503.06,32,67,67,32,,77091.22,,
2026-08-24T16:53:01+08:00,btc-updown-5m-1787561400,https://polymarket.com/zh/event/btc-updown-5m-1787561400,16:50-16:55,31.00,70.00,30.00,69.00,202.90,102.62,129.41,241.00,30.50,69.50,1.00,1.00,13239.38,12162.18,12166.18,13224.38,30,69,69,30,,77091.22,,
2026-08-24T16:53:03+08:00,btc-updown-5m-1787561400,https://polymarket.com/zh/event/btc-updown-5m-1787561400,16:50-16:55,33.00,68.00,32.00,67.00,184.26,87.77,93.22,184.26,32.50,67.50,1.00,1.00,13285.38,12261.18,12161.18,13280.38,32,67,67,32,,77092.77,,
2026-08-24T16:53:04+08:00,btc-updown-5m-1787561400,https://polymarket.com/zh/event/btc-updown-5m-1787561400,16:50-16:55,20.00,84.00,17.00,82.00,64.10,60.00,90.00,8.16,18.50,83.00,3.00,2.00,8990.56,12142.18,12252.19,6908.57,17,78,82,16,,77086.57,,
2026-08-24T16:53:06+08:00,btc-updown-5m-1787561400,https://polymarket.com/zh/event/btc-updown-5m-1787561400,16:50-16:55,17.00,84.00,16.00,83.00,34.40,320.43,355.53,23.43,16.50,83.50,1.00,1.00,7093.57,12147.18,12156.19,7088.57,16,83,83,16,,77079.94,,
2026-08-24T16:53:08+08:00,btc-updown-5m-1787561400,https://polymarket.com/zh/event/btc-updown-5m-1787561400,16:50-16:55,17.00,84.00,16.00,83.00,143.81,197.79,216.70,163.90,16.50,83.50,1.00,1.00,7693.57,12221.18,12121.18,7463.57,16,83,83,16,,77079.94,,
2026-08-24T16:53:10+08:00,btc-updown-5m-1787561400,https://polymarket.com/zh/event/btc-updown-5m-1787561400,16:50-16:55,12.00,89.00,11.00,88.00,281.15,140.12,84.12,229.85,11.50,88.50,1.00,1.00,6678.97,12252.19,12221.18,7329.97,11,88,88,11,,77075.03,,
2026-08-24T16:53:12+08:00,btc-updown-5m-1787561400,https://polymarket.com/zh/event/btc-updown-5m-1787561400,16:50-16:55,7.00,94.00,6.00,93.00,420.09,162.54,133.54,404.59,6.50,93.50,1.00,1.00,6965.00,12131.18,12222.18,6970.00,6,93,93,6,,77060.35,,
2026-08-24T16:53:14+08:00,btc-updown-5m-1787561400,https://polymarket.com/zh/event/btc-updown-5m-1787561400,16:50-16:55,7.00,94.00,6.00,93.00,262.57,328.30,348.30,276.67,6.50,93.50,1.00,1.00,6397.60,12322.18,12331.18,6728.93,6,93,93,6,,77060.35,,
2026-08-24T16:53:16+08:00,btc-updown-5m-1787561400,https://polymarket.com/zh/event/btc-updown-5m-1787561400,16:50-16:55,5.00,95.00,4.00,94.00,259.60,319.01,103.33,57.49,4.50,94.50,1.00,1.00,3672.58,10971.18,11081.18,4267.73,4,95,94,5,,77057.41,,
2026-08-24T16:53:18+08:00,btc-updown-5m-1787561400,https://polymarket.com/zh/event/btc-updown-5m-1787561400,16:50-16:55,9.00,92.00,8.00,91.00,379.28,32.55,22.22,369.28,8.50,91.50,1.00,1.00,4354.12,11066.19,10976.19,4354.12,8,91,91,8,,77067.53,,
2026-08-24T16:53:19+08:00,btc-updown-5m-1787561400,https://polymarket.com/zh/event/btc-updown-5m-1787561400,16:50-16:55,8.00,93.00,7.00,92.00,323.46,180.64,188.88,323.46,7.50,92.50,1.00,1.00,6533.18,10982.19,11067.19,6538.18,7,92,92,7,,77067.53,,
2026-08-24T16:53:21+08:00,btc-updown-5m-1787561400,https://polymarket.com/zh/event/btc-updown-5m-1787561400,16:50-16:55,5.00,96.00,4.00,95.00,390.93,93.44,128.58,382.04,4.50,95.50,1.00,1.00,5547.50,11037.19,10956.20,4720.03,4,95,95,4,,77067.53,,
2026-08-24T16:53:23+08:00,btc-updown-5m-1787561400,https://polymarket.com/zh/event/btc-updown-5m-1787561400,16:50-16:55,5.00,96.00,4.00,95.00,217.08,249.87,156.87,231.77,4.50,95.50,1.00,1.00,3194.12,10941.19,10936.19,3242.12,4,95,95,4,,77059.74,,
2026-08-24T16:53:25+08:00,btc-updown-5m-1787561400,https://polymarket.com/zh/event/btc-updown-5m-1787561400,16:50-16:55,4.00,97.00,3.00,96.00,321.02,101.86,5.86,316.02,3.50,96.50,1.00,1.00,3305.53,10941.19,10937.19,3401.53,3,96,96,3,,77059.74,,
2026-08-24T16:53:27+08:00,btc-updown-5m-1787561400,https://polymarket.com/zh/event/btc-updown-5m-1787561400,16:50-16:55,5.00,96.00,4.00,95.00,268.61,53.16,87.82,283.61,4.50,95.50,1.00,1.00,3684.56,11036.19,10941.19,3632.24,4,95,95,4,,77059.74,,
2026-08-24T16:53:29+08:00,btc-updown-5m-1787561400,https://polymarket.com/zh/event/btc-updown-5m-1787561400,16:50-16:55,5.00,96.00,4.00,95.00,543.61,199.40,214.40,433.61,4.50,95.50,1.00,1.00,3718.48,10936.19,10951.20,3683.48,4,95,95,4,,77059.73,,
2026-08-24T16:53:31+08:00,btc-updown-5m-1787561400,https://polymarket.com/zh/event/btc-updown-5m-1787561400,16:50-16:55,5.00,96.00,4.00,95.00,223.60,353.39,281.39,216.00,4.50,95.50,1.00,1.00,5920.46,11017.20,10922.19,5912.46,4,95,95,4,,77059.74,,
2026-08-24T16:53:33+08:00,btc-updown-5m-1787561400,https://polymarket.com/zh/event/btc-updown-5m-1787561400,16:50-16:55,5.00,96.00,4.00,95.00,160.00,358.94,344.99,120.00,4.50,95.50,1.00,1.00,5904.06,11036.19,10911.19,5918.01,4,95,95,4,,77059.73,,
2026-08-24T16:53:35+08:00,btc-updown-5m-1787561400,https://polymarket.com/zh/event/btc-updown-5m-1787561400,16:50-16:55,2.00,99.00,1.00,98.00,107.60,1922.67,1965.11,113.92,1.50,98.50,1.00,1.00,1965.11,10973.77,10903.77,1922.67,1,98,98,1,,77041.45,,
2026-08-24T16:53:37+08:00,btc-updown-5m-1787561400,https://polymarket.com/zh/event/btc-updown-5m-1787561400,16:50-16:55,3.00,99.00,2.00,98.00,688.32,1676.57,184.89,318.94,2.50,98.50,1.00,1.00,1853.86,10888.77,10904.77,1676.57,2,97,98,1,,77048.61,,
2026-08-24T16:53:39+08:00,btc-updown-5m-1787561400,https://polymarket.com/zh/event/btc-updown-5m-1787561400,16:50-16:55,2.00,99.00,1.00,98.00,529.69,1150.13,1114.93,546.64,1.50,98.50,1.00,1.00,1114.93,10888.77,10904.77,1150.13,1,98,98,1,,77048.61,,
2026-08-24T16:53:40+08:00,btc-updown-5m-1787561400,https://polymarket.com/zh/event/btc-updown-5m-1787561400,16:50-16:55,1.00,,,99.00,4870.39,,,4870.39,,,,,,10823.77,10819.77,,0,99,99,0,,77048.60,,
2026-08-24T16:53:42+08:00,btc-updown-5m-1787561400,https://polymarket.com/zh/event/btc-updown-5m-1787561400,16:50-16:55,1.00,,,99.00,5924.07,,,5924.07,,,,,,10823.77,10818.77,,0,99,99,0,,77048.61,,
2026-08-24T16:53:44+08:00,btc-updown-5m-1787561400,https://polymarket.com/zh/event/btc-updown-5m-1787561400,16:50-16:55,1.00,,,99.00,5901.37,,,5901.37,,,,,,10813.77,10823.77,,0,99,99,0,,77041.45,,
2026-08-24T16:53:46+08:00,btc-updown-5m-1787561400,https://polymarket.com/zh/event/btc-updown-5m-1787561400,16:50-16:55,1.00,,,99.00,5691.35,,,5691.35,,,,,,10513.77,10529.77,,0,99,99,0,,77041.45,,
2026-08-24T16:53:48+08:00,btc-updown-5m-1787561400,https://polymarket.com/zh/event/btc-updown-5m-1787561400,16:50-16:55,1.00,,,99.00,6028.35,,,6028.35,,,,,,10518.77,10518.77,,0,99,99,0,,77041.45,,
2026-08-24T16:53:50+08:00,btc-updown-5m-1787561400,https://polymarket.com/zh/event/btc-updown-5m-1787561400,16:50-16:55,1.00,,,99.00,6114.70,,,6114.70,,,,,,10488.77,10488.77,,0,99,99,0,,77041.44,,
2026-08-24T16:53:52+08:00,btc-updown-5m-1787561400,https://polymarket.com/zh/event/btc-updown-5m-1787561400,16:50-16:55,1.00,,,99.00,7031.78,,,6856.78,,,,,,10498.77,10489.77,,0,99,99,0,,77041.45,,
2026-08-24T16:53:54+08:00,btc-updown-5m-1787561400,https://polymarket.com/zh/event/btc-updown-5m-1787561400,16:50-16:55,1.00,,,99.00,9714.79,,,9714.79,,,,,,10503.77,10489.77,,0,99,99,0,,77038.45,,
2026-08-24T16:53:55+08:00,btc-updown-5m-1787561400,https://polymarket.com/zh/event/btc-updown-5m-1787561400,16:50-16:55,1.00,,,99.00,4882.26,,,4872.26,,,,,,10498.77,10489.77,,0,99,99,0,,77060.34,,
2026-08-24T16:53:57+08:00,btc-updown-5m-1787561400,https://polymarket.com/zh/event/btc-updown-5m-1787561400,16:50-16:55,1.00,,,99.00,4381.23,,,4381.23,,,,,,10423.77,10423.77,,0,99,99,0,,77061.36,,
2026-08-24T16:53:59+08:00,btc-updown-5m-1787561400,https://polymarket.com/zh/event/btc-updown-5m-1787561400,16:50-16:55,1.00,,,99.00,4256.23,,,4256.23,,,,,,10428.77,10423.77,,0,99,99,0,,77061.36,,
2026-08-24T16:54:01+08:00,btc-updown-5m-1787561400,https://polymarket.com/zh/event/btc-updown-5m-1787561400,16:50-16:55,1.00,,,99.00,4256.38,,,4256.38,,,,,,10401.67,10405.67,,0,99,99,0,,77061.36,,
2026-08-24T16:54:03+08:00,btc-updown-5m-1787561400,https://polymarket.com/zh/event/btc-updown-5m-1787561400,16:50-16:55,1.00,,,99.00,4261.38,,,4261.38,,,,,,10390.67,10400.67,,0,99,99,0,,77064.00,,
2026-08-24T16:54:05+08:00,btc-updown-5m-1787561400,https://polymarket.com/zh/event/btc-updown-5m-1787561400,16:50-16:55,1.00,,,99.00,4251.48,,,4256.48,,,,,,10188.32,10168.32,,0,99,99,0,,77064.00,,
2026-08-24T16:54:07+08:00,btc-updown-5m-1787561400,https://polymarket.com/zh/event/btc-updown-5m-1787561400,16:50-16:55,1.00,,,99.00,7557.53,,,7557.53,,,,,,10167.32,10172.32,,0,99,99,0,,77064.00,,
2026-08-24T16:54:08+08:00,btc-updown-5m-1787561400,https://polymarket.com/zh/event/btc-updown-5m-1787561400,16:50-16:55,1.00,,,99.00,7189.44,,,7189.44,,,,,,10178.32,10172.32,,0,99,99,0,,77064.00,,
2026-08-24T16:54:10+08:00,btc-updown-5m-1787561400,https://polymarket.com/zh/event/btc-updown-5m-1787561400,16:50-16:55,1.00,,,99.00,7882.44,,,7882.44,,,,,,10173.32,10162.32,,0,99,99,0,,77063.99,,
2026-08-24T16:54:12+08:00,btc-updown-5m-1787561400,https://polymarket.com/zh/event/btc-updown-5m-1787561400,16:50-16:55,1.00,,,99.00,4096.43,,,4096.43,,,,,,10167.32,10177.32,,0,99,99,0,,77082.11,,
2026-08-24T16:54:14+08:00,btc-updown-5m-1787561400,https://polymarket.com/zh/event/btc-updown-5m-1787561400,16:50-16:55,1.00,,,99.00,4066.43,,,4063.26,,,,,,10168.32,10167.32,,0,99,99,0,,77082.11,,
2026-08-24T16:54:16+08:00,btc-updown-5m-1787561400,https://polymarket.com/zh/event/btc-updown-5m-1787561400,16:50-16:55,1.00,,,99.00,4710.41,,,4710.41,,,,,,6122.32,6112.32,,0,99,99,0,,77082.11,,
2026-08-24T16:54:18+08:00,btc-updown-5m-1787561400,https://polymarket.com/zh/event/btc-updown-5m-1787561400,16:50-16:55,1.00,,,99.00,12404.82,,,12404.82,,,,,,5446.32,5441.32,,0,99,99,0,,77069.17,,
2026-08-24T16:54:20+08:00,btc-updown-5m-1787561400,https://polymarket.com/zh/event/btc-updown-5m-1787561400,16:50-16:55,1.00,,,99.00,14917.09,,,14942.09,,,,,,5462.32,5446.32,,0,99,99,0,,77069.17,,
2026-08-24T16:54:22+08:00,btc-updown-5m-1787561400,https://polymarket.com/zh/event/btc-updown-5m-1787561400,16:50-16:55,1.00,,,99.00,14907.09,,,14907.09,,,,,,5467.32,5461.32,,0,99,99,0,,77064.76,,
2026-08-24T16:54:23+08:00,btc-updown-5m-1787561400,https://polymarket.com/zh/event/btc-updown-5m-1787561400,16:50-16:55,1.00,,,99.00,15167.17,,,15167.17,,,,,,5456.32,5446.32,,0,99,99,0,,77064.76,,
2026-08-24T16:54:25+08:00,btc-updown-5m-1787561400,https://polymarket.com/zh/event/btc-updown-5m-1787561400,16:50-16:55,1.00,,,99.00,15280.15,,,15280.15,,,,,,5446.32,5446.32,,0,99,99,0,,77064.76,,
2026-08-24T16:54:27+08:00,btc-updown-5m-1787561400,https://polymarket.com/zh/event/btc-updown-5m-1787561400,16:50-16:55,1.00,,,99.00,15401.75,,,15401.75,,,,,,5436.32,5451.32,,0,99,99,0,,77060.35,,
2026-08-24T16:54:29+08:00,btc-updown-5m-1787561400,https://polymarket.com/zh/event/btc-updown-5m-1787561400,16:50-16:55,1.00,,,99.00,15709.95,,,15709.95,,,,,,5446.32,5437.32,,0,99,99,0,,77060.35,,
2026-08-24T16:54:31+08:00,btc-updown-5m-1787561400,https://polymarket.com/zh/event/btc-updown-5m-1787561400,16:50-16:55,1.00,,,99.00,17661.84,,,17686.84,,,,,,5441.32,5441.32,,0,99,99,0,,77047.69,,
2026-08-24T16:54:33+08:00,btc-updown-5m-1787561400,https://polymarket.com/zh/event/btc-updown-5m-1787561400,16:50-16:55,1.00,,,99.00,17387.89,,,17387.89,,,,,,4726.32,4737.32,,0,99,99,0,,77051.53,,
2026-08-24T16:54:35+08:00,btc-updown-5m-1787561400,https://polymarket.com/zh/event/btc-updown-5m-1787561400,16:50-16:55,1.00,,,99.00,18387.89,,,18392.99,,,,,,4721.32,4737.32,,0,99,99,0,,77051.53,,
2026-08-24T16:54:37+08:00,btc-updown-5m-1787561400,https://polymarket.com/zh/event/btc-updown-5m-1787561400,16:50-16:55,1.00,,,99.00,18915.75,,,18915.75,,,,,,4731.32,4736.32,,0,99,99,0,,77051.53,,
2026-08-24T16:54:39+08:00,btc-updown-5m-1787561400,https://polymarket.com/zh/event/btc-updown-5m-1787561400,16:50-16:55,1.00,,,99.00,18960.75,,,18960.75,,,,,,4731.32,4736.32,,0,99,99,0,,77051.53,,
2026-08-24T16:54:40+08:00,btc-updown-5m-1787561400,https://polymarket.com/zh/event/btc-updown-5m-1787561400,16:50-16:55,1.00,,,99.00,19367.38,,,19367.38,,,,,,4706.30,4726.30,,0,99,99,0,,77051.53,,
2026-08-24T16:54:42+08:00,btc-updown-5m-1787561400,https://polymarket.com/zh/event/btc-updown-5m-1787561400,16:50-16:55,1.00,,,99.00,22048.39,,,21948.39,,,,,,4716.30,4716.30,,0,99,99,0,,77051.53,,
2026-08-24T16:54:44+08:00,btc-updown-5m-1787561400,https://polymarket.com/zh/event/btc-updown-5m-1787561400,16:50-16:55,1.00,,,99.00,21413.03,,,21413.03,,,,,,4727.30,4727.30,,0,99,99,0,,77051.53,,
2026-08-24T16:54:46+08:00,btc-updown-5m-1787561400,https://polymarket.com/zh/event/btc-updown-5m-1787561400,16:50-16:55,1.00,,,99.00,21541.13,,,21541.13,,,,,,4717.30,4736.30,,0,99,99,0,,77047.69,,
2026-08-24T16:54:48+08:00,btc-updown-5m-1787561400,https://polymarket.com/zh/event/btc-updown-5m-1787561400,16:50-16:55,1.00,,,99.00,21546.13,,,21546.13,,,,,,4712.30,4727.30,,0,99,99,0,,77042.71,,
2026-08-24T16:54:50+08:00,btc-updown-5m-1787561400,https://polymarket.com/zh/event/btc-updown-5m-1787561400,16:50-16:55,1.00,,,99.00,21734.13,,,21774.23,,,,,,4444.28,4286.25,,0,99,99,0,,77042.07,,
2026-08-24T16:54:52+08:00,btc-updown-5m-1787561400,https://polymarket.com/zh/event/btc-updown-5m-1787561400,16:50-16:55,1.00,,,99.00,29397.22,,,29402.22,,,,,,4121.25,4142.25,,0,99,99,0,,77042.07,,
2026-08-24T16:54:54+08:00,btc-updown-5m-1787561400,https://polymarket.com/zh/event/btc-updown-5m-1787561400,16:50-16:55,1.00,,,99.00,35407.22,,,35407.22,,,,,,4191.25,4217.25,,0,99,99,0,,77042.07,,
2026-08-24T16:54:56+08:00,btc-updown-5m-1787561400,https://polymarket.com/zh/event/btc-updown-5m-1787561400,16:50-16:55,1.00,,,99.00,35522.17,,,35528.17,,,,,,4157.25,2846.25,,0,99,99,0,,77042.07,,
2026-08-24T16:54:58+08:00,btc-updown-5m-1787561400,https://polymarket.com/zh/event/btc-updown-5m-1787561400,16:50-16:55,1.00,,,99.00,35526.41,,,35534.57,,,,,,2781.25,2897.25,,0,99,99,0,,77042.06,,
2026-08-24T16:54:59+08:00,btc-updown-5m-1787561400,https://polymarket.com/zh/event/btc-updown-5m-1787561400,16:50-16:55,1.00,,,99.00,47636.03,,,47636.03,,,,,,2746.25,2747.25,,0,99,99,0,,77042.70,,
2026-08-24T16:55:02+08:00,btc-updown-5m-1787561700,https://polymarket.com/zh/event/btc-updown-5m-1787561700,16:55-17:00,45.00,56.00,44.00,55.00,324.40,4.28,9.28,438.40,44.50,55.50,1.00,1.00,15066.30,15862.42,15652.42,15041.30,44,55,55,44,77042.71,77042.71,,
2026-08-24T16:55:04+08:00,btc-updown-5m-1787561700,https://polymarket.com/zh/event/btc-updown-5m-1787561700,16:55-17:00,44.00,57.00,43.00,56.00,402.71,0.96,0.96,402.71,43.50,56.50,1.00,1.00,15876.30,16292.42,16397.42,15876.30,43,56,56,43,77042.71,77042.71,,
2026-08-24T16:55:05+08:00,btc-updown-5m-1787561700,https://polymarket.com/zh/event/btc-updown-5m-1787561700,16:55-17:00,53.00,49.00,52.00,48.00,427.44,246.27,13.51,134.03,52.50,48.50,1.00,1.00,17163.15,17165.45,17247.47,17255.17,52,47,48,51,77042.71,77058.85,,
2026-08-24T16:55:07+08:00,btc-updown-5m-1787561700,https://polymarket.com/zh/event/btc-updown-5m-1787561700,16:55-17:00,51.00,50.00,50.00,49.00,255.60,308.00,253.00,255.60,50.50,49.50,1.00,1.00,17085.17,17227.47,17222.47,17190.17,50,49,49,50,77042.71,77058.85,,
2026-08-24T16:55:09+08:00,btc-updown-5m-1787561700,https://polymarket.com/zh/event/btc-updown-5m-1787561700,16:55-17:00,51.00,50.00,50.00,49.00,287.04,172.00,172.00,295.04,50.50,49.50,1.00,1.00,15222.85,15185.15,15190.15,15142.85,50,49,49,50,77042.71,77058.85,,
2026-08-24T16:55:11+08:00,btc-updown-5m-1787561700,https://polymarket.com/zh/event/btc-updown-5m-1787561700,16:55-17:00,51.00,50.00,50.00,49.00,366.30,192.00,183.00,366.30,50.50,49.50,1.00,1.00,15140.29,15195.15,15350.15,15255.29,50,49,49,50,77042.71,77058.84,,
2026-08-24T16:55:13+08:00,btc-updown-5m-1787561700,https://polymarket.com/zh/event/btc-updown-5m-1787561700,16:55-17:00,51.00,50.00,50.00,49.00,333.84,119.00,149.00,333.68,50.50,49.50,1.00,1.00,15150.29,15280.15,15175.15,15255.29,50,49,49,50,77042.71,77058.84,,
2026-08-24T16:55:15+08:00,btc-updown-5m-1787561700,https://polymarket.com/zh/event/btc-updown-5m-1787561700,16:55-17:00,50.00,51.00,49.00,50.00,215.54,180.52,272.39,315.54,49.50,50.50,1.00,1.00,15712.47,15871.15,16058.75,15717.47,49,50,50,49,77042.71,77058.81,,
2026-08-24T16:55:17+08:00,btc-updown-5m-1787561700,https://polymarket.com/zh/event/btc-updown-5m-1787561700,16:55-17:00,50.00,51.00,49.00,50.00,333.35,280.52,265.52,256.47,49.50,50.50,1.00,1.00,16353.28,16333.44,16328.45,16348.28,49,50,50,49,77042.71,77058.81,,
2026-08-24T16:55:19+08:00,btc-updown-5m-1787561700,https://polymarket.com/zh/event/btc-updown-5m-1787561700,16:55-17:00,50.00,51.00,49.00,50.00,157.69,275.00,310.00,157.69,49.50,50.50,1.00,1.00,15618.28,15748.14,15658.14,15633.28,49,50,50,49,77042.71,77058.81,,
2026-08-24T16:55:21+08:00,btc-updown-5m-1787561700,https://polymarket.com/zh/event/btc-updown-5m-1787561700,16:55-17:00,49.00,52.00,48.00,51.00,248.33,94.60,249.60,400.97,48.50,51.50,1.00,1.00,14153.28,14198.14,14208.14,14143.28,48,51,51,48,77042.71,77058.81,,
2026-08-24T16:55:22+08:00,btc-updown-5m-1787561700,https://polymarket.com/zh/event/btc-updown-5m-1787561700,16:55-17:00,37.00,64.00,36.00,63.00,337.51,42.30,90.00,495.98,36.50,63.50,1.00,1.00,13950.46,14218.15,14308.14,13950.46,36,63,63,36,77042.71,77038.45,,
2026-08-24T16:55:24+08:00,btc-updown-5m-1787561700,https://polymarket.com/zh/event/btc-updown-5m-1787561700,16:55-17:00,35.00,66.00,34.00,65.00,214.10,52.08,52.08,192.54,34.50,65.50,1.00,1.00,13710.46,14878.14,15003.14,13720.46,34,65,65,34,77042.71,77038.45,,
2026-08-24T16:55:26+08:00,btc-updown-5m-1787561700,https://polymarket.com/zh/event/btc-updown-5m-1787561700,16:55-17:00,34.00,72.00,33.00,68.00,162.18,79.98,37.07,126.03,33.50,70.00,1.00,4.00,13570.46,14633.15,14723.14,13480.46,33,66,68,28,77042.71,77038.45,,
2026-08-24T16:55:28+08:00,btc-updown-5m-1787561700,https://polymarket.com/zh/event/btc-updown-5m-1787561700,16:55-17:00,32.00,69.00,31.00,68.00,70.26,18.11,128.21,347.82,31.50,68.50,1.00,1.00,13239.46,14498.14,14398.14,13249.46,31,68,68,31,77042.71,77035.00,,
2026-08-24T16:55:30+08:00,btc-updown-5m-1787561700,https://polymarket.com/zh/event/btc-updown-5m-1787561700,16:55-17:00,29.00,72.00,28.00,71.00,126.76,163.18,90.16,5.00,28.50,71.50,1.00,1.00,12739.46,14163.14,14258.14,12874.46,28,71,71,28,77042.71,77035.00,,
2026-08-24T16:55:32+08:00,btc-updown-5m-1787561700,https://polymarket.com/zh/event/btc-updown-5m-1787561700,16:55-17:00,25.00,76.00,24.00,75.00,151.31,63.95,28.97,14.31,24.50,75.50,1.00,1.00,13102.79,13337.14,13237.15,13102.79,24,75,75,24,77042.71,77035.00,,
2026-08-24T16:55:34+08:00,btc-updown-5m-1787561700,https://polymarket.com/zh/event/btc-updown-5m-1787561700,16:55-17:00,27.00,74.00,26.00,73.00,55.55,217.38,168.57,28.75,26.50,73.50,1.00,1.00,12827.79,13097.15,13092.14,12827.79,26,73,73,26,77042.71,77025.41,,
2026-08-24T16:55:36+08:00,btc-updown-5m-1787561700,https://polymarket.com/zh/event/btc-updown-5m-1787561700,16:55-17:00,28.00,73.00,27.00,72.00,606.33,10.00,10.00,615.33,27.50,72.50,1.00,1.00,11969.46,12957.14,12977.15,11969.46,27,72,72,27,77042.71,77028.67,,
2026-08-24T16:55:38+08:00,btc-updown-5m-1787561700,https://polymarket.com/zh/event/btc-updown-5m-1787561700,16:55-17:00,26.00,75.00,25.00,74.00,197.64,112.65,58.99,155.00,25.50,74.50,1.00,1.00,12079.46,12957.14,13062.15,11979.46,25,74,74,25,77042.71,77028.67,,
2026-08-24T16:55:40+08:00,btc-updown-5m-1787561700,https://polymarket.com/zh/event/btc-updown-5m-1787561700,16:55-17:00,26.00,75.00,25.00,74.00,123.56,14.00,14.00,54.36,25.50,74.50,1.00,1.00,12009.46,13052.14,12952.14,12009.46,25,74,74,25,77042.71,77028.67,,
2026-08-24T16:55:42+08:00,btc-updown-5m-1787561700,https://polymarket.com/zh/event/btc-updown-5m-1787561700,16:55-17:00,27.00,74.00,26.00,73.00,412.30,95.00,95.00,499.89,26.50,73.50,1.00,1.00,11930.06,13052.14,13037.14,11930.06,26,73,73,26,77042.71,77028.67,,
2026-08-24T16:55:43+08:00,btc-updown-5m-1787561700,https://polymarket.com/zh/event/btc-updown-5m-1787561700,16:55-17:00,26.00,75.00,25.00,73.00,339.30,477.60,52.00,9.44,25.50,74.00,1.00,2.00,11965.06,13037.14,12942.15,11965.06,25,74,72,25,77042.71,77026.44,,
2026-08-24T16:55:45+08:00,btc-updown-5m-1787561700,https://polymarket.com/zh/event/btc-updown-5m-1787561700,16:55-17:00,34.00,63.00,33.00,60.00,329.09,82.00,31.06,17.03,33.50,61.50,1.00,3.00,12386.06,13067.14,12962.15,12491.06,33,66,59,37,77042.71,77038.29,,
2026-08-24T16:55:47+08:00,btc-updown-5m-1787561700,https://polymarket.com/zh/event/btc-updown-5m-1787561700,16:55-17:00,42.00,59.00,41.00,58.00,25.14,125.18,130.18,35.14,41.50,58.50,1.00,1.00,12690.88,13082.15,11657.15,12680.88,41,58,58,41,77042.71,77051.51,,
2026-08-24T16:55:49+08:00,btc-updown-5m-1787561700,https://polymarket.com/zh/event/btc-updown-5m-1787561700,16:55-17:00,42.00,59.00,41.00,58.00,129.09,83.71,93.58,129.09,41.50,58.50,1.00,1.00,12680.88,12407.51,12417.50,12685.88,41,58,58,41,77042.71,77051.51,,
2026-08-24T16:55:51+08:00,btc-updown-5m-1787561700,https://polymarket.com/zh/event/btc-updown-5m-1787561700,16:55-17:00,41.00,60.00,40.00,59.00,97.00,131.33,169.86,175.66,40.50,59.50,1.00,1.00,12652.06,12462.50,12412.51,12652.06,40,59,59,40,77042.71,77051.52,,
2026-08-24T16:55:53+08:00,btc-updown-5m-1787561700,https://polymarket.com/zh/event/btc-updown-5m-1787561700,16:55-17:00,43.00,58.00,42.00,57.00,23.97,248.51,238.51,8.97,42.50,57.50,1.00,1.00,12705.88,12542.51,12532.50,12700.88,42,57,57,42,77042.71,77051.51,,
2026-08-24T16:55:55+08:00,btc-updown-5m-1787561700,https://polymarket.com/zh/event/btc-updown-5m-1787561700,16:55-17:00,43.00,58.00,42.00,57.00,505.88,23.39,23.39,505.88,42.50,57.50,1.00,1.00,12407.06,12392.50,12292.50,12407.06,42,57,57,42,77042.71,77051.52,,
2026-08-24T16:55:57+08:00,btc-updown-5m-1787561700,https://polymarket.com/zh/event/btc-updown-5m-1787561700,16:55-17:00,41.00,60.00,40.00,59.00,185.81,157.46,142.46,185.81,40.50,59.50,1.00,1.00,12161.06,11977.50,12082.50,12189.88,40,59,59,40,77042.71,77051.52,,
2026-08-24T16:55:58+08:00,btc-updown-5m-1787561700,https://polymarket.com/zh/event/btc-updown-5m-1787561700,16:55-17:00,40.00,61.00,39.00,60.00,150.70,94.77,103.20,283.03,39.50,60.50,1.00,1.00,12171.06,11942.50,11922.50,12161.06,39,60,60,39,77042.71,77050.07,,
2026-08-24T16:56:00+08:00,btc-updown-5m-1787561700,https://polymarket.com/zh/event/btc-updown-5m-1787561700,16:55-17:00,40.00,61.00,39.00,60.00,229.86,125.15,112.60,57.33,39.50,60.50,1.00,1.00,15440.06,15347.50,15457.50,15455.06,39,60,60,39,77042.71,77050.06,,
2026-08-24T16:56:02+08:00,btc-updown-5m-1787561700,https://polymarket.com/zh/event/btc-updown-5m-1787561700,16:55-17:00,37.00,64.00,36.00,63.00,210.13,118.32,118.32,225.13,36.50,63.50,1.00,1.00,13832.06,14489.50,14469.50,13822.06,36,63,63,36,77042.71,77044.70,,
2026-08-24T16:56:04+08:00,btc-updown-5m-1787561700,https://polymarket.com/zh/event/btc-updown-5m-1787561700,16:55-17:00,40.00,61.00,39.00,60.00,426.12,133.24,133.24,426.12,39.50,60.50,1.00,1.00,13892.06,14644.50,14564.50,13882.06,39,60,60,39,77042.71,77044.70,,
2026-08-24T16:56:06+08:00,btc-updown-5m-1787561700,https://polymarket.com/zh/event/btc-updown-5m-1787561700,16:55-17:00,39.00,62.00,38.00,61.00,8.87,363.83,305.53,8.87,38.50,61.50,1.00,1.00,13462.06,14139.50,14255.50,13477.06,38,61,61,38,77042.71,77044.83,,
2026-08-24T16:56:08+08:00,btc-updown-5m-1787561700,https://polymarket.com/zh/event/btc-updown-5m-1787561700,16:55-17:00,38.00,63.00,37.00,62.00,198.69,87.27,87.27,263.69,37.50,62.50,1.00,1.00,13422.06,14159.51,14144.50,13412.06,37,62,62,37,77042.71,77044.83,,
2026-08-24T16:56:10+08:00,btc-updown-5m-1787561700,https://polymarket.com/zh/event/btc-updown-5m-1787561700,16:55-17:00,41.00,60.00,40.00,59.00,107.81,298.33,153.33,110.30,40.50,59.50,1.00,1.00,13140.88,13895.50,14044.50,13210.88,40,59,59,40,77042.71,77044.83,,
2026-08-24T16:56:12+08:00,btc-updown-5m-1787561700,https://polymarket.com/zh/event/btc-updown-5m-1787561700,16:55-17:00,41.00,60.00,40.00,59.00,274.94,246.51,225.00,269.39,40.50,59.50,1.00,1.00,13050.06,13974.50,13964.50,13040.06,40,59,59,40,77042.71,77044.83,,
2026-08-24T16:56:14+08:00,btc-updown-5m-1787561700,https://polymarket.com/zh/event/btc-updown-5m-1787561700,16:55-17:00,41.00,60.00,40.00,59.00,461.28,89.29,100.00,433.93,40.50,59.50,1.00,1.00,12888.88,13914.50,14010.50,12845.06,40,59,59,40,77042.71,77044.83,,
2026-08-24T16:56:16+08:00,btc-updown-5m-1787561700,https://polymarket.com/zh/event/btc-updown-5m-1787561700,16:55-17:00,47.00,54.00,46.00,53.00,310.79,352.77,352.77,299.54,46.50,53.50,1.00,1.00,12840.06,14044.50,14154.50,12850.06,46,53,53,46,77042.71,77049.58,,
2026-08-24T16:56:18+08:00,btc-updown-5m-1787561700,https://polymarket.com/zh/event/btc-updown-5m-1787561700,16:55-17:00,43.00,58.00,42.00,57.00,266.79,237.60,237.60,266.79,42.50,57.50,1.00,1.00,12727.88,14059.50,14135.51,12722.88,42,57,57,42,77042.71,77049.58,,
2026-08-24T16:56:20+08:00,btc-updown-5m-1787561700,https://polymarket.com/zh/event/btc-updown-5m-1787561700,16:55-17:00,42.00,57.00,41.00,56.00,8.02,41.66,478.55,343.93,41.50,56.50,1.00,1.00,12722.88,14124.50,14040.50,12737.88,41,58,56,43,77042.71,77049.58,,
2026-08-24T16:56:21+08:00,btc-updown-5m-1787561700,https://polymarket.com/zh/event/btc-updown-5m-1787561700,16:55-17:00,44.00,57.00,43.00,56.00,443.78,175.00,175.00,409.68,43.50,56.50,1.00,1.00,12767.88,14045.51,14045.51,12762.88,43,56,56,43,77042.71,77049.58,,
2026-08-24T16:56:23+08:00,btc-updown-5m-1787561700,https://polymarket.com/zh/event/btc-updown-5m-1787561700,16:55-17:00,44.00,58.00,43.00,57.00,467.62,23.33,25.00,429.81,43.50,57.50,1.00,1.00,12717.88,13389.50,13329.50,12642.88,43,56,57,42,77042.71,77049.58,,
2026-08-24T16:56:25+08:00,btc-updown-5m-1787561700,https://polymarket.com/zh/event/btc-updown-5m-1787561700,16:55-17:00,38.00,66.00,36.00,64.00,120.33,24.92,5.00,20.33,37.00,65.00,2.00,2.00,12732.88,13915.50,13930.51,12647.88,36,62,64,33,77042.71,77049.57,,
2026-08-24T16:56:27+08:00,btc-updown-5m-1787561700,https://polymarket.com/zh/event/btc-updown-5m-1787561700,16:55-17:00,33.00,68.00,32.00,67.00,344.98,229.92,16.60,123.14,32.50,67.50,1.00,1.00,14675.05,13864.50,13869.50,14675.05,32,67,67,32,77042.71,77040.43,,
2026-08-24T16:56:29+08:00,btc-updown-5m-1787561700,https://polymarket.com/zh/event/btc-updown-5m-1787561700,16:55-17:00,34.00,67.00,33.00,66.00,430.33,79.63,81.13,430.31,33.50,66.50,1.00,1.00,14743.87,13954.50,13864.50,14753.87,33,66,66,33,77042.71,77040.44,,
2026-08-24T16:56:31+08:00,btc-updown-5m-1787561700,https://polymarket.com/zh/event/btc-updown-5m-1787561700,16:55-17:00,28.00,73.00,27.00,72.00,535.33,52.21,52.21,535.33,27.50,72.50,1.00,1.00,13736.05,13022.50,13022.50,13736.05,27,72,72,27,77042.71,77033.89,,
2026-08-24T16:56:33+08:00,btc-updown-5m-1787561700,https://polymarket.com/zh/event/btc-updown-5m-1787561700,16:55-17:00,28.00,73.00,27.00,72.00,492.91,8.69,8.69,500.76,27.50,72.50,1.00,1.00,13746.05,13138.50,13042.51,13741.05,27,72,72,27,77042.71,77033.89,,
2026-08-24T16:56:35+08:00,btc-updown-5m-1787561700,https://polymarket.com/zh/event/btc-updown-5m-1787561700,16:55-17:00,27.00,74.00,26.00,73.00,339.14,27.71,13.71,339.14,26.50,73.50,1.00,1.00,13756.05,13137.50,13027.50,13756.05,26,73,73,26,77042.71,77033.89,,
2026-08-24T16:56:36+08:00,btc-updown-5m-1787561700,https://polymarket.com/zh/event/btc-updown-5m-1787561700,16:55-17:00,25.00,76.00,24.00,75.00,142.49,332.56,347.56,142.49,24.50,75.50,1.00,1.00,13751.05,13033.50,13022.50,13756.05,24,75,75,24,77042.71,77029.48,,
2026-08-24T16:56:38+08:00,btc-updown-5m-1787561700,https://polymarket.com/zh/event/btc-updown-5m-1787561700,16:55-17:00,26.00,75.00,25.00,74.00,293.20,218.84,225.84,143.20,25.50,74.50,1.00,1.00,13929.87,13043.50,13142.50,13929.87,25,74,74,25,77042.71,77029.48,,
2026-08-24T16:56:40+08:00,btc-updown-5m-1787561700,https://polymarket.com/zh/event/btc-updown-5m-1787561700,16:55-17:00,26.00,75.00,25.00,74.00,20.20,508.18,613.18,20.20,25.50,74.50,1.00,1.00,13329.88,13118.50,13032.50,13324.88,25,74,74,25,77042.71,77029.48,,
2026-08-24T16:56:42+08:00,btc-updown-5m-1787561700,https://polymarket.com/zh/event/btc-updown-5m-1787561700,16:55-17:00,27.00,74.00,26.00,73.00,70.00,328.24,328.24,70.00,26.50,73.50,1.00,1.00,13306.06,13117.50,12997.50,13311.06,26,73,73,26,77042.71,77029.48,,
2026-08-24T16:56:44+08:00,btc-updown-5m-1787561700,https://polymarket.com/zh/event/btc-updown-5m-1787561700,16:55-17:00,28.00,73.00,27.00,72.00,99.38,448.33,448.33,120.38,27.50,72.50,1.00,1.00,13311.06,13027.50,13038.50,13306.06,27,72,72,27,77042.71,77029.48,,
2026-08-24T16:56:46+08:00,btc-updown-5m-1787561700,https://polymarket.com/zh/event/btc-updown-5m-1787561700,16:55-17:00,28.00,73.00,27.00,72.00,97.33,496.96,496.96,89.77,27.50,72.50,1.00,1.00,13306.06,13013.50,13122.51,13306.06,27,72,72,27,77042.71,77029.48,,
2026-08-24T16:56:48+08:00,btc-updown-5m-1787561700,https://polymarket.com/zh/event/btc-updown-5m-1787561700,16:55-17:00,28.00,73.00,27.00,72.00,85.54,455.59,467.91,92.26,27.50,72.50,1.00,1.00,13316.06,13017.50,13013.50,13306.06,27,72,72,27,77042.71,77029.48,,
2026-08-24T16:56:50+08:00,btc-updown-5m-1787561700,https://polymarket.com/zh/event/btc-updown-5m-1787561700,16:55-17:00,27.00,74.00,26.00,73.00,413.77,235.77,246.40,413.77,26.50,73.50,1.00,1.00,13271.06,13022.50,13127.50,13271.06,26,73,73,26,77042.71,77029.48,,
2026-08-24T16:56:52+08:00,btc-updown-5m-1787561700,https://polymarket.com/zh/event/btc-updown-5m-1787561700,16:55-17:00,26.00,75.00,25.00,74.00,145.00,148.66,148.66,345.00,25.50,74.50,1.00,1.00,13286.06,13043.50,13132.50,13281.06,25,74,74,25,77042.71,77029.48,,
2026-08-24T16:56:53+08:00,btc-updown-5m-1787561700,https://polymarket.com/zh/event/btc-updown-5m-1787561700,16:55-17:00,26.00,76.00,25.00,75.00,565.62,107.26,123.66,23.33,25.50,75.50,1.00,1.00,13286.06,13027.50,13122.50,13291.06,25,74,75,24,77042.71,77029.47,,
2026-08-24T16:56:55+08:00,btc-updown-5m-1787561700,https://polymarket.com/zh/event/btc-updown-5m-1787561700,16:55-17:00,24.00,77.00,23.00,76.00,477.97,153.61,164.00,477.97,23.50,76.50,1.00,1.00,13271.06,13033.50,13042.51,13271.06,23,76,76,23,77042.71,77029.48,,
2026-08-24T16:56:57+08:00,btc-updown-5m-1787561700,https://polymarket.com/zh/event/btc-updown-5m-1787561700,16:55-17:00,22.00,79.00,21.00,78.00,201.41,243.67,358.67,304.70,21.50,78.50,1.00,1.00,9807.05,13107.50,13023.50,9802.05,21,78,78,21,77042.71,77027.90,,
2026-08-24T16:56:59+08:00,btc-updown-5m-1787561700,https://polymarket.com/zh/event/btc-updown-5m-1787561700,16:55-17:00,22.00,79.00,21.00,78.00,497.20,87.34,100.00,484.45,21.50,78.50,1.00,1.00,9807.05,13112.50,13013.51,9807.05,21,78,78,21,77042.71,77027.90,,
2026-08-24T16:57:01+08:00,btc-updown-5m-1787561700,https://polymarket.com/zh/event/btc-updown-5m-1787561700,16:55-17:00,24.00,78.00,23.00,77.00,909.65,388.71,13.33,47.60,23.50,77.50,1.00,1.00,9657.05,12798.50,12904.50,9657.05,23,76,77,22,77042.71,77027.89,,
2026-08-24T16:57:03+08:00,btc-updown-5m-1787561700,https://polymarket.com/zh/event/btc-updown-5m-1787561700,16:55-17:00,22.00,79.00,21.00,78.00,32.52,304.00,394.95,153.26,21.50,78.50,1.00,1.00,9657.05,12758.50,12758.50,8240.39,21,78,78,21,77042.71,77027.89,,
2026-08-24T16:57:05+08:00,btc-updown-5m-1787561700,https://polymarket.com/zh/event/btc-updown-5m-1787561700,16:55-17:00,22.00,79.00,21.00,78.00,179.31,161.06,161.06,187.87,21.50,78.50,1.00,1.00,9647.05,12884.50,12679.51,9552.05,21,78,78,21,77042.71,77027.90,,
2026-08-24T16:57:07+08:00,btc-updown-5m-1787561700,https://polymarket.com/zh/event/btc-updown-5m-1787561700,16:55-17:00,22.00,79.00,21.00,78.00,454.17,18.35,18.35,454.17,21.50,78.50,1.00,1.00,9547.05,12883.50,12768.50,9547.05,21,78,78,21,77042.71,77027.89,,
2026-08-24T16:57:08+08:00,btc-updown-5m-1787561700,https://polymarket.com/zh/event/btc-updown-5m-1787561700,16:55-17:00,21.00,80.00,20.00,79.00,177.91,109.05,109.05,177.91,20.50,79.50,1.00,1.00,9657.05,12683.50,12774.50,9657.05,20,79,79,20,77042.71,77027.90,,
2026-08-24T16:57:10+08:00,btc-updown-5m-1787561700,https://polymarket.com/zh/event/btc-updown-5m-1787561700,16:55-17:00,21.00,80.00,20.00,79.00,419.72,102.42,107.42,419.72,20.50,79.50,1.00,1.00,9662.05,12784.50,12674.50,9662.05,20,79,79,20,77042.71,77027.90,,
2026-08-24T16:57:12+08:00,btc-updown-5m-1787561700,https://polymarket.com/zh/event/btc-updown-5m-1787561700,16:55-17:00,21.00,80.00,20.00,79.00,453.00,94.50,95.75,453.00,20.50,79.50,1.00,1.00,9672.05,12678.50,12783.50,9672.05,20,79,79,20,77042.71,77027.90,,
2026-08-24T16:57:14+08:00,btc-updown-5m-1787561700,https://polymarket.com/zh/event/btc-updown-5m-1787561700,16:55-17:00,17.00,86.00,16.00,85.00,113.34,114.62,30.00,10.00,16.50,85.50,1.00,1.00,9718.05,12793.50,12522.50,8405.73,16,83,85,14,77042.71,77007.43,,
2026-08-24T16:57:16+08:00,btc-updown-5m-1787561700,https://polymarket.com/zh/event/btc-updown-5m-1787561700,16:55-17:00,8.00,93.00,7.00,92.00,349.34,252.74,122.74,324.33,7.50,92.50,1.00,1.00,6544.85,11168.50,11132.50,6535.85,7,92,92,7,77042.71,77003.02,,
2026-08-24T16:57:18+08:00,btc-updown-5m-1787561700,https://polymarket.com/zh/event/btc-updown-5m-1787561700,16:55-17:00,7.00,94.00,6.00,93.00,343.37,190.79,250.60,352.37,6.50,93.50,1.00,1.00,8450.06,11438.50,11442.51,8240.43,6,93,93,6,77042.71,77003.00,,
2026-08-24T16:57:20+08:00,btc-updown-5m-1787561700,https://polymarket.com/zh/event/btc-updown-5m-1787561700,16:55-17:00,9.00,92.00,8.00,91.00,337.10,75.00,75.00,281.94,8.50,91.50,1.00,1.00,8279.83,11437.48,11437.48,8373.83,8,91,91,8,77042.71,77000.02,,
2026-08-24T16:57:22+08:00,btc-updown-5m-1787561700,https://polymarket.com/zh/event/btc-updown-5m-1787561700,16:55-17:00,9.00,92.00,8.00,91.00,399.60,87.50,87.50,399.60,8.50,91.50,1.00,1.00,8438.83,11548.48,11537.48,8448.83,8,91,91,8,77042.71,77000.02,,
2026-08-24T16:57:24+08:00,btc-updown-5m-1787561700,https://polymarket.com/zh/event/btc-updown-5m-1787561700,16:55-17:00,10.00,91.00,9.00,90.00,168.73,427.74,447.55,168.73,9.50,90.50,1.00,1.00,8470.91,11452.48,11547.48,8465.91,9,90,90,9,77042.71,77000.01,,
2026-08-24T16:57:26+08:00,btc-updown-5m-1787561700,https://polymarket.com/zh/event/btc-updown-5m-1787561700,16:55-17:00,10.00,91.00,9.00,90.00,172.73,414.46,414.46,172.73,9.50,90.50,1.00,1.00,8455.91,11468.49,11497.48,8460.91,9,90,90,9,77042.71,77000.01,,
2026-08-24T16:57:27+08:00,btc-updown-5m-1787561700,https://polymarket.com/zh/event/btc-updown-5m-1787561700,16:55-17:00,10.00,91.00,9.00,90.00,123.01,402.29,402.29,123.01,9.50,90.50,1.00,1.00,8411.79,11572.48,11498.48,8411.79,9,90,90,9,77042.71,77000.01,,
2026-08-24T16:57:29+08:00,btc-updown-5m-1787561700,https://polymarket.com/zh/event/btc-updown-5m-1787561700,16:55-17:00,9.00,92.00,8.00,91.00,282.29,20.77,15.57,282.29,8.50,91.50,1.00,1.00,8246.21,11517.48,11407.48,8251.21,8,91,91,8,77042.71,77000.00,,
2026-08-24T16:57:31+08:00,btc-updown-5m-1787561700,https://polymarket.com/zh/event/btc-updown-5m-1787561700,16:55-17:00,9.00,92.00,8.00,91.00,353.46,8.88,2.95,353.46,8.50,91.50,1.00,1.00,8211.13,11517.48,11412.48,8211.13,8,91,91,8,77042.71,77000.01,,
2026-08-24T16:57:33+08:00,btc-updown-5m-1787561700,https://polymarket.com/zh/event/btc-updown-5m-1787561700,16:55-17:00,8.00,93.00,7.00,92.00,15.00,340.99,334.38,15.00,7.50,92.50,1.00,1.00,8213.53,11512.48,11418.48,8213.53,7,92,92,7,77042.71,77000.01,,
2026-08-24T16:57:35+08:00,btc-updown-5m-1787561700,https://polymarket.com/zh/event/btc-updown-5m-1787561700,16:55-17:00,7.00,94.00,6.00,93.00,274.40,265.02,288.38,237.34,6.50,93.50,1.00,1.00,8429.42,11396.48,11506.48,8424.42,6,93,93,6,77042.71,77000.01,,
2026-08-24T16:57:37+08:00,btc-updown-5m-1787561700,https://polymarket.com/zh/event/btc-updown-5m-1787561700,16:55-17:00,7.00,94.00,6.00,93.00,210.00,188.36,188.36,215.00,6.50,93.50,1.00,1.00,8540.42,11411.48,11427.49,8540.42,6,93,93,6,77042.71,76999.32,,
2026-08-24T16:57:39+08:00,btc-updown-5m-1787561700,https://polymarket.com/zh/event/btc-updown-5m-1787561700,16:55-17:00,6.00,95.00,5.00,94.00,128.12,665.97,659.74,128.12,5.50,94.50,1.00,1.00,8737.41,11396.47,11411.47,8665.94,5,94,94,5,77042.71,76999.32,,
2026-08-24T16:57:41+08:00,btc-updown-5m-1787561700,https://polymarket.com/zh/event/btc-updown-5m-1787561700,16:55-17:00,6.00,95.00,5.00,94.00,311.06,192.88,197.88,218.91,5.50,94.50,1.00,1.00,8384.15,11351.52,11430.51,8379.15,5,94,94,5,77042.71,76999.32,,
2026-08-24T16:57:43+08:00,btc-updown-5m-1787561700,https://polymarket.com/zh/event/btc-updown-5m-1787561700,16:55-17:00,5.00,96.00,4.00,95.00,60.99,584.58,565.35,65.99,4.50,95.50,1.00,1.00,7783.51,11340.51,11425.51,7807.74,4,95,95,4,77042.71,76999.32,,
2026-08-24T16:57:45+08:00,btc-updown-5m-1787561700,https://polymarket.com/zh/event/btc-updown-5m-1787561700,16:55-17:00,5.00,96.00,4.00,95.00,120.34,507.22,500.51,120.34,4.50,95.50,1.00,1.00,7558.67,11425.51,11335.51,7560.38,4,95,95,4,77042.71,76999.32,,
2026-08-24T16:57:46+08:00,btc-updown-5m-1787561700,https://polymarket.com/zh/event/btc-updown-5m-1787561700,16:55-17:00,5.00,97.00,4.00,95.00,100.28,377.92,508.73,100.28,4.50,96.00,1.00,2.00,7520.88,11545.49,11341.49,6400.92,4,95,95,3,77042.71,76999.31,,
2026-08-24T16:57:48+08:00,btc-updown-5m-1787561700,https://polymarket.com/zh/event/btc-updown-5m-1787561700,16:55-17:00,3.00,98.00,2.00,97.00,448.61,727.91,727.91,458.61,2.50,97.50,1.00,1.00,6258.85,11369.78,11258.77,6258.85,2,97,97,2,77042.71,76999.32,,
2026-08-24T16:57:50+08:00,btc-updown-5m-1787561700,https://polymarket.com/zh/event/btc-updown-5m-1787561700,16:55-17:00,3.00,98.00,2.00,97.00,488.49,532.92,532.92,558.49,2.50,97.50,1.00,1.00,6068.86,11289.77,11304.78,6068.86,2,97,97,2,77042.71,76999.32,,
2026-08-24T16:57:52+08:00,btc-updown-5m-1787561700,https://polymarket.com/zh/event/btc-updown-5m-1787561700,16:55-17:00,3.00,98.00,2.00,97.00,277.79,690.97,540.97,157.15,2.50,97.50,1.00,1.00,6071.91,11198.77,11193.77,6221.91,2,97,97,2,77042.71,76999.31,,
2026-08-24T16:57:54+08:00,btc-updown-5m-1787561700,https://polymarket.com/zh/event/btc-updown-5m-1787561700,16:55-17:00,3.00,98.00,2.00,97.00,26.78,722.16,707.16,26.78,2.50,97.50,1.00,1.00,6193.10,11163.77,11168.77,6208.10,2,97,97,2,77042.71,76999.31,,
2026-08-24T16:57:56+08:00,btc-updown-5m-1787561700,https://polymarket.com/zh/event/btc-updown-5m-1787561700,16:55-17:00,4.00,97.00,3.00,96.00,472.52,43.93,43.93,456.27,3.50,96.50,1.00,1.00,6154.64,11284.69,11283.68,6204.64,3,96,96,3,77042.71,76999.32,,
2026-08-24T16:57:58+08:00,btc-updown-5m-1787561700,https://polymarket.com/zh/event/btc-updown-5m-1787561700,16:55-17:00,3.00,98.00,2.00,97.00,386.53,579.49,744.85,386.53,2.50,97.50,1.00,1.00,6009.31,11163.68,11234.69,5828.95,2,97,97,2,77042.71,76999.31,,
2026-08-24T16:58:00+08:00,btc-updown-5m-1787561700,https://polymarket.com/zh/event/btc-updown-5m-1787561700,16:55-17:00,3.00,98.00,2.00,97.00,464.37,634.49,634.49,456.45,2.50,97.50,1.00,1.00,5873.95,11159.68,11059.69,5873.95,2,97,97,2,77042.71,76994.79,,
2026-08-24T16:58:01+08:00,btc-updown-5m-1787561700,https://polymarket.com/zh/event/btc-updown-5m-1787561700,16:55-17:00,2.00,99.00,1.00,98.00,450.57,4658.30,4710.85,450.57,1.50,98.50,1.00,1.00,4710.85,10921.07,10921.07,4658.30,1,98,98,1,77042.71,76994.79,,
2026-08-24T16:58:03+08:00,btc-updown-5m-1787561700,https://polymarket.com/zh/event/btc-updown-5m-1787561700,16:55-17:00,2.00,99.00,1.00,98.00,626.59,4626.61,4631.67,626.59,1.50,98.50,1.00,1.00,4631.67,11037.07,10921.07,4626.61,1,98,98,1,77042.71,76995.46,,
2026-08-24T16:58:05+08:00,btc-updown-5m-1787561700,https://polymarket.com/zh/event/btc-updown-5m-1787561700,16:55-17:00,2.00,99.00,1.00,98.00,588.97,4591.50,4611.50,588.97,1.50,98.50,1.00,1.00,4611.50,11021.07,10937.07,4591.50,1,98,98,1,77042.71,76995.46,,
2026-08-24T16:58:07+08:00,btc-updown-5m-1787561700,https://polymarket.com/zh/event/btc-updown-5m-1787561700,16:55-17:00,2.00,99.00,1.00,98.00,672.95,4546.50,4546.50,672.95,1.50,98.50,1.00,1.00,4546.50,10926.07,11016.07,4546.50,1,98,98,1,77042.71,76995.46,,
2026-08-24T16:58:09+08:00,btc-updown-5m-1787561700,https://polymarket.com/zh/event/btc-updown-5m-1787561700,16:55-17:00,2.00,99.00,1.00,98.00,672.95,4541.50,4541.50,678.34,1.50,98.50,1.00,1.00,4541.50,11021.07,10931.07,4541.50,1,98,98,1,77042.71,76995.46,,
2026-08-24T16:58:11+08:00,btc-updown-5m-1787561700,https://polymarket.com/zh/event/btc-updown-5m-1787561700,16:55-17:00,2.00,99.00,1.00,98.00,758.17,2946.24,2946.24,624.52,1.50,98.50,1.00,1.00,2946.24,10921.08,11031.07,2946.24,1,98,98,1,77042.71,76995.65,,
2026-08-24T16:58:13+08:00,btc-updown-5m-1787561700,https://polymarket.com/zh/event/btc-updown-5m-1787561700,16:55-17:00,2.00,99.00,1.00,98.00,685.63,4401.32,4396.32,685.63,1.50,98.50,1.00,1.00,4396.32,10921.07,10922.08,4401.32,1,98,98,1,77042.71,76995.64,,
2026-08-24T16:58:15+08:00,btc-updown-5m-1787561700,https://polymarket.com/zh/event/btc-updown-5m-1787561700,16:55-17:00,2.00,99.00,1.00,98.00,695.11,4377.28,4372.28,692.91,1.50,98.50,1.00,1.00,4372.28,10901.07,11006.07,4377.28,1,98,98,1,77042.71,76995.65,,
2026-08-24T16:58:17+08:00,btc-updown-5m-1787561700,https://polymarket.com/zh/event/btc-updown-5m-1787561700,16:55-17:00,2.00,99.00,1.00,98.00,679.09,3992.08,3993.10,679.09,1.50,98.50,1.00,1.00,3993.10,10886.07,11007.07,3992.08,1,98,98,1,77042.71,76995.65,,
2026-08-24T16:58:19+08:00,btc-updown-5m-1787561700,https://polymarket.com/zh/event/btc-updown-5m-1787561700,16:55-17:00,2.00,99.00,1.00,98.00,724.34,3570.31,3585.31,717.79,1.50,98.50,1.00,1.00,3585.31,10912.07,11007.08,3570.31,1,98,98,1,77042.71,76995.65,,
2026-08-24T16:58:20+08:00,btc-updown-5m-1787561700,https://polymarket.com/zh/event/btc-updown-5m-1787561700,16:55-17:00,6.00,95.00,5.00,94.00,186.40,20.00,64.76,312.50,5.50,94.50,1.00,1.00,2559.42,10901.08,11016.07,2303.66,5,94,94,5,77042.71,77011.82,,
2026-08-24T16:58:22+08:00,btc-updown-5m-1787561700,https://polymarket.com/zh/event/btc-updown-5m-1787561700,16:55-17:00,3.00,98.00,2.00,97.00,396.76,143.70,153.91,396.76,2.50,97.50,1.00,1.00,1781.24,13851.37,13767.37,1771.03,2,97,97,2,77042.71,77011.83,,
2026-08-24T16:58:24+08:00,btc-updown-5m-1787561700,https://polymarket.com/zh/event/btc-updown-5m-1787561700,16:55-17:00,3.00,98.00,2.00,97.00,380.40,118.63,118.63,374.87,2.50,97.50,1.00,1.00,1780.96,14152.05,14042.05,1780.96,2,97,97,2,77042.71,77011.83,,
2026-08-24T16:58:26+08:00,btc-updown-5m-1787561700,https://polymarket.com/zh/event/btc-updown-5m-1787561700,16:55-17:00,3.00,98.00,2.00,97.00,551.25,30.00,30.00,551.25,2.50,97.50,1.00,1.00,1692.33,14148.05,14042.05,1686.33,2,97,97,2,77042.71,77011.82,,
2026-08-24T16:58:28+08:00,btc-updown-5m-1787561700,https://polymarket.com/zh/event/btc-updown-5m-1787561700,16:55-17:00,2.00,99.00,1.00,98.00,326.52,3056.78,3066.78,326.52,1.50,98.50,1.00,1.00,3066.78,14113.05,14022.05,3056.78,1,98,98,1,77042.71,77011.83,,
2026-08-24T16:58:30+08:00,btc-updown-5m-1787561700,https://polymarket.com/zh/event/btc-updown-5m-1787561700,16:55-17:00,2.00,99.00,1.00,98.00,108.74,3904.01,3914.07,108.74,1.50,98.50,1.00,1.00,3914.07,14107.05,14017.05,3904.01,1,98,98,1,77042.71,77011.83,,
2026-08-24T16:58:32+08:00,btc-updown-5m-1787561700,https://polymarket.com/zh/event/btc-updown-5m-1787561700,16:55-17:00,2.00,99.00,1.00,98.00,41.87,3843.61,3848.61,48.13,1.50,98.50,1.00,1.00,3848.61,14117.05,14027.05,3843.61,1,98,98,1,77042.71,77011.83,,
2026-08-24T16:58:34+08:00,btc-updown-5m-1787561700,https://polymarket.com/zh/event/btc-updown-5m-1787561700,16:55-17:00,3.00,98.00,2.00,97.00,383.16,130.13,130.13,353.16,2.50,97.50,1.00,1.00,3996.38,14022.05,14007.05,3841.38,2,97,97,2,77042.71,77011.82,,
2026-08-24T16:58:36+08:00,btc-updown-5m-1787561700,https://polymarket.com/zh/event/btc-updown-5m-1787561700,16:55-17:00,3.00,98.00,2.00,97.00,383.69,38.93,38.93,383.69,2.50,97.50,1.00,1.00,2308.52,14018.05,14122.05,2308.52,2,97,97,2,77042.71,77011.83,,
2026-08-24T16:58:38+08:00,btc-updown-5m-1787561700,https://polymarket.com/zh/event/btc-updown-5m-1787561700,16:55-17:00,3.00,98.00,2.00,97.00,306.87,3.91,3.91,306.87,2.50,97.50,1.00,1.00,1429.17,14122.06,14023.05,1429.17,2,97,97,2,77042.71,77011.83,,
2026-08-24T16:58:40+08:00,btc-updown-5m-1787561700,https://polymarket.com/zh/event/btc-updown-5m-1787561700,16:55-17:00,2.00,99.00,1.00,98.00,289.44,1299.46,1304.46,280.73,1.50,98.50,1.00,1.00,1304.46,14017.05,14133.06,1299.46,1,98,98,1,77042.71,77011.83,,
2026-08-24T16:58:42+08:00,btc-updown-5m-1787561700,https://polymarket.com/zh/event/btc-updown-5m-1787561700,16:55-17:00,2.00,99.00,1.00,98.00,278.69,1123.33,1123.33,268.69,1.50,98.50,1.00,1.00,1123.33,14007.05,14107.05,1123.33,1,98,98,1,77042.71,77011.83,,
2026-08-24T16:58:43+08:00,btc-updown-5m-1787561700,https://polymarket.com/zh/event/btc-updown-5m-1787561700,16:55-17:00,1.00,,,99.00,2891.65,,,2927.50,,,,,,14047.05,14032.05,,0,99,99,0,77042.71,77003.74,,
2026-08-24T16:58:45+08:00,btc-updown-5m-1787561700,https://polymarket.com/zh/event/btc-updown-5m-1787561700,16:55-17:00,1.00,,,99.00,2847.50,,,2847.50,,,,,,13758.05,13747.05,,0,99,99,0,77042.71,77003.73,,
2026-08-24T16:58:47+08:00,btc-updown-5m-1787561700,https://polymarket.com/zh/event/btc-updown-5m-1787561700,16:55-17:00,1.00,,,99.00,3757.50,,,3757.50,,,,,,13737.05,13747.05,,0,99,99,0,77042.71,77003.74,,
2026-08-24T16:58:49+08:00,btc-updown-5m-1787561700,https://polymarket.com/zh/event/btc-updown-5m-1787561700,16:55-17:00,1.00,,,99.00,3855.10,,,3855.10,,,,,,13732.05,13753.05,,0,99,99,0,77042.71,77003.74,,
2026-08-24T16:58:51+08:00,btc-updown-5m-1787561700,https://polymarket.com/zh/event/btc-updown-5m-1787561700,16:55-17:00,1.00,,,99.00,6281.62,,,6280.27,,,,,,13723.05,13712.05,,0,99,99,0,77042.71,77003.74,,
2026-08-24T16:58:53+08:00,btc-updown-5m-1787561700,https://polymarket.com/zh/event/btc-updown-5m-1787561700,16:55-17:00,1.00,,,99.00,6433.24,,,6433.24,,,,,,13723.05,13717.05,,0,99,99,0,77042.71,77003.74,,
2026-08-24T16:58:55+08:00,btc-updown-5m-1787561700,https://polymarket.com/zh/event/btc-updown-5m-1787561700,16:55-17:00,1.00,,,99.00,6182.64,,,6182.64,,,,,,13105.06,13121.06,,0,99,99,0,77042.71,77003.74,,
2026-08-24T16:58:57+08:00,btc-updown-5m-1787561700,https://polymarket.com/zh/event/btc-updown-5m-1787561700,16:55-17:00,1.00,,,99.00,6216.62,,,6216.62,,,,,,13056.06,13045.06,,0,99,99,0,77042.71,77003.74,,
2026-08-24T16:58:59+08:00,btc-updown-5m-1787561700,https://polymarket.com/zh/event/btc-updown-5m-1787561700,16:55-17:00,1.00,,,99.00,6064.62,,,6064.62,,,,,,13065.06,13046.06,,0,99,99,0,77042.71,77003.74,,
2026-08-24T16:59:00+08:00,btc-updown-5m-1787561700,https://polymarket.com/zh/event/btc-updown-5m-1787561700,16:55-17:00,1.00,,,99.00,6094.62,,,6094.62,,,,,,12761.76,12756.76,,0,99,99,0,77042.71,77015.29,,
2026-08-24T16:59:02+08:00,btc-updown-5m-1787561700,https://polymarket.com/zh/event/btc-updown-5m-1787561700,16:55-17:00,1.00,,,99.00,1146.43,,,1146.43,,,,,,12751.76,12731.76,,0,99,99,0,77042.71,77032.92,,
2026-08-24T16:59:04+08:00,btc-updown-5m-1787561700,https://polymarket.com/zh/event/btc-updown-5m-1787561700,16:55-17:00,1.00,,,99.00,1350.12,,,1350.12,,,,,,12737.76,12747.76,,0,99,99,0,77042.71,77032.92,,
2026-08-24T16:59:06+08:00,btc-updown-5m-1787561700,https://polymarket.com/zh/event/btc-updown-5m-1787561700,16:55-17:00,2.00,99.00,1.00,98.00,214.31,146.36,138.38,244.31,1.50,98.50,1.00,1.00,138.38,14883.76,14983.75,146.36,1,98,98,1,77042.71,77037.58,,
2026-08-24T16:59:08+08:00,btc-updown-5m-1787561700,https://polymarket.com/zh/event/btc-updown-5m-1787561700,16:55-17:00,1.00,,,99.00,468.75,,,468.75,,,,,,12758.76,12774.76,,0,99,99,0,77042.71,77037.58,,
2026-08-24T16:59:10+08:00,btc-updown-5m-1787561700,https://polymarket.com/zh/event/btc-updown-5m-1787561700,16:55-17:00,1.00,,,99.00,366.00,,,361.00,,,,,,12764.76,12768.76,,0,99,99,0,77042.71,77037.58,,
2026-08-24T16:59:12+08:00,btc-updown-5m-1787561700,https://polymarket.com/zh/event/btc-updown-5m-1787561700,16:55-17:00,1.00,,,99.00,4944.06,,,4944.06,,,,,,12748.76,12758.76,,0,99,99,0,77042.71,77037.58,,
2026-08-24T16:59:14+08:00,btc-updown-5m-1787561700,https://polymarket.com/zh/event/btc-updown-5m-1787561700,16:55-17:00,1.00,,,99.00,4793.06,,,4793.06,,,,,,12763.76,12748.76,,0,99,99,0,77042.71,77026.16,,
2026-08-24T16:59:15+08:00,btc-updown-5m-1787561700,https://polymarket.com/zh/event/btc-updown-5m-1787561700,16:55-17:00,1.00,,,99.00,5393.06,,,5398.06,,,,,,8779.76,8759.76,,0,99,99,0,77042.71,77026.15,,
2026-08-24T16:59:17+08:00,btc-updown-5m-1787561700,https://polymarket.com/zh/event/btc-updown-5m-1787561700,16:55-17:00,1.00,,,99.00,6569.21,,,6569.21,,,,,,8658.76,8669.76,,0,99,99,0,77042.71,77026.15,,
2026-08-24T16:59:19+08:00,btc-updown-5m-1787561700,https://polymarket.com/zh/event/btc-updown-5m-1787561700,16:55-17:00,1.00,,,99.00,6574.21,,,6574.21,,,,,,8648.76,8663.76,,0,99,99,0,77042.71,77026.15,,
2026-08-24T16:59:21+08:00,btc-updown-5m-1787561700,https://polymarket.com/zh/event/btc-updown-5m-1787561700,16:55-17:00,1.00,,,99.00,7055.66,,,7055.66,,,,,,8647.76,8647.76,,0,99,99,0,77042.71,77026.15,,
2026-08-24T16:59:23+08:00,btc-updown-5m-1787561700,https://polymarket.com/zh/event/btc-updown-5m-1787561700,16:55-17:00,1.00,,,99.00,8985.96,,,8985.96,,,,,,8651.76,8661.76,,0,99,99,0,77042.71,77026.15,,
2026-08-24T16:59:25+08:00,btc-updown-5m-1787561700,https://polymarket.com/zh/event/btc-updown-5m-1787561700,16:55-17:00,1.00,,,99.00,11424.96,,,11454.96,,,,,,8641.76,8662.76,,0,99,99,0,77042.71,77032.92,,
2026-08-24T16:59:27+08:00,btc-updown-5m-1787561700,https://polymarket.com/zh/event/btc-updown-5m-1787561700,16:55-17:00,1.00,,,99.00,11540.29,,,11540.29,,,,,,8651.76,8652.76,,0,99,99,0,77042.71,77032.92,,
2026-08-24T16:59:29+08:00,btc-updown-5m-1787561700,https://polymarket.com/zh/event/btc-updown-5m-1787561700,16:55-17:00,1.00,,,99.00,11820.29,,,11880.29,,,,,,8642.76,8646.76,,0,99,99,0,77042.71,77032.92,,
2026-08-24T16:59:31+08:00,btc-updown-5m-1787561700,https://polymarket.com/zh/event/btc-updown-5m-1787561700,16:55-17:00,1.00,,,99.00,13505.39,,,13505.39,,,,,,8618.66,8618.66,,0,99,99,0,77042.71,77032.92,,
2026-08-24T16:59:32+08:00,btc-updown-5m-1787561700,https://polymarket.com/zh/event/btc-updown-5m-1787561700,16:55-17:00,1.00,,,99.00,13522.23,,,13536.99,,,,,,8004.66,7918.66,,0,99,99,0,77042.71,77032.92,,
2026-08-24T16:59:34+08:00,btc-updown-5m-1787561700,https://polymarket.com/zh/event/btc-updown-5m-1787561700,16:55-17:00,1.00,,,99.00,13594.33,,,13594.33,,,,,,7904.66,8008.66,,0,99,99,0,77042.71,77032.91,,
2026-08-24T16:59:36+08:00,btc-updown-5m-1787561700,https://polymarket.com/zh/event/btc-updown-5m-1787561700,16:55-17:00,1.00,,,99.00,13654.43,,,13659.43,,,,,,7919.66,7909.66,,0,99,99,0,77042.71,77032.92,,
2026-08-24T16:59:38+08:00,btc-updown-5m-1787561700,https://polymarket.com/zh/event/btc-updown-5m-1787561700,16:55-17:00,1.00,,,99.00,13159.43,,,13159.43,,,,,,7918.66,7914.66,,0,99,99,0,77042.71,77032.92,,
2026-08-24T16:59:40+08:00,btc-updown-5m-1787561700,https://polymarket.com/zh/event/btc-updown-5m-1787561700,16:55-17:00,1.00,,,99.00,13171.52,,,13671.52,,,,,,7878.64,7888.64,,0,99,99,0,77042.71,77032.91,,
2026-08-24T16:59:42+08:00,btc-updown-5m-1787561700,https://polymarket.com/zh/event/btc-updown-5m-1787561700,16:55-17:00,1.00,,,99.00,14767.52,,,14767.52,,,,,,7898.64,7878.64,,0,99,99,0,77042.71,77032.92,,
2026-08-24T16:59:44+08:00,btc-updown-5m-1787561700,https://polymarket.com/zh/event/btc-updown-5m-1787561700,16:55-17:00,1.00,,,99.00,17267.53,,,17328.53,,,,,,7893.64,7904.64,,0,99,99,0,77042.71,77032.92,,
2026-08-24T16:59:46+08:00,btc-updown-5m-1787561700,https://polymarket.com/zh/event/btc-updown-5m-1787561700,16:55-17:00,1.00,,,99.00,17499.55,,,17499.55,,,,,,7899.64,7894.64,,0,99,99,0,77042.71,77032.92,,
2026-08-24T16:59:48+08:00,btc-updown-5m-1787561700,https://polymarket.com/zh/event/btc-updown-5m-1787561700,16:55-17:00,1.00,,,99.00,17499.55,,,17499.55,,,,,,7884.64,7878.64,,0,99,99,0,77042.71,77032.92,,
2026-08-24T16:59:49+08:00,btc-updown-5m-1787561700,https://polymarket.com/zh/event/btc-updown-5m-1787561700,16:55-17:00,1.00,,,99.00,17487.55,,,17487.55,,,,,,7644.59,7629.59,,0,99,99,0,77042.71,77032.91,,
2026-08-24T16:59:51+08:00,btc-updown-5m-1787561700,https://polymarket.com/zh/event/btc-updown-5m-1787561700,16:55-17:00,1.00,,,99.00,21725.86,,,21725.86,,,,,,7468.59,7488.59,,0,99,99,0,77042.71,77032.92,,
2026-08-24T16:59:53+08:00,btc-updown-5m-1787561700,https://polymarket.com/zh/event/btc-updown-5m-1787561700,16:55-17:00,1.00,,,99.00,27700.86,,,27700.86,,,,,,7478.59,7474.59,,0,99,99,0,77042.71,77032.92,,
2026-08-24T16:59:55+08:00,btc-updown-5m-1787561700,https://polymarket.com/zh/event/btc-updown-5m-1787561700,16:55-17:00,1.00,,,99.00,27730.86,,,27725.07,,,,,,7483.59,7488.59,,0,99,99,0,77042.71,77032.91,,
2026-08-24T16:59:57+08:00,btc-updown-5m-1787561700,https://polymarket.com/zh/event/btc-updown-5m-1787561700,16:55-17:00,1.00,,,99.00,27690.07,,,27690.07,,,,,,6223.59,6183.59,,0,99,99,0,77042.71,77032.92,,
2026-08-24T16:59:59+08:00,btc-updown-5m-1787561700,https://polymarket.com/zh/event/btc-updown-5m-1787561700,16:55-17:00,1.00,,,99.00,37689.31,,,37689.31,,,,,,6039.59,6044.59,,0,99,99,0,77042.71,77032.92,,
2026-08-24T17:00:01+08:00,btc-updown-5m-1787562000,https://polymarket.com/zh/event/btc-updown-5m-1787562000,17:00-17:05,54.00,47.00,53.00,46.00,111.14,13.82,8.22,203.97,53.50,46.50,1.00,1.00,14799.24,15178.54,15176.34,14867.05,53,46,46,53,77025.54,77025.54,,
2026-08-24T17:00:03+08:00,btc-updown-5m-1787562000,https://polymarket.com/zh/event/btc-updown-5m-1787562000,17:00-17:05,40.00,61.00,39.00,60.00,370.95,110.47,115.60,375.95,39.50,60.50,1.00,1.00,15290.48,14793.34,16483.34,15290.48,39,60,60,39,77025.54,77012.93,,
2026-08-24T17:00:05+08:00,btc-updown-5m-1787562000,https://polymarket.com/zh/event/btc-updown-5m-1787562000,17:00-17:05,42.00,60.00,41.00,59.00,174.00,55.73,28.33,130.33,41.50,59.50,1.00,1.00,16275.48,16508.34,16633.35,16280.48,41,58,59,40,77025.54,77011.93,,
2026-08-24T17:00:07+08:00,btc-updown-5m-1787562000,https://polymarket.com/zh/event/btc-updown-5m-1787562000,17:00-17:05,41.00,60.00,40.00,59.00,114.55,229.13,229.13,104.55,40.50,59.50,1.00,1.00,16530.53,17703.39,17483.39,16240.53,40,59,59,40,77025.54,77014.11,,
2026-08-24T17:00:09+08:00,btc-updown-5m-1787562000,https://polymarket.com/zh/event/btc-updown-5m-1787562000,17:00-17:05,41.00,60.00,40.00,59.00,185.98,91.19,103.45,178.64,40.50,59.50,1.00,1.00,14222.75,17405.61,17425.62,14243.95,40,59,59,40,77025.54,77014.11,,
2026-08-24T17:00:10+08:00,btc-updown-5m-1787562000,https://polymarket.com/zh/event/btc-updown-5m-1787562000,17:00-17:05,37.00,63.00,36.00,62.00,23.61,446.01,501.34,19.40,36.50,62.50,1.00,1.00,14273.95,15456.82,15371.81,14268.95,36,63,62,37,77025.54,77007.90,,
2026-08-24T17:00:12+08:00,btc-updown-5m-1787562000,https://polymarket.com/zh/event/btc-updown-5m-1787562000,17:00-17:05,40.00,61.00,39.00,60.00,80.00,99.00,217.29,87.60,39.50,60.50,1.00,1.00,14283.95,15266.81,15276.81,14298.95,39,60,60,39,77025.54,77011.00,,
2026-08-24T17:00:14+08:00,btc-updown-5m-1787562000,https://polymarket.com/zh/event/btc-updown-5m-1787562000,17:00-17:05,42.00,59.00,41.00,58.00,154.72,38.81,100.79,154.72,41.50,58.50,1.00,1.00,14308.95,15261.81,15376.81,14328.95,41,58,58,41,77025.54,77011.80,,
2026-08-24T17:00:17+08:00,btc-updown-5m-1787562000,https://polymarket.com/zh/event/btc-updown-5m-1787562000,17:00-17:05,57.00,44.00,56.00,43.00,511.84,20.60,165.00,513.71,56.50,43.50,1.00,1.00,15176.11,16267.40,16292.40,15236.12,56,43,43,56,77025.54,77035.86,,
2026-08-24T17:00:18+08:00,btc-updown-5m-1787562000,https://polymarket.com/zh/event/btc-updown-5m-1787562000,17:00-17:05,57.00,44.00,56.00,43.00,382.08,106.69,106.69,380.32,56.50,43.50,1.00,1.00,14851.95,15715.10,15774.80,14771.94,56,43,43,56,77025.54,77032.25,,
2026-08-24T17:00:20+08:00,btc-updown-5m-1787562000,https://polymarket.com/zh/event/btc-updown-5m-1787562000,17:00-17:05,50.00,53.00,48.00,52.00,76.00,287.60,70.00,115.71,49.00,52.50,2.00,1.00,13281.95,14269.80,14414.80,13211.96,48,50,52,47,77025.54,77032.25,,
2026-08-24T17:00:22+08:00,btc-updown-5m-1787562000,https://polymarket.com/zh/event/btc-updown-5m-1787562000,17:00-17:05,49.00,52.00,48.00,51.00,160.77,225.05,225.05,160.77,48.50,51.50,1.00,1.00,13301.94,13854.81,13854.81,13301.94,48,51,51,48,77025.54,77025.66,,
2026-08-24T17:00:24+08:00,btc-updown-5m-1787562000,https://polymarket.com/zh/event/btc-updown-5m-1787562000,17:00-17:05,48.00,53.00,47.00,52.00,487.42,28.12,178.12,685.74,47.50,52.50,1.00,1.00,12996.94,13499.80,13594.80,12991.94,47,52,52,47,77025.54,77023.37,,
2026-08-24T17:00:26+08:00,btc-updown-5m-1787562000,https://polymarket.com/zh/event/btc-updown-5m-1787562000,17:00-17:05,48.00,53.00,47.00,52.00,635.82,18.68,18.68,649.13,47.50,52.50,1.00,1.00,12796.94,13344.80,13269.80,12786.94,47,52,52,47,77025.54,77023.37,,
2026-08-24T17:00:28+08:00,btc-updown-5m-1787562000,https://polymarket.com/zh/event/btc-updown-5m-1787562000,17:00-17:05,46.00,55.00,45.00,54.00,331.06,111.21,111.21,330.33,45.50,54.50,1.00,1.00,12556.94,13104.80,13024.80,12556.94,45,54,54,45,77025.54,77023.37,,
2026-08-24T17:00:30+08:00,btc-updown-5m-1787562000,https://polymarket.com/zh/event/btc-updown-5m-1787562000,17:00-17:05,50.00,50.00,49.00,49.00,21.16,351.67,550.51,89.33,49.50,49.50,1.00,1.00,12286.94,13034.80,12954.81,12181.94,49,50,49,50,77025.54,77023.37,,
2026-08-24T17:00:32+08:00,btc-updown-5m-1787562000,https://polymarket.com/zh/event/btc-updown-5m-1787562000,17:00-17:05,62.00,39.00,61.00,38.00,105.56,118.80,122.56,105.56,61.50,38.50,1.00,1.00,12360.50,11791.80,11811.80,12460.50,61,38,38,61,77025.54,77040.94,,
2026-08-24T17:00:34+08:00,btc-updown-5m-1787562000,https://polymarket.com/zh/event/btc-updown-5m-1787562000,17:00-17:05,62.00,39.00,61.00,38.00,62.91,72.78,72.78,62.91,61.50,38.50,1.00,1.00,12245.50,11657.20,11652.20,12130.50,61,38,38,61,77025.54,77039.71,,
2026-08-24T17:00:36+08:00,btc-updown-5m-1787562000,https://polymarket.com/zh/event/btc-updown-5m-1787562000,17:00-17:05,57.00,44.00,56.00,43.00,139.57,424.54,348.94,69.34,56.50,43.50,1.00,1.00,12085.50,11617.20,11627.20,12180.50,56,43,43,56,77025.54,77036.10,,
2026-08-24T17:00:38+08:00,btc-updown-5m-1787562000,https://polymarket.com/zh/event/btc-updown-5m-1787562000,17:00-17:05,57.00,44.00,56.00,43.00,85.80,592.26,603.63,76.17,56.50,43.50,1.00,1.00,12160.50,11602.20,11602.20,12160.50,56,43,43,56,77025.54,77036.10,,
2026-08-24T17:00:40+08:00,btc-updown-5m-1787562000,https://polymarket.com/zh/event/btc-updown-5m-1787562000,17:00-17:05,53.00,48.00,52.00,47.00,173.33,225.73,172.91,195.00,52.50,47.50,1.00,1.00,12150.50,11462.20,11627.20,12060.50,52,47,47,52,77025.54,77036.10,,
2026-08-24T17:00:42+08:00,btc-updown-5m-1787562000,https://polymarket.com/zh/event/btc-updown-5m-1787562000,17:00-17:05,53.00,48.00,52.00,47.00,247.12,133.73,133.73,154.12,52.50,47.50,1.00,1.00,12137.51,11632.20,11632.20,12157.50,52,47,47,52,77025.54,77036.10,,
2026-08-24T17:00:44+08:00,btc-updown-5m-1787562000,https://polymarket.com/zh/event/btc-updown-5m-1787562000,17:00-17:05,50.00,54.00,49.00,53.00,527.51,135.60,5.00,190.33,49.50,53.50,1.00,1.00,11987.50,11487.20,11607.21,12043.94,48,50,53,46,77025.54,77036.10,,
2026-08-24T17:00:46+08:00,btc-updown-5m-1787562000,https://polymarket.com/zh/event/btc-updown-5m-1787562000,17:00-17:05,48.00,53.00,47.00,52.00,33.05,632.70,245.55,33.05,47.50,52.50,1.00,1.00,11563.94,12082.20,12032.20,11563.94,47,52,52,47,77025.54,77026.08,,
2026-08-24T17:00:47+08:00,btc-updown-5m-1787562000,https://polymarket.com/zh/event/btc-updown-5m-1787562000,17:00-17:05,46.00,55.00,45.00,54.00,14.40,174.90,165.50,14.40,45.50,54.50,1.00,1.00,11408.94,12292.20,12362.20,11498.94,45,54,54,45,77025.54,77026.09,,
2026-08-24T17:00:49+08:00,btc-updown-5m-1787562000,https://polymarket.com/zh/event/btc-updown-5m-1787562000,17:00-17:05,47.00,54.00,46.00,53.00,165.60,518.56,548.92,165.60,46.50,53.50,1.00,1.00,11513.94,12192.20,12257.20,11538.94,46,53,53,46,77025.54,77020.66,,
2026-08-24T17:00:51+08:00,btc-updown-5m-1787562000,https://polymarket.com/zh/event/btc-updown-5m-1787562000,17:00-17:05,49.00,52.00,48.00,51.00,219.13,178.63,173.63,274.13,48.50,51.50,1.00,1.00,11518.94,12242.20,12252.20,11523.94,48,51,51,48,77025.54,77020.65,,
2026-08-24T17:00:53+08:00,btc-updown-5m-1787562000,https://polymarket.com/zh/event/btc-updown-5m-1787562000,17:00-17:05,50.00,51.00,49.00,50.00,58.00,89.16,164.16,63.00,49.50,50.50,1.00,1.00,11523.94,12222.20,12312.20,11518.94,49,50,50,49,77025.54,77020.66,,
2026-08-24T17:00:55+08:00,btc-updown-5m-1787562000,https://polymarket.com/zh/event/btc-updown-5m-1787562000,17:00-17:05,56.00,45.00,55.00,44.00,258.72,171.13,59.13,241.72,55.50,44.50,1.00,1.00,11283.94,11952.20,11947.20,11718.94,55,44,44,55,77025.54,77031.63,,
2026-08-24T17:00:57+08:00,btc-updown-5m-1787562000,https://polymarket.com/zh/event/btc-updown-5m-1787562000,17:00-17:05,56.00,45.00,55.00,44.00,25.42,148.75,188.93,25.42,55.50,44.50,1.00,1.00,11597.50,11122.20,11132.20,11497.50,55,44,44,55,77025.54,77031.63,,
2026-08-24T17:00:59+08:00,btc-updown-5m-1787562000,https://polymarket.com/zh/event/btc-updown-5m-1787562000,17:00-17:05,65.00,36.00,64.00,35.00,347.40,160.00,160.00,353.00,64.50,35.50,1.00,1.00,11617.50,11122.20,11082.20,11527.50,64,35,35,64,77025.54,77033.87,,
2026-08-24T17:01:01+08:00,btc-updown-5m-1787562000,https://polymarket.com/zh/event/btc-updown-5m-1787562000,17:00-17:05,65.00,36.00,64.00,35.00,283.70,254.43,254.43,268.70,64.50,35.50,1.00,1.00,14227.50,13287.20,13292.20,14342.51,64,35,35,64,77025.54,77033.87,,
2026-08-24T17:01:03+08:00,btc-updown-5m-1787562000,https://polymarket.com/zh/event/btc-updown-5m-1787562000,17:00-17:05,65.00,36.00,64.00,35.00,253.00,354.67,370.02,313.00,64.50,35.50,1.00,1.00,14019.50,12944.20,12914.20,13914.50,64,35,35,64,77025.54,77033.88,,
2026-08-24T17:01:04+08:00,btc-updown-5m-1787562000,https://polymarket.com/zh/event/btc-updown-5m-1787562000,17:00-17:05,62.00,39.00,61.00,38.00,371.73,167.60,167.60,371.73,61.50,38.50,1.00,1.00,13934.50,12934.20,12949.20,14039.50,61,38,38,61,77025.54,77033.88,,
2026-08-24T17:01:06+08:00,btc-updown-5m-1787562000,https://polymarket.com/zh/event/btc-updown-5m-1787562000,17:00-17:05,61.00,40.00,60.00,39.00,50.00,490.83,490.83,45.00,60.50,39.50,1.00,1.00,13554.50,12764.20,12754.20,13544.50,60,39,39,60,77025.54,77033.88,,
2026-08-24T17:01:08+08:00,btc-updown-5m-1787562000,https://polymarket.com/zh/event/btc-updown-5m-1787562000,17:00-17:05,64.00,37.00,63.00,35.00,311.54,538.81,124.00,15.00,63.50,36.00,1.00,2.00,13279.51,14509.19,14439.19,13354.50,63,36,35,63,77025.54,77046.12,,
2026-08-24T17:01:10+08:00,btc-updown-5m-1787562000,https://polymarket.com/zh/event/btc-updown-5m-1787562000,17:00-17:05,69.00,32.00,68.00,31.00,221.55,227.68,224.68,150.00,68.50,31.50,1.00,1.00,13874.50,12449.20,12439.20,13264.50,68,31,31,68,77025.54,77043.86,,
2026-08-24T17:01:12+08:00,btc-updown-5m-1787562000,https://polymarket.com/zh/event/btc-updown-5m-1787562000,17:00-17:05,78.00,22.00,77.00,21.00,86.93,172.85,194.15,39.70,77.50,21.50,1.00,1.00,12674.50,9943.86,9890.15,12659.50,77,22,21,78,77025.54,77051.52,,
2026-08-24T17:01:14+08:00,btc-updown-5m-1787562000,https://polymarket.com/zh/event/btc-updown-5m-1787562000,17:00-17:05,79.00,23.00,76.00,22.00,80.33,167.01,72.88,45.00,77.50,22.50,3.00,1.00,13149.50,13985.15,13890.15,13003.50,76,21,22,77,77025.54,77055.93,,
2026-08-24T17:01:16+08:00,btc-updown-5m-1787562000,https://polymarket.com/zh/event/btc-updown-5m-1787562000,17:00-17:05,79.00,22.00,78.00,21.00,176.70,324.96,338.29,160.43,78.50,21.50,1.00,1.00,13278.50,10315.15,10315.15,12668.50,78,21,21,78,77025.54,77060.33,,
2026-08-24T17:01:18+08:00,btc-updown-5m-1787562000,https://polymarket.com/zh/event/btc-updown-5m-1787562000,17:00-17:05,82.00,19.00,81.00,18.00,239.81,216.09,216.36,212.30,81.50,18.50,1.00,1.00,12778.50,10248.63,10253.63,12863.50,81,18,18,81,77025.54,77062.03,,
2026-08-24T17:01:20+08:00,btc-updown-5m-1787562000,https://polymarket.com/zh/event/btc-updown-5m-1787562000,17:00-17:05,82.00,19.00,81.00,18.00,151.12,330.52,241.33,136.12,81.50,18.50,1.00,1.00,13258.50,10296.47,10301.47,13358.50,81,18,18,81,77025.54,77062.03,,
2026-08-24T17:01:21+08:00,btc-updown-5m-1787562000,https://polymarket.com/zh/event/btc-updown-5m-1787562000,17:00-17:05,83.00,18.00,82.00,17.00,173.76,490.81,448.55,159.66,82.50,17.50,1.00,1.00,12853.50,10122.63,10127.63,12763.50,82,17,17,82,77025.54,77062.03,,
2026-08-24T17:01:23+08:00,btc-updown-5m-1787562000,https://polymarket.com/zh/event/btc-updown-5m-1787562000,17:00-17:05,82.00,19.00,81.00,18.00,312.60,570.27,570.27,318.06,81.50,18.50,1.00,1.00,13378.51,10110.47,10110.47,12753.50,81,18,18,81,77025.54,77064.48,,
2026-08-24T17:01:25+08:00,btc-updown-5m-1787562000,https://polymarket.com/zh/event/btc-updown-5m-1787562000,17:00-17:05,82.00,19.00,81.00,18.00,47.60,622.42,612.42,41.50,81.50,18.50,1.00,1.00,13453.50,10130.47,10130.47,13268.51,81,18,18,81,77025.54,77064.48,,
2026-08-24T17:01:27+08:00,btc-updown-5m-1787562000,https://polymarket.com/zh/event/btc-updown-5m-1787562000,17:00-17:05,83.00,17.00,82.00,16.00,4.79,579.47,684.53,38.15,82.50,16.50,1.00,1.00,12763.50,10100.47,10087.63,13353.50,82,17,16,83,77025.54,77064.48,,
2026-08-24T17:01:29+08:00,btc-updown-5m-1787562000,https://polymarket.com/zh/event/btc-updown-5m-1787562000,17:00-17:05,89.00,12.00,88.00,11.00,135.71,257.33,257.33,135.71,88.50,11.50,1.00,1.00,13253.50,10618.35,10618.35,13363.51,88,11,11,88,77025.54,77073.57,,
2026-08-24T17:01:31+08:00,btc-updown-5m-1787562000,https://polymarket.com/zh/event/btc-updown-5m-1787562000,17:00-17:05,92.00,9.00,91.00,8.00,254.00,267.65,381.97,210.48,91.50,8.50,1.00,1.00,12743.51,10322.63,9905.54,12848.50,91,8,8,91,77025.54,77091.21,,
2026-08-24T17:01:33+08:00,btc-updown-5m-1787562000,https://polymarket.com/zh/event/btc-updown-5m-1787562000,17:00-17:05,89.00,12.00,88.00,11.00,412.53,147.68,117.68,438.53,88.50,11.50,1.00,1.00,12748.50,10119.56,10134.56,12873.50,88,11,11,88,77025.54,77087.99,,
2026-08-24T17:01:35+08:00,btc-updown-5m-1787562000,https://polymarket.com/zh/event/btc-updown-5m-1787562000,17:00-17:05,86.00,15.00,85.00,14.00,458.53,271.32,291.51,443.53,85.50,14.50,1.00,1.00,12773.50,10710.62,10710.62,13288.51,85,14,14,85,77025.54,77077.99,,
2026-08-24T17:01:37+08:00,btc-updown-5m-1787562000,https://polymarket.com/zh/event/btc-updown-5m-1787562000,17:00-17:05,82.00,19.00,81.00,18.00,13.33,64.88,22.28,577.13,81.50,18.50,1.00,1.00,13220.50,10020.46,9915.46,12615.50,81,18,18,81,77025.54,77073.67,,
2026-08-24T17:01:39+08:00,btc-updown-5m-1787562000,https://polymarket.com/zh/event/btc-updown-5m-1787562000,17:00-17:05,82.00,19.00,81.00,18.00,120.98,157.60,157.60,120.98,81.50,18.50,1.00,1.00,12750.50,10089.46,10099.46,13160.50,81,18,18,81,77025.54,77067.20,,
2026-08-24T17:01:41+08:00,btc-updown-5m-1787562000,https://polymarket.com/zh/event/btc-updown-5m-1787562000,17:00-17:05,85.00,16.00,84.00,15.00,444.76,200.75,207.75,117.76,84.50,15.50,1.00,1.00,12750.50,10216.62,10211.62,13160.50,84,15,15,84,77025.54,77067.20,,
2026-08-24T17:01:42+08:00,btc-updown-5m-1787562000,https://polymarket.com/zh/event/btc-updown-5m-1787562000,17:00-17:05,88.00,13.00,87.00,12.00,315.27,118.09,43.09,425.27,87.50,12.50,1.00,1.00,12660.50,10894.62,10889.62,13245.50,87,12,12,87,77025.54,77077.82,,
2026-08-24T17:01:44+08:00,btc-updown-5m-1787562000,https://polymarket.com/zh/event/btc-updown-5m-1787562000,17:00-17:05,83.00,18.00,82.00,17.00,780.17,197.55,197.55,332.00,82.50,17.50,1.00,1.00,13150.51,10067.46,10072.46,12725.50,82,17,17,82,77025.54,77072.22,,
2026-08-24T17:01:46+08:00,btc-updown-5m-1787562000,https://polymarket.com/zh/event/btc-updown-5m-1787562000,17:00-17:05,79.00,22.00,78.00,21.00,555.67,139.17,139.17,560.67,78.50,21.50,1.00,1.00,12908.80,10249.46,10279.46,13503.80,78,21,21,78,77025.54,77066.40,,
2026-08-24T17:01:48+08:00,btc-updown-5m-1787562000,https://polymarket.com/zh/event/btc-updown-5m-1787562000,17:00-17:05,70.00,32.00,69.00,31.00,182.47,264.00,7.00,299.76,69.50,31.50,1.00,1.00,13518.80,9991.46,9986.46,13413.80,69,30,31,68,77025.54,77066.40,,
2026-08-24T17:01:50+08:00,btc-updown-5m-1787562000,https://polymarket.com/zh/event/btc-updown-5m-1787562000,17:00-17:05,73.00,28.00,72.00,27.00,324.94,447.72,311.97,309.94,72.50,27.50,1.00,1.00,13018.80,8189.47,8184.47,13518.80,72,27,27,72,77025.54,77048.52,,
2026-08-24T17:01:52+08:00,btc-updown-5m-1787562000,https://polymarket.com/zh/event/btc-updown-5m-1787562000,17:00-17:05,78.00,23.00,77.00,22.00,113.71,135.75,135.75,98.71,77.50,22.50,1.00,1.00,12928.80,7943.47,7943.47,13118.80,77,22,22,77,77025.54,77051.33,,
2026-08-24T17:01:54+08:00,btc-updown-5m-1787562000,https://polymarket.com/zh/event/btc-updown-5m-1787562000,17:00-17:05,81.00,20.00,80.00,19.00,16.00,498.95,146.00,123.88,80.50,19.50,1.00,1.00,13523.80,7933.47,8781.80,13003.80,80,19,19,80,77025.54,77051.33,,
2026-08-24T17:01:56+08:00,btc-updown-5m-1787562000,https://polymarket.com/zh/event/btc-updown-5m-1787562000,17:00-17:05,83.00,18.00,82.00,17.00,58.01,424.77,424.77,58.01,82.50,17.50,1.00,1.00,13448.80,10237.46,10232.46,13568.80,82,17,17,82,77025.54,77064.75,,
2026-08-24T17:01:57+08:00,btc-updown-5m-1787562000,https://polymarket.com/zh/event/btc-updown-5m-1787562000,17:00-17:05,83.00,18.00,82.00,17.00,25.59,621.29,627.89,25.59,82.50,17.50,1.00,1.00,12859.80,10152.46,10157.46,13364.80,82,17,17,82,77025.54,77064.74,,
2026-08-24T17:01:59+08:00,btc-updown-5m-1787562000,https://polymarket.com/zh/event/btc-updown-5m-1787562000,17:00-17:05,84.00,17.00,83.00,16.00,134.83,296.08,296.08,128.75,83.50,16.50,1.00,1.00,13419.80,10142.46,10142.46,12829.80,83,16,16,83,77025.54,77064.75,,
2026-08-24T17:02:01+08:00,btc-updown-5m-1787562000,https://polymarket.com/zh/event/btc-updown-5m-1787562000,17:00-17:05,84.00,17.00,83.00,16.00,62.83,372.41,372.48,62.83,83.50,16.50,1.00,1.00,13329.80,9985.46,9985.46,12729.81,83,16,16,83,77025.54,77064.75,,
2026-08-24T17:02:03+08:00,btc-updown-5m-1787562000,https://polymarket.com/zh/event/btc-updown-5m-1787562000,17:00-17:05,91.00,9.00,90.00,8.00,109.00,158.33,444.43,245.98,90.50,8.50,1.00,1.00,12704.80,8433.83,7278.83,13319.80,90,9,8,91,77025.54,77077.98,,
2026-08-24T17:02:05+08:00,btc-updown-5m-1787562000,https://polymarket.com/zh/event/btc-updown-5m-1787562000,17:00-17:05,92.00,9.00,91.00,8.00,384.50,260.87,255.20,417.92,91.50,8.50,1.00,1.00,12714.80,8313.27,8318.27,13109.81,91,8,8,91,77025.54,77079.03,,
2026-08-24T17:02:07+08:00,btc-updown-5m-1787562000,https://polymarket.com/zh/event/btc-updown-5m-1787562000,17:00-17:05,92.00,9.00,91.00,8.00,302.04,318.19,268.10,287.04,91.50,8.50,1.00,1.00,12629.80,8456.27,8396.27,13209.80,91,8,8,91,77025.54,77079.03,,
2026-08-24T17:02:09+08:00,btc-updown-5m-1787562000,https://polymarket.com/zh/event/btc-updown-5m-1787562000,17:00-17:05,92.00,9.00,91.00,8.00,308.73,164.50,176.54,362.64,91.50,8.50,1.00,1.00,12729.81,8938.03,9033.03,12614.80,91,8,8,91,77025.54,77079.03,,
2026-08-24T17:02:11+08:00,btc-updown-5m-1787562000,https://polymarket.com/zh/event/btc-updown-5m-1787562000,17:00-17:05,92.00,8.00,91.00,7.00,5.00,23.33,93.09,367.53,91.50,7.50,1.00,1.00,13089.80,8859.43,8854.43,12589.80,91,8,7,92,77025.54,77079.02,,
2026-08-24T17:02:13+08:00,btc-updown-5m-1787562000,https://polymarket.com/zh/event/btc-updown-5m-1787562000,17:00-17:05,92.00,9.00,91.00,8.00,206.82,310.51,284.63,206.82,91.50,8.50,1.00,1.00,13194.80,11112.02,10799.02,12604.80,91,8,8,91,77025.54,77079.03,,
2026-08-24T17:02:15+08:00,btc-updown-5m-1787562000,https://polymarket.com/zh/event/btc-updown-5m-1787562000,17:00-17:05,92.00,9.00,91.00,8.00,70.54,352.11,331.24,10.99,91.50,8.50,1.00,1.00,13209.80,10990.02,10740.02,13099.81,91,8,8,91,77025.54,77079.03,,
2026-08-24T17:02:17+08:00,btc-updown-5m-1787562000,https://polymarket.com/zh/event/btc-updown-5m-1787562000,17:00-17:05,95.00,6.00,89.00,5.00,119.87,15.00,750.54,80.26,92.00,5.50,6.00,1.00,13094.80,5871.40,6040.79,13164.80,89,5,5,93,77025.54,77082.46,,
2026-08-24T17:02:18+08:00,btc-updown-5m-1787562000,https://polymarket.com/zh/event/btc-updown-5m-1787562000,17:00-17:05,95.00,6.00,94.00,5.00,317.14,91.50,106.50,372.14,94.50,5.50,1.00,1.00,12629.61,6928.27,6988.27,12544.61,94,5,5,94,77025.54,77099.97,,
2026-08-24T17:02:20+08:00,btc-updown-5m-1787562000,https://polymarket.com/zh/event/btc-updown-5m-1787562000,17:00-17:05,93.00,8.00,92.00,7.00,446.46,56.98,66.18,446.46,92.50,7.50,1.00,1.00,12639.61,8956.36,8945.36,13039.61,92,7,7,92,77025.54,77089.79,,
2026-08-24T17:02:22+08:00,btc-updown-5m-1787562000,https://polymarket.com/zh/event/btc-updown-5m-1787562000,17:00-17:05,94.00,7.00,93.00,6.00,176.54,79.30,89.30,221.54,93.50,6.50,1.00,1.00,13154.63,8979.26,9024.26,13149.62,93,6,6,93,77025.54,77096.39,,
2026-08-24T17:02:24+08:00,btc-updown-5m-1787562000,https://polymarket.com/zh/event/btc-updown-5m-1787562000,17:00-17:05,94.00,7.00,93.00,6.00,229.04,186.17,186.17,229.04,93.50,6.50,1.00,1.00,12654.61,9100.26,9100.26,13264.62,93,6,6,93,77025.54,77091.97,,
2026-08-24T17:02:26+08:00,btc-updown-5m-1787562000,https://polymarket.com/zh/event/btc-updown-5m-1787562000,17:00-17:05,94.00,9.00,93.00,8.00,479.73,45.66,10.00,516.24,93.50,8.50,1.00,1.00,12544.61,9122.70,9097.80,13119.62,93,6,8,91,77025.54,77089.24,,
2026-08-24T17:02:28+08:00,btc-updown-5m-1787562000,https://polymarket.com/zh/event/btc-updown-5m-1787562000,17:00-17:05,93.00,8.00,92.00,6.00,281.89,269.07,229.37,169.27,92.50,7.00,1.00,2.00,12514.61,9072.26,9057.60,13034.61,92,7,6,92,77025.54,77086.81,,
2026-08-24T17:02:30+08:00,btc-updown-5m-1787562000,https://polymarket.com/zh/event/btc-updown-5m-1787562000,17:00-17:05,94.00,7.00,93.00,6.00,83.33,111.71,85.47,25.00,93.50,6.50,1.00,1.00,13014.61,8978.37,8987.26,13034.61,93,6,6,93,77025.54,77092.44,,
2026-08-24T17:02:32+08:00,btc-updown-5m-1787562000,https://polymarket.com/zh/event/btc-updown-5m-1787562000,17:00-17:05,93.00,8.00,92.00,7.00,48.14,488.62,488.62,48.14,92.50,7.50,1.00,1.00,12549.61,8948.08,8948.08,12549.61,92,7,7,92,77025.54,77092.44,,
2026-08-24T17:02:34+08:00,btc-updown-5m-1787562000,https://polymarket.com/zh/event/btc-updown-5m-1787562000,17:00-17:05,93.00,8.00,92.00,7.00,48.14,488.62,488.62,48.14,92.50,7.50,1.00,1.00,12549.61,8948.08,8948.08,12549.61,92,7,7,92,77025.54,77092.44,,
2026-08-24T17:02:35+08:00,btc-updown-5m-1787562000,https://polymarket.com/zh/event/btc-updown-5m-1787562000,17:00-17:05,95.00,6.00,94.00,5.00,108.06,38.27,43.70,108.06,94.50,5.50,1.00,1.00,12549.61,8590.90,8595.90,13049.61,94,5,5,94,77025.54,77092.44,,
2026-08-24T17:02:37+08:00,btc-updown-5m-1787562000,https://polymarket.com/zh/event/btc-updown-5m-1787562000,17:00-17:05,95.00,6.00,94.00,5.00,228.18,38.27,38.27,211.02,94.50,5.50,1.00,1.00,12644.61,8791.54,8763.38,12539.61,94,5,5,94,77025.54,77092.44,,
2026-08-24T17:02:39+08:00,btc-updown-5m-1787562000,https://polymarket.com/zh/event/btc-updown-5m-1787562000,17:00-17:05,94.00,6.00,93.00,5.00,18.33,122.93,406.11,90.94,93.50,5.50,1.00,1.00,12554.61,8668.62,8667.82,13019.61,93,6,5,94,77025.54,77092.44,,
2026-08-24T17:02:41+08:00,btc-updown-5m-1787562000,https://polymarket.com/zh/event/btc-updown-5m-1787562000,17:00-17:05,95.00,6.00,94.00,5.00,129.34,187.56,174.42,99.34,94.50,5.50,1.00,1.00,12534.61,8754.62,8694.62,12614.61,94,5,5,94,77025.54,77092.44,,
2026-08-24T17:02:43+08:00,btc-updown-5m-1787562000,https://polymarket.com/zh/event/btc-updown-5m-1787562000,17:00-17:05,95.00,6.00,94.00,5.00,181.80,74.41,74.41,94.69,94.50,5.50,1.00,1.00,12529.61,8807.34,8730.23,12614.61,94,5,5,94,77025.54,77092.44,,
2026-08-24T17:02:45+08:00,btc-updown-5m-1787562000,https://polymarket.com/zh/event/btc-updown-5m-1787562000,17:00-17:05,94.00,7.00,93.00,6.00,35.93,212.51,212.51,5.93,93.50,6.50,1.00,1.00,13034.61,8946.93,8946.93,12534.61,93,6,6,93,77025.54,77092.44,,
2026-08-24T17:02:47+08:00,btc-updown-5m-1787562000,https://polymarket.com/zh/event/btc-updown-5m-1787562000,17:00-17:05,96.00,5.00,95.00,4.00,425.34,81.54,81.54,425.34,95.50,4.50,1.00,1.00,13162.47,8516.16,8511.16,12547.47,95,4,4,95,77025.54,77092.44,,
2026-08-24T17:02:49+08:00,btc-updown-5m-1787562000,https://polymarket.com/zh/event/btc-updown-5m-1787562000,17:00-17:05,97.00,4.00,96.00,3.00,767.40,166.15,161.15,780.78,96.50,3.50,1.00,1.00,12557.47,6443.13,6536.51,13157.47,96,3,3,96,77025.54,77092.44,,
2026-08-24T17:02:50+08:00,btc-updown-5m-1787562000,https://polymarket.com/zh/event/btc-updown-5m-1787562000,17:00-17:05,97.00,4.00,96.00,3.00,500.93,205.00,133.16,509.46,96.50,3.50,1.00,1.00,12067.48,5250.66,5259.19,11557.47,96,3,3,96,77025.54,77098.78,,
2026-08-24T17:02:52+08:00,btc-updown-5m-1787562000,https://polymarket.com/zh/event/btc-updown-5m-1787562000,17:00-17:05,97.00,4.00,96.00,3.00,641.73,134.00,134.00,647.53,96.50,3.50,1.00,1.00,11567.47,4614.13,4619.93,11577.47,96,3,3,96,77025.54,77098.78,,
2026-08-24T17:02:54+08:00,btc-updown-5m-1787562000,https://polymarket.com/zh/event/btc-updown-5m-1787562000,17:00-17:05,97.00,4.00,96.00,3.00,584.29,143.76,143.76,569.29,96.50,3.50,1.00,1.00,11552.38,4648.09,4639.09,11752.38,96,3,3,96,77025.54,77098.78,,
2026-08-24T17:02:56+08:00,btc-updown-5m-1787562000,https://polymarket.com/zh/event/btc-updown-5m-1787562000,17:00-17:05,97.00,4.00,96.00,3.00,506.47,228.76,228.76,506.47,96.50,3.50,1.00,1.00,11672.38,5240.01,5240.01,11552.38,96,3,3,96,77025.54,77098.78,,
2026-08-24T17:02:58+08:00,btc-updown-5m-1787562000,https://polymarket.com/zh/event/btc-updown-5m-1787562000,17:00-17:05,97.00,4.00,96.00,3.00,619.43,93.35,93.35,589.43,96.50,3.50,1.00,1.00,11477.38,5242.97,5212.97,11977.38,96,3,3,96,77025.54,77098.78,,
2026-08-24T17:03:00+08:00,btc-updown-5m-1787562000,https://polymarket.com/zh/event/btc-updown-5m-1787562000,17:00-17:05,97.00,4.00,96.00,3.00,311.61,329.15,307.76,161.51,96.50,3.50,1.00,1.00,12017.38,7035.14,6778.44,11602.38,96,3,3,96,77025.54,77098.78,,
2026-08-24T17:03:02+08:00,btc-updown-5m-1787562000,https://polymarket.com/zh/event/btc-updown-5m-1787562000,17:00-17:05,97.00,4.00,96.00,3.00,107.76,368.59,368.59,107.76,96.50,3.50,1.00,1.00,11811.30,5289.63,5289.63,11401.31,96,3,3,96,77025.54,77098.78,,
2026-08-24T17:03:04+08:00,btc-updown-5m-1787562000,https://polymarket.com/zh/event/btc-updown-5m-1787562000,17:00-17:05,97.00,4.00,96.00,3.00,63.34,429.56,429.56,33.34,96.50,3.50,1.00,1.00,11291.30,5183.20,4825.60,11901.30,96,3,3,96,77025.54,77098.78,,
2026-08-24T17:03:06+08:00,btc-updown-5m-1787562000,https://polymarket.com/zh/event/btc-updown-5m-1787562000,17:00-17:05,98.00,3.00,97.00,2.00,949.83,483.12,516.46,949.83,97.50,2.50,1.00,1.00,11296.31,4548.09,4553.09,11276.30,97,2,2,97,77025.54,77098.78,,
2026-08-24T17:03:08+08:00,btc-updown-5m-1787562000,https://polymarket.com/zh/event/btc-updown-5m-1787562000,17:00-17:05,98.00,3.00,97.00,2.00,829.55,666.14,666.14,829.55,97.50,2.50,1.00,1.00,11381.30,4087.77,4087.77,11786.30,97,2,2,97,77025.54,77094.93,,
2026-08-24T17:03:09+08:00,btc-updown-5m-1787562000,https://polymarket.com/zh/event/btc-updown-5m-1787562000,17:00-17:05,98.00,3.00,97.00,2.00,554.23,694.92,600.62,568.23,97.50,2.50,1.00,1.00,11776.30,3887.85,3916.85,11201.30,97,2,2,97,77025.54,77098.78,,
2026-08-24T17:03:11+08:00,btc-updown-5m-1787562000,https://polymarket.com/zh/event/btc-updown-5m-1787562000,17:00-17:05,98.00,2.00,97.00,1.00,555.16,533.33,702.29,3333.17,97.50,1.50,1.00,1.00,11206.31,3908.78,3333.17,11301.30,97,2,1,98,77025.54,77098.94,,
2026-08-24T17:03:13+08:00,btc-updown-5m-1787562000,https://polymarket.com/zh/event/btc-updown-5m-1787562000,17:00-17:05,99.00,2.00,98.00,1.00,3110.33,725.38,725.38,3110.33,98.50,1.50,1.00,1.00,11173.50,3110.33,3110.33,11268.50,98,1,1,98,77025.54,77098.94,,
2026-08-24T17:03:15+08:00,btc-updown-5m-1787562000,https://polymarket.com/zh/event/btc-updown-5m-1787562000,17:00-17:05,99.00,2.00,98.00,1.00,3027.80,884.33,864.33,3027.80,98.50,1.50,1.00,1.00,11133.50,3027.80,3027.80,11738.50,98,1,1,98,77025.54,77098.94,,
2026-08-24T17:03:17+08:00,btc-updown-5m-1787562000,https://polymarket.com/zh/event/btc-updown-5m-1787562000,17:00-17:05,99.00,2.00,98.00,1.00,3012.45,930.17,930.17,3007.45,98.50,1.50,1.00,1.00,11243.51,3012.45,3007.45,11633.50,98,1,1,98,77025.54,77098.94,,
2026-08-24T17:03:19+08:00,btc-updown-5m-1787562000,https://polymarket.com/zh/event/btc-updown-5m-1787562000,17:00-17:05,99.00,2.00,98.00,1.00,2385.35,1183.34,1183.34,2385.35,98.50,1.50,1.00,1.00,11148.50,2385.35,2385.35,11233.50,98,1,1,98,77025.54,77098.94,,
2026-08-24T17:03:21+08:00,btc-updown-5m-1787562000,https://polymarket.com/zh/event/btc-updown-5m-1787562000,17:00-17:05,99.00,2.00,98.00,1.00,2116.24,1319.54,1319.54,2121.24,98.50,1.50,1.00,1.00,11133.50,2116.24,2121.24,11633.50,98,1,1,98,77025.54,77104.44,,
2026-08-24T17:03:22+08:00,btc-updown-5m-1787562000,https://polymarket.com/zh/event/btc-updown-5m-1787562000,17:00-17:05,,1.00,99.00,,,3972.45,3859.57,,,,,,11133.50,,,11138.50,99,0,0,99,77025.54,77107.72,,
2026-08-24T17:03:24+08:00,btc-updown-5m-1787562000,https://polymarket.com/zh/event/btc-updown-5m-1787562000,17:00-17:05,,1.00,99.00,,,3717.85,3717.85,,,,,,11138.50,,,11148.50,99,0,0,99,77025.54,77111.56,,
2026-08-24T17:03:26+08:00,btc-updown-5m-1787562000,https://polymarket.com/zh/event/btc-updown-5m-1787562000,17:00-17:05,,1.00,99.00,,,7451.51,7557.52,,,,,,11133.50,,,11138.50,99,0,0,99,77025.54,77114.30,,
2026-08-24T17:03:28+08:00,btc-updown-5m-1787562000,https://polymarket.com/zh/event/btc-updown-5m-1787562000,17:00-17:05,,1.00,99.00,,,7485.67,7472.16,,,,,,13143.50,,,13133.50,99,0,0,99,77025.54,77113.04,,
2026-08-24T17:03:30+08:00,btc-updown-5m-1787562000,https://polymarket.com/zh/event/btc-updown-5m-1787562000,17:00-17:05,,1.00,99.00,,,8013.33,8049.80,,,,,,13613.51,,,13118.50,99,0,0,99,77025.54,77113.04,,
2026-08-24T17:03:32+08:00,btc-updown-5m-1787562000,https://polymarket.com/zh/event/btc-updown-5m-1787562000,17:00-17:05,,1.00,99.00,,,7707.25,7707.25,,,,,,13123.50,,,13108.50,99,0,0,99,77025.54,77117.67,,
2026-08-24T17:03:34+08:00,btc-updown-5m-1787562000,https://polymarket.com/zh/event/btc-updown-5m-1787562000,17:00-17:05,,1.00,99.00,,,7961.90,7971.25,,,,,,13608.50,,,13618.50,99,0,0,99,77025.54,77117.67,,
2026-08-24T17:03:36+08:00,btc-updown-5m-1787562000,https://polymarket.com/zh/event/btc-updown-5m-1787562000,17:00-17:05,,1.00,99.00,,,9609.57,9609.57,,,,,,13608.50,,,13118.50,99,0,0,99,77025.54,77111.40,,
2026-08-24T17:03:38+08:00,btc-updown-5m-1787562000,https://polymarket.com/zh/event/btc-updown-5m-1787562000,17:00-17:05,,1.00,99.00,,,9625.05,9626.50,,,,,,13118.50,,,13108.50,99,0,0,99,77025.54,77117.68,,
2026-08-24T17:03:39+08:00,btc-updown-5m-1787562000,https://polymarket.com/zh/event/btc-updown-5m-1787562000,17:00-17:05,,1.00,99.00,,,10234.30,10234.30,,,,,,13113.50,,,13123.50,99,0,0,99,77025.54,77118.59,,
2026-08-24T17:03:41+08:00,btc-updown-5m-1787562000,https://polymarket.com/zh/event/btc-updown-5m-1787562000,17:00-17:05,,1.00,99.00,,,10569.30,10569.30,,,,,,13073.50,,,13073.50,99,0,0,99,77025.54,77125.48,,
2026-08-24T17:03:43+08:00,btc-updown-5m-1787562000,https://polymarket.com/zh/event/btc-updown-5m-1787562000,17:00-17:05,,1.00,99.00,,,10569.30,10569.30,,,,,,13073.50,,,13073.50,99,0,0,99,77025.54,77125.48,,
2026-08-24T17:03:45+08:00,btc-updown-5m-1787562000,https://polymarket.com/zh/event/btc-updown-5m-1787562000,17:00-17:05,,1.00,99.00,,,10013.75,10569.30,,,,,,13573.51,,,13583.51,99,0,0,99,77025.54,77125.47,,
2026-08-24T17:03:47+08:00,btc-updown-5m-1787562000,https://polymarket.com/zh/event/btc-updown-5m-1787562000,17:00-17:05,,1.00,99.00,,,12144.50,12144.50,,,,,,12763.50,,,13258.50,99,0,0,99,77025.54,77125.48,,
2026-08-24T17:03:49+08:00,btc-updown-5m-1787562000,https://polymarket.com/zh/event/btc-updown-5m-1787562000,17:00-17:05,,1.00,99.00,,,12147.85,12147.85,,,,,,12768.50,,,12763.50,99,0,0,99,77025.54,77130.00,,
2026-08-24T17:03:51+08:00,btc-updown-5m-1787562000,https://polymarket.com/zh/event/btc-updown-5m-1787562000,17:00-17:05,,1.00,99.00,,,12073.18,12080.78,,,,,,13273.50,,,12758.50,99,0,0,99,77025.54,77130.00,,
2026-08-24T17:03:53+08:00,btc-updown-5m-1787562000,https://polymarket.com/zh/event/btc-updown-5m-1787562000,17:00-17:05,,1.00,99.00,,,11930.09,11930.09,,,,,,12773.50,,,13253.50,99,0,0,99,77025.54,77129.99,,
2026-08-24T17:03:54+08:00,btc-updown-5m-1787562000,https://polymarket.com/zh/event/btc-updown-5m-1787562000,17:00-17:05,,1.00,99.00,,,11967.73,11972.74,,,,,,12758.51,,,12763.50,99,0,0,99,77025.54,77130.00,,
2026-08-24T17:03:56+08:00,btc-updown-5m-1787562000,https://polymarket.com/zh/event/btc-updown-5m-1787562000,17:00-17:05,,1.00,99.00,,,11675.13,11705.13,,,,,,12146.51,,,12646.51,99,0,0,99,77025.54,77130.00,,
2026-08-24T17:03:58+08:00,btc-updown-5m-1787562000,https://polymarket.com/zh/event/btc-updown-5m-1787562000,17:00-17:05,,1.00,99.00,,,11755.13,11755.13,,,,,,12166.51,,,12156.51,99,0,0,99,77025.54,77117.68,,
2026-08-24T17:04:00+08:00,btc-updown-5m-1787562000,https://polymarket.com/zh/event/btc-updown-5m-1787562000,17:00-17:05,,1.00,99.00,,,13562.13,13562.13,,,,,,11863.17,,,12358.17,99,0,0,99,77025.54,77117.68,,
2026-08-24T17:04:02+08:00,btc-updown-5m-1787562000,https://polymarket.com/zh/event/btc-updown-5m-1787562000,17:00-17:05,,1.00,99.00,,,13537.23,13537.24,,,,,,11908.18,,,11903.17,99,0,0,99,77025.54,77121.94,,
2026-08-24T17:04:04+08:00,btc-updown-5m-1787562000,https://polymarket.com/zh/event/btc-updown-5m-1787562000,17:00-17:05,,1.00,99.00,,,13578.24,13557.23,,,,,,11908.17,,,11898.18,99,0,0,99,77025.54,77121.94,,
2026-08-24T17:04:06+08:00,btc-updown-5m-1787562000,https://polymarket.com/zh/event/btc-updown-5m-1787562000,17:00-17:05,,1.00,99.00,,,14625.16,14625.16,,,,,,11913.17,,,11903.18,99,0,0,99,77025.54,77123.25,,
2026-08-24T17:04:08+08:00,btc-updown-5m-1787562000,https://polymarket.com/zh/event/btc-updown-5m-1787562000,17:00-17:05,,1.00,99.00,,,14935.26,14935.26,,,,,,12408.17,,,12403.17,99,0,0,99,77025.54,77129.99,,
2026-08-24T17:04:09+08:00,btc-updown-5m-1787562000,https://polymarket.com/zh/event/btc-updown-5m-1787562000,17:00-17:05,,1.00,99.00,,,20736.30,20736.30,,,,,,11908.17,,,11893.17,99,0,0,99,77025.54,77130.00,,
2026-08-24T17:04:11+08:00,btc-updown-5m-1787562000,https://polymarket.com/zh/event/btc-updown-5m-1787562000,17:00-17:05,,1.00,99.00,,,20956.35,20956.35,,,,,,12393.17,,,12408.18,99,0,0,99,77025.54,77130.00,,
2026-08-24T17:04:13+08:00,btc-updown-5m-1787562000,https://polymarket.com/zh/event/btc-updown-5m-1787562000,17:00-17:05,,1.00,99.00,,,20656.35,20956.35,,,,,,11898.17,,,11908.17,99,0,0,99,77025.54,77130.00,,
2026-08-24T17:04:15+08:00,btc-updown-5m-1787562000,https://polymarket.com/zh/event/btc-updown-5m-1787562000,17:00-17:05,,1.00,99.00,,,22791.35,22796.36,,,,,,8363.18,,,8358.17,99,0,0,99,77025.54,77130.00,,
2026-08-24T17:04:17+08:00,btc-updown-5m-1787562000,https://polymarket.com/zh/event/btc-updown-5m-1787562000,17:00-17:05,,1.00,99.00,,,24810.69,24790.69,,,,,,7843.17,,,8358.17,99,0,0,99,77025.54,77130.00,,
2026-08-24T17:04:19+08:00,btc-updown-5m-1787562000,https://polymarket.com/zh/event/btc-updown-5m-1787562000,17:00-17:05,,1.00,99.00,,,25366.60,25366.60,,,,,,7758.17,,,7758.17,99,0,0,99,77025.54,77132.48,,
2026-08-24T17:04:21+08:00,btc-updown-5m-1787562000,https://polymarket.com/zh/event/btc-updown-5m-1787562000,17:00-17:05,,1.00,99.00,,,25487.60,25487.60,,,,,,8248.17,,,7758.17,99,0,0,99,77025.54,77132.48,,
2026-08-24T17:04:23+08:00,btc-updown-5m-1787562000,https://polymarket.com/zh/event/btc-updown-5m-1787562000,17:00-17:05,,1.00,99.00,,,25142.75,25142.75,,,,,,7738.17,,,7753.17,99,0,0,99,77025.54,77132.48,,
2026-08-24T17:04:25+08:00,btc-updown-5m-1787562000,https://polymarket.com/zh/event/btc-updown-5m-1787562000,17:00-17:05,,1.00,99.00,,,25262.75,25267.76,,,,,,8253.18,,,7748.17,99,0,0,99,77025.54,77132.48,,
2026-08-24T17:04:26+08:00,btc-updown-5m-1787562000,https://polymarket.com/zh/event/btc-updown-5m-1787562000,17:00-17:05,,1.00,99.00,,,24522.78,24522.78,,,,,,7748.17,,,7758.17,99,0,0,99,77025.54,77132.47,,
2026-08-24T17:04:28+08:00,btc-updown-5m-1787562000,https://polymarket.com/zh/event/btc-updown-5m-1787562000,17:00-17:05,,1.00,99.00,,,28764.79,28759.78,,,,,,8233.17,,,8238.18,99,0,0,99,77025.54,77132.47,,
2026-08-24T17:04:30+08:00,btc-updown-5m-1787562000,https://polymarket.com/zh/event/btc-updown-5m-1787562000,17:00-17:05,,1.00,99.00,,,30735.88,30730.83,,,,,,7724.61,,,7714.61,99,0,0,99,77025.54,77132.48,,
2026-08-24T17:04:32+08:00,btc-updown-5m-1787562000,https://polymarket.com/zh/event/btc-updown-5m-1787562000,17:00-17:05,,1.00,99.00,,,30430.98,30430.98,,,,,,7499.61,,,7499.61,99,0,0,99,77025.54,77135.31,,
2026-08-24T17:04:34+08:00,btc-updown-5m-1787562000,https://polymarket.com/zh/event/btc-updown-5m-1787562000,17:00-17:05,,1.00,99.00,,,30450.98,30450.98,,,,,,7024.61,,,6999.61,99,0,0,99,77025.54,77144.13,,
2026-08-24T17:04:36+08:00,btc-updown-5m-1787562000,https://polymarket.com/zh/event/btc-updown-5m-1787562000,17:00-17:05,,1.00,99.00,,,30534.76,30534.76,,,,,,7014.61,,,6994.61,99,0,0,99,77025.54,77144.13,,
2026-08-24T17:04:38+08:00,btc-updown-5m-1787562000,https://polymarket.com/zh/event/btc-updown-5m-1787562000,17:00-17:05,,1.00,99.00,,,30539.78,30534.77,,,,,,7504.61,,,7019.62,99,0,0,99,77025.54,77144.13,,
2026-08-24T17:04:40+08:00,btc-updown-5m-1787562000,https://polymarket.com/zh/event/btc-updown-5m-1787562000,17:00-17:05,,1.00,99.00,,,30775.10,30785.10,,,,,,7494.61,,,6994.60,99,0,0,99,77025.54,77144.13,,
2026-08-24T17:04:41+08:00,btc-updown-5m-1787562000,https://polymarket.com/zh/event/btc-updown-5m-1787562000,17:00-17:05,,1.00,99.00,,,31175.10,31145.10,,,,,,6994.60,,,7494.60,99,0,0,99,77025.54,77161.77,,
2026-08-24T17:04:43+08:00,btc-updown-5m-1787562000,https://polymarket.com/zh/event/btc-updown-5m-1787562000,17:00-17:05,,1.00,99.00,,,32384.34,32384.34,,,,,,6994.60,,,7499.60,99,0,0,99,77025.54,77161.77,,
2026-08-24T17:04:45+08:00,btc-updown-5m-1787562000,https://polymarket.com/zh/event/btc-updown-5m-1787562000,17:00-17:05,,1.00,99.00,,,32458.21,32463.22,,,,,,7084.61,,,6999.60,99,0,0,99,77025.54,77171.28,,
2026-08-24T17:04:47+08:00,btc-updown-5m-1787562000,https://polymarket.com/zh/event/btc-updown-5m-1787562000,17:00-17:05,,1.00,99.00,,,32201.22,32196.21,,,,,,7339.60,,,6854.61,99,0,0,99,77025.54,77171.28,,
2026-08-24T17:04:49+08:00,btc-updown-5m-1787562000,https://polymarket.com/zh/event/btc-updown-5m-1787562000,17:00-17:05,,1.00,99.00,,,32509.86,32509.86,,,,,,6849.60,,,6844.60,99,0,0,99,77025.54,77164.49,,
2026-08-24T17:04:51+08:00,btc-updown-5m-1787562000,https://polymarket.com/zh/event/btc-updown-5m-1787562000,17:00-17:05,,0.10,99.90,,,17081.94,17081.94,,,,,,6456.25,,,5946.25,104,0,0,104,77025.54,77161.78,,
2026-08-24T17:04:53+08:00,btc-updown-5m-1787562000,https://polymarket.com/zh/event/btc-updown-5m-1787562000,17:00-17:05,,0.10,99.90,,,20167.71,17167.71,,,,,,5946.25,,,5936.25,106,0,0,106,77025.54,77161.78,,
2026-08-24T17:04:55+08:00,btc-updown-5m-1787562000,https://polymarket.com/zh/event/btc-updown-5m-1787562000,17:00-17:05,,0.10,99.90,,,20172.71,20167.71,,,,,,6461.25,,,6436.25,106,0,0,105,77025.54,77153.02,,
2026-08-24T17:04:57+08:00,btc-updown-5m-1787562000,https://polymarket.com/zh/event/btc-updown-5m-1787562000,17:00-17:05,,0.10,99.90,,,20183.71,20183.71,,,,,,5106.25,,,4611.25,105,0,0,105,77025.54,77153.02,,
2026-08-24T17:04:58+08:00,btc-updown-5m-1787562000,https://polymarket.com/zh/event/btc-updown-5m-1787562000,17:00-17:05,,0.10,99.90,,,20189.71,20183.71,,,,,,4536.25,,,4551.25,105,0,0,105,77025.54,77159.09,,
2026-08-24T17:05:00+08:00,btc-updown-5m-1787562300,https://polymarket.com/zh/event/btc-updown-5m-1787562300,17:05-17:10,61.00,40.00,60.00,39.00,30.00,5.00,10.00,45.33,60.50,39.50,1.00,1.00,140870.97,140172.81,140197.81,140960.97,60,39,39,58,77153.12,77153.12,,
2026-08-24T17:05:02+08:00,btc-updown-5m-1787562300,https://polymarket.com/zh/event/btc-updown-5m-1787562300,17:05-17:10,65.00,36.00,64.00,35.00,265.92,305.54,305.54,265.92,64.50,35.50,1.00,1.00,16144.50,14276.35,14261.35,16034.50,64,35,35,64,77153.12,77153.12,,
2026-08-24T17:05:04+08:00,btc-updown-5m-1787562300,https://polymarket.com/zh/event/btc-updown-5m-1787562300,17:05-17:10,68.00,33.00,67.00,32.00,227.73,246.27,236.27,377.73,67.50,32.50,1.00,1.00,17923.06,15406.35,15611.35,18023.06,67,32,32,67,77153.12,77166.18,,
2026-08-24T17:05:06+08:00,btc-updown-5m-1787562300,https://polymarket.com/zh/event/btc-updown-5m-1787562300,17:05-17:10,65.00,36.00,64.00,35.00,296.78,400.80,395.80,296.78,64.50,35.50,1.00,1.00,18259.55,16501.40,16516.40,18264.55,64,35,35,64,77153.12,77166.17,,
2026-08-24T17:05:08+08:00,btc-updown-5m-1787562300,https://polymarket.com/zh/event/btc-updown-5m-1787562300,17:05-17:10,61.00,40.00,60.00,39.00,165.35,182.45,39.47,156.91,60.50,39.50,1.00,1.00,18074.55,14286.40,14242.73,17980.88,60,39,39,60,77153.12,77157.80,,
2026-08-24T17:05:10+08:00,btc-updown-5m-1787562300,https://polymarket.com/zh/event/btc-updown-5m-1787562300,17:05-17:10,65.00,35.00,64.00,34.00,263.23,245.69,473.61,47.33,64.50,34.50,1.00,1.00,15998.74,14250.59,14220.59,16078.74,64,35,34,65,77153.12,77157.80,,
2026-08-24T17:05:12+08:00,btc-updown-5m-1787562300,https://polymarket.com/zh/event/btc-updown-5m-1787562300,17:05-17:10,65.00,35.00,64.00,34.00,376.00,217.93,247.42,118.00,64.50,34.50,1.00,1.00,16018.74,14310.64,14220.64,15983.74,64,35,34,65,77153.12,77164.83,,
2026-08-24T17:05:13+08:00,btc-updown-5m-1787562300,https://polymarket.com/zh/event/btc-updown-5m-1787562300,17:05-17:10,65.00,36.00,64.00,35.00,694.28,88.05,106.27,800.28,64.50,35.50,1.00,1.00,16098.74,14320.64,14250.64,15998.74,64,35,35,64,77153.12,77164.83,,
2026-08-24T17:05:15+08:00,btc-updown-5m-1787562300,https://polymarket.com/zh/event/btc-updown-5m-1787562300,17:05-17:10,67.00,34.00,66.00,33.00,187.65,439.68,264.30,177.20,66.50,33.50,1.00,1.00,15993.74,14245.64,14245.64,16132.31,66,33,33,66,77153.12,77164.83,,
2026-08-24T17:05:17+08:00,btc-updown-5m-1787562300,https://polymarket.com/zh/event/btc-updown-5m-1787562300,17:05-17:10,67.00,34.00,66.00,33.00,586.31,90.00,90.00,586.31,66.50,33.50,1.00,1.00,16774.29,15221.23,15236.23,16769.29,66,33,33,66,77153.12,77164.83,,
2026-08-24T17:05:19+08:00,btc-updown-5m-1787562300,https://polymarket.com/zh/event/btc-updown-5m-1787562300,17:05-17:10,66.00,35.00,65.00,34.00,729.82,61.57,61.57,567.94,65.50,34.50,1.00,1.00,15975.74,14793.63,14793.63,15990.73,65,34,34,65,77153.12,77164.83,,
2026-08-24T17:05:21+08:00,btc-updown-5m-1787562300,https://polymarket.com/zh/event/btc-updown-5m-1787562300,17:05-17:10,65.00,36.00,64.00,35.00,217.24,147.31,154.60,217.24,64.50,35.50,1.00,1.00,14654.29,13313.63,13382.63,14520.74,64,35,35,64,77153.12,77164.83,,
2026-08-24T17:05:23+08:00,btc-updown-5m-1787562300,https://polymarket.com/zh/event/btc-updown-5m-1787562300,17:05-17:10,63.00,38.00,62.00,37.00,29.43,573.04,388.04,36.31,62.50,37.50,1.00,1.00,14535.74,13308.63,14106.96,14530.73,62,37,37,62,77153.12,77164.83,,
2026-08-24T17:05:25+08:00,btc-updown-5m-1787562300,https://polymarket.com/zh/event/btc-updown-5m-1787562300,17:05-17:10,64.00,37.00,63.00,36.00,185.46,441.12,441.12,74.21,63.50,36.50,1.00,1.00,14400.73,13023.63,13018.63,14290.74,63,36,36,63,77153.12,77160.40,,
2026-08-24T17:05:27+08:00,btc-updown-5m-1787562300,https://polymarket.com/zh/event/btc-updown-5m-1787562300,17:05-17:10,64.00,42.00,63.00,40.00,183.12,127.00,150.00,25.00,63.50,41.00,1.00,2.00,14110.73,12763.63,12643.63,14120.73,63,36,40,58,77153.12,77160.39,,
2026-08-24T17:05:28+08:00,btc-updown-5m-1787562300,https://polymarket.com/zh/event/btc-updown-5m-1787562300,17:05-17:10,61.00,40.00,60.00,39.00,293.89,308.92,316.88,298.32,60.50,39.50,1.00,1.00,13850.74,12558.63,12583.63,13940.73,60,39,39,60,77153.12,77157.25,,
2026-08-24T17:05:30+08:00,btc-updown-5m-1787562300,https://polymarket.com/zh/event/btc-updown-5m-1787562300,17:05-17:10,62.00,39.00,61.00,38.00,363.86,280.32,280.32,363.86,61.50,38.50,1.00,1.00,13440.73,12078.63,12063.63,13325.74,61,38,38,61,77153.12,77157.25,,
2026-08-24T17:05:32+08:00,btc-updown-5m-1787562300,https://polymarket.com/zh/event/btc-updown-5m-1787562300,17:05-17:10,62.00,39.00,61.00,38.00,61.85,1408.28,1408.28,11.04,61.50,38.50,1.00,1.00,13100.73,14100.62,14095.62,13210.73,61,38,38,61,77153.12,77157.25,,
2026-08-24T17:05:34+08:00,btc-updown-5m-1787562300,https://polymarket.com/zh/event/btc-updown-5m-1787562300,17:05-17:10,63.00,38.00,62.00,37.00,392.00,408.20,317.74,345.06,62.50,37.50,1.00,1.00,12840.74,11505.63,11525.63,12835.73,62,37,37,62,77153.12,77157.25,,
2026-08-24T17:05:36+08:00,btc-updown-5m-1787562300,https://polymarket.com/zh/event/btc-updown-5m-1787562300,17:05-17:10,65.00,36.00,64.00,35.00,30.06,676.17,694.20,31.26,64.50,35.50,1.00,1.00,13405.29,13780.62,13785.62,13285.29,64,35,35,64,77153.12,77162.06,,
2026-08-24T17:05:38+08:00,btc-updown-5m-1787562300,https://polymarket.com/zh/event/btc-updown-5m-1787562300,17:05-17:10,69.00,32.00,68.00,31.00,38.98,788.23,788.23,38.98,68.50,31.50,1.00,1.00,13405.29,13417.29,13407.29,13395.29,68,31,31,68,77153.12,77164.82,,
2026-08-24T17:05:40+08:00,btc-updown-5m-1787562300,https://polymarket.com/zh/event/btc-updown-5m-1787562300,17:05-17:10,69.00,32.00,68.00,31.00,10.00,852.73,852.73,29.98,68.50,31.50,1.00,1.00,13305.29,13267.29,13252.29,13395.29,68,31,31,68,77153.12,77164.82,,
2026-08-24T17:05:42+08:00,btc-updown-5m-1787562300,https://polymarket.com/zh/event/btc-updown-5m-1787562300,17:05-17:10,70.00,31.00,69.00,30.00,36.28,666.77,666.77,8.42,69.50,30.50,1.00,1.00,13237.29,11335.63,11340.63,13222.29,69,30,30,69,77153.12,77164.82,,
2026-08-24T17:05:44+08:00,btc-updown-5m-1787562300,https://polymarket.com/zh/event/btc-updown-5m-1787562300,17:05-17:10,71.00,30.00,70.00,29.00,366.12,62.15,172.27,675.34,70.50,29.50,1.00,1.00,13227.29,13032.29,11775.63,13222.29,70,29,29,70,77153.12,77164.82,,
2026-08-24T17:05:45+08:00,btc-updown-5m-1787562300,https://polymarket.com/zh/event/btc-updown-5m-1787562300,17:05-17:10,71.00,30.00,70.00,29.00,271.28,58.81,70.90,485.60,70.50,29.50,1.00,1.00,13247.30,11985.63,11975.63,13242.29,70,29,29,70,77153.12,77164.82,,
2026-08-24T17:05:47+08:00,btc-updown-5m-1787562300,https://polymarket.com/zh/event/btc-updown-5m-1787562300,17:05-17:10,69.00,32.00,68.00,31.00,448.04,78.90,78.90,442.09,68.50,31.50,1.00,1.00,13213.73,11914.63,11949.63,13308.73,68,31,31,68,77153.12,77162.98,,
2026-08-24T17:05:49+08:00,btc-updown-5m-1787562300,https://polymarket.com/zh/event/btc-updown-5m-1787562300,17:05-17:10,69.00,32.00,68.00,31.00,294.80,184.00,184.00,304.27,68.50,31.50,1.00,1.00,13288.73,11433.23,11443.23,13178.73,68,31,31,68,77153.12,77162.98,,
2026-08-24T17:05:51+08:00,btc-updown-5m-1787562300,https://polymarket.com/zh/event/btc-updown-5m-1787562300,17:05-17:10,69.00,34.00,68.00,33.00,530.65,26.58,52.90,683.49,68.50,33.50,1.00,1.00,13208.73,11433.23,11344.23,13298.74,68,31,33,66,77153.12,77162.98,,
2026-08-24T17:05:53+08:00,btc-updown-5m-1787562300,https://polymarket.com/zh/event/btc-updown-5m-1787562300,17:05-17:10,62.00,39.00,61.00,38.00,447.40,451.55,27.03,112.00,61.50,38.50,1.00,1.00,12707.74,10874.23,10974.23,12847.73,61,38,38,61,77153.12,77155.33,,
2026-08-24T17:05:55+08:00,btc-updown-5m-1787562300,https://polymarket.com/zh/event/btc-updown-5m-1787562300,17:05-17:10,66.00,35.00,65.00,34.00,216.02,125.24,275.24,285.56,65.50,34.50,1.00,1.00,12402.73,10664.23,10654.23,12407.73,65,34,34,65,77153.12,77155.33,,
2026-08-24T17:05:57+08:00,btc-updown-5m-1787562300,https://polymarket.com/zh/event/btc-updown-5m-1787562300,17:05-17:10,66.00,35.00,65.00,34.00,187.79,315.43,304.06,163.79,65.50,34.50,1.00,1.00,12252.73,10404.23,10404.23,12152.73,65,34,34,65,77153.12,77155.33,,
2026-08-24T17:05:59+08:00,btc-updown-5m-1787562300,https://polymarket.com/zh/event/btc-updown-5m-1787562300,17:05-17:10,67.00,34.00,66.00,33.00,340.61,488.81,488.81,331.94,66.50,33.50,1.00,1.00,12362.74,10459.23,10459.23,12267.73,66,33,33,66,77153.12,77155.33,,
2026-08-24T17:06:00+08:00,btc-updown-5m-1787562300,https://polymarket.com/zh/event/btc-updown-5m-1787562300,17:05-17:10,67.00,34.00,66.00,33.00,121.44,742.65,742.65,121.44,66.50,33.50,1.00,1.00,15867.73,14424.23,14439.23,15762.73,66,33,33,66,77153.12,77155.57,,
2026-08-24T17:06:02+08:00,btc-updown-5m-1787562300,https://polymarket.com/zh/event/btc-updown-5m-1787562300,17:05-17:10,71.00,30.00,70.00,29.00,301.91,337.67,265.00,409.42,70.50,29.50,1.00,1.00,14853.73,12800.23,12800.23,14743.73,70,29,29,70,77153.12,77155.57,,
2026-08-24T17:06:04+08:00,btc-updown-5m-1787562300,https://polymarket.com/zh/event/btc-updown-5m-1787562300,17:05-17:10,70.00,31.00,69.00,30.00,648.10,424.20,424.20,570.71,69.50,30.50,1.00,1.00,15275.73,13182.23,13252.23,14675.73,69,30,30,69,77153.12,77162.97,,
2026-08-24T17:06:06+08:00,btc-updown-5m-1787562300,https://polymarket.com/zh/event/btc-updown-5m-1787562300,17:05-17:10,77.00,24.00,76.00,23.00,5.69,466.10,481.73,20.69,76.50,23.50,1.00,1.00,13981.30,14238.89,14248.89,14071.29,76,23,23,76,77153.12,77170.59,,
2026-08-24T17:06:08+08:00,btc-updown-5m-1787562300,https://polymarket.com/zh/event/btc-updown-5m-1787562300,17:05-17:10,74.00,27.00,73.00,26.00,273.28,205.07,206.60,279.67,73.50,26.50,1.00,1.00,13927.73,14083.89,14083.89,14522.73,73,26,26,73,77153.12,77164.69,,
2026-08-24T17:06:10+08:00,btc-updown-5m-1787562300,https://polymarket.com/zh/event/btc-updown-5m-1787562300,17:05-17:10,76.00,25.00,75.00,24.00,422.53,140.60,140.60,419.38,75.50,24.50,1.00,1.00,14197.73,13709.56,13704.56,13702.73,75,24,24,75,77153.12,77164.69,,
2026-08-24T17:06:12+08:00,btc-updown-5m-1787562300,https://polymarket.com/zh/event/btc-updown-5m-1787562300,17:05-17:10,74.00,27.00,73.00,26.00,506.60,136.00,136.00,506.60,73.50,26.50,1.00,1.00,14312.73,14171.22,14024.22,13797.73,73,26,26,73,77153.12,77170.57,,
2026-08-24T17:06:14+08:00,btc-updown-5m-1787562300,https://polymarket.com/zh/event/btc-updown-5m-1787562300,17:05-17:10,74.00,27.00,73.00,26.00,470.73,88.71,175.71,493.73,73.50,26.50,1.00,1.00,14207.73,11799.23,11799.23,13817.73,73,26,26,73,77153.12,77170.57,,
2026-08-24T17:06:15+08:00,btc-updown-5m-1787562300,https://polymarket.com/zh/event/btc-updown-5m-1787562300,17:05-17:10,74.00,27.00,73.00,26.00,423.84,71.30,76.54,387.30,73.50,26.50,1.00,1.00,13697.73,11829.23,11854.23,13717.73,73,26,26,73,77153.12,77165.38,,
2026-08-24T17:06:17+08:00,btc-updown-5m-1787562300,https://polymarket.com/zh/event/btc-updown-5m-1787562300,17:05-17:10,74.00,27.00,73.00,26.00,111.43,325.81,317.27,111.43,73.50,26.50,1.00,1.00,14327.73,11638.23,11648.23,13702.73,73,26,26,73,77153.12,77165.38,,
2026-08-24T17:06:19+08:00,btc-updown-5m-1787562300,https://polymarket.com/zh/event/btc-updown-5m-1787562300,17:05-17:10,75.00,26.00,74.00,25.00,8.86,682.14,683.14,6.38,74.50,25.50,1.00,1.00,14207.74,11638.23,11658.23,13807.73,74,25,25,74,77153.12,77165.38,,
2026-08-24T17:06:21+08:00,btc-updown-5m-1787562300,https://polymarket.com/zh/event/btc-updown-5m-1787562300,17:05-17:10,80.00,21.00,79.00,20.00,51.50,306.04,174.80,66.70,79.50,20.50,1.00,1.00,13618.73,13763.22,13758.22,14133.74,79,20,20,79,77153.12,77170.59,,
2026-08-24T17:06:23+08:00,btc-updown-5m-1787562300,https://polymarket.com/zh/event/btc-updown-5m-1787562300,17:05-17:10,80.00,21.00,79.00,20.00,124.99,145.12,348.96,124.99,79.50,20.50,1.00,1.00,13618.73,13753.22,13743.22,13713.73,79,20,20,79,77153.12,77170.59,,
2026-08-24T17:06:25+08:00,btc-updown-5m-1787562300,https://polymarket.com/zh/event/btc-updown-5m-1787562300,17:05-17:10,80.00,21.00,79.00,20.00,52.95,465.65,385.65,26.11,79.50,20.50,1.00,1.00,14118.73,13758.22,13768.22,13752.29,79,20,20,79,77153.12,77170.59,,
2026-08-24T17:06:27+08:00,btc-updown-5m-1787562300,https://polymarket.com/zh/event/btc-updown-5m-1787562300,17:05-17:10,78.00,22.00,77.00,21.00,15.00,93.77,113.63,519.57,77.50,21.50,1.00,1.00,13603.73,9803.22,13813.22,13708.73,77,22,21,78,77153.12,77170.58,,
2026-08-24T17:06:29+08:00,btc-updown-5m-1787562300,https://polymarket.com/zh/event/btc-updown-5m-1787562300,17:05-17:10,77.00,24.00,76.00,23.00,354.34,211.00,220.01,394.36,76.50,23.50,1.00,1.00,14103.73,13838.22,13833.22,14213.73,76,23,23,76,77153.12,77170.59,,
2026-08-24T17:06:30+08:00,btc-updown-5m-1787562300,https://polymarket.com/zh/event/btc-updown-5m-1787562300,17:05-17:10,77.00,24.00,76.00,23.00,616.40,19.00,19.00,616.40,76.50,23.50,1.00,1.00,13642.29,13823.22,13833.22,13727.29,76,23,23,76,77153.12,77170.59,,
2026-08-24T17:06:32+08:00,btc-updown-5m-1787562300,https://polymarket.com/zh/event/btc-updown-5m-1787562300,17:05-17:10,72.00,29.00,71.00,28.00,163.70,217.26,196.12,153.17,71.50,28.50,1.00,1.00,12786.73,13823.22,13823.22,13291.74,71,28,28,71,77153.12,77170.58,,
2026-08-24T17:06:34+08:00,btc-updown-5m-1787562300,https://polymarket.com/zh/event/btc-updown-5m-1787562300,17:05-17:10,72.00,28.00,71.00,27.00,22.13,343.33,603.03,278.20,71.50,27.50,1.00,1.00,12776.73,13833.22,13883.22,13381.73,71,28,27,72,77153.12,77167.82,,
2026-08-24T17:06:36+08:00,btc-updown-5m-1787562300,https://polymarket.com/zh/event/btc-updown-5m-1787562300,17:05-17:10,55.00,52.00,54.00,48.00,94.03,22.36,26.34,20.00,54.50,50.00,1.00,4.00,12906.73,12987.56,13443.56,12781.73,54,45,48,48,77153.12,77157.37,,
2026-08-24T17:06:38+08:00,btc-updown-5m-1787562300,https://polymarket.com/zh/event/btc-updown-5m-1787562300,17:05-17:10,53.00,48.00,52.00,46.00,87.60,427.85,418.27,370.54,52.50,47.00,1.00,2.00,12306.73,12018.23,11963.23,12236.73,52,47,46,52,77153.12,77144.14,,
2026-08-24T17:06:40+08:00,btc-updown-5m-1787562300,https://polymarket.com/zh/event/btc-updown-5m-1787562300,17:05-17:10,56.00,45.00,55.00,44.00,276.61,7.00,410.76,518.68,55.50,44.50,1.00,1.00,13411.74,11948.23,11973.23,12826.73,55,44,44,55,77153.12,77147.56,,
2026-08-24T17:06:42+08:00,btc-updown-5m-1787562300,https://polymarket.com/zh/event/btc-updown-5m-1787562300,17:05-17:10,55.00,46.00,54.00,45.00,533.27,10.00,10.00,499.04,54.50,45.50,1.00,1.00,13316.73,11963.23,11968.23,13036.74,54,45,45,54,77153.12,77147.55,,
2026-08-24T17:06:44+08:00,btc-updown-5m-1787562300,https://polymarket.com/zh/event/btc-updown-5m-1787562300,17:05-17:10,52.00,49.00,51.00,48.00,213.47,245.10,254.60,134.52,51.50,48.50,1.00,1.00,13581.73,11828.23,11988.23,12956.73,51,48,48,51,77153.12,77144.13,,
2026-08-24T17:06:47+08:00,btc-updown-5m-1787562300,https://polymarket.com/zh/event/btc-updown-5m-1787562300,17:05-17:10,64.00,36.00,62.00,35.00,22.00,133.65,375.58,241.00,63.00,35.50,2.00,1.00,12781.73,11993.23,11858.23,12291.73,62,36,35,64,77153.12,77147.56,,
2026-08-24T17:06:49+08:00,btc-updown-5m-1787562300,https://polymarket.com/zh/event/btc-updown-5m-1787562300,17:05-17:10,66.00,35.00,65.00,34.00,368.91,80.51,84.00,442.47,65.50,34.50,1.00,1.00,13061.73,12903.23,12898.23,12951.73,65,34,34,65,77153.12,77149.82,,
2026-08-24T17:06:50+08:00,btc-updown-5m-1787562300,https://polymarket.com/zh/event/btc-updown-5m-1787562300,17:05-17:10,62.00,39.00,61.00,38.00,108.57,446.40,279.98,80.00,61.50,38.50,1.00,1.00,13416.74,12018.23,12038.23,13036.73,61,38,38,61,77153.12,77152.95,,
2026-08-24T17:06:52+08:00,btc-updown-5m-1787562300,https://polymarket.com/zh/event/btc-updown-5m-1787562300,17:05-17:10,64.00,37.00,63.00,36.00,199.46,434.14,467.98,214.38,63.50,36.50,1.00,1.00,13456.73,11998.23,12003.23,12846.73,63,36,36,63,77153.12,77152.95,,
2026-08-24T17:06:54+08:00,btc-updown-5m-1787562300,https://polymarket.com/zh/event/btc-updown-5m-1787562300,17:05-17:10,63.00,38.00,62.00,37.00,733.70,218.98,3.00,285.32,62.50,37.50,1.00,1.00,12921.73,12038.23,12018.23,12826.73,62,37,37,62,77153.12,77152.95,,
2026-08-24T17:06:56+08:00,btc-updown-5m-1787562300,https://polymarket.com/zh/event/btc-updown-5m-1787562300,17:05-17:10,63.00,37.00,61.00,36.00,123.00,194.06,52.33,149.00,62.00,36.50,2.00,1.00,12896.73,11878.23,12003.23,12763.73,61,37,36,63,77153.12,77152.95,,
2026-08-24T17:06:58+08:00,btc-updown-5m-1787562300,https://polymarket.com/zh/event/btc-updown-5m-1787562300,17:05-17:10,61.00,41.00,60.00,40.00,635.80,111.62,1.50,519.04,60.50,40.50,1.00,1.00,13317.73,12018.23,12023.23,12832.73,60,39,40,59,77153.12,77151.02,,
2026-08-24T17:07:00+08:00,btc-updown-5m-1787562300,https://polymarket.com/zh/event/btc-updown-5m-1787562300,17:05-17:10,60.00,41.00,59.00,40.00,515.94,58.62,58.62,515.94,59.50,40.50,1.00,1.00,13462.73,12028.23,12005.23,12927.73,59,40,40,59,77153.12,77151.02,,
2026-08-24T17:07:02+08:00,btc-updown-5m-1787562300,https://polymarket.com/zh/event/btc-updown-5m-1787562300,17:05-17:10,59.00,42.00,58.00,41.00,133.61,187.10,123.10,120.00,58.50,41.50,1.00,1.00,12802.73,11849.23,11839.23,13297.74,58,41,41,58,77153.12,77151.02,,
2026-08-24T17:07:04+08:00,btc-updown-5m-1787562300,https://polymarket.com/zh/event/btc-updown-5m-1787562300,17:05-17:10,64.00,37.00,63.00,36.00,191.59,160.24,70.97,190.45,63.50,36.50,1.00,1.00,12812.73,11794.23,11774.23,12897.73,63,36,36,63,77153.12,77151.02,,
2026-08-24T17:07:06+08:00,btc-updown-5m-1787562300,https://polymarket.com/zh/event/btc-updown-5m-1787562300,17:05-17:10,79.00,20.00,78.00,19.00,16.98,130.95,58.52,108.00,78.50,19.50,1.00,1.00,12847.73,12830.89,12931.89,12532.73,78,21,19,80,77153.12,77151.41,,
2026-08-24T17:07:08+08:00,btc-updown-5m-1787562300,https://polymarket.com/zh/event/btc-updown-5m-1787562300,17:05-17:10,82.00,19.00,81.00,18.00,425.12,19.00,19.00,431.44,81.50,18.50,1.00,1.00,13071.29,9506.22,9506.22,13181.29,81,18,18,81,77153.12,77171.28,,
2026-08-24T17:07:09+08:00,btc-updown-5m-1787562300,https://polymarket.com/zh/event/btc-updown-5m-1787562300,17:05-17:10,82.00,19.00,81.00,18.00,247.09,154.77,136.94,239.98,81.50,18.50,1.00,1.00,12546.29,9389.22,9389.22,12546.29,81,18,18,81,77153.12,77173.02,,
2026-08-24T17:07:11+08:00,btc-updown-5m-1787562300,https://polymarket.com/zh/event/btc-updown-5m-1787562300,17:05-17:10,82.00,19.00,81.00,18.00,229.39,89.27,108.11,219.50,81.50,18.50,1.00,1.00,12571.29,9374.22,9384.22,12546.29,81,18,18,81,77153.12,77173.02,,
2026-08-24T17:07:13+08:00,btc-updown-5m-1787562300,https://polymarket.com/zh/event/btc-updown-5m-1787562300,17:05-17:10,81.00,20.00,80.00,19.00,364.93,185.12,160.37,384.08,80.50,19.50,1.00,1.00,13151.29,9374.22,9374.22,12541.30,80,19,19,80,77153.12,77171.33,,
2026-08-24T17:07:15+08:00,btc-updown-5m-1787562300,https://polymarket.com/zh/event/btc-updown-5m-1787562300,17:05-17:10,81.00,20.00,80.00,19.00,261.14,316.83,316.83,261.14,80.50,19.50,1.00,1.00,12621.29,9369.22,9364.22,12556.29,80,19,19,80,77153.12,77172.97,,
2026-08-24T17:07:17+08:00,btc-updown-5m-1787562300,https://polymarket.com/zh/event/btc-updown-5m-1787562300,17:05-17:10,80.00,21.00,79.00,20.00,107.20,102.60,22.60,333.14,79.50,20.50,1.00,1.00,13146.29,9379.22,9399.22,12626.29,79,20,20,79,77153.12,77173.02,,
2026-08-24T17:07:19+08:00,btc-updown-5m-1787562300,https://polymarket.com/zh/event/btc-updown-5m-1787562300,17:05-17:10,80.00,21.00,79.00,20.00,254.60,151.84,157.05,254.60,79.50,20.50,1.00,1.00,12631.29,9364.22,9374.22,12531.29,79,20,20,79,77153.12,77173.02,,
2026-08-24T17:07:21+08:00,btc-updown-5m-1787562300,https://polymarket.com/zh/event/btc-updown-5m-1787562300,17:05-17:10,81.00,19.00,80.00,18.00,15.00,214.17,619.56,117.29,80.50,18.50,1.00,1.00,13056.29,9394.22,9384.22,12551.29,80,19,18,81,77153.12,77173.02,,
2026-08-24T17:07:23+08:00,btc-updown-5m-1787562300,https://polymarket.com/zh/event/btc-updown-5m-1787562300,17:05-17:10,83.00,18.00,82.00,17.00,185.82,104.94,104.73,118.68,82.50,17.50,1.00,1.00,12551.29,9414.22,9409.22,12666.29,82,17,17,82,77153.12,77173.01,,
2026-08-24T17:07:25+08:00,btc-updown-5m-1787562300,https://polymarket.com/zh/event/btc-updown-5m-1787562300,17:05-17:10,86.00,15.00,85.00,14.00,136.62,461.75,531.48,130.43,85.50,14.50,1.00,1.00,12651.29,8805.56,8905.56,12556.29,85,14,14,85,77153.12,77173.02,,
2026-08-24T17:07:26+08:00,btc-updown-5m-1787562300,https://polymarket.com/zh/event/btc-updown-5m-1787562300,17:05-17:10,88.00,13.00,87.00,12.00,169.64,350.39,345.39,169.64,87.50,12.50,1.00,1.00,12651.29,8213.18,8248.18,12566.29,87,12,12,87,77153.12,77178.18,,
2026-08-24T17:07:28+08:00,btc-updown-5m-1787562300,https://polymarket.com/zh/event/btc-updown-5m-1787562300,17:05-17:10,88.00,13.00,87.00,12.00,347.00,391.11,299.27,287.40,87.50,12.50,1.00,1.00,12656.29,10418.17,10418.17,12556.29,87,12,12,87,77153.12,77178.55,,
2026-08-24T17:07:30+08:00,btc-updown-5m-1787562300,https://polymarket.com/zh/event/btc-updown-5m-1787562300,17:05-17:10,88.00,13.00,87.00,12.00,253.89,134.17,134.17,253.89,87.50,12.50,1.00,1.00,13171.30,10430.89,10430.89,12551.29,87,12,12,87,77153.12,77179.14,,
2026-08-24T17:07:32+08:00,btc-updown-5m-1787562300,https://polymarket.com/zh/event/btc-updown-5m-1787562300,17:05-17:10,87.00,14.00,86.00,13.00,130.23,152.34,59.96,74.42,86.50,13.50,1.00,1.00,13051.29,10445.89,10445.89,12661.29,86,13,13,86,77153.12,77179.41,,
2026-08-24T17:07:34+08:00,btc-updown-5m-1787562300,https://polymarket.com/zh/event/btc-updown-5m-1787562300,17:05-17:10,88.00,13.00,87.00,12.00,49.35,102.51,141.72,49.35,87.50,12.50,1.00,1.00,12561.29,10240.89,10255.89,12561.29,87,12,12,87,77153.12,77179.40,,
2026-08-24T17:07:36+08:00,btc-updown-5m-1787562300,https://polymarket.com/zh/event/btc-updown-5m-1787562300,17:05-17:10,88.00,12.00,87.00,11.00,49.77,79.63,334.97,51.98,87.50,11.50,1.00,1.00,12646.29,8315.22,9507.97,12541.29,87,12,11,88,77153.12,77179.40,,
2026-08-24T17:07:38+08:00,btc-updown-5m-1787562300,https://polymarket.com/zh/event/btc-updown-5m-1787562300,17:05-17:10,88.00,13.00,87.00,12.00,193.36,8.00,72.49,292.85,87.50,12.50,1.00,1.00,12636.29,9581.97,9536.97,12611.29,87,12,12,87,77153.12,77179.40,,
2026-08-24T17:07:40+08:00,btc-updown-5m-1787562300,https://polymarket.com/zh/event/btc-updown-5m-1787562300,17:05-17:10,88.00,13.00,87.00,12.00,41.73,111.40,154.12,56.73,87.50,12.50,1.00,1.00,12561.29,10643.28,10617.58,12551.30,87,12,12,87,77153.12,77179.40,,
2026-08-24T17:07:42+08:00,btc-updown-5m-1787562300,https://polymarket.com/zh/event/btc-updown-5m-1787562300,17:05-17:10,85.00,16.00,84.00,15.00,121.33,270.60,254.49,209.04,84.50,15.50,1.00,1.00,12654.30,10329.88,10354.88,12029.29,84,15,15,84,77153.12,77179.40,,
2026-08-24T17:07:44+08:00,btc-updown-5m-1787562300,https://polymarket.com/zh/event/btc-updown-5m-1787562300,17:05-17:10,83.00,18.00,82.00,17.00,323.29,104.60,119.80,198.24,82.50,17.50,1.00,1.00,12069.29,9706.88,9729.88,12569.30,82,17,17,82,77153.12,77168.66,,
2026-08-24T17:07:46+08:00,btc-updown-5m-1787562300,https://polymarket.com/zh/event/btc-updown-5m-1787562300,17:05-17:10,86.00,15.00,85.00,14.00,316.81,70.00,163.13,508.93,85.50,14.50,1.00,1.00,12049.29,10028.58,10354.88,12054.29,85,14,14,85,77153.12,77168.75,,
2026-08-24T17:07:47+08:00,btc-updown-5m-1787562300,https://polymarket.com/zh/event/btc-updown-5m-1787562300,17:05-17:10,87.00,14.00,86.00,13.00,380.85,60.00,150.83,431.66,86.50,13.50,1.00,1.00,12164.30,10508.58,10502.23,12074.29,86,13,13,86,77153.12,77172.30,,
2026-08-24T17:07:49+08:00,btc-updown-5m-1787562300,https://polymarket.com/zh/event/btc-updown-5m-1787562300,17:05-17:10,91.00,10.00,90.00,9.00,336.09,70.00,69.00,343.72,90.50,9.50,1.00,1.00,12678.29,7862.66,7854.73,12598.30,90,9,9,90,77153.12,77178.98,,
2026-08-24T17:07:51+08:00,btc-updown-5m-1787562300,https://polymarket.com/zh/event/btc-updown-5m-1787562300,17:05-17:10,91.00,10.00,90.00,9.00,172.11,73.02,53.37,35.83,90.50,9.50,1.00,1.00,12038.29,7741.78,7735.31,12143.29,90,9,9,90,77153.12,77181.39,,
2026-08-24T17:07:53+08:00,btc-updown-5m-1787562300,https://polymarket.com/zh/event/btc-updown-5m-1787562300,17:05-17:10,94.00,7.00,93.00,6.00,367.83,34.84,35.00,422.12,93.50,6.50,1.00,1.00,12053.28,8817.38,8817.38,12643.28,93,6,6,93,77153.12,77192.12,,
2026-08-24T17:07:55+08:00,btc-updown-5m-1787562300,https://polymarket.com/zh/event/btc-updown-5m-1787562300,17:05-17:10,94.00,7.00,93.00,6.00,334.88,59.08,59.08,334.88,93.50,6.50,1.00,1.00,12043.20,8159.60,8159.60,12138.19,93,6,6,93,77153.12,77192.12,,
2026-08-24T17:07:57+08:00,btc-updown-5m-1787562300,https://polymarket.com/zh/event/btc-updown-5m-1787562300,17:05-17:10,97.00,5.00,96.00,4.00,718.52,230.14,125.00,193.33,96.50,4.50,1.00,1.00,11093.19,5872.97,5779.17,10967.96,96,3,4,95,77153.12,77192.12,,
2026-08-24T17:07:59+08:00,btc-updown-5m-1787562300,https://polymarket.com/zh/event/btc-updown-5m-1787562300,17:05-17:10,96.00,5.00,95.00,4.00,281.39,158.86,158.86,281.39,95.50,4.50,1.00,1.00,11162.95,6016.95,6016.95,11052.95,95,4,4,95,77153.12,77202.90,,
2026-08-24T17:08:00+08:00,btc-updown-5m-1787562300,https://polymarket.com/zh/event/btc-updown-5m-1787562300,17:05-17:10,97.00,4.00,96.00,3.00,281.96,487.63,493.40,326.96,96.50,3.50,1.00,1.00,11151.62,7079.18,7124.18,11556.62,96,3,3,96,77153.12,77203.19,,
2026-08-24T17:08:02+08:00,btc-updown-5m-1787562300,https://polymarket.com/zh/event/btc-updown-5m-1787562300,17:05-17:10,98.00,3.00,97.00,2.00,855.19,320.37,223.76,855.19,97.50,2.50,1.00,1.00,13086.62,4331.83,4331.83,13001.62,97,2,2,97,77153.12,77203.19,,
2026-08-24T17:08:04+08:00,btc-updown-5m-1787562300,https://polymarket.com/zh/event/btc-updown-5m-1787562300,17:05-17:10,98.00,3.00,97.00,2.00,493.44,566.17,401.07,379.44,97.50,2.50,1.00,1.00,13421.62,3899.41,3792.30,13011.63,97,2,2,97,77153.12,77203.19,,
2026-08-24T17:08:06+08:00,btc-updown-5m-1787562300,https://polymarket.com/zh/event/btc-updown-5m-1787562300,17:05-17:10,96.00,5.00,95.00,4.00,150.00,135.21,148.54,220.00,95.50,4.50,1.00,1.00,12881.62,4795.42,4854.42,12891.62,95,4,4,95,77153.12,77202.89,,
2026-08-24T17:08:08+08:00,btc-updown-5m-1787562300,https://polymarket.com/zh/event/btc-updown-5m-1787562300,17:05-17:10,98.00,3.00,97.00,2.00,590.90,147.26,63.02,583.30,97.50,2.50,1.00,1.00,12991.62,4291.23,4283.63,12881.62,97,2,2,97,77153.12,77208.71,,
2026-08-24T17:08:10+08:00,btc-updown-5m-1787562300,https://polymarket.com/zh/event/btc-updown-5m-1787562300,17:05-17:10,98.00,3.00,97.00,2.00,760.43,168.30,168.30,714.47,97.50,2.50,1.00,1.00,13381.62,4627.76,4576.80,12981.62,97,2,2,97,77153.12,77206.41,,
2026-08-24T17:08:12+08:00,btc-updown-5m-1787562300,https://polymarket.com/zh/event/btc-updown-5m-1787562300,17:05-17:10,97.00,4.00,96.00,3.00,150.25,343.24,363.14,150.25,96.50,3.50,1.00,1.00,13416.63,6789.57,6721.88,12891.62,96,3,3,96,77153.12,77206.04,,
2026-08-24T17:08:14+08:00,btc-updown-5m-1787562300,https://polymarket.com/zh/event/btc-updown-5m-1787562300,17:05-17:10,98.00,3.00,97.00,2.00,773.84,109.30,109.30,773.84,97.50,2.50,1.00,1.00,12891.62,5339.50,5314.50,12976.62,97,2,2,97,77153.12,77208.06,,
2026-08-24T17:08:16+08:00,btc-updown-5m-1787562300,https://polymarket.com/zh/event/btc-updown-5m-1787562300,17:05-17:10,97.00,4.00,96.00,3.00,330.08,307.65,307.65,338.30,96.50,3.50,1.00,1.00,13496.62,4743.24,4706.46,13006.62,96,3,3,96,77153.12,77197.06,,
2026-08-24T17:08:18+08:00,btc-updown-5m-1787562300,https://polymarket.com/zh/event/btc-updown-5m-1787562300,17:05-17:10,97.00,4.00,96.00,3.00,452.80,199.17,119.17,452.80,96.50,3.50,1.00,1.00,13376.63,7078.64,7083.64,12981.62,96,3,3,96,77153.12,77197.06,,
2026-08-24T17:08:20+08:00,btc-updown-5m-1787562300,https://polymarket.com/zh/event/btc-updown-5m-1787562300,17:05-17:10,98.00,3.00,97.00,2.00,363.09,299.27,299.27,393.09,97.50,2.50,1.00,1.00,12961.62,3981.82,4041.82,12856.62,97,2,2,97,77153.12,77208.64,,
2026-08-24T17:08:21+08:00,btc-updown-5m-1787562300,https://polymarket.com/zh/event/btc-updown-5m-1787562300,17:05-17:10,99.00,2.00,98.00,1.00,3368.74,405.61,411.31,3368.74,98.50,1.50,1.00,1.00,12873.43,3368.74,3368.74,12878.44,98,1,1,98,77153.12,77208.64,,
2026-08-24T17:08:23+08:00,btc-updown-5m-1787562300,https://polymarket.com/zh/event/btc-updown-5m-1787562300,17:05-17:10,99.00,2.00,98.00,1.00,3183.95,462.38,462.38,3171.95,98.50,1.50,1.00,1.00,12853.44,3183.95,3171.95,12958.43,98,1,1,98,77153.12,77208.64,,
2026-08-24T17:08:25+08:00,btc-updown-5m-1787562300,https://polymarket.com/zh/event/btc-updown-5m-1787562300,17:05-17:10,99.00,2.00,98.00,1.00,3092.90,596.04,596.04,3062.90,98.50,1.50,1.00,1.00,12948.43,3092.90,3062.90,13353.43,98,1,1,98,77153.12,77208.63,,
2026-08-24T17:08:27+08:00,btc-updown-5m-1787562300,https://polymarket.com/zh/event/btc-updown-5m-1787562300,17:05-17:10,99.00,2.00,98.00,1.00,2033.67,947.37,947.37,2033.67,98.50,1.50,1.00,1.00,12853.43,2033.67,2033.67,13448.43,98,1,1,98,77153.12,77208.64,,
2026-08-24T17:08:29+08:00,btc-updown-5m-1787562300,https://polymarket.com/zh/event/btc-updown-5m-1787562300,17:05-17:10,99.00,2.00,98.00,1.00,1369.06,1251.06,1256.17,1369.06,98.50,1.50,1.00,1.00,12848.44,1369.06,1369.06,12948.43,98,1,1,98,77153.12,77208.64,,
2026-08-24T17:08:31+08:00,btc-updown-5m-1787562300,https://polymarket.com/zh/event/btc-updown-5m-1787562300,17:05-17:10,,1.00,99.00,,,2323.79,2082.18,,,,,,13333.43,,,13338.43,99,0,0,99,77153.12,77208.64,,
2026-08-24T17:08:33+08:00,btc-updown-5m-1787562300,https://polymarket.com/zh/event/btc-updown-5m-1787562300,17:05-17:10,,1.00,99.00,,,2928.33,2933.34,,,,,,12838.44,,,12838.43,99,0,0,99,77153.12,77208.64,,
2026-08-24T17:08:35+08:00,btc-updown-5m-1787562300,https://polymarket.com/zh/event/btc-updown-5m-1787562300,17:05-17:10,,1.00,99.00,,,3887.38,3887.38,,,,,,12833.43,,,12843.43,99,0,0,99,77153.12,77208.64,,
2026-08-24T17:08:36+08:00,btc-updown-5m-1787562300,https://polymarket.com/zh/event/btc-updown-5m-1787562300,17:05-17:10,,1.00,99.00,,,4667.38,4672.39,,,,,,12838.44,,,12843.43,99,0,0,99,77153.12,77208.64,,
2026-08-24T17:08:38+08:00,btc-updown-5m-1787562300,https://polymarket.com/zh/event/btc-updown-5m-1787562300,17:05-17:10,,1.00,99.00,,,10123.12,10153.12,,,,,,12878.43,,,13398.43,99,0,0,99,77153.12,77208.64,,
2026-08-24T17:08:40+08:00,btc-updown-5m-1787562300,https://polymarket.com/zh/event/btc-updown-5m-1787562300,17:05-17:10,,1.00,99.00,,,10453.13,10148.12,,,,,,12863.43,,,12858.43,99,0,0,99,77153.12,77208.64,,
2026-08-24T17:08:42+08:00,btc-updown-5m-1787562300,https://polymarket.com/zh/event/btc-updown-5m-1787562300,17:05-17:10,,1.00,99.00,,,10449.97,10449.97,,,,,,12858.43,,,13368.43,99,0,0,99,77153.12,77208.64,,
2026-08-24T17:08:44+08:00,btc-updown-5m-1787562300,https://polymarket.com/zh/event/btc-updown-5m-1787562300,17:05-17:10,,1.00,99.00,,,10568.98,10548.97,,,,,,13363.43,,,13378.44,99,0,0,99,77153.12,77208.64,,
2026-08-24T17:08:46+08:00,btc-updown-5m-1787562300,https://polymarket.com/zh/event/btc-updown-5m-1787562300,17:05-17:10,,1.00,99.00,,,11001.30,11001.30,,,,,,12568.43,,,12558.43,99,0,0,99,77153.12,77208.64,,
2026-08-24T17:08:48+08:00,btc-updown-5m-1787562300,https://polymarket.com/zh/event/btc-updown-5m-1787562300,17:05-17:10,,1.00,99.00,,,10415.75,10415.75,,,,,,12563.43,,,12568.43,99,0,0,99,77153.12,77208.64,,
2026-08-24T17:08:50+08:00,btc-updown-5m-1787562300,https://polymarket.com/zh/event/btc-updown-5m-1787562300,17:05-17:10,,1.00,99.00,,,10435.76,10430.75,,,,,,13063.43,,,12578.44,99,0,0,99,77153.12,77208.64,,
2026-08-24T17:08:51+08:00,btc-updown-5m-1787562300,https://polymarket.com/zh/event/btc-updown-5m-1787562300,17:05-17:10,,1.00,99.00,,,10549.73,10549.73,,,,,,13063.43,,,13063.43,99,0,0,99,77153.12,77208.64,,
2026-08-24T17:08:53+08:00,btc-updown-5m-1787562300,https://polymarket.com/zh/event/btc-updown-5m-1787562300,17:05-17:10,,1.00,99.00,,,10558.69,10558.69,,,,,,12558.43,,,13063.43,99,0,0,99,77153.12,77208.64,,
2026-08-24T17:08:55+08:00,btc-updown-5m-1787562300,https://polymarket.com/zh/event/btc-updown-5m-1787562300,17:05-17:10,,1.00,99.00,,,10941.89,10936.88,,,,,,11956.44,,,11956.45,99,0,0,99,77153.12,77208.64,,
2026-08-24T17:08:57+08:00,btc-updown-5m-1787562300,https://polymarket.com/zh/event/btc-updown-5m-1787562300,17:05-17:10,,1.00,99.00,,,10921.88,10921.88,,,,,,11956.44,,,11956.44,99,0,0,99,77153.12,77208.64,,
2026-08-24T17:08:59+08:00,btc-updown-5m-1787562300,https://polymarket.com/zh/event/btc-updown-5m-1787562300,17:05-17:10,,1.00,99.00,,,10966.88,10971.89,,,,,,12456.45,,,11956.44,99,0,0,99,77153.12,77210.28,,
2026-08-24T17:09:01+08:00,btc-updown-5m-1787562300,https://polymarket.com/zh/event/btc-updown-5m-1787562300,17:05-17:10,,1.00,99.00,,,11039.44,11039.44,,,,,,11698.11,,,11703.11,99,0,0,99,77153.12,77210.28,,
2026-08-24T17:09:03+08:00,btc-updown-5m-1787562300,https://polymarket.com/zh/event/btc-updown-5m-1787562300,17:05-17:10,,1.00,99.00,,,11016.65,11016.65,,,,,,11713.11,,,11713.11,99,0,0,99,77153.12,77214.69,,
2026-08-24T17:09:05+08:00,btc-updown-5m-1787562300,https://polymarket.com/zh/event/btc-updown-5m-1787562300,17:05-17:10,,1.00,99.00,,,11016.65,11016.65,,,,,,11713.11,,,11713.11,99,0,0,99,77153.12,77214.69,,
2026-08-24T17:09:06+08:00,btc-updown-5m-1787562300,https://polymarket.com/zh/event/btc-updown-5m-1787562300,17:05-17:10,,1.00,99.00,,,11424.68,11429.69,,,,,,11743.12,,,11738.11,99,0,0,99,77153.12,77214.69,,
2026-08-24T17:09:08+08:00,btc-updown-5m-1787562300,https://polymarket.com/zh/event/btc-updown-5m-1787562300,17:05-17:10,,1.00,99.00,,,12428.30,12438.30,,,,,,11713.11,,,11708.11,99,0,0,99,77153.12,77214.69,,
2026-08-24T17:09:10+08:00,btc-updown-5m-1787562300,https://polymarket.com/zh/event/btc-updown-5m-1787562300,17:05-17:10,,1.00,99.00,,,12896.35,12896.35,,,,,,12198.11,,,12203.11,99,0,0,99,77153.12,77214.69,,
2026-08-24T17:09:12+08:00,btc-updown-5m-1787562300,https://polymarket.com/zh/event/btc-updown-5m-1787562300,17:05-17:10,,1.00,99.00,,,14256.96,14261.97,,,,,,11708.12,,,11693.11,99,0,0,99,77153.12,77214.69,,
2026-08-24T17:09:14+08:00,btc-updown-5m-1787562300,https://polymarket.com/zh/event/btc-updown-5m-1787562300,17:05-17:10,,1.00,99.00,,,15194.00,15199.01,,,,,,12213.12,,,11708.11,99,0,0,99,77153.12,77232.33,,
2026-08-24T17:09:16+08:00,btc-updown-5m-1787562300,https://polymarket.com/zh/event/btc-updown-5m-1787562300,17:05-17:10,,1.00,99.00,,,16309.89,16309.89,,,,,,8153.11,,,7653.11,99,0,0,99,77153.12,77232.32,,
2026-08-24T17:09:18+08:00,btc-updown-5m-1787562300,https://polymarket.com/zh/event/btc-updown-5m-1787562300,17:05-17:10,,1.00,99.00,,,16802.10,16829.89,,,,,,7548.11,,,8058.11,99,0,0,99,77153.12,77221.00,,
2026-08-24T17:09:20+08:00,btc-updown-5m-1787562300,https://polymarket.com/zh/event/btc-updown-5m-1787562300,17:05-17:10,,1.00,99.00,,,18541.47,18541.47,,,,,,7553.11,,,7548.11,99,0,0,99,77153.12,77221.00,,
2026-08-24T17:09:22+08:00,btc-updown-5m-1787562300,https://polymarket.com/zh/event/btc-updown-5m-1787562300,17:05-17:10,,1.00,99.00,,,20257.47,20257.47,,,,,,8058.11,,,7568.11,99,0,0,99,77153.12,77232.33,,
2026-08-24T17:09:23+08:00,btc-updown-5m-1787562300,https://polymarket.com/zh/event/btc-updown-5m-1787562300,17:05-17:10,,1.00,99.00,,,19701.98,19717.01,,,,,,7573.12,,,8068.11,99,0,0,99,77153.12,77232.33,,
2026-08-24T17:09:25+08:00,btc-updown-5m-1787562300,https://polymarket.com/zh/event/btc-updown-5m-1787562300,17:05-17:10,,1.00,99.00,,,20115.09,20120.10,,,,,,7558.12,,,7568.11,99,0,0,99,77153.12,77232.33,,
2026-08-24T17:09:27+08:00,btc-updown-5m-1787562300,https://polymarket.com/zh/event/btc-updown-5m-1787562300,17:05-17:10,,1.00,99.00,,,20225.13,20220.12,,,,,,8048.11,,,8048.12,99,0,0,99,77153.12,77236.74,,
2026-08-24T17:09:29+08:00,btc-updown-5m-1787562300,https://polymarket.com/zh/event/btc-updown-5m-1787562300,17:05-17:10,,1.00,99.00,,,25141.91,25121.91,,,,,,7548.11,,,7543.11,99,0,0,99,77153.12,77244.11,,
2026-08-24T17:09:31+08:00,btc-updown-5m-1787562300,https://polymarket.com/zh/event/btc-updown-5m-1787562300,17:05-17:10,,1.00,99.00,,,26604.71,26609.72,,,,,,7839.56,,,7174.55,99,0,0,99,77153.12,77242.57,,
2026-08-24T17:09:33+08:00,btc-updown-5m-1787562300,https://polymarket.com/zh/event/btc-updown-5m-1787562300,17:05-17:10,,1.00,99.00,,,26133.76,26133.76,,,,,,6679.55,,,7159.55,99,0,0,99,77153.12,77242.57,,
2026-08-24T17:09:35+08:00,btc-updown-5m-1787562300,https://polymarket.com/zh/event/btc-updown-5m-1787562300,17:05-17:10,,1.00,99.00,,,26100.90,26095.89,,,,,,7159.55,,,6674.56,99,0,0,99,77153.12,77242.57,,
2026-08-24T17:09:36+08:00,btc-updown-5m-1787562300,https://polymarket.com/zh/event/btc-updown-5m-1787562300,17:05-17:10,,1.00,99.00,,,26170.53,26170.53,,,,,,6674.55,,,6659.55,99,0,0,99,77153.12,77244.11,,
2026-08-24T17:09:38+08:00,btc-updown-5m-1787562300,https://polymarket.com/zh/event/btc-updown-5m-1787562300,17:05-17:10,,1.00,99.00,,,26772.23,26744.44,,,,,,6679.55,,,7164.55,99,0,0,99,77153.12,77244.12,,
2026-08-24T17:09:40+08:00,btc-updown-5m-1787562300,https://polymarket.com/zh/event/btc-updown-5m-1787562300,17:05-17:10,,1.00,99.00,,,26919.62,26947.41,,,,,,6639.55,,,6644.55,99,0,0,99,77153.12,77244.12,,
2026-08-24T17:09:42+08:00,btc-updown-5m-1787562300,https://polymarket.com/zh/event/btc-updown-5m-1787562300,17:05-17:10,,1.00,99.00,,,27037.41,27042.41,,,,,,7129.55,,,6629.55,99,0,0,99,77153.12,77244.12,,
2026-08-24T17:09:44+08:00,btc-updown-5m-1787562300,https://polymarket.com/zh/event/btc-updown-5m-1787562300,17:05-17:10,,1.00,99.00,,,27381.91,27376.91,,,,,,6629.55,,,6619.55,99,0,0,99,77153.12,77245.56,,
2026-08-24T17:09:46+08:00,btc-updown-5m-1787562300,https://polymarket.com/zh/event/btc-updown-5m-1787562300,17:05-17:10,,1.00,99.00,,,27454.66,27454.66,,,,,,7129.55,,,6624.55,99,0,0,99,77153.12,77249.97,,
2026-08-24T17:09:48+08:00,btc-updown-5m-1787562300,https://polymarket.com/zh/event/btc-updown-5m-1787562300,17:05-17:10,,1.00,99.00,,,28502.67,28497.66,,,,,,7129.55,,,7149.56,99,0,0,99,77153.12,77249.96,,
2026-08-24T17:09:50+08:00,btc-updown-5m-1787562300,https://polymarket.com/zh/event/btc-updown-5m-1787562300,17:05-17:10,,1.00,99.00,,,32349.39,32649.39,,,,,,6369.50,,,6884.50,99,0,0,99,77153.12,77254.38,,
2026-08-24T17:09:52+08:00,btc-updown-5m-1787562300,https://polymarket.com/zh/event/btc-updown-5m-1787562300,17:05-17:10,,1.00,99.00,,,32474.49,32474.49,,,,,,6714.50,,,6214.50,99,0,0,99,77153.12,77254.38,,
2026-08-24T17:09:53+08:00,btc-updown-5m-1787562300,https://polymarket.com/zh/event/btc-updown-5m-1787562300,17:05-17:10,,1.00,99.00,,,38456.75,38484.54,,,,,,6259.50,,,6789.50,99,0,0,99,77153.12,77249.97,,
2026-08-24T17:09:55+08:00,btc-updown-5m-1787562300,https://polymarket.com/zh/event/btc-updown-5m-1787562300,17:05-17:10,,1.00,99.00,,,38426.96,38426.96,,,,,,6279.50,,,6784.50,99,0,0,99,77153.12,77249.97,,
2026-08-24T17:09:57+08:00,btc-updown-5m-1787562300,https://polymarket.com/zh/event/btc-updown-5m-1787562300,17:05-17:10,,1.00,99.00,,,38338.93,38338.93,,,,,,5419.50,,,4904.50,99,0,0,99,77153.12,77249.97,,
2026-08-24T17:09:59+08:00,btc-updown-5m-1787562300,https://polymarket.com/zh/event/btc-updown-5m-1787562300,17:05-17:10,,1.00,99.00,,,49829.39,49858.93,,,,,,4774.50,,,5274.50,99,0,0,99,77153.12,77217.68,,
2026-08-24T17:10:01+08:00,btc-updown-5m-1787562600,https://polymarket.com/zh/event/btc-updown-5m-1787562600,17:10-17:15,39.00,62.00,38.00,61.00,33.62,38.64,38.64,55.30,38.50,61.50,1.00,1.00,14275.59,15074.83,15179.83,14300.59,38,60,61,38,77214.70,77214.70,,
2026-08-24T17:10:03+08:00,btc-updown-5m-1787562600,https://polymarket.com/zh/event/btc-updown-5m-1787562600,17:10-17:15,39.00,62.00,38.00,61.00,105.65,320.04,320.04,103.85,38.50,61.50,1.00,1.00,16557.12,17276.37,17161.37,16767.12,38,61,61,38,77214.70,77213.00,,
2026-08-24T17:10:05+08:00,btc-updown-5m-1787562600,https://polymarket.com/zh/event/btc-updown-5m-1787562600,17:10-17:15,39.00,62.00,38.00,61.00,127.68,661.27,471.07,127.09,38.50,61.50,1.00,1.00,17277.12,18241.38,18361.37,17272.12,38,61,61,38,77214.70,77213.00,,
2026-08-24T17:10:07+08:00,btc-updown-5m-1787562600,https://polymarket.com/zh/event/btc-updown-5m-1787562600,17:10-17:15,39.00,62.00,38.00,61.00,203.21,444.25,547.78,222.70,38.50,61.50,1.00,1.00,17187.17,18221.42,18191.43,17177.17,38,61,61,38,77214.70,77213.00,,
2026-08-24T17:10:09+08:00,btc-updown-5m-1787562600,https://polymarket.com/zh/event/btc-updown-5m-1787562600,17:10-17:15,27.00,74.00,26.00,73.00,16.88,452.83,452.83,93.88,26.50,73.50,1.00,1.00,14877.15,18358.19,16248.19,14882.15,26,73,73,26,77214.70,77194.10,,
2026-08-24T17:10:10+08:00,btc-updown-5m-1787562600,https://polymarket.com/zh/event/btc-updown-5m-1787562600,17:10-17:15,28.00,75.00,27.00,74.00,707.87,334.81,2.00,199.00,27.50,74.50,1.00,1.00,15017.15,16385.62,16300.62,14947.15,27,72,74,25,77214.70,77194.10,,
2026-08-24T17:10:12+08:00,btc-updown-5m-1787562600,https://polymarket.com/zh/event/btc-updown-5m-1787562600,17:10-17:15,28.00,73.00,27.00,72.00,246.56,348.92,353.99,246.56,27.50,72.50,1.00,1.00,15522.15,16670.63,16560.62,16042.15,27,72,72,27,77214.70,77194.10,,
2026-08-24T17:10:14+08:00,btc-updown-5m-1787562600,https://polymarket.com/zh/event/btc-updown-5m-1787562600,17:10-17:15,30.00,71.00,29.00,70.00,30.00,489.06,229.06,28.33,29.50,70.50,1.00,1.00,14916.13,16680.62,16560.62,14926.13,29,70,70,29,77214.70,77194.10,,
2026-08-24T17:10:16+08:00,btc-updown-5m-1787562600,https://polymarket.com/zh/event/btc-updown-5m-1787562600,17:10-17:15,31.00,70.00,30.00,69.00,70.21,194.09,199.09,55.14,30.50,69.50,1.00,1.00,15110.20,17075.21,17175.22,15362.80,30,69,69,30,77214.70,77194.10,,
2026-08-24T17:10:18+08:00,btc-updown-5m-1787562600,https://polymarket.com/zh/event/btc-updown-5m-1787562600,17:10-17:15,26.00,75.00,25.00,74.00,161.60,282.64,209.33,151.60,25.50,74.50,1.00,1.00,17498.48,16574.61,16674.61,17483.48,25,74,74,25,77214.70,77183.91,,
2026-08-24T17:10:20+08:00,btc-updown-5m-1787562600,https://polymarket.com/zh/event/btc-updown-5m-1787562600,17:10-17:15,26.00,75.00,25.00,74.00,360.77,187.61,190.28,337.48,25.50,74.50,1.00,1.00,15223.19,16179.62,16089.61,15233.19,25,74,74,25,77214.70,77183.91,,
2026-08-24T17:10:22+08:00,btc-updown-5m-1787562600,https://polymarket.com/zh/event/btc-updown-5m-1787562600,17:10-17:15,26.00,75.00,25.00,74.00,233.97,308.84,308.84,238.97,25.50,74.50,1.00,1.00,13985.19,14629.61,14624.61,13985.19,25,74,74,25,77214.70,77183.91,,
2026-08-24T17:10:24+08:00,btc-updown-5m-1787562600,https://polymarket.com/zh/event/btc-updown-5m-1787562600,17:10-17:15,34.00,67.00,33.00,66.00,342.99,109.30,121.68,422.00,33.50,66.50,1.00,1.00,13609.19,14474.61,14389.61,13624.19,33,66,66,33,77214.70,77198.59,,
2026-08-24T17:10:26+08:00,btc-updown-5m-1787562600,https://polymarket.com/zh/event/btc-updown-5m-1787562600,17:10-17:15,34.00,67.00,33.00,66.00,280.12,59.61,65.29,405.12,33.50,66.50,1.00,1.00,13513.17,14129.61,14209.61,13483.17,33,66,66,33,77214.70,77198.59,,
2026-08-24T17:10:27+08:00,btc-updown-5m-1787562600,https://polymarket.com/zh/event/btc-updown-5m-1787562600,17:10-17:15,31.00,70.00,30.00,69.00,215.77,286.42,137.85,173.67,30.50,69.50,1.00,1.00,13588.17,13874.61,13969.61,13608.17,30,69,69,30,77214.70,77198.59,,
2026-08-24T17:10:29+08:00,btc-updown-5m-1787562600,https://polymarket.com/zh/event/btc-updown-5m-1787562600,17:10-17:15,27.00,72.00,26.00,71.00,48.00,35.00,434.37,59.00,26.50,71.50,1.00,1.00,13058.17,13844.61,13823.61,13073.17,26,73,71,28,77214.70,77198.59,,
2026-08-24T17:10:31+08:00,btc-updown-5m-1787562600,https://polymarket.com/zh/event/btc-updown-5m-1787562600,17:10-17:15,30.00,71.00,29.00,70.00,181.67,149.83,171.20,202.33,29.50,70.50,1.00,1.00,12768.17,13350.61,13250.62,12768.17,29,70,70,29,77214.70,77194.33,,
2026-08-24T17:10:33+08:00,btc-updown-5m-1787562600,https://polymarket.com/zh/event/btc-updown-5m-1787562600,17:10-17:15,29.00,72.00,28.00,71.00,207.25,487.02,489.17,177.02,28.50,71.50,1.00,1.00,12343.17,13025.61,13120.61,12353.17,28,71,71,28,77214.70,77194.33,,
2026-08-24T17:10:35+08:00,btc-updown-5m-1787562600,https://polymarket.com/zh/event/btc-updown-5m-1787562600,17:10-17:15,29.00,72.00,28.00,71.00,259.86,310.48,310.48,259.86,28.50,71.50,1.00,1.00,12343.17,13020.61,13130.61,12493.17,28,71,71,28,77214.70,77194.32,,
2026-08-24T17:10:37+08:00,btc-updown-5m-1787562600,https://polymarket.com/zh/event/btc-updown-5m-1787562600,17:10-17:15,29.00,72.00,28.00,71.00,42.97,607.20,575.33,84.97,28.50,71.50,1.00,1.00,12333.17,13070.61,12985.61,12468.17,28,71,71,28,77214.70,77194.33,,
2026-08-24T17:10:39+08:00,btc-updown-5m-1787562600,https://polymarket.com/zh/event/btc-updown-5m-1787562600,17:10-17:15,30.00,71.00,29.00,70.00,451.81,303.80,210.02,275.93,29.50,70.50,1.00,1.00,12589.51,12970.61,13085.61,12534.51,29,70,70,29,77214.70,77198.56,,
2026-08-24T17:10:41+08:00,btc-updown-5m-1787562600,https://polymarket.com/zh/event/btc-updown-5m-1787562600,17:10-17:15,31.00,70.00,30.00,69.00,27.20,507.96,507.96,27.20,30.50,69.50,1.00,1.00,12669.51,13080.61,12995.61,12689.51,30,69,69,30,77214.70,77198.56,,
2026-08-24T17:10:42+08:00,btc-updown-5m-1787562600,https://polymarket.com/zh/event/btc-updown-5m-1787562600,17:10-17:15,30.00,71.00,29.00,70.00,383.17,321.11,317.22,298.93,29.50,70.50,1.00,1.00,12601.37,12990.62,13090.61,12441.37,29,70,70,29,77214.70,77198.56,,
2026-08-24T17:10:44+08:00,btc-updown-5m-1787562600,https://polymarket.com/zh/event/btc-updown-5m-1787562600,17:10-17:15,30.00,71.00,29.00,70.00,250.59,486.26,406.26,250.59,29.50,70.50,1.00,1.00,12441.37,13005.61,13080.61,12451.37,29,70,70,29,77214.70,77198.56,,
2026-08-24T17:10:46+08:00,btc-updown-5m-1787562600,https://polymarket.com/zh/event/btc-updown-5m-1787562600,17:10-17:15,30.00,71.00,29.00,70.00,229.91,450.38,465.38,229.91,29.50,70.50,1.00,1.00,12431.37,12995.61,12990.61,12431.37,29,70,70,29,77214.70,77198.55,,
2026-08-24T17:10:48+08:00,btc-updown-5m-1787562600,https://polymarket.com/zh/event/btc-updown-5m-1787562600,17:10-17:15,30.00,71.00,29.00,70.00,280.11,251.06,253.88,278.78,29.50,70.50,1.00,1.00,12466.37,13090.62,13085.61,12456.37,29,70,70,29,77214.70,77198.56,,
2026-08-24T17:10:50+08:00,btc-updown-5m-1787562600,https://polymarket.com/zh/event/btc-updown-5m-1787562600,17:10-17:15,33.00,68.00,32.00,67.00,25.57,587.05,480.46,25.57,32.50,67.50,1.00,1.00,12639.36,13010.61,13100.61,12624.36,32,67,67,32,77214.70,77205.87,,
2026-08-24T17:10:52+08:00,btc-updown-5m-1787562600,https://polymarket.com/zh/event/btc-updown-5m-1787562600,17:10-17:15,34.00,67.00,33.00,66.00,155.59,270.72,270.72,155.59,33.50,66.50,1.00,1.00,12848.73,13140.61,13035.61,12779.73,33,66,66,33,77214.70,77205.87,,
2026-08-24T17:10:54+08:00,btc-updown-5m-1787562600,https://polymarket.com/zh/event/btc-updown-5m-1787562600,17:10-17:15,30.00,71.00,29.00,70.00,263.75,265.04,260.04,246.32,29.50,70.50,1.00,1.00,12188.73,12760.61,12855.62,12183.73,29,70,70,29,77214.70,77205.87,,
2026-08-24T17:10:56+08:00,btc-updown-5m-1787562600,https://polymarket.com/zh/event/btc-updown-5m-1787562600,17:10-17:15,31.00,70.00,30.00,69.00,96.31,832.44,787.44,96.31,30.50,69.50,1.00,1.00,12429.73,12765.61,12755.61,12419.73,30,69,69,30,77214.70,77205.87,,
2026-08-24T17:10:57+08:00,btc-updown-5m-1787562600,https://polymarket.com/zh/event/btc-updown-5m-1787562600,17:10-17:15,31.00,70.00,30.00,69.00,112.94,794.26,778.75,107.31,30.50,69.50,1.00,1.00,12189.73,12530.61,12635.61,12214.73,30,69,69,30,77214.70,77205.86,,
2026-08-24T17:10:59+08:00,btc-updown-5m-1787562600,https://polymarket.com/zh/event/btc-updown-5m-1787562600,17:10-17:15,38.00,63.00,37.00,62.00,199.68,162.97,185.97,108.06,37.50,62.50,1.00,1.00,12176.51,12385.61,12305.61,12186.51,37,62,62,37,77214.70,77205.87,,
2026-08-24T17:11:01+08:00,btc-updown-5m-1787562600,https://polymarket.com/zh/event/btc-updown-5m-1787562600,17:10-17:15,40.00,61.00,39.00,60.00,202.35,135.64,147.79,202.35,39.50,60.50,1.00,1.00,14575.64,14895.61,14785.61,14570.64,39,60,60,39,77214.70,77218.05,,
2026-08-24T17:11:03+08:00,btc-updown-5m-1787562600,https://polymarket.com/zh/event/btc-updown-5m-1787562600,17:10-17:15,40.00,62.00,39.00,61.00,612.12,14.00,19.00,545.58,39.50,61.50,1.00,1.00,13943.08,14596.61,14491.61,13943.08,39,60,61,38,77214.70,77215.99,,
2026-08-24T17:11:05+08:00,btc-updown-5m-1787562600,https://polymarket.com/zh/event/btc-updown-5m-1787562600,17:10-17:15,37.00,64.00,36.00,63.00,344.03,263.93,249.93,344.03,36.50,63.50,1.00,1.00,13761.08,14314.61,14399.62,13756.08,36,63,63,36,77214.70,77214.06,,
2026-08-24T17:11:07+08:00,btc-updown-5m-1787562600,https://polymarket.com/zh/event/btc-updown-5m-1787562600,17:10-17:15,38.00,63.00,37.00,62.00,89.30,438.31,321.05,78.04,37.50,62.50,1.00,1.00,13606.08,14141.32,14266.32,13606.08,37,62,62,37,77214.70,77213.34,,
2026-08-24T17:11:09+08:00,btc-updown-5m-1787562600,https://polymarket.com/zh/event/btc-updown-5m-1787562600,17:10-17:15,39.00,62.00,38.00,61.00,76.03,227.62,226.33,76.03,38.50,61.50,1.00,1.00,13356.08,14026.32,13906.32,13356.08,38,61,61,38,77214.70,77215.99,,
2026-08-24T17:11:10+08:00,btc-updown-5m-1787562600,https://polymarket.com/zh/event/btc-updown-5m-1787562600,17:10-17:15,41.00,60.00,40.00,59.00,368.14,62.32,72.32,767.77,40.50,59.50,1.00,1.00,13326.08,14006.32,13911.32,13291.08,40,59,59,40,77214.70,77215.99,,
2026-08-24T17:11:12+08:00,btc-updown-5m-1787562600,https://polymarket.com/zh/event/btc-updown-5m-1787562600,17:10-17:15,40.00,61.00,39.00,60.00,176.63,163.28,183.47,176.63,39.50,60.50,1.00,1.00,13169.08,14007.32,13911.32,13174.08,39,60,60,39,77214.70,77215.98,,
2026-08-24T17:11:14+08:00,btc-updown-5m-1787562600,https://polymarket.com/zh/event/btc-updown-5m-1787562600,17:10-17:15,38.00,63.00,37.00,62.00,234.01,316.46,332.34,239.01,37.50,62.50,1.00,1.00,13163.08,13811.32,13906.32,13158.08,37,62,62,37,77214.70,77215.99,,
2026-08-24T17:11:16+08:00,btc-updown-5m-1787562600,https://polymarket.com/zh/event/btc-updown-5m-1787562600,17:10-17:15,47.00,54.00,46.00,53.00,352.21,50.84,50.84,377.28,46.50,53.50,1.00,1.00,13115.52,13877.32,13771.33,13287.85,46,53,53,46,77214.70,77219.10,,
2026-08-24T17:11:18+08:00,btc-updown-5m-1787562600,https://polymarket.com/zh/event/btc-updown-5m-1787562600,17:10-17:15,46.00,55.00,45.00,54.00,5.00,344.59,335.98,10.55,45.50,54.50,1.00,1.00,12991.85,13922.68,13827.68,13006.85,45,54,54,45,77214.70,77223.51,,
2026-08-24T17:11:20+08:00,btc-updown-5m-1787562600,https://polymarket.com/zh/event/btc-updown-5m-1787562600,17:10-17:15,46.00,55.00,45.00,54.00,552.10,54.45,40.73,202.10,45.50,54.50,1.00,1.00,13156.85,13111.89,13121.89,13141.85,45,54,54,45,77214.70,77223.51,,
2026-08-24T17:11:22+08:00,btc-updown-5m-1787562600,https://polymarket.com/zh/event/btc-updown-5m-1787562600,17:10-17:15,44.00,57.00,43.00,56.00,107.00,364.70,552.83,120.45,43.50,56.50,1.00,1.00,13026.85,13460.89,13550.89,13181.85,43,56,56,43,77214.70,77223.51,,
2026-08-24T17:11:24+08:00,btc-updown-5m-1787562600,https://polymarket.com/zh/event/btc-updown-5m-1787562600,17:10-17:15,44.00,57.00,43.00,56.00,338.34,42.50,42.50,353.04,43.50,56.50,1.00,1.00,13171.85,13455.89,13555.89,13166.85,43,56,56,43,77214.70,77223.51,,
2026-08-24T17:11:26+08:00,btc-updown-5m-1787562600,https://polymarket.com/zh/event/btc-updown-5m-1787562600,17:10-17:15,40.00,61.00,39.00,60.00,289.35,268.23,288.66,289.35,39.50,60.50,1.00,1.00,13140.85,14268.53,14378.54,13135.85,39,60,60,39,77214.70,77223.51,,
2026-08-24T17:11:28+08:00,btc-updown-5m-1787562600,https://polymarket.com/zh/event/btc-updown-5m-1787562600,17:10-17:15,37.00,64.00,36.00,63.00,114.87,443.64,42.99,5.00,36.50,63.50,1.00,1.00,13625.85,14396.88,14416.88,13625.85,36,63,63,36,77214.70,77215.99,,
2026-08-24T17:11:29+08:00,btc-updown-5m-1787562600,https://polymarket.com/zh/event/btc-updown-5m-1787562600,17:10-17:15,39.00,63.00,38.00,62.00,444.63,116.33,11.61,200.33,38.50,62.50,1.00,1.00,13150.85,14402.89,14282.88,13145.85,38,61,62,37,77214.70,77215.99,,
2026-08-24T17:11:31+08:00,btc-updown-5m-1787562600,https://polymarket.com/zh/event/btc-updown-5m-1787562600,17:10-17:15,39.00,62.00,38.00,61.00,151.79,190.00,205.00,265.79,38.50,61.50,1.00,1.00,12358.85,13504.88,13510.88,12348.85,38,61,61,38,77214.70,77215.99,,
2026-08-24T17:11:33+08:00,btc-updown-5m-1787562600,https://polymarket.com/zh/event/btc-updown-5m-1787562600,17:10-17:15,38.00,63.00,37.00,62.00,155.25,158.94,213.94,162.03,37.50,62.50,1.00,1.00,12364.85,13484.88,13605.88,12364.85,37,62,62,37,77214.70,77215.99,,
2026-08-24T17:11:35+08:00,btc-updown-5m-1787562600,https://polymarket.com/zh/event/btc-updown-5m-1787562600,17:10-17:15,37.00,65.00,36.00,64.00,366.01,265.00,33.00,220.60,36.50,64.50,1.00,1.00,12299.85,13504.88,13379.88,12274.85,36,63,64,35,77214.70,77215.99,,
2026-08-24T17:11:37+08:00,btc-updown-5m-1787562600,https://polymarket.com/zh/event/btc-updown-5m-1787562600,17:10-17:15,37.00,64.00,36.00,63.00,11.77,610.02,619.24,17.45,36.50,63.50,1.00,1.00,12309.85,13384.88,13475.88,12304.85,36,62,62,36,77214.70,77215.99,,
2026-08-24T17:11:39+08:00,btc-updown-5m-1787562600,https://polymarket.com/zh/event/btc-updown-5m-1787562600,17:10-17:15,39.00,62.00,38.00,61.00,230.33,10.00,10.00,230.33,38.50,61.50,1.00,1.00,12239.85,13364.88,13384.88,12214.85,38,61,61,38,77214.70,77215.99,,
2026-08-24T17:11:41+08:00,btc-updown-5m-1787562600,https://polymarket.com/zh/event/btc-updown-5m-1787562600,17:10-17:15,38.00,63.00,37.00,62.00,15.00,531.98,381.98,15.00,37.50,62.50,1.00,1.00,12311.28,13374.88,13364.88,12311.28,37,62,62,37,77214.70,77215.99,,
2026-08-24T17:11:43+08:00,btc-updown-5m-1787562600,https://polymarket.com/zh/event/btc-updown-5m-1787562600,17:10-17:15,41.00,62.00,40.00,61.00,546.10,5.00,60.00,173.36,40.50,61.50,1.00,1.00,12392.72,13354.88,13304.88,12262.72,40,59,61,36,77214.70,77215.99,,
2026-08-24T17:11:45+08:00,btc-updown-5m-1787562600,https://polymarket.com/zh/event/btc-updown-5m-1787562600,17:10-17:15,34.00,67.00,33.00,66.00,49.05,126.34,126.34,28.96,33.50,66.50,1.00,1.00,14392.71,13038.32,13127.32,14392.71,33,66,66,33,77214.70,77205.88,,
2026-08-24T17:11:46+08:00,btc-updown-5m-1787562600,https://polymarket.com/zh/event/btc-updown-5m-1787562600,17:10-17:15,36.00,65.00,35.00,64.00,157.60,349.81,326.32,38.60,35.50,64.50,1.00,1.00,12407.72,13423.32,13329.32,12387.72,35,64,64,35,77214.70,77205.88,,
2026-08-24T17:11:48+08:00,btc-updown-5m-1787562600,https://polymarket.com/zh/event/btc-updown-5m-1787562600,17:10-17:15,39.00,62.00,38.00,61.00,228.53,393.10,226.38,19.00,38.50,61.50,1.00,1.00,12402.46,13394.33,13398.32,12402.46,38,61,61,38,77214.70,77214.96,,
2026-08-24T17:11:50+08:00,btc-updown-5m-1787562600,https://polymarket.com/zh/event/btc-updown-5m-1787562600,17:10-17:15,39.00,62.00,38.00,61.00,300.23,7.00,2.00,318.68,38.50,61.50,1.00,1.00,12402.46,14625.48,14759.47,12402.46,38,61,61,38,77214.70,77214.96,,
2026-08-24T17:11:53+08:00,btc-updown-5m-1787562600,https://polymarket.com/zh/event/btc-updown-5m-1787562600,17:10-17:15,36.00,65.00,35.00,64.00,236.82,264.60,279.60,245.82,35.50,64.50,1.00,1.00,12372.46,14659.47,14650.48,12337.46,35,64,64,35,77214.70,77214.96,,
2026-08-24T17:11:54+08:00,btc-updown-5m-1787562600,https://polymarket.com/zh/event/btc-updown-5m-1787562600,17:10-17:15,33.00,69.00,32.00,68.00,229.63,300.31,138.10,99.39,32.50,68.50,1.00,1.00,13787.46,14516.19,14355.19,13797.46,32,67,68,31,77214.70,77208.92,,
2026-08-24T17:11:56+08:00,btc-updown-5m-1787562600,https://polymarket.com/zh/event/btc-updown-5m-1787562600,17:10-17:15,26.00,75.00,25.00,74.00,19.41,374.54,376.28,7.00,25.50,74.50,1.00,1.00,14293.45,14040.19,13930.19,14273.45,25,74,74,25,77214.70,77205.88,,
2026-08-24T17:11:58+08:00,btc-updown-5m-1787562600,https://polymarket.com/zh/event/btc-updown-5m-1787562600,17:10-17:15,28.00,73.00,27.00,72.00,202.60,242.94,242.94,202.60,27.50,72.50,1.00,1.00,14258.45,13946.19,14016.19,14268.45,27,72,72,27,77214.70,77205.88,,
2026-08-24T17:12:00+08:00,btc-updown-5m-1787562600,https://polymarket.com/zh/event/btc-updown-5m-1787562600,17:10-17:15,26.00,75.00,25.00,74.00,161.15,576.83,405.32,71.15,25.50,74.50,1.00,1.00,14168.45,13886.19,13987.19,14168.45,25,74,74,25,77214.70,77205.88,,
2026-08-24T17:12:02+08:00,btc-updown-5m-1787562600,https://polymarket.com/zh/event/btc-updown-5m-1787562600,17:10-17:15,27.00,74.00,26.00,73.00,417.56,110.00,29.00,407.12,26.50,73.50,1.00,1.00,14157.45,13831.19,13781.19,14157.45,26,73,73,26,77214.70,77205.88,,
2026-08-24T17:12:04+08:00,btc-updown-5m-1787562600,https://polymarket.com/zh/event/btc-updown-5m-1787562600,17:10-17:15,27.00,74.00,26.00,73.00,352.78,55.18,78.03,320.94,26.50,73.50,1.00,1.00,14022.45,13891.19,13917.20,14022.45,26,73,73,26,77214.70,77205.88,,
2026-08-24T17:12:06+08:00,btc-updown-5m-1787562600,https://polymarket.com/zh/event/btc-updown-5m-1787562600,17:10-17:15,28.00,73.00,27.00,72.00,200.41,10.00,31.31,284.53,27.50,72.50,1.00,1.00,14022.45,13852.21,13662.20,13927.45,27,72,72,27,77214.70,77205.88,,
2026-08-24T17:12:08+08:00,btc-updown-5m-1787562600,https://polymarket.com/zh/event/btc-updown-5m-1787562600,17:10-17:15,26.00,75.00,25.00,74.00,423.41,13.66,15.00,423.41,25.50,74.50,1.00,1.00,14069.47,13736.19,13646.19,14074.47,25,74,74,25,77214.70,77205.88,,
2026-08-24T17:12:10+08:00,btc-updown-5m-1787562600,https://polymarket.com/zh/event/btc-updown-5m-1787562600,17:10-17:15,27.00,75.00,26.00,74.00,150.09,265.90,95.47,84.09,26.50,74.50,1.00,1.00,13924.47,13651.19,13631.19,13929.47,26,73,74,25,77214.70,77205.88,,
2026-08-24T17:12:12+08:00,btc-updown-5m-1787562600,https://polymarket.com/zh/event/btc-updown-5m-1787562600,17:10-17:15,22.00,79.00,21.00,78.00,84.90,297.85,279.12,84.90,21.50,78.50,1.00,1.00,14004.47,13636.19,13736.19,13999.47,21,78,78,21,77214.70,77205.87,,
2026-08-24T17:12:14+08:00,btc-updown-5m-1787562600,https://polymarket.com/zh/event/btc-updown-5m-1787562600,17:10-17:15,22.00,79.00,21.00,78.00,64.09,359.30,180.57,64.09,21.50,78.50,1.00,1.00,14004.47,13646.19,13642.19,13999.47,21,78,78,21,77214.70,77205.88,,
2026-08-24T17:12:16+08:00,btc-updown-5m-1787562600,https://polymarket.com/zh/event/btc-updown-5m-1787562600,17:10-17:15,23.00,78.00,22.00,77.00,71.59,228.01,190.00,58.76,22.50,77.50,1.00,1.00,14004.47,13747.19,13636.19,14004.47,22,77,77,22,77214.70,77205.88,,
2026-08-24T17:12:18+08:00,btc-updown-5m-1787562600,https://polymarket.com/zh/event/btc-updown-5m-1787562600,17:10-17:15,27.00,74.00,26.00,73.00,438.82,10.00,10.00,423.98,26.50,73.50,1.00,1.00,14009.47,13646.19,13841.19,14009.47,26,73,73,26,77214.70,77205.88,,
2026-08-24T17:12:20+08:00,btc-updown-5m-1787562600,https://polymarket.com/zh/event/btc-updown-5m-1787562600,17:10-17:15,27.00,74.00,26.00,73.00,201.40,205.00,243.15,355.22,26.50,73.50,1.00,1.00,14009.47,13746.19,13767.20,14009.47,26,73,73,26,77214.70,77202.45,,
2026-08-24T17:12:21+08:00,btc-updown-5m-1787562600,https://polymarket.com/zh/event/btc-updown-5m-1787562600,17:10-17:15,31.00,70.00,30.00,69.00,205.82,75.00,303.33,477.83,30.50,69.50,1.00,1.00,13618.47,13837.19,13741.19,13603.47,30,69,69,30,77214.70,77202.45,,
2026-08-24T17:12:23+08:00,btc-updown-5m-1787562600,https://polymarket.com/zh/event/btc-updown-5m-1787562600,17:10-17:15,31.00,70.00,30.00,69.00,698.05,12.14,12.14,717.90,30.50,69.50,1.00,1.00,13846.26,13651.20,13756.19,13846.26,30,69,69,30,77214.70,77205.87,,
2026-08-24T17:12:25+08:00,btc-updown-5m-1787562600,https://polymarket.com/zh/event/btc-updown-5m-1787562600,17:10-17:15,27.00,74.00,26.00,73.00,468.48,14.50,17.21,473.48,26.50,73.50,1.00,1.00,13646.26,13747.19,13746.19,13646.26,26,73,73,26,77214.70,77205.87,,
2026-08-24T17:12:27+08:00,btc-updown-5m-1787562600,https://polymarket.com/zh/event/btc-updown-5m-1787562600,17:10-17:15,37.00,62.00,36.00,61.00,6.64,58.56,168.00,308.95,36.50,61.50,1.00,1.00,14062.36,13862.19,13726.19,14126.36,36,63,61,38,77214.70,77207.38,,
2026-08-24T17:12:29+08:00,btc-updown-5m-1787562600,https://polymarket.com/zh/event/btc-updown-5m-1787562600,17:10-17:15,37.00,64.00,36.00,63.00,195.91,145.11,139.43,202.54,36.50,63.50,1.00,1.00,14293.42,13792.19,13887.20,14303.42,36,63,63,36,77214.70,77214.69,,
2026-08-24T17:12:31+08:00,btc-updown-5m-1787562600,https://polymarket.com/zh/event/btc-updown-5m-1787562600,17:10-17:15,35.00,66.00,34.00,65.00,192.45,41.60,64.74,250.80,34.50,65.50,1.00,1.00,14298.42,13711.19,13712.19,14278.42,34,65,65,34,77214.70,77214.69,,
2026-08-24T17:12:33+08:00,btc-updown-5m-1787562600,https://polymarket.com/zh/event/btc-updown-5m-1787562600,17:10-17:15,35.00,66.00,34.00,65.00,375.01,315.53,51.53,44.49,34.50,65.50,1.00,1.00,14308.42,13797.20,13801.19,14333.42,34,65,65,34,77214.70,77214.69,,
2026-08-24T17:12:35+08:00,btc-updown-5m-1787562600,https://polymarket.com/zh/event/btc-updown-5m-1787562600,17:10-17:15,38.00,62.00,37.00,61.00,15.98,596.70,615.56,15.60,37.50,61.50,1.00,1.00,13055.76,13805.19,13871.20,13759.09,37,62,61,38,77214.70,77214.69,,
2026-08-24T17:12:36+08:00,btc-updown-5m-1787562600,https://polymarket.com/zh/event/btc-updown-5m-1787562600,17:10-17:15,37.00,64.00,36.00,63.00,488.86,266.42,161.82,428.19,36.50,63.50,1.00,1.00,14322.42,15920.18,16020.18,14322.42,36,63,63,36,77214.70,77214.69,,
2026-08-24T17:12:38+08:00,btc-updown-5m-1787562600,https://polymarket.com/zh/event/btc-updown-5m-1787562600,17:10-17:15,44.00,56.00,43.00,55.00,14.00,280.73,168.33,74.04,43.50,55.50,1.00,1.00,14352.42,13895.20,14604.52,14432.42,43,56,55,44,77214.70,77217.83,,
2026-08-24T17:12:40+08:00,btc-updown-5m-1787562600,https://polymarket.com/zh/event/btc-updown-5m-1787562600,17:10-17:15,39.00,62.00,38.00,61.00,10.00,366.10,366.10,10.00,38.50,61.50,1.00,1.00,14377.42,15941.18,16025.19,14372.42,38,61,61,38,77214.70,77223.51,,
2026-08-24T17:12:42+08:00,btc-updown-5m-1787562600,https://polymarket.com/zh/event/btc-updown-5m-1787562600,17:10-17:15,40.00,61.00,39.00,60.00,404.31,354.98,198.90,317.50,39.50,60.50,1.00,1.00,14492.42,13810.19,13921.19,14472.42,39,60,60,39,77214.70,77223.50,,
2026-08-24T17:12:44+08:00,btc-updown-5m-1787562600,https://polymarket.com/zh/event/btc-updown-5m-1787562600,17:10-17:15,46.00,55.00,45.00,54.00,312.40,59.18,64.18,398.40,45.50,54.50,1.00,1.00,14483.42,13775.19,14400.19,14498.42,45,54,54,45,77214.70,77223.50,,
2026-08-24T17:12:46+08:00,btc-updown-5m-1787562600,https://polymarket.com/zh/event/btc-updown-5m-1787562600,17:10-17:15,45.00,56.00,44.00,55.00,375.73,59.00,68.00,407.69,44.50,55.50,1.00,1.00,14478.42,15315.19,15410.19,14463.42,44,55,55,44,77214.70,77223.51,,
2026-08-24T17:12:48+08:00,btc-updown-5m-1787562600,https://polymarket.com/zh/event/btc-updown-5m-1787562600,17:10-17:15,44.00,54.00,43.00,53.00,8.01,151.95,382.75,257.46,43.50,53.50,1.00,1.00,12201.43,15346.19,15341.20,12061.43,43,56,53,46,77214.70,77223.51,,
2026-08-24T17:12:50+08:00,btc-updown-5m-1787562600,https://polymarket.com/zh/event/btc-updown-5m-1787562600,17:10-17:15,47.00,54.00,46.00,53.00,90.00,447.07,352.65,80.00,46.50,53.50,1.00,1.00,12126.43,15406.19,15320.19,12141.43,46,53,53,46,77214.70,77223.51,,
2026-08-24T17:12:52+08:00,btc-updown-5m-1787562600,https://polymarket.com/zh/event/btc-updown-5m-1787562600,17:10-17:15,47.00,54.00,46.00,53.00,100.00,264.00,252.00,68.60,46.50,53.50,1.00,1.00,12136.43,15845.18,15855.19,12081.43,46,53,53,46,77214.70,77223.50,,
2026-08-24T17:12:53+08:00,btc-updown-5m-1787562600,https://polymarket.com/zh/event/btc-updown-5m-1787562600,17:10-17:15,45.00,56.00,44.00,55.00,240.37,417.37,406.60,236.11,44.50,55.50,1.00,1.00,12221.43,15861.18,15845.18,12226.43,44,55,55,44,77214.70,77223.51,,
2026-08-24T17:12:55+08:00,btc-updown-5m-1787562600,https://polymarket.com/zh/event/btc-updown-5m-1787562600,17:10-17:15,40.00,61.00,39.00,60.00,280.46,293.60,68.60,285.46,39.50,60.50,1.00,1.00,12061.34,15881.10,15846.10,12046.34,39,60,60,39,77214.70,77223.51,,
2026-08-24T17:12:57+08:00,btc-updown-5m-1787562600,https://polymarket.com/zh/event/btc-updown-5m-1787562600,17:10-17:15,40.00,61.00,39.00,60.00,282.46,223.34,248.34,279.96,39.50,60.50,1.00,1.00,12196.34,14432.10,14337.10,12206.34,39,60,60,39,77214.70,77223.50,,
2026-08-24T17:12:59+08:00,btc-updown-5m-1787562600,https://polymarket.com/zh/event/btc-updown-5m-1787562600,17:10-17:15,40.00,61.00,39.00,60.00,171.69,430.39,454.38,171.69,39.50,60.50,1.00,1.00,12201.34,13090.95,13159.95,12196.34,39,60,60,39,77214.70,77223.51,,
2026-08-24T17:13:01+08:00,btc-updown-5m-1787562600,https://polymarket.com/zh/event/btc-updown-5m-1787562600,17:10-17:15,40.00,61.00,39.00,60.00,232.70,243.75,228.75,237.70,39.50,60.50,1.00,1.00,11826.36,12822.54,12953.54,11846.36,39,60,60,39,77214.70,77223.51,,
2026-08-24T17:13:03+08:00,btc-updown-5m-1787562600,https://polymarket.com/zh/event/btc-updown-5m-1787562600,17:10-17:15,43.00,58.00,42.00,57.00,180.21,30.05,30.05,180.21,42.50,57.50,1.00,1.00,11901.36,12808.54,12917.55,11906.36,42,57,57,42,77214.70,77223.51,,
2026-08-24T17:13:05+08:00,btc-updown-5m-1787562600,https://polymarket.com/zh/event/btc-updown-5m-1787562600,17:10-17:15,39.00,62.00,38.00,61.00,244.48,221.99,254.25,244.48,38.50,61.50,1.00,1.00,11836.36,12827.54,12917.54,11846.36,38,61,61,38,77214.70,77223.51,,
2026-08-24T17:13:06+08:00,btc-updown-5m-1787562600,https://polymarket.com/zh/event/btc-updown-5m-1787562600,17:10-17:15,42.00,59.00,41.00,58.00,258.01,80.00,96.74,285.04,41.50,58.50,1.00,1.00,11861.36,12812.55,12902.54,11851.36,41,58,58,41,77214.70,77223.51,,
2026-08-24T17:13:08+08:00,btc-updown-5m-1787562600,https://polymarket.com/zh/event/btc-updown-5m-1787562600,17:10-17:15,49.00,52.00,48.00,51.00,137.99,284.30,286.23,137.99,48.50,51.50,1.00,1.00,12774.69,14382.53,14467.53,13478.02,48,51,51,48,77214.70,77223.50,,
2026-08-24T17:13:10+08:00,btc-updown-5m-1787562600,https://polymarket.com/zh/event/btc-updown-5m-1787562600,17:10-17:15,50.00,51.00,49.00,50.00,26.60,693.12,704.69,26.60,49.50,50.50,1.00,1.00,14205.35,16062.53,16022.54,14195.35,49,50,50,49,77214.70,77223.50,,
2026-08-24T17:13:12+08:00,btc-updown-5m-1787562600,https://polymarket.com/zh/event/btc-updown-5m-1787562600,17:10-17:15,52.00,49.00,51.00,48.00,195.00,259.14,259.14,195.00,51.50,48.50,1.00,1.00,14795.36,14680.87,14680.87,14200.35,51,48,48,51,77214.70,77223.51,,
2026-08-24T17:13:14+08:00,btc-updown-5m-1787562600,https://polymarket.com/zh/event/btc-updown-5m-1787562600,17:10-17:15,61.00,41.00,60.00,40.00,428.44,44.49,18.50,446.93,60.50,40.50,1.00,1.00,15130.36,13442.54,13427.54,14520.35,60,39,40,59,77214.70,77227.92,,
2026-08-24T17:13:16+08:00,btc-updown-5m-1787562600,https://polymarket.com/zh/event/btc-updown-5m-1787562600,17:10-17:15,54.00,48.00,53.00,47.00,38.33,176.70,26.86,69.52,53.50,47.50,1.00,1.00,12950.36,13432.54,13467.54,12850.36,53,46,47,52,77214.70,77227.92,,
2026-08-24T17:13:18+08:00,btc-updown-5m-1787562600,https://polymarket.com/zh/event/btc-updown-5m-1787562600,17:10-17:15,54.00,47.00,53.00,46.00,19.00,59.35,371.96,54.00,53.50,46.50,1.00,1.00,14562.02,14205.29,14923.62,14477.02,53,46,46,53,77214.70,77227.92,,
2026-08-24T17:13:20+08:00,btc-updown-5m-1787562600,https://polymarket.com/zh/event/btc-updown-5m-1787562600,17:10-17:15,40.00,60.00,39.00,59.00,1.75,7.00,451.00,159.26,39.50,59.50,1.00,1.00,14070.35,16006.95,15941.95,14200.35,39,60,59,40,77214.70,77227.92,,
2026-08-24T17:13:22+08:00,btc-updown-5m-1787562600,https://polymarket.com/zh/event/btc-updown-5m-1787562600,17:10-17:15,42.00,59.00,41.00,58.00,147.61,238.45,238.45,147.61,41.50,58.50,1.00,1.00,14225.35,15917.95,16001.95,14210.35,41,57,57,41,77214.70,77227.92,,
2026-08-24T17:13:24+08:00,btc-updown-5m-1787562600,https://polymarket.com/zh/event/btc-updown-5m-1787562600,17:10-17:15,44.00,57.00,43.00,56.00,271.48,113.01,213.01,271.48,43.50,56.50,1.00,1.00,14327.35,15901.95,15912.95,14342.35,43,56,56,43,77214.70,77227.92,,
2026-08-24T17:13:26+08:00,btc-updown-5m-1787562600,https://polymarket.com/zh/event/btc-updown-5m-1787562600,17:10-17:15,44.00,57.00,43.00,56.00,269.20,119.43,113.01,203.86,43.50,56.50,1.00,1.00,14272.35,16006.96,16006.95,14267.35,43,56,56,43,77214.70,77227.92,,
2026-08-24T17:13:28+08:00,btc-updown-5m-1787562600,https://polymarket.com/zh/event/btc-updown-5m-1787562600,17:10-17:15,42.00,59.00,41.00,58.00,60.00,695.41,270.15,218.09,41.50,58.50,1.00,1.00,14247.35,15907.95,16001.95,14342.35,41,58,58,41,77214.70,77227.92,,
2026-08-24T17:13:29+08:00,btc-updown-5m-1787562600,https://polymarket.com/zh/event/btc-updown-5m-1787562600,17:10-17:15,45.00,54.00,44.00,53.00,166.87,133.47,573.22,125.00,44.50,53.50,1.00,1.00,14297.35,15896.95,15986.95,14332.35,44,55,53,46,77214.70,77227.92,,
2026-08-24T17:13:31+08:00,btc-updown-5m-1787562600,https://polymarket.com/zh/event/btc-updown-5m-1787562600,17:10-17:15,49.00,52.00,48.00,51.00,214.00,271.98,156.38,199.00,48.50,51.50,1.00,1.00,14357.35,15886.95,15966.95,14352.35,48,51,51,48,77214.70,77227.92,,
2026-08-24T17:13:33+08:00,btc-updown-5m-1787562600,https://polymarket.com/zh/event/btc-updown-5m-1787562600,17:10-17:15,56.00,45.00,55.00,44.00,21.71,556.40,604.39,40.51,55.50,44.50,1.00,1.00,14502.35,14415.29,14435.29,14407.35,55,44,44,55,77214.70,77227.92,,
2026-08-24T17:13:35+08:00,btc-updown-5m-1787562600,https://polymarket.com/zh/event/btc-updown-5m-1787562600,17:10-17:15,62.00,39.00,61.00,38.00,150.00,17.00,27.00,333.19,61.50,38.50,1.00,1.00,15247.35,13201.96,13261.96,14742.35,60,38,38,61,77214.70,77227.92,,
2026-08-24T17:13:37+08:00,btc-updown-5m-1787562600,https://polymarket.com/zh/event/btc-updown-5m-1787562600,17:10-17:15,64.00,38.00,63.00,37.00,427.67,15.00,45.00,47.50,63.50,37.50,1.00,1.00,14627.35,13211.96,13196.96,15222.35,63,36,37,62,77214.70,77232.33,,
2026-08-24T17:13:39+08:00,btc-updown-5m-1787562600,https://polymarket.com/zh/event/btc-updown-5m-1787562600,17:10-17:15,61.00,40.00,60.00,39.00,194.93,267.60,267.60,194.93,60.50,39.50,1.00,1.00,15247.36,13201.96,13211.96,15342.35,60,39,39,60,77214.70,77232.33,,
2026-08-24T17:13:41+08:00,btc-updown-5m-1787562600,https://polymarket.com/zh/event/btc-updown-5m-1787562600,17:10-17:15,64.00,38.00,62.00,37.00,67.60,73.62,15.00,435.23,63.00,37.50,2.00,1.00,12847.36,13061.96,13121.96,12302.36,62,36,37,62,77214.70,77232.33,,
2026-08-24T17:13:43+08:00,btc-updown-5m-1787562600,https://polymarket.com/zh/event/btc-updown-5m-1787562600,17:10-17:15,63.00,38.00,62.00,37.00,137.00,140.19,105.00,131.00,62.50,37.50,1.00,1.00,12622.37,13045.15,13040.15,12517.36,62,37,37,62,77214.70,77232.33,,
2026-08-24T17:13:44+08:00,btc-updown-5m-1787562600,https://polymarket.com/zh/event/btc-updown-5m-1787562600,17:10-17:15,73.00,29.00,72.00,28.00,13.33,33.08,56.00,562.65,72.50,28.50,1.00,1.00,14164.02,13011.15,13016.15,15377.35,72,27,28,71,77214.70,77236.73,,
2026-08-24T17:13:46+08:00,btc-updown-5m-1787562600,https://polymarket.com/zh/event/btc-updown-5m-1787562600,17:10-17:15,78.00,23.00,77.00,22.00,223.72,672.68,219.68,79.00,77.50,22.50,1.00,1.00,15492.35,9358.15,9358.15,15092.35,77,22,22,77,77214.70,77236.74,,
2026-08-24T17:13:48+08:00,btc-updown-5m-1787562600,https://polymarket.com/zh/event/btc-updown-5m-1787562600,17:10-17:15,79.00,21.00,78.00,20.00,48.65,87.99,34.29,38.04,78.50,20.50,1.00,1.00,15082.35,8788.15,8788.15,14987.35,78,21,20,79,77214.70,77236.74,,
2026-08-24T17:13:50+08:00,btc-updown-5m-1787562600,https://polymarket.com/zh/event/btc-updown-5m-1787562600,17:10-17:15,81.00,20.00,80.00,19.00,112.92,521.84,510.54,69.22,80.50,19.50,1.00,1.00,15092.35,9496.15,9451.15,15187.35,80,19,19,80,77214.70,77236.74,,
2026-08-24T17:13:52+08:00,btc-updown-5m-1787562600,https://polymarket.com/zh/event/btc-updown-5m-1787562600,17:10-17:15,82.00,19.00,81.00,18.00,80.33,16.89,31.89,172.35,81.50,18.50,1.00,1.00,15492.35,9185.26,9039.96,15097.35,81,18,18,81,77214.70,77236.74,,
2026-08-24T17:13:54+08:00,btc-updown-5m-1787562600,https://polymarket.com/zh/event/btc-updown-5m-1787562600,17:10-17:15,50.00,50.00,49.00,49.00,35.00,144.33,52.96,2.00,49.50,49.50,1.00,1.00,12642.36,8754.96,9064.96,13162.37,49,50,49,50,77214.70,77232.33,,
2026-08-24T17:13:56+08:00,btc-updown-5m-1787562600,https://polymarket.com/zh/event/btc-updown-5m-1787562600,17:10-17:15,84.00,17.00,83.00,16.00,38.82,67.00,135.00,48.32,83.50,16.50,1.00,1.00,11145.38,6852.97,6842.97,11035.37,83,16,16,83,77214.70,77244.48,,
2026-08-24T17:13:58+08:00,btc-updown-5m-1787562600,https://polymarket.com/zh/event/btc-updown-5m-1787562600,17:10-17:15,85.00,17.00,84.00,16.00,18.07,313.38,45.75,35.00,84.50,16.50,1.00,1.00,11647.37,6855.97,6855.97,11037.38,84,15,15,83,77214.70,77244.48,,
2026-08-24T17:13:59+08:00,btc-updown-5m-1787562600,https://polymarket.com/zh/event/btc-updown-5m-1787562600,17:10-17:15,87.00,14.00,85.00,13.00,35.79,100.00,87.66,35.79,86.00,13.50,2.00,1.00,11142.37,7902.97,7897.97,11532.37,85,13,13,86,77214.70,77244.48,,
2026-08-24T17:14:01+08:00,btc-updown-5m-1787562600,https://polymarket.com/zh/event/btc-updown-5m-1787562600,17:10-17:15,98.00,2.00,97.00,1.00,117.84,578.01,208.94,3186.51,97.50,1.50,1.00,1.00,10097.03,3294.35,3186.51,10088.84,97,2,1,98,77214.70,77259.70,,
2026-08-24T17:14:03+08:00,btc-updown-5m-1787562600,https://polymarket.com/zh/event/btc-updown-5m-1787562600,17:10-17:15,99.00,2.00,98.00,1.00,3100.40,290.15,341.84,3100.40,98.50,1.50,1.00,1.00,10430.84,3100.40,3100.40,10090.84,98,1,1,98,77214.70,77259.69,,
2026-08-24T17:14:05+08:00,btc-updown-5m-1787562600,https://polymarket.com/zh/event/btc-updown-5m-1787562600,17:10-17:15,99.00,2.00,98.00,1.00,1568.23,528.25,437.05,1454.82,98.50,1.50,1.00,1.00,10085.84,1568.23,1454.82,10670.84,98,1,1,98,77214.70,77267.61,,
2026-08-24T17:14:07+08:00,btc-updown-5m-1787562600,https://polymarket.com/zh/event/btc-updown-5m-1787562600,17:10-17:15,,1.00,99.00,,,5256.77,5226.67,,,,,,10085.84,,,10600.84,99,0,0,99,77214.70,77280.33,,
2026-08-24T17:14:09+08:00,btc-updown-5m-1787562600,https://polymarket.com/zh/event/btc-updown-5m-1787562600,17:10-17:15,,1.00,99.00,,,6264.09,6259.08,,,,,,10080.84,,,10600.85,99,0,0,99,77214.70,77280.33,,
2026-08-24T17:14:11+08:00,btc-updown-5m-1787562600,https://polymarket.com/zh/event/btc-updown-5m-1787562600,17:10-17:15,,1.00,99.00,,,9392.89,9397.90,,,,,,10085.85,,,10080.84,99,0,0,99,77214.70,77280.33,,
2026-08-24T17:14:13+08:00,btc-updown-5m-1787562600,https://polymarket.com/zh/event/btc-updown-5m-1787562600,17:10-17:15,,1.00,99.00,,,9016.40,9478.39,,,,,,10595.84,,,10085.85,99,0,0,99,77214.70,77275.74,,
2026-08-24T17:14:14+08:00,btc-updown-5m-1787562600,https://polymarket.com/zh/event/btc-updown-5m-1787562600,17:10-17:15,,1.00,99.00,,,12314.71,11912.71,,,,,,10573.84,,,10583.84,99,0,0,99,77214.70,77269.24,,
2026-08-24T17:14:16+08:00,btc-updown-5m-1787562600,https://polymarket.com/zh/event/btc-updown-5m-1787562600,17:10-17:15,,1.00,99.00,,,11862.88,11857.88,,,,,,6078.84,,,6578.84,99,0,0,99,77214.70,77280.84,,
2026-08-24T17:14:18+08:00,btc-updown-5m-1787562600,https://polymarket.com/zh/event/btc-updown-5m-1787562600,17:10-17:15,,1.00,99.00,,,12577.88,12577.88,,,,,,5948.84,,,6448.84,99,0,0,99,77214.70,77283.63,,
2026-08-24T17:14:20+08:00,btc-updown-5m-1787562600,https://polymarket.com/zh/event/btc-updown-5m-1787562600,17:10-17:15,,1.00,99.00,,,13445.52,13440.51,,,,,,6448.84,,,5963.85,99,0,0,99,77214.70,77283.63,,
2026-08-24T17:14:22+08:00,btc-updown-5m-1787562600,https://polymarket.com/zh/event/btc-updown-5m-1787562600,17:10-17:15,,1.00,99.00,,,13612.20,13607.19,,,,,,5978.41,,,6488.42,99,0,0,99,77214.70,77283.63,,
2026-08-24T17:14:24+08:00,btc-updown-5m-1787562600,https://polymarket.com/zh/event/btc-updown-5m-1787562600,17:10-17:15,,1.00,99.00,,,13638.19,13643.20,,,,,,6483.42,,,5988.41,99,0,0,99,77214.70,77283.63,,
2026-08-24T17:14:26+08:00,btc-updown-5m-1787562600,https://polymarket.com/zh/event/btc-updown-5m-1787562600,17:10-17:15,,1.00,99.00,,,13873.19,13873.19,,,,,,5803.41,,,6398.41,99,0,0,99,77214.70,77283.63,,
2026-08-24T17:14:28+08:00,btc-updown-5m-1787562600,https://polymarket.com/zh/event/btc-updown-5m-1787562600,17:10-17:15,,1.00,99.00,,,15267.20,14607.20,,,,,,5798.41,,,5813.41,99,0,0,99,77214.70,77285.52,,
2026-08-24T17:14:30+08:00,btc-updown-5m-1787562600,https://polymarket.com/zh/event/btc-updown-5m-1787562600,17:10-17:15,,1.00,99.00,,,16247.20,16247.20,,,,,,5798.41,,,6303.41,99,0,0,99,77214.70,77285.52,,
2026-08-24T17:14:31+08:00,btc-updown-5m-1787562600,https://polymarket.com/zh/event/btc-updown-5m-1787562600,17:10-17:15,,1.00,99.00,,,17910.91,17915.92,,,,,,5558.42,,,5058.41,99,0,0,99,77214.70,77283.25,,
2026-08-24T17:14:33+08:00,btc-updown-5m-1787562600,https://polymarket.com/zh/event/btc-updown-5m-1787562600,17:10-17:15,,1.00,99.00,,,18009.42,18009.42,,,,,,5193.41,,,5203.41,99,0,0,99,77214.70,77281.02,,
2026-08-24T17:14:35+08:00,btc-updown-5m-1787562600,https://polymarket.com/zh/event/btc-updown-5m-1787562600,17:10-17:15,,1.00,99.00,,,18875.11,18875.11,,,,,,5193.41,,,5203.41,99,0,0,99,77214.70,77281.02,,
2026-08-24T17:14:37+08:00,btc-updown-5m-1787562600,https://polymarket.com/zh/event/btc-updown-5m-1787562600,17:10-17:15,,1.00,99.00,,,20491.21,20496.22,,,,,,5198.42,,,5193.41,99,0,0,99,77214.70,77281.02,,
2026-08-24T17:14:39+08:00,btc-updown-5m-1787562600,https://polymarket.com/zh/event/btc-updown-5m-1787562600,17:10-17:15,,1.00,99.00,,,20020.22,20020.22,,,,,,5193.41,,,5588.41,99,0,0,99,77214.70,77273.15,,
2026-08-24T17:14:41+08:00,btc-updown-5m-1787562600,https://polymarket.com/zh/event/btc-updown-5m-1787562600,17:10-17:15,,1.00,99.00,,,20165.22,20160.21,,,,,,5593.41,,,5083.41,99,0,0,99,77214.70,77273.16,,
2026-08-24T17:14:43+08:00,btc-updown-5m-1787562600,https://polymarket.com/zh/event/btc-updown-5m-1787562600,17:10-17:15,,1.00,99.00,,,19683.40,19683.40,,,,,,5088.41,,,5598.41,99,0,0,99,77214.70,77273.16,,
2026-08-24T17:14:45+08:00,btc-updown-5m-1787562600,https://polymarket.com/zh/event/btc-updown-5m-1787562600,17:10-17:15,,1.00,99.00,,,19744.40,19749.41,,,,,,5688.41,,,5698.41,99,0,0,99,77214.70,77273.16,,
2026-08-24T17:14:47+08:00,btc-updown-5m-1787562600,https://polymarket.com/zh/event/btc-updown-5m-1787562600,17:10-17:15,,1.00,99.00,,,21445.25,21445.25,,,,,,5188.41,,,5188.41,99,0,0,99,77214.70,77273.16,,
2026-08-24T17:14:48+08:00,btc-updown-5m-1787562600,https://polymarket.com/zh/event/btc-updown-5m-1787562600,17:10-17:15,,1.00,99.00,,,21432.75,21432.75,,,,,,5193.41,,,5703.41,99,0,0,99,77214.70,77277.08,,
2026-08-24T17:14:50+08:00,btc-updown-5m-1787562600,https://polymarket.com/zh/event/btc-updown-5m-1787562600,17:10-17:15,,1.00,99.00,,,25585.21,25585.21,,,,,,4933.36,,,4943.36,99,0,0,99,77214.70,77277.08,,
2026-08-24T17:14:52+08:00,btc-updown-5m-1787562600,https://polymarket.com/zh/event/btc-updown-5m-1787562600,17:10-17:15,,1.00,99.00,,,28713.29,27603.29,,,,,,4673.36,,,5173.36,99,0,0,99,77214.70,77277.08,,
2026-08-24T17:14:54+08:00,btc-updown-5m-1787562600,https://polymarket.com/zh/event/btc-updown-5m-1787562600,17:10-17:15,,1.00,99.00,,,34768.29,34768.29,,,,,,5178.36,,,4673.36,99,0,0,99,77214.70,77271.37,,
2026-08-24T17:14:56+08:00,btc-updown-5m-1787562600,https://polymarket.com/zh/event/btc-updown-5m-1787562600,17:10-17:15,,1.00,99.00,,,34989.58,34989.58,,,,,,3353.36,,,3363.36,99,0,0,99,77214.70,77271.37,,
2026-08-24T17:14:58+08:00,btc-updown-5m-1787562600,https://polymarket.com/zh/event/btc-updown-5m-1787562600,17:10-17:15,,1.00,99.00,,,45446.59,34837.59,,,,,,3798.36,,,3298.36,99,0,0,99,77214.70,77271.37,,
2026-08-24T17:15:00+08:00,btc-updown-5m-1787562600,https://polymarket.com/zh/event/btc-updown-5m-1787562600,17:10-17:15,,1.00,99.00,,,46373.80,46373.80,,,,,,3158.36,,,3352.86,99,0,0,99,77214.70,77271.36,,
2026-08-24T17:15:02+08:00,btc-updown-5m-1787562900,https://polymarket.com/zh/event/btc-updown-5m-1787562900,17:15-17:20,47.00,54.00,46.00,53.00,528.85,138.14,146.31,512.48,46.50,53.50,1.00,1.00,13367.09,13885.62,13765.62,13377.09,46,52,52,46,77271.37,77271.37,,
2026-08-24T17:15:04+08:00,btc-updown-5m-1787562900,https://polymarket.com/zh/event/btc-updown-5m-1787562900,17:15-17:20,47.00,54.00,46.00,53.00,528.72,218.11,218.11,528.72,46.50,53.50,1.00,1.00,14817.09,14835.62,14735.62,14837.09,46,53,53,46,77271.37,77271.37,,
2026-08-24T17:15:06+08:00,btc-updown-5m-1787562900,https://polymarket.com/zh/event/btc-updown-5m-1787562900,17:15-17:20,47.00,54.00,46.00,53.00,286.96,572.81,572.81,286.96,46.50,53.50,1.00,1.00,16107.14,16745.68,16765.67,16102.14,46,53,53,46,77271.37,77271.37,,
2026-08-24T17:15:08+08:00,btc-updown-5m-1787562900,https://polymarket.com/zh/event/btc-updown-5m-1787562900,17:15-17:20,70.00,32.00,65.00,29.00,118.90,20.00,237.00,6.74,67.50,30.50,5.00,3.00,17144.11,16145.67,16140.67,17049.11,65,30,29,68,77271.37,77280.60,,
2026-08-24T17:15:09+08:00,btc-updown-5m-1787562900,https://polymarket.com/zh/event/btc-updown-5m-1787562900,17:15-17:20,72.00,33.00,71.00,30.00,353.63,29.20,33.38,122.00,71.50,31.50,1.00,3.00,15394.08,13906.65,13916.65,15384.09,71,28,30,67,77271.37,77308.47,,
2026-08-24T17:15:11+08:00,btc-updown-5m-1787562900,https://polymarket.com/zh/event/btc-updown-5m-1787562900,17:15-17:20,68.00,33.00,67.00,32.00,201.41,485.48,418.72,202.09,67.50,32.50,1.00,1.00,15384.08,14181.65,14156.65,15479.09,67,32,32,67,77271.37,77303.00,,
2026-08-24T17:15:13+08:00,btc-updown-5m-1787562900,https://polymarket.com/zh/event/btc-updown-5m-1787562900,17:15-17:20,68.00,34.00,67.00,33.00,305.18,255.20,140.17,33.33,67.50,33.50,1.00,1.00,15555.85,14166.65,14191.65,15625.85,67,32,33,66,77271.37,77304.88,,
2026-08-24T17:15:15+08:00,btc-updown-5m-1787562900,https://polymarket.com/zh/event/btc-updown-5m-1787562900,17:15-17:20,68.00,32.00,67.00,31.00,285.97,11.57,18.50,20.00,67.50,31.50,1.00,1.00,15670.86,14176.65,14166.65,15550.85,67,32,30,67,77271.37,77304.89,,
2026-08-24T17:15:17+08:00,btc-updown-5m-1787562900,https://polymarket.com/zh/event/btc-updown-5m-1787562900,17:15-17:20,77.00,24.00,76.00,23.00,201.22,297.11,173.67,184.48,76.50,23.50,1.00,1.00,15843.37,14568.25,14528.25,15908.08,76,23,23,76,77271.37,77321.68,,
2026-08-24T17:15:19+08:00,btc-updown-5m-1787562900,https://polymarket.com/zh/event/btc-updown-5m-1787562900,17:15-17:20,78.00,23.00,77.00,22.00,115.00,377.80,306.75,133.71,77.50,22.50,1.00,1.00,15208.07,14217.64,14791.64,15193.07,77,22,22,77,77271.37,77321.68,,
2026-08-24T17:15:21+08:00,btc-updown-5m-1787562900,https://polymarket.com/zh/event/btc-updown-5m-1787562900,17:15-17:20,79.00,22.00,78.00,21.00,55.91,319.18,92.01,39.48,78.50,21.50,1.00,1.00,13819.84,14109.97,14788.30,13729.85,78,21,21,78,77271.37,77321.68,,
2026-08-24T17:15:23+08:00,btc-updown-5m-1787562900,https://polymarket.com/zh/event/btc-updown-5m-1787562900,17:15-17:20,79.00,22.00,78.00,21.00,25.00,47.50,38.00,20.00,78.50,21.50,1.00,1.00,13858.08,14936.63,14886.63,13748.07,78,21,21,78,77271.37,77321.68,,
2026-08-24T17:15:25+08:00,btc-updown-5m-1787562900,https://polymarket.com/zh/event/btc-updown-5m-1787562900,17:15-17:20,78.00,25.00,77.00,24.00,90.33,193.00,94.82,72.00,77.50,24.50,1.00,1.00,13569.84,14776.63,14636.63,13469.84,77,22,24,75,77271.37,77329.49,,
2026-08-24T17:15:27+08:00,btc-updown-5m-1787562900,https://polymarket.com/zh/event/btc-updown-5m-1787562900,17:15-17:20,76.00,25.00,75.00,24.00,51.48,382.18,373.53,50.58,75.50,24.50,1.00,1.00,13249.84,14687.63,14697.63,13249.84,75,24,24,75,77271.37,77321.68,,
2026-08-24T17:15:28+08:00,btc-updown-5m-1787562900,https://polymarket.com/zh/event/btc-updown-5m-1787562900,17:15-17:20,83.00,20.00,82.00,19.00,692.26,21.21,16.29,28.33,82.50,19.50,1.00,1.00,13099.84,14602.63,14612.63,12979.84,82,17,19,80,77271.37,77335.01,,
2026-08-24T17:15:30+08:00,btc-updown-5m-1787562900,https://polymarket.com/zh/event/btc-updown-5m-1787562900,17:15-17:20,79.00,22.00,78.00,21.00,290.00,21.64,31.42,307.23,78.50,21.50,1.00,1.00,12744.84,14407.63,14162.63,12624.84,78,21,21,78,77271.37,77329.30,,
2026-08-24T17:15:32+08:00,btc-updown-5m-1787562900,https://polymarket.com/zh/event/btc-updown-5m-1787562900,17:15-17:20,79.00,19.00,78.00,18.00,126.31,37.00,624.40,7.60,78.50,18.50,1.00,1.00,12379.84,13904.63,13719.63,12389.85,78,21,18,81,77271.37,77340.87,,
2026-08-24T17:15:34+08:00,btc-updown-5m-1787562900,https://polymarket.com/zh/event/btc-updown-5m-1787562900,17:15-17:20,82.00,19.00,81.00,18.00,227.76,212.28,197.28,201.02,81.50,18.50,1.00,1.00,12119.84,13472.63,13462.63,12039.84,81,18,18,81,77271.37,77343.76,,
2026-08-24T17:15:36+08:00,btc-updown-5m-1787562900,https://polymarket.com/zh/event/btc-updown-5m-1787562900,17:15-17:20,83.00,18.00,82.00,17.00,174.60,192.06,175.49,31.72,82.50,17.50,1.00,1.00,12049.84,12180.97,12889.30,12134.85,82,17,17,82,77271.37,77337.68,,
2026-08-24T17:15:38+08:00,btc-updown-5m-1787562900,https://polymarket.com/zh/event/btc-updown-5m-1787562900,17:15-17:20,85.00,16.00,84.00,15.00,185.12,128.58,13.27,217.52,84.50,15.50,1.00,1.00,12211.11,13426.63,13541.63,11996.11,84,15,15,84,77271.37,77334.16,,
2026-08-24T17:15:40+08:00,btc-updown-5m-1787562900,https://polymarket.com/zh/event/btc-updown-5m-1787562900,17:15-17:20,85.00,16.00,84.00,15.00,157.07,147.93,346.11,282.25,84.50,15.50,1.00,1.00,12091.12,13563.77,13546.63,12006.11,84,15,15,84,77271.37,77345.44,,
2026-08-24T17:15:42+08:00,btc-updown-5m-1787562900,https://polymarket.com/zh/event/btc-updown-5m-1787562900,17:15-17:20,85.00,16.00,84.00,15.00,323.29,132.77,136.25,373.29,84.50,15.50,1.00,1.00,11900.11,14723.63,14653.63,11990.11,84,15,15,84,77271.37,77345.44,,
2026-08-24T17:15:44+08:00,btc-updown-5m-1787562900,https://polymarket.com/zh/event/btc-updown-5m-1787562900,17:15-17:20,84.00,17.00,83.00,16.00,300.00,286.81,268.94,295.00,83.50,16.50,1.00,1.00,12015.11,13708.63,13718.63,12010.11,83,16,16,83,77271.37,77343.89,,
2026-08-24T17:15:45+08:00,btc-updown-5m-1787562900,https://polymarket.com/zh/event/btc-updown-5m-1787562900,17:15-17:20,84.00,17.00,83.00,16.00,152.93,96.05,146.05,32.60,83.50,16.50,1.00,1.00,11900.11,13718.63,13768.63,12005.11,83,16,16,83,77271.37,77342.96,,
2026-08-24T17:15:47+08:00,btc-updown-5m-1787562900,https://polymarket.com/zh/event/btc-updown-5m-1787562900,17:15-17:20,86.00,15.00,85.00,14.00,21.47,282.31,103.33,65.30,85.50,14.50,1.00,1.00,11895.11,13751.63,13641.63,12000.11,85,14,14,85,77271.37,77342.96,,
2026-08-24T17:15:49+08:00,btc-updown-5m-1787562900,https://polymarket.com/zh/event/btc-updown-5m-1787562900,17:15-17:20,86.00,15.00,85.00,14.00,157.56,209.00,209.00,264.16,85.50,14.50,1.00,1.00,11895.11,14586.63,14596.63,11990.11,85,14,14,85,77271.37,77345.44,,
2026-08-24T17:15:51+08:00,btc-updown-5m-1787562900,https://polymarket.com/zh/event/btc-updown-5m-1787562900,17:15-17:20,86.00,15.00,85.00,14.00,95.49,292.13,269.58,95.49,85.50,14.50,1.00,1.00,11900.11,14586.63,14596.63,11995.11,85,14,14,85,77271.37,77345.44,,
2026-08-24T17:15:53+08:00,btc-updown-5m-1787562900,https://polymarket.com/zh/event/btc-updown-5m-1787562900,17:15-17:20,89.00,12.00,88.00,11.00,373.64,13.75,18.75,356.86,88.50,11.50,1.00,1.00,11995.11,14986.65,14991.65,11885.11,88,11,11,88,77271.37,77351.81,,
2026-08-24T17:15:55+08:00,btc-updown-5m-1787562900,https://polymarket.com/zh/event/btc-updown-5m-1787562900,17:15-17:20,90.00,12.00,89.00,11.00,691.17,118.32,49.98,142.75,89.50,11.50,1.00,1.00,11640.11,14768.66,12483.67,11760.11,89,10,11,88,77271.37,77350.52,,
2026-08-24T17:15:57+08:00,btc-updown-5m-1787562900,https://polymarket.com/zh/event/btc-updown-5m-1787562900,17:15-17:20,89.00,12.00,88.00,11.00,108.30,135.10,130.36,103.30,88.50,11.50,1.00,1.00,11520.11,14489.87,14439.87,11410.11,88,11,11,88,77271.37,77350.52,,
2026-08-24T17:15:59+08:00,btc-updown-5m-1787562900,https://polymarket.com/zh/event/btc-updown-5m-1787562900,17:15-17:20,89.00,12.00,88.00,11.00,362.04,69.87,69.87,218.04,88.50,11.50,1.00,1.00,11520.11,14351.65,14271.65,11410.11,88,11,11,88,77271.37,77350.52,,
2026-08-24T17:16:01+08:00,btc-updown-5m-1787562900,https://polymarket.com/zh/event/btc-updown-5m-1787562900,17:15-17:20,90.00,11.00,89.00,10.00,134.72,162.68,161.25,128.42,89.50,10.50,1.00,1.00,14973.35,12861.16,11521.16,13568.34,89,10,10,89,77271.37,77350.52,,
2026-08-24T17:16:03+08:00,btc-updown-5m-1787562900,https://polymarket.com/zh/event/btc-updown-5m-1787562900,17:15-17:20,93.00,8.00,92.00,7.00,163.51,221.63,308.18,162.51,92.50,7.50,1.00,1.00,12423.32,7386.84,7383.53,12333.32,92,7,7,92,77271.37,77370.37,,
2026-08-24T17:16:04+08:00,btc-updown-5m-1787562900,https://polymarket.com/zh/event/btc-updown-5m-1787562900,17:15-17:20,93.00,9.00,92.00,8.00,283.46,266.32,14.93,103.04,92.50,8.50,1.00,1.00,12362.84,7421.88,7531.88,13158.54,92,7,8,91,77271.37,77371.25,,
2026-08-24T17:16:06+08:00,btc-updown-5m-1787562900,https://polymarket.com/zh/event/btc-updown-5m-1787562900,17:15-17:20,92.00,9.00,91.00,8.00,207.79,210.49,205.49,199.46,91.50,8.50,1.00,1.00,12348.54,7126.44,7116.44,12443.54,91,8,8,91,77271.37,77366.70,,
2026-08-24T17:16:08+08:00,btc-updown-5m-1787562900,https://polymarket.com/zh/event/btc-updown-5m-1787562900,17:15-17:20,94.00,7.00,93.00,6.00,242.84,17.17,78.33,220.70,93.50,6.50,1.00,1.00,12933.55,6897.02,6957.02,12708.56,93,6,6,93,77271.37,77366.71,,
2026-08-24T17:16:10+08:00,btc-updown-5m-1787562900,https://polymarket.com/zh/event/btc-updown-5m-1787562900,17:15-17:20,94.00,7.00,93.00,6.00,85.30,198.38,118.38,76.77,93.50,6.50,1.00,1.00,12198.54,7078.79,7082.79,12078.54,93,6,6,93,77271.37,77383.18,,
2026-08-24T17:16:12+08:00,btc-updown-5m-1787562900,https://polymarket.com/zh/event/btc-updown-5m-1787562900,17:15-17:20,95.00,6.00,94.00,5.00,210.62,246.42,231.42,195.62,94.50,5.50,1.00,1.00,12053.54,6465.37,6450.37,12178.54,94,5,5,94,77271.37,77383.18,,
2026-08-24T17:16:14+08:00,btc-updown-5m-1787562900,https://polymarket.com/zh/event/btc-updown-5m-1787562900,17:15-17:20,95.00,6.00,94.00,5.00,145.77,151.86,141.32,150.37,94.50,5.50,1.00,1.00,12048.54,6527.00,6545.82,12558.54,94,5,5,94,77271.37,77383.18,,
2026-08-24T17:16:16+08:00,btc-updown-5m-1787562900,https://polymarket.com/zh/event/btc-updown-5m-1787562900,17:15-17:20,91.00,10.00,90.00,9.00,441.13,174.24,194.69,446.13,90.50,9.50,1.00,1.00,12164.31,7391.42,7456.42,12654.31,90,9,9,90,77271.37,77356.10,,
2026-08-24T17:16:17+08:00,btc-updown-5m-1787562900,https://polymarket.com/zh/event/btc-updown-5m-1787562900,17:15-17:20,91.00,10.00,90.00,9.00,103.72,121.26,157.76,113.72,90.50,9.50,1.00,1.00,13017.09,10024.41,10742.74,12412.08,90,9,9,90,77271.37,77357.39,,
2026-08-24T17:16:19+08:00,btc-updown-5m-1787562900,https://polymarket.com/zh/event/btc-updown-5m-1787562900,17:15-17:20,91.00,10.00,90.00,9.00,122.78,129.42,119.42,117.16,90.50,9.50,1.00,1.00,12527.08,9727.94,9727.94,12932.08,90,9,9,90,77271.37,77357.39,,
2026-08-24T17:16:21+08:00,btc-updown-5m-1787562900,https://polymarket.com/zh/event/btc-updown-5m-1787562900,17:15-17:20,91.00,10.00,90.00,9.00,92.01,104.17,184.17,107.01,90.50,9.50,1.00,1.00,12422.08,9725.54,9725.54,12532.08,90,9,9,90,77271.37,77357.39,,
2026-08-24T17:16:23+08:00,btc-updown-5m-1787562900,https://polymarket.com/zh/event/btc-updown-5m-1787562900,17:15-17:20,90.00,11.00,89.00,10.00,240.20,300.55,291.60,270.20,89.50,10.50,1.00,1.00,12427.08,9842.07,10767.07,12522.08,89,10,10,89,77271.37,77357.39,,
2026-08-24T17:16:25+08:00,btc-updown-5m-1787562900,https://polymarket.com/zh/event/btc-updown-5m-1787562900,17:15-17:20,90.00,11.00,89.00,10.00,152.53,457.22,457.22,117.53,89.50,10.50,1.00,1.00,12922.09,9848.93,9846.33,12537.08,89,10,10,89,77271.37,77353.96,,
2026-08-24T17:16:27+08:00,btc-updown-5m-1787562900,https://polymarket.com/zh/event/btc-updown-5m-1787562900,17:15-17:20,86.00,15.00,85.00,14.00,5.00,146.83,145.64,5.00,85.50,14.50,1.00,1.00,12483.85,10831.56,10831.56,12403.85,85,14,14,85,77271.37,77339.46,,
2026-08-24T17:16:29+08:00,btc-updown-5m-1787562900,https://polymarket.com/zh/event/btc-updown-5m-1787562900,17:15-17:20,87.00,14.00,86.00,13.00,135.36,182.73,176.33,86.54,86.50,13.50,1.00,1.00,13028.86,9907.48,10072.48,12418.85,86,13,13,86,77271.37,77337.25,,
2026-08-24T17:16:31+08:00,btc-updown-5m-1787562900,https://polymarket.com/zh/event/btc-updown-5m-1787562900,17:15-17:20,85.00,16.00,84.00,15.00,74.60,238.08,214.33,74.60,84.50,15.50,1.00,1.00,13023.85,9993.34,9993.34,12443.85,84,15,15,84,77271.37,77330.87,,
2026-08-24T17:16:32+08:00,btc-updown-5m-1787562900,https://polymarket.com/zh/event/btc-updown-5m-1787562900,17:15-17:20,92.00,9.00,91.00,8.00,70.00,138.28,15.00,94.03,91.50,8.50,1.00,1.00,13008.85,9353.24,8320.58,13013.85,91,8,8,91,77271.37,77330.87,,
2026-08-24T17:16:34+08:00,btc-updown-5m-1787562900,https://polymarket.com/zh/event/btc-updown-5m-1787562900,17:15-17:20,92.00,9.00,91.00,8.00,112.31,454.90,454.90,110.13,91.50,8.50,1.00,1.00,13042.08,9924.24,9824.24,13042.08,91,8,8,91,77271.37,77348.84,,
2026-08-24T17:16:36+08:00,btc-updown-5m-1787562900,https://polymarket.com/zh/event/btc-updown-5m-1787562900,17:15-17:20,89.00,12.00,88.00,11.00,9.53,345.43,338.19,9.53,88.50,11.50,1.00,1.00,12918.85,10502.34,10472.34,12923.86,88,11,11,88,77271.37,77342.48,,
2026-08-24T17:16:38+08:00,btc-updown-5m-1787562900,https://polymarket.com/zh/event/btc-updown-5m-1787562900,17:15-17:20,88.00,13.00,87.00,12.00,269.06,294.17,290.39,264.51,87.50,12.50,1.00,1.00,12513.85,10541.07,10541.07,12398.85,87,12,12,87,77271.37,77338.18,,
2026-08-24T17:16:40+08:00,btc-updown-5m-1787562900,https://polymarket.com/zh/event/btc-updown-5m-1787562900,17:15-17:20,86.00,15.00,85.00,14.00,97.30,62.98,285.87,308.72,85.50,14.50,1.00,1.00,12993.85,9839.07,9829.07,12508.85,85,14,14,85,77271.37,77330.87,,
2026-08-24T17:16:42+08:00,btc-updown-5m-1787562900,https://polymarket.com/zh/event/btc-updown-5m-1787562900,17:15-17:20,83.00,18.00,82.00,17.00,75.14,600.15,522.15,27.14,82.50,17.50,1.00,1.00,12993.85,9724.07,9724.07,12493.85,82,17,17,82,77271.37,77329.36,,
2026-08-24T17:16:44+08:00,btc-updown-5m-1787562900,https://polymarket.com/zh/event/btc-updown-5m-1787562900,17:15-17:20,84.00,17.00,83.00,16.00,196.60,437.44,5.00,196.60,83.50,16.50,1.00,1.00,12398.85,9988.07,10018.18,12393.85,83,16,16,83,77271.37,77320.54,,
2026-08-24T17:16:46+08:00,btc-updown-5m-1787562900,https://polymarket.com/zh/event/btc-updown-5m-1787562900,17:15-17:20,89.00,10.00,87.00,8.00,20.00,48.33,83.00,94.07,88.00,9.00,2.00,2.00,12523.86,9449.14,8911.02,12613.85,86,11,8,90,77271.37,77342.58,,
2026-08-24T17:16:48+08:00,btc-updown-5m-1787562900,https://polymarket.com/zh/event/btc-updown-5m-1787562900,17:15-17:20,93.00,8.00,92.00,7.00,50.44,462.05,392.95,160.42,92.50,7.50,1.00,1.00,13013.85,7676.65,7671.65,12413.85,92,7,7,92,77271.37,77347.50,,
2026-08-24T17:16:49+08:00,btc-updown-5m-1787562900,https://polymarket.com/zh/event/btc-updown-5m-1787562900,17:15-17:20,93.00,8.00,92.00,7.00,460.76,163.70,178.70,460.76,92.50,7.50,1.00,1.00,12413.85,7856.65,7866.65,12508.85,92,7,7,92,77271.37,77352.91,,
2026-08-24T17:16:51+08:00,btc-updown-5m-1787562900,https://polymarket.com/zh/event/btc-updown-5m-1787562900,17:15-17:20,92.00,9.00,91.00,8.00,286.29,350.14,324.26,237.51,91.50,8.50,1.00,1.00,12898.85,10075.52,10082.82,12503.86,91,8,8,91,77271.37,77352.73,,
2026-08-24T17:16:53+08:00,btc-updown-5m-1787562900,https://polymarket.com/zh/event/btc-updown-5m-1787562900,17:15-17:20,92.00,9.00,91.00,8.00,74.42,199.95,263.86,94.70,91.50,8.50,1.00,1.00,12888.85,10067.27,10057.27,12503.85,91,8,8,91,77271.37,77352.67,,
2026-08-24T17:16:55+08:00,btc-updown-5m-1787562900,https://polymarket.com/zh/event/btc-updown-5m-1787562900,17:15-17:20,95.00,6.00,94.00,5.00,619.55,200.50,212.25,658.06,94.50,5.50,1.00,1.00,12518.85,7554.69,7593.20,13033.86,94,5,5,94,77271.37,77360.22,,
2026-08-24T17:16:57+08:00,btc-updown-5m-1787562900,https://polymarket.com/zh/event/btc-updown-5m-1787562900,17:15-17:20,94.00,7.00,93.00,6.00,645.78,138.80,138.80,592.58,93.50,6.50,1.00,1.00,12099.85,6851.07,6561.07,12479.85,93,6,6,93,77271.37,77360.20,,
2026-08-24T17:16:59+08:00,btc-updown-5m-1787562900,https://polymarket.com/zh/event/btc-updown-5m-1787562900,17:15-17:20,93.00,8.00,92.00,7.00,819.38,20.00,20.00,732.52,92.50,7.50,1.00,1.00,12599.85,7271.05,8544.38,12484.85,92,7,7,92,77271.37,77360.19,,
2026-08-24T17:17:01+08:00,btc-updown-5m-1787562900,https://polymarket.com/zh/event/btc-updown-5m-1787562900,17:15-17:20,93.00,8.00,92.00,7.00,92.00,555.64,555.64,92.00,92.50,7.50,1.00,1.00,12444.86,9117.17,9123.17,12069.85,92,7,7,92,77271.37,77351.40,,
2026-08-24T17:17:03+08:00,btc-updown-5m-1787562900,https://polymarket.com/zh/event/btc-updown-5m-1787562900,17:15-17:20,94.00,7.00,93.00,6.00,357.41,514.00,514.00,452.41,93.50,6.50,1.00,1.00,11949.85,8883.59,8881.19,12544.86,93,6,6,93,77271.37,77347.51,,
2026-08-24T17:17:05+08:00,btc-updown-5m-1787562900,https://polymarket.com/zh/event/btc-updown-5m-1787562900,17:15-17:20,94.00,7.00,93.00,6.00,454.75,501.09,486.09,452.77,93.50,6.50,1.00,1.00,12069.85,7658.60,7658.60,11944.85,93,6,6,93,77271.37,77356.47,,
2026-08-24T17:17:07+08:00,btc-updown-5m-1787562900,https://polymarket.com/zh/event/btc-updown-5m-1787562900,17:15-17:20,94.00,7.00,93.00,6.00,378.60,464.09,463.47,378.60,93.50,6.50,1.00,1.00,12359.85,7414.10,7414.10,11974.85,93,6,6,93,77271.37,77353.04,,
2026-08-24T17:17:08+08:00,btc-updown-5m-1787562900,https://polymarket.com/zh/event/btc-updown-5m-1787562900,17:15-17:20,94.00,7.00,93.00,6.00,173.07,467.10,476.45,265.07,93.50,6.50,1.00,1.00,11864.85,7497.80,7403.80,12359.85,93,6,6,93,77271.37,77354.87,,
2026-08-24T17:17:10+08:00,btc-updown-5m-1787562900,https://polymarket.com/zh/event/btc-updown-5m-1787562900,17:15-17:20,94.00,7.00,93.00,6.00,248.33,382.04,367.04,248.33,93.50,6.50,1.00,1.00,11959.85,7554.11,7564.11,11954.85,93,6,6,93,77271.37,77347.52,,
2026-08-24T17:17:13+08:00,btc-updown-5m-1787562900,https://polymarket.com/zh/event/btc-updown-5m-1787562900,17:15-17:20,93.00,8.00,92.00,7.00,92.00,450.29,485.29,92.00,92.50,7.50,1.00,1.00,11959.85,10214.87,10169.87,11889.85,92,7,7,92,77271.37,77334.58,,
2026-08-24T17:17:15+08:00,btc-updown-5m-1787562900,https://polymarket.com/zh/event/btc-updown-5m-1787562900,17:15-17:20,94.00,7.00,93.00,6.00,338.79,326.00,261.00,218.33,93.50,6.50,1.00,1.00,11864.85,8460.63,8470.63,12464.85,93,6,6,93,77271.37,77344.05,,
2026-08-24T17:17:17+08:00,btc-updown-5m-1787562900,https://polymarket.com/zh/event/btc-updown-5m-1787562900,17:15-17:20,94.00,7.00,93.00,6.00,270.24,435.87,340.33,270.24,93.50,6.50,1.00,1.00,11894.85,8830.76,8840.76,12469.85,93,6,6,93,77271.37,77343.89,,
2026-08-24T17:17:19+08:00,btc-updown-5m-1787562900,https://polymarket.com/zh/event/btc-updown-5m-1787562900,17:15-17:20,95.00,6.00,94.00,5.00,204.05,100.00,100.22,249.05,94.50,5.50,1.00,1.00,12394.85,9082.21,9121.21,11884.85,94,5,5,94,77271.37,77342.91,,
2026-08-24T17:17:20+08:00,btc-updown-5m-1787562900,https://polymarket.com/zh/event/btc-updown-5m-1787562900,17:15-17:20,94.00,7.00,93.00,6.00,428.90,60.38,67.78,565.48,93.50,6.50,1.00,1.00,11959.85,7828.39,7823.54,11849.85,93,6,6,93,77271.37,77350.21,,
2026-08-24T17:17:22+08:00,btc-updown-5m-1787562900,https://polymarket.com/zh/event/btc-updown-5m-1787562900,17:15-17:20,94.00,7.00,93.00,6.00,502.93,41.53,96.53,447.25,93.50,6.50,1.00,1.00,11939.85,9319.85,9314.85,11854.85,93,6,6,93,77271.37,77338.97,,
2026-08-24T17:17:24+08:00,btc-updown-5m-1787562900,https://polymarket.com/zh/event/btc-updown-5m-1787562900,17:15-17:20,95.00,6.00,94.00,5.00,542.64,206.68,206.68,492.64,94.50,5.50,1.00,1.00,11949.85,9509.31,9463.31,11839.85,94,5,5,94,77271.37,77347.89,,
2026-08-24T17:17:26+08:00,btc-updown-5m-1787562900,https://polymarket.com/zh/event/btc-updown-5m-1787562900,17:15-17:20,94.00,7.00,93.00,6.00,559.94,25.98,25.98,568.61,93.50,6.50,1.00,1.00,12454.86,8798.14,8908.14,11849.85,93,6,6,93,77271.37,77340.26,,
2026-08-24T17:17:28+08:00,btc-updown-5m-1787562900,https://polymarket.com/zh/event/btc-updown-5m-1787562900,17:15-17:20,93.00,8.00,92.00,7.00,350.08,171.83,166.39,349.53,92.50,7.50,1.00,1.00,12349.85,9163.15,9163.15,12444.86,92,7,7,92,77271.37,77340.26,,
2026-08-24T17:17:30+08:00,btc-updown-5m-1787562900,https://polymarket.com/zh/event/btc-updown-5m-1787562900,17:15-17:20,94.00,7.00,93.00,6.00,311.67,95.00,217.73,428.48,93.50,6.50,1.00,1.00,12464.85,9412.71,9342.38,11844.85,93,6,6,93,77271.37,77340.26,,
2026-08-24T17:17:32+08:00,btc-updown-5m-1787562900,https://polymarket.com/zh/event/btc-updown-5m-1787562900,17:15-17:20,94.00,7.00,93.00,6.00,192.89,216.03,216.03,187.57,93.50,6.50,1.00,1.00,11844.86,9352.71,9347.71,11954.85,93,6,6,93,77271.37,77344.16,,
2026-08-24T17:17:33+08:00,btc-updown-5m-1787562900,https://polymarket.com/zh/event/btc-updown-5m-1787562900,17:15-17:20,95.00,6.00,94.00,5.00,473.25,163.89,163.89,438.13,94.50,5.50,1.00,1.00,11839.85,9403.27,9462.45,11954.85,94,5,5,94,77271.37,77346.08,,
2026-08-24T17:17:35+08:00,btc-updown-5m-1787562900,https://polymarket.com/zh/event/btc-updown-5m-1787562900,17:15-17:20,95.00,6.00,94.00,5.00,221.58,155.91,155.91,221.58,94.50,5.50,1.00,1.00,11854.85,9224.37,9224.37,11854.85,94,5,5,94,77271.37,77346.08,,
2026-08-24T17:17:37+08:00,btc-updown-5m-1787562900,https://polymarket.com/zh/event/btc-updown-5m-1787562900,17:15-17:20,83.00,18.00,82.00,17.00,218.68,140.88,100.79,192.94,82.50,17.50,1.00,1.00,11854.85,8884.64,8914.64,12459.86,82,17,17,82,77271.37,77322.95,,
2026-08-24T17:17:39+08:00,btc-updown-5m-1787562900,https://polymarket.com/zh/event/btc-updown-5m-1787562900,17:15-17:20,78.00,23.00,77.00,22.00,273.84,95.01,88.52,288.84,77.50,22.50,1.00,1.00,11839.85,8804.64,8899.64,11954.85,77,22,22,77,77271.37,77311.72,,
2026-08-24T17:17:41+08:00,btc-updown-5m-1787562900,https://polymarket.com/zh/event/btc-updown-5m-1787562900,17:15-17:20,76.00,25.00,75.00,24.00,293.73,450.95,15.00,44.00,75.50,24.50,1.00,1.00,12582.18,7417.98,7432.98,12582.18,75,24,24,75,77271.37,77307.40,,
2026-08-24T17:17:43+08:00,btc-updown-5m-1787562900,https://polymarket.com/zh/event/btc-updown-5m-1787562900,17:15-17:20,79.00,22.00,78.00,21.00,413.60,404.63,404.63,392.33,78.50,21.50,1.00,1.00,11968.85,8761.64,8751.64,12368.85,78,21,21,78,77271.37,77307.31,,
2026-08-24T17:17:45+08:00,btc-updown-5m-1787562900,https://polymarket.com/zh/event/btc-updown-5m-1787562900,17:15-17:20,79.00,22.00,78.00,21.00,68.00,292.09,474.09,83.00,78.50,21.50,1.00,1.00,12488.85,8861.64,8796.64,11998.85,78,21,21,78,77271.37,77307.31,,
2026-08-24T17:17:47+08:00,btc-updown-5m-1787562900,https://polymarket.com/zh/event/btc-updown-5m-1787562900,17:15-17:20,52.00,47.00,51.00,46.00,3.45,397.72,122.90,7.14,51.50,46.50,1.00,1.00,14293.84,12093.31,12906.64,14783.84,51,48,46,53,77271.37,77279.75,,
2026-08-24T17:17:49+08:00,btc-updown-5m-1787562900,https://polymarket.com/zh/event/btc-updown-5m-1787562900,17:15-17:20,65.00,36.00,64.00,35.00,56.40,170.04,104.78,54.04,64.50,35.50,1.00,1.00,14133.07,12646.64,12611.64,14774.06,64,35,35,64,77271.37,77281.34,,
2026-08-24T17:17:50+08:00,btc-updown-5m-1787562900,https://polymarket.com/zh/event/btc-updown-5m-1787562900,17:15-17:20,66.00,35.00,65.00,34.00,290.57,85.70,85.70,271.56,65.50,34.50,1.00,1.00,13944.05,12761.64,12751.64,14034.06,65,34,34,65,77271.37,77285.25,,
2026-08-24T17:17:52+08:00,btc-updown-5m-1787562900,https://polymarket.com/zh/event/btc-updown-5m-1787562900,17:15-17:20,65.00,36.00,64.00,35.00,170.00,155.57,188.76,250.00,64.50,35.50,1.00,1.00,14529.05,12786.64,12781.64,13919.05,64,35,35,64,77271.37,77287.45,,
2026-08-24T17:17:54+08:00,btc-updown-5m-1787562900,https://polymarket.com/zh/event/btc-updown-5m-1787562900,17:15-17:20,66.00,35.00,65.00,34.00,438.46,115.00,102.80,440.50,65.50,34.50,1.00,1.00,14084.05,12841.63,12851.63,14714.05,65,34,34,65,77271.37,77287.45,,
2026-08-24T17:17:56+08:00,btc-updown-5m-1787562900,https://polymarket.com/zh/event/btc-updown-5m-1787562900,17:15-17:20,66.00,35.00,65.00,34.00,304.91,172.00,93.00,156.05,65.50,34.50,1.00,1.00,11849.98,12835.92,12825.92,11914.97,65,34,34,65,77271.37,77287.92,,
2026-08-24T17:17:58+08:00,btc-updown-5m-1787562900,https://polymarket.com/zh/event/btc-updown-5m-1787562900,17:15-17:20,71.00,30.00,70.00,29.00,542.28,46.36,60.36,492.28,70.50,29.50,1.00,1.00,11964.97,10541.93,10546.93,12374.97,70,29,29,70,77271.37,77296.83,,
2026-08-24T17:18:00+08:00,btc-updown-5m-1787562900,https://polymarket.com/zh/event/btc-updown-5m-1787562900,17:15-17:20,66.00,35.00,65.00,34.00,63.42,19.00,190.10,276.07,65.50,34.50,1.00,1.00,12399.97,12911.92,12871.92,11889.97,65,34,34,65,77271.37,77293.79,,
2026-08-24T17:18:02+08:00,btc-updown-5m-1787562900,https://polymarket.com/zh/event/btc-updown-5m-1787562900,17:15-17:20,66.00,35.00,65.00,34.00,315.34,98.90,108.42,325.34,65.50,34.50,1.00,1.00,11796.72,12749.01,12754.01,11826.72,65,34,34,65,77271.37,77285.25,,
2026-08-24T17:18:04+08:00,btc-updown-5m-1787562900,https://polymarket.com/zh/event/btc-updown-5m-1787562900,17:15-17:20,62.00,53.00,51.00,52.00,84.02,109.67,69.26,117.60,56.50,52.50,11.00,1.00,11821.73,10329.02,10395.02,12923.38,49,38,52,47,77271.37,77286.32,,
2026-08-24T17:18:06+08:00,btc-updown-5m-1787562900,https://polymarket.com/zh/event/btc-updown-5m-1787562900,17:15-17:20,54.00,47.00,53.00,46.00,195.82,50.00,94.00,195.82,53.50,46.50,1.00,1.00,13248.38,12659.01,12654.01,13218.38,53,46,46,53,77271.37,77273.97,,
2026-08-24T17:18:08+08:00,btc-updown-5m-1787562900,https://polymarket.com/zh/event/btc-updown-5m-1787562900,17:15-17:20,56.00,45.00,55.00,44.00,46.60,137.07,141.77,39.00,55.50,44.50,1.00,1.00,11736.72,10238.02,10253.02,12271.73,55,44,44,55,77271.37,77274.49,,
2026-08-24T17:18:10+08:00,btc-updown-5m-1787562900,https://polymarket.com/zh/event/btc-updown-5m-1787562900,17:15-17:20,54.00,47.00,53.00,46.00,108.21,20.00,167.87,163.21,53.50,46.50,1.00,1.00,12468.33,10288.02,10267.02,11873.33,53,46,46,52,77271.37,77274.49,,
2026-08-24T17:18:12+08:00,btc-updown-5m-1787562900,https://polymarket.com/zh/event/btc-updown-5m-1787562900,17:15-17:20,53.00,48.00,52.00,47.00,129.35,27.84,28.47,174.35,52.50,47.50,1.00,1.00,11968.33,10277.02,10272.02,12353.33,52,47,47,52,77271.37,77274.49,,
2026-08-24T17:18:13+08:00,btc-updown-5m-1787562900,https://polymarket.com/zh/event/btc-updown-5m-1787562900,17:15-17:20,54.00,47.00,53.00,46.00,512.40,22.00,22.00,562.40,53.50,46.50,1.00,1.00,12463.33,10112.02,10112.02,11878.33,53,46,46,53,77271.37,77274.49,,
2026-08-24T17:18:15+08:00,btc-updown-5m-1787562900,https://polymarket.com/zh/event/btc-updown-5m-1787562900,17:15-17:20,52.00,51.00,51.00,50.00,611.68,65.00,177.60,244.30,51.50,50.50,1.00,1.00,11233.34,10122.02,10117.02,11908.33,51,48,50,49,77271.37,77274.49,,
2026-08-24T17:18:17+08:00,btc-updown-5m-1787562900,https://polymarket.com/zh/event/btc-updown-5m-1787562900,17:15-17:20,50.00,51.00,49.00,50.00,307.58,93.03,159.52,307.58,49.50,50.50,1.00,1.00,11303.33,10212.02,10233.02,11303.33,49,50,50,49,77271.37,77274.48,,
2026-08-24T17:18:19+08:00,btc-updown-5m-1787562900,https://polymarket.com/zh/event/btc-updown-5m-1787562900,17:15-17:20,50.00,51.00,49.00,50.00,288.67,10.00,10.00,233.67,49.50,50.50,1.00,1.00,11828.33,10803.02,10793.03,11318.33,49,50,50,49,77271.37,77274.49,,
2026-08-24T17:18:21+08:00,btc-updown-5m-1787562900,https://polymarket.com/zh/event/btc-updown-5m-1787562900,17:15-17:20,42.00,59.00,41.00,58.00,34.38,126.03,105.87,29.85,41.50,58.50,1.00,1.00,12743.33,10943.02,10939.02,12753.33,41,58,58,41,77271.37,77266.93,,
2026-08-24T17:18:23+08:00,btc-updown-5m-1787562900,https://polymarket.com/zh/event/btc-updown-5m-1787562900,17:15-17:20,32.00,68.00,31.00,67.00,42.50,57.74,37.16,70.88,31.50,67.50,1.00,1.00,13593.32,11713.02,11823.02,13588.32,31,68,62,32,77271.37,77254.38,,
2026-08-24T17:18:25+08:00,btc-updown-5m-1787562900,https://polymarket.com/zh/event/btc-updown-5m-1787562900,17:15-17:20,34.00,67.00,33.00,66.00,30.00,255.15,285.15,30.00,33.50,66.50,1.00,1.00,12943.32,13645.68,13676.68,13578.32,33,66,66,33,77271.37,77265.63,,
2026-08-24T17:18:27+08:00,btc-updown-5m-1787562900,https://polymarket.com/zh/event/btc-updown-5m-1787562900,17:15-17:20,25.00,74.00,24.00,68.00,103.75,223.42,387.28,5.00,24.50,71.00,1.00,6.00,9328.65,11615.02,11625.02,9283.32,24,75,67,26,77271.37,77254.22,,
2026-08-24T17:18:29+08:00,btc-updown-5m-1787562900,https://polymarket.com/zh/event/btc-updown-5m-1787562900,17:15-17:20,30.00,71.00,29.00,70.00,187.33,71.60,71.60,207.33,29.50,70.50,1.00,1.00,9548.32,11615.02,11720.02,9528.32,29,70,70,29,77271.37,77257.77,,
2026-08-24T17:18:30+08:00,btc-updown-5m-1787562900,https://polymarket.com/zh/event/btc-updown-5m-1787562900,17:15-17:20,23.00,78.00,22.00,77.00,114.90,350.22,441.90,124.86,22.50,77.50,1.00,1.00,7143.33,11159.69,11028.68,7158.33,22,77,77,22,77271.37,77252.56,,
2026-08-24T17:18:32+08:00,btc-updown-5m-1787562900,https://polymarket.com/zh/event/btc-updown-5m-1787562900,17:15-17:20,22.00,79.00,21.00,78.00,41.75,136.72,168.77,49.71,21.50,78.50,1.00,1.00,7108.33,11035.02,11144.02,7108.33,21,78,78,21,77271.37,77252.56,,
2026-08-24T17:18:34+08:00,btc-updown-5m-1787562900,https://polymarket.com/zh/event/btc-updown-5m-1787562900,17:15-17:20,23.00,79.00,22.00,78.00,120.33,69.39,3.58,5.00,22.50,78.50,1.00,1.00,6655.33,11119.02,11234.02,6645.33,22,77,78,21,77271.37,77247.50,,
2026-08-24T17:18:36+08:00,btc-updown-5m-1787562900,https://polymarket.com/zh/event/btc-updown-5m-1787562900,17:15-17:20,21.00,80.00,20.00,79.00,10.00,167.20,170.32,15.00,20.50,79.50,1.00,1.00,6675.33,11099.02,11200.03,6680.33,20,79,79,20,77271.37,77249.70,,
2026-08-24T17:18:38+08:00,btc-updown-5m-1787562900,https://polymarket.com/zh/event/btc-updown-5m-1787562900,17:15-17:20,19.00,82.00,18.00,81.00,72.39,239.22,259.22,69.02,18.50,81.50,1.00,1.00,6730.33,11215.02,11319.02,6730.33,18,81,81,18,77271.37,77249.70,,
2026-08-24T17:18:40+08:00,btc-updown-5m-1787562900,https://polymarket.com/zh/event/btc-updown-5m-1787562900,17:15-17:20,18.00,83.00,17.00,82.00,115.31,83.80,152.60,71.76,17.50,82.50,1.00,1.00,6718.33,11314.02,11224.02,6708.33,17,82,82,16,77271.37,77248.16,,
2026-08-24T17:18:42+08:00,btc-updown-5m-1787562900,https://polymarket.com/zh/event/btc-updown-5m-1787562900,17:15-17:20,14.00,87.00,13.00,86.00,40.22,320.33,306.85,35.22,13.50,86.50,1.00,1.00,6800.37,11319.03,11204.02,6815.37,13,86,86,13,77271.37,77250.00,,
2026-08-24T17:18:44+08:00,btc-updown-5m-1787562900,https://polymarket.com/zh/event/btc-updown-5m-1787562900,17:15-17:20,15.00,86.00,14.00,85.00,71.58,35.78,223.33,121.58,14.50,85.50,1.00,1.00,6805.37,11324.02,11230.03,6805.37,14,85,85,14,77271.37,77250.00,,
2026-08-24T17:18:45+08:00,btc-updown-5m-1787562900,https://polymarket.com/zh/event/btc-updown-5m-1787562900,17:15-17:20,12.00,89.00,11.00,88.00,202.97,224.81,224.81,192.84,11.50,88.50,1.00,1.00,6751.15,10909.02,11014.02,6756.15,11,88,88,11,77271.37,77250.00,,
2026-08-24T17:18:47+08:00,btc-updown-5m-1787562900,https://polymarket.com/zh/event/btc-updown-5m-1787562900,17:15-17:20,10.00,91.00,9.00,90.00,126.30,132.20,48.20,111.30,9.50,90.50,1.00,1.00,7601.15,11019.03,10914.02,7601.15,9,90,90,9,77271.37,77242.62,,
2026-08-24T17:18:49+08:00,btc-updown-5m-1787562900,https://polymarket.com/zh/event/btc-updown-5m-1787562900,17:15-17:20,10.00,91.00,9.00,90.00,27.69,128.50,134.00,33.89,9.50,90.50,1.00,1.00,7298.75,11030.02,10990.03,7508.75,9,90,90,9,77271.37,77242.62,,
2026-08-24T17:18:51+08:00,btc-updown-5m-1787562900,https://polymarket.com/zh/event/btc-updown-5m-1787562900,17:15-17:20,9.00,92.00,8.00,91.00,143.33,29.00,99.73,198.33,8.50,91.50,1.00,1.00,7791.35,11069.02,11154.02,7736.35,8,91,91,8,77271.37,77242.62,,
2026-08-24T17:18:53+08:00,btc-updown-5m-1787562900,https://polymarket.com/zh/event/btc-updown-5m-1787562900,17:15-17:20,11.00,91.00,10.00,90.00,415.70,110.07,5.00,174.93,10.50,90.50,1.00,1.00,7169.51,11075.02,11154.02,7124.31,10,89,90,9,77271.37,77243.76,,
2026-08-24T17:18:55+08:00,btc-updown-5m-1787562900,https://polymarket.com/zh/event/btc-updown-5m-1787562900,17:15-17:20,9.00,92.00,8.00,91.00,364.13,73.08,78.47,371.73,8.50,91.50,1.00,1.00,7556.91,11074.02,10562.03,6944.92,8,91,91,8,77271.37,77244.96,,
2026-08-24T17:18:57+08:00,btc-updown-5m-1787562900,https://polymarket.com/zh/event/btc-updown-5m-1787562900,17:15-17:20,6.00,95.00,5.00,94.00,285.19,311.00,316.27,285.19,5.50,94.50,1.00,1.00,5709.70,10508.03,10398.03,5704.43,5,94,94,5,77271.37,77244.96,,
2026-08-24T17:18:58+08:00,btc-updown-5m-1787562900,https://polymarket.com/zh/event/btc-updown-5m-1787562900,17:15-17:20,7.00,94.00,6.00,93.00,190.24,77.90,77.90,190.24,6.50,93.50,1.00,1.00,5866.03,10508.04,10403.03,5896.03,6,93,93,6,77271.37,77244.96,,
2026-08-24T17:19:00+08:00,btc-updown-5m-1787562900,https://polymarket.com/zh/event/btc-updown-5m-1787562900,17:15-17:20,4.00,98.00,3.00,97.00,618.49,1077.49,256.54,719.46,3.50,97.50,1.00,1.00,3558.82,10348.69,10438.69,3082.36,3,96,97,2,77271.37,77234.41,,
2026-08-24T17:19:02+08:00,btc-updown-5m-1787562900,https://polymarket.com/zh/event/btc-updown-5m-1787562900,17:15-17:20,2.00,99.00,1.00,98.00,336.87,1882.01,1892.01,416.87,1.50,98.50,1.00,1.00,1892.01,11658.13,10536.47,1882.01,1,98,98,1,77271.37,77232.35,,
2026-08-24T17:19:04+08:00,btc-updown-5m-1787562900,https://polymarket.com/zh/event/btc-updown-5m-1787562900,17:15-17:20,18.00,78.00,16.00,69.00,109.55,20.00,10.00,9.67,17.00,73.50,2.00,9.00,3705.50,9958.12,10043.13,3574.29,14,69,67,19,77271.37,77269.01,,
2026-08-24T17:19:06+08:00,btc-updown-5m-1787562900,https://polymarket.com/zh/event/btc-updown-5m-1787562900,17:15-17:20,21.00,78.00,20.00,77.00,42.59,100.00,699.93,90.00,20.50,77.50,1.00,1.00,2815.72,8999.72,9029.72,2790.72,20,77,76,22,77271.37,77273.14,,
2026-08-24T17:19:08+08:00,btc-updown-5m-1787562900,https://polymarket.com/zh/event/btc-updown-5m-1787562900,17:15-17:20,21.00,80.00,20.00,79.00,135.00,9.00,14.00,99.03,20.50,79.50,1.00,1.00,2970.72,8919.73,8904.72,2980.72,20,79,79,20,77271.37,77267.49,,
2026-08-24T17:19:10+08:00,btc-updown-5m-1787562900,https://polymarket.com/zh/event/btc-updown-5m-1787562900,17:15-17:20,23.00,79.00,22.00,78.00,368.23,80.00,5.00,160.00,22.50,78.50,1.00,1.00,3939.72,8644.72,8730.72,3924.72,22,77,78,21,77271.37,77267.49,,
2026-08-24T17:19:12+08:00,btc-updown-5m-1787562900,https://polymarket.com/zh/event/btc-updown-5m-1787562900,17:15-17:20,19.00,82.00,18.00,81.00,99.73,92.54,93.78,120.83,18.50,81.50,1.00,1.00,4594.72,8780.88,8690.88,4584.72,18,81,81,18,77271.37,77267.49,,
2026-08-24T17:19:14+08:00,btc-updown-5m-1787562900,https://polymarket.com/zh/event/btc-updown-5m-1787562900,17:15-17:20,81.00,19.00,78.00,17.00,76.83,30.00,20.00,71.01,79.50,18.00,3.00,2.00,8054.73,4265.88,4657.73,8444.73,58,19,17,58,77271.37,77296.82,,
2026-08-24T17:19:16+08:00,btc-updown-5m-1787562900,https://polymarket.com/zh/event/btc-updown-5m-1787562900,17:15-17:20,82.00,19.00,81.00,18.00,145.00,103.89,50.00,142.54,81.50,18.50,1.00,1.00,6230.72,5029.06,5029.06,6135.72,81,18,18,81,77271.37,77297.65,,
2026-08-24T17:19:18+08:00,btc-updown-5m-1787562900,https://polymarket.com/zh/event/btc-updown-5m-1787562900,17:15-17:20,82.00,17.00,81.00,16.00,100.00,235.00,85.00,40.60,81.50,16.50,1.00,1.00,4758.72,4774.40,4779.40,4663.73,79,18,16,83,77271.37,77299.49,,
2026-08-24T17:19:19+08:00,btc-updown-5m-1787562900,https://polymarket.com/zh/event/btc-updown-5m-1787562900,17:15-17:20,87.00,14.00,86.00,13.00,46.58,13.69,15.84,18.58,86.50,13.50,1.00,1.00,4291.72,4807.40,4792.40,4781.72,86,13,13,86,77271.37,77299.49,,
2026-08-24T17:19:21+08:00,btc-updown-5m-1787562900,https://polymarket.com/zh/event/btc-updown-5m-1787562900,17:15-17:20,91.00,19.00,90.00,17.00,210.00,185.00,74.00,60.00,90.50,18.00,1.00,2.00,4781.73,5120.56,4707.40,4891.72,85,9,15,76,77271.37,77299.49,,
2026-08-24T17:19:23+08:00,btc-updown-5m-1787562900,https://polymarket.com/zh/event/btc-updown-5m-1787562900,17:15-17:20,85.00,20.00,82.00,19.00,20.00,54.00,11.00,8.43,83.50,19.50,3.00,1.00,4404.78,3868.49,3783.49,4361.78,73,15,19,79,77271.37,77291.27,,
2026-08-24T17:19:25+08:00,btc-updown-5m-1787562900,https://polymarket.com/zh/event/btc-updown-5m-1787562900,17:15-17:20,90.00,12.00,89.00,11.00,27.86,20.00,60.00,65.00,89.50,11.50,1.00,1.00,5057.78,4753.49,4738.49,4442.78,88,10,11,87,77271.37,77289.67,,
2026-08-24T17:19:27+08:00,btc-updown-5m-1787562900,https://polymarket.com/zh/event/btc-updown-5m-1787562900,17:15-17:20,89.00,24.00,88.00,21.00,156.93,21.83,85.00,29.00,88.50,22.50,1.00,3.00,4432.78,4338.49,4663.49,4312.78,80,11,21,75,77271.37,77289.67,,
2026-08-24T17:19:29+08:00,btc-updown-5m-1787562900,https://polymarket.com/zh/event/btc-updown-5m-1787562900,17:15-17:20,82.00,21.00,81.00,20.00,5.50,60.00,31.78,100.00,81.50,20.50,1.00,1.00,4317.78,3741.33,3741.33,4707.78,78,17,19,78,77271.37,77280.85,,
2026-08-24T17:19:31+08:00,btc-updown-5m-1787562900,https://polymarket.com/zh/event/btc-updown-5m-1787562900,17:15-17:20,83.00,17.00,82.00,15.00,80.00,10.00,90.94,15.00,82.50,16.00,1.00,2.00,4212.78,3713.80,3718.80,4207.78,82,17,15,83,77271.37,77280.84,,
2026-08-24T17:19:33+08:00,btc-updown-5m-1787562900,https://polymarket.com/zh/event/btc-updown-5m-1787562900,17:15-17:20,89.00,12.00,88.00,11.00,42.11,75.00,75.00,21.92,88.50,11.50,1.00,1.00,3902.78,3123.80,3143.80,3912.79,87,11,11,88,77271.37,77280.85,,
2026-08-24T17:19:34+08:00,btc-updown-5m-1787562900,https://polymarket.com/zh/event/btc-updown-5m-1787562900,17:15-17:20,95.00,6.00,94.00,5.00,130.60,295.00,30.00,124.28,94.50,5.50,1.00,1.00,3898.78,2669.07,2640.75,3901.78,94,5,5,94,77271.37,77280.85,,
2026-08-24T17:19:36+08:00,btc-updown-5m-1787562900,https://polymarket.com/zh/event/btc-updown-5m-1787562900,17:15-17:20,95.00,7.00,94.00,5.00,10.00,148.00,10.00,3.78,94.50,6.00,1.00,2.00,4396.79,2336.81,2335.79,4396.78,94,5,5,93,77271.37,77285.84,,
2026-08-24T17:19:38+08:00,btc-updown-5m-1787562900,https://polymarket.com/zh/event/btc-updown-5m-1787562900,17:15-17:20,86.00,14.00,85.00,13.00,52.67,44.00,73.50,10.00,85.50,13.50,1.00,1.00,4411.78,2693.26,3857.97,3916.78,85,13,12,82,77271.37,77285.84,,
2026-08-24T17:19:40+08:00,btc-updown-5m-1787562900,https://polymarket.com/zh/event/btc-updown-5m-1787562900,17:15-17:20,90.00,16.00,87.00,8.00,12.00,60.00,7.46,99.10,88.50,12.00,3.00,8.00,2606.77,2593.12,2647.22,3516.77,86,9,5,84,77271.37,77276.52,,
2026-08-24T17:19:42+08:00,btc-updown-5m-1787562900,https://polymarket.com/zh/event/btc-updown-5m-1787562900,17:15-17:20,99.00,2.00,98.00,1.00,1656.82,52.37,52.37,1656.82,98.50,1.50,1.00,1.00,3501.77,1656.82,1656.82,3011.77,95,1,1,94,77271.37,77276.52,,
2026-08-24T17:19:44+08:00,btc-updown-5m-1787562900,https://polymarket.com/zh/event/btc-updown-5m-1787562900,17:15-17:20,96.00,7.00,95.00,6.00,108.95,48.00,35.00,290.00,95.50,6.50,1.00,1.00,3941.77,1883.72,2544.32,3436.77,95,4,6,82,77271.37,77276.52,,
2026-08-24T17:19:46+08:00,btc-updown-5m-1787562900,https://polymarket.com/zh/event/btc-updown-5m-1787562900,17:15-17:20,96.00,5.00,95.00,4.00,164.86,34.62,34.62,14.86,95.50,4.50,1.00,1.00,3416.77,2092.86,1792.86,3421.77,93,3,3,93,77271.37,77272.02,,
2026-08-24T17:19:47+08:00,btc-updown-5m-1787562900,https://polymarket.com/zh/event/btc-updown-5m-1787562900,17:15-17:20,,1.00,99.00,,,1631.90,1636.91,,,,,,3181.78,,,3166.77,99,0,0,99,77271.37,77272.03,,
2026-08-24T17:19:49+08:00,btc-updown-5m-1787562900,https://polymarket.com/zh/event/btc-updown-5m-1787562900,17:15-17:20,99.00,2.00,98.00,1.00,80.00,288.78,290.00,80.00,98.50,1.50,1.00,1.00,2650.76,80.00,80.00,3160.77,98,1,1,98,77271.37,77270.76,,
2026-08-24T17:19:51+08:00,btc-updown-5m-1787562900,https://polymarket.com/zh/event/btc-updown-5m-1787562900,17:15-17:20,,1.00,99.00,,,7674.11,7674.11,,,,,,3830.76,,,3910.76,99,0,0,99,77271.37,77283.18,,
2026-08-24T17:19:53+08:00,btc-updown-5m-1787562900,https://polymarket.com/zh/event/btc-updown-5m-1787562900,17:15-17:20,,1.00,99.00,,,14990.98,15495.99,,,,,,4260.77,,,3765.76,99,0,0,99,77271.37,77281.65,,
2026-08-24T17:19:55+08:00,btc-updown-5m-1787562900,https://polymarket.com/zh/event/btc-updown-5m-1787562900,17:15-17:20,,1.00,99.00,,,22232.88,22225.49,,,,,,4220.76,,,4235.77,99,0,0,99,77271.37,77285.25,,
2026-08-24T17:19:57+08:00,btc-updown-5m-1787562900,https://polymarket.com/zh/event/btc-updown-5m-1787562900,17:15-17:20,,1.00,99.00,,,20475.04,20425.04,,,,,,2400.76,,,2360.76,99,0,0,99,77271.37,77299.97,,
2026-08-24T17:19:59+08:00,btc-updown-5m-1787562900,https://polymarket.com/zh/event/btc-updown-5m-1787562900,17:15-17:20,,1.00,99.00,,,29931.42,29921.43,,,,,,2360.77,,,2350.76,99,0,0,99,77271.37,77299.97,,
2026-08-24T17:20:01+08:00,btc-updown-5m-1787563200,https://polymarket.com/zh/event/btc-updown-5m-1787563200,17:20-17:25,56.00,44.00,55.00,43.00,13.33,30.00,10.11,15.00,55.50,43.50,1.00,1.00,13907.38,13708.67,13708.67,13802.38,55,44,43,56,77294.62,77294.62,,
2026-08-24T17:20:03+08:00,btc-updown-5m-1787563200,https://polymarket.com/zh/event/btc-updown-5m-1787563200,17:20-17:25,58.00,43.00,57.00,42.00,3.34,502.05,497.05,3.34,57.50,42.50,1.00,1.00,16209.33,14880.63,14895.63,16324.34,57,42,42,57,77294.62,77294.63,,
2026-08-24T17:20:05+08:00,btc-updown-5m-1787563200,https://polymarket.com/zh/event/btc-updown-5m-1787563200,17:20-17:25,59.00,42.00,58.00,41.00,225.56,228.45,228.45,225.56,58.50,41.50,1.00,1.00,17209.33,15245.63,15340.63,17109.33,58,41,41,58,77294.62,77297.60,,
2026-08-24T17:20:06+08:00,btc-updown-5m-1787563200,https://polymarket.com/zh/event/btc-updown-5m-1787563200,17:20-17:25,47.00,54.00,46.00,53.00,17.82,441.03,551.08,17.82,46.50,53.50,1.00,1.00,18306.34,17320.69,17320.68,18286.34,46,53,53,46,77294.62,77276.44,,
2026-08-24T17:20:08+08:00,btc-updown-5m-1787563200,https://polymarket.com/zh/event/btc-updown-5m-1787563200,17:20-17:25,47.00,54.00,46.00,53.00,73.47,429.08,459.08,73.47,46.50,53.50,1.00,1.00,17651.34,15230.68,15330.68,17626.34,46,53,53,46,77294.62,77276.44,,
2026-08-24T17:20:10+08:00,btc-updown-5m-1787563200,https://polymarket.com/zh/event/btc-updown-5m-1787563200,17:20-17:25,39.00,62.00,38.00,61.00,510.50,18.98,18.98,456.93,38.50,61.50,1.00,1.00,15531.68,15138.45,15278.46,15711.68,38,61,61,38,77294.62,77276.43,,
2026-08-24T17:20:12+08:00,btc-updown-5m-1787563200,https://polymarket.com/zh/event/btc-updown-5m-1787563200,17:20-17:25,37.00,64.00,36.00,63.00,110.00,501.40,464.28,9.86,36.50,63.50,1.00,1.00,15641.68,16228.45,16148.45,15691.68,36,63,63,36,77294.62,77261.02,,
2026-08-24T17:20:14+08:00,btc-updown-5m-1787563200,https://polymarket.com/zh/event/btc-updown-5m-1787563200,17:20-17:25,38.00,63.00,37.00,62.00,15.60,351.37,173.33,25.60,37.50,62.50,1.00,1.00,15226.68,16518.45,16433.46,15311.68,37,62,62,37,77294.62,77261.02,,
2026-08-24T17:20:16+08:00,btc-updown-5m-1787563200,https://polymarket.com/zh/event/btc-updown-5m-1787563200,17:20-17:25,36.00,64.00,35.00,62.00,105.00,128.33,208.83,14.00,35.50,63.00,1.00,2.00,15736.97,16791.05,17272.05,16277.27,35,64,62,36,77294.62,77261.02,,
2026-08-24T17:20:18+08:00,btc-updown-5m-1787563200,https://polymarket.com/zh/event/btc-updown-5m-1787563200,17:20-17:25,38.00,63.00,37.00,62.00,298.03,151.54,153.13,295.13,37.50,62.50,1.00,1.00,16254.67,17391.43,17246.43,16029.67,37,62,62,37,77294.62,77261.02,,
2026-08-24T17:20:20+08:00,btc-updown-5m-1787563200,https://polymarket.com/zh/event/btc-updown-5m-1787563200,17:20-17:25,38.00,63.00,37.00,62.00,130.01,78.41,83.41,110.00,37.50,62.50,1.00,1.00,15699.67,16891.43,16996.43,15684.67,37,62,62,37,77294.62,77263.76,,
2026-08-24T17:20:22+08:00,btc-updown-5m-1787563200,https://polymarket.com/zh/event/btc-updown-5m-1787563200,17:20-17:25,41.00,60.00,40.00,59.00,348.60,87.33,87.33,479.35,40.50,59.50,1.00,1.00,14354.67,15681.43,15581.43,14334.67,40,59,59,40,77294.62,77263.76,,
2026-08-24T17:20:23+08:00,btc-updown-5m-1787563200,https://polymarket.com/zh/event/btc-updown-5m-1787563200,17:20-17:25,40.00,61.00,39.00,60.00,333.33,133.16,128.16,333.33,39.50,60.50,1.00,1.00,14094.67,15276.43,15376.43,14114.67,39,60,60,39,77294.62,77263.76,,
2026-08-24T17:20:25+08:00,btc-updown-5m-1787563200,https://polymarket.com/zh/event/btc-updown-5m-1787563200,17:20-17:25,43.00,58.00,42.00,57.00,421.34,53.26,53.26,436.34,42.50,57.50,1.00,1.00,13864.67,14986.43,14966.43,13864.67,42,57,57,42,77294.62,77267.49,,
2026-08-24T17:20:27+08:00,btc-updown-5m-1787563200,https://polymarket.com/zh/event/btc-updown-5m-1787563200,17:20-17:25,40.00,61.00,39.00,60.00,87.95,337.70,250.98,30.00,39.50,60.50,1.00,1.00,13624.67,14896.44,14891.43,13614.67,39,60,60,39,77294.62,77261.02,,
2026-08-24T17:20:29+08:00,btc-updown-5m-1787563200,https://polymarket.com/zh/event/btc-updown-5m-1787563200,17:20-17:25,40.00,61.00,39.00,60.00,55.00,305.10,311.64,60.00,39.50,60.50,1.00,1.00,13639.67,14796.43,14646.44,13389.67,39,60,60,39,77294.62,77261.02,,
2026-08-24T17:20:31+08:00,btc-updown-5m-1787563200,https://polymarket.com/zh/event/btc-updown-5m-1787563200,17:20-17:25,49.00,50.00,43.00,49.00,28.59,5.00,128.06,50.42,46.00,49.50,6.00,1.00,13074.67,14243.43,13018.43,13024.67,42,51,49,49,77294.62,77261.02,,
2026-08-24T17:20:33+08:00,btc-updown-5m-1787563200,https://polymarket.com/zh/event/btc-updown-5m-1787563200,17:20-17:25,51.00,50.00,50.00,49.00,201.81,40.00,120.00,201.81,50.50,49.50,1.00,1.00,12899.67,13003.43,12983.43,12994.67,50,49,49,50,77294.62,77279.31,,
2026-08-24T17:20:35+08:00,btc-updown-5m-1787563200,https://polymarket.com/zh/event/btc-updown-5m-1787563200,17:20-17:25,58.00,43.00,57.00,42.00,113.15,177.03,164.36,123.15,57.50,42.50,1.00,1.00,12572.71,12698.43,12718.43,12577.71,57,42,42,57,77294.62,77289.66,,
2026-08-24T17:20:37+08:00,btc-updown-5m-1787563200,https://polymarket.com/zh/event/btc-updown-5m-1787563200,17:20-17:25,55.00,46.00,54.00,45.00,226.23,285.31,300.31,208.23,54.50,45.50,1.00,1.00,13767.71,12848.43,12848.43,13662.71,54,45,45,54,77294.62,77296.29,,
2026-08-24T17:20:39+08:00,btc-updown-5m-1787563200,https://polymarket.com/zh/event/btc-updown-5m-1787563200,17:20-17:25,59.00,41.00,58.00,40.00,80.00,152.68,337.33,69.86,58.50,40.50,1.00,1.00,14634.68,12588.43,12583.43,14754.67,58,41,40,59,77294.62,77292.41,,
2026-08-24T17:20:41+08:00,btc-updown-5m-1787563200,https://polymarket.com/zh/event/btc-updown-5m-1787563200,17:20-17:25,60.00,41.00,59.00,40.00,106.20,454.68,444.68,61.20,59.50,40.50,1.00,1.00,14777.71,12593.43,12593.43,14677.72,59,40,40,59,77294.62,77299.98,,
2026-08-24T17:20:42+08:00,btc-updown-5m-1787563200,https://polymarket.com/zh/event/btc-updown-5m-1787563200,17:20-17:25,64.00,37.00,63.00,36.00,508.29,19.00,10.00,530.06,63.50,36.50,1.00,1.00,13794.71,13448.43,13433.43,13584.71,63,36,36,63,77294.62,77308.84,,
2026-08-24T17:20:44+08:00,btc-updown-5m-1787563200,https://polymarket.com/zh/event/btc-updown-5m-1787563200,17:20-17:25,62.00,39.00,61.00,38.00,518.80,13.82,13.82,538.80,61.50,38.50,1.00,1.00,13639.71,15133.43,15113.43,13744.71,61,38,38,61,77294.62,77304.86,,
2026-08-24T17:20:46+08:00,btc-updown-5m-1787563200,https://polymarket.com/zh/event/btc-updown-5m-1787563200,17:20-17:25,61.00,40.00,60.00,39.00,78.33,158.33,123.33,78.33,60.50,39.50,1.00,1.00,13614.71,15133.43,15143.43,13714.71,60,39,39,60,77294.62,77304.85,,
2026-08-24T17:20:48+08:00,btc-updown-5m-1787563200,https://polymarket.com/zh/event/btc-updown-5m-1787563200,17:20-17:25,60.00,41.00,59.00,40.00,105.00,118.02,146.74,110.00,59.50,40.50,1.00,1.00,13714.71,15158.43,15148.43,13624.71,59,40,40,59,77294.62,77304.86,,
2026-08-24T17:20:50+08:00,btc-updown-5m-1787563200,https://polymarket.com/zh/event/btc-updown-5m-1787563200,17:20-17:25,59.00,42.00,58.00,41.00,173.30,901.94,1124.44,173.30,58.50,41.50,1.00,1.00,13719.71,13623.43,13623.43,13624.71,58,41,41,58,77294.62,77304.85,,
2026-08-24T17:20:52+08:00,btc-updown-5m-1787563200,https://polymarket.com/zh/event/btc-updown-5m-1787563200,17:20-17:25,60.00,41.00,59.00,40.00,101.54,365.28,365.28,101.54,59.50,40.50,1.00,1.00,13744.71,13623.43,13623.43,13834.71,59,40,40,59,77294.62,77304.86,,
2026-08-24T17:20:54+08:00,btc-updown-5m-1787563200,https://polymarket.com/zh/event/btc-updown-5m-1787563200,17:20-17:25,62.00,39.00,61.00,38.00,109.51,647.69,524.10,109.51,61.50,38.50,1.00,1.00,13504.71,13348.43,13353.43,13389.71,61,38,38,61,77294.62,77304.86,,
2026-08-24T17:20:55+08:00,btc-updown-5m-1787563200,https://polymarket.com/zh/event/btc-updown-5m-1787563200,17:20-17:25,75.00,26.00,73.00,25.00,2016.52,9.00,328.00,1882.82,74.00,25.50,2.00,1.00,13706.29,12445.76,13904.09,13411.29,72,25,25,74,77294.62,77304.86,,
2026-08-24T17:20:57+08:00,btc-updown-5m-1787563200,https://polymarket.com/zh/event/btc-updown-5m-1787563200,17:20-17:25,75.00,26.00,74.00,25.00,1244.96,262.13,398.33,1206.96,74.50,25.50,1.00,1.00,13161.29,14609.42,14614.42,13241.28,74,25,25,74,77294.62,77336.11,,
2026-08-24T17:20:59+08:00,btc-updown-5m-1787563200,https://polymarket.com/zh/event/btc-updown-5m-1787563200,17:20-17:25,75.00,26.00,74.00,25.00,905.13,118.22,133.22,895.13,74.50,25.50,1.00,1.00,13531.28,13649.42,13409.42,13176.29,74,25,25,74,77294.62,77339.31,,
2026-08-24T17:21:01+08:00,btc-updown-5m-1787563200,https://polymarket.com/zh/event/btc-updown-5m-1787563200,17:20-17:25,74.00,27.00,73.00,26.00,96.33,549.82,529.31,146.33,73.50,26.50,1.00,1.00,15626.28,11709.42,10287.76,15536.28,73,26,26,73,77294.62,77339.30,,
2026-08-24T17:21:03+08:00,btc-updown-5m-1787563200,https://polymarket.com/zh/event/btc-updown-5m-1787563200,17:20-17:25,71.00,30.00,70.00,29.00,204.25,137.25,175.25,324.07,70.50,29.50,1.00,1.00,15553.29,11654.42,11593.42,14933.28,70,29,29,70,77294.62,77324.95,,
2026-08-24T17:21:05+08:00,btc-updown-5m-1787563200,https://polymarket.com/zh/event/btc-updown-5m-1787563200,17:20-17:25,71.00,30.00,70.00,29.00,328.11,60.75,55.75,18.56,70.50,29.50,1.00,1.00,14938.28,12289.42,12294.42,15553.28,70,29,29,70,77294.62,77324.94,,
2026-08-24T17:21:07+08:00,btc-updown-5m-1787563200,https://polymarket.com/zh/event/btc-updown-5m-1787563200,17:20-17:25,71.00,30.00,70.00,29.00,101.23,155.66,159.00,106.23,70.50,29.50,1.00,1.00,14790.28,9000.43,10145.43,14685.28,70,29,29,70,77294.62,77320.20,,
2026-08-24T17:21:08+08:00,btc-updown-5m-1787563200,https://polymarket.com/zh/event/btc-updown-5m-1787563200,17:20-17:25,72.00,29.00,71.00,28.00,538.88,78.10,81.55,536.29,71.50,28.50,1.00,1.00,14673.29,9735.43,9740.43,14573.28,71,28,28,71,77294.62,77316.23,,
2026-08-24T17:21:10+08:00,btc-updown-5m-1787563200,https://polymarket.com/zh/event/btc-updown-5m-1787563200,17:20-17:25,64.00,37.00,63.00,36.00,219.57,202.00,168.00,206.24,63.50,36.50,1.00,1.00,14663.28,9915.43,9880.43,14523.28,63,36,36,63,77294.62,77316.23,,
2026-08-24T17:21:12+08:00,btc-updown-5m-1787563200,https://polymarket.com/zh/event/btc-updown-5m-1787563200,17:20-17:25,67.00,34.00,66.00,33.00,319.42,250.00,265.00,319.42,66.50,33.50,1.00,1.00,14658.28,9772.03,9762.03,14063.28,66,33,33,66,77294.62,77311.04,,
2026-08-24T17:21:14+08:00,btc-updown-5m-1787563200,https://polymarket.com/zh/event/btc-updown-5m-1787563200,17:20-17:25,67.00,34.00,66.00,33.00,284.00,138.48,138.48,284.00,66.50,33.50,1.00,1.00,14563.28,9762.03,9772.03,14173.28,66,33,33,66,77294.62,77311.04,,
2026-08-24T17:21:16+08:00,btc-updown-5m-1787563200,https://polymarket.com/zh/event/btc-updown-5m-1787563200,17:20-17:25,67.00,34.00,66.00,33.00,169.00,218.44,218.44,169.00,66.50,33.50,1.00,1.00,14163.28,9883.03,9888.03,14063.28,66,33,33,66,77294.62,77311.04,,
2026-08-24T17:21:18+08:00,btc-updown-5m-1787563200,https://polymarket.com/zh/event/btc-updown-5m-1787563200,17:20-17:25,69.00,32.00,68.00,31.00,371.81,167.52,167.52,371.81,68.50,31.50,1.00,1.00,14168.29,9727.03,9717.03,14068.28,68,31,31,68,77294.62,77312.00,,
2026-08-24T17:21:20+08:00,btc-updown-5m-1787563200,https://polymarket.com/zh/event/btc-updown-5m-1787563200,17:20-17:25,69.00,32.00,68.00,31.00,256.76,13.23,7.00,285.76,68.50,31.50,1.00,1.00,14173.28,9983.03,9983.03,14063.28,68,31,31,68,77294.62,77312.00,,
2026-08-24T17:21:22+08:00,btc-updown-5m-1787563200,https://polymarket.com/zh/event/btc-updown-5m-1787563200,17:20-17:25,70.00,31.00,69.00,30.00,40.45,610.36,687.16,40.45,69.50,30.50,1.00,1.00,14173.28,9842.03,9842.03,14063.28,69,30,30,69,77294.62,77314.58,,
2026-08-24T17:21:23+08:00,btc-updown-5m-1787563200,https://polymarket.com/zh/event/btc-updown-5m-1787563200,17:20-17:25,70.00,31.00,69.00,30.00,40.45,610.36,610.36,40.45,69.50,30.50,1.00,1.00,14063.28,9842.03,9842.03,14063.28,69,30,30,69,77294.62,77314.58,,
2026-08-24T17:21:25+08:00,btc-updown-5m-1787563200,https://polymarket.com/zh/event/btc-updown-5m-1787563200,17:20-17:25,70.00,31.00,69.00,30.00,40.45,610.36,610.36,40.45,69.50,30.50,1.00,1.00,14063.28,9842.03,9842.03,14063.28,69,30,30,69,77294.62,77314.58,,
2026-08-24T17:21:27+08:00,btc-updown-5m-1787563200,https://polymarket.com/zh/event/btc-updown-5m-1787563200,17:20-17:25,73.00,28.00,72.00,27.00,228.74,493.09,501.89,228.74,72.50,27.50,1.00,1.00,14578.28,9717.03,9717.03,14688.29,72,27,27,72,77294.62,77316.23,,
2026-08-24T17:21:29+08:00,btc-updown-5m-1787563200,https://polymarket.com/zh/event/btc-updown-5m-1787563200,17:20-17:25,71.00,30.00,70.00,29.00,507.39,170.46,83.46,507.39,70.50,29.50,1.00,1.00,14645.24,8882.03,8887.03,14050.24,70,29,29,70,77294.62,77316.23,,
2026-08-24T17:21:31+08:00,btc-updown-5m-1787563200,https://polymarket.com/zh/event/btc-updown-5m-1787563200,17:20-17:25,68.00,33.00,67.00,32.00,351.33,80.00,80.00,653.93,67.50,32.50,1.00,1.00,13338.24,9105.03,9090.03,13228.24,66,32,32,67,77294.62,77316.23,,
