ts_iso,slug,market_url,window_text,buy_up_cents,buy_down_cents,sell_up_cents,sell_down_cents,buy_up_size,buy_down_size,sell_up_size,sell_down_size,mid_up_cents,mid_down_cents,spread_up_cents,spread_down_cents,bid_depth_up_5,ask_depth_up_5,bid_depth_down_5,ask_depth_down_5,level_count_bid_up,level_count_ask_up,level_count_bid_down,level_count_ask_down,target_price,final_price,trade_count_1s,trade_volume_1s
2026-08-24T09:50:20+08:00,btc-updown-5m-1787536200,https://polymarket.com/zh/event/btc-updown-5m-1787536200,09:50-09:55,43.00,55.00,42.00,54.00,582.16,263.33,54.27,0.42,42.50,54.50,1.00,1.00,14124.82,15181.29,14586.30,13244.82,42,57,54,45,,77191.82,,
2026-08-24T09:50:22+08:00,btc-updown-5m-1787536200,https://polymarket.com/zh/event/btc-updown-5m-1787536200,09:50-09:55,46.00,55.00,45.00,54.00,686.46,23.99,79.90,729.91,45.50,54.50,1.00,1.00,13250.82,13821.29,13716.29,13215.82,45,54,54,45,,77198.38,,
2026-08-24T09:50:25+08:00,btc-updown-5m-1787536200,https://polymarket.com/zh/event/btc-updown-5m-1787536200,09:50-09:55,62.00,39.00,52.00,38.00,41.06,30.00,64.02,92.00,57.00,38.50,10.00,1.00,12830.82,13571.30,13446.29,12998.56,52,38,38,61,,77209.67,,
2026-08-24T09:50:27+08:00,btc-updown-5m-1787536200,https://polymarket.com/zh/event/btc-updown-5m-1787536200,09:50-09:55,59.00,40.00,58.00,39.00,93.27,17.60,77.60,84.00,58.50,39.50,1.00,1.00,13838.56,12251.29,12126.29,13678.57,58,41,39,60,,77230.88,,
2026-08-24T09:50:29+08:00,btc-updown-5m-1787536200,https://polymarket.com/zh/event/btc-updown-5m-1787536200,09:50-09:55,61.00,40.00,60.00,39.00,160.97,77.60,79.60,169.41,60.50,39.50,1.00,1.00,13683.57,11930.20,11615.20,13348.57,60,39,39,60,,77230.88,,
2026-08-24T09:50:32+08:00,btc-updown-5m-1787536200,https://polymarket.com/zh/event/btc-updown-5m-1787536200,09:50-09:55,60.00,41.00,59.00,40.00,88.22,243.89,243.89,82.97,59.50,40.50,1.00,1.00,12903.56,11217.20,11237.20,12903.56,59,40,40,59,,77232.27,,
2026-08-24T09:50:34+08:00,btc-updown-5m-1787536200,https://polymarket.com/zh/event/btc-updown-5m-1787536200,09:50-09:55,50.00,51.00,49.00,50.00,160.00,172.00,296.00,165.00,49.50,50.50,1.00,1.00,12485.82,10997.20,11097.20,12475.82,49,50,50,49,,77217.49,,
2026-08-24T09:50:36+08:00,btc-updown-5m-1787536200,https://polymarket.com/zh/event/btc-updown-5m-1787536200,09:50-09:55,48.00,53.00,47.00,52.00,137.00,374.00,394.00,177.00,47.50,52.50,1.00,1.00,11395.82,12158.20,12153.20,11470.82,47,52,52,47,,77211.31,,
2026-08-24T09:50:39+08:00,btc-updown-5m-1787536200,https://polymarket.com/zh/event/btc-updown-5m-1787536200,09:50-09:55,61.00,38.00,60.00,37.00,181.42,447.60,53.60,39.00,60.50,37.50,1.00,1.00,11418.56,12273.20,12428.20,11613.56,60,39,37,62,,77228.94,,
2026-08-24T09:50:41+08:00,btc-updown-5m-1787536200,https://polymarket.com/zh/event/btc-updown-5m-1787536200,09:50-09:55,63.00,38.00,62.00,37.00,135.48,92.80,78.07,75.48,62.50,37.50,1.00,1.00,12513.32,11500.90,11500.90,12428.32,62,37,37,62,,77236.58,,
2026-08-24T09:50:43+08:00,btc-updown-5m-1787536200,https://polymarket.com/zh/event/btc-updown-5m-1787536200,09:50-09:55,64.00,37.00,63.00,36.00,526.32,50.62,30.62,516.32,63.50,36.50,1.00,1.00,12628.44,11516.32,11521.32,12638.44,63,36,36,63,,77236.58,,
2026-08-24T09:50:46+08:00,btc-updown-5m-1787536200,https://polymarket.com/zh/event/btc-updown-5m-1787536200,09:50-09:55,66.00,35.00,65.00,34.00,110.75,246.94,57.46,45.42,65.50,34.50,1.00,1.00,12623.44,11446.32,11457.32,12713.44,65,34,34,65,,77240.40,,
2026-08-24T09:50:48+08:00,btc-updown-5m-1787536200,https://polymarket.com/zh/event/btc-updown-5m-1787536200,09:50-09:55,66.00,33.00,65.00,32.00,10.00,13.33,593.80,260.00,65.50,32.50,1.00,1.00,12638.44,11467.32,11422.32,12663.44,65,34,32,67,,77248.92,,
2026-08-24T09:50:51+08:00,btc-updown-5m-1787536200,https://polymarket.com/zh/event/btc-updown-5m-1787536200,09:50-09:55,56.00,47.00,55.00,46.00,60.33,538.00,12.79,45.00,55.50,46.50,1.00,1.00,12805.70,11427.32,11572.32,12845.71,54,44,46,53,,77225.13,,
2026-08-24T09:50:53+08:00,btc-updown-5m-1787536200,https://polymarket.com/zh/event/btc-updown-5m-1787536200,09:50-09:55,58.00,43.00,57.00,42.00,62.54,14.00,344.33,124.20,57.50,42.50,1.00,1.00,12254.70,11572.32,11577.32,12229.70,57,42,42,57,,77222.56,,
2026-08-24T09:50:55+08:00,btc-updown-5m-1787536200,https://polymarket.com/zh/event/btc-updown-5m-1787536200,09:50-09:55,58.00,43.00,57.00,42.00,283.27,35.00,67.00,452.66,57.50,42.50,1.00,1.00,11994.70,10771.21,10771.21,12054.70,57,42,42,57,,77222.33,,
2026-08-24T09:50:58+08:00,btc-updown-5m-1787536200,https://polymarket.com/zh/event/btc-updown-5m-1787536200,09:50-09:55,58.00,43.00,57.00,42.00,126.24,128.50,128.50,122.79,57.50,42.50,1.00,1.00,11654.70,10530.21,10530.21,11544.70,57,42,42,57,,77222.33,,
2026-08-24T09:51:00+08:00,btc-updown-5m-1787536200,https://polymarket.com/zh/event/btc-updown-5m-1787536200,09:50-09:55,62.00,39.00,61.00,38.00,307.00,30.00,35.00,252.96,61.50,38.50,1.00,1.00,15404.70,14185.21,13920.21,15164.70,61,38,38,61,,77232.76,,
2026-08-24T09:51:02+08:00,btc-updown-5m-1787536200,https://polymarket.com/zh/event/btc-updown-5m-1787536200,09:50-09:55,65.00,35.00,64.00,34.00,14.00,130.80,424.45,343.22,64.50,34.50,1.00,1.00,15648.44,13927.20,13637.20,15323.44,64,35,34,65,,77242.64,,
2026-08-24T09:51:05+08:00,btc-updown-5m-1787536200,https://polymarket.com/zh/event/btc-updown-5m-1787536200,09:50-09:55,65.00,36.00,64.00,35.00,338.67,35.42,24.20,338.67,64.50,35.50,1.00,1.00,15303.44,13758.20,13798.20,15360.70,64,35,35,64,,77244.12,,
2026-08-24T09:51:07+08:00,btc-updown-5m-1787536200,https://polymarket.com/zh/event/btc-updown-5m-1787536200,09:50-09:55,26.00,83.00,22.00,75.00,244.00,48.00,63.77,55.43,24.00,79.00,4.00,8.00,11473.03,13280.21,13048.21,10942.69,22,62,73,17,,77197.41,,
2026-08-24T09:51:09+08:00,btc-updown-5m-1787536200,https://polymarket.com/zh/event/btc-updown-5m-1787536200,09:50-09:55,19.00,82.00,18.00,81.00,128.01,239.25,13.33,50.26,18.50,81.50,1.00,1.00,8045.23,12773.20,12773.21,8145.23,18,81,81,18,,77135.55,,
2026-08-24T09:51:11+08:00,btc-updown-5m-1787536200,https://polymarket.com/zh/event/btc-updown-5m-1787536200,09:50-09:55,16.00,85.00,15.00,84.00,125.73,503.06,78.72,66.40,15.50,84.50,1.00,1.00,9119.23,12877.20,12797.20,9119.23,15,84,84,15,,77103.01,,
2026-08-24T09:51:14+08:00,btc-updown-5m-1787536200,https://polymarket.com/zh/event/btc-updown-5m-1787536200,09:50-09:55,18.00,83.00,17.00,82.00,189.13,314.98,289.98,163.13,17.50,82.50,1.00,1.00,9028.23,13002.20,13086.20,9118.23,17,82,82,17,,77118.16,,
2026-08-24T09:51:16+08:00,btc-updown-5m-1787536200,https://polymarket.com/zh/event/btc-updown-5m-1787536200,09:50-09:55,19.00,81.00,18.00,80.00,224.35,23.33,36.37,159.31,18.50,80.50,1.00,1.00,9013.23,12986.20,13001.20,9013.23,18,81,80,19,,77118.17,,
2026-08-24T09:51:18+08:00,btc-updown-5m-1787536200,https://polymarket.com/zh/event/btc-updown-5m-1787536200,09:50-09:55,20.00,81.00,19.00,80.00,191.83,24.46,25.70,181.83,19.50,80.50,1.00,1.00,8913.23,13196.20,13006.20,8913.23,19,80,80,19,,77118.17,,
2026-08-24T09:51:21+08:00,btc-updown-5m-1787536200,https://polymarket.com/zh/event/btc-updown-5m-1787536200,09:50-09:55,18.00,83.00,17.00,82.00,81.00,1193.76,1172.54,76.00,17.50,82.50,1.00,1.00,11028.22,13106.20,12996.20,11023.22,17,82,82,17,,77118.17,,
2026-08-24T09:51:23+08:00,btc-updown-5m-1787536200,https://polymarket.com/zh/event/btc-updown-5m-1787536200,09:50-09:55,16.00,85.00,15.00,84.00,58.35,10.00,125.66,76.35,15.50,84.50,1.00,1.00,10837.22,12996.20,13091.20,10717.22,15,84,84,15,,77114.78,,
2026-08-24T09:51:26+08:00,btc-updown-5m-1787536200,https://polymarket.com/zh/event/btc-updown-5m-1787536200,09:50-09:55,16.00,86.00,15.00,85.00,280.96,696.21,60.00,116.33,15.50,85.50,1.00,1.00,10813.22,13001.20,13096.20,10713.22,15,84,85,14,,77110.53,,
2026-08-24T09:51:28+08:00,btc-updown-5m-1787536200,https://polymarket.com/zh/event/btc-updown-5m-1787536200,09:50-09:55,17.00,83.00,16.00,82.00,12.60,256.09,100.33,162.47,16.50,82.50,1.00,1.00,11037.22,12987.20,13101.20,11052.22,16,83,82,17,,77109.04,,
2026-08-24T09:51:30+08:00,btc-updown-5m-1787536200,https://polymarket.com/zh/event/btc-updown-5m-1787536200,09:50-09:55,18.00,83.00,17.00,82.00,118.13,471.38,75.00,113.00,17.50,82.50,1.00,1.00,11103.22,13101.20,13030.78,11253.22,17,82,82,17,,77121.98,,
2026-08-24T09:51:33+08:00,btc-updown-5m-1787536200,https://polymarket.com/zh/event/btc-updown-5m-1787536200,09:50-09:55,15.00,86.00,14.00,85.00,129.71,135.02,216.02,132.61,14.50,85.50,1.00,1.00,8226.24,12419.86,12419.86,8310.24,14,85,85,14,,77114.35,,
2026-08-24T09:51:35+08:00,btc-updown-5m-1787536200,https://polymarket.com/zh/event/btc-updown-5m-1787536200,09:50-09:55,15.00,86.00,14.00,85.00,234.65,137.21,149.88,218.05,14.50,85.50,1.00,1.00,8315.42,12325.86,12419.86,8282.42,14,85,85,14,,77109.84,,
2026-08-24T09:51:37+08:00,btc-updown-5m-1787536200,https://polymarket.com/zh/event/btc-updown-5m-1787536200,09:50-09:55,13.00,88.00,12.00,87.00,162.91,652.47,303.87,28.26,12.50,87.50,1.00,1.00,9683.08,12309.87,12415.87,9688.08,12,87,87,12,,77109.74,,
2026-08-24T09:51:40+08:00,btc-updown-5m-1787536200,https://polymarket.com/zh/event/btc-updown-5m-1787536200,09:50-09:55,15.00,87.00,14.00,86.00,250.54,201.60,59.00,193.30,14.50,86.50,1.00,1.00,8377.23,12294.86,12289.86,8287.23,14,85,86,13,,77108.78,,
2026-08-24T09:51:42+08:00,btc-updown-5m-1787536200,https://polymarket.com/zh/event/btc-updown-5m-1787536200,09:50-09:55,15.00,86.00,14.00,85.00,49.71,3.86,8.86,58.46,14.50,85.50,1.00,1.00,8277.23,12289.86,12289.86,8277.23,14,85,85,14,,77106.72,,
2026-08-24T09:51:44+08:00,btc-updown-5m-1787536200,https://polymarket.com/zh/event/btc-updown-5m-1787536200,09:50-09:55,14.00,87.00,13.00,86.00,248.01,89.62,112.60,211.33,13.50,86.50,1.00,1.00,9604.95,12304.86,12404.86,9593.42,13,86,86,13,,77110.42,,
2026-08-24T09:51:47+08:00,btc-updown-5m-1787536200,https://polymarket.com/zh/event/btc-updown-5m-1787536200,09:50-09:55,14.00,87.00,13.00,86.00,350.75,82.52,77.52,350.75,13.50,86.50,1.00,1.00,9646.48,12389.86,12289.86,9646.48,13,86,86,13,,77103.71,,
2026-08-24T09:51:49+08:00,btc-updown-5m-1787536200,https://polymarket.com/zh/event/btc-updown-5m-1787536200,09:50-09:55,12.00,89.00,11.00,88.00,63.34,646.60,636.60,63.34,11.50,88.50,1.00,1.00,7644.23,12314.86,12414.86,7639.23,11,88,88,11,,77100.58,,
2026-08-24T09:51:51+08:00,btc-updown-5m-1787536200,https://polymarket.com/zh/event/btc-updown-5m-1787536200,09:50-09:55,13.00,88.00,12.00,87.00,22.29,243.89,225.06,29.61,12.50,87.50,1.00,1.00,7839.23,12489.86,12284.86,7839.23,12,87,87,12,,77106.13,,
2026-08-24T09:51:54+08:00,btc-updown-5m-1787536200,https://polymarket.com/zh/event/btc-updown-5m-1787536200,09:50-09:55,13.00,88.00,12.00,87.00,246.72,123.19,129.19,254.31,12.50,87.50,1.00,1.00,9739.22,12314.86,12315.86,9728.22,12,87,87,12,,77106.13,,
2026-08-24T09:51:56+08:00,btc-updown-5m-1787536200,https://polymarket.com/zh/event/btc-updown-5m-1787536200,09:50-09:55,11.00,90.00,10.00,89.00,41.63,323.89,323.89,41.63,10.50,89.50,1.00,1.00,7997.63,12318.23,12423.23,7990.03,10,89,89,10,,77100.02,,
2026-08-24T09:51:58+08:00,btc-updown-5m-1787536200,https://polymarket.com/zh/event/btc-updown-5m-1787536200,09:50-09:55,13.00,89.00,12.00,88.00,309.36,270.48,34.88,65.00,12.50,88.50,1.00,1.00,9652.68,11983.23,12003.23,9657.68,12,87,88,11,,77108.83,,
2026-08-24T09:52:01+08:00,btc-updown-5m-1787536200,https://polymarket.com/zh/event/btc-updown-5m-1787536200,09:50-09:55,12.00,89.00,11.00,88.00,114.50,261.23,282.23,174.50,11.50,88.50,1.00,1.00,9763.68,12100.23,12005.23,9613.68,11,88,88,11,,77106.80,,
2026-08-24T09:52:03+08:00,btc-updown-5m-1787536200,https://polymarket.com/zh/event/btc-updown-5m-1787536200,09:50-09:55,15.00,81.00,14.00,80.00,63.33,30.00,234.55,6.00,14.50,80.50,1.00,1.00,10045.68,11869.23,11980.23,9686.68,14,85,80,19,,77124.47,,
2026-08-24T09:52:05+08:00,btc-updown-5m-1787536200,https://polymarket.com/zh/event/btc-updown-5m-1787536200,09:50-09:55,24.00,78.00,23.00,77.00,405.50,166.97,8.95,25.00,23.50,77.50,1.00,1.00,10214.68,11789.23,11694.23,10225.68,23,76,77,22,,77149.53,,
2026-08-24T09:52:08+08:00,btc-updown-5m-1787536200,https://polymarket.com/zh/event/btc-updown-5m-1787536200,09:50-09:55,25.00,76.00,24.00,75.00,384.98,147.87,139.19,400.98,24.50,75.50,1.00,1.00,9306.35,11854.23,11759.23,10154.68,24,75,75,24,,77152.54,,
2026-08-24T09:52:10+08:00,btc-updown-5m-1787536200,https://polymarket.com/zh/event/btc-updown-5m-1787536200,09:50-09:55,24.00,77.00,23.00,76.00,187.00,294.70,449.32,187.00,23.50,76.50,1.00,1.00,10032.68,11785.23,11775.23,9597.68,23,76,76,23,,77156.36,,
2026-08-24T09:52:13+08:00,btc-updown-5m-1787536200,https://polymarket.com/zh/event/btc-updown-5m-1787536200,09:50-09:55,22.00,79.00,21.00,78.00,570.21,145.00,140.00,570.21,21.50,78.50,1.00,1.00,10038.58,11780.24,11770.23,10043.58,21,78,78,21,,77155.63,,
2026-08-24T09:52:15+08:00,btc-updown-5m-1787536200,https://polymarket.com/zh/event/btc-updown-5m-1787536200,09:50-09:55,23.00,78.00,22.00,77.00,71.30,426.88,442.08,71.30,22.50,77.50,1.00,1.00,10113.34,11834.23,11829.23,10113.34,22,77,77,22,,77162.90,,
2026-08-24T09:52:17+08:00,btc-updown-5m-1787536200,https://polymarket.com/zh/event/btc-updown-5m-1787536200,09:50-09:55,26.00,75.00,25.00,74.00,340.00,166.91,166.91,340.00,25.50,74.50,1.00,1.00,9361.58,11775.23,11855.23,9366.58,25,74,74,25,,77163.99,,
2026-08-24T09:52:20+08:00,btc-updown-5m-1787536200,https://polymarket.com/zh/event/btc-updown-5m-1787536200,09:50-09:55,26.00,75.00,25.00,74.00,329.93,122.70,143.70,294.14,25.50,74.50,1.00,1.00,9356.58,11760.23,11759.23,9366.58,25,74,74,25,,77167.82,,
2026-08-24T09:52:22+08:00,btc-updown-5m-1787536200,https://polymarket.com/zh/event/btc-updown-5m-1787536200,09:50-09:55,31.00,70.00,30.00,69.00,299.70,105.92,129.92,333.77,30.50,69.50,1.00,1.00,9788.58,12375.23,12274.23,9793.58,30,69,69,30,,77171.64,,
2026-08-24T09:52:24+08:00,btc-updown-5m-1787536200,https://polymarket.com/zh/event/btc-updown-5m-1787536200,09:50-09:55,29.00,72.00,28.00,71.00,198.00,351.58,406.58,198.00,28.50,71.50,1.00,1.00,9723.58,11860.23,11749.23,9728.58,28,71,71,28,,77175.46,,
2026-08-24T09:52:27+08:00,btc-updown-5m-1787536200,https://polymarket.com/zh/event/btc-updown-5m-1787536200,09:50-09:55,29.00,72.00,28.00,71.00,97.00,405.92,410.92,10.00,28.50,71.50,1.00,1.00,9644.58,11759.23,11764.23,9639.58,28,71,71,28,,77177.59,,
2026-08-24T09:52:29+08:00,btc-updown-5m-1787536200,https://polymarket.com/zh/event/btc-updown-5m-1787536200,09:50-09:55,30.00,71.00,29.00,70.00,10.00,650.15,658.56,102.00,29.50,70.50,1.00,1.00,9644.58,11749.23,11754.23,9639.58,29,70,70,29,,77179.27,,
2026-08-24T09:52:31+08:00,btc-updown-5m-1787536200,https://polymarket.com/zh/event/btc-updown-5m-1787536200,09:50-09:55,30.00,71.00,29.00,70.00,386.93,60.19,51.50,368.84,29.50,70.50,1.00,1.00,9804.58,11784.23,11795.23,9799.58,29,70,70,29,,77180.53,,
2026-08-24T09:52:34+08:00,btc-updown-5m-1787536200,https://polymarket.com/zh/event/btc-updown-5m-1787536200,09:50-09:55,30.00,71.00,29.00,70.00,357.55,46.44,41.44,357.55,29.50,70.50,1.00,1.00,9622.58,11869.23,11749.23,9627.58,29,70,70,29,,77180.52,,
2026-08-24T09:52:36+08:00,btc-updown-5m-1787536200,https://polymarket.com/zh/event/btc-updown-5m-1787536200,09:50-09:55,29.00,73.00,28.00,72.00,521.68,351.85,35.47,237.68,28.50,72.50,1.00,1.00,9277.58,11765.24,11864.23,9322.58,28,71,72,27,,77180.53,,
2026-08-24T09:52:38+08:00,btc-updown-5m-1787536200,https://polymarket.com/zh/event/btc-updown-5m-1787536200,09:50-09:55,28.00,71.00,27.00,70.00,161.30,88.98,253.77,143.14,27.50,70.50,1.00,1.00,9297.58,11889.23,11769.23,9302.58,27,72,70,29,,77176.07,,
2026-08-24T09:52:41+08:00,btc-updown-5m-1787536200,https://polymarket.com/zh/event/btc-updown-5m-1787536200,09:50-09:55,31.00,70.00,30.00,69.00,186.51,21.42,21.42,211.51,30.50,69.50,1.00,1.00,9876.58,11795.23,11769.23,9866.58,30,69,69,30,,77176.08,,
2026-08-24T09:52:43+08:00,btc-updown-5m-1787536200,https://polymarket.com/zh/event/btc-updown-5m-1787536200,09:50-09:55,31.00,70.00,30.00,69.00,261.71,9.82,9.82,261.71,30.50,69.50,1.00,1.00,9526.58,11789.23,11884.23,9541.58,30,69,69,30,,77181.74,,
2026-08-24T09:52:46+08:00,btc-updown-5m-1787536200,https://polymarket.com/zh/event/btc-updown-5m-1787536200,09:50-09:55,30.00,71.00,29.00,70.00,348.40,45.36,40.36,348.40,29.50,70.50,1.00,1.00,9750.78,11793.23,11893.23,9745.78,29,70,70,29,,77181.74,,
2026-08-24T09:52:48+08:00,btc-updown-5m-1787536200,https://polymarket.com/zh/event/btc-updown-5m-1787536200,09:50-09:55,28.00,73.00,27.00,72.00,43.00,150.72,150.72,135.00,27.50,72.50,1.00,1.00,9359.78,11783.23,11788.23,9354.78,27,72,72,27,,77181.74,,
2026-08-24T09:52:50+08:00,btc-updown-5m-1787536200,https://polymarket.com/zh/event/btc-updown-5m-1787536200,09:50-09:55,27.00,74.00,26.00,73.00,78.04,449.19,439.19,78.04,26.50,73.50,1.00,1.00,9585.78,11788.24,11803.24,9585.78,26,73,73,26,,77181.74,,
2026-08-24T09:52:53+08:00,btc-updown-5m-1787536200,https://polymarket.com/zh/event/btc-updown-5m-1787536200,09:50-09:55,27.00,74.00,26.00,73.00,89.29,133.82,133.82,130.29,26.50,73.50,1.00,1.00,9595.78,11763.24,11864.23,9600.78,26,73,73,26,,77181.74,,
2026-08-24T09:52:55+08:00,btc-updown-5m-1787536200,https://polymarket.com/zh/event/btc-updown-5m-1787536200,09:50-09:55,26.00,75.00,25.00,74.00,53.04,388.72,378.88,38.04,25.50,74.50,1.00,1.00,9370.78,11868.23,11763.23,9375.78,25,74,74,25,,77181.74,,
2026-08-24T09:52:57+08:00,btc-updown-5m-1787536200,https://polymarket.com/zh/event/btc-updown-5m-1787536200,09:50-09:55,25.00,76.00,24.00,75.00,129.21,75.12,88.38,154.21,24.50,75.50,1.00,1.00,9365.69,11778.14,11873.14,9365.69,24,75,75,24,,77177.64,,
2026-08-24T09:53:00+08:00,btc-updown-5m-1787536200,https://polymarket.com/zh/event/btc-updown-5m-1787536200,09:50-09:55,24.00,77.00,23.00,76.00,301.60,47.14,40.14,283.94,23.50,76.50,1.00,1.00,9224.69,11853.14,11748.14,9229.69,23,76,76,23,,77174.20,,
2026-08-24T09:53:02+08:00,btc-updown-5m-1787536200,https://polymarket.com/zh/event/btc-updown-5m-1787536200,09:50-09:55,25.00,76.00,24.00,75.00,42.34,90.41,90.41,42.34,24.50,75.50,1.00,1.00,9064.69,11689.14,11689.14,9064.69,24,75,75,24,,77174.21,,
2026-08-24T09:53:05+08:00,btc-updown-5m-1787536200,https://polymarket.com/zh/event/btc-updown-5m-1787536200,09:50-09:55,30.00,71.00,29.00,70.00,154.00,30.00,39.45,154.00,29.50,70.50,1.00,1.00,9387.69,13427.47,13317.47,9377.69,29,70,70,29,,77174.21,,
2026-08-24T09:53:07+08:00,btc-updown-5m-1787536200,https://polymarket.com/zh/event/btc-updown-5m-1787536200,09:50-09:55,28.00,77.00,27.00,76.00,27.00,126.00,15.00,52.00,27.50,76.50,1.00,1.00,9058.36,13224.14,13150.14,9058.36,27,72,76,23,,77181.17,,
2026-08-24T09:53:09+08:00,btc-updown-5m-1787536200,https://polymarket.com/zh/event/btc-updown-5m-1787536200,09:50-09:55,26.00,75.00,25.00,74.00,58.32,20.00,20.00,74.53,25.50,74.50,1.00,1.00,9296.69,11629.14,11625.15,9296.69,25,74,74,25,,77183.07,,
2026-08-24T09:53:11+08:00,btc-updown-5m-1787536200,https://polymarket.com/zh/event/btc-updown-5m-1787536200,09:50-09:55,24.00,77.00,23.00,76.00,99.49,81.65,53.37,134.49,23.50,76.50,1.00,1.00,9296.69,11619.14,11719.14,9281.69,23,76,76,23,,77181.55,,
2026-08-24T09:53:14+08:00,btc-updown-5m-1787536200,https://polymarket.com/zh/event/btc-updown-5m-1787536200,09:50-09:55,24.00,78.00,23.00,77.00,17.81,40.00,83.85,85.00,23.50,77.50,1.00,1.00,9025.69,11558.14,11553.14,9010.69,23,76,77,22,,77181.55,,
2026-08-24T09:53:16+08:00,btc-updown-5m-1787536200,https://polymarket.com/zh/event/btc-updown-5m-1787536200,09:50-09:55,15.00,86.00,14.00,85.00,114.44,35.00,162.71,153.15,14.50,85.50,1.00,1.00,7105.70,11868.14,11858.14,6420.70,14,85,85,14,,77177.69,,
2026-08-24T09:53:19+08:00,btc-updown-5m-1787536200,https://polymarket.com/zh/event/btc-updown-5m-1787536200,09:50-09:55,10.00,91.00,9.00,90.00,124.81,269.40,252.70,167.81,9.50,90.50,1.00,1.00,7865.10,11563.69,11589.70,7876.10,9,90,90,9,,77149.28,,
2026-08-24T09:53:21+08:00,btc-updown-5m-1787536200,https://polymarket.com/zh/event/btc-updown-5m-1787536200,09:50-09:55,7.00,95.00,6.00,94.00,1108.30,255.90,80.15,367.41,6.50,94.50,1.00,1.00,5615.57,11797.82,11797.82,5831.57,6,93,94,5,,77144.91,,
2026-08-24T09:53:24+08:00,btc-updown-5m-1787536200,https://polymarket.com/zh/event/btc-updown-5m-1787536200,09:50-09:55,6.00,95.00,5.00,94.00,574.06,145.41,145.41,574.06,5.50,94.50,1.00,1.00,5507.11,12373.82,12373.82,5507.11,5,94,94,5,,77122.72,,
2026-08-24T09:53:26+08:00,btc-updown-5m-1787536200,https://polymarket.com/zh/event/btc-updown-5m-1787536200,09:50-09:55,6.00,95.00,5.00,94.00,574.06,145.41,145.41,574.06,5.50,94.50,1.00,1.00,5507.11,12373.82,12373.82,5507.11,5,94,94,5,,77118.14,,
2026-08-24T09:53:28+08:00,btc-updown-5m-1787536200,https://polymarket.com/zh/event/btc-updown-5m-1787536200,09:50-09:55,6.00,95.00,5.00,94.00,170.14,56.10,143.04,298.15,5.50,94.50,1.00,1.00,5181.32,12047.87,14202.82,5408.40,5,94,94,5,,77129.01,,
2026-08-24T09:53:31+08:00,btc-updown-5m-1787536200,https://polymarket.com/zh/event/btc-updown-5m-1787536200,09:50-09:55,4.00,97.00,3.00,96.00,132.70,1448.59,1463.80,142.19,3.50,96.50,1.00,1.00,4925.41,11527.82,11642.82,4910.20,3,96,96,3,,77125.81,,
2026-08-24T09:53:33+08:00,btc-updown-5m-1787536200,https://polymarket.com/zh/event/btc-updown-5m-1787536200,09:50-09:55,4.00,97.00,3.00,96.00,522.89,452.46,413.46,498.64,3.50,96.50,1.00,1.00,3917.37,11562.82,11572.82,3956.37,3,96,96,3,,77125.81,,
2026-08-24T09:53:35+08:00,btc-updown-5m-1787536200,https://polymarket.com/zh/event/btc-updown-5m-1787536200,09:50-09:55,4.00,95.00,3.00,94.00,70.70,38.33,629.35,205.96,3.50,94.50,1.00,1.00,4160.95,11552.82,11557.82,5106.43,3,96,94,5,,77122.18,,
2026-08-24T09:53:38+08:00,btc-updown-5m-1787536200,https://polymarket.com/zh/event/btc-updown-5m-1787536200,09:50-09:55,9.00,92.00,8.00,91.00,240.70,37.60,7.60,210.70,8.50,91.50,1.00,1.00,6514.05,13667.81,13657.81,6524.05,8,91,91,8,,77141.08,,
2026-08-24T09:53:40+08:00,btc-updown-5m-1787536200,https://polymarket.com/zh/event/btc-updown-5m-1787536200,09:50-09:55,7.00,94.00,6.00,93.00,36.83,129.51,135.58,159.21,6.50,93.50,1.00,1.00,6084.14,12613.02,13022.02,6194.14,6,93,93,6,,77150.23,,
2026-08-24T09:53:42+08:00,btc-updown-5m-1787536200,https://polymarket.com/zh/event/btc-updown-5m-1787536200,09:50-09:55,6.00,95.00,5.00,94.00,91.00,323.41,325.00,91.00,5.50,94.50,1.00,1.00,5530.17,13399.71,13304.71,5528.58,5,94,94,5,,77150.22,,
2026-08-24T09:53:45+08:00,btc-updown-5m-1787536200,https://polymarket.com/zh/event/btc-updown-5m-1787536200,09:50-09:55,8.00,93.00,7.00,92.00,51.00,165.58,317.68,64.19,7.50,92.50,1.00,1.00,6528.41,13796.37,13706.37,6498.41,7,92,92,7,,77156.36,,
2026-08-24T09:53:47+08:00,btc-updown-5m-1787536200,https://polymarket.com/zh/event/btc-updown-5m-1787536200,09:50-09:55,42.00,57.00,36.00,54.00,2.61,15.00,71.00,7.22,39.00,55.50,6.00,3.00,9919.71,11986.39,11771.38,9858.71,33,50,52,41,,77206.02,,
2026-08-24T09:53:49+08:00,btc-updown-5m-1787536200,https://polymarket.com/zh/event/btc-updown-5m-1787536200,09:50-09:55,45.00,57.00,44.00,56.00,335.11,132.73,36.48,391.20,44.50,56.50,1.00,1.00,10293.71,11807.39,11687.38,10178.71,44,55,56,43,,77212.39,,
2026-08-24T09:53:52+08:00,btc-updown-5m-1787536200,https://polymarket.com/zh/event/btc-updown-5m-1787536200,09:50-09:55,51.00,50.00,50.00,49.00,514.78,32.60,32.60,375.37,50.50,49.50,1.00,1.00,10261.45,11224.87,11224.87,10356.45,50,49,49,50,,77213.65,,
2026-08-24T09:53:54+08:00,btc-updown-5m-1787536200,https://polymarket.com/zh/event/btc-updown-5m-1787536200,09:50-09:55,51.00,50.00,50.00,49.00,233.31,32.60,32.60,233.31,50.50,49.50,1.00,1.00,10881.46,11224.87,11224.87,10881.46,50,49,49,50,,77205.78,,
2026-08-24T09:53:56+08:00,btc-updown-5m-1787536200,https://polymarket.com/zh/event/btc-updown-5m-1787536200,09:50-09:55,44.00,59.00,43.00,58.00,65.00,29.60,5.00,320.33,43.50,58.50,1.00,1.00,9212.73,11038.89,11067.90,11587.72,40,56,58,41,,77213.22,,
2026-08-24T09:53:59+08:00,btc-updown-5m-1787536200,https://polymarket.com/zh/event/btc-updown-5m-1787536200,09:50-09:55,39.00,61.00,38.00,60.00,3.26,257.00,67.00,15.52,38.50,60.50,1.00,1.00,8892.72,11108.89,11268.89,8907.72,38,61,60,39,,77208.13,,
2026-08-24T09:54:01+08:00,btc-updown-5m-1787536200,https://polymarket.com/zh/event/btc-updown-5m-1787536200,09:50-09:55,35.00,66.00,34.00,65.00,263.78,28.00,28.00,240.09,34.50,65.50,1.00,1.00,8722.72,10859.54,10764.54,8732.72,34,65,65,34,,77208.14,,
2026-08-24T09:54:03+08:00,btc-updown-5m-1787536200,https://polymarket.com/zh/event/btc-updown-5m-1787536200,09:50-09:55,34.00,67.00,33.00,66.00,36.00,92.01,85.00,20.70,33.50,66.50,1.00,1.00,8454.72,10841.54,10746.54,8454.72,33,66,66,33,,77203.33,,
2026-08-24T09:54:06+08:00,btc-updown-5m-1787536200,https://polymarket.com/zh/event/btc-updown-5m-1787536200,09:50-09:55,33.00,68.00,32.00,67.00,26.80,167.25,163.73,26.80,32.50,67.50,1.00,1.00,8256.38,10901.54,10891.54,8251.38,32,67,67,32,,77203.34,,
2026-08-24T09:54:08+08:00,btc-updown-5m-1787536200,https://polymarket.com/zh/event/btc-updown-5m-1787536200,09:50-09:55,24.00,78.00,23.00,77.00,54.92,310.00,30.00,37.00,23.50,77.50,1.00,1.00,4001.38,10896.54,10801.54,3986.38,23,75,77,21,,77203.34,,
2026-08-24T09:54:10+08:00,btc-updown-5m-1787536200,https://polymarket.com/zh/event/btc-updown-5m-1787536200,09:50-09:55,19.00,82.00,18.00,81.00,20.00,36.75,41.75,20.00,18.50,81.50,1.00,1.00,4195.38,10906.54,10802.54,4190.38,18,81,81,18,,77196.34,,
2026-08-24T09:54:13+08:00,btc-updown-5m-1787536200,https://polymarket.com/zh/event/btc-updown-5m-1787536200,09:50-09:55,8.00,93.00,7.00,92.00,150.00,31.00,45.00,158.12,7.50,92.50,1.00,1.00,5315.80,11831.54,11826.54,5210.80,7,92,92,7,,77186.93,,
2026-08-24T09:54:15+08:00,btc-updown-5m-1787536200,https://polymarket.com/zh/event/btc-updown-5m-1787536200,09:50-09:55,9.00,96.00,4.00,95.00,64.00,70.00,5.00,90.00,6.50,95.50,5.00,1.00,4399.24,6289.54,6234.54,4950.73,4,91,95,4,,77186.93,,
2026-08-24T09:54:18+08:00,btc-updown-5m-1787536200,https://polymarket.com/zh/event/btc-updown-5m-1787536200,09:50-09:55,3.00,98.00,2.00,97.00,95.00,246.80,430.80,355.00,2.50,97.50,1.00,1.00,2303.42,6082.86,6086.85,2064.42,2,97,97,2,,77183.10,,
2026-08-24T09:54:20+08:00,btc-updown-5m-1787536200,https://polymarket.com/zh/event/btc-updown-5m-1787536200,09:50-09:55,2.00,99.00,1.00,98.00,100.47,1220.31,1240.31,700.47,1.50,98.50,1.00,1.00,1240.31,6541.86,6511.97,1220.31,1,98,98,1,,77183.11,,
2026-08-24T09:54:22+08:00,btc-updown-5m-1787536200,https://polymarket.com/zh/event/btc-updown-5m-1787536200,09:50-09:55,2.00,99.00,1.00,98.00,1073.80,354.33,364.43,1073.80,1.50,98.50,1.00,1.00,364.43,6098.16,5987.16,354.33,1,98,98,1,,77179.29,,
2026-08-24T09:54:25+08:00,btc-updown-5m-1787536200,https://polymarket.com/zh/event/btc-updown-5m-1787536200,09:50-09:55,1.00,,,99.00,7299.15,,,7299.15,,,,,,5854.46,5864.46,,0,99,99,0,,77179.29,,
2026-08-24T09:54:27+08:00,btc-updown-5m-1787536200,https://polymarket.com/zh/event/btc-updown-5m-1787536200,09:50-09:55,1.00,,,99.00,7636.12,,,7636.12,,,,,,5849.46,6107.15,,0,99,99,0,,77178.36,,
2026-08-24T09:54:29+08:00,btc-updown-5m-1787536200,https://polymarket.com/zh/event/btc-updown-5m-1787536200,09:50-09:55,1.00,,,99.00,10826.88,,,10831.88,,,,,,6123.15,6118.15,,0,99,99,0,,77176.38,,
2026-08-24T09:54:32+08:00,btc-updown-5m-1787536200,https://polymarket.com/zh/event/btc-updown-5m-1787536200,09:50-09:55,1.00,,,99.00,11937.06,,,12037.06,,,,,,5444.97,5384.97,,0,99,99,0,,77176.38,,
2026-08-24T09:54:34+08:00,btc-updown-5m-1787536200,https://polymarket.com/zh/event/btc-updown-5m-1787536200,09:50-09:55,1.00,,,99.00,13835.07,,,13835.07,,,,,,5354.97,5359.97,,0,99,99,0,,77176.37,,
2026-08-24T09:54:36+08:00,btc-updown-5m-1787536200,https://polymarket.com/zh/event/btc-updown-5m-1787536200,09:50-09:55,1.00,,,99.00,21250.08,,,21250.08,,,,,,5364.97,5369.97,,0,99,99,0,,77171.65,,
2026-08-24T09:54:39+08:00,btc-updown-5m-1787536200,https://polymarket.com/zh/event/btc-updown-5m-1787536200,09:50-09:55,1.00,,,99.00,21909.63,,,22149.63,,,,,,5369.97,5359.97,,0,99,99,0,,77171.65,,
2026-08-24T09:54:41+08:00,btc-updown-5m-1787536200,https://polymarket.com/zh/event/btc-updown-5m-1787536200,09:50-09:55,1.00,,,99.00,21740.55,,,21740.55,,,,,,5349.97,5374.97,,0,99,99,0,,77179.20,,
2026-08-24T09:54:44+08:00,btc-updown-5m-1787536200,https://polymarket.com/zh/event/btc-updown-5m-1787536200,09:50-09:55,1.00,,,99.00,24946.93,,,25006.93,,,,,,5359.97,5374.97,,0,99,99,0,,77179.20,,
2026-08-24T09:54:46+08:00,btc-updown-5m-1787536200,https://polymarket.com/zh/event/btc-updown-5m-1787536200,09:50-09:55,1.00,,,99.00,25366.29,,,25366.29,,,,,,5342.47,5352.47,,0,99,99,0,,77191.01,,
2026-08-24T09:54:48+08:00,btc-updown-5m-1787536200,https://polymarket.com/zh/event/btc-updown-5m-1787536200,09:50-09:55,1.00,,,99.00,22206.66,,,22206.66,,,,,,5352.47,5342.47,,0,99,99,0,,77199.19,,
2026-08-24T09:54:51+08:00,btc-updown-5m-1787536200,https://polymarket.com/zh/event/btc-updown-5m-1787536200,09:50-09:55,1.00,,,99.00,25745.52,,,25775.52,,,,,,5103.42,4938.42,,0,99,99,0,,77199.19,,
2026-08-24T09:54:53+08:00,btc-updown-5m-1787536200,https://polymarket.com/zh/event/btc-updown-5m-1787536200,09:50-09:55,1.00,,,99.00,32085.52,,,31985.52,,,,,,4958.42,4948.42,,0,99,99,0,,77199.19,,
2026-08-24T09:54:56+08:00,btc-updown-5m-1787536200,https://polymarket.com/zh/event/btc-updown-5m-1787536200,09:50-09:55,1.00,,,99.00,35034.17,,,35034.17,,,,,,4933.42,3668.42,,0,99,99,0,,77199.19,,
2026-08-24T09:54:58+08:00,btc-updown-5m-1787536200,https://polymarket.com/zh/event/btc-updown-5m-1787536200,09:50-09:55,1.00,,,99.00,36756.17,,,36776.17,,,,,,3612.42,3602.42,,0,99,99,0,,77199.19,,
2026-08-24T09:55:01+08:00,btc-updown-5m-1787536500,https://polymarket.com/zh/event/btc-updown-5m-1787536500,09:55-10:00,56.00,45.00,55.00,44.00,30.00,50.00,15.00,25.00,55.50,44.50,1.00,1.00,139208.54,138942.40,138957.40,139220.54,55,44,44,55,77199.19,77199.19,,
2026-08-24T09:55:03+08:00,btc-updown-5m-1787536500,https://polymarket.com/zh/event/btc-updown-5m-1787536500,09:55-10:00,56.00,49.00,55.00,46.00,402.84,15.86,76.20,143.76,55.50,47.50,1.00,3.00,14622.07,13165.94,13020.94,14742.07,55,44,46,51,77199.19,77199.19,,
2026-08-24T09:55:05+08:00,btc-updown-5m-1787536500,https://polymarket.com/zh/event/btc-updown-5m-1787536500,09:55-10:00,51.00,50.00,50.00,49.00,706.01,219.14,219.14,681.70,50.50,49.50,1.00,1.00,15494.09,15642.96,15795.99,15752.12,50,49,49,50,77199.19,77190.75,,
2026-08-24T09:55:08+08:00,btc-updown-5m-1787536500,https://polymarket.com/zh/event/btc-updown-5m-1787536500,09:55-10:00,48.00,53.00,47.00,52.00,135.00,350.17,360.17,135.00,47.50,52.50,1.00,1.00,15508.48,16187.35,16287.35,13513.48,47,52,52,47,77199.19,77186.93,,
2026-08-24T09:55:10+08:00,btc-updown-5m-1787536500,https://polymarket.com/zh/event/btc-updown-5m-1787536500,09:55-10:00,47.00,54.00,46.00,53.00,576.23,125.71,125.71,591.72,46.50,53.50,1.00,1.00,13708.48,14692.35,14777.35,13693.48,46,53,53,46,77199.19,77174.73,,
2026-08-24T09:55:12+08:00,btc-updown-5m-1787536500,https://polymarket.com/zh/event/btc-updown-5m-1787536500,09:55-10:00,47.00,54.00,46.00,53.00,181.86,264.14,264.14,181.86,46.50,53.50,1.00,1.00,14304.48,15343.35,15343.35,14304.48,46,53,53,46,77199.19,77174.72,,
2026-08-24T09:55:15+08:00,btc-updown-5m-1787536500,https://polymarket.com/zh/event/btc-updown-5m-1787536500,09:55-10:00,39.00,64.00,38.00,63.00,107.00,69.00,122.98,116.80,38.50,63.50,1.00,1.00,14269.48,15358.35,15253.36,14096.89,38,61,63,36,77199.19,77155.26,,
2026-08-24T09:55:17+08:00,btc-updown-5m-1787536500,https://polymarket.com/zh/event/btc-updown-5m-1787536500,09:55-10:00,30.00,73.00,29.00,72.00,307.93,319.02,114.00,37.25,29.50,72.50,1.00,1.00,14655.18,15945.34,15709.34,14423.88,29,70,72,27,77199.19,77152.55,,
2026-08-24T09:55:19+08:00,btc-updown-5m-1787536500,https://polymarket.com/zh/event/btc-updown-5m-1787536500,09:55-10:00,25.00,76.00,24.00,75.00,26.00,557.40,451.98,29.00,24.50,75.50,1.00,1.00,14738.54,14671.35,14666.34,15446.87,24,75,75,24,77199.19,77116.44,,
2026-08-24T09:55:22+08:00,btc-updown-5m-1787536500,https://polymarket.com/zh/event/btc-updown-5m-1787536500,09:55-10:00,25.00,74.00,24.00,73.00,128.22,10.66,219.80,142.21,24.50,73.50,1.00,1.00,11968.88,13141.34,13182.34,11878.88,24,75,73,26,77199.19,77119.55,,
2026-08-24T09:55:24+08:00,btc-updown-5m-1787536500,https://polymarket.com/zh/event/btc-updown-5m-1787536500,09:55-10:00,25.00,76.00,24.00,75.00,25.00,570.37,479.37,25.00,24.50,75.50,1.00,1.00,11673.88,12896.34,12896.35,11678.88,24,75,75,24,77199.19,77119.07,,
2026-08-24T09:55:26+08:00,btc-updown-5m-1787536500,https://polymarket.com/zh/event/btc-updown-5m-1787536500,09:55-10:00,28.00,73.00,27.00,72.00,39.34,82.52,82.52,34.29,27.50,72.50,1.00,1.00,11588.88,12551.34,12641.34,11593.88,27,72,72,27,77199.19,77124.54,,
2026-08-24T09:55:29+08:00,btc-updown-5m-1787536500,https://polymarket.com/zh/event/btc-updown-5m-1787536500,09:55-10:00,27.00,74.00,26.00,73.00,18.18,295.76,305.76,18.18,26.50,73.50,1.00,1.00,11098.99,12447.34,12447.34,11108.99,26,73,73,26,77199.19,77125.62,,
2026-08-24T09:55:31+08:00,btc-updown-5m-1787536500,https://polymarket.com/zh/event/btc-updown-5m-1787536500,09:55-10:00,26.00,75.00,25.00,74.00,259.46,150.34,145.34,251.12,25.50,74.50,1.00,1.00,10603.99,11799.34,11664.34,10508.99,25,74,74,25,77199.19,77125.63,,
2026-08-24T09:55:34+08:00,btc-updown-5m-1787536500,https://polymarket.com/zh/event/btc-updown-5m-1787536500,09:55-10:00,26.00,75.00,25.00,74.00,319.90,72.69,72.69,319.90,25.50,74.50,1.00,1.00,10148.99,11383.35,11293.35,10143.99,25,74,74,25,77199.19,77118.16,,
2026-08-24T09:55:36+08:00,btc-updown-5m-1787536500,https://polymarket.com/zh/event/btc-updown-5m-1787536500,09:55-10:00,21.00,82.00,20.00,81.00,348.81,177.00,26.32,79.67,20.50,81.50,1.00,1.00,11363.99,11373.34,11383.34,12522.32,20,79,81,18,77199.19,77110.77,,
2026-08-24T09:55:38+08:00,btc-updown-5m-1787536500,https://polymarket.com/zh/event/btc-updown-5m-1787536500,09:55-10:00,19.00,82.00,18.00,81.00,130.01,596.41,25.00,35.00,18.50,81.50,1.00,1.00,12388.99,11273.34,11273.34,12433.99,18,81,81,18,77199.19,77106.71,,
2026-08-24T09:55:40+08:00,btc-updown-5m-1787536500,https://polymarket.com/zh/event/btc-updown-5m-1787536500,09:55-10:00,21.00,80.00,20.00,79.00,64.00,365.00,335.07,64.00,20.50,79.50,1.00,1.00,12449.31,11174.55,11064.55,12454.31,20,79,79,20,77199.19,77106.71,,
2026-08-24T09:55:43+08:00,btc-updown-5m-1787536500,https://polymarket.com/zh/event/btc-updown-5m-1787536500,09:55-10:00,22.00,79.00,21.00,78.00,189.00,217.79,217.79,189.00,21.50,78.50,1.00,1.00,12386.31,11079.56,11174.56,12396.31,21,78,78,21,77199.19,77109.58,,
2026-08-24T09:55:45+08:00,btc-updown-5m-1787536500,https://polymarket.com/zh/event/btc-updown-5m-1787536500,09:55-10:00,21.00,80.00,20.00,79.00,271.90,24.24,24.24,271.90,20.50,79.50,1.00,1.00,12181.31,11199.55,11099.55,12201.31,20,79,79,20,77199.19,77106.71,,
2026-08-24T09:55:48+08:00,btc-updown-5m-1787536500,https://polymarket.com/zh/event/btc-updown-5m-1787536500,09:55-10:00,20.00,81.00,19.00,80.00,258.19,153.07,53.69,34.93,19.50,80.50,1.00,1.00,12156.31,11104.55,11104.55,12151.31,19,80,80,19,77199.19,77106.71,,
2026-08-24T09:55:50+08:00,btc-updown-5m-1787536500,https://polymarket.com/zh/event/btc-updown-5m-1787536500,09:55-10:00,21.00,80.00,20.00,79.00,228.23,111.33,129.19,228.23,20.50,79.50,1.00,1.00,12201.31,11174.56,11099.55,12166.31,20,79,79,20,77199.19,77106.71,,
2026-08-24T09:55:52+08:00,btc-updown-5m-1787536500,https://polymarket.com/zh/event/btc-updown-5m-1787536500,09:55-10:00,21.00,80.00,20.00,79.00,116.42,236.61,236.61,116.42,20.50,79.50,1.00,1.00,12201.31,11184.55,11079.55,12196.31,20,79,79,20,77199.19,77108.64,,
2026-08-24T09:55:55+08:00,btc-updown-5m-1787536500,https://polymarket.com/zh/event/btc-updown-5m-1787536500,09:55-10:00,22.00,79.00,21.00,78.00,252.69,65.00,65.00,244.40,21.50,78.50,1.00,1.00,11941.31,10829.55,10934.55,11911.31,21,78,78,21,77199.19,77109.58,,
2026-08-24T09:55:57+08:00,btc-updown-5m-1787536500,https://polymarket.com/zh/event/btc-updown-5m-1787536500,09:55-10:00,22.00,79.00,21.00,78.00,312.91,118.81,53.81,76.34,21.50,78.50,1.00,1.00,11641.31,10609.55,10589.55,11646.31,21,78,78,21,77199.19,77114.45,,
2026-08-24T09:55:59+08:00,btc-updown-5m-1787536500,https://polymarket.com/zh/event/btc-updown-5m-1787536500,09:55-10:00,21.00,80.00,20.00,79.00,129.46,92.76,92.76,139.92,20.50,79.50,1.00,1.00,11456.31,10384.55,10479.55,11461.31,20,79,79,20,77199.19,77114.45,,
2026-08-24T09:56:02+08:00,btc-updown-5m-1787536500,https://polymarket.com/zh/event/btc-updown-5m-1787536500,09:55-10:00,18.00,83.00,17.00,82.00,13.42,474.66,474.66,31.02,17.50,82.50,1.00,1.00,11108.16,14019.55,14053.34,11108.16,17,82,82,17,77199.19,77101.36,,
2026-08-24T09:56:04+08:00,btc-updown-5m-1787536500,https://polymarket.com/zh/event/btc-updown-5m-1787536500,09:55-10:00,18.00,83.00,17.00,82.00,69.70,311.75,311.75,69.70,17.50,82.50,1.00,1.00,10822.84,14005.35,13900.34,10822.84,17,82,82,17,77199.19,77101.36,,
2026-08-24T09:56:06+08:00,btc-updown-5m-1787536500,https://polymarket.com/zh/event/btc-updown-5m-1787536500,09:55-10:00,19.00,82.00,18.00,81.00,172.74,366.78,353.46,157.74,18.50,81.50,1.00,1.00,10564.84,13627.34,13527.34,10607.84,18,81,81,18,77199.19,77101.36,,
2026-08-24T09:56:09+08:00,btc-updown-5m-1787536500,https://polymarket.com/zh/event/btc-updown-5m-1787536500,09:55-10:00,14.00,87.00,13.00,86.00,348.33,278.15,278.15,348.33,13.50,86.50,1.00,1.00,11366.48,13347.79,13446.79,11366.48,13,86,86,13,77199.19,77101.36,,
2026-08-24T09:56:11+08:00,btc-updown-5m-1787536500,https://polymarket.com/zh/event/btc-updown-5m-1787536500,09:55-10:00,9.00,92.00,8.00,91.00,259.22,596.75,606.75,254.22,8.50,91.50,1.00,1.00,10622.05,13352.80,13452.79,10633.05,8,91,91,8,77199.19,77074.00,,
2026-08-24T09:56:13+08:00,btc-updown-5m-1787536500,https://polymarket.com/zh/event/btc-updown-5m-1787536500,09:55-10:00,8.00,93.00,7.00,92.00,478.62,202.13,207.50,459.96,7.50,92.50,1.00,1.00,10459.26,12441.79,12336.79,10474.26,7,92,92,7,77199.19,77064.39,,
2026-08-24T09:56:16+08:00,btc-updown-5m-1787536500,https://polymarket.com/zh/event/btc-updown-5m-1787536500,09:55-10:00,5.00,96.00,4.00,95.00,587.06,806.16,9.26,39.93,4.50,95.50,1.00,1.00,6477.38,12236.68,12332.68,6985.88,4,95,95,4,77199.19,77000.01,,
2026-08-24T09:56:18+08:00,btc-updown-5m-1787536500,https://polymarket.com/zh/event/btc-updown-5m-1787536500,09:55-10:00,4.00,97.00,3.00,96.00,185.04,924.05,924.05,97.34,3.50,96.50,1.00,1.00,6776.05,12272.68,12167.68,6776.05,3,96,96,3,77199.19,77006.94,,
2026-08-24T09:56:20+08:00,btc-updown-5m-1787536500,https://polymarket.com/zh/event/btc-updown-5m-1787536500,09:55-10:00,5.00,96.00,4.00,95.00,705.70,774.96,766.74,605.70,4.50,95.50,1.00,1.00,7042.04,12277.69,12187.68,7050.26,4,95,95,4,77199.19,77018.76,,
2026-08-24T09:56:23+08:00,btc-updown-5m-1787536500,https://polymarket.com/zh/event/btc-updown-5m-1787536500,09:55-10:00,6.00,95.00,5.00,94.00,426.39,317.60,242.60,282.49,5.50,94.50,1.00,1.00,7749.02,12166.68,12271.68,7819.02,5,94,94,5,77199.19,77022.66,,
2026-08-24T09:56:25+08:00,btc-updown-5m-1787536500,https://polymarket.com/zh/event/btc-updown-5m-1787536500,09:55-10:00,6.00,95.00,5.00,94.00,721.29,515.12,515.12,752.67,5.50,94.50,1.00,1.00,7056.82,12176.68,12261.68,6860.82,5,94,94,5,77199.19,77019.37,,
2026-08-24T09:56:27+08:00,btc-updown-5m-1787536500,https://polymarket.com/zh/event/btc-updown-5m-1787536500,09:55-10:00,6.00,95.00,5.00,94.00,904.82,292.41,292.41,904.82,5.50,94.50,1.00,1.00,5989.71,12261.68,12262.69,6004.71,5,94,94,5,77199.19,77005.62,,
2026-08-24T09:56:30+08:00,btc-updown-5m-1787536500,https://polymarket.com/zh/event/btc-updown-5m-1787536500,09:55-10:00,7.00,94.00,6.00,93.00,561.89,315.91,222.04,463.40,6.50,93.50,1.00,1.00,7703.27,12241.68,12147.68,7563.27,6,93,93,6,77199.19,77015.02,,
2026-08-24T09:56:32+08:00,btc-updown-5m-1787536500,https://polymarket.com/zh/event/btc-updown-5m-1787536500,09:55-10:00,8.00,93.00,7.00,92.00,595.78,396.90,406.90,631.82,7.50,92.50,1.00,1.00,7993.53,11444.68,11459.69,9315.19,7,92,92,7,77199.19,77040.34,,
2026-08-24T09:56:34+08:00,btc-updown-5m-1787536500,https://polymarket.com/zh/event/btc-updown-5m-1787536500,09:55-10:00,8.00,93.00,7.00,92.00,42.02,145.51,828.64,52.02,7.50,92.50,1.00,1.00,9863.08,11554.68,11474.69,8034.05,7,92,92,7,77199.19,77041.72,,
2026-08-24T09:56:37+08:00,btc-updown-5m-1787536500,https://polymarket.com/zh/event/btc-updown-5m-1787536500,09:55-10:00,7.00,94.00,6.00,93.00,421.49,164.08,169.08,426.49,6.50,93.50,1.00,1.00,8074.93,11315.23,11420.23,8069.20,6,93,93,6,77199.19,77033.67,,
2026-08-24T09:56:39+08:00,btc-updown-5m-1787536500,https://polymarket.com/zh/event/btc-updown-5m-1787536500,09:55-10:00,9.00,92.00,8.00,91.00,181.10,227.50,207.50,166.10,8.50,91.50,1.00,1.00,9742.08,11503.80,11393.80,9747.08,8,91,91,8,77199.19,77045.58,,
2026-08-24T09:56:41+08:00,btc-updown-5m-1787536500,https://polymarket.com/zh/event/btc-updown-5m-1787536500,09:55-10:00,7.00,94.00,6.00,93.00,235.00,277.60,247.60,235.00,6.50,93.50,1.00,1.00,7174.61,11429.80,11418.80,7211.76,6,93,93,6,77199.19,77041.41,,
2026-08-24T09:56:44+08:00,btc-updown-5m-1787536500,https://polymarket.com/zh/event/btc-updown-5m-1787536500,09:55-10:00,7.00,94.00,6.00,93.00,119.10,227.38,227.74,149.10,6.50,93.50,1.00,1.00,8483.79,11533.80,11534.80,8501.39,6,93,93,6,77199.19,77048.45,,
2026-08-24T09:56:46+08:00,btc-updown-5m-1787536500,https://polymarket.com/zh/event/btc-updown-5m-1787536500,09:55-10:00,7.00,94.00,6.00,93.00,73.81,500.77,427.85,24.81,6.50,93.50,1.00,1.00,9358.45,11444.80,11439.80,9211.98,6,93,93,6,77199.19,77047.35,,
2026-08-24T09:56:48+08:00,btc-updown-5m-1787536500,https://polymarket.com/zh/event/btc-updown-5m-1787536500,09:55-10:00,8.00,93.00,7.00,92.00,221.39,64.01,124.01,113.32,7.50,92.50,1.00,1.00,9213.48,11503.80,11513.80,9243.48,7,92,92,7,77199.19,77052.21,,
2026-08-24T09:56:51+08:00,btc-updown-5m-1787536500,https://polymarket.com/zh/event/btc-updown-5m-1787536500,09:55-10:00,8.00,93.00,7.00,92.00,301.31,73.53,68.53,301.31,7.50,92.50,1.00,1.00,9232.35,11519.81,11539.81,9227.35,7,92,92,7,77199.19,77052.56,,
2026-08-24T09:56:53+08:00,btc-updown-5m-1787536500,https://polymarket.com/zh/event/btc-updown-5m-1787536500,09:55-10:00,7.00,94.00,6.00,93.00,68.00,530.04,530.04,68.00,6.50,93.50,1.00,1.00,9272.34,11403.80,11403.80,9267.34,6,93,93,6,77199.19,77052.56,,
2026-08-24T09:56:55+08:00,btc-updown-5m-1787536500,https://polymarket.com/zh/event/btc-updown-5m-1787536500,09:55-10:00,8.00,93.00,7.00,92.00,34.19,230.94,269.39,49.19,7.50,92.50,1.00,1.00,9076.37,11403.80,11514.80,8921.37,7,92,92,7,77199.19,77054.95,,
2026-08-24T09:56:58+08:00,btc-updown-5m-1787536500,https://polymarket.com/zh/event/btc-updown-5m-1787536500,09:55-10:00,8.00,93.00,7.00,92.00,143.50,136.42,172.13,143.50,7.50,92.50,1.00,1.00,8829.85,11533.80,11454.80,8819.85,7,92,92,7,77199.19,77052.54,,
2026-08-24T09:57:00+08:00,btc-updown-5m-1787536500,https://polymarket.com/zh/event/btc-updown-5m-1787536500,09:55-10:00,8.00,94.00,7.00,93.00,324.10,31.67,40.00,410.00,7.50,93.50,1.00,1.00,8839.07,11539.81,11519.81,8245.35,7,92,93,6,77199.19,77057.04,,
2026-08-24T09:57:02+08:00,btc-updown-5m-1787536500,https://polymarket.com/zh/event/btc-updown-5m-1787536500,09:55-10:00,6.00,95.00,5.00,94.00,371.10,341.46,446.46,453.10,5.50,94.50,1.00,1.00,5841.17,11345.80,11354.80,5791.17,5,94,94,5,77199.19,77037.95,,
2026-08-24T09:57:05+08:00,btc-updown-5m-1787536500,https://polymarket.com/zh/event/btc-updown-5m-1787536500,09:55-10:00,4.00,97.00,3.00,96.00,853.64,14.93,14.93,853.64,3.50,96.50,1.00,1.00,3462.49,11465.80,11345.80,3462.49,3,96,96,3,77199.19,77011.21,,
2026-08-24T09:57:07+08:00,btc-updown-5m-1787536500,https://polymarket.com/zh/event/btc-updown-5m-1787536500,09:55-10:00,2.00,,1.00,99.00,796.33,,63.95,10.00,1.50,,1.00,,63.95,10921.61,10932.62,,1,98,99,0,77199.19,76997.01,,
2026-08-24T09:57:10+08:00,btc-updown-5m-1787536500,https://polymarket.com/zh/event/btc-updown-5m-1787536500,09:55-10:00,1.00,,,99.00,990.37,,,990.37,,,,,,10855.54,10851.54,,0,99,99,0,77199.19,76978.55,,
2026-08-24T09:57:12+08:00,btc-updown-5m-1787536500,https://polymarket.com/zh/event/btc-updown-5m-1787536500,09:55-10:00,1.00,,,99.00,770.37,,,770.37,,,,,,10858.42,10863.42,,0,99,99,0,77199.19,76982.25,,
2026-08-24T09:57:15+08:00,btc-updown-5m-1787536500,https://polymarket.com/zh/event/btc-updown-5m-1787536500,09:55-10:00,1.00,,,99.00,446.33,,,446.33,,,,,,10858.42,10854.42,,0,99,99,0,77199.19,76987.46,,
2026-08-24T09:57:17+08:00,btc-updown-5m-1787536500,https://polymarket.com/zh/event/btc-updown-5m-1787536500,09:55-10:00,1.00,,,99.00,81.33,,,5.00,,,,,,11001.58,10991.58,,0,99,99,0,77199.19,76980.93,,
2026-08-24T09:57:19+08:00,btc-updown-5m-1787536500,https://polymarket.com/zh/event/btc-updown-5m-1787536500,09:55-10:00,1.00,,,99.00,340.00,,,45.00,,,,,,10991.58,10996.58,,0,99,99,0,77199.19,76987.51,,
2026-08-24T09:57:21+08:00,btc-updown-5m-1787536500,https://polymarket.com/zh/event/btc-updown-5m-1787536500,09:55-10:00,1.00,,,99.00,55.00,,,55.00,,,,,,10956.58,10966.58,,0,99,99,0,77199.19,76980.93,,
2026-08-24T09:57:24+08:00,btc-updown-5m-1787536500,https://polymarket.com/zh/event/btc-updown-5m-1787536500,09:55-10:00,1.00,,,99.00,330.00,,,41.36,,,,,,10971.58,10976.58,,0,99,99,0,77199.19,76968.07,,
2026-08-24T09:57:26+08:00,btc-updown-5m-1787536500,https://polymarket.com/zh/event/btc-updown-5m-1787536500,09:55-10:00,2.00,,,99.00,967.00,,,10.05,,,,,,11002.58,10951.58,,0,98,99,0,77199.19,76976.82,,
2026-08-24T09:57:29+08:00,btc-updown-5m-1787536500,https://polymarket.com/zh/event/btc-updown-5m-1787536500,09:55-10:00,1.00,,,99.00,335.00,,,335.00,,,,,,10976.58,10961.58,,0,99,99,0,77199.19,76976.82,,
2026-08-24T09:57:31+08:00,btc-updown-5m-1787536500,https://polymarket.com/zh/event/btc-updown-5m-1787536500,09:55-10:00,1.00,99.00,,98.00,5.00,26.96,,1301.78,,98.50,,1.00,,10971.58,10961.58,26.96,0,99,98,1,77199.19,76996.16,,
2026-08-24T09:57:33+08:00,btc-updown-5m-1787536500,https://polymarket.com/zh/event/btc-updown-5m-1787536500,09:55-10:00,1.00,,,99.00,546.54,,,546.54,,,,,,10986.58,10957.58,,0,99,99,0,77199.19,76999.74,,
2026-08-24T09:57:36+08:00,btc-updown-5m-1787536500,https://polymarket.com/zh/event/btc-updown-5m-1787536500,09:55-10:00,1.00,,,99.00,251.54,,,256.54,,,,,,10966.58,10951.58,,0,99,99,0,77199.19,77001.32,,
2026-08-24T09:57:38+08:00,btc-updown-5m-1787536500,https://polymarket.com/zh/event/btc-updown-5m-1787536500,09:55-10:00,1.00,,,99.00,566.54,,,566.54,,,,,,10957.58,10967.58,,0,99,99,0,77199.19,77001.71,,
2026-08-24T09:57:40+08:00,btc-updown-5m-1787536500,https://polymarket.com/zh/event/btc-updown-5m-1787536500,09:55-10:00,1.00,,,99.00,793.59,,,808.59,,,,,,10966.58,10966.58,,0,99,99,0,77199.19,77001.66,,
2026-08-24T09:57:42+08:00,btc-updown-5m-1787536500,https://polymarket.com/zh/event/btc-updown-5m-1787536500,09:55-10:00,1.00,,,99.00,991.59,,,961.59,,,,,,10976.58,10961.58,,0,99,99,0,77199.19,76984.93,,
2026-08-24T09:57:45+08:00,btc-updown-5m-1787536500,https://polymarket.com/zh/event/btc-updown-5m-1787536500,09:55-10:00,1.00,,,99.00,661.59,,,660.55,,,,,,10957.58,10961.58,,0,99,99,0,77199.19,76992.10,,
2026-08-24T09:57:47+08:00,btc-updown-5m-1787536500,https://polymarket.com/zh/event/btc-updown-5m-1787536500,09:55-10:00,1.00,,,99.00,1460.55,,,1460.55,,,,,,10960.58,10975.58,,0,99,99,0,77199.19,76988.42,,
2026-08-24T09:57:49+08:00,btc-updown-5m-1787536500,https://polymarket.com/zh/event/btc-updown-5m-1787536500,09:55-10:00,1.00,,,99.00,2066.55,,,1803.95,,,,,,10970.58,10960.58,,0,99,99,0,77199.19,76995.91,,
2026-08-24T09:57:52+08:00,btc-updown-5m-1787536500,https://polymarket.com/zh/event/btc-updown-5m-1787536500,09:55-10:00,1.00,,,99.00,1493.95,,,1493.95,,,,,,10985.58,10976.58,,0,99,99,0,77199.19,77001.97,,
2026-08-24T09:57:54+08:00,btc-updown-5m-1787536500,https://polymarket.com/zh/event/btc-updown-5m-1787536500,09:55-10:00,1.00,,,99.00,2001.55,,,2001.55,,,,,,10981.58,10965.58,,0,99,99,0,77199.19,77001.96,,
2026-08-24T09:57:56+08:00,btc-updown-5m-1787536500,https://polymarket.com/zh/event/btc-updown-5m-1787536500,09:55-10:00,1.00,,,99.00,2006.55,,,2006.55,,,,,,10955.49,10965.49,,0,99,99,0,77199.19,77001.97,,
2026-08-24T09:57:59+08:00,btc-updown-5m-1787536500,https://polymarket.com/zh/event/btc-updown-5m-1787536500,09:55-10:00,1.00,,,99.00,2056.55,,,5905.56,,,,,,10941.49,10946.49,,0,99,99,0,77199.19,77001.97,,
2026-08-24T09:58:01+08:00,btc-updown-5m-1787536500,https://polymarket.com/zh/event/btc-updown-5m-1787536500,09:55-10:00,1.00,,,99.00,6180.65,,,6480.65,,,,,,10776.49,10765.49,,0,99,99,0,77199.19,76992.30,,
2026-08-24T09:58:03+08:00,btc-updown-5m-1787536500,https://polymarket.com/zh/event/btc-updown-5m-1787536500,09:55-10:00,1.00,,,99.00,5993.48,,,5998.48,,,,,,10791.49,10776.49,,0,99,99,0,77199.19,76994.88,,
2026-08-24T09:58:06+08:00,btc-updown-5m-1787536500,https://polymarket.com/zh/event/btc-updown-5m-1787536500,09:55-10:00,1.00,,,99.00,5308.47,,,5653.47,,,,,,10760.49,10760.49,,0,99,99,0,77199.19,76998.42,,
2026-08-24T09:58:08+08:00,btc-updown-5m-1787536500,https://polymarket.com/zh/event/btc-updown-5m-1787536500,09:55-10:00,1.00,,,99.00,5663.47,,,5648.47,,,,,,10760.49,10780.49,,0,99,99,0,77199.19,76995.93,,
2026-08-24T09:58:10+08:00,btc-updown-5m-1787536500,https://polymarket.com/zh/event/btc-updown-5m-1787536500,09:55-10:00,1.00,,,99.00,4986.07,,,4971.07,,,,,,10765.49,10775.49,,0,99,99,0,77199.19,76992.30,,
2026-08-24T09:58:13+08:00,btc-updown-5m-1787536500,https://polymarket.com/zh/event/btc-updown-5m-1787536500,09:55-10:00,1.00,,,99.00,5582.05,,,5252.05,,,,,,10765.49,10785.49,,0,99,99,0,77199.19,76995.51,,
2026-08-24T09:58:15+08:00,btc-updown-5m-1787536500,https://polymarket.com/zh/event/btc-updown-5m-1787536500,09:55-10:00,1.00,,,99.00,5552.05,,,5552.05,,,,,,10680.49,10660.49,,0,99,99,0,77199.19,76995.51,,
2026-08-24T09:58:17+08:00,btc-updown-5m-1787536500,https://polymarket.com/zh/event/btc-updown-5m-1787536500,09:55-10:00,1.00,,,99.00,5269.65,,,5269.65,,,,,,10680.49,10665.49,,0,99,99,0,77199.19,76995.51,,
2026-08-24T09:58:20+08:00,btc-updown-5m-1787536500,https://polymarket.com/zh/event/btc-updown-5m-1787536500,09:55-10:00,1.00,,,99.00,11092.67,,,11092.67,,,,,,10665.49,10675.49,,0,99,99,0,77199.19,76982.66,,
2026-08-24T09:58:22+08:00,btc-updown-5m-1787536500,https://polymarket.com/zh/event/btc-updown-5m-1787536500,09:55-10:00,1.00,,,99.00,11092.67,,,11392.67,,,,,,10665.49,10670.49,,0,99,99,0,77199.19,76964.63,,
2026-08-24T09:58:24+08:00,btc-updown-5m-1787536500,https://polymarket.com/zh/event/btc-updown-5m-1787536500,09:55-10:00,1.00,,,99.00,11040.07,,,11347.67,,,,,,10575.49,10581.49,,0,99,99,0,77199.19,76936.60,,
2026-08-24T09:58:27+08:00,btc-updown-5m-1787536500,https://polymarket.com/zh/event/btc-updown-5m-1787536500,09:55-10:00,1.00,,,99.00,11517.67,,,11517.67,,,,,,10670.49,10660.49,,0,99,99,0,77199.19,76957.17,,
2026-08-24T09:58:29+08:00,btc-updown-5m-1787536500,https://polymarket.com/zh/event/btc-updown-5m-1787536500,09:55-10:00,1.00,,,99.00,11262.67,,,11262.67,,,,,,10670.49,10675.49,,0,99,99,0,77199.19,76946.27,,
2026-08-24T09:58:31+08:00,btc-updown-5m-1787536500,https://polymarket.com/zh/event/btc-updown-5m-1787536500,09:55-10:00,1.00,,,99.00,12025.49,,,12005.49,,,,,,10675.49,10670.49,,0,99,99,0,77199.19,76935.83,,
2026-08-24T09:58:33+08:00,btc-updown-5m-1787536500,https://polymarket.com/zh/event/btc-updown-5m-1787536500,09:55-10:00,1.00,,,99.00,12602.81,,,14148.26,,,,,,10670.49,10675.49,,0,99,99,0,77199.19,76922.65,,
2026-08-24T09:58:36+08:00,btc-updown-5m-1787536500,https://polymarket.com/zh/event/btc-updown-5m-1787536500,09:55-10:00,1.00,,,99.00,14900.26,,,14600.26,,,,,,10671.49,10676.49,,0,99,99,0,77199.19,76927.16,,
2026-08-24T09:58:38+08:00,btc-updown-5m-1787536500,https://polymarket.com/zh/event/btc-updown-5m-1787536500,09:55-10:00,1.00,,,99.00,14270.26,,,14047.66,,,,,,10681.49,10666.49,,0,99,99,0,77199.19,76923.38,,
2026-08-24T09:58:40+08:00,btc-updown-5m-1787536500,https://polymarket.com/zh/event/btc-updown-5m-1787536500,09:55-10:00,1.00,,,99.00,14092.66,,,14092.66,,,,,,10670.49,10675.49,,0,99,99,0,77199.19,76937.94,,
2026-08-24T09:58:43+08:00,btc-updown-5m-1787536500,https://polymarket.com/zh/event/btc-updown-5m-1787536500,09:55-10:00,1.00,,,99.00,14392.66,,,14092.66,,,,,,10670.49,10660.49,,0,99,99,0,77199.19,76938.62,,
2026-08-24T09:58:45+08:00,btc-updown-5m-1787536500,https://polymarket.com/zh/event/btc-updown-5m-1787536500,09:55-10:00,1.00,,,99.00,14117.66,,,14117.66,,,,,,10675.49,10680.49,,0,99,99,0,77199.19,76938.62,,
2026-08-24T09:58:47+08:00,btc-updown-5m-1787536500,https://polymarket.com/zh/event/btc-updown-5m-1787536500,09:55-10:00,1.00,,,99.00,14741.81,,,14241.81,,,,,,10670.49,10675.49,,0,99,99,0,77199.19,76957.72,,
2026-08-24T09:58:50+08:00,btc-updown-5m-1787536500,https://polymarket.com/zh/event/btc-updown-5m-1787536500,09:55-10:00,1.00,,,99.00,14241.81,,,14241.81,,,,,,10676.49,10675.49,,0,99,99,0,77199.19,76961.54,,
2026-08-24T09:58:52+08:00,btc-updown-5m-1787536500,https://polymarket.com/zh/event/btc-updown-5m-1787536500,09:55-10:00,1.00,,,99.00,14221.81,,,14221.81,,,,,,10671.49,10676.49,,0,99,99,0,77199.19,76973.00,,
2026-08-24T09:58:55+08:00,btc-updown-5m-1787536500,https://polymarket.com/zh/event/btc-updown-5m-1787536500,09:55-10:00,1.00,,,99.00,14234.81,,,14234.81,,,,,,10660.49,10660.49,,0,99,99,0,77199.19,76980.63,,
2026-08-24T09:58:57+08:00,btc-updown-5m-1787536500,https://polymarket.com/zh/event/btc-updown-5m-1787536500,09:55-10:00,1.00,,,99.00,14212.21,,,14242.21,,,,,,10011.50,10001.50,,0,99,99,0,77199.19,76991.66,,
2026-08-24T09:58:59+08:00,btc-updown-5m-1787536500,https://polymarket.com/zh/event/btc-updown-5m-1787536500,09:55-10:00,1.00,,,99.00,15026.81,,,15026.81,,,,,,9996.50,9986.50,,0,99,99,0,77199.19,76993.79,,
2026-08-24T09:59:02+08:00,btc-updown-5m-1787536500,https://polymarket.com/zh/event/btc-updown-5m-1787536500,09:55-10:00,1.00,,,99.00,16425.36,,,16425.36,,,,,,9783.15,9778.15,,0,99,99,0,77199.19,76995.89,,
2026-08-24T09:59:04+08:00,btc-updown-5m-1787536500,https://polymarket.com/zh/event/btc-updown-5m-1787536500,09:55-10:00,1.00,,,99.00,17311.90,,,17336.90,,,,,,9768.15,9773.15,,0,99,99,0,77199.19,76988.28,,
2026-08-24T09:59:06+08:00,btc-updown-5m-1787536500,https://polymarket.com/zh/event/btc-updown-5m-1787536500,09:55-10:00,1.00,,,99.00,18264.39,,,18264.39,,,,,,9773.15,9763.15,,0,99,99,0,77199.19,76980.65,,
2026-08-24T09:59:09+08:00,btc-updown-5m-1787536500,https://polymarket.com/zh/event/btc-updown-5m-1787536500,09:55-10:00,1.00,,,99.00,18529.42,,,18529.42,,,,,,9768.15,9769.15,,0,99,99,0,77199.19,76992.10,,
2026-08-24T09:59:11+08:00,btc-updown-5m-1787536500,https://polymarket.com/zh/event/btc-updown-5m-1787536500,09:55-10:00,1.00,,,99.00,18764.49,,,18464.49,,,,,,9778.15,9763.15,,0,99,99,0,77199.19,76974.35,,
2026-08-24T09:59:13+08:00,btc-updown-5m-1787536500,https://polymarket.com/zh/event/btc-updown-5m-1787536500,09:55-10:00,1.00,,,99.00,19434.49,,,19434.49,,,,,,9768.15,9773.15,,0,99,99,0,77199.19,76960.86,,
2026-08-24T09:59:16+08:00,btc-updown-5m-1787536500,https://polymarket.com/zh/event/btc-updown-5m-1787536500,09:55-10:00,1.00,,,99.00,21880.29,,,22189.64,,,,,,5679.15,5689.15,,0,99,99,0,77199.19,76962.74,,
2026-08-24T09:59:18+08:00,btc-updown-5m-1787536500,https://polymarket.com/zh/event/btc-updown-5m-1787536500,09:55-10:00,1.00,,,99.00,21939.64,,,21946.64,,,,,,5658.15,5674.15,,0,99,99,0,77199.19,76967.43,,
2026-08-24T09:59:20+08:00,btc-updown-5m-1787536500,https://polymarket.com/zh/event/btc-updown-5m-1787536500,09:55-10:00,1.00,,,99.00,21845.61,,,21845.61,,,,,,5683.15,5668.15,,0,99,99,0,77199.19,76967.43,,
2026-08-24T09:59:22+08:00,btc-updown-5m-1787536500,https://polymarket.com/zh/event/btc-updown-5m-1787536500,09:55-10:00,1.00,,,99.00,21670.76,,,21695.76,,,,,,5658.15,5668.15,,0,99,99,0,77199.19,76967.43,,
2026-08-24T09:59:25+08:00,btc-updown-5m-1787536500,https://polymarket.com/zh/event/btc-updown-5m-1787536500,09:55-10:00,1.00,,,99.00,22510.76,,,22210.76,,,,,,5673.15,5684.15,,0,99,99,0,77199.19,76973.00,,
2026-08-24T09:59:27+08:00,btc-updown-5m-1787536500,https://polymarket.com/zh/event/btc-updown-5m-1787536500,09:55-10:00,1.00,,,99.00,24417.61,,,24432.61,,,,,,5664.15,5669.15,,0,99,99,0,77199.19,76973.39,,
2026-08-24T09:59:29+08:00,btc-updown-5m-1787536500,https://polymarket.com/zh/event/btc-updown-5m-1787536500,09:55-10:00,0.10,,,99.90,43782.77,,,43782.77,,,,,,5658.15,5663.15,,0,103,103,0,77199.19,76984.46,,
2026-08-24T09:59:32+08:00,btc-updown-5m-1787536500,https://polymarket.com/zh/event/btc-updown-5m-1787536500,09:55-10:00,0.10,,,99.90,43807.77,,,43807.77,,,,,,4391.96,4411.96,,0,104,104,0,77199.19,76984.46,,
2026-08-24T09:59:34+08:00,btc-updown-5m-1787536500,https://polymarket.com/zh/event/btc-updown-5m-1787536500,09:55-10:00,0.10,,,99.90,43807.77,,,42807.77,,,,,,4411.96,4401.96,,0,106,106,0,77199.19,76973.01,,
2026-08-24T09:59:36+08:00,btc-updown-5m-1787536500,https://polymarket.com/zh/event/btc-updown-5m-1787536500,09:55-10:00,0.10,,,99.90,42817.77,,,42817.77,,,,,,4401.96,4406.96,,0,106,106,0,77199.19,76970.40,,
2026-08-24T09:59:39+08:00,btc-updown-5m-1787536500,https://polymarket.com/zh/event/btc-updown-5m-1787536500,09:55-10:00,0.10,,,99.90,42837.77,,,43957.77,,,,,,4396.96,4411.96,,0,106,106,0,77199.19,76970.39,,
2026-08-24T09:59:41+08:00,btc-updown-5m-1787536500,https://polymarket.com/zh/event/btc-updown-5m-1787536500,09:55-10:00,0.10,,,99.90,44247.77,,,44247.77,,,,,,4392.94,4397.94,,0,106,106,0,77199.19,76929.89,,
2026-08-24T09:59:43+08:00,btc-updown-5m-1787536500,https://polymarket.com/zh/event/btc-updown-5m-1787536500,09:55-10:00,0.10,,,99.90,44403.77,,,44403.77,,,,,,4396.94,4382.94,,0,106,106,0,77199.19,76927.17,,
2026-08-24T09:59:46+08:00,btc-updown-5m-1787536500,https://polymarket.com/zh/event/btc-updown-5m-1787536500,09:55-10:00,0.10,,,99.90,44665.40,,,44665.40,,,,,,4384.44,4369.44,,0,106,106,0,77199.19,76927.17,,
2026-08-24T09:59:48+08:00,btc-updown-5m-1787536500,https://polymarket.com/zh/event/btc-updown-5m-1787536500,09:55-10:00,0.10,,,99.90,44685.40,,,44685.40,,,,,,4369.44,4384.44,,0,106,106,0,77199.19,76919.53,,
2026-08-24T09:59:50+08:00,btc-updown-5m-1787536500,https://polymarket.com/zh/event/btc-updown-5m-1787536500,09:55-10:00,0.10,,,99.90,44845.70,,,44845.70,,,,,,4175.40,4165.40,,0,107,107,0,77199.19,76919.52,,
2026-08-24T09:59:53+08:00,btc-updown-5m-1787536500,https://polymarket.com/zh/event/btc-updown-5m-1787536500,09:55-10:00,0.10,,,99.90,44945.70,,,47945.70,,,,,,4026.40,4030.40,,0,107,107,0,77199.19,76910.05,,
2026-08-24T09:59:55+08:00,btc-updown-5m-1787536500,https://polymarket.com/zh/event/btc-updown-5m-1787536500,09:55-10:00,0.10,,,99.90,47945.70,,,47945.70,,,,,,4010.40,4020.40,,0,106,106,0,77199.19,76909.63,,
2026-08-24T09:59:57+08:00,btc-updown-5m-1787536500,https://polymarket.com/zh/event/btc-updown-5m-1787536500,09:55-10:00,0.10,,,99.90,45000.70,,,45000.70,,,,,,2725.40,2721.40,,0,106,106,0,77199.19,76906.99,,
2026-08-24T10:00:00+08:00,btc-updown-5m-1787536500,https://polymarket.com/zh/event/btc-updown-5m-1787536500,09:55-10:00,0.10,,,99.90,45016.70,,,49421.10,,,,,,2695.40,2412.65,,0,106,105,0,77199.19,76910.97,,
2026-08-24T10:00:02+08:00,btc-updown-5m-1787536800,https://polymarket.com/zh/event/btc-updown-5m-1787536800,10:00-10:05,44.00,57.00,43.00,56.00,48.25,158.48,163.48,58.61,43.50,56.50,1.00,1.00,12435.08,15110.85,14515.85,12475.08,43,56,56,43,,76923.34,,
2026-08-24T10:00:05+08:00,btc-updown-5m-1787536800,https://polymarket.com/zh/event/btc-updown-5m-1787536800,10:00-10:05,44.00,57.00,43.00,56.00,198.00,570.18,540.18,170.58,43.50,56.50,1.00,1.00,13642.67,15505.85,15510.85,13627.67,43,56,56,43,,76934.80,,
2026-08-24T10:00:07+08:00,btc-updown-5m-1787536800,https://polymarket.com/zh/event/btc-updown-5m-1787536800,10:00-10:05,48.00,52.00,47.00,51.00,108.75,76.42,474.55,60.00,47.50,51.50,1.00,1.00,14614.08,15882.26,15787.26,14594.08,47,52,51,48,,76942.44,,
2026-08-24T10:00:09+08:00,btc-updown-5m-1787536800,https://polymarket.com/zh/event/btc-updown-5m-1787536800,10:00-10:05,57.00,44.00,56.00,43.00,114.39,84.00,103.33,650.30,56.50,43.50,1.00,1.00,12729.08,12812.26,13112.26,12774.08,56,42,43,56,,76950.08,,
2026-08-24T10:00:12+08:00,btc-updown-5m-1787536800,https://polymarket.com/zh/event/btc-updown-5m-1787536800,10:00-10:05,56.00,45.00,55.00,44.00,104.64,552.56,351.16,119.00,55.50,44.50,1.00,1.00,13931.55,13262.26,13262.26,13991.56,55,44,44,55,,76965.36,,
2026-08-24T10:00:14+08:00,btc-updown-5m-1787536800,https://polymarket.com/zh/event/btc-updown-5m-1787536800,10:00-10:05,50.00,51.00,49.00,50.00,245.32,135.60,231.60,239.34,49.50,50.50,1.00,1.00,13592.55,14663.26,14408.26,13607.55,49,50,50,49,,76957.73,,
2026-08-24T10:00:16+08:00,btc-updown-5m-1787536800,https://polymarket.com/zh/event/btc-updown-5m-1787536800,10:00-10:05,49.00,52.00,48.00,51.00,177.00,61.76,218.32,307.70,48.50,51.50,1.00,1.00,13582.55,15058.26,15053.26,13592.55,48,51,51,48,,76947.75,,
2026-08-24T10:00:19+08:00,btc-updown-5m-1787536800,https://polymarket.com/zh/event/btc-updown-5m-1787536800,10:00-10:05,48.00,53.00,47.00,52.00,134.77,419.31,399.71,38.46,47.50,52.50,1.00,1.00,13158.54,14614.25,14264.25,12908.54,47,52,52,47,,76942.15,,
2026-08-24T10:00:21+08:00,btc-updown-5m-1787536800,https://polymarket.com/zh/event/btc-updown-5m-1787536800,10:00-10:05,45.00,58.00,44.00,57.00,254.20,29.40,152.13,113.33,44.50,57.50,1.00,1.00,11478.54,12919.25,12664.25,11468.54,44,55,57,42,,76938.62,,
2026-08-24T10:00:23+08:00,btc-updown-5m-1787536800,https://polymarket.com/zh/event/btc-updown-5m-1787536800,10:00-10:05,43.00,58.00,42.00,57.00,127.13,130.00,117.04,166.90,42.50,57.50,1.00,1.00,11295.95,12916.92,12831.92,11300.95,42,57,57,42,,76930.99,,
2026-08-24T10:00:26+08:00,btc-updown-5m-1787536800,https://polymarket.com/zh/event/btc-updown-5m-1787536800,10:00-10:05,44.00,57.00,43.00,56.00,961.50,166.33,166.33,661.50,43.50,56.50,1.00,1.00,10960.95,12281.92,12166.92,10955.95,43,56,56,43,,76928.40,,
2026-08-24T10:00:28+08:00,btc-updown-5m-1787536800,https://polymarket.com/zh/event/btc-updown-5m-1787536800,10:00-10:05,47.00,54.00,46.00,53.00,381.53,179.29,201.29,399.72,46.50,53.50,1.00,1.00,10618.54,12732.92,12642.92,10768.54,46,53,53,46,,76938.62,,
2026-08-24T10:00:30+08:00,btc-updown-5m-1787536800,https://polymarket.com/zh/event/btc-updown-5m-1787536800,10:00-10:05,43.00,57.00,42.00,56.00,347.33,75.00,28.40,904.59,42.50,56.50,1.00,1.00,10205.95,12172.92,12167.92,10270.95,42,57,56,43,,76929.62,,
2026-08-24T10:00:33+08:00,btc-updown-5m-1787536800,https://polymarket.com/zh/event/btc-updown-5m-1787536800,10:00-10:05,42.00,59.00,41.00,58.00,85.73,55.00,13.33,200.04,41.50,58.50,1.00,1.00,9955.95,11904.92,11849.92,10055.95,41,58,58,41,,76927.17,,
2026-08-24T10:00:35+08:00,btc-updown-5m-1787536800,https://polymarket.com/zh/event/btc-updown-5m-1787536800,10:00-10:05,39.00,62.00,38.00,61.00,248.80,346.33,504.33,172.00,38.50,61.50,1.00,1.00,9800.95,10933.93,10983.93,9765.95,38,61,61,38,,76927.17,,
2026-08-24T10:00:37+08:00,btc-updown-5m-1787536800,https://polymarket.com/zh/event/btc-updown-5m-1787536800,10:00-10:05,38.00,63.00,37.00,62.00,123.18,371.20,355.00,235.18,37.50,62.50,1.00,1.00,9811.95,10883.92,10993.92,9811.95,37,62,62,37,,76923.35,,
2026-08-24T10:00:40+08:00,btc-updown-5m-1787536800,https://polymarket.com/zh/event/btc-updown-5m-1787536800,10:00-10:05,35.00,67.00,34.00,66.00,977.15,412.58,101.37,395.00,34.50,66.50,1.00,1.00,9536.95,10953.92,10948.92,9551.95,34,65,66,33,,76904.11,,
2026-08-24T10:00:42+08:00,btc-updown-5m-1787536800,https://polymarket.com/zh/event/btc-updown-5m-1787536800,10:00-10:05,30.00,71.00,29.00,70.00,61.33,550.07,312.47,143.80,29.50,70.50,1.00,1.00,9297.95,10948.93,10843.92,9327.95,29,70,70,29,,76896.61,,
2026-08-24T10:00:44+08:00,btc-updown-5m-1787536800,https://polymarket.com/zh/event/btc-updown-5m-1787536800,10:00-10:05,30.00,71.00,29.00,70.00,150.88,574.37,574.37,150.88,29.50,70.50,1.00,1.00,9338.95,10958.92,10858.92,9343.95,29,70,70,29,,76894.45,,
2026-08-24T10:00:47+08:00,btc-updown-5m-1787536800,https://polymarket.com/zh/event/btc-updown-5m-1787536800,10:00-10:05,33.00,68.00,32.00,67.00,142.74,501.76,474.33,132.06,32.50,67.50,1.00,1.00,9388.95,10858.92,10968.93,9383.95,32,67,67,32,,76899.93,,
2026-08-24T10:00:49+08:00,btc-updown-5m-1787536800,https://polymarket.com/zh/event/btc-updown-5m-1787536800,10:00-10:05,31.00,70.00,30.00,69.00,1199.98,130.00,142.40,1112.50,30.50,69.50,1.00,1.00,9348.95,10933.92,10948.93,9353.95,30,69,69,30,,76899.45,,
2026-08-24T10:00:51+08:00,btc-updown-5m-1787536800,https://polymarket.com/zh/event/btc-updown-5m-1787536800,10:00-10:05,30.00,71.00,29.00,70.00,547.99,254.40,131.89,652.00,29.50,70.50,1.00,1.00,9338.95,10943.92,10838.92,9343.95,29,70,70,29,,76894.45,,
2026-08-24T10:00:54+08:00,btc-updown-5m-1787536800,https://polymarket.com/zh/event/btc-updown-5m-1787536800,10:00-10:05,29.00,72.00,28.00,71.00,199.55,452.38,477.06,217.39,28.50,71.50,1.00,1.00,8982.95,10688.92,10608.92,8977.95,28,71,71,28,,76884.73,,
2026-08-24T10:00:56+08:00,btc-updown-5m-1787536800,https://polymarket.com/zh/event/btc-updown-5m-1787536800,10:00-10:05,29.00,72.00,28.00,71.00,42.84,597.33,699.42,37.84,28.50,71.50,1.00,1.00,9012.95,10787.74,10792.74,8882.95,28,71,71,28,,76887.04,,
2026-08-24T10:00:58+08:00,btc-updown-5m-1787536800,https://polymarket.com/zh/event/btc-updown-5m-1787536800,10:00-10:05,30.00,71.00,29.00,70.00,330.93,376.37,270.42,184.10,29.50,70.50,1.00,1.00,8622.95,10712.74,10812.74,8792.95,29,70,70,29,,76889.22,,
2026-08-24T10:01:01+08:00,btc-updown-5m-1787536800,https://polymarket.com/zh/event/btc-updown-5m-1787536800,10:00-10:05,41.00,60.00,40.00,59.00,120.37,42.07,42.07,120.37,40.50,59.50,1.00,1.00,8789.95,14462.75,14462.75,8779.95,40,59,59,40,,76919.52,,
2026-08-24T10:01:03+08:00,btc-updown-5m-1787536800,https://polymarket.com/zh/event/btc-updown-5m-1787536800,10:00-10:05,41.00,62.00,40.00,61.00,558.39,182.98,97.88,369.44,40.50,61.50,1.00,1.00,8734.95,14156.99,14167.99,8679.95,40,59,61,38,,76928.52,,
2026-08-24T10:01:05+08:00,btc-updown-5m-1787536800,https://polymarket.com/zh/event/btc-updown-5m-1787536800,10:00-10:05,38.00,64.00,37.00,63.00,494.11,1.00,5.00,560.72,37.50,63.50,1.00,1.00,8349.95,13706.99,13697.99,8379.95,37,62,63,35,,76923.13,,
2026-08-24T10:01:08+08:00,btc-updown-5m-1787536800,https://polymarket.com/zh/event/btc-updown-5m-1787536800,10:00-10:05,39.00,61.00,38.00,60.00,88.39,227.31,239.33,104.78,38.50,60.50,1.00,1.00,8366.95,13405.00,13565.00,8376.95,38,61,60,39,,76918.52,,
2026-08-24T10:01:10+08:00,btc-updown-5m-1787536800,https://polymarket.com/zh/event/btc-updown-5m-1787536800,10:00-10:05,47.00,54.00,46.00,53.00,188.81,93.00,418.33,338.84,46.50,53.50,1.00,1.00,11986.95,13393.99,13298.99,12126.95,46,53,53,46,,76930.98,,
2026-08-24T10:01:12+08:00,btc-updown-5m-1787536800,https://polymarket.com/zh/event/btc-updown-5m-1787536800,10:00-10:05,53.00,48.00,52.00,47.00,51.65,5.00,143.33,449.15,52.50,47.50,1.00,1.00,11948.95,13146.99,13071.99,12058.95,52,47,47,52,,76951.46,,
2026-08-24T10:01:15+08:00,btc-updown-5m-1787536800,https://polymarket.com/zh/event/btc-updown-5m-1787536800,10:00-10:05,55.00,46.00,54.00,45.00,350.33,53.75,58.75,320.33,54.50,45.50,1.00,1.00,12568.95,12111.99,12116.99,12733.95,54,45,45,54,,76961.90,,
2026-08-24T10:01:17+08:00,btc-updown-5m-1787536800,https://polymarket.com/zh/event/btc-updown-5m-1787536800,10:00-10:05,50.00,50.00,49.00,49.00,15.00,277.33,265.00,166.00,49.50,49.50,1.00,1.00,12412.95,12066.99,11960.99,12422.95,49,50,49,50,,76953.96,,
2026-08-24T10:01:20+08:00,btc-updown-5m-1787536800,https://polymarket.com/zh/event/btc-updown-5m-1787536800,10:00-10:05,51.00,50.00,50.00,49.00,488.00,219.00,104.00,323.00,50.50,49.50,1.00,1.00,12567.95,11960.99,11960.99,12517.95,50,49,49,50,,76953.96,,
2026-08-24T10:01:22+08:00,btc-updown-5m-1787536800,https://polymarket.com/zh/event/btc-updown-5m-1787536800,10:00-10:05,52.00,49.00,51.00,48.00,10.00,223.92,260.33,231.76,51.50,48.50,1.00,1.00,12407.95,11960.99,11960.99,12512.95,51,48,48,51,,76953.96,,
2026-08-24T10:01:24+08:00,btc-updown-5m-1787536800,https://polymarket.com/zh/event/btc-updown-5m-1787536800,10:00-10:05,54.00,47.00,53.00,46.00,537.45,29.44,136.07,701.45,53.50,46.50,1.00,1.00,12527.95,11965.99,11975.99,12932.95,53,46,46,53,,76953.96,,
2026-08-24T10:01:27+08:00,btc-updown-5m-1787536800,https://polymarket.com/zh/event/btc-updown-5m-1787536800,10:00-10:05,53.00,47.00,52.00,46.00,75.00,62.00,188.95,353.45,52.50,46.50,1.00,1.00,12882.95,11980.99,11960.99,13457.95,52,47,46,53,,76957.05,,
2026-08-24T10:01:29+08:00,btc-updown-5m-1787536800,https://polymarket.com/zh/event/btc-updown-5m-1787536800,10:00-10:05,52.00,49.00,51.00,48.00,650.00,25.00,25.00,655.00,51.50,48.50,1.00,1.00,13362.95,11935.99,11935.99,12962.95,51,48,48,51,,76957.31,,
2026-08-24T10:01:32+08:00,btc-updown-5m-1787536800,https://polymarket.com/zh/event/btc-updown-5m-1787536800,10:00-10:05,52.00,49.00,51.00,48.00,742.19,48.18,48.18,737.19,51.50,48.50,1.00,1.00,13232.95,11960.99,11975.99,13137.96,51,48,48,51,,76955.22,,
2026-08-24T10:01:34+08:00,btc-updown-5m-1787536800,https://polymarket.com/zh/event/btc-updown-5m-1787536800,10:00-10:05,53.00,48.00,52.00,47.00,415.99,51.16,72.00,377.00,52.50,47.50,1.00,1.00,12877.95,11975.99,11960.99,12867.95,52,47,47,52,,76957.70,,
2026-08-24T10:01:36+08:00,btc-updown-5m-1787536800,https://polymarket.com/zh/event/btc-updown-5m-1787536800,10:00-10:05,57.00,43.00,56.00,42.00,73.99,162.00,125.00,62.00,56.50,42.50,1.00,1.00,13017.95,11930.99,11895.99,13002.95,56,43,42,57,,76961.41,,
2026-08-24T10:01:39+08:00,btc-updown-5m-1787536800,https://polymarket.com/zh/event/btc-updown-5m-1787536800,10:00-10:05,54.00,47.00,53.00,46.00,50.90,188.60,188.60,50.90,53.50,46.50,1.00,1.00,13562.96,11940.99,11925.99,13557.95,53,46,46,53,,76961.53,,
2026-08-24T10:01:41+08:00,btc-updown-5m-1787536800,https://polymarket.com/zh/event/btc-updown-5m-1787536800,10:00-10:05,58.00,43.00,57.00,42.00,4.11,203.87,180.00,22.38,57.50,42.50,1.00,1.00,13657.95,11925.99,11925.99,13567.96,57,42,42,57,,76965.36,,
2026-08-24T10:01:43+08:00,btc-updown-5m-1787536800,https://polymarket.com/zh/event/btc-updown-5m-1787536800,10:00-10:05,59.00,42.00,58.00,41.00,338.00,42.00,25.33,573.00,58.50,41.50,1.00,1.00,13157.95,11900.99,11905.99,13562.95,58,41,41,58,,76968.14,,
2026-08-24T10:01:46+08:00,btc-updown-5m-1787536800,https://polymarket.com/zh/event/btc-updown-5m-1787536800,10:00-10:05,55.00,47.00,54.00,46.00,381.00,109.00,50.33,501.74,54.50,46.50,1.00,1.00,12412.95,11940.99,11835.99,12462.95,54,45,46,53,,76961.54,,
2026-08-24T10:01:48+08:00,btc-updown-5m-1787536800,https://polymarket.com/zh/event/btc-updown-5m-1787536800,10:00-10:05,50.00,52.00,49.00,51.00,7.00,122.86,20.00,69.00,49.50,51.50,1.00,1.00,12742.95,11830.99,11976.99,12657.95,48,50,51,48,,76954.47,,
2026-08-24T10:01:50+08:00,btc-updown-5m-1787536800,https://polymarket.com/zh/event/btc-updown-5m-1787536800,10:00-10:05,50.00,51.00,49.00,50.00,166.00,579.24,515.87,50.00,49.50,50.50,1.00,1.00,12662.95,12087.00,12087.00,12647.95,49,50,50,49,,76949.55,,
2026-08-24T10:01:53+08:00,btc-updown-5m-1787536800,https://polymarket.com/zh/event/btc-updown-5m-1787536800,10:00-10:05,53.00,48.00,52.00,47.00,88.00,493.22,503.22,88.00,52.50,47.50,1.00,1.00,12207.95,11940.99,11945.99,12412.95,52,47,47,52,,76958.95,,
2026-08-24T10:01:55+08:00,btc-updown-5m-1787536800,https://polymarket.com/zh/event/btc-updown-5m-1787536800,10:00-10:05,45.00,56.00,44.00,55.00,100.60,40.71,223.98,276.60,44.50,55.50,1.00,1.00,12582.95,12145.99,12050.99,12582.95,44,55,55,44,,76946.26,,
2026-08-24T10:01:57+08:00,btc-updown-5m-1787536800,https://polymarket.com/zh/event/btc-updown-5m-1787536800,10:00-10:05,37.00,64.00,36.00,63.00,151.91,557.28,390.76,141.91,36.50,63.50,1.00,1.00,8058.38,13150.12,13165.12,8053.38,36,63,63,36,,76938.63,,
2026-08-24T10:02:00+08:00,btc-updown-5m-1787536800,https://polymarket.com/zh/event/btc-updown-5m-1787536800,10:00-10:05,34.00,66.00,33.00,65.00,58.68,100.00,620.29,29.00,33.50,65.50,1.00,1.00,8043.38,13025.12,13016.12,8028.38,33,66,65,34,,76927.17,,
2026-08-24T10:02:02+08:00,btc-updown-5m-1787536800,https://polymarket.com/zh/event/btc-updown-5m-1787536800,10:00-10:05,39.00,63.00,38.00,62.00,275.00,273.33,26.68,190.41,38.50,62.50,1.00,1.00,8173.38,12946.12,12972.12,8123.38,38,61,62,37,,76925.78,,
2026-08-24T10:02:04+08:00,btc-updown-5m-1787536800,https://polymarket.com/zh/event/btc-updown-5m-1787536800,10:00-10:05,30.00,71.00,29.00,70.00,87.16,398.58,383.58,93.65,29.50,70.50,1.00,1.00,8221.71,12912.12,13002.12,8222.71,29,70,70,29,,76908.73,,
2026-08-24T10:02:07+08:00,btc-updown-5m-1787536800,https://polymarket.com/zh/event/btc-updown-5m-1787536800,10:00-10:05,30.00,71.00,29.00,70.00,10.33,336.19,317.60,15.33,29.50,70.50,1.00,1.00,7644.38,12906.12,12906.13,7649.38,29,70,70,29,,76907.90,,
2026-08-24T10:02:09+08:00,btc-updown-5m-1787536800,https://polymarket.com/zh/event/btc-updown-5m-1787536800,10:00-10:05,25.00,77.00,24.00,76.00,103.35,55.00,407.12,498.80,24.50,76.50,1.00,1.00,9435.38,12791.12,12792.12,9410.38,24,75,76,23,,76893.01,,
2026-08-24T10:02:11+08:00,btc-updown-5m-1787536800,https://polymarket.com/zh/event/btc-updown-5m-1787536800,10:00-10:05,25.00,76.00,24.00,75.00,292.48,169.25,185.05,241.40,24.50,75.50,1.00,1.00,9432.95,12636.99,12526.99,9437.95,24,75,75,24,,76891.53,,
2026-08-24T10:02:14+08:00,btc-updown-5m-1787536800,https://polymarket.com/zh/event/btc-updown-5m-1787536800,10:00-10:05,25.00,76.00,24.00,75.00,187.35,169.30,174.30,201.14,24.50,75.50,1.00,1.00,9432.95,12816.15,12926.15,9579.42,24,75,75,24,,76893.01,,
2026-08-24T10:02:16+08:00,btc-updown-5m-1787536800,https://polymarket.com/zh/event/btc-updown-5m-1787536800,10:00-10:05,26.00,75.00,25.00,74.00,351.80,72.33,115.00,240.00,25.50,74.50,1.00,1.00,9594.42,12815.15,12805.15,9584.42,25,74,74,25,,76900.42,,
2026-08-24T10:02:18+08:00,btc-updown-5m-1787536800,https://polymarket.com/zh/event/btc-updown-5m-1787536800,10:00-10:05,22.00,79.00,21.00,78.00,272.12,160.18,174.70,231.00,21.50,78.50,1.00,1.00,9654.42,12810.15,12815.15,9649.42,21,78,78,21,,76892.80,,
2026-08-24T10:02:21+08:00,btc-updown-5m-1787536800,https://polymarket.com/zh/event/btc-updown-5m-1787536800,10:00-10:05,22.00,79.00,21.00,78.00,939.04,85.00,80.00,944.04,21.50,78.50,1.00,1.00,9654.42,12921.16,12811.16,9649.42,21,78,78,21,,76890.87,,
2026-08-24T10:02:23+08:00,btc-updown-5m-1787536800,https://polymarket.com/zh/event/btc-updown-5m-1787536800,10:00-10:05,21.00,80.00,20.00,79.00,18.16,443.80,472.95,36.32,20.50,79.50,1.00,1.00,10367.41,12916.16,12811.15,10372.41,20,79,79,20,,76888.97,,
2026-08-24T10:02:26+08:00,btc-updown-5m-1787536800,https://polymarket.com/zh/event/btc-updown-5m-1787536800,10:00-10:05,21.00,81.00,19.00,80.00,480.50,340.89,398.49,95.00,20.00,80.50,2.00,1.00,9741.93,12826.15,13041.15,9736.93,19,79,80,19,,76889.44,,
2026-08-24T10:02:28+08:00,btc-updown-5m-1787536800,https://polymarket.com/zh/event/btc-updown-5m-1787536800,10:00-10:05,19.00,82.00,18.00,81.00,168.25,70.29,80.90,251.51,18.50,81.50,1.00,1.00,9788.84,12925.16,13036.16,9793.84,18,81,81,18,,76888.97,,
2026-08-24T10:02:30+08:00,btc-updown-5m-1787536800,https://polymarket.com/zh/event/btc-updown-5m-1787536800,10:00-10:05,17.00,84.00,16.00,83.00,17.06,358.01,363.07,17.06,16.50,83.50,1.00,1.00,10198.56,12935.15,13035.15,10209.56,16,83,83,16,,76885.15,,
2026-08-24T10:02:33+08:00,btc-updown-5m-1787536800,https://polymarket.com/zh/event/btc-updown-5m-1787536800,10:00-10:05,15.00,86.00,14.00,85.00,220.64,83.23,103.23,229.22,14.50,85.50,1.00,1.00,12179.59,12955.14,12945.14,12180.59,14,85,85,14,,76872.26,,
2026-08-24T10:02:35+08:00,btc-updown-5m-1787536800,https://polymarket.com/zh/event/btc-updown-5m-1787536800,10:00-10:05,18.00,81.00,16.00,80.00,165.46,158.35,159.37,320.17,17.00,80.50,2.00,1.00,10859.90,13060.14,13086.14,10548.54,16,82,80,19,,76871.25,,
2026-08-24T10:02:37+08:00,btc-updown-5m-1787536800,https://polymarket.com/zh/event/btc-updown-5m-1787536800,10:00-10:05,18.00,83.00,17.00,82.00,296.99,104.59,104.59,416.35,17.50,82.50,1.00,1.00,10340.21,13215.14,13121.14,10335.21,17,82,82,17,,76894.42,,
2026-08-24T10:02:40+08:00,btc-updown-5m-1787536800,https://polymarket.com/zh/event/btc-updown-5m-1787536800,10:00-10:05,14.00,88.00,13.00,87.00,301.63,70.00,31.62,82.00,13.50,87.50,1.00,1.00,12733.59,13124.15,13219.15,12080.85,13,86,87,12,,76877.16,,
2026-08-24T10:02:42+08:00,btc-updown-5m-1787536800,https://polymarket.com/zh/event/btc-updown-5m-1787536800,10:00-10:05,14.00,87.00,13.00,86.00,55.99,555.33,577.69,89.55,13.50,86.50,1.00,1.00,12803.59,13115.14,13214.14,12658.59,13,86,86,13,,76881.52,,
2026-08-24T10:02:44+08:00,btc-updown-5m-1787536800,https://polymarket.com/zh/event/btc-updown-5m-1787536800,10:00-10:05,16.00,85.00,15.00,84.00,184.91,69.83,81.60,232.91,15.50,84.50,1.00,1.00,9017.88,13329.14,13349.15,10429.54,15,84,84,15,,76885.13,,
2026-08-24T10:02:47+08:00,btc-updown-5m-1787536800,https://polymarket.com/zh/event/btc-updown-5m-1787536800,10:00-10:05,23.00,78.00,22.00,77.00,177.60,130.00,223.33,264.60,22.50,77.50,1.00,1.00,10373.54,13566.14,13571.15,10443.54,22,77,77,22,,76896.60,,
2026-08-24T10:02:49+08:00,btc-updown-5m-1787536800,https://polymarket.com/zh/event/btc-updown-5m-1787536800,10:00-10:05,15.00,86.00,14.00,85.00,58.00,156.44,151.44,58.00,14.50,85.50,1.00,1.00,11632.59,13666.14,13565.14,11627.59,14,85,85,14,,76893.71,,
2026-08-24T10:02:51+08:00,btc-updown-5m-1787536800,https://polymarket.com/zh/event/btc-updown-5m-1787536800,10:00-10:05,15.00,86.00,14.00,85.00,156.65,396.60,375.00,191.00,14.50,85.50,1.00,1.00,10503.54,13161.14,13166.14,10513.54,14,85,85,14,,76887.09,,
2026-08-24T10:02:54+08:00,btc-updown-5m-1787536800,https://polymarket.com/zh/event/btc-updown-5m-1787536800,10:00-10:05,15.00,86.00,14.00,85.00,459.72,173.93,158.93,441.14,14.50,85.50,1.00,1.00,10493.54,13160.14,13160.14,10498.54,14,85,85,14,,76887.09,,
2026-08-24T10:02:56+08:00,btc-updown-5m-1787536800,https://polymarket.com/zh/event/btc-updown-5m-1787536800,10:00-10:05,14.00,87.00,13.00,86.00,287.67,102.20,102.20,253.38,13.50,86.50,1.00,1.00,12655.50,13255.05,13255.05,12666.50,13,86,86,13,,76883.04,,
2026-08-24T10:02:58+08:00,btc-updown-5m-1787536800,https://polymarket.com/zh/event/btc-updown-5m-1787536800,10:00-10:05,42.00,59.00,41.00,58.00,60.63,106.00,101.00,134.00,41.50,58.50,1.00,1.00,12454.46,15354.04,15245.04,12434.46,41,58,58,41,,76942.44,,
2026-08-24T10:03:01+08:00,btc-updown-5m-1787536800,https://polymarket.com/zh/event/btc-updown-5m-1787536800,10:00-10:05,44.00,57.00,43.00,56.00,105.16,64.81,90.00,113.59,43.50,56.50,1.00,1.00,12071.52,14900.88,15015.88,12136.52,43,56,56,43,,76950.08,,
2026-08-24T10:03:03+08:00,btc-updown-5m-1787536800,https://polymarket.com/zh/event/btc-updown-5m-1787536800,10:00-10:05,21.00,80.00,20.00,79.00,154.44,330.95,402.95,159.44,20.50,79.50,1.00,1.00,10821.51,12706.89,12795.89,10826.51,20,79,79,20,,76900.01,,
2026-08-24T10:03:05+08:00,btc-updown-5m-1787536800,https://polymarket.com/zh/event/btc-updown-5m-1787536800,10:00-10:05,20.00,82.00,19.00,81.00,467.93,160.54,122.00,702.00,19.50,81.50,1.00,1.00,11492.21,12579.89,12566.89,11492.21,19,80,81,18,,76905.87,,
2026-08-24T10:03:08+08:00,btc-updown-5m-1787536800,https://polymarket.com/zh/event/btc-updown-5m-1787536800,10:00-10:05,20.00,81.00,19.00,80.00,39.00,19.23,313.00,365.67,19.50,80.50,1.00,1.00,11080.65,12811.89,12695.89,11236.65,19,80,80,19,,76898.48,,
2026-08-24T10:03:10+08:00,btc-updown-5m-1787536800,https://polymarket.com/zh/event/btc-updown-5m-1787536800,10:00-10:05,17.00,84.00,16.00,83.00,365.00,117.44,111.44,375.00,16.50,83.50,1.00,1.00,11103.44,13601.89,12431.89,11103.44,16,83,83,16,,76898.48,,
2026-08-24T10:03:12+08:00,btc-updown-5m-1787536800,https://polymarket.com/zh/event/btc-updown-5m-1787536800,10:00-10:05,18.00,85.00,17.00,84.00,712.44,155.21,52.96,570.28,17.50,84.50,1.00,1.00,11109.44,12936.89,12560.89,10511.44,17,82,84,15,,76898.85,,
2026-08-24T10:03:15+08:00,btc-updown-5m-1787536800,https://polymarket.com/zh/event/btc-updown-5m-1787536800,10:00-10:05,10.00,91.00,9.00,90.00,155.03,421.74,423.17,215.21,9.50,90.50,1.00,1.00,10323.44,12360.89,12475.89,8380.07,9,90,90,9,,76869.97,,
2026-08-24T10:03:17+08:00,btc-updown-5m-1787536800,https://polymarket.com/zh/event/btc-updown-5m-1787536800,10:00-10:05,10.00,91.00,9.00,90.00,529.62,447.62,132.62,417.67,9.50,90.50,1.00,1.00,12815.61,12740.90,12651.90,12741.14,9,90,90,9,,76867.84,,
2026-08-24T10:03:19+08:00,btc-updown-5m-1787536800,https://polymarket.com/zh/event/btc-updown-5m-1787536800,10:00-10:05,14.00,88.00,13.00,87.00,670.61,173.72,10.66,5.00,13.50,87.50,1.00,1.00,8398.77,12630.89,12635.89,9954.82,13,86,87,12,,76887.26,,
2026-08-24T10:03:22+08:00,btc-updown-5m-1787536800,https://polymarket.com/zh/event/btc-updown-5m-1787536800,10:00-10:05,13.00,88.00,12.00,87.00,416.80,20.31,26.00,407.26,12.50,87.50,1.00,1.00,9371.60,12705.89,12610.89,9549.34,12,87,87,12,,76884.95,,
2026-08-24T10:03:24+08:00,btc-updown-5m-1787536800,https://polymarket.com/zh/event/btc-updown-5m-1787536800,10:00-10:05,10.00,91.00,9.00,90.00,577.98,36.50,126.58,567.34,9.50,90.50,1.00,1.00,12440.31,12705.89,12611.89,12405.31,9,90,90,9,,76884.95,,
2026-08-24T10:03:27+08:00,btc-updown-5m-1787536800,https://polymarket.com/zh/event/btc-updown-5m-1787536800,10:00-10:05,10.00,91.00,9.00,90.00,12.60,357.88,337.88,114.60,9.50,90.50,1.00,1.00,10603.77,12636.90,12730.89,10603.77,9,90,90,9,,76875.42,,
2026-08-24T10:03:29+08:00,btc-updown-5m-1787536800,https://polymarket.com/zh/event/btc-updown-5m-1787536800,10:00-10:05,15.00,86.00,14.00,85.00,5.44,664.00,603.06,10.44,14.50,85.50,1.00,1.00,11068.42,12720.89,12625.89,10466.47,14,85,85,14,,76885.14,,
2026-08-24T10:03:31+08:00,btc-updown-5m-1787536800,https://polymarket.com/zh/event/btc-updown-5m-1787536800,10:00-10:05,13.00,91.00,12.00,90.00,222.00,402.70,563.98,43.32,12.50,90.50,1.00,1.00,12200.69,12515.89,12630.89,8706.01,12,87,90,9,,76888.97,,
2026-08-24T10:03:34+08:00,btc-updown-5m-1787536800,https://polymarket.com/zh/event/btc-updown-5m-1787536800,10:00-10:05,10.00,91.00,9.00,90.00,209.09,240.51,241.61,184.09,9.50,90.50,1.00,1.00,9042.70,12525.89,12625.89,8560.30,9,90,90,9,,76884.19,,
2026-08-24T10:03:36+08:00,btc-updown-5m-1787536800,https://polymarket.com/zh/event/btc-updown-5m-1787536800,10:00-10:05,7.00,94.00,6.00,93.00,191.99,492.72,376.05,246.90,6.50,93.50,1.00,1.00,9220.41,12515.90,12515.90,9329.71,6,93,93,6,,76878.48,,
2026-08-24T10:03:38+08:00,btc-updown-5m-1787536800,https://polymarket.com/zh/event/btc-updown-5m-1787536800,10:00-10:05,7.00,94.00,6.00,93.00,140.00,583.13,628.13,140.00,6.50,93.50,1.00,1.00,11338.97,12521.89,12615.89,10358.97,6,93,93,6,,76878.05,,
2026-08-24T10:03:41+08:00,btc-updown-5m-1787536800,https://polymarket.com/zh/event/btc-updown-5m-1787536800,10:00-10:05,7.00,95.00,6.00,94.00,810.28,63.98,16.00,833.75,6.50,94.50,1.00,1.00,6175.79,12521.89,12515.89,6578.23,6,93,94,5,,76877.51,,
2026-08-24T10:03:43+08:00,btc-updown-5m-1787536800,https://polymarket.com/zh/event/btc-updown-5m-1787536800,10:00-10:05,5.00,96.00,4.00,95.00,710.42,129.21,129.21,700.21,4.50,95.50,1.00,1.00,5274.33,11571.89,11465.89,5269.33,4,95,95,4,,76876.24,,
2026-08-24T10:03:45+08:00,btc-updown-5m-1787536800,https://polymarket.com/zh/event/btc-updown-5m-1787536800,10:00-10:05,4.00,97.00,3.00,96.00,206.29,1329.92,1236.92,246.10,3.50,96.50,1.00,1.00,5061.81,11275.89,11175.89,5154.81,3,96,96,3,,76876.24,,
2026-08-24T10:03:48+08:00,btc-updown-5m-1787536800,https://polymarket.com/zh/event/btc-updown-5m-1787536800,10:00-10:05,4.00,97.00,3.00,96.00,682.10,1227.88,1227.88,744.10,3.50,96.50,1.00,1.00,4587.17,11160.89,11260.89,4592.17,3,96,96,3,,76876.24,,
2026-08-24T10:03:50+08:00,btc-updown-5m-1787536800,https://polymarket.com/zh/event/btc-updown-5m-1787536800,10:00-10:05,4.00,97.00,3.00,96.00,721.64,502.32,502.32,721.64,3.50,96.50,1.00,1.00,3856.37,11265.89,11176.89,3651.37,3,96,96,3,,76869.87,,
2026-08-24T10:03:52+08:00,btc-updown-5m-1787536800,https://polymarket.com/zh/event/btc-updown-5m-1787536800,10:00-10:05,5.00,96.00,4.00,95.00,532.30,113.98,107.70,641.70,4.50,95.50,1.00,1.00,4374.41,11899.23,11799.23,4179.15,4,95,95,4,,76882.94,,
2026-08-24T10:03:55+08:00,btc-updown-5m-1787536800,https://polymarket.com/zh/event/btc-updown-5m-1787536800,10:00-10:05,6.00,95.00,5.00,94.00,518.17,28.42,40.00,472.07,5.50,94.50,1.00,1.00,4695.40,13310.88,12598.89,4288.53,5,94,94,5,,76881.18,,
2026-08-24T10:03:57+08:00,btc-updown-5m-1787536800,https://polymarket.com/zh/event/btc-updown-5m-1787536800,10:00-10:05,5.00,96.00,4.00,95.00,461.88,28.54,100.00,461.63,4.50,95.50,1.00,1.00,5581.36,12546.89,11124.23,4153.24,4,95,95,4,,76888.96,,
2026-08-24T10:03:59+08:00,btc-updown-5m-1787536800,https://polymarket.com/zh/event/btc-updown-5m-1787536800,10:00-10:05,6.00,95.00,5.00,94.00,283.80,168.15,109.10,261.80,5.50,94.50,1.00,1.00,4368.81,12581.89,12681.89,4427.86,5,94,94,5,,76896.60,,
2026-08-24T10:04:02+08:00,btc-updown-5m-1787536800,https://polymarket.com/zh/event/btc-updown-5m-1787536800,10:00-10:05,15.00,88.00,13.00,86.00,91.98,207.83,245.00,127.00,14.00,87.00,2.00,2.00,5742.10,10560.90,10732.90,7412.43,13,85,86,12,,76900.42,,
2026-08-24T10:04:04+08:00,btc-updown-5m-1787536800,https://polymarket.com/zh/event/btc-updown-5m-1787536800,10:00-10:05,11.00,90.00,10.00,89.00,169.98,13.50,64.00,357.10,10.50,89.50,1.00,1.00,9502.38,10935.49,10841.49,9906.38,10,89,89,10,,76926.72,,
2026-08-24T10:04:06+08:00,btc-updown-5m-1787536800,https://polymarket.com/zh/event/btc-updown-5m-1787536800,10:00-10:05,19.00,83.00,18.00,82.00,284.00,196.34,158.09,207.50,18.50,82.50,1.00,1.00,4092.65,10556.49,10645.49,4087.65,18,81,82,17,,76938.61,,
2026-08-24T10:04:09+08:00,btc-updown-5m-1787536800,https://polymarket.com/zh/event/btc-updown-5m-1787536800,10:00-10:05,16.00,85.00,15.00,84.00,120.00,31.67,916.78,200.00,15.50,84.50,1.00,1.00,4142.65,10560.49,10560.49,4137.65,15,84,84,15,,76938.80,,
2026-08-24T10:04:11+08:00,btc-updown-5m-1787536800,https://polymarket.com/zh/event/btc-updown-5m-1787536800,10:00-10:05,10.00,91.00,9.00,90.00,105.00,368.00,339.00,100.00,9.50,90.50,1.00,1.00,6183.19,10663.50,10649.49,6183.19,9,90,90,9,,76941.50,,
2026-08-24T10:04:13+08:00,btc-updown-5m-1787536800,https://polymarket.com/zh/event/btc-updown-5m-1787536800,10:00-10:05,7.00,92.00,6.00,91.00,35.54,275.00,519.91,21.89,6.50,91.50,1.00,1.00,6125.75,10638.49,10553.49,6095.75,6,93,91,8,,76935.02,,
2026-08-24T10:04:16+08:00,btc-updown-5m-1787536800,https://polymarket.com/zh/event/btc-updown-5m-1787536800,10:00-10:05,11.00,86.00,10.00,85.00,24.61,24.89,172.01,57.29,10.50,85.50,1.00,1.00,5003.19,6544.49,6544.49,4861.88,10,89,85,13,,76944.90,,
2026-08-24T10:04:18+08:00,btc-updown-5m-1787536800,https://polymarket.com/zh/event/btc-updown-5m-1787536800,10:00-10:05,13.00,88.00,12.00,87.00,92.12,97.47,122.47,112.56,12.50,87.50,1.00,1.00,4092.02,6443.49,6454.50,4153.88,12,87,87,12,,76949.39,,
2026-08-24T10:04:20+08:00,btc-updown-5m-1787536800,https://polymarket.com/zh/event/btc-updown-5m-1787536800,10:00-10:05,18.00,84.00,16.00,83.00,62.50,367.67,619.88,40.00,17.00,83.50,2.00,1.00,3791.02,5846.49,5746.49,3791.02,16,82,83,16,,76961.38,,
2026-08-24T10:04:23+08:00,btc-updown-5m-1787536800,https://polymarket.com/zh/event/btc-updown-5m-1787536800,10:00-10:05,36.00,62.00,35.00,61.00,42.29,45.98,521.00,14.00,35.50,61.50,1.00,1.00,3779.55,5857.49,5862.49,3784.55,35,59,61,37,,76961.54,,
2026-08-24T10:04:25+08:00,btc-updown-5m-1787536800,https://polymarket.com/zh/event/btc-updown-5m-1787536800,10:00-10:05,81.00,20.00,80.00,17.00,357.00,82.52,100.00,60.00,80.50,18.50,1.00,3.00,4748.55,4932.67,4822.67,5150.55,79,19,16,80,,76995.92,,
2026-08-24T10:04:27+08:00,btc-updown-5m-1787536800,https://polymarket.com/zh/event/btc-updown-5m-1787536800,10:00-10:05,97.00,3.00,96.00,2.00,85.74,161.00,196.20,659.14,96.50,2.50,1.00,1.00,5120.55,3515.02,3173.28,5220.55,96,3,2,97,,77015.02,,
2026-08-24T10:04:30+08:00,btc-updown-5m-1787536800,https://polymarket.com/zh/event/btc-updown-5m-1787536800,10:00-10:05,,1.00,99.00,,,3215.11,2936.05,,,,,,4310.15,,,4320.16,99,0,0,99,,77037.94,,
2026-08-24T10:04:32+08:00,btc-updown-5m-1787536800,https://polymarket.com/zh/event/btc-updown-5m-1787536800,10:00-10:05,,1.00,99.00,,,5979.24,5949.19,,,,,,4250.14,,,4240.14,99,0,0,99,,77043.66,,
2026-08-24T10:04:34+08:00,btc-updown-5m-1787536800,https://polymarket.com/zh/event/btc-updown-5m-1787536800,10:00-10:05,,1.00,99.00,,,14977.48,14472.48,,,,,,4240.14,,,4250.14,99,0,0,99,,77041.76,,
2026-08-24T10:04:37+08:00,btc-updown-5m-1787536800,https://polymarket.com/zh/event/btc-updown-5m-1787536800,10:00-10:05,,1.00,99.00,,,17726.21,17640.21,,,,,,4267.14,,,4267.14,99,0,0,99,,77041.31,,
2026-08-24T10:04:39+08:00,btc-updown-5m-1787536800,https://polymarket.com/zh/event/btc-updown-5m-1787536800,10:00-10:05,,1.00,99.00,,,5034.81,4775.29,,,,,,4767.14,,,4767.14,99,0,0,99,,77045.58,,
2026-08-24T10:04:41+08:00,btc-updown-5m-1787536800,https://polymarket.com/zh/event/btc-updown-5m-1787536800,10:00-10:05,,1.00,99.00,,,6563.80,6553.80,,,,,,4772.14,,,4772.14,99,0,0,99,,77057.04,,
2026-08-24T10:04:44+08:00,btc-updown-5m-1787536800,https://polymarket.com/zh/event/btc-updown-5m-1787536800,10:00-10:05,,1.00,99.00,,,10489.80,10484.80,,,,,,4767.14,,,4772.15,99,0,0,99,,77072.32,,
2026-08-24T10:04:46+08:00,btc-updown-5m-1787536800,https://polymarket.com/zh/event/btc-updown-5m-1787536800,10:00-10:05,,1.00,99.00,,,10431.19,10431.19,,,,,,4227.14,,,4227.14,99,0,0,99,,77053.23,,
2026-08-24T10:04:48+08:00,btc-updown-5m-1787536800,https://polymarket.com/zh/event/btc-updown-5m-1787536800,10:00-10:05,,1.00,99.00,,,6654.42,6154.42,,,,,,4242.14,,,4252.14,99,0,0,99,,77026.57,,
2026-08-24T10:04:51+08:00,btc-updown-5m-1787536800,https://polymarket.com/zh/event/btc-updown-5m-1787536800,10:00-10:05,,1.00,99.00,,,6652.62,6647.61,,,,,,4232.15,,,4227.14,99,0,0,99,,77037.44,,
2026-08-24T10:04:53+08:00,btc-updown-5m-1787536800,https://polymarket.com/zh/event/btc-updown-5m-1787536800,10:00-10:05,,1.00,99.00,,,17227.97,17227.97,,,,,,4237.14,,,4237.14,99,0,0,99,,77051.76,,
2026-08-24T10:04:55+08:00,btc-updown-5m-1787536800,https://polymarket.com/zh/event/btc-updown-5m-1787536800,10:00-10:05,,1.00,99.00,,,19306.97,19306.97,,,,,,4722.14,,,4226.94,99,0,0,99,,77051.76,,
2026-08-24T10:04:58+08:00,btc-updown-5m-1787536800,https://polymarket.com/zh/event/btc-updown-5m-1787536800,10:00-10:05,,1.00,99.00,,,19242.97,19232.98,,,,,,3496.95,,,3476.94,99,0,0,99,,77066.58,,
2026-08-24T10:05:00+08:00,btc-updown-5m-1787537100,https://polymarket.com/zh/event/btc-updown-5m-1787537100,10:05-10:10,68.00,36.00,67.00,35.00,37.50,929.20,10.00,30.00,67.50,35.50,1.00,1.00,141080.67,141013.97,141038.97,141095.67,65,32,35,64,77066.57,77066.57,,
2026-08-24T10:05:03+08:00,btc-updown-5m-1787537100,https://polymarket.com/zh/event/btc-updown-5m-1787537100,10:05-10:10,74.00,27.00,73.00,26.00,129.00,880.01,576.41,88.59,73.50,26.50,1.00,1.00,16174.62,14539.09,14529.09,16534.62,73,26,26,73,77066.57,77061.56,,
2026-08-24T10:05:05+08:00,btc-updown-5m-1787537100,https://polymarket.com/zh/event/btc-updown-5m-1787537100,10:05-10:10,77.00,25.00,76.00,24.00,93.32,327.60,399.33,82.00,76.50,24.50,1.00,1.00,17606.62,16502.32,16563.33,17752.64,76,23,24,75,77066.57,77076.09,,
2026-08-24T10:05:07+08:00,btc-updown-5m-1787537100,https://polymarket.com/zh/event/btc-updown-5m-1787537100,10:05-10:10,69.00,32.00,68.00,31.00,43.33,509.00,751.30,273.33,68.50,31.50,1.00,1.00,17964.84,16815.54,16685.54,17959.84,68,31,31,68,77066.57,77079.97,,
2026-08-24T10:05:10+08:00,btc-updown-5m-1787537100,https://polymarket.com/zh/event/btc-updown-5m-1787537100,10:05-10:10,75.00,26.00,74.00,25.00,409.70,5.00,150.00,339.50,74.50,25.50,1.00,1.00,15849.84,14855.54,14845.54,15954.84,74,25,25,74,77066.57,77072.32,,
2026-08-24T10:05:12+08:00,btc-updown-5m-1787537100,https://polymarket.com/zh/event/btc-updown-5m-1787537100,10:05-10:10,73.00,28.00,72.00,27.00,529.50,17.16,25.00,542.97,72.50,27.50,1.00,1.00,16430.84,15241.54,15231.54,16540.84,72,27,27,72,77066.57,77057.04,,
2026-08-24T10:05:14+08:00,btc-updown-5m-1787537100,https://polymarket.com/zh/event/btc-updown-5m-1787537100,10:05-10:10,73.00,29.00,72.00,28.00,276.16,158.54,465.44,5.00,72.50,28.50,1.00,1.00,16550.84,16768.31,16820.54,16445.84,72,27,28,71,77066.57,77057.05,,
2026-08-24T10:05:17+08:00,btc-updown-5m-1787537100,https://polymarket.com/zh/event/btc-updown-5m-1787537100,10:05-10:10,83.00,18.00,80.00,17.00,199.58,64.19,49.60,242.66,81.50,17.50,3.00,1.00,16508.43,16056.47,17141.79,16498.44,80,17,17,82,77066.57,77105.60,,
2026-08-24T10:05:19+08:00,btc-updown-5m-1787537100,https://polymarket.com/zh/event/btc-updown-5m-1787537100,10:05-10:10,82.00,19.00,81.00,18.00,471.33,144.00,153.09,511.33,81.50,18.50,1.00,1.00,15716.84,17427.52,17495.52,15716.83,81,18,18,81,77066.57,77107.96,,
2026-08-24T10:05:21+08:00,btc-updown-5m-1787537100,https://polymarket.com/zh/event/btc-updown-5m-1787537100,10:05-10:10,79.00,22.00,78.00,21.00,368.36,34.00,284.96,533.36,78.50,21.50,1.00,1.00,14621.83,15973.52,15978.52,14526.83,78,21,21,78,77066.57,77091.33,,
2026-08-24T10:05:24+08:00,btc-updown-5m-1787537100,https://polymarket.com/zh/event/btc-updown-5m-1787537100,10:05-10:10,80.00,21.00,79.00,20.00,205.21,81.99,127.99,265.21,79.50,20.50,1.00,1.00,14396.83,15577.52,15727.52,14391.83,79,20,20,79,77066.57,77093.79,,
2026-08-24T10:05:26+08:00,btc-updown-5m-1787537100,https://polymarket.com/zh/event/btc-updown-5m-1787537100,10:05-10:10,80.00,21.00,79.00,20.00,523.37,208.00,198.88,388.37,79.50,20.50,1.00,1.00,14046.83,15631.52,15402.52,14151.83,79,20,20,79,77066.57,77099.86,,
2026-08-24T10:05:28+08:00,btc-updown-5m-1787537100,https://polymarket.com/zh/event/btc-updown-5m-1787537100,10:05-10:10,81.00,21.00,80.00,20.00,504.07,384.67,224.00,99.99,80.50,20.50,1.00,1.00,13906.83,15259.52,15169.52,13811.83,80,19,20,79,77066.57,77102.48,,
2026-08-24T10:05:31+08:00,btc-updown-5m-1787537100,https://polymarket.com/zh/event/btc-updown-5m-1787537100,10:05-10:10,85.00,16.00,84.00,15.00,31.99,199.45,447.95,7.00,84.50,15.50,1.00,1.00,13296.83,15520.51,15489.69,13401.83,84,15,15,84,77066.57,77127.19,,
2026-08-24T10:05:33+08:00,btc-updown-5m-1787537100,https://polymarket.com/zh/event/btc-updown-5m-1787537100,10:05-10:10,87.00,14.00,86.00,13.00,185.79,59.00,200.92,205.79,86.50,13.50,1.00,1.00,13081.83,15192.78,15198.78,13191.83,86,13,13,86,77066.57,77120.81,,
2026-08-24T10:05:35+08:00,btc-updown-5m-1787537100,https://polymarket.com/zh/event/btc-updown-5m-1787537100,10:05-10:10,88.00,12.00,87.00,11.00,65.50,181.70,296.14,97.41,87.50,11.50,1.00,1.00,12916.83,15206.10,15361.69,12821.83,87,12,11,88,77066.57,77129.62,,
2026-08-24T10:05:38+08:00,btc-updown-5m-1787537100,https://polymarket.com/zh/event/btc-updown-5m-1787537100,10:05-10:10,91.00,10.00,90.00,9.00,398.19,726.86,360.00,343.19,90.50,9.50,1.00,1.00,12926.83,14301.30,13242.59,12921.83,90,9,9,90,77066.57,77160.18,,
2026-08-24T10:05:40+08:00,btc-updown-5m-1787537100,https://polymarket.com/zh/event/btc-updown-5m-1787537100,10:05-10:10,88.00,13.00,87.00,12.00,120.16,509.98,494.98,110.16,87.50,12.50,1.00,1.00,12836.84,15083.76,15099.85,12821.83,87,12,12,87,77066.57,77141.09,,
2026-08-24T10:05:42+08:00,btc-updown-5m-1787537100,https://polymarket.com/zh/event/btc-updown-5m-1787537100,10:05-10:10,90.00,11.00,89.00,10.00,150.00,124.66,296.66,415.01,89.50,10.50,1.00,1.00,12753.83,16016.73,16039.14,12758.83,89,10,10,89,77066.57,77152.54,,
2026-08-24T10:05:45+08:00,btc-updown-5m-1787537100,https://polymarket.com/zh/event/btc-updown-5m-1787537100,10:05-10:10,89.00,12.00,88.00,11.00,67.91,369.48,369.48,55.91,88.50,11.50,1.00,1.00,12745.83,16059.85,16304.85,12840.83,88,11,11,88,77066.57,77145.49,,
2026-08-24T10:05:47+08:00,btc-updown-5m-1787537100,https://polymarket.com/zh/event/btc-updown-5m-1787537100,10:05-10:10,91.00,10.00,90.00,9.00,410.84,482.81,474.81,461.96,90.50,9.50,1.00,1.00,12840.84,14135.61,13836.61,12720.83,90,9,9,90,77066.57,77156.36,,
2026-08-24T10:05:50+08:00,btc-updown-5m-1787537100,https://polymarket.com/zh/event/btc-updown-5m-1787537100,10:05-10:10,88.00,13.00,87.00,12.00,92.00,784.26,784.26,92.00,87.50,12.50,1.00,1.00,12800.83,16166.36,16166.36,12715.84,87,12,12,87,77066.57,77141.08,,
2026-08-24T10:05:52+08:00,btc-updown-5m-1787537100,https://polymarket.com/zh/event/btc-updown-5m-1787537100,10:05-10:10,88.00,13.00,87.00,12.00,277.56,78.00,78.00,277.56,87.50,12.50,1.00,1.00,12695.83,15179.67,15209.67,12800.83,87,12,12,87,77066.57,77133.44,,
2026-08-24T10:05:54+08:00,btc-updown-5m-1787537100,https://polymarket.com/zh/event/btc-updown-5m-1787537100,10:05-10:10,85.00,16.00,84.00,15.00,74.00,403.00,272.00,73.64,84.50,15.50,1.00,1.00,12465.83,15187.45,15182.45,12565.83,84,15,15,84,77066.57,77114.35,,
2026-08-24T10:05:57+08:00,btc-updown-5m-1787537100,https://polymarket.com/zh/event/btc-updown-5m-1787537100,10:05-10:10,82.00,19.00,81.00,18.00,250.67,145.98,130.98,279.67,81.50,18.50,1.00,1.00,12215.83,14970.49,14965.49,12230.83,81,18,18,81,77066.57,77106.70,,
2026-08-24T10:05:59+08:00,btc-updown-5m-1787537100,https://polymarket.com/zh/event/btc-updown-5m-1787537100,10:05-10:10,86.00,15.00,85.00,14.00,47.03,489.24,439.24,47.03,85.50,14.50,1.00,1.00,12245.83,14680.46,14685.46,12260.83,85,14,14,85,77066.57,77122.12,,
2026-08-24T10:06:01+08:00,btc-updown-5m-1787537100,https://polymarket.com/zh/event/btc-updown-5m-1787537100,10:05-10:10,89.00,13.00,88.00,12.00,826.53,21.55,35.00,210.93,88.50,12.50,1.00,1.00,14230.83,11605.85,11607.23,14220.83,88,11,12,87,77066.57,77133.06,,
2026-08-24T10:06:04+08:00,btc-updown-5m-1787537100,https://polymarket.com/zh/event/btc-updown-5m-1787537100,10:05-10:10,89.00,12.00,88.00,11.00,214.98,555.59,684.33,259.98,88.50,11.50,1.00,1.00,14075.84,13443.41,13588.41,13975.83,88,11,11,88,77066.57,77129.06,,
2026-08-24T10:06:06+08:00,btc-updown-5m-1787537100,https://polymarket.com/zh/event/btc-updown-5m-1787537100,10:05-10:10,89.00,12.00,88.00,11.00,125.01,1678.83,1678.83,125.01,88.50,11.50,1.00,1.00,13730.83,11453.41,11448.41,13750.83,88,11,11,88,77066.57,77141.08,,
2026-08-24T10:06:08+08:00,btc-updown-5m-1787537100,https://polymarket.com/zh/event/btc-updown-5m-1787537100,10:05-10:10,90.00,11.00,89.00,10.00,280.11,308.61,308.61,280.11,89.50,10.50,1.00,1.00,13490.83,10968.88,11043.88,13600.83,89,10,10,89,77066.57,77150.75,,
2026-08-24T10:06:10+08:00,btc-updown-5m-1787537100,https://polymarket.com/zh/event/btc-updown-5m-1787537100,10:05-10:10,90.00,11.00,89.00,10.00,112.45,947.06,947.06,172.45,89.50,10.50,1.00,1.00,13495.83,12402.66,12462.36,13490.83,89,10,10,89,77066.57,77156.36,,
2026-08-24T10:06:13+08:00,btc-updown-5m-1787537100,https://polymarket.com/zh/event/btc-updown-5m-1787537100,10:05-10:10,90.00,11.00,89.00,10.00,419.90,199.67,191.82,374.90,89.50,10.50,1.00,1.00,14085.83,12088.59,11938.59,13975.83,89,10,10,89,77066.57,77145.95,,
2026-08-24T10:06:15+08:00,btc-updown-5m-1787537100,https://polymarket.com/zh/event/btc-updown-5m-1787537100,10:05-10:10,91.00,10.00,90.00,9.00,564.33,239.84,265.42,365.18,90.50,9.50,1.00,1.00,13500.83,12673.28,12663.35,13510.83,90,9,9,90,77066.57,77143.97,,
2026-08-24T10:06:18+08:00,btc-updown-5m-1787537100,https://polymarket.com/zh/event/btc-updown-5m-1787537100,10:05-10:10,90.00,11.00,89.00,10.00,374.94,697.22,146.84,86.00,89.50,10.50,1.00,1.00,13965.83,12685.46,12695.46,13575.83,89,10,10,89,77066.57,77137.26,,
2026-08-24T10:06:20+08:00,btc-updown-5m-1787537100,https://polymarket.com/zh/event/btc-updown-5m-1787537100,10:05-10:10,90.00,11.00,89.00,10.00,569.54,433.78,442.88,579.16,89.50,10.50,1.00,1.00,13965.83,12650.15,12640.15,14070.83,89,10,10,89,77066.57,77137.27,,
2026-08-24T10:06:22+08:00,btc-updown-5m-1787537100,https://polymarket.com/zh/event/btc-updown-5m-1787537100,10:05-10:10,89.00,12.00,88.00,11.00,272.33,271.47,170.06,224.00,88.50,11.50,1.00,1.00,13580.83,12741.45,12756.07,13480.83,88,11,11,88,77066.57,77125.81,,
2026-08-24T10:06:24+08:00,btc-updown-5m-1787537100,https://polymarket.com/zh/event/btc-updown-5m-1787537100,10:05-10:10,89.00,12.00,88.00,11.00,199.60,236.44,162.40,199.60,88.50,11.50,1.00,1.00,13485.83,11730.89,12789.48,13570.83,88,11,11,88,77066.57,77125.54,,
2026-08-24T10:06:27+08:00,btc-updown-5m-1787537100,https://polymarket.com/zh/event/btc-updown-5m-1787537100,10:05-10:10,90.00,11.00,89.00,10.00,495.79,1171.65,1063.06,473.56,89.50,10.50,1.00,1.00,13495.83,10942.16,10937.16,13605.83,89,10,10,89,77066.57,77134.39,,
2026-08-24T10:06:29+08:00,btc-updown-5m-1787537100,https://polymarket.com/zh/event/btc-updown-5m-1787537100,10:05-10:10,90.00,11.00,89.00,10.00,855.19,37.24,37.24,1060.19,89.50,10.50,1.00,1.00,13605.83,10701.82,12123.48,13495.83,89,10,10,89,77066.57,77127.09,,
2026-08-24T10:06:31+08:00,btc-updown-5m-1787537100,https://polymarket.com/zh/event/btc-updown-5m-1787537100,10:05-10:10,85.00,19.00,84.00,17.00,347.27,85.07,47.00,43.00,84.50,18.00,1.00,2.00,12683.83,10804.49,8651.83,13183.83,84,15,17,81,77066.57,77099.07,,
2026-08-24T10:06:34+08:00,btc-updown-5m-1787537100,https://polymarket.com/zh/event/btc-updown-5m-1787537100,10:05-10:10,86.00,15.00,85.00,14.00,792.54,58.33,38.33,522.54,85.50,14.50,1.00,1.00,12713.83,10933.49,10800.21,12803.83,85,14,14,85,77066.57,77109.96,,
2026-08-24T10:06:36+08:00,btc-updown-5m-1787537100,https://polymarket.com/zh/event/btc-updown-5m-1787537100,10:05-10:10,84.00,16.00,83.00,15.00,225.00,100.33,257.76,270.00,83.50,15.50,1.00,1.00,13308.84,10923.49,10090.16,13213.83,83,16,15,84,77066.57,77098.88,,
2026-08-24T10:06:38+08:00,btc-updown-5m-1787537100,https://polymarket.com/zh/event/btc-updown-5m-1787537100,10:05-10:10,86.00,15.00,85.00,14.00,508.33,126.00,126.00,580.24,85.50,14.50,1.00,1.00,12703.83,10829.16,10817.44,13308.83,85,14,14,85,77066.57,77099.07,,
2026-08-24T10:06:41+08:00,btc-updown-5m-1787537100,https://polymarket.com/zh/event/btc-updown-5m-1787537100,10:05-10:10,82.00,19.00,81.00,18.00,222.95,121.73,121.73,210.51,81.50,18.50,1.00,1.00,12703.83,10780.34,10780.34,12708.83,81,18,18,81,77066.57,77095.25,,
2026-08-24T10:06:43+08:00,btc-updown-5m-1787537100,https://polymarket.com/zh/event/btc-updown-5m-1787537100,10:05-10:10,81.00,20.00,80.00,19.00,411.50,467.80,583.93,693.89,80.50,19.50,1.00,1.00,13203.83,11017.56,11012.56,13308.83,80,19,19,80,77066.57,77083.79,,
2026-08-24T10:06:45+08:00,btc-updown-5m-1787537100,https://polymarket.com/zh/event/btc-updown-5m-1787537100,10:05-10:10,82.00,19.00,81.00,18.00,51.78,872.53,757.11,2.78,81.50,18.50,1.00,1.00,12703.83,10938.56,10808.56,12808.83,81,18,18,81,77066.57,77086.84,,
2026-08-24T10:06:48+08:00,btc-updown-5m-1787537100,https://polymarket.com/zh/event/btc-updown-5m-1787537100,10:05-10:10,81.00,20.00,80.00,19.00,672.19,393.58,400.44,526.93,80.50,19.50,1.00,1.00,12783.83,10918.56,10953.56,12783.84,80,19,19,80,77066.57,77086.52,,
2026-08-24T10:06:50+08:00,btc-updown-5m-1787537100,https://polymarket.com/zh/event/btc-updown-5m-1787537100,10:05-10:10,77.00,24.00,76.00,23.00,233.93,165.00,115.00,233.93,76.50,23.50,1.00,1.00,13378.83,11024.56,11024.56,13378.83,76,23,23,76,77066.57,77053.22,,
2026-08-24T10:06:52+08:00,btc-updown-5m-1787537100,https://polymarket.com/zh/event/btc-updown-5m-1787537100,10:05-10:10,74.00,27.00,73.00,26.00,259.96,127.71,106.02,108.96,73.50,26.50,1.00,1.00,12548.83,10496.41,10471.41,12933.83,73,26,26,73,77066.57,77055.13,,
2026-08-24T10:06:55+08:00,btc-updown-5m-1787537100,https://polymarket.com/zh/event/btc-updown-5m-1787537100,10:05-10:10,79.00,22.00,78.00,21.00,171.34,99.28,94.28,138.80,78.50,21.50,1.00,1.00,12468.83,10491.41,10491.41,12563.83,78,21,21,78,77066.57,77064.68,,
2026-08-24T10:06:57+08:00,btc-updown-5m-1787537100,https://polymarket.com/zh/event/btc-updown-5m-1787537100,10:05-10:10,75.00,27.00,74.00,26.00,158.99,12.37,34.30,612.66,74.50,26.50,1.00,1.00,12969.83,10466.41,10572.41,12819.83,74,25,26,73,77066.57,77053.23,,
2026-08-24T10:07:00+08:00,btc-updown-5m-1787537100,https://polymarket.com/zh/event/btc-updown-5m-1787537100,10:05-10:10,75.00,26.00,74.00,25.00,366.93,95.00,102.67,300.26,74.50,25.50,1.00,1.00,12374.83,10325.41,10320.41,12384.83,74,25,25,74,77066.57,77053.23,,
2026-08-24T10:07:02+08:00,btc-updown-5m-1787537100,https://polymarket.com/zh/event/btc-updown-5m-1787537100,10:05-10:10,78.00,23.00,77.00,22.00,50.66,385.99,150.33,50.00,77.50,22.50,1.00,1.00,12814.83,9583.08,10261.41,12909.83,77,22,22,77,77066.57,77064.53,,
2026-08-24T10:07:04+08:00,btc-updown-5m-1787537100,https://polymarket.com/zh/event/btc-updown-5m-1787537100,10:05-10:10,80.00,19.00,79.00,18.00,68.75,51.47,96.97,690.04,79.50,18.50,1.00,1.00,12414.83,9373.90,10875.56,12314.83,79,20,18,81,77066.57,77064.68,,
2026-08-24T10:07:07+08:00,btc-updown-5m-1787537100,https://polymarket.com/zh/event/btc-updown-5m-1787537100,10:05-10:10,83.00,17.00,82.00,16.00,32.60,269.40,187.00,340.00,82.50,16.50,1.00,1.00,12709.83,10760.56,8634.57,12819.83,82,17,16,83,77066.57,77069.80,,
2026-08-24T10:07:09+08:00,btc-updown-5m-1787537100,https://polymarket.com/zh/event/btc-updown-5m-1787537100,10:05-10:10,85.00,16.00,84.00,15.00,280.00,272.00,272.00,280.00,84.50,15.50,1.00,1.00,12689.83,8569.57,8564.57,12184.83,84,15,15,84,77066.57,77079.96,,
2026-08-24T10:07:11+08:00,btc-updown-5m-1787537100,https://polymarket.com/zh/event/btc-updown-5m-1787537100,10:05-10:10,83.00,18.00,82.00,17.00,710.98,25.00,25.00,710.98,82.50,17.50,1.00,1.00,12289.83,10794.56,10769.56,12179.83,82,17,17,82,77066.57,77072.33,,
2026-08-24T10:07:14+08:00,btc-updown-5m-1787537100,https://polymarket.com/zh/event/btc-updown-5m-1787537100,10:05-10:10,84.00,17.00,83.00,16.00,328.50,193.33,258.10,284.41,83.50,16.50,1.00,1.00,12794.83,10590.56,10595.56,12289.83,83,16,16,83,77066.57,77073.39,,
2026-08-24T10:07:16+08:00,btc-updown-5m-1787537100,https://polymarket.com/zh/event/btc-updown-5m-1787537100,10:05-10:10,86.00,15.00,85.00,14.00,226.51,15.00,288.43,519.92,85.50,14.50,1.00,1.00,12394.83,9138.90,9992.23,12184.83,85,14,14,85,77066.57,77076.14,,
2026-08-24T10:07:18+08:00,btc-updown-5m-1787537100,https://polymarket.com/zh/event/btc-updown-5m-1787537100,10:05-10:10,85.00,15.00,84.00,14.00,10.00,140.32,566.00,370.51,84.50,14.50,1.00,1.00,12301.61,10549.56,10544.56,12196.61,84,15,14,85,77066.57,77078.64,,
2026-08-24T10:07:21+08:00,btc-updown-5m-1787537100,https://polymarket.com/zh/event/btc-updown-5m-1787537100,10:05-10:10,85.00,16.00,84.00,15.00,405.34,172.75,167.75,410.34,84.50,15.50,1.00,1.00,12306.61,10594.56,10594.56,12211.61,84,15,15,84,77066.57,77075.37,,
2026-08-24T10:07:23+08:00,btc-updown-5m-1787537100,https://polymarket.com/zh/event/btc-updown-5m-1787537100,10:05-10:10,85.00,16.00,84.00,15.00,403.34,172.75,172.75,403.34,84.50,15.50,1.00,1.00,12301.61,10589.56,10589.56,12301.61,84,15,15,84,77066.57,77086.58,,
2026-08-24T10:07:25+08:00,btc-updown-5m-1787537100,https://polymarket.com/zh/event/btc-updown-5m-1787537100,10:05-10:10,85.00,16.00,84.00,15.00,403.34,172.75,172.75,403.34,84.50,15.50,1.00,1.00,12301.61,10589.56,10589.56,12301.61,84,15,15,84,77066.57,77093.07,,
2026-08-24T10:07:28+08:00,btc-updown-5m-1787537100,https://polymarket.com/zh/event/btc-updown-5m-1787537100,10:05-10:10,88.00,13.00,87.00,12.00,453.70,39.79,40.00,444.95,87.50,12.50,1.00,1.00,16316.61,11647.46,11667.46,16406.62,87,12,12,87,77066.57,77083.79,,
2026-08-24T10:07:30+08:00,btc-updown-5m-1787537100,https://polymarket.com/zh/event/btc-updown-5m-1787537100,10:05-10:10,87.00,16.00,86.00,15.00,716.60,50.00,5.00,328.00,86.50,15.50,1.00,1.00,12336.61,10782.46,10676.46,12441.61,86,13,15,84,77066.57,77080.66,,
2026-08-24T10:07:32+08:00,btc-updown-5m-1787537100,https://polymarket.com/zh/event/btc-updown-5m-1787537100,10:05-10:10,86.00,15.00,85.00,14.00,416.92,55.00,55.00,416.92,85.50,14.50,1.00,1.00,12341.61,10677.46,10681.46,12431.61,85,14,14,85,77066.57,77064.69,,
2026-08-24T10:07:35+08:00,btc-updown-5m-1787537100,https://polymarket.com/zh/event/btc-updown-5m-1787537100,10:05-10:10,82.00,18.00,81.00,17.00,60.00,1118.93,362.60,5.30,81.50,17.50,1.00,1.00,12831.61,10688.46,10688.46,12816.61,81,18,16,82,77066.57,77064.69,,
2026-08-24T10:07:37+08:00,btc-updown-5m-1787537100,https://polymarket.com/zh/event/btc-updown-5m-1787537100,10:05-10:10,85.00,15.00,84.00,14.00,130.00,257.04,466.86,310.00,84.50,14.50,1.00,1.00,12211.61,10596.86,10616.06,12201.61,84,15,14,85,77066.57,77069.63,,
2026-08-24T10:07:39+08:00,btc-updown-5m-1787537100,https://polymarket.com/zh/event/btc-updown-5m-1787537100,10:05-10:10,85.00,16.00,84.00,15.00,164.99,352.73,344.69,164.99,84.50,15.50,1.00,1.00,12326.61,10633.46,10632.66,12236.61,84,15,15,84,77066.57,77069.63,,
2026-08-24T10:07:42+08:00,btc-updown-5m-1787537100,https://polymarket.com/zh/event/btc-updown-5m-1787537100,10:05-10:10,84.00,17.00,83.00,16.00,524.33,67.69,67.69,274.33,83.50,16.50,1.00,1.00,12181.61,10713.46,10708.46,12291.61,83,16,16,83,77066.57,77064.69,,
2026-08-24T10:07:44+08:00,btc-updown-5m-1787537100,https://polymarket.com/zh/event/btc-updown-5m-1787537100,10:05-10:10,85.00,17.00,84.00,16.00,411.58,66.03,46.66,491.58,84.50,16.50,1.00,1.00,12196.61,9970.13,10647.46,12186.61,84,15,16,83,77066.57,77061.68,,
2026-08-24T10:07:46+08:00,btc-updown-5m-1787537100,https://polymarket.com/zh/event/btc-updown-5m-1787537100,10:05-10:10,85.00,16.00,84.00,15.00,184.94,408.43,61.00,199.94,84.50,15.50,1.00,1.00,12336.61,10634.35,10649.35,12201.61,84,15,15,84,77066.57,77060.87,,
2026-08-24T10:07:49+08:00,btc-updown-5m-1787537100,https://polymarket.com/zh/event/btc-updown-5m-1787537100,10:05-10:10,84.00,17.00,83.00,16.00,359.33,299.50,61.00,195.01,83.50,16.50,1.00,1.00,12741.61,10678.46,11313.84,12201.61,83,16,16,83,77066.57,77053.53,,
2026-08-24T10:07:51+08:00,btc-updown-5m-1787537100,https://polymarket.com/zh/event/btc-updown-5m-1787537100,10:05-10:10,83.00,18.00,82.00,17.00,35.01,780.23,655.23,28.98,82.50,17.50,1.00,1.00,12775.61,11323.84,11272.84,12185.61,82,17,17,82,77066.57,77051.97,,
2026-08-24T10:07:53+08:00,btc-updown-5m-1787537100,https://polymarket.com/zh/event/btc-updown-5m-1787537100,10:05-10:10,88.00,13.00,87.00,12.00,163.00,308.65,366.31,223.00,87.50,12.50,1.00,1.00,12800.61,11601.96,11591.96,12210.61,87,12,12,87,77066.57,77064.68,,
2026-08-24T10:07:56+08:00,btc-updown-5m-1787537100,https://polymarket.com/zh/event/btc-updown-5m-1787537100,10:05-10:10,88.00,13.00,87.00,12.00,599.00,32.60,32.60,599.00,87.50,12.50,1.00,1.00,12820.62,11502.57,11517.57,12705.62,87,12,12,87,77066.57,77063.12,,
2026-08-24T10:07:58+08:00,btc-updown-5m-1787537100,https://polymarket.com/zh/event/btc-updown-5m-1787537100,10:05-10:10,90.00,11.00,89.00,10.00,127.61,534.59,160.75,152.60,89.50,10.50,1.00,1.00,12710.52,9630.00,10185.47,12205.52,89,10,10,89,77066.57,77068.50,,
2026-08-24T10:08:00+08:00,btc-updown-5m-1787537100,https://polymarket.com/zh/event/btc-updown-5m-1787537100,10:05-10:10,93.00,8.00,92.00,7.00,105.79,839.89,722.00,190.79,92.50,7.50,1.00,1.00,12805.52,8289.77,8484.95,12190.52,92,7,7,92,77066.57,77082.56,,
2026-08-24T10:08:03+08:00,btc-updown-5m-1787537100,https://polymarket.com/zh/event/btc-updown-5m-1787537100,10:05-10:10,94.00,7.00,93.00,6.00,362.03,534.67,569.67,362.03,93.50,6.50,1.00,1.00,12660.52,8263.20,8178.20,12070.52,93,6,6,93,77066.57,77091.42,,
2026-08-24T10:08:05+08:00,btc-updown-5m-1787537100,https://polymarket.com/zh/event/btc-updown-5m-1787537100,10:05-10:10,94.00,7.00,93.00,6.00,341.99,601.05,628.07,330.28,93.50,6.50,1.00,1.00,12280.52,8473.47,8463.47,12685.52,93,6,6,93,77066.57,77086.55,,
2026-08-24T10:08:07+08:00,btc-updown-5m-1787537100,https://polymarket.com/zh/event/btc-updown-5m-1787537100,10:05-10:10,95.00,6.00,94.00,5.00,419.69,623.08,603.08,408.11,94.50,5.50,1.00,1.00,11635.52,7169.44,7107.86,11725.52,94,5,5,94,77066.57,77094.91,,
2026-08-24T10:08:09+08:00,btc-updown-5m-1787537100,https://polymarket.com/zh/event/btc-updown-5m-1787537100,10:05-10:10,97.00,4.00,96.00,3.00,895.26,462.70,402.70,953.06,96.50,3.50,1.00,1.00,11165.52,5613.61,5611.41,11755.52,96,3,3,96,77066.57,77106.14,,
2026-08-24T10:08:12+08:00,btc-updown-5m-1787537100,https://polymarket.com/zh/event/btc-updown-5m-1787537100,10:05-10:10,97.00,4.00,96.00,3.00,248.63,1013.40,929.04,188.63,96.50,3.50,1.00,1.00,11360.52,4958.97,4903.97,11255.52,96,3,3,96,77066.57,77106.14,,
2026-08-24T10:08:14+08:00,btc-updown-5m-1787537100,https://polymarket.com/zh/event/btc-updown-5m-1787537100,10:05-10:10,97.00,4.00,96.00,3.00,123.18,1202.74,1202.74,120.08,96.50,3.50,1.00,1.00,11345.52,4743.52,4740.42,11355.52,96,3,3,96,77066.57,77099.06,,
2026-08-24T10:08:17+08:00,btc-updown-5m-1787537100,https://polymarket.com/zh/event/btc-updown-5m-1787537100,10:05-10:10,97.00,4.00,96.00,3.00,164.66,1047.11,1047.11,247.43,96.50,3.50,1.00,1.00,11240.52,4742.00,4824.77,11370.53,96,3,3,96,77066.57,77098.84,,
2026-08-24T10:08:19+08:00,btc-updown-5m-1787537100,https://polymarket.com/zh/event/btc-updown-5m-1787537100,10:05-10:10,95.00,6.00,94.00,5.00,459.47,707.03,697.03,353.47,94.50,5.50,1.00,1.00,11220.52,7059.67,6943.67,11230.52,94,5,5,94,77066.57,77083.79,,
2026-08-24T10:08:21+08:00,btc-updown-5m-1787537100,https://polymarket.com/zh/event/btc-updown-5m-1787537100,10:05-10:10,95.00,6.00,94.00,5.00,260.85,731.55,716.55,121.65,94.50,5.50,1.00,1.00,11190.52,6091.37,5999.79,11200.52,94,5,5,94,77066.57,77083.79,,
2026-08-24T10:08:24+08:00,btc-updown-5m-1787537100,https://polymarket.com/zh/event/btc-updown-5m-1787537100,10:05-10:10,96.00,5.00,95.00,4.00,451.18,426.12,260.70,372.12,95.50,4.50,1.00,1.00,11230.53,5796.95,5682.89,11720.53,95,4,4,95,77066.57,77083.79,,
2026-08-24T10:08:26+08:00,btc-updown-5m-1787537100,https://polymarket.com/zh/event/btc-updown-5m-1787537100,10:05-10:10,96.00,5.00,95.00,4.00,283.12,503.98,245.07,100.00,95.50,4.50,1.00,1.00,11330.52,5547.97,5089.85,11230.52,95,4,4,95,77066.57,77080.03,,
2026-08-24T10:08:28+08:00,btc-updown-5m-1787537100,https://polymarket.com/zh/event/btc-updown-5m-1787537100,10:05-10:10,97.00,4.00,96.00,3.00,688.83,115.00,115.00,688.83,96.50,3.50,1.00,1.00,11725.52,5447.74,5447.74,11830.52,96,3,3,96,77066.57,77079.97,,
2026-08-24T10:08:31+08:00,btc-updown-5m-1787537100,https://polymarket.com/zh/event/btc-updown-5m-1787537100,10:05-10:10,93.00,8.00,92.00,7.00,61.50,545.07,318.91,65.00,92.50,7.50,1.00,1.00,11205.52,7481.19,7236.19,11105.52,92,7,7,92,77066.57,77079.97,,
2026-08-24T10:08:33+08:00,btc-updown-5m-1787537100,https://polymarket.com/zh/event/btc-updown-5m-1787537100,10:05-10:10,93.00,8.00,92.00,7.00,184.55,559.52,409.52,146.29,92.50,7.50,1.00,1.00,11710.52,7532.79,6777.79,11720.52,92,7,7,92,77066.57,77060.87,,
2026-08-24T10:08:35+08:00,btc-updown-5m-1787537100,https://polymarket.com/zh/event/btc-updown-5m-1787537100,10:05-10:10,96.00,5.00,95.00,4.00,130.20,403.76,403.18,130.20,95.50,4.50,1.00,1.00,10955.52,5452.36,5452.36,11075.52,95,4,4,95,77066.57,77060.87,,
2026-08-24T10:08:38+08:00,btc-updown-5m-1787537100,https://polymarket.com/zh/event/btc-updown-5m-1787537100,10:05-10:10,97.00,4.00,96.00,3.00,98.65,408.05,398.69,154.65,96.50,3.50,1.00,1.00,10955.52,4973.21,4969.21,10840.52,96,3,3,96,77066.57,77081.40,,
2026-08-24T10:08:40+08:00,btc-updown-5m-1787537100,https://polymarket.com/zh/event/btc-updown-5m-1787537100,10:05-10:10,98.00,3.00,97.00,2.00,505.86,437.55,452.97,525.86,97.50,2.50,1.00,1.00,10755.52,3419.27,3439.27,10855.52,97,2,2,97,77066.57,77085.68,,
2026-08-24T10:08:42+08:00,btc-updown-5m-1787537100,https://polymarket.com/zh/event/btc-updown-5m-1787537100,10:05-10:10,98.00,3.00,97.00,2.00,545.53,716.80,716.80,545.53,97.50,2.50,1.00,1.00,10870.52,3307.93,3307.93,10870.52,97,2,2,97,77066.57,77080.90,,
2026-08-24T10:08:45+08:00,btc-updown-5m-1787537100,https://polymarket.com/zh/event/btc-updown-5m-1787537100,10:05-10:10,99.00,2.00,98.00,1.00,2683.35,578.08,578.08,2658.35,98.50,1.50,1.00,1.00,10871.91,2683.35,2658.35,10861.91,98,1,1,98,77066.57,77085.45,,
2026-08-24T10:08:47+08:00,btc-updown-5m-1787537100,https://polymarket.com/zh/event/btc-updown-5m-1787537100,10:05-10:10,99.00,2.00,98.00,1.00,986.92,1002.32,913.32,992.86,98.50,1.50,1.00,1.00,10461.91,986.92,992.86,10366.91,98,1,1,98,77066.57,77094.40,,
2026-08-24T10:08:49+08:00,btc-updown-5m-1787537100,https://polymarket.com/zh/event/btc-updown-5m-1787537100,10:05-10:10,,1.00,99.00,,,2756.85,2296.94,,,,,,10366.91,,,10356.91,99,0,0,99,77066.57,77092.29,,
2026-08-24T10:08:52+08:00,btc-updown-5m-1787537100,https://polymarket.com/zh/event/btc-updown-5m-1787537100,10:05-10:10,,1.00,99.00,,,3471.05,3812.70,,,,,,10386.89,,,10441.92,99,0,0,99,77066.57,77093.52,,
2026-08-24T10:08:54+08:00,btc-updown-5m-1787537100,https://polymarket.com/zh/event/btc-updown-5m-1787537100,10:05-10:10,,1.00,99.00,,,3556.02,3556.02,,,,,,10381.89,,,10391.89,99,0,0,99,77066.57,77093.53,,
2026-08-24T10:08:56+08:00,btc-updown-5m-1787537100,https://polymarket.com/zh/event/btc-updown-5m-1787537100,10:05-10:10,,1.00,99.00,,,6055.67,6055.67,,,,,,10286.90,,,10291.90,99,0,0,99,77066.57,77104.83,,
2026-08-24T10:08:59+08:00,btc-updown-5m-1787537100,https://polymarket.com/zh/event/btc-updown-5m-1787537100,10:05-10:10,,1.00,99.00,,,10745.47,10740.48,,,,,,10351.91,,,10341.90,99,0,0,99,77066.57,77101.51,,
2026-08-24T10:09:01+08:00,btc-updown-5m-1787537100,https://polymarket.com/zh/event/btc-updown-5m-1787537100,10:05-10:10,,1.00,99.00,,,11453.08,11443.07,,,,,,9703.56,,,9688.56,99,0,0,99,77066.57,77104.93,,
2026-08-24T10:09:03+08:00,btc-updown-5m-1787537100,https://polymarket.com/zh/event/btc-updown-5m-1787537100,10:05-10:10,,1.00,99.00,,,13668.10,13668.10,,,,,,9783.55,,,9793.55,99,0,0,99,77066.57,77114.34,,
2026-08-24T10:09:06+08:00,btc-updown-5m-1787537100,https://polymarket.com/zh/event/btc-updown-5m-1787537100,10:05-10:10,,1.00,99.00,,,13438.07,13438.07,,,,,,9783.55,,,9788.55,99,0,0,99,77066.57,77117.71,,
2026-08-24T10:09:08+08:00,btc-updown-5m-1787537100,https://polymarket.com/zh/event/btc-updown-5m-1787537100,10:05-10:10,,1.00,99.00,,,15490.59,15490.59,,,,,,10283.55,,,10288.55,99,0,0,99,77066.57,77117.71,,
2026-08-24T10:09:10+08:00,btc-updown-5m-1787537100,https://polymarket.com/zh/event/btc-updown-5m-1787537100,10:05-10:10,,1.00,99.00,,,15670.69,15670.69,,,,,,9783.55,,,9788.55,99,0,0,99,77066.57,77115.97,,
2026-08-24T10:09:13+08:00,btc-updown-5m-1787537100,https://polymarket.com/zh/event/btc-updown-5m-1787537100,10:05-10:10,,1.00,99.00,,,15233.67,15233.67,,,,,,9778.55,,,10288.55,99,0,0,99,77066.57,77110.52,,
2026-08-24T10:09:15+08:00,btc-updown-5m-1787537100,https://polymarket.com/zh/event/btc-updown-5m-1787537100,10:05-10:10,,1.00,99.00,,,18533.82,18535.67,,,,,,5688.55,,,5698.55,99,0,0,99,77066.57,77110.53,,
2026-08-24T10:09:18+08:00,btc-updown-5m-1787537100,https://polymarket.com/zh/event/btc-updown-5m-1787537100,10:05-10:10,,1.00,99.00,,,18641.21,18614.02,,,,,,5693.56,,,5683.56,99,0,0,99,77066.57,77114.59,,
2026-08-24T10:09:20+08:00,btc-updown-5m-1787537100,https://polymarket.com/zh/event/btc-updown-5m-1787537100,10:05-10:10,,1.00,99.00,,,18728.48,18653.48,,,,,,6213.56,,,6188.55,99,0,0,99,77066.57,77114.60,,
2026-08-24T10:09:22+08:00,btc-updown-5m-1787537100,https://polymarket.com/zh/event/btc-updown-5m-1787537100,10:05-10:10,,1.00,99.00,,,19013.51,19013.51,,,,,,5688.55,,,5678.55,99,0,0,99,77066.57,77114.60,,
2026-08-24T10:09:25+08:00,btc-updown-5m-1787537100,https://polymarket.com/zh/event/btc-updown-5m-1787537100,10:05-10:10,,1.00,99.00,,,19123.51,19023.51,,,,,,6198.55,,,6193.55,99,0,0,99,77066.57,77123.34,,
2026-08-24T10:09:27+08:00,btc-updown-5m-1787537100,https://polymarket.com/zh/event/btc-updown-5m-1787537100,10:05-10:10,,1.00,99.00,,,19681.23,19630.72,,,,,,6193.55,,,5683.55,99,0,0,99,77066.57,77128.11,,
2026-08-24T10:09:29+08:00,btc-updown-5m-1787537100,https://polymarket.com/zh/event/btc-updown-5m-1787537100,10:05-10:10,,1.00,99.00,,,25207.85,25457.88,,,,,,6193.55,,,5681.55,99,0,0,99,77066.57,77133.44,,
2026-08-24T10:09:32+08:00,btc-updown-5m-1787537100,https://polymarket.com/zh/event/btc-updown-5m-1787537100,10:05-10:10,,1.00,99.00,,,25777.03,25777.03,,,,,,4939.22,,,4949.22,99,0,0,99,77066.57,77118.17,,
2026-08-24T10:09:34+08:00,btc-updown-5m-1787537100,https://polymarket.com/zh/event/btc-updown-5m-1787537100,10:05-10:10,,1.00,99.00,,,26498.48,26468.48,,,,,,4949.22,,,4959.22,99,0,0,99,77066.57,77118.18,,
2026-08-24T10:09:37+08:00,btc-updown-5m-1787537100,https://polymarket.com/zh/event/btc-updown-5m-1787537100,10:05-10:10,,1.00,99.00,,,28293.68,28293.68,,,,,,4944.22,,,4944.22,99,0,0,99,77066.57,77118.18,,
2026-08-24T10:09:39+08:00,btc-updown-5m-1787537100,https://polymarket.com/zh/event/btc-updown-5m-1787537100,10:05-10:10,,1.00,99.00,,,28138.65,28293.68,,,,,,5449.22,,,5479.23,99,0,0,99,77066.57,77102.73,,
2026-08-24T10:09:41+08:00,btc-updown-5m-1787537100,https://polymarket.com/zh/event/btc-updown-5m-1787537100,10:05-10:10,,1.00,99.00,,,27506.48,27756.51,,,,,,4954.23,,,5439.23,99,0,0,99,77066.57,77102.13,,
2026-08-24T10:09:44+08:00,btc-updown-5m-1787537100,https://polymarket.com/zh/event/btc-updown-5m-1787537100,10:05-10:10,,1.00,99.00,,,27732.46,27672.46,,,,,,4944.22,,,5434.22,99,0,0,99,77066.57,77102.13,,
2026-08-24T10:09:46+08:00,btc-updown-5m-1787537100,https://polymarket.com/zh/event/btc-updown-5m-1787537100,10:05-10:10,,1.00,99.00,,,27522.47,27502.46,,,,,,5419.22,,,5434.23,99,0,0,99,77066.57,77102.13,,
2026-08-24T10:09:48+08:00,btc-updown-5m-1787537100,https://polymarket.com/zh/event/btc-updown-5m-1787537100,10:05-10:10,,1.00,99.00,,,27422.51,27422.51,,,,,,4934.22,,,4954.22,99,0,0,99,77066.57,77095.25,,
2026-08-24T10:09:51+08:00,btc-updown-5m-1787537100,https://polymarket.com/zh/event/btc-updown-5m-1787537100,10:05-10:10,,1.00,99.00,,,31474.97,31474.97,,,,,,4669.17,,,4524.17,99,0,0,99,77066.57,77095.24,,
2026-08-24T10:09:53+08:00,btc-updown-5m-1787537100,https://polymarket.com/zh/event/btc-updown-5m-1787537100,10:05-10:10,,1.00,99.00,,,37729.97,37529.97,,,,,,4509.17,,,4534.17,99,0,0,99,77066.57,77092.08,,
2026-08-24T10:09:56+08:00,btc-updown-5m-1787537100,https://polymarket.com/zh/event/btc-updown-5m-1787537100,10:05-10:10,,1.00,99.00,,,39437.26,39442.27,,,,,,5009.18,,,5019.17,99,0,0,99,77066.57,77100.71,,
2026-08-24T10:09:58+08:00,btc-updown-5m-1787537100,https://polymarket.com/zh/event/btc-updown-5m-1787537100,10:05-10:10,,1.00,99.00,,,39684.86,39374.86,,,,,,3634.17,,,3644.17,99,0,0,99,77066.57,77106.70,,
2026-08-24T10:10:01+08:00,btc-updown-5m-1787537400,https://polymarket.com/zh/event/btc-updown-5m-1787537400,10:10-10:15,48.00,53.00,47.00,52.00,93.33,162.98,164.10,98.33,47.50,52.50,1.00,1.00,141192.29,141041.60,13936.60,14202.29,46,52,52,47,77111.04,77111.04,,
2026-08-24T10:10:03+08:00,btc-updown-5m-1787537400,https://polymarket.com/zh/event/btc-updown-5m-1787537400,10:10-10:15,49.00,53.00,48.00,52.00,160.93,39.90,93.33,337.33,48.50,52.50,1.00,1.00,15749.66,15063.98,15163.98,15889.66,48,51,52,47,77111.04,77106.70,,
2026-08-24T10:10:05+08:00,btc-updown-5m-1787537400,https://polymarket.com/zh/event/btc-updown-5m-1787537400,10:10-10:15,43.00,60.00,42.00,59.00,485.33,261.48,15.00,309.93,42.50,59.50,1.00,1.00,17097.18,17934.03,17924.03,17107.18,42,57,59,40,77111.04,77092.08,,
2026-08-24T10:10:08+08:00,btc-updown-5m-1787537400,https://polymarket.com/zh/event/btc-updown-5m-1787537400,10:10-10:15,41.00,60.00,40.00,59.00,526.96,250.00,250.00,462.28,40.50,59.50,1.00,1.00,14122.18,18084.03,17979.03,14112.18,40,59,59,40,77111.04,77087.83,,
2026-08-24T10:10:10+08:00,btc-updown-5m-1787537400,https://polymarket.com/zh/event/btc-updown-5m-1787537400,10:10-10:15,38.00,63.00,37.00,62.00,242.25,227.71,227.71,242.25,37.50,62.50,1.00,1.00,14122.18,14994.03,14909.03,14122.18,37,62,62,37,77111.04,77087.83,,
2026-08-24T10:10:12+08:00,btc-updown-5m-1787537400,https://polymarket.com/zh/event/btc-updown-5m-1787537400,10:10-10:15,40.00,61.00,39.00,60.00,403.76,93.38,68.38,408.76,39.50,60.50,1.00,1.00,14928.18,15840.03,15955.03,14928.18,39,60,60,39,77111.04,77085.45,,
2026-08-24T10:10:15+08:00,btc-updown-5m-1787537400,https://polymarket.com/zh/event/btc-updown-5m-1787537400,10:10-10:15,37.00,64.00,36.00,63.00,472.91,143.82,224.82,497.90,36.50,63.50,1.00,1.00,14457.18,16025.03,15935.03,14467.18,36,63,63,36,77111.04,77077.37,,
2026-08-24T10:10:17+08:00,btc-updown-5m-1787537400,https://polymarket.com/zh/event/btc-updown-5m-1787537400,10:10-10:15,39.00,62.00,38.00,61.00,210.48,90.00,70.00,172.78,38.50,61.50,1.00,1.00,15566.17,16617.32,16657.32,15596.17,38,61,61,38,77111.04,77085.45,,
2026-08-24T10:10:19+08:00,btc-updown-5m-1787537400,https://polymarket.com/zh/event/btc-updown-5m-1787537400,10:10-10:15,39.00,62.00,38.00,61.00,107.10,387.58,303.85,94.27,38.50,61.50,1.00,1.00,14636.17,15291.02,15286.02,14871.17,38,61,61,38,77111.04,77079.34,,
2026-08-24T10:10:22+08:00,btc-updown-5m-1787537400,https://polymarket.com/zh/event/btc-updown-5m-1787537400,10:10-10:15,34.00,67.00,33.00,66.00,20.03,624.65,150.00,3.93,33.50,66.50,1.00,1.00,13482.29,14352.02,14347.02,13517.29,33,66,66,33,77111.04,77076.15,,
2026-08-24T10:10:24+08:00,btc-updown-5m-1787537400,https://polymarket.com/zh/event/btc-updown-5m-1787537400,10:10-10:15,33.00,68.00,32.00,67.00,9.44,374.53,374.53,9.44,32.50,67.50,1.00,1.00,12976.29,14207.02,13511.02,12611.29,32,67,67,32,77111.04,77063.72,,
2026-08-24T10:10:26+08:00,btc-updown-5m-1787537400,https://polymarket.com/zh/event/btc-updown-5m-1787537400,10:10-10:15,35.00,65.00,34.00,64.00,227.00,293.97,188.65,34.88,34.50,64.50,1.00,1.00,12461.29,13256.02,13351.02,12386.29,34,65,64,35,77111.04,77070.45,,
2026-08-24T10:10:29+08:00,btc-updown-5m-1787537400,https://polymarket.com/zh/event/btc-updown-5m-1787537400,10:10-10:15,38.00,63.00,37.00,62.00,620.78,23.90,23.90,620.78,37.50,62.50,1.00,1.00,12156.29,13016.03,13021.02,12156.29,37,62,62,37,77111.04,77076.14,,
2026-08-24T10:10:31+08:00,btc-updown-5m-1787537400,https://polymarket.com/zh/event/btc-updown-5m-1787537400,10:10-10:15,44.00,57.00,43.00,56.00,575.55,5.00,10.00,576.39,43.50,56.50,1.00,1.00,12132.29,12443.02,12193.02,11872.29,43,56,56,43,77111.04,77091.54,,
2026-08-24T10:10:33+08:00,btc-updown-5m-1787537400,https://polymarket.com/zh/event/btc-updown-5m-1787537400,10:10-10:15,46.00,55.00,45.00,54.00,338.95,290.00,270.00,256.34,45.50,54.50,1.00,1.00,11489.82,12218.02,12123.02,11474.82,45,54,54,45,77111.04,77095.24,,
2026-08-24T10:10:36+08:00,btc-updown-5m-1787537400,https://polymarket.com/zh/event/btc-updown-5m-1787537400,10:10-10:15,48.00,54.00,47.00,53.00,305.40,284.91,5.00,57.00,47.50,53.50,1.00,1.00,11127.82,12233.02,12293.02,11062.82,47,52,53,46,77111.04,77099.06,,
2026-08-24T10:10:38+08:00,btc-updown-5m-1787537400,https://polymarket.com/zh/event/btc-updown-5m-1787537400,10:10-10:15,47.00,53.00,46.00,52.00,5.38,452.86,593.50,165.16,46.50,52.50,1.00,1.00,11458.82,12083.02,12078.02,11443.82,46,53,52,47,77111.04,77099.06,,
2026-08-24T10:10:40+08:00,btc-updown-5m-1787537400,https://polymarket.com/zh/event/btc-updown-5m-1787537400,10:10-10:15,48.00,53.00,47.00,52.00,137.51,627.27,627.27,137.51,47.50,52.50,1.00,1.00,11598.82,11778.02,11898.02,11603.82,47,52,52,47,77111.04,77104.80,,
2026-08-24T10:10:43+08:00,btc-updown-5m-1787537400,https://polymarket.com/zh/event/btc-updown-5m-1787537400,10:10-10:15,49.00,52.00,48.00,51.00,302.15,69.05,74.05,312.15,48.50,51.50,1.00,1.00,11535.82,11688.02,11768.02,11525.82,48,51,51,48,77111.04,77104.80,,
2026-08-24T10:10:45+08:00,btc-updown-5m-1787537400,https://polymarket.com/zh/event/btc-updown-5m-1787537400,10:10-10:15,49.00,52.00,48.00,51.00,340.07,52.62,52.62,363.54,48.50,51.50,1.00,1.00,11535.82,11778.02,11688.02,11545.82,48,51,51,48,77111.04,77104.80,,
2026-08-24T10:10:47+08:00,btc-updown-5m-1787537400,https://polymarket.com/zh/event/btc-updown-5m-1787537400,10:10-10:15,42.00,59.00,41.00,58.00,328.33,194.81,194.81,319.33,41.50,58.50,1.00,1.00,11513.29,11693.02,11693.02,11498.29,41,58,58,41,77111.04,77091.43,,
2026-08-24T10:10:49+08:00,btc-updown-5m-1787537400,https://polymarket.com/zh/event/btc-updown-5m-1787537400,10:10-10:15,47.00,54.00,46.00,53.00,16.00,562.36,582.36,16.00,46.50,53.50,1.00,1.00,11475.82,11858.02,11948.02,11465.82,46,53,53,46,77111.04,77101.40,,
2026-08-24T10:10:52+08:00,btc-updown-5m-1787537400,https://polymarket.com/zh/event/btc-updown-5m-1787537400,10:10-10:15,48.00,53.00,47.00,52.00,155.46,307.39,307.39,155.46,47.50,52.50,1.00,1.00,11525.82,11948.02,11948.02,11525.82,47,52,52,47,77111.04,77102.71,,
2026-08-24T10:10:54+08:00,btc-updown-5m-1787537400,https://polymarket.com/zh/event/btc-updown-5m-1787537400,10:10-10:15,46.00,56.00,45.00,55.00,144.15,336.60,206.08,300.33,45.50,55.50,1.00,1.00,11265.82,11458.02,11558.02,10874.82,45,54,55,44,77111.04,77096.08,,
2026-08-24T10:10:57+08:00,btc-updown-5m-1787537400,https://polymarket.com/zh/event/btc-updown-5m-1787537400,10:10-10:15,46.00,55.00,45.00,54.00,160.00,281.51,281.51,157.72,45.50,54.50,1.00,1.00,10632.29,11368.02,11473.02,10664.82,45,54,54,45,77111.04,77095.05,,
2026-08-24T10:10:59+08:00,btc-updown-5m-1787537400,https://polymarket.com/zh/event/btc-updown-5m-1787537400,10:10-10:15,56.00,45.00,55.00,44.00,232.64,42.03,42.03,312.64,55.50,44.50,1.00,1.00,10960.82,11369.69,11379.69,11060.82,55,44,44,55,77111.04,77114.34,,
2026-08-24T10:11:01+08:00,btc-updown-5m-1787537400,https://polymarket.com/zh/event/btc-updown-5m-1787537400,10:10-10:15,50.00,51.00,49.00,50.00,556.61,11.00,124.50,556.61,49.50,50.50,1.00,1.00,13188.39,12689.69,12479.69,13188.39,49,50,50,48,77111.04,77103.93,,
2026-08-24T10:11:04+08:00,btc-updown-5m-1787537400,https://polymarket.com/zh/event/btc-updown-5m-1787537400,10:10-10:15,46.00,54.00,45.00,53.00,10.00,416.37,74.00,47.00,45.50,53.50,1.00,1.00,12803.39,12758.54,13023.54,12818.39,45,54,53,46,77111.04,77099.07,,
2026-08-24T10:11:06+08:00,btc-updown-5m-1787537400,https://polymarket.com/zh/event/btc-updown-5m-1787537400,10:10-10:15,47.00,54.00,46.00,53.00,401.33,8.44,8.44,391.33,46.50,53.50,1.00,1.00,12555.39,12516.54,12416.54,12545.39,46,53,53,46,77111.04,77098.64,,
2026-08-24T10:11:09+08:00,btc-updown-5m-1787537400,https://polymarket.com/zh/event/btc-updown-5m-1787537400,10:10-10:15,48.00,53.00,47.00,52.00,283.98,369.34,369.34,283.98,47.50,52.50,1.00,1.00,11879.39,12386.54,12402.54,11889.39,47,52,52,47,77111.04,77098.63,,
2026-08-24T10:11:11+08:00,btc-updown-5m-1787537400,https://polymarket.com/zh/event/btc-updown-5m-1787537400,10:10-10:15,47.00,54.00,46.00,53.00,429.48,116.48,91.48,447.51,46.50,53.50,1.00,1.00,11874.39,12126.55,12132.54,11879.39,46,53,53,46,77111.04,77098.63,,
2026-08-24T10:11:13+08:00,btc-updown-5m-1787537400,https://polymarket.com/zh/event/btc-updown-5m-1787537400,10:10-10:15,46.00,55.00,45.00,54.00,78.00,627.62,627.62,78.00,45.50,54.50,1.00,1.00,11707.39,12109.54,12215.54,11707.39,45,54,54,45,77111.04,77098.63,,
2026-08-24T10:11:16+08:00,btc-updown-5m-1787537400,https://polymarket.com/zh/event/btc-updown-5m-1787537400,10:10-10:15,47.00,52.00,46.00,51.00,15.00,322.00,676.46,51.00,46.50,51.50,1.00,1.00,11647.39,12184.54,12089.54,11712.39,46,53,51,48,77111.04,77098.63,,
2026-08-24T10:11:18+08:00,btc-updown-5m-1787537400,https://polymarket.com/zh/event/btc-updown-5m-1787537400,10:10-10:15,52.00,43.00,51.00,42.00,6.00,77.00,144.13,9.29,51.50,42.50,1.00,1.00,12372.39,11418.54,11393.54,12422.40,51,48,40,57,77111.04,77106.70,,
2026-08-24T10:11:20+08:00,btc-updown-5m-1787537400,https://polymarket.com/zh/event/btc-updown-5m-1787537400,10:10-10:15,67.00,34.00,66.00,33.00,397.54,56.17,75.88,430.87,66.50,33.50,1.00,1.00,12957.40,11213.54,11228.54,13037.40,66,33,33,66,77111.04,77140.13,,
2026-08-24T10:11:23+08:00,btc-updown-5m-1787537400,https://polymarket.com/zh/event/btc-updown-5m-1787537400,10:10-10:15,68.00,33.00,67.00,32.00,83.60,313.67,313.67,83.60,67.50,32.50,1.00,1.00,12899.82,11151.87,11156.87,13004.82,67,32,32,67,77111.04,77144.05,,
2026-08-24T10:11:25+08:00,btc-updown-5m-1787537400,https://polymarket.com/zh/event/btc-updown-5m-1787537400,10:10-10:15,71.00,31.00,70.00,30.00,166.27,68.74,2.44,361.43,70.50,30.50,1.00,1.00,13856.90,11252.99,7237.99,13346.89,70,29,30,69,77111.04,77144.90,,
2026-08-24T10:11:27+08:00,btc-updown-5m-1787537400,https://polymarket.com/zh/event/btc-updown-5m-1787537400,10:10-10:15,73.00,28.00,72.00,27.00,192.33,326.05,99.25,152.33,72.50,27.50,1.00,1.00,12975.89,7033.99,7033.99,13075.89,72,27,27,72,77111.04,77148.72,,
2026-08-24T10:11:30+08:00,btc-updown-5m-1787537400,https://polymarket.com/zh/event/btc-updown-5m-1787537400,10:10-10:15,73.00,28.00,72.00,27.00,322.00,582.79,326.36,185.85,72.50,27.50,1.00,1.00,13575.89,7022.99,7007.99,12975.89,72,27,27,72,77111.04,77155.75,,
2026-08-24T10:11:32+08:00,btc-updown-5m-1787537400,https://polymarket.com/zh/event/btc-updown-5m-1787537400,10:10-10:15,78.00,23.00,77.00,22.00,280.27,271.13,311.13,295.27,77.50,22.50,1.00,1.00,13496.90,8746.32,8746.32,13386.89,77,22,22,77,77111.04,77163.63,,
2026-08-24T10:11:34+08:00,btc-updown-5m-1787537400,https://polymarket.com/zh/event/btc-updown-5m-1787537400,10:10-10:15,77.00,24.00,76.00,23.00,335.79,351.49,340.56,310.79,76.50,23.50,1.00,1.00,12835.89,7037.99,7037.99,12935.89,76,23,23,76,77111.04,77163.63,,
2026-08-24T10:11:37+08:00,btc-updown-5m-1787537400,https://polymarket.com/zh/event/btc-updown-5m-1787537400,10:10-10:15,80.00,21.00,79.00,20.00,174.75,164.00,575.11,434.71,79.50,20.50,1.00,1.00,12945.89,8987.80,8982.80,13345.89,79,20,20,79,77111.04,77167.76,,
2026-08-24T10:11:39+08:00,btc-updown-5m-1787537400,https://polymarket.com/zh/event/btc-updown-5m-1787537400,10:10-10:15,80.00,21.00,79.00,20.00,669.85,11.46,20.09,654.93,79.50,20.50,1.00,1.00,12855.89,9004.65,9004.65,13450.90,79,20,20,79,77111.04,77174.99,,
2026-08-24T10:11:42+08:00,btc-updown-5m-1787537400,https://polymarket.com/zh/event/btc-updown-5m-1787537400,10:10-10:15,82.00,19.00,81.00,18.00,545.13,33.98,102.09,514.88,81.50,18.50,1.00,1.00,12945.89,9027.80,9080.80,12840.89,81,18,18,81,77111.04,77176.44,,
2026-08-24T10:11:44+08:00,btc-updown-5m-1787537400,https://polymarket.com/zh/event/btc-updown-5m-1787537400,10:10-10:15,78.00,23.00,77.00,22.00,362.00,412.15,391.50,284.03,77.50,22.50,1.00,1.00,12795.89,9947.98,9952.98,12890.89,77,22,22,77,77111.04,77173.53,,
2026-08-24T10:11:46+08:00,btc-updown-5m-1787537400,https://polymarket.com/zh/event/btc-updown-5m-1787537400,10:10-10:15,83.00,18.00,82.00,17.00,412.25,55.00,67.00,410.41,82.50,17.50,1.00,1.00,12725.89,9183.71,9887.04,12830.90,82,17,17,82,77111.04,77173.53,,
2026-08-24T10:11:49+08:00,btc-updown-5m-1787537400,https://polymarket.com/zh/event/btc-updown-5m-1787537400,10:10-10:15,80.00,21.00,79.00,20.00,273.55,1282.35,1173.90,242.73,79.50,20.50,1.00,1.00,12715.89,9901.76,9906.76,12705.89,79,20,20,79,77111.04,77173.52,,
2026-08-24T10:11:51+08:00,btc-updown-5m-1787537400,https://polymarket.com/zh/event/btc-updown-5m-1787537400,10:10-10:15,80.00,20.00,79.00,19.00,34.37,208.33,1403.90,251.96,79.50,19.50,1.00,1.00,12720.89,9901.76,9906.76,12715.89,79,20,19,80,77111.04,77173.53,,
2026-08-24T10:11:54+08:00,btc-updown-5m-1787537400,https://polymarket.com/zh/event/btc-updown-5m-1787537400,10:10-10:15,82.00,19.00,81.00,18.00,443.09,48.83,101.47,437.03,81.50,18.50,1.00,1.00,13225.90,9964.76,9959.76,13220.89,81,18,18,81,77111.04,77173.53,,
2026-08-24T10:11:56+08:00,btc-updown-5m-1787537400,https://polymarket.com/zh/event/btc-updown-5m-1787537400,10:10-10:15,83.00,18.00,82.00,17.00,559.68,127.55,140.00,441.18,82.50,17.50,1.00,1.00,12830.89,10194.76,10184.76,12631.89,82,17,17,82,77111.04,77173.53,,
2026-08-24T10:11:58+08:00,btc-updown-5m-1787537400,https://polymarket.com/zh/event/btc-updown-5m-1787537400,10:10-10:15,83.00,18.00,82.00,17.00,452.39,55.17,55.17,452.39,82.50,17.50,1.00,1.00,13144.83,10078.64,10083.64,12629.82,82,17,17,82,77111.04,77178.50,,
2026-08-24T10:12:01+08:00,btc-updown-5m-1787537400,https://polymarket.com/zh/event/btc-updown-5m-1787537400,10:10-10:15,83.00,18.00,82.00,17.00,261.68,191.99,226.99,529.25,82.50,17.50,1.00,1.00,13383.24,10192.38,10202.38,13278.23,82,17,17,82,77111.04,77174.92,,
2026-08-24T10:12:03+08:00,btc-updown-5m-1787537400,https://polymarket.com/zh/event/btc-updown-5m-1787537400,10:10-10:15,85.00,15.00,84.00,14.00,130.47,199.06,107.73,117.24,84.50,14.50,1.00,1.00,12768.23,10158.38,10311.36,12643.23,84,15,14,85,77111.04,77179.39,,
2026-08-24T10:12:05+08:00,btc-updown-5m-1787537400,https://polymarket.com/zh/event/btc-updown-5m-1787537400,10:10-10:15,87.00,14.00,86.00,13.00,243.30,101.89,91.89,212.50,86.50,13.50,1.00,1.00,13223.23,10671.37,10671.37,12748.23,86,13,13,86,77111.04,77182.82,,
2026-08-24T10:12:08+08:00,btc-updown-5m-1787537400,https://polymarket.com/zh/event/btc-updown-5m-1787537400,10:10-10:15,88.00,13.00,87.00,12.00,68.47,267.12,258.20,42.12,87.50,12.50,1.00,1.00,12633.23,9230.36,10596.02,13138.24,87,12,12,87,77111.04,77185.35,,
2026-08-24T10:12:10+08:00,btc-updown-5m-1787537400,https://polymarket.com/zh/event/btc-updown-5m-1787537400,10:10-10:15,90.00,11.00,89.00,10.00,264.77,224.87,261.48,355.86,89.50,10.50,1.00,1.00,13287.12,11385.35,11420.35,13172.12,89,10,10,89,77111.04,77190.74,,
2026-08-24T10:12:12+08:00,btc-updown-5m-1787537400,https://polymarket.com/zh/event/btc-updown-5m-1787537400,10:10-10:15,90.00,10.00,89.00,9.00,5.00,142.00,560.66,475.31,89.50,9.50,1.00,1.00,12687.09,10377.67,11424.27,12662.09,89,10,9,90,77111.04,77190.74,,
2026-08-24T10:12:15+08:00,btc-updown-5m-1787537400,https://polymarket.com/zh/event/btc-updown-5m-1787537400,10:10-10:15,88.00,13.00,87.00,12.00,70.29,94.95,89.95,70.29,87.50,12.50,1.00,1.00,12882.09,11857.38,11847.38,13187.09,87,12,12,87,77111.04,77190.74,,
2026-08-24T10:12:17+08:00,btc-updown-5m-1787537400,https://polymarket.com/zh/event/btc-updown-5m-1787537400,10:10-10:15,89.00,12.00,88.00,11.00,230.07,1083.50,1135.85,240.07,88.50,11.50,1.00,1.00,12662.09,9463.39,9469.39,13167.09,88,11,11,88,77111.04,77194.26,,
2026-08-24T10:12:19+08:00,btc-updown-5m-1787537400,https://polymarket.com/zh/event/btc-updown-5m-1787537400,10:10-10:15,90.00,11.00,89.00,10.00,217.44,698.29,579.18,174.44,89.50,10.50,1.00,1.00,12772.09,9420.36,10838.02,13182.09,89,10,10,89,77111.04,77194.56,,
2026-08-24T10:12:22+08:00,btc-updown-5m-1787537400,https://polymarket.com/zh/event/btc-updown-5m-1787537400,10:10-10:15,92.00,9.00,91.00,8.00,184.08,277.19,250.24,154.08,91.50,8.50,1.00,1.00,12548.68,10660.45,10786.27,12643.68,91,8,8,91,77111.04,77201.11,,
2026-08-24T10:12:24+08:00,btc-updown-5m-1787537400,https://polymarket.com/zh/event/btc-updown-5m-1787537400,10:10-10:15,93.00,8.00,92.00,7.00,267.19,479.05,151.17,34.24,92.50,7.50,1.00,1.00,12715.59,10896.89,10984.95,12805.59,92,7,7,92,77111.04,77201.10,,
2026-08-24T10:12:26+08:00,btc-updown-5m-1787537400,https://polymarket.com/zh/event/btc-updown-5m-1787537400,10:10-10:15,93.00,8.00,92.00,7.00,142.72,384.34,369.34,142.72,92.50,7.50,1.00,1.00,12810.59,10810.96,10815.96,12705.59,92,7,7,92,77111.04,77203.60,,
2026-08-24T10:12:29+08:00,btc-updown-5m-1787537400,https://polymarket.com/zh/event/btc-updown-5m-1787537400,10:10-10:15,93.00,8.00,92.00,7.00,172.31,141.39,139.93,228.53,92.50,7.50,1.00,1.00,12720.59,10953.36,10660.96,12715.59,92,7,7,92,77111.04,77203.70,,
2026-08-24T10:12:31+08:00,btc-updown-5m-1787537400,https://polymarket.com/zh/event/btc-updown-5m-1787537400,10:10-10:15,97.00,3.00,96.00,2.00,105.00,113.00,347.57,964.60,96.50,2.50,1.00,1.00,11594.19,3678.72,3949.00,11574.19,96,3,2,97,77111.04,77234.44,,
2026-08-24T10:12:34+08:00,btc-updown-5m-1787537400,https://polymarket.com/zh/event/btc-updown-5m-1787537400,10:10-10:15,98.00,3.00,97.00,2.00,945.79,511.90,551.90,945.79,97.50,2.50,1.00,1.00,11469.18,3343.19,3343.19,11574.18,97,2,2,97,77111.04,77239.17,,
2026-08-24T10:12:36+08:00,btc-updown-5m-1787537400,https://polymarket.com/zh/event/btc-updown-5m-1787537400,10:10-10:15,98.00,3.00,97.00,2.00,979.42,472.32,452.32,939.61,97.50,2.50,1.00,1.00,11593.18,3349.97,3274.16,11678.18,97,2,2,97,77111.04,77234.57,,
2026-08-24T10:12:39+08:00,btc-updown-5m-1787537400,https://polymarket.com/zh/event/btc-updown-5m-1787537400,10:10-10:15,98.00,3.00,97.00,2.00,665.07,1100.95,1116.13,245.07,97.50,2.50,1.00,1.00,11503.18,3141.62,2706.62,11593.18,97,2,2,97,77111.04,77231.79,,
2026-08-24T10:12:41+08:00,btc-updown-5m-1787537400,https://polymarket.com/zh/event/btc-updown-5m-1787537400,10:10-10:15,98.00,4.00,97.00,3.00,1038.47,533.90,140.55,434.91,97.50,3.50,1.00,1.00,11954.15,3912.53,4081.26,11414.15,97,2,3,96,77111.04,77231.79,,
2026-08-24T10:12:43+08:00,btc-updown-5m-1787537400,https://polymarket.com/zh/event/btc-updown-5m-1787537400,10:10-10:15,95.00,6.00,94.00,5.00,502.65,315.00,300.00,528.87,94.50,5.50,1.00,1.00,11439.15,6904.03,6633.00,11454.15,94,5,5,94,77111.04,77213.67,,
2026-08-24T10:12:45+08:00,btc-updown-5m-1787537400,https://polymarket.com/zh/event/btc-updown-5m-1787537400,10:10-10:15,94.00,7.00,93.00,6.00,70.88,236.31,236.31,82.99,93.50,6.50,1.00,1.00,11580.01,8634.94,8624.94,11590.01,93,6,6,93,77111.04,77197.64,,
2026-08-24T10:12:48+08:00,btc-updown-5m-1787537400,https://polymarket.com/zh/event/btc-updown-5m-1787537400,10:10-10:15,98.00,3.00,97.00,2.00,556.95,234.30,10.00,561.95,97.50,2.50,1.00,1.00,11485.01,3777.26,3687.26,11590.01,97,2,2,97,77111.04,77221.30,,
2026-08-24T10:12:50+08:00,btc-updown-5m-1787537400,https://polymarket.com/zh/event/btc-updown-5m-1787537400,10:10-10:15,98.00,3.00,97.00,2.00,428.00,381.33,376.33,213.00,97.50,2.50,1.00,1.00,12080.01,3572.46,3286.46,11495.01,97,2,2,97,77111.04,77229.47,,
2026-08-24T10:12:53+08:00,btc-updown-5m-1787537400,https://polymarket.com/zh/event/btc-updown-5m-1787537400,10:10-10:15,98.00,3.00,97.00,2.00,65.00,812.99,812.99,5.00,97.50,2.50,1.00,1.00,12005.01,2183.86,2123.86,11995.02,97,2,2,97,77111.04,77240.40,,
2026-08-24T10:12:55+08:00,btc-updown-5m-1787537400,https://polymarket.com/zh/event/btc-updown-5m-1787537400,10:10-10:15,99.00,2.00,98.00,1.00,1985.32,507.69,507.69,1964.09,98.50,1.50,1.00,1.00,12095.02,1985.32,1964.09,11980.01,98,1,1,98,77111.04,77241.46,,
2026-08-24T10:12:57+08:00,btc-updown-5m-1787537400,https://polymarket.com/zh/event/btc-updown-5m-1787537400,10:10-10:15,99.00,2.00,98.00,1.00,1619.07,1297.69,1297.69,1597.84,98.50,1.50,1.00,1.00,11589.92,1619.07,1597.84,12079.92,98,1,1,98,77111.04,77242.58,,
2026-08-24T10:13:00+08:00,btc-updown-5m-1787537400,https://polymarket.com/zh/event/btc-updown-5m-1787537400,10:10-10:15,99.00,2.00,98.00,1.00,1305.42,1011.69,1232.69,1270.42,98.50,1.50,1.00,1.00,11549.92,1305.42,1270.42,11459.92,98,1,1,98,77111.04,77250.81,,
2026-08-24T10:13:02+08:00,btc-updown-5m-1787537400,https://polymarket.com/zh/event/btc-updown-5m-1787537400,10:10-10:15,,1.00,99.00,,,903.02,903.02,,,,,,11609.93,,,11614.93,99,0,0,99,77111.04,77248.77,,
2026-08-24T10:13:04+08:00,btc-updown-5m-1787537400,https://polymarket.com/zh/event/btc-updown-5m-1787537400,10:10-10:15,,1.00,99.00,,,911.83,911.83,,,,,,11634.92,,,11244.92,99,0,0,99,77111.04,77248.77,,
2026-08-24T10:13:07+08:00,btc-updown-5m-1787537400,https://polymarket.com/zh/event/btc-updown-5m-1787537400,10:10-10:15,,1.00,99.00,,,1809.11,1767.02,,,,,,11139.93,,,11144.93,99,0,0,99,77111.04,77248.78,,
2026-08-24T10:13:09+08:00,btc-updown-5m-1787537400,https://polymarket.com/zh/event/btc-updown-5m-1787537400,10:10-10:15,,1.00,99.00,,,1850.04,2069.04,,,,,,11129.92,,,11139.92,99,0,0,99,77111.04,77246.13,,
2026-08-24T10:13:11+08:00,btc-updown-5m-1787537400,https://polymarket.com/zh/event/btc-updown-5m-1787537400,10:10-10:15,,1.00,99.00,,,2271.04,2271.04,,,,,,11149.92,,,11139.92,99,0,0,99,77111.04,77244.23,,
2026-08-24T10:13:14+08:00,btc-updown-5m-1787537400,https://polymarket.com/zh/event/btc-updown-5m-1787537400,10:10-10:15,,1.00,99.00,,,3033.69,3028.64,,,,,,11114.92,,,11119.92,99,0,0,99,77111.04,77244.21,,
2026-08-24T10:13:16+08:00,btc-updown-5m-1787537400,https://polymarket.com/zh/event/btc-updown-5m-1787537400,10:10-10:15,,1.00,99.00,,,4444.70,3533.69,,,,,,11119.92,,,11119.93,99,0,0,99,77111.04,77240.41,,
2026-08-24T10:13:18+08:00,btc-updown-5m-1787537400,https://polymarket.com/zh/event/btc-updown-5m-1787537400,10:10-10:15,,1.00,99.00,,,4727.29,4727.29,,,,,,11614.92,,,11124.92,99,0,0,99,77111.04,77240.41,,
2026-08-24T10:13:21+08:00,btc-updown-5m-1787537400,https://polymarket.com/zh/event/btc-updown-5m-1787537400,10:10-10:15,,1.00,99.00,,,4722.34,4722.34,,,,,,11119.93,,,11104.92,99,0,0,99,77111.04,77251.86,,
2026-08-24T10:13:23+08:00,btc-updown-5m-1787537400,https://polymarket.com/zh/event/btc-updown-5m-1787537400,10:10-10:15,,1.00,99.00,,,6835.09,6489.79,,,,,,11104.92,,,11629.92,99,0,0,99,77111.04,77251.86,,
2026-08-24T10:13:25+08:00,btc-updown-5m-1787537400,https://polymarket.com/zh/event/btc-updown-5m-1787537400,10:10-10:15,,1.00,99.00,,,9404.10,9404.10,,,,,,11104.92,,,11119.92,99,0,0,99,77111.04,77259.95,,
2026-08-24T10:13:28+08:00,btc-updown-5m-1787537400,https://polymarket.com/zh/event/btc-updown-5m-1787537400,10:10-10:15,,1.00,99.00,,,12339.71,12339.71,,,,,,11119.92,,,11119.92,99,0,0,99,77111.04,77282.42,,
2026-08-24T10:13:30+08:00,btc-updown-5m-1787537400,https://polymarket.com/zh/event/btc-updown-5m-1787537400,10:10-10:15,,1.00,99.00,,,13521.22,13521.22,,,,,,11029.92,,,10919.92,99,0,0,99,77111.04,77293.88,,
2026-08-24T10:13:32+08:00,btc-updown-5m-1787537400,https://polymarket.com/zh/event/btc-updown-5m-1787537400,10:10-10:15,,1.00,99.00,,,14653.52,15101.12,,,,,,11544.92,,,11034.92,99,0,0,99,77111.04,77296.24,,
2026-08-24T10:13:35+08:00,btc-updown-5m-1787537400,https://polymarket.com/zh/event/btc-updown-5m-1787537400,10:10-10:15,,1.00,99.00,,,15856.13,15226.13,,,,,,11004.92,,,11009.92,99,0,0,99,77111.04,77299.46,,
2026-08-24T10:13:37+08:00,btc-updown-5m-1787537400,https://polymarket.com/zh/event/btc-updown-5m-1787537400,10:10-10:15,,1.00,99.00,,,15556.13,15556.13,,,,,,11504.92,,,11019.92,99,0,0,99,77111.04,77300.00,,
2026-08-24T10:13:39+08:00,btc-updown-5m-1787537400,https://polymarket.com/zh/event/btc-updown-5m-1787537400,10:10-10:15,,1.00,99.00,,,15025.53,15025.53,,,,,,11009.92,,,11519.92,99,0,0,99,77111.04,77290.07,,
2026-08-24T10:13:42+08:00,btc-updown-5m-1787537400,https://polymarket.com/zh/event/btc-updown-5m-1787537400,10:10-10:15,,1.00,99.00,,,15080.53,15080.53,,,,,,11014.92,,,11519.92,99,0,0,99,77111.04,77276.39,,
2026-08-24T10:13:44+08:00,btc-updown-5m-1787537400,https://polymarket.com/zh/event/btc-updown-5m-1787537400,10:10-10:15,,1.00,99.00,,,15868.13,15568.13,,,,,,11019.92,,,11004.92,99,0,0,99,77111.04,77299.26,,
2026-08-24T10:13:46+08:00,btc-updown-5m-1787537400,https://polymarket.com/zh/event/btc-updown-5m-1787537400,10:10-10:15,,1.00,99.00,,,15893.13,15893.13,,,,,,10724.92,,,10714.92,99,0,0,99,77111.04,77311.88,,
2026-08-24T10:13:49+08:00,btc-updown-5m-1787537400,https://polymarket.com/zh/event/btc-updown-5m-1787537400,10:10-10:15,,1.00,99.00,,,15993.79,15953.79,,,,,,10714.92,,,10704.92,99,0,0,99,77111.04,77309.90,,
2026-08-24T10:13:51+08:00,btc-updown-5m-1787537400,https://polymarket.com/zh/event/btc-updown-5m-1787537400,10:10-10:15,,1.00,99.00,,,15971.79,15971.79,,,,,,10709.92,,,10724.92,99,0,0,99,77111.04,77311.87,,
2026-08-24T10:13:53+08:00,btc-updown-5m-1787537400,https://polymarket.com/zh/event/btc-updown-5m-1787537400,10:10-10:15,,1.00,99.00,,,15746.79,15716.79,,,,,,10704.92,,,11214.92,99,0,0,99,77111.04,77311.88,,
2026-08-24T10:13:56+08:00,btc-updown-5m-1787537400,https://polymarket.com/zh/event/btc-updown-5m-1787537400,10:10-10:15,,1.00,99.00,,,15776.20,15771.19,,,,,,10112.93,,,10097.93,99,0,0,99,77111.04,77305.34,,
2026-08-24T10:13:58+08:00,btc-updown-5m-1787537400,https://polymarket.com/zh/event/btc-updown-5m-1787537400,10:10-10:15,,1.00,99.00,,,15676.19,15676.19,,,,,,10107.93,,,10107.93,99,0,0,99,77111.04,77325.69,,
2026-08-24T10:14:01+08:00,btc-updown-5m-1787537400,https://polymarket.com/zh/event/btc-updown-5m-1787537400,10:10-10:15,,1.00,99.00,,,14935.59,15230.59,,,,,,9889.59,,,9884.59,99,0,0,99,77111.04,77313.51,,
2026-08-24T10:14:03+08:00,btc-updown-5m-1787537400,https://polymarket.com/zh/event/btc-updown-5m-1787537400,10:10-10:15,,1.00,99.00,,,17242.20,17042.20,,,,,,9889.59,,,10474.59,99,0,0,99,77111.04,77291.54,,
2026-08-24T10:14:05+08:00,btc-updown-5m-1787537400,https://polymarket.com/zh/event/btc-updown-5m-1787537400,10:10-10:15,,1.00,99.00,,,18303.20,18303.20,,,,,,9894.59,,,9879.59,99,0,0,99,77111.04,77317.52,,
2026-08-24T10:14:08+08:00,btc-updown-5m-1787537400,https://polymarket.com/zh/event/btc-updown-5m-1787537400,10:10-10:15,,1.00,99.00,,,18862.72,18862.72,,,,,,9879.59,,,10384.59,99,0,0,99,77111.04,77326.85,,
2026-08-24T10:14:10+08:00,btc-updown-5m-1787537400,https://polymarket.com/zh/event/btc-updown-5m-1787537400,10:10-10:15,,1.00,99.00,,,19037.82,18877.82,,,,,,9874.59,,,9884.59,99,0,0,99,77111.04,77326.50,,
2026-08-24T10:14:12+08:00,btc-updown-5m-1787537400,https://polymarket.com/zh/event/btc-updown-5m-1787537400,10:10-10:15,,1.00,99.00,,,18757.82,18757.82,,,,,,9869.59,,,9894.59,99,0,0,99,77111.04,77335.90,,
2026-08-24T10:14:15+08:00,btc-updown-5m-1787537400,https://polymarket.com/zh/event/btc-updown-5m-1787537400,10:10-10:15,,1.00,99.00,,,22567.83,21067.83,,,,,,9879.60,,,6384.60,99,0,0,99,77111.04,77343.54,,
2026-08-24T10:14:17+08:00,btc-updown-5m-1787537400,https://polymarket.com/zh/event/btc-updown-5m-1787537400,10:10-10:15,,1.00,99.00,,,23034.95,23034.95,,,,,,5779.59,,,5784.59,99,0,0,99,77111.04,77347.36,,
2026-08-24T10:14:19+08:00,btc-updown-5m-1787537400,https://polymarket.com/zh/event/btc-updown-5m-1787537400,10:10-10:15,,1.00,99.00,,,23111.46,22811.46,,,,,,5779.59,,,5769.59,99,0,0,99,77111.04,77343.28,,
2026-08-24T10:14:22+08:00,btc-updown-5m-1787537400,https://polymarket.com/zh/event/btc-updown-5m-1787537400,10:10-10:15,,1.00,99.00,,,24752.61,24752.61,,,,,,6294.59,,,5769.59,99,0,0,99,77111.04,77356.53,,
2026-08-24T10:14:24+08:00,btc-updown-5m-1787537400,https://polymarket.com/zh/event/btc-updown-5m-1787537400,10:10-10:15,,1.00,99.00,,,25332.64,25332.64,,,,,,5794.59,,,5789.59,99,0,0,99,77111.04,77362.23,,
2026-08-24T10:14:26+08:00,btc-updown-5m-1787537400,https://polymarket.com/zh/event/btc-updown-5m-1787537400,10:10-10:15,,1.00,99.00,,,25362.62,25362.62,,,,,,6269.60,,,6279.60,99,0,0,99,77111.04,77377.13,,
2026-08-24T10:14:29+08:00,btc-updown-5m-1787537400,https://polymarket.com/zh/event/btc-updown-5m-1787537400,10:10-10:15,,1.00,99.00,,,25810.32,26120.32,,,,,,6274.59,,,6264.59,99,0,0,99,77111.04,77377.14,,
2026-08-24T10:14:31+08:00,btc-updown-5m-1787537400,https://polymarket.com/zh/event/btc-updown-5m-1787537400,10:10-10:15,,1.00,99.00,,,27260.42,27260.42,,,,,,5002.06,,,5012.06,99,0,0,99,77111.04,77377.92,,
2026-08-24T10:14:33+08:00,btc-updown-5m-1787537400,https://polymarket.com/zh/event/btc-updown-5m-1787537400,10:10-10:15,,1.00,99.00,,,27577.38,27577.38,,,,,,5032.06,,,5037.06,99,0,0,99,77111.04,77387.08,,
2026-08-24T10:14:36+08:00,btc-updown-5m-1787537400,https://polymarket.com/zh/event/btc-updown-5m-1787537400,10:10-10:15,,1.00,99.00,,,28157.41,28157.41,,,,,,5537.06,,,5547.06,99,0,0,99,77111.04,77385.30,,
2026-08-24T10:14:38+08:00,btc-updown-5m-1787537400,https://polymarket.com/zh/event/btc-updown-5m-1787537400,10:10-10:15,,1.00,99.00,,,27617.48,27617.48,,,,,,5037.06,,,5032.06,99,0,0,99,77111.04,77397.01,,
2026-08-24T10:14:41+08:00,btc-updown-5m-1787537400,https://polymarket.com/zh/event/btc-updown-5m-1787537400,10:10-10:15,,1.00,99.00,,,27547.48,27547.48,,,,,,5032.05,,,5532.05,99,0,0,99,77111.04,77394.54,,
2026-08-24T10:14:43+08:00,btc-updown-5m-1787537400,https://polymarket.com/zh/event/btc-updown-5m-1787537400,10:10-10:15,,1.00,99.00,,,27437.48,27452.48,,,,,,5027.05,,,5517.05,99,0,0,99,77111.04,77377.93,,
2026-08-24T10:14:45+08:00,btc-updown-5m-1787537400,https://polymarket.com/zh/event/btc-updown-5m-1787537400,10:10-10:15,,1.00,99.00,,,27927.51,27472.48,,,,,,5507.05,,,5007.05,99,0,0,99,77111.04,77366.47,,
2026-08-24T10:14:48+08:00,btc-updown-5m-1787537400,https://polymarket.com/zh/event/btc-updown-5m-1787537400,10:10-10:15,,1.00,99.00,,,27450.48,27220.48,,,,,,5012.05,,,5022.05,99,0,0,99,77111.04,77362.65,,
2026-08-24T10:14:50+08:00,btc-updown-5m-1787537400,https://polymarket.com/zh/event/btc-updown-5m-1787537400,10:10-10:15,,1.00,99.00,,,31254.94,31249.94,,,,,,4757.00,,,4767.00,99,0,0,99,77111.04,77362.66,,
2026-08-24T10:14:52+08:00,btc-updown-5m-1787537400,https://polymarket.com/zh/event/btc-updown-5m-1787537400,10:10-10:15,,0.10,99.90,,,35854.37,35779.37,,,,,,5202.00,,,5097.00,102,0,0,102,77111.04,77354.99,,
2026-08-24T10:14:55+08:00,btc-updown-5m-1787537400,https://polymarket.com/zh/event/btc-updown-5m-1787537400,10:10-10:15,,0.10,99.90,,,38854.37,38854.37,,,,,,4034.25,,,4024.25,103,0,0,103,77111.04,77355.34,,
2026-08-24T10:14:57+08:00,btc-updown-5m-1787537400,https://polymarket.com/zh/event/btc-updown-5m-1787537400,10:10-10:15,,0.10,99.90,,,38854.37,38854.37,,,,,,2744.26,,,2734.26,103,0,0,103,77111.04,77357.34,,
2026-08-24T10:14:59+08:00,btc-updown-5m-1787537400,https://polymarket.com/zh/event/btc-updown-5m-1787537400,10:10-10:15,,0.10,99.90,,,38885.83,38879.83,,,,,,2689.25,,,2689.25,104,0,0,104,77111.04,77355.82,,
2026-08-24T10:15:02+08:00,btc-updown-5m-1787537700,https://polymarket.com/zh/event/btc-updown-5m-1787537700,10:15-10:20,51.00,50.00,50.00,49.00,296.87,1726.20,1832.20,287.06,50.50,49.50,1.00,1.00,16642.96,16464.84,16479.84,16747.96,50,49,48,50,77358.76,77358.76,,
2026-08-24T10:15:04+08:00,btc-updown-5m-1787537700,https://polymarket.com/zh/event/btc-updown-5m-1787537700,10:15-10:20,62.00,39.00,61.00,38.00,56.17,575.95,485.19,51.08,61.50,38.50,1.00,1.00,19175.49,17204.84,17334.84,19150.49,61,38,38,61,77358.76,77374.10,,
2026-08-24T10:15:07+08:00,btc-updown-5m-1787537700,https://polymarket.com/zh/event/btc-updown-5m-1787537700,10:15-10:20,62.00,39.00,61.00,38.00,23.18,529.04,533.53,15.80,61.50,38.50,1.00,1.00,19496.59,18350.94,18345.94,19521.59,61,38,38,61,77358.76,77378.87,,
2026-08-24T10:15:09+08:00,btc-updown-5m-1787537700,https://polymarket.com/zh/event/btc-updown-5m-1787537700,10:15-10:20,63.00,36.00,62.00,35.00,11.00,437.44,953.70,93.00,62.50,35.50,1.00,1.00,16531.59,15295.94,15315.94,16416.59,62,36,35,64,77358.76,77393.20,,
2026-08-24T10:15:12+08:00,btc-updown-5m-1787537700,https://polymarket.com/zh/event/btc-updown-5m-1787537700,10:15-10:20,64.00,37.00,63.00,36.00,65.67,548.24,513.69,30.67,63.50,36.50,1.00,1.00,16726.59,15885.94,15865.94,17292.59,63,36,36,63,77358.76,77393.20,,
2026-08-24T10:15:14+08:00,btc-updown-5m-1787537700,https://polymarket.com/zh/event/btc-updown-5m-1787537700,10:15-10:20,65.00,36.00,64.00,35.00,43.72,301.61,439.67,153.72,64.50,35.50,1.00,1.00,17387.59,15885.94,15795.94,17307.59,64,35,35,64,77358.76,77400.84,,
2026-08-24T10:15:16+08:00,btc-updown-5m-1787537700,https://polymarket.com/zh/event/btc-updown-5m-1787537700,10:15-10:20,63.00,40.00,62.00,38.00,763.99,178.22,20.00,154.99,62.50,39.00,1.00,2.00,17472.59,16006.94,15921.94,17640.19,62,37,38,60,77358.76,77393.20,,
2026-08-24T10:15:19+08:00,btc-updown-5m-1787537700,https://polymarket.com/zh/event/btc-updown-5m-1787537700,10:15-10:20,64.00,37.00,63.00,36.00,63.23,669.86,608.60,63.23,63.50,36.50,1.00,1.00,17189.58,15848.93,15823.93,17284.58,63,36,36,63,77358.76,77395.11,,
2026-08-24T10:15:21+08:00,btc-updown-5m-1787537700,https://polymarket.com/zh/event/btc-updown-5m-1787537700,10:15-10:20,61.00,40.00,60.00,39.00,177.99,183.78,35.74,562.60,60.50,39.50,1.00,1.00,15759.58,14323.93,14433.93,15909.58,60,39,39,60,77358.76,77395.04,,
2026-08-24T10:15:23+08:00,btc-updown-5m-1787537700,https://polymarket.com/zh/event/btc-updown-5m-1787537700,10:15-10:20,61.00,40.00,60.00,39.00,547.50,37.00,42.00,732.50,60.50,39.50,1.00,1.00,15759.59,14223.93,14218.93,15709.58,60,39,39,60,77358.76,77382.94,,
2026-08-24T10:15:26+08:00,btc-updown-5m-1787537700,https://polymarket.com/zh/event/btc-updown-5m-1787537700,10:15-10:20,60.00,41.00,59.00,40.00,687.39,113.26,113.26,687.39,59.50,40.50,1.00,1.00,15489.58,13948.93,13928.93,15484.58,59,40,40,59,77358.76,77377.11,,
2026-08-24T10:15:28+08:00,btc-updown-5m-1787537700,https://polymarket.com/zh/event/btc-updown-5m-1787537700,10:15-10:20,64.00,37.00,63.00,36.00,588.73,90.00,90.00,605.03,63.50,36.50,1.00,1.00,15164.59,13678.93,13673.93,15044.59,63,36,36,63,77358.76,77393.36,,
2026-08-24T10:15:30+08:00,btc-updown-5m-1787537700,https://polymarket.com/zh/event/btc-updown-5m-1787537700,10:15-10:20,63.00,38.00,62.00,37.00,288.00,219.26,279.26,306.41,62.50,37.50,1.00,1.00,14929.58,13468.93,13458.93,14814.58,62,37,37,62,77358.76,77393.45,,
2026-08-24T10:15:33+08:00,btc-updown-5m-1787537700,https://polymarket.com/zh/event/btc-updown-5m-1787537700,10:15-10:20,63.00,38.00,62.00,37.00,209.00,181.14,176.14,209.00,62.50,37.50,1.00,1.00,14329.59,12915.93,12910.93,14449.59,62,37,37,62,77358.76,77389.68,,
2026-08-24T10:15:35+08:00,btc-updown-5m-1787537700,https://polymarket.com/zh/event/btc-updown-5m-1787537700,10:15-10:20,63.00,38.00,62.00,37.00,277.51,53.94,53.94,277.51,62.50,37.50,1.00,1.00,14154.58,12640.93,12675.93,14064.58,62,37,37,62,77358.76,77389.68,,
2026-08-24T10:15:37+08:00,btc-updown-5m-1787537700,https://polymarket.com/zh/event/btc-updown-5m-1787537700,10:15-10:20,66.00,35.00,65.00,34.00,280.00,155.97,120.77,280.00,65.50,34.50,1.00,1.00,14003.23,12680.15,12690.15,14008.23,65,34,34,65,77358.76,77394.04,,
2026-08-24T10:15:40+08:00,btc-updown-5m-1787537700,https://polymarket.com/zh/event/btc-updown-5m-1787537700,10:15-10:20,68.00,32.00,67.00,31.00,124.00,681.25,834.62,11.00,67.50,31.50,1.00,1.00,13522.23,13065.51,13080.51,13517.23,67,32,31,68,77358.76,77405.14,,
2026-08-24T10:15:42+08:00,btc-updown-5m-1787537700,https://polymarket.com/zh/event/btc-updown-5m-1787537700,10:15-10:20,70.00,31.00,69.00,30.00,341.32,36.74,43.98,427.01,69.50,30.50,1.00,1.00,13354.23,12265.51,12260.51,13359.23,69,30,30,69,77358.76,77408.60,,
2026-08-24T10:15:44+08:00,btc-updown-5m-1787537700,https://polymarket.com/zh/event/btc-updown-5m-1787537700,10:15-10:20,70.00,31.00,69.00,30.00,281.86,342.87,354.00,301.86,69.50,30.50,1.00,1.00,13444.23,12755.51,13270.51,13364.24,69,30,30,69,77358.76,77411.88,,
2026-08-24T10:15:47+08:00,btc-updown-5m-1787537700,https://polymarket.com/zh/event/btc-updown-5m-1787537700,10:15-10:20,77.00,24.00,76.00,23.00,239.00,17.82,26.16,283.70,76.50,23.50,1.00,1.00,13086.23,13864.84,13719.84,12981.23,76,23,23,76,77358.76,77430.42,,
2026-08-24T10:15:49+08:00,btc-updown-5m-1787537700,https://polymarket.com/zh/event/btc-updown-5m-1787537700,10:15-10:20,67.00,34.00,66.00,33.00,9.00,682.18,380.48,69.00,66.50,33.50,1.00,1.00,13687.23,12236.51,12286.51,13697.23,66,33,33,66,77358.76,77400.85,,
2026-08-24T10:15:52+08:00,btc-updown-5m-1787537700,https://polymarket.com/zh/event/btc-updown-5m-1787537700,10:15-10:20,70.00,30.00,69.00,29.00,122.40,167.33,347.96,532.60,69.50,29.50,1.00,1.00,13102.23,12206.51,12721.51,12992.23,69,30,29,70,77358.76,77400.85,,
2026-08-24T10:15:54+08:00,btc-updown-5m-1787537700,https://polymarket.com/zh/event/btc-updown-5m-1787537700,10:15-10:20,69.00,32.00,68.00,31.00,454.66,67.37,42.37,294.66,68.50,31.50,1.00,1.00,12867.24,12476.51,12471.51,12767.23,68,31,31,68,77358.76,77400.85,,
2026-08-24T10:15:56+08:00,btc-updown-5m-1787537700,https://polymarket.com/zh/event/btc-updown-5m-1787537700,10:15-10:20,69.00,32.00,68.00,31.00,612.42,9.00,9.00,526.42,68.50,31.50,1.00,1.00,12772.23,11981.51,11715.51,12522.23,68,31,31,68,77358.76,77405.30,,
2026-08-24T10:15:59+08:00,btc-updown-5m-1787537700,https://polymarket.com/zh/event/btc-updown-5m-1787537700,10:15-10:20,72.00,29.00,71.00,28.00,26.90,300.54,496.91,26.90,71.50,28.50,1.00,1.00,13108.23,13472.17,13467.17,13108.23,71,28,28,71,77358.76,77412.30,,
2026-08-24T10:16:01+08:00,btc-updown-5m-1787537700,https://polymarket.com/zh/event/btc-updown-5m-1787537700,10:15-10:20,72.00,25.00,71.00,24.00,42.90,59.00,268.52,25.30,71.50,24.50,1.00,1.00,15328.23,11577.17,11552.17,15313.23,71,28,24,75,77358.76,77414.29,,
2026-08-24T10:16:03+08:00,btc-updown-5m-1787537700,https://polymarket.com/zh/event/btc-updown-5m-1787537700,10:15-10:20,79.00,22.00,78.00,21.00,113.15,208.29,366.39,165.61,78.50,21.50,1.00,1.00,14727.23,11524.50,11559.50,14837.23,78,21,21,78,77358.76,77434.04,,
2026-08-24T10:16:06+08:00,btc-updown-5m-1787537700,https://polymarket.com/zh/event/btc-updown-5m-1787537700,10:15-10:20,82.00,19.00,81.00,18.00,201.95,199.12,200.12,183.78,81.50,18.50,1.00,1.00,14114.23,10192.84,11604.50,14719.23,81,18,18,81,77358.76,77439.01,,
2026-08-24T10:16:08+08:00,btc-updown-5m-1787537700,https://polymarket.com/zh/event/btc-updown-5m-1787537700,10:15-10:20,81.00,22.00,80.00,20.00,508.64,30.00,5.00,542.64,80.50,21.00,1.00,2.00,14099.23,11374.50,11109.50,13885.23,80,19,20,78,77358.76,77439.00,,
2026-08-24T10:16:11+08:00,btc-updown-5m-1787537700,https://polymarket.com/zh/event/btc-updown-5m-1787537700,10:15-10:20,79.00,23.00,78.00,22.00,517.64,359.61,84.00,394.31,78.50,22.50,1.00,1.00,13819.23,11149.50,11154.50,13724.23,78,21,22,77,77358.76,77441.03,,
2026-08-24T10:16:13+08:00,btc-updown-5m-1787537700,https://polymarket.com/zh/event/btc-updown-5m-1787537700,10:15-10:20,75.00,26.00,74.00,25.00,314.00,10.00,153.00,515.00,74.50,25.50,1.00,1.00,14349.24,8734.51,8739.51,14339.23,74,25,25,74,77358.76,77423.77,,
2026-08-24T10:16:15+08:00,btc-updown-5m-1787537700,https://polymarket.com/zh/event/btc-updown-5m-1787537700,10:15-10:20,75.00,26.00,74.00,25.00,381.00,543.95,221.15,115.00,74.50,25.50,1.00,1.00,13964.23,8730.51,8745.51,13949.23,74,25,25,74,77358.76,77423.77,,
2026-08-24T10:16:18+08:00,btc-updown-5m-1787537700,https://polymarket.com/zh/event/btc-updown-5m-1787537700,10:15-10:20,78.00,23.00,77.00,22.00,342.70,21.30,40.00,437.70,77.50,22.50,1.00,1.00,13749.23,10699.50,10719.50,14239.23,77,22,22,77,77358.76,77426.34,,
2026-08-24T10:16:20+08:00,btc-updown-5m-1787537700,https://polymarket.com/zh/event/btc-updown-5m-1787537700,10:15-10:20,78.00,23.00,77.00,22.00,406.42,55.47,55.47,406.42,77.50,22.50,1.00,1.00,13754.23,10811.40,8686.41,13749.23,77,22,22,77,77358.76,77426.46,,
2026-08-24T10:16:22+08:00,btc-updown-5m-1787537700,https://polymarket.com/zh/event/btc-updown-5m-1787537700,10:15-10:20,74.00,28.00,73.00,27.00,525.93,507.33,7.48,131.91,73.50,27.50,1.00,1.00,13839.23,8635.36,8635.36,13844.24,73,26,27,72,77358.76,77419.95,,
2026-08-24T10:16:25+08:00,btc-updown-5m-1787537700,https://polymarket.com/zh/event/btc-updown-5m-1787537700,10:15-10:20,78.00,22.00,77.00,21.00,14.00,51.02,74.69,377.74,77.50,21.50,1.00,1.00,13839.23,8600.36,9303.69,14374.24,77,22,21,78,77358.76,77412.60,,
2026-08-24T10:16:27+08:00,btc-updown-5m-1787537700,https://polymarket.com/zh/event/btc-updown-5m-1787537700,10:15-10:20,79.00,22.00,78.00,21.00,67.67,479.02,479.02,35.94,78.50,21.50,1.00,1.00,13854.23,10745.35,10740.35,14459.23,78,21,21,78,77358.76,77427.54,,
2026-08-24T10:16:29+08:00,btc-updown-5m-1787537700,https://polymarket.com/zh/event/btc-updown-5m-1787537700,10:15-10:20,79.00,22.00,78.00,21.00,14.87,710.19,486.19,5.00,78.50,21.50,1.00,1.00,14354.24,10745.35,10750.35,13849.24,78,21,21,78,77358.76,77427.59,,
2026-08-24T10:16:32+08:00,btc-updown-5m-1787537700,https://polymarket.com/zh/event/btc-updown-5m-1787537700,10:15-10:20,83.00,18.00,82.00,17.00,458.45,58.54,23.54,369.16,82.50,17.50,1.00,1.00,13082.23,10698.35,10708.35,13182.23,82,17,17,82,77358.76,77435.22,,
2026-08-24T10:16:34+08:00,btc-updown-5m-1787537700,https://polymarket.com/zh/event/btc-updown-5m-1787537700,10:15-10:20,83.00,18.00,82.00,17.00,375.47,42.98,24.44,375.47,82.50,17.50,1.00,1.00,13618.23,10698.35,10703.35,13108.23,82,17,17,82,77358.76,77438.10,,
2026-08-24T10:16:36+08:00,btc-updown-5m-1787537700,https://polymarket.com/zh/event/btc-updown-5m-1787537700,10:15-10:20,85.00,16.00,84.00,15.00,10.58,594.02,486.52,25.58,84.50,15.50,1.00,1.00,13567.24,9671.44,11093.68,13062.23,84,15,15,84,77358.76,77438.10,,
2026-08-24T10:16:39+08:00,btc-updown-5m-1787537700,https://polymarket.com/zh/event/btc-updown-5m-1787537700,10:15-10:20,86.00,15.00,85.00,14.00,119.23,592.16,583.87,79.23,85.50,14.50,1.00,1.00,13569.55,12109.09,12059.09,13079.55,85,14,14,85,77358.76,77450.64,,
2026-08-24T10:16:41+08:00,btc-updown-5m-1787537700,https://polymarket.com/zh/event/btc-updown-5m-1787537700,10:15-10:20,87.00,14.00,86.00,13.00,426.59,14.05,22.77,426.59,86.50,13.50,1.00,1.00,13074.55,11877.75,11872.75,13179.55,86,13,13,86,77358.76,77453.10,,
2026-08-24T10:16:43+08:00,btc-updown-5m-1787537700,https://polymarket.com/zh/event/btc-updown-5m-1787537700,10:15-10:20,88.00,13.00,87.00,12.00,452.02,139.99,43.33,394.02,87.50,12.50,1.00,1.00,13094.55,12678.67,12677.67,13099.55,87,12,12,87,77358.76,77456.33,,
2026-08-24T10:16:46+08:00,btc-updown-5m-1787537700,https://polymarket.com/zh/event/btc-updown-5m-1787537700,10:15-10:20,90.00,11.00,89.00,10.00,258.49,116.33,276.27,515.39,89.50,10.50,1.00,1.00,13300.55,10940.92,11178.92,13205.55,89,10,10,89,77358.76,77465.78,,
2026-08-24T10:16:48+08:00,btc-updown-5m-1787537700,https://polymarket.com/zh/event/btc-updown-5m-1787537700,10:15-10:20,90.00,11.00,89.00,10.00,629.16,125.85,190.85,618.58,89.50,10.50,1.00,1.00,13271.80,10835.33,10895.33,13396.80,89,10,10,89,77358.76,77465.78,,
2026-08-24T10:16:50+08:00,btc-updown-5m-1787537700,https://polymarket.com/zh/event/btc-updown-5m-1787537700,10:15-10:20,88.00,13.00,87.00,12.00,432.27,38.48,33.48,447.27,87.50,12.50,1.00,1.00,13970.55,12235.31,12246.31,13704.55,87,12,12,87,77358.76,77454.32,,
2026-08-24T10:16:53+08:00,btc-updown-5m-1787537700,https://polymarket.com/zh/event/btc-updown-5m-1787537700,10:15-10:20,89.00,12.00,88.00,11.00,175.58,107.03,92.68,318.18,88.50,11.50,1.00,1.00,13229.55,10868.00,10721.42,13229.55,88,11,11,88,77358.76,77459.75,,
2026-08-24T10:16:55+08:00,btc-updown-5m-1787537700,https://polymarket.com/zh/event/btc-updown-5m-1787537700,10:15-10:20,90.00,11.00,89.00,10.00,457.57,239.45,340.35,525.34,89.50,10.50,1.00,1.00,13309.55,11677.04,13126.37,13209.55,89,10,10,89,77358.76,77461.95,,
2026-08-24T10:16:57+08:00,btc-updown-5m-1787537700,https://polymarket.com/zh/event/btc-updown-5m-1787537700,10:15-10:20,90.00,11.00,89.00,10.00,17.60,535.47,435.47,17.60,89.50,10.50,1.00,1.00,13295.55,12805.17,12794.17,13400.55,89,10,10,89,77358.76,77467.24,,
2026-08-24T10:17:00+08:00,btc-updown-5m-1787537700,https://polymarket.com/zh/event/btc-updown-5m-1787537700,10:15-10:20,89.00,11.00,88.00,10.00,135.00,74.00,667.07,142.60,88.50,10.50,1.00,1.00,12800.55,13094.17,12755.17,12785.56,88,11,10,89,77358.76,77459.71,,
2026-08-24T10:17:02+08:00,btc-updown-5m-1787537700,https://polymarket.com/zh/event/btc-updown-5m-1787537700,10:15-10:20,89.00,12.00,88.00,11.00,471.00,208.17,69.17,430.43,88.50,11.50,1.00,1.00,13293.99,12858.21,12847.05,12888.99,88,11,11,88,77358.76,77454.33,,
2026-08-24T10:17:04+08:00,btc-updown-5m-1787537700,https://polymarket.com/zh/event/btc-updown-5m-1787537700,10:15-10:20,90.00,11.00,89.00,10.00,365.45,122.29,218.29,348.49,89.50,10.50,1.00,1.00,13408.99,12616.70,12650.53,13298.99,89,10,10,89,77358.76,77452.32,,
2026-08-24T10:17:07+08:00,btc-updown-5m-1787537700,https://polymarket.com/zh/event/btc-updown-5m-1787537700,10:15-10:20,86.00,17.00,85.00,16.00,451.21,248.16,6.00,483.98,85.50,16.50,1.00,1.00,12803.99,11633.15,10862.82,12788.99,85,14,16,83,77358.76,77446.68,,
2026-08-24T10:17:09+08:00,btc-updown-5m-1787537700,https://polymarket.com/zh/event/btc-updown-5m-1787537700,10:15-10:20,85.00,16.00,84.00,15.00,346.58,239.92,264.92,346.58,84.50,15.50,1.00,1.00,12823.99,10198.67,11028.00,12734.00,84,15,15,84,77358.76,77446.69,,
2026-08-24T10:17:11+08:00,btc-updown-5m-1787537700,https://polymarket.com/zh/event/btc-updown-5m-1787537700,10:15-10:20,86.00,15.00,85.00,14.00,206.98,246.14,229.40,221.98,85.50,14.50,1.00,1.00,13193.99,11972.31,11967.31,13203.99,85,14,14,85,77358.76,77439.04,,
2026-08-24T10:17:14+08:00,btc-updown-5m-1787537700,https://polymarket.com/zh/event/btc-updown-5m-1787537700,10:15-10:20,88.00,13.00,87.00,12.00,219.16,53.87,24.29,198.16,87.50,12.50,1.00,1.00,13228.99,12600.54,12595.12,13333.99,87,12,12,87,77358.76,77442.67,,
2026-08-24T10:17:16+08:00,btc-updown-5m-1787537700,https://polymarket.com/zh/event/btc-updown-5m-1787537700,10:15-10:20,88.00,15.00,87.00,14.00,596.75,74.45,22.41,35.54,87.50,14.50,1.00,1.00,12834.00,11804.58,11804.00,13224.00,87,12,14,85,77358.76,77442.67,,
2026-08-24T10:17:19+08:00,btc-updown-5m-1787537700,https://polymarket.com/zh/event/btc-updown-5m-1787537700,10:15-10:20,86.00,15.00,85.00,14.00,539.12,222.04,204.56,539.12,85.50,14.50,1.00,1.00,12733.99,11615.15,11605.15,12644.00,85,14,14,85,77358.76,77436.29,,
2026-08-24T10:17:21+08:00,btc-updown-5m-1787537700,https://polymarket.com/zh/event/btc-updown-5m-1787537700,10:15-10:20,91.00,10.00,90.00,9.00,414.16,672.61,672.61,402.18,90.50,9.50,1.00,1.00,12618.99,9922.98,10472.85,12718.99,90,9,9,90,77358.76,77461.89,,
2026-08-24T10:17:23+08:00,btc-updown-5m-1787537700,https://polymarket.com/zh/event/btc-updown-5m-1787537700,10:15-10:20,89.00,12.00,88.00,11.00,375.17,224.44,193.16,380.17,88.50,11.50,1.00,1.00,12703.99,12639.34,12639.34,12703.99,88,11,11,88,77358.76,77450.51,,
2026-08-24T10:17:26+08:00,btc-updown-5m-1787537700,https://polymarket.com/zh/event/btc-updown-5m-1787537700,10:15-10:20,90.00,11.00,89.00,10.00,365.01,269.26,223.82,348.34,89.50,10.50,1.00,1.00,13103.99,12677.15,12631.57,13098.99,89,10,10,89,77358.76,77446.69,,
2026-08-24T10:17:28+08:00,btc-updown-5m-1787537700,https://polymarket.com/zh/event/btc-updown-5m-1787537700,10:15-10:20,91.00,10.00,90.00,9.00,268.57,627.45,703.55,293.57,90.50,9.50,1.00,1.00,13138.99,12178.12,12090.24,13238.99,90,9,9,90,77358.76,77444.51,,
2026-08-24T10:17:31+08:00,btc-updown-5m-1787537700,https://polymarket.com/zh/event/btc-updown-5m-1787537700,10:15-10:20,91.00,10.00,90.00,9.00,809.72,74.89,94.89,918.72,90.50,9.50,1.00,1.00,13217.41,12712.07,12747.07,12612.40,90,9,9,90,77358.76,77447.63,,
2026-08-24T10:17:33+08:00,btc-updown-5m-1787537700,https://polymarket.com/zh/event/btc-updown-5m-1787537700,10:15-10:20,84.00,16.00,83.00,15.00,268.33,43.75,181.49,257.77,83.50,15.50,1.00,1.00,12607.40,10641.16,10797.16,12712.40,83,16,15,84,77358.76,77427.21,,
2026-08-24T10:17:35+08:00,btc-updown-5m-1787537700,https://polymarket.com/zh/event/btc-updown-5m-1787537700,10:15-10:20,87.00,14.00,86.00,13.00,168.41,484.64,464.64,153.41,86.50,13.50,1.00,1.00,12727.40,10777.32,11033.90,13137.40,86,13,13,86,77358.76,77427.22,,
2026-08-24T10:17:38+08:00,btc-updown-5m-1787537700,https://polymarket.com/zh/event/btc-updown-5m-1787537700,10:15-10:20,87.00,14.00,86.00,13.00,375.73,396.42,340.49,350.73,86.50,13.50,1.00,1.00,12617.40,10875.16,10903.48,12617.40,86,13,13,86,77358.76,77427.22,,
2026-08-24T10:17:40+08:00,btc-updown-5m-1787537700,https://polymarket.com/zh/event/btc-updown-5m-1787537700,10:15-10:20,87.00,14.00,86.00,13.00,272.18,387.63,362.63,272.18,86.50,13.50,1.00,1.00,12712.40,10994.74,10994.74,12612.40,86,13,13,86,77358.76,77422.63,,
2026-08-24T10:17:42+08:00,btc-updown-5m-1787537700,https://polymarket.com/zh/event/btc-updown-5m-1787537700,10:15-10:20,90.00,11.00,89.00,10.00,69.92,467.08,467.08,39.93,89.50,10.50,1.00,1.00,12632.40,10064.78,9944.78,12727.40,89,10,10,89,77358.76,77427.00,,
2026-08-24T10:17:45+08:00,btc-updown-5m-1787537700,https://polymarket.com/zh/event/btc-updown-5m-1787537700,10:15-10:20,90.00,11.00,89.00,10.00,670.17,177.81,149.56,806.86,89.50,10.50,1.00,1.00,12742.40,11937.14,12795.47,12642.40,89,10,10,89,77358.76,77434.97,,
2026-08-24T10:17:47+08:00,btc-updown-5m-1787537700,https://polymarket.com/zh/event/btc-updown-5m-1787537700,10:15-10:20,87.00,14.00,86.00,13.00,75.00,692.41,562.41,15.00,86.50,13.50,1.00,1.00,12732.40,11180.06,11025.48,12627.40,86,13,13,86,77358.76,77423.35,,
2026-08-24T10:17:49+08:00,btc-updown-5m-1787537700,https://polymarket.com/zh/event/btc-updown-5m-1787537700,10:15-10:20,88.00,14.00,87.00,13.00,798.19,112.14,41.13,718.31,87.50,13.50,1.00,1.00,13132.40,11348.74,11499.16,12632.40,87,12,13,86,77358.76,77414.46,,
2026-08-24T10:17:52+08:00,btc-updown-5m-1787537700,https://polymarket.com/zh/event/btc-updown-5m-1787537700,10:15-10:20,82.00,19.00,81.00,18.00,420.56,110.00,201.00,424.43,81.50,18.50,1.00,1.00,12721.40,10843.01,10843.01,12621.40,81,18,18,81,77358.76,77410.84,,
2026-08-24T10:17:54+08:00,btc-updown-5m-1787537700,https://polymarket.com/zh/event/btc-updown-5m-1787537700,10:15-10:20,83.00,18.00,82.00,17.00,10.96,6.18,104.33,784.96,82.50,17.50,1.00,1.00,13211.41,10969.16,10972.16,12726.40,82,17,17,82,77358.76,77408.49,,
2026-08-24T10:17:56+08:00,btc-updown-5m-1787537700,https://polymarket.com/zh/event/btc-updown-5m-1787537700,10:15-10:20,79.00,22.00,78.00,21.00,61.39,84.00,266.33,264.71,78.50,21.50,1.00,1.00,12578.49,10730.89,10800.89,12478.49,78,21,21,78,77358.76,77397.03,,
2026-08-24T10:17:59+08:00,btc-updown-5m-1787537700,https://polymarket.com/zh/event/btc-updown-5m-1787537700,10:15-10:20,76.00,25.00,75.00,24.00,159.94,539.67,546.67,159.94,75.50,24.50,1.00,1.00,13141.32,11086.89,11086.89,13141.31,75,24,24,75,77358.76,77397.03,,
2026-08-24T10:18:01+08:00,btc-updown-5m-1787537700,https://polymarket.com/zh/event/btc-updown-5m-1787537700,10:15-10:20,76.00,25.00,75.00,24.00,61.08,538.11,613.33,132.08,75.50,24.50,1.00,1.00,12476.31,10926.89,10781.89,12566.31,75,24,24,75,77358.76,77397.03,,
2026-08-24T10:18:03+08:00,btc-updown-5m-1787537700,https://polymarket.com/zh/event/btc-updown-5m-1787537700,10:15-10:20,69.00,32.00,68.00,31.00,49.34,271.53,467.53,49.34,68.50,31.50,1.00,1.00,12451.31,11227.89,11207.89,12436.31,68,31,31,68,77358.76,77388.39,,
2026-08-24T10:18:06+08:00,btc-updown-5m-1787537700,https://polymarket.com/zh/event/btc-updown-5m-1787537700,10:15-10:20,76.00,25.00,75.00,24.00,411.75,66.00,126.00,388.59,75.50,24.50,1.00,1.00,12531.31,8621.90,8616.90,12956.31,75,24,24,75,77358.76,77388.39,,
2026-08-24T10:18:08+08:00,btc-updown-5m-1787537700,https://polymarket.com/zh/event/btc-updown-5m-1787537700,10:15-10:20,87.00,14.00,86.00,13.00,381.20,14.85,57.00,320.00,86.50,13.50,1.00,1.00,12551.31,8049.90,9173.05,12551.31,86,13,13,86,77358.76,77413.58,,
2026-08-24T10:18:11+08:00,btc-updown-5m-1787537700,https://polymarket.com/zh/event/btc-updown-5m-1787537700,10:15-10:20,86.00,15.00,85.00,14.00,228.39,220.14,211.60,247.03,85.50,14.50,1.00,1.00,13046.31,8195.05,8195.05,12446.31,85,14,14,85,77358.76,77413.50,,
2026-08-24T10:18:13+08:00,btc-updown-5m-1787537700,https://polymarket.com/zh/event/btc-updown-5m-1787537700,10:15-10:20,86.00,15.00,85.00,14.00,181.32,235.25,235.25,181.32,85.50,14.50,1.00,1.00,12956.31,8283.35,8283.35,12956.31,85,14,14,85,77358.76,77412.52,,
2026-08-24T10:18:15+08:00,btc-updown-5m-1787537700,https://polymarket.com/zh/event/btc-updown-5m-1787537700,10:15-10:20,86.00,15.00,85.00,14.00,156.32,319.09,336.05,105.73,85.50,14.50,1.00,1.00,13061.31,7917.35,8089.35,12961.31,85,14,14,85,77358.76,77412.52,,
2026-08-24T10:18:18+08:00,btc-updown-5m-1787537700,https://polymarket.com/zh/event/btc-updown-5m-1787537700,10:15-10:20,86.00,15.00,85.00,14.00,485.29,8.26,8.26,568.29,85.50,14.50,1.00,1.00,12436.32,10402.89,10402.89,12551.32,85,14,14,85,77358.76,77410.84,,
2026-08-24T10:18:20+08:00,btc-updown-5m-1787537700,https://polymarket.com/zh/event/btc-updown-5m-1787537700,10:15-10:20,87.00,14.00,86.00,13.00,398.73,90.00,90.00,472.28,86.50,13.50,1.00,1.00,12436.31,10254.89,10505.89,12431.31,86,13,13,86,77358.76,77410.84,,
2026-08-24T10:18:22+08:00,btc-updown-5m-1787537700,https://polymarket.com/zh/event/btc-updown-5m-1787537700,10:15-10:20,90.00,9.00,89.00,8.00,46.66,626.82,582.95,124.60,89.50,8.50,1.00,1.00,12511.32,10502.53,7665.31,12426.32,89,10,8,91,77358.76,77410.84,,
2026-08-24T10:18:25+08:00,btc-updown-5m-1787537700,https://polymarket.com/zh/event/btc-updown-5m-1787537700,10:15-10:20,89.00,12.00,88.00,11.00,240.25,100.00,115.00,116.93,88.50,11.50,1.00,1.00,12401.31,9207.61,9205.96,12401.31,88,11,11,88,77358.76,77408.48,,
2026-08-24T10:18:27+08:00,btc-updown-5m-1787537700,https://polymarket.com/zh/event/btc-updown-5m-1787537700,10:15-10:20,83.00,18.00,82.00,17.00,199.16,253.34,54.00,25.00,82.50,17.50,1.00,1.00,12946.32,7912.90,7762.90,12446.31,82,17,17,82,77358.76,77391.86,,
2026-08-24T10:18:29+08:00,btc-updown-5m-1787537700,https://polymarket.com/zh/event/btc-updown-5m-1787537700,10:15-10:20,89.00,12.00,88.00,11.00,79.50,216.49,223.49,79.50,88.50,11.50,1.00,1.00,12526.31,7617.05,7623.05,12426.31,88,11,11,88,77358.76,77400.82,,
2026-08-24T10:18:32+08:00,btc-updown-5m-1787537700,https://polymarket.com/zh/event/btc-updown-5m-1787537700,10:15-10:20,89.00,12.00,88.00,11.00,56.82,17.60,404.32,359.58,88.50,11.50,1.00,1.00,12253.49,9006.48,8966.48,12158.49,88,11,11,88,77358.76,77404.01,,
2026-08-24T10:18:34+08:00,btc-updown-5m-1787537700,https://polymarket.com/zh/event/btc-updown-5m-1787537700,10:15-10:20,88.00,13.00,87.00,12.00,18.86,594.48,596.09,18.86,87.50,12.50,1.00,1.00,12258.49,9004.48,9004.48,12243.49,87,12,12,87,77358.76,77401.01,,
2026-08-24T10:18:37+08:00,btc-updown-5m-1787537700,https://polymarket.com/zh/event/btc-updown-5m-1787537700,10:15-10:20,93.00,7.00,92.00,6.00,20.00,229.08,579.83,429.67,92.50,6.50,1.00,1.00,12763.50,6901.57,7735.88,12638.49,92,7,6,93,77358.76,77404.10,,
2026-08-24T10:18:39+08:00,btc-updown-5m-1787537700,https://polymarket.com/zh/event/btc-updown-5m-1787537700,10:15-10:20,95.00,6.00,94.00,5.00,251.85,701.08,701.08,240.27,94.50,5.50,1.00,1.00,12093.49,6764.26,6747.68,12093.49,94,5,5,94,77358.76,77419.72,,
2026-08-24T10:18:41+08:00,btc-updown-5m-1787537700,https://polymarket.com/zh/event/btc-updown-5m-1787537700,10:15-10:20,95.00,6.00,94.00,5.00,145.39,680.77,680.77,80.39,94.50,5.50,1.00,1.00,12208.49,6800.20,6775.20,12108.49,94,5,5,94,77358.76,77419.72,,
2026-08-24T10:18:43+08:00,btc-updown-5m-1787537700,https://polymarket.com/zh/event/btc-updown-5m-1787537700,10:15-10:20,96.00,5.00,95.00,4.00,51.32,719.88,713.18,51.32,95.50,4.50,1.00,1.00,11113.49,4741.46,4736.46,11213.49,95,4,4,95,77358.76,77408.50,,
2026-08-24T10:18:46+08:00,btc-updown-5m-1787537700,https://polymarket.com/zh/event/btc-updown-5m-1787537700,10:15-10:20,96.00,4.00,95.00,3.00,134.65,40.00,763.71,1032.34,95.50,3.50,1.00,1.00,10923.49,4171.40,4115.75,10813.49,95,4,3,96,77358.76,77420.26,,
2026-08-24T10:18:48+08:00,btc-updown-5m-1787537700,https://polymarket.com/zh/event/btc-updown-5m-1787537700,10:15-10:20,99.00,2.00,98.00,1.00,1588.18,406.05,425.40,1485.09,98.50,1.50,1.00,1.00,10749.46,1588.18,1485.09,10744.46,98,1,1,98,77358.76,77431.32,,
2026-08-24T10:18:50+08:00,btc-updown-5m-1787537700,https://polymarket.com/zh/event/btc-updown-5m-1787537700,10:15-10:20,99.00,2.00,98.00,1.00,217.34,622.69,410.32,73.06,98.50,1.50,1.00,1.00,10444.46,217.34,73.06,10544.46,98,1,1,98,77358.76,77432.71,,
2026-08-24T10:18:53+08:00,btc-updown-5m-1787537700,https://polymarket.com/zh/event/btc-updown-5m-1787537700,10:15-10:20,,1.00,99.00,,,5540.32,5040.32,,,,,,10449.46,,,10944.46,99,0,0,99,77358.76,77432.71,,
2026-08-24T10:18:55+08:00,btc-updown-5m-1787537700,https://polymarket.com/zh/event/btc-updown-5m-1787537700,10:15-10:20,,1.00,99.00,,,7576.04,7602.34,,,,,,10337.47,,,10337.47,99,0,0,99,77358.76,77432.71,,
2026-08-24T10:18:58+08:00,btc-updown-5m-1787537700,https://polymarket.com/zh/event/btc-updown-5m-1787537700,10:15-10:20,,1.00,99.00,,,8722.82,8717.81,,,,,,9842.47,,,9847.48,99,0,0,99,77358.76,77434.93,,
2026-08-24T10:19:00+08:00,btc-updown-5m-1787537700,https://polymarket.com/zh/event/btc-updown-5m-1787537700,10:15-10:20,,1.00,99.00,,,8563.09,8198.06,,,,,,11962.46,,,11962.46,99,0,0,99,77358.76,77417.56,,
2026-08-24T10:19:02+08:00,btc-updown-5m-1787537700,https://polymarket.com/zh/event/btc-updown-5m-1787537700,10:15-10:20,,1.00,99.00,,,6622.74,7122.74,,,,,,9842.47,,,9887.45,99,0,0,99,77358.76,77417.19,,
2026-08-24T10:19:05+08:00,btc-updown-5m-1787537700,https://polymarket.com/zh/event/btc-updown-5m-1787537700,10:15-10:20,,1.00,99.00,,,9630.99,9625.95,,,,,,9634.11,,,9634.11,99,0,0,99,77358.76,77429.12,,
2026-08-24T10:19:07+08:00,btc-updown-5m-1787537700,https://polymarket.com/zh/event/btc-updown-5m-1787537700,10:15-10:20,,1.00,99.00,,,9755.00,9749.99,,,,,,9634.11,,,9634.11,99,0,0,99,77358.76,77429.17,,
2026-08-24T10:19:09+08:00,btc-updown-5m-1787537700,https://polymarket.com/zh/event/btc-updown-5m-1787537700,10:15-10:20,,1.00,99.00,,,12802.52,12757.56,,,,,,10139.12,,,9634.11,99,0,0,99,77358.76,77434.93,,
2026-08-24T10:19:12+08:00,btc-updown-5m-1787537700,https://polymarket.com/zh/event/btc-updown-5m-1787537700,10:15-10:20,,1.00,99.00,,,13078.19,13073.18,,,,,,9634.11,,,10139.12,99,0,0,99,77358.76,77446.38,,
2026-08-24T10:19:14+08:00,btc-updown-5m-1787537700,https://polymarket.com/zh/event/btc-updown-5m-1787537700,10:15-10:20,,1.00,99.00,,,16730.14,15120.14,,,,,,9654.11,,,10144.11,99,0,0,99,77358.76,77462.16,,
2026-08-24T10:19:16+08:00,btc-updown-5m-1787537700,https://polymarket.com/zh/event/btc-updown-5m-1787537700,10:15-10:20,,1.00,99.00,,,20197.33,20192.32,,,,,,5639.11,,,5649.12,99,0,0,99,77358.76,77465.77,,
2026-08-24T10:19:19+08:00,btc-updown-5m-1787537700,https://polymarket.com/zh/event/btc-updown-5m-1787537700,10:15-10:20,,1.00,99.00,,,20035.07,20027.80,,,,,,5634.11,,,5649.11,99,0,0,99,77358.76,77464.74,,
2026-08-24T10:19:21+08:00,btc-updown-5m-1787537700,https://polymarket.com/zh/event/btc-updown-5m-1787537700,10:15-10:20,,1.00,99.00,,,20060.10,20065.11,,,,,,5639.12,,,6144.12,99,0,0,99,77358.76,77469.42,,
2026-08-24T10:19:24+08:00,btc-updown-5m-1787537700,https://polymarket.com/zh/event/btc-updown-5m-1787537700,10:15-10:20,,1.00,99.00,,,19825.62,19525.62,,,,,,5634.11,,,5654.11,99,0,0,99,77358.76,77463.71,,
2026-08-24T10:19:26+08:00,btc-updown-5m-1787537700,https://polymarket.com/zh/event/btc-updown-5m-1787537700,10:15-10:20,,1.00,99.00,,,20052.40,20052.40,,,,,,6134.11,,,6129.11,99,0,0,99,77358.76,77462.71,,
2026-08-24T10:19:29+08:00,btc-updown-5m-1787537700,https://polymarket.com/zh/event/btc-updown-5m-1787537700,10:15-10:20,,1.00,99.00,,,25136.83,25136.83,,,,,,6144.11,,,5644.11,99,0,0,99,77358.76,77462.58,,
2026-08-24T10:19:31+08:00,btc-updown-5m-1787537700,https://polymarket.com/zh/event/btc-updown-5m-1787537700,10:15-10:20,,1.00,99.00,,,27223.93,27223.93,,,,,,5601.58,,,6101.58,99,0,0,99,77358.76,77484.97,,
2026-08-24T10:19:33+08:00,btc-updown-5m-1787537700,https://polymarket.com/zh/event/btc-updown-5m-1787537700,10:15-10:20,,1.00,99.00,,,28139.61,28144.61,,,,,,4891.58,,,4891.58,99,0,0,99,77358.76,77484.97,,
2026-08-24T10:19:35+08:00,btc-updown-5m-1787537700,https://polymarket.com/zh/event/btc-updown-5m-1787537700,10:15-10:20,,1.00,99.00,,,28229.74,27969.61,,,,,,4911.58,,,4906.58,99,0,0,99,77358.76,77484.97,,
2026-08-24T10:19:38+08:00,btc-updown-5m-1787537700,https://polymarket.com/zh/event/btc-updown-5m-1787537700,10:15-10:20,,1.00,99.00,,,25797.78,25797.78,,,,,,4901.58,,,4901.58,99,0,0,99,77358.76,77492.42,,
2026-08-24T10:19:40+08:00,btc-updown-5m-1787537700,https://polymarket.com/zh/event/btc-updown-5m-1787537700,10:15-10:20,,1.00,99.00,,,25612.78,25612.78,,,,,,5396.58,,,4891.58,99,0,0,99,77358.76,77485.77,,
2026-08-24T10:19:42+08:00,btc-updown-5m-1787537700,https://polymarket.com/zh/event/btc-updown-5m-1787537700,10:15-10:20,,1.00,99.00,,,27339.83,27339.83,,,,,,4891.58,,,4891.58,99,0,0,99,77358.76,77485.77,,
2026-08-24T10:19:45+08:00,btc-updown-5m-1787537700,https://polymarket.com/zh/event/btc-updown-5m-1787537700,10:15-10:20,,1.00,99.00,,,28403.54,28383.54,,,,,,5391.58,,,4896.58,99,0,0,99,77358.76,77482.20,,
2026-08-24T10:19:47+08:00,btc-updown-5m-1787537700,https://polymarket.com/zh/event/btc-updown-5m-1787537700,10:15-10:20,,1.00,99.00,,,28552.54,28515.55,,,,,,4886.59,,,4886.58,99,0,0,99,77358.76,77477.25,,
2026-08-24T10:19:50+08:00,btc-updown-5m-1787537700,https://polymarket.com/zh/event/btc-updown-5m-1787537700,10:15-10:20,,1.00,99.00,,,28667.65,28552.54,,,,,,4621.53,,,4636.53,99,0,0,99,77358.76,77477.25,,
2026-08-24T10:19:52+08:00,btc-updown-5m-1787537700,https://polymarket.com/zh/event/btc-updown-5m-1787537700,10:15-10:20,,1.00,99.00,,,33149.27,32954.28,,,,,,4471.54,,,4486.53,99,0,0,99,77358.76,77477.25,,
2026-08-24T10:19:55+08:00,btc-updown-5m-1787537700,https://polymarket.com/zh/event/btc-updown-5m-1787537700,10:15-10:20,,1.00,99.00,,,39570.24,39820.27,,,,,,4481.53,,,4481.53,99,0,0,99,77358.76,77484.98,,
2026-08-24T10:19:57+08:00,btc-updown-5m-1787537700,https://polymarket.com/zh/event/btc-updown-5m-1787537700,10:15-10:20,,1.00,99.00,,,39437.53,39447.54,,,,,,3596.54,,,3596.53,99,0,0,99,77358.76,77488.70,,
2026-08-24T10:19:59+08:00,btc-updown-5m-1787537700,https://polymarket.com/zh/event/btc-updown-5m-1787537700,10:15-10:20,,1.00,99.00,,,51149.53,51159.53,,,,,,3446.53,,,2946.53,99,0,0,99,77358.76,77488.69,,
2026-08-24T10:20:02+08:00,btc-updown-5m-1787538000,https://polymarket.com/zh/event/btc-updown-5m-1787538000,10:20-10:25,61.00,40.00,60.00,39.00,10.47,609.17,642.47,8.83,60.50,39.50,1.00,1.00,16500.73,15196.08,15171.08,16390.73,60,39,39,60,77492.51,77492.51,,
2026-08-24T10:20:04+08:00,btc-updown-5m-1787538000,https://polymarket.com/zh/event/btc-updown-5m-1787538000,10:20-10:25,61.00,40.00,60.00,39.00,57.13,409.37,332.77,57.13,60.50,39.50,1.00,1.00,18270.73,16296.08,16586.08,18350.73,60,39,39,60,77492.51,77492.47,,
2026-08-24T10:20:06+08:00,btc-updown-5m-1787538000,https://polymarket.com/zh/event/btc-updown-5m-1787538000,10:20-10:25,61.00,40.00,60.00,39.00,326.79,370.40,345.40,321.85,60.50,39.50,1.00,1.00,18616.83,17402.18,17412.18,18711.83,60,39,39,60,77492.51,77492.50,,
2026-08-24T10:20:09+08:00,btc-updown-5m-1787538000,https://polymarket.com/zh/event/btc-updown-5m-1787538000,10:20-10:25,60.00,41.00,59.00,40.00,105.28,190.95,192.93,113.31,59.50,40.50,1.00,1.00,16366.83,15152.18,15137.18,16461.83,59,40,40,59,77492.51,77485.78,,
2026-08-24T10:20:11+08:00,btc-updown-5m-1787538000,https://polymarket.com/zh/event/btc-updown-5m-1787538000,10:20-10:25,50.00,51.00,49.00,50.00,310.21,53.00,150.07,315.21,49.50,50.50,1.00,1.00,16247.83,15858.18,15758.18,16222.83,49,50,50,49,77492.51,77473.43,,
2026-08-24T10:20:14+08:00,btc-updown-5m-1787538000,https://polymarket.com/zh/event/btc-updown-5m-1787538000,10:20-10:25,48.00,53.00,47.00,52.00,348.91,257.77,257.77,348.91,47.50,52.50,1.00,1.00,16289.05,15721.93,15721.93,16289.05,47,52,52,47,77492.51,77469.61,,
2026-08-24T10:20:16+08:00,btc-updown-5m-1787538000,https://polymarket.com/zh/event/btc-updown-5m-1787538000,10:20-10:25,50.00,50.00,49.00,49.00,42.00,535.73,105.59,45.00,49.50,49.50,1.00,1.00,16451.87,17182.25,19012.22,16561.17,49,50,49,50,77492.51,77469.61,,
2026-08-24T10:20:18+08:00,btc-updown-5m-1787538000,https://polymarket.com/zh/event/btc-updown-5m-1787538000,10:20-10:25,52.00,49.00,51.00,48.00,217.09,188.45,183.45,217.09,51.50,48.50,1.00,1.00,17439.82,16350.17,15529.17,16723.82,51,48,48,51,77492.51,77476.15,,
