ts_iso,slug,market_url,window_text,buy_up_cents,buy_down_cents,sell_up_cents,sell_down_cents,buy_up_size,buy_down_size,sell_up_size,sell_down_size,mid_up_cents,mid_down_cents,spread_up_cents,spread_down_cents,bid_depth_up_5,ask_depth_up_5,bid_depth_down_5,ask_depth_down_5,level_count_bid_up,level_count_ask_up,level_count_bid_down,level_count_ask_down,target_price,final_price,trade_count_1s,trade_volume_1s
2026-05-07T11:44:28+08:00,btc-updown-5m-1778125200,https://polymarket.com/zh/event/btc-updown-5m-1778125200,11:40-11:45,30.00,71.00,29.00,70.00,10.00,230.76,222.71,35.00,29.50,70.50,1.00,1.00,13495.60,13695.75,13695.75,13495.60,29,68,67,29,,80978.01,,
2026-05-07T11:44:30+08:00,btc-updown-5m-1778125200,https://polymarket.com/zh/event/btc-updown-5m-1778125200,11:40-11:45,30.00,71.00,29.00,70.00,3.05,624.38,703.38,3.05,29.50,70.50,1.00,1.00,13020.60,13366.65,13266.65,13020.60,29,69,69,29,,80978.01,,
2026-05-07T11:44:33+08:00,btc-updown-5m-1778125200,https://polymarket.com/zh/event/btc-updown-5m-1778125200,11:40-11:45,33.00,68.00,32.00,67.00,78.75,261.03,294.03,78.75,32.50,67.50,1.00,1.00,12907.27,13153.32,13153.32,12907.27,32,67,67,32,,80978.01,,
2026-05-07T11:44:35+08:00,btc-updown-5m-1778125200,https://polymarket.com/zh/event/btc-updown-5m-1778125200,11:40-11:45,36.00,65.00,35.00,64.00,42.25,474.36,504.36,63.05,35.50,64.50,1.00,1.00,12063.67,12312.72,12312.72,12063.67,34,48,48,34,,80979.47,,
2026-05-07T11:44:38+08:00,btc-updown-5m-1778125200,https://polymarket.com/zh/event/btc-updown-5m-1778125200,11:40-11:45,36.00,65.00,35.00,64.00,59.16,547.07,530.35,59.16,35.50,64.50,1.00,1.00,11786.67,12112.72,12112.72,11791.67,35,50,50,35,,80979.47,,
2026-05-07T11:44:40+08:00,btc-updown-5m-1778125200,https://polymarket.com/zh/event/btc-updown-5m-1778125200,11:40-11:45,37.00,64.00,36.00,63.00,192.21,417.00,349.81,156.21,36.50,63.50,1.00,1.00,11736.67,12069.96,12069.96,11736.67,35,48,51,35,,80979.47,,
2026-05-07T11:44:43+08:00,btc-updown-5m-1778125200,https://polymarket.com/zh/event/btc-updown-5m-1778125200,11:40-11:45,31.00,70.00,30.00,69.00,301.00,56.70,27.13,294.00,30.50,69.50,1.00,1.00,11736.67,12055.96,12055.96,11736.67,30,55,53,30,,80979.47,,
2026-05-07T11:44:45+08:00,btc-updown-5m-1778125200,https://polymarket.com/zh/event/btc-updown-5m-1778125200,11:40-11:45,34.00,69.00,33.00,68.00,165.63,6.00,57.32,15.00,33.50,68.50,1.00,1.00,11248.67,11477.96,11482.96,11248.67,32,44,47,31,,80979.47,,
2026-05-07T11:44:48+08:00,btc-updown-5m-1778125200,https://polymarket.com/zh/event/btc-updown-5m-1778125200,11:40-11:45,30.00,70.00,29.00,68.00,6.00,117.00,316.00,91.13,29.50,69.00,1.00,2.00,11573.67,11552.96,11402.96,11423.67,29,46,44,30,,80979.47,,
2026-05-07T11:44:50+08:00,btc-updown-5m-1778125200,https://polymarket.com/zh/event/btc-updown-5m-1778125200,11:40-11:45,29.00,73.00,26.00,72.00,410.94,164.28,44.31,79.50,27.50,72.50,3.00,1.00,5273.67,5921.96,5911.96,5273.67,26,49,50,27,,80979.47,,
2026-05-07T11:44:53+08:00,btc-updown-5m-1778125200,https://polymarket.com/zh/event/btc-updown-5m-1778125200,11:40-11:45,25.00,77.00,23.00,76.00,233.00,319.81,10.31,11.00,24.00,76.50,2.00,1.00,4155.67,5281.96,4981.96,3856.67,23,52,40,22,,80979.50,,
2026-05-07T11:44:55+08:00,btc-updown-5m-1778125200,https://polymarket.com/zh/event/btc-updown-5m-1778125200,11:40-11:45,79.00,27.00,65.00,22.00,78.00,27.00,5.53,407.45,72.00,24.50,14.00,5.00,3389.67,5188.34,5188.34,3327.67,33,17,18,35,,80986.59,,
2026-05-07T11:44:58+08:00,btc-updown-5m-1778125200,https://polymarket.com/zh/event/btc-updown-5m-1778125200,11:40-11:45,77.00,27.00,67.00,26.00,8.97,14.40,20.50,204.00,72.00,26.50,10.00,1.00,3048.45,4663.74,4636.74,3048.45,31,15,16,36,,80986.59,,
2026-05-07T11:45:01+08:00,btc-updown-5m-1778125500,https://polymarket.com/zh/event/btc-updown-5m-1778125500,11:45-11:50,52.00,49.00,51.00,48.00,95.00,111.48,10.00,66.23,51.50,48.50,1.00,1.00,70662.15,69648.83,69648.83,70762.15,51,48,48,51,80986.65,80986.66,,
2026-05-07T11:45:03+08:00,btc-updown-5m-1778125500,https://polymarket.com/zh/event/btc-updown-5m-1778125500,11:45-11:50,60.00,41.00,59.00,40.00,463.29,8.46,17.56,488.29,59.50,40.50,1.00,1.00,72211.75,71741.83,71741.83,72316.75,59,40,40,59,80986.65,80992.73,,
2026-05-07T11:45:06+08:00,btc-updown-5m-1778125500,https://polymarket.com/zh/event/btc-updown-5m-1778125500,11:45-11:50,59.00,42.00,58.00,41.00,564.23,11.00,8.34,617.75,58.50,41.50,1.00,1.00,71960.75,71901.83,71901.83,71965.75,58,41,41,58,80986.65,80994.09,,
2026-05-07T11:45:09+08:00,btc-updown-5m-1778125500,https://polymarket.com/zh/event/btc-updown-5m-1778125500,11:45-11:50,59.00,42.00,58.00,41.00,143.68,283.55,294.55,233.68,58.50,41.50,1.00,1.00,72465.75,72210.83,72215.83,72460.75,58,41,41,58,80986.65,80994.09,,
2026-05-07T11:45:11+08:00,btc-updown-5m-1778125500,https://polymarket.com/zh/event/btc-updown-5m-1778125500,11:45-11:50,59.00,42.00,58.00,41.00,399.64,245.79,285.29,418.64,58.50,41.50,1.00,1.00,72165.75,72420.83,72415.83,72170.75,58,41,41,58,80986.65,80994.08,,
2026-05-07T11:45:14+08:00,btc-updown-5m-1778125500,https://polymarket.com/zh/event/btc-updown-5m-1778125500,11:45-11:50,58.00,43.00,57.00,42.00,547.12,248.61,153.00,494.12,57.50,42.50,1.00,1.00,72170.75,72425.83,72420.83,72175.75,57,42,42,57,80986.65,80994.11,,
2026-05-07T11:45:16+08:00,btc-updown-5m-1778125500,https://polymarket.com/zh/event/btc-updown-5m-1778125500,11:45-11:50,59.00,42.00,58.00,41.00,682.05,65.00,35.00,568.90,58.50,41.50,1.00,1.00,72102.25,72431.83,72436.83,72097.25,58,41,41,58,80986.65,80994.11,,
2026-05-07T11:45:18+08:00,btc-updown-5m-1778125500,https://polymarket.com/zh/event/btc-updown-5m-1778125500,11:45-11:50,59.00,42.00,58.00,41.00,286.31,140.24,150.24,276.31,58.50,41.50,1.00,1.00,72802.25,73136.83,73141.83,72797.25,58,41,41,58,80986.65,80994.11,,
2026-05-07T11:45:21+08:00,btc-updown-5m-1778125500,https://polymarket.com/zh/event/btc-updown-5m-1778125500,11:45-11:50,53.00,48.00,52.00,47.00,393.42,201.87,186.87,452.42,52.50,47.50,1.00,1.00,68452.85,68778.43,68783.43,68452.85,52,47,47,52,80986.65,80986.60,,
2026-05-07T11:45:23+08:00,btc-updown-5m-1778125500,https://polymarket.com/zh/event/btc-updown-5m-1778125500,11:45-11:50,53.00,48.00,52.00,47.00,687.51,138.77,138.77,736.62,52.50,47.50,1.00,1.00,69574.05,69687.13,69805.83,69579.05,52,47,47,52,80986.65,80986.60,,
2026-05-07T11:45:26+08:00,btc-updown-5m-1778125500,https://polymarket.com/zh/event/btc-updown-5m-1778125500,11:45-11:50,53.00,48.00,52.00,47.00,575.00,104.61,104.61,651.00,52.50,47.50,1.00,1.00,69649.85,69980.43,69975.43,69654.85,52,47,47,52,80986.65,80986.60,,
2026-05-07T11:45:28+08:00,btc-updown-5m-1778125500,https://polymarket.com/zh/event/btc-updown-5m-1778125500,11:45-11:50,53.00,48.00,52.00,47.00,728.58,116.95,116.95,656.58,52.50,47.50,1.00,1.00,69659.85,69985.43,69990.43,69654.85,52,47,47,52,80986.65,80986.60,,
2026-05-07T11:45:31+08:00,btc-updown-5m-1778125500,https://polymarket.com/zh/event/btc-updown-5m-1778125500,11:45-11:50,53.00,48.00,52.00,47.00,714.97,140.67,125.67,822.72,52.50,47.50,1.00,1.00,61994.85,61595.43,61600.43,61989.85,52,47,47,52,80986.65,80986.60,,
2026-05-07T11:45:33+08:00,btc-updown-5m-1778125500,https://polymarket.com/zh/event/btc-updown-5m-1778125500,11:45-11:50,49.00,52.00,48.00,51.00,906.98,204.39,227.39,964.92,48.50,51.50,1.00,1.00,61269.85,61609.43,61604.43,61274.85,48,51,51,48,80986.65,80980.46,,
2026-05-07T11:45:36+08:00,btc-updown-5m-1778125500,https://polymarket.com/zh/event/btc-updown-5m-1778125500,11:45-11:50,49.00,52.00,48.00,51.00,855.03,118.25,119.81,865.03,48.50,51.50,1.00,1.00,61264.85,61604.43,61599.43,61269.85,48,51,51,48,80986.65,80980.46,,
2026-05-07T11:45:38+08:00,btc-updown-5m-1778125500,https://polymarket.com/zh/event/btc-updown-5m-1778125500,11:45-11:50,49.00,53.00,48.00,52.00,932.11,317.49,15.00,720.01,48.50,52.50,1.00,1.00,60549.85,61599.43,61604.43,60544.85,48,51,52,47,80986.65,80980.46,,
2026-05-07T11:45:41+08:00,btc-updown-5m-1778125500,https://polymarket.com/zh/event/btc-updown-5m-1778125500,11:45-11:50,47.00,54.00,46.00,53.00,503.96,94.67,94.67,502.83,46.50,53.50,1.00,1.00,60559.85,60879.43,60884.43,60554.85,46,53,53,46,80986.65,80980.46,,
2026-05-07T11:45:43+08:00,btc-updown-5m-1778125500,https://polymarket.com/zh/event/btc-updown-5m-1778125500,11:45-11:50,47.00,54.00,46.00,53.00,250.36,490.98,175.15,123.00,46.50,53.50,1.00,1.00,60554.85,60885.43,60880.43,60559.85,46,53,53,46,80986.65,80980.46,,
2026-05-07T11:45:46+08:00,btc-updown-5m-1778125500,https://polymarket.com/zh/event/btc-updown-5m-1778125500,11:45-11:50,47.00,54.00,46.00,53.00,30.00,291.80,282.80,30.00,46.50,53.50,1.00,1.00,48562.85,48894.43,48890.43,48567.85,46,53,53,46,80986.65,80980.46,,
2026-05-07T11:45:48+08:00,btc-updown-5m-1778125500,https://polymarket.com/zh/event/btc-updown-5m-1778125500,11:45-11:50,47.00,54.00,46.00,53.00,162.09,298.80,293.80,162.09,46.50,53.50,1.00,1.00,48567.85,48890.43,48896.43,48562.85,46,53,53,46,80986.65,80980.46,,
2026-05-07T11:45:51+08:00,btc-updown-5m-1778125500,https://polymarket.com/zh/event/btc-updown-5m-1778125500,11:45-11:50,48.00,53.00,47.00,52.00,675.80,269.52,269.52,645.80,47.50,52.50,1.00,1.00,47847.85,48892.43,48796.43,47742.85,47,52,52,47,80986.65,80980.46,,
2026-05-07T11:45:53+08:00,btc-updown-5m-1778125500,https://polymarket.com/zh/event/btc-updown-5m-1778125500,11:45-11:50,47.00,54.00,46.00,53.00,166.31,579.24,382.99,148.30,46.50,53.50,1.00,1.00,47747.85,48077.43,48072.43,47747.85,46,53,53,46,80986.65,80980.46,,
2026-05-07T11:45:56+08:00,btc-updown-5m-1778125500,https://polymarket.com/zh/event/btc-updown-5m-1778125500,11:45-11:50,49.00,52.00,48.00,51.00,526.90,271.91,271.91,538.00,48.50,51.50,1.00,1.00,47742.85,47357.43,47352.43,47747.85,48,51,51,48,80986.65,80976.56,,
2026-05-07T11:46:03+08:00,btc-updown-5m-1778125500,https://polymarket.com/zh/event/btc-updown-5m-1778125500,11:45-11:50,36.00,65.00,35.00,64.00,912.60,86.46,56.46,813.65,35.50,64.50,1.00,1.00,27003.85,29023.43,29028.43,26998.85,35,64,64,35,80986.65,80966.98,,
2026-05-07T11:46:05+08:00,btc-updown-5m-1778125500,https://polymarket.com/zh/event/btc-updown-5m-1778125500,11:45-11:50,43.00,58.00,42.00,57.00,402.74,51.68,297.76,1043.20,42.50,57.50,1.00,1.00,26448.85,27477.43,27282.43,26342.85,42,57,57,42,80986.65,80970.50,,
2026-05-07T11:46:08+08:00,btc-updown-5m-1778125500,https://polymarket.com/zh/event/btc-updown-5m-1778125500,11:45-11:50,40.00,61.00,39.00,60.00,777.69,99.22,110.62,749.44,39.50,60.50,1.00,1.00,25332.85,26373.43,26368.43,25337.85,39,60,60,39,80986.65,80970.51,,
2026-05-07T11:46:10+08:00,btc-updown-5m-1778125500,https://polymarket.com/zh/event/btc-updown-5m-1778125500,11:45-11:50,40.00,61.00,39.00,60.00,734.44,120.50,120.50,733.44,39.50,60.50,1.00,1.00,25304.85,26335.43,26340.43,25299.85,39,60,60,39,80986.65,80970.50,,
2026-05-07T11:46:13+08:00,btc-updown-5m-1778125500,https://polymarket.com/zh/event/btc-updown-5m-1778125500,11:45-11:50,38.00,63.00,37.00,62.00,755.32,267.59,237.59,742.68,37.50,62.50,1.00,1.00,25299.85,26340.43,26335.43,25304.85,37,62,62,37,80986.65,80970.50,,
2026-05-07T11:46:16+08:00,btc-updown-5m-1778125500,https://polymarket.com/zh/event/btc-updown-5m-1778125500,11:45-11:50,35.00,66.00,34.00,65.00,380.14,243.93,163.94,295.14,34.50,65.50,1.00,1.00,25299.85,25224.43,25219.43,25304.85,34,65,65,34,80986.65,80970.50,,
2026-05-07T11:46:18+08:00,btc-updown-5m-1778125500,https://polymarket.com/zh/event/btc-updown-5m-1778125500,11:45-11:50,36.00,64.00,35.00,63.00,15.00,788.20,889.50,35.29,35.50,63.50,1.00,1.00,25304.85,25615.43,25620.43,25299.85,35,64,63,36,80986.65,80970.50,,
2026-05-07T11:46:21+08:00,btc-updown-5m-1778125500,https://polymarket.com/zh/event/btc-updown-5m-1778125500,11:45-11:50,39.00,62.00,38.00,61.00,554.62,345.85,333.85,444.62,38.50,61.50,1.00,1.00,25354.85,25615.43,25620.43,25349.85,38,61,61,38,80986.65,80970.50,,
2026-05-07T11:46:23+08:00,btc-updown-5m-1778125500,https://polymarket.com/zh/event/btc-updown-5m-1778125500,11:45-11:50,44.00,57.00,43.00,56.00,350.40,458.03,547.03,411.37,43.50,56.50,1.00,1.00,25299.85,27060.43,27055.43,25304.85,43,56,56,43,80986.65,80974.31,,
2026-05-07T11:46:26+08:00,btc-updown-5m-1778125500,https://polymarket.com/zh/event/btc-updown-5m-1778125500,11:45-11:50,46.00,55.00,45.00,54.00,78.97,882.40,222.60,99.21,45.50,54.50,1.00,1.00,25304.85,26335.43,26340.43,25299.85,45,54,54,45,80986.65,80977.38,,
2026-05-07T11:46:28+08:00,btc-updown-5m-1778125500,https://polymarket.com/zh/event/btc-updown-5m-1778125500,11:45-11:50,46.00,55.00,45.00,54.00,212.17,819.46,818.46,208.30,45.50,54.50,1.00,1.00,25304.85,26335.43,26340.43,25299.85,45,54,54,45,80986.65,80977.38,,
2026-05-07T11:46:31+08:00,btc-updown-5m-1778125500,https://polymarket.com/zh/event/btc-updown-5m-1778125500,11:45-11:50,46.00,55.00,45.00,54.00,67.01,834.91,961.61,101.01,45.50,54.50,1.00,1.00,25299.85,26340.43,25919.43,24888.85,45,54,54,45,80986.65,80977.39,,
2026-05-07T11:46:33+08:00,btc-updown-5m-1778125500,https://polymarket.com/zh/event/btc-updown-5m-1778125500,11:45-11:50,46.00,55.00,45.00,54.00,69.50,771.10,733.10,69.50,45.50,54.50,1.00,1.00,24893.85,25924.43,25929.43,24888.85,45,54,54,45,80986.65,80977.39,,
2026-05-07T11:46:36+08:00,btc-updown-5m-1778125500,https://polymarket.com/zh/event/btc-updown-5m-1778125500,11:45-11:50,46.00,55.00,45.00,54.00,368.75,523.59,557.45,348.84,45.50,54.50,1.00,1.00,24993.85,25924.43,25929.43,24988.85,45,54,54,45,80986.65,80977.38,,
2026-05-07T11:46:38+08:00,btc-updown-5m-1778125500,https://polymarket.com/zh/event/btc-updown-5m-1778125500,11:45-11:50,35.00,66.00,32.00,65.00,92.38,10.00,20.00,764.44,33.50,65.50,3.00,1.00,24743.85,28188.43,27888.43,24743.85,32,65,65,33,80986.65,80968.14,,
2026-05-07T11:46:41+08:00,btc-updown-5m-1778125500,https://polymarket.com/zh/event/btc-updown-5m-1778125500,11:45-11:50,32.00,69.00,31.00,68.00,774.68,90.52,90.52,699.68,31.50,68.50,1.00,1.00,24633.85,27974.43,27979.43,24628.85,31,68,68,31,80986.65,80965.11,,
2026-05-07T11:46:43+08:00,btc-updown-5m-1778125500,https://polymarket.com/zh/event/btc-updown-5m-1778125500,11:45-11:50,32.00,69.00,31.00,68.00,41.57,694.82,635.78,6.70,31.50,68.50,1.00,1.00,24666.85,25814.43,25819.43,24661.85,31,68,68,31,80986.65,80965.11,,
2026-05-07T11:46:46+08:00,btc-updown-5m-1778125500,https://polymarket.com/zh/event/btc-updown-5m-1778125500,11:45-11:50,33.00,68.00,32.00,67.00,282.10,304.69,309.69,282.10,32.50,67.50,1.00,1.00,24661.85,25852.43,25847.43,24666.85,32,67,67,32,80986.65,80965.12,,
2026-05-07T11:46:48+08:00,btc-updown-5m-1778125500,https://polymarket.com/zh/event/btc-updown-5m-1778125500,11:45-11:50,33.00,68.00,32.00,67.00,569.26,142.00,169.71,598.26,32.50,67.50,1.00,1.00,24661.85,25847.43,25552.43,24661.85,32,67,67,32,80986.65,80965.11,,
2026-05-07T11:46:51+08:00,btc-updown-5m-1778125500,https://polymarket.com/zh/event/btc-updown-5m-1778125500,11:45-11:50,33.00,68.00,32.00,67.00,722.71,19.04,19.04,675.71,32.50,67.50,1.00,1.00,23970.85,25247.43,25252.43,23965.85,32,67,67,32,80986.65,80965.11,,
2026-05-07T11:46:53+08:00,btc-updown-5m-1778125500,https://polymarket.com/zh/event/btc-updown-5m-1778125500,11:45-11:50,32.00,69.00,31.00,68.00,407.64,102.00,102.00,482.64,31.50,68.50,1.00,1.00,23970.85,25247.43,25152.43,23965.85,31,68,68,31,80986.65,80965.11,,
2026-05-07T11:46:56+08:00,btc-updown-5m-1778125500,https://polymarket.com/zh/event/btc-updown-5m-1778125500,11:45-11:50,32.00,69.00,31.00,68.00,355.85,104.42,104.42,289.94,31.50,68.50,1.00,1.00,23955.85,25237.43,25237.43,23955.85,31,68,68,31,80986.65,80965.11,,
2026-05-07T11:46:58+08:00,btc-updown-5m-1778125500,https://polymarket.com/zh/event/btc-updown-5m-1778125500,11:45-11:50,32.00,69.00,31.00,68.00,464.18,76.99,58.44,309.93,31.50,68.50,1.00,1.00,23863.85,25232.43,25237.43,23858.85,31,68,68,31,80986.65,80965.11,,
2026-05-07T11:47:01+08:00,btc-updown-5m-1778125500,https://polymarket.com/zh/event/btc-updown-5m-1778125500,11:45-11:50,31.00,70.00,30.00,69.00,340.84,183.75,183.75,333.84,30.50,69.50,1.00,1.00,23909.18,24932.76,24932.76,23904.18,30,69,69,30,80986.65,80965.11,,
2026-05-07T11:47:04+08:00,btc-updown-5m-1778125500,https://polymarket.com/zh/event/btc-updown-5m-1778125500,11:45-11:50,31.00,70.00,30.00,69.00,528.92,78.86,116.14,592.92,30.50,69.50,1.00,1.00,23904.18,24840.76,24835.76,23909.18,30,69,69,30,80986.65,80965.11,,
2026-05-07T11:47:06+08:00,btc-updown-5m-1778125500,https://polymarket.com/zh/event/btc-updown-5m-1778125500,11:45-11:50,24.00,77.00,23.00,76.00,156.14,303.91,347.21,161.14,23.50,76.50,1.00,1.00,20814.18,20124.76,20124.76,21014.18,23,76,76,23,80986.65,80950.02,,
2026-05-07T11:47:09+08:00,btc-updown-5m-1778125500,https://polymarket.com/zh/event/btc-updown-5m-1778125500,11:45-11:50,24.00,77.00,23.00,76.00,463.50,134.50,149.88,464.50,23.50,76.50,1.00,1.00,20879.18,19649.76,19749.76,20879.18,23,76,76,23,80986.65,80950.04,,
2026-05-07T11:47:11+08:00,btc-updown-5m-1778125500,https://polymarket.com/zh/event/btc-updown-5m-1778125500,11:45-11:50,24.00,77.00,23.00,76.00,249.11,172.04,199.54,224.11,23.50,76.50,1.00,1.00,21052.68,19838.26,19838.26,21052.68,23,76,76,23,80986.65,80951.20,,
2026-05-07T11:47:14+08:00,btc-updown-5m-1778125500,https://polymarket.com/zh/event/btc-updown-5m-1778125500,11:45-11:50,24.00,77.00,23.00,76.00,232.16,185.22,51.22,102.09,23.50,76.50,1.00,1.00,21097.68,20124.26,20224.26,21002.68,23,76,76,23,80986.65,80951.20,,
2026-05-07T11:47:16+08:00,btc-updown-5m-1778125500,https://polymarket.com/zh/event/btc-updown-5m-1778125500,11:45-11:50,24.00,77.00,23.00,76.00,243.56,596.40,209.91,213.21,23.50,76.50,1.00,1.00,20837.68,20324.26,20324.26,20837.68,23,76,76,23,80986.65,80951.20,,
2026-05-07T11:47:19+08:00,btc-updown-5m-1778125500,https://polymarket.com/zh/event/btc-updown-5m-1778125500,11:45-11:50,26.00,75.00,25.00,74.00,238.79,733.52,854.54,302.15,25.50,74.50,1.00,1.00,20837.68,21044.26,21011.26,20804.68,25,74,74,25,80986.65,80960.59,,
2026-05-07T11:47:21+08:00,btc-updown-5m-1778125500,https://polymarket.com/zh/event/btc-updown-5m-1778125500,11:45-11:50,26.00,75.00,25.00,74.00,458.72,349.98,417.98,401.62,25.50,74.50,1.00,1.00,20804.68,21011.26,21011.26,20804.68,25,74,74,25,80986.65,80960.59,,
2026-05-07T11:47:24+08:00,btc-updown-5m-1778125500,https://polymarket.com/zh/event/btc-updown-5m-1778125500,11:45-11:50,26.00,75.00,25.00,74.00,672.31,127.70,87.70,669.37,25.50,74.50,1.00,1.00,20794.68,21001.26,21001.26,20794.68,25,74,74,25,80986.65,80962.02,,
2026-05-07T11:47:26+08:00,btc-updown-5m-1778125500,https://polymarket.com/zh/event/btc-updown-5m-1778125500,11:45-11:50,26.00,75.00,25.00,74.00,476.15,243.32,238.32,431.52,25.50,74.50,1.00,1.00,20784.68,21001.26,21001.26,20784.68,25,74,74,25,80986.65,80962.05,,
2026-05-07T11:47:29+08:00,btc-updown-5m-1778125500,https://polymarket.com/zh/event/btc-updown-5m-1778125500,11:45-11:50,26.00,75.00,25.00,74.00,698.44,38.00,43.00,700.88,25.50,74.50,1.00,1.00,20784.68,21101.26,21001.26,20784.68,25,74,74,25,80986.65,80962.11,,
2026-05-07T11:47:31+08:00,btc-updown-5m-1778125500,https://polymarket.com/zh/event/btc-updown-5m-1778125500,11:45-11:50,25.00,76.00,24.00,75.00,380.54,313.33,298.33,342.34,24.50,75.50,1.00,1.00,20760.68,20996.26,20996.26,20774.68,24,75,75,24,80986.65,80963.30,,
2026-05-07T11:47:34+08:00,btc-updown-5m-1778125500,https://polymarket.com/zh/event/btc-updown-5m-1778125500,11:45-11:50,25.00,76.00,24.00,75.00,293.34,163.66,188.66,308.34,24.50,75.50,1.00,1.00,20769.68,22436.26,22436.26,20774.68,24,75,75,24,80986.65,80963.30,,
2026-05-07T11:47:36+08:00,btc-updown-5m-1778125500,https://polymarket.com/zh/event/btc-updown-5m-1778125500,11:45-11:50,23.00,78.00,22.00,77.00,337.07,253.35,339.85,332.69,22.50,77.50,1.00,1.00,20874.68,22436.26,22436.26,20874.68,22,77,77,22,80986.65,80963.29,,
2026-05-07T11:47:39+08:00,btc-updown-5m-1778125500,https://polymarket.com/zh/event/btc-updown-5m-1778125500,11:45-11:50,22.00,79.00,21.00,78.00,135.61,599.53,687.70,160.61,21.50,78.50,1.00,1.00,21074.68,22436.26,22436.26,20949.68,21,78,78,21,80986.65,80963.29,,
2026-05-07T11:47:41+08:00,btc-updown-5m-1778125500,https://polymarket.com/zh/event/btc-updown-5m-1778125500,11:45-11:50,24.00,77.00,23.00,76.00,65.00,249.08,218.76,72.74,23.50,76.50,1.00,1.00,20849.68,22436.26,23156.26,20844.68,23,76,76,23,80986.65,80963.30,,
2026-05-07T11:47:44+08:00,btc-updown-5m-1778125500,https://polymarket.com/zh/event/btc-updown-5m-1778125500,11:45-11:50,21.00,80.00,20.00,79.00,374.97,96.12,96.12,374.97,20.50,79.50,1.00,1.00,20032.68,21441.26,21441.26,20032.68,20,79,79,20,80986.65,80955.90,,
2026-05-07T11:47:46+08:00,btc-updown-5m-1778125500,https://polymarket.com/zh/event/btc-updown-5m-1778125500,11:45-11:50,21.00,80.00,20.00,79.00,234.02,40.00,65.00,214.02,20.50,79.50,1.00,1.00,19832.68,21474.26,21474.26,19832.68,20,79,79,20,80986.65,80955.91,,
2026-05-07T11:47:49+08:00,btc-updown-5m-1778125500,https://polymarket.com/zh/event/btc-updown-5m-1778125500,11:45-11:50,21.00,80.00,20.00,79.00,240.43,47.15,49.50,357.56,20.50,79.50,1.00,1.00,19904.68,21451.26,21446.26,19909.68,20,79,79,20,80986.65,80955.90,,
2026-05-07T11:47:51+08:00,btc-updown-5m-1778125500,https://polymarket.com/zh/event/btc-updown-5m-1778125500,11:45-11:50,17.00,89.00,15.00,86.00,13.33,4.72,44.00,10.00,16.00,87.50,2.00,3.00,19660.68,21151.26,20746.26,19665.68,15,82,85,11,80986.65,80949.76,,
2026-05-07T11:47:54+08:00,btc-updown-5m-1778125500,https://polymarket.com/zh/event/btc-updown-5m-1778125500,11:45-11:50,9.00,92.00,8.00,91.00,454.39,121.71,131.71,409.39,8.50,91.50,1.00,1.00,20011.79,18300.26,18270.26,19996.79,8,91,91,8,80986.65,80946.00,,
2026-05-07T11:47:57+08:00,btc-updown-5m-1778125500,https://polymarket.com/zh/event/btc-updown-5m-1778125500,11:45-11:50,7.00,94.00,6.00,93.00,796.10,44.25,42.50,927.75,6.50,93.50,1.00,1.00,19453.72,18210.26,18205.26,18997.92,6,93,93,6,80986.65,80937.76,,
2026-05-07T11:47:59+08:00,btc-updown-5m-1778125500,https://polymarket.com/zh/event/btc-updown-5m-1778125500,11:45-11:50,6.00,95.00,5.00,94.00,321.29,568.15,647.81,394.29,5.50,94.50,1.00,1.00,20034.23,18205.26,18210.26,19712.14,5,94,94,5,80986.65,80938.01,,
2026-05-07T11:48:02+08:00,btc-updown-5m-1778125500,https://polymarket.com/zh/event/btc-updown-5m-1778125500,11:45-11:50,5.00,96.00,4.00,95.00,402.59,610.09,661.21,452.46,4.50,95.50,1.00,1.00,11074.10,15762.26,15767.26,10642.98,4,95,95,4,80986.65,80925.26,,
2026-05-07T11:48:04+08:00,btc-updown-5m-1778125500,https://polymarket.com/zh/event/btc-updown-5m-1778125500,11:45-11:50,5.00,96.00,4.00,95.00,685.70,341.71,126.76,637.04,4.50,95.50,1.00,1.00,11605.47,15742.26,15382.26,11835.42,4,95,95,4,80986.65,80925.26,,
2026-05-07T11:48:07+08:00,btc-updown-5m-1778125500,https://polymarket.com/zh/event/btc-updown-5m-1778125500,11:45-11:50,7.00,94.00,6.00,93.00,539.49,602.52,537.52,240.17,6.50,93.50,1.00,1.00,12951.50,15437.26,15432.26,12956.50,6,93,93,6,80986.65,80937.49,,
2026-05-07T11:48:09+08:00,btc-updown-5m-1778125500,https://polymarket.com/zh/event/btc-updown-5m-1778125500,11:45-11:50,7.00,94.00,6.00,93.00,342.60,170.96,187.03,322.60,6.50,93.50,1.00,1.00,12801.50,15828.26,15833.26,12801.50,6,93,93,6,80986.65,80937.49,,
2026-05-07T11:48:11+08:00,btc-updown-5m-1778125500,https://polymarket.com/zh/event/btc-updown-5m-1778125500,11:45-11:50,6.00,95.00,5.00,94.00,472.05,65.00,106.98,472.25,5.50,94.50,1.00,1.00,12515.03,15818.26,15823.26,12468.05,5,94,94,5,80986.65,80940.68,,
2026-05-07T11:48:14+08:00,btc-updown-5m-1778125500,https://polymarket.com/zh/event/btc-updown-5m-1778125500,11:45-11:50,5.00,96.00,4.00,95.00,535.04,105.96,163.05,527.04,4.50,95.50,1.00,1.00,12063.60,15427.26,15422.26,12052.14,4,95,95,4,80986.65,80939.46,,
2026-05-07T11:48:17+08:00,btc-updown-5m-1778125500,https://polymarket.com/zh/event/btc-updown-5m-1778125500,11:45-11:50,4.00,97.00,3.00,96.00,557.28,2053.56,2058.56,552.28,3.50,96.50,1.00,1.00,11873.08,15407.26,15402.26,11868.08,3,96,96,3,80986.65,80939.46,,
2026-05-07T11:48:19+08:00,btc-updown-5m-1778125500,https://polymarket.com/zh/event/btc-updown-5m-1778125500,11:45-11:50,4.00,97.00,3.00,96.00,1183.17,585.18,530.18,1155.17,3.50,96.50,1.00,1.00,10900.37,15402.26,15407.26,10955.37,3,96,96,3,80986.65,80928.29,,
2026-05-07T11:48:22+08:00,btc-updown-5m-1778125500,https://polymarket.com/zh/event/btc-updown-5m-1778125500,11:45-11:50,4.00,97.00,3.00,96.00,1451.69,170.68,286.83,1443.93,3.50,96.50,1.00,1.00,10361.32,15382.26,15377.26,10232.17,3,96,96,3,80986.65,80928.27,,
2026-05-07T11:48:24+08:00,btc-updown-5m-1778125500,https://polymarket.com/zh/event/btc-updown-5m-1778125500,11:45-11:50,3.00,98.00,2.00,97.00,737.02,1648.02,1914.16,732.02,2.50,97.50,1.00,1.00,9599.35,15372.26,15367.26,9348.21,2,97,97,2,80986.65,80925.26,,
2026-05-07T11:48:27+08:00,btc-updown-5m-1778125500,https://polymarket.com/zh/event/btc-updown-5m-1778125500,11:45-11:50,3.00,98.00,2.00,97.00,1130.97,1360.51,1360.51,1184.97,2.50,97.50,1.00,1.00,8672.10,15372.26,15367.26,8627.10,2,97,97,2,80986.65,80925.26,,
2026-05-07T11:48:29+08:00,btc-updown-5m-1778125500,https://polymarket.com/zh/event/btc-updown-5m-1778125500,11:45-11:50,3.00,98.00,2.00,97.00,860.38,1281.00,1297.11,870.48,2.50,97.50,1.00,1.00,8554.70,15367.26,15372.26,8538.59,2,97,97,2,80986.65,80925.26,,
2026-05-07T11:48:32+08:00,btc-updown-5m-1778125500,https://polymarket.com/zh/event/btc-updown-5m-1778125500,11:45-11:50,3.00,98.00,2.00,97.00,451.36,1312.88,1317.88,446.36,2.50,97.50,1.00,1.00,8766.47,14193.26,14188.26,8731.47,2,97,97,2,80986.65,80925.26,,
2026-05-07T11:48:34+08:00,btc-updown-5m-1778125500,https://polymarket.com/zh/event/btc-updown-5m-1778125500,11:45-11:50,3.00,98.00,2.00,97.00,635.00,1421.58,1512.80,620.00,2.50,97.50,1.00,1.00,9454.99,14193.26,14188.26,9363.77,2,97,97,2,80986.65,80928.19,,
2026-05-07T11:48:37+08:00,btc-updown-5m-1778125500,https://polymarket.com/zh/event/btc-updown-5m-1778125500,11:45-11:50,3.00,98.00,2.00,97.00,125.99,1787.59,1853.59,92.65,2.50,97.50,1.00,1.00,9268.88,14584.26,14589.26,9207.88,2,97,97,2,80986.65,80939.97,,
2026-05-07T11:48:39+08:00,btc-updown-5m-1778125500,https://polymarket.com/zh/event/btc-updown-5m-1778125500,11:45-11:50,5.00,96.00,4.00,95.00,182.00,446.07,563.16,127.00,4.50,95.50,1.00,1.00,10243.36,14488.26,14493.26,10132.27,4,95,95,4,80986.65,80940.54,,
2026-05-07T11:48:42+08:00,btc-updown-5m-1778125500,https://polymarket.com/zh/event/btc-updown-5m-1778125500,11:45-11:50,5.00,96.00,4.00,95.00,310.71,264.12,265.12,318.75,4.50,95.50,1.00,1.00,9792.62,14583.26,14578.26,9816.62,4,95,95,4,80986.65,80940.54,,
2026-05-07T11:48:44+08:00,btc-updown-5m-1778125500,https://polymarket.com/zh/event/btc-updown-5m-1778125500,11:45-11:50,4.00,97.00,3.00,96.00,393.54,148.66,128.66,336.54,3.50,96.50,1.00,1.00,9407.16,14583.26,14578.26,9422.16,3,96,96,3,80986.65,80940.54,,
2026-05-07T11:48:47+08:00,btc-updown-5m-1778125500,https://polymarket.com/zh/event/btc-updown-5m-1778125500,11:45-11:50,4.00,97.00,3.00,96.00,138.00,256.61,391.48,148.00,3.50,96.50,1.00,1.00,9064.99,13811.26,13816.26,8920.12,3,96,96,3,80986.65,80940.54,,
2026-05-07T11:48:49+08:00,btc-updown-5m-1778125500,https://polymarket.com/zh/event/btc-updown-5m-1778125500,11:45-11:50,4.00,97.00,3.00,96.00,163.00,383.34,373.34,173.00,3.50,96.50,1.00,1.00,8835.15,13816.26,13811.26,8845.15,3,96,96,3,80986.65,80940.54,,
2026-05-07T11:48:52+08:00,btc-updown-5m-1778125500,https://polymarket.com/zh/event/btc-updown-5m-1778125500,11:45-11:50,4.00,97.00,3.00,96.00,146.00,297.14,287.14,151.00,3.50,96.50,1.00,1.00,8783.95,13811.26,13816.26,8817.31,3,96,96,3,80986.65,80940.54,,
2026-05-07T11:48:54+08:00,btc-updown-5m-1778125500,https://polymarket.com/zh/event/btc-updown-5m-1778125500,11:45-11:50,3.00,98.00,2.00,97.00,253.95,1711.51,1726.51,233.95,2.50,97.50,1.00,1.00,8464.17,13816.26,13811.26,8449.17,2,97,97,2,80986.65,80940.54,,
2026-05-07T11:48:57+08:00,btc-updown-5m-1778125500,https://polymarket.com/zh/event/btc-updown-5m-1778125500,11:45-11:50,3.00,98.00,2.00,97.00,129.27,955.68,985.68,144.27,2.50,97.50,1.00,1.00,7733.34,13816.26,13811.26,7703.34,2,97,97,2,80986.65,80940.54,,
2026-05-07T11:48:59+08:00,btc-updown-5m-1778125500,https://polymarket.com/zh/event/btc-updown-5m-1778125500,11:45-11:50,3.00,98.00,2.00,97.00,45.00,1326.14,1270.20,30.00,2.50,97.50,1.00,1.00,8041.86,13311.26,13316.26,8097.80,2,97,97,2,80986.65,80940.55,,
2026-05-07T11:49:02+08:00,btc-updown-5m-1778125500,https://polymarket.com/zh/event/btc-updown-5m-1778125500,11:45-11:50,3.00,98.00,2.00,97.00,187.67,580.66,825.81,167.67,2.50,97.50,1.00,1.00,7367.47,12556.26,12561.26,7137.32,2,97,97,2,80986.65,80931.34,,
2026-05-07T11:49:04+08:00,btc-updown-5m-1778125500,https://polymarket.com/zh/event/btc-updown-5m-1778125500,11:45-11:50,3.00,98.00,2.00,97.00,151.07,189.13,174.13,166.07,2.50,97.50,1.00,1.00,6776.79,12528.26,12528.26,6806.79,2,97,97,2,80986.65,80931.34,,
2026-05-07T11:49:07+08:00,btc-updown-5m-1778125500,https://polymarket.com/zh/event/btc-updown-5m-1778125500,11:45-11:50,3.00,99.00,2.00,98.00,10.00,6611.06,42.11,1204.89,2.50,98.50,1.00,1.00,6185.17,12223.26,12528.26,6611.06,2,97,98,1,80986.65,80931.35,,
2026-05-07T11:49:09+08:00,btc-updown-5m-1778125500,https://polymarket.com/zh/event/btc-updown-5m-1778125500,11:45-11:50,2.00,99.00,1.00,98.00,1494.85,6831.89,6836.89,1504.85,1.50,98.50,1.00,1.00,6836.89,12528.26,12533.26,6831.89,1,98,98,1,80986.65,80929.34,,
2026-05-07T11:49:12+08:00,btc-updown-5m-1778125500,https://polymarket.com/zh/event/btc-updown-5m-1778125500,11:45-11:50,2.00,99.00,1.00,98.00,814.33,5958.38,5963.38,814.33,1.50,98.50,1.00,1.00,5963.38,12483.26,12478.26,5958.38,1,98,98,1,80986.65,80929.33,,
2026-05-07T11:49:15+08:00,btc-updown-5m-1778125500,https://polymarket.com/zh/event/btc-updown-5m-1778125500,11:45-11:50,2.00,99.00,1.00,98.00,1115.33,5818.86,5803.86,1130.33,1.50,98.50,1.00,1.00,5803.86,12478.26,12488.26,5818.86,1,98,98,1,80986.65,80929.33,,
2026-05-07T11:49:17+08:00,btc-updown-5m-1778125500,https://polymarket.com/zh/event/btc-updown-5m-1778125500,11:45-11:50,2.00,99.00,1.00,98.00,1338.33,5579.19,5624.17,1483.33,1.50,98.50,1.00,1.00,5624.17,12478.26,12483.26,5579.19,1,98,98,1,80986.65,80929.34,,
2026-05-07T11:49:20+08:00,btc-updown-5m-1778125500,https://polymarket.com/zh/event/btc-updown-5m-1778125500,11:45-11:50,2.00,99.00,1.00,98.00,1469.33,5511.11,5531.11,1459.33,1.50,98.50,1.00,1.00,5531.11,12483.26,12478.26,5511.11,1,98,98,1,80986.65,80929.33,,
2026-05-07T11:49:22+08:00,btc-updown-5m-1778125500,https://polymarket.com/zh/event/btc-updown-5m-1778125500,11:45-11:50,2.00,99.00,1.00,98.00,1581.29,5516.87,5516.87,1601.29,1.50,98.50,1.00,1.00,5516.87,12483.26,12478.26,5516.87,1,98,98,1,80986.65,80929.33,,
2026-05-07T11:49:25+08:00,btc-updown-5m-1778125500,https://polymarket.com/zh/event/btc-updown-5m-1778125500,11:45-11:50,2.00,99.00,1.00,98.00,1635.57,4764.00,5464.00,1650.77,1.50,98.50,1.00,1.00,5464.00,12478.26,12483.26,4764.00,1,98,98,1,80986.65,80929.34,,
2026-05-07T11:49:27+08:00,btc-updown-5m-1778125500,https://polymarket.com/zh/event/btc-updown-5m-1778125500,11:45-11:50,2.00,99.00,1.00,98.00,2081.36,4225.01,4242.04,2061.36,1.50,98.50,1.00,1.00,4242.04,12478.26,12478.26,4225.01,1,98,98,1,80986.65,80934.00,,
2026-05-07T11:49:30+08:00,btc-updown-5m-1778125500,https://polymarket.com/zh/event/btc-updown-5m-1778125500,11:45-11:50,1.00,,,99.00,538.30,,,448.40,,,,,,13813.26,13778.51,,0,99,99,0,80986.65,80936.99,,
2026-05-07T11:49:32+08:00,btc-updown-5m-1778125500,https://polymarket.com/zh/event/btc-updown-5m-1778125500,11:45-11:50,1.00,,,99.00,466.45,,,626.45,,,,,,13697.51,13702.51,,0,99,99,0,80986.65,80940.54,,
2026-05-07T11:49:35+08:00,btc-updown-5m-1778125500,https://polymarket.com/zh/event/btc-updown-5m-1778125500,11:45-11:50,2.00,99.00,1.00,98.00,2062.27,381.97,382.99,2065.27,1.50,98.50,1.00,1.00,382.99,12856.91,12856.91,381.97,1,81,81,1,80986.65,80940.54,,
2026-05-07T11:49:37+08:00,btc-updown-5m-1778125500,https://polymarket.com/zh/event/btc-updown-5m-1778125500,11:45-11:50,2.00,99.00,1.00,98.00,2152.23,191.21,109.91,2111.23,1.50,98.50,1.00,1.00,109.91,12356.91,13081.91,191.21,1,83,83,1,80986.65,80940.54,,
2026-05-07T11:49:40+08:00,btc-updown-5m-1778125500,https://polymarket.com/zh/event/btc-updown-5m-1778125500,11:45-11:50,2.00,99.00,1.00,98.00,2248.21,241.65,195.00,2233.21,1.50,98.50,1.00,1.00,195.00,12569.91,12564.91,241.65,1,83,83,1,80986.65,80941.00,,
2026-05-07T11:49:43+08:00,btc-updown-5m-1778125500,https://polymarket.com/zh/event/btc-updown-5m-1778125500,11:45-11:50,2.00,99.00,1.00,98.00,2153.30,156.65,170.80,2176.39,1.50,98.50,1.00,1.00,170.80,12564.91,12569.91,156.65,1,82,82,1,80986.65,80941.01,,
2026-05-07T11:49:45+08:00,btc-updown-5m-1778125500,https://polymarket.com/zh/event/btc-updown-5m-1778125500,11:45-11:50,1.00,,,99.00,3369.22,,,3376.29,,,,,,12452.91,12484.91,,0,81,81,0,80986.65,80941.00,,
2026-05-07T11:49:48+08:00,btc-updown-5m-1778125500,https://polymarket.com/zh/event/btc-updown-5m-1778125500,11:45-11:50,1.00,,,99.00,399.77,,,399.77,,,,,,13029.91,13034.91,,0,78,78,0,80986.65,80941.00,,
2026-05-07T11:49:50+08:00,btc-updown-5m-1778125500,https://polymarket.com/zh/event/btc-updown-5m-1778125500,11:45-11:50,1.00,,,99.00,642.63,,,652.63,,,,,,8111.91,8106.91,,0,76,76,0,80986.65,80941.00,,
2026-05-07T11:49:53+08:00,btc-updown-5m-1778125500,https://polymarket.com/zh/event/btc-updown-5m-1778125500,11:45-11:50,1.00,,,99.00,1867.07,,,1862.02,,,,,,8001.91,8101.91,,0,72,72,0,80986.65,80942.98,,
2026-05-07T11:49:55+08:00,btc-updown-5m-1778125500,https://polymarket.com/zh/event/btc-updown-5m-1778125500,11:45-11:50,1.00,,,99.00,2880.85,,,3094.85,,,,,,7001.91,7006.91,,0,69,69,0,80986.65,80942.98,,
2026-05-07T11:49:58+08:00,btc-updown-5m-1778125500,https://polymarket.com/zh/event/btc-updown-5m-1778125500,11:45-11:50,1.00,,,99.00,9109.25,,,9710.95,,,,,,7001.91,8227.69,,0,71,73,0,80986.65,80952.82,,
2026-05-07T11:50:01+08:00,btc-updown-5m-1778125800,https://polymarket.com/zh/event/btc-updown-5m-1778125800,11:50-11:55,53.00,49.00,52.00,48.00,31.59,22.25,166.38,45.00,52.50,48.50,1.00,1.00,89850.21,89734.63,69829.63,69961.21,52,47,48,51,80957.97,80954.68,,
2026-05-07T11:50:03+08:00,btc-updown-5m-1778125800,https://polymarket.com/zh/event/btc-updown-5m-1778125800,11:50-11:55,52.00,49.00,51.00,48.00,64.60,344.44,453.53,135.71,51.50,48.50,1.00,1.00,70688.47,71667.63,71867.63,71013.47,51,48,48,51,80957.97,80954.68,,
2026-05-07T11:50:06+08:00,btc-updown-5m-1778125800,https://polymarket.com/zh/event/btc-updown-5m-1778125800,11:50-11:55,52.00,49.00,51.00,48.00,108.25,1035.38,616.63,12.50,51.50,48.50,1.00,1.00,72533.47,72242.63,71522.63,73353.47,51,48,48,51,80957.97,80954.68,,
2026-05-07T11:50:08+08:00,btc-updown-5m-1778125800,https://polymarket.com/zh/event/btc-updown-5m-1778125800,11:50-11:55,66.00,35.00,65.00,34.00,64.22,643.59,549.33,131.37,65.50,34.50,1.00,1.00,74344.47,70983.63,71003.63,74244.47,65,34,34,65,80957.97,80972.98,,
2026-05-07T11:50:11+08:00,btc-updown-5m-1778125800,https://polymarket.com/zh/event/btc-updown-5m-1778125800,11:50-11:55,66.00,35.00,65.00,34.00,206.91,750.69,752.43,172.29,65.50,34.50,1.00,1.00,74454.47,71313.63,71313.63,74058.47,65,34,34,65,80957.97,80977.05,,
2026-05-07T11:50:13+08:00,btc-updown-5m-1778125800,https://polymarket.com/zh/event/btc-updown-5m-1778125800,11:50-11:55,71.00,30.00,70.00,29.00,43.02,1102.04,775.37,16.59,70.50,29.50,1.00,1.00,71220.73,71407.63,71422.63,71226.73,70,29,29,70,80957.97,80982.62,,
2026-05-07T11:50:16+08:00,btc-updown-5m-1778125800,https://polymarket.com/zh/event/btc-updown-5m-1778125800,11:50-11:55,82.00,19.00,81.00,18.00,30.31,918.23,838.74,3.31,81.50,18.50,1.00,1.00,71331.73,71083.63,71093.63,71331.73,81,18,18,81,80957.97,81004.41,,
2026-05-07T11:50:19+08:00,btc-updown-5m-1778125800,https://polymarket.com/zh/event/btc-updown-5m-1778125800,11:50-11:55,84.00,17.00,83.00,16.00,44.92,666.08,527.18,30.02,83.50,16.50,1.00,1.00,71372.23,71407.93,71407.93,71372.23,83,16,16,83,80957.97,81004.44,,
2026-05-07T11:50:21+08:00,btc-updown-5m-1778125800,https://polymarket.com/zh/event/btc-updown-5m-1778125800,11:50-11:55,81.00,20.00,80.00,19.00,564.02,254.30,269.80,463.84,80.50,19.50,1.00,1.00,65122.23,65119.63,65119.63,65485.83,80,19,19,80,80957.97,80995.81,,
2026-05-07T11:50:24+08:00,btc-updown-5m-1778125800,https://polymarket.com/zh/event/btc-updown-5m-1778125800,11:50-11:55,82.00,19.00,81.00,18.00,53.02,735.37,802.37,48.02,81.50,18.50,1.00,1.00,65793.23,65751.63,65751.63,65793.23,81,18,18,81,80957.97,81001.68,,
2026-05-07T11:50:26+08:00,btc-updown-5m-1778125800,https://polymarket.com/zh/event/btc-updown-5m-1778125800,11:50-11:55,85.00,16.00,84.00,15.00,211.04,351.48,514.90,211.04,84.50,15.50,1.00,1.00,65962.83,65976.36,65976.36,65967.83,84,15,15,84,80957.97,81001.68,,
2026-05-07T11:50:29+08:00,btc-updown-5m-1778125800,https://polymarket.com/zh/event/btc-updown-5m-1778125800,11:50-11:55,82.00,19.00,81.00,18.00,961.74,12.45,7.45,824.74,81.50,18.50,1.00,1.00,65467.83,65780.23,65780.23,65467.83,81,18,18,81,80957.97,81000.47,,
2026-05-07T11:50:31+08:00,btc-updown-5m-1778125800,https://polymarket.com/zh/event/btc-updown-5m-1778125800,11:50-11:55,82.00,19.00,81.00,18.00,401.56,211.25,211.23,360.77,81.50,18.50,1.00,1.00,57097.83,57305.23,57300.23,57102.83,81,18,18,81,80957.97,81000.61,,
2026-05-07T11:50:34+08:00,btc-updown-5m-1778125800,https://polymarket.com/zh/event/btc-updown-5m-1778125800,11:50-11:55,82.00,19.00,81.00,18.00,218.92,240.24,202.24,196.48,81.50,18.50,1.00,1.00,57082.83,57335.23,57340.23,57077.83,81,18,18,81,80957.97,81000.60,,
2026-05-07T11:50:36+08:00,btc-updown-5m-1778125800,https://polymarket.com/zh/event/btc-updown-5m-1778125800,11:50-11:55,82.00,19.00,81.00,18.00,390.52,32.73,43.02,443.52,81.50,18.50,1.00,1.00,57082.83,57335.23,57340.23,57077.83,81,18,18,81,80957.97,81000.61,,
2026-05-07T11:50:39+08:00,btc-updown-5m-1778125800,https://polymarket.com/zh/event/btc-updown-5m-1778125800,11:50-11:55,81.00,20.00,80.00,19.00,108.78,814.22,778.22,95.78,80.50,19.50,1.00,1.00,57077.83,57345.23,57340.23,57082.83,80,19,19,80,80957.97,81000.61,,
2026-05-07T11:50:41+08:00,btc-updown-5m-1778125800,https://polymarket.com/zh/event/btc-updown-5m-1778125800,11:50-11:55,76.00,25.00,75.00,24.00,438.14,448.66,384.46,539.82,75.50,24.50,1.00,1.00,57182.83,57165.23,57210.23,57282.83,75,24,24,75,80957.97,80992.74,,
2026-05-07T11:50:44+08:00,btc-updown-5m-1778125800,https://polymarket.com/zh/event/btc-updown-5m-1778125800,11:50-11:55,76.00,25.00,75.00,24.00,202.52,529.74,540.74,253.78,75.50,24.50,1.00,1.00,57102.83,57235.23,57235.23,57107.83,75,24,24,75,80957.97,80992.74,,
2026-05-07T11:50:46+08:00,btc-updown-5m-1778125800,https://polymarket.com/zh/event/btc-updown-5m-1778125800,11:50-11:55,79.00,22.00,78.00,21.00,329.55,65.45,214.41,456.55,78.50,21.50,1.00,1.00,45077.83,45215.23,45210.23,45082.83,78,21,21,78,80957.97,80994.56,,
2026-05-07T11:50:49+08:00,btc-updown-5m-1778125800,https://polymarket.com/zh/event/btc-updown-5m-1778125800,11:50-11:55,83.00,18.00,82.00,17.00,165.73,462.63,442.06,156.75,82.50,17.50,1.00,1.00,45177.83,45120.23,45115.23,45077.83,82,17,17,82,80957.97,80997.52,,
2026-05-07T11:50:51+08:00,btc-updown-5m-1778125800,https://polymarket.com/zh/event/btc-updown-5m-1778125800,11:50-11:55,86.00,15.00,85.00,14.00,397.77,603.37,649.37,451.03,85.50,14.50,1.00,1.00,45057.83,45472.11,45477.11,45052.83,85,14,14,85,80957.97,81005.01,,
2026-05-07T11:50:54+08:00,btc-updown-5m-1778125800,https://polymarket.com/zh/event/btc-updown-5m-1778125800,11:50-11:55,85.00,16.00,84.00,15.00,2.84,160.52,223.52,2.84,84.50,15.50,1.00,1.00,45052.83,46373.11,46368.11,45062.83,84,15,15,84,80957.97,81009.01,,
2026-05-07T11:50:56+08:00,btc-updown-5m-1778125800,https://polymarket.com/zh/event/btc-updown-5m-1778125800,11:50-11:55,84.00,17.00,83.00,16.00,40.00,605.68,910.39,40.00,83.50,16.50,1.00,1.00,45047.83,45665.81,45655.81,45052.83,83,16,16,83,80957.97,81009.02,,
2026-05-07T11:50:59+08:00,btc-updown-5m-1778125800,https://polymarket.com/zh/event/btc-updown-5m-1778125800,11:50-11:55,85.00,16.00,84.00,14.00,10.02,335.86,337.55,221.17,84.50,15.00,1.00,2.00,45052.83,45851.09,45967.97,45047.83,84,15,14,84,80957.97,81011.14,,
2026-05-07T11:51:01+08:00,btc-updown-5m-1778125800,https://polymarket.com/zh/event/btc-updown-5m-1778125800,11:50-11:55,86.00,15.00,85.00,12.00,54.88,1822.60,379.56,281.02,85.50,13.50,1.00,3.00,25552.83,26918.88,25939.25,25559.83,85,14,12,85,80957.97,81008.31,,
2026-05-07T11:51:04+08:00,btc-updown-5m-1778125800,https://polymarket.com/zh/event/btc-updown-5m-1778125800,11:50-11:55,88.00,13.00,87.00,12.00,535.72,88.18,92.74,582.72,87.50,12.50,1.00,1.00,24826.83,25866.62,26496.62,24821.83,87,12,12,87,80957.97,81017.29,,
2026-05-07T11:51:06+08:00,btc-updown-5m-1778125800,https://polymarket.com/zh/event/btc-updown-5m-1778125800,11:50-11:55,88.00,13.00,87.00,12.00,359.24,38.09,45.79,409.24,87.50,12.50,1.00,1.00,23813.83,25318.62,25368.62,23818.83,87,12,12,87,80957.97,81017.29,,
2026-05-07T11:51:09+08:00,btc-updown-5m-1778125800,https://polymarket.com/zh/event/btc-updown-5m-1778125800,11:50-11:55,81.00,20.00,80.00,19.00,519.00,972.02,977.00,469.71,80.50,19.50,1.00,1.00,23878.83,24502.02,24603.02,23873.83,80,19,19,80,80957.97,81005.02,,
2026-05-07T11:51:11+08:00,btc-updown-5m-1778125800,https://polymarket.com/zh/event/btc-updown-5m-1778125800,11:50-11:55,81.00,20.00,80.00,19.00,34.49,558.87,423.88,34.49,80.50,19.50,1.00,1.00,23888.83,24649.02,24859.02,23883.83,80,19,19,80,80957.97,81001.95,,
2026-05-07T11:51:14+08:00,btc-updown-5m-1778125800,https://polymarket.com/zh/event/btc-updown-5m-1778125800,11:50-11:55,82.00,21.00,81.00,20.00,1228.91,58.63,119.41,214.50,81.50,20.50,1.00,1.00,23888.83,24750.02,24700.02,23893.83,81,18,20,79,80957.97,80999.01,,
2026-05-07T11:51:16+08:00,btc-updown-5m-1778125800,https://polymarket.com/zh/event/btc-updown-5m-1778125800,11:50-11:55,80.00,21.00,79.00,20.00,604.38,270.55,265.55,541.38,79.50,20.50,1.00,1.00,23888.83,25168.02,25163.02,23893.83,79,20,20,79,80957.97,80999.01,,
2026-05-07T11:51:19+08:00,btc-updown-5m-1778125800,https://polymarket.com/zh/event/btc-updown-5m-1778125800,11:50-11:55,80.00,21.00,79.00,20.00,102.82,417.03,373.03,94.82,79.50,20.50,1.00,1.00,23893.83,25138.02,25143.02,23888.83,79,20,20,79,80957.97,80999.01,,
2026-05-07T11:51:21+08:00,btc-updown-5m-1778125800,https://polymarket.com/zh/event/btc-updown-5m-1778125800,11:50-11:55,80.00,21.00,79.00,20.00,134.42,405.69,452.19,71.58,79.50,20.50,1.00,1.00,23893.83,25558.85,25563.85,23888.83,79,20,20,79,80957.97,80999.00,,
2026-05-07T11:51:24+08:00,btc-updown-5m-1778125800,https://polymarket.com/zh/event/btc-updown-5m-1778125800,11:50-11:55,80.00,21.00,79.00,20.00,227.75,491.30,648.52,733.62,79.50,20.50,1.00,1.00,23888.83,25463.85,25463.85,23888.83,79,20,20,79,80957.97,80999.00,,
2026-05-07T11:51:26+08:00,btc-updown-5m-1778125800,https://polymarket.com/zh/event/btc-updown-5m-1778125800,11:50-11:55,78.00,23.00,77.00,22.00,277.41,301.70,351.18,277.41,77.50,22.50,1.00,1.00,23898.83,24867.85,24862.85,23903.83,77,22,22,77,80957.97,80992.75,,
2026-05-07T11:51:29+08:00,btc-updown-5m-1778125800,https://polymarket.com/zh/event/btc-updown-5m-1778125800,11:50-11:55,78.00,23.00,77.00,22.00,169.83,387.26,376.04,169.83,77.50,22.50,1.00,1.00,23898.83,24867.85,24862.85,23903.83,77,22,22,77,80957.97,80992.74,,
2026-05-07T11:51:31+08:00,btc-updown-5m-1778125800,https://polymarket.com/zh/event/btc-updown-5m-1778125800,11:50-11:55,78.00,23.00,77.00,22.00,77.52,612.46,565.46,77.52,77.50,22.50,1.00,1.00,23487.83,24471.85,24456.85,23482.83,77,22,22,77,80957.97,80992.74,,
2026-05-07T11:51:34+08:00,btc-updown-5m-1778125800,https://polymarket.com/zh/event/btc-updown-5m-1778125800,11:50-11:55,78.00,23.00,77.00,22.00,12.93,574.87,602.87,34.18,77.50,22.50,1.00,1.00,23487.83,24556.85,24551.85,23492.83,77,22,22,77,80957.97,80992.75,,
2026-05-07T11:51:36+08:00,btc-updown-5m-1778125800,https://polymarket.com/zh/event/btc-updown-5m-1778125800,11:50-11:55,75.00,28.00,74.00,27.00,77.02,161.87,27.03,150.51,74.50,27.50,1.00,1.00,23622.83,24564.85,24459.85,23527.83,74,25,27,72,80957.97,80980.47,,
2026-05-07T11:51:39+08:00,btc-updown-5m-1778125800,https://polymarket.com/zh/event/btc-updown-5m-1778125800,11:50-11:55,67.00,34.00,66.00,33.00,469.50,320.13,238.97,169.28,66.50,33.50,1.00,1.00,24758.83,24036.85,24011.85,24653.83,66,33,33,66,80957.97,80973.00,,
2026-05-07T11:51:42+08:00,btc-updown-5m-1778125800,https://polymarket.com/zh/event/btc-updown-5m-1778125800,11:50-11:55,69.00,32.00,68.00,31.00,30.00,1374.96,78.75,5.00,68.50,31.50,1.00,1.00,24350.83,23839.85,23834.85,24350.83,68,31,31,68,80957.97,80974.23,,
2026-05-07T11:51:44+08:00,btc-updown-5m-1778125800,https://polymarket.com/zh/event/btc-updown-5m-1778125800,11:50-11:55,74.00,27.00,73.00,26.00,88.32,729.44,740.44,138.32,73.50,26.50,1.00,1.00,24345.83,23704.85,23709.85,24340.83,73,26,26,73,80957.97,80983.36,,
2026-05-07T11:51:47+08:00,btc-updown-5m-1778125800,https://polymarket.com/zh/event/btc-updown-5m-1778125800,11:50-11:55,74.00,27.00,73.00,26.00,39.77,479.18,451.18,74.77,73.50,26.50,1.00,1.00,24200.83,23875.75,23870.75,24205.83,73,26,26,73,80957.97,80983.36,,
2026-05-07T11:51:49+08:00,btc-updown-5m-1778125800,https://polymarket.com/zh/event/btc-updown-5m-1778125800,11:50-11:55,76.00,25.00,75.00,24.00,578.77,429.64,449.89,578.77,75.50,24.50,1.00,1.00,23485.83,24015.75,24020.75,23480.83,75,24,24,75,80957.97,80983.36,,
2026-05-07T11:51:52+08:00,btc-updown-5m-1778125800,https://polymarket.com/zh/event/btc-updown-5m-1778125800,11:50-11:55,76.00,25.00,75.00,24.00,228.75,844.61,801.61,193.75,75.50,24.50,1.00,1.00,23485.83,24015.75,24020.75,23480.83,75,24,24,75,80957.97,80983.36,,
2026-05-07T11:51:54+08:00,btc-updown-5m-1778125800,https://polymarket.com/zh/event/btc-updown-5m-1778125800,11:50-11:55,76.00,25.00,75.00,24.00,100.50,844.21,854.21,100.50,75.50,24.50,1.00,1.00,23510.83,24045.75,24045.75,23515.83,75,24,24,75,80957.97,80983.36,,
2026-05-07T11:51:57+08:00,btc-updown-5m-1778125800,https://polymarket.com/zh/event/btc-updown-5m-1778125800,11:50-11:55,79.00,21.00,75.00,18.00,109.50,75.00,1728.40,36.00,77.00,19.50,4.00,3.00,23525.83,24105.75,24100.75,23430.83,75,21,18,79,80957.97,80983.36,,
2026-05-07T11:51:59+08:00,btc-updown-5m-1778125800,https://polymarket.com/zh/event/btc-updown-5m-1778125800,11:50-11:55,84.00,17.00,83.00,16.00,364.13,154.68,292.75,372.13,83.50,16.50,1.00,1.00,23355.83,24796.98,24756.98,23345.83,83,16,16,83,80957.97,80986.59,,
2026-05-07T11:52:02+08:00,btc-updown-5m-1778125800,https://polymarket.com/zh/event/btc-updown-5m-1778125800,11:50-11:55,84.00,17.00,83.00,16.00,350.08,168.33,143.31,330.96,83.50,16.50,1.00,1.00,22965.83,24365.98,24270.98,22965.83,83,16,16,83,80957.97,80986.59,,
2026-05-07T11:52:04+08:00,btc-updown-5m-1778125800,https://polymarket.com/zh/event/btc-updown-5m-1778125800,11:50-11:55,82.00,19.00,81.00,18.00,683.11,108.34,58.34,860.86,81.50,18.50,1.00,1.00,19935.83,21131.75,21131.75,19935.83,81,18,18,81,80957.97,80986.59,,
2026-05-07T11:52:07+08:00,btc-updown-5m-1778125800,https://polymarket.com/zh/event/btc-updown-5m-1778125800,11:50-11:55,81.00,20.00,80.00,19.00,320.08,430.47,132.97,161.08,80.50,19.50,1.00,1.00,19910.83,21111.75,21161.75,19910.83,80,19,19,80,80957.97,80986.59,,
2026-05-07T11:52:09+08:00,btc-updown-5m-1778125800,https://polymarket.com/zh/event/btc-updown-5m-1778125800,11:50-11:55,82.00,28.00,81.00,27.00,1458.07,20.00,2.91,33.94,81.50,27.50,1.00,1.00,21016.83,21101.75,21059.75,20725.83,81,18,24,72,80957.97,80977.76,,
2026-05-07T11:52:12+08:00,btc-updown-5m-1778125800,https://polymarket.com/zh/event/btc-updown-5m-1778125800,11:50-11:55,59.00,43.00,58.00,41.00,1357.50,20.00,29.50,1305.50,58.50,42.00,1.00,2.00,24625.83,20635.85,20635.85,24730.83,58,41,41,57,80957.97,80962.04,,
2026-05-07T11:52:14+08:00,btc-updown-5m-1778125800,https://polymarket.com/zh/event/btc-updown-5m-1778125800,11:50-11:55,52.00,49.00,51.00,48.00,259.44,267.29,392.29,437.28,51.50,48.50,1.00,1.00,20946.83,22055.85,22055.85,20946.83,51,48,48,51,80957.97,80955.90,,
2026-05-07T11:52:17+08:00,btc-updown-5m-1778125800,https://polymarket.com/zh/event/btc-updown-5m-1778125800,11:50-11:55,52.00,48.00,51.00,47.00,57.22,259.11,590.46,181.12,51.50,47.50,1.00,1.00,21018.16,22083.30,22083.30,21018.16,51,48,47,52,80957.97,80955.91,,
2026-05-07T11:52:19+08:00,btc-updown-5m-1778125800,https://polymarket.com/zh/event/btc-updown-5m-1778125800,11:50-11:55,59.00,42.00,58.00,41.00,153.00,667.60,787.60,153.00,58.50,41.50,1.00,1.00,21405.16,21330.30,21330.30,21405.16,58,41,41,58,80957.97,80962.02,,
2026-05-07T11:52:22+08:00,btc-updown-5m-1778125800,https://polymarket.com/zh/event/btc-updown-5m-1778125800,11:50-11:55,66.00,35.00,61.00,33.00,26.73,190.00,45.00,25.00,63.50,34.00,5.00,2.00,24179.16,21134.30,21336.30,24770.16,61,34,33,65,80957.97,80962.05,,
2026-05-07T11:52:24+08:00,btc-updown-5m-1778125800,https://polymarket.com/zh/event/btc-updown-5m-1778125800,11:50-11:55,68.00,33.00,67.00,32.00,182.00,211.95,461.97,647.74,67.50,32.50,1.00,1.00,24542.16,21322.30,21322.30,24542.16,67,32,32,67,80957.97,80967.74,,
2026-05-07T11:52:27+08:00,btc-updown-5m-1778125800,https://polymarket.com/zh/event/btc-updown-5m-1778125800,11:50-11:55,64.00,37.00,63.00,36.00,38.64,472.92,330.92,31.37,63.50,36.50,1.00,1.00,24565.20,21014.30,21019.30,24565.20,63,36,36,63,80957.97,80965.21,,
2026-05-07T11:52:29+08:00,btc-updown-5m-1778125800,https://polymarket.com/zh/event/btc-updown-5m-1778125800,11:50-11:55,65.00,46.00,64.00,41.00,385.26,5.00,85.02,41.00,64.50,43.50,1.00,5.00,20869.20,20522.30,20923.30,20670.20,64,35,37,53,80957.97,80960.02,,
2026-05-07T11:52:32+08:00,btc-updown-5m-1778125800,https://polymarket.com/zh/event/btc-updown-5m-1778125800,11:50-11:55,53.00,48.00,52.00,47.00,83.33,213.62,306.48,0.99,52.50,47.50,1.00,1.00,20867.20,21221.30,21120.30,20868.20,52,47,47,52,80957.97,80955.91,,
2026-05-07T11:52:35+08:00,btc-updown-5m-1778125800,https://polymarket.com/zh/event/btc-updown-5m-1778125800,11:50-11:55,55.00,46.00,54.00,45.00,559.13,28.55,23.53,557.13,54.50,45.50,1.00,1.00,20965.20,21317.30,21317.30,20965.20,54,45,45,54,80957.97,80955.90,,
2026-05-07T11:52:37+08:00,btc-updown-5m-1778125800,https://polymarket.com/zh/event/btc-updown-5m-1778125800,11:50-11:55,57.00,44.00,56.00,43.00,338.80,95.74,122.74,374.97,56.50,43.50,1.00,1.00,20966.20,21327.30,21221.30,20865.20,56,43,43,56,80957.97,80955.90,,
2026-05-07T11:52:40+08:00,btc-updown-5m-1778125800,https://polymarket.com/zh/event/btc-updown-5m-1778125800,11:50-11:55,57.00,44.00,56.00,43.00,77.06,338.10,437.10,77.06,56.50,43.50,1.00,1.00,20865.20,21355.30,21355.30,20865.20,56,43,43,56,80957.97,80954.61,,
2026-05-07T11:52:42+08:00,btc-updown-5m-1778125800,https://polymarket.com/zh/event/btc-updown-5m-1778125800,11:50-11:55,57.00,44.00,56.00,43.00,55.34,268.18,264.18,120.60,56.50,43.50,1.00,1.00,20764.20,21254.30,21355.30,20865.20,56,43,43,56,80957.97,80954.62,,
2026-05-07T11:52:45+08:00,btc-updown-5m-1778125800,https://polymarket.com/zh/event/btc-updown-5m-1778125800,11:50-11:55,57.00,44.00,56.00,43.00,410.62,62.81,51.57,387.77,56.50,43.50,1.00,1.00,19869.20,20153.30,20153.30,19869.20,56,43,43,56,80957.97,80954.61,,
2026-05-07T11:52:47+08:00,btc-updown-5m-1778125800,https://polymarket.com/zh/event/btc-updown-5m-1778125800,11:50-11:55,57.00,44.00,56.00,43.00,183.66,100.00,30.00,20.02,56.50,43.50,1.00,1.00,19875.20,20254.30,20254.30,19875.20,56,43,43,56,80957.97,80954.61,,
2026-05-07T11:52:50+08:00,btc-updown-5m-1778125800,https://polymarket.com/zh/event/btc-updown-5m-1778125800,11:50-11:55,57.00,45.00,56.00,44.00,173.23,323.16,113.35,75.02,56.50,44.50,1.00,1.00,19971.20,20322.30,20322.30,19971.20,56,43,44,55,80957.97,80954.61,,
2026-05-07T11:52:52+08:00,btc-updown-5m-1778125800,https://polymarket.com/zh/event/btc-updown-5m-1778125800,11:50-11:55,57.00,44.00,56.00,43.00,319.05,85.00,55.00,273.03,56.50,43.50,1.00,1.00,19971.20,20322.30,20322.30,19971.20,56,43,43,56,80957.97,80954.61,,
2026-05-07T11:52:55+08:00,btc-updown-5m-1778125800,https://polymarket.com/zh/event/btc-updown-5m-1778125800,11:50-11:55,57.00,44.00,56.00,43.00,301.60,5.02,5.02,202.56,56.50,43.50,1.00,1.00,19971.20,20322.30,20322.30,19971.20,56,43,43,56,80957.97,80954.62,,
2026-05-07T11:52:57+08:00,btc-updown-5m-1778125800,https://polymarket.com/zh/event/btc-updown-5m-1778125800,11:50-11:55,57.00,44.00,56.00,43.00,70.02,451.01,103.65,35.02,56.50,43.50,1.00,1.00,19976.20,20332.30,20332.30,19971.20,56,43,43,56,80957.97,80954.61,,
2026-05-07T11:53:00+08:00,btc-updown-5m-1778125800,https://polymarket.com/zh/event/btc-updown-5m-1778125800,11:50-11:55,59.00,42.00,58.00,41.00,182.68,276.08,269.14,187.68,58.50,41.50,1.00,1.00,19966.20,20360.48,19360.48,18971.20,58,41,41,58,80957.97,80954.61,,
2026-05-07T11:53:02+08:00,btc-updown-5m-1778125800,https://polymarket.com/zh/event/btc-updown-5m-1778125800,11:50-11:55,59.00,42.00,58.00,41.00,239.73,112.61,124.52,254.73,58.50,41.50,1.00,1.00,17499.20,17903.48,17903.48,17499.20,58,41,41,58,80957.97,80954.61,,
2026-05-07T11:53:05+08:00,btc-updown-5m-1778125800,https://polymarket.com/zh/event/btc-updown-5m-1778125800,11:50-11:55,58.00,43.00,57.00,42.00,281.80,92.02,92.02,236.80,57.50,42.50,1.00,1.00,16849.20,17395.98,17395.98,16849.20,57,42,42,57,80957.97,80954.62,,
2026-05-07T11:53:07+08:00,btc-updown-5m-1778125800,https://polymarket.com/zh/event/btc-updown-5m-1778125800,11:50-11:55,54.00,47.00,53.00,46.00,99.41,657.68,702.60,22.52,53.50,46.50,1.00,1.00,16849.20,17188.48,17188.48,16849.20,53,46,46,53,80957.97,80954.61,,
2026-05-07T11:53:10+08:00,btc-updown-5m-1778125800,https://polymarket.com/zh/event/btc-updown-5m-1778125800,11:50-11:55,55.00,46.00,54.00,45.00,29.00,569.37,72.70,48.00,54.50,45.50,1.00,1.00,16540.20,17081.48,17071.48,16530.20,54,45,45,54,80957.97,80954.61,,
2026-05-07T11:53:12+08:00,btc-updown-5m-1778125800,https://polymarket.com/zh/event/btc-updown-5m-1778125800,11:50-11:55,55.00,46.00,54.00,45.00,106.37,390.55,415.55,161.37,54.50,45.50,1.00,1.00,16333.20,17071.48,17071.48,16333.20,54,45,45,54,80957.97,80954.60,,
2026-05-07T11:53:15+08:00,btc-updown-5m-1778125800,https://polymarket.com/zh/event/btc-updown-5m-1778125800,11:50-11:55,55.00,46.00,54.00,45.00,78.37,398.52,442.52,78.37,54.50,45.50,1.00,1.00,16227.20,17071.48,17071.48,16227.20,54,45,45,54,80957.97,80954.59,,
2026-05-07T11:53:17+08:00,btc-updown-5m-1778125800,https://polymarket.com/zh/event/btc-updown-5m-1778125800,11:50-11:55,55.00,46.00,54.00,45.00,106.31,166.73,111.73,136.39,54.50,45.50,1.00,1.00,16260.20,17071.48,17071.48,16260.20,54,45,45,54,80957.97,80954.60,,
2026-05-07T11:53:20+08:00,btc-updown-5m-1778125800,https://polymarket.com/zh/event/btc-updown-5m-1778125800,11:50-11:55,55.00,46.00,54.00,45.00,58.20,192.92,276.20,118.20,54.50,45.50,1.00,1.00,16164.20,17071.48,17046.48,16139.20,54,45,45,54,80957.97,80954.59,,
2026-05-07T11:53:22+08:00,btc-updown-5m-1778125800,https://polymarket.com/zh/event/btc-updown-5m-1778125800,11:50-11:55,55.00,44.00,54.00,43.00,61.29,55.02,176.38,303.13,54.50,43.50,1.00,1.00,16139.20,17046.48,17041.48,16139.20,54,45,43,56,80957.97,80954.59,,
2026-05-07T11:53:25+08:00,btc-updown-5m-1778125800,https://polymarket.com/zh/event/btc-updown-5m-1778125800,11:50-11:55,47.00,54.00,46.00,53.00,464.91,214.20,204.20,797.71,46.50,53.50,1.00,1.00,16149.20,16986.48,16986.48,16203.20,44,53,53,46,80957.97,80949.76,,
2026-05-07T11:53:27+08:00,btc-updown-5m-1778125800,https://polymarket.com/zh/event/btc-updown-5m-1778125800,11:50-11:55,48.00,53.00,47.00,52.00,233.80,123.70,78.20,586.35,47.50,52.50,1.00,1.00,16149.20,18718.48,18718.48,16149.20,47,52,52,47,80957.97,80949.76,,
2026-05-07T11:53:30+08:00,btc-updown-5m-1778125800,https://polymarket.com/zh/event/btc-updown-5m-1778125800,11:50-11:55,47.00,54.00,46.00,53.00,555.02,102.00,107.00,605.02,46.50,53.50,1.00,1.00,16149.20,18718.48,18718.48,16149.20,46,53,53,46,80957.97,80949.76,,
2026-05-07T11:53:32+08:00,btc-updown-5m-1778125800,https://polymarket.com/zh/event/btc-updown-5m-1778125800,11:50-11:55,44.00,57.00,43.00,56.00,283.71,223.99,259.47,298.71,43.50,56.50,1.00,1.00,15070.20,17649.48,17649.48,15070.20,43,56,56,43,80957.97,80943.08,,
2026-05-07T11:53:35+08:00,btc-updown-5m-1778125800,https://polymarket.com/zh/event/btc-updown-5m-1778125800,11:50-11:55,42.00,59.00,41.00,58.00,157.68,398.69,307.31,135.93,41.50,58.50,1.00,1.00,15070.20,17634.48,17634.48,15070.20,41,58,58,41,80957.97,80943.07,,
2026-05-07T11:53:37+08:00,btc-updown-5m-1778125800,https://polymarket.com/zh/event/btc-updown-5m-1778125800,11:50-11:55,46.00,55.00,45.00,54.00,257.69,687.16,712.85,287.81,45.50,54.50,1.00,1.00,15009.20,17664.48,17664.48,15009.20,45,54,54,45,80957.97,80944.97,,
2026-05-07T11:53:40+08:00,btc-updown-5m-1778125800,https://polymarket.com/zh/event/btc-updown-5m-1778125800,11:50-11:55,46.00,55.00,45.00,54.00,249.00,657.91,575.69,291.14,45.50,54.50,1.00,1.00,14971.20,15937.48,15932.48,14971.20,45,54,54,45,80957.97,80944.98,,
2026-05-07T11:53:42+08:00,btc-updown-5m-1778125800,https://polymarket.com/zh/event/btc-updown-5m-1778125800,11:50-11:55,53.00,48.00,52.00,47.00,188.53,266.18,459.13,438.38,52.50,47.50,1.00,1.00,14971.20,15652.48,15652.48,14971.20,52,47,47,52,80957.97,80950.49,,
2026-05-07T11:53:45+08:00,btc-updown-5m-1778125800,https://polymarket.com/zh/event/btc-updown-5m-1778125800,11:50-11:55,53.00,48.00,52.00,47.00,89.97,743.02,707.02,99.99,52.50,47.50,1.00,1.00,14971.20,15652.48,15652.48,14971.20,52,47,47,52,80957.97,80950.49,,
2026-05-07T11:53:47+08:00,btc-updown-5m-1778125800,https://polymarket.com/zh/event/btc-updown-5m-1778125800,11:50-11:55,53.00,48.00,52.00,47.00,169.61,827.31,698.31,107.74,52.50,47.50,1.00,1.00,14165.20,14846.48,14846.48,14165.20,52,47,47,52,80957.97,80950.50,,
2026-05-07T11:53:50+08:00,btc-updown-5m-1778125800,https://polymarket.com/zh/event/btc-updown-5m-1778125800,11:50-11:55,53.00,48.00,52.00,47.00,82.62,977.19,922.19,81.97,52.50,47.50,1.00,1.00,14195.20,14846.48,14846.48,14190.20,52,47,47,52,80957.97,80954.99,,
2026-05-07T11:53:52+08:00,btc-updown-5m-1778125800,https://polymarket.com/zh/event/btc-updown-5m-1778125800,11:50-11:55,44.00,57.00,43.00,56.00,58.00,213.51,15.02,268.42,43.50,56.50,1.00,1.00,14289.20,14846.48,14846.48,14289.20,43,56,56,43,80957.97,80944.96,,
2026-05-07T11:53:55+08:00,btc-updown-5m-1778125800,https://polymarket.com/zh/event/btc-updown-5m-1778125800,11:50-11:55,44.00,57.00,43.00,56.00,511.94,39.80,39.80,554.94,43.50,56.50,1.00,1.00,14289.20,14846.48,14846.48,14294.20,43,56,56,43,80957.97,80945.46,,
2026-05-07T11:53:57+08:00,btc-updown-5m-1778125800,https://polymarket.com/zh/event/btc-updown-5m-1778125800,11:50-11:55,44.00,57.00,43.00,56.00,434.26,18.61,18.61,385.26,43.50,56.50,1.00,1.00,14289.20,14846.48,14846.48,14289.20,43,56,56,43,80957.97,80945.64,,
2026-05-07T11:54:00+08:00,btc-updown-5m-1778125800,https://polymarket.com/zh/event/btc-updown-5m-1778125800,11:50-11:55,43.00,58.00,42.00,57.00,343.67,41.40,39.52,302.67,42.50,57.50,1.00,1.00,13789.20,14276.48,14021.48,13694.20,42,57,57,42,80957.97,80945.63,,
2026-05-07T11:54:02+08:00,btc-updown-5m-1778125800,https://polymarket.com/zh/event/btc-updown-5m-1778125800,11:50-11:55,42.00,59.00,41.00,58.00,257.66,252.40,252.40,268.66,41.50,58.50,1.00,1.00,13249.20,13571.48,13571.48,13249.20,41,58,58,41,80957.97,80945.64,,
2026-05-07T11:54:05+08:00,btc-updown-5m-1778125800,https://polymarket.com/zh/event/btc-updown-5m-1778125800,11:50-11:55,42.00,59.00,41.00,58.00,493.59,92.14,127.92,516.19,41.50,58.50,1.00,1.00,13249.20,13581.48,13581.48,13254.20,41,58,58,41,80957.97,80945.63,,
2026-05-07T11:54:07+08:00,btc-updown-5m-1778125800,https://polymarket.com/zh/event/btc-updown-5m-1778125800,11:50-11:55,42.00,59.00,41.00,58.00,113.86,214.99,201.99,136.36,41.50,58.50,1.00,1.00,13200.20,13596.48,13596.48,13200.20,41,58,58,41,80957.97,80946.91,,
2026-05-07T11:54:10+08:00,btc-updown-5m-1778125800,https://polymarket.com/zh/event/btc-updown-5m-1778125800,11:50-11:55,42.00,59.00,41.00,58.00,298.10,40.15,30.02,359.23,41.50,58.50,1.00,1.00,13205.20,13505.48,13505.48,13205.20,41,58,58,41,80957.97,80946.91,,
2026-05-07T11:54:12+08:00,btc-updown-5m-1778125800,https://polymarket.com/zh/event/btc-updown-5m-1778125800,11:50-11:55,42.00,59.00,41.00,58.00,217.00,92.77,100.11,211.09,41.50,58.50,1.00,1.00,13205.20,13505.48,13505.48,13205.20,41,58,58,41,80957.97,80946.91,,
2026-05-07T11:54:15+08:00,btc-updown-5m-1778125800,https://polymarket.com/zh/event/btc-updown-5m-1778125800,11:50-11:55,41.00,60.00,40.00,59.00,35.12,767.22,791.22,27.68,40.50,59.50,1.00,1.00,13205.20,13195.48,13195.48,13205.20,40,58,58,40,80957.97,80948.12,,
2026-05-07T11:54:17+08:00,btc-updown-5m-1778125800,https://polymarket.com/zh/event/btc-updown-5m-1778125800,11:50-11:55,47.00,54.00,46.00,53.00,233.70,466.76,527.81,253.70,46.50,53.50,1.00,1.00,13205.20,13190.48,13190.48,13205.20,46,53,53,46,80957.97,80954.06,,
2026-05-07T11:54:20+08:00,btc-updown-5m-1778125800,https://polymarket.com/zh/event/btc-updown-5m-1778125800,11:50-11:55,50.00,51.00,49.00,50.00,57.56,980.20,924.04,57.56,49.50,50.50,1.00,1.00,13205.20,14584.57,14589.57,13205.20,49,50,50,49,80957.97,80954.05,,
2026-05-07T11:54:23+08:00,btc-updown-5m-1778125800,https://polymarket.com/zh/event/btc-updown-5m-1778125800,11:50-11:55,46.00,55.00,45.00,54.00,419.05,54.76,39.00,500.05,45.50,54.50,1.00,1.00,13190.20,14569.57,14569.57,13190.20,45,54,54,45,80957.97,80954.02,,
2026-05-07T11:54:25+08:00,btc-updown-5m-1778125800,https://polymarket.com/zh/event/btc-updown-5m-1778125800,11:50-11:55,37.00,64.00,36.00,63.00,773.75,20.00,274.75,1393.04,36.50,63.50,1.00,1.00,13190.20,14569.57,14569.57,13090.20,36,63,62,36,80957.97,80949.76,,
2026-05-07T11:54:27+08:00,btc-updown-5m-1778125800,https://polymarket.com/zh/event/btc-updown-5m-1778125800,11:50-11:55,23.00,78.00,22.00,77.00,720.01,128.86,205.71,719.66,22.50,77.50,1.00,1.00,13064.18,14674.57,14669.57,13114.18,22,74,74,22,80957.97,80942.11,,
2026-05-07T11:54:30+08:00,btc-updown-5m-1778125800,https://polymarket.com/zh/event/btc-updown-5m-1778125800,11:50-11:55,27.00,74.00,26.00,73.00,75.81,487.08,651.08,64.92,26.50,73.50,1.00,1.00,12560.20,14084.57,14084.57,12560.20,26,69,70,26,80957.97,80943.30,,
2026-05-07T11:54:33+08:00,btc-updown-5m-1778125800,https://polymarket.com/zh/event/btc-updown-5m-1778125800,11:50-11:55,26.00,76.00,25.00,74.00,179.18,20.00,20.00,159.66,25.50,75.00,1.00,2.00,12453.87,13941.41,13941.41,12453.87,25,74,72,24,80957.97,80947.38,,
2026-05-07T11:54:35+08:00,btc-updown-5m-1778125800,https://polymarket.com/zh/event/btc-updown-5m-1778125800,11:50-11:55,23.00,78.00,22.00,77.00,25.02,414.02,286.02,5.02,22.50,77.50,1.00,1.00,11903.27,13059.81,13059.81,11803.27,22,65,66,22,80957.97,80944.37,,
2026-05-07T11:54:37+08:00,btc-updown-5m-1778125800,https://polymarket.com/zh/event/btc-updown-5m-1778125800,11:50-11:55,25.00,76.00,24.00,75.00,649.96,40.60,46.00,703.96,24.50,75.50,1.00,1.00,11703.27,12859.81,12859.81,11708.27,23,66,65,23,80957.97,80944.37,,
2026-05-07T11:54:40+08:00,btc-updown-5m-1778125800,https://polymarket.com/zh/event/btc-updown-5m-1778125800,11:50-11:55,35.00,57.00,34.00,18.00,7.69,20.00,69.50,1107.68,34.50,37.50,1.00,39.00,11253.27,12726.81,12726.81,11253.27,31,44,16,38,80957.97,80961.01,,
2026-05-07T11:54:43+08:00,btc-updown-5m-1778125800,https://polymarket.com/zh/event/btc-updown-5m-1778125800,11:50-11:55,64.00,37.00,63.00,36.00,212.57,69.24,25.93,147.00,63.50,36.50,1.00,1.00,11313.27,12794.81,12794.81,11363.27,51,24,23,50,80957.97,80960.01,,
2026-05-07T11:54:45+08:00,btc-updown-5m-1778125800,https://polymarket.com/zh/event/btc-updown-5m-1778125800,11:50-11:55,62.00,39.00,61.00,38.00,25.58,167.48,225.48,16.22,61.50,38.50,1.00,1.00,11308.27,12564.81,12491.81,11235.27,42,24,25,43,80957.97,80960.01,,
2026-05-07T11:54:48+08:00,btc-updown-5m-1778125800,https://polymarket.com/zh/event/btc-updown-5m-1778125800,11:50-11:55,44.00,93.00,33.00,91.00,54.08,0.75,151.60,26.25,38.50,92.00,11.00,2.00,11195.27,12531.81,13219.81,11111.27,19,35,51,7,80957.97,80940.55,,
2026-05-07T11:54:50+08:00,btc-updown-5m-1778125800,https://polymarket.com/zh/event/btc-updown-5m-1778125800,11:50-11:55,8.00,93.00,7.00,92.00,223.89,46.66,116.49,228.89,7.50,92.50,1.00,1.00,4714.70,7683.81,7673.81,4709.70,7,47,48,7,80957.97,80940.55,,
2026-05-07T11:54:53+08:00,btc-updown-5m-1778125800,https://polymarket.com/zh/event/btc-updown-5m-1778125800,11:50-11:55,6.00,95.00,5.00,94.00,727.40,69.40,95.65,727.40,5.50,94.50,1.00,1.00,4088.79,7078.81,6768.81,3717.54,5,47,45,5,80957.97,80940.56,,
2026-05-07T11:54:55+08:00,btc-updown-5m-1778125800,https://polymarket.com/zh/event/btc-updown-5m-1778125800,11:50-11:55,6.00,96.00,4.00,94.00,123.56,94.29,136.92,67.29,5.00,95.00,2.00,2.00,2986.80,6501.81,6496.81,2939.17,4,45,45,4,80957.97,80940.55,,
2026-05-07T11:54:58+08:00,btc-updown-5m-1778125800,https://polymarket.com/zh/event/btc-updown-5m-1778125800,11:50-11:55,1.00,,,99.00,37.00,,,9031.12,,,,,,6800.59,7181.59,,0,51,55,0,80957.97,80939.33,,
2026-05-07T11:55:01+08:00,btc-updown-5m-1778126100,https://polymarket.com/zh/event/btc-updown-5m-1778126100,11:55-12:00,52.00,49.00,51.00,48.00,10.00,298.64,302.64,10.00,51.50,48.50,1.00,1.00,70104.12,69976.56,69976.56,70104.12,51,48,48,51,80937.48,80937.48,,
2026-05-07T11:55:03+08:00,btc-updown-5m-1778126100,https://polymarket.com/zh/event/btc-updown-5m-1778126100,11:55-12:00,49.00,52.00,48.00,51.00,432.43,76.35,76.35,302.61,48.50,51.50,1.00,1.00,71555.72,72191.56,72196.56,71650.72,48,51,51,48,80937.48,80933.13,,
2026-05-07T11:55:06+08:00,btc-updown-5m-1778126100,https://polymarket.com/zh/event/btc-updown-5m-1778126100,11:55-12:00,49.00,53.00,48.00,52.00,280.54,110.00,213.40,20.00,48.50,52.50,1.00,1.00,72670.72,73461.56,74176.56,72680.72,48,51,52,47,80937.48,80933.14,,
2026-05-07T11:55:08+08:00,btc-updown-5m-1778126100,https://polymarket.com/zh/event/btc-updown-5m-1778126100,11:55-12:00,43.00,58.00,42.00,57.00,1201.68,501.51,158.99,1101.52,42.50,57.50,1.00,1.00,71940.72,73621.56,73636.56,71965.72,42,57,57,42,80937.48,80928.27,,
2026-05-07T11:55:11+08:00,btc-updown-5m-1778126100,https://polymarket.com/zh/event/btc-updown-5m-1778126100,11:55-12:00,43.00,58.00,42.00,57.00,823.83,381.84,381.84,857.83,42.50,57.50,1.00,1.00,71865.72,73536.56,73541.56,71860.72,42,57,57,42,80937.48,80925.21,,
2026-05-07T11:55:13+08:00,btc-updown-5m-1778126100,https://polymarket.com/zh/event/btc-updown-5m-1778126100,11:55-12:00,42.00,59.00,41.00,58.00,651.81,776.83,627.33,335.42,41.50,58.50,1.00,1.00,71886.72,73226.56,73231.56,71881.72,41,58,58,41,80937.48,80925.20,,
2026-05-07T11:55:16+08:00,btc-updown-5m-1778126100,https://polymarket.com/zh/event/btc-updown-5m-1778126100,11:55-12:00,42.00,59.00,41.00,58.00,724.25,422.83,452.83,682.25,41.50,58.50,1.00,1.00,71906.72,73241.56,73236.56,72411.72,41,58,58,41,80937.48,80925.20,,
2026-05-07T11:55:18+08:00,btc-updown-5m-1778126100,https://polymarket.com/zh/event/btc-updown-5m-1778126100,11:55-12:00,42.00,59.00,41.00,58.00,284.40,883.66,876.05,329.88,41.50,58.50,1.00,1.00,72512.72,71807.56,71802.56,72517.72,41,58,58,41,80937.48,80925.20,,
2026-05-07T11:55:21+08:00,btc-updown-5m-1778126100,https://polymarket.com/zh/event/btc-updown-5m-1778126100,11:55-12:00,44.00,57.00,43.00,56.00,112.57,599.27,680.27,100.58,43.50,56.50,1.00,1.00,66287.72,67683.56,67782.36,66182.72,43,56,56,43,80937.48,80926.43,,
2026-05-07T11:55:23+08:00,btc-updown-5m-1778126100,https://polymarket.com/zh/event/btc-updown-5m-1778126100,11:55-12:00,44.00,57.00,43.00,56.00,117.10,1095.18,1028.55,62.50,43.50,56.50,1.00,1.00,66830.02,67858.16,67853.16,66958.72,43,56,56,43,80937.48,80926.43,,
2026-05-07T11:55:26+08:00,btc-updown-5m-1778126100,https://polymarket.com/zh/event/btc-updown-5m-1778126100,11:55-12:00,45.00,56.00,44.00,55.00,637.02,336.70,326.70,604.79,44.50,55.50,1.00,1.00,67123.32,67858.16,67853.16,66923.32,44,55,55,44,80937.48,80926.43,,
2026-05-07T11:55:28+08:00,btc-updown-5m-1778126100,https://polymarket.com/zh/event/btc-updown-5m-1778126100,11:55-12:00,45.00,56.00,44.00,55.00,577.14,315.93,326.60,542.14,44.50,55.50,1.00,1.00,67133.32,67858.16,67863.16,67128.32,44,55,55,44,80937.48,80926.43,,
2026-05-07T11:55:31+08:00,btc-updown-5m-1778126100,https://polymarket.com/zh/event/btc-updown-5m-1778126100,11:55-12:00,44.00,57.00,43.00,56.00,503.63,594.27,642.27,605.73,43.50,56.50,1.00,1.00,58658.32,59488.16,59493.16,58733.32,43,56,56,43,80937.48,80926.44,,
2026-05-07T11:55:33+08:00,btc-updown-5m-1778126100,https://polymarket.com/zh/event/btc-updown-5m-1778126100,11:55-12:00,44.00,57.00,43.00,56.00,334.93,752.49,747.49,354.93,43.50,56.50,1.00,1.00,58733.32,59473.16,59468.16,58738.32,43,56,56,43,80937.48,80926.43,,
2026-05-07T11:55:36+08:00,btc-updown-5m-1778126100,https://polymarket.com/zh/event/btc-updown-5m-1778126100,11:55-12:00,42.00,59.00,41.00,58.00,262.60,554.08,606.78,267.60,41.50,58.50,1.00,1.00,58733.32,59468.16,59468.16,58733.32,41,58,58,41,80937.48,80926.44,,
2026-05-07T11:55:39+08:00,btc-updown-5m-1778126100,https://polymarket.com/zh/event/btc-updown-5m-1778126100,11:55-12:00,42.00,59.00,41.00,58.00,265.19,933.83,914.83,255.19,41.50,58.50,1.00,1.00,58838.32,59468.16,59473.16,58833.32,41,58,58,41,80937.48,80926.43,,
2026-05-07T11:55:41+08:00,btc-updown-5m-1778126100,https://polymarket.com/zh/event/btc-updown-5m-1778126100,11:55-12:00,37.00,64.00,36.00,63.00,168.29,571.75,510.70,585.60,36.50,63.50,1.00,1.00,58051.32,59468.16,59573.16,58046.32,36,63,63,36,80937.48,80925.05,,
2026-05-07T11:55:43+08:00,btc-updown-5m-1778126100,https://polymarket.com/zh/event/btc-updown-5m-1778126100,11:55-12:00,37.00,64.00,36.00,63.00,569.37,180.51,185.51,521.84,36.50,63.50,1.00,1.00,57951.32,59528.55,59528.55,57956.32,36,63,63,36,80937.48,80922.14,,
2026-05-07T11:55:46+08:00,btc-updown-5m-1778126100,https://polymarket.com/zh/event/btc-updown-5m-1778126100,11:55-12:00,37.00,64.00,36.00,63.00,521.09,249.18,280.57,565.38,36.50,63.50,1.00,1.00,45829.32,47443.39,47448.39,45824.32,36,63,63,36,80937.48,80922.13,,
2026-05-07T11:55:49+08:00,btc-updown-5m-1778126100,https://polymarket.com/zh/event/btc-updown-5m-1778126100,11:55-12:00,37.00,64.00,36.00,63.00,81.06,334.03,352.03,103.08,36.50,63.50,1.00,1.00,46024.32,47448.39,47443.39,45929.32,36,63,63,36,80937.48,80922.14,,
2026-05-07T11:55:51+08:00,btc-updown-5m-1778126100,https://polymarket.com/zh/event/btc-updown-5m-1778126100,11:55-12:00,37.00,64.00,36.00,63.00,381.79,50.16,50.16,482.79,36.50,63.50,1.00,1.00,46066.32,47488.39,47508.39,46096.32,36,63,63,36,80937.48,80922.13,,
2026-05-07T11:55:54+08:00,btc-updown-5m-1778126100,https://polymarket.com/zh/event/btc-updown-5m-1778126100,11:55-12:00,37.00,64.00,36.00,63.00,146.90,267.76,181.76,41.50,36.50,63.50,1.00,1.00,46098.32,47513.39,47513.39,45891.32,36,63,63,36,80937.48,80922.13,,
2026-05-07T11:55:56+08:00,btc-updown-5m-1778126100,https://polymarket.com/zh/event/btc-updown-5m-1778126100,11:55-12:00,38.00,64.00,37.00,62.00,1225.70,75.56,39.75,2242.64,37.50,63.00,1.00,2.00,45998.32,47526.90,47526.90,45666.32,37,62,62,35,80937.48,80922.13,,
2026-05-07T11:55:59+08:00,btc-updown-5m-1778126100,https://polymarket.com/zh/event/btc-updown-5m-1778126100,11:55-12:00,19.00,83.00,18.00,81.00,7.00,272.52,17.00,1.50,18.50,82.00,1.00,2.00,45628.32,46186.90,45566.90,45583.32,18,81,81,17,80937.48,80879.15,,
2026-05-07T11:56:01+08:00,btc-updown-5m-1778126100,https://polymarket.com/zh/event/btc-updown-5m-1778126100,11:55-12:00,13.00,88.00,12.00,87.00,312.64,479.32,327.96,7.08,12.50,87.50,1.00,1.00,25489.82,25162.90,25162.90,25624.82,12,87,87,12,80937.48,80880.37,,
2026-05-07T11:56:04+08:00,btc-updown-5m-1778126100,https://polymarket.com/zh/event/btc-updown-5m-1778126100,11:55-12:00,14.00,87.00,13.00,86.00,807.51,45.93,45.93,1213.36,13.50,86.50,1.00,1.00,24847.82,24605.90,24600.90,24877.82,13,86,86,13,80937.48,80880.37,,
2026-05-07T11:56:06+08:00,btc-updown-5m-1778126100,https://polymarket.com/zh/event/btc-updown-5m-1778126100,11:55-12:00,21.00,80.00,20.00,79.00,45.00,1689.35,467.58,20.00,20.50,79.50,1.00,1.00,24038.82,23937.90,23942.90,24048.82,20,79,79,20,80937.48,80902.67,,
2026-05-07T11:56:09+08:00,btc-updown-5m-1778126100,https://polymarket.com/zh/event/btc-updown-5m-1778126100,11:55-12:00,33.00,66.00,32.00,65.00,40.00,2.62,1520.56,90.96,32.50,65.50,1.00,1.00,25461.82,23932.90,23937.90,25633.82,32,67,65,34,80937.48,80908.03,,
2026-05-07T11:56:12+08:00,btc-updown-5m-1778126100,https://polymarket.com/zh/event/btc-updown-5m-1778126100,11:55-12:00,35.00,66.00,34.00,65.00,39.25,1102.46,1181.56,74.25,34.50,65.50,1.00,1.00,25673.82,24022.90,24017.90,25678.82,34,65,65,34,80937.48,80912.91,,
2026-05-07T11:56:14+08:00,btc-updown-5m-1778126100,https://polymarket.com/zh/event/btc-updown-5m-1778126100,11:55-12:00,38.00,63.00,37.00,62.00,175.94,678.50,678.50,175.94,37.50,62.50,1.00,1.00,26718.91,24022.90,24022.90,26718.91,37,62,62,37,80937.48,80919.06,,
2026-05-07T11:56:17+08:00,btc-updown-5m-1778126100,https://polymarket.com/zh/event/btc-updown-5m-1778126100,11:55-12:00,14.00,87.00,13.00,86.00,103.00,25.00,100.00,164.90,13.50,86.50,1.00,1.00,25287.91,24227.90,24222.90,24899.91,13,84,86,11,80937.48,80857.97,,
2026-05-07T11:56:19+08:00,btc-updown-5m-1778126100,https://polymarket.com/zh/event/btc-updown-5m-1778126100,11:55-12:00,10.00,91.00,9.00,90.00,473.17,301.08,193.18,85.35,9.50,90.50,1.00,1.00,25659.55,23932.90,23932.90,25675.55,9,90,90,9,80937.48,80857.97,,
2026-05-07T11:56:22+08:00,btc-updown-5m-1778126100,https://polymarket.com/zh/event/btc-updown-5m-1778126100,11:55-12:00,10.00,91.00,9.00,90.00,817.65,196.44,217.32,773.96,9.50,90.50,1.00,1.00,25738.60,23932.90,23927.90,25743.60,9,90,90,9,80937.48,80857.97,,
2026-05-07T11:56:24+08:00,btc-updown-5m-1778126100,https://polymarket.com/zh/event/btc-updown-5m-1778126100,11:55-12:00,11.00,90.00,10.00,89.00,499.46,186.02,251.02,549.97,10.50,89.50,1.00,1.00,25385.58,23927.90,23927.90,25385.58,10,89,89,10,80937.48,80861.98,,
2026-05-07T11:56:27+08:00,btc-updown-5m-1778126100,https://polymarket.com/zh/event/btc-updown-5m-1778126100,11:55-12:00,10.00,92.00,9.00,91.00,1163.60,424.55,64.06,67.00,9.50,91.50,1.00,1.00,25401.55,23927.90,23932.90,25391.55,9,90,91,8,80937.48,80856.73,,
2026-05-07T11:56:29+08:00,btc-updown-5m-1778126100,https://polymarket.com/zh/event/btc-updown-5m-1778126100,11:55-12:00,12.00,89.00,11.00,88.00,104.64,800.34,792.66,109.64,11.50,88.50,1.00,1.00,25122.80,23932.90,23927.90,25172.80,11,88,88,11,80937.48,80866.86,,
2026-05-07T11:56:32+08:00,btc-updown-5m-1778126100,https://polymarket.com/zh/event/btc-updown-5m-1778126100,11:55-12:00,13.00,88.00,12.00,87.00,890.07,510.70,517.06,915.37,12.50,87.50,1.00,1.00,24712.92,23516.90,23511.90,24767.92,12,87,87,12,80937.48,80870.93,,
2026-05-07T11:56:34+08:00,btc-updown-5m-1778126100,https://polymarket.com/zh/event/btc-updown-5m-1778126100,11:55-12:00,13.00,88.00,12.00,87.00,781.50,403.80,383.80,766.50,12.50,87.50,1.00,1.00,25494.97,23511.90,23516.90,25494.97,12,87,87,12,80937.48,80872.89,,
2026-05-07T11:56:37+08:00,btc-updown-5m-1778126100,https://polymarket.com/zh/event/btc-updown-5m-1778126100,11:55-12:00,13.00,88.00,12.00,87.00,102.19,1448.40,1286.68,25.20,12.50,87.50,1.00,1.00,24407.92,23516.90,23511.90,24398.92,12,87,87,12,80937.48,80876.07,,
2026-05-07T11:56:39+08:00,btc-updown-5m-1778126100,https://polymarket.com/zh/event/btc-updown-5m-1778126100,11:55-12:00,15.00,86.00,14.00,85.00,75.00,467.04,406.25,129.76,14.50,85.50,1.00,1.00,25141.12,23506.90,23511.90,24359.12,14,85,85,14,80937.48,80879.14,,
2026-05-07T11:56:42+08:00,btc-updown-5m-1778126100,https://polymarket.com/zh/event/btc-updown-5m-1778126100,11:55-12:00,15.00,86.00,14.00,85.00,184.76,384.29,275.29,94.76,14.50,85.50,1.00,1.00,24830.17,23506.90,23501.90,24760.17,14,85,85,14,80937.48,80879.14,,
2026-05-07T11:56:44+08:00,btc-updown-5m-1778126100,https://polymarket.com/zh/event/btc-updown-5m-1778126100,11:55-12:00,16.00,85.00,15.00,84.00,5.02,870.03,725.78,5.02,15.50,84.50,1.00,1.00,25055.17,23501.90,23496.90,25125.07,15,84,84,15,80937.48,80879.99,,
2026-05-07T11:56:47+08:00,btc-updown-5m-1778126100,https://polymarket.com/zh/event/btc-updown-5m-1778126100,11:55-12:00,17.00,84.00,16.00,83.00,217.23,411.09,478.78,291.99,16.50,83.50,1.00,1.00,25130.97,23496.90,23496.90,25130.97,16,83,83,16,80937.48,80880.99,,
2026-05-07T11:56:49+08:00,btc-updown-5m-1778126100,https://polymarket.com/zh/event/btc-updown-5m-1778126100,11:55-12:00,11.00,90.00,10.00,89.00,286.46,991.46,861.06,173.66,10.50,89.50,1.00,1.00,24928.92,23396.90,23401.90,24964.92,10,89,89,10,80937.48,80873.01,,
2026-05-07T11:56:52+08:00,btc-updown-5m-1778126100,https://polymarket.com/zh/event/btc-updown-5m-1778126100,11:55-12:00,12.00,89.00,11.00,88.00,113.40,413.53,404.52,113.40,11.50,88.50,1.00,1.00,30034.55,23401.90,23396.90,30039.55,11,88,88,11,80937.48,80873.01,,
2026-05-07T11:56:54+08:00,btc-updown-5m-1778126100,https://polymarket.com/zh/event/btc-updown-5m-1778126100,11:55-12:00,12.00,89.00,11.00,88.00,107.68,281.25,301.25,107.68,11.50,88.50,1.00,1.00,26274.55,23391.90,23386.90,26279.55,11,88,88,11,80937.48,80873.01,,
2026-05-07T11:56:57+08:00,btc-updown-5m-1778126100,https://polymarket.com/zh/event/btc-updown-5m-1778126100,11:55-12:00,12.00,89.00,11.00,88.00,130.68,177.30,187.30,179.70,11.50,88.50,1.00,1.00,25947.50,23391.90,23386.90,25952.50,11,88,88,11,80937.48,80873.01,,
2026-05-07T11:56:59+08:00,btc-updown-5m-1778126100,https://polymarket.com/zh/event/btc-updown-5m-1778126100,11:55-12:00,11.00,89.00,10.00,88.00,90.71,107.62,172.85,720.59,10.50,88.50,1.00,1.00,25570.50,23386.90,23391.90,25876.50,10,89,88,11,80937.48,80873.02,,
2026-05-07T11:57:02+08:00,btc-updown-5m-1778126100,https://polymarket.com/zh/event/btc-updown-5m-1778126100,11:55-12:00,11.00,90.00,10.00,89.00,155.02,509.39,466.49,150.02,10.50,89.50,1.00,1.00,26163.55,23209.90,23214.90,26098.55,10,89,89,10,80937.48,80873.01,,
2026-05-07T11:57:04+08:00,btc-updown-5m-1778126100,https://polymarket.com/zh/event/btc-updown-5m-1778126100,11:55-12:00,11.00,90.00,10.00,89.00,1151.78,118.01,15.02,610.86,10.50,89.50,1.00,1.00,22962.55,20209.90,20209.90,23068.55,10,89,89,10,80937.48,80873.01,,
2026-05-07T11:57:07+08:00,btc-updown-5m-1778126100,https://polymarket.com/zh/event/btc-updown-5m-1778126100,11:55-12:00,11.00,90.00,10.00,89.00,111.81,924.57,838.92,101.81,10.50,89.50,1.00,1.00,22989.55,20189.90,20184.90,23037.55,10,89,89,10,80937.48,80873.01,,
2026-05-07T11:57:09+08:00,btc-updown-5m-1778126100,https://polymarket.com/zh/event/btc-updown-5m-1778126100,11:55-12:00,11.00,90.00,10.00,89.00,31.49,568.10,528.10,31.49,10.50,89.50,1.00,1.00,23023.55,20199.90,20194.90,23028.55,10,89,89,10,80937.48,80873.01,,
2026-05-07T11:57:12+08:00,btc-updown-5m-1778126100,https://polymarket.com/zh/event/btc-updown-5m-1778126100,11:55-12:00,11.00,90.00,10.00,89.00,133.03,330.29,310.29,143.03,10.50,89.50,1.00,1.00,22299.50,20183.40,20188.40,22294.50,10,89,89,10,80937.48,80876.99,,
2026-05-07T11:57:14+08:00,btc-updown-5m-1778126100,https://polymarket.com/zh/event/btc-updown-5m-1778126100,11:55-12:00,13.00,88.00,12.00,87.00,269.33,534.89,579.95,274.33,12.50,87.50,1.00,1.00,22324.55,20213.40,20203.40,22303.55,12,87,87,12,80937.48,80882.21,,
2026-05-07T11:57:17+08:00,btc-updown-5m-1778126100,https://polymarket.com/zh/event/btc-updown-5m-1778126100,11:55-12:00,14.00,87.00,13.00,86.00,389.19,480.24,452.10,307.66,13.50,86.50,1.00,1.00,22293.50,20208.40,20203.40,22190.50,13,86,86,13,80937.48,80886.00,,
2026-05-07T11:57:19+08:00,btc-updown-5m-1778126100,https://polymarket.com/zh/event/btc-updown-5m-1778126100,11:55-12:00,16.00,85.00,15.00,84.00,604.76,218.34,233.32,568.76,15.50,84.50,1.00,1.00,22115.50,20170.40,20175.40,22055.50,15,84,84,15,80937.48,80889.83,,
2026-05-07T11:57:22+08:00,btc-updown-5m-1778126100,https://polymarket.com/zh/event/btc-updown-5m-1778126100,11:55-12:00,16.00,85.00,15.00,84.00,394.37,340.90,340.90,466.32,15.50,84.50,1.00,1.00,22965.66,20130.40,20135.40,22960.66,15,84,84,15,80937.48,80889.83,,
2026-05-07T11:57:24+08:00,btc-updown-5m-1778126100,https://polymarket.com/zh/event/btc-updown-5m-1778126100,11:55-12:00,16.00,85.00,15.00,84.00,1148.36,121.02,170.84,1153.36,15.50,84.50,1.00,1.00,23055.66,20130.40,20135.40,22950.66,15,84,84,15,80937.48,80889.84,,
2026-05-07T11:57:27+08:00,btc-updown-5m-1778126100,https://polymarket.com/zh/event/btc-updown-5m-1778126100,11:55-12:00,15.00,86.00,14.00,85.00,1013.91,1607.64,1612.64,1333.91,14.50,85.50,1.00,1.00,22216.61,20135.40,20130.40,22221.61,14,85,85,14,80937.48,80889.83,,
2026-05-07T11:57:29+08:00,btc-updown-5m-1778126100,https://polymarket.com/zh/event/btc-updown-5m-1778126100,11:55-12:00,9.00,92.00,8.00,91.00,664.41,138.24,137.74,634.41,8.50,91.50,1.00,1.00,23711.34,20135.40,20130.40,23716.34,8,91,91,8,80937.48,80876.08,,
2026-05-07T11:57:32+08:00,btc-updown-5m-1778126100,https://polymarket.com/zh/event/btc-updown-5m-1778126100,11:55-12:00,9.00,93.00,8.00,92.00,1298.37,743.85,16.50,63.75,8.50,92.50,1.00,1.00,22397.03,20130.40,20240.40,21897.33,8,91,92,7,80937.48,80876.08,,
2026-05-07T11:57:34+08:00,btc-updown-5m-1778126100,https://polymarket.com/zh/event/btc-updown-5m-1778126100,11:55-12:00,6.00,95.00,5.00,94.00,1840.29,101.99,101.99,1894.09,5.50,94.50,1.00,1.00,20712.08,20134.40,20124.40,20712.08,5,94,94,5,80937.48,80849.98,,
2026-05-07T11:57:37+08:00,btc-updown-5m-1778126100,https://polymarket.com/zh/event/btc-updown-5m-1778126100,11:55-12:00,5.00,96.00,4.00,95.00,1556.04,156.51,166.71,1563.04,4.50,95.50,1.00,1.00,15318.13,20174.40,20169.40,15122.43,4,95,95,4,80937.48,80849.96,,
2026-05-07T11:57:39+08:00,btc-updown-5m-1778126100,https://polymarket.com/zh/event/btc-updown-5m-1778126100,11:55-12:00,4.00,97.00,3.00,96.00,727.47,1237.00,1217.00,697.47,3.50,96.50,1.00,1.00,15334.92,20174.40,20174.40,15369.92,3,96,96,3,80937.48,80848.46,,
2026-05-07T11:57:42+08:00,btc-updown-5m-1778126100,https://polymarket.com/zh/event/btc-updown-5m-1778126100,11:55-12:00,4.00,97.00,3.00,96.00,1454.55,8.56,60.00,1454.55,3.50,96.50,1.00,1.00,14303.92,20144.40,20244.40,14257.48,3,96,96,3,80937.48,80849.97,,
2026-05-07T11:57:44+08:00,btc-updown-5m-1778126100,https://polymarket.com/zh/event/btc-updown-5m-1778126100,11:55-12:00,3.00,98.00,2.00,97.00,681.87,2225.57,2220.57,686.87,2.50,97.50,1.00,1.00,12986.97,19144.40,19144.40,12991.97,2,97,97,2,80937.48,80848.47,,
2026-05-07T11:57:47+08:00,btc-updown-5m-1778126100,https://polymarket.com/zh/event/btc-updown-5m-1778126100,11:55-12:00,3.00,98.00,2.00,97.00,1184.63,2097.29,2107.29,1184.63,2.50,97.50,1.00,1.00,13243.69,19149.40,19139.40,13233.69,2,97,97,2,80937.48,80848.46,,
2026-05-07T11:57:49+08:00,btc-updown-5m-1778126100,https://polymarket.com/zh/event/btc-updown-5m-1778126100,11:55-12:00,3.00,98.00,2.00,97.00,1443.66,1298.82,1401.89,1448.66,2.50,97.50,1.00,1.00,12590.13,19144.40,19139.40,12502.06,2,97,97,2,80937.48,80848.46,,
2026-05-07T11:57:52+08:00,btc-updown-5m-1778126100,https://polymarket.com/zh/event/btc-updown-5m-1778126100,11:55-12:00,3.00,98.00,2.00,97.00,1468.66,1364.92,1537.92,1429.69,2.50,97.50,1.00,1.00,12426.16,19139.40,19149.40,12258.16,2,97,97,2,80937.48,80848.46,,
2026-05-07T11:57:54+08:00,btc-updown-5m-1778126100,https://polymarket.com/zh/event/btc-updown-5m-1778126100,11:55-12:00,3.00,98.00,2.00,97.00,1264.29,1263.63,1288.74,1239.29,2.50,97.50,1.00,1.00,12196.98,19354.40,19354.40,12151.87,2,97,97,2,80937.48,80848.46,,
2026-05-07T11:57:57+08:00,btc-updown-5m-1778126100,https://polymarket.com/zh/event/btc-updown-5m-1778126100,11:55-12:00,3.00,99.00,2.00,98.00,716.66,12084.52,33.85,10.00,2.50,98.50,1.00,1.00,12098.57,19144.40,19139.40,12084.52,2,97,98,1,80937.48,80848.47,,
2026-05-07T11:57:59+08:00,btc-updown-5m-1778126100,https://polymarket.com/zh/event/btc-updown-5m-1778126100,11:55-12:00,2.00,99.00,1.00,98.00,179.75,11803.51,11876.51,129.75,1.50,98.50,1.00,1.00,11876.51,19139.40,19144.40,11803.51,1,98,98,1,80937.48,80848.46,,
2026-05-07T11:58:02+08:00,btc-updown-5m-1778126100,https://polymarket.com/zh/event/btc-updown-5m-1778126100,11:55-12:00,2.00,99.00,1.00,98.00,443.84,9527.61,9549.92,145.00,1.50,98.50,1.00,1.00,9549.92,16672.40,16667.40,9527.61,1,98,98,1,80937.48,80848.46,,
2026-05-07T11:58:04+08:00,btc-updown-5m-1778126100,https://polymarket.com/zh/event/btc-updown-5m-1778126100,11:55-12:00,2.00,99.00,1.00,98.00,922.28,9162.78,9172.78,922.28,1.50,98.50,1.00,1.00,9172.78,16597.40,16592.40,9162.78,1,98,98,1,80937.48,80848.46,,
2026-05-07T11:58:07+08:00,btc-updown-5m-1778126100,https://polymarket.com/zh/event/btc-updown-5m-1778126100,11:55-12:00,2.00,99.00,1.00,98.00,1032.93,8433.18,8503.18,302.93,1.50,98.50,1.00,1.00,8503.18,16222.40,16222.40,8433.18,1,98,98,1,80937.48,80847.28,,
2026-05-07T11:58:09+08:00,btc-updown-5m-1778126100,https://polymarket.com/zh/event/btc-updown-5m-1778126100,11:55-12:00,5.00,96.00,4.00,95.00,1263.21,297.13,302.13,1260.58,4.50,95.50,1.00,1.00,13543.23,16217.40,16222.40,13533.23,4,95,95,4,80937.48,80866.86,,
2026-05-07T11:58:12+08:00,btc-updown-5m-1778126100,https://polymarket.com/zh/event/btc-updown-5m-1778126100,11:55-12:00,5.00,96.00,4.00,95.00,1400.39,235.00,220.00,1464.87,4.50,95.50,1.00,1.00,10932.71,16122.40,16117.40,11063.76,4,95,95,4,80937.48,80866.86,,
2026-05-07T11:58:14+08:00,btc-updown-5m-1778126100,https://polymarket.com/zh/event/btc-updown-5m-1778126100,11:55-12:00,5.00,96.00,4.00,95.00,1631.55,209.58,194.58,1646.55,4.50,95.50,1.00,1.00,11725.34,16122.40,16117.40,11729.34,4,95,95,4,80937.48,80866.86,,
2026-05-07T11:58:17+08:00,btc-updown-5m-1778126100,https://polymarket.com/zh/event/btc-updown-5m-1778126100,11:55-12:00,5.00,96.00,4.00,95.00,1112.20,254.45,276.54,1097.20,4.50,95.50,1.00,1.00,11779.63,16117.40,16122.40,11757.54,4,95,95,4,80937.48,80873.00,,
2026-05-07T11:58:19+08:00,btc-updown-5m-1778126100,https://polymarket.com/zh/event/btc-updown-5m-1778126100,11:55-12:00,5.00,96.00,4.00,95.00,1437.98,115.48,203.41,1472.98,4.50,95.50,1.00,1.00,11873.17,16117.40,16122.40,11789.24,4,95,95,4,80937.48,80873.00,,
2026-05-07T11:58:22+08:00,btc-updown-5m-1778126100,https://polymarket.com/zh/event/btc-updown-5m-1778126100,11:55-12:00,4.00,97.00,3.00,96.00,145.25,876.48,871.48,155.25,3.50,96.50,1.00,1.00,10946.04,16122.40,16122.40,10951.04,3,96,96,3,80937.48,80873.00,,
2026-05-07T11:58:24+08:00,btc-updown-5m-1778126100,https://polymarket.com/zh/event/btc-updown-5m-1778126100,11:55-12:00,4.00,97.00,3.00,96.00,350.00,672.65,662.65,386.00,3.50,96.50,1.00,1.00,10779.21,16122.40,16117.40,10829.21,3,96,96,3,80937.48,80873.01,,
2026-05-07T11:58:27+08:00,btc-updown-5m-1778126100,https://polymarket.com/zh/event/btc-updown-5m-1778126100,11:55-12:00,4.00,97.00,3.00,96.00,620.71,354.00,429.00,660.71,3.50,96.50,1.00,1.00,10942.51,16122.40,16122.40,10562.51,3,96,96,3,80937.48,80873.00,,
2026-05-07T11:58:29+08:00,btc-updown-5m-1778126100,https://polymarket.com/zh/event/btc-updown-5m-1778126100,11:55-12:00,4.00,97.00,3.00,96.00,671.46,394.74,369.74,681.46,3.50,96.50,1.00,1.00,10508.30,16117.40,16122.40,10533.30,3,96,96,3,80937.48,80873.00,,
2026-05-07T11:58:32+08:00,btc-updown-5m-1778126100,https://polymarket.com/zh/event/btc-updown-5m-1778126100,11:55-12:00,4.00,97.00,3.00,96.00,55.00,1222.94,1258.09,95.00,3.50,96.50,1.00,1.00,11338.34,14983.40,14978.40,10578.32,3,96,96,3,80937.48,80875.49,,
2026-05-07T11:58:34+08:00,btc-updown-5m-1778126100,https://polymarket.com/zh/event/btc-updown-5m-1778126100,11:55-12:00,5.00,96.00,4.00,95.00,943.24,955.81,510.00,898.14,4.50,95.50,1.00,1.00,10895.76,14983.40,14978.40,11041.57,4,95,95,4,80937.48,80876.07,,
2026-05-07T11:58:37+08:00,btc-updown-5m-1778126100,https://polymarket.com/zh/event/btc-updown-5m-1778126100,11:55-12:00,5.00,96.00,4.00,95.00,1067.64,309.28,299.28,1137.14,4.50,95.50,1.00,1.00,10654.04,14983.40,14978.40,11329.04,4,95,95,4,80937.48,80876.07,,
2026-05-07T11:58:39+08:00,btc-updown-5m-1778126100,https://polymarket.com/zh/event/btc-updown-5m-1778126100,11:55-12:00,5.00,96.00,4.00,95.00,985.64,169.87,138.00,1102.64,4.50,95.50,1.00,1.00,11159.02,14983.40,14988.40,11190.89,4,95,95,4,80937.48,80879.14,,
2026-05-07T11:58:42+08:00,btc-updown-5m-1778126100,https://polymarket.com/zh/event/btc-updown-5m-1778126100,11:55-12:00,4.00,97.00,3.00,96.00,620.70,770.00,760.00,610.70,3.50,96.50,1.00,1.00,10288.52,14983.40,14978.40,10079.51,3,96,96,3,80937.48,80879.14,,
2026-05-07T11:58:44+08:00,btc-updown-5m-1778126100,https://polymarket.com/zh/event/btc-updown-5m-1778126100,11:55-12:00,4.00,97.00,3.00,96.00,485.70,743.92,764.96,510.70,3.50,96.50,1.00,1.00,8835.90,14983.40,14978.40,8814.86,3,96,96,3,80937.48,80879.14,,
2026-05-07T11:58:47+08:00,btc-updown-5m-1778126100,https://polymarket.com/zh/event/btc-updown-5m-1778126100,11:55-12:00,4.00,97.00,3.00,96.00,448.33,804.31,820.31,472.83,3.50,96.50,1.00,1.00,8504.25,14177.40,14172.40,8488.25,3,96,96,3,80937.48,80879.14,,
2026-05-07T11:58:49+08:00,btc-updown-5m-1778126100,https://polymarket.com/zh/event/btc-updown-5m-1778126100,11:55-12:00,4.00,97.00,3.00,96.00,452.83,782.13,831.99,447.83,3.50,96.50,1.00,1.00,8541.93,14172.40,14177.40,8492.07,3,96,96,3,80937.48,80879.14,,
2026-05-07T11:58:52+08:00,btc-updown-5m-1778126100,https://polymarket.com/zh/event/btc-updown-5m-1778126100,11:55-12:00,4.00,97.00,3.00,96.00,802.83,864.66,859.55,787.83,3.50,96.50,1.00,1.00,8826.49,14172.40,14177.40,8831.60,3,96,96,3,80937.48,80880.37,,
2026-05-07T11:58:54+08:00,btc-updown-5m-1778126100,https://polymarket.com/zh/event/btc-updown-5m-1778126100,11:55-12:00,4.00,97.00,3.00,96.00,709.83,355.22,953.45,1122.91,3.50,96.50,1.00,1.00,8564.39,14177.40,14172.40,8282.16,3,96,96,3,80937.48,80882.21,,
2026-05-07T11:58:57+08:00,btc-updown-5m-1778126100,https://polymarket.com/zh/event/btc-updown-5m-1778126100,11:55-12:00,2.00,99.00,1.00,98.00,598.35,6028.23,6038.12,603.35,1.50,98.50,1.00,1.00,6038.12,14177.40,14172.40,6028.23,1,98,98,1,80937.48,80873.02,,
2026-05-07T11:58:59+08:00,btc-updown-5m-1778126100,https://polymarket.com/zh/event/btc-updown-5m-1778126100,11:55-12:00,2.00,99.00,1.00,98.00,402.36,4840.91,4894.91,427.36,1.50,98.50,1.00,1.00,4894.91,13682.40,13677.40,4840.91,1,98,98,1,80937.48,80873.01,,
2026-05-07T11:59:02+08:00,btc-updown-5m-1778126100,https://polymarket.com/zh/event/btc-updown-5m-1778126100,11:55-12:00,2.00,99.00,1.00,98.00,210.57,4655.65,4705.65,230.57,1.50,98.50,1.00,1.00,4705.65,12832.40,12837.40,4655.65,1,98,98,1,80937.48,80878.30,,
2026-05-07T11:59:04+08:00,btc-updown-5m-1778126100,https://polymarket.com/zh/event/btc-updown-5m-1778126100,11:55-12:00,2.00,99.00,1.00,98.00,354.61,4568.30,4563.35,109.61,1.50,98.50,1.00,1.00,4563.35,12749.07,12759.07,4568.30,1,98,98,1,80937.48,80881.99,,
2026-05-07T11:59:07+08:00,btc-updown-5m-1778126100,https://polymarket.com/zh/event/btc-updown-5m-1778126100,11:55-12:00,2.00,99.00,1.00,98.00,69.61,4752.29,4762.29,142.94,1.50,98.50,1.00,1.00,4762.29,12754.07,12749.07,4752.29,1,98,98,1,80937.48,80882.21,,
2026-05-07T11:59:09+08:00,btc-updown-5m-1778126100,https://polymarket.com/zh/event/btc-updown-5m-1778126100,11:55-12:00,2.00,99.00,1.00,98.00,625.81,3732.72,3753.72,640.80,1.50,98.50,1.00,1.00,3753.72,12754.07,12749.07,3732.72,1,98,98,1,80937.48,80882.21,,
2026-05-07T11:59:12+08:00,btc-updown-5m-1778126100,https://polymarket.com/zh/event/btc-updown-5m-1778126100,11:55-12:00,1.00,,,99.00,4136.54,,,4214.64,,,,,,12749.07,12739.07,,0,99,99,0,80937.48,80842.31,,
2026-05-07T11:59:14+08:00,btc-updown-5m-1778126100,https://polymarket.com/zh/event/btc-updown-5m-1778126100,11:55-12:00,1.00,,,99.00,5457.46,,,5597.93,,,,,,12722.07,12727.07,,0,99,99,0,80937.48,80842.32,,
2026-05-07T11:59:17+08:00,btc-updown-5m-1778126100,https://polymarket.com/zh/event/btc-updown-5m-1778126100,11:55-12:00,1.00,,,99.00,13362.57,,,13362.57,,,,,,12732.07,12722.07,,0,99,99,0,80937.48,80830.86,,
2026-05-07T11:59:19+08:00,btc-updown-5m-1778126100,https://polymarket.com/zh/event/btc-updown-5m-1778126100,11:55-12:00,1.00,,,99.00,12290.08,,,12290.08,,,,,,12727.07,12722.07,,0,99,99,0,80937.48,80830.86,,
2026-05-07T11:59:22+08:00,btc-updown-5m-1778126100,https://polymarket.com/zh/event/btc-updown-5m-1778126100,11:55-12:00,1.00,,,99.00,12900.08,,,12885.27,,,,,,12727.07,12722.07,,0,99,99,0,80937.48,80830.86,,
2026-05-07T11:59:24+08:00,btc-updown-5m-1778126100,https://polymarket.com/zh/event/btc-updown-5m-1778126100,11:55-12:00,1.00,,,99.00,12943.95,,,12943.95,,,,,,12722.07,12727.07,,0,99,99,0,80937.48,80830.86,,
2026-05-07T11:59:27+08:00,btc-updown-5m-1778126100,https://polymarket.com/zh/event/btc-updown-5m-1778126100,11:55-12:00,1.00,,,99.00,15002.76,,,14812.76,,,,,,12577.07,12572.07,,0,99,99,0,80937.48,80830.92,,
2026-05-07T11:59:29+08:00,btc-updown-5m-1778126100,https://polymarket.com/zh/event/btc-updown-5m-1778126100,11:55-12:00,1.00,,,99.00,15843.98,,,15908.59,,,,,,12722.07,12727.07,,0,99,99,0,80937.48,80830.93,,
2026-05-07T11:59:32+08:00,btc-updown-5m-1778126100,https://polymarket.com/zh/event/btc-updown-5m-1778126100,11:55-12:00,1.00,,,99.00,17651.86,,,17651.86,,,,,,11992.07,11997.07,,0,99,99,0,80937.48,80830.93,,
2026-05-07T11:59:34+08:00,btc-updown-5m-1778126100,https://polymarket.com/zh/event/btc-updown-5m-1778126100,11:55-12:00,1.00,,,99.00,20363.77,,,20363.77,,,,,,11987.07,11987.07,,0,99,99,0,80937.48,80830.93,,
2026-05-07T11:59:37+08:00,btc-updown-5m-1778126100,https://polymarket.com/zh/event/btc-updown-5m-1778126100,11:55-12:00,1.00,,,99.00,19785.15,,,19940.15,,,,,,11046.47,11056.47,,0,78,78,0,80937.48,80830.93,,
2026-05-07T11:59:39+08:00,btc-updown-5m-1778126100,https://polymarket.com/zh/event/btc-updown-5m-1778126100,11:55-12:00,1.00,,,99.00,20162.22,,,20162.22,,,,,,10956.47,10946.47,,0,78,78,0,80937.48,80830.93,,
2026-05-07T11:59:42+08:00,btc-updown-5m-1778126100,https://polymarket.com/zh/event/btc-updown-5m-1778126100,11:55-12:00,1.00,,,99.00,20188.22,,,20188.22,,,,,,11874.47,11874.47,,0,78,78,0,80937.48,80836.15,,
2026-05-07T11:59:45+08:00,btc-updown-5m-1778126100,https://polymarket.com/zh/event/btc-updown-5m-1778126100,11:55-12:00,1.00,,,99.00,21632.27,,,21658.27,,,,,,11884.47,11874.47,,0,78,78,0,80937.48,80830.94,,
2026-05-07T11:59:47+08:00,btc-updown-5m-1778126100,https://polymarket.com/zh/event/btc-updown-5m-1778126100,11:55-12:00,1.00,,,99.00,22348.95,,,22348.95,,,,,,11856.47,11851.47,,0,77,77,0,80937.48,80830.93,,
2026-05-07T11:59:50+08:00,btc-updown-5m-1778126100,https://polymarket.com/zh/event/btc-updown-5m-1778126100,11:55-12:00,1.00,,,99.00,24336.10,,,24388.10,,,,,,11951.47,9762.47,,0,70,70,0,80937.48,80832.10,,
2026-05-07T11:59:52+08:00,btc-updown-5m-1778126100,https://polymarket.com/zh/event/btc-updown-5m-1778126100,11:55-12:00,1.00,,,99.00,24654.72,,,24714.72,,,,,,7328.47,7333.47,,0,70,70,0,80937.48,80833.95,,
2026-05-07T11:59:55+08:00,btc-updown-5m-1778126100,https://polymarket.com/zh/event/btc-updown-5m-1778126100,11:55-12:00,1.00,,,99.00,26018.82,,,26026.82,,,,,,7028.47,7207.47,,0,70,70,0,80937.48,80841.99,,
2026-05-07T11:59:57+08:00,btc-updown-5m-1778126100,https://polymarket.com/zh/event/btc-updown-5m-1778126100,11:55-12:00,1.00,,,99.00,26697.47,,,26830.42,,,,,,6938.47,6933.47,,0,70,70,0,80937.48,80841.99,,
2026-05-07T12:00:00+08:00,btc-updown-5m-1778126100,https://polymarket.com/zh/event/btc-updown-5m-1778126100,11:55-12:00,1.00,,,99.00,84253.02,,,100812.65,,,,,,12103.25,13093.25,,0,78,77,0,80937.48,80841.99,,
2026-05-07T12:00:03+08:00,btc-updown-5m-1778126400,https://polymarket.com/zh/event/btc-updown-5m-1778126400,12:00-12:05,58.00,44.00,57.00,43.00,160.83,42.22,31.50,129.36,57.50,43.50,1.00,1.00,69847.06,70188.77,70303.77,69967.06,57,42,43,56,,80841.99,,
2026-05-07T12:00:05+08:00,btc-updown-5m-1778126400,https://polymarket.com/zh/event/btc-updown-5m-1778126400,12:00-12:05,56.00,45.00,55.00,44.00,939.59,2.77,2.77,855.84,55.50,44.50,1.00,1.00,71001.31,71258.77,71283.77,71011.31,55,44,44,55,,80842.00,,
2026-05-07T12:00:08+08:00,btc-updown-5m-1778126400,https://polymarket.com/zh/event/btc-updown-5m-1778126400,12:00-12:05,52.00,49.00,51.00,48.00,134.70,350.02,310.58,109.72,51.50,48.50,1.00,1.00,71029.07,71026.77,71031.77,71024.07,51,48,48,51,,80836.17,,
2026-05-07T12:00:10+08:00,btc-updown-5m-1778126400,https://polymarket.com/zh/event/btc-updown-5m-1778126400,12:00-12:05,52.00,49.00,51.00,48.00,838.12,5.31,15.31,894.38,51.50,48.50,1.00,1.00,70996.31,71031.77,71026.77,71001.31,51,48,48,51,,80836.72,,
2026-05-07T12:00:13+08:00,btc-updown-5m-1778126400,https://polymarket.com/zh/event/btc-updown-5m-1778126400,12:00-12:05,51.00,50.00,50.00,49.00,640.61,645.55,627.55,610.61,50.50,49.50,1.00,1.00,70910.31,70931.77,70926.77,70915.31,50,49,49,50,,80836.22,,
2026-05-07T12:00:15+08:00,btc-updown-5m-1778126400,https://polymarket.com/zh/event/btc-updown-5m-1778126400,12:00-12:05,51.00,50.00,50.00,49.00,631.05,456.55,473.55,626.05,50.50,49.50,1.00,1.00,70946.81,70942.77,70947.77,70946.81,50,49,49,50,,80836.22,,
2026-05-07T12:00:18+08:00,btc-updown-5m-1778126400,https://polymarket.com/zh/event/btc-updown-5m-1778126400,12:00-12:05,48.00,53.00,47.00,52.00,470.02,560.50,495.50,420.02,47.50,52.50,1.00,1.00,71661.81,71142.77,71147.77,71656.81,47,52,52,47,,80830.93,,
2026-05-07T12:00:20+08:00,btc-updown-5m-1778126400,https://polymarket.com/zh/event/btc-updown-5m-1778126400,12:00-12:05,48.00,53.00,47.00,52.00,869.33,373.66,393.66,907.80,47.50,52.50,1.00,1.00,71794.81,71175.77,71180.77,71789.81,47,52,52,47,,80833.99,,
2026-05-07T12:00:23+08:00,btc-updown-5m-1778126400,https://polymarket.com/zh/event/btc-updown-5m-1778126400,12:00-12:05,48.00,53.00,47.00,52.00,965.23,412.23,397.23,846.23,47.50,52.50,1.00,1.00,65459.81,64950.77,64945.77,65464.81,47,52,52,47,,80833.99,,
2026-05-07T12:00:25+08:00,btc-updown-5m-1778126400,https://polymarket.com/zh/event/btc-updown-5m-1778126400,12:00-12:05,48.00,53.00,47.00,52.00,1145.23,146.22,146.22,1116.23,47.50,52.50,1.00,1.00,65426.81,66616.77,66611.77,65431.81,47,52,52,47,,80833.99,,
2026-05-07T12:00:28+08:00,btc-updown-5m-1778126400,https://polymarket.com/zh/event/btc-updown-5m-1778126400,12:00-12:05,48.00,53.00,47.00,52.00,984.26,264.86,266.26,899.26,47.50,52.50,1.00,1.00,65531.81,66631.77,66636.77,65526.81,47,52,52,47,,80833.99,,
2026-05-07T12:00:30+08:00,btc-updown-5m-1778126400,https://polymarket.com/zh/event/btc-updown-5m-1778126400,12:00-12:05,47.00,54.00,46.00,53.00,536.17,448.90,399.28,398.80,46.50,53.50,1.00,1.00,65979.11,67302.77,67312.77,65974.11,46,53,53,46,,80833.99,,
2026-05-07T12:00:33+08:00,btc-updown-5m-1778126400,https://polymarket.com/zh/event/btc-updown-5m-1778126400,12:00-12:05,47.00,54.00,46.00,53.00,207.26,617.19,676.94,294.94,46.50,53.50,1.00,1.00,57702.81,59120.37,59115.37,57707.81,46,53,53,46,,80833.99,,
2026-05-07T12:00:35+08:00,btc-updown-5m-1778126400,https://polymarket.com/zh/event/btc-updown-5m-1778126400,12:00-12:05,46.00,55.00,45.00,54.00,323.73,701.89,786.97,256.46,45.50,54.50,1.00,1.00,57877.41,59120.37,59120.37,57872.41,45,54,54,45,,80833.98,,
2026-05-07T12:00:38+08:00,btc-updown-5m-1778126400,https://polymarket.com/zh/event/btc-updown-5m-1778126400,12:00-12:05,47.00,54.00,46.00,53.00,60.02,583.44,533.14,57.89,46.50,53.50,1.00,1.00,57877.41,59115.37,59120.37,57872.41,46,53,53,46,,80833.98,,
2026-05-07T12:00:40+08:00,btc-updown-5m-1778126400,https://polymarket.com/zh/event/btc-updown-5m-1778126400,12:00-12:05,48.00,53.00,47.00,52.00,25.02,1401.87,693.08,15.00,47.50,52.50,1.00,1.00,57981.84,57426.37,57426.37,57981.84,47,52,52,47,,80833.98,,
2026-05-07T12:00:43+08:00,btc-updown-5m-1778126400,https://polymarket.com/zh/event/btc-updown-5m-1778126400,12:00-12:05,50.00,51.00,49.00,50.00,135.94,1283.04,327.69,91.33,49.50,50.50,1.00,1.00,58024.84,57536.37,57541.37,58019.84,49,50,50,49,,80839.23,,
2026-05-07T12:00:45+08:00,btc-updown-5m-1778126400,https://polymarket.com/zh/event/btc-updown-5m-1778126400,12:00-12:05,53.00,48.00,52.00,47.00,271.79,1166.53,361.34,196.04,52.50,47.50,1.00,1.00,58029.84,58031.37,57536.37,57424.84,52,47,47,52,,80841.99,,
2026-05-07T12:00:48+08:00,btc-updown-5m-1778126400,https://polymarket.com/zh/event/btc-updown-5m-1778126400,12:00-12:05,55.00,46.00,54.00,45.00,582.84,20.46,180.99,1261.96,54.50,45.50,1.00,1.00,45599.84,46641.37,46641.37,45599.84,54,45,45,54,,80845.37,,
2026-05-07T12:00:51+08:00,btc-updown-5m-1778126400,https://polymarket.com/zh/event/btc-updown-5m-1778126400,12:00-12:05,54.00,47.00,53.00,46.00,296.88,463.67,522.72,311.88,53.50,46.50,1.00,1.00,45766.84,46708.37,46708.37,45866.84,53,46,46,53,,80844.14,,
2026-05-07T12:00:53+08:00,btc-updown-5m-1778126400,https://polymarket.com/zh/event/btc-updown-5m-1778126400,12:00-12:05,56.00,45.00,53.00,44.00,52.50,446.01,1368.28,287.77,54.50,44.50,3.00,1.00,46071.84,46708.37,46703.37,46071.84,53,44,44,55,,80844.14,,
2026-05-07T12:00:56+08:00,btc-updown-5m-1778126400,https://polymarket.com/zh/event/btc-updown-5m-1778126400,12:00-12:05,56.00,45.00,55.00,44.00,161.31,797.43,759.66,117.52,55.50,44.50,1.00,1.00,46366.84,46718.37,46713.37,46371.84,55,44,44,55,,80844.14,,
2026-05-07T12:00:58+08:00,btc-updown-5m-1778126400,https://polymarket.com/zh/event/btc-updown-5m-1778126400,12:00-12:05,56.00,45.00,55.00,44.00,684.49,93.90,66.69,466.42,55.50,44.50,1.00,1.00,46871.84,47433.37,47438.37,46866.84,55,44,44,55,,80844.15,,
2026-05-07T12:01:01+08:00,btc-updown-5m-1778126400,https://polymarket.com/zh/event/btc-updown-5m-1778126400,12:00-12:05,63.00,38.00,62.00,37.00,71.70,285.51,263.36,53.41,62.50,37.50,1.00,1.00,47102.84,47383.37,48162.37,46961.84,62,37,37,62,,80852.97,,
2026-05-07T12:01:03+08:00,btc-updown-5m-1778126400,https://polymarket.com/zh/event/btc-updown-5m-1778126400,12:00-12:05,64.00,37.00,63.00,36.00,80.05,750.23,780.79,80.05,63.50,36.50,1.00,1.00,26770.85,28620.37,28616.37,26775.85,63,36,36,63,,80852.97,,
2026-05-07T12:01:06+08:00,btc-updown-5m-1778126400,https://polymarket.com/zh/event/btc-updown-5m-1778126400,12:00-12:05,64.00,37.00,63.00,36.00,105.43,258.87,474.58,524.86,63.50,36.50,1.00,1.00,26829.85,28386.37,27590.37,26033.85,63,36,36,63,,80852.97,,
2026-05-07T12:01:08+08:00,btc-updown-5m-1778126400,https://polymarket.com/zh/event/btc-updown-5m-1778126400,12:00-12:05,65.00,36.00,64.00,35.00,88.38,1584.86,1509.59,70.15,64.50,35.50,1.00,1.00,26223.85,26872.37,26867.37,26233.85,64,35,35,64,,80855.99,,
2026-05-07T12:01:11+08:00,btc-updown-5m-1778126400,https://polymarket.com/zh/event/btc-updown-5m-1778126400,12:00-12:05,65.00,36.00,64.00,35.00,421.73,748.53,672.31,256.75,64.50,35.50,1.00,1.00,26418.85,26867.37,26862.37,26523.85,64,35,35,64,,80856.02,,
2026-05-07T12:01:13+08:00,btc-updown-5m-1778126400,https://polymarket.com/zh/event/btc-updown-5m-1778126400,12:00-12:05,65.00,36.00,64.00,35.00,224.49,524.18,469.96,220.25,64.50,35.50,1.00,1.00,26743.85,26862.37,26867.37,26738.85,64,35,35,64,,80856.02,,
2026-05-07T12:01:16+08:00,btc-updown-5m-1778126400,https://polymarket.com/zh/event/btc-updown-5m-1778126400,12:00-12:05,66.00,35.00,65.00,34.00,98.50,757.44,603.35,98.50,65.50,34.50,1.00,1.00,26914.42,25389.37,25394.37,26914.42,65,34,34,65,,80856.55,,
2026-05-07T12:01:18+08:00,btc-updown-5m-1778126400,https://polymarket.com/zh/event/btc-updown-5m-1778126400,12:00-12:05,67.00,34.00,66.00,33.00,534.88,312.28,342.28,593.88,66.50,33.50,1.00,1.00,27214.42,25389.37,25394.37,27209.42,66,33,33,66,,80856.55,,
2026-05-07T12:01:21+08:00,btc-updown-5m-1778126400,https://polymarket.com/zh/event/btc-updown-5m-1778126400,12:00-12:05,66.00,35.00,65.00,34.00,471.41,25.20,25.20,549.41,65.50,34.50,1.00,1.00,27409.42,26239.37,26234.37,27414.42,65,34,34,65,,80856.55,,
2026-05-07T12:01:23+08:00,btc-updown-5m-1778126400,https://polymarket.com/zh/event/btc-updown-5m-1778126400,12:00-12:05,66.00,35.00,65.00,34.00,65.00,993.74,1110.74,25.00,65.50,34.50,1.00,1.00,27609.42,25418.37,25413.37,27714.42,65,34,34,65,,80856.55,,
2026-05-07T12:01:26+08:00,btc-updown-5m-1778126400,https://polymarket.com/zh/event/btc-updown-5m-1778126400,12:00-12:05,67.00,33.00,66.00,32.00,21.11,265.65,1144.33,157.13,66.50,32.50,1.00,1.00,27914.42,24960.37,24864.37,27909.42,66,33,32,67,,80859.59,,
2026-05-07T12:01:28+08:00,btc-updown-5m-1778126400,https://polymarket.com/zh/event/btc-updown-5m-1778126400,12:00-12:05,69.00,32.00,68.00,31.00,257.89,511.70,586.53,331.81,68.50,31.50,1.00,1.00,28109.42,24884.37,24778.37,28214.42,68,31,31,68,,80860.49,,
2026-05-07T12:01:31+08:00,btc-updown-5m-1778126400,https://polymarket.com/zh/event/btc-updown-5m-1778126400,12:00-12:05,69.00,32.00,68.00,31.00,758.52,126.02,151.30,824.43,68.50,31.50,1.00,1.00,28409.42,24783.37,24362.37,27998.42,68,31,31,68,,80860.72,,
2026-05-07T12:01:33+08:00,btc-updown-5m-1778126400,https://polymarket.com/zh/event/btc-updown-5m-1778126400,12:00-12:05,67.00,34.00,66.00,33.00,783.21,133.52,148.52,985.21,66.50,33.50,1.00,1.00,28198.42,24352.37,24362.37,28193.42,66,33,33,66,,80856.60,,
2026-05-07T12:01:36+08:00,btc-updown-5m-1778126400,https://polymarket.com/zh/event/btc-updown-5m-1778126400,12:00-12:05,72.00,29.00,71.00,28.00,594.45,525.77,566.77,579.71,71.50,28.50,1.00,1.00,28503.42,23732.37,23737.37,28498.42,71,28,28,71,,80864.98,,
2026-05-07T12:01:38+08:00,btc-updown-5m-1778126400,https://polymarket.com/zh/event/btc-updown-5m-1778126400,12:00-12:05,72.00,29.00,71.00,28.00,507.19,477.73,531.60,507.19,71.50,28.50,1.00,1.00,28703.42,23757.37,23767.37,28698.42,71,28,28,71,,80865.99,,
2026-05-07T12:01:41+08:00,btc-updown-5m-1778126400,https://polymarket.com/zh/event/btc-updown-5m-1778126400,12:00-12:05,75.00,26.00,74.00,25.00,256.06,978.24,1032.24,256.06,74.50,25.50,1.00,1.00,28898.42,23957.37,23952.37,28922.63,74,25,25,74,,80869.93,,
2026-05-07T12:01:43+08:00,btc-updown-5m-1778126400,https://polymarket.com/zh/event/btc-updown-5m-1778126400,12:00-12:05,75.00,26.00,74.00,25.00,746.72,249.26,422.38,1311.73,74.50,25.50,1.00,1.00,29240.63,23900.87,23800.87,29240.63,74,25,25,74,,80869.93,,
2026-05-07T12:01:46+08:00,btc-updown-5m-1778126400,https://polymarket.com/zh/event/btc-updown-5m-1778126400,12:00-12:05,69.00,32.00,68.00,31.00,197.86,481.77,457.70,139.86,68.50,31.50,1.00,1.00,29445.63,23795.87,23800.87,29440.63,68,31,31,68,,80861.98,,
2026-05-07T12:01:48+08:00,btc-updown-5m-1778126400,https://polymarket.com/zh/event/btc-updown-5m-1778126400,12:00-12:05,69.00,31.00,68.00,30.00,120.53,153.52,573.81,743.72,68.50,30.50,1.00,1.00,29545.63,23665.87,23650.87,29640.63,68,31,30,69,,80861.98,,
2026-05-07T12:01:51+08:00,btc-updown-5m-1778126400,https://polymarket.com/zh/event/btc-updown-5m-1778126400,12:00-12:05,74.00,27.00,73.00,26.00,879.26,55.00,292.32,1094.80,73.50,26.50,1.00,1.00,29840.63,23680.87,23675.87,29845.63,73,26,26,73,,80865.82,,
2026-05-07T12:01:53+08:00,btc-updown-5m-1778126400,https://polymarket.com/zh/event/btc-updown-5m-1778126400,12:00-12:05,70.00,31.00,69.00,30.00,341.68,325.36,360.17,426.68,69.50,30.50,1.00,1.00,30045.63,23656.87,23661.87,30145.63,69,30,30,69,,80861.99,,
2026-05-07T12:01:56+08:00,btc-updown-5m-1778126400,https://polymarket.com/zh/event/btc-updown-5m-1778126400,12:00-12:05,67.00,34.00,66.00,33.00,385.75,10.00,313.47,944.00,66.50,33.50,1.00,1.00,30385.63,23630.87,23640.87,30380.63,66,33,33,66,,80859.59,,
2026-05-07T12:01:58+08:00,btc-updown-5m-1778126400,https://polymarket.com/zh/event/btc-updown-5m-1778126400,12:00-12:05,66.00,35.00,65.00,34.00,114.77,1017.58,1179.19,169.77,65.50,34.50,1.00,1.00,30483.63,23710.87,23705.87,30488.63,65,34,34,65,,80857.66,,
2026-05-07T12:02:01+08:00,btc-updown-5m-1778126400,https://polymarket.com/zh/event/btc-updown-5m-1778126400,12:00-12:05,70.00,30.00,69.00,29.00,47.02,229.85,784.03,164.52,69.50,29.50,1.00,1.00,27783.63,20674.87,20469.87,27493.63,69,30,29,70,,80860.62,,
2026-05-07T12:02:03+08:00,btc-updown-5m-1778126400,https://polymarket.com/zh/event/btc-updown-5m-1778126400,12:00-12:05,72.00,28.00,70.00,25.00,40.00,82.50,1625.96,151.55,71.00,26.50,2.00,3.00,27588.63,20298.87,20353.87,27588.63,70,28,25,72,,80842.31,,
2026-05-07T12:02:06+08:00,btc-updown-5m-1778126400,https://polymarket.com/zh/event/btc-updown-5m-1778126400,12:00-12:05,72.00,29.00,69.00,28.00,229.63,310.89,19.56,209.62,70.50,28.50,3.00,1.00,27760.63,21218.87,21263.87,27865.63,69,28,28,69,,80853.44,,
2026-05-07T12:02:09+08:00,btc-updown-5m-1778126400,https://polymarket.com/zh/event/btc-updown-5m-1778126400,12:00-12:05,64.00,37.00,63.00,36.00,465.99,662.72,630.97,411.99,63.50,36.50,1.00,1.00,27865.63,20496.87,20496.87,27965.63,63,36,36,63,,80853.44,,
2026-05-07T12:02:11+08:00,btc-updown-5m-1778126400,https://polymarket.com/zh/event/btc-updown-5m-1778126400,12:00-12:05,64.00,37.00,63.00,36.00,478.93,578.08,511.08,443.93,63.50,36.50,1.00,1.00,28165.63,21216.87,21216.87,28165.63,63,36,36,63,,80853.06,,
2026-05-07T12:02:14+08:00,btc-updown-5m-1778126400,https://polymarket.com/zh/event/btc-updown-5m-1778126400,12:00-12:05,67.00,34.00,66.00,33.00,81.66,160.05,50.00,27.00,66.50,33.50,1.00,1.00,28555.63,20486.87,20486.87,28355.63,66,33,33,66,,80859.64,,
2026-05-07T12:02:16+08:00,btc-updown-5m-1778126400,https://polymarket.com/zh/event/btc-updown-5m-1778126400,12:00-12:05,68.00,31.00,67.00,30.00,13.52,225.82,918.22,177.77,67.50,30.50,1.00,1.00,28555.63,20472.87,20472.87,28555.63,67,32,30,69,,80860.73,,
2026-05-07T12:02:19+08:00,btc-updown-5m-1778126400,https://polymarket.com/zh/event/btc-updown-5m-1778126400,12:00-12:05,71.00,30.00,70.00,29.00,179.23,31.52,90.69,688.44,70.50,29.50,1.00,1.00,28933.13,20589.87,20589.87,28933.13,67,29,29,69,,80855.99,,
2026-05-07T12:02:21+08:00,btc-updown-5m-1778126400,https://polymarket.com/zh/event/btc-updown-5m-1778126400,12:00-12:05,67.00,34.00,66.00,33.00,539.20,393.16,393.16,422.34,66.50,33.50,1.00,1.00,29033.13,21179.87,21179.87,29033.13,66,33,33,66,,80853.16,,
2026-05-07T12:02:24+08:00,btc-updown-5m-1778126400,https://polymarket.com/zh/event/btc-updown-5m-1778126400,12:00-12:05,57.00,44.00,56.00,43.00,519.49,107.25,82.25,614.85,56.50,43.50,1.00,1.00,31076.96,21196.70,21196.70,31181.96,56,43,42,56,,80842.66,,
2026-05-07T12:02:26+08:00,btc-updown-5m-1778126400,https://polymarket.com/zh/event/btc-updown-5m-1778126400,12:00-12:05,56.00,45.00,55.00,44.00,470.85,75.60,75.60,465.36,55.50,44.50,1.00,1.00,29498.46,22616.70,22611.70,29503.46,55,44,44,55,,80842.66,,
2026-05-07T12:02:29+08:00,btc-updown-5m-1778126400,https://polymarket.com/zh/event/btc-updown-5m-1778126400,12:00-12:05,63.00,38.00,62.00,37.00,172.97,323.48,344.48,161.04,62.50,37.50,1.00,1.00,31143.46,21981.69,21986.69,31138.46,62,37,37,62,,80851.51,,
2026-05-07T12:02:31+08:00,btc-updown-5m-1778126400,https://polymarket.com/zh/event/btc-updown-5m-1778126400,12:00-12:05,65.00,36.00,64.00,35.00,323.18,85.95,263.56,535.74,64.50,35.50,1.00,1.00,30618.46,20536.69,20541.69,30713.46,64,35,35,64,,80852.28,,
2026-05-07T12:02:34+08:00,btc-updown-5m-1778126400,https://polymarket.com/zh/event/btc-updown-5m-1778126400,12:00-12:05,65.00,36.00,64.00,35.00,241.94,498.56,413.54,181.94,64.50,35.50,1.00,1.00,31118.46,20536.69,20536.69,31118.46,64,35,35,64,,80852.27,,
2026-05-07T12:02:36+08:00,btc-updown-5m-1778126400,https://polymarket.com/zh/event/btc-updown-5m-1778126400,12:00-12:05,72.00,29.00,71.00,28.00,166.50,354.53,60.24,137.77,71.50,28.50,1.00,1.00,30279.46,20396.69,20391.69,30284.46,71,28,28,71,,80860.73,,
2026-05-07T12:02:39+08:00,btc-updown-5m-1778126400,https://polymarket.com/zh/event/btc-updown-5m-1778126400,12:00-12:05,72.00,29.00,71.00,28.00,0.39,473.91,475.91,44.00,71.50,28.50,1.00,1.00,30279.46,20486.69,20481.69,30284.46,71,28,28,71,,80861.99,,
2026-05-07T12:02:41+08:00,btc-updown-5m-1778126400,https://polymarket.com/zh/event/btc-updown-5m-1778126400,12:00-12:05,72.00,29.00,71.00,28.00,20.02,676.43,446.88,5.02,71.50,28.50,1.00,1.00,30284.46,20436.69,20436.69,30279.46,71,28,28,71,,80862.02,,
2026-05-07T12:02:44+08:00,btc-updown-5m-1778126400,https://polymarket.com/zh/event/btc-updown-5m-1778126400,12:00-12:05,72.00,29.00,71.00,28.00,388.38,159.40,159.40,318.38,71.50,28.50,1.00,1.00,29284.46,19431.69,19436.69,29289.46,71,28,28,71,,80862.02,,
2026-05-07T12:02:46+08:00,btc-updown-5m-1778126400,https://polymarket.com/zh/event/btc-updown-5m-1778126400,12:00-12:05,72.00,29.00,71.00,28.00,58.88,414.44,494.44,45.00,71.50,28.50,1.00,1.00,29284.46,19446.69,19446.69,29284.46,71,28,28,71,,80856.92,,
2026-05-07T12:02:49+08:00,btc-updown-5m-1778126400,https://polymarket.com/zh/event/btc-updown-5m-1778126400,12:00-12:05,67.00,34.00,66.00,33.00,100.91,419.68,62.52,58.00,66.50,33.50,1.00,1.00,29479.46,19476.69,19471.69,29379.46,66,33,33,66,,80856.95,,
2026-05-07T12:02:51+08:00,btc-updown-5m-1778126400,https://polymarket.com/zh/event/btc-updown-5m-1778126400,12:00-12:05,70.00,31.00,69.00,30.00,115.02,276.81,330.81,222.43,69.50,30.50,1.00,1.00,29284.46,19411.69,19416.69,29279.46,69,30,30,69,,80861.99,,
2026-05-07T12:02:54+08:00,btc-updown-5m-1778126400,https://polymarket.com/zh/event/btc-updown-5m-1778126400,12:00-12:05,71.00,30.00,70.00,29.00,118.16,240.08,216.42,96.09,70.50,29.50,1.00,1.00,29279.46,19416.69,19411.69,29284.46,70,29,29,70,,80861.99,,
2026-05-07T12:02:56+08:00,btc-updown-5m-1778126400,https://polymarket.com/zh/event/btc-updown-5m-1778126400,12:00-12:05,72.00,29.00,71.00,28.00,912.36,191.54,132.54,560.67,71.50,28.50,1.00,1.00,29279.46,19376.69,19371.69,29284.46,71,28,28,71,,80862.00,,
2026-05-07T12:02:59+08:00,btc-updown-5m-1778126400,https://polymarket.com/zh/event/btc-updown-5m-1778126400,12:00-12:05,73.00,28.00,72.00,27.00,106.93,390.34,380.09,106.93,72.50,27.50,1.00,1.00,29273.21,19431.69,19631.69,29273.21,72,27,27,72,,80862.00,,
2026-05-07T12:03:01+08:00,btc-updown-5m-1778126400,https://polymarket.com/zh/event/btc-updown-5m-1778126400,12:00-12:05,73.00,28.00,72.00,27.00,148.74,320.95,620.95,147.09,72.50,27.50,1.00,1.00,26726.21,16974.69,16974.69,26731.21,72,27,27,72,,80860.50,,
2026-05-07T12:03:04+08:00,btc-updown-5m-1778126400,https://polymarket.com/zh/event/btc-updown-5m-1778126400,12:00-12:05,73.00,28.00,72.00,27.00,250.31,290.95,290.95,248.94,72.50,27.50,1.00,1.00,26731.21,16974.69,16974.69,26731.21,72,27,27,72,,80854.59,,
2026-05-07T12:03:07+08:00,btc-updown-5m-1778126400,https://polymarket.com/zh/event/btc-updown-5m-1778126400,12:00-12:05,73.00,28.00,72.00,27.00,354.55,160.93,160.93,359.80,72.50,27.50,1.00,1.00,26726.21,16979.69,16989.69,26726.21,72,27,27,72,,80849.11,,
2026-05-07T12:03:09+08:00,btc-updown-5m-1778126400,https://polymarket.com/zh/event/btc-updown-5m-1778126400,12:00-12:05,73.00,29.00,72.00,27.00,552.22,20.02,2.32,557.22,72.50,28.00,1.00,2.00,27446.21,16999.69,16999.69,27446.21,72,27,27,71,,80849.11,,
2026-05-07T12:03:12+08:00,btc-updown-5m-1778126400,https://polymarket.com/zh/event/btc-updown-5m-1778126400,12:00-12:05,73.00,29.00,71.00,27.00,557.22,20.02,20.02,557.22,72.00,28.00,2.00,2.00,27446.21,16999.69,16999.69,27446.21,71,27,27,71,,80849.11,,
2026-05-07T12:03:14+08:00,btc-updown-5m-1778126400,https://polymarket.com/zh/event/btc-updown-5m-1778126400,12:00-12:05,73.00,29.00,71.00,27.00,557.22,20.02,20.02,557.22,72.00,28.00,2.00,2.00,27446.21,16999.69,16999.69,27446.21,71,27,27,71,,80849.11,,
2026-05-07T12:03:17+08:00,btc-updown-5m-1778126400,https://polymarket.com/zh/event/btc-updown-5m-1778126400,12:00-12:05,73.00,29.00,71.00,27.00,557.22,20.02,20.02,557.22,72.00,28.00,2.00,2.00,27446.21,16999.69,16999.69,27446.21,71,27,27,71,,80855.85,,
2026-05-07T12:03:19+08:00,btc-updown-5m-1778126400,https://polymarket.com/zh/event/btc-updown-5m-1778126400,12:00-12:05,73.00,29.00,71.00,27.00,557.22,20.02,20.02,557.22,72.00,28.00,2.00,2.00,27446.21,16999.69,16999.69,27446.21,71,27,27,71,,80855.85,,
2026-05-07T12:03:22+08:00,btc-updown-5m-1778126400,https://polymarket.com/zh/event/btc-updown-5m-1778126400,12:00-12:05,73.00,29.00,71.00,27.00,557.22,20.02,20.02,557.22,72.00,28.00,2.00,2.00,27446.21,16999.69,16999.69,27446.21,71,27,27,71,,80855.85,,
2026-05-07T12:03:24+08:00,btc-updown-5m-1778126400,https://polymarket.com/zh/event/btc-updown-5m-1778126400,12:00-12:05,73.00,28.00,72.00,27.00,510.67,5.31,5.31,510.67,72.50,27.50,1.00,1.00,27426.21,17104.69,17104.69,27426.21,70,27,27,70,,80855.85,,
2026-05-07T12:03:27+08:00,btc-updown-5m-1778126400,https://polymarket.com/zh/event/btc-updown-5m-1778126400,12:00-12:05,68.00,38.00,66.00,32.00,35.27,19.48,25.00,11.00,67.00,35.00,2.00,6.00,27209.21,16908.40,16648.40,27309.21,65,30,31,62,,80850.00,,
2026-05-07T12:03:29+08:00,btc-updown-5m-1778126400,https://polymarket.com/zh/event/btc-updown-5m-1778126400,12:00-12:05,62.00,41.00,54.00,40.00,144.62,60.00,37.35,13.00,58.00,40.50,8.00,1.00,28883.21,16578.40,16578.40,28983.21,53,38,40,54,,80850.00,,
2026-05-07T12:03:32+08:00,btc-updown-5m-1778126400,https://polymarket.com/zh/event/btc-updown-5m-1778126400,12:00-12:05,51.00,61.00,40.00,51.00,145.78,25.10,7.68,29.00,45.50,56.00,11.00,10.00,25668.21,16381.40,16694.40,25756.21,40,49,51,39,,80836.17,,
2026-05-07T12:03:34+08:00,btc-updown-5m-1778126400,https://polymarket.com/zh/event/btc-updown-5m-1778126400,12:00-12:05,40.00,61.00,39.00,60.00,385.07,1.93,1.93,438.07,39.50,60.50,1.00,1.00,25554.21,16890.40,16890.40,25554.21,37,60,60,37,,80836.20,,
2026-05-07T12:03:37+08:00,btc-updown-5m-1778126400,https://polymarket.com/zh/event/btc-updown-5m-1778126400,12:00-12:05,70.00,33.00,66.00,30.00,5.00,73.72,93.39,5.00,68.00,31.50,4.00,3.00,27325.21,15474.40,15459.40,28025.21,66,30,30,67,,80857.51,,
2026-05-07T12:03:39+08:00,btc-updown-5m-1778126400,https://polymarket.com/zh/event/btc-updown-5m-1778126400,12:00-12:05,72.00,29.00,71.00,28.00,56.85,605.66,165.39,156.64,71.50,28.50,1.00,1.00,29290.21,15429.40,15279.40,28785.21,71,28,28,71,,80865.01,,
2026-05-07T12:03:42+08:00,btc-updown-5m-1778126400,https://polymarket.com/zh/event/btc-updown-5m-1778126400,12:00-12:05,83.00,18.00,82.00,17.00,186.82,296.50,89.02,94.65,82.50,17.50,1.00,1.00,28723.21,15749.40,15749.40,28723.21,82,17,17,82,,80869.93,,
2026-05-07T12:03:44+08:00,btc-updown-5m-1778126400,https://polymarket.com/zh/event/btc-updown-5m-1778126400,12:00-12:05,85.00,16.00,84.00,15.00,95.41,316.65,351.65,95.41,84.50,15.50,1.00,1.00,26568.21,16076.64,16076.64,26568.21,84,15,15,84,,80870.99,,
2026-05-07T12:03:47+08:00,btc-updown-5m-1778126400,https://polymarket.com/zh/event/btc-updown-5m-1778126400,12:00-12:05,74.00,37.00,64.00,36.00,452.30,30.00,5.00,5.01,69.00,36.50,10.00,1.00,24517.21,14999.40,14694.40,24752.21,59,21,33,59,,80851.99,,
2026-05-07T12:03:49+08:00,btc-updown-5m-1778126400,https://polymarket.com/zh/event/btc-updown-5m-1778126400,12:00-12:05,68.00,33.00,67.00,32.00,140.12,131.01,30.80,176.63,67.50,32.50,1.00,1.00,25077.21,14694.40,14699.40,25072.21,67,32,32,67,,80853.25,,
2026-05-07T12:03:52+08:00,btc-updown-5m-1778126400,https://polymarket.com/zh/event/btc-updown-5m-1778126400,12:00-12:05,68.00,31.00,67.00,27.00,44.04,43.97,287.77,11.44,67.50,29.00,1.00,4.00,25077.21,14674.40,14664.40,25483.21,67,32,27,69,,80857.94,,
2026-05-07T12:03:54+08:00,btc-updown-5m-1778126400,https://polymarket.com/zh/event/btc-updown-5m-1778126400,12:00-12:05,78.00,23.00,77.00,22.00,365.27,205.65,195.61,310.25,77.50,22.50,1.00,1.00,27123.21,14994.40,14994.40,27118.21,77,22,22,77,,80857.94,,
2026-05-07T12:03:57+08:00,btc-updown-5m-1778126400,https://polymarket.com/zh/event/btc-updown-5m-1778126400,12:00-12:05,80.00,21.00,79.00,20.00,77.24,473.20,474.05,57.24,79.50,20.50,1.00,1.00,27238.21,14944.40,14949.40,27233.21,79,20,20,79,,80857.97,,
2026-05-07T12:03:59+08:00,btc-updown-5m-1778126400,https://polymarket.com/zh/event/btc-updown-5m-1778126400,12:00-12:05,85.00,16.00,84.00,15.00,50.09,359.24,259.24,37.56,84.50,15.50,1.00,1.00,27468.21,15304.34,15309.34,27463.21,84,15,15,84,,80863.79,,
2026-05-07T12:04:02+08:00,btc-updown-5m-1778126400,https://polymarket.com/zh/event/btc-updown-5m-1778126400,12:00-12:05,87.00,14.00,86.00,13.00,401.57,118.76,159.91,374.26,86.50,13.50,1.00,1.00,26698.21,14819.34,14814.34,26703.21,86,13,13,86,,80863.79,,
2026-05-07T12:04:04+08:00,btc-updown-5m-1778126400,https://polymarket.com/zh/event/btc-updown-5m-1778126400,12:00-12:05,85.00,16.00,84.00,15.00,121.16,311.89,185.39,115.16,84.50,15.50,1.00,1.00,25238.21,14804.34,14899.34,25243.21,84,15,15,84,,80863.79,,
2026-05-07T12:04:07+08:00,btc-updown-5m-1778126400,https://polymarket.com/zh/event/btc-updown-5m-1778126400,12:00-12:05,62.00,39.00,60.00,38.00,74.74,418.30,141.54,91.89,61.00,38.50,2.00,1.00,23688.21,14004.40,13699.40,23693.21,59,33,35,61,,80855.79,,
2026-05-07T12:04:09+08:00,btc-updown-5m-1778126400,https://polymarket.com/zh/event/btc-updown-5m-1778126400,12:00-12:05,73.00,28.00,72.00,27.00,354.15,163.34,378.69,609.21,72.50,27.50,1.00,1.00,23590.21,14140.28,14150.28,23590.21,72,27,27,72,,80855.79,,
2026-05-07T12:04:12+08:00,btc-updown-5m-1778126400,https://polymarket.com/zh/event/btc-updown-5m-1778126400,12:00-12:05,75.00,26.00,74.00,25.00,373.78,754.12,257.98,286.27,74.50,25.50,1.00,1.00,23490.21,13590.28,13585.28,23595.21,74,25,25,74,,80855.79,,
2026-05-07T12:04:14+08:00,btc-updown-5m-1778126400,https://polymarket.com/zh/event/btc-updown-5m-1778126400,12:00-12:05,81.00,18.00,80.00,17.00,10.00,45.66,63.00,118.44,80.50,17.50,1.00,1.00,23590.21,13390.28,13485.28,23600.21,77,17,15,82,,80857.02,,
2026-05-07T12:04:17+08:00,btc-updown-5m-1778126400,https://polymarket.com/zh/event/btc-updown-5m-1778126400,12:00-12:05,70.00,31.00,69.00,30.00,367.20,575.33,386.49,269.78,69.50,30.50,1.00,1.00,23595.21,13560.28,13565.28,23590.21,69,30,30,69,,80848.92,,
2026-05-07T12:04:19+08:00,btc-updown-5m-1778126400,https://polymarket.com/zh/event/btc-updown-5m-1778126400,12:00-12:05,66.00,35.00,65.00,34.00,130.79,561.08,302.71,42.48,65.50,34.50,1.00,1.00,23600.21,13355.28,13360.28,23595.21,65,34,33,65,,80848.92,,
2026-05-07T12:04:22+08:00,btc-updown-5m-1778126400,https://polymarket.com/zh/event/btc-updown-5m-1778126400,12:00-12:05,70.00,31.00,69.00,30.00,246.80,119.55,125.41,369.80,69.50,30.50,1.00,1.00,23581.21,13370.28,13365.28,23586.21,69,30,30,69,,80848.92,,
2026-05-07T12:04:24+08:00,btc-updown-5m-1778126400,https://polymarket.com/zh/event/btc-updown-5m-1778126400,12:00-12:05,69.00,32.00,68.00,31.00,16.39,674.74,550.68,10.99,68.50,31.50,1.00,1.00,23581.21,13380.28,13380.28,23586.21,68,31,31,68,,80848.92,,
2026-05-07T12:04:27+08:00,btc-updown-5m-1778126400,https://polymarket.com/zh/event/btc-updown-5m-1778126400,12:00-12:05,71.00,30.00,70.00,29.00,706.20,69.02,44.00,580.20,70.50,29.50,1.00,1.00,23606.21,13445.28,13450.28,23601.21,70,29,29,70,,80848.92,,
2026-05-07T12:04:29+08:00,btc-updown-5m-1778126400,https://polymarket.com/zh/event/btc-updown-5m-1778126400,12:00-12:05,70.00,31.00,69.00,30.00,148.35,132.82,135.27,377.67,69.50,30.50,1.00,1.00,23606.21,13445.28,13450.28,23601.21,69,30,29,69,,80848.92,,
2026-05-07T12:04:32+08:00,btc-updown-5m-1778126400,https://polymarket.com/zh/event/btc-updown-5m-1778126400,12:00-12:05,60.00,41.00,59.00,40.00,295.25,185.67,268.63,63.92,59.50,40.50,1.00,1.00,22306.88,12841.95,12761.95,22316.88,56,40,40,55,,80845.39,,
2026-05-07T12:04:34+08:00,btc-updown-5m-1778126400,https://polymarket.com/zh/event/btc-updown-5m-1778126400,12:00-12:05,58.00,43.00,57.00,42.00,504.85,30.90,51.51,529.35,57.50,42.50,1.00,1.00,22311.88,12661.95,12671.95,22306.88,57,35,42,51,,80840.98,,
2026-05-07T12:04:37+08:00,btc-updown-5m-1778126400,https://polymarket.com/zh/event/btc-updown-5m-1778126400,12:00-12:05,52.00,49.00,51.00,48.00,272.55,158.30,268.43,410.06,51.50,48.50,1.00,1.00,21471.28,11741.35,11746.35,21466.28,42,47,47,42,,80839.24,,
2026-05-07T12:04:40+08:00,btc-updown-5m-1778126400,https://polymarket.com/zh/event/btc-updown-5m-1778126400,12:00-12:05,51.00,48.00,50.00,45.00,5.00,26.25,404.93,35.00,50.50,46.50,1.00,3.00,21366.28,11651.35,11646.35,21371.28,39,43,44,42,,80839.24,,
2026-05-07T12:04:42+08:00,btc-updown-5m-1778126400,https://polymarket.com/zh/event/btc-updown-5m-1778126400,12:00-12:05,38.00,62.00,37.00,61.00,40.26,200.24,108.00,223.40,37.50,61.50,1.00,1.00,21321.28,11560.35,11565.35,21316.28,34,58,51,36,,80840.97,,
2026-05-07T12:04:45+08:00,btc-updown-5m-1778126400,https://polymarket.com/zh/event/btc-updown-5m-1778126400,12:00-12:05,40.00,61.00,39.00,60.00,82.67,305.19,335.19,208.59,39.50,60.50,1.00,1.00,20758.28,11048.47,11053.47,20758.28,36,57,51,36,,80836.17,,
2026-05-07T12:04:47+08:00,btc-updown-5m-1778126400,https://polymarket.com/zh/event/btc-updown-5m-1778126400,12:00-12:05,39.00,62.00,38.00,61.00,273.76,519.93,109.83,5.00,38.50,61.50,1.00,1.00,20808.28,11098.47,11133.47,21103.28,36,48,50,36,,80836.17,,
2026-05-07T12:04:50+08:00,btc-updown-5m-1778126400,https://polymarket.com/zh/event/btc-updown-5m-1778126400,12:00-12:05,35.00,67.00,34.00,66.00,361.98,188.75,23.50,18.75,34.50,66.50,1.00,1.00,20048.28,10320.47,5579.47,14553.28,20,39,42,20,,80836.20,,
2026-05-07T12:04:52+08:00,btc-updown-5m-1778126400,https://polymarket.com/zh/event/btc-updown-5m-1778126400,12:00-12:05,38.00,66.00,37.00,64.00,391.88,87.66,8.07,192.00,37.50,65.00,1.00,2.00,14118.28,4687.47,4682.47,13823.28,24,31,33,22,,80836.21,,
2026-05-07T12:04:55+08:00,btc-updown-5m-1778126400,https://polymarket.com/zh/event/btc-updown-5m-1778126400,12:00-12:05,33.00,68.00,32.00,67.00,195.00,763.90,771.97,20.00,32.50,67.50,1.00,1.00,13514.28,4992.47,4781.22,13382.28,18,36,32,18,,80835.00,,
2026-05-07T12:04:57+08:00,btc-updown-5m-1778126400,https://polymarket.com/zh/event/btc-updown-5m-1778126400,12:00-12:05,3.00,99.00,2.00,98.00,125.44,12405.68,175.32,72.61,2.50,98.50,1.00,1.00,12535.68,4375.22,4390.22,12405.68,2,46,44,1,,80827.25,,
2026-05-07T12:05:00+08:00,btc-updown-5m-1778126400,https://polymarket.com/zh/event/btc-updown-5m-1778126400,12:00-12:05,1.00,,,99.00,80001.02,,,93678.22,,,,,,11327.00,7531.00,,0,59,60,0,,80814.47,,
2026-05-07T12:05:03+08:00,btc-updown-5m-1778126700,https://polymarket.com/zh/event/btc-updown-5m-1778126700,12:05-12:10,54.00,48.00,53.00,47.00,423.00,60.00,35.00,107.56,53.50,47.50,1.00,1.00,70706.45,70556.34,70919.91,70956.45,53,46,47,52,,80816.96,,
2026-05-07T12:05:05+08:00,btc-updown-5m-1778126700,https://polymarket.com/zh/event/btc-updown-5m-1778126700,12:05-12:10,54.00,47.00,53.00,46.00,556.36,20.00,20.00,468.46,53.50,46.50,1.00,1.00,71566.45,71319.91,71424.91,71561.45,53,46,46,53,,80820.81,,
2026-05-07T12:05:08+08:00,btc-updown-5m-1778126700,https://polymarket.com/zh/event/btc-updown-5m-1778126700,12:05-12:10,59.00,42.00,58.00,41.00,123.31,461.28,607.96,111.12,58.50,41.50,1.00,1.00,71669.87,72934.91,72929.91,71774.87,58,41,41,58,,80831.98,,
2026-05-07T12:05:10+08:00,btc-updown-5m-1778126700,https://polymarket.com/zh/event/btc-updown-5m-1778126700,12:05-12:10,54.00,48.00,53.00,47.00,805.31,67.50,92.00,274.50,53.50,47.50,1.00,1.00,73727.87,72209.91,71489.91,71446.87,53,46,47,52,,80828.12,,
2026-05-07T12:05:13+08:00,btc-updown-5m-1778126700,https://polymarket.com/zh/event/btc-updown-5m-1778126700,12:05-12:10,49.00,52.00,48.00,51.00,355.09,234.68,184.68,381.11,48.50,51.50,1.00,1.00,71356.87,71404.91,71419.91,71366.87,48,51,51,48,,80817.75,,
2026-05-07T12:05:15+08:00,btc-updown-5m-1778126700,https://polymarket.com/zh/event/btc-updown-5m-1778126700,12:05-12:10,47.00,54.00,46.00,53.00,50.55,757.16,685.57,30.16,46.50,53.50,1.00,1.00,71419.87,71479.91,71507.91,71429.87,46,53,53,46,,80816.96,,
2026-05-07T12:05:18+08:00,btc-updown-5m-1778126700,https://polymarket.com/zh/event/btc-updown-5m-1778126700,12:05-12:10,47.00,54.00,46.00,53.00,53.84,755.84,711.55,42.35,46.50,53.50,1.00,1.00,71636.37,71713.91,71718.91,71631.37,46,53,53,46,,80810.99,,
2026-05-07T12:05:21+08:00,btc-updown-5m-1778126700,https://polymarket.com/zh/event/btc-updown-5m-1778126700,12:05-12:10,48.00,53.00,47.00,52.00,264.00,401.24,543.19,557.98,47.50,52.50,1.00,1.00,71669.37,71746.91,71526.91,71439.37,47,52,52,47,,80813.17,,
2026-05-07T12:05:23+08:00,btc-updown-5m-1778126700,https://polymarket.com/zh/event/btc-updown-5m-1778126700,12:05-12:10,44.00,57.00,43.00,56.00,794.44,134.08,93.64,661.43,43.50,56.50,1.00,1.00,66039.37,68031.27,67926.27,66044.37,43,56,56,43,,80808.91,,
2026-05-07T12:05:26+08:00,btc-updown-5m-1778126700,https://polymarket.com/zh/event/btc-updown-5m-1778126700,12:05-12:10,43.00,56.00,42.00,55.00,19.00,25.00,1228.34,212.13,42.50,55.50,1.00,1.00,65986.67,68224.57,68219.57,65991.67,42,57,55,44,,80808.91,,
2026-05-07T12:05:28+08:00,btc-updown-5m-1778126700,https://polymarket.com/zh/event/btc-updown-5m-1778126700,12:05-12:10,41.00,60.00,40.00,59.00,174.12,790.58,683.80,266.90,40.50,59.50,1.00,1.00,69095.37,66449.57,66449.57,69090.37,40,59,59,40,,80808.75,,
2026-05-07T12:05:31+08:00,btc-updown-5m-1778126700,https://polymarket.com/zh/event/btc-updown-5m-1778126700,12:05-12:10,42.00,59.00,41.00,58.00,198.27,291.33,403.60,104.30,41.50,58.50,1.00,1.00,69239.87,66439.58,58064.58,60883.87,41,58,58,41,,80808.75,,
2026-05-07T12:05:33+08:00,btc-updown-5m-1778126700,https://polymarket.com/zh/event/btc-updown-5m-1778126700,12:05-12:10,43.00,60.00,42.00,59.00,693.26,165.00,345.78,72.09,42.50,59.50,1.00,1.00,61388.87,58264.58,58064.58,61388.87,42,57,59,40,,80808.79,,
2026-05-07T12:05:36+08:00,btc-updown-5m-1778126700,https://polymarket.com/zh/event/btc-updown-5m-1778126700,12:05-12:10,41.00,60.00,40.00,59.00,91.48,149.23,15.00,400.46,40.50,59.50,1.00,1.00,58375.87,58145.58,58045.58,58375.87,39,59,59,40,,80809.33,,
2026-05-07T12:05:38+08:00,btc-updown-5m-1778126700,https://polymarket.com/zh/event/btc-updown-5m-1778126700,12:05-12:10,41.00,60.00,40.00,59.00,80.02,555.19,542.94,175.83,40.50,59.50,1.00,1.00,59845.59,58045.58,58045.58,59845.59,40,59,59,40,,80809.34,,
2026-05-07T12:05:41+08:00,btc-updown-5m-1778126700,https://polymarket.com/zh/event/btc-updown-5m-1778126700,12:05-12:10,41.00,60.00,40.00,59.00,837.10,64.95,18.34,801.29,40.50,59.50,1.00,1.00,60665.59,58042.08,58042.08,61385.59,40,59,59,40,,80807.56,,
2026-05-07T12:05:43+08:00,btc-updown-5m-1778126700,https://polymarket.com/zh/event/btc-updown-5m-1778126700,12:05-12:10,38.00,66.00,36.00,64.00,23.61,53.59,57.23,5.00,37.00,65.00,2.00,2.00,59976.59,58036.58,58241.58,59976.59,36,62,64,34,,80802.00,,
2026-05-07T12:05:46+08:00,btc-updown-5m-1778126700,https://polymarket.com/zh/event/btc-updown-5m-1778126700,12:05-12:10,34.00,67.00,33.00,66.00,403.34,529.16,514.16,375.38,33.50,66.50,1.00,1.00,60749.59,58069.58,46044.58,48724.59,33,66,66,33,,80795.00,,
2026-05-07T12:05:48+08:00,btc-updown-5m-1778126700,https://polymarket.com/zh/event/btc-updown-5m-1778126700,12:05-12:10,33.00,68.00,32.00,67.00,75.00,987.16,1020.03,75.00,32.50,67.50,1.00,1.00,48624.59,46044.58,46044.58,48624.59,32,67,67,32,,80795.00,,
2026-05-07T12:05:51+08:00,btc-updown-5m-1778126700,https://polymarket.com/zh/event/btc-updown-5m-1778126700,12:05-12:10,33.00,68.00,32.00,67.00,257.68,332.36,372.36,352.68,32.50,67.50,1.00,1.00,48624.59,46069.58,46064.58,48524.59,32,67,67,32,,80795.00,,
2026-05-07T12:05:53+08:00,btc-updown-5m-1778126700,https://polymarket.com/zh/event/btc-updown-5m-1778126700,12:05-12:10,29.00,75.00,28.00,74.00,1252.53,335.71,153.98,85.00,28.50,74.50,1.00,1.00,47146.59,46169.58,46264.58,47251.59,28,71,74,25,,80778.78,,
2026-05-07T12:05:56+08:00,btc-updown-5m-1778126700,https://polymarket.com/zh/event/btc-updown-5m-1778126700,12:05-12:10,33.00,68.00,32.00,67.00,459.84,430.07,549.67,325.97,32.50,67.50,1.00,1.00,48030.59,46024.58,46024.58,48030.59,32,67,67,32,,80787.05,,
2026-05-07T12:05:58+08:00,btc-updown-5m-1778126700,https://polymarket.com/zh/event/btc-updown-5m-1778126700,12:05-12:10,33.00,68.00,32.00,67.00,488.14,487.72,497.72,502.95,32.50,67.50,1.00,1.00,47339.59,46024.58,46024.58,47339.59,32,67,67,32,,80792.18,,
2026-05-07T12:06:01+08:00,btc-updown-5m-1778126700,https://polymarket.com/zh/event/btc-updown-5m-1778126700,12:05-12:10,33.00,66.00,32.00,65.00,14.97,18.75,991.17,1.50,32.50,65.50,1.00,1.00,28714.59,26359.58,26464.58,28849.59,32,67,65,33,,80799.33,,
2026-05-07T12:06:03+08:00,btc-updown-5m-1778126700,https://polymarket.com/zh/event/btc-updown-5m-1778126700,12:05-12:10,41.00,60.00,40.00,59.00,57.21,1000.52,5.00,23.99,40.50,59.50,1.00,1.00,29977.59,26047.58,26042.58,29977.59,40,59,59,40,,80805.47,,
2026-05-07T12:06:06+08:00,btc-updown-5m-1778126700,https://polymarket.com/zh/event/btc-updown-5m-1778126700,12:05-12:10,45.00,56.00,44.00,55.00,563.10,281.23,299.11,587.74,44.50,55.50,1.00,1.00,28007.59,24797.58,24797.58,28007.59,44,55,55,44,,80807.99,,
2026-05-07T12:06:08+08:00,btc-updown-5m-1778126700,https://polymarket.com/zh/event/btc-updown-5m-1778126700,12:05-12:10,46.00,55.00,45.00,54.00,361.18,382.32,410.04,361.18,45.50,54.50,1.00,1.00,28002.59,24797.58,24792.58,28002.59,45,54,54,45,,80807.99,,
2026-05-07T12:06:11+08:00,btc-updown-5m-1778126700,https://polymarket.com/zh/event/btc-updown-5m-1778126700,12:05-12:10,47.00,54.00,46.00,53.00,37.40,462.04,459.46,67.50,46.50,53.50,1.00,1.00,28002.59,24803.08,24803.08,28007.59,46,53,53,46,,80810.99,,
2026-05-07T12:06:13+08:00,btc-updown-5m-1778126700,https://polymarket.com/zh/event/btc-updown-5m-1778126700,12:05-12:10,47.00,54.00,46.00,53.00,253.43,269.29,215.29,224.43,46.50,53.50,1.00,1.00,28102.59,24803.08,24803.08,28102.59,46,53,53,46,,80811.60,,
2026-05-07T12:06:16+08:00,btc-updown-5m-1778126700,https://polymarket.com/zh/event/btc-updown-5m-1778126700,12:05-12:10,49.00,52.00,48.00,51.00,728.83,45.32,51.23,609.33,48.50,51.50,1.00,1.00,28102.59,24803.08,24803.08,28102.59,48,51,51,48,,80811.99,,
2026-05-07T12:06:18+08:00,btc-updown-5m-1778126700,https://polymarket.com/zh/event/btc-updown-5m-1778126700,12:05-12:10,48.00,53.00,47.00,52.00,278.55,234.75,279.75,263.95,47.50,52.50,1.00,1.00,28822.59,24803.08,24803.08,28822.59,47,52,52,47,,80811.99,,
2026-05-07T12:06:21+08:00,btc-updown-5m-1778126700,https://polymarket.com/zh/event/btc-updown-5m-1778126700,12:05-12:10,48.00,53.00,47.00,52.00,134.64,253.53,282.53,224.64,47.50,52.50,1.00,1.00,28102.59,24803.08,24798.08,28102.59,47,52,52,47,,80811.99,,
2026-05-07T12:06:23+08:00,btc-updown-5m-1778126700,https://polymarket.com/zh/event/btc-updown-5m-1778126700,12:05-12:10,48.00,53.00,47.00,52.00,39.88,347.94,423.36,54.88,47.50,52.50,1.00,1.00,28102.59,24923.05,24923.05,27387.59,47,52,52,47,,80811.99,,
2026-05-07T12:06:26+08:00,btc-updown-5m-1778126700,https://polymarket.com/zh/event/btc-updown-5m-1778126700,12:05-12:10,48.00,53.00,47.00,52.00,545.70,12.40,17.42,639.70,47.50,52.50,1.00,1.00,26662.59,24923.05,24923.05,26662.59,47,52,52,47,,80812.00,,
2026-05-07T12:06:28+08:00,btc-updown-5m-1778126700,https://polymarket.com/zh/event/btc-updown-5m-1778126700,12:05-12:10,42.00,59.00,41.00,58.00,199.02,645.90,636.45,190.30,41.50,58.50,1.00,1.00,26042.59,24912.55,24912.55,26042.59,41,58,58,41,,80808.14,,
2026-05-07T12:06:31+08:00,btc-updown-5m-1778126700,https://polymarket.com/zh/event/btc-updown-5m-1778126700,12:05-12:10,41.00,60.00,40.00,59.00,271.08,52.52,343.17,672.63,40.50,59.50,1.00,1.00,24806.59,24496.55,24496.55,24806.59,40,59,59,40,,80802.31,,
2026-05-07T12:06:33+08:00,btc-updown-5m-1778126700,https://polymarket.com/zh/event/btc-updown-5m-1778126700,12:05-12:10,36.00,69.00,33.00,68.00,1563.19,34.36,10.00,10.00,34.50,68.50,3.00,1.00,24157.59,24596.55,24496.55,24561.59,33,64,68,31,,80790.00,,
2026-05-07T12:06:36+08:00,btc-updown-5m-1778126700,https://polymarket.com/zh/event/btc-updown-5m-1778126700,12:05-12:10,29.00,74.00,28.00,73.00,1449.04,88.89,5.20,25.00,28.50,73.50,1.00,1.00,24151.59,24496.55,24496.55,24171.59,28,71,73,26,,80787.07,,
2026-05-07T12:06:39+08:00,btc-updown-5m-1778126700,https://polymarket.com/zh/event/btc-updown-5m-1778126700,12:05-12:10,25.00,76.00,24.00,75.00,178.19,559.74,694.91,198.19,24.50,75.50,1.00,1.00,24226.59,24496.55,24496.55,24231.59,24,75,75,24,,80784.00,,
2026-05-07T12:06:41+08:00,btc-updown-5m-1778126700,https://polymarket.com/zh/event/btc-updown-5m-1778126700,12:05-12:10,29.00,72.00,28.00,71.00,492.09,245.40,237.49,464.09,28.50,71.50,1.00,1.00,24131.59,24456.55,24456.55,24131.59,28,71,71,28,,80784.01,,
2026-05-07T12:06:44+08:00,btc-updown-5m-1778126700,https://polymarket.com/zh/event/btc-updown-5m-1778126700,12:05-12:10,28.00,73.00,27.00,72.00,473.05,144.53,144.53,368.05,27.50,72.50,1.00,1.00,24121.59,24445.05,24450.05,24126.59,27,72,72,27,,80784.01,,
2026-05-07T12:06:46+08:00,btc-updown-5m-1778126700,https://polymarket.com/zh/event/btc-updown-5m-1778126700,12:05-12:10,27.00,74.00,26.00,73.00,442.78,84.10,84.10,462.78,26.50,73.50,1.00,1.00,24146.59,24450.05,24450.05,24146.59,26,73,73,26,,80784.02,,
2026-05-07T12:06:49+08:00,btc-updown-5m-1778126700,https://polymarket.com/zh/event/btc-updown-5m-1778126700,12:05-12:10,25.00,76.00,24.00,75.00,79.79,529.88,671.88,114.79,24.50,75.50,1.00,1.00,24081.59,24350.05,24350.05,24081.59,24,75,75,24,,80782.78,,
2026-05-07T12:06:51+08:00,btc-updown-5m-1778126700,https://polymarket.com/zh/event/btc-updown-5m-1778126700,12:05-12:10,25.00,76.00,24.00,75.00,382.68,20.02,20.02,322.68,24.50,75.50,1.00,1.00,24241.59,24350.05,24350.05,24241.59,24,75,75,24,,80781.78,,
2026-05-07T12:06:54+08:00,btc-updown-5m-1778126700,https://polymarket.com/zh/event/btc-updown-5m-1778126700,12:05-12:10,25.00,76.00,24.00,75.00,175.59,654.25,311.85,41.02,24.50,75.50,1.00,1.00,24281.59,24350.05,24350.05,24286.59,24,75,74,24,,80781.03,,
2026-05-07T12:06:56+08:00,btc-updown-5m-1778126700,https://polymarket.com/zh/event/btc-updown-5m-1778126700,12:05-12:10,21.00,80.00,20.00,79.00,35.00,897.87,360.77,80.00,20.50,79.50,1.00,1.00,24601.59,24340.05,24545.05,24432.59,20,77,78,20,,80777.81,,
2026-05-07T12:06:59+08:00,btc-updown-5m-1778126700,https://polymarket.com/zh/event/btc-updown-5m-1778126700,12:05-12:10,24.00,77.00,23.00,76.00,57.73,605.91,658.91,54.46,23.50,76.50,1.00,1.00,24394.59,24300.05,24295.05,24384.59,23,76,76,23,,80766.08,,
2026-05-07T12:07:01+08:00,btc-updown-5m-1778126700,https://polymarket.com/zh/event/btc-updown-5m-1778126700,12:05-12:10,28.00,73.00,27.00,72.00,489.41,22.00,11.98,469.74,27.50,72.50,1.00,1.00,23864.59,24003.05,24003.05,23864.59,27,72,72,27,,80775.99,,
2026-05-07T12:07:04+08:00,btc-updown-5m-1778126700,https://polymarket.com/zh/event/btc-updown-5m-1778126700,12:05-12:10,27.00,74.00,26.00,73.00,194.69,336.83,336.83,194.69,26.50,73.50,1.00,1.00,23784.59,23973.05,23973.05,23784.59,26,73,73,26,,80777.83,,
2026-05-07T12:07:06+08:00,btc-updown-5m-1778126700,https://polymarket.com/zh/event/btc-updown-5m-1778126700,12:05-12:10,27.00,74.00,26.00,73.00,84.34,316.46,278.84,79.34,26.50,73.50,1.00,1.00,20674.59,21003.05,21003.05,20674.59,26,73,73,26,,80777.83,,
2026-05-07T12:07:09+08:00,btc-updown-5m-1778126700,https://polymarket.com/zh/event/btc-updown-5m-1778126700,12:05-12:10,26.00,75.00,25.00,74.00,521.57,50.86,63.11,412.58,25.50,74.50,1.00,1.00,20644.59,21008.05,20998.05,20649.59,25,74,74,25,,80777.84,,
2026-05-07T12:07:11+08:00,btc-updown-5m-1778126700,https://polymarket.com/zh/event/btc-updown-5m-1778126700,12:05-12:10,24.00,77.00,23.00,76.00,217.41,496.97,468.31,207.41,23.50,76.50,1.00,1.00,20734.59,20993.05,20988.05,20714.59,23,76,76,23,,80775.07,,
2026-05-07T12:07:14+08:00,btc-updown-5m-1778126700,https://polymarket.com/zh/event/btc-updown-5m-1778126700,12:05-12:10,36.00,63.00,35.00,62.00,10.02,245.77,120.73,40.00,35.50,62.50,1.00,1.00,20634.59,20948.05,20953.05,20614.59,35,64,62,37,,80795.98,,
2026-05-07T12:07:16+08:00,btc-updown-5m-1778126700,https://polymarket.com/zh/event/btc-updown-5m-1778126700,12:05-12:10,38.00,63.00,37.00,62.00,152.45,236.00,708.57,165.91,37.50,62.50,1.00,1.00,20890.59,21033.05,21038.05,20885.59,37,62,62,37,,80795.98,,
2026-05-07T12:07:19+08:00,btc-updown-5m-1778126700,https://polymarket.com/zh/event/btc-updown-5m-1778126700,12:05-12:10,40.00,61.00,39.00,60.00,79.07,416.42,416.42,79.07,39.50,60.50,1.00,1.00,20731.59,21005.05,21005.05,20731.59,39,60,60,39,,80795.99,,
2026-05-07T12:07:21+08:00,btc-updown-5m-1778126700,https://polymarket.com/zh/event/btc-updown-5m-1778126700,12:05-12:10,46.00,55.00,44.00,54.00,52.50,331.19,5.00,159.95,45.00,54.50,2.00,1.00,21365.92,22478.38,22473.38,21370.92,44,54,54,45,,80804.99,,
2026-05-07T12:07:24+08:00,btc-updown-5m-1778126700,https://polymarket.com/zh/event/btc-updown-5m-1778126700,12:05-12:10,45.00,57.00,44.00,56.00,964.60,37.89,2.00,15.00,44.50,56.50,1.00,1.00,21365.92,22463.38,22468.38,21360.92,44,55,56,43,,80805.00,,
2026-05-07T12:07:26+08:00,btc-updown-5m-1778126700,https://polymarket.com/zh/event/btc-updown-5m-1778126700,12:05-12:10,46.00,55.00,45.00,54.00,62.96,694.09,261.69,100.96,45.50,54.50,1.00,1.00,21369.92,23183.38,23188.38,20960.92,45,54,54,45,,80805.46,,
2026-05-07T12:07:29+08:00,btc-updown-5m-1778126700,https://polymarket.com/zh/event/btc-updown-5m-1778126700,12:05-12:10,47.00,54.00,46.00,53.00,1282.97,465.10,465.10,1225.97,46.50,53.50,1.00,1.00,21350.92,24508.38,24503.38,21355.92,46,53,53,46,,80809.99,,
2026-05-07T12:07:31+08:00,btc-updown-5m-1778126700,https://polymarket.com/zh/event/btc-updown-5m-1778126700,12:05-12:10,47.00,54.00,46.00,53.00,1186.71,481.65,491.65,1181.71,46.50,53.50,1.00,1.00,21350.92,24503.38,24508.38,21345.92,46,53,53,46,,80809.99,,
2026-05-07T12:07:34+08:00,btc-updown-5m-1778126700,https://polymarket.com/zh/event/btc-updown-5m-1778126700,12:05-12:10,47.00,54.00,46.00,53.00,1039.11,717.68,802.30,162.58,46.50,53.50,1.00,1.00,21345.92,23683.38,23788.38,21345.92,46,53,53,46,,80809.99,,
2026-05-07T12:07:36+08:00,btc-updown-5m-1778126700,https://polymarket.com/zh/event/btc-updown-5m-1778126700,12:05-12:10,47.00,54.00,46.00,53.00,527.55,10.63,76.20,906.30,46.50,53.50,1.00,1.00,21345.92,23788.38,23788.38,21345.92,46,53,53,46,,80811.44,,
2026-05-07T12:07:39+08:00,btc-updown-5m-1778126700,https://polymarket.com/zh/event/btc-updown-5m-1778126700,12:05-12:10,48.00,53.00,47.00,52.00,76.27,755.87,267.65,5.02,47.50,52.50,1.00,1.00,21355.92,24408.38,24408.38,21355.92,47,52,52,47,,80812.66,,
2026-05-07T12:07:41+08:00,btc-updown-5m-1778126700,https://polymarket.com/zh/event/btc-updown-5m-1778126700,12:05-12:10,39.00,62.00,38.00,61.00,262.93,177.52,372.24,997.48,38.50,61.50,1.00,1.00,19866.92,23633.38,23628.38,19871.92,38,61,61,38,,80800.01,,
2026-05-07T12:07:44+08:00,btc-updown-5m-1778126700,https://polymarket.com/zh/event/btc-updown-5m-1778126700,12:05-12:10,33.00,68.00,32.00,67.00,322.08,40.00,44.98,416.08,32.50,67.50,1.00,1.00,19961.92,23003.38,23013.38,19961.92,32,67,67,32,,80795.00,,
2026-05-07T12:07:46+08:00,btc-updown-5m-1778126700,https://polymarket.com/zh/event/btc-updown-5m-1778126700,12:05-12:10,32.00,69.00,30.00,68.00,378.40,10.00,98.75,357.27,31.00,68.50,2.00,1.00,19915.92,22198.38,22198.38,19920.92,30,68,68,31,,80793.19,,
2026-05-07T12:07:49+08:00,btc-updown-5m-1778126700,https://polymarket.com/zh/event/btc-updown-5m-1778126700,12:05-12:10,31.00,70.00,30.00,69.00,509.05,232.90,267.90,414.85,30.50,69.50,1.00,1.00,19915.92,22193.38,22293.38,19915.92,30,69,69,30,,80793.19,,
2026-05-07T12:07:51+08:00,btc-updown-5m-1778126700,https://polymarket.com/zh/event/btc-updown-5m-1778126700,12:05-12:10,25.00,75.00,24.00,74.00,20.00,48.90,37.60,294.75,24.50,74.50,1.00,1.00,19755.92,20038.38,20133.38,19785.92,24,75,74,25,,80790.12,,
2026-05-07T12:07:54+08:00,btc-updown-5m-1778126700,https://polymarket.com/zh/event/btc-updown-5m-1778126700,12:05-12:10,25.00,77.00,24.00,76.00,761.98,105.29,6.68,72.79,24.50,76.50,1.00,1.00,19810.92,20028.38,20033.38,19800.92,24,75,76,23,,80787.52,,
2026-05-07T12:07:56+08:00,btc-updown-5m-1778126700,https://polymarket.com/zh/event/btc-updown-5m-1778126700,12:05-12:10,23.00,78.00,22.00,77.00,460.89,7.41,117.43,978.29,22.50,77.50,1.00,1.00,20061.04,20028.38,20033.38,20046.04,22,77,77,22,,80787.52,,
2026-05-07T12:07:59+08:00,btc-updown-5m-1778126700,https://polymarket.com/zh/event/btc-updown-5m-1778126700,12:05-12:10,21.00,80.00,20.00,79.00,909.21,159.99,159.99,867.21,20.50,79.50,1.00,1.00,20246.04,19974.81,19974.81,20251.04,20,79,79,20,,80780.91,,
2026-05-07T12:08:01+08:00,btc-updown-5m-1778126700,https://polymarket.com/zh/event/btc-updown-5m-1778126700,12:05-12:10,18.00,83.00,17.00,82.00,242.85,480.77,548.58,118.17,17.50,82.50,1.00,1.00,18119.04,17362.81,17362.81,18114.04,17,82,82,17,,80780.91,,
2026-05-07T12:08:04+08:00,btc-updown-5m-1778126700,https://polymarket.com/zh/event/btc-updown-5m-1778126700,12:05-12:10,17.00,84.00,16.00,83.00,736.81,5.00,25.00,691.76,16.50,83.50,1.00,1.00,17644.04,17347.81,17357.81,17127.04,16,83,83,16,,80771.70,,
2026-05-07T12:08:06+08:00,btc-updown-5m-1778126700,https://polymarket.com/zh/event/btc-updown-5m-1778126700,12:05-12:10,15.00,87.00,14.00,86.00,342.80,118.81,51.45,151.66,14.50,86.50,1.00,1.00,17916.69,17007.81,16997.81,17836.69,14,85,86,13,,80771.36,,
2026-05-07T12:08:09+08:00,btc-updown-5m-1778126700,https://polymarket.com/zh/event/btc-updown-5m-1778126700,12:05-12:10,13.00,88.00,12.00,87.00,126.83,18.00,95.56,740.47,12.50,87.50,1.00,1.00,17817.69,16977.81,16972.81,16945.69,12,87,87,12,,80771.36,,
2026-05-07T12:08:11+08:00,btc-updown-5m-1778126700,https://polymarket.com/zh/event/btc-updown-5m-1778126700,12:05-12:10,11.00,90.00,10.00,89.00,347.87,55.02,75.02,355.54,10.50,89.50,1.00,1.00,18327.92,16956.81,16961.81,18322.92,10,89,89,10,,80768.63,,
2026-05-07T12:08:14+08:00,btc-updown-5m-1778126700,https://polymarket.com/zh/event/btc-updown-5m-1778126700,12:05-12:10,11.00,90.00,10.00,89.00,244.58,65.02,172.52,409.58,10.50,89.50,1.00,1.00,19215.66,16966.81,16956.81,19185.66,10,89,89,10,,80768.63,,
2026-05-07T12:08:17+08:00,btc-updown-5m-1778126700,https://polymarket.com/zh/event/btc-updown-5m-1778126700,12:05-12:10,11.00,90.00,9.00,89.00,141.43,15.02,1409.58,413.98,10.00,89.50,2.00,1.00,19553.45,16961.81,16956.81,19472.45,9,89,89,10,,80768.63,,
2026-05-07T12:08:19+08:00,btc-updown-5m-1778126700,https://polymarket.com/zh/event/btc-updown-5m-1778126700,12:05-12:10,10.00,91.00,9.00,90.00,321.05,246.72,209.08,304.80,9.50,90.50,1.00,1.00,19781.43,16956.81,16961.81,19781.43,9,90,90,9,,80768.63,,
2026-05-07T12:08:22+08:00,btc-updown-5m-1778126700,https://polymarket.com/zh/event/btc-updown-5m-1778126700,12:05-12:10,10.00,91.00,9.00,90.00,240.03,244.82,264.82,250.03,9.50,90.50,1.00,1.00,19479.43,16931.81,16936.81,19509.43,9,90,90,9,,80768.63,,
2026-05-07T12:08:24+08:00,btc-updown-5m-1778126700,https://polymarket.com/zh/event/btc-updown-5m-1778126700,12:05-12:10,11.00,90.00,10.00,89.00,460.40,453.79,378.79,438.17,10.50,89.50,1.00,1.00,19822.43,16936.81,16931.81,19827.43,10,89,89,10,,80768.63,,
2026-05-07T12:08:26+08:00,btc-updown-5m-1778126700,https://polymarket.com/zh/event/btc-updown-5m-1778126700,12:05-12:10,14.00,87.00,13.00,86.00,429.07,59.76,183.78,658.16,13.50,86.50,1.00,1.00,17814.63,17136.81,16931.81,18477.86,13,86,86,13,,80771.35,,
2026-05-07T12:08:29+08:00,btc-updown-5m-1778126700,https://polymarket.com/zh/event/btc-updown-5m-1778126700,12:05-12:10,12.00,89.00,11.00,88.00,480.53,16.52,16.52,479.64,11.50,88.50,1.00,1.00,18972.86,16911.81,16916.81,18967.86,11,88,88,11,,80771.35,,
2026-05-07T12:08:32+08:00,btc-updown-5m-1778126700,https://polymarket.com/zh/event/btc-updown-5m-1778126700,12:05-12:10,11.00,89.00,10.00,88.00,5.00,558.91,346.05,130.70,10.50,88.50,1.00,1.00,18228.88,15732.81,15737.81,18218.86,10,89,88,11,,80771.35,,
2026-05-07T12:08:34+08:00,btc-updown-5m-1778126700,https://polymarket.com/zh/event/btc-updown-5m-1778126700,12:05-12:10,12.00,89.00,11.00,88.00,275.11,160.65,232.29,352.00,11.50,88.50,1.00,1.00,18176.42,15737.81,15732.81,18181.42,11,88,88,11,,80771.36,,
2026-05-07T12:08:37+08:00,btc-updown-5m-1778126700,https://polymarket.com/zh/event/btc-updown-5m-1778126700,12:05-12:10,11.00,90.00,10.00,89.00,397.65,74.92,74.92,388.65,10.50,89.50,1.00,1.00,18582.42,15737.81,15732.81,18727.42,10,89,89,10,,80771.35,,
2026-05-07T12:08:39+08:00,btc-updown-5m-1778126700,https://polymarket.com/zh/event/btc-updown-5m-1778126700,12:05-12:10,14.00,88.00,13.00,87.00,374.44,5.02,165.67,15.00,13.50,87.50,1.00,1.00,17525.40,15732.81,15732.81,17525.40,13,86,87,12,,80774.97,,
2026-05-07T12:08:41+08:00,btc-updown-5m-1778126700,https://polymarket.com/zh/event/btc-updown-5m-1778126700,12:05-12:10,18.00,83.00,17.00,82.00,257.86,613.01,70.00,546.67,17.50,82.50,1.00,1.00,17576.17,15732.81,15737.81,17343.40,17,82,82,17,,80777.83,,
2026-05-07T12:08:44+08:00,btc-updown-5m-1778126700,https://polymarket.com/zh/event/btc-updown-5m-1778126700,12:05-12:10,25.00,78.00,24.00,77.00,112.48,279.52,25.00,12.00,24.50,77.50,1.00,1.00,16580.17,15742.81,15732.81,16645.17,23,75,77,22,,80780.90,,
2026-05-07T12:08:47+08:00,btc-updown-5m-1778126700,https://polymarket.com/zh/event/btc-updown-5m-1778126700,12:05-12:10,13.00,88.00,12.00,87.00,561.73,194.61,154.63,457.95,12.50,87.50,1.00,1.00,16718.63,14979.03,14984.03,16639.63,12,87,87,12,,80774.38,,
2026-05-07T12:08:49+08:00,btc-updown-5m-1778126700,https://polymarket.com/zh/event/btc-updown-5m-1778126700,12:05-12:10,16.00,85.00,15.00,84.00,179.82,1816.59,1823.59,173.57,15.50,84.50,1.00,1.00,16498.63,15421.37,15431.37,16468.63,15,84,84,15,,80771.70,,
2026-05-07T12:08:52+08:00,btc-updown-5m-1778126700,https://polymarket.com/zh/event/btc-updown-5m-1778126700,12:05-12:10,17.00,84.00,16.00,83.00,58.24,323.38,370.64,66.24,16.50,83.50,1.00,1.00,16652.63,15396.37,15401.37,16616.63,16,83,83,16,,80771.70,,
2026-05-07T12:08:54+08:00,btc-updown-5m-1778126700,https://polymarket.com/zh/event/btc-updown-5m-1778126700,12:05-12:10,17.00,84.00,16.00,83.00,165.30,1045.52,1053.91,175.71,16.50,83.50,1.00,1.00,16809.63,15401.37,15396.37,16824.63,16,83,83,16,,80771.70,,
2026-05-07T12:08:56+08:00,btc-updown-5m-1778126700,https://polymarket.com/zh/event/btc-updown-5m-1778126700,12:05-12:10,17.00,84.00,16.00,83.00,163.20,1472.07,1538.37,158.20,16.50,83.50,1.00,1.00,16437.63,15396.37,15391.37,16462.63,16,83,83,16,,80771.71,,
2026-05-07T12:08:59+08:00,btc-updown-5m-1778126700,https://polymarket.com/zh/event/btc-updown-5m-1778126700,12:05-12:10,17.00,84.00,16.00,83.00,191.84,1043.52,998.84,201.84,16.50,83.50,1.00,1.00,15477.63,14396.37,14491.37,15492.63,16,83,83,16,,80771.69,,
2026-05-07T12:09:01+08:00,btc-updown-5m-1778126700,https://polymarket.com/zh/event/btc-updown-5m-1778126700,12:05-12:10,12.00,89.00,11.00,88.00,375.88,182.79,199.95,347.27,11.50,88.50,1.00,1.00,15051.83,13751.37,13631.37,15066.83,11,88,88,11,,80767.01,,
2026-05-07T12:09:04+08:00,btc-updown-5m-1778126700,https://polymarket.com/zh/event/btc-updown-5m-1778126700,12:05-12:10,11.00,90.00,10.00,89.00,552.84,680.62,236.36,354.59,10.50,89.50,1.00,1.00,15083.52,13526.37,13531.37,15066.36,10,89,89,10,,80767.01,,
2026-05-07T12:09:07+08:00,btc-updown-5m-1778126700,https://polymarket.com/zh/event/btc-updown-5m-1778126700,12:05-12:10,12.00,89.00,11.00,88.00,621.74,95.62,129.62,705.70,11.50,88.50,1.00,1.00,15260.65,13531.37,13526.37,15265.65,11,88,88,11,,80778.15,,
2026-05-07T12:09:09+08:00,btc-updown-5m-1778126700,https://polymarket.com/zh/event/btc-updown-5m-1778126700,12:05-12:10,11.00,87.00,10.00,86.00,53.52,270.29,1340.95,178.56,10.50,86.50,1.00,1.00,14721.65,14901.37,14911.37,14415.01,10,88,85,13,,80780.63,,
2026-05-07T12:09:12+08:00,btc-updown-5m-1778126700,https://polymarket.com/zh/event/btc-updown-5m-1778126700,12:05-12:10,14.00,87.00,13.00,86.00,574.85,380.07,353.01,546.85,13.50,86.50,1.00,1.00,14273.45,15651.37,15656.37,14248.45,13,84,84,13,,80787.04,,
2026-05-07T12:09:14+08:00,btc-updown-5m-1778126700,https://polymarket.com/zh/event/btc-updown-5m-1778126700,12:05-12:10,14.00,87.00,13.00,86.00,304.26,18.26,33.00,280.03,13.50,86.50,1.00,1.00,14366.75,15656.37,15651.37,14361.75,13,85,85,13,,80787.04,,
2026-05-07T12:09:17+08:00,btc-updown-5m-1778126700,https://polymarket.com/zh/event/btc-updown-5m-1778126700,12:05-12:10,10.00,89.00,9.00,88.00,50.02,26.00,438.92,66.68,9.50,88.50,1.00,1.00,13371.33,15701.37,15701.37,13371.33,9,89,88,11,,80787.04,,
2026-05-07T12:09:19+08:00,btc-updown-5m-1778126700,https://polymarket.com/zh/event/btc-updown-5m-1778126700,12:05-12:10,10.00,91.00,9.00,90.00,303.37,291.39,287.24,341.37,9.50,90.50,1.00,1.00,13792.69,15701.37,15701.37,13797.69,9,89,89,9,,80787.04,,
2026-05-07T12:09:22+08:00,btc-updown-5m-1778126700,https://polymarket.com/zh/event/btc-updown-5m-1778126700,12:05-12:10,11.00,90.00,10.00,89.00,123.00,36.94,33.50,195.02,10.50,89.50,1.00,1.00,13623.99,16411.37,16406.37,14623.99,10,89,89,10,,80787.04,,
2026-05-07T12:09:24+08:00,btc-updown-5m-1778126700,https://polymarket.com/zh/event/btc-updown-5m-1778126700,12:05-12:10,10.00,91.00,9.00,90.00,84.43,261.31,314.31,83.50,9.50,90.50,1.00,1.00,14741.99,16406.37,16406.37,14741.99,9,90,90,9,,80787.04,,
2026-05-07T12:09:27+08:00,btc-updown-5m-1778126700,https://polymarket.com/zh/event/btc-updown-5m-1778126700,12:05-12:10,10.00,91.00,9.00,90.00,25.02,324.28,399.28,35.02,9.50,90.50,1.00,1.00,14716.99,14246.37,14246.37,14728.48,9,90,90,9,,80787.04,,
2026-05-07T12:09:29+08:00,btc-updown-5m-1778126700,https://polymarket.com/zh/event/btc-updown-5m-1778126700,12:05-12:10,10.00,91.00,9.00,90.00,347.15,89.41,127.88,393.65,9.50,90.50,1.00,1.00,14737.48,14246.37,14246.37,14762.48,9,90,90,9,,80787.04,,
2026-05-07T12:09:32+08:00,btc-updown-5m-1778126700,https://polymarket.com/zh/event/btc-updown-5m-1778126700,12:05-12:10,10.00,91.00,9.00,90.00,472.28,70.37,150.36,513.28,9.50,90.50,1.00,1.00,13364.96,12928.04,13028.04,13364.96,9,90,90,9,,80787.05,,
2026-05-07T12:09:34+08:00,btc-updown-5m-1778126700,https://polymarket.com/zh/event/btc-updown-5m-1778126700,12:05-12:10,8.00,93.00,7.00,92.00,539.32,57.49,57.49,501.20,7.50,92.50,1.00,1.00,13085.52,13028.04,13028.04,13085.52,7,92,92,7,,80787.04,,
2026-05-07T12:09:37+08:00,btc-updown-5m-1778126700,https://polymarket.com/zh/event/btc-updown-5m-1778126700,12:05-12:10,8.00,93.00,7.00,92.00,623.92,50.50,82.93,658.92,7.50,92.50,1.00,1.00,7714.17,12087.44,12087.44,7714.17,7,60,60,7,,80787.05,,
2026-05-07T12:09:39+08:00,btc-updown-5m-1778126700,https://polymarket.com/zh/event/btc-updown-5m-1778126700,12:05-12:10,4.00,97.00,3.00,96.00,232.02,367.74,451.88,10.00,3.50,96.50,1.00,1.00,7860.89,14152.44,14182.44,7776.75,3,60,58,3,,80773.99,,
2026-05-07T12:09:42+08:00,btc-updown-5m-1778126700,https://polymarket.com/zh/event/btc-updown-5m-1778126700,12:05-12:10,4.00,97.00,3.00,96.00,54.52,276.36,237.47,138.97,3.50,96.50,1.00,1.00,7911.68,14510.44,14480.44,7950.57,3,57,58,3,,80773.99,,
2026-05-07T12:09:44+08:00,btc-updown-5m-1778126700,https://polymarket.com/zh/event/btc-updown-5m-1778126700,12:05-12:10,3.00,98.00,2.00,97.00,404.94,1243.04,1314.07,743.94,2.50,97.50,1.00,1.00,8042.00,12310.44,12315.44,7670.97,2,60,65,2,,80771.70,,
2026-05-07T12:09:47+08:00,btc-updown-5m-1778126700,https://polymarket.com/zh/event/btc-updown-5m-1778126700,12:05-12:10,2.00,,1.00,99.00,2492.70,,2495.45,4200.21,1.50,,1.00,,2495.45,12087.44,12082.44,,1,61,61,0,,80756.35,,
2026-05-07T12:09:49+08:00,btc-updown-5m-1778126700,https://polymarket.com/zh/event/btc-updown-5m-1778126700,12:05-12:10,1.00,,,99.00,3833.47,,,3699.98,,,,,,11485.44,11475.44,,0,69,69,0,,80765.55,,
2026-05-07T12:09:52+08:00,btc-updown-5m-1778126700,https://polymarket.com/zh/event/btc-updown-5m-1778126700,12:05-12:10,1.00,,,99.00,2149.43,,,2154.43,,,,,,6952.44,6962.44,,0,65,65,0,,80775.00,,
2026-05-07T12:09:54+08:00,btc-updown-5m-1778126700,https://polymarket.com/zh/event/btc-updown-5m-1778126700,12:05-12:10,1.00,,,99.00,3229.42,,,3187.42,,,,,,6617.44,6622.44,,0,64,64,0,,80777.83,,
2026-05-07T12:09:57+08:00,btc-updown-5m-1778126700,https://polymarket.com/zh/event/btc-updown-5m-1778126700,12:05-12:10,1.00,,,99.00,3620.76,,,9208.76,,,,,,6527.44,6522.44,,0,65,65,0,,80774.01,,
2026-05-07T12:09:59+08:00,btc-updown-5m-1778126700,https://polymarket.com/zh/event/btc-updown-5m-1778126700,12:05-12:10,1.00,,,99.00,44130.15,,,87245.40,,,,,,11692.22,11687.22,,0,76,76,0,,80772.13,,
2026-05-07T12:10:02+08:00,btc-updown-5m-1778127000,https://polymarket.com/zh/event/btc-updown-5m-1778127000,12:10-12:15,56.00,45.00,55.00,44.00,234.79,317.66,184.66,171.79,55.50,44.50,1.00,1.00,71897.06,71753.24,71958.24,72067.06,55,44,44,55,80772.14,80772.13,,
2026-05-07T12:10:05+08:00,btc-updown-5m-1778127000,https://polymarket.com/zh/event/btc-updown-5m-1778127000,12:10-12:15,56.00,45.00,55.00,44.00,218.39,316.41,256.64,170.09,55.50,44.50,1.00,1.00,72402.06,72688.24,72683.24,72407.06,55,44,44,55,80772.14,80772.13,,
2026-05-07T12:10:07+08:00,btc-updown-5m-1778127000,https://polymarket.com/zh/event/btc-updown-5m-1778127000,12:10-12:15,56.00,45.00,55.00,44.00,167.42,366.84,329.90,179.59,55.50,44.50,1.00,1.00,72592.06,72828.24,72933.24,72587.06,55,44,44,55,80772.14,80772.13,,
2026-05-07T12:10:10+08:00,btc-updown-5m-1778127000,https://polymarket.com/zh/event/btc-updown-5m-1778127000,12:10-12:15,53.00,48.00,52.00,47.00,304.72,102.13,106.30,354.72,52.50,47.50,1.00,1.00,72645.06,72958.24,72953.24,72650.06,52,47,47,52,80772.14,80772.14,,
2026-05-07T12:10:12+08:00,btc-updown-5m-1778127000,https://polymarket.com/zh/event/btc-updown-5m-1778127000,12:10-12:15,67.00,35.00,64.00,33.00,24.97,32.69,11.00,24.97,65.50,34.00,3.00,2.00,72650.06,73511.24,74245.24,72750.06,63,33,33,65,80772.14,80791.49,,
2026-05-07T12:10:15+08:00,btc-updown-5m-1778127000,https://polymarket.com/zh/event/btc-updown-5m-1778127000,12:10-12:15,80.00,21.00,79.00,20.00,141.62,305.03,10.00,224.71,79.50,20.50,1.00,1.00,70978.49,75360.44,74342.44,70983.49,79,20,20,79,80772.14,80815.00,,
2026-05-07T12:10:17+08:00,btc-updown-5m-1778127000,https://polymarket.com/zh/event/btc-updown-5m-1778127000,12:10-12:15,83.00,18.00,82.00,17.00,395.73,52.41,197.83,544.73,82.50,17.50,1.00,1.00,71138.49,74643.44,74643.44,71138.49,82,17,17,82,80772.14,80819.99,,
2026-05-07T12:10:20+08:00,btc-updown-5m-1778127000,https://polymarket.com/zh/event/btc-updown-5m-1778127000,12:10-12:15,82.00,20.00,81.00,19.00,346.34,62.00,44.00,264.33,81.50,19.50,1.00,1.00,71141.49,74350.44,74350.44,71146.49,81,18,19,80,80772.14,80819.99,,
2026-05-07T12:10:23+08:00,btc-updown-5m-1778127000,https://polymarket.com/zh/event/btc-updown-5m-1778127000,12:10-12:15,81.00,22.00,80.00,21.00,482.62,162.93,80.00,134.14,80.50,21.50,1.00,1.00,65757.09,68045.44,68040.44,65757.09,80,19,21,78,80772.14,80819.99,,
2026-05-07T12:10:25+08:00,btc-updown-5m-1778127000,https://polymarket.com/zh/event/btc-updown-5m-1778127000,12:10-12:15,80.00,21.00,79.00,20.00,444.60,24.53,24.53,359.04,79.50,20.50,1.00,1.00,65757.09,68608.74,68732.44,65757.09,79,20,20,79,80772.14,80819.99,,
2026-05-07T12:10:28+08:00,btc-updown-5m-1778127000,https://polymarket.com/zh/event/btc-updown-5m-1778127000,12:10-12:15,79.00,22.00,78.00,21.00,41.02,346.63,366.49,41.02,78.50,21.50,1.00,1.00,65767.09,68892.44,68867.44,65767.09,78,21,21,78,80772.14,80819.98,,
2026-05-07T12:10:30+08:00,btc-updown-5m-1778127000,https://polymarket.com/zh/event/btc-updown-5m-1778127000,12:10-12:15,84.00,17.00,83.00,16.00,70.07,388.82,476.77,80.09,83.50,16.50,1.00,1.00,65772.09,67686.04,67686.04,65772.09,83,16,16,83,80772.14,80831.13,,
2026-05-07T12:10:33+08:00,btc-updown-5m-1778127000,https://polymarket.com/zh/event/btc-updown-5m-1778127000,12:10-12:15,80.00,21.00,79.00,20.00,49.67,609.39,513.36,53.49,79.50,20.50,1.00,1.00,57377.09,60106.04,59386.04,57372.09,79,20,20,79,80772.14,80814.08,,
2026-05-07T12:10:35+08:00,btc-updown-5m-1778127000,https://polymarket.com/zh/event/btc-updown-5m-1778127000,12:10-12:15,83.00,18.00,82.00,17.00,18.81,471.76,452.76,8.73,82.50,17.50,1.00,1.00,57319.09,59322.04,59337.04,57324.09,82,17,17,82,80772.14,80826.12,,
2026-05-07T12:10:38+08:00,btc-updown-5m-1778127000,https://polymarket.com/zh/event/btc-updown-5m-1778127000,12:10-12:15,81.00,20.00,80.00,19.00,80.92,354.74,794.70,87.42,80.50,19.50,1.00,1.00,57319.09,59243.04,59238.04,57324.09,80,19,19,80,80772.14,80826.36,,
2026-05-07T12:10:40+08:00,btc-updown-5m-1778127000,https://polymarket.com/zh/event/btc-updown-5m-1778127000,12:10-12:15,75.00,26.00,74.00,25.00,56.68,215.28,544.44,51.54,74.50,25.50,1.00,1.00,57324.09,59218.04,59203.04,57319.09,74,25,25,73,80772.14,80823.98,,
2026-05-07T12:10:43+08:00,btc-updown-5m-1778127000,https://polymarket.com/zh/event/btc-updown-5m-1778127000,12:10-12:15,67.00,35.00,66.00,34.00,169.20,227.00,5.00,257.77,66.50,34.50,1.00,1.00,57710.19,59134.04,59160.57,57705.19,66,33,34,65,80772.14,80820.81,,
2026-05-07T12:10:45+08:00,btc-updown-5m-1778127000,https://polymarket.com/zh/event/btc-updown-5m-1778127000,12:10-12:15,68.00,33.00,67.00,32.00,145.30,380.95,234.93,396.69,67.50,32.50,1.00,1.00,58313.65,59169.57,59174.57,58308.65,67,32,32,67,80772.14,80820.81,,
2026-05-07T12:10:48+08:00,btc-updown-5m-1778127000,https://polymarket.com/zh/event/btc-updown-5m-1778127000,12:10-12:15,70.00,31.00,69.00,30.00,789.46,276.70,307.70,792.92,69.50,30.50,1.00,1.00,46352.08,47203.57,47241.57,46347.08,69,30,30,69,80772.14,80832.15,,
2026-05-07T12:10:50+08:00,btc-updown-5m-1778127000,https://polymarket.com/zh/event/btc-updown-5m-1778127000,12:10-12:15,70.00,31.00,69.00,30.00,845.52,285.42,290.42,869.52,69.50,30.50,1.00,1.00,46357.08,47597.56,47602.56,46352.08,69,30,30,69,80772.14,80833.09,,
2026-05-07T12:10:53+08:00,btc-updown-5m-1778127000,https://polymarket.com/zh/event/btc-updown-5m-1778127000,12:10-12:15,70.00,32.00,69.00,31.00,1046.82,154.00,106.77,1024.80,69.50,31.50,1.00,1.00,46352.08,47707.56,47702.56,46357.08,69,30,31,68,80772.14,80829.99,,
2026-05-07T12:10:55+08:00,btc-updown-5m-1778127000,https://polymarket.com/zh/event/btc-updown-5m-1778127000,12:10-12:15,69.00,32.00,68.00,31.00,719.80,175.36,173.47,665.90,68.50,31.50,1.00,1.00,46352.08,47607.56,47602.56,46357.08,68,31,31,68,80772.14,80829.99,,
2026-05-07T12:10:58+08:00,btc-updown-5m-1778127000,https://polymarket.com/zh/event/btc-updown-5m-1778127000,12:10-12:15,69.00,32.00,68.00,31.00,607.30,426.04,674.67,457.51,68.50,31.50,1.00,1.00,46387.98,47595.56,47600.56,46382.98,68,31,31,68,80772.14,80829.94,,
2026-05-07T12:11:00+08:00,btc-updown-5m-1778127000,https://polymarket.com/zh/event/btc-updown-5m-1778127000,12:10-12:15,70.00,31.00,69.00,30.00,758.78,332.17,325.17,638.98,69.50,30.50,1.00,1.00,46504.98,47587.56,47592.56,46504.98,69,30,30,69,80772.14,80835.63,,
2026-05-07T12:11:03+08:00,btc-updown-5m-1778127000,https://polymarket.com/zh/event/btc-updown-5m-1778127000,12:10-12:15,71.00,30.00,70.00,29.00,463.32,555.02,691.86,632.85,70.50,29.50,1.00,1.00,26429.98,27622.56,27612.56,26434.98,70,29,29,70,80772.14,80839.38,,
2026-05-07T12:11:05+08:00,btc-updown-5m-1778127000,https://polymarket.com/zh/event/btc-updown-5m-1778127000,12:10-12:15,71.00,30.00,70.00,29.00,269.49,836.83,861.17,248.01,70.50,29.50,1.00,1.00,26158.98,27331.56,27346.56,26153.98,70,29,29,70,80772.14,80839.37,,
2026-05-07T12:11:08+08:00,btc-updown-5m-1778127000,https://polymarket.com/zh/event/btc-updown-5m-1778127000,12:10-12:15,73.00,28.00,72.00,27.00,1205.96,400.99,400.99,1183.59,72.50,27.50,1.00,1.00,25115.98,25909.57,25914.57,25110.98,72,27,27,72,80772.14,80843.98,,
2026-05-07T12:11:10+08:00,btc-updown-5m-1778127000,https://polymarket.com/zh/event/btc-updown-5m-1778127000,12:10-12:15,73.00,29.00,72.00,27.00,1986.52,44.88,44.89,1984.41,72.50,28.00,1.00,2.00,25110.98,26323.55,26318.55,25120.98,72,27,27,71,80772.14,80839.37,,
2026-05-07T12:11:13+08:00,btc-updown-5m-1778127000,https://polymarket.com/zh/event/btc-updown-5m-1778127000,12:10-12:15,71.00,30.00,70.00,29.00,1625.17,10.20,331.28,1633.31,70.50,29.50,1.00,1.00,25210.98,25834.57,25819.57,25215.98,70,29,29,70,80772.14,80836.17,,
2026-05-07T12:11:15+08:00,btc-updown-5m-1778127000,https://polymarket.com/zh/event/btc-updown-5m-1778127000,12:10-12:15,63.00,38.00,62.00,37.00,204.43,479.87,477.01,221.31,62.50,37.50,1.00,1.00,25115.98,26348.55,26353.55,25110.98,62,37,37,62,80772.14,80823.90,,
2026-05-07T12:11:18+08:00,btc-updown-5m-1778127000,https://polymarket.com/zh/event/btc-updown-5m-1778127000,12:10-12:15,64.00,37.00,63.00,36.00,344.92,191.38,323.40,554.83,63.50,36.50,1.00,1.00,25110.98,26712.52,26702.52,25115.98,63,36,36,63,80772.14,80823.89,,
2026-05-07T12:11:20+08:00,btc-updown-5m-1778127000,https://polymarket.com/zh/event/btc-updown-5m-1778127000,12:10-12:15,65.00,36.00,64.00,35.00,337.86,340.51,355.02,337.86,64.50,35.50,1.00,1.00,25115.98,26853.52,26858.52,25110.98,64,35,35,64,80772.14,80823.89,,
2026-05-07T12:11:23+08:00,btc-updown-5m-1778127000,https://polymarket.com/zh/event/btc-updown-5m-1778127000,12:10-12:15,74.00,27.00,73.00,26.00,582.40,388.21,10.00,671.56,73.50,26.50,1.00,1.00,25115.98,26853.52,26858.52,25110.98,72,26,26,73,80772.14,80833.09,,
2026-05-07T12:11:25+08:00,btc-updown-5m-1778127000,https://polymarket.com/zh/event/btc-updown-5m-1778127000,12:10-12:15,78.00,23.00,77.00,22.00,29.40,525.20,574.55,45.02,77.50,22.50,1.00,1.00,25110.98,26171.57,26191.57,25115.98,77,22,22,77,80772.14,80836.16,,
2026-05-07T12:11:28+08:00,btc-updown-5m-1778127000,https://polymarket.com/zh/event/btc-updown-5m-1778127000,12:10-12:15,76.00,25.00,75.00,24.00,840.40,30.56,20.58,1253.51,75.50,24.50,1.00,1.00,25110.98,26520.55,26056.57,25115.98,75,24,24,75,80772.14,80836.16,,
2026-05-07T12:11:30+08:00,btc-updown-5m-1778127000,https://polymarket.com/zh/event/btc-updown-5m-1778127000,12:10-12:15,77.00,23.00,76.00,22.00,101.86,393.16,778.48,141.78,76.50,22.50,1.00,1.00,25115.98,26360.83,26365.83,25110.98,76,23,22,77,80772.14,80823.89,,
2026-05-07T12:11:33+08:00,btc-updown-5m-1778127000,https://polymarket.com/zh/event/btc-updown-5m-1778127000,12:10-12:15,83.00,18.00,82.00,17.00,124.19,796.97,589.32,124.19,82.50,17.50,1.00,1.00,24699.98,27196.78,27241.78,24704.98,82,17,17,82,80772.14,80832.77,,
2026-05-07T12:11:36+08:00,btc-updown-5m-1778127000,https://polymarket.com/zh/event/btc-updown-5m-1778127000,12:10-12:15,90.00,11.00,89.00,10.00,421.49,390.31,871.91,441.49,89.50,10.50,1.00,1.00,24704.98,27387.10,27392.10,24699.98,89,10,10,89,80772.14,80832.77,,
2026-05-07T12:11:38+08:00,btc-updown-5m-1778127000,https://polymarket.com/zh/event/btc-updown-5m-1778127000,12:10-12:15,92.00,9.00,90.00,8.00,154.75,474.98,907.63,229.74,91.00,8.50,2.00,1.00,24704.98,26415.13,26615.13,24699.98,90,8,8,91,80772.14,80845.57,,
2026-05-07T12:11:41+08:00,btc-updown-5m-1778127000,https://polymarket.com/zh/event/btc-updown-5m-1778127000,12:10-12:15,93.00,8.00,92.00,7.00,942.63,71.52,126.02,936.55,92.50,7.50,1.00,1.00,24699.98,26588.14,27246.11,24704.98,92,7,7,92,80772.14,80851.51,,
2026-05-07T12:11:43+08:00,btc-updown-5m-1778127000,https://polymarket.com/zh/event/btc-updown-5m-1778127000,12:10-12:15,89.00,12.00,88.00,11.00,1502.11,17.02,27.02,1338.06,88.50,11.50,1.00,1.00,24699.98,26194.05,26568.03,24694.98,88,11,11,88,80772.14,80836.90,,
2026-05-07T12:11:46+08:00,btc-updown-5m-1778127000,https://polymarket.com/zh/event/btc-updown-5m-1778127000,12:10-12:15,89.00,12.00,88.00,11.00,1053.47,306.91,262.53,1006.47,88.50,11.50,1.00,1.00,24683.48,26908.03,27107.01,24693.48,88,11,11,88,80772.14,80832.69,,
2026-05-07T12:11:48+08:00,btc-updown-5m-1778127000,https://polymarket.com/zh/event/btc-updown-5m-1778127000,12:10-12:15,89.00,12.00,88.00,11.00,662.98,737.77,753.75,760.23,88.50,11.50,1.00,1.00,24583.48,27290.00,27285.00,24588.48,88,11,11,88,80772.14,80832.69,,
2026-05-07T12:11:51+08:00,btc-updown-5m-1778127000,https://polymarket.com/zh/event/btc-updown-5m-1778127000,12:10-12:15,88.00,13.00,87.00,12.00,638.56,1395.93,1415.93,632.56,87.50,12.50,1.00,1.00,24588.48,27285.00,27290.00,24583.48,87,12,12,87,80772.14,80832.67,,
2026-05-07T12:11:53+08:00,btc-updown-5m-1778127000,https://polymarket.com/zh/event/btc-updown-5m-1778127000,12:10-12:15,88.00,13.00,87.00,12.00,48.86,1529.34,1687.27,48.86,87.50,12.50,1.00,1.00,24578.48,27405.00,27400.00,24578.48,87,12,12,87,80772.14,80832.67,,
2026-05-07T12:11:56+08:00,btc-updown-5m-1778127000,https://polymarket.com/zh/event/btc-updown-5m-1778127000,12:10-12:15,88.00,13.00,87.00,12.00,263.67,1282.75,1299.75,299.52,87.50,12.50,1.00,1.00,24573.48,27380.00,27400.00,24578.48,87,12,12,87,80772.14,80832.67,,
2026-05-07T12:11:58+08:00,btc-updown-5m-1778127000,https://polymarket.com/zh/event/btc-updown-5m-1778127000,12:10-12:15,88.00,12.00,87.00,11.00,70.42,917.39,1282.31,177.00,87.50,11.50,1.00,1.00,24573.48,26997.03,26887.03,24578.48,87,12,11,88,80772.14,80832.67,,
2026-05-07T12:12:01+08:00,btc-updown-5m-1778127000,https://polymarket.com/zh/event/btc-updown-5m-1778127000,12:10-12:15,90.00,11.00,89.00,10.00,61.81,627.51,592.51,44.54,89.50,10.50,1.00,1.00,24378.48,27326.00,27361.00,24373.48,89,10,10,89,80772.14,80832.67,,
2026-05-07T12:12:03+08:00,btc-updown-5m-1778127000,https://polymarket.com/zh/event/btc-updown-5m-1778127000,12:10-12:15,91.00,10.00,90.00,9.00,226.15,551.05,615.05,226.15,90.50,9.50,1.00,1.00,24393.53,27164.20,27159.20,24393.53,90,9,9,90,80772.14,80832.68,,
2026-05-07T12:12:06+08:00,btc-updown-5m-1778127000,https://polymarket.com/zh/event/btc-updown-5m-1778127000,12:10-12:15,94.00,7.00,93.00,6.00,474.58,687.96,273.73,468.73,93.50,6.50,1.00,1.00,21398.53,23164.43,23609.45,21393.53,93,6,6,93,80772.14,80842.31,,
2026-05-07T12:12:08+08:00,btc-updown-5m-1778127000,https://polymarket.com/zh/event/btc-updown-5m-1778127000,12:10-12:15,92.00,9.00,91.00,8.00,30.00,165.63,125.86,362.44,91.50,8.50,1.00,1.00,21368.53,23302.63,23125.63,21373.53,91,8,8,91,80772.14,80844.66,,
2026-05-07T12:12:11+08:00,btc-updown-5m-1778127000,https://polymarket.com/zh/event/btc-updown-5m-1778127000,12:10-12:15,94.00,7.00,93.00,6.00,318.15,195.02,452.24,579.10,93.50,6.50,1.00,1.00,21358.53,23185.37,24054.35,21363.53,93,6,6,93,80772.14,80852.97,,
2026-05-07T12:12:13+08:00,btc-updown-5m-1778127000,https://polymarket.com/zh/event/btc-updown-5m-1778127000,12:10-12:15,94.00,7.00,93.00,6.00,645.89,242.74,237.74,594.89,93.50,6.50,1.00,1.00,21353.53,24581.31,24684.31,21343.53,93,6,6,93,80772.14,80852.97,,
2026-05-07T12:12:16+08:00,btc-updown-5m-1778127000,https://polymarket.com/zh/event/btc-updown-5m-1778127000,12:10-12:15,96.00,5.00,95.00,4.00,771.74,571.27,542.75,868.29,95.50,4.50,1.00,1.00,21388.53,22098.07,22209.62,21393.53,95,4,4,95,80772.14,80862.29,,
2026-05-07T12:12:18+08:00,btc-updown-5m-1778127000,https://polymarket.com/zh/event/btc-updown-5m-1778127000,12:10-12:15,96.00,5.00,95.00,4.00,358.94,1186.30,1194.30,192.98,95.50,4.50,1.00,1.00,21377.53,22384.23,22047.27,21382.53,95,4,4,95,80772.14,80867.99,,
2026-05-07T12:12:21+08:00,btc-updown-5m-1778127000,https://polymarket.com/zh/event/btc-updown-5m-1778127000,12:10-12:15,93.00,8.00,92.00,7.00,477.01,545.92,414.08,192.01,92.50,7.50,1.00,1.00,21349.53,21918.68,21638.72,21344.53,92,7,7,92,80772.14,80850.94,,
2026-05-07T12:12:23+08:00,btc-updown-5m-1778127000,https://polymarket.com/zh/event/btc-updown-5m-1778127000,12:10-12:15,94.00,7.00,93.00,6.00,86.72,429.42,506.42,136.72,93.50,6.50,1.00,1.00,21339.53,21613.72,21648.72,21334.53,93,6,6,93,80772.14,80856.30,,
2026-05-07T12:12:26+08:00,btc-updown-5m-1778127000,https://polymarket.com/zh/event/btc-updown-5m-1778127000,12:10-12:15,95.00,6.00,94.00,5.00,439.22,200.09,308.58,387.22,94.50,5.50,1.00,1.00,21339.53,21982.20,21910.20,21334.53,94,5,5,94,80772.14,80857.65,,
2026-05-07T12:12:28+08:00,btc-updown-5m-1778127000,https://polymarket.com/zh/event/btc-updown-5m-1778127000,12:10-12:15,92.00,9.00,91.00,8.00,335.72,165.02,68.02,240.72,91.50,8.50,1.00,1.00,21344.53,21412.54,21392.54,21344.53,91,8,8,91,80772.14,80842.31,,
2026-05-07T12:12:31+08:00,btc-updown-5m-1778127000,https://polymarket.com/zh/event/btc-updown-5m-1778127000,12:10-12:15,91.00,10.00,90.00,9.00,159.36,666.09,625.09,135.95,90.50,9.50,1.00,1.00,21344.53,21199.49,21488.48,21344.53,90,9,9,90,80772.14,80839.24,,
2026-05-07T12:12:33+08:00,btc-updown-5m-1778127000,https://polymarket.com/zh/event/btc-updown-5m-1778127000,12:10-12:15,92.00,9.00,91.00,8.00,11.87,425.05,119.65,124.28,91.50,8.50,1.00,1.00,21339.53,21473.75,21468.75,21339.53,91,8,8,91,80772.14,80839.22,,
2026-05-07T12:12:36+08:00,btc-updown-5m-1778127000,https://polymarket.com/zh/event/btc-updown-5m-1778127000,12:10-12:15,93.00,8.00,92.00,7.00,100.41,220.80,220.80,145.41,92.50,7.50,1.00,1.00,21339.53,21394.75,21394.75,21344.53,92,7,7,92,80772.14,80839.11,,
2026-05-07T12:12:38+08:00,btc-updown-5m-1778127000,https://polymarket.com/zh/event/btc-updown-5m-1778127000,12:10-12:15,95.00,6.00,94.00,5.00,625.75,166.77,87.99,622.29,94.50,5.50,1.00,1.00,21339.53,21401.43,21397.97,21339.53,94,5,5,94,80772.14,80839.20,,
2026-05-07T12:12:41+08:00,btc-updown-5m-1778127000,https://polymarket.com/zh/event/btc-updown-5m-1778127000,12:10-12:15,97.00,4.00,96.00,3.00,1935.58,297.05,302.05,1911.92,96.50,3.50,1.00,1.00,20314.53,19940.56,19916.90,20309.53,96,3,3,96,80772.14,80848.44,,
2026-05-07T12:12:43+08:00,btc-updown-5m-1778127000,https://polymarket.com/zh/event/btc-updown-5m-1778127000,12:10-12:15,96.00,5.00,95.00,4.00,133.81,174.31,286.40,146.48,95.50,4.50,1.00,1.00,20309.53,19617.78,19775.45,20314.53,95,4,4,95,80772.14,80848.44,,
2026-05-07T12:12:46+08:00,btc-updown-5m-1778127000,https://polymarket.com/zh/event/btc-updown-5m-1778127000,12:10-12:15,97.00,4.00,96.00,3.00,944.59,531.80,135.97,885.59,96.50,3.50,1.00,1.00,20314.53,18335.51,18276.51,20309.53,96,3,3,96,80772.14,80848.47,,
2026-05-07T12:12:49+08:00,btc-updown-5m-1778127000,https://polymarket.com/zh/event/btc-updown-5m-1778127000,12:10-12:15,97.00,4.00,96.00,3.00,895.54,245.01,385.01,850.54,96.50,3.50,1.00,1.00,20309.53,19489.43,19444.43,20314.53,96,3,3,96,80772.14,80848.48,,
2026-05-07T12:12:51+08:00,btc-updown-5m-1778127000,https://polymarket.com/zh/event/btc-updown-5m-1778127000,12:10-12:15,97.00,4.00,96.00,3.00,619.50,198.45,277.17,632.50,96.50,3.50,1.00,1.00,20309.53,19031.71,19248.69,20314.53,96,3,3,96,80772.14,80849.72,,
2026-05-07T12:12:54+08:00,btc-updown-5m-1778127000,https://polymarket.com/zh/event/btc-updown-5m-1778127000,12:10-12:15,96.00,5.00,95.00,4.00,719.02,226.88,266.88,940.02,95.50,4.50,1.00,1.00,20314.53,18937.03,19301.01,20309.53,95,4,4,95,80772.14,80842.32,,
2026-05-07T12:12:56+08:00,btc-updown-5m-1778127000,https://polymarket.com/zh/event/btc-updown-5m-1778127000,12:10-12:15,95.00,6.00,94.00,5.00,105.17,327.24,367.24,49.26,94.50,5.50,1.00,1.00,20314.53,19416.99,18768.12,20309.53,94,5,5,94,80772.14,80839.36,,
2026-05-07T12:12:59+08:00,btc-updown-5m-1778127000,https://polymarket.com/zh/event/btc-updown-5m-1778127000,12:10-12:15,96.00,5.00,95.00,4.00,173.16,398.75,420.75,173.16,95.50,4.50,1.00,1.00,20314.53,19233.13,19233.13,20314.53,95,4,4,95,80772.14,80839.36,,
2026-05-07T12:13:01+08:00,btc-updown-5m-1778127000,https://polymarket.com/zh/event/btc-updown-5m-1778127000,12:10-12:15,96.00,5.00,95.00,4.00,184.34,179.19,160.19,177.09,95.50,4.50,1.00,1.00,17737.53,17693.53,17686.28,17732.53,95,4,4,95,80772.14,80839.36,,
2026-05-07T12:13:04+08:00,btc-updown-5m-1778127000,https://polymarket.com/zh/event/btc-updown-5m-1778127000,12:10-12:15,98.00,3.00,97.00,2.00,1990.27,706.87,709.87,2010.27,97.50,2.50,1.00,1.00,17712.53,10797.61,10837.61,17717.53,97,2,2,97,80772.14,80855.00,,
2026-05-07T12:13:06+08:00,btc-updown-5m-1778127000,https://polymarket.com/zh/event/btc-updown-5m-1778127000,12:10-12:15,98.00,5.00,97.00,4.00,2144.41,126.26,265.97,539.32,97.50,4.50,1.00,1.00,17362.53,12302.71,12734.04,17367.53,97,2,4,95,80772.14,80833.93,,
2026-05-07T12:13:09+08:00,btc-updown-5m-1778127000,https://polymarket.com/zh/event/btc-updown-5m-1778127000,12:10-12:15,95.00,6.00,94.00,5.00,287.24,10.02,10.02,344.97,94.50,5.50,1.00,1.00,17367.53,14838.64,14941.37,17362.53,94,5,5,94,80772.14,80830.03,,
2026-05-07T12:13:11+08:00,btc-updown-5m-1778127000,https://polymarket.com/zh/event/btc-updown-5m-1778127000,12:10-12:15,98.00,3.00,97.00,2.00,1879.13,623.22,593.98,1910.96,97.50,2.50,1.00,1.00,17367.53,11744.65,11776.48,17362.53,97,2,2,97,80772.14,80844.27,,
2026-05-07T12:13:14+08:00,btc-updown-5m-1778127000,https://polymarket.com/zh/event/btc-updown-5m-1778127000,12:10-12:15,98.00,3.00,97.00,2.00,2199.74,194.88,264.88,2204.74,97.50,2.50,1.00,1.00,17372.53,12864.24,12869.24,17367.53,97,2,2,97,80772.14,80845.02,,
2026-05-07T12:13:16+08:00,btc-updown-5m-1778127000,https://polymarket.com/zh/event/btc-updown-5m-1778127000,12:10-12:15,96.00,5.00,95.00,4.00,671.46,45.00,61.00,708.46,95.50,4.50,1.00,1.00,17367.53,14057.24,14089.24,17372.53,95,4,4,95,80772.14,80842.31,,
2026-05-07T12:13:19+08:00,btc-updown-5m-1778127000,https://polymarket.com/zh/event/btc-updown-5m-1778127000,12:10-12:15,84.00,17.00,83.00,16.00,204.00,117.98,198.96,156.21,83.50,16.50,1.00,1.00,17366.53,15560.77,15585.77,17366.53,83,16,16,83,80772.14,80842.97,,
2026-05-07T12:13:21+08:00,btc-updown-5m-1778127000,https://polymarket.com/zh/event/btc-updown-5m-1778127000,12:10-12:15,85.00,16.00,84.00,15.00,191.50,95.06,113.75,203.05,84.50,15.50,1.00,1.00,17341.53,15626.58,15665.58,17341.53,84,15,15,84,80772.14,80842.98,,
2026-05-07T12:13:24+08:00,btc-updown-5m-1778127000,https://polymarket.com/zh/event/btc-updown-5m-1778127000,12:10-12:15,84.00,16.00,83.00,15.00,5.64,466.02,383.02,55.02,83.50,15.50,1.00,1.00,17925.60,16030.19,16080.19,17925.60,83,16,15,84,80772.14,80842.97,,
2026-05-07T12:13:26+08:00,btc-updown-5m-1778127000,https://polymarket.com/zh/event/btc-updown-5m-1778127000,12:10-12:15,87.00,14.00,86.00,13.00,434.70,163.66,163.66,433.70,86.50,13.50,1.00,1.00,17925.60,14556.54,14556.54,17925.60,86,13,13,86,80772.14,80842.31,,
2026-05-07T12:13:29+08:00,btc-updown-5m-1778127000,https://polymarket.com/zh/event/btc-updown-5m-1778127000,12:10-12:15,88.00,13.00,87.00,12.00,535.54,357.41,306.41,514.40,87.50,12.50,1.00,1.00,17925.60,14084.39,14089.39,17925.60,87,12,12,87,80772.14,80838.02,,
2026-05-07T12:13:32+08:00,btc-updown-5m-1778127000,https://polymarket.com/zh/event/btc-updown-5m-1778127000,12:10-12:15,93.00,8.00,92.00,7.00,134.42,430.44,380.44,120.92,92.50,7.50,1.00,1.00,16851.60,14117.70,14212.70,16846.60,92,7,7,92,80772.14,80838.02,,
2026-05-07T12:13:34+08:00,btc-updown-5m-1778127000,https://polymarket.com/zh/event/btc-updown-5m-1778127000,12:10-12:15,95.00,6.00,94.00,5.00,379.69,252.85,321.02,406.55,94.50,5.50,1.00,1.00,16746.60,14370.13,14789.99,16746.60,94,5,5,94,80772.14,80838.02,,
2026-05-07T12:13:37+08:00,btc-updown-5m-1778127000,https://polymarket.com/zh/event/btc-updown-5m-1778127000,12:10-12:15,96.00,5.00,95.00,4.00,1055.84,173.03,183.03,1044.84,95.50,4.50,1.00,1.00,16741.60,14738.64,14667.64,16746.60,95,4,4,95,80772.14,80838.03,,
2026-05-07T12:13:39+08:00,btc-updown-5m-1778127000,https://polymarket.com/zh/event/btc-updown-5m-1778127000,12:10-12:15,96.00,5.00,95.00,4.00,489.60,173.74,176.74,489.60,95.50,4.50,1.00,1.00,16746.60,14329.40,14371.78,16746.60,95,4,4,95,80772.14,80838.03,,
2026-05-07T12:13:42+08:00,btc-updown-5m-1778127000,https://polymarket.com/zh/event/btc-updown-5m-1778127000,12:10-12:15,96.00,5.00,95.00,4.00,147.12,442.80,462.80,137.12,95.50,4.50,1.00,1.00,16746.60,14068.52,14058.52,16746.60,95,4,4,95,80772.14,80846.95,,
2026-05-07T12:13:44+08:00,btc-updown-5m-1778127000,https://polymarket.com/zh/event/btc-updown-5m-1778127000,12:10-12:15,97.00,3.00,95.00,2.00,34.90,38.00,419.96,1542.15,96.00,2.50,2.00,1.00,16746.60,12404.44,12611.54,16751.60,95,3,2,97,80772.14,80851.51,,
2026-05-07T12:13:47+08:00,btc-updown-5m-1778127000,https://polymarket.com/zh/event/btc-updown-5m-1778127000,12:10-12:15,98.00,3.00,97.00,2.00,1317.35,30.00,30.00,1402.35,97.50,2.50,1.00,1.00,15951.60,11991.73,11976.73,15946.60,97,2,2,97,80772.14,80851.51,,
2026-05-07T12:13:49+08:00,btc-updown-5m-1778127000,https://polymarket.com/zh/event/btc-updown-5m-1778127000,12:10-12:15,98.00,3.00,97.00,2.00,850.83,30.00,30.00,820.38,97.50,2.50,1.00,1.00,15946.60,10868.75,11158.30,15951.60,97,2,2,97,80772.14,80854.58,,
2026-05-07T12:13:52+08:00,btc-updown-5m-1778127000,https://polymarket.com/zh/event/btc-updown-5m-1778127000,12:10-12:15,98.00,2.00,97.00,1.00,50.00,1491.00,258.08,8550.93,97.50,1.50,1.00,1.00,15891.60,8504.30,8550.93,15896.60,97,2,1,98,80772.14,80854.58,,
2026-05-07T12:13:54+08:00,btc-updown-5m-1778127000,https://polymarket.com/zh/event/btc-updown-5m-1778127000,12:10-12:15,99.00,2.00,98.00,1.00,8173.43,2687.05,2695.05,8150.43,98.50,1.50,1.00,1.00,15896.60,8173.43,8150.43,15891.60,98,1,1,98,80772.14,80854.58,,
2026-05-07T12:13:57+08:00,btc-updown-5m-1778127000,https://polymarket.com/zh/event/btc-updown-5m-1778127000,12:10-12:15,99.00,2.00,98.00,1.00,6476.34,2942.53,2952.53,6647.09,98.50,1.50,1.00,1.00,15778.27,6476.34,6647.09,15768.27,98,1,1,98,80772.14,80856.29,,
2026-05-07T12:13:59+08:00,btc-updown-5m-1778127000,https://polymarket.com/zh/event/btc-updown-5m-1778127000,12:10-12:15,99.00,2.00,98.00,1.00,5939.41,3108.04,3072.02,6167.39,98.50,1.50,1.00,1.00,15173.27,5939.41,6167.39,15183.27,98,1,1,98,80772.14,80856.29,,
2026-05-07T12:14:02+08:00,btc-updown-5m-1778127000,https://polymarket.com/zh/event/btc-updown-5m-1778127000,12:10-12:15,99.00,2.00,98.00,1.00,2188.11,2870.52,2707.52,43.84,98.50,1.50,1.00,1.00,14538.27,2188.11,43.84,14533.27,98,1,1,98,80772.14,80856.29,,
2026-05-07T12:14:05+08:00,btc-updown-5m-1778127000,https://polymarket.com/zh/event/btc-updown-5m-1778127000,12:10-12:15,,1.00,99.00,,,12413.81,12403.81,,,,,,14521.27,,,14526.27,99,0,0,99,80772.14,80866.86,,
2026-05-07T12:14:07+08:00,btc-updown-5m-1778127000,https://polymarket.com/zh/event/btc-updown-5m-1778127000,12:10-12:15,,1.00,99.00,,,12190.55,12190.55,,,,,,14526.27,,,14526.27,99,0,0,99,80772.14,80869.93,,
2026-05-07T12:14:10+08:00,btc-updown-5m-1778127000,https://polymarket.com/zh/event/btc-updown-5m-1778127000,12:10-12:15,,1.00,99.00,,,13825.97,13825.97,,,,,,14526.27,,,14526.27,99,0,0,99,80772.14,80869.93,,
2026-05-07T12:14:12+08:00,btc-updown-5m-1778127000,https://polymarket.com/zh/event/btc-updown-5m-1778127000,12:10-12:15,,1.00,99.00,,,14314.10,14394.08,,,,,,14526.27,,,14521.27,99,0,0,99,80772.14,80872.31,,
2026-05-07T12:14:15+08:00,btc-updown-5m-1778127000,https://polymarket.com/zh/event/btc-updown-5m-1778127000,12:10-12:15,97.00,4.00,96.00,3.00,355.05,717.80,617.80,253.44,96.50,3.50,1.00,1.00,14521.27,9191.76,9090.15,14526.27,95,3,3,96,80772.14,80872.99,,
2026-05-07T12:14:17+08:00,btc-updown-5m-1778127000,https://polymarket.com/zh/event/btc-updown-5m-1778127000,12:10-12:15,99.00,2.00,98.00,1.00,4425.07,249.74,93.74,4352.78,98.50,1.50,1.00,1.00,14521.27,4425.07,4352.78,14526.27,98,1,1,98,80772.14,80876.06,,
2026-05-07T12:14:20+08:00,btc-updown-5m-1778127000,https://polymarket.com/zh/event/btc-updown-5m-1778127000,12:10-12:15,99.00,2.00,98.00,1.00,424.79,598.11,593.11,376.55,98.50,1.50,1.00,1.00,15695.96,424.79,376.55,15690.96,98,1,1,98,80772.14,80879.73,,
2026-05-07T12:14:22+08:00,btc-updown-5m-1778127000,https://polymarket.com/zh/event/btc-updown-5m-1778127000,12:10-12:15,,1.00,99.00,,,3228.33,2932.80,,,,,,16295.96,,,16290.96,99,0,0,99,80772.14,80883.60,,
2026-05-07T12:14:25+08:00,btc-updown-5m-1778127000,https://polymarket.com/zh/event/btc-updown-5m-1778127000,12:10-12:15,,1.00,99.00,,,7907.54,7644.54,,,,,,16290.96,,,15550.96,99,0,0,99,80772.14,80890.49,,
