ts_iso,slug,market_url,window_text,buy_up_cents,buy_down_cents,sell_up_cents,sell_down_cents,buy_up_size,buy_down_size,sell_up_size,sell_down_size,mid_up_cents,mid_down_cents,spread_up_cents,spread_down_cents,bid_depth_up_5,ask_depth_up_5,bid_depth_down_5,ask_depth_down_5,level_count_bid_up,level_count_ask_up,level_count_bid_down,level_count_ask_down,target_price,final_price,trade_count_1s,trade_volume_1s
2026-09-13T03:05:07+08:00,btc-updown-5m-1789239900,https://polymarket.com/zh/event/btc-updown-5m-1789239900,03:05-03:10,53.00,48.00,52.00,47.00,153.74,190.35,165.35,153.74,52.50,47.50,1.00,1.00,22602.49,21946.31,21886.31,22142.48,52,47,47,52,,77152.00,,
2026-09-13T03:05:09+08:00,btc-updown-5m-1789239900,https://polymarket.com/zh/event/btc-updown-5m-1789239900,03:05-03:10,53.00,48.00,52.00,47.00,191.37,29.29,24.29,191.37,52.50,47.50,1.00,1.00,21097.49,21086.31,21101.31,22107.48,52,47,47,52,,77151.99,,
2026-09-13T03:05:11+08:00,btc-updown-5m-1789239900,https://polymarket.com/zh/event/btc-updown-5m-1789239900,03:05-03:10,53.00,48.00,52.00,47.00,214.80,22.20,38.04,284.44,52.50,47.50,1.00,1.00,21797.48,21191.31,21186.31,21292.48,52,47,47,52,,77151.99,,
2026-09-13T03:05:13+08:00,btc-updown-5m-1789239900,https://polymarket.com/zh/event/btc-updown-5m-1789239900,03:05-03:10,51.00,52.00,50.00,51.00,45.00,9.40,183.23,85.32,50.50,51.50,1.00,1.00,21860.83,21294.65,21286.31,21762.48,50,49,51,48,,77145.62,,
2026-09-13T03:05:15+08:00,btc-updown-5m-1789239900,https://polymarket.com/zh/event/btc-updown-5m-1789239900,03:05-03:10,47.00,54.00,46.00,53.00,59.65,288.12,288.12,59.65,46.50,53.50,1.00,1.00,21503.42,21485.66,21485.65,21568.12,46,53,53,46,,77144.55,,
2026-09-13T03:05:17+08:00,btc-updown-5m-1789239900,https://polymarket.com/zh/event/btc-updown-5m-1789239900,03:05-03:10,46.00,55.00,45.00,54.00,541.50,10.00,5.00,561.50,45.50,54.50,1.00,1.00,21589.42,21770.25,21754.25,21579.42,45,54,54,45,,77144.55,,
2026-09-13T03:05:19+08:00,btc-updown-5m-1789239900,https://polymarket.com/zh/event/btc-updown-5m-1789239900,03:05-03:10,45.00,56.00,44.00,55.00,217.86,145.38,145.38,217.86,44.50,55.50,1.00,1.00,20864.42,21044.26,21044.26,20864.42,44,55,55,44,,77144.55,,
2026-09-13T03:05:21+08:00,btc-updown-5m-1789239900,https://polymarket.com/zh/event/btc-updown-5m-1789239900,03:05-03:10,45.00,56.00,44.00,55.00,105.95,120.01,35.01,105.95,44.50,55.50,1.00,1.00,19404.42,19584.26,19569.25,19394.42,44,55,55,44,,77144.56,,
2026-09-13T03:05:23+08:00,btc-updown-5m-1789239900,https://polymarket.com/zh/event/btc-updown-5m-1789239900,03:05-03:10,47.00,52.00,46.00,50.00,98.56,33.32,179.38,5.00,46.50,51.00,1.00,2.00,19149.42,19329.25,19344.25,19164.42,46,53,50,48,,77144.56,,
2026-09-13T03:05:25+08:00,btc-updown-5m-1789239900,https://polymarket.com/zh/event/btc-updown-5m-1789239900,03:05-03:10,57.00,44.00,56.00,43.00,113.00,352.70,347.70,118.00,56.50,43.50,1.00,1.00,19539.42,19044.25,19034.25,19034.43,56,43,43,56,,77151.99,,
2026-09-13T03:05:27+08:00,btc-updown-5m-1789239900,https://polymarket.com/zh/event/btc-updown-5m-1789239900,03:05-03:10,54.00,47.00,53.00,46.00,92.02,235.33,202.55,73.10,53.50,46.50,1.00,1.00,19259.42,18819.25,18834.25,18779.43,53,46,46,53,,77152.01,,
2026-09-13T03:05:29+08:00,btc-updown-5m-1789239900,https://polymarket.com/zh/event/btc-updown-5m-1789239900,03:05-03:10,53.00,48.00,52.00,47.00,173.99,109.91,114.91,173.99,52.50,47.50,1.00,1.00,19474.42,18584.25,18579.25,18979.42,52,47,47,52,,77152.02,,
2026-09-13T03:05:32+08:00,btc-updown-5m-1789239900,https://polymarket.com/zh/event/btc-updown-5m-1789239900,03:05-03:10,53.00,48.00,52.00,47.00,73.00,253.84,281.34,85.10,52.50,47.50,1.00,1.00,18249.42,18354.25,18099.25,18009.42,52,47,47,52,,77151.39,,
2026-09-13T03:05:33+08:00,btc-updown-5m-1789239900,https://polymarket.com/zh/event/btc-updown-5m-1789239900,03:05-03:10,53.00,48.00,52.00,47.00,66.11,372.91,377.91,66.11,52.50,47.50,1.00,1.00,17754.42,17809.25,17809.25,17754.42,52,47,47,52,,77151.39,,
2026-09-13T03:05:35+08:00,btc-updown-5m-1789239900,https://polymarket.com/zh/event/btc-updown-5m-1789239900,03:05-03:10,53.00,48.00,52.00,47.00,179.63,167.64,167.64,174.63,52.50,47.50,1.00,1.00,18254.42,17868.25,17853.25,17759.42,52,47,47,52,,77151.39,,
2026-09-13T03:05:38+08:00,btc-updown-5m-1789239900,https://polymarket.com/zh/event/btc-updown-5m-1789239900,03:05-03:10,53.00,48.00,52.00,47.00,104.00,341.95,341.95,109.00,52.50,47.50,1.00,1.00,18739.43,17783.25,17783.25,18229.42,52,47,47,52,,77150.32,,
2026-09-13T03:05:39+08:00,btc-updown-5m-1789239900,https://polymarket.com/zh/event/btc-updown-5m-1789239900,03:05-03:10,54.00,47.00,53.00,46.00,47.00,443.93,438.93,47.00,53.50,46.50,1.00,1.00,18295.42,17849.25,17834.25,17795.42,53,46,46,53,,77150.32,,
2026-09-13T03:05:41+08:00,btc-updown-5m-1789239900,https://polymarket.com/zh/event/btc-updown-5m-1789239900,03:05-03:10,54.00,47.00,53.00,46.00,41.43,371.16,366.16,41.43,53.50,46.50,1.00,1.00,17730.42,17284.25,17244.25,17745.42,53,46,46,53,,77149.24,,
2026-09-13T03:05:44+08:00,btc-updown-5m-1789239900,https://polymarket.com/zh/event/btc-updown-5m-1789239900,03:05-03:10,55.00,46.00,54.00,45.00,335.76,412.90,407.90,340.76,54.50,45.50,1.00,1.00,17730.42,17284.25,17294.25,17240.42,54,45,45,54,,77149.25,,
2026-09-13T03:05:46+08:00,btc-updown-5m-1789239900,https://polymarket.com/zh/event/btc-updown-5m-1789239900,03:05-03:10,55.00,46.00,54.00,45.00,470.59,220.92,135.92,348.80,54.50,45.50,1.00,1.00,17195.43,17289.25,17284.25,17180.42,54,45,45,54,,77149.24,,
2026-09-13T03:05:47+08:00,btc-updown-5m-1789239900,https://polymarket.com/zh/event/btc-updown-5m-1789239900,03:05-03:10,55.00,47.00,54.00,46.00,298.96,207.26,45.38,135.00,54.50,46.50,1.00,1.00,17190.42,17144.25,17134.25,17185.42,54,45,46,53,,77149.24,,
2026-09-13T03:05:49+08:00,btc-updown-5m-1789239900,https://polymarket.com/zh/event/btc-updown-5m-1789239900,03:05-03:10,55.00,46.00,54.00,45.00,172.99,289.57,258.67,153.61,54.50,45.50,1.00,1.00,17785.42,17094.25,17084.25,17285.42,54,45,45,54,,77149.24,,
2026-09-13T03:05:51+08:00,btc-updown-5m-1789239900,https://polymarket.com/zh/event/btc-updown-5m-1789239900,03:05-03:10,55.00,46.00,54.00,45.00,154.12,102.20,107.20,154.12,54.50,45.50,1.00,1.00,17235.42,17079.25,17089.25,17250.43,54,45,45,54,,77149.25,,
2026-09-13T03:05:53+08:00,btc-updown-5m-1789239900,https://polymarket.com/zh/event/btc-updown-5m-1789239900,03:05-03:10,55.00,46.00,54.00,45.00,89.38,245.67,225.67,89.38,54.50,45.50,1.00,1.00,17020.45,16857.04,16852.04,16995.42,54,45,45,54,,77149.24,,
2026-09-13T03:05:55+08:00,btc-updown-5m-1789239900,https://polymarket.com/zh/event/btc-updown-5m-1789239900,03:05-03:10,55.00,46.00,54.00,45.00,144.72,85.00,85.00,144.72,54.50,45.50,1.00,1.00,16995.42,16852.04,16852.04,16995.42,54,45,45,54,,77149.24,,
2026-09-13T03:05:57+08:00,btc-updown-5m-1789239900,https://polymarket.com/zh/event/btc-updown-5m-1789239900,03:05-03:10,54.00,47.00,53.00,46.00,50.00,144.84,144.84,50.00,53.50,46.50,1.00,1.00,16645.42,16377.04,16392.04,17170.43,53,46,46,53,,77149.24,,
2026-09-13T03:05:59+08:00,btc-updown-5m-1789239900,https://polymarket.com/zh/event/btc-updown-5m-1789239900,03:05-03:10,53.00,48.00,52.00,47.00,115.19,10.00,10.00,167.20,52.50,47.50,1.00,1.00,16680.43,15912.04,15897.04,16675.42,52,47,47,52,,77149.24,,
2026-09-13T03:06:01+08:00,btc-updown-5m-1789239900,https://polymarket.com/zh/event/btc-updown-5m-1789239900,03:05-03:10,53.00,48.00,52.00,47.00,82.33,257.38,445.76,82.33,52.50,47.50,1.00,1.00,14047.42,13784.04,13779.04,14547.42,52,47,47,52,,77149.24,,
2026-09-13T03:06:03+08:00,btc-updown-5m-1789239900,https://polymarket.com/zh/event/btc-updown-5m-1789239900,03:05-03:10,53.00,48.00,52.00,47.00,104.02,284.89,284.89,104.02,52.50,47.50,1.00,1.00,13477.42,13220.03,13205.03,13967.42,52,47,47,52,,77149.24,,
2026-09-13T03:06:05+08:00,btc-updown-5m-1789239900,https://polymarket.com/zh/event/btc-updown-5m-1789239900,03:05-03:10,53.00,48.00,52.00,47.00,317.09,55.81,55.81,317.09,52.50,47.50,1.00,1.00,13467.42,13205.03,13220.03,13487.42,52,47,47,52,,77149.24,,
2026-09-13T03:06:07+08:00,btc-updown-5m-1789239900,https://polymarket.com/zh/event/btc-updown-5m-1789239900,03:05-03:10,52.00,49.00,51.00,48.00,128.00,377.73,382.73,128.00,51.50,48.50,1.00,1.00,13901.43,13034.03,13024.03,14396.42,51,48,48,51,,77149.24,,
2026-09-13T03:06:09+08:00,btc-updown-5m-1789239900,https://polymarket.com/zh/event/btc-updown-5m-1789239900,03:05-03:10,52.00,49.00,51.00,48.00,393.95,86.63,81.25,393.95,51.50,48.50,1.00,1.00,13881.42,12974.03,12984.03,13396.42,51,48,48,51,,77149.24,,
2026-09-13T03:06:11+08:00,btc-updown-5m-1789239900,https://polymarket.com/zh/event/btc-updown-5m-1789239900,03:05-03:10,51.00,50.00,50.00,49.00,165.00,424.24,531.16,254.03,50.50,49.50,1.00,1.00,13901.43,13034.03,13034.03,14381.42,50,49,49,50,,77149.25,,
2026-09-13T03:06:13+08:00,btc-updown-5m-1789239900,https://polymarket.com/zh/event/btc-updown-5m-1789239900,03:05-03:10,52.00,49.00,51.00,48.00,99.75,376.13,376.13,94.75,51.50,48.50,1.00,1.00,14161.08,12753.69,12748.69,13166.08,51,48,48,51,,77149.24,,
2026-09-13T03:06:15+08:00,btc-updown-5m-1789239900,https://polymarket.com/zh/event/btc-updown-5m-1789239900,03:05-03:10,52.00,49.00,51.00,48.00,136.39,316.18,262.07,88.94,51.50,48.50,1.00,1.00,14196.10,12748.69,12748.69,13176.09,51,48,48,51,,77149.24,,
2026-09-13T03:06:17+08:00,btc-updown-5m-1789239900,https://polymarket.com/zh/event/btc-updown-5m-1789239900,03:05-03:10,53.00,48.00,52.00,45.00,20.00,548.05,543.05,185.00,52.50,46.50,1.00,3.00,14585.09,12612.69,12607.69,13575.09,52,47,45,52,,77149.24,,
2026-09-13T03:06:19+08:00,btc-updown-5m-1789239900,https://polymarket.com/zh/event/btc-updown-5m-1789239900,03:05-03:10,55.00,46.00,54.00,45.00,42.00,455.66,450.66,47.00,54.50,45.50,1.00,1.00,13570.09,12602.69,12612.69,14075.08,54,45,45,54,,77149.25,,
2026-09-13T03:06:21+08:00,btc-updown-5m-1789239900,https://polymarket.com/zh/event/btc-updown-5m-1789239900,03:05-03:10,55.00,46.00,54.00,45.00,269.00,105.00,105.00,274.00,54.50,45.50,1.00,1.00,14108.42,12641.03,12636.03,13098.42,54,45,45,54,,77149.25,,
2026-09-13T03:06:23+08:00,btc-updown-5m-1789239900,https://polymarket.com/zh/event/btc-updown-5m-1789239900,03:05-03:10,55.00,46.00,54.00,45.00,145.66,372.77,372.77,145.66,54.50,45.50,1.00,1.00,14098.42,12636.03,12651.03,13108.42,54,45,45,54,,77149.25,,
2026-09-13T03:06:26+08:00,btc-updown-5m-1789239900,https://polymarket.com/zh/event/btc-updown-5m-1789239900,03:05-03:10,55.00,46.00,54.00,45.00,70.90,421.01,416.01,70.90,54.50,45.50,1.00,1.00,13603.43,12636.03,12651.03,14113.42,54,45,45,54,,77149.25,,
2026-09-13T03:06:28+08:00,btc-updown-5m-1789239900,https://polymarket.com/zh/event/btc-updown-5m-1789239900,03:05-03:10,55.00,46.00,54.00,45.00,193.67,197.52,235.45,249.21,54.50,45.50,1.00,1.00,13108.42,12636.03,12636.03,13098.42,54,45,45,54,,77149.24,,
2026-09-13T03:06:30+08:00,btc-updown-5m-1789239900,https://polymarket.com/zh/event/btc-updown-5m-1789239900,03:05-03:10,55.00,46.00,54.00,45.00,400.00,167.06,172.06,400.00,54.50,45.50,1.00,1.00,13058.42,12646.03,12636.03,13048.42,54,45,45,54,,77149.25,,
2026-09-13T03:06:32+08:00,btc-updown-5m-1789239900,https://polymarket.com/zh/event/btc-updown-5m-1789239900,03:05-03:10,55.00,46.00,54.00,45.00,97.00,417.80,417.80,102.00,54.50,45.50,1.00,1.00,13053.43,12636.03,12646.03,13553.42,54,45,45,54,,77149.25,,
2026-09-13T03:06:34+08:00,btc-updown-5m-1789239900,https://polymarket.com/zh/event/btc-updown-5m-1789239900,03:05-03:10,55.00,47.00,54.00,46.00,459.57,337.34,10.38,205.76,54.50,46.50,1.00,1.00,13048.42,12691.03,12686.03,13053.43,54,45,46,53,,77149.24,,
2026-09-13T03:06:36+08:00,btc-updown-5m-1789239900,https://polymarket.com/zh/event/btc-updown-5m-1789239900,03:05-03:10,53.00,48.00,52.00,47.00,56.18,724.76,714.38,39.29,52.50,47.50,1.00,1.00,13568.42,14312.69,14307.69,13548.42,52,47,47,52,,77148.16,,
2026-09-13T03:06:38+08:00,btc-updown-5m-1789239900,https://polymarket.com/zh/event/btc-updown-5m-1789239900,03:05-03:10,53.00,48.00,52.00,47.00,44.29,637.76,637.76,26.11,52.50,47.50,1.00,1.00,13053.42,15136.02,15136.02,13548.42,52,47,47,52,,77148.17,,
2026-09-13T03:06:40+08:00,btc-updown-5m-1789239900,https://polymarket.com/zh/event/btc-updown-5m-1789239900,03:05-03:10,54.00,47.00,53.00,46.00,356.02,366.05,331.60,228.96,53.50,46.50,1.00,1.00,14048.42,15136.02,15146.02,13558.42,53,46,46,53,,77148.16,,
2026-09-13T03:06:42+08:00,btc-updown-5m-1789239900,https://polymarket.com/zh/event/btc-updown-5m-1789239900,03:05-03:10,56.00,45.00,55.00,44.00,5.00,891.43,891.43,5.00,55.50,44.50,1.00,1.00,13608.43,15141.02,15136.02,13603.42,55,44,44,55,,77148.17,,
2026-09-13T03:06:44+08:00,btc-updown-5m-1789239900,https://polymarket.com/zh/event/btc-updown-5m-1789239900,03:05-03:10,58.00,43.00,57.00,42.00,348.05,31.67,21.67,344.05,57.50,42.50,1.00,1.00,13103.42,15136.02,15146.02,13618.42,57,42,42,57,,77148.17,,
2026-09-13T03:06:46+08:00,btc-updown-5m-1789239900,https://polymarket.com/zh/event/btc-updown-5m-1789239900,03:05-03:10,58.00,43.00,57.00,42.00,449.30,5.38,5.38,459.30,57.50,42.50,1.00,1.00,13608.42,15141.02,15141.02,13598.42,57,42,42,57,,77148.16,,
2026-09-13T03:06:48+08:00,btc-updown-5m-1789239900,https://polymarket.com/zh/event/btc-updown-5m-1789239900,03:05-03:10,58.00,43.00,57.00,42.00,286.83,55.56,60.00,354.83,57.50,42.50,1.00,1.00,13618.42,15141.02,15141.02,13603.43,57,42,42,57,,77148.16,,
2026-09-13T03:06:50+08:00,btc-updown-5m-1789239900,https://polymarket.com/zh/event/btc-updown-5m-1789239900,03:05-03:10,59.00,42.00,58.00,41.00,294.12,245.07,180.38,241.02,58.50,41.50,1.00,1.00,13107.81,15136.02,15141.02,13622.81,58,41,41,58,,77148.17,,
2026-09-13T03:06:52+08:00,btc-updown-5m-1789239900,https://polymarket.com/zh/event/btc-updown-5m-1789239900,03:05-03:10,58.00,45.00,57.00,44.00,355.14,85.00,21.03,122.32,57.50,44.50,1.00,1.00,13572.82,15136.02,15186.02,13567.81,57,42,44,55,,77148.16,,
2026-09-13T03:06:54+08:00,btc-updown-5m-1789239900,https://polymarket.com/zh/event/btc-updown-5m-1789239900,03:05-03:10,52.00,50.00,51.00,49.00,384.60,80.20,25.29,332.57,51.50,49.50,1.00,1.00,13048.42,15186.02,15201.02,14058.42,51,48,49,50,,77148.17,,
2026-09-13T03:06:55+08:00,btc-updown-5m-1789239900,https://polymarket.com/zh/event/btc-updown-5m-1789239900,03:05-03:10,60.00,47.00,49.00,41.00,9.00,31.68,31.16,9.03,54.50,44.00,11.00,6.00,13520.08,14942.69,14932.69,13525.08,48,40,37,51,,77152.01,,
2026-09-13T03:06:57+08:00,btc-updown-5m-1789239900,https://polymarket.com/zh/event/btc-updown-5m-1789239900,03:05-03:10,73.00,28.00,72.00,27.00,398.62,471.86,462.29,388.62,72.50,27.50,1.00,1.00,14872.47,15105.10,15207.10,14352.47,72,27,27,72,,77160.00,,
2026-09-13T03:06:59+08:00,btc-updown-5m-1789239900,https://polymarket.com/zh/event/btc-updown-5m-1789239900,03:05-03:10,75.00,26.00,74.00,25.00,87.00,228.15,227.00,87.00,74.50,25.50,1.00,1.00,13918.54,15613.68,15613.68,13928.54,74,25,25,74,,77161.67,,
2026-09-13T03:07:02+08:00,btc-updown-5m-1789239900,https://polymarket.com/zh/event/btc-updown-5m-1789239900,03:05-03:10,73.00,28.00,72.00,27.00,175.76,300.87,169.45,30.76,72.50,27.50,1.00,1.00,14289.82,14991.68,14926.68,14421.22,72,27,27,72,,77161.67,,
2026-09-13T03:07:04+08:00,btc-updown-5m-1789239900,https://polymarket.com/zh/event/btc-updown-5m-1789239900,03:05-03:10,74.00,26.00,73.00,25.00,26.88,388.32,383.11,45.00,73.50,25.50,1.00,1.00,14445.23,13642.69,14517.69,14445.22,73,26,25,74,,77161.67,,
2026-09-13T03:07:06+08:00,btc-updown-5m-1789239900,https://polymarket.com/zh/event/btc-updown-5m-1789239900,03:05-03:10,75.00,26.00,74.00,25.00,576.91,111.02,111.02,565.25,74.50,25.50,1.00,1.00,13950.23,15147.69,15147.69,14455.22,74,25,25,74,,77161.68,,
2026-09-13T03:07:08+08:00,btc-updown-5m-1789239900,https://polymarket.com/zh/event/btc-updown-5m-1789239900,03:05-03:10,75.00,27.00,74.00,26.00,486.93,296.71,0.70,337.35,74.50,26.50,1.00,1.00,13945.22,15369.69,15424.69,14455.22,74,25,26,73,,77161.67,,
2026-09-13T03:07:10+08:00,btc-updown-5m-1789239900,https://polymarket.com/zh/event/btc-updown-5m-1789239900,03:05-03:10,62.00,39.00,59.00,38.00,16.66,63.32,85.83,236.57,60.50,38.50,3.00,1.00,13895.22,15278.69,15408.69,14395.22,59,38,38,61,,77161.67,,
2026-09-13T03:07:12+08:00,btc-updown-5m-1789239900,https://polymarket.com/zh/event/btc-updown-5m-1789239900,03:05-03:10,52.00,48.00,51.00,47.00,68.28,86.32,23.24,85.00,51.50,47.50,1.00,1.00,14890.22,15028.69,15038.69,14400.22,51,48,47,52,,77161.68,,
2026-09-13T03:07:14+08:00,btc-updown-5m-1789239900,https://polymarket.com/zh/event/btc-updown-5m-1789239900,03:05-03:10,53.00,48.00,52.00,47.00,173.13,40.20,40.20,152.69,52.50,47.50,1.00,1.00,13895.22,15038.69,15033.69,13890.22,52,47,47,52,,77161.68,,
2026-09-13T03:07:16+08:00,btc-updown-5m-1789239900,https://polymarket.com/zh/event/btc-updown-5m-1789239900,03:05-03:10,53.00,48.00,52.00,47.00,83.32,120.20,220.20,25.00,52.50,47.50,1.00,1.00,14438.05,14988.69,14993.69,13943.05,52,47,47,52,,77161.67,,
2026-09-13T03:07:18+08:00,btc-updown-5m-1789239900,https://polymarket.com/zh/event/btc-updown-5m-1789239900,03:05-03:10,41.00,60.00,40.00,59.00,61.96,162.08,162.30,15.96,40.50,59.50,1.00,1.00,13938.05,15000.69,14994.69,13953.05,40,59,59,40,,77161.67,,
2026-09-13T03:07:20+08:00,btc-updown-5m-1789239900,https://polymarket.com/zh/event/btc-updown-5m-1789239900,03:05-03:10,41.00,60.00,40.00,59.00,109.00,140.41,135.41,109.00,40.50,59.50,1.00,1.00,13943.05,14999.70,14994.69,13938.05,40,59,59,40,,77161.67,,
2026-09-13T03:07:22+08:00,btc-updown-5m-1789239900,https://polymarket.com/zh/event/btc-updown-5m-1789239900,03:05-03:10,41.00,60.00,40.00,59.00,82.44,23.60,28.85,80.32,40.50,59.50,1.00,1.00,13943.05,15039.69,15023.69,13938.05,40,59,59,40,,77161.67,,
2026-09-13T03:07:24+08:00,btc-updown-5m-1789239900,https://polymarket.com/zh/event/btc-updown-5m-1789239900,03:05-03:10,43.00,58.00,42.00,57.00,287.77,113.01,113.01,287.77,42.50,57.50,1.00,1.00,13938.05,15034.69,15053.69,13938.05,42,57,57,42,,77161.67,,
2026-09-13T03:07:26+08:00,btc-updown-5m-1789239900,https://polymarket.com/zh/event/btc-updown-5m-1789239900,03:05-03:10,43.00,58.00,42.00,57.00,385.59,67.92,67.92,383.26,42.50,57.50,1.00,1.00,13988.05,15050.69,15054.70,13953.05,42,57,57,42,,77161.66,,
2026-09-13T03:07:28+08:00,btc-updown-5m-1789239900,https://polymarket.com/zh/event/btc-updown-5m-1789239900,03:05-03:10,40.00,61.00,39.00,60.00,202.36,13.04,13.04,242.08,39.50,60.50,1.00,1.00,13953.05,15048.69,15038.69,13943.05,39,60,60,39,,77161.66,,
2026-09-13T03:07:30+08:00,btc-updown-5m-1789239900,https://polymarket.com/zh/event/btc-updown-5m-1789239900,03:05-03:10,44.00,57.00,43.00,56.00,187.27,21.30,21.30,201.39,43.50,56.50,1.00,1.00,13998.05,15044.69,15023.76,13971.12,43,56,55,43,,77161.66,,
2026-09-13T03:07:32+08:00,btc-updown-5m-1789239900,https://polymarket.com/zh/event/btc-updown-5m-1789239900,03:05-03:10,44.00,56.00,43.00,55.00,69.09,189.62,48.03,16.05,43.50,55.50,1.00,1.00,13971.12,15082.76,15091.77,13997.50,43,55,54,44,,77161.66,,
2026-09-13T03:07:34+08:00,btc-updown-5m-1789239900,https://polymarket.com/zh/event/btc-updown-5m-1789239900,03:05-03:10,45.00,56.00,44.00,55.00,315.68,46.38,46.00,315.68,44.50,55.50,1.00,1.00,13993.35,15093.76,15092.76,13948.35,44,55,55,44,,77161.67,,
2026-09-13T03:07:36+08:00,btc-updown-5m-1789239900,https://polymarket.com/zh/event/btc-updown-5m-1789239900,03:05-03:10,46.00,55.00,45.00,54.00,90.00,178.32,243.32,141.52,45.50,54.50,1.00,1.00,13743.35,14832.76,14821.76,13728.35,45,54,54,45,,77161.67,,
2026-09-13T03:07:38+08:00,btc-updown-5m-1789239900,https://polymarket.com/zh/event/btc-updown-5m-1789239900,03:05-03:10,47.00,54.00,46.00,53.00,412.38,20.20,15.20,412.38,46.50,53.50,1.00,1.00,13728.35,14811.76,14817.76,13728.35,46,52,52,46,,77161.66,,
2026-09-13T03:07:41+08:00,btc-updown-5m-1789239900,https://polymarket.com/zh/event/btc-updown-5m-1789239900,03:05-03:10,67.00,32.00,66.00,31.00,112.08,30.00,143.32,187.74,66.50,31.50,1.00,1.00,13698.36,13862.29,13942.74,14683.35,61,33,31,61,,77166.88,,
2026-09-13T03:07:43+08:00,btc-updown-5m-1789239900,https://polymarket.com/zh/event/btc-updown-5m-1789239900,03:05-03:10,69.00,32.00,68.00,31.00,80.00,432.88,364.88,80.00,68.50,31.50,1.00,1.00,14233.35,11560.73,11760.72,14228.35,68,26,26,68,,77166.88,,
2026-09-13T03:07:46+08:00,btc-updown-5m-1789239900,https://polymarket.com/zh/event/btc-updown-5m-1789239900,03:05-03:10,73.00,33.00,72.00,29.00,15.00,134.66,93.32,70.00,72.50,31.00,1.00,4.00,14800.32,10451.73,10651.72,14285.32,72,27,29,67,,77166.88,,
2026-09-13T03:07:48+08:00,btc-updown-5m-1789239900,https://polymarket.com/zh/event/btc-updown-5m-1789239900,03:05-03:10,49.00,52.00,48.00,51.00,109.33,12.38,32.20,109.62,48.50,51.50,1.00,1.00,13790.32,10982.72,10977.72,13785.32,48,49,49,48,,77166.88,,
2026-09-13T03:07:50+08:00,btc-updown-5m-1789239900,https://polymarket.com/zh/event/btc-updown-5m-1789239900,03:05-03:10,36.00,62.00,35.00,61.00,59.62,86.66,0.08,28.00,35.50,61.50,1.00,1.00,13730.32,10778.73,10781.73,13745.32,35,61,58,38,,77166.88,,
2026-09-13T03:07:52+08:00,btc-updown-5m-1789239900,https://polymarket.com/zh/event/btc-updown-5m-1789239900,03:05-03:10,32.00,69.00,31.00,68.00,236.86,34.85,34.10,236.86,31.50,68.50,1.00,1.00,13735.32,10868.73,10859.73,13735.32,31,68,68,31,,77166.88,,
2026-09-13T03:07:54+08:00,btc-updown-5m-1789239900,https://polymarket.com/zh/event/btc-updown-5m-1789239900,03:05-03:10,30.00,72.00,29.00,71.00,308.10,172.40,10.00,198.32,29.50,71.50,1.00,1.00,13730.32,10854.73,10875.74,13735.32,29,70,71,28,,77166.88,,
2026-09-13T03:07:56+08:00,btc-updown-5m-1789239900,https://polymarket.com/zh/event/btc-updown-5m-1789239900,03:05-03:10,31.00,70.00,30.00,69.00,195.00,30.00,35.00,195.00,30.50,69.50,1.00,1.00,12410.32,10728.73,10773.73,12430.32,30,69,69,30,,77166.88,,
2026-09-13T03:07:58+08:00,btc-updown-5m-1789239900,https://polymarket.com/zh/event/btc-updown-5m-1789239900,03:05-03:10,33.00,67.00,32.00,66.00,4.40,45.00,75.00,229.22,32.50,66.50,1.00,1.00,13730.32,10893.76,10893.77,13720.32,32,65,64,33,,77166.88,,
2026-09-13T03:08:00+08:00,btc-updown-5m-1789239900,https://polymarket.com/zh/event/btc-updown-5m-1789239900,03:05-03:10,38.00,63.00,36.00,62.00,11.78,224.65,68.47,20.84,37.00,62.50,2.00,1.00,13715.32,10939.91,10934.90,13725.32,36,59,58,37,,77166.88,,
2026-09-13T03:08:02+08:00,btc-updown-5m-1789239900,https://polymarket.com/zh/event/btc-updown-5m-1789239900,03:05-03:10,39.00,62.00,38.00,61.00,385.95,42.48,42.48,465.95,38.50,61.50,1.00,1.00,13765.32,10923.90,10925.30,13775.32,38,58,58,38,,77166.88,,
2026-09-13T03:08:04+08:00,btc-updown-5m-1789239900,https://polymarket.com/zh/event/btc-updown-5m-1789239900,03:05-03:10,39.00,62.00,38.00,61.00,95.39,56.53,109.73,152.43,38.50,61.50,1.00,1.00,13775.32,11003.31,10987.30,13765.32,38,59,59,38,,77166.88,,
2026-09-13T03:08:06+08:00,btc-updown-5m-1789239900,https://polymarket.com/zh/event/btc-updown-5m-1789239900,03:05-03:10,34.00,67.00,33.00,66.00,5.18,182.32,202.32,17.29,33.50,66.50,1.00,1.00,13730.32,13653.90,13643.91,13775.32,33,63,64,33,,77166.88,,
2026-09-13T03:08:08+08:00,btc-updown-5m-1789239900,https://polymarket.com/zh/event/btc-updown-5m-1789239900,03:05-03:10,38.00,63.00,37.00,62.00,89.73,59.19,59.19,50.51,37.50,62.50,1.00,1.00,13770.32,13621.50,13595.91,13770.32,36,60,60,36,,77166.88,,
2026-09-13T03:08:10+08:00,btc-updown-5m-1789239900,https://polymarket.com/zh/event/btc-updown-5m-1789239900,03:05-03:10,40.00,61.00,39.00,60.00,175.56,95.36,90.36,248.06,39.50,60.50,1.00,1.00,13780.32,13555.90,13595.90,13765.32,39,57,57,39,,77166.88,,
2026-09-13T03:08:12+08:00,btc-updown-5m-1789239900,https://polymarket.com/zh/event/btc-updown-5m-1789239900,03:05-03:10,40.00,61.00,39.00,60.00,45.20,289.54,299.09,45.20,39.50,60.50,1.00,1.00,13765.32,13080.89,13085.89,13775.32,39,58,58,39,,77166.89,,
2026-09-13T03:08:14+08:00,btc-updown-5m-1789239900,https://polymarket.com/zh/event/btc-updown-5m-1789239900,03:05-03:10,41.00,60.00,40.00,59.00,352.01,1.36,6.36,352.01,40.50,59.50,1.00,1.00,13720.32,13076.00,13102.99,13715.32,39,58,58,39,,77166.99,,
2026-09-13T03:08:16+08:00,btc-updown-5m-1789239900,https://polymarket.com/zh/event/btc-updown-5m-1789239900,03:05-03:10,41.00,60.00,40.00,59.00,77.56,275.78,270.78,82.56,40.50,59.50,1.00,1.00,13750.32,13091.99,13076.99,13750.32,40,57,57,40,,77167.00,,
2026-09-13T03:08:18+08:00,btc-updown-5m-1789239900,https://polymarket.com/zh/event/btc-updown-5m-1789239900,03:05-03:10,42.00,59.00,41.00,58.00,95.35,216.36,251.36,95.35,41.50,58.50,1.00,1.00,13755.32,13036.99,13020.99,13750.32,41,56,56,41,,77167.00,,
2026-09-13T03:08:20+08:00,btc-updown-5m-1789239900,https://polymarket.com/zh/event/btc-updown-5m-1789239900,03:05-03:10,42.00,58.00,41.00,57.00,10.35,216.32,353.83,94.38,41.50,57.50,1.00,1.00,13750.32,13209.25,13219.26,13770.32,41,58,57,42,,77166.99,,
2026-09-13T03:08:22+08:00,btc-updown-5m-1789239900,https://polymarket.com/zh/event/btc-updown-5m-1789239900,03:05-03:10,44.00,57.00,43.00,56.00,136.58,90.00,95.30,126.52,43.50,56.50,1.00,1.00,13760.32,13086.99,13253.26,13750.32,43,55,55,43,,77167.00,,
2026-09-13T03:08:24+08:00,btc-updown-5m-1789239900,https://polymarket.com/zh/event/btc-updown-5m-1789239900,03:05-03:10,49.00,52.00,48.00,51.00,22.96,30.20,30.20,17.96,48.50,51.50,1.00,1.00,13755.32,8207.54,8213.55,13755.32,48,51,51,48,,77166.99,,
2026-09-13T03:08:26+08:00,btc-updown-5m-1789239900,https://polymarket.com/zh/event/btc-updown-5m-1789239900,03:05-03:10,4.00,97.00,3.00,96.00,377.88,12.32,8.36,473.88,3.50,96.50,1.00,1.00,8905.79,5198.23,6193.88,9104.75,3,96,96,3,,77130.00,,
2026-09-13T03:08:28+08:00,btc-updown-5m-1789239900,https://polymarket.com/zh/event/btc-updown-5m-1789239900,03:05-03:10,3.00,98.00,2.00,97.00,356.87,32.66,42.66,328.54,2.50,97.50,1.00,1.00,3590.59,5937.89,6003.88,3580.59,2,97,97,2,,77126.44,,
2026-09-13T03:08:30+08:00,btc-updown-5m-1789239900,https://polymarket.com/zh/event/btc-updown-5m-1789239900,03:05-03:10,3.00,98.00,2.00,97.00,227.26,253.35,293.97,188.92,2.50,97.50,1.00,1.00,3708.49,5886.36,5901.36,3667.87,2,97,97,2,,77118.00,,
2026-09-13T03:08:32+08:00,btc-updown-5m-1789239900,https://polymarket.com/zh/event/btc-updown-5m-1789239900,03:05-03:10,3.00,98.00,2.00,97.00,67.48,95.00,299.30,188.74,2.50,97.50,1.00,1.00,3687.82,5851.36,5841.36,3483.52,2,97,97,2,,77118.01,,
2026-09-13T03:08:34+08:00,btc-updown-5m-1789239900,https://polymarket.com/zh/event/btc-updown-5m-1789239900,03:05-03:10,2.00,99.00,1.00,98.00,144.64,3398.41,3323.41,124.64,1.50,98.50,1.00,1.00,3323.41,5853.36,5867.36,3398.41,1,98,98,1,,77118.01,,
2026-09-13T03:08:36+08:00,btc-updown-5m-1789239900,https://polymarket.com/zh/event/btc-updown-5m-1789239900,03:05-03:10,2.00,99.00,1.00,98.00,165.96,3277.39,3383.41,188.96,1.50,98.50,1.00,1.00,3383.41,5841.36,5857.36,3277.39,1,98,98,1,,77118.01,,
2026-09-13T03:08:38+08:00,btc-updown-5m-1789239900,https://polymarket.com/zh/event/btc-updown-5m-1789239900,03:05-03:10,4.00,97.00,3.00,96.00,1343.95,150.00,150.00,1359.58,3.50,96.50,1.00,1.00,3352.39,5841.36,5872.36,3352.39,3,96,96,3,,77118.01,,
2026-09-13T03:08:40+08:00,btc-updown-5m-1789239900,https://polymarket.com/zh/event/btc-updown-5m-1789239900,03:05-03:10,3.00,98.00,2.00,97.00,303.54,85.00,85.00,353.76,2.50,97.50,1.00,1.00,3087.39,5841.36,5852.36,3082.39,2,97,97,2,,77118.01,,
2026-09-13T03:08:42+08:00,btc-updown-5m-1789239900,https://polymarket.com/zh/event/btc-updown-5m-1789239900,03:05-03:10,2.00,99.00,1.00,98.00,98.39,3267.22,3262.22,103.39,1.50,98.50,1.00,1.00,3262.22,5853.36,5861.36,3267.22,1,98,98,1,,77118.01,,
2026-09-13T03:08:44+08:00,btc-updown-5m-1789239900,https://polymarket.com/zh/event/btc-updown-5m-1789239900,03:05-03:10,3.00,98.00,2.00,97.00,283.75,495.08,506.08,288.75,2.50,97.50,1.00,1.00,3740.26,5856.36,5846.36,3729.26,2,97,97,2,,77118.01,,
2026-09-13T03:08:46+08:00,btc-updown-5m-1789239900,https://polymarket.com/zh/event/btc-updown-5m-1789239900,03:05-03:10,3.00,99.00,2.00,98.00,326.17,3122.06,396.95,63.32,2.50,98.50,1.00,1.00,3436.13,5621.36,5621.37,3122.06,2,97,98,1,,77118.01,,
2026-09-13T03:08:48+08:00,btc-updown-5m-1789239900,https://polymarket.com/zh/event/btc-updown-5m-1789239900,03:05-03:10,2.00,99.00,1.00,98.00,178.00,3036.04,3041.04,244.30,1.50,98.50,1.00,1.00,3041.04,5576.36,5577.37,3036.04,1,98,98,1,,77118.01,,
2026-09-13T03:08:50+08:00,btc-updown-5m-1789239900,https://polymarket.com/zh/event/btc-updown-5m-1789239900,03:05-03:10,2.00,99.00,1.00,98.00,114.30,3035.02,3035.02,129.30,1.50,98.50,1.00,1.00,3035.02,5588.36,5572.36,3035.02,1,98,98,1,,77118.02,,
2026-09-13T03:08:52+08:00,btc-updown-5m-1789239900,https://polymarket.com/zh/event/btc-updown-5m-1789239900,03:05-03:10,2.00,99.00,1.00,98.00,563.44,2555.11,2571.23,563.44,1.50,98.50,1.00,1.00,2571.23,5627.36,5616.36,2555.11,1,98,98,1,,77118.01,,
2026-09-13T03:08:54+08:00,btc-updown-5m-1789239900,https://polymarket.com/zh/event/btc-updown-5m-1789239900,03:05-03:10,2.00,99.00,1.00,98.00,608.44,2111.66,2116.66,618.44,1.50,98.50,1.00,1.00,2116.66,5622.36,5627.37,2111.66,1,98,98,1,,77118.01,,
2026-09-13T03:08:56+08:00,btc-updown-5m-1789239900,https://polymarket.com/zh/event/btc-updown-5m-1789239900,03:05-03:10,2.00,99.00,1.00,98.00,603.14,2098.63,2106.66,598.14,1.50,98.50,1.00,1.00,2106.66,5292.77,5281.77,2098.63,1,98,98,1,,77118.01,,
2026-09-13T03:08:58+08:00,btc-updown-5m-1789239900,https://polymarket.com/zh/event/btc-updown-5m-1789239900,03:05-03:10,2.00,99.00,1.00,98.00,665.14,1818.25,1821.63,675.14,1.50,98.50,1.00,1.00,1821.63,5243.69,5242.69,1818.25,1,98,98,1,,77118.01,,
2026-09-13T03:09:00+08:00,btc-updown-5m-1789239900,https://polymarket.com/zh/event/btc-updown-5m-1789239900,03:05-03:10,2.00,99.00,1.00,98.00,660.00,1521.22,1516.22,660.00,1.50,98.50,1.00,1.00,1516.22,5247.70,5218.09,1521.22,1,98,98,1,,77118.02,,
2026-09-13T03:09:02+08:00,btc-updown-5m-1789239900,https://polymarket.com/zh/event/btc-updown-5m-1789239900,03:05-03:10,2.00,99.00,1.00,98.00,1630.00,784.14,986.64,1630.00,1.50,98.50,1.00,1.00,986.64,5196.09,5208.09,784.14,1,98,98,1,,77118.01,,
2026-09-13T03:09:04+08:00,btc-updown-5m-1789239900,https://polymarket.com/zh/event/btc-updown-5m-1789239900,03:05-03:10,2.00,99.00,1.00,98.00,1658.61,684.14,684.14,1653.61,1.50,98.50,1.00,1.00,684.14,5212.09,5202.09,684.14,1,98,98,1,,77118.01,,
2026-09-13T03:09:06+08:00,btc-updown-5m-1789239900,https://polymarket.com/zh/event/btc-updown-5m-1789239900,03:05-03:10,2.00,99.00,1.00,98.00,1415.61,560.54,565.54,1443.61,1.50,98.50,1.00,1.00,565.54,5207.09,5211.09,560.54,1,98,98,1,,77118.01,,
2026-09-13T03:09:08+08:00,btc-updown-5m-1789239900,https://polymarket.com/zh/event/btc-updown-5m-1789239900,03:05-03:10,2.00,99.00,1.00,98.00,1293.61,443.79,458.79,1437.61,1.50,98.50,1.00,1.00,458.79,5223.09,5201.09,443.79,1,98,98,1,,77118.01,,
2026-09-13T03:09:10+08:00,btc-updown-5m-1789239900,https://polymarket.com/zh/event/btc-updown-5m-1789239900,03:05-03:10,1.00,,,99.00,4256.56,,,4266.56,,,,,,5212.09,5208.09,,0,99,99,0,,77118.01,,
2026-09-13T03:09:12+08:00,btc-updown-5m-1789239900,https://polymarket.com/zh/event/btc-updown-5m-1789239900,03:05-03:10,0.10,,,99.90,17.67,,,117.67,,,,,,5202.09,4687.09,,0,101,102,0,,77123.00,,
2026-09-13T03:09:14+08:00,btc-updown-5m-1789239900,https://polymarket.com/zh/event/btc-updown-5m-1789239900,03:05-03:10,0.10,,,99.90,53.67,,,53.67,,,,,,5223.09,4751.09,,0,104,105,0,,77125.45,,
2026-09-13T03:09:16+08:00,btc-updown-5m-1789239900,https://polymarket.com/zh/event/btc-updown-5m-1789239900,03:05-03:10,0.10,,,99.90,177.87,,,177.87,,,,,,4148.09,4164.09,,0,106,106,0,,77125.45,,
2026-09-13T03:09:18+08:00,btc-updown-5m-1789239900,https://polymarket.com/zh/event/btc-updown-5m-1789239900,03:05-03:10,0.10,,,99.90,1103.24,,,1103.24,,,,,,4010.30,4075.30,,0,108,108,0,,77126.25,,
2026-09-13T03:09:20+08:00,btc-updown-5m-1789239900,https://polymarket.com/zh/event/btc-updown-5m-1789239900,03:05-03:10,0.10,,,99.90,5736.25,,,5761.25,,,,,,4620.30,4631.30,,0,108,109,0,,77126.24,,
2026-09-13T03:09:22+08:00,btc-updown-5m-1789239900,https://polymarket.com/zh/event/btc-updown-5m-1789239900,03:05-03:10,0.10,,,99.90,3741.25,,,3741.25,,,,,,4626.30,4636.30,,0,109,110,0,,77126.24,,
2026-09-13T03:09:24+08:00,btc-updown-5m-1789239900,https://polymarket.com/zh/event/btc-updown-5m-1789239900,03:05-03:10,0.10,,,99.90,3910.83,,,3910.83,,,,,,4625.30,4626.30,,0,108,109,0,,77126.24,,
2026-09-13T03:09:26+08:00,btc-updown-5m-1789239900,https://polymarket.com/zh/event/btc-updown-5m-1789239900,03:05-03:10,0.10,,,99.90,4155.83,,,4155.83,,,,,,4642.30,4616.30,,0,107,108,0,,77126.24,,
2026-09-13T03:09:28+08:00,btc-updown-5m-1789239900,https://polymarket.com/zh/event/btc-updown-5m-1789239900,03:05-03:10,0.10,,,99.90,4225.83,,,4225.83,,,,,,4636.30,4616.30,,0,108,108,0,,77126.25,,
2026-09-13T03:09:30+08:00,btc-updown-5m-1789239900,https://polymarket.com/zh/event/btc-updown-5m-1789239900,03:05-03:10,0.10,,,99.90,4225.83,,,4230.83,,,,,,4605.30,4616.30,,0,108,109,0,,77126.24,,
2026-09-13T03:09:32+08:00,btc-updown-5m-1789239900,https://polymarket.com/zh/event/btc-updown-5m-1789239900,03:05-03:10,0.10,,,99.90,4250.83,,,4250.83,,,,,,4632.30,4617.30,,0,109,109,0,,77126.24,,
2026-09-13T03:09:34+08:00,btc-updown-5m-1789239900,https://polymarket.com/zh/event/btc-updown-5m-1789239900,03:05-03:10,0.10,,,99.90,4375.83,,,4375.83,,,,,,4617.30,4633.30,,0,108,109,0,,77126.25,,
2026-09-13T03:09:36+08:00,btc-updown-5m-1789239900,https://polymarket.com/zh/event/btc-updown-5m-1789239900,03:05-03:10,0.10,,,99.90,4385.83,,,4385.83,,,,,,4796.30,5193.30,,0,110,111,0,,77126.24,,
2026-09-13T03:09:38+08:00,btc-updown-5m-1789239900,https://polymarket.com/zh/event/btc-updown-5m-1789239900,03:05-03:10,0.10,,,99.90,4444.45,,,4474.45,,,,,,4616.30,4615.30,,0,110,111,0,,77126.24,,
2026-09-13T03:09:40+08:00,btc-updown-5m-1789239900,https://polymarket.com/zh/event/btc-updown-5m-1789239900,03:05-03:10,0.10,,,99.90,8684.45,,,8694.45,,,,,,4615.30,4611.30,,0,109,110,0,,77126.24,,
2026-09-13T03:09:42+08:00,btc-updown-5m-1789239900,https://polymarket.com/zh/event/btc-updown-5m-1789239900,03:05-03:10,0.10,,,99.90,8694.45,,,8694.45,,,,,,4626.30,4605.30,,0,109,109,0,,77126.24,,
2026-09-13T03:09:44+08:00,btc-updown-5m-1789239900,https://polymarket.com/zh/event/btc-updown-5m-1789239900,03:05-03:10,0.10,,,99.90,8750.22,,,8750.22,,,,,,4621.30,4605.30,,0,110,110,0,,77126.24,,
2026-09-13T03:09:46+08:00,btc-updown-5m-1789239900,https://polymarket.com/zh/event/btc-updown-5m-1789239900,03:05-03:10,0.10,,,99.90,8750.22,,,8750.22,,,,,,4510.30,4516.30,,0,110,110,0,,77126.24,,
2026-09-13T03:09:48+08:00,btc-updown-5m-1789239900,https://polymarket.com/zh/event/btc-updown-5m-1789239900,03:05-03:10,0.10,,,99.90,8750.22,,,8750.22,,,,,,4521.30,4515.30,,0,110,110,0,,77126.24,,
2026-09-13T03:09:50+08:00,btc-updown-5m-1789239900,https://polymarket.com/zh/event/btc-updown-5m-1789239900,03:05-03:10,0.10,,,99.90,8774.52,,,8784.52,,,,,,4927.30,4916.30,,0,110,111,0,,77126.24,,
2026-09-13T03:09:52+08:00,btc-updown-5m-1789239900,https://polymarket.com/zh/event/btc-updown-5m-1789239900,03:05-03:10,0.10,,,99.90,8804.52,,,8804.52,,,,,,4912.30,4916.30,,0,110,110,0,,77126.25,,
2026-09-13T03:09:54+08:00,btc-updown-5m-1789239900,https://polymarket.com/zh/event/btc-updown-5m-1789239900,03:05-03:10,0.10,,,99.90,13324.52,,,13324.52,,,,,,4910.30,4906.30,,0,110,110,0,,77126.24,,
2026-09-13T03:09:56+08:00,btc-updown-5m-1789239900,https://polymarket.com/zh/event/btc-updown-5m-1789239900,03:05-03:10,0.10,,,99.90,13324.52,,,13324.52,,,,,,4906.30,4032.30,,0,110,110,0,,77126.24,,
2026-09-13T03:09:58+08:00,btc-updown-5m-1789239900,https://polymarket.com/zh/event/btc-updown-5m-1789239900,03:05-03:10,0.10,,,99.90,13332.44,,,13332.44,,,,,,4031.30,4026.30,,0,110,110,0,,77126.24,,
2026-09-13T03:10:00+08:00,btc-updown-5m-1789239900,https://polymarket.com/zh/event/btc-updown-5m-1789239900,03:05-03:10,0.10,,,99.90,13284.13,,,17782.82,,,,,,3936.30,3870.05,,0,110,104,0,,77126.24,,
2026-09-13T03:10:02+08:00,btc-updown-5m-1789240200,https://polymarket.com/zh/event/btc-updown-5m-1789240200,03:10-03:15,56.00,45.00,55.00,44.00,551.39,43.65,43.65,586.39,55.50,44.50,1.00,1.00,13348.40,12925.16,12949.16,12838.41,55,44,44,55,77126.24,77126.24,,
2026-09-13T03:10:04+08:00,btc-updown-5m-1789240200,https://polymarket.com/zh/event/btc-updown-5m-1789240200,03:10-03:15,53.00,48.00,52.00,47.00,23.00,383.00,353.00,23.00,52.50,47.50,1.00,1.00,13528.40,13014.16,13009.16,13013.40,52,47,47,52,77126.24,77126.25,,
2026-09-13T03:10:06+08:00,btc-updown-5m-1789240200,https://polymarket.com/zh/event/btc-updown-5m-1789240200,03:10-03:15,53.00,48.00,52.00,47.00,183.84,117.28,114.37,188.84,52.50,47.50,1.00,1.00,13278.45,13264.21,13279.21,13807.45,52,47,47,52,77126.24,77126.24,,
2026-09-13T03:10:08+08:00,btc-updown-5m-1789240200,https://polymarket.com/zh/event/btc-updown-5m-1789240200,03:10-03:15,53.00,48.00,52.00,47.00,63.00,415.22,415.22,63.00,52.50,47.50,1.00,1.00,14247.45,13470.21,13475.21,14252.45,52,47,47,52,77126.24,77126.25,,
2026-09-13T03:10:10+08:00,btc-updown-5m-1789240200,https://polymarket.com/zh/event/btc-updown-5m-1789240200,03:10-03:15,53.00,48.00,52.00,47.00,30.08,347.80,307.66,5.00,52.50,47.50,1.00,1.00,13774.99,13595.21,13580.21,13769.99,52,47,47,52,77126.24,77126.25,,
2026-09-13T03:10:12+08:00,btc-updown-5m-1789240200,https://polymarket.com/zh/event/btc-updown-5m-1789240200,03:10-03:15,54.00,47.00,53.00,46.00,227.30,252.36,278.00,227.30,53.50,46.50,1.00,1.00,14314.99,13585.21,13580.21,14314.99,53,46,46,53,77126.24,77126.25,,
2026-09-13T03:10:14+08:00,btc-updown-5m-1789240200,https://polymarket.com/zh/event/btc-updown-5m-1789240200,03:10-03:15,54.00,47.00,53.00,46.00,159.77,254.86,180.54,145.60,53.50,46.50,1.00,1.00,16889.99,16255.21,16220.21,17399.99,53,46,46,53,77126.24,77126.24,,
2026-09-13T03:10:16+08:00,btc-updown-5m-1789240200,https://polymarket.com/zh/event/btc-updown-5m-1789240200,03:10-03:15,55.00,46.00,54.00,45.00,20.00,560.32,550.32,20.00,54.50,45.50,1.00,1.00,17191.19,16493.81,16503.81,17216.20,54,45,45,54,77126.24,77126.24,,
2026-09-13T03:10:18+08:00,btc-updown-5m-1789240200,https://polymarket.com/zh/event/btc-updown-5m-1789240200,03:10-03:15,40.00,61.00,39.00,60.00,41.00,516.54,511.54,48.50,39.50,60.50,1.00,1.00,15930.25,16342.47,16326.47,15920.25,39,60,60,39,77126.24,77115.78,,
2026-09-13T03:10:20+08:00,btc-updown-5m-1789240200,https://polymarket.com/zh/event/btc-updown-5m-1789240200,03:10-03:15,40.00,61.00,39.00,60.00,32.61,454.46,459.46,37.61,39.50,60.50,1.00,1.00,14501.25,15740.93,15489.93,14250.25,39,60,60,39,77126.24,77115.78,,
2026-09-13T03:10:22+08:00,btc-updown-5m-1789240200,https://polymarket.com/zh/event/btc-updown-5m-1789240200,03:10-03:15,41.00,60.00,40.00,59.00,114.00,125.00,191.66,134.00,40.50,59.50,1.00,1.00,14280.25,15489.93,15483.93,14285.25,40,59,59,40,77126.24,77115.78,,
2026-09-13T03:10:24+08:00,btc-updown-5m-1789240200,https://polymarket.com/zh/event/btc-updown-5m-1789240200,03:10-03:15,42.00,59.00,41.00,58.00,109.76,268.71,253.71,18.00,41.50,58.50,1.00,1.00,14023.25,15243.93,15254.94,14018.25,41,58,57,41,77126.24,77115.78,,
2026-09-13T03:10:26+08:00,btc-updown-5m-1789240200,https://polymarket.com/zh/event/btc-updown-5m-1789240200,03:10-03:15,46.00,55.00,45.00,54.00,411.16,85.00,85.00,413.98,45.50,54.50,1.00,1.00,13783.25,14998.93,15018.94,13798.25,45,54,54,45,77126.24,77115.78,,
2026-09-13T03:10:28+08:00,btc-updown-5m-1789240200,https://polymarket.com/zh/event/btc-updown-5m-1789240200,03:10-03:15,44.00,57.00,43.00,56.00,71.75,413.55,408.55,71.75,43.50,56.50,1.00,1.00,13538.25,14769.93,14768.94,13548.25,43,56,56,43,77126.24,77115.78,,
2026-09-13T03:10:30+08:00,btc-updown-5m-1789240200,https://polymarket.com/zh/event/btc-updown-5m-1789240200,03:10-03:15,49.00,49.00,48.00,48.00,87.16,225.66,150.07,87.45,48.50,48.50,1.00,1.00,13073.25,13424.93,13403.93,13573.26,48,51,48,51,77126.24,77115.79,,
2026-09-13T03:10:32+08:00,btc-updown-5m-1789240200,https://polymarket.com/zh/event/btc-updown-5m-1789240200,03:10-03:15,62.00,38.00,60.00,37.00,71.19,88.31,47.14,92.76,61.00,37.50,2.00,1.00,12833.25,13113.93,13148.93,13823.26,60,38,37,62,77126.24,77115.79,,
2026-09-13T03:10:34+08:00,btc-updown-5m-1789240200,https://polymarket.com/zh/event/btc-updown-5m-1789240200,03:10-03:15,64.00,37.00,63.00,36.00,90.04,75.12,93.12,90.04,63.50,36.50,1.00,1.00,13118.25,12883.93,12873.93,13108.25,63,36,36,63,77126.24,77115.79,,
2026-09-13T03:10:36+08:00,btc-updown-5m-1789240200,https://polymarket.com/zh/event/btc-updown-5m-1789240200,03:10-03:15,58.00,43.00,57.00,42.00,114.16,240.10,30.55,61.29,57.50,42.50,1.00,1.00,12588.25,12955.74,12970.74,12598.26,57,42,42,57,77126.24,77115.78,,
2026-09-13T03:10:38+08:00,btc-updown-5m-1789240200,https://polymarket.com/zh/event/btc-updown-5m-1789240200,03:10-03:15,56.00,45.00,55.00,44.00,164.54,391.12,391.12,169.54,55.50,44.50,1.00,1.00,13104.25,12981.86,13027.22,13099.26,55,44,44,55,77126.24,77115.78,,
2026-09-13T03:10:40+08:00,btc-updown-5m-1789240200,https://polymarket.com/zh/event/btc-updown-5m-1789240200,03:10-03:15,58.00,43.00,57.00,42.00,165.30,182.68,182.68,256.30,57.50,42.50,1.00,1.00,12039.26,12845.33,12860.33,12554.25,57,42,42,57,77126.24,77115.78,,
2026-09-13T03:10:42+08:00,btc-updown-5m-1789240200,https://polymarket.com/zh/event/btc-updown-5m-1789240200,03:10-03:15,54.00,47.00,53.00,46.00,5.20,240.00,160.00,35.20,53.50,46.50,1.00,1.00,12039.26,12650.33,12645.33,12039.25,53,46,46,53,77126.24,77115.78,,
2026-09-13T03:10:44+08:00,btc-updown-5m-1789240200,https://polymarket.com/zh/event/btc-updown-5m-1789240200,03:10-03:15,54.00,47.00,53.00,46.00,400.44,196.92,196.92,405.44,53.50,46.50,1.00,1.00,12080.25,12650.33,12645.33,12575.26,53,46,46,53,77126.24,77115.78,,
2026-09-13T03:10:46+08:00,btc-updown-5m-1789240200,https://polymarket.com/zh/event/btc-updown-5m-1789240200,03:10-03:15,54.00,47.00,53.00,46.00,338.79,114.10,114.10,343.79,53.50,46.50,1.00,1.00,12575.25,12605.33,12595.33,12560.25,53,46,46,53,77126.24,77115.78,,
2026-09-13T03:10:48+08:00,btc-updown-5m-1789240200,https://polymarket.com/zh/event/btc-updown-5m-1789240200,03:10-03:15,53.00,48.00,52.00,47.00,206.52,105.06,105.06,236.52,52.50,47.50,1.00,1.00,12615.25,12595.33,12595.33,12120.25,51,47,47,51,77126.24,77115.78,,
2026-09-13T03:10:50+08:00,btc-updown-5m-1789240200,https://polymarket.com/zh/event/btc-updown-5m-1789240200,03:10-03:15,47.00,54.00,46.00,53.00,144.72,377.04,387.32,123.72,46.50,53.50,1.00,1.00,11800.25,12609.66,12613.66,11795.25,46,53,53,46,77126.24,77112.23,,
2026-09-13T03:10:52+08:00,btc-updown-5m-1789240200,https://polymarket.com/zh/event/btc-updown-5m-1789240200,03:10-03:15,47.00,55.00,46.00,54.00,303.00,10.00,35.85,213.32,46.50,54.50,1.00,1.00,11855.25,13518.66,13529.66,11840.25,46,53,54,45,77126.24,77112.23,,
2026-09-13T03:10:54+08:00,btc-updown-5m-1789240200,https://polymarket.com/zh/event/btc-updown-5m-1789240200,03:10-03:15,45.00,56.00,44.00,55.00,223.18,57.65,72.65,233.18,44.50,55.50,1.00,1.00,11895.25,13293.66,13299.66,11885.25,44,55,55,44,77126.24,77112.23,,
2026-09-13T03:10:56+08:00,btc-updown-5m-1789240200,https://polymarket.com/zh/event/btc-updown-5m-1789240200,03:10-03:15,42.00,59.00,41.00,58.00,24.00,141.13,142.83,109.00,41.50,58.50,1.00,1.00,11420.25,12819.66,12808.66,11410.25,41,58,58,41,77126.24,77110.00,,
2026-09-13T03:10:58+08:00,btc-updown-5m-1789240200,https://polymarket.com/zh/event/btc-updown-5m-1789240200,03:10-03:15,42.00,59.00,41.00,58.00,109.00,133.18,109.57,109.00,41.50,58.50,1.00,1.00,11410.25,12798.66,12818.66,11390.25,41,58,58,41,77126.24,77110.00,,
2026-09-13T03:11:00+08:00,btc-updown-5m-1789240200,https://polymarket.com/zh/event/btc-updown-5m-1789240200,03:10-03:15,43.00,58.00,42.00,57.00,123.90,234.75,149.75,52.00,42.50,57.50,1.00,1.00,10890.25,12197.99,12182.99,10880.25,42,57,57,42,77126.24,77110.00,,
2026-09-13T03:11:02+08:00,btc-updown-5m-1789240200,https://polymarket.com/zh/event/btc-updown-5m-1789240200,03:10-03:15,43.00,57.00,42.00,56.00,24.67,104.99,195.09,100.00,42.50,56.50,1.00,1.00,8875.25,10182.00,10182.99,8875.25,42,57,56,43,77126.24,77110.01,,
2026-09-13T03:11:04+08:00,btc-updown-5m-1789240200,https://polymarket.com/zh/event/btc-updown-5m-1789240200,03:10-03:15,47.00,54.00,46.00,53.00,60.70,442.66,342.66,21.00,46.50,53.50,1.00,1.00,8400.25,9667.99,9652.00,8400.25,46,53,53,46,77126.24,77110.00,,
2026-09-13T03:11:06+08:00,btc-updown-5m-1789240200,https://polymarket.com/zh/event/btc-updown-5m-1789240200,03:10-03:15,47.00,55.00,46.00,54.00,264.98,202.00,10.00,225.66,46.50,54.50,1.00,1.00,8346.25,9659.99,9660.00,8336.25,46,53,54,45,77126.24,77115.79,,
2026-09-13T03:11:08+08:00,btc-updown-5m-1789240200,https://polymarket.com/zh/event/btc-updown-5m-1789240200,03:10-03:15,46.00,55.00,45.00,54.00,121.25,242.69,253.15,121.25,45.50,54.50,1.00,1.00,8286.25,9554.99,9570.00,8296.25,45,54,54,45,77126.24,77115.78,,
2026-09-13T03:11:10+08:00,btc-updown-5m-1789240200,https://polymarket.com/zh/event/btc-updown-5m-1789240200,03:10-03:15,47.00,54.00,46.00,53.00,182.57,221.81,231.81,182.57,46.50,53.50,1.00,1.00,8296.25,9608.99,9615.00,8286.25,46,53,53,46,77126.24,77115.78,,
2026-09-13T03:11:12+08:00,btc-updown-5m-1789240200,https://polymarket.com/zh/event/btc-updown-5m-1789240200,03:10-03:15,58.00,41.00,57.00,40.00,10.87,162.32,236.63,67.17,57.50,40.50,1.00,1.00,8680.25,9386.99,9396.99,8184.25,57,42,40,59,77126.24,77115.78,,
2026-09-13T03:11:14+08:00,btc-updown-5m-1789240200,https://polymarket.com/zh/event/btc-updown-5m-1789240200,03:10-03:15,64.00,38.00,63.00,37.00,420.89,109.47,35.32,309.26,63.50,37.50,1.00,1.00,9159.25,9396.99,9386.99,8664.25,63,36,37,62,77126.24,77115.78,,
2026-09-13T03:11:16+08:00,btc-updown-5m-1789240200,https://polymarket.com/zh/event/btc-updown-5m-1789240200,03:10-03:15,63.00,38.00,62.00,37.00,187.74,77.80,77.80,187.74,62.50,37.50,1.00,1.00,9159.25,9386.99,9401.99,8169.25,62,37,37,62,77126.24,77115.78,,
2026-09-13T03:11:18+08:00,btc-updown-5m-1789240200,https://polymarket.com/zh/event/btc-updown-5m-1789240200,03:10-03:15,63.00,38.00,62.00,37.00,101.55,216.12,224.02,104.86,62.50,37.50,1.00,1.00,8963.25,9250.99,9240.99,7953.25,62,37,37,62,77126.24,77115.78,,
2026-09-13T03:11:21+08:00,btc-updown-5m-1789240200,https://polymarket.com/zh/event/btc-updown-5m-1789240200,03:10-03:15,64.00,37.00,63.00,36.00,299.42,345.38,350.38,304.42,63.50,36.50,1.00,1.00,8468.25,9255.99,9240.99,7953.25,63,36,36,63,77126.24,77115.78,,
2026-09-13T03:11:23+08:00,btc-updown-5m-1789240200,https://polymarket.com/zh/event/btc-updown-5m-1789240200,03:10-03:15,64.00,37.00,63.00,36.00,274.61,249.70,249.70,274.61,63.50,36.50,1.00,1.00,8468.25,9255.99,9245.99,8458.25,63,36,36,63,77126.24,77115.79,,
2026-09-13T03:11:24+08:00,btc-updown-5m-1789240200,https://polymarket.com/zh/event/btc-updown-5m-1789240200,03:10-03:15,64.00,37.00,63.00,36.00,156.60,136.44,221.44,156.60,63.50,36.50,1.00,1.00,8463.25,9255.99,9240.99,7963.25,63,36,36,63,77126.24,77115.78,,
2026-09-13T03:11:26+08:00,btc-updown-5m-1789240200,https://polymarket.com/zh/event/btc-updown-5m-1789240200,03:10-03:15,62.00,39.00,61.00,38.00,253.00,110.00,110.00,253.00,61.50,38.50,1.00,1.00,7903.25,9245.99,9245.99,7903.25,61,38,38,61,77126.24,77115.78,,
2026-09-13T03:11:28+08:00,btc-updown-5m-1789240200,https://polymarket.com/zh/event/btc-updown-5m-1789240200,03:10-03:15,61.00,40.00,60.00,39.00,209.36,159.62,331.19,204.36,60.50,39.50,1.00,1.00,7908.25,9249.23,9264.23,8413.25,60,39,39,60,77126.24,77115.78,,
2026-09-13T03:11:30+08:00,btc-updown-5m-1789240200,https://polymarket.com/zh/event/btc-updown-5m-1789240200,03:10-03:15,60.00,41.00,59.00,40.00,116.66,135.25,105.00,260.33,59.50,40.50,1.00,1.00,8413.25,9309.23,9299.23,8403.25,59,40,40,59,77126.24,77115.78,,
2026-09-13T03:11:32+08:00,btc-updown-5m-1789240200,https://polymarket.com/zh/event/btc-updown-5m-1789240200,03:10-03:15,58.00,43.00,57.00,42.00,201.59,105.75,105.75,206.59,57.50,42.50,1.00,1.00,7736.25,8572.23,8587.23,7236.25,57,42,42,57,77126.24,77115.78,,
2026-09-13T03:11:34+08:00,btc-updown-5m-1789240200,https://polymarket.com/zh/event/btc-updown-5m-1789240200,03:10-03:15,58.00,43.00,57.00,42.00,233.11,253.64,82.31,216.27,57.50,42.50,1.00,1.00,7696.25,8577.23,8572.23,7176.25,57,42,42,57,77126.24,77115.78,,
2026-09-13T03:11:36+08:00,btc-updown-5m-1789240200,https://polymarket.com/zh/event/btc-updown-5m-1789240200,03:10-03:15,60.00,40.00,59.00,39.00,10.00,274.67,211.66,36.72,59.50,39.50,1.00,1.00,7692.25,8522.23,8537.23,7206.25,59,40,39,60,77126.24,77115.79,,
2026-09-13T03:11:39+08:00,btc-updown-5m-1789240200,https://polymarket.com/zh/event/btc-updown-5m-1789240200,03:10-03:15,60.00,41.00,59.00,40.00,130.40,48.41,48.41,130.40,59.50,40.50,1.00,1.00,7691.25,8527.23,8522.23,8176.25,59,40,40,59,77126.24,77115.78,,
2026-09-13T03:11:41+08:00,btc-updown-5m-1789240200,https://polymarket.com/zh/event/btc-updown-5m-1789240200,03:10-03:15,59.00,42.00,58.00,41.00,248.32,69.76,75.00,248.32,58.50,41.50,1.00,1.00,7186.26,8572.23,8582.23,8181.25,58,41,41,58,77126.24,77115.78,,
2026-09-13T03:11:43+08:00,btc-updown-5m-1789240200,https://polymarket.com/zh/event/btc-updown-5m-1789240200,03:10-03:15,58.00,43.00,57.00,42.00,258.93,97.51,110.61,263.93,57.50,42.50,1.00,1.00,7691.25,8572.23,8587.23,7211.26,57,42,42,57,77126.24,77115.78,,
2026-09-13T03:11:45+08:00,btc-updown-5m-1789240200,https://polymarket.com/zh/event/btc-updown-5m-1789240200,03:10-03:15,60.00,40.00,59.00,39.00,26.93,381.80,352.32,35.50,59.50,39.50,1.00,1.00,7676.25,8522.23,8542.23,7246.26,59,40,39,60,77126.24,77115.78,,
2026-09-13T03:11:47+08:00,btc-updown-5m-1789240200,https://polymarket.com/zh/event/btc-updown-5m-1789240200,03:10-03:15,69.00,32.00,68.00,31.00,135.17,74.42,74.42,101.90,68.50,31.50,1.00,1.00,8226.25,8531.47,8541.47,7247.25,68,31,31,68,77126.24,77115.78,,
2026-09-13T03:11:49+08:00,btc-updown-5m-1789240200,https://polymarket.com/zh/event/btc-updown-5m-1789240200,03:10-03:15,69.00,32.00,68.00,31.00,27.57,192.98,192.98,22.57,68.50,31.50,1.00,1.00,7231.25,8553.47,8548.47,7726.25,68,31,31,68,77126.24,77115.79,,
2026-09-13T03:11:51+08:00,btc-updown-5m-1789240200,https://polymarket.com/zh/event/btc-updown-5m-1789240200,03:10-03:15,76.00,25.00,75.00,24.00,191.12,21.37,33.40,78.63,75.50,24.50,1.00,1.00,7726.25,7223.47,7228.47,7236.25,75,24,24,75,77126.24,77115.78,,
2026-09-13T03:11:53+08:00,btc-updown-5m-1789240200,https://polymarket.com/zh/event/btc-updown-5m-1789240200,03:10-03:15,82.00,19.00,81.00,18.00,229.06,114.08,198.19,191.27,81.50,18.50,1.00,1.00,7231.25,7223.47,7228.47,7731.25,81,18,18,81,77126.24,77115.78,,
2026-09-13T03:11:55+08:00,btc-updown-5m-1789240200,https://polymarket.com/zh/event/btc-updown-5m-1789240200,03:10-03:15,88.00,13.00,87.00,12.00,25.00,30.00,5.00,96.99,87.50,12.50,1.00,1.00,7741.25,4887.81,4887.81,7726.25,87,12,12,87,77126.24,77115.78,,
2026-09-13T03:11:57+08:00,btc-updown-5m-1789240200,https://polymarket.com/zh/event/btc-updown-5m-1789240200,03:10-03:15,87.00,20.00,86.00,18.00,7.92,150.91,5.00,26.66,86.50,19.00,1.00,2.00,7003.59,4973.33,4978.33,6971.66,84,12,18,80,77126.24,77128.37,,
2026-09-13T03:11:59+08:00,btc-updown-5m-1789240200,https://polymarket.com/zh/event/btc-updown-5m-1789240200,03:10-03:15,75.00,26.00,74.00,25.00,167.34,79.07,214.98,184.63,74.50,25.50,1.00,1.00,6652.45,7505.93,6630.93,6162.45,74,25,24,74,77126.24,77135.08,,
2026-09-13T03:12:01+08:00,btc-updown-5m-1789240200,https://polymarket.com/zh/event/btc-updown-5m-1789240200,03:10-03:15,74.00,27.00,73.00,26.00,115.06,63.33,69.74,118.60,73.50,26.50,1.00,1.00,5920.12,7188.93,7188.93,5415.12,73,26,25,73,77126.24,77135.08,,
2026-09-13T03:12:03+08:00,btc-updown-5m-1789240200,https://polymarket.com/zh/event/btc-updown-5m-1789240200,03:10-03:15,77.00,24.00,76.00,23.00,508.86,120.83,100.83,508.86,76.50,23.50,1.00,1.00,5976.77,7026.93,7026.93,5526.77,76,21,23,76,77126.24,77135.08,,
2026-09-13T03:12:05+08:00,btc-updown-5m-1789240200,https://polymarket.com/zh/event/btc-updown-5m-1789240200,03:10-03:15,76.00,26.00,75.00,25.00,350.80,124.00,29.76,249.68,75.50,25.50,1.00,1.00,5752.08,6953.93,6971.70,6247.09,75,24,25,74,77126.24,77135.08,,
2026-09-13T03:12:07+08:00,btc-updown-5m-1789240200,https://polymarket.com/zh/event/btc-updown-5m-1789240200,03:10-03:15,75.00,26.00,74.00,25.00,337.87,30.00,124.30,662.36,74.50,25.50,1.00,1.00,6791.08,6890.70,6890.70,5796.08,74,25,25,74,77126.24,77135.09,,
2026-09-13T03:12:09+08:00,btc-updown-5m-1789240200,https://polymarket.com/zh/event/btc-updown-5m-1789240200,03:10-03:15,72.00,29.00,71.00,28.00,489.03,131.12,126.12,202.61,71.50,28.50,1.00,1.00,6236.69,6903.55,6903.55,5731.69,71,28,28,71,77126.24,77135.09,,
2026-09-13T03:12:11+08:00,btc-updown-5m-1789240200,https://polymarket.com/zh/event/btc-updown-5m-1789240200,03:10-03:15,73.00,28.00,72.00,27.00,438.56,169.00,164.00,205.03,72.50,27.50,1.00,1.00,5741.70,6903.55,6903.55,5731.69,72,27,27,72,77126.24,77135.08,,
2026-09-13T03:12:13+08:00,btc-updown-5m-1789240200,https://polymarket.com/zh/event/btc-updown-5m-1789240200,03:10-03:15,73.00,27.00,72.00,25.00,38.64,274.77,236.00,196.92,72.50,26.00,1.00,2.00,5781.69,6903.55,6903.55,6796.70,72,26,25,73,77126.24,77135.08,,
2026-09-13T03:12:16+08:00,btc-updown-5m-1789240200,https://polymarket.com/zh/event/btc-updown-5m-1789240200,03:10-03:15,86.00,14.00,85.00,13.00,102.56,62.67,109.48,233.75,85.50,13.50,1.00,1.00,6246.69,6919.55,7000.55,6736.69,85,14,13,86,77126.24,77135.08,,
2026-09-13T03:12:18+08:00,btc-updown-5m-1789240200,https://polymarket.com/zh/event/btc-updown-5m-1789240200,03:10-03:15,87.00,13.00,86.00,12.00,14.00,204.94,199.76,94.62,86.50,12.50,1.00,1.00,6241.69,7196.82,7282.82,6251.69,86,13,12,87,77126.24,77135.09,,
2026-09-13T03:12:20+08:00,btc-updown-5m-1789240200,https://polymarket.com/zh/event/btc-updown-5m-1789240200,03:10-03:15,93.00,9.00,92.00,8.00,219.86,38.89,5.00,28.23,92.50,8.50,1.00,1.00,6246.69,7044.82,7044.82,6236.69,92,7,8,91,77126.24,77135.08,,
2026-09-13T03:12:22+08:00,btc-updown-5m-1789240200,https://polymarket.com/zh/event/btc-updown-5m-1789240200,03:10-03:15,93.00,8.00,92.00,7.00,198.93,107.73,107.73,181.06,92.50,7.50,1.00,1.00,6751.69,7054.82,7054.82,6256.69,92,7,7,92,77126.24,77135.09,,
2026-09-13T03:12:24+08:00,btc-updown-5m-1789240200,https://polymarket.com/zh/event/btc-updown-5m-1789240200,03:10-03:15,91.00,10.00,90.00,9.00,185.19,52.18,114.42,158.95,90.50,9.50,1.00,1.00,6471.64,7039.82,7039.82,6456.64,90,9,9,90,77126.24,77135.08,,
2026-09-13T03:12:26+08:00,btc-updown-5m-1789240200,https://polymarket.com/zh/event/btc-updown-5m-1789240200,03:10-03:15,93.00,7.00,92.00,6.00,10.00,6.42,53.32,21.60,92.50,6.50,1.00,1.00,6461.64,7080.13,4291.46,6461.64,92,7,6,93,77126.24,77135.08,,
2026-09-13T03:12:28+08:00,btc-updown-5m-1789240200,https://polymarket.com/zh/event/btc-updown-5m-1789240200,03:10-03:15,94.00,7.00,93.00,6.00,153.88,85.00,85.00,148.88,93.50,6.50,1.00,1.00,5986.12,4434.76,4434.76,6001.12,93,6,6,93,77126.24,77135.08,,
2026-09-13T03:12:30+08:00,btc-updown-5m-1789240200,https://polymarket.com/zh/event/btc-updown-5m-1789240200,03:10-03:15,93.00,8.00,92.00,7.00,90.00,115.17,125.40,90.00,92.50,7.50,1.00,1.00,6496.13,4477.44,4477.44,6491.12,92,7,7,92,77126.24,77135.09,,
2026-09-13T03:12:32+08:00,btc-updown-5m-1789240200,https://polymarket.com/zh/event/btc-updown-5m-1789240200,03:10-03:15,92.00,9.00,91.00,8.00,116.66,201.71,129.51,90.00,91.50,8.50,1.00,1.00,5751.12,4397.44,4397.44,6191.12,91,8,8,91,77126.24,77135.09,,
2026-09-13T03:12:34+08:00,btc-updown-5m-1789240200,https://polymarket.com/zh/event/btc-updown-5m-1789240200,03:10-03:15,93.00,8.00,92.00,7.00,85.00,216.98,229.48,85.00,92.50,7.50,1.00,1.00,6691.12,4357.44,4357.44,6186.12,92,7,7,92,77126.24,77135.09,,
2026-09-13T03:12:36+08:00,btc-updown-5m-1789240200,https://polymarket.com/zh/event/btc-updown-5m-1789240200,03:10-03:15,92.00,10.00,91.00,9.00,147.71,219.05,11.97,135.00,91.50,9.50,1.00,1.00,6241.13,4197.44,4197.44,6231.12,91,8,9,90,77126.24,77135.09,,
2026-09-13T03:12:38+08:00,btc-updown-5m-1789240200,https://polymarket.com/zh/event/btc-updown-5m-1789240200,03:10-03:15,90.00,11.00,89.00,10.00,130.00,160.61,160.61,130.00,89.50,10.50,1.00,1.00,6191.13,4327.75,4327.75,6176.12,89,10,10,89,77126.24,77135.09,,
2026-09-13T03:12:39+08:00,btc-updown-5m-1789240200,https://polymarket.com/zh/event/btc-updown-5m-1789240200,03:10-03:15,90.00,11.00,89.00,10.00,111.31,189.61,189.61,106.31,89.50,10.50,1.00,1.00,5676.12,4493.85,4493.85,5681.12,89,10,10,89,77126.24,77135.08,,
2026-09-13T03:12:41+08:00,btc-updown-5m-1789240200,https://polymarket.com/zh/event/btc-updown-5m-1789240200,03:10-03:15,90.00,11.00,89.00,10.00,186.31,29.00,95.95,150.48,89.50,10.50,1.00,1.00,5686.12,4493.85,4493.85,5681.12,89,10,10,89,77126.24,77135.08,,
2026-09-13T03:12:44+08:00,btc-updown-5m-1789240200,https://polymarket.com/zh/event/btc-updown-5m-1789240200,03:10-03:15,91.00,9.00,90.00,7.00,80.00,230.37,276.32,107.23,90.50,8.00,1.00,2.00,6186.12,4293.85,4298.85,6176.13,90,9,7,91,77126.24,77135.08,,
2026-09-13T03:12:46+08:00,btc-updown-5m-1789240200,https://polymarket.com/zh/event/btc-updown-5m-1789240200,03:10-03:15,97.00,4.00,96.00,3.00,587.05,45.95,45.95,587.05,96.50,3.50,1.00,1.00,5741.13,3958.59,3958.59,6236.12,96,3,3,96,77126.24,77135.08,,
2026-09-13T03:12:48+08:00,btc-updown-5m-1789240200,https://polymarket.com/zh/event/btc-updown-5m-1789240200,03:10-03:15,71.00,29.00,67.00,24.00,85.18,10.00,5.00,32.70,69.00,26.50,4.00,5.00,5117.91,6290.20,6580.20,4622.91,66,23,24,64,77126.24,77117.96,,
2026-09-13T03:12:50+08:00,btc-updown-5m-1789240200,https://polymarket.com/zh/event/btc-updown-5m-1789240200,03:10-03:15,80.00,21.00,79.00,20.00,87.25,99.93,110.22,87.25,79.50,20.50,1.00,1.00,4662.90,6194.20,6199.20,4647.90,77,20,20,78,77126.24,77119.99,,
2026-09-13T03:12:52+08:00,btc-updown-5m-1789240200,https://polymarket.com/zh/event/btc-updown-5m-1789240200,03:10-03:15,81.00,19.00,80.00,18.00,15.00,191.66,289.75,106.49,80.50,18.50,1.00,1.00,5602.90,6251.43,6246.43,5092.90,80,19,18,81,77126.24,77119.99,,
2026-09-13T03:12:54+08:00,btc-updown-5m-1789240200,https://polymarket.com/zh/event/btc-updown-5m-1789240200,03:10-03:15,91.00,10.00,90.00,9.00,263.09,208.54,194.54,175.09,90.50,9.50,1.00,1.00,4602.90,6127.43,6393.43,5592.90,90,9,9,90,77126.24,77119.99,,
2026-09-13T03:12:56+08:00,btc-updown-5m-1789240200,https://polymarket.com/zh/event/btc-updown-5m-1789240200,03:10-03:15,92.00,9.00,91.00,8.00,29.22,90.00,90.00,21.98,91.50,8.50,1.00,1.00,5107.90,6417.43,6412.43,5077.90,91,8,8,91,77126.24,77119.99,,
2026-09-13T03:12:58+08:00,btc-updown-5m-1789240200,https://polymarket.com/zh/event/btc-updown-5m-1789240200,03:10-03:15,94.00,7.00,93.00,6.00,90.00,0.80,83.66,164.94,93.50,6.50,1.00,1.00,5077.90,3687.43,3662.58,5597.90,93,6,6,93,77126.24,77119.99,,
2026-09-13T03:13:00+08:00,btc-updown-5m-1789240200,https://polymarket.com/zh/event/btc-updown-5m-1789240200,03:10-03:15,99.00,2.00,98.00,1.00,2166.75,141.60,136.60,2171.75,98.50,1.50,1.00,1.00,5969.56,2166.75,2171.75,5959.56,98,1,1,98,77126.24,77134.04,,
2026-09-13T03:13:02+08:00,btc-updown-5m-1789240200,https://polymarket.com/zh/event/btc-updown-5m-1789240200,03:10-03:15,98.00,3.00,97.00,2.00,189.66,302.55,325.89,170.95,97.50,2.50,1.00,1.00,5451.36,2205.18,2211.62,6446.36,97,2,2,97,77126.24,77134.04,,
2026-09-13T03:13:04+08:00,btc-updown-5m-1789240200,https://polymarket.com/zh/event/btc-updown-5m-1789240200,03:10-03:15,98.00,3.00,97.00,2.00,306.54,326.30,251.30,288.54,97.50,2.50,1.00,1.00,5936.23,2407.06,2384.06,5941.23,97,2,2,97,77126.24,77134.05,,
2026-09-13T03:13:06+08:00,btc-updown-5m-1789240200,https://polymarket.com/zh/event/btc-updown-5m-1789240200,03:10-03:15,97.00,4.00,96.00,3.00,85.00,267.70,267.70,90.00,96.50,3.50,1.00,1.00,5406.23,2397.02,2402.02,5421.23,96,3,3,96,77126.24,77134.04,,
2026-09-13T03:13:08+08:00,btc-updown-5m-1789240200,https://polymarket.com/zh/event/btc-updown-5m-1789240200,03:10-03:15,97.00,2.00,96.00,1.00,90.00,20.00,272.91,2534.22,96.50,1.50,1.00,1.00,5406.23,2275.52,2534.22,5911.23,96,3,1,98,77126.24,77134.04,,
2026-09-13T03:13:10+08:00,btc-updown-5m-1789240200,https://polymarket.com/zh/event/btc-updown-5m-1789240200,03:10-03:15,97.00,3.00,96.00,2.00,25.00,159.98,322.90,185.00,96.50,2.50,1.00,1.00,5856.23,3769.62,3979.62,5371.24,96,3,2,97,77126.24,77140.70,,
2026-09-13T03:13:12+08:00,btc-updown-5m-1789240200,https://polymarket.com/zh/event/btc-updown-5m-1789240200,03:10-03:15,95.00,7.00,89.00,6.00,652.75,35.00,33.91,208.00,92.00,6.50,6.00,1.00,5871.23,4706.43,5080.43,5861.24,89,5,6,93,77126.24,77140.70,,
2026-09-13T03:13:14+08:00,btc-updown-5m-1789240200,https://polymarket.com/zh/event/btc-updown-5m-1789240200,03:10-03:15,93.00,9.00,92.00,8.00,396.39,81.47,115.00,54.00,92.50,8.50,1.00,1.00,5366.23,4720.51,4715.51,5356.23,92,7,8,91,77126.24,77140.71,,
2026-09-13T03:13:16+08:00,btc-updown-5m-1789240200,https://polymarket.com/zh/event/btc-updown-5m-1789240200,03:10-03:15,87.00,14.00,86.00,13.00,266.74,1084.98,1089.98,243.84,86.50,13.50,1.00,1.00,5861.23,4690.51,4792.51,5341.23,86,13,13,86,77126.24,77140.71,,
2026-09-13T03:13:18+08:00,btc-updown-5m-1789240200,https://polymarket.com/zh/event/btc-updown-5m-1789240200,03:10-03:15,86.00,15.00,85.00,14.00,63.69,183.73,331.47,63.45,85.50,14.50,1.00,1.00,5346.23,4797.51,4792.51,5846.23,85,14,14,85,77126.24,77140.70,,
2026-09-13T03:13:20+08:00,btc-updown-5m-1789240200,https://polymarket.com/zh/event/btc-updown-5m-1789240200,03:10-03:15,89.00,13.00,88.00,10.00,30.00,26.84,153.85,69.77,88.50,11.50,1.00,3.00,5346.23,4758.66,4753.66,6351.23,88,11,10,87,77126.24,77140.70,,
2026-09-13T03:13:22+08:00,btc-updown-5m-1789240200,https://polymarket.com/zh/event/btc-updown-5m-1789240200,03:10-03:15,84.00,16.00,83.00,15.00,13.05,69.00,320.94,349.67,83.50,15.50,1.00,1.00,5856.23,4912.66,4927.66,5841.23,83,16,15,84,77126.24,77140.70,,
2026-09-13T03:13:24+08:00,btc-updown-5m-1789240200,https://polymarket.com/zh/event/btc-updown-5m-1789240200,03:10-03:15,84.00,17.00,83.00,16.00,303.03,2.12,17.59,274.37,83.50,16.50,1.00,1.00,5880.18,4715.32,4938.32,6860.18,83,14,14,83,77126.24,77140.71,,
2026-09-13T03:13:26+08:00,btc-updown-5m-1789240200,https://polymarket.com/zh/event/btc-updown-5m-1789240200,03:10-03:15,91.00,11.00,90.00,10.00,105.30,15.00,16.00,122.99,90.50,10.50,1.00,1.00,5930.19,5152.32,5137.32,6915.18,90,9,10,89,77126.24,77140.70,,
2026-09-13T03:13:28+08:00,btc-updown-5m-1789240200,https://polymarket.com/zh/event/btc-updown-5m-1789240200,03:10-03:15,93.00,7.00,92.00,6.00,42.05,61.02,44.53,106.00,92.50,6.50,1.00,1.00,6934.26,4845.48,4925.48,6424.27,92,7,6,93,77126.24,77140.71,,
2026-09-13T03:13:30+08:00,btc-updown-5m-1789240200,https://polymarket.com/zh/event/btc-updown-5m-1789240200,03:10-03:15,94.00,7.00,93.00,6.00,46.80,148.80,120.00,145.00,93.50,6.50,1.00,1.00,6734.26,5251.76,5174.49,5724.26,93,6,6,93,77126.24,77140.71,,
2026-09-13T03:13:32+08:00,btc-updown-5m-1789240200,https://polymarket.com/zh/event/btc-updown-5m-1789240200,03:10-03:15,94.00,7.00,93.00,6.00,1047.94,25.50,20.50,1052.94,93.50,6.50,1.00,1.00,6179.26,4964.99,4964.99,5684.26,93,6,6,93,77126.24,77140.70,,
2026-09-13T03:13:34+08:00,btc-updown-5m-1789240200,https://polymarket.com/zh/event/btc-updown-5m-1789240200,03:10-03:15,94.00,8.00,93.00,7.00,1703.34,133.69,59.88,1565.92,93.50,7.50,1.00,1.00,5684.27,4968.99,2453.39,6255.26,93,6,7,92,77126.24,77140.70,,
2026-09-13T03:13:36+08:00,btc-updown-5m-1789240200,https://polymarket.com/zh/event/btc-updown-5m-1789240200,03:10-03:15,58.00,46.00,57.00,44.00,179.55,15.00,16.66,108.32,57.50,45.00,1.00,2.00,5492.60,2456.06,2441.06,5492.60,52,42,44,54,77126.24,77110.01,,
2026-09-13T03:13:38+08:00,btc-updown-5m-1789240200,https://polymarket.com/zh/event/btc-updown-5m-1789240200,03:10-03:15,59.00,42.00,58.00,41.00,37.66,162.36,353.02,37.26,58.50,41.50,1.00,1.00,5472.60,2501.06,2526.06,5967.60,58,41,41,58,77126.24,77110.01,,
2026-09-13T03:13:40+08:00,btc-updown-5m-1789240200,https://polymarket.com/zh/event/btc-updown-5m-1789240200,03:10-03:15,53.00,48.00,52.00,47.00,225.51,88.41,82.81,230.51,52.50,47.50,1.00,1.00,4972.60,2539.96,2544.96,4882.61,52,47,47,52,77126.24,77110.01,,
2026-09-13T03:13:42+08:00,btc-updown-5m-1789240200,https://polymarket.com/zh/event/btc-updown-5m-1789240200,03:10-03:15,58.00,42.00,57.00,41.00,6.37,322.55,298.32,9.73,57.50,41.50,1.00,1.00,5388.37,2619.75,2644.75,4893.37,57,42,41,58,77126.24,77119.99,,
2026-09-13T03:13:44+08:00,btc-updown-5m-1789240200,https://polymarket.com/zh/event/btc-updown-5m-1789240200,03:10-03:15,60.00,41.00,59.00,40.00,54.66,219.41,239.41,54.66,59.50,40.50,1.00,1.00,5487.37,2654.75,2649.75,4967.37,59,40,40,59,77126.24,77119.99,,
2026-09-13T03:13:46+08:00,btc-updown-5m-1789240200,https://polymarket.com/zh/event/btc-updown-5m-1789240200,03:10-03:15,62.00,39.00,61.00,38.00,102.00,90.00,90.00,77.00,61.50,38.50,1.00,1.00,4977.37,2729.75,2724.75,5467.38,61,37,37,61,77126.24,77119.99,,
2026-09-13T03:13:48+08:00,btc-updown-5m-1789240200,https://polymarket.com/zh/event/btc-updown-5m-1789240200,03:10-03:15,62.00,40.00,61.00,39.00,86.38,105.95,10.00,263.66,61.50,39.50,1.00,1.00,4982.37,2963.65,2953.65,4972.37,61,38,39,60,77126.24,77120.00,,
2026-09-13T03:13:50+08:00,btc-updown-5m-1789240200,https://polymarket.com/zh/event/btc-updown-5m-1789240200,03:10-03:15,65.00,36.00,63.00,35.00,111.89,39.58,23.32,70.00,64.00,35.50,2.00,1.00,5517.38,2918.65,2913.65,5507.37,63,35,35,64,77126.24,77120.00,,
2026-09-13T03:13:52+08:00,btc-updown-5m-1789240200,https://polymarket.com/zh/event/btc-updown-5m-1789240200,03:10-03:15,70.00,31.00,69.00,30.00,20.00,5.07,65.39,20.00,69.50,30.50,1.00,1.00,6012.37,2874.75,2884.75,5512.37,64,30,30,64,77126.24,77120.00,,
2026-09-13T03:13:54+08:00,btc-updown-5m-1789240200,https://polymarket.com/zh/event/btc-updown-5m-1789240200,03:10-03:15,85.00,18.00,84.00,15.00,8.10,11.37,29.66,76.13,84.50,16.50,1.00,3.00,6077.37,2728.75,2688.75,5587.37,77,15,15,74,77126.24,77120.00,,
2026-09-13T03:13:56+08:00,btc-updown-5m-1789240200,https://polymarket.com/zh/event/btc-updown-5m-1789240200,03:10-03:15,88.00,13.00,87.00,12.00,54.67,53.00,53.00,46.78,87.50,12.50,1.00,1.00,4488.73,2639.44,2639.44,4988.72,79,12,12,79,77126.24,77120.00,,
2026-09-13T03:13:58+08:00,btc-updown-5m-1789240200,https://polymarket.com/zh/event/btc-updown-5m-1789240200,03:10-03:15,94.00,7.00,93.00,6.00,1796.53,171.45,161.45,1796.53,93.50,6.50,1.00,1.00,5148.38,2324.44,2324.44,5173.39,71,6,6,71,77126.24,77136.97,,
2026-09-13T03:14:00+08:00,btc-updown-5m-1789240200,https://polymarket.com/zh/event/btc-updown-5m-1789240200,03:10-03:15,92.00,7.00,90.00,6.00,10.00,86.20,167.35,1548.52,91.00,6.50,2.00,1.00,6143.38,2631.15,2532.15,5658.39,60,8,6,66,77126.24,77136.97,,
2026-09-13T03:14:02+08:00,btc-updown-5m-1789240200,https://polymarket.com/zh/event/btc-updown-5m-1789240200,03:10-03:15,91.00,10.00,90.00,9.00,331.15,200.37,200.37,396.15,90.50,9.50,1.00,1.00,5123.38,2482.15,2470.15,5123.38,64,9,9,66,77126.24,77136.96,,
2026-09-13T03:14:04+08:00,btc-updown-5m-1789240200,https://polymarket.com/zh/event/btc-updown-5m-1789240200,03:10-03:15,92.00,9.00,91.00,8.00,479.35,274.46,280.01,462.35,91.50,8.50,1.00,1.00,5133.38,3140.85,3140.85,6123.38,66,8,8,66,77126.24,77136.96,,
2026-09-13T03:14:06+08:00,btc-updown-5m-1789240200,https://polymarket.com/zh/event/btc-updown-5m-1789240200,03:10-03:15,92.00,6.00,91.00,5.00,183.69,266.00,561.62,324.43,91.50,5.50,1.00,1.00,5133.38,2790.15,1777.67,6128.39,51,7,5,53,77126.24,77136.96,,
2026-09-13T03:14:08+08:00,btc-updown-5m-1789240200,https://polymarket.com/zh/event/btc-updown-5m-1789240200,03:10-03:15,97.00,4.00,96.00,3.00,523.85,241.57,246.57,535.71,96.50,3.50,1.00,1.00,5133.39,4095.30,4107.16,5133.39,52,3,3,52,77126.24,77164.66,,
2026-09-13T03:14:10+08:00,btc-updown-5m-1789240200,https://polymarket.com/zh/event/btc-updown-5m-1789240200,03:10-03:15,98.00,3.00,97.00,2.00,2696.15,374.90,409.90,2680.15,97.50,2.50,1.00,1.00,7748.38,4260.88,4244.88,7758.39,55,2,2,56,77126.24,77167.72,,
2026-09-13T03:14:12+08:00,btc-updown-5m-1789240200,https://polymarket.com/zh/event/btc-updown-5m-1789240200,03:10-03:15,98.00,3.00,97.00,2.00,1849.05,218.69,219.77,1745.54,97.50,2.50,1.00,1.00,8253.38,3243.78,3140.27,7758.38,57,2,2,55,77126.24,77167.72,,
2026-09-13T03:14:14+08:00,btc-updown-5m-1789240200,https://polymarket.com/zh/event/btc-updown-5m-1789240200,03:10-03:15,,1.00,99.00,,,1466.88,1475.72,,,,,,7648.95,,,8143.95,58,0,0,58,77126.24,77162.06,,
2026-09-13T03:14:16+08:00,btc-updown-5m-1789240200,https://polymarket.com/zh/event/btc-updown-5m-1789240200,03:10-03:15,,1.00,99.00,,,8793.92,8693.92,,,,,,5023.95,,,5533.96,59,0,0,59,77126.24,77162.06,,
2026-09-13T03:14:18+08:00,btc-updown-5m-1789240200,https://polymarket.com/zh/event/btc-updown-5m-1789240200,03:10-03:15,,1.00,99.00,,,8804.37,8804.37,,,,,,5523.95,,,5523.96,58,0,0,58,77126.24,77162.06,,
2026-09-13T03:14:20+08:00,btc-updown-5m-1789240200,https://polymarket.com/zh/event/btc-updown-5m-1789240200,03:10-03:15,,1.00,99.00,,,9794.10,9544.10,,,,,,5518.95,,,5023.95,54,0,0,54,77126.24,77162.06,,
2026-09-13T03:14:22+08:00,btc-updown-5m-1789240200,https://polymarket.com/zh/event/btc-updown-5m-1789240200,03:10-03:15,,1.00,99.00,,,9812.96,9812.96,,,,,,6023.95,,,5033.95,54,0,0,55,77126.24,77162.06,,
2026-09-13T03:14:24+08:00,btc-updown-5m-1789240200,https://polymarket.com/zh/event/btc-updown-5m-1789240200,03:10-03:15,,1.00,99.00,,,9829.46,9824.46,,,,,,5523.95,,,5538.96,55,0,0,55,77126.24,77162.06,,
2026-09-13T03:14:26+08:00,btc-updown-5m-1789240200,https://polymarket.com/zh/event/btc-updown-5m-1789240200,03:10-03:15,,1.00,99.00,,,10485.77,10485.77,,,,,,5483.96,,,4958.95,55,0,0,55,77126.24,77162.07,,
2026-09-13T03:14:28+08:00,btc-updown-5m-1789240200,https://polymarket.com/zh/event/btc-updown-5m-1789240200,03:10-03:15,,1.00,99.00,,,12742.79,12742.79,,,,,,5468.96,,,5473.95,55,0,0,55,77126.24,77162.06,,
2026-09-13T03:14:30+08:00,btc-updown-5m-1789240200,https://polymarket.com/zh/event/btc-updown-5m-1789240200,03:10-03:15,,1.00,99.00,,,12829.80,12829.80,,,,,,4855.96,,,5860.95,55,0,0,55,77126.24,77162.06,,
2026-09-13T03:14:32+08:00,btc-updown-5m-1789240200,https://polymarket.com/zh/event/btc-updown-5m-1789240200,03:10-03:15,,1.00,99.00,,,20512.40,20512.40,,,,,,5355.95,,,5855.95,54,0,0,54,77126.24,77165.40,,
2026-09-13T03:14:34+08:00,btc-updown-5m-1789240200,https://polymarket.com/zh/event/btc-updown-5m-1789240200,03:10-03:15,,1.00,99.00,,,20647.40,20637.40,,,,,,4895.96,,,5400.95,54,0,0,54,77126.24,77165.41,,
2026-09-13T03:14:36+08:00,btc-updown-5m-1789240200,https://polymarket.com/zh/event/btc-updown-5m-1789240200,03:10-03:15,,1.00,99.00,,,20700.55,20700.55,,,,,,4885.95,,,5390.95,54,0,0,54,77126.24,77165.40,,
2026-09-13T03:14:38+08:00,btc-updown-5m-1789240200,https://polymarket.com/zh/event/btc-updown-5m-1789240200,03:10-03:15,,1.00,99.00,,,21371.55,21361.55,,,,,,4890.95,,,5400.95,54,0,0,54,77126.24,77165.41,,
2026-09-13T03:14:40+08:00,btc-updown-5m-1789240200,https://polymarket.com/zh/event/btc-updown-5m-1789240200,03:10-03:15,,1.00,99.00,,,22904.22,22904.22,,,,,,5905.95,,,5385.95,54,0,0,54,77126.24,77165.41,,
2026-09-13T03:14:42+08:00,btc-updown-5m-1789240200,https://polymarket.com/zh/event/btc-updown-5m-1789240200,03:10-03:15,,1.00,99.00,,,22836.22,22836.22,,,,,,4900.95,,,5390.96,51,0,0,51,77126.24,77165.41,,
2026-09-13T03:14:44+08:00,btc-updown-5m-1789240200,https://polymarket.com/zh/event/btc-updown-5m-1789240200,03:10-03:15,,1.00,99.00,,,22668.95,22668.95,,,,,,4890.95,,,4900.96,51,0,0,51,77126.24,77165.40,,
2026-09-13T03:14:46+08:00,btc-updown-5m-1789240200,https://polymarket.com/zh/event/btc-updown-5m-1789240200,03:10-03:15,,1.00,99.00,,,23018.95,22748.95,,,,,,5749.95,,,5249.95,54,0,0,54,77126.24,77165.40,,
2026-09-13T03:14:48+08:00,btc-updown-5m-1789240200,https://polymarket.com/zh/event/btc-updown-5m-1789240200,03:10-03:15,,1.00,99.00,,,23189.95,23189.95,,,,,,5244.95,,,5254.95,54,0,0,54,77126.24,77165.40,,
2026-09-13T03:14:50+08:00,btc-updown-5m-1789240200,https://polymarket.com/zh/event/btc-updown-5m-1789240200,03:10-03:15,,1.00,99.00,,,28513.05,28503.05,,,,,,6254.95,,,6244.95,55,0,0,55,77126.24,77165.41,,
2026-09-13T03:14:52+08:00,btc-updown-5m-1789240200,https://polymarket.com/zh/event/btc-updown-5m-1789240200,03:10-03:15,,1.00,99.00,,,28373.05,28373.05,,,,,,6244.95,,,6254.95,52,0,0,52,77126.24,77165.40,,
2026-09-13T03:14:54+08:00,btc-updown-5m-1789240200,https://polymarket.com/zh/event/btc-updown-5m-1789240200,03:10-03:15,,1.00,99.00,,,36823.57,36823.57,,,,,,6259.95,,,6244.95,55,0,0,55,77126.24,77165.40,,
2026-09-13T03:14:56+08:00,btc-updown-5m-1789240200,https://polymarket.com/zh/event/btc-updown-5m-1789240200,03:10-03:15,,1.00,99.00,,,36977.35,36977.35,,,,,,4369.95,,,4859.95,36,0,0,36,77126.24,77165.40,,
2026-09-13T03:14:58+08:00,btc-updown-5m-1789240200,https://polymarket.com/zh/event/btc-updown-5m-1789240200,03:10-03:15,,1.00,99.00,,,48046.13,48046.13,,,,,,4379.95,,,4394.95,36,0,0,36,77126.24,77165.40,,
2026-09-13T03:15:00+08:00,btc-updown-5m-1789240500,https://polymarket.com/zh/event/btc-updown-5m-1789240500,03:15-03:20,32.00,69.00,31.00,68.00,197.44,126.92,142.27,192.44,31.50,68.50,1.00,1.00,137710.64,137633.70,137638.70,137730.64,25,56,56,26,77165.40,77165.40,,
2026-09-13T03:15:02+08:00,btc-updown-5m-1789240500,https://polymarket.com/zh/event/btc-updown-5m-1789240500,03:15-03:20,37.00,64.00,36.00,63.00,358.62,279.99,334.00,368.62,36.50,63.50,1.00,1.00,22671.23,22549.29,22614.29,22671.23,36,63,63,36,77165.40,77165.40,,
2026-09-13T03:15:04+08:00,btc-updown-5m-1789240500,https://polymarket.com/zh/event/btc-updown-5m-1789240500,03:15-03:20,37.00,64.00,36.00,63.00,156.41,219.31,224.22,156.41,36.50,63.50,1.00,1.00,22811.23,22734.29,22728.29,22811.23,36,63,63,36,77165.40,77165.40,,
2026-09-13T03:15:06+08:00,btc-updown-5m-1789240500,https://polymarket.com/zh/event/btc-updown-5m-1789240500,03:15-03:20,33.00,68.00,32.00,67.00,42.58,336.15,369.91,45.35,32.50,67.50,1.00,1.00,23027.23,22801.29,22870.29,23037.23,32,66,66,32,77165.40,77165.40,,
2026-09-13T03:15:08+08:00,btc-updown-5m-1789240500,https://polymarket.com/zh/event/btc-updown-5m-1789240500,03:15-03:20,29.00,72.00,28.00,71.00,238.57,73.89,73.89,238.57,28.50,71.50,1.00,1.00,21873.24,23079.29,24046.29,21873.24,27,70,70,27,77165.40,77151.49,,
2026-09-13T03:15:10+08:00,btc-updown-5m-1789240500,https://polymarket.com/zh/event/btc-updown-5m-1789240500,03:15-03:20,29.00,72.00,28.00,71.00,113.18,335.36,324.76,154.00,28.50,71.50,1.00,1.00,22073.94,23181.29,23165.29,22068.94,28,69,69,28,77165.40,77151.49,,
2026-09-13T03:15:12+08:00,btc-updown-5m-1789240500,https://polymarket.com/zh/event/btc-updown-5m-1789240500,03:15-03:20,29.00,72.00,28.00,71.00,334.43,163.18,156.90,324.43,28.50,71.50,1.00,1.00,22018.94,23176.30,23175.29,22018.94,28,71,71,28,77165.40,77151.46,,
2026-09-13T03:15:14+08:00,btc-updown-5m-1789240500,https://polymarket.com/zh/event/btc-updown-5m-1789240500,03:15-03:20,29.00,72.00,28.00,71.00,74.84,310.10,310.10,74.84,28.50,71.50,1.00,1.00,24649.55,23193.30,23165.29,24649.55,28,71,71,28,77165.40,77151.45,,
2026-09-13T03:15:16+08:00,btc-updown-5m-1789240500,https://polymarket.com/zh/event/btc-updown-5m-1789240500,03:15-03:20,29.00,72.00,28.00,71.00,329.94,181.51,181.51,329.94,28.50,71.50,1.00,1.00,24842.15,23438.50,23438.50,24842.15,28,70,70,28,77165.40,77151.45,,
2026-09-13T03:15:18+08:00,btc-updown-5m-1789240500,https://polymarket.com/zh/event/btc-updown-5m-1789240500,03:15-03:20,30.00,71.00,29.00,70.00,255.82,166.00,158.00,260.82,29.50,70.50,1.00,1.00,24253.15,22693.89,22689.89,24253.15,29,69,69,29,77165.40,77151.45,,
2026-09-13T03:15:21+08:00,btc-updown-5m-1789240500,https://polymarket.com/zh/event/btc-updown-5m-1789240500,03:15-03:20,31.00,70.00,30.00,69.00,545.08,186.00,176.00,545.08,30.50,69.50,1.00,1.00,22779.80,21200.55,21202.55,22769.80,30,69,69,30,77165.40,77151.45,,
2026-09-13T03:15:22+08:00,btc-updown-5m-1789240500,https://polymarket.com/zh/event/btc-updown-5m-1789240500,03:15-03:20,30.00,71.00,29.00,70.00,310.86,203.06,174.30,303.95,29.50,70.50,1.00,1.00,22779.80,21190.55,21191.55,22779.80,29,70,70,29,77165.40,77151.45,,
2026-09-13T03:15:25+08:00,btc-updown-5m-1789240500,https://polymarket.com/zh/event/btc-updown-5m-1789240500,03:15-03:20,34.00,67.00,33.00,66.00,175.00,62.00,50.00,320.65,33.50,66.50,1.00,1.00,22569.80,20989.56,20993.55,22769.80,32,66,66,33,77165.40,77149.03,,
2026-09-13T03:15:27+08:00,btc-updown-5m-1789240500,https://polymarket.com/zh/event/btc-updown-5m-1789240500,03:15-03:20,34.00,67.00,33.00,66.00,70.09,257.40,257.40,70.09,33.50,66.50,1.00,1.00,22469.80,20719.55,20730.55,22484.80,33,65,65,33,77165.40,77149.03,,
2026-09-13T03:15:29+08:00,btc-updown-5m-1789240500,https://polymarket.com/zh/event/btc-updown-5m-1789240500,03:15-03:20,33.00,70.00,32.00,68.00,563.05,6.20,5.00,482.65,32.50,69.00,1.00,2.00,22234.80,20484.55,20539.55,22209.80,32,67,68,30,77165.40,77149.02,,
2026-09-13T03:15:31+08:00,btc-updown-5m-1789240500,https://polymarket.com/zh/event/btc-updown-5m-1789240500,03:15-03:20,29.00,72.00,28.00,71.00,267.33,78.59,38.59,188.33,28.50,71.50,1.00,1.00,21569.80,20064.55,20054.56,21569.80,28,71,71,28,77165.40,77146.50,,
2026-09-13T03:15:33+08:00,btc-updown-5m-1789240500,https://polymarket.com/zh/event/btc-updown-5m-1789240500,03:15-03:20,28.00,73.00,27.00,72.00,327.95,164.19,157.29,327.95,27.50,72.50,1.00,1.00,21299.80,19809.55,19583.56,21059.80,27,72,72,27,77165.40,77146.49,,
2026-09-13T03:15:35+08:00,btc-updown-5m-1789240500,https://polymarket.com/zh/event/btc-updown-5m-1789240500,03:15-03:20,29.00,72.00,28.00,71.00,41.16,221.62,119.35,34.56,28.50,71.50,1.00,1.00,21089.80,19589.57,19596.56,21089.80,28,71,71,28,77165.40,77144.76,,
2026-09-13T03:15:37+08:00,btc-updown-5m-1789240500,https://polymarket.com/zh/event/btc-updown-5m-1789240500,03:15-03:20,29.00,72.00,28.00,71.00,25.13,270.73,262.13,25.13,28.50,71.50,1.00,1.00,21069.80,19534.55,19535.55,21069.80,28,71,71,28,77165.40,77144.76,,
2026-09-13T03:15:39+08:00,btc-updown-5m-1789240500,https://polymarket.com/zh/event/btc-updown-5m-1789240500,03:15-03:20,29.00,72.00,28.00,71.00,25.13,322.31,317.31,25.13,28.50,71.50,1.00,1.00,21075.80,19509.55,19494.55,21080.80,28,71,71,28,77165.40,77144.77,,
2026-09-13T03:15:41+08:00,btc-updown-5m-1789240500,https://polymarket.com/zh/event/btc-updown-5m-1789240500,03:15-03:20,29.00,72.00,28.00,71.00,26.68,497.81,502.81,26.68,28.50,71.50,1.00,1.00,20580.80,18950.55,18965.55,20580.80,28,71,71,28,77165.40,77144.77,,
2026-09-13T03:15:43+08:00,btc-updown-5m-1789240500,https://polymarket.com/zh/event/btc-updown-5m-1789240500,03:15-03:20,30.00,71.00,29.00,70.00,342.00,328.44,328.44,347.00,29.50,70.50,1.00,1.00,20525.80,19014.56,19000.55,20525.80,29,70,70,29,77165.40,77144.77,,
2026-09-13T03:15:45+08:00,btc-updown-5m-1789240500,https://polymarket.com/zh/event/btc-updown-5m-1789240500,03:15-03:20,30.00,71.00,29.00,70.00,347.12,326.39,322.80,337.12,29.50,70.50,1.00,1.00,20525.80,18949.56,18961.55,20525.80,29,70,70,29,77165.40,77144.76,,
2026-09-13T03:15:47+08:00,btc-updown-5m-1789240500,https://polymarket.com/zh/event/btc-updown-5m-1789240500,03:15-03:20,30.00,71.00,29.00,70.00,325.92,220.00,286.88,243.25,29.50,70.50,1.00,1.00,20530.80,18965.55,18944.55,20525.80,29,70,70,29,77165.40,77144.76,,
2026-09-13T03:15:49+08:00,btc-updown-5m-1789240500,https://polymarket.com/zh/event/btc-updown-5m-1789240500,03:15-03:20,32.00,69.00,31.00,68.00,261.67,309.56,313.00,261.67,31.50,68.50,1.00,1.00,20656.80,18950.55,18966.55,20661.80,31,68,68,31,77165.40,77144.76,,
2026-09-13T03:15:51+08:00,btc-updown-5m-1789240500,https://polymarket.com/zh/event/btc-updown-5m-1789240500,03:15-03:20,32.00,69.00,31.00,68.00,102.29,561.70,568.95,102.29,31.50,68.50,1.00,1.00,20681.80,18960.56,18944.55,20681.80,31,68,68,31,77165.40,77144.77,,
2026-09-13T03:15:53+08:00,btc-updown-5m-1789240500,https://polymarket.com/zh/event/btc-updown-5m-1789240500,03:15-03:20,32.00,69.00,31.00,68.00,102.29,530.25,530.25,71.04,31.50,68.50,1.00,1.00,20441.80,18710.55,18719.55,20506.80,31,68,68,31,77165.40,77144.76,,
2026-09-13T03:15:55+08:00,btc-updown-5m-1789240500,https://polymarket.com/zh/event/btc-updown-5m-1789240500,03:15-03:20,32.00,69.00,31.00,68.00,76.79,605.25,605.25,81.79,31.50,68.50,1.00,1.00,20426.80,18704.55,18725.56,20441.80,31,68,68,31,77165.40,77144.76,,
2026-09-13T03:15:57+08:00,btc-updown-5m-1789240500,https://polymarket.com/zh/event/btc-updown-5m-1789240500,03:15-03:20,32.00,69.00,31.00,68.00,77.79,598.80,603.80,77.79,31.50,68.50,1.00,1.00,19946.80,18230.55,18245.55,19951.80,31,68,68,31,77165.40,77144.76,,
2026-09-13T03:15:59+08:00,btc-updown-5m-1789240500,https://polymarket.com/zh/event/btc-updown-5m-1789240500,03:15-03:20,32.00,69.00,31.00,68.00,100.79,561.92,561.92,87.79,31.50,68.50,1.00,1.00,19721.80,18005.56,17990.55,19711.80,31,68,68,31,77165.40,77144.76,,
2026-09-13T03:16:01+08:00,btc-updown-5m-1789240500,https://polymarket.com/zh/event/btc-updown-5m-1789240500,03:15-03:20,32.00,69.00,31.00,68.00,82.79,466.92,466.92,89.79,31.50,68.50,1.00,1.00,17371.80,15665.55,15650.55,17366.80,31,68,68,31,77165.40,77144.77,,
2026-09-13T03:16:03+08:00,btc-updown-5m-1789240500,https://polymarket.com/zh/event/btc-updown-5m-1789240500,03:15-03:20,26.00,75.00,25.00,74.00,683.59,55.24,128.53,683.59,25.50,74.50,1.00,1.00,16880.80,15201.55,15211.55,16880.80,25,74,74,25,77165.40,77143.58,,
2026-09-13T03:16:05+08:00,btc-updown-5m-1789240500,https://polymarket.com/zh/event/btc-updown-5m-1789240500,03:15-03:20,24.00,77.00,23.00,76.00,75.00,359.13,387.13,96.67,23.50,76.50,1.00,1.00,17095.80,14849.55,14850.55,17095.80,23,76,76,23,77165.40,77141.14,,
2026-09-13T03:16:07+08:00,btc-updown-5m-1789240500,https://polymarket.com/zh/event/btc-updown-5m-1789240500,03:15-03:20,24.00,77.00,23.00,76.00,326.97,158.00,153.00,326.97,23.50,76.50,1.00,1.00,16859.80,14658.55,14674.55,16859.80,23,76,76,23,77165.40,77141.13,,
2026-09-13T03:16:09+08:00,btc-updown-5m-1789240500,https://polymarket.com/zh/event/btc-updown-5m-1789240500,03:15-03:20,24.00,77.00,23.00,76.00,372.16,103.63,120.00,367.16,23.50,76.50,1.00,1.00,16659.80,14675.55,14658.55,16659.80,23,76,76,23,77165.40,77141.14,,
2026-09-13T03:16:11+08:00,btc-updown-5m-1789240500,https://polymarket.com/zh/event/btc-updown-5m-1789240500,03:15-03:20,24.00,77.00,23.00,76.00,317.91,128.97,131.10,317.91,23.50,76.50,1.00,1.00,16859.80,14658.55,14680.55,16859.80,23,76,76,23,77165.40,77141.13,,
2026-09-13T03:16:13+08:00,btc-updown-5m-1789240500,https://polymarket.com/zh/event/btc-updown-5m-1789240500,03:15-03:20,23.00,78.00,22.00,77.00,290.97,209.83,195.80,251.43,22.50,77.50,1.00,1.00,16702.80,14675.55,14664.55,16702.80,22,77,77,22,77165.40,77141.13,,
2026-09-13T03:16:15+08:00,btc-updown-5m-1789240500,https://polymarket.com/zh/event/btc-updown-5m-1789240500,03:15-03:20,25.00,76.00,24.00,75.00,90.09,45.00,170.00,394.61,24.50,75.50,1.00,1.00,16502.80,14619.56,14639.55,16502.80,24,75,75,24,77165.40,77141.13,,
2026-09-13T03:16:17+08:00,btc-updown-5m-1789240500,https://polymarket.com/zh/event/btc-updown-5m-1789240500,03:15-03:20,25.00,76.00,24.00,75.00,358.28,208.68,208.68,350.28,24.50,75.50,1.00,1.00,16981.80,14624.55,14658.55,17031.80,24,75,75,24,77165.40,77141.14,,
2026-09-13T03:16:19+08:00,btc-updown-5m-1789240500,https://polymarket.com/zh/event/btc-updown-5m-1789240500,03:15-03:20,22.00,80.00,20.00,79.00,229.65,132.33,37.33,370.99,21.00,79.50,2.00,1.00,17175.80,14679.56,14675.55,17375.80,20,78,79,20,77165.40,77141.13,,
2026-09-13T03:16:21+08:00,btc-updown-5m-1789240500,https://polymarket.com/zh/event/btc-updown-5m-1789240500,03:15-03:20,21.00,80.00,20.00,79.00,405.82,58.10,53.10,400.82,20.50,79.50,1.00,1.00,17294.80,14675.55,14668.55,17294.80,20,79,79,20,77165.40,77140.00,,
2026-09-13T03:16:23+08:00,btc-updown-5m-1789240500,https://polymarket.com/zh/event/btc-updown-5m-1789240500,03:15-03:20,20.00,81.00,19.00,80.00,371.95,298.40,278.40,371.95,19.50,80.50,1.00,1.00,17289.80,14678.56,14670.55,17289.80,19,80,80,19,77165.40,77140.00,,
2026-09-13T03:16:25+08:00,btc-updown-5m-1789240500,https://polymarket.com/zh/event/btc-updown-5m-1789240500,03:15-03:20,20.00,81.00,19.00,80.00,795.09,89.32,89.32,800.09,19.50,80.50,1.00,1.00,17294.80,14674.56,14675.55,17094.80,19,80,80,19,77165.40,77140.01,,
2026-09-13T03:16:27+08:00,btc-updown-5m-1789240500,https://polymarket.com/zh/event/btc-updown-5m-1789240500,03:15-03:20,18.00,83.00,17.00,82.00,737.40,260.32,100.32,602.40,17.50,82.50,1.00,1.00,17380.80,14669.56,14668.55,17430.80,17,82,82,17,77165.40,77140.00,,
2026-09-13T03:16:29+08:00,btc-updown-5m-1789240500,https://polymarket.com/zh/event/btc-updown-5m-1789240500,03:15-03:20,18.00,83.00,17.00,82.00,591.82,139.19,144.19,586.82,17.50,82.50,1.00,1.00,17260.80,14668.55,14669.56,17260.80,17,82,82,17,77165.40,77135.10,,
2026-09-13T03:16:31+08:00,btc-updown-5m-1789240500,https://polymarket.com/zh/event/btc-updown-5m-1789240500,03:15-03:20,17.00,84.00,16.00,83.00,683.20,324.69,324.69,688.20,16.50,83.50,1.00,1.00,16583.80,13984.55,13984.55,16421.80,16,83,83,16,77165.40,77135.10,,
2026-09-13T03:16:33+08:00,btc-updown-5m-1789240500,https://polymarket.com/zh/event/btc-updown-5m-1789240500,03:15-03:20,17.00,84.00,16.00,83.00,514.35,314.69,314.69,514.35,16.50,83.50,1.00,1.00,16646.80,13989.56,13983.55,16646.80,16,83,83,16,77165.40,77135.11,,
2026-09-13T03:16:35+08:00,btc-updown-5m-1789240500,https://polymarket.com/zh/event/btc-updown-5m-1789240500,03:15-03:20,17.00,84.00,16.00,83.00,478.36,307.78,307.78,478.36,16.50,83.50,1.00,1.00,16646.80,13983.55,13995.55,16646.80,16,83,83,16,77165.40,77135.10,,
2026-09-13T03:16:37+08:00,btc-updown-5m-1789240500,https://polymarket.com/zh/event/btc-updown-5m-1789240500,03:15-03:20,17.00,84.00,16.00,83.00,472.98,89.69,89.69,467.98,16.50,83.50,1.00,1.00,16646.80,13978.55,13983.55,16646.80,16,83,83,16,77165.40,77135.11,,
2026-09-13T03:16:39+08:00,btc-updown-5m-1789240500,https://polymarket.com/zh/event/btc-updown-5m-1789240500,03:15-03:20,17.00,84.00,16.00,83.00,460.78,108.63,108.63,585.78,16.50,83.50,1.00,1.00,16601.80,13983.55,13998.55,16601.80,16,83,83,16,77165.40,77135.11,,
2026-09-13T03:16:41+08:00,btc-updown-5m-1789240500,https://polymarket.com/zh/event/btc-updown-5m-1789240500,03:15-03:20,17.00,84.00,16.00,83.00,587.96,102.43,97.43,592.96,16.50,83.50,1.00,1.00,16651.80,13995.55,13994.55,16651.80,16,83,83,16,77165.40,77135.11,,
2026-09-13T03:16:43+08:00,btc-updown-5m-1789240500,https://polymarket.com/zh/event/btc-updown-5m-1789240500,03:15-03:20,17.00,84.00,16.00,83.00,574.23,78.85,73.85,574.23,16.50,83.50,1.00,1.00,16426.80,13969.55,13934.55,16426.80,16,83,83,16,77165.40,77135.10,,
2026-09-13T03:16:45+08:00,btc-updown-5m-1789240500,https://polymarket.com/zh/event/btc-updown-5m-1789240500,03:15-03:20,17.00,84.00,16.00,83.00,428.34,78.85,83.85,428.34,16.50,83.50,1.00,1.00,16651.80,13939.55,13949.55,16651.80,16,83,83,16,77165.40,77135.11,,
2026-09-13T03:16:47+08:00,btc-updown-5m-1789240500,https://polymarket.com/zh/event/btc-updown-5m-1789240500,03:15-03:20,16.00,85.00,15.00,84.00,363.76,232.13,227.13,363.76,15.50,84.50,1.00,1.00,16651.80,13999.55,13978.55,16451.80,15,84,84,15,77165.40,77135.10,,
2026-09-13T03:16:49+08:00,btc-updown-5m-1789240500,https://polymarket.com/zh/event/btc-updown-5m-1789240500,03:15-03:20,15.00,86.00,14.00,85.00,309.85,262.74,257.74,309.85,14.50,85.50,1.00,1.00,16251.80,14018.55,14019.55,16251.80,14,85,85,14,77165.40,77135.10,,
2026-09-13T03:16:51+08:00,btc-updown-5m-1789240500,https://polymarket.com/zh/event/btc-updown-5m-1789240500,03:15-03:20,15.00,86.00,14.00,85.00,272.37,257.74,257.74,272.37,14.50,85.50,1.00,1.00,16251.80,14024.55,14013.56,16251.80,14,85,85,14,77165.40,77135.10,,
2026-09-13T03:16:53+08:00,btc-updown-5m-1789240500,https://polymarket.com/zh/event/btc-updown-5m-1789240500,03:15-03:20,15.00,86.00,14.00,85.00,299.13,252.74,252.74,299.13,14.50,85.50,1.00,1.00,16251.80,14014.55,14028.56,16251.80,14,85,85,14,77165.40,77135.10,,
2026-09-13T03:16:55+08:00,btc-updown-5m-1789240500,https://polymarket.com/zh/event/btc-updown-5m-1789240500,03:15-03:20,14.00,87.00,13.00,86.00,62.01,56.50,56.50,62.01,13.50,86.50,1.00,1.00,16201.80,14014.55,14014.55,16201.80,13,86,86,13,77165.40,77135.10,,
2026-09-13T03:16:57+08:00,btc-updown-5m-1789240500,https://polymarket.com/zh/event/btc-updown-5m-1789240500,03:15-03:20,15.00,86.00,14.00,85.00,108.00,329.05,324.05,108.00,14.50,85.50,1.00,1.00,16834.80,14020.55,14018.55,16834.80,14,85,85,14,77165.40,77135.11,,
2026-09-13T03:16:59+08:00,btc-updown-5m-1789240500,https://polymarket.com/zh/event/btc-updown-5m-1789240500,03:15-03:20,14.00,87.00,13.00,86.00,398.13,81.50,76.50,398.13,13.50,86.50,1.00,1.00,16194.80,14018.55,14014.55,16194.80,13,86,86,13,77165.40,77135.11,,
2026-09-13T03:17:01+08:00,btc-updown-5m-1789240500,https://polymarket.com/zh/event/btc-updown-5m-1789240500,03:15-03:20,14.00,88.00,13.00,87.00,454.73,262.30,10.00,173.00,13.50,87.50,1.00,1.00,16604.80,13921.56,13922.55,16594.80,13,86,87,12,77165.40,77135.11,,
2026-09-13T03:17:03+08:00,btc-updown-5m-1789240500,https://polymarket.com/zh/event/btc-updown-5m-1789240500,03:15-03:20,13.00,89.00,12.00,88.00,374.07,125.00,71.40,144.00,12.50,88.50,1.00,1.00,16604.80,13708.56,13711.55,16519.80,12,87,88,11,77165.40,77132.55,,
2026-09-13T03:17:05+08:00,btc-updown-5m-1789240500,https://polymarket.com/zh/event/btc-updown-5m-1789240500,03:15-03:20,11.00,90.00,10.00,89.00,137.90,305.23,305.23,137.90,10.50,89.50,1.00,1.00,17196.80,13712.55,13712.55,17196.80,10,89,89,10,77165.40,77129.60,,
2026-09-13T03:17:07+08:00,btc-updown-5m-1789240500,https://polymarket.com/zh/event/btc-updown-5m-1789240500,03:15-03:20,11.00,90.00,10.00,89.00,64.00,377.62,372.62,64.00,10.50,89.50,1.00,1.00,17197.25,13702.55,13702.55,17197.25,10,89,89,10,77165.40,77129.61,,
2026-09-13T03:17:09+08:00,btc-updown-5m-1789240500,https://polymarket.com/zh/event/btc-updown-5m-1789240500,03:15-03:20,11.00,90.00,10.00,89.00,54.00,366.71,368.74,54.00,10.50,89.50,1.00,1.00,17172.25,13652.55,13657.55,17247.25,10,89,89,10,77165.40,77129.61,,
2026-09-13T03:17:11+08:00,btc-updown-5m-1789240500,https://polymarket.com/zh/event/btc-updown-5m-1789240500,03:15-03:20,11.00,90.00,10.00,89.00,40.50,370.73,370.73,40.50,10.50,89.50,1.00,1.00,17202.25,13681.55,13653.55,17202.25,10,89,89,10,77165.40,77129.61,,
2026-09-13T03:17:13+08:00,btc-updown-5m-1789240500,https://polymarket.com/zh/event/btc-updown-5m-1789240500,03:15-03:20,11.00,91.00,10.00,90.00,329.21,225.56,64.40,136.00,10.50,90.50,1.00,1.00,17211.80,13719.56,13703.55,16837.25,10,89,90,9,77165.40,77129.61,,
2026-09-13T03:17:15+08:00,btc-updown-5m-1789240500,https://polymarket.com/zh/event/btc-updown-5m-1789240500,03:15-03:20,10.00,91.00,9.00,90.00,168.22,205.56,201.66,168.22,9.50,90.50,1.00,1.00,16961.80,13729.55,13703.55,16961.80,9,90,90,9,77165.40,77129.61,,
2026-09-13T03:17:17+08:00,btc-updown-5m-1789240500,https://polymarket.com/zh/event/btc-updown-5m-1789240500,03:15-03:20,11.00,90.00,10.00,89.00,25.00,405.66,125.66,13.54,10.50,89.50,1.00,1.00,16212.25,13658.55,13656.56,16477.25,10,89,89,10,77165.40,77129.61,,
2026-09-13T03:17:19+08:00,btc-updown-5m-1789240500,https://polymarket.com/zh/event/btc-updown-5m-1789240500,03:15-03:20,10.00,91.00,9.00,90.00,30.00,182.41,178.51,40.00,9.50,90.50,1.00,1.00,16477.25,13646.55,13652.55,16477.25,9,90,90,9,77165.40,77133.48,,
2026-09-13T03:17:21+08:00,btc-updown-5m-1789240500,https://polymarket.com/zh/event/btc-updown-5m-1789240500,03:15-03:20,10.00,91.00,9.00,90.00,61.91,127.30,170.81,66.91,9.50,90.50,1.00,1.00,16492.25,13647.55,13657.55,16492.25,9,90,90,9,77165.40,77133.49,,
2026-09-13T03:17:23+08:00,btc-updown-5m-1789240500,https://polymarket.com/zh/event/btc-updown-5m-1789240500,03:15-03:20,11.00,90.00,10.00,89.00,44.00,311.96,311.96,44.00,10.50,89.50,1.00,1.00,16616.80,13707.55,13696.55,16621.80,10,89,89,10,77165.40,77133.48,,
2026-09-13T03:17:25+08:00,btc-updown-5m-1789240500,https://polymarket.com/zh/event/btc-updown-5m-1789240500,03:15-03:20,11.00,90.00,10.00,89.00,54.00,290.63,296.63,54.00,10.50,89.50,1.00,1.00,16386.80,13657.55,13658.55,16461.80,10,89,89,10,77165.40,77133.49,,
2026-09-13T03:17:27+08:00,btc-updown-5m-1789240500,https://polymarket.com/zh/event/btc-updown-5m-1789240500,03:15-03:20,10.00,91.00,9.00,90.00,235.82,105.00,193.89,263.81,9.50,90.50,1.00,1.00,16432.25,13697.55,13712.55,16432.25,9,90,90,9,77165.40,77135.03,,
2026-09-13T03:17:29+08:00,btc-updown-5m-1789240500,https://polymarket.com/zh/event/btc-updown-5m-1789240500,03:15-03:20,9.00,91.00,8.00,90.00,23.32,45.00,146.00,273.05,8.50,90.50,1.00,1.00,16312.25,13702.55,13707.55,16297.25,8,91,90,9,77165.40,77135.02,,
2026-09-13T03:17:31+08:00,btc-updown-5m-1789240500,https://polymarket.com/zh/event/btc-updown-5m-1789240500,03:15-03:20,9.00,92.00,8.00,91.00,92.69,229.08,230.08,92.69,8.50,91.50,1.00,1.00,16230.93,13676.23,13692.23,16170.93,8,91,91,8,77165.40,77135.02,,
2026-09-13T03:17:33+08:00,btc-updown-5m-1789240500,https://polymarket.com/zh/event/btc-updown-5m-1789240500,03:15-03:20,9.00,92.00,8.00,91.00,102.69,112.30,217.38,102.69,8.50,91.50,1.00,1.00,16135.66,13497.23,13475.23,16140.66,8,91,91,8,77165.40,77135.02,,
2026-09-13T03:17:35+08:00,btc-updown-5m-1789240500,https://polymarket.com/zh/event/btc-updown-5m-1789240500,03:15-03:20,8.00,93.00,7.00,92.00,262.61,481.78,67.77,267.61,7.50,92.50,1.00,1.00,16348.66,13386.23,13390.23,16348.66,7,92,92,7,77165.40,77135.02,,
2026-09-13T03:17:37+08:00,btc-updown-5m-1789240500,https://polymarket.com/zh/event/btc-updown-5m-1789240500,03:15-03:20,8.00,93.00,7.00,92.00,284.59,46.00,46.00,277.61,7.50,92.50,1.00,1.00,16253.66,13405.23,13426.23,16253.66,7,92,92,7,77165.40,77135.03,,
2026-09-13T03:17:39+08:00,btc-updown-5m-1789240500,https://polymarket.com/zh/event/btc-updown-5m-1789240500,03:15-03:20,8.00,93.00,7.00,92.00,302.61,26.85,26.85,307.61,7.50,92.50,1.00,1.00,15988.21,13366.23,13366.23,15988.21,7,92,92,7,77165.40,77135.02,,
2026-09-13T03:17:41+08:00,btc-updown-5m-1789240500,https://polymarket.com/zh/event/btc-updown-5m-1789240500,03:15-03:20,8.00,93.00,7.00,92.00,240.59,62.84,57.84,235.59,7.50,92.50,1.00,1.00,14640.92,13382.23,13360.23,14640.92,7,92,92,7,77165.40,77135.03,,
2026-09-13T03:17:43+08:00,btc-updown-5m-1789240500,https://polymarket.com/zh/event/btc-updown-5m-1789240500,03:15-03:20,7.00,94.00,6.00,93.00,244.31,111.00,116.00,244.31,6.50,93.50,1.00,1.00,14425.21,13371.23,13360.23,14425.21,6,93,93,6,77165.40,77135.03,,
2026-09-13T03:17:45+08:00,btc-updown-5m-1789240500,https://polymarket.com/zh/event/btc-updown-5m-1789240500,03:15-03:20,7.00,94.00,6.00,93.00,45.00,533.88,528.88,125.00,6.50,93.50,1.00,1.00,14320.21,13382.23,13371.23,14320.21,6,93,93,6,77165.40,77135.03,,
2026-09-13T03:17:47+08:00,btc-updown-5m-1789240500,https://polymarket.com/zh/event/btc-updown-5m-1789240500,03:15-03:20,7.00,94.00,6.00,93.00,230.00,49.17,49.17,235.00,6.50,93.50,1.00,1.00,14365.21,13421.23,13377.24,14365.21,6,93,93,6,77165.40,77135.03,,
2026-09-13T03:17:49+08:00,btc-updown-5m-1789240500,https://polymarket.com/zh/event/btc-updown-5m-1789240500,03:15-03:20,8.00,94.00,7.00,93.00,205.68,584.01,40.00,98.32,7.50,93.50,1.00,1.00,14316.21,13365.23,13377.23,14257.21,7,92,93,6,77165.40,77135.03,,
2026-09-13T03:17:51+08:00,btc-updown-5m-1789240500,https://polymarket.com/zh/event/btc-updown-5m-1789240500,03:15-03:20,6.00,95.00,5.00,94.00,317.33,1937.51,1937.51,317.33,5.50,94.50,1.00,1.00,15306.25,13382.23,13365.23,15106.25,5,94,94,5,77165.40,77135.03,,
2026-09-13T03:17:53+08:00,btc-updown-5m-1789240500,https://polymarket.com/zh/event/btc-updown-5m-1789240500,03:15-03:20,6.00,95.00,5.00,94.00,202.31,1813.02,1813.02,202.31,5.50,94.50,1.00,1.00,14986.76,13355.23,13365.23,15061.76,5,94,94,5,77165.40,77135.03,,
2026-09-13T03:17:55+08:00,btc-updown-5m-1789240500,https://polymarket.com/zh/event/btc-updown-5m-1789240500,03:15-03:20,6.00,95.00,5.00,94.00,201.22,1309.64,1309.64,281.22,5.50,94.50,1.00,1.00,14350.38,13366.24,13371.23,14350.38,5,94,94,5,77165.40,77135.02,,
2026-09-13T03:17:57+08:00,btc-updown-5m-1789240500,https://polymarket.com/zh/event/btc-updown-5m-1789240500,03:15-03:20,6.00,95.00,5.00,94.00,291.22,1150.74,1145.74,279.55,5.50,94.50,1.00,1.00,15741.48,13270.24,13259.23,15746.48,5,94,94,5,77165.40,77135.03,,
2026-09-13T03:17:59+08:00,btc-updown-5m-1789240500,https://polymarket.com/zh/event/btc-updown-5m-1789240500,03:15-03:20,6.00,95.00,5.00,94.00,35.00,615.88,615.88,35.00,5.50,94.50,1.00,1.00,15843.62,13390.23,13334.23,15843.62,5,94,94,5,77165.40,77133.47,,
2026-09-13T03:18:01+08:00,btc-updown-5m-1789240500,https://polymarket.com/zh/event/btc-updown-5m-1789240500,03:15-03:20,7.00,94.00,6.00,93.00,441.13,40.00,40.00,451.13,6.50,93.50,1.00,1.00,15078.36,13395.23,13389.23,15078.36,6,93,93,6,77165.40,77131.56,,
2026-09-13T03:18:03+08:00,btc-updown-5m-1789240500,https://polymarket.com/zh/event/btc-updown-5m-1789240500,03:15-03:20,6.00,95.00,5.00,94.00,241.88,364.28,364.28,232.44,5.50,94.50,1.00,1.00,15167.02,13400.24,13395.23,15127.02,5,94,94,5,77165.40,77131.56,,
2026-09-13T03:18:05+08:00,btc-updown-5m-1789240500,https://polymarket.com/zh/event/btc-updown-5m-1789240500,03:15-03:20,6.00,95.00,5.00,94.00,220.03,940.40,945.40,215.03,5.50,94.50,1.00,1.00,15528.14,13340.23,13345.23,15523.14,5,94,94,5,77165.40,77131.56,,
2026-09-13T03:18:07+08:00,btc-updown-5m-1789240500,https://polymarket.com/zh/event/btc-updown-5m-1789240500,03:15-03:20,6.00,95.00,5.00,94.00,140.77,1216.33,1216.33,140.77,5.50,94.50,1.00,1.00,15809.07,13344.23,13334.23,15809.07,5,94,94,5,77165.40,77131.56,,
2026-09-13T03:18:09+08:00,btc-updown-5m-1789240500,https://polymarket.com/zh/event/btc-updown-5m-1789240500,03:15-03:20,6.00,95.00,5.00,94.00,150.77,1326.85,1326.85,150.77,5.50,94.50,1.00,1.00,16099.59,13349.23,13339.23,16099.59,5,94,94,5,77165.40,77131.56,,
2026-09-13T03:18:11+08:00,btc-updown-5m-1789240500,https://polymarket.com/zh/event/btc-updown-5m-1789240500,03:15-03:20,7.00,94.00,6.00,93.00,151.00,690.33,165.00,151.00,6.50,93.50,1.00,1.00,14803.07,13345.23,13349.23,14803.07,6,93,93,6,77165.40,77131.56,,
2026-09-13T03:18:13+08:00,btc-updown-5m-1789240500,https://polymarket.com/zh/event/btc-updown-5m-1789240500,03:15-03:20,7.00,94.00,6.00,93.00,75.07,293.04,303.68,80.07,6.50,93.50,1.00,1.00,13853.07,13384.23,13393.23,14623.07,6,93,93,6,77165.40,77131.56,,
2026-09-13T03:18:15+08:00,btc-updown-5m-1789240500,https://polymarket.com/zh/event/btc-updown-5m-1789240500,03:15-03:20,7.00,94.00,6.00,93.00,350.68,80.00,80.00,350.68,6.50,93.50,1.00,1.00,14698.07,13378.23,13394.23,14698.07,6,93,93,6,77165.40,77131.56,,
2026-09-13T03:18:17+08:00,btc-updown-5m-1789240500,https://polymarket.com/zh/event/btc-updown-5m-1789240500,03:15-03:20,6.00,95.00,5.00,94.00,147.44,326.05,331.05,142.44,5.50,94.50,1.00,1.00,14795.89,13394.24,13369.23,14790.89,5,94,94,5,77165.40,77131.56,,
2026-09-13T03:18:19+08:00,btc-updown-5m-1789240500,https://polymarket.com/zh/event/btc-updown-5m-1789240500,03:15-03:20,6.00,95.00,5.00,94.00,460.15,300.33,295.33,460.15,5.50,94.50,1.00,1.00,14245.16,13394.24,13369.23,14250.16,5,94,94,5,77165.40,77131.56,,
2026-09-13T03:18:21+08:00,btc-updown-5m-1789240500,https://polymarket.com/zh/event/btc-updown-5m-1789240500,03:15-03:20,4.00,97.00,3.00,96.00,404.41,2103.81,2108.81,346.41,3.50,96.50,1.00,1.00,15193.60,13394.24,13325.23,15188.60,3,96,96,3,77165.40,77131.55,,
2026-09-13T03:18:23+08:00,btc-updown-5m-1789240500,https://polymarket.com/zh/event/btc-updown-5m-1789240500,03:15-03:20,4.00,97.00,3.00,96.00,66.41,2177.26,2228.81,66.41,3.50,96.50,1.00,1.00,15218.60,13189.23,13175.23,15167.05,3,96,96,3,77165.40,77131.56,,
2026-09-13T03:18:25+08:00,btc-updown-5m-1789240500,https://polymarket.com/zh/event/btc-updown-5m-1789240500,03:15-03:20,4.00,97.00,3.00,96.00,107.00,1142.15,1147.09,187.00,3.50,96.50,1.00,1.00,14011.88,13220.23,13219.23,14086.94,3,96,96,3,77165.40,77131.56,,
2026-09-13T03:18:27+08:00,btc-updown-5m-1789240500,https://polymarket.com/zh/event/btc-updown-5m-1789240500,03:15-03:20,3.00,98.00,2.00,97.00,532.71,2812.13,2909.17,532.71,2.50,97.50,1.00,1.00,12416.29,13175.23,13190.23,12319.25,2,97,97,2,77165.40,77131.56,,
2026-09-13T03:18:29+08:00,btc-updown-5m-1789240500,https://polymarket.com/zh/event/btc-updown-5m-1789240500,03:15-03:20,3.00,98.00,2.00,97.00,562.71,2798.07,2744.15,562.71,2.50,97.50,1.00,1.00,12446.27,13185.23,13175.23,12500.19,2,97,97,2,77165.40,77131.56,,
2026-09-13T03:18:31+08:00,btc-updown-5m-1789240500,https://polymarket.com/zh/event/btc-updown-5m-1789240500,03:15-03:20,9.00,92.00,8.00,91.00,10.00,41.89,71.66,35.00,8.50,91.50,1.00,1.00,12568.06,11509.23,11525.23,12563.06,8,91,91,8,77165.40,77144.76,,
2026-09-13T03:18:33+08:00,btc-updown-5m-1789240500,https://polymarket.com/zh/event/btc-updown-5m-1789240500,03:15-03:20,7.00,94.00,6.00,93.00,89.00,120.66,105.66,94.00,6.50,93.50,1.00,1.00,12280.72,11560.23,11574.23,12220.06,5,93,93,6,77165.40,77144.76,,
2026-09-13T03:18:35+08:00,btc-updown-5m-1789240500,https://polymarket.com/zh/event/btc-updown-5m-1789240500,03:15-03:20,7.00,94.00,6.00,93.00,122.71,254.32,236.00,122.71,6.50,93.50,1.00,1.00,12223.06,12833.24,12840.23,12223.06,6,93,93,6,77165.40,77144.76,,
2026-09-13T03:18:37+08:00,btc-updown-5m-1789240500,https://polymarket.com/zh/event/btc-updown-5m-1789240500,03:15-03:20,6.00,95.00,5.00,94.00,96.99,54.94,55.94,101.99,5.50,94.50,1.00,1.00,11939.00,12800.23,12794.23,11938.00,5,94,94,5,77165.40,77144.76,,
2026-09-13T03:18:39+08:00,btc-updown-5m-1789240500,https://polymarket.com/zh/event/btc-updown-5m-1789240500,03:15-03:20,6.00,95.00,5.00,94.00,132.99,97.94,102.94,122.99,5.50,94.50,1.00,1.00,11940.30,12799.23,12815.23,12010.30,5,94,94,5,77165.40,77144.76,,
2026-09-13T03:18:41+08:00,btc-updown-5m-1789240500,https://polymarket.com/zh/event/btc-updown-5m-1789240500,03:15-03:20,5.00,96.00,4.00,95.00,109.03,164.24,84.24,109.03,4.50,95.50,1.00,1.00,12429.60,12805.23,12794.23,10679.60,4,95,95,4,77165.40,77144.76,,
2026-09-13T03:18:43+08:00,btc-updown-5m-1789240500,https://polymarket.com/zh/event/btc-updown-5m-1789240500,03:15-03:20,5.00,96.00,4.00,95.00,159.26,152.59,152.59,152.86,4.50,95.50,1.00,1.00,12333.95,12804.23,12800.23,12333.95,4,95,95,4,77165.40,77144.76,,
2026-09-13T03:18:45+08:00,btc-updown-5m-1789240500,https://polymarket.com/zh/event/btc-updown-5m-1789240500,03:15-03:20,5.00,96.00,4.00,95.00,152.86,240.48,240.48,152.86,4.50,95.50,1.00,1.00,12089.84,12794.23,12804.23,12089.84,4,95,95,4,77165.40,77144.77,,
2026-09-13T03:18:47+08:00,btc-updown-5m-1789240500,https://polymarket.com/zh/event/btc-updown-5m-1789240500,03:15-03:20,4.00,97.00,3.00,96.00,69.29,520.00,315.00,44.29,3.50,96.50,1.00,1.00,11985.56,12805.23,12851.23,12385.56,3,96,96,3,77165.40,77144.77,,
2026-09-13T03:18:49+08:00,btc-updown-5m-1789240500,https://polymarket.com/zh/event/btc-updown-5m-1789240500,03:15-03:20,4.00,98.00,3.00,97.00,215.00,312.43,71.82,40.00,3.50,97.50,1.00,1.00,12172.68,12836.23,12804.23,11831.14,3,96,97,2,77165.40,77144.76,,
2026-09-13T03:18:51+08:00,btc-updown-5m-1789240500,https://polymarket.com/zh/event/btc-updown-5m-1789240500,03:15-03:20,2.00,99.00,1.00,98.00,171.73,3498.66,3503.71,143.73,1.50,98.50,1.00,1.00,3503.71,12865.23,12844.23,3498.66,1,98,98,1,77165.40,77144.76,,
2026-09-13T03:18:53+08:00,btc-updown-5m-1789240500,https://polymarket.com/zh/event/btc-updown-5m-1789240500,03:15-03:20,2.00,99.00,1.00,98.00,148.73,3043.38,3043.38,138.64,1.50,98.50,1.00,1.00,3043.38,12859.43,12833.30,3043.38,1,98,98,1,77165.40,77144.76,,
2026-09-13T03:18:55+08:00,btc-updown-5m-1789240500,https://polymarket.com/zh/event/btc-updown-5m-1789240500,03:15-03:20,2.00,99.00,1.00,98.00,151.04,2867.81,2867.81,151.04,1.50,98.50,1.00,1.00,2867.81,12509.71,12510.70,2867.81,1,98,98,1,77165.40,77144.76,,
2026-09-13T03:18:57+08:00,btc-updown-5m-1789240500,https://polymarket.com/zh/event/btc-updown-5m-1789240500,03:15-03:20,2.00,99.00,1.00,98.00,286.91,1788.58,2591.20,294.58,1.50,98.50,1.00,1.00,2591.20,5449.57,5470.57,1788.58,1,98,98,1,77165.40,77144.76,,
2026-09-13T03:18:59+08:00,btc-updown-5m-1789240500,https://polymarket.com/zh/event/btc-updown-5m-1789240500,03:15-03:20,2.00,99.00,1.00,98.00,295.83,1443.06,1606.69,295.83,1.50,98.50,1.00,1.00,1606.69,5459.57,5464.58,1443.06,1,98,98,1,77165.40,77144.76,,
2026-09-13T03:19:01+08:00,btc-updown-5m-1789240500,https://polymarket.com/zh/event/btc-updown-5m-1789240500,03:15-03:20,2.00,99.00,1.00,98.00,324.78,889.84,889.84,324.78,1.50,98.50,1.00,1.00,889.84,5424.97,5409.97,889.84,1,98,98,1,77165.40,77144.76,,
2026-09-13T03:19:03+08:00,btc-updown-5m-1789240500,https://polymarket.com/zh/event/btc-updown-5m-1789240500,03:15-03:20,2.00,99.00,1.00,98.00,420.04,357.65,583.67,420.04,1.50,98.50,1.00,1.00,583.67,5419.98,5403.97,357.65,1,98,98,1,77165.40,77144.77,,
2026-09-13T03:19:05+08:00,btc-updown-5m-1789240500,https://polymarket.com/zh/event/btc-updown-5m-1789240500,03:15-03:20,2.00,,1.00,99.00,407.04,,138.19,1642.68,1.50,,1.00,,138.19,5414.97,5408.97,,1,98,99,0,77165.40,77144.77,,
2026-09-13T03:19:07+08:00,btc-updown-5m-1789240500,https://polymarket.com/zh/event/btc-updown-5m-1789240500,03:15-03:20,1.00,,,99.00,2511.77,,,2511.77,,,,,,5423.97,5419.97,,0,99,99,0,77165.40,77138.96,,
2026-09-13T03:19:09+08:00,btc-updown-5m-1789240500,https://polymarket.com/zh/event/btc-updown-5m-1789240500,03:15-03:20,1.00,,,99.00,3216.47,,,3216.47,,,,,,5424.97,5414.97,,0,99,99,0,77165.40,77141.79,,
2026-09-13T03:19:11+08:00,btc-updown-5m-1789240500,https://polymarket.com/zh/event/btc-updown-5m-1789240500,03:15-03:20,1.00,,,99.00,2992.47,,,2992.47,,,,,,5416.97,5400.97,,0,99,99,0,77165.40,77141.79,,
2026-09-13T03:19:13+08:00,btc-updown-5m-1789240500,https://polymarket.com/zh/event/btc-updown-5m-1789240500,03:15-03:20,1.00,,,99.00,1529.30,,,1529.30,,,,,,5975.97,5991.97,,0,99,99,0,77165.40,77146.32,,
2026-09-13T03:19:15+08:00,btc-updown-5m-1789240500,https://polymarket.com/zh/event/btc-updown-5m-1789240500,03:15-03:20,1.00,,,99.00,1849.01,,,1849.01,,,,,,5356.97,5366.97,,0,99,99,0,77165.40,77146.50,,
2026-09-13T03:19:17+08:00,btc-updown-5m-1789240500,https://polymarket.com/zh/event/btc-updown-5m-1789240500,03:15-03:20,1.00,,,99.00,2125.01,,,2125.01,,,,,,5351.97,5345.97,,0,99,99,0,77165.40,77146.50,,
2026-09-13T03:19:19+08:00,btc-updown-5m-1789240500,https://polymarket.com/zh/event/btc-updown-5m-1789240500,03:15-03:20,1.00,,,99.00,5203.02,,,5203.02,,,,,,5357.97,5355.97,,0,99,99,0,77165.40,77146.49,,
2026-09-13T03:19:21+08:00,btc-updown-5m-1789240500,https://polymarket.com/zh/event/btc-updown-5m-1789240500,03:15-03:20,1.00,,,99.00,5588.02,,,5668.02,,,,,,5355.97,5357.97,,0,99,99,0,77165.40,77146.50,,
2026-09-13T03:19:23+08:00,btc-updown-5m-1789240500,https://polymarket.com/zh/event/btc-updown-5m-1789240500,03:15-03:20,1.00,,,99.00,5673.02,,,5673.02,,,,,,5360.97,5357.97,,0,99,99,0,77165.40,77146.49,,
2026-09-13T03:19:25+08:00,btc-updown-5m-1789240500,https://polymarket.com/zh/event/btc-updown-5m-1789240500,03:15-03:20,1.00,,,99.00,8473.41,,,8603.41,,,,,,5350.97,5345.97,,0,99,99,0,77165.40,77146.49,,
2026-09-13T03:19:27+08:00,btc-updown-5m-1789240500,https://polymarket.com/zh/event/btc-updown-5m-1789240500,03:15-03:20,1.00,,,99.00,8828.51,,,8898.51,,,,,,5341.97,5335.97,,0,99,99,0,77165.40,77146.49,,
2026-09-13T03:19:29+08:00,btc-updown-5m-1789240500,https://polymarket.com/zh/event/btc-updown-5m-1789240500,03:15-03:20,0.10,,,99.90,5624.38,,,5624.38,,,,,,5335.97,5341.97,,0,107,107,0,77165.40,77146.47,,
2026-09-13T03:19:31+08:00,btc-updown-5m-1789240500,https://polymarket.com/zh/event/btc-updown-5m-1789240500,03:15-03:20,0.10,,,99.90,5592.38,,,5592.38,,,,,,5382.97,5381.97,,0,106,103,0,77165.40,77145.46,,
2026-09-13T03:19:33+08:00,btc-updown-5m-1789240500,https://polymarket.com/zh/event/btc-updown-5m-1789240500,03:15-03:20,0.10,,,99.90,5608.32,,,5608.32,,,,,,5376.97,4847.97,,0,108,109,0,77165.40,77144.99,,
2026-09-13T03:19:35+08:00,btc-updown-5m-1789240500,https://polymarket.com/zh/event/btc-updown-5m-1789240500,03:15-03:20,0.10,,,99.90,5647.83,,,5647.83,,,,,,5370.97,4846.97,,0,107,108,0,77165.40,77138.45,,
2026-09-13T03:19:37+08:00,btc-updown-5m-1789240500,https://polymarket.com/zh/event/btc-updown-5m-1789240500,03:15-03:20,0.10,,,99.90,5647.83,,,5647.83,,,,,,5370.97,5375.97,,0,109,109,0,77165.40,77138.45,,
2026-09-13T03:19:39+08:00,btc-updown-5m-1789240500,https://polymarket.com/zh/event/btc-updown-5m-1789240500,03:15-03:20,0.10,,,99.90,10587.83,,,10587.83,,,,,,5370.97,5375.97,,0,108,108,0,77165.40,77138.46,,
2026-09-13T03:19:41+08:00,btc-updown-5m-1789240500,https://polymarket.com/zh/event/btc-updown-5m-1789240500,03:15-03:20,0.10,,,99.90,10668.60,,,10668.60,,,,,,5387.97,5391.97,,0,108,108,0,77165.40,77136.93,,
2026-09-13T03:19:43+08:00,btc-updown-5m-1789240500,https://polymarket.com/zh/event/btc-updown-5m-1789240500,03:15-03:20,0.10,,,99.90,10668.60,,,10668.60,,,,,,5387.97,5391.97,,0,108,108,0,77165.40,77138.28,,
2026-09-13T03:19:45+08:00,btc-updown-5m-1789240500,https://polymarket.com/zh/event/btc-updown-5m-1789240500,03:15-03:20,0.10,,,99.90,10698.60,,,10698.60,,,,,,5337.97,5348.97,,0,108,108,0,77165.40,77138.34,,
2026-09-13T03:19:47+08:00,btc-updown-5m-1789240500,https://polymarket.com/zh/event/btc-updown-5m-1789240500,03:15-03:20,0.10,,,99.90,10748.60,,,10748.60,,,,,,5329.97,5345.97,,0,108,108,0,77165.40,77138.35,,
2026-09-13T03:19:49+08:00,btc-updown-5m-1789240500,https://polymarket.com/zh/event/btc-updown-5m-1789240500,03:15-03:20,0.10,,,99.90,10619.47,,,10619.47,,,,,,4805.97,4820.97,,0,109,109,0,77165.40,77138.46,,
2026-09-13T03:19:51+08:00,btc-updown-5m-1789240500,https://polymarket.com/zh/event/btc-updown-5m-1789240500,03:15-03:20,0.10,,,99.90,10649.47,,,10649.47,,,,,,5195.97,5194.97,,0,110,110,0,77165.40,77138.45,,
2026-09-13T03:19:53+08:00,btc-updown-5m-1789240500,https://polymarket.com/zh/event/btc-updown-5m-1789240500,03:15-03:20,0.10,,,99.90,15169.47,,,15169.47,,,,,,5195.97,5199.97,,0,110,110,0,77165.40,77146.49,,
2026-09-13T03:19:55+08:00,btc-updown-5m-1789240500,https://polymarket.com/zh/event/btc-updown-5m-1789240500,03:15-03:20,0.10,,,99.90,15169.47,,,15169.47,,,,,,5189.97,5189.97,,0,110,110,0,77165.40,77146.92,,
2026-09-13T03:19:57+08:00,btc-updown-5m-1789240500,https://polymarket.com/zh/event/btc-updown-5m-1789240500,03:15-03:20,0.10,,,99.90,15169.47,,,15169.47,,,,,,4314.97,4315.97,,0,110,110,0,77165.40,77146.91,,
2026-09-13T03:19:59+08:00,btc-updown-5m-1789240500,https://polymarket.com/zh/event/btc-updown-5m-1789240500,03:15-03:20,0.10,,,99.90,15177.26,,,15177.26,,,,,,4236.97,4230.97,,0,110,110,0,77165.40,77146.91,,
2026-09-13T03:20:02+08:00,btc-updown-5m-1789240800,https://polymarket.com/zh/event/btc-updown-5m-1789240800,03:20-03:25,54.00,47.00,53.00,46.00,45.00,556.32,561.32,50.00,53.50,46.50,1.00,1.00,22796.50,22133.47,22118.47,22806.50,53,46,46,53,77146.91,77146.91,,
2026-09-13T03:20:04+08:00,btc-updown-5m-1789240800,https://polymarket.com/zh/event/btc-updown-5m-1789240800,03:20-03:25,41.00,71.00,36.00,69.00,5.00,38.00,37.00,23.33,38.50,70.00,5.00,2.00,23632.16,22244.13,22285.13,22642.16,36,51,58,28,77146.91,77122.83,,
2026-09-13T03:20:06+08:00,btc-updown-5m-1789240800,https://polymarket.com/zh/event/btc-updown-5m-1789240800,03:20-03:25,31.00,70.00,30.00,69.00,227.00,162.72,162.72,227.00,30.50,69.50,1.00,1.00,22863.16,23137.13,23177.13,22653.16,30,69,69,30,77146.91,77124.35,,
2026-09-13T03:20:08+08:00,btc-updown-5m-1789240800,https://polymarket.com/zh/event/btc-updown-5m-1789240800,03:20-03:25,34.00,67.00,33.00,66.00,153.51,234.16,243.38,295.51,33.50,66.50,1.00,1.00,22378.16,22317.13,22308.13,22358.16,33,66,66,33,77146.91,77124.36,,
2026-09-13T03:20:10+08:00,btc-updown-5m-1789240800,https://polymarket.com/zh/event/btc-updown-5m-1789240800,03:20-03:25,31.00,70.00,30.00,69.00,358.41,10.00,10.00,342.18,30.50,69.50,1.00,1.00,21547.16,22387.13,22393.13,21537.16,30,69,69,30,77146.91,77124.35,,
2026-09-13T03:20:12+08:00,btc-updown-5m-1789240800,https://polymarket.com/zh/event/btc-updown-5m-1789240800,03:20-03:25,31.00,70.00,30.00,69.00,286.26,274.81,274.81,276.26,30.50,69.50,1.00,1.00,21498.16,22394.13,22388.13,21493.16,30,69,69,30,77146.91,77124.35,,
2026-09-13T03:20:14+08:00,btc-updown-5m-1789240800,https://polymarket.com/zh/event/btc-updown-5m-1789240800,03:20-03:25,32.00,69.00,31.00,68.00,414.93,67.84,152.84,457.75,31.50,68.50,1.00,1.00,23868.15,22333.13,22342.13,23873.15,31,68,68,31,77146.91,77124.36,,
2026-09-13T03:20:16+08:00,btc-updown-5m-1789240800,https://polymarket.com/zh/event/btc-updown-5m-1789240800,03:20-03:25,31.00,70.00,30.00,69.00,227.00,280.97,305.97,227.00,30.50,69.50,1.00,1.00,24440.75,22600.44,22612.43,24420.75,30,69,69,30,77146.91,77124.35,,
2026-09-13T03:20:18+08:00,btc-updown-5m-1789240800,https://polymarket.com/zh/event/btc-updown-5m-1789240800,03:20-03:25,32.00,69.00,31.00,68.00,214.00,283.49,283.49,339.00,31.50,68.50,1.00,1.00,24126.75,22386.73,22392.74,24106.75,31,68,68,31,77146.91,77124.36,,
2026-09-13T03:20:20+08:00,btc-updown-5m-1789240800,https://polymarket.com/zh/event/btc-updown-5m-1789240800,03:20-03:25,32.00,69.00,31.00,68.00,423.55,128.97,128.97,428.55,31.50,68.50,1.00,1.00,23591.75,21661.73,20701.73,22376.75,31,68,68,31,77146.91,77124.36,,
2026-09-13T03:20:22+08:00,btc-updown-5m-1789240800,https://polymarket.com/zh/event/btc-updown-5m-1789240800,03:20-03:25,33.00,68.00,32.00,67.00,539.40,80.00,60.00,399.42,32.50,67.50,1.00,1.00,22186.75,20478.73,20477.73,22195.75,32,67,67,32,77146.91,77124.35,,
2026-09-13T03:20:24+08:00,btc-updown-5m-1789240800,https://polymarket.com/zh/event/btc-updown-5m-1789240800,03:20-03:25,33.00,68.00,32.00,67.00,133.19,340.85,282.30,121.84,32.50,67.50,1.00,1.00,22010.75,20225.73,20232.73,21995.75,32,67,67,32,77146.91,77124.35,,
2026-09-13T03:20:26+08:00,btc-updown-5m-1789240800,https://polymarket.com/zh/event/btc-updown-5m-1789240800,03:20-03:25,33.00,67.00,32.00,66.00,138.80,155.00,300.43,356.48,32.50,66.50,1.00,1.00,21761.75,19986.73,19985.73,21811.75,32,67,66,33,77146.91,77124.35,,
2026-09-13T03:20:28+08:00,btc-updown-5m-1789240800,https://polymarket.com/zh/event/btc-updown-5m-1789240800,03:20-03:25,34.00,67.00,33.00,66.00,367.64,130.52,135.52,367.64,33.50,66.50,1.00,1.00,21576.75,19755.73,19735.73,21571.75,33,66,66,33,77146.91,77124.36,,
2026-09-13T03:20:30+08:00,btc-updown-5m-1789240800,https://polymarket.com/zh/event/btc-updown-5m-1789240800,03:20-03:25,34.00,67.00,33.00,66.00,393.41,115.00,115.00,393.41,33.50,66.50,1.00,1.00,21276.75,19512.73,19516.73,21291.75,33,66,66,33,77146.91,77124.35,,
2026-09-13T03:20:32+08:00,btc-updown-5m-1789240800,https://polymarket.com/zh/event/btc-updown-5m-1789240800,03:20-03:25,34.00,67.00,33.00,66.00,462.32,85.00,85.00,467.32,33.50,66.50,1.00,1.00,20801.75,19015.73,19026.73,20806.75,33,66,66,33,77146.91,77124.35,,
2026-09-13T03:20:34+08:00,btc-updown-5m-1789240800,https://polymarket.com/zh/event/btc-updown-5m-1789240800,03:20-03:25,34.00,67.00,33.00,66.00,478.32,85.00,85.00,478.32,33.50,66.50,1.00,1.00,20556.75,18781.73,18821.74,20556.75,33,66,66,33,77146.91,77124.35,,
2026-09-13T03:20:36+08:00,btc-updown-5m-1789240800,https://polymarket.com/zh/event/btc-updown-5m-1789240800,03:20-03:25,34.00,67.00,33.00,66.00,259.70,194.47,169.38,200.72,33.50,66.50,1.00,1.00,20556.75,18786.73,18791.73,20561.75,33,66,66,33,77146.91,77124.33,,
2026-09-13T03:20:38+08:00,btc-updown-5m-1789240800,https://polymarket.com/zh/event/btc-updown-5m-1789240800,03:20-03:25,34.00,67.00,33.00,66.00,188.60,241.91,250.40,202.90,33.50,66.50,1.00,1.00,20562.75,18793.73,18787.73,20562.75,33,66,66,33,77146.91,77124.33,,
2026-09-13T03:20:40+08:00,btc-updown-5m-1789240800,https://polymarket.com/zh/event/btc-updown-5m-1789240800,03:20-03:25,36.00,65.00,35.00,64.00,86.92,480.65,471.58,55.60,35.50,64.50,1.00,1.00,20056.75,18787.73,18791.74,20062.75,35,64,64,35,77146.91,77124.33,,
2026-09-13T03:20:42+08:00,btc-updown-5m-1789240800,https://polymarket.com/zh/event/btc-updown-5m-1789240800,03:20-03:25,34.00,67.00,33.00,66.00,401.03,351.89,226.89,164.41,33.50,66.50,1.00,1.00,20027.75,18252.73,18237.73,20012.75,33,66,66,33,77146.91,77125.52,,
2026-09-13T03:20:44+08:00,btc-updown-5m-1789240800,https://polymarket.com/zh/event/btc-updown-5m-1789240800,03:20-03:25,34.00,67.00,33.00,66.00,451.89,388.36,388.36,461.89,33.50,66.50,1.00,1.00,20012.75,18242.73,18247.73,20027.75,33,66,66,33,77146.91,77125.53,,
2026-09-13T03:20:46+08:00,btc-updown-5m-1789240800,https://polymarket.com/zh/event/btc-updown-5m-1789240800,03:20-03:25,34.00,67.00,33.00,66.00,543.74,78.89,83.89,548.74,33.50,66.50,1.00,1.00,19967.75,18292.73,18251.74,19962.75,33,66,66,33,77146.91,77125.52,,
2026-09-13T03:20:48+08:00,btc-updown-5m-1789240800,https://polymarket.com/zh/event/btc-updown-5m-1789240800,03:20-03:25,34.00,67.00,33.00,66.00,553.74,173.96,173.96,418.74,33.50,66.50,1.00,1.00,19982.75,18230.73,18230.74,19962.75,33,66,66,33,77146.91,77125.53,,
2026-09-13T03:20:50+08:00,btc-updown-5m-1789240800,https://polymarket.com/zh/event/btc-updown-5m-1789240800,03:20-03:25,34.00,67.00,33.00,66.00,523.32,60.22,60.22,523.32,33.50,66.50,1.00,1.00,19962.75,18230.74,18230.74,19962.75,33,66,66,33,77146.91,77125.52,,
2026-09-13T03:20:52+08:00,btc-updown-5m-1789240800,https://polymarket.com/zh/event/btc-updown-5m-1789240800,03:20-03:25,34.00,67.00,33.00,66.00,543.32,48.08,48.08,543.32,33.50,66.50,1.00,1.00,19962.75,18180.73,18180.73,19962.75,33,66,66,33,77146.91,77125.53,,
2026-09-13T03:20:54+08:00,btc-updown-5m-1789240800,https://polymarket.com/zh/event/btc-updown-5m-1789240800,03:20-03:25,34.00,67.00,33.00,66.00,475.57,90.00,85.00,480.57,33.50,66.50,1.00,1.00,19732.75,17956.73,17940.73,19722.75,33,66,66,33,77146.91,77125.53,,
2026-09-13T03:20:56+08:00,btc-updown-5m-1789240800,https://polymarket.com/zh/event/btc-updown-5m-1789240800,03:20-03:25,39.00,61.00,38.00,60.00,140.68,248.97,164.99,164.49,38.50,60.50,1.00,1.00,19837.75,17941.73,17951.73,19842.75,38,61,60,39,77146.91,77125.52,,
2026-09-13T03:20:58+08:00,btc-updown-5m-1789240800,https://polymarket.com/zh/event/btc-updown-5m-1789240800,03:20-03:25,47.00,55.00,46.00,54.00,171.03,26.98,9.88,257.09,46.50,54.50,1.00,1.00,19372.75,17461.73,17487.73,19377.75,46,53,54,45,77146.91,77125.52,,
2026-09-13T03:21:00+08:00,btc-updown-5m-1789240800,https://polymarket.com/zh/event/btc-updown-5m-1789240800,03:20-03:25,49.00,52.00,48.00,51.00,207.21,36.54,114.58,108.41,48.50,51.50,1.00,1.00,18781.75,16875.73,16890.73,18796.75,47,51,51,48,77146.91,77125.52,,
2026-09-13T03:21:02+08:00,btc-updown-5m-1789240800,https://polymarket.com/zh/event/btc-updown-5m-1789240800,03:20-03:25,44.00,57.00,43.00,56.00,64.22,730.30,739.30,72.22,43.50,56.50,1.00,1.00,16792.75,14923.74,14944.74,16807.75,43,56,56,43,77146.91,77125.52,,
2026-09-13T03:21:04+08:00,btc-updown-5m-1789240800,https://polymarket.com/zh/event/btc-updown-5m-1789240800,03:20-03:25,45.00,56.00,44.00,55.00,16.35,187.04,187.31,19.12,44.50,55.50,1.00,1.00,16334.75,14474.94,14458.94,16334.75,44,55,55,44,77146.91,77125.52,,
2026-09-13T03:21:06+08:00,btc-updown-5m-1789240800,https://polymarket.com/zh/event/btc-updown-5m-1789240800,03:20-03:25,45.00,56.00,44.00,55.00,29.18,217.87,249.05,54.18,44.50,55.50,1.00,1.00,16298.75,14724.56,14739.56,16318.74,44,55,55,44,77146.91,77125.53,,
2026-09-13T03:21:08+08:00,btc-updown-5m-1789240800,https://polymarket.com/zh/event/btc-updown-5m-1789240800,03:20-03:25,44.00,57.00,43.00,56.00,172.38,316.19,318.22,169.99,43.50,56.50,1.00,1.00,16253.74,14745.57,14731.56,16254.73,43,56,56,43,77146.91,77125.53,,
2026-09-13T03:21:10+08:00,btc-updown-5m-1789240800,https://polymarket.com/zh/event/btc-updown-5m-1789240800,03:20-03:25,44.00,57.00,43.00,56.00,129.70,153.60,153.60,129.70,43.50,56.50,1.00,1.00,16264.73,14735.56,14735.56,16264.73,43,56,56,43,77146.91,77125.53,,
2026-09-13T03:21:12+08:00,btc-updown-5m-1789240800,https://polymarket.com/zh/event/btc-updown-5m-1789240800,03:20-03:25,44.00,57.00,43.00,56.00,393.82,136.74,131.74,393.82,43.50,56.50,1.00,1.00,16047.73,14734.57,14735.57,16052.73,43,56,56,43,77146.91,77125.52,,
2026-09-13T03:21:14+08:00,btc-updown-5m-1789240800,https://polymarket.com/zh/event/btc-updown-5m-1789240800,03:20-03:25,43.00,58.00,42.00,57.00,124.14,150.00,150.00,124.14,42.50,57.50,1.00,1.00,16092.73,14724.56,14745.56,16102.73,42,57,57,42,77146.91,77125.52,,
2026-09-13T03:21:16+08:00,btc-updown-5m-1789240800,https://polymarket.com/zh/event/btc-updown-5m-1789240800,03:20-03:25,43.00,58.00,42.00,57.00,195.18,132.82,132.82,203.48,42.50,57.50,1.00,1.00,16107.73,14735.56,14729.56,16097.73,42,57,57,42,77146.91,77125.52,,
2026-09-13T03:21:18+08:00,btc-updown-5m-1789240800,https://polymarket.com/zh/event/btc-updown-5m-1789240800,03:20-03:25,43.00,58.00,42.00,57.00,195.12,122.62,122.62,200.12,42.50,57.50,1.00,1.00,15951.73,14746.79,14760.80,15956.73,42,57,57,42,77146.91,77125.52,,
2026-09-13T03:21:20+08:00,btc-updown-5m-1789240800,https://polymarket.com/zh/event/btc-updown-5m-1789240800,03:20-03:25,42.00,59.00,41.00,58.00,261.69,15.36,40.36,277.69,41.50,58.50,1.00,1.00,15906.73,14796.79,14795.80,15901.73,41,58,58,41,77146.91,77125.52,,
2026-09-13T03:21:22+08:00,btc-updown-5m-1789240800,https://polymarket.com/zh/event/btc-updown-5m-1789240800,03:20-03:25,41.00,60.00,40.00,59.00,537.04,67.28,67.28,532.04,40.50,59.50,1.00,1.00,15910.73,14800.79,14802.79,15895.73,40,59,59,40,77146.91,77125.53,,
2026-09-13T03:21:24+08:00,btc-updown-5m-1789240800,https://polymarket.com/zh/event/btc-updown-5m-1789240800,03:20-03:25,41.00,60.00,40.00,59.00,532.04,54.61,81.65,650.50,40.50,59.50,1.00,1.00,15901.73,14791.79,14796.79,15905.73,40,59,59,40,77146.91,77125.52,,
2026-09-13T03:21:26+08:00,btc-updown-5m-1789240800,https://polymarket.com/zh/event/btc-updown-5m-1789240800,03:20-03:25,41.00,60.00,40.00,59.00,612.18,116.27,121.27,612.18,40.50,59.50,1.00,1.00,15906.73,14795.80,14791.79,15896.73,40,59,59,40,77146.91,77125.52,,
2026-09-13T03:21:28+08:00,btc-updown-5m-1789240800,https://polymarket.com/zh/event/btc-updown-5m-1789240800,03:20-03:25,40.00,61.00,39.00,60.00,523.41,276.51,271.51,515.11,39.50,60.50,1.00,1.00,15921.73,14796.79,14785.79,15911.73,39,60,60,39,77146.91,77125.52,,
2026-09-13T03:21:30+08:00,btc-updown-5m-1789240800,https://polymarket.com/zh/event/btc-updown-5m-1789240800,03:20-03:25,40.00,61.00,39.00,60.00,521.41,127.99,127.99,521.41,39.50,60.50,1.00,1.00,15916.73,14811.80,14811.80,15916.73,39,60,60,39,77146.91,77125.52,,
2026-09-13T03:21:32+08:00,btc-updown-5m-1789240800,https://polymarket.com/zh/event/btc-updown-5m-1789240800,03:20-03:25,40.00,61.00,39.00,60.00,539.97,103.75,103.75,542.47,39.50,60.50,1.00,1.00,15184.73,14073.79,14073.80,15194.73,39,60,60,39,77146.91,77125.52,,
2026-09-13T03:21:34+08:00,btc-updown-5m-1789240800,https://polymarket.com/zh/event/btc-updown-5m-1789240800,03:20-03:25,52.00,49.00,51.00,48.00,186.20,227.12,343.52,113.03,51.50,48.50,1.00,1.00,15739.73,14008.79,14013.79,15234.73,50,48,48,50,77146.91,77125.52,,
2026-09-13T03:21:36+08:00,btc-updown-5m-1789240800,https://polymarket.com/zh/event/btc-updown-5m-1789240800,03:20-03:25,61.00,41.00,60.00,40.00,238.14,5.00,91.91,232.66,60.50,40.50,1.00,1.00,15214.73,14013.79,14018.79,15229.73,60,39,40,59,77146.91,77125.52,,
2026-09-13T03:21:38+08:00,btc-updown-5m-1789240800,https://polymarket.com/zh/event/btc-updown-5m-1789240800,03:20-03:25,71.00,30.00,70.00,29.00,15.80,119.37,270.69,10.87,70.50,29.50,1.00,1.00,12699.75,15258.79,15258.79,13199.74,69,29,29,68,77146.91,77125.52,,
2026-09-13T03:21:40+08:00,btc-updown-5m-1789240800,https://polymarket.com/zh/event/btc-updown-5m-1789240800,03:20-03:25,65.00,36.00,64.00,35.00,288.96,13.05,13.05,288.96,64.50,35.50,1.00,1.00,13169.74,15272.12,15272.12,12674.74,64,35,35,64,77146.91,77135.63,,
2026-09-13T03:21:42+08:00,btc-updown-5m-1789240800,https://polymarket.com/zh/event/btc-updown-5m-1789240800,03:20-03:25,68.00,33.00,67.00,32.00,110.00,65.00,127.60,125.00,67.50,32.50,1.00,1.00,13209.74,15327.12,15332.12,13214.74,67,32,32,67,77146.91,77135.63,,
2026-09-13T03:21:44+08:00,btc-updown-5m-1789240800,https://polymarket.com/zh/event/btc-updown-5m-1789240800,03:20-03:25,68.00,33.00,67.00,32.00,106.16,61.94,56.94,96.30,67.50,32.50,1.00,1.00,13214.75,15332.12,15327.12,13704.74,67,32,32,67,77146.91,77135.64,,
2026-09-13T03:21:46+08:00,btc-updown-5m-1789240800,https://polymarket.com/zh/event/btc-updown-5m-1789240800,03:20-03:25,66.00,35.00,65.00,34.00,105.00,176.11,176.11,105.00,65.50,34.50,1.00,1.00,13193.74,15327.12,15332.12,13208.74,65,34,34,65,77146.91,77135.63,,
2026-09-13T03:21:48+08:00,btc-updown-5m-1789240800,https://polymarket.com/zh/event/btc-updown-5m-1789240800,03:20-03:25,66.00,35.00,65.00,34.00,80.42,157.11,152.11,70.42,65.50,34.50,1.00,1.00,13719.74,15332.12,15327.12,13204.74,65,34,34,65,77146.91,77135.64,,
2026-09-13T03:21:50+08:00,btc-updown-5m-1789240800,https://polymarket.com/zh/event/btc-updown-5m-1789240800,03:20-03:25,68.00,33.00,67.00,32.00,155.00,85.68,85.68,160.00,67.50,32.50,1.00,1.00,12709.74,15292.12,15282.12,13204.75,67,32,32,67,77146.91,77135.63,,
2026-09-13T03:21:52+08:00,btc-updown-5m-1789240800,https://polymarket.com/zh/event/btc-updown-5m-1789240800,03:20-03:25,68.00,33.00,67.00,32.00,90.00,140.66,135.66,90.00,67.50,32.50,1.00,1.00,12699.74,14682.12,14697.12,13214.75,67,32,32,67,77146.91,77135.64,,
2026-09-13T03:21:54+08:00,btc-updown-5m-1789240800,https://polymarket.com/zh/event/btc-updown-5m-1789240800,03:20-03:25,71.00,30.00,70.00,29.00,31.30,153.42,213.42,31.30,70.50,29.50,1.00,1.00,13714.74,14682.12,14682.12,12699.74,70,29,29,70,77146.91,77135.63,,
2026-09-13T03:21:56+08:00,btc-updown-5m-1789240800,https://polymarket.com/zh/event/btc-updown-5m-1789240800,03:20-03:25,67.00,34.00,66.00,33.00,15.00,180.44,260.44,15.00,66.50,33.50,1.00,1.00,12656.75,14682.12,14697.12,13156.74,65,33,33,65,77146.91,77135.62,,
2026-09-13T03:21:58+08:00,btc-updown-5m-1789240800,https://polymarket.com/zh/event/btc-updown-5m-1789240800,03:20-03:25,68.00,33.00,67.00,32.00,133.37,42.19,67.19,194.14,67.50,32.50,1.00,1.00,13616.74,14697.12,14687.12,12606.74,67,32,32,67,77146.91,77135.60,,
2026-09-13T03:22:00+08:00,btc-updown-5m-1789240800,https://polymarket.com/zh/event/btc-updown-5m-1789240800,03:20-03:25,65.00,36.00,64.00,35.00,105.00,260.59,243.93,105.00,64.50,35.50,1.00,1.00,13107.74,14671.12,14651.12,13102.74,64,35,35,64,77146.91,77135.42,,
2026-09-13T03:22:02+08:00,btc-updown-5m-1789240800,https://polymarket.com/zh/event/btc-updown-5m-1789240800,03:20-03:25,65.00,36.00,64.00,35.00,148.05,43.18,43.18,148.05,64.50,35.50,1.00,1.00,12887.74,14391.12,14391.12,12882.74,64,35,35,64,77146.91,77135.42,,
2026-09-13T03:22:04+08:00,btc-updown-5m-1789240800,https://polymarket.com/zh/event/btc-updown-5m-1789240800,03:20-03:25,65.00,36.00,64.00,35.00,160.72,22.00,22.00,155.72,64.50,35.50,1.00,1.00,12902.74,14391.12,14401.12,12407.74,64,35,35,64,77146.91,77135.43,,
2026-09-13T03:22:06+08:00,btc-updown-5m-1789240800,https://polymarket.com/zh/event/btc-updown-5m-1789240800,03:20-03:25,73.00,29.00,72.00,28.00,241.92,80.00,29.00,91.00,72.50,28.50,1.00,1.00,13441.08,14959.46,15009.46,12946.08,72,27,28,71,77146.91,77135.43,,
2026-09-13T03:22:08+08:00,btc-updown-5m-1789240800,https://polymarket.com/zh/event/btc-updown-5m-1789240800,03:20-03:25,70.00,31.00,69.00,30.00,225.36,5.00,10.00,220.36,69.50,30.50,1.00,1.00,12386.08,15069.46,15084.46,12896.08,69,28,28,69,77146.91,77135.43,,
2026-09-13T03:22:10+08:00,btc-updown-5m-1789240800,https://polymarket.com/zh/event/btc-updown-5m-1789240800,03:20-03:25,69.00,32.00,68.00,31.00,63.06,233.00,200.28,58.06,68.50,31.50,1.00,1.00,13406.08,15729.46,15719.46,12891.08,68,30,30,68,77146.91,77135.63,,
2026-09-13T03:22:12+08:00,btc-updown-5m-1789240800,https://polymarket.com/zh/event/btc-updown-5m-1789240800,03:20-03:25,69.00,31.00,68.00,30.00,62.12,259.38,227.02,121.37,68.50,30.50,1.00,1.00,12891.08,15669.46,15669.46,12906.08,68,30,29,69,77146.91,77135.63,,
2026-09-13T03:22:14+08:00,btc-updown-5m-1789240800,https://polymarket.com/zh/event/btc-updown-5m-1789240800,03:20-03:25,69.00,32.00,68.00,31.00,83.10,125.62,125.62,83.10,68.50,31.50,1.00,1.00,13401.08,15734.46,15724.46,12886.08,68,29,29,68,77146.91,77135.63,,
2026-09-13T03:22:16+08:00,btc-updown-5m-1789240800,https://polymarket.com/zh/event/btc-updown-5m-1789240800,03:20-03:25,79.00,21.00,78.00,20.00,1.92,61.08,126.89,55.00,78.50,20.50,1.00,1.00,12976.09,15425.46,15425.46,12976.09,78,21,20,79,77146.91,77136.67,,
2026-09-13T03:22:18+08:00,btc-updown-5m-1789240800,https://polymarket.com/zh/event/btc-updown-5m-1789240800,03:20-03:25,80.00,21.00,79.00,20.00,23.69,195.27,200.27,23.69,79.50,20.50,1.00,1.00,12476.08,15426.46,15426.46,13471.09,79,20,20,79,77146.91,77142.83,,
2026-09-13T03:22:20+08:00,btc-updown-5m-1789240800,https://polymarket.com/zh/event/btc-updown-5m-1789240800,03:20-03:25,80.00,21.00,79.00,20.00,227.84,19.00,26.00,232.84,79.50,20.50,1.00,1.00,12931.08,15359.46,15369.46,12921.08,78,20,20,77,77146.91,77142.83,,
2026-09-13T03:22:22+08:00,btc-updown-5m-1789240800,https://polymarket.com/zh/event/btc-updown-5m-1789240800,03:20-03:25,79.00,22.00,78.00,21.00,40.82,78.33,25.00,102.48,78.50,21.50,1.00,1.00,12926.08,15155.46,14382.46,12921.08,78,21,21,78,77146.91,77142.83,,
2026-09-13T03:22:24+08:00,btc-updown-5m-1789240800,https://polymarket.com/zh/event/btc-updown-5m-1789240800,03:20-03:25,79.00,21.00,78.00,20.00,45.30,98.32,203.73,20.00,78.50,20.50,1.00,1.00,12941.08,15482.46,15380.46,12421.08,78,21,20,79,77146.91,77142.83,,
2026-09-13T03:22:26+08:00,btc-updown-5m-1789240800,https://polymarket.com/zh/event/btc-updown-5m-1789240800,03:20-03:25,81.00,20.00,80.00,19.00,40.00,213.32,208.32,40.00,80.50,19.50,1.00,1.00,12971.08,15463.46,15463.46,12481.08,80,19,19,80,77146.91,77142.83,,
2026-09-13T03:22:28+08:00,btc-updown-5m-1789240800,https://polymarket.com/zh/event/btc-updown-5m-1789240800,03:20-03:25,81.00,20.00,80.00,19.00,32.41,229.78,224.78,26.17,80.50,19.50,1.00,1.00,12991.09,15463.46,15463.46,13471.08,80,19,19,80,77146.91,77142.83,,
2026-09-13T03:22:30+08:00,btc-updown-5m-1789240800,https://polymarket.com/zh/event/btc-updown-5m-1789240800,03:20-03:25,76.00,25.00,75.00,24.00,70.00,100.00,85.00,45.00,75.50,24.50,1.00,1.00,12946.09,15402.48,15402.48,12456.08,75,23,24,75,77146.91,77142.83,,
2026-09-13T03:22:32+08:00,btc-updown-5m-1789240800,https://polymarket.com/zh/event/btc-updown-5m-1789240800,03:20-03:25,77.00,23.00,76.00,22.00,15.90,90.98,15.00,50.00,76.50,22.50,1.00,1.00,12449.77,15381.16,15381.16,12454.76,76,23,22,77,77146.91,77141.27,,
2026-09-13T03:22:34+08:00,btc-updown-5m-1789240800,https://polymarket.com/zh/event/btc-updown-5m-1789240800,03:20-03:25,77.00,23.00,76.00,22.00,20.00,88.50,291.64,85.00,76.50,22.50,1.00,1.00,12749.77,15386.16,15386.16,12709.76,76,22,22,77,77146.91,77142.83,,
2026-09-13T03:22:36+08:00,btc-updown-5m-1789240800,https://polymarket.com/zh/event/btc-updown-5m-1789240800,03:20-03:25,66.00,38.00,63.00,37.00,103.00,212.86,158.00,144.66,64.50,37.50,3.00,1.00,12649.76,15254.16,15249.16,12639.76,63,34,35,62,77146.91,77142.83,,
2026-09-13T03:22:38+08:00,btc-updown-5m-1789240800,https://polymarket.com/zh/event/btc-updown-5m-1789240800,03:20-03:25,51.00,50.00,50.00,49.00,78.64,114.02,28.91,90.77,50.50,49.50,1.00,1.00,12144.76,15283.85,15473.87,12634.76,50,48,48,50,77146.91,77142.83,,
2026-09-13T03:22:40+08:00,btc-updown-5m-1789240800,https://polymarket.com/zh/event/btc-updown-5m-1789240800,03:20-03:25,43.00,55.00,42.00,54.00,13.00,23.32,136.19,20.38,42.50,54.50,1.00,1.00,12144.76,15489.87,15468.87,12129.76,42,56,54,45,77146.91,77142.83,,
2026-09-13T03:22:42+08:00,btc-updown-5m-1789240800,https://polymarket.com/zh/event/btc-updown-5m-1789240800,03:20-03:25,41.00,62.00,40.00,61.00,61.09,33.88,90.40,13.82,40.50,61.50,1.00,1.00,12260.36,15503.39,15488.38,12260.36,40,59,61,38,77146.91,77142.83,,
2026-09-13T03:22:44+08:00,btc-updown-5m-1789240800,https://polymarket.com/zh/event/btc-updown-5m-1789240800,03:20-03:25,36.00,71.00,34.00,70.00,24.16,31.30,128.00,5.50,35.00,70.50,2.00,1.00,12160.36,15251.36,15256.36,12160.36,34,64,67,29,77146.91,77139.09,,
2026-09-13T03:22:46+08:00,btc-updown-5m-1789240800,https://polymarket.com/zh/event/btc-updown-5m-1789240800,03:20-03:25,26.00,69.00,25.00,68.00,31.35,16.66,50.00,10.00,25.50,68.50,1.00,1.00,12158.23,15297.36,15295.36,13246.56,24,73,66,29,77146.91,77138.29,,
2026-09-13T03:22:48+08:00,btc-updown-5m-1789240800,https://polymarket.com/zh/event/btc-updown-5m-1789240800,03:20-03:25,31.00,72.00,30.00,70.00,84.92,21.40,6.75,109.06,30.50,71.00,1.00,2.00,14913.22,14454.98,14464.98,14913.22,30,69,70,28,77146.91,77138.29,,
2026-09-13T03:22:50+08:00,btc-updown-5m-1789240800,https://polymarket.com/zh/event/btc-updown-5m-1789240800,03:20-03:25,19.00,83.00,18.00,82.00,299.82,331.16,50.00,91.87,18.50,82.50,1.00,1.00,12133.23,14424.98,14435.98,12133.23,18,79,80,17,77146.91,77138.29,,
2026-09-13T03:22:52+08:00,btc-updown-5m-1789240800,https://polymarket.com/zh/event/btc-updown-5m-1789240800,03:20-03:25,22.00,79.00,21.00,78.00,8.27,26.82,16.66,207.42,21.50,78.50,1.00,1.00,12190.23,14914.98,14910.98,12190.23,19,78,78,19,77146.91,77138.29,,
2026-09-13T03:22:54+08:00,btc-updown-5m-1789240800,https://polymarket.com/zh/event/btc-updown-5m-1789240800,03:20-03:25,15.00,84.00,14.00,82.00,31.90,11.31,227.78,75.00,14.50,83.00,1.00,2.00,12149.23,14916.98,14920.98,12232.23,14,83,82,15,77146.91,77138.29,,
2026-09-13T03:22:56+08:00,btc-updown-5m-1789240800,https://polymarket.com/zh/event/btc-updown-5m-1789240800,03:20-03:25,15.00,86.00,14.00,85.00,106.66,22.77,8.00,171.89,14.50,85.50,1.00,1.00,12558.23,14927.52,15798.51,12558.23,13,84,83,12,77146.91,77138.29,,
2026-09-13T03:22:58+08:00,btc-updown-5m-1789240800,https://polymarket.com/zh/event/btc-updown-5m-1789240800,03:20-03:25,26.00,75.00,25.00,74.00,29.00,133.67,200.34,100.69,25.50,74.50,1.00,1.00,12558.23,15804.51,15803.51,12558.23,22,74,73,22,77146.91,77138.29,,
2026-09-13T03:23:00+08:00,btc-updown-5m-1789240800,https://polymarket.com/zh/event/btc-updown-5m-1789240800,03:20-03:25,15.00,86.00,14.00,85.00,75.48,3.77,3.77,75.48,14.50,85.50,1.00,1.00,12553.23,15953.51,15953.51,12553.23,13,84,84,13,77146.91,77138.29,,
2026-09-13T03:23:02+08:00,btc-updown-5m-1789240800,https://polymarket.com/zh/event/btc-updown-5m-1789240800,03:20-03:25,14.00,88.00,12.00,87.00,7.85,15.68,35.66,5.00,13.00,87.50,2.00,1.00,12563.23,16003.51,16003.51,12563.23,10,83,85,10,77146.91,77137.60,,
2026-09-13T03:23:04+08:00,btc-updown-5m-1789240800,https://polymarket.com/zh/event/btc-updown-5m-1789240800,03:20-03:25,18.00,83.00,17.00,82.00,47.00,129.69,112.64,45.29,17.50,82.50,1.00,1.00,12493.23,16015.51,16003.51,12493.23,16,82,82,17,77146.91,77138.26,,
2026-09-13T03:23:06+08:00,btc-updown-5m-1789240800,https://polymarket.com/zh/event/btc-updown-5m-1789240800,03:20-03:25,16.00,90.00,14.00,87.00,4.75,5.00,11.66,10.00,15.00,88.50,2.00,3.00,12498.23,16019.51,16009.51,12498.23,13,80,83,10,77146.91,77138.25,,
2026-09-13T03:23:08+08:00,btc-updown-5m-1789240800,https://polymarket.com/zh/event/btc-updown-5m-1789240800,03:20-03:25,23.00,77.00,18.00,76.00,216.02,141.72,115.66,174.40,20.50,76.50,5.00,1.00,12696.23,13389.52,13384.51,12726.23,17,77,76,19,77146.91,77138.25,,
2026-09-13T03:23:10+08:00,btc-updown-5m-1789240800,https://polymarket.com/zh/event/btc-updown-5m-1789240800,03:20-03:25,25.00,76.00,24.00,75.00,22.35,600.44,625.21,37.35,24.50,75.50,1.00,1.00,12603.23,13415.52,13394.51,12603.23,24,71,72,24,77146.91,77138.25,,
2026-09-13T03:23:12+08:00,btc-updown-5m-1789240800,https://polymarket.com/zh/event/btc-updown-5m-1789240800,03:20-03:25,17.00,84.00,16.00,83.00,5.00,110.00,16.66,101.01,16.50,83.50,1.00,1.00,12470.80,12892.17,12897.17,12569.80,16,83,83,16,77146.91,77138.24,,
2026-09-13T03:23:14+08:00,btc-updown-5m-1789240800,https://polymarket.com/zh/event/btc-updown-5m-1789240800,03:20-03:25,31.00,70.00,30.00,69.00,1457.48,54.79,54.79,1457.48,30.50,69.50,1.00,1.00,12430.80,12898.17,12898.17,12430.80,26,69,69,26,77146.91,77135.63,,
2026-09-13T03:23:16+08:00,btc-updown-5m-1789240800,https://polymarket.com/zh/event/btc-updown-5m-1789240800,03:20-03:25,31.00,70.00,30.00,69.00,125.93,71.40,156.40,45.70,30.50,69.50,1.00,1.00,12329.89,12888.17,12868.17,12309.89,30,69,69,30,77146.91,77135.63,,
2026-09-13T03:23:18+08:00,btc-updown-5m-1789240800,https://polymarket.com/zh/event/btc-updown-5m-1789240800,03:20-03:25,30.00,71.00,29.00,70.00,5.26,277.01,261.18,11.79,29.50,70.50,1.00,1.00,12364.89,12867.17,12867.17,12364.89,29,70,70,29,77146.91,77135.63,,
2026-09-13T03:23:20+08:00,btc-updown-5m-1789240800,https://polymarket.com/zh/event/btc-updown-5m-1789240800,03:20-03:25,31.00,69.00,30.00,68.00,23.00,29.99,128.26,68.85,30.50,68.50,1.00,1.00,12369.89,12867.17,12877.18,12689.89,30,68,68,31,77146.91,77135.63,,
2026-09-13T03:23:22+08:00,btc-updown-5m-1789240800,https://polymarket.com/zh/event/btc-updown-5m-1789240800,03:20-03:25,16.00,85.00,15.00,84.00,7.58,177.13,40.00,108.00,15.50,84.50,1.00,1.00,12636.24,12883.17,12884.17,12636.24,14,83,83,13,77146.91,77138.24,,
2026-09-13T03:23:24+08:00,btc-updown-5m-1789240800,https://polymarket.com/zh/event/btc-updown-5m-1789240800,03:20-03:25,11.00,91.00,10.00,90.00,10.00,85.00,72.32,27.45,10.50,90.50,1.00,1.00,12519.89,12882.17,12658.17,12519.89,10,87,88,9,77146.91,77138.24,,
2026-09-13T03:23:26+08:00,btc-updown-5m-1789240800,https://polymarket.com/zh/event/btc-updown-5m-1789240800,03:20-03:25,10.00,91.00,9.00,90.00,132.84,20.01,15.01,152.84,9.50,90.50,1.00,1.00,12520.89,12888.18,12889.17,12419.89,8,90,90,9,77146.91,77138.24,,
2026-09-13T03:23:28+08:00,btc-updown-5m-1789240800,https://polymarket.com/zh/event/btc-updown-5m-1789240800,03:20-03:25,8.00,93.00,7.00,92.00,40.00,473.29,353.65,5.00,7.50,92.50,1.00,1.00,12664.89,12893.17,12867.17,12504.89,7,92,92,7,77146.91,77139.13,,
2026-09-13T03:23:30+08:00,btc-updown-5m-1789240800,https://polymarket.com/zh/event/btc-updown-5m-1789240800,03:20-03:25,8.00,93.00,7.00,92.00,137.06,44.68,44.68,57.06,7.50,92.50,1.00,1.00,12499.89,12748.17,12748.17,12424.89,7,92,92,7,77146.91,77139.14,,
2026-09-13T03:23:32+08:00,btc-updown-5m-1789240800,https://polymarket.com/zh/event/btc-updown-5m-1789240800,03:20-03:25,10.00,91.00,9.00,90.00,30.00,3.89,80.66,98.77,9.50,90.50,1.00,1.00,12346.66,12727.17,12721.17,12256.66,9,90,90,9,77146.91,77139.14,,
2026-09-13T03:23:34+08:00,btc-updown-5m-1789240800,https://polymarket.com/zh/event/btc-updown-5m-1789240800,03:20-03:25,9.00,91.00,8.00,90.00,101.48,13.26,85.00,81.83,8.50,90.50,1.00,1.00,12417.66,12727.17,12726.17,12417.66,8,91,90,9,77146.91,77139.14,,
2026-09-13T03:23:36+08:00,btc-updown-5m-1789240800,https://polymarket.com/zh/event/btc-updown-5m-1789240800,03:20-03:25,7.00,94.00,6.00,93.00,465.00,455.83,450.83,450.71,6.50,93.50,1.00,1.00,12476.66,12732.17,12737.17,12470.66,6,93,93,6,77146.91,77137.59,,
2026-09-13T03:23:38+08:00,btc-updown-5m-1789240800,https://polymarket.com/zh/event/btc-updown-5m-1789240800,03:20-03:25,7.00,94.00,6.00,93.00,436.29,279.42,279.42,441.29,6.50,93.50,1.00,1.00,12433.66,12857.17,12855.17,12433.66,6,93,93,6,77146.91,77135.02,,
2026-09-13T03:23:40+08:00,btc-updown-5m-1789240800,https://polymarket.com/zh/event/btc-updown-5m-1789240800,03:20-03:25,8.00,94.00,7.00,93.00,108.40,363.44,61.02,56.66,7.50,93.50,1.00,1.00,12369.66,12576.17,12592.17,12469.66,7,92,93,6,77146.91,77135.02,,
2026-09-13T03:23:42+08:00,btc-updown-5m-1789240800,https://polymarket.com/zh/event/btc-updown-5m-1789240800,03:20-03:25,7.00,95.00,6.00,94.00,123.00,593.87,23.96,64.00,6.50,94.50,1.00,1.00,11980.60,12627.17,12627.17,11920.41,6,93,94,5,77146.91,77135.02,,
2026-09-13T03:23:44+08:00,btc-updown-5m-1789240800,https://polymarket.com/zh/event/btc-updown-5m-1789240800,03:20-03:25,8.00,93.00,7.00,92.00,115.00,25.00,25.00,115.00,7.50,92.50,1.00,1.00,12023.07,12621.17,12641.18,11847.07,7,92,92,7,77146.91,77135.01,,
2026-09-13T03:23:46+08:00,btc-updown-5m-1789240800,https://polymarket.com/zh/event/btc-updown-5m-1789240800,03:20-03:25,8.00,82.00,7.00,81.00,22.30,85.54,165.00,180.22,7.50,81.50,1.00,1.00,11672.07,12636.17,12620.17,11655.45,7,92,81,14,77146.91,77135.02,,
2026-09-13T03:23:48+08:00,btc-updown-5m-1789240800,https://polymarket.com/zh/event/btc-updown-5m-1789240800,03:20-03:25,26.00,75.00,25.00,74.00,772.48,126.91,82.69,791.48,25.50,74.50,1.00,1.00,11913.30,12570.18,12620.17,11876.30,24,74,74,24,77146.91,77135.02,,
2026-09-13T03:23:50+08:00,btc-updown-5m-1789240800,https://polymarket.com/zh/event/btc-updown-5m-1789240800,03:20-03:25,24.00,77.00,23.00,76.00,60.84,68.96,113.96,33.56,23.50,76.50,1.00,1.00,11854.90,12642.17,12615.17,11839.90,23,74,75,23,77146.91,77135.02,,
2026-09-13T03:23:52+08:00,btc-updown-5m-1789240800,https://polymarket.com/zh/event/btc-updown-5m-1789240800,03:20-03:25,15.00,87.00,13.00,85.00,38.00,117.27,122.39,38.00,14.00,86.00,2.00,2.00,11386.64,12609.52,12615.52,11386.64,13,80,80,13,77146.91,77135.02,,
2026-09-13T03:23:54+08:00,btc-updown-5m-1789240800,https://polymarket.com/zh/event/btc-updown-5m-1789240800,03:20-03:25,27.00,74.00,26.00,73.00,469.86,119.30,119.30,454.34,26.50,73.50,1.00,1.00,11556.64,12559.52,12559.52,11556.64,17,73,73,17,77146.91,77135.02,,
2026-09-13T03:23:56+08:00,btc-updown-5m-1789240800,https://polymarket.com/zh/event/btc-updown-5m-1789240800,03:20-03:25,26.00,75.00,25.00,74.00,144.49,234.70,216.14,119.87,25.50,74.50,1.00,1.00,4942.60,5193.86,5253.86,4942.60,21,74,74,20,77146.91,77135.02,,
2026-09-13T03:23:58+08:00,btc-updown-5m-1789240800,https://polymarket.com/zh/event/btc-updown-5m-1789240800,03:20-03:25,27.00,74.00,26.00,73.00,65.40,58.58,58.58,61.54,26.50,73.50,1.00,1.00,4966.11,5189.78,5190.78,5001.11,22,73,73,22,77146.91,77135.02,,
2026-09-13T03:24:00+08:00,btc-updown-5m-1789240800,https://polymarket.com/zh/event/btc-updown-5m-1789240800,03:20-03:25,29.00,73.00,28.00,72.00,51.40,166.09,35.53,36.47,28.50,72.50,1.00,1.00,4931.11,5175.18,5179.18,4931.11,27,71,72,25,77146.91,77135.02,,
2026-09-13T03:24:02+08:00,btc-updown-5m-1789240800,https://polymarket.com/zh/event/btc-updown-5m-1789240800,03:20-03:25,23.00,78.00,21.00,77.00,15.00,85.00,74.37,90.47,22.00,77.50,2.00,1.00,4984.11,5189.18,5194.19,4974.11,21,75,74,21,77146.91,77135.02,,
2026-09-13T03:24:04+08:00,btc-updown-5m-1789240800,https://polymarket.com/zh/event/btc-updown-5m-1789240800,03:20-03:25,17.00,84.00,16.00,83.00,28.56,28.33,108.32,28.56,16.50,83.50,1.00,1.00,4897.79,5160.18,5170.18,4897.79,13,73,73,13,77146.91,77135.02,,
2026-09-13T03:24:06+08:00,btc-updown-5m-1789240800,https://polymarket.com/zh/event/btc-updown-5m-1789240800,03:20-03:25,16.00,89.00,14.00,88.00,11.94,9.00,15.00,15.00,15.00,88.50,2.00,1.00,4842.79,5174.19,5149.18,4842.79,13,78,80,11,77146.91,77135.02,,
2026-09-13T03:24:08+08:00,btc-updown-5m-1789240800,https://polymarket.com/zh/event/btc-updown-5m-1789240800,03:20-03:25,11.00,90.00,10.00,89.00,20.00,308.34,308.34,25.00,10.50,89.50,1.00,1.00,4807.79,5149.18,5153.18,4807.79,10,82,83,10,77146.91,77135.02,,
2026-09-13T03:24:10+08:00,btc-updown-5m-1789240800,https://polymarket.com/zh/event/btc-updown-5m-1789240800,03:20-03:25,10.00,91.00,8.00,90.00,60.00,25.00,15.00,46.49,9.00,90.50,2.00,1.00,4803.59,5148.19,5153.18,4828.59,7,89,88,9,77146.91,77135.02,,
2026-09-13T03:24:12+08:00,btc-updown-5m-1789240800,https://polymarket.com/zh/event/btc-updown-5m-1789240800,03:20-03:25,11.00,90.00,10.00,89.00,39.00,45.00,133.68,87.05,10.50,89.50,1.00,1.00,4757.91,5100.19,5161.18,4757.91,10,89,89,10,77146.91,77135.02,,
2026-09-13T03:24:14+08:00,btc-updown-5m-1789240800,https://polymarket.com/zh/event/btc-updown-5m-1789240800,03:20-03:25,10.00,91.00,9.00,90.00,20.00,129.88,174.88,20.00,9.50,90.50,1.00,1.00,4753.91,5156.18,5150.18,4762.12,9,90,90,9,77146.91,77135.02,,
2026-09-13T03:24:16+08:00,btc-updown-5m-1789240800,https://polymarket.com/zh/event/btc-updown-5m-1789240800,03:20-03:25,8.00,93.00,6.00,92.00,120.25,5.00,12.88,55.25,7.00,92.50,2.00,1.00,4854.75,5231.19,5236.18,4774.75,6,88,88,7,77146.91,77135.01,,
2026-09-13T03:24:18+08:00,btc-updown-5m-1789240800,https://polymarket.com/zh/event/btc-updown-5m-1789240800,03:20-03:25,7.00,94.00,6.00,93.00,54.21,20.00,20.00,54.21,6.50,93.50,1.00,1.00,4799.03,5266.18,5245.18,4799.03,6,89,89,6,77146.91,77135.01,,
2026-09-13T03:24:20+08:00,btc-updown-5m-1789240800,https://polymarket.com/zh/event/btc-updown-5m-1789240800,03:20-03:25,6.00,95.00,5.00,94.00,105.00,380.53,380.53,105.00,5.50,94.50,1.00,1.00,4871.18,5205.18,5216.18,4871.18,5,90,90,5,77146.91,77135.02,,
2026-09-13T03:24:22+08:00,btc-updown-5m-1789240800,https://polymarket.com/zh/event/btc-updown-5m-1789240800,03:20-03:25,7.00,94.00,6.00,93.00,153.43,100.79,100.79,153.43,6.50,93.50,1.00,1.00,4725.86,5180.18,5211.18,5125.83,6,87,87,6,77146.91,77135.02,,
2026-09-13T03:24:24+08:00,btc-updown-5m-1789240800,https://polymarket.com/zh/event/btc-updown-5m-1789240800,03:20-03:25,6.00,95.00,5.00,94.00,262.78,99.96,99.96,262.78,5.50,94.50,1.00,1.00,5067.58,5211.19,5216.18,5067.58,5,88,88,5,77146.91,77135.02,,
2026-09-13T03:24:26+08:00,btc-updown-5m-1789240800,https://polymarket.com/zh/event/btc-updown-5m-1789240800,03:20-03:25,5.00,96.00,4.00,95.00,87.78,498.18,522.41,87.78,4.50,95.50,1.00,1.00,4874.85,5216.19,5196.18,4850.62,4,87,87,4,77146.91,77135.02,,
2026-09-13T03:24:28+08:00,btc-updown-5m-1789240800,https://polymarket.com/zh/event/btc-updown-5m-1789240800,03:20-03:25,5.00,96.00,4.00,95.00,96.04,111.13,189.36,137.65,4.50,95.50,1.00,1.00,4541.80,5132.19,5121.18,4743.57,4,86,87,4,77146.91,77135.02,,
2026-09-13T03:24:30+08:00,btc-updown-5m-1789240800,https://polymarket.com/zh/event/btc-updown-5m-1789240800,03:20-03:25,5.00,98.00,3.00,97.00,24.65,631.77,43.69,300.00,4.00,97.50,2.00,1.00,3736.79,4813.84,4837.84,3815.32,3,84,87,2,77146.91,77135.02,,
2026-09-13T03:24:32+08:00,btc-updown-5m-1789240800,https://polymarket.com/zh/event/btc-updown-5m-1789240800,03:20-03:25,2.00,99.00,1.00,97.00,39.00,2824.49,2925.51,55.00,1.50,98.00,1.00,2.00,2925.51,4858.49,4844.48,2824.49,1,94,92,1,77146.91,77135.02,,
2026-09-13T03:24:34+08:00,btc-updown-5m-1789240800,https://polymarket.com/zh/event/btc-updown-5m-1789240800,03:20-03:25,3.00,99.00,1.00,97.00,5.00,2254.18,2454.18,50.03,2.00,98.00,2.00,2.00,2454.18,4830.48,4824.48,2254.18,1,94,93,1,77146.91,77135.02,,
2026-09-13T03:24:36+08:00,btc-updown-5m-1789240800,https://polymarket.com/zh/event/btc-updown-5m-1789240800,03:20-03:25,3.00,99.00,1.00,97.00,57.00,1635.16,1635.16,57.00,2.00,98.00,2.00,2.00,1635.16,4801.65,4795.66,1635.16,1,86,89,1,77146.91,77135.02,,
2026-09-13T03:24:38+08:00,btc-updown-5m-1789240800,https://polymarket.com/zh/event/btc-updown-5m-1789240800,03:20-03:25,3.00,99.00,1.00,97.00,26.31,937.29,937.29,26.31,2.00,98.00,2.00,2.00,937.29,4822.65,4796.65,937.29,1,86,87,1,77146.91,77135.02,,
2026-09-13T03:24:40+08:00,btc-updown-5m-1789240800,https://polymarket.com/zh/event/btc-updown-5m-1789240800,03:20-03:25,2.00,99.00,1.00,98.00,108.00,759.59,759.59,108.00,1.50,98.50,1.00,1.00,759.59,4790.65,4800.65,759.59,1,84,84,1,77146.91,77135.02,,
2026-09-13T03:24:42+08:00,btc-updown-5m-1789240800,https://polymarket.com/zh/event/btc-updown-5m-1789240800,03:20-03:25,1.00,,,99.00,1388.42,,,1388.42,,,,,,4796.65,4816.65,,0,86,86,0,77146.91,77135.02,,
2026-09-13T03:24:44+08:00,btc-updown-5m-1789240800,https://polymarket.com/zh/event/btc-updown-5m-1789240800,03:20-03:25,1.00,,,99.00,1146.97,,,1146.97,,,,,,4796.65,4802.65,,0,85,87,0,77146.91,77135.02,,
2026-09-13T03:24:46+08:00,btc-updown-5m-1789240800,https://polymarket.com/zh/event/btc-updown-5m-1789240800,03:20-03:25,1.00,,,99.00,941.42,,,941.42,,,,,,4747.65,4738.65,,0,83,83,0,77146.91,77135.02,,
2026-09-13T03:24:48+08:00,btc-updown-5m-1789240800,https://polymarket.com/zh/event/btc-updown-5m-1789240800,03:20-03:25,1.00,,,99.00,951.73,,,901.73,,,,,,4758.65,4688.65,,0,84,84,0,77146.91,77135.02,,
2026-09-13T03:24:50+08:00,btc-updown-5m-1789240800,https://polymarket.com/zh/event/btc-updown-5m-1789240800,03:20-03:25,1.00,,,99.00,764.58,,,739.28,,,,,,5033.65,5012.65,,0,86,85,0,77146.91,77135.02,,
2026-09-13T03:24:52+08:00,btc-updown-5m-1789240800,https://polymarket.com/zh/event/btc-updown-5m-1789240800,03:20-03:25,1.00,,,99.00,1034.82,,,3034.83,,,,,,5662.51,5669.51,,0,79,79,0,77146.91,77135.02,,
2026-09-13T03:24:54+08:00,btc-updown-5m-1789240800,https://polymarket.com/zh/event/btc-updown-5m-1789240800,03:20-03:25,1.00,,,99.00,14479.88,,,14484.88,,,,,,5019.65,5008.65,,0,79,79,0,77146.91,77125.56,,
2026-09-13T03:24:56+08:00,btc-updown-5m-1789240800,https://polymarket.com/zh/event/btc-updown-5m-1789240800,03:20-03:25,1.00,,,99.00,14795.88,,,14795.88,,,,,,5013.65,5008.65,,0,79,79,0,77146.91,77125.56,,
2026-09-13T03:24:58+08:00,btc-updown-5m-1789240800,https://polymarket.com/zh/event/btc-updown-5m-1789240800,03:20-03:25,1.00,,,99.00,26417.06,,,26488.06,,,,,,5420.65,5429.66,,0,76,76,0,77146.91,77125.56,,
2026-09-13T03:25:01+08:00,btc-updown-5m-1789241100,https://polymarket.com/zh/event/btc-updown-5m-1789241100,03:25-03:30,46.00,56.00,45.00,55.00,492.00,50.00,42.23,186.66,45.50,55.50,1.00,1.00,137706.07,138195.15,138185.15,137691.07,40,54,55,39,77125.56,77125.56,,
2026-09-13T03:25:03+08:00,btc-updown-5m-1789241100,https://polymarket.com/zh/event/btc-updown-5m-1789241100,03:25-03:30,45.00,56.00,44.00,55.00,849.83,58.12,58.12,1036.05,44.50,55.50,1.00,1.00,22564.47,23518.94,23512.94,22569.47,44,55,55,44,77125.56,77125.56,,
2026-09-13T03:25:05+08:00,btc-updown-5m-1789241100,https://polymarket.com/zh/event/btc-updown-5m-1789241100,03:25-03:30,45.00,56.00,44.00,55.00,556.83,246.14,236.14,563.83,44.50,55.50,1.00,1.00,22814.47,23448.94,23513.94,22814.47,44,55,55,44,77125.56,77125.56,,
2026-09-13T03:25:07+08:00,btc-updown-5m-1789241100,https://polymarket.com/zh/event/btc-updown-5m-1789241100,03:25-03:30,45.00,56.00,44.00,55.00,784.72,80.85,80.85,789.72,44.50,55.50,1.00,1.00,22833.86,23707.94,23723.94,22848.86,44,55,55,44,77125.56,77125.56,,
2026-09-13T03:25:09+08:00,btc-updown-5m-1789241100,https://polymarket.com/zh/event/btc-updown-5m-1789241100,03:25-03:30,45.00,56.00,44.00,55.00,735.69,85.85,85.85,740.69,44.50,55.50,1.00,1.00,22848.86,22717.94,22713.95,21833.86,44,55,55,44,77125.56,77125.56,,
2026-09-13T03:25:11+08:00,btc-updown-5m-1789241100,https://polymarket.com/zh/event/btc-updown-5m-1789241100,03:25-03:30,45.00,56.00,44.00,55.00,711.46,73.85,78.85,720.83,44.50,55.50,1.00,1.00,22029.47,22807.94,22814.94,22024.47,44,55,55,44,77125.56,77125.56,,
2026-09-13T03:25:13+08:00,btc-updown-5m-1789241100,https://polymarket.com/zh/event/btc-updown-5m-1789241100,03:25-03:30,45.00,56.00,44.00,55.00,693.79,58.49,58.49,718.79,44.50,55.50,1.00,1.00,22029.47,22817.94,22813.95,22024.47,44,55,55,44,77125.56,77125.56,,
2026-09-13T03:25:15+08:00,btc-updown-5m-1789241100,https://polymarket.com/zh/event/btc-updown-5m-1789241100,03:25-03:30,43.00,57.00,42.00,56.00,217.86,223.32,111.20,159.54,42.50,56.50,1.00,1.00,22029.47,22873.94,22857.95,22024.47,42,57,56,43,77125.56,77125.56,,
2026-09-13T03:25:17+08:00,btc-updown-5m-1789241100,https://polymarket.com/zh/event/btc-updown-5m-1789241100,03:25-03:30,44.00,57.00,43.00,56.00,367.37,105.00,130.00,362.37,43.50,56.50,1.00,1.00,22338.07,23118.54,23127.54,22353.07,43,56,56,43,77125.56,77125.56,,
2026-09-13T03:25:19+08:00,btc-updown-5m-1789241100,https://polymarket.com/zh/event/btc-updown-5m-1789241100,03:25-03:30,44.00,57.00,43.00,56.00,338.18,145.00,150.00,338.18,43.50,56.50,1.00,1.00,21573.07,22422.54,22402.54,21568.07,43,56,56,43,77125.56,77125.56,,
2026-09-13T03:25:21+08:00,btc-updown-5m-1789241100,https://polymarket.com/zh/event/btc-updown-5m-1789241100,03:25-03:30,43.00,58.00,42.00,57.00,624.61,123.88,123.88,584.61,42.50,57.50,1.00,1.00,20153.07,20942.55,20942.54,20168.07,42,57,57,42,77125.56,77125.55,,
2026-09-13T03:25:23+08:00,btc-updown-5m-1789241100,https://polymarket.com/zh/event/btc-updown-5m-1789241100,03:25-03:30,40.00,61.00,39.00,60.00,250.06,109.89,109.89,250.06,39.50,60.50,1.00,1.00,20108.07,20947.54,20943.54,20103.07,39,60,60,39,77125.56,77125.56,,
2026-09-13T03:25:25+08:00,btc-updown-5m-1789241100,https://polymarket.com/zh/event/btc-updown-5m-1789241100,03:25-03:30,24.00,77.00,23.00,76.00,356.66,124.32,124.32,336.66,23.50,76.50,1.00,1.00,22408.73,20593.54,20613.55,22408.73,23,76,76,23,77125.56,77115.78,,
2026-09-13T03:25:27+08:00,btc-updown-5m-1789241100,https://polymarket.com/zh/event/btc-updown-5m-1789241100,03:25-03:30,23.00,78.00,22.00,77.00,44.95,456.09,459.95,44.95,22.50,77.50,1.00,1.00,22401.73,20355.54,20370.55,22401.73,22,77,77,22,77125.56,77115.78,,
2026-09-13T03:25:29+08:00,btc-updown-5m-1789241100,https://polymarket.com/zh/event/btc-updown-5m-1789241100,03:25-03:30,23.00,78.00,22.00,77.00,105.55,461.09,461.09,62.07,22.50,77.50,1.00,1.00,22260.73,20119.54,20121.54,22260.73,22,77,77,22,77125.56,77115.78,,
2026-09-13T03:25:31+08:00,btc-updown-5m-1789241100,https://polymarket.com/zh/event/btc-updown-5m-1789241100,03:25-03:30,26.00,75.00,25.00,74.00,62.50,200.48,348.57,58.50,25.50,74.50,1.00,1.00,21717.73,19604.54,19370.54,21477.73,25,74,74,25,77125.56,77115.78,,
2026-09-13T03:25:33+08:00,btc-updown-5m-1789241100,https://polymarket.com/zh/event/btc-updown-5m-1789241100,03:25-03:30,26.00,75.00,25.00,74.00,235.43,299.79,299.79,235.43,25.50,74.50,1.00,1.00,21146.06,19139.54,19140.55,21146.06,25,74,74,25,77125.56,77115.79,,
2026-09-13T03:25:35+08:00,btc-updown-5m-1789241100,https://polymarket.com/zh/event/btc-updown-5m-1789241100,03:25-03:30,26.00,75.00,25.00,74.00,141.58,368.44,413.06,152.24,25.50,74.50,1.00,1.00,21146.06,19134.54,19140.55,21146.06,25,74,74,25,77125.56,77115.79,,
2026-09-13T03:25:37+08:00,btc-updown-5m-1789241100,https://polymarket.com/zh/event/btc-updown-5m-1789241100,03:25-03:30,26.00,75.00,25.00,74.00,122.33,382.65,374.12,122.33,25.50,74.50,1.00,1.00,21156.06,19074.54,19079.54,21156.06,25,74,74,25,77125.56,77115.78,,
2026-09-13T03:25:39+08:00,btc-updown-5m-1789241100,https://polymarket.com/zh/event/btc-updown-5m-1789241100,03:25-03:30,26.00,75.00,25.00,74.00,225.45,339.02,339.02,225.45,25.50,74.50,1.00,1.00,21162.06,19100.54,19086.54,21162.06,25,74,74,25,77125.56,77115.78,,
2026-09-13T03:25:41+08:00,btc-updown-5m-1789241100,https://polymarket.com/zh/event/btc-updown-5m-1789241100,03:25-03:30,26.00,75.00,25.00,74.00,150.12,361.21,352.68,145.12,25.50,74.50,1.00,1.00,20612.06,18558.54,18547.54,20513.06,25,74,74,25,77125.56,77115.78,,
2026-09-13T03:25:43+08:00,btc-updown-5m-1789241100,https://polymarket.com/zh/event/btc-updown-5m-1789241100,03:25-03:30,27.00,74.00,26.00,73.00,209.75,254.43,255.79,204.75,26.50,73.50,1.00,1.00,20617.06,18542.54,18546.54,20617.06,26,73,73,26,77125.56,77115.78,,
2026-09-13T03:25:45+08:00,btc-updown-5m-1789241100,https://polymarket.com/zh/event/btc-updown-5m-1789241100,03:25-03:30,28.00,73.00,27.00,72.00,54.21,368.65,373.65,66.21,27.50,72.50,1.00,1.00,20606.51,18591.55,18562.54,20606.51,27,71,71,27,77125.56,77115.78,,
2026-09-13T03:25:47+08:00,btc-updown-5m-1789241100,https://polymarket.com/zh/event/btc-updown-5m-1789241100,03:25-03:30,28.00,73.00,27.00,72.00,92.07,387.28,387.28,92.07,27.50,72.50,1.00,1.00,20556.51,18542.54,18546.54,20556.51,27,72,72,27,77125.56,77115.78,,
2026-09-13T03:25:49+08:00,btc-updown-5m-1789241100,https://polymarket.com/zh/event/btc-updown-5m-1789241100,03:25-03:30,28.00,72.00,27.00,69.00,18.49,133.00,320.84,84.43,27.50,70.50,1.00,3.00,20462.06,18563.54,18541.54,20462.06,27,72,69,28,77125.56,77115.78,,
2026-09-13T03:25:51+08:00,btc-updown-5m-1789241100,https://polymarket.com/zh/event/btc-updown-5m-1789241100,03:25-03:30,32.00,69.00,31.00,68.00,24.00,364.28,357.47,49.00,31.50,68.50,1.00,1.00,20786.06,18602.54,18602.55,20776.06,30,68,68,31,77125.56,77114.10,,
2026-09-13T03:25:53+08:00,btc-updown-5m-1789241100,https://polymarket.com/zh/event/btc-updown-5m-1789241100,03:25-03:30,30.00,71.00,29.00,70.00,461.75,15.00,5.00,466.75,29.50,70.50,1.00,1.00,20622.06,18592.54,18603.54,20622.06,29,70,70,29,77125.56,77114.10,,
2026-09-13T03:25:55+08:00,btc-updown-5m-1789241100,https://polymarket.com/zh/event/btc-updown-5m-1789241100,03:25-03:30,33.00,69.00,32.00,68.00,89.00,60.00,103.22,78.32,32.50,68.50,1.00,1.00,18036.52,18352.54,18372.54,17971.52,32,67,68,31,77125.56,77114.15,,
2026-09-13T03:25:57+08:00,btc-updown-5m-1789241100,https://polymarket.com/zh/event/btc-updown-5m-1789241100,03:25-03:30,32.00,69.00,31.00,68.00,179.51,77.36,82.36,174.51,31.50,68.50,1.00,1.00,17316.52,17887.55,17887.54,17214.52,31,68,68,31,77125.56,77115.79,,
2026-09-13T03:25:59+08:00,btc-updown-5m-1789241100,https://polymarket.com/zh/event/btc-updown-5m-1789241100,03:25-03:30,32.00,69.00,31.00,68.00,262.66,61.42,56.42,257.66,31.50,68.50,1.00,1.00,16734.07,17412.54,17407.54,16659.07,31,68,68,31,77125.56,77115.79,,
2026-09-13T03:26:01+08:00,btc-updown-5m-1789241100,https://polymarket.com/zh/event/btc-updown-5m-1789241100,03:25-03:30,31.00,70.00,30.00,69.00,203.00,328.97,318.97,203.00,30.50,69.50,1.00,1.00,14369.07,15145.54,15135.54,14359.07,30,69,69,30,77125.56,77115.79,,
2026-09-13T03:26:03+08:00,btc-updown-5m-1789241100,https://polymarket.com/zh/event/btc-updown-5m-1789241100,03:25-03:30,31.00,70.00,30.00,69.00,291.96,287.29,292.29,291.96,30.50,69.50,1.00,1.00,13876.07,14642.54,14643.54,13861.07,30,69,69,30,77125.56,77115.79,,
2026-09-13T03:26:05+08:00,btc-updown-5m-1789241100,https://polymarket.com/zh/event/btc-updown-5m-1789241100,03:25-03:30,31.00,70.00,30.00,69.00,439.41,91.62,91.62,449.41,30.50,69.50,1.00,1.00,13876.07,14647.55,14637.54,13866.07,30,69,69,30,77125.56,77115.79,,
2026-09-13T03:26:07+08:00,btc-updown-5m-1789241100,https://polymarket.com/zh/event/btc-updown-5m-1789241100,03:25-03:30,30.00,71.00,29.00,70.00,327.96,140.79,128.00,297.96,29.50,70.50,1.00,1.00,13765.07,14607.54,14602.54,13760.07,29,70,70,29,77125.56,77115.79,,
2026-09-13T03:26:09+08:00,btc-updown-5m-1789241100,https://polymarket.com/zh/event/btc-updown-5m-1789241100,03:25-03:30,30.00,71.00,29.00,70.00,465.46,46.59,46.59,270.46,29.50,70.50,1.00,1.00,13790.07,14606.54,14596.54,13790.07,29,70,70,29,77125.56,77115.78,,
2026-09-13T03:26:11+08:00,btc-updown-5m-1789241100,https://polymarket.com/zh/event/btc-updown-5m-1789241100,03:25-03:30,30.00,71.00,29.00,70.00,174.64,136.35,137.96,179.64,29.50,70.50,1.00,1.00,13840.07,14557.54,14552.54,13845.07,29,70,70,29,77125.56,77115.79,,
2026-09-13T03:26:13+08:00,btc-updown-5m-1789241100,https://polymarket.com/zh/event/btc-updown-5m-1789241100,03:25-03:30,30.00,71.00,29.00,70.00,463.12,95.20,15.20,398.12,29.50,70.50,1.00,1.00,13628.07,14607.54,14607.55,13628.07,29,70,70,29,77125.56,77115.79,,
2026-09-13T03:26:15+08:00,btc-updown-5m-1789241100,https://polymarket.com/zh/event/btc-updown-5m-1789241100,03:25-03:30,30.00,72.00,29.00,71.00,407.21,238.35,61.04,120.57,29.50,71.50,1.00,1.00,13638.07,14557.54,14551.55,13473.07,29,70,71,28,77125.56,77115.79,,
2026-09-13T03:26:17+08:00,btc-updown-5m-1789241100,https://polymarket.com/zh/event/btc-updown-5m-1789241100,03:25-03:30,29.00,72.00,28.00,71.00,129.96,112.61,117.61,158.58,28.50,71.50,1.00,1.00,13347.07,14562.54,14551.55,13347.07,28,71,71,28,77125.56,77115.79,,
2026-09-13T03:26:19+08:00,btc-updown-5m-1789241100,https://polymarket.com/zh/event/btc-updown-5m-1789241100,03:25-03:30,29.00,72.00,28.00,71.00,183.70,92.22,92.22,170.76,28.50,71.50,1.00,1.00,13337.07,14551.54,14557.55,13337.07,28,71,71,28,77125.56,77115.79,,
2026-09-13T03:26:21+08:00,btc-updown-5m-1789241100,https://polymarket.com/zh/event/btc-updown-5m-1789241100,03:25-03:30,25.00,76.00,24.00,75.00,176.21,184.14,185.72,176.21,24.50,75.50,1.00,1.00,13853.07,14556.55,14551.54,13853.07,24,75,75,24,77125.56,77114.23,,
2026-09-13T03:26:23+08:00,btc-updown-5m-1789241100,https://polymarket.com/zh/event/btc-updown-5m-1789241100,03:25-03:30,25.00,76.00,24.00,75.00,224.17,126.32,119.45,237.99,24.50,75.50,1.00,1.00,13843.07,14567.54,14546.54,13843.07,24,75,75,24,77125.56,77114.23,,
2026-09-13T03:26:25+08:00,btc-updown-5m-1789241100,https://polymarket.com/zh/event/btc-updown-5m-1789241100,03:25-03:30,25.00,76.00,24.00,75.00,247.25,55.26,55.26,275.77,24.50,75.50,1.00,1.00,13873.07,14571.54,14558.54,13873.07,24,75,75,24,77125.56,77114.23,,
2026-09-13T03:26:27+08:00,btc-updown-5m-1789241100,https://polymarket.com/zh/event/btc-updown-5m-1789241100,03:25-03:30,25.00,76.00,24.00,75.00,263.30,65.26,65.26,263.30,24.50,75.50,1.00,1.00,13868.07,14546.54,14557.54,13868.07,24,75,75,24,77125.56,77114.23,,
2026-09-13T03:26:29+08:00,btc-updown-5m-1789241100,https://polymarket.com/zh/event/btc-updown-5m-1789241100,03:25-03:30,26.00,75.00,25.00,74.00,377.57,185.00,197.48,314.10,25.50,74.50,1.00,1.00,13868.07,14567.54,14546.54,13868.07,25,74,74,25,77125.56,77114.23,,
2026-09-13T03:26:31+08:00,btc-updown-5m-1789241100,https://polymarket.com/zh/event/btc-updown-5m-1789241100,03:25-03:30,26.00,75.00,25.00,74.00,363.75,239.32,239.32,363.75,25.50,74.50,1.00,1.00,13147.07,13830.54,13831.54,13147.07,25,74,74,25,77125.56,77114.23,,
2026-09-13T03:26:33+08:00,btc-updown-5m-1789241100,https://polymarket.com/zh/event/btc-updown-5m-1789241100,03:25-03:30,26.00,75.00,25.00,74.00,373.40,232.98,237.98,373.40,25.50,74.50,1.00,1.00,13147.07,13840.54,13826.54,13147.07,25,74,74,25,77125.56,77114.23,,
2026-09-13T03:26:35+08:00,btc-updown-5m-1789241100,https://polymarket.com/zh/event/btc-updown-5m-1789241100,03:25-03:30,26.00,75.00,25.00,74.00,130.75,535.14,535.14,129.42,25.50,74.50,1.00,1.00,13187.07,13835.54,13832.54,14062.07,25,74,74,25,77125.56,77114.23,,
2026-09-13T03:26:37+08:00,btc-updown-5m-1789241100,https://polymarket.com/zh/event/btc-updown-5m-1789241100,03:25-03:30,26.00,75.00,25.00,74.00,174.42,334.29,334.29,169.42,25.50,74.50,1.00,1.00,15762.07,13945.16,13925.16,15762.07,25,74,74,25,77125.56,77114.23,,
2026-09-13T03:26:39+08:00,btc-updown-5m-1789241100,https://polymarket.com/zh/event/btc-updown-5m-1789241100,03:25-03:30,24.00,77.00,23.00,76.00,280.70,66.90,71.90,285.70,23.50,76.50,1.00,1.00,15506.39,13891.16,13886.17,15506.39,23,76,76,23,77125.56,77114.23,,
2026-09-13T03:26:41+08:00,btc-updown-5m-1789241100,https://polymarket.com/zh/event/btc-updown-5m-1789241100,03:25-03:30,21.00,80.00,20.00,79.00,48.68,105.40,15.00,30.00,20.50,79.50,1.00,1.00,15303.39,13867.31,13857.31,15303.39,20,79,79,20,77125.56,77114.23,,
2026-09-13T03:26:43+08:00,btc-updown-5m-1789241100,https://polymarket.com/zh/event/btc-updown-5m-1789241100,03:25-03:30,23.00,78.00,22.00,77.00,22.90,466.65,471.65,27.90,22.50,77.50,1.00,1.00,15536.39,13862.31,13857.31,15556.39,22,77,77,22,77125.56,77114.23,,
2026-09-13T03:26:45+08:00,btc-updown-5m-1789241100,https://polymarket.com/zh/event/btc-updown-5m-1789241100,03:25-03:30,24.00,77.00,23.00,76.00,298.45,72.28,72.28,318.45,23.50,76.50,1.00,1.00,15556.39,13896.40,13898.39,15556.39,23,76,76,23,77125.56,77114.23,,
2026-09-13T03:26:47+08:00,btc-updown-5m-1789241100,https://polymarket.com/zh/event/btc-updown-5m-1789241100,03:25-03:30,24.00,77.00,23.00,76.00,346.54,40.00,35.00,351.54,23.50,76.50,1.00,1.00,15318.39,14197.40,14202.39,15318.39,23,76,76,23,77125.56,77114.23,,
2026-09-13T03:26:49+08:00,btc-updown-5m-1789241100,https://polymarket.com/zh/event/btc-updown-5m-1789241100,03:25-03:30,24.00,77.00,23.00,76.00,328.17,40.00,40.00,328.17,23.50,76.50,1.00,1.00,15521.39,14186.39,14201.39,15521.39,23,76,76,23,77125.56,77114.23,,
2026-09-13T03:26:51+08:00,btc-updown-5m-1789241100,https://polymarket.com/zh/event/btc-updown-5m-1789241100,03:25-03:30,24.00,77.00,23.00,76.00,303.28,40.00,45.00,303.28,23.50,76.50,1.00,1.00,15425.39,14197.39,14202.39,15526.39,23,76,76,23,77125.56,77114.23,,
2026-09-13T03:26:53+08:00,btc-updown-5m-1789241100,https://polymarket.com/zh/event/btc-updown-5m-1789241100,03:25-03:30,15.00,86.00,14.00,85.00,90.00,481.93,413.85,26.00,14.50,85.50,1.00,1.00,12645.38,14236.39,14241.39,12645.38,14,85,85,14,77125.56,77114.22,,
2026-09-13T03:26:55+08:00,btc-updown-5m-1789241100,https://polymarket.com/zh/event/btc-updown-5m-1789241100,03:25-03:30,16.00,84.00,15.00,83.00,17.00,417.70,351.90,72.67,15.50,83.50,1.00,1.00,15604.38,14242.39,14268.40,15604.38,15,84,83,16,77125.56,77114.22,,
2026-09-13T03:26:57+08:00,btc-updown-5m-1789241100,https://polymarket.com/zh/event/btc-updown-5m-1789241100,03:25-03:30,16.00,85.00,15.00,84.00,667.07,85.00,85.00,587.07,15.50,84.50,1.00,1.00,15320.06,14192.39,14246.39,15310.06,15,84,84,15,77125.56,77114.22,,
2026-09-13T03:26:59+08:00,btc-updown-5m-1789241100,https://polymarket.com/zh/event/btc-updown-5m-1789241100,03:25-03:30,16.00,85.00,15.00,84.00,238.32,184.11,184.11,251.45,15.50,84.50,1.00,1.00,15483.18,14207.39,14192.39,15478.18,15,84,84,15,77125.56,77110.02,,
2026-09-13T03:27:01+08:00,btc-updown-5m-1789241100,https://polymarket.com/zh/event/btc-updown-5m-1789241100,03:25-03:30,64.00,37.00,56.00,36.00,193.71,66.59,37.43,48.70,60.00,36.50,8.00,1.00,13230.79,12789.74,12864.73,14014.80,42,36,35,42,77125.56,77110.02,,
2026-09-13T03:27:03+08:00,btc-updown-5m-1789241100,https://polymarket.com/zh/event/btc-updown-5m-1789241100,03:25-03:30,74.00,27.00,73.00,26.00,162.60,216.05,155.92,63.60,73.50,26.50,1.00,1.00,17057.78,13867.60,13867.60,17077.79,71,26,26,70,77125.56,77146.61,,
2026-09-13T03:27:05+08:00,btc-updown-5m-1789241100,https://polymarket.com/zh/event/btc-updown-5m-1789241100,03:25-03:30,74.00,27.00,73.00,26.00,67.04,330.96,399.30,67.04,73.50,26.50,1.00,1.00,14612.79,14142.40,14100.53,14107.80,73,25,25,73,77125.56,77147.86,,
2026-09-13T03:27:08+08:00,btc-updown-5m-1789241100,https://polymarket.com/zh/event/btc-updown-5m-1789241100,03:25-03:30,82.00,21.00,79.00,20.00,264.66,157.19,50.00,95.00,80.50,20.50,3.00,1.00,14572.80,14076.53,14123.40,14602.80,78,18,20,79,77125.56,77149.42,,
2026-09-13T03:27:10+08:00,btc-updown-5m-1789241100,https://polymarket.com/zh/event/btc-updown-5m-1789241100,03:25-03:30,80.00,21.00,79.00,20.00,165.64,90.00,90.00,243.64,79.50,20.50,1.00,1.00,14582.79,14008.53,14013.53,15087.79,79,20,20,79,77125.56,77153.62,,
2026-09-13T03:27:12+08:00,btc-updown-5m-1789241100,https://polymarket.com/zh/event/btc-updown-5m-1789241100,03:25-03:30,79.00,22.00,78.00,21.00,322.74,47.06,42.06,327.74,78.50,21.50,1.00,1.00,14086.79,14197.53,14197.53,14576.79,78,21,21,78,77125.56,77153.62,,
2026-09-13T03:27:14+08:00,btc-updown-5m-1789241100,https://polymarket.com/zh/event/btc-updown-5m-1789241100,03:25-03:30,76.00,26.00,75.00,25.00,118.88,177.11,5.00,83.46,75.50,25.50,1.00,1.00,14614.19,14499.52,14494.52,14079.19,75,24,25,74,77125.56,77153.63,,
2026-09-13T03:27:16+08:00,btc-updown-5m-1789241100,https://polymarket.com/zh/event/btc-updown-5m-1789241100,03:25-03:30,67.00,36.00,66.00,35.00,167.14,139.61,20.00,45.00,66.50,35.50,1.00,1.00,14514.19,14113.52,14113.52,15014.20,66,33,35,64,77125.56,77153.62,,
2026-09-13T03:27:18+08:00,btc-updown-5m-1789241100,https://polymarket.com/zh/event/btc-updown-5m-1789241100,03:25-03:30,61.00,44.00,56.00,40.00,4.00,142.64,66.66,23.33,58.50,42.00,5.00,4.00,14509.19,13913.53,13919.53,14514.20,56,38,38,56,77125.56,77151.33,,
2026-09-13T03:27:20+08:00,btc-updown-5m-1789241100,https://polymarket.com/zh/event/btc-updown-5m-1789241100,03:25-03:30,58.00,43.00,57.00,42.00,135.32,14.18,14.18,135.32,57.50,42.50,1.00,1.00,14536.58,13934.53,13934.53,14536.58,57,41,41,57,77125.56,77151.34,,
2026-09-13T03:27:22+08:00,btc-updown-5m-1789241100,https://polymarket.com/zh/event/btc-updown-5m-1789241100,03:25-03:30,58.00,43.00,57.00,42.00,170.00,117.11,122.11,159.00,57.50,42.50,1.00,1.00,15058.02,13998.43,14008.43,14078.02,57,40,40,57,77125.56,77151.33,,
2026-09-13T03:27:24+08:00,btc-updown-5m-1789241100,https://polymarket.com/zh/event/btc-updown-5m-1789241100,03:25-03:30,58.00,41.00,57.00,40.00,13.60,352.30,266.06,166.47,57.50,40.50,1.00,1.00,14140.61,13998.43,14008.43,14150.61,57,39,38,59,77125.56,77151.33,,
2026-09-13T03:27:26+08:00,btc-updown-5m-1789241100,https://polymarket.com/zh/event/btc-updown-5m-1789241100,03:25-03:30,64.00,36.00,63.00,35.00,71.35,196.32,138.53,43.55,63.50,35.50,1.00,1.00,14177.28,13169.09,13159.09,14677.28,63,32,33,64,77125.56,77165.13,,
2026-09-13T03:27:28+08:00,btc-updown-5m-1789241100,https://polymarket.com/zh/event/btc-updown-5m-1789241100,03:25-03:30,61.00,42.00,60.00,41.00,10.00,9.45,16.66,150.66,60.50,41.50,1.00,1.00,14699.44,13146.09,13151.09,15194.43,59,37,38,58,77125.56,77165.13,,
2026-09-13T03:27:30+08:00,btc-updown-5m-1789241100,https://polymarket.com/zh/event/btc-updown-5m-1789241100,03:25-03:30,58.00,43.00,57.00,42.00,255.43,5.00,16.30,244.43,57.50,42.50,1.00,1.00,14726.99,13096.09,13106.09,14752.00,57,42,42,57,77125.56,77165.14,,
2026-09-13T03:27:32+08:00,btc-updown-5m-1789241100,https://polymarket.com/zh/event/btc-updown-5m-1789241100,03:25-03:30,58.00,43.00,57.00,42.00,50.00,19.97,19.97,35.00,57.50,42.50,1.00,1.00,14210.67,12943.77,12958.77,14730.68,57,42,42,57,77125.56,77165.13,,
2026-09-13T03:27:34+08:00,btc-updown-5m-1789241100,https://polymarket.com/zh/event/btc-updown-5m-1789241100,03:25-03:30,63.00,38.00,62.00,37.00,339.49,5.50,10.50,333.49,62.50,37.50,1.00,1.00,15096.22,12943.77,12943.77,14606.21,62,37,37,62,77125.56,77165.13,,
2026-09-13T03:27:36+08:00,btc-updown-5m-1789241100,https://polymarket.com/zh/event/btc-updown-5m-1789241100,03:25-03:30,56.00,50.00,55.00,48.00,71.04,33.90,22.88,23.32,55.50,49.00,1.00,2.00,14533.74,12678.77,12678.77,15038.74,55,43,47,50,77125.56,77165.13,,
2026-09-13T03:27:38+08:00,btc-updown-5m-1789241100,https://polymarket.com/zh/event/btc-updown-5m-1789241100,03:25-03:30,48.00,52.00,47.00,50.00,8.58,95.00,5.00,29.06,47.50,51.00,1.00,2.00,14038.74,12778.76,12800.76,14038.74,47,49,48,48,77125.56,77163.68,,
2026-09-13T03:27:40+08:00,btc-updown-5m-1789241100,https://polymarket.com/zh/event/btc-updown-5m-1789241100,03:25-03:30,50.00,51.00,49.00,50.00,8.98,177.31,142.31,8.98,49.50,50.50,1.00,1.00,16680.31,12813.76,12808.76,16698.64,49,48,48,49,77125.56,77163.68,,
2026-09-13T03:27:42+08:00,btc-updown-5m-1789241100,https://polymarket.com/zh/event/btc-updown-5m-1789241100,03:25-03:30,53.00,48.00,52.00,47.00,208.75,111.42,106.42,208.75,52.50,47.50,1.00,1.00,17193.64,12692.77,12702.77,17203.65,51,47,47,51,77125.56,77163.68,,
2026-09-13T03:27:44+08:00,btc-updown-5m-1789241100,https://polymarket.com/zh/event/btc-updown-5m-1789241100,03:25-03:30,52.00,49.00,51.00,48.00,272.34,94.97,87.74,272.34,51.50,48.50,1.00,1.00,17198.65,12792.76,12802.76,17213.64,51,48,48,51,77125.56,77163.68,,
2026-09-13T03:27:46+08:00,btc-updown-5m-1789241100,https://polymarket.com/zh/event/btc-updown-5m-1789241100,03:25-03:30,53.00,48.00,52.00,47.00,5.00,406.95,411.95,10.00,52.50,47.50,1.00,1.00,16688.64,12787.76,12842.76,16698.64,52,47,47,52,77125.56,77163.68,,
2026-09-13T03:27:48+08:00,btc-updown-5m-1789241100,https://polymarket.com/zh/event/btc-updown-5m-1789241100,03:25-03:30,67.00,34.00,66.00,33.00,35.00,53.75,57.84,35.00,66.50,33.50,1.00,1.00,17603.64,11956.83,11946.83,17593.64,64,33,33,64,77125.56,77174.99,,
2026-09-13T03:27:50+08:00,btc-updown-5m-1789241100,https://polymarket.com/zh/event/btc-updown-5m-1789241100,03:25-03:30,67.00,36.00,66.00,35.00,607.05,94.30,3.49,73.50,66.50,35.50,1.00,1.00,17485.30,12166.83,12141.83,17475.30,64,33,35,63,77125.56,77175.00,,
2026-09-13T03:27:52+08:00,btc-updown-5m-1789241100,https://polymarket.com/zh/event/btc-updown-5m-1789241100,03:25-03:30,65.00,36.00,64.00,35.00,256.74,209.57,214.57,371.72,64.50,35.50,1.00,1.00,16975.30,12156.83,12141.83,17470.30,64,35,35,64,77125.56,77174.99,,
2026-09-13T03:27:54+08:00,btc-updown-5m-1789241100,https://polymarket.com/zh/event/btc-updown-5m-1789241100,03:25-03:30,65.00,36.00,64.00,35.00,178.07,168.41,174.76,178.07,64.50,35.50,1.00,1.00,17485.30,12056.84,12021.84,16970.30,64,35,35,64,77125.56,77174.99,,
2026-09-13T03:27:56+08:00,btc-updown-5m-1789241100,https://polymarket.com/zh/event/btc-updown-5m-1789241100,03:25-03:30,52.00,50.00,51.00,49.00,151.32,5.20,10.37,73.32,51.50,49.50,1.00,1.00,18215.30,12248.37,12238.37,17700.30,51,45,48,50,77125.56,77174.98,,
2026-09-13T03:27:58+08:00,btc-updown-5m-1789241100,https://polymarket.com/zh/event/btc-updown-5m-1789241100,03:25-03:30,50.00,50.00,49.00,47.00,12.04,10.00,97.32,99.00,49.50,48.50,1.00,3.00,17283.64,12234.37,12229.37,17278.64,49,48,44,49,77125.56,77174.98,,
2026-09-13T03:28:00+08:00,btc-updown-5m-1789241100,https://polymarket.com/zh/event/btc-updown-5m-1789241100,03:25-03:30,56.00,43.00,55.00,41.00,45.35,6.66,259.14,1.56,55.50,42.00,1.00,2.00,17293.64,12243.37,12228.37,17788.64,53,42,40,55,77125.56,77174.99,,
2026-09-13T03:28:02+08:00,btc-updown-5m-1789241100,https://polymarket.com/zh/event/btc-updown-5m-1789241100,03:25-03:30,60.00,41.00,59.00,40.00,226.45,69.26,39.26,221.45,59.50,40.50,1.00,1.00,17278.64,12178.07,12188.07,17798.64,59,39,39,58,77125.56,77174.98,,
2026-09-13T03:28:04+08:00,btc-updown-5m-1789241100,https://polymarket.com/zh/event/btc-updown-5m-1789241100,03:25-03:30,60.00,41.00,59.00,40.00,245.69,32.42,37.42,160.69,59.50,40.50,1.00,1.00,17778.64,12178.07,12178.07,18288.65,59,39,39,59,77125.56,77174.98,,
2026-09-13T03:28:06+08:00,btc-updown-5m-1789241100,https://polymarket.com/zh/event/btc-updown-5m-1789241100,03:25-03:30,60.00,41.00,59.00,40.00,110.69,12.44,12.44,94.79,59.50,40.50,1.00,1.00,17278.64,11512.07,11502.07,17283.64,59,38,39,59,77125.56,77174.98,,
2026-09-13T03:28:08+08:00,btc-updown-5m-1789241100,https://polymarket.com/zh/event/btc-updown-5m-1789241100,03:25-03:30,60.00,40.00,59.00,39.00,3.18,186.76,152.67,190.09,59.50,39.50,1.00,1.00,14862.64,14202.06,14202.06,15357.64,59,38,36,60,77125.56,77174.98,,
2026-09-13T03:28:10+08:00,btc-updown-5m-1789241100,https://polymarket.com/zh/event/btc-updown-5m-1789241100,03:25-03:30,63.00,38.00,62.00,37.00,167.51,55.00,70.00,142.84,62.50,37.50,1.00,1.00,15872.65,14077.07,14077.07,15357.64,62,33,34,62,77125.56,77174.98,,
2026-09-13T03:28:12+08:00,btc-updown-5m-1789241100,https://polymarket.com/zh/event/btc-updown-5m-1789241100,03:25-03:30,65.00,36.00,64.00,35.00,80.00,266.79,186.79,64.61,64.50,35.50,1.00,1.00,15222.65,14057.07,14052.07,15207.64,64,35,35,64,77125.56,77174.76,,
2026-09-13T03:28:14+08:00,btc-updown-5m-1789241100,https://polymarket.com/zh/event/btc-updown-5m-1789241100,03:25-03:30,67.00,34.00,66.00,33.00,140.14,191.00,185.00,54.16,66.50,33.50,1.00,1.00,15717.65,13990.77,13985.77,15207.64,66,33,33,66,77125.56,77174.76,,
2026-09-13T03:28:16+08:00,btc-updown-5m-1789241100,https://polymarket.com/zh/event/btc-updown-5m-1789241100,03:25-03:30,68.00,33.00,67.00,32.00,80.00,372.32,377.32,72.64,67.50,32.50,1.00,1.00,14697.64,13970.77,13970.77,14697.64,67,32,32,67,77125.56,77174.76,,
2026-09-13T03:28:18+08:00,btc-updown-5m-1789241100,https://polymarket.com/zh/event/btc-updown-5m-1789241100,03:25-03:30,70.00,31.00,69.00,30.00,56.70,283.08,283.08,56.70,69.50,30.50,1.00,1.00,17293.02,14020.77,14035.77,17303.02,69,30,30,69,77125.56,77174.76,,
2026-09-13T03:28:20+08:00,btc-updown-5m-1789241100,https://polymarket.com/zh/event/btc-updown-5m-1789241100,03:25-03:30,72.00,29.00,71.00,28.00,332.66,270.97,206.86,107.61,71.50,28.50,1.00,1.00,17288.02,14101.77,14101.77,17298.02,71,28,28,71,77125.56,77174.76,,
2026-09-13T03:28:22+08:00,btc-updown-5m-1789241100,https://polymarket.com/zh/event/btc-updown-5m-1789241100,03:25-03:30,71.00,30.00,70.00,29.00,278.92,78.02,78.02,273.92,70.50,29.50,1.00,1.00,17238.02,9114.76,9114.76,17748.02,70,29,29,70,77125.56,77174.77,,
2026-09-13T03:28:24+08:00,btc-updown-5m-1789241100,https://polymarket.com/zh/event/btc-updown-5m-1789241100,03:25-03:30,68.00,33.00,67.00,32.00,239.57,94.24,75.90,239.57,67.50,32.50,1.00,1.00,17293.02,9038.76,9033.76,17293.02,67,32,32,67,77125.56,77168.66,,
2026-09-13T03:28:26+08:00,btc-updown-5m-1789241100,https://polymarket.com/zh/event/btc-updown-5m-1789241100,03:25-03:30,68.00,33.00,67.00,32.00,52.89,166.18,166.18,52.89,67.50,32.50,1.00,1.00,17288.02,9060.76,9070.76,17798.02,67,32,32,67,77125.56,77168.66,,
2026-09-13T03:28:28+08:00,btc-updown-5m-1789241100,https://polymarket.com/zh/event/btc-updown-5m-1789241100,03:25-03:30,67.00,52.00,66.00,50.00,543.74,8.41,46.00,16.66,66.50,51.00,1.00,2.00,15128.02,8834.06,9192.75,15182.02,44,33,46,42,77125.56,77159.85,,
2026-09-13T03:28:30+08:00,btc-updown-5m-1789241100,https://polymarket.com/zh/event/btc-updown-5m-1789241100,03:25-03:30,50.00,57.00,49.00,53.00,421.75,5.00,21.41,10.00,49.50,55.00,1.00,4.00,17598.02,6566.66,6581.66,17113.02,36,48,49,33,77125.56,77155.81,,
2026-09-13T03:28:32+08:00,btc-updown-5m-1789241100,https://polymarket.com/zh/event/btc-updown-5m-1789241100,03:25-03:30,43.00,59.00,31.00,58.00,6.66,45.00,74.00,47.61,37.00,58.50,12.00,1.00,17087.02,6589.66,6591.66,17077.02,30,53,55,33,77125.56,77155.81,,
2026-09-13T03:28:34+08:00,btc-updown-5m-1789241100,https://polymarket.com/zh/event/btc-updown-5m-1789241100,03:25-03:30,43.00,58.00,42.00,57.00,116.90,90.00,45.00,33.76,42.50,57.50,1.00,1.00,17072.02,6588.66,6608.67,17087.02,37,57,57,36,77125.56,77154.42,,
2026-09-13T03:28:36+08:00,btc-updown-5m-1789241100,https://polymarket.com/zh/event/btc-updown-5m-1789241100,03:25-03:30,46.00,55.00,45.00,54.00,75.64,287.29,287.29,53.30,45.50,54.50,1.00,1.00,17077.02,6691.66,6686.67,17066.02,43,53,52,43,77125.56,77154.42,,
2026-09-13T03:28:38+08:00,btc-updown-5m-1789241100,https://polymarket.com/zh/event/btc-updown-5m-1789241100,03:25-03:30,47.00,58.00,46.00,57.00,70.06,10.00,10.00,26.66,46.50,57.50,1.00,1.00,17071.02,6702.67,6666.67,17071.02,43,51,56,42,77125.56,77151.56,,
2026-09-13T03:28:40+08:00,btc-updown-5m-1789241100,https://polymarket.com/zh/event/btc-updown-5m-1789241100,03:25-03:30,45.00,56.00,44.00,55.00,67.76,154.58,158.32,67.76,44.50,55.50,1.00,1.00,14451.02,6426.66,6432.66,14441.02,42,51,51,42,77125.56,77151.56,,
2026-09-13T03:28:42+08:00,btc-updown-5m-1789241100,https://polymarket.com/zh/event/btc-updown-5m-1789241100,03:25-03:30,47.00,55.00,46.00,54.00,377.87,90.00,70.74,301.35,46.50,54.50,1.00,1.00,14441.02,6427.66,6420.66,14446.02,44,50,52,43,77125.56,77151.56,,
2026-09-13T03:28:44+08:00,btc-updown-5m-1789241100,https://polymarket.com/zh/event/btc-updown-5m-1789241100,03:25-03:30,46.00,55.00,45.00,54.00,390.21,77.72,79.54,390.21,45.50,54.50,1.00,1.00,14446.02,6457.66,6436.66,14441.02,43,50,51,43,77125.56,77151.57,,
2026-09-13T03:28:46+08:00,btc-updown-5m-1789241100,https://polymarket.com/zh/event/btc-updown-5m-1789241100,03:25-03:30,46.00,55.00,45.00,54.00,276.28,25.64,30.64,366.28,45.50,54.50,1.00,1.00,14441.02,6497.66,6506.66,14456.02,44,48,48,44,77125.56,77151.33,,
2026-09-13T03:28:48+08:00,btc-updown-5m-1789241100,https://polymarket.com/zh/event/btc-updown-5m-1789241100,03:25-03:30,65.00,35.00,64.00,34.00,79.92,144.14,260.51,39.43,64.50,34.50,1.00,1.00,14936.02,9077.66,9173.66,14956.03,61,33,31,62,77125.56,77159.78,,
2026-09-13T03:28:50+08:00,btc-updown-5m-1789241100,https://polymarket.com/zh/event/btc-updown-5m-1789241100,03:25-03:30,75.00,26.00,74.00,25.00,25.00,68.76,63.76,80.38,74.50,25.50,1.00,1.00,14951.02,6069.46,6068.46,14441.03,72,25,22,72,77125.56,77169.36,,
2026-09-13T03:28:52+08:00,btc-updown-5m-1789241100,https://polymarket.com/zh/event/btc-updown-5m-1789241100,03:25-03:30,77.00,20.00,76.00,19.00,40.00,23.32,153.45,15.00,76.50,19.50,1.00,1.00,18068.74,5692.46,5692.46,17553.73,74,23,19,76,77125.56,77169.36,,
2026-09-13T03:28:54+08:00,btc-updown-5m-1789241100,https://polymarket.com/zh/event/btc-updown-5m-1789241100,03:25-03:30,76.00,25.00,75.00,24.00,226.66,85.00,85.00,226.66,75.50,24.50,1.00,1.00,14433.74,5859.46,5859.46,14443.73,72,24,24,71,77125.56,77167.18,,
2026-09-13T03:28:56+08:00,btc-updown-5m-1789241100,https://polymarket.com/zh/event/btc-updown-5m-1789241100,03:25-03:30,76.00,25.00,75.00,24.00,105.84,23.00,18.00,20.78,75.50,24.50,1.00,1.00,10764.09,5847.46,5847.46,10749.09,59,24,24,58,77125.56,77167.95,,
2026-09-13T03:28:58+08:00,btc-updown-5m-1789241100,https://polymarket.com/zh/event/btc-updown-5m-1789241100,03:25-03:30,82.00,19.00,81.00,18.00,11.00,114.11,169.16,16.00,81.50,18.50,1.00,1.00,10692.01,5785.38,5824.38,10197.01,58,17,17,61,77125.56,77167.96,,
2026-09-13T03:29:00+08:00,btc-updown-5m-1789241100,https://polymarket.com/zh/event/btc-updown-5m-1789241100,03:25-03:30,84.00,15.00,83.00,14.00,11.79,55.00,5.00,87.88,83.50,14.50,1.00,1.00,11182.62,5773.38,5773.38,10702.62,57,16,14,58,77125.56,77167.96,,
2026-09-13T03:29:02+08:00,btc-updown-5m-1789241100,https://polymarket.com/zh/event/btc-updown-5m-1789241100,03:25-03:30,90.00,10.00,89.00,9.00,9.33,35.37,30.00,220.85,89.50,9.50,1.00,1.00,10187.62,5878.38,6180.38,10202.63,61,10,9,59,77125.56,77167.95,,
2026-09-13T03:29:04+08:00,btc-updown-5m-1789241100,https://polymarket.com/zh/event/btc-updown-5m-1789241100,03:25-03:30,91.00,10.00,90.00,9.00,179.27,79.00,154.00,134.27,90.50,9.50,1.00,1.00,10192.62,6003.38,5988.38,10187.62,59,9,9,56,77125.56,77167.87,,
2026-09-13T03:29:06+08:00,btc-updown-5m-1789241100,https://polymarket.com/zh/event/btc-updown-5m-1789241100,03:25-03:30,91.00,10.00,90.00,9.00,84.00,50.00,45.00,76.23,90.50,9.50,1.00,1.00,10179.63,5800.38,5800.38,10684.62,51,9,9,52,77125.56,77166.38,,
2026-09-13T03:29:08+08:00,btc-updown-5m-1789241100,https://polymarket.com/zh/event/btc-updown-5m-1789241100,03:25-03:30,91.00,10.00,90.00,9.00,175.86,96.97,96.97,135.86,90.50,9.50,1.00,1.00,10474.62,5540.38,5540.38,10479.62,57,8,8,58,77125.56,77166.39,,
2026-09-13T03:29:10+08:00,btc-updown-5m-1789241100,https://polymarket.com/zh/event/btc-updown-5m-1789241100,03:25-03:30,84.00,17.00,83.00,16.00,29.23,113.70,118.70,14.99,83.50,16.50,1.00,1.00,5874.62,5919.38,5919.38,5879.62,52,13,14,53,77125.56,77161.88,,
2026-09-13T03:29:12+08:00,btc-updown-5m-1789241100,https://polymarket.com/zh/event/btc-updown-5m-1789241100,03:25-03:30,90.00,9.00,89.00,8.00,27.00,20.00,78.00,80.00,89.50,8.50,1.00,1.00,8597.62,5450.38,5419.38,7592.62,58,9,5,57,77125.56,77151.15,,
2026-09-13T03:29:15+08:00,btc-updown-5m-1789241100,https://polymarket.com/zh/event/btc-updown-5m-1789241100,03:25-03:30,96.00,8.00,95.00,5.00,176.69,5.00,206.68,10.00,95.50,6.50,1.00,3.00,7592.63,5578.48,5638.39,8097.62,60,4,5,59,77125.56,77150.70,,
2026-09-13T03:29:16+08:00,btc-updown-5m-1789241100,https://polymarket.com/zh/event/btc-updown-5m-1789241100,03:25-03:30,87.00,14.00,85.00,13.00,30.16,25.00,5.00,38.24,86.00,13.50,2.00,1.00,8921.62,4838.79,4838.79,8436.62,50,9,10,51,77125.56,77150.70,,
2026-09-13T03:29:18+08:00,btc-updown-5m-1789241100,https://polymarket.com/zh/event/btc-updown-5m-1789241100,03:25-03:30,89.00,12.00,88.00,11.00,80.00,138.03,253.03,170.00,88.50,11.50,1.00,1.00,5851.62,4926.79,4966.79,6346.62,53,11,11,52,77125.56,77150.38,,
2026-09-13T03:29:21+08:00,btc-updown-5m-1789241100,https://polymarket.com/zh/event/btc-updown-5m-1789241100,03:25-03:30,88.00,13.00,87.00,12.00,163.70,22.76,72.07,83.70,87.50,12.50,1.00,1.00,6657.91,7592.79,7592.79,6672.91,47,12,12,47,77125.56,77149.25,,
2026-09-13T03:29:23+08:00,btc-updown-5m-1789241100,https://polymarket.com/zh/event/btc-updown-5m-1789241100,03:25-03:30,91.00,9.00,90.00,8.00,75.00,165.00,227.78,437.25,90.50,8.50,1.00,1.00,6667.92,4971.78,4968.78,6167.91,52,9,8,53,77125.56,77143.52,,
2026-09-13T03:29:25+08:00,btc-updown-5m-1789241100,https://polymarket.com/zh/event/btc-updown-5m-1789241100,03:25-03:30,90.00,10.00,89.00,9.00,20.00,100.00,55.00,40.00,89.50,9.50,1.00,1.00,6662.92,4958.78,4953.78,6177.91,53,10,9,52,77125.56,77143.52,,
2026-09-13T03:29:27+08:00,btc-updown-5m-1789241100,https://polymarket.com/zh/event/btc-updown-5m-1789241100,03:25-03:30,91.00,11.00,90.00,10.00,53.00,75.00,30.95,163.00,90.50,10.50,1.00,1.00,5955.10,5183.42,5218.42,5994.09,48,9,10,47,77125.56,77143.12,,
2026-09-13T03:29:29+08:00,btc-updown-5m-1789241100,https://polymarket.com/zh/event/btc-updown-5m-1789241100,03:25-03:30,87.00,12.00,86.00,10.00,103.00,10.00,146.87,15.16,86.50,11.00,1.00,2.00,5366.09,4988.42,4993.42,5966.09,51,12,8,53,77125.56,77138.25,,
2026-09-13T03:29:31+08:00,btc-updown-5m-1789241100,https://polymarket.com/zh/event/btc-updown-5m-1789241100,03:25-03:30,70.00,45.00,53.00,33.00,52.70,84.00,20.00,5.00,61.50,39.00,17.00,12.00,5542.75,5084.08,5568.08,6062.75,40,18,22,41,77125.56,77135.96,,
2026-09-13T03:29:33+08:00,btc-updown-5m-1789241100,https://polymarket.com/zh/event/btc-updown-5m-1789241100,03:25-03:30,77.00,23.00,76.00,22.00,43.72,145.00,41.57,50.00,76.50,22.50,1.00,1.00,6037.75,4992.08,4992.08,5542.75,45,16,14,45,77125.56,77135.10,,
2026-09-13T03:29:35+08:00,btc-updown-5m-1789241100,https://polymarket.com/zh/event/btc-updown-5m-1789241100,03:25-03:30,90.00,11.00,87.00,10.00,100.95,5.00,68.00,188.17,88.50,10.50,3.00,1.00,5542.75,5294.08,5612.31,6052.75,51,9,8,50,77125.56,77135.10,,
2026-09-13T03:29:37+08:00,btc-updown-5m-1789241100,https://polymarket.com/zh/event/btc-updown-5m-1789241100,03:25-03:30,87.00,17.00,83.00,12.00,8.54,20.00,20.00,7.54,85.00,14.50,4.00,5.00,6067.76,5127.67,5137.67,6062.76,49,11,10,49,77125.56,77135.10,,
2026-09-13T03:29:39+08:00,btc-updown-5m-1789241100,https://polymarket.com/zh/event/btc-updown-5m-1789241100,03:25-03:30,94.00,8.00,92.00,6.00,125.11,15.00,15.00,125.11,93.00,7.00,2.00,2.00,5542.75,5096.67,5096.67,5542.75,50,6,6,50,77125.56,77135.10,,
2026-09-13T03:29:41+08:00,btc-updown-5m-1789241100,https://polymarket.com/zh/event/btc-updown-5m-1789241100,03:25-03:30,38.00,62.00,37.00,60.00,20.00,16.18,13.41,5.81,37.50,61.00,1.00,2.00,4867.75,7046.65,7047.65,4917.75,15,28,25,21,77125.56,77115.78,,
2026-09-13T03:29:43+08:00,btc-updown-5m-1789241100,https://polymarket.com/zh/event/btc-updown-5m-1789241100,03:25-03:30,56.00,44.00,55.00,38.00,10.00,28.00,36.20,7.00,55.50,41.00,1.00,6.00,6160.76,6236.65,6305.65,6190.75,39,21,18,41,77125.56,77115.78,,
2026-09-13T03:29:45+08:00,btc-updown-5m-1789241100,https://polymarket.com/zh/event/btc-updown-5m-1789241100,03:25-03:30,79.00,22.00,78.00,21.00,33.30,37.08,6.00,16.48,78.50,21.50,1.00,1.00,5761.75,5350.46,5365.46,6766.75,41,12,11,44,77125.56,77115.78,,
2026-09-13T03:29:47+08:00,btc-updown-5m-1789241100,https://polymarket.com/zh/event/btc-updown-5m-1789241100,03:25-03:30,69.00,39.00,60.00,31.00,20.00,15.00,10.00,11.50,64.50,35.00,9.00,8.00,6199.75,5197.46,5212.46,5714.75,39,13,11,40,77125.56,77115.78,,
2026-09-13T03:29:49+08:00,btc-updown-5m-1789241100,https://polymarket.com/zh/event/btc-updown-5m-1789241100,03:25-03:30,86.00,17.00,81.00,13.00,9.16,10.00,45.00,15.00,83.50,15.00,5.00,4.00,5375.76,5144.46,5139.46,5375.75,44,13,13,47,77125.56,77115.78,,
2026-09-13T03:29:51+08:00,btc-updown-5m-1789241100,https://polymarket.com/zh/event/btc-updown-5m-1789241100,03:25-03:30,97.00,4.00,96.00,3.00,380.95,31.00,21.00,365.32,96.50,3.50,1.00,1.00,8985.76,4669.04,4653.41,8985.75,57,3,3,57,77125.56,77115.78,,
2026-09-13T03:29:53+08:00,btc-updown-5m-1789241100,https://polymarket.com/zh/event/btc-updown-5m-1789241100,03:25-03:30,99.00,2.00,98.00,1.00,3634.95,57.88,33.88,3574.55,98.50,1.50,1.00,1.00,8964.28,3634.95,3574.55,5834.28,58,1,1,56,77125.56,77115.78,,
2026-09-13T03:29:55+08:00,btc-updown-5m-1789241100,https://polymarket.com/zh/event/btc-updown-5m-1789241100,03:25-03:30,,1.00,99.00,,,9873.82,8828.90,,,,,,6254.28,,,5769.28,49,0,0,49,77125.56,77115.78,,
2026-09-13T03:29:57+08:00,btc-updown-5m-1789241100,https://polymarket.com/zh/event/btc-updown-5m-1789241100,03:25-03:30,,1.00,99.00,,,10682.63,10727.15,,,,,,5748.28,,,6148.28,46,0,0,45,77125.56,77115.78,,
2026-09-13T03:29:59+08:00,btc-updown-5m-1789241100,https://polymarket.com/zh/event/btc-updown-5m-1789241100,03:25-03:30,,1.00,99.00,,,10924.88,13711.88,,,,,,6460.29,,,5910.28,45,0,0,45,77125.56,77115.79,,
2026-09-13T03:30:01+08:00,btc-updown-5m-1789241400,https://polymarket.com/zh/event/btc-updown-5m-1789241400,03:30-03:35,31.00,70.00,29.00,52.00,32.74,20.75,30.00,0.25,30.00,61.00,2.00,18.00,136717.71,136880.86,22652.71,21724.71,29,64,49,30,77110.52,77110.52,,
2026-09-13T03:30:03+08:00,btc-updown-5m-1789241400,https://polymarket.com/zh/event/btc-updown-5m-1789241400,03:30-03:35,29.00,70.00,28.00,69.00,78.00,16.66,106.50,156.00,28.50,69.50,1.00,1.00,22194.04,24790.79,24815.80,22290.04,28,71,69,30,77110.52,77110.53,,
2026-09-13T03:30:05+08:00,btc-updown-5m-1789241400,https://polymarket.com/zh/event/btc-updown-5m-1789241400,03:30-03:35,30.00,71.00,29.00,70.00,297.68,104.20,104.20,254.59,29.50,70.50,1.00,1.00,22395.04,24870.79,24916.79,22380.04,29,70,70,29,77110.52,77110.02,,
2026-09-13T03:30:07+08:00,btc-updown-5m-1789241400,https://polymarket.com/zh/event/btc-updown-5m-1789241400,03:30-03:35,30.00,71.00,29.00,70.00,271.26,101.92,101.92,266.26,29.50,70.50,1.00,1.00,22425.04,24919.79,24915.79,22425.04,29,70,70,29,77110.52,77110.01,,
2026-09-13T03:30:09+08:00,btc-updown-5m-1789241400,https://polymarket.com/zh/event/btc-updown-5m-1789241400,03:30-03:35,30.00,69.00,29.00,68.00,225.05,182.87,98.37,129.00,29.50,68.50,1.00,1.00,21395.04,23914.79,23909.80,21674.04,29,70,68,31,77110.52,77110.01,,
2026-09-13T03:30:11+08:00,btc-updown-5m-1789241400,https://polymarket.com/zh/event/btc-updown-5m-1789241400,03:30-03:35,32.00,69.00,31.00,68.00,198.71,263.30,273.30,213.71,31.50,68.50,1.00,1.00,21870.04,22750.79,22752.79,21870.04,31,68,68,31,77110.52,77110.02,,
2026-09-13T03:30:13+08:00,btc-updown-5m-1789241400,https://polymarket.com/zh/event/btc-updown-5m-1789241400,03:30-03:35,32.00,69.00,31.00,68.00,438.51,290.10,290.10,438.51,31.50,68.50,1.00,1.00,21885.04,22711.79,22706.79,21875.04,31,68,68,31,77110.52,77110.01,,
2026-09-13T03:30:15+08:00,btc-updown-5m-1789241400,https://polymarket.com/zh/event/btc-updown-5m-1789241400,03:30-03:35,32.00,69.00,31.00,68.00,245.84,332.90,275.75,102.93,31.50,68.50,1.00,1.00,21855.04,22705.80,22833.09,21850.04,31,68,68,31,77110.52,77110.02,,
2026-09-13T03:30:17+08:00,btc-updown-5m-1789241400,https://polymarket.com/zh/event/btc-updown-5m-1789241400,03:30-03:35,32.00,70.00,31.00,69.00,556.84,237.33,5.00,331.74,31.50,69.50,1.00,1.00,22079.64,23029.39,23029.39,22074.64,31,68,69,30,77110.52,77110.01,,
2026-09-13T03:30:19+08:00,btc-updown-5m-1789241400,https://polymarket.com/zh/event/btc-updown-5m-1789241400,03:30-03:35,31.00,70.00,30.00,69.00,171.14,227.20,227.20,185.43,30.50,69.50,1.00,1.00,21354.64,22314.40,22330.39,21364.64,30,69,69,30,77110.52,77110.02,,
2026-09-13T03:30:21+08:00,btc-updown-5m-1789241400,https://polymarket.com/zh/event/btc-updown-5m-1789241400,03:30-03:35,30.00,71.00,29.00,70.00,285.16,118.37,148.47,385.00,29.50,70.50,1.00,1.00,19954.64,20869.39,20896.39,19954.64,29,70,70,29,77110.52,77110.02,,
2026-09-13T03:30:23+08:00,btc-updown-5m-1789241400,https://polymarket.com/zh/event/btc-updown-5m-1789241400,03:30-03:35,30.00,71.00,29.00,70.00,79.99,65.28,204.15,94.99,29.50,70.50,1.00,1.00,19964.64,20885.39,20629.39,19521.64,29,70,70,29,77110.52,77110.01,,
2026-09-13T03:30:26+08:00,btc-updown-5m-1789241400,https://polymarket.com/zh/event/btc-updown-5m-1789241400,03:30-03:35,30.00,71.00,29.00,70.00,406.50,155.96,171.96,368.50,29.50,70.50,1.00,1.00,19301.92,20394.39,20405.40,19301.92,29,70,70,29,77110.52,77110.01,,
2026-09-13T03:30:28+08:00,btc-updown-5m-1789241400,https://polymarket.com/zh/event/btc-updown-5m-1789241400,03:30-03:35,30.00,71.00,29.00,70.00,186.25,189.85,189.85,176.25,29.50,70.50,1.00,1.00,19116.92,20189.39,20196.40,19121.92,29,70,70,29,77110.52,77110.01,,
2026-09-13T03:30:30+08:00,btc-updown-5m-1789241400,https://polymarket.com/zh/event/btc-updown-5m-1789241400,03:30-03:35,32.00,69.00,31.00,68.00,372.30,54.27,110.00,451.30,31.50,68.50,1.00,1.00,19054.92,19895.39,19910.39,19054.92,31,68,68,31,77110.52,77110.01,,
2026-09-13T03:30:32+08:00,btc-updown-5m-1789241400,https://polymarket.com/zh/event/btc-updown-5m-1789241400,03:30-03:35,31.00,70.00,30.00,69.00,222.19,249.92,249.92,222.19,30.50,69.50,1.00,1.00,18488.92,19420.39,19434.40,18503.92,30,69,69,30,77110.52,77110.01,,
2026-09-13T03:30:34+08:00,btc-updown-5m-1789241400,https://polymarket.com/zh/event/btc-updown-5m-1789241400,03:30-03:35,30.00,71.00,29.00,70.00,316.52,170.00,175.00,334.72,29.50,70.50,1.00,1.00,18116.64,19219.39,19235.40,18111.64,29,70,70,29,77110.52,77110.01,,
2026-09-13T03:30:36+08:00,btc-updown-5m-1789241400,https://polymarket.com/zh/event/btc-updown-5m-1789241400,03:30-03:35,29.00,72.00,28.00,71.00,263.67,130.00,130.00,273.67,28.50,71.50,1.00,1.00,17946.64,19235.40,19225.39,17946.64,28,71,71,28,77110.52,77110.01,,
2026-09-13T03:30:38+08:00,btc-updown-5m-1789241400,https://polymarket.com/zh/event/btc-updown-5m-1789241400,03:30-03:35,32.00,69.00,31.00,68.00,153.61,282.71,288.55,142.62,31.50,68.50,1.00,1.00,18021.92,19175.39,19195.40,18046.92,31,68,68,31,77110.52,77110.01,,
2026-09-13T03:30:40+08:00,btc-updown-5m-1789241400,https://polymarket.com/zh/event/btc-updown-5m-1789241400,03:30-03:35,44.00,56.00,43.00,55.00,20.53,2.60,98.21,85.30,43.50,55.50,1.00,1.00,18383.64,19186.40,19200.40,17833.64,43,56,55,44,77110.52,77110.01,,
2026-09-13T03:30:42+08:00,btc-updown-5m-1789241400,https://polymarket.com/zh/event/btc-updown-5m-1789241400,03:30-03:35,55.00,46.00,54.00,45.00,57.49,24.29,23.32,150.43,54.50,45.50,1.00,1.00,17546.66,18619.39,18619.39,18036.65,54,45,45,54,77110.52,77110.01,,
2026-09-13T03:30:44+08:00,btc-updown-5m-1789241400,https://polymarket.com/zh/event/btc-updown-5m-1789241400,03:30-03:35,63.00,38.00,62.00,37.00,172.90,35.71,29.98,205.56,62.50,37.50,1.00,1.00,17530.66,18688.39,19313.39,18050.65,59,37,37,59,77110.52,77110.01,,
2026-09-13T03:30:46+08:00,btc-updown-5m-1789241400,https://polymarket.com/zh/event/btc-updown-5m-1789241400,03:30-03:35,61.00,40.00,60.00,39.00,50.50,57.41,57.41,37.50,60.50,39.50,1.00,1.00,18035.65,20809.01,20824.62,17550.64,59,39,39,59,77110.52,77114.03,,
2026-09-13T03:30:48+08:00,btc-updown-5m-1789241400,https://polymarket.com/zh/event/btc-updown-5m-1789241400,03:30-03:35,62.00,38.00,61.00,37.00,6.00,35.00,40.00,128.79,61.50,37.50,1.00,1.00,18000.65,20873.28,20878.28,17485.64,60,38,37,61,77110.52,77114.03,,
2026-09-13T03:30:50+08:00,btc-updown-5m-1789241400,https://polymarket.com/zh/event/btc-updown-5m-1789241400,03:30-03:35,62.00,39.00,61.00,38.00,103.42,99.73,99.73,103.42,61.50,38.50,1.00,1.00,17975.64,20953.47,20948.47,17965.65,61,38,38,61,77110.52,77114.04,,
2026-09-13T03:30:52+08:00,btc-updown-5m-1789241400,https://polymarket.com/zh/event/btc-updown-5m-1789241400,03:30-03:35,62.00,39.00,61.00,38.00,92.53,231.54,226.54,92.62,61.50,38.50,1.00,1.00,18520.64,20110.14,20055.14,18015.64,61,38,38,61,77110.52,77114.03,,
2026-09-13T03:30:54+08:00,btc-updown-5m-1789241400,https://polymarket.com/zh/event/btc-updown-5m-1789241400,03:30-03:35,63.00,38.00,62.00,37.00,5.60,185.01,150.01,5.60,62.50,37.50,1.00,1.00,17800.64,19821.14,19821.14,18795.64,62,37,37,61,77110.52,77118.89,,
2026-09-13T03:30:56+08:00,btc-updown-5m-1789241400,https://polymarket.com/zh/event/btc-updown-5m-1789241400,03:30-03:35,64.00,37.00,63.00,36.00,175.07,80.00,94.95,200.36,63.50,36.50,1.00,1.00,18785.64,19816.14,19826.14,18800.64,62,36,36,62,77110.52,77118.88,,
2026-09-13T03:30:58+08:00,btc-updown-5m-1789241400,https://polymarket.com/zh/event/btc-updown-5m-1789241400,03:30-03:35,60.00,41.00,59.00,40.00,201.66,103.05,109.57,201.66,59.50,40.50,1.00,1.00,17445.64,19412.14,19412.14,17930.64,58,40,39,58,77110.52,77118.88,,
2026-09-13T03:31:00+08:00,btc-updown-5m-1789241400,https://polymarket.com/zh/event/btc-updown-5m-1789241400,03:30-03:35,60.00,41.00,59.00,40.00,52.35,396.13,386.13,68.35,59.50,40.50,1.00,1.00,16915.65,18805.14,18760.14,17350.64,59,39,39,59,77110.52,77118.88,,
2026-09-13T03:31:02+08:00,btc-updown-5m-1789241400,https://polymarket.com/zh/event/btc-updown-5m-1789241400,03:30-03:35,61.00,40.00,60.00,39.00,10.00,83.25,88.25,85.00,60.50,39.50,1.00,1.00,14910.64,16765.14,16755.14,14895.64,60,39,39,60,77110.52,77118.88,,
2026-09-13T03:31:04+08:00,btc-updown-5m-1789241400,https://polymarket.com/zh/event/btc-updown-5m-1789241400,03:30-03:35,62.00,39.00,61.00,38.00,234.00,224.02,224.02,234.00,61.50,38.50,1.00,1.00,14416.65,16285.14,16275.14,14406.64,61,38,37,61,77110.52,77118.88,,
2026-09-13T03:31:06+08:00,btc-updown-5m-1789241400,https://polymarket.com/zh/event/btc-updown-5m-1789241400,03:30-03:35,62.00,39.00,61.00,38.00,225.55,161.01,161.01,220.71,61.50,38.50,1.00,1.00,14902.64,16221.14,16226.14,14422.65,61,38,38,61,77110.52,77118.88,,
2026-09-13T03:31:08+08:00,btc-updown-5m-1789241400,https://polymarket.com/zh/event/btc-updown-5m-1789241400,03:30-03:35,62.00,39.00,61.00,38.00,164.16,201.59,159.40,156.09,61.50,38.50,1.00,1.00,14767.64,16176.14,16181.14,14277.64,61,38,38,61,77110.52,77118.88,,
2026-09-13T03:31:10+08:00,btc-updown-5m-1789241400,https://polymarket.com/zh/event/btc-updown-5m-1789241400,03:30-03:35,61.00,40.00,60.00,39.00,385.52,5.00,5.00,364.52,60.50,39.50,1.00,1.00,15282.64,16266.14,16266.14,14267.64,60,39,39,60,77110.52,77118.88,,
2026-09-13T03:31:12+08:00,btc-updown-5m-1789241400,https://polymarket.com/zh/event/btc-updown-5m-1789241400,03:30-03:35,61.00,40.00,60.00,39.00,80.00,108.16,137.25,80.00,60.50,39.50,1.00,1.00,14690.64,16055.14,16095.14,14185.64,60,39,39,60,77110.52,77118.88,,
2026-09-13T03:31:14+08:00,btc-updown-5m-1789241400,https://polymarket.com/zh/event/btc-updown-5m-1789241400,03:30-03:35,61.00,40.00,60.00,39.00,15.00,91.00,174.80,36.69,60.50,39.50,1.00,1.00,14635.64,16105.14,16110.14,14150.64,60,39,39,60,77110.52,77118.88,,
2026-09-13T03:31:16+08:00,btc-updown-5m-1789241400,https://polymarket.com/zh/event/btc-updown-5m-1789241400,03:30-03:35,61.00,40.00,60.00,39.00,45.32,158.17,153.17,58.68,60.50,39.50,1.00,1.00,14650.65,16050.14,16060.14,14155.64,60,39,39,60,77110.52,77118.88,,
2026-09-13T03:31:18+08:00,btc-updown-5m-1789241400,https://polymarket.com/zh/event/btc-updown-5m-1789241400,03:30-03:35,60.00,41.00,59.00,40.00,170.00,105.00,100.00,179.99,59.50,40.50,1.00,1.00,14014.64,15969.14,15954.14,14004.65,59,40,40,59,77110.52,77118.88,,
2026-09-13T03:31:20+08:00,btc-updown-5m-1789241400,https://polymarket.com/zh/event/btc-updown-5m-1789241400,03:30-03:35,64.00,35.00,63.00,34.00,16.66,10.00,5.00,83.00,63.50,34.50,1.00,1.00,15134.64,16844.14,16824.14,14634.64,62,36,34,64,77110.52,77118.88,,
2026-09-13T03:31:22+08:00,btc-updown-5m-1789241400,https://polymarket.com/zh/event/btc-updown-5m-1789241400,03:30-03:35,75.00,26.00,74.00,25.00,48.53,49.83,44.83,138.53,74.50,25.50,1.00,1.00,14624.64,16099.14,16099.14,14624.64,74,25,25,74,77110.52,77118.88,,
2026-09-13T03:31:24+08:00,btc-updown-5m-1789241400,https://polymarket.com/zh/event/btc-updown-5m-1789241400,03:30-03:35,71.00,30.00,70.00,29.00,39.42,46.99,46.99,39.42,70.50,29.50,1.00,1.00,14139.64,16077.53,16136.02,14149.64,70,29,29,70,77110.52,77118.88,,
2026-09-13T03:31:26+08:00,btc-updown-5m-1789241400,https://polymarket.com/zh/event/btc-updown-5m-1789241400,03:30-03:35,71.00,30.00,70.00,29.00,12.17,26.99,26.99,12.17,70.50,29.50,1.00,1.00,14634.64,16189.56,16189.56,14134.64,70,29,29,70,77110.52,77118.89,,
2026-09-13T03:31:28+08:00,btc-updown-5m-1789241400,https://polymarket.com/zh/event/btc-updown-5m-1789241400,03:30-03:35,70.00,31.00,69.00,30.00,101.32,20.00,33.73,111.32,69.50,30.50,1.00,1.00,14129.65,16189.56,16204.56,15139.64,69,30,30,69,77110.52,77118.88,,
2026-09-13T03:31:30+08:00,btc-updown-5m-1789241400,https://polymarket.com/zh/event/btc-updown-5m-1789241400,03:30-03:35,69.00,32.00,68.00,31.00,161.66,21.47,16.47,315.46,68.50,31.50,1.00,1.00,14579.64,16189.56,17519.56,14139.64,68,31,31,68,77110.52,77118.88,,
2026-09-13T03:31:32+08:00,btc-updown-5m-1789241400,https://polymarket.com/zh/event/btc-updown-5m-1789241400,03:30-03:35,68.00,33.00,67.00,32.00,100.66,99.41,17.45,75.00,67.50,32.50,1.00,1.00,13373.64,16798.56,18103.56,13868.64,67,32,31,67,77110.52,77118.88,,
2026-09-13T03:31:34+08:00,btc-updown-5m-1789241400,https://polymarket.com/zh/event/btc-updown-5m-1789241400,03:30-03:35,67.00,34.00,66.00,33.00,18.50,345.28,345.28,8.50,66.50,33.50,1.00,1.00,13123.64,18043.56,18033.56,13618.64,66,32,32,66,77110.52,77118.88,,
2026-09-13T03:31:36+08:00,btc-updown-5m-1789241400,https://polymarket.com/zh/event/btc-updown-5m-1789241400,03:30-03:35,68.00,33.00,67.00,32.00,65.00,191.26,191.26,65.00,67.50,32.50,1.00,1.00,13863.64,18083.56,18088.56,13328.64,67,31,31,67,77110.52,77116.31,,
2026-09-13T03:31:38+08:00,btc-updown-5m-1789241400,https://polymarket.com/zh/event/btc-updown-5m-1789241400,03:30-03:35,68.00,33.00,67.00,32.00,10.00,198.92,203.92,10.00,67.50,32.50,1.00,1.00,13363.64,18053.56,18033.56,13858.64,67,32,32,67,77110.52,77116.31,,
2026-09-13T03:31:40+08:00,btc-updown-5m-1789241400,https://polymarket.com/zh/event/btc-updown-5m-1789241400,03:30-03:35,68.00,33.00,67.00,32.00,99.26,10.00,11.96,99.26,67.50,32.50,1.00,1.00,14868.64,18048.56,18078.56,13363.64,67,31,31,67,77110.52,77116.31,,
2026-09-13T03:31:42+08:00,btc-updown-5m-1789241400,https://polymarket.com/zh/event/btc-updown-5m-1789241400,03:30-03:35,68.00,33.00,67.00,32.00,96.16,302.27,262.32,91.16,67.50,32.50,1.00,1.00,13808.64,18043.56,17925.56,13308.64,67,31,29,67,77110.52,77116.31,,
2026-09-13T03:31:44+08:00,btc-updown-5m-1789241400,https://polymarket.com/zh/event/btc-updown-5m-1789241400,03:30-03:35,68.00,33.00,67.00,32.00,70.85,173.01,152.59,70.85,67.50,32.50,1.00,1.00,13818.64,18092.56,18082.56,13818.65,67,31,31,67,77110.52,77116.31,,
2026-09-13T03:31:46+08:00,btc-updown-5m-1789241400,https://polymarket.com/zh/event/btc-updown-5m-1789241400,03:30-03:35,68.00,33.00,67.00,32.00,75.85,38.18,90.06,61.14,67.50,32.50,1.00,1.00,13868.64,18092.56,18097.56,13378.64,67,31,31,67,77110.52,77116.31,,
2026-09-13T03:31:48+08:00,btc-updown-5m-1789241400,https://polymarket.com/zh/event/btc-updown-5m-1789241400,03:30-03:35,68.00,32.00,67.00,31.00,22.46,217.58,187.97,125.00,67.50,31.50,1.00,1.00,14188.64,18097.56,18087.56,13683.64,67,32,31,68,77110.52,77116.31,,
2026-09-13T03:31:50+08:00,btc-updown-5m-1789241400,https://polymarket.com/zh/event/btc-updown-5m-1789241400,03:30-03:35,68.00,33.00,67.00,32.00,50.00,183.28,178.28,45.00,67.50,32.50,1.00,1.00,13883.65,18087.56,18082.56,13868.64,67,31,31,67,77110.52,77116.32,,
2026-09-13T03:31:52+08:00,btc-updown-5m-1789241400,https://polymarket.com/zh/event/btc-updown-5m-1789241400,03:30-03:35,72.00,29.00,71.00,28.00,45.00,289.37,264.37,45.00,71.50,28.50,1.00,1.00,13393.64,15467.56,15497.56,13368.65,71,27,27,71,77110.52,77116.34,,
2026-09-13T03:31:54+08:00,btc-updown-5m-1789241400,https://polymarket.com/zh/event/btc-updown-5m-1789241400,03:30-03:35,71.00,30.00,70.00,29.00,11.94,330.20,328.54,11.94,70.50,29.50,1.00,1.00,14408.64,15492.56,15497.56,13408.64,70,28,28,70,77110.52,77116.57,,
2026-09-13T03:31:56+08:00,btc-updown-5m-1789241400,https://polymarket.com/zh/event/btc-updown-5m-1789241400,03:30-03:35,71.00,30.00,70.00,29.00,25.99,300.39,300.39,25.99,70.50,29.50,1.00,1.00,13781.64,15497.56,15492.56,14781.65,70,29,29,70,77110.52,77116.57,,
2026-09-13T03:31:58+08:00,btc-updown-5m-1789241400,https://polymarket.com/zh/event/btc-updown-5m-1789241400,03:30-03:35,68.00,33.00,67.00,32.00,85.00,75.21,70.21,85.00,67.50,32.50,1.00,1.00,13206.64,18200.56,18210.56,14221.64,67,32,32,67,77110.52,77116.57,,
2026-09-13T03:32:00+08:00,btc-updown-5m-1789241400,https://polymarket.com/zh/event/btc-updown-5m-1789241400,03:30-03:35,68.00,33.00,67.00,32.00,85.00,24.84,114.36,108.57,67.50,32.50,1.00,1.00,13737.64,18096.56,18099.56,13742.64,67,32,32,67,77110.52,77116.57,,
2026-09-13T03:32:02+08:00,btc-updown-5m-1789241400,https://polymarket.com/zh/event/btc-updown-5m-1789241400,03:30-03:35,66.00,35.00,65.00,34.00,137.18,65.63,65.63,168.18,65.50,34.50,1.00,1.00,13997.65,17639.56,17634.56,12977.64,65,34,34,65,77110.52,77116.57,,
2026-09-13T03:32:04+08:00,btc-updown-5m-1789241400,https://polymarket.com/zh/event/btc-updown-5m-1789241400,03:30-03:35,67.00,34.00,66.00,33.00,3.50,282.86,282.86,3.50,66.50,33.50,1.00,1.00,14002.64,17639.56,17624.56,12997.64,66,33,33,66,77110.52,77116.57,,
2026-09-13T03:32:06+08:00,btc-updown-5m-1789241400,https://polymarket.com/zh/event/btc-updown-5m-1789241400,03:30-03:35,68.00,32.00,67.00,31.00,45.00,104.78,236.30,80.00,67.50,31.50,1.00,1.00,13497.65,17639.56,17624.56,13487.64,65,32,31,65,77110.52,77116.58,,
2026-09-13T03:32:08+08:00,btc-updown-5m-1789241400,https://polymarket.com/zh/event/btc-updown-5m-1789241400,03:30-03:35,68.00,33.00,67.00,32.00,246.66,5.00,5.00,256.66,67.50,32.50,1.00,1.00,13492.64,17624.56,17629.56,13002.64,64,32,32,64,77110.52,77116.58,,
2026-09-13T03:32:10+08:00,btc-updown-5m-1789241400,https://polymarket.com/zh/event/btc-updown-5m-1789241400,03:30-03:35,72.00,29.00,71.00,28.00,97.08,5.72,5.72,102.08,71.50,28.50,1.00,1.00,13012.65,14934.56,14934.56,13532.64,70,28,28,70,77110.52,77116.58,,
2026-09-13T03:32:12+08:00,btc-updown-5m-1789241400,https://polymarket.com/zh/event/btc-updown-5m-1789241400,03:30-03:35,74.00,27.00,73.00,26.00,21.80,30.00,240.94,21.80,73.50,26.50,1.00,1.00,13537.64,14984.56,14984.56,13542.64,73,26,26,72,77110.52,77116.58,,
2026-09-13T03:32:14+08:00,btc-updown-5m-1789241400,https://polymarket.com/zh/event/btc-updown-5m-1789241400,03:30-03:35,71.00,30.00,70.00,29.00,13.59,229.01,294.01,13.59,70.50,29.50,1.00,1.00,13042.64,14984.56,14984.56,13557.64,70,29,29,70,77110.52,77116.57,,
2026-09-13T03:32:16+08:00,btc-updown-5m-1789241400,https://polymarket.com/zh/event/btc-updown-5m-1789241400,03:30-03:35,71.00,30.00,70.00,29.00,12.18,235.67,235.67,12.18,70.50,29.50,1.00,1.00,13487.64,14944.56,14944.56,12992.64,69,29,29,69,77110.52,77116.57,,
2026-09-13T03:32:18+08:00,btc-updown-5m-1789241400,https://polymarket.com/zh/event/btc-updown-5m-1789241400,03:30-03:35,72.00,29.00,71.00,28.00,28.61,123.32,123.32,28.61,71.50,28.50,1.00,1.00,13437.64,14949.56,14949.56,13442.64,70,28,28,71,77110.52,77116.57,,
2026-09-13T03:32:20+08:00,btc-updown-5m-1789241400,https://polymarket.com/zh/event/btc-updown-5m-1789241400,03:30-03:35,72.00,29.00,71.00,28.00,40.87,11.55,16.55,40.87,71.50,28.50,1.00,1.00,13947.64,14944.56,14944.56,13447.64,70,28,28,70,77110.52,77116.57,,
2026-09-13T03:32:22+08:00,btc-updown-5m-1789241400,https://polymarket.com/zh/event/btc-updown-5m-1789241400,03:30-03:35,70.00,31.00,69.00,30.00,7.68,286.18,281.18,7.68,69.50,30.50,1.00,1.00,13447.64,16264.56,16274.56,13462.64,68,30,30,68,77110.52,77116.57,,
2026-09-13T03:32:24+08:00,btc-updown-5m-1789241400,https://polymarket.com/zh/event/btc-updown-5m-1789241400,03:30-03:35,71.00,28.00,70.00,27.00,55.08,23.32,120.51,28.39,70.50,27.50,1.00,1.00,13832.64,15394.56,15394.56,15222.64,69,29,27,71,77110.52,77116.57,,
2026-09-13T03:32:26+08:00,btc-updown-5m-1789241400,https://polymarket.com/zh/event/btc-updown-5m-1789241400,03:30-03:35,72.00,29.00,71.00,28.00,45.00,319.09,66.67,15.00,71.50,28.50,1.00,1.00,15749.64,12469.56,12544.56,15734.64,70,28,28,71,77110.52,77116.58,,
2026-09-13T03:32:28+08:00,btc-updown-5m-1789241400,https://polymarket.com/zh/event/btc-updown-5m-1789241400,03:30-03:35,71.00,30.00,70.00,29.00,309.82,8.53,10.00,309.82,70.50,29.50,1.00,1.00,15738.63,12544.56,12544.56,15243.63,68,29,29,68,77110.52,77116.58,,
2026-09-13T03:32:30+08:00,btc-updown-5m-1789241400,https://polymarket.com/zh/event/btc-updown-5m-1789241400,03:30-03:35,69.00,32.00,68.00,31.00,318.65,45.00,45.00,318.65,68.50,31.50,1.00,1.00,15763.63,13879.56,13874.56,16293.63,65,31,31,65,77110.52,77116.57,,
2026-09-13T03:32:32+08:00,btc-updown-5m-1789241400,https://polymarket.com/zh/event/btc-updown-5m-1789241400,03:30-03:35,68.00,33.00,67.00,32.00,15.00,164.14,144.75,20.00,67.50,32.50,1.00,1.00,15782.32,15173.24,15163.24,15277.31,64,32,32,64,77110.52,77116.57,,
2026-09-13T03:32:34+08:00,btc-updown-5m-1789241400,https://polymarket.com/zh/event/btc-updown-5m-1789241400,03:30-03:35,70.00,31.00,69.00,30.00,20.00,89.68,90.00,26.20,69.50,30.50,1.00,1.00,15692.31,13853.24,13843.24,15192.31,67,30,30,67,77110.52,77116.57,,
2026-09-13T03:32:36+08:00,btc-updown-5m-1789241400,https://polymarket.com/zh/event/btc-updown-5m-1789241400,03:30-03:35,70.00,31.00,69.00,30.00,15.00,299.16,312.74,10.00,69.50,30.50,1.00,1.00,15577.31,13708.24,13703.24,15122.31,66,30,30,66,77110.52,77116.57,,
2026-09-13T03:32:38+08:00,btc-updown-5m-1789241400,https://polymarket.com/zh/event/btc-updown-5m-1789241400,03:30-03:35,70.00,31.00,69.00,30.00,6.20,48.73,69.86,6.20,69.50,30.50,1.00,1.00,15092.32,13718.24,13713.24,15572.31,65,30,30,65,77110.52,77116.57,,
2026-09-13T03:32:40+08:00,btc-updown-5m-1789241400,https://polymarket.com/zh/event/btc-updown-5m-1789241400,03:30-03:35,69.00,32.00,68.00,31.00,112.77,83.74,78.74,117.77,68.50,31.50,1.00,1.00,15632.31,13718.24,13713.24,15122.31,65,31,31,65,77110.52,77116.57,,
2026-09-13T03:32:42+08:00,btc-updown-5m-1789241400,https://polymarket.com/zh/event/btc-updown-5m-1789241400,03:30-03:35,69.00,32.00,68.00,31.00,133.46,61.83,61.83,133.46,68.50,31.50,1.00,1.00,16077.32,13703.24,13703.24,16077.32,64,31,31,64,77110.52,77116.58,,
2026-09-13T03:32:44+08:00,btc-updown-5m-1789241400,https://polymarket.com/zh/event/btc-updown-5m-1789241400,03:30-03:35,68.00,34.00,67.00,33.00,113.78,85.00,9.79,191.66,67.50,33.50,1.00,1.00,15592.31,14988.24,14983.24,15082.31,65,32,33,63,77110.52,77116.57,,
2026-09-13T03:32:46+08:00,btc-updown-5m-1789241400,https://polymarket.com/zh/event/btc-updown-5m-1789241400,03:30-03:35,66.00,35.00,65.00,34.00,223.88,85.00,85.00,223.88,65.50,34.50,1.00,1.00,15692.31,15033.24,15023.24,15682.31,62,34,34,64,77110.52,77116.57,,
2026-09-13T03:32:48+08:00,btc-updown-5m-1789241400,https://polymarket.com/zh/event/btc-updown-5m-1789241400,03:30-03:35,65.00,36.00,64.00,35.00,15.00,217.24,302.24,20.00,64.50,35.50,1.00,1.00,15747.31,15023.24,15033.24,15257.31,63,35,35,63,77110.52,77116.57,,
2026-09-13T03:32:50+08:00,btc-updown-5m-1789241400,https://polymarket.com/zh/event/btc-updown-5m-1789241400,03:30-03:35,65.00,36.00,64.00,35.00,90.70,198.16,208.16,90.70,64.50,35.50,1.00,1.00,15752.31,14973.24,15003.24,15202.31,61,35,35,62,77110.52,77116.57,,
2026-09-13T03:32:52+08:00,btc-updown-5m-1789241400,https://polymarket.com/zh/event/btc-updown-5m-1789241400,03:30-03:35,65.00,36.00,64.00,35.00,107.50,210.77,210.77,107.50,64.50,35.50,1.00,1.00,14736.64,15023.24,15033.24,15246.64,62,35,35,62,77110.52,77116.58,,
2026-09-13T03:32:54+08:00,btc-updown-5m-1789241400,https://polymarket.com/zh/event/btc-updown-5m-1789241400,03:30-03:35,64.00,37.00,63.00,36.00,70.60,81.09,195.25,150.56,63.50,36.50,1.00,1.00,15011.64,14983.24,14973.24,14591.64,61,36,36,61,77110.52,77116.57,,
2026-09-13T03:32:56+08:00,btc-updown-5m-1789241400,https://polymarket.com/zh/event/btc-updown-5m-1789241400,03:30-03:35,63.00,38.00,62.00,37.00,141.66,80.00,85.00,166.66,62.50,37.50,1.00,1.00,14619.64,14963.24,14958.24,15134.64,61,37,37,61,77110.52,77116.57,,
2026-09-13T03:32:58+08:00,btc-updown-5m-1789241400,https://polymarket.com/zh/event/btc-updown-5m-1789241400,03:30-03:35,55.00,46.00,54.00,45.00,141.72,147.59,147.59,141.72,54.50,45.50,1.00,1.00,14060.31,16768.24,16768.24,14065.31,53,45,45,53,77110.52,77110.00,,
2026-09-13T03:33:00+08:00,btc-updown-5m-1789241400,https://polymarket.com/zh/event/btc-updown-5m-1789241400,03:30-03:35,62.00,39.00,61.00,38.00,421.81,39.47,39.47,421.81,61.50,38.50,1.00,1.00,15072.30,17643.24,17643.24,15072.30,59,37,37,59,77110.52,77117.84,,
2026-09-13T03:33:02+08:00,btc-updown-5m-1789241400,https://polymarket.com/zh/event/btc-updown-5m-1789241400,03:30-03:35,59.00,42.00,58.00,41.00,57.42,5.00,140.66,222.64,58.50,41.50,1.00,1.00,15117.30,17638.24,17648.24,14132.31,58,38,39,58,77110.52,77118.89,,
2026-09-13T03:33:04+08:00,btc-updown-5m-1789241400,https://polymarket.com/zh/event/btc-updown-5m-1789241400,03:30-03:35,55.00,46.00,54.00,45.00,100.00,191.05,23.79,80.00,54.50,45.50,1.00,1.00,14583.30,17633.24,17648.24,14613.30,53,41,39,54,77110.52,77118.88,,
2026-09-13T03:33:06+08:00,btc-updown-5m-1789241400,https://polymarket.com/zh/event/btc-updown-5m-1789241400,03:30-03:35,48.00,52.00,47.00,49.00,18.85,210.51,222.22,14.80,47.50,50.50,1.00,3.00,14198.30,17419.25,17430.02,14213.30,47,51,49,48,77110.52,77118.88,,
2026-09-13T03:33:08+08:00,btc-updown-5m-1789241400,https://polymarket.com/zh/event/btc-updown-5m-1789241400,03:30-03:35,48.00,52.00,47.00,51.00,75.00,198.00,113.33,5.00,47.50,51.50,1.00,1.00,14148.30,17419.03,17435.02,14198.30,45,52,50,45,77110.52,77118.88,,
2026-09-13T03:33:10+08:00,btc-updown-5m-1789241400,https://polymarket.com/zh/event/btc-updown-5m-1789241400,03:30-03:35,47.00,56.00,46.00,55.00,130.00,85.00,10.00,85.00,46.50,55.50,1.00,1.00,14213.30,17435.02,17414.02,14208.30,45,53,55,42,77110.52,77118.88,,
2026-09-13T03:33:12+08:00,btc-updown-5m-1789241400,https://polymarket.com/zh/event/btc-updown-5m-1789241400,03:30-03:35,22.00,82.00,20.00,79.00,44.03,1.97,5.00,128.00,21.00,80.50,2.00,3.00,5032.67,14932.02,14938.02,4667.67,20,76,78,18,77110.52,77118.88,,
2026-09-13T03:33:14+08:00,btc-updown-5m-1789241400,https://polymarket.com/zh/event/btc-updown-5m-1789241400,03:30-03:35,25.00,83.00,17.00,82.00,92.30,20.00,10.00,215.70,21.00,82.50,8.00,1.00,4830.67,17478.02,17472.02,4830.67,17,75,80,17,77110.52,77081.41,,
2026-09-13T03:33:16+08:00,btc-updown-5m-1789241400,https://polymarket.com/zh/event/btc-updown-5m-1789241400,03:30-03:35,35.00,65.00,34.00,64.00,10.61,292.34,278.16,5.60,34.50,64.50,1.00,1.00,4729.67,17459.54,17464.54,4724.67,33,65,64,34,77110.52,77089.12,,
2026-09-13T03:33:18+08:00,btc-updown-5m-1789241400,https://polymarket.com/zh/event/btc-updown-5m-1789241400,03:30-03:35,37.00,65.00,36.00,64.00,17.19,15.02,31.20,117.16,36.50,64.50,1.00,1.00,4809.67,17410.54,17400.54,4799.67,36,63,64,35,77110.52,77089.12,,
2026-09-13T03:33:20+08:00,btc-updown-5m-1789241400,https://polymarket.com/zh/event/btc-updown-5m-1789241400,03:30-03:35,36.00,65.00,35.00,64.00,140.55,98.54,103.54,135.55,35.50,64.50,1.00,1.00,4799.67,17410.55,17410.54,4799.67,35,64,64,35,77110.52,77089.12,,
2026-09-13T03:33:22+08:00,btc-updown-5m-1789241400,https://polymarket.com/zh/event/btc-updown-5m-1789241400,03:30-03:35,32.00,69.00,31.00,68.00,80.00,372.28,372.28,80.00,31.50,68.50,1.00,1.00,4804.67,17497.51,17497.51,4804.67,30,68,68,30,77110.52,77085.86,,
2026-09-13T03:33:24+08:00,btc-updown-5m-1789241400,https://polymarket.com/zh/event/btc-updown-5m-1789241400,03:30-03:35,33.00,68.00,32.00,67.00,95.90,105.42,108.73,170.00,32.50,67.50,1.00,1.00,4814.67,17524.51,17502.51,4799.67,32,67,67,32,77110.52,77085.87,,
2026-09-13T03:33:26+08:00,btc-updown-5m-1789241400,https://polymarket.com/zh/event/btc-updown-5m-1789241400,03:30-03:35,32.00,69.00,31.00,68.00,267.93,42.49,75.40,282.93,31.50,68.50,1.00,1.00,4799.67,17503.51,17492.51,4799.67,30,68,68,30,77110.52,77085.86,,
2026-09-13T03:33:28+08:00,btc-updown-5m-1789241400,https://polymarket.com/zh/event/btc-updown-5m-1789241400,03:30-03:35,52.00,50.00,51.00,49.00,255.65,86.06,80.00,265.08,51.50,49.50,1.00,1.00,5693.97,15962.51,15977.51,5703.97,45,44,46,44,77110.52,77099.12,,
2026-09-13T03:33:30+08:00,btc-updown-5m-1789241400,https://polymarket.com/zh/event/btc-updown-5m-1789241400,03:30-03:35,46.00,56.00,45.00,55.00,90.00,68.71,8.52,220.08,45.50,55.50,1.00,1.00,5117.97,15732.51,15747.52,5127.97,43,48,49,41,77110.52,77099.10,,
2026-09-13T03:33:32+08:00,btc-updown-5m-1789241400,https://polymarket.com/zh/event/btc-updown-5m-1789241400,03:30-03:35,44.00,57.00,43.00,56.00,45.71,46.48,46.48,50.71,43.50,56.50,1.00,1.00,5101.97,15716.51,15721.51,5096.97,43,49,49,43,77110.52,77099.10,,
2026-09-13T03:33:34+08:00,btc-updown-5m-1789241400,https://polymarket.com/zh/event/btc-updown-5m-1789241400,03:30-03:35,42.00,59.00,41.00,58.00,85.00,120.97,115.97,85.00,41.50,58.50,1.00,1.00,4985.97,15727.51,15717.51,4985.97,41,49,51,41,77110.52,77099.10,,
2026-09-13T03:33:36+08:00,btc-updown-5m-1789241400,https://polymarket.com/zh/event/btc-updown-5m-1789241400,03:30-03:35,38.00,61.00,37.00,60.00,149.65,109.01,95.00,75.00,37.50,60.50,1.00,1.00,4767.67,15699.51,15704.52,4848.67,36,57,60,38,77110.52,77093.97,,
2026-09-13T03:33:38+08:00,btc-updown-5m-1789241400,https://polymarket.com/zh/event/btc-updown-5m-1789241400,03:30-03:35,68.00,33.00,66.00,32.00,30.72,0.42,19.00,20.00,67.00,32.50,2.00,1.00,8530.88,12284.14,13679.14,7150.87,58,22,22,59,77110.52,77107.68,,
2026-09-13T03:33:40+08:00,btc-updown-5m-1789241400,https://polymarket.com/zh/event/btc-updown-5m-1789241400,03:30-03:35,68.00,33.00,67.00,32.00,80.00,187.11,206.21,90.00,67.50,32.50,1.00,1.00,7587.54,15214.14,15204.14,6229.20,67,21,20,67,77110.52,77118.88,,
2026-09-13T03:33:42+08:00,btc-updown-5m-1789241400,https://polymarket.com/zh/event/btc-updown-5m-1789241400,03:30-03:35,67.00,34.00,66.00,33.00,60.00,96.00,107.93,40.00,66.50,33.50,1.00,1.00,8025.31,15300.12,15310.12,7535.30,66,28,28,66,77110.52,77118.88,,
2026-09-13T03:33:44+08:00,btc-updown-5m-1789241400,https://polymarket.com/zh/event/btc-updown-5m-1789241400,03:30-03:35,67.00,33.00,66.00,32.00,64.27,320.65,86.70,10.00,66.50,32.50,1.00,1.00,8010.30,15260.12,15275.12,7505.30,66,28,26,67,77110.52,77118.88,,
2026-09-13T03:33:46+08:00,btc-updown-5m-1789241400,https://polymarket.com/zh/event/btc-updown-5m-1789241400,03:30-03:35,77.00,27.00,76.00,26.00,50.00,10.00,5.00,139.00,76.50,26.50,1.00,1.00,6019.28,12445.12,12445.12,6594.27,74,17,18,73,77110.52,77118.88,,
2026-09-13T03:33:48+08:00,btc-updown-5m-1789241400,https://polymarket.com/zh/event/btc-updown-5m-1789241400,03:30-03:35,74.00,27.00,73.00,26.00,18.64,30.00,25.00,18.64,73.50,26.50,1.00,1.00,6099.28,12395.12,12395.12,5609.27,73,20,20,73,77110.52,77118.88,,
2026-09-13T03:33:50+08:00,btc-updown-5m-1789241400,https://polymarket.com/zh/event/btc-updown-5m-1789241400,03:30-03:35,71.00,30.00,70.00,29.00,55.59,100.31,132.24,55.59,70.50,29.50,1.00,1.00,6259.27,12445.12,12445.12,5754.27,70,23,23,70,77110.52,77118.88,,
2026-09-13T03:33:52+08:00,btc-updown-5m-1789241400,https://polymarket.com/zh/event/btc-updown-5m-1789241400,03:30-03:35,60.00,41.00,59.00,40.00,45.00,2.80,15.00,77.83,59.50,40.50,1.00,1.00,8394.28,15100.12,15085.12,8874.27,59,33,33,59,77110.52,77124.10,,
2026-09-13T03:33:54+08:00,btc-updown-5m-1789241400,https://polymarket.com/zh/event/btc-updown-5m-1789241400,03:30-03:35,38.00,64.00,37.00,63.00,249.49,4.76,2.30,235.63,37.50,63.50,1.00,1.00,6793.27,15376.12,15382.12,7668.27,37,57,58,36,77110.52,77124.10,,
2026-09-13T03:33:56+08:00,btc-updown-5m-1789241400,https://polymarket.com/zh/event/btc-updown-5m-1789241400,03:30-03:35,29.00,73.00,28.00,72.00,168.32,30.60,271.48,164.32,28.50,72.50,1.00,1.00,8001.33,8727.47,9589.47,7679.33,28,69,68,27,77110.52,77124.10,,
2026-09-13T03:33:58+08:00,btc-updown-5m-1789241400,https://polymarket.com/zh/event/btc-updown-5m-1789241400,03:30-03:35,19.00,82.00,18.00,81.00,37.31,136.71,131.54,15.25,18.50,81.50,1.00,1.00,7535.58,10428.39,10422.39,7535.58,18,77,77,18,77110.52,77124.11,,
2026-09-13T03:34:00+08:00,btc-updown-5m-1789241400,https://polymarket.com/zh/event/btc-updown-5m-1789241400,03:30-03:35,11.00,91.00,8.00,90.00,117.25,100.00,244.82,30.00,9.50,90.50,3.00,1.00,7902.58,8423.80,9224.12,6808.92,8,82,89,8,77110.52,77124.10,,
2026-09-13T03:34:03+08:00,btc-updown-5m-1789241400,https://polymarket.com/zh/event/btc-updown-5m-1789241400,03:30-03:35,11.00,91.00,10.00,90.00,92.12,5.00,24.66,125.00,10.50,90.50,1.00,1.00,7851.19,9045.07,9023.06,7885.08,10,85,87,9,77110.52,77124.10,,
2026-09-13T03:34:05+08:00,btc-updown-5m-1789241400,https://polymarket.com/zh/event/btc-updown-5m-1789241400,03:30-03:35,11.00,91.00,10.00,90.00,114.00,80.00,64.28,154.00,10.50,90.50,1.00,1.00,4842.08,7773.68,7788.68,4944.08,10,86,87,9,77110.52,77124.10,,
2026-09-13T03:34:07+08:00,btc-updown-5m-1789241400,https://polymarket.com/zh/event/btc-updown-5m-1789241400,03:30-03:35,8.00,93.00,6.00,92.00,20.00,15.00,97.16,126.62,7.00,92.50,2.00,1.00,5264.08,7750.68,7733.68,5184.08,6,86,86,7,77110.52,77124.10,,
2026-09-13T03:34:09+08:00,btc-updown-5m-1789241400,https://polymarket.com/zh/event/btc-updown-5m-1789241400,03:30-03:35,9.00,92.00,8.00,91.00,125.15,164.12,182.12,120.15,8.50,91.50,1.00,1.00,4869.08,7769.68,7758.68,4869.08,8,84,84,8,77110.52,77124.10,,
2026-09-13T03:34:11+08:00,btc-updown-5m-1789241400,https://polymarket.com/zh/event/btc-updown-5m-1789241400,03:30-03:35,6.00,95.00,5.00,94.00,24.93,15.06,96.09,24.93,5.50,94.50,1.00,1.00,5142.66,10383.68,10388.69,5091.63,5,89,90,5,77110.52,77124.11,,
2026-09-13T03:34:13+08:00,btc-updown-5m-1789241400,https://polymarket.com/zh/event/btc-updown-5m-1789241400,03:30-03:35,7.00,94.00,6.00,93.00,66.51,171.23,97.95,33.00,6.50,93.50,1.00,1.00,4943.64,10400.68,10379.68,4863.64,6,91,93,6,77110.52,77128.05,,
2026-09-13T03:34:15+08:00,btc-updown-5m-1789241400,https://polymarket.com/zh/event/btc-updown-5m-1789241400,03:30-03:35,7.00,94.00,6.00,88.00,101.86,218.36,138.36,2.91,6.50,91.00,1.00,6.00,7788.54,10404.69,10384.68,7708.54,6,93,88,6,77110.52,77128.06,,
2026-09-13T03:34:17+08:00,btc-updown-5m-1789241400,https://polymarket.com/zh/event/btc-updown-5m-1789241400,03:30-03:35,4.00,97.00,3.00,96.00,197.01,292.26,297.26,219.01,3.50,96.50,1.00,1.00,7108.85,10330.68,10301.69,7028.85,3,96,96,3,77110.52,77128.05,,
2026-09-13T03:34:19+08:00,btc-updown-5m-1789241400,https://polymarket.com/zh/event/btc-updown-5m-1789241400,03:30-03:35,4.00,97.00,3.00,96.00,187.28,80.00,157.22,187.28,3.50,96.50,1.00,1.00,4458.81,10286.68,9405.68,4424.59,3,96,96,3,77110.52,77128.05,,
2026-09-13T03:34:21+08:00,btc-updown-5m-1789241400,https://polymarket.com/zh/event/btc-updown-5m-1789241400,03:30-03:35,3.00,98.00,2.00,97.00,45.36,741.62,741.62,52.88,2.50,97.50,1.00,1.00,4396.26,10133.68,10149.68,4446.25,2,97,97,2,77110.52,77128.05,,
2026-09-13T03:34:23+08:00,btc-updown-5m-1789241400,https://polymarket.com/zh/event/btc-updown-5m-1789241400,03:30-03:35,3.00,98.00,2.00,97.00,22.93,953.54,958.54,7.93,2.50,97.50,1.00,1.00,4813.18,10098.68,10098.68,4808.18,2,96,94,2,77110.52,77128.05,,
2026-09-13T03:34:25+08:00,btc-updown-5m-1789241400,https://polymarket.com/zh/event/btc-updown-5m-1789241400,03:30-03:35,3.00,98.00,2.00,97.00,141.54,475.99,492.35,141.54,2.50,97.50,1.00,1.00,4066.99,10159.68,10139.68,4050.63,2,95,95,2,77110.52,77128.05,,
2026-09-13T03:34:27+08:00,btc-updown-5m-1789241400,https://polymarket.com/zh/event/btc-updown-5m-1789241400,03:30-03:35,4.00,97.00,3.00,96.00,53.52,417.25,422.25,133.52,3.50,96.50,1.00,1.00,4186.89,10161.26,10135.26,4341.89,3,93,93,3,77110.52,77128.06,,
2026-09-13T03:34:29+08:00,btc-updown-5m-1789241400,https://polymarket.com/zh/event/btc-updown-5m-1789241400,03:30-03:35,3.00,98.00,2.00,97.00,96.00,359.24,364.29,96.00,2.50,97.50,1.00,1.00,4242.68,7505.26,8321.26,4237.63,2,94,94,2,77110.52,77131.80,,
2026-09-13T03:34:31+08:00,btc-updown-5m-1789241400,https://polymarket.com/zh/event/btc-updown-5m-1789241400,03:30-03:35,2.00,99.00,1.00,98.00,174.69,1966.23,1966.23,174.69,1.50,98.50,1.00,1.00,1966.23,9988.92,9106.92,1966.23,1,97,96,1,77110.52,77131.80,,
2026-09-13T03:34:33+08:00,btc-updown-5m-1789241400,https://polymarket.com/zh/event/btc-updown-5m-1789241400,03:30-03:35,1.00,,,99.00,3681.17,,,3681.16,,,,,,9851.91,9867.91,,0,96,97,0,77110.52,77131.80,,
2026-09-13T03:34:35+08:00,btc-updown-5m-1789241400,https://polymarket.com/zh/event/btc-updown-5m-1789241400,03:30-03:35,1.00,,,99.00,4095.34,,,4165.34,,,,,,9862.91,8200.25,,0,98,98,0,77110.52,77131.80,,
2026-09-13T03:34:37+08:00,btc-updown-5m-1789241400,https://polymarket.com/zh/event/btc-updown-5m-1789241400,03:30-03:35,1.00,,,99.00,5137.30,,,5137.30,,,,,,7377.92,7357.92,,0,97,97,0,77110.52,77131.80,,
2026-09-13T03:34:39+08:00,btc-updown-5m-1789241400,https://polymarket.com/zh/event/btc-updown-5m-1789241400,03:30-03:35,1.00,,,99.00,7084.81,,,17522.81,,,,,,7361.92,7363.92,,0,97,97,0,77110.52,77131.80,,
2026-09-13T03:34:41+08:00,btc-updown-5m-1789241400,https://polymarket.com/zh/event/btc-updown-5m-1789241400,03:30-03:35,1.00,,,99.00,17780.77,,,17780.77,,,,,,7362.92,7357.92,,0,96,96,0,77110.52,77131.80,,
2026-09-13T03:34:43+08:00,btc-updown-5m-1789241400,https://polymarket.com/zh/event/btc-updown-5m-1789241400,03:30-03:35,1.00,,,99.00,20963.86,,,20963.86,,,,,,7312.92,7307.92,,0,97,97,0,77110.52,77131.80,,
2026-09-13T03:34:45+08:00,btc-updown-5m-1789241400,https://polymarket.com/zh/event/btc-updown-5m-1789241400,03:30-03:35,1.00,,,99.00,21033.86,,,21033.86,,,,,,7328.92,7307.92,,0,96,96,0,77110.52,77131.80,,
2026-09-13T03:34:47+08:00,btc-updown-5m-1789241400,https://polymarket.com/zh/event/btc-updown-5m-1789241400,03:30-03:35,1.00,,,99.00,21679.39,,,21679.39,,,,,,7169.01,7163.01,,0,88,88,0,77110.52,77132.81,,
2026-09-13T03:34:49+08:00,btc-updown-5m-1789241400,https://polymarket.com/zh/event/btc-updown-5m-1789241400,03:30-03:35,1.00,,,99.00,21805.39,,,21805.39,,,,,,7207.02,7219.01,,0,93,93,0,77110.52,77135.09,,
2026-09-13T03:34:50+08:00,btc-updown-5m-1789241400,https://polymarket.com/zh/event/btc-updown-5m-1789241400,03:30-03:35,1.00,,,99.00,22436.49,,,22436.49,,,,,,8107.01,8103.01,,0,94,94,0,77110.52,77135.08,,
2026-09-13T03:34:53+08:00,btc-updown-5m-1789241400,https://polymarket.com/zh/event/btc-updown-5m-1789241400,03:30-03:35,1.00,,,99.00,23798.49,,,23798.49,,,,,,8103.01,8099.01,,0,94,94,0,77110.52,77135.08,,
2026-09-13T03:34:54+08:00,btc-updown-5m-1789241400,https://polymarket.com/zh/event/btc-updown-5m-1789241400,03:30-03:35,1.00,,,99.00,31932.85,,,31932.85,,,,,,8099.01,8098.01,,0,93,93,0,77110.52,77135.08,,
2026-09-13T03:34:56+08:00,btc-updown-5m-1789241400,https://polymarket.com/zh/event/btc-updown-5m-1789241400,03:30-03:35,1.00,,,99.00,31552.79,,,31603.79,,,,,,5452.01,5447.01,,0,83,83,0,77110.52,77135.08,,
2026-09-13T03:34:58+08:00,btc-updown-5m-1789241400,https://polymarket.com/zh/event/btc-updown-5m-1789241400,03:30-03:35,1.00,,,99.00,42603.79,,,42603.79,,,,,,5453.01,5447.01,,0,83,83,0,77110.52,77135.08,,
2026-09-13T03:35:01+08:00,btc-updown-5m-1789241700,https://polymarket.com/zh/event/btc-updown-5m-1789241700,03:35-03:40,58.00,43.00,57.00,42.00,10.00,145.00,125.00,10.00,57.50,42.50,1.00,1.00,24353.34,22909.57,22919.57,24364.34,57,42,42,57,77135.08,77135.37,,
2026-09-13T03:35:03+08:00,btc-updown-5m-1789241700,https://polymarket.com/zh/event/btc-updown-5m-1789241700,03:35-03:40,55.00,48.00,53.00,47.00,145.00,110.00,113.59,23.32,54.00,47.50,2.00,1.00,24788.74,23204.97,23209.97,25298.74,53,45,47,52,77135.08,77135.37,,
2026-09-13T03:35:05+08:00,btc-updown-5m-1789241700,https://polymarket.com/zh/event/btc-updown-5m-1789241700,03:35-03:40,47.00,54.00,46.00,53.00,179.56,37.97,32.97,179.56,46.50,53.50,1.00,1.00,24573.74,22970.98,22970.98,24573.74,46,51,51,46,77135.08,77135.37,,
2026-09-13T03:35:07+08:00,btc-updown-5m-1789241700,https://polymarket.com/zh/event/btc-updown-5m-1789241700,03:35-03:40,37.00,64.00,36.00,63.00,83.59,53.66,63.66,76.59,36.50,63.50,1.00,1.00,24668.74,23000.97,23005.97,24698.74,36,60,61,36,77135.08,77135.37,,
