ts_iso,slug,market_url,window_text,buy_up_cents,buy_down_cents,sell_up_cents,sell_down_cents,buy_up_size,buy_down_size,sell_up_size,sell_down_size,mid_up_cents,mid_down_cents,spread_up_cents,spread_down_cents,bid_depth_up_5,ask_depth_up_5,bid_depth_down_5,ask_depth_down_5,level_count_bid_up,level_count_ask_up,level_count_bid_down,level_count_ask_down,target_price,final_price,trade_count_1s,trade_volume_1s
2026-07-12T20:47:04+08:00,btc-updown-5m-1783860300,https://polymarket.com/zh/event/btc-updown-5m-1783860300,20:45-20:50,88.00,13.00,87.00,12.00,640.59,60.42,55.42,640.59,87.50,12.50,1.00,1.00,18890.27,19226.60,19236.60,18280.28,86,12,12,86,,64008.27,,
2026-07-12T20:47:06+08:00,btc-updown-5m-1783860300,https://polymarket.com/zh/event/btc-updown-5m-1783860300,20:45-20:50,90.00,11.00,89.00,10.00,101.41,145.78,150.78,185.88,89.50,10.50,1.00,1.00,17780.27,16150.79,16180.79,18190.27,89,10,10,89,,64009.39,,
2026-07-12T20:47:08+08:00,btc-updown-5m-1783860300,https://polymarket.com/zh/event/btc-updown-5m-1783860300,20:45-20:50,89.00,12.00,88.00,11.00,70.47,225.45,225.45,27.72,88.50,11.50,1.00,1.00,17680.27,15994.94,16029.94,18155.27,88,11,11,88,,64009.39,,
2026-07-12T20:47:10+08:00,btc-updown-5m-1783860300,https://polymarket.com/zh/event/btc-updown-5m-1783860300,20:45-20:50,89.00,12.00,88.00,11.00,119.13,11.00,36.42,326.57,88.50,11.50,1.00,1.00,18160.27,16021.94,15996.94,17650.27,88,11,11,88,,64009.39,,
2026-07-12T20:47:12+08:00,btc-updown-5m-1783860300,https://polymarket.com/zh/event/btc-updown-5m-1783860300,20:45-20:50,91.00,10.00,90.00,9.00,615.85,14.59,14.59,600.85,90.50,9.50,1.00,1.00,17660.28,15753.30,15778.81,17660.27,90,9,9,90,,64012.67,,
2026-07-12T20:47:14+08:00,btc-updown-5m-1783860300,https://polymarket.com/zh/event/btc-updown-5m-1783860300,20:45-20:50,92.00,9.00,91.00,8.00,409.86,22.38,10.00,447.68,91.50,8.50,1.00,1.00,18180.27,15856.13,15921.73,17690.28,91,8,8,91,,64013.03,,
2026-07-12T20:47:16+08:00,btc-updown-5m-1783860300,https://polymarket.com/zh/event/btc-updown-5m-1783860300,20:45-20:50,91.00,10.00,90.00,9.00,52.54,273.38,288.38,19.00,90.50,9.50,1.00,1.00,17850.27,16446.73,16436.73,18055.27,90,9,9,90,,64013.03,,
2026-07-12T20:47:18+08:00,btc-updown-5m-1783860300,https://polymarket.com/zh/event/btc-updown-5m-1783860300,20:45-20:50,91.00,10.00,90.00,9.00,281.15,10.56,16.47,286.15,90.50,9.50,1.00,1.00,18450.27,16446.73,16411.13,18455.27,90,9,9,90,,64013.03,,
2026-07-12T20:47:20+08:00,btc-updown-5m-1783860300,https://polymarket.com/zh/event/btc-updown-5m-1783860300,20:45-20:50,91.00,10.00,90.00,9.00,165.20,133.18,133.18,175.20,90.50,9.50,1.00,1.00,18955.27,16350.02,16365.02,18460.28,90,9,9,90,,64013.03,,
2026-07-12T20:47:22+08:00,btc-updown-5m-1783860300,https://polymarket.com/zh/event/btc-updown-5m-1783860300,20:45-20:50,92.00,9.00,91.00,8.00,355.32,192.63,228.12,382.35,91.50,8.50,1.00,1.00,18455.27,15923.76,15926.76,17960.28,91,8,8,91,,64013.03,,
2026-07-12T20:47:24+08:00,btc-updown-5m-1783860300,https://polymarket.com/zh/event/btc-updown-5m-1783860300,20:45-20:50,92.00,9.00,91.00,8.00,373.47,168.57,202.69,368.47,91.50,8.50,1.00,1.00,18450.27,15930.63,15888.76,18432.28,91,8,8,91,,64013.03,,
2026-07-12T20:47:26+08:00,btc-updown-5m-1783860300,https://polymarket.com/zh/event/btc-updown-5m-1783860300,20:45-20:50,92.00,9.00,91.00,8.00,425.00,172.08,172.08,414.56,91.50,8.50,1.00,1.00,18902.27,15880.58,15907.45,18912.27,91,8,8,91,,64013.03,,
2026-07-12T20:47:28+08:00,btc-updown-5m-1783860300,https://polymarket.com/zh/event/btc-updown-5m-1783860300,20:45-20:50,92.00,9.00,91.00,8.00,336.61,19.98,19.98,353.34,91.50,8.50,1.00,1.00,18987.27,15921.08,15921.08,18287.27,91,8,8,91,,64013.99,,
2026-07-12T20:47:30+08:00,btc-updown-5m-1783860300,https://polymarket.com/zh/event/btc-updown-5m-1783860300,20:45-20:50,90.00,10.00,89.00,9.00,2.70,82.55,339.34,54.42,89.50,9.50,1.00,1.00,17950.27,15962.32,16001.73,18435.27,89,10,9,90,,64013.99,,
2026-07-12T20:47:32+08:00,btc-updown-5m-1783860300,https://polymarket.com/zh/event/btc-updown-5m-1783860300,20:45-20:50,92.00,9.00,91.00,8.00,420.56,121.88,121.88,420.56,91.50,8.50,1.00,1.00,17920.08,15931.12,15921.12,18420.07,91,8,8,91,,64013.99,,
2026-07-12T20:47:34+08:00,btc-updown-5m-1783860300,https://polymarket.com/zh/event/btc-updown-5m-1783860300,20:45-20:50,92.00,9.00,91.00,8.00,258.99,180.50,175.50,253.99,91.50,8.50,1.00,1.00,18330.07,15854.12,15854.12,17825.07,91,8,8,91,,64013.99,,
2026-07-12T20:47:36+08:00,btc-updown-5m-1783860300,https://polymarket.com/zh/event/btc-updown-5m-1783860300,20:45-20:50,93.00,8.00,92.00,7.00,473.94,167.21,167.21,468.56,92.50,7.50,1.00,1.00,16940.07,15823.82,15823.82,16345.07,92,7,7,92,,64013.99,,
2026-07-12T20:47:38+08:00,btc-updown-5m-1783860300,https://polymarket.com/zh/event/btc-updown-5m-1783860300,20:45-20:50,88.00,13.00,87.00,12.00,246.96,349.30,334.08,241.96,87.50,12.50,1.00,1.00,16330.07,16046.95,16018.95,17287.07,87,12,12,87,,64012.39,,
2026-07-12T20:47:40+08:00,btc-updown-5m-1783860300,https://polymarket.com/zh/event/btc-updown-5m-1783860300,20:45-20:50,88.00,13.00,87.00,12.00,56.72,415.55,415.55,54.44,87.50,12.50,1.00,1.00,16998.77,16318.33,16318.33,17003.77,87,12,12,87,,64012.00,,
2026-07-12T20:47:42+08:00,btc-updown-5m-1783860300,https://polymarket.com/zh/event/btc-updown-5m-1783860300,20:45-20:50,89.00,12.00,88.00,11.00,264.12,102.89,95.86,253.01,88.50,11.50,1.00,1.00,17141.77,16890.33,16902.33,16546.77,88,11,11,88,,64012.00,,
2026-07-12T20:47:44+08:00,btc-updown-5m-1783860300,https://polymarket.com/zh/event/btc-updown-5m-1783860300,20:45-20:50,89.00,12.00,88.00,11.00,397.47,96.84,96.84,402.47,88.50,11.50,1.00,1.00,16561.77,16887.41,16897.41,17031.77,88,11,11,88,,64012.00,,
2026-07-12T20:47:46+08:00,btc-updown-5m-1783860300,https://polymarket.com/zh/event/btc-updown-5m-1783860300,20:45-20:50,89.00,12.00,88.00,11.00,187.18,178.78,178.78,187.18,88.50,11.50,1.00,1.00,16551.77,16837.41,16872.41,16546.78,88,11,11,88,,64012.00,,
2026-07-12T20:47:48+08:00,btc-updown-5m-1783860300,https://polymarket.com/zh/event/btc-updown-5m-1783860300,20:45-20:50,89.00,12.00,88.00,11.00,135.92,170.21,145.37,125.11,88.50,11.50,1.00,1.00,16546.78,16977.41,16977.41,16631.77,88,11,11,88,,64012.01,,
2026-07-12T20:47:50+08:00,btc-updown-5m-1783860300,https://polymarket.com/zh/event/btc-updown-5m-1783860300,20:45-20:50,89.00,12.00,88.00,11.00,28.93,273.60,234.60,50.39,88.50,11.50,1.00,1.00,16515.07,17046.41,17036.41,16530.07,88,11,11,88,,64012.00,,
2026-07-12T20:47:52+08:00,btc-updown-5m-1783860300,https://polymarket.com/zh/event/btc-updown-5m-1783860300,20:45-20:50,89.00,12.00,88.00,11.00,15.00,224.54,229.54,15.00,88.50,11.50,1.00,1.00,16720.07,16809.71,16818.71,16830.07,88,11,11,88,,64012.00,,
2026-07-12T20:47:54+08:00,btc-updown-5m-1783860300,https://polymarket.com/zh/event/btc-updown-5m-1783860300,20:45-20:50,92.00,9.00,91.00,8.00,20.00,183.51,164.51,25.00,91.50,8.50,1.00,1.00,16840.07,16838.44,16803.44,16840.07,91,8,8,91,,64012.00,,
2026-07-12T20:47:56+08:00,btc-updown-5m-1783860300,https://polymarket.com/zh/event/btc-updown-5m-1783860300,20:45-20:50,93.00,8.00,92.00,7.00,299.28,52.62,37.43,298.90,92.50,7.50,1.00,1.00,17397.07,16257.77,16247.77,17417.07,92,7,7,92,,64012.00,,
2026-07-12T20:47:58+08:00,btc-updown-5m-1783860300,https://polymarket.com/zh/event/btc-updown-5m-1783860300,20:45-20:50,92.00,9.00,91.00,8.00,20.00,366.11,366.11,25.00,91.50,8.50,1.00,1.00,17407.07,16848.91,16843.91,17407.07,91,8,8,91,,64012.00,,
2026-07-12T20:48:00+08:00,btc-updown-5m-1783860300,https://polymarket.com/zh/event/btc-updown-5m-1783860300,20:45-20:50,93.00,8.00,92.00,7.00,155.10,132.12,67.07,123.75,92.50,7.50,1.00,1.00,17497.08,16873.12,16873.12,17582.07,92,7,7,92,,64012.00,,
2026-07-12T20:48:02+08:00,btc-updown-5m-1783860300,https://polymarket.com/zh/event/btc-updown-5m-1783860300,20:45-20:50,93.00,8.00,92.00,7.00,33.00,180.65,180.65,22.62,92.50,7.50,1.00,1.00,17167.07,16738.05,16748.05,17172.07,92,7,7,92,,64012.00,,
2026-07-12T20:48:04+08:00,btc-updown-5m-1783860300,https://polymarket.com/zh/event/btc-updown-5m-1783860300,20:45-20:50,94.00,7.00,93.00,6.00,183.44,312.68,384.68,171.08,93.50,6.50,1.00,1.00,16856.07,16511.04,16563.39,16856.08,93,6,6,93,,64012.00,,
2026-07-12T20:48:06+08:00,btc-updown-5m-1783860300,https://polymarket.com/zh/event/btc-updown-5m-1783860300,20:45-20:50,94.00,7.00,93.00,6.00,46.25,391.50,391.50,46.25,93.50,6.50,1.00,1.00,16700.07,16289.29,15953.97,16800.07,93,6,6,93,,64012.00,,
2026-07-12T20:48:09+08:00,btc-updown-5m-1783860300,https://polymarket.com/zh/event/btc-updown-5m-1783860300,20:45-20:50,95.00,6.00,94.00,5.00,1498.23,227.75,214.75,1474.23,94.50,5.50,1.00,1.00,16655.07,16768.73,16749.73,16755.07,94,5,5,94,,64012.01,,
2026-07-12T20:48:11+08:00,btc-updown-5m-1783860300,https://polymarket.com/zh/event/btc-updown-5m-1783860300,20:45-20:50,95.00,6.00,94.00,5.00,1370.90,195.65,201.53,1365.90,94.50,5.50,1.00,1.00,16567.17,16565.01,16681.06,16562.17,94,5,5,94,,64012.00,,
2026-07-12T20:48:12+08:00,btc-updown-5m-1783860300,https://polymarket.com/zh/event/btc-updown-5m-1783860300,20:45-20:50,94.00,7.00,93.00,6.00,167.96,74.00,35.00,187.96,93.50,6.50,1.00,1.00,16687.17,14469.97,14509.97,16587.17,93,6,6,93,,64012.00,,
2026-07-12T20:48:15+08:00,btc-updown-5m-1783860300,https://polymarket.com/zh/event/btc-updown-5m-1783860300,20:45-20:50,94.00,7.00,93.00,6.00,69.00,116.16,122.19,184.00,93.50,6.50,1.00,1.00,16587.17,14651.30,14541.30,16577.17,93,6,6,93,,64012.00,,
2026-07-12T20:48:17+08:00,btc-updown-5m-1783860300,https://polymarket.com/zh/event/btc-updown-5m-1783860300,20:45-20:50,94.00,7.00,93.00,6.00,281.26,50.76,27.18,281.26,93.50,6.50,1.00,1.00,15767.17,14164.41,14154.41,15897.17,93,6,6,93,,64012.00,,
2026-07-12T20:48:19+08:00,btc-updown-5m-1783860300,https://polymarket.com/zh/event/btc-updown-5m-1783860300,20:45-20:50,93.00,8.00,92.00,7.00,20.00,428.86,413.86,25.00,92.50,7.50,1.00,1.00,15782.18,14083.00,14053.00,15772.17,92,7,7,92,,64012.01,,
2026-07-12T20:48:21+08:00,btc-updown-5m-1783860300,https://polymarket.com/zh/event/btc-updown-5m-1783860300,20:45-20:50,94.00,7.00,93.00,6.00,251.81,27.97,16.73,147.98,93.50,6.50,1.00,1.00,15872.17,13702.70,13702.70,15802.17,93,6,6,93,,64012.00,,
2026-07-12T20:48:23+08:00,btc-updown-5m-1783860300,https://polymarket.com/zh/event/btc-updown-5m-1783860300,20:45-20:50,93.00,8.00,92.00,7.00,12.96,430.45,430.45,14.73,92.50,7.50,1.00,1.00,15782.17,13699.08,13689.08,15827.18,92,7,7,92,,64012.00,,
2026-07-12T20:48:25+08:00,btc-updown-5m-1783860300,https://polymarket.com/zh/event/btc-updown-5m-1783860300,20:45-20:50,94.00,7.00,93.00,6.00,290.86,38.91,38.91,290.91,93.50,6.50,1.00,1.00,15729.17,13620.80,13560.80,15734.17,93,6,6,93,,64012.00,,
2026-07-12T20:48:27+08:00,btc-updown-5m-1783860300,https://polymarket.com/zh/event/btc-updown-5m-1783860300,20:45-20:50,95.00,6.00,94.00,5.00,528.87,35.00,35.00,533.87,94.50,5.50,1.00,1.00,16108.18,13190.89,13195.89,15988.17,94,5,5,94,,64012.00,,
2026-07-12T20:48:29+08:00,btc-updown-5m-1783860300,https://polymarket.com/zh/event/btc-updown-5m-1783860300,20:45-20:50,95.00,6.00,94.00,5.00,580.71,29.00,29.00,572.28,94.50,5.50,1.00,1.00,15988.17,13926.73,13928.30,16178.17,94,5,5,94,,64012.00,,
2026-07-12T20:48:30+08:00,btc-updown-5m-1783860300,https://polymarket.com/zh/event/btc-updown-5m-1783860300,20:45-20:50,94.00,7.00,93.00,6.00,120.66,242.05,242.05,120.66,93.50,6.50,1.00,1.00,15979.17,13112.65,13546.73,15954.17,93,6,6,93,,64012.00,,
2026-07-12T20:48:33+08:00,btc-updown-5m-1783860300,https://polymarket.com/zh/event/btc-updown-5m-1783860300,20:45-20:50,94.00,7.00,93.00,6.00,35.00,354.78,225.98,35.00,93.50,6.50,1.00,1.00,16039.17,12205.68,12043.53,15954.17,93,6,6,93,,64012.00,,
2026-07-12T20:48:35+08:00,btc-updown-5m-1783860300,https://polymarket.com/zh/event/btc-updown-5m-1783860300,20:45-20:50,95.00,6.00,94.00,5.00,333.37,15.00,20.00,329.91,94.50,5.50,1.00,1.00,15934.17,12175.59,12198.44,15939.17,94,5,5,94,,64012.01,,
2026-07-12T20:48:37+08:00,btc-updown-5m-1783860300,https://polymarket.com/zh/event/btc-updown-5m-1783860300,20:45-20:50,95.00,6.00,94.00,5.00,298.35,20.00,20.00,332.35,94.50,5.50,1.00,1.00,15934.17,12151.88,12200.88,15929.17,94,5,5,94,,64012.00,,
2026-07-12T20:48:38+08:00,btc-updown-5m-1783860300,https://polymarket.com/zh/event/btc-updown-5m-1783860300,20:45-20:50,95.00,6.00,94.00,5.00,277.08,288.00,288.00,277.08,94.50,5.50,1.00,1.00,15939.17,12119.00,12129.00,15934.17,94,5,5,94,,64012.00,,
2026-07-12T20:48:41+08:00,btc-updown-5m-1783860300,https://polymarket.com/zh/event/btc-updown-5m-1783860300,20:45-20:50,95.00,6.00,94.00,5.00,175.35,413.27,322.00,175.35,94.50,5.50,1.00,1.00,15969.17,11992.27,11402.27,15954.17,94,5,5,94,,64012.00,,
2026-07-12T20:48:43+08:00,btc-updown-5m-1783860300,https://polymarket.com/zh/event/btc-updown-5m-1783860300,20:45-20:50,96.00,5.00,95.00,4.00,19.00,329.50,324.50,34.00,95.50,4.50,1.00,1.00,15922.17,11207.59,11592.61,15912.17,95,4,4,95,,64012.00,,
2026-07-12T20:48:45+08:00,btc-updown-5m-1783860300,https://polymarket.com/zh/event/btc-updown-5m-1783860300,20:45-20:50,97.00,4.00,96.00,3.00,1582.14,156.01,156.01,1582.14,96.50,3.50,1.00,1.00,15857.17,11416.54,11421.54,15887.18,96,3,3,96,,64012.00,,
2026-07-12T20:48:47+08:00,btc-updown-5m-1783860300,https://polymarket.com/zh/event/btc-updown-5m-1783860300,20:45-20:50,97.00,4.00,96.00,3.00,1570.59,231.01,231.01,1569.55,96.50,3.50,1.00,1.00,15807.17,11404.99,11406.95,15937.17,96,3,3,96,,64012.00,,
2026-07-12T20:48:49+08:00,btc-updown-5m-1783860300,https://polymarket.com/zh/event/btc-updown-5m-1783860300,20:45-20:50,97.00,4.00,96.00,3.00,1272.26,385.36,385.36,1271.11,96.50,3.50,1.00,1.00,15576.17,10951.97,11083.51,15551.17,96,3,3,96,,64012.00,,
2026-07-12T20:48:51+08:00,btc-updown-5m-1783860300,https://polymarket.com/zh/event/btc-updown-5m-1783860300,20:45-20:50,97.00,4.00,96.00,3.00,1512.24,292.97,292.97,1537.24,96.50,3.50,1.00,1.00,15562.17,11601.18,11416.64,15663.17,96,3,3,96,,64012.00,,
2026-07-12T20:48:53+08:00,btc-updown-5m-1783860300,https://polymarket.com/zh/event/btc-updown-5m-1783860300,20:45-20:50,97.00,4.00,96.00,3.00,981.62,378.51,383.66,981.62,96.50,3.50,1.00,1.00,15941.18,10696.45,10696.45,16122.17,96,3,3,96,,64012.00,,
2026-07-12T20:48:55+08:00,btc-updown-5m-1783860300,https://polymarket.com/zh/event/btc-updown-5m-1783860300,20:45-20:50,97.00,4.00,96.00,3.00,975.58,432.90,432.90,1015.58,96.50,3.50,1.00,1.00,15600.18,10615.31,10655.31,15685.17,96,3,3,96,,64012.00,,
2026-07-12T20:48:57+08:00,btc-updown-5m-1783860300,https://polymarket.com/zh/event/btc-updown-5m-1783860300,20:45-20:50,97.00,4.00,96.00,3.00,921.95,357.90,357.90,921.95,96.50,3.50,1.00,1.00,15595.17,10630.66,10630.66,15580.17,96,3,3,96,,64012.00,,
2026-07-12T20:48:59+08:00,btc-updown-5m-1783860300,https://polymarket.com/zh/event/btc-updown-5m-1783860300,20:45-20:50,97.00,4.00,96.00,3.00,890.79,135.88,135.88,794.44,96.50,3.50,1.00,1.00,15665.17,10719.88,10618.15,15680.17,96,3,3,96,,64012.00,,
2026-07-12T20:49:01+08:00,btc-updown-5m-1783860300,https://polymarket.com/zh/event/btc-updown-5m-1783860300,20:45-20:50,97.00,4.00,96.00,3.00,481.88,299.11,299.11,78.76,96.50,3.50,1.00,1.00,16138.17,10298.59,9870.47,16148.17,96,3,3,96,,64012.00,,
2026-07-12T20:49:03+08:00,btc-updown-5m-1783860300,https://polymarket.com/zh/event/btc-updown-5m-1783860300,20:45-20:50,97.00,4.00,96.00,3.00,23.14,282.98,282.98,23.14,96.50,3.50,1.00,1.00,16138.18,9832.33,9832.33,16133.17,96,3,3,96,,64012.00,,
2026-07-12T20:49:05+08:00,btc-updown-5m-1783860300,https://polymarket.com/zh/event/btc-updown-5m-1783860300,20:45-20:50,98.00,3.00,97.00,2.00,688.85,100.48,123.51,678.85,97.50,2.50,1.00,1.00,16595.17,9828.66,9798.66,16700.18,97,2,2,97,,64012.00,,
2026-07-12T20:49:07+08:00,btc-updown-5m-1783860300,https://polymarket.com/zh/event/btc-updown-5m-1783860300,20:45-20:50,98.00,3.00,97.00,2.00,417.49,439.44,439.44,417.49,97.50,2.50,1.00,1.00,16615.18,9394.20,9394.20,16590.17,97,2,2,97,,64012.01,,
2026-07-12T20:49:09+08:00,btc-updown-5m-1783860300,https://polymarket.com/zh/event/btc-updown-5m-1783860300,20:45-20:50,99.00,2.00,98.00,1.00,9024.86,801.44,764.44,9111.81,98.50,1.50,1.00,1.00,16384.86,9024.86,9111.81,16045.86,98,1,1,98,,64016.67,,
2026-07-12T20:49:11+08:00,btc-updown-5m-1783860300,https://polymarket.com/zh/event/btc-updown-5m-1783860300,20:45-20:50,99.00,2.00,98.00,1.00,9389.34,822.22,822.22,9479.34,98.50,1.50,1.00,1.00,15825.86,9389.34,9479.34,15825.86,98,1,1,98,,64011.32,,
2026-07-12T20:49:13+08:00,btc-updown-5m-1783860300,https://polymarket.com/zh/event/btc-updown-5m-1783860300,20:45-20:50,99.00,2.00,98.00,1.00,8613.98,1134.22,1134.22,8612.96,98.50,1.50,1.00,1.00,15925.86,8613.98,8612.96,15830.87,98,1,1,98,,64011.32,,
2026-07-12T20:49:15+08:00,btc-updown-5m-1783860300,https://polymarket.com/zh/event/btc-updown-5m-1783860300,20:45-20:50,99.00,2.00,98.00,1.00,8117.42,1560.09,1537.22,7918.29,98.50,1.50,1.00,1.00,15835.86,8117.42,7918.29,15920.86,98,1,1,98,,64011.32,,
2026-07-12T20:49:17+08:00,btc-updown-5m-1783860300,https://polymarket.com/zh/event/btc-updown-5m-1783860300,20:45-20:50,99.00,2.00,98.00,1.00,7128.47,1400.06,1429.63,7128.47,98.50,1.50,1.00,1.00,15820.86,7128.47,7128.47,15820.86,98,1,1,98,,64011.32,,
2026-07-12T20:49:19+08:00,btc-updown-5m-1783860300,https://polymarket.com/zh/event/btc-updown-5m-1783860300,20:45-20:50,99.00,2.00,98.00,1.00,6854.73,1425.27,1410.06,6854.73,98.50,1.50,1.00,1.00,15840.87,6854.73,6854.73,16030.86,98,1,1,98,,64011.32,,
2026-07-12T20:49:21+08:00,btc-updown-5m-1783860300,https://polymarket.com/zh/event/btc-updown-5m-1783860300,20:45-20:50,99.00,2.00,98.00,1.00,1940.75,1291.06,1291.06,1873.75,98.50,1.50,1.00,1.00,15815.86,1940.75,1873.75,15795.17,98,1,1,98,,64011.32,,
2026-07-12T20:49:22+08:00,btc-updown-5m-1783860300,https://polymarket.com/zh/event/btc-updown-5m-1783860300,20:45-20:50,99.00,2.00,98.00,1.00,1698.03,1402.06,1402.06,1669.99,98.50,1.50,1.00,1.00,15795.17,1698.03,1669.99,15780.17,98,1,1,98,,64011.32,,
2026-07-12T20:49:24+08:00,btc-updown-5m-1783860300,https://polymarket.com/zh/event/btc-updown-5m-1783860300,20:45-20:50,99.00,2.00,98.00,1.00,1449.65,1588.49,1588.49,1449.65,98.50,1.50,1.00,1.00,15785.17,1449.65,1449.65,15845.17,98,1,1,98,,64011.32,,
2026-07-12T20:49:26+08:00,btc-updown-5m-1783860300,https://polymarket.com/zh/event/btc-updown-5m-1783860300,20:45-20:50,99.00,2.00,98.00,1.00,1301.61,1607.53,1607.53,1291.61,98.50,1.50,1.00,1.00,15373.17,1301.61,1291.61,15393.17,98,1,1,98,,64011.32,,
2026-07-12T20:49:28+08:00,btc-updown-5m-1783860300,https://polymarket.com/zh/event/btc-updown-5m-1783860300,20:45-20:50,99.00,2.00,98.00,1.00,1244.34,1508.82,1508.82,1213.09,98.50,1.50,1.00,1.00,15368.17,1244.34,1213.09,15373.17,98,1,1,98,,64011.32,,
2026-07-12T20:49:30+08:00,btc-updown-5m-1783860300,https://polymarket.com/zh/event/btc-updown-5m-1783860300,20:45-20:50,99.00,2.00,98.00,1.00,1641.43,1512.70,1512.70,741.43,98.50,1.50,1.00,1.00,15006.52,1641.43,741.43,14996.51,98,1,1,98,,64011.32,,
2026-07-12T20:49:32+08:00,btc-updown-5m-1783860300,https://polymarket.com/zh/event/btc-updown-5m-1783860300,20:45-20:50,,1.00,99.00,,,528.03,1150.51,,,,,,15484.52,,,15494.51,99,0,0,99,,64011.32,,
2026-07-12T20:49:35+08:00,btc-updown-5m-1783860300,https://polymarket.com/zh/event/btc-updown-5m-1783860300,20:45-20:50,99.00,2.00,98.00,1.00,2118.87,32.00,32.00,2118.87,98.50,1.50,1.00,1.00,15516.51,2118.87,2118.87,15506.51,98,1,1,98,,64011.32,,
2026-07-12T20:49:37+08:00,btc-updown-5m-1783860300,https://polymarket.com/zh/event/btc-updown-5m-1783860300,20:45-20:50,99.00,2.00,98.00,1.00,1729.92,32.00,32.00,1729.92,98.50,1.50,1.00,1.00,13927.52,1729.92,1729.92,13942.52,98,1,1,98,,64011.32,,
2026-07-12T20:49:38+08:00,btc-updown-5m-1783860300,https://polymarket.com/zh/event/btc-updown-5m-1783860300,20:45-20:50,83.00,24.00,82.00,22.00,538.37,34.30,7.00,102.00,82.50,23.00,1.00,2.00,13932.52,9230.68,9630.68,13927.53,82,17,22,76,,64002.12,,
2026-07-12T20:49:40+08:00,btc-updown-5m-1783860300,https://polymarket.com/zh/event/btc-updown-5m-1783860300,20:45-20:50,85.00,17.00,84.00,16.00,66.19,4.66,46.44,5.00,84.50,16.50,1.00,1.00,13947.52,11025.08,10823.09,13927.53,82,15,15,81,,63998.03,,
2026-07-12T20:49:42+08:00,btc-updown-5m-1783860300,https://polymarket.com/zh/event/btc-updown-5m-1783860300,20:45-20:50,97.00,7.00,92.00,6.00,193.91,20.00,15.00,219.97,94.50,6.50,5.00,1.00,13922.52,10289.00,10443.21,13922.53,91,3,6,93,,63998.03,,
2026-07-12T20:49:44+08:00,btc-updown-5m-1783860300,https://polymarket.com/zh/event/btc-updown-5m-1783860300,20:45-20:50,95.00,6.00,94.00,5.00,242.38,13.87,13.87,210.80,94.50,5.50,1.00,1.00,13987.52,8145.59,8114.01,13977.52,94,5,5,93,,63998.03,,
2026-07-12T20:49:46+08:00,btc-updown-5m-1783860300,https://polymarket.com/zh/event/btc-updown-5m-1783860300,20:45-20:50,95.00,7.00,94.00,6.00,88.91,20.00,12.67,5.00,94.50,6.50,1.00,1.00,13097.94,2716.52,2716.52,13082.93,77,5,6,77,,63998.03,,
2026-07-12T20:49:48+08:00,btc-updown-5m-1783860300,https://polymarket.com/zh/event/btc-updown-5m-1783860300,20:45-20:50,93.00,9.00,91.00,7.00,529.07,174.06,169.06,529.07,92.00,8.00,2.00,2.00,13082.93,2490.40,2520.80,13087.93,75,7,7,75,,63998.04,,
2026-07-12T20:49:50+08:00,btc-updown-5m-1783860300,https://polymarket.com/zh/event/btc-updown-5m-1783860300,20:45-20:50,93.00,9.00,91.00,7.00,317.09,30.00,30.00,304.80,92.00,8.00,2.00,2.00,13077.93,1008.90,1023.90,13087.94,74,6,7,74,,63998.03,,
2026-07-12T20:49:52+08:00,btc-updown-5m-1783860300,https://polymarket.com/zh/event/btc-updown-5m-1783860300,20:45-20:50,93.00,8.00,92.00,7.00,155.32,25.00,25.00,94.02,92.50,7.50,1.00,1.00,12885.93,1038.11,1038.11,12875.93,75,6,6,75,,63998.03,,
2026-07-12T20:49:54+08:00,btc-updown-5m-1783860300,https://polymarket.com/zh/event/btc-updown-5m-1783860300,20:45-20:50,,1.00,99.00,,,228.00,69.00,,,,,,12745.93,,,12760.93,77,0,0,79,,63998.04,,
2026-07-12T20:49:56+08:00,btc-updown-5m-1783860300,https://polymarket.com/zh/event/btc-updown-5m-1783860300,20:45-20:50,,1.00,99.00,,,1004.64,2004.64,,,,,,13583.93,,,13603.94,79,0,0,78,,63998.03,,
2026-07-12T20:49:58+08:00,btc-updown-5m-1783860300,https://polymarket.com/zh/event/btc-updown-5m-1783860300,20:45-20:50,,1.00,99.00,,,3142.35,2754.83,,,,,,13045.93,,,13050.93,83,0,0,83,,63994.01,,
2026-07-12T20:50:00+08:00,btc-updown-5m-1783860600,https://polymarket.com/zh/event/btc-updown-5m-1783860600,20:50-20:55,50.00,51.00,49.00,50.00,496.32,13.93,40.50,496.32,49.50,50.50,1.00,1.00,29782.18,29314.59,29314.59,29767.18,48,47,47,48,63994.01,63994.01,,
2026-07-12T20:50:02+08:00,btc-updown-5m-1783860600,https://polymarket.com/zh/event/btc-updown-5m-1783860600,20:50-20:55,50.00,51.00,49.00,50.00,131.25,84.86,245.00,105.96,49.50,50.50,1.00,1.00,19960.77,19573.18,19593.19,19945.77,49,50,50,49,63994.01,63994.01,,
2026-07-12T20:50:04+08:00,btc-updown-5m-1783860600,https://polymarket.com/zh/event/btc-updown-5m-1783860600,20:50-20:55,50.00,51.00,49.00,50.00,145.23,104.66,104.66,155.23,49.50,50.50,1.00,1.00,19891.77,19714.18,19634.19,19781.77,49,50,50,49,63994.01,63994.02,,
2026-07-12T20:50:06+08:00,btc-updown-5m-1783860600,https://polymarket.com/zh/event/btc-updown-5m-1783860600,20:50-20:55,49.00,52.00,48.00,51.00,224.89,66.01,66.01,184.44,48.50,51.50,1.00,1.00,20265.77,19983.18,19998.18,20250.77,48,51,51,48,63994.01,63994.01,,
2026-07-12T20:50:08+08:00,btc-updown-5m-1783860600,https://polymarket.com/zh/event/btc-updown-5m-1783860600,20:50-20:55,48.00,53.00,47.00,52.00,124.03,102.00,102.00,108.92,47.50,52.50,1.00,1.00,20275.77,17993.19,17978.18,20260.77,47,52,52,47,63994.01,63994.02,,
2026-07-12T20:50:10+08:00,btc-updown-5m-1783860600,https://polymarket.com/zh/event/btc-updown-5m-1783860600,20:50-20:55,49.00,52.00,48.00,51.00,152.99,24.75,24.75,150.94,48.50,51.50,1.00,1.00,18319.47,18383.88,18393.89,18309.47,48,51,51,48,63994.01,63994.02,,
2026-07-12T20:50:12+08:00,btc-updown-5m-1783860600,https://polymarket.com/zh/event/btc-updown-5m-1783860600,20:50-20:55,46.00,55.00,45.00,54.00,132.00,120.46,144.57,170.00,45.50,54.50,1.00,1.00,18314.47,18600.88,18686.88,18304.47,45,54,54,45,63994.01,63994.01,,
2026-07-12T20:50:14+08:00,btc-updown-5m-1783860600,https://polymarket.com/zh/event/btc-updown-5m-1783860600,20:50-20:55,45.00,56.00,44.00,55.00,87.00,99.37,118.37,102.00,44.50,55.50,1.00,1.00,18632.57,19443.48,19649.48,18750.07,44,55,55,44,63994.01,63994.02,,
2026-07-12T20:50:16+08:00,btc-updown-5m-1783860600,https://polymarket.com/zh/event/btc-updown-5m-1783860600,20:50-20:55,41.00,60.00,40.00,59.00,38.65,155.55,258.28,118.73,40.50,59.50,1.00,1.00,18993.47,19958.89,19948.88,18988.47,40,59,59,40,63994.01,63994.01,,
2026-07-12T20:50:18+08:00,btc-updown-5m-1783860600,https://polymarket.com/zh/event/btc-updown-5m-1783860600,20:50-20:55,36.00,65.00,35.00,64.00,82.22,149.01,191.53,94.22,35.50,64.50,1.00,1.00,18919.99,20042.88,19962.88,18934.99,35,64,64,35,63994.01,63991.20,,
2026-07-12T20:50:20+08:00,btc-updown-5m-1783860600,https://polymarket.com/zh/event/btc-updown-5m-1783860600,20:50-20:55,36.00,65.00,35.00,64.00,478.99,89.21,90.75,475.51,35.50,64.50,1.00,1.00,19009.99,20659.13,20649.13,18994.99,35,64,64,35,63994.01,63991.20,,
2026-07-12T20:50:22+08:00,btc-updown-5m-1783860600,https://polymarket.com/zh/event/btc-updown-5m-1783860600,20:50-20:55,39.00,62.00,38.00,61.00,32.00,174.32,152.32,39.00,38.50,61.50,1.00,1.00,21981.53,20884.43,20889.43,22090.83,38,61,61,38,63994.01,63991.20,,
2026-07-12T20:50:24+08:00,btc-updown-5m-1783860600,https://polymarket.com/zh/event/btc-updown-5m-1783860600,20:50-20:55,39.00,62.00,38.00,61.00,83.43,98.47,98.47,56.43,38.50,61.50,1.00,1.00,22552.43,21233.82,21243.82,22552.43,38,61,61,38,63994.01,63991.20,,
2026-07-12T20:50:26+08:00,btc-updown-5m-1783860600,https://polymarket.com/zh/event/btc-updown-5m-1783860600,20:50-20:55,29.00,71.00,28.00,70.00,17.97,118.43,408.22,119.66,28.50,70.50,1.00,1.00,23586.43,20788.52,20883.52,23576.43,28,71,70,29,63994.01,63983.92,,
2026-07-12T20:50:28+08:00,btc-updown-5m-1783860600,https://polymarket.com/zh/event/btc-updown-5m-1783860600,20:50-20:55,23.00,78.00,22.00,77.00,22.97,228.38,3.58,162.15,22.50,77.50,1.00,1.00,25071.43,20297.52,20292.53,25096.43,22,74,77,22,63994.01,63979.97,,
2026-07-12T20:50:30+08:00,btc-updown-5m-1783860600,https://polymarket.com/zh/event/btc-updown-5m-1783860600,20:50-20:55,22.00,79.00,21.00,78.00,41.11,316.36,321.36,13.65,21.50,78.50,1.00,1.00,24775.43,20430.53,20430.53,24775.43,21,78,78,21,63994.01,63973.00,,
2026-07-12T20:50:32+08:00,btc-updown-5m-1783860600,https://polymarket.com/zh/event/btc-updown-5m-1783860600,20:50-20:55,18.00,83.00,17.00,82.00,69.70,73.67,74.93,79.57,17.50,82.50,1.00,1.00,23754.85,19577.52,19577.52,23759.85,17,82,82,17,63994.01,63973.01,,
2026-07-12T20:50:34+08:00,btc-updown-5m-1783860600,https://polymarket.com/zh/event/btc-updown-5m-1783860600,20:50-20:55,19.00,82.00,18.00,81.00,24.03,199.01,199.01,24.03,18.50,81.50,1.00,1.00,23699.85,19942.52,19847.53,23704.85,18,81,81,18,63994.01,63973.01,,
2026-07-12T20:50:36+08:00,btc-updown-5m-1783860600,https://polymarket.com/zh/event/btc-updown-5m-1783860600,20:50-20:55,20.00,83.00,19.00,82.00,208.75,26.18,15.00,5.52,19.50,82.50,1.00,1.00,23714.85,19852.52,19832.52,23719.85,19,80,82,17,63994.01,63973.00,,
2026-07-12T20:50:38+08:00,btc-updown-5m-1783860600,https://polymarket.com/zh/event/btc-updown-5m-1783860600,20:50-20:55,16.00,85.00,15.00,84.00,26.17,503.43,549.83,76.17,15.50,84.50,1.00,1.00,23136.85,19967.52,19857.53,23141.85,15,84,84,15,63994.01,63973.00,,
2026-07-12T20:50:40+08:00,btc-updown-5m-1783860600,https://polymarket.com/zh/event/btc-updown-5m-1783860600,20:50-20:55,15.00,86.00,14.00,85.00,97.20,150.79,146.66,77.20,14.50,85.50,1.00,1.00,21504.85,19852.52,19857.53,21509.85,14,85,85,14,63994.01,63969.36,,
2026-07-12T20:50:42+08:00,btc-updown-5m-1783860600,https://polymarket.com/zh/event/btc-updown-5m-1783860600,20:50-20:55,15.00,86.00,14.00,85.00,32.29,151.27,108.00,35.80,14.50,85.50,1.00,1.00,21051.85,19867.52,19872.52,21056.85,14,85,85,14,63994.01,63969.36,,
2026-07-12T20:50:44+08:00,btc-updown-5m-1783860600,https://polymarket.com/zh/event/btc-updown-5m-1783860600,20:50-20:55,15.00,85.00,14.00,84.00,27.71,107.94,186.07,54.29,14.50,84.50,1.00,1.00,20586.85,19877.53,19852.52,19636.85,14,85,84,15,63994.01,63969.36,,
2026-07-12T20:50:46+08:00,btc-updown-5m-1783860600,https://polymarket.com/zh/event/btc-updown-5m-1783860600,20:50-20:55,12.00,89.00,11.00,88.00,892.91,9.81,36.22,765.50,11.50,88.50,1.00,1.00,19751.38,19867.53,19872.52,19860.38,11,88,88,11,63994.01,63957.28,,
2026-07-12T20:50:48+08:00,btc-updown-5m-1783860600,https://polymarket.com/zh/event/btc-updown-5m-1783860600,20:50-20:55,9.00,92.00,8.00,91.00,64.44,603.00,628.00,64.44,8.50,91.50,1.00,1.00,19140.34,19857.52,19872.52,19140.34,8,91,91,8,63994.01,63954.80,,
2026-07-12T20:50:50+08:00,btc-updown-5m-1783860600,https://polymarket.com/zh/event/btc-updown-5m-1783860600,20:50-20:55,10.00,91.00,9.00,90.00,130.77,186.25,187.35,140.77,9.50,90.50,1.00,1.00,19957.80,19867.53,19862.52,19937.80,9,90,90,9,63994.01,63954.80,,
2026-07-12T20:50:52+08:00,btc-updown-5m-1783860600,https://polymarket.com/zh/event/btc-updown-5m-1783860600,20:50-20:55,10.00,90.00,9.00,89.00,54.32,35.00,186.85,701.56,9.50,89.50,1.00,1.00,19476.77,19697.52,19602.52,19481.01,9,90,89,10,63994.01,63954.80,,
2026-07-12T20:50:54+08:00,btc-updown-5m-1783860600,https://polymarket.com/zh/event/btc-updown-5m-1783860600,20:50-20:55,11.00,90.00,10.00,89.00,759.85,57.84,57.84,673.94,10.50,89.50,1.00,1.00,19844.23,19617.52,19592.52,19853.36,10,89,89,10,63994.01,63954.80,,
2026-07-12T20:50:56+08:00,btc-updown-5m-1783860600,https://polymarket.com/zh/event/btc-updown-5m-1783860600,20:50-20:55,10.00,91.00,9.00,90.00,134.22,123.31,107.44,128.72,9.50,90.50,1.00,1.00,19321.36,19592.52,19582.52,19326.36,9,90,90,9,63994.01,63954.80,,
2026-07-12T20:50:58+08:00,btc-updown-5m-1783860600,https://polymarket.com/zh/event/btc-updown-5m-1783860600,20:50-20:55,10.00,91.00,9.00,90.00,247.83,39.94,60.00,247.83,9.50,90.50,1.00,1.00,19329.36,19592.52,19592.53,19304.36,9,90,90,9,63994.01,63954.80,,
2026-07-12T20:51:00+08:00,btc-updown-5m-1783860600,https://polymarket.com/zh/event/btc-updown-5m-1783860600,20:50-20:55,11.00,91.00,10.00,90.00,265.28,30.00,15.00,93.66,10.50,90.50,1.00,1.00,19434.32,27887.52,27802.53,19467.75,10,89,90,9,63994.01,63954.80,,
2026-07-12T20:51:02+08:00,btc-updown-5m-1783860600,https://polymarket.com/zh/event/btc-updown-5m-1783860600,20:50-20:55,10.00,91.00,9.00,90.00,94.87,127.43,148.90,94.87,9.50,90.50,1.00,1.00,19185.32,27574.52,27579.52,19185.32,9,90,90,9,63994.01,63954.80,,
2026-07-12T20:51:04+08:00,btc-updown-5m-1783860600,https://polymarket.com/zh/event/btc-updown-5m-1783860600,20:50-20:55,10.00,91.00,9.00,90.00,170.64,83.40,83.40,172.23,9.50,90.50,1.00,1.00,19236.05,27519.52,27534.52,19212.32,9,90,90,9,63994.01,63954.80,,
2026-07-12T20:51:06+08:00,btc-updown-5m-1783860600,https://polymarket.com/zh/event/btc-updown-5m-1783860600,20:50-20:55,15.00,86.00,14.00,85.00,107.84,155.92,70.00,314.15,14.50,85.50,1.00,1.00,18613.54,27529.52,27539.52,18798.50,14,85,85,14,63994.01,63954.80,,
2026-07-12T20:51:08+08:00,btc-updown-5m-1783860600,https://polymarket.com/zh/event/btc-updown-5m-1783860600,20:50-20:55,15.00,86.00,14.00,85.00,688.27,182.46,187.46,681.10,14.50,85.50,1.00,1.00,18872.11,27524.52,27529.52,18972.11,14,85,85,14,63994.01,63962.12,,
2026-07-12T20:51:10+08:00,btc-updown-5m-1783860600,https://polymarket.com/zh/event/btc-updown-5m-1783860600,20:50-20:55,15.00,86.00,14.00,85.00,744.03,58.99,58.99,744.03,14.50,85.50,1.00,1.00,18899.11,27529.52,27524.52,18899.11,14,85,85,14,63994.01,63962.51,,
2026-07-12T20:51:12+08:00,btc-updown-5m-1783860600,https://polymarket.com/zh/event/btc-updown-5m-1783860600,20:50-20:55,13.00,88.00,12.00,87.00,30.00,395.00,400.00,30.00,12.50,87.50,1.00,1.00,18660.15,27529.52,27529.52,18655.15,12,86,86,12,63994.01,63962.52,,
2026-07-12T20:51:14+08:00,btc-updown-5m-1783860600,https://polymarket.com/zh/event/btc-updown-5m-1783860600,20:50-20:55,12.00,89.00,11.00,88.00,89.00,5.00,383.75,169.43,11.50,88.50,1.00,1.00,18328.60,27524.52,27529.52,18348.60,11,88,88,11,63994.01,63959.32,,
2026-07-12T20:51:16+08:00,btc-updown-5m-1783860600,https://polymarket.com/zh/event/btc-updown-5m-1783860600,20:50-20:55,10.00,91.00,9.00,90.00,483.93,28.00,28.00,489.33,9.50,90.50,1.00,1.00,18468.56,27539.52,27644.52,18468.56,9,90,90,9,63994.01,63959.32,,
2026-07-12T20:51:18+08:00,btc-updown-5m-1783860600,https://polymarket.com/zh/event/btc-updown-5m-1783860600,20:50-20:55,9.00,92.00,8.00,91.00,38.95,287.43,226.30,15.00,8.50,91.50,1.00,1.00,18397.88,27554.53,27534.52,18418.13,8,91,91,8,63994.01,63959.32,,
2026-07-12T20:51:20+08:00,btc-updown-5m-1783860600,https://polymarket.com/zh/event/btc-updown-5m-1783860600,20:50-20:55,11.00,90.00,10.00,89.00,137.85,4.98,20.00,137.85,10.50,89.50,1.00,1.00,18378.62,27544.53,27519.52,18373.62,10,89,89,10,63994.01,63959.32,,
2026-07-12T20:51:22+08:00,btc-updown-5m-1783860600,https://polymarket.com/zh/event/btc-updown-5m-1783860600,20:50-20:55,10.00,92.00,9.00,91.00,520.63,157.78,5.00,5.00,9.50,91.50,1.00,1.00,18378.62,27534.53,27524.52,18403.87,9,90,91,8,63994.01,63959.32,,
2026-07-12T20:51:24+08:00,btc-updown-5m-1783860600,https://polymarket.com/zh/event/btc-updown-5m-1783860600,20:50-20:55,10.00,91.00,9.00,90.00,5.00,147.90,30.00,11.70,9.50,90.50,1.00,1.00,18403.87,27539.52,27519.52,18378.62,9,90,90,9,63994.01,63959.32,,
2026-07-12T20:51:26+08:00,btc-updown-5m-1783860600,https://polymarket.com/zh/event/btc-updown-5m-1783860600,20:50-20:55,12.00,91.00,11.00,90.00,664.39,61.15,5.00,445.37,11.50,90.50,1.00,1.00,18310.91,27544.53,27609.52,18390.62,11,88,90,9,63994.01,63959.32,,
2026-07-12T20:51:28+08:00,btc-updown-5m-1783860600,https://polymarket.com/zh/event/btc-updown-5m-1783860600,20:50-20:55,8.00,93.00,7.00,92.00,101.48,107.03,83.11,95.05,7.50,92.50,1.00,1.00,18414.99,26049.52,26029.52,18404.99,7,92,92,7,63994.01,63959.32,,
2026-07-12T20:51:30+08:00,btc-updown-5m-1783860600,https://polymarket.com/zh/event/btc-updown-5m-1783860600,20:50-20:55,8.00,93.00,7.00,92.00,23.26,164.35,164.35,23.26,7.50,92.50,1.00,1.00,18461.12,26077.05,26057.05,18437.06,7,92,92,7,63994.01,63959.32,,
2026-07-12T20:51:32+08:00,btc-updown-5m-1783860600,https://polymarket.com/zh/event/btc-updown-5m-1783860600,20:50-20:55,8.00,93.00,7.00,92.00,19.08,411.79,406.79,19.08,7.50,92.50,1.00,1.00,17689.12,25439.05,25339.06,17689.12,7,92,92,7,63994.01,63959.32,,
2026-07-12T20:51:34+08:00,btc-updown-5m-1783860600,https://polymarket.com/zh/event/btc-updown-5m-1783860600,20:50-20:55,9.00,92.00,8.00,91.00,112.41,571.44,427.34,94.51,8.50,91.50,1.00,1.00,17587.04,25324.06,25339.05,17680.04,8,91,91,8,63994.01,63959.32,,
2026-07-12T20:51:36+08:00,btc-updown-5m-1783860600,https://polymarket.com/zh/event/btc-updown-5m-1783860600,20:50-20:55,8.00,93.00,7.00,92.00,35.00,20.00,25.00,147.21,7.50,92.50,1.00,1.00,17722.18,25314.05,25314.05,17770.10,7,92,92,7,63994.01,63958.50,,
2026-07-12T20:51:38+08:00,btc-updown-5m-1783860600,https://polymarket.com/zh/event/btc-updown-5m-1783860600,20:50-20:55,9.00,92.00,8.00,91.00,361.54,39.00,39.00,361.54,8.50,91.50,1.00,1.00,17702.91,25324.05,25319.05,17668.91,8,91,91,8,63994.01,63957.85,,
2026-07-12T20:51:40+08:00,btc-updown-5m-1783860600,https://polymarket.com/zh/event/btc-updown-5m-1783860600,20:50-20:55,9.00,92.00,8.00,91.00,82.44,65.53,101.62,74.40,8.50,91.50,1.00,1.00,17600.34,25329.05,25339.05,17605.34,8,91,91,8,63994.01,63957.85,,
2026-07-12T20:51:42+08:00,btc-updown-5m-1783860600,https://polymarket.com/zh/event/btc-updown-5m-1783860600,20:50-20:55,10.00,92.00,9.00,91.00,432.14,29.30,24.00,220.00,9.50,91.50,1.00,1.00,17429.34,25344.05,25239.06,17434.34,9,90,91,8,63994.01,63957.85,,
2026-07-12T20:51:44+08:00,btc-updown-5m-1783860600,https://polymarket.com/zh/event/btc-updown-5m-1783860600,20:50-20:55,8.00,93.00,7.00,92.00,20.00,146.24,146.24,25.00,7.50,92.50,1.00,1.00,17414.88,25229.05,25239.06,17414.88,7,92,92,7,63994.01,63957.85,,
2026-07-12T20:51:46+08:00,btc-updown-5m-1783860600,https://polymarket.com/zh/event/btc-updown-5m-1783860600,20:50-20:55,8.00,93.00,7.00,92.00,83.80,14.42,34.42,46.30,7.50,92.50,1.00,1.00,17426.22,25244.05,25219.05,17451.22,7,92,92,7,63994.01,63957.85,,
2026-07-12T20:51:48+08:00,btc-updown-5m-1783860600,https://polymarket.com/zh/event/btc-updown-5m-1783860600,20:50-20:55,6.00,95.00,5.00,94.00,205.09,5.00,70.29,403.57,5.50,94.50,1.00,1.00,17096.67,25114.05,25209.05,16973.68,5,94,94,5,63994.01,63957.86,,
2026-07-12T20:51:50+08:00,btc-updown-5m-1783860600,https://polymarket.com/zh/event/btc-updown-5m-1783860600,20:50-20:55,7.00,94.00,6.00,93.00,253.80,75.00,50.00,253.80,6.50,93.50,1.00,1.00,17384.66,25169.05,25169.05,18204.66,6,93,93,6,63994.01,63957.85,,
2026-07-12T20:51:52+08:00,btc-updown-5m-1783860600,https://polymarket.com/zh/event/btc-updown-5m-1783860600,20:50-20:55,7.00,94.00,6.00,93.00,20.00,142.48,143.55,15.00,6.50,93.50,1.00,1.00,18111.62,26074.05,25999.05,18111.62,6,93,93,6,63994.01,63957.85,,
2026-07-12T20:51:54+08:00,btc-updown-5m-1783860600,https://polymarket.com/zh/event/btc-updown-5m-1783860600,20:50-20:55,7.00,94.00,6.00,93.00,25.00,136.49,136.49,25.00,6.50,93.50,1.00,1.00,17190.19,25964.05,26074.05,17195.19,6,93,93,6,63994.01,63957.85,,
2026-07-12T20:51:56+08:00,btc-updown-5m-1783860600,https://polymarket.com/zh/event/btc-updown-5m-1783860600,20:50-20:55,7.00,94.00,6.00,93.00,157.77,108.69,143.69,210.89,6.50,93.50,1.00,1.00,17075.90,25194.05,25189.05,16970.94,6,93,93,6,63994.01,63957.86,,
2026-07-12T20:51:58+08:00,btc-updown-5m-1783860600,https://polymarket.com/zh/event/btc-updown-5m-1783860600,20:50-20:55,6.00,95.00,5.00,94.00,47.00,64.71,90.05,184.23,5.50,94.50,1.00,1.00,16991.60,25184.05,25214.06,16986.26,5,94,94,5,63994.01,63957.85,,
2026-07-12T20:52:00+08:00,btc-updown-5m-1783860600,https://polymarket.com/zh/event/btc-updown-5m-1783860600,20:50-20:55,5.00,96.00,4.00,95.00,226.01,199.53,295.53,226.01,4.50,95.50,1.00,1.00,15963.32,25041.05,25116.05,15867.32,4,95,95,4,63994.01,63957.85,,
2026-07-12T20:52:02+08:00,btc-updown-5m-1783860600,https://polymarket.com/zh/event/btc-updown-5m-1783860600,20:50-20:55,5.00,96.00,4.00,95.00,340.66,225.41,225.41,340.66,4.50,95.50,1.00,1.00,15873.20,25006.05,25111.06,15961.20,4,95,95,4,63994.01,63957.85,,
2026-07-12T20:52:04+08:00,btc-updown-5m-1783860600,https://polymarket.com/zh/event/btc-updown-5m-1783860600,20:50-20:55,5.00,96.00,4.00,95.00,301.82,14.68,14.68,286.82,4.50,95.50,1.00,1.00,15711.97,24975.85,25050.85,15711.97,4,95,95,4,63994.01,63957.85,,
2026-07-12T20:52:06+08:00,btc-updown-5m-1783860600,https://polymarket.com/zh/event/btc-updown-5m-1783860600,20:50-20:55,5.00,96.00,4.00,95.00,377.12,6.09,6.09,350.50,4.50,95.50,1.00,1.00,15678.38,24985.85,24975.85,15678.38,4,95,95,4,63994.01,63957.85,,
2026-07-12T20:52:08+08:00,btc-updown-5m-1783860600,https://polymarket.com/zh/event/btc-updown-5m-1783860600,20:50-20:55,4.00,97.00,3.00,96.00,309.73,1092.63,1092.63,303.44,3.50,96.50,1.00,1.00,15751.30,24940.85,24925.86,15751.30,3,96,96,3,63994.01,63957.85,,
2026-07-12T20:52:10+08:00,btc-updown-5m-1783860600,https://polymarket.com/zh/event/btc-updown-5m-1783860600,20:50-20:55,4.00,97.00,3.00,96.00,286.06,909.81,914.81,286.06,3.50,96.50,1.00,1.00,15453.33,24915.85,24925.85,15475.64,3,96,96,3,63994.01,63954.80,,
2026-07-12T20:52:12+08:00,btc-updown-5m-1783860600,https://polymarket.com/zh/event/btc-updown-5m-1783860600,20:50-20:55,4.00,98.00,3.00,97.00,325.12,2315.67,883.83,163.15,3.50,97.50,1.00,1.00,15455.14,24905.85,24900.85,14504.90,3,96,97,2,63994.01,63954.80,,
2026-07-12T20:52:14+08:00,btc-updown-5m-1783860600,https://polymarket.com/zh/event/btc-updown-5m-1783860600,20:50-20:55,3.00,98.00,2.00,97.00,40.54,2237.06,2248.06,40.54,2.50,97.50,1.00,1.00,14471.29,24820.86,24815.85,14455.29,2,97,97,2,63994.01,63954.81,,
2026-07-12T20:52:16+08:00,btc-updown-5m-1783860600,https://polymarket.com/zh/event/btc-updown-5m-1783860600,20:50-20:55,4.00,97.00,3.00,96.00,847.26,195.50,195.50,872.37,3.50,96.50,1.00,1.00,14406.28,24900.85,24810.85,14386.28,3,96,96,3,63994.01,63954.80,,
2026-07-12T20:52:18+08:00,btc-updown-5m-1783860600,https://polymarket.com/zh/event/btc-updown-5m-1783860600,20:50-20:55,3.00,98.00,2.00,97.00,50.99,2049.17,1916.48,45.99,2.50,97.50,1.00,1.00,13648.77,24815.85,24735.86,13781.46,2,97,97,2,63994.01,63954.80,,
2026-07-12T20:52:20+08:00,btc-updown-5m-1783860600,https://polymarket.com/zh/event/btc-updown-5m-1783860600,20:50-20:55,4.00,97.00,3.00,96.00,822.66,113.76,113.76,849.55,3.50,96.50,1.00,1.00,13709.39,24815.85,24825.85,13709.39,3,96,96,3,63994.01,63954.80,,
2026-07-12T20:52:22+08:00,btc-updown-5m-1783860600,https://polymarket.com/zh/event/btc-updown-5m-1783860600,20:50-20:55,4.00,97.00,3.00,96.00,496.53,308.27,243.49,509.35,3.50,96.50,1.00,1.00,13215.00,24805.85,24805.85,13279.78,3,96,96,3,63994.01,63954.80,,
2026-07-12T20:52:24+08:00,btc-updown-5m-1783860600,https://polymarket.com/zh/event/btc-updown-5m-1783860600,20:50-20:55,4.00,97.00,3.00,96.00,382.21,115.00,115.00,423.37,3.50,96.50,1.00,1.00,12905.97,24805.85,24800.85,13240.07,3,96,96,3,63994.01,63954.80,,
2026-07-12T20:52:26+08:00,btc-updown-5m-1783860600,https://polymarket.com/zh/event/btc-updown-5m-1783860600,20:50-20:55,3.00,98.00,2.00,97.00,627.50,1173.06,1173.06,627.50,2.50,97.50,1.00,1.00,12999.10,24800.85,24905.85,13004.10,2,97,97,2,63994.01,63951.61,,
2026-07-12T20:52:28+08:00,btc-updown-5m-1783860600,https://polymarket.com/zh/event/btc-updown-5m-1783860600,20:50-20:55,3.00,98.00,2.00,97.00,522.79,1482.03,1482.03,557.79,2.50,97.50,1.00,1.00,13303.07,24805.85,24815.86,13308.07,2,97,97,2,63994.01,63951.60,,
2026-07-12T20:52:30+08:00,btc-updown-5m-1783860600,https://polymarket.com/zh/event/btc-updown-5m-1783860600,20:50-20:55,3.00,98.00,2.00,97.00,559.74,1459.76,1463.85,559.74,2.50,97.50,1.00,1.00,13397.85,24795.85,24790.85,13293.26,2,97,97,2,63994.01,63951.60,,
2026-07-12T20:52:32+08:00,btc-updown-5m-1783860600,https://polymarket.com/zh/event/btc-updown-5m-1783860600,20:50-20:55,3.00,98.00,2.00,97.00,716.64,1142.69,1132.69,670.74,2.50,97.50,1.00,1.00,12765.16,24520.35,24515.35,12780.16,2,97,97,2,63994.01,63951.60,,
2026-07-12T20:52:34+08:00,btc-updown-5m-1783860600,https://polymarket.com/zh/event/btc-updown-5m-1783860600,20:50-20:55,3.00,98.00,2.00,97.00,978.52,810.82,810.82,978.52,2.50,97.50,1.00,1.00,12342.29,24380.35,24350.35,12347.29,2,97,97,2,63994.01,63951.60,,
2026-07-12T20:52:36+08:00,btc-updown-5m-1783860600,https://polymarket.com/zh/event/btc-updown-5m-1783860600,20:50-20:55,3.00,97.00,2.00,96.00,982.77,1985.50,812.16,509.79,2.50,96.50,1.00,1.00,12343.63,24360.35,24355.35,14300.83,2,97,96,3,63994.01,63951.60,,
2026-07-12T20:52:38+08:00,btc-updown-5m-1783860600,https://polymarket.com/zh/event/btc-updown-5m-1783860600,20:50-20:55,5.00,96.00,4.00,95.00,15.00,282.29,15.00,138.52,4.50,95.50,1.00,1.00,14338.63,24365.36,24350.35,14601.90,4,95,94,4,63994.01,63951.61,,
2026-07-12T20:52:40+08:00,btc-updown-5m-1783860600,https://polymarket.com/zh/event/btc-updown-5m-1783860600,20:50-20:55,5.00,96.00,4.00,95.00,384.47,82.53,83.65,389.47,4.50,95.50,1.00,1.00,14770.18,24281.15,24271.15,14774.06,4,95,95,4,63994.01,63951.60,,
2026-07-12T20:52:42+08:00,btc-updown-5m-1783860600,https://polymarket.com/zh/event/btc-updown-5m-1783860600,20:50-20:55,4.00,97.00,3.00,96.00,72.89,2308.22,2308.22,72.89,3.50,96.50,1.00,1.00,15247.55,24186.15,24281.16,15252.55,3,96,96,3,63994.01,63951.60,,
2026-07-12T20:52:44+08:00,btc-updown-5m-1783860600,https://polymarket.com/zh/event/btc-updown-5m-1783860600,20:50-20:55,4.00,97.00,3.00,96.00,160.27,1820.12,1820.12,193.75,3.50,96.50,1.00,1.00,14756.45,24286.15,24276.15,14761.45,3,96,96,3,63994.01,63951.60,,
2026-07-12T20:52:46+08:00,btc-updown-5m-1783860600,https://polymarket.com/zh/event/btc-updown-5m-1783860600,20:50-20:55,4.00,97.00,3.00,96.00,201.00,1703.81,1703.81,201.00,3.50,96.50,1.00,1.00,16839.13,24481.15,24481.15,16844.13,3,96,96,3,63994.01,63951.60,,
2026-07-12T20:52:48+08:00,btc-updown-5m-1783860600,https://polymarket.com/zh/event/btc-updown-5m-1783860600,20:50-20:55,4.00,97.00,3.00,96.00,103.97,1461.97,1485.95,103.97,3.50,96.50,1.00,1.00,16591.27,24350.35,24605.35,16568.29,3,96,96,3,63994.01,63951.60,,
2026-07-12T20:52:50+08:00,btc-updown-5m-1783860600,https://polymarket.com/zh/event/btc-updown-5m-1783860600,20:50-20:55,4.00,97.00,3.00,96.00,46.30,1482.02,1487.02,46.30,3.50,96.50,1.00,1.00,16578.34,24805.35,24795.35,16588.34,3,96,96,3,63994.01,63951.60,,
2026-07-12T20:52:52+08:00,btc-updown-5m-1783860600,https://polymarket.com/zh/event/btc-updown-5m-1783860600,20:50-20:55,4.00,97.00,3.00,96.00,46.30,1468.51,1478.82,79.78,3.50,96.50,1.00,1.00,16391.37,24365.35,24245.35,16376.06,3,96,96,3,63994.01,63951.60,,
2026-07-12T20:52:54+08:00,btc-updown-5m-1783860600,https://polymarket.com/zh/event/btc-updown-5m-1783860600,20:50-20:55,4.00,97.00,3.00,96.00,83.15,1441.54,1442.58,83.15,3.50,96.50,1.00,1.00,16352.13,24797.35,24822.36,16351.09,3,96,96,3,63994.01,63951.60,,
2026-07-12T20:52:56+08:00,btc-updown-5m-1783860600,https://polymarket.com/zh/event/btc-updown-5m-1783860600,20:50-20:55,4.00,97.00,3.00,96.00,79.73,1263.94,1263.94,112.94,3.50,96.50,1.00,1.00,16168.49,24733.15,24733.15,16168.49,3,96,96,3,63994.01,63952.59,,
2026-07-12T20:52:58+08:00,btc-updown-5m-1783860600,https://polymarket.com/zh/event/btc-updown-5m-1783860600,20:50-20:55,4.00,97.00,3.00,96.00,135.10,1101.28,1101.28,135.10,3.50,96.50,1.00,1.00,16055.84,24812.35,24822.35,16055.84,3,96,96,3,63994.01,63952.59,,
2026-07-12T20:53:00+08:00,btc-updown-5m-1783860600,https://polymarket.com/zh/event/btc-updown-5m-1783860600,20:50-20:55,4.00,97.00,3.00,96.00,324.63,1084.76,1098.17,357.39,3.50,96.50,1.00,1.00,16188.73,25112.35,24912.35,16175.32,3,96,96,3,63994.01,63952.59,,
2026-07-12T20:53:02+08:00,btc-updown-5m-1783860600,https://polymarket.com/zh/event/btc-updown-5m-1783860600,20:50-20:55,4.00,97.00,3.00,96.00,371.90,955.91,955.91,371.90,3.50,96.50,1.00,1.00,15811.47,24612.35,24512.35,15806.47,3,96,96,3,63994.01,63952.60,,
2026-07-12T20:53:04+08:00,btc-updown-5m-1783860600,https://polymarket.com/zh/event/btc-updown-5m-1783860600,20:50-20:55,4.00,97.00,3.00,96.00,377.59,953.97,959.13,414.59,3.50,96.50,1.00,1.00,15761.69,24627.35,24692.35,15801.53,3,96,96,3,63994.01,63952.59,,
2026-07-12T20:53:06+08:00,btc-updown-5m-1783860600,https://polymarket.com/zh/event/btc-updown-5m-1783860600,20:50-20:55,5.00,96.00,4.00,95.00,279.15,1818.07,1823.28,289.15,4.50,95.50,1.00,1.00,17402.18,24582.35,24697.36,17396.97,4,95,95,4,63994.01,63952.59,,
2026-07-12T20:53:08+08:00,btc-updown-5m-1783860600,https://polymarket.com/zh/event/btc-updown-5m-1783860600,20:50-20:55,5.00,96.00,4.00,95.00,371.59,1662.96,1809.25,410.10,4.50,95.50,1.00,1.00,17474.20,24487.36,24582.35,17293.91,4,95,95,4,63994.01,63952.59,,
2026-07-12T20:53:10+08:00,btc-updown-5m-1783860600,https://polymarket.com/zh/event/btc-updown-5m-1783860600,20:50-20:55,5.00,96.00,4.00,95.00,405.99,1378.01,1448.01,405.99,4.50,95.50,1.00,1.00,16544.96,24687.35,24572.35,16474.96,4,95,95,4,63994.01,63952.60,,
2026-07-12T20:53:12+08:00,btc-updown-5m-1783860600,https://polymarket.com/zh/event/btc-updown-5m-1783860600,20:50-20:55,5.00,96.00,4.00,95.00,512.07,1168.70,1178.70,512.07,4.50,95.50,1.00,1.00,16013.05,24692.35,24577.35,16003.05,4,95,95,4,63994.01,63953.58,,
2026-07-12T20:53:14+08:00,btc-updown-5m-1783860600,https://polymarket.com/zh/event/btc-updown-5m-1783860600,20:50-20:55,5.00,96.00,4.00,95.00,512.07,1137.45,1137.45,574.29,4.50,95.50,1.00,1.00,16005.80,24587.35,24587.35,16000.80,4,95,95,4,63994.01,63953.58,,
2026-07-12T20:53:16+08:00,btc-updown-5m-1783860600,https://polymarket.com/zh/event/btc-updown-5m-1783860600,20:50-20:55,5.00,96.00,4.00,95.00,72.00,1542.18,1582.60,165.75,4.50,95.50,1.00,1.00,16246.36,24326.45,24266.45,16200.94,4,95,95,4,63994.01,63962.04,,
2026-07-12T20:53:18+08:00,btc-updown-5m-1783860600,https://polymarket.com/zh/event/btc-updown-5m-1783860600,20:50-20:55,5.00,96.00,4.00,95.00,286.06,1450.41,1471.25,286.06,4.50,95.50,1.00,1.00,16776.79,24151.45,24256.45,16755.95,4,95,95,4,63994.01,63962.04,,
2026-07-12T20:53:20+08:00,btc-updown-5m-1783860600,https://polymarket.com/zh/event/btc-updown-5m-1783860600,20:50-20:55,7.00,94.00,6.00,93.00,384.66,6.08,6.08,384.66,6.50,93.50,1.00,1.00,16098.44,24378.96,24373.95,16098.44,6,93,93,6,63994.01,63962.04,,
2026-07-12T20:53:22+08:00,btc-updown-5m-1783860600,https://polymarket.com/zh/event/btc-updown-5m-1783860600,20:50-20:55,5.00,96.00,4.00,95.00,55.00,922.16,990.50,55.00,4.50,95.50,1.00,1.00,15760.16,24063.95,24073.95,15694.22,4,95,94,4,63994.01,63962.04,,
2026-07-12T20:53:24+08:00,btc-updown-5m-1783860600,https://polymarket.com/zh/event/btc-updown-5m-1783860600,20:50-20:55,8.00,93.00,7.00,92.00,103.08,12.00,12.00,138.08,7.50,92.50,1.00,1.00,15250.15,24153.15,24063.15,15255.15,5,92,92,5,63994.01,63962.04,,
2026-07-12T20:53:26+08:00,btc-updown-5m-1783860600,https://polymarket.com/zh/event/btc-updown-5m-1783860600,20:50-20:55,6.00,95.00,5.00,94.00,153.87,29.02,29.02,153.87,5.50,94.50,1.00,1.00,14687.97,24058.15,24073.15,14732.97,5,94,94,5,63994.01,63962.04,,
2026-07-12T20:53:28+08:00,btc-updown-5m-1783860600,https://polymarket.com/zh/event/btc-updown-5m-1783860600,20:50-20:55,6.00,95.00,5.00,94.00,25.00,106.42,198.00,70.90,5.50,94.50,1.00,1.00,15483.97,24058.15,24163.15,15387.39,5,94,94,5,63994.01,63962.04,,
2026-07-12T20:53:30+08:00,btc-updown-5m-1783860600,https://polymarket.com/zh/event/btc-updown-5m-1783860600,20:50-20:55,6.00,95.00,5.00,94.00,69.01,8.52,8.52,105.62,5.50,94.50,1.00,1.00,15420.46,23762.15,23767.15,15379.96,5,94,94,5,63994.01,63962.04,,
2026-07-12T20:53:32+08:00,btc-updown-5m-1783860600,https://polymarket.com/zh/event/btc-updown-5m-1783860600,20:50-20:55,7.00,94.00,6.00,93.00,23.10,24.00,9.00,251.05,6.50,93.50,1.00,1.00,15618.54,24014.96,23904.95,15574.33,6,93,93,6,63994.01,63962.04,,
2026-07-12T20:53:34+08:00,btc-updown-5m-1783860600,https://polymarket.com/zh/event/btc-updown-5m-1783860600,20:50-20:55,5.00,96.00,4.00,95.00,50.69,387.99,440.54,50.69,4.50,95.50,1.00,1.00,15494.99,23618.95,23598.95,15447.44,4,95,95,4,63994.01,63962.04,,
2026-07-12T20:53:36+08:00,btc-updown-5m-1783860600,https://polymarket.com/zh/event/btc-updown-5m-1783860600,20:50-20:55,4.00,97.00,3.00,96.00,109.03,841.61,751.60,132.04,3.50,96.50,1.00,1.00,14434.25,23766.35,23561.35,14478.76,3,96,96,3,63994.01,63962.04,,
2026-07-12T20:53:38+08:00,btc-updown-5m-1783860600,https://polymarket.com/zh/event/btc-updown-5m-1783860600,20:50-20:55,4.00,97.00,3.00,96.00,83.04,828.13,831.23,83.04,3.50,96.50,1.00,1.00,14523.38,23651.36,23641.35,14520.28,3,96,96,3,63994.01,63956.01,,
2026-07-12T20:53:40+08:00,btc-updown-5m-1783860600,https://polymarket.com/zh/event/btc-updown-5m-1783860600,20:50-20:55,4.00,97.00,3.00,96.00,183.04,601.61,601.61,183.04,3.50,96.50,1.00,1.00,14271.20,23656.35,23746.35,14275.79,3,96,96,3,63994.01,63956.01,,
2026-07-12T20:53:42+08:00,btc-updown-5m-1783860600,https://polymarket.com/zh/event/btc-updown-5m-1783860600,20:50-20:55,4.00,97.00,3.00,96.00,158.11,584.53,584.53,158.11,3.50,96.50,1.00,1.00,14253.95,23631.35,23646.35,9258.95,3,96,96,3,63994.01,63956.01,,
2026-07-12T20:53:44+08:00,btc-updown-5m-1783860600,https://polymarket.com/zh/event/btc-updown-5m-1783860600,20:50-20:55,4.00,97.00,3.00,96.00,153.44,486.73,491.73,153.44,3.50,96.50,1.00,1.00,9081.43,23646.35,23731.35,9070.89,3,96,96,3,63994.01,63956.01,,
2026-07-12T20:53:46+08:00,btc-updown-5m-1783860600,https://polymarket.com/zh/event/btc-updown-5m-1783860600,20:50-20:55,3.00,98.00,2.00,97.00,102.00,2262.21,2312.21,122.00,2.50,97.50,1.00,1.00,8994.35,23596.35,23706.35,8939.35,2,97,97,2,63994.01,63956.01,,
2026-07-12T20:53:48+08:00,btc-updown-5m-1783860600,https://polymarket.com/zh/event/btc-updown-5m-1783860600,20:50-20:55,4.00,97.00,3.00,96.00,284.25,82.24,156.82,312.43,3.50,96.50,1.00,1.00,9065.50,23586.18,23546.18,8867.67,3,96,96,3,63994.01,63956.01,,
2026-07-12T20:53:50+08:00,btc-updown-5m-1783860600,https://polymarket.com/zh/event/btc-updown-5m-1783860600,20:50-20:55,3.00,98.00,2.00,97.00,121.57,1933.50,1933.50,121.57,2.50,97.50,1.00,1.00,8853.34,23651.18,23561.18,8848.34,2,97,97,2,63994.01,63962.53,,
2026-07-12T20:53:52+08:00,btc-updown-5m-1783860600,https://polymarket.com/zh/event/btc-updown-5m-1783860600,20:50-20:55,3.00,98.00,2.00,97.00,86.00,1829.91,1835.12,86.00,2.50,97.50,1.00,1.00,8883.34,23347.78,23482.78,8883.13,2,97,97,2,63994.01,63965.26,,
2026-07-12T20:53:54+08:00,btc-updown-5m-1783860600,https://polymarket.com/zh/event/btc-updown-5m-1783860600,20:50-20:55,3.00,98.00,2.00,97.00,57.66,1605.45,1605.45,57.66,2.50,97.50,1.00,1.00,8762.67,23457.78,23392.79,8762.67,2,97,97,2,63994.01,63965.26,,
2026-07-12T20:53:56+08:00,btc-updown-5m-1783860600,https://polymarket.com/zh/event/btc-updown-5m-1783860600,20:50-20:55,4.00,97.00,3.00,96.00,212.40,34.82,34.82,222.40,3.50,96.50,1.00,1.00,7941.28,23913.98,23833.98,7941.03,3,96,96,3,63994.01,63965.26,,
2026-07-12T20:53:58+08:00,btc-updown-5m-1783860600,https://polymarket.com/zh/event/btc-updown-5m-1783860600,20:50-20:55,3.00,98.00,2.00,97.00,126.00,1944.28,1944.28,126.00,2.50,97.50,1.00,1.00,8439.34,24118.18,24028.19,8544.34,2,97,97,2,63994.01,63965.26,,
2026-07-12T20:54:00+08:00,btc-updown-5m-1783860600,https://polymarket.com/zh/event/btc-updown-5m-1783860600,20:50-20:55,4.00,96.00,3.00,95.00,4.87,15.00,324.80,259.11,3.50,95.50,1.00,1.00,8309.45,24546.18,24381.19,8211.77,3,96,95,4,63994.01,63965.26,,
2026-07-12T20:54:02+08:00,btc-updown-5m-1783860600,https://polymarket.com/zh/event/btc-updown-5m-1783860600,20:50-20:55,4.00,97.00,3.00,96.00,241.17,11.48,16.48,251.17,3.50,96.50,1.00,1.00,7482.49,24356.18,24381.19,7532.99,3,96,96,3,63994.01,63965.26,,
2026-07-12T20:54:04+08:00,btc-updown-5m-1783860600,https://polymarket.com/zh/event/btc-updown-5m-1783860600,20:50-20:55,4.00,98.00,3.00,97.00,178.50,1508.76,15.00,15.00,3.50,97.50,1.00,1.00,7698.76,24356.18,24381.18,7718.85,3,96,97,2,63994.01,63965.26,,
2026-07-12T20:54:06+08:00,btc-updown-5m-1783860600,https://polymarket.com/zh/event/btc-updown-5m-1783860600,20:50-20:55,4.00,97.00,3.00,96.00,148.00,622.03,577.03,113.00,3.50,96.50,1.00,1.00,7570.42,23754.28,23744.29,7878.02,3,96,95,3,63994.01,63969.36,,
2026-07-12T20:54:08+08:00,btc-updown-5m-1783860600,https://polymarket.com/zh/event/btc-updown-5m-1783860600,20:50-20:55,7.00,92.00,6.00,91.00,10.00,121.00,307.40,15.00,6.50,91.50,1.00,1.00,8478.82,23734.28,23754.29,8458.42,6,93,91,7,63994.01,63969.80,,
2026-07-12T20:54:10+08:00,btc-updown-5m-1783860600,https://polymarket.com/zh/event/btc-updown-5m-1783860600,20:50-20:55,10.00,91.00,9.00,90.00,252.34,238.86,239.95,242.34,9.50,90.50,1.00,1.00,9411.03,23866.30,24472.29,9072.33,9,90,90,9,63994.01,63976.63,,
2026-07-12T20:54:12+08:00,btc-updown-5m-1783860600,https://polymarket.com/zh/event/btc-updown-5m-1783860600,20:50-20:55,6.00,95.00,5.00,94.00,24.98,378.69,417.35,24.98,5.50,94.50,1.00,1.00,8568.39,24699.00,24778.99,8579.90,5,90,91,5,63994.01,63979.41,,
2026-07-12T20:54:14+08:00,btc-updown-5m-1783860600,https://polymarket.com/zh/event/btc-updown-5m-1783860600,20:50-20:55,12.00,89.00,11.00,88.00,327.97,99.23,138.94,327.97,11.50,88.50,1.00,1.00,13742.77,24792.88,24767.88,13742.77,11,88,88,11,63994.01,63982.20,,
2026-07-12T20:54:16+08:00,btc-updown-5m-1783860600,https://polymarket.com/zh/event/btc-updown-5m-1783860600,20:50-20:55,8.00,94.00,7.00,93.00,15.00,197.42,17.86,55.21,7.50,93.50,1.00,1.00,13632.77,24792.88,24782.88,13661.15,7,92,91,6,63994.01,63983.40,,
2026-07-12T20:54:18+08:00,btc-updown-5m-1783860600,https://polymarket.com/zh/event/btc-updown-5m-1783860600,20:50-20:55,15.00,86.00,14.00,85.00,590.23,41.93,33.00,566.96,14.50,85.50,1.00,1.00,16567.77,22945.99,22939.88,16582.77,14,85,85,14,63994.01,63983.40,,
2026-07-12T20:54:20+08:00,btc-updown-5m-1783860600,https://polymarket.com/zh/event/btc-updown-5m-1783860600,20:50-20:55,20.00,81.00,19.00,80.00,402.86,84.16,131.16,402.86,19.50,80.50,1.00,1.00,17091.57,23254.88,23044.88,17096.57,19,78,78,19,63994.01,63985.12,,
2026-07-12T20:54:22+08:00,btc-updown-5m-1783860600,https://polymarket.com/zh/event/btc-updown-5m-1783860600,20:50-20:55,20.00,84.00,19.00,83.00,36.42,21.85,46.38,117.92,19.50,83.50,1.00,1.00,16869.87,23134.18,23014.18,16573.87,19,79,79,12,63994.01,63990.76,,
2026-07-12T20:54:24+08:00,btc-updown-5m-1783860600,https://polymarket.com/zh/event/btc-updown-5m-1783860600,20:50-20:55,43.00,72.00,24.00,54.00,17.33,13.00,55.00,7.94,33.50,63.00,19.00,18.00,20217.69,22402.19,22417.19,20713.99,23,50,48,27,63994.01,63991.19,,
2026-07-12T20:54:26+08:00,btc-updown-5m-1783860600,https://polymarket.com/zh/event/btc-updown-5m-1783860600,20:50-20:55,47.00,54.00,46.00,53.00,35.52,20.73,15.73,18.81,46.50,53.50,1.00,1.00,20871.35,22297.08,22602.08,20861.35,38,51,51,38,63994.01,63998.47,,
2026-07-12T20:54:28+08:00,btc-updown-5m-1783860600,https://polymarket.com/zh/event/btc-updown-5m-1783860600,20:50-20:55,74.00,29.00,73.00,28.00,58.46,38.19,30.69,40.00,73.50,28.50,1.00,1.00,20946.36,22145.78,22235.78,20988.92,65,26,28,62,63994.01,64002.11,,
2026-07-12T20:54:30+08:00,btc-updown-5m-1783860600,https://polymarket.com/zh/event/btc-updown-5m-1783860600,20:50-20:55,66.00,36.00,65.00,34.00,4.28,7.80,5.69,42.00,65.50,35.00,1.00,2.00,20789.90,22335.08,22350.08,20799.89,65,34,34,64,63994.01,64002.11,,
2026-07-12T20:54:32+08:00,btc-updown-5m-1783860600,https://polymarket.com/zh/event/btc-updown-5m-1783860600,20:50-20:55,69.00,41.00,64.00,35.00,1.23,10.00,35.00,15.00,66.50,38.00,5.00,6.00,21194.89,21736.43,23736.43,21184.89,55,22,22,39,63994.01,64002.11,,
2026-07-12T20:54:34+08:00,btc-updown-5m-1783860600,https://polymarket.com/zh/event/btc-updown-5m-1783860600,20:50-20:55,71.00,23.00,70.00,22.00,0.52,63.69,161.01,242.92,70.50,22.50,1.00,1.00,19199.89,23588.74,23583.74,19179.89,66,29,22,70,63994.01,64002.11,,
2026-07-12T20:54:35+08:00,btc-updown-5m-1783860600,https://polymarket.com/zh/event/btc-updown-5m-1783860600,20:50-20:55,59.00,43.00,58.00,42.00,39.62,33.14,73.56,100.00,58.50,42.50,1.00,1.00,15917.90,25910.83,25935.83,15907.90,53,28,30,52,63994.01,64002.11,,
2026-07-12T20:54:37+08:00,btc-updown-5m-1783860600,https://polymarket.com/zh/event/btc-updown-5m-1783860600,20:50-20:55,69.00,32.00,68.00,31.00,12.71,20.00,15.00,12.71,68.50,31.50,1.00,1.00,16012.89,25833.14,25838.14,15997.89,54,31,31,55,63994.01,64002.11,,
2026-07-12T20:54:39+08:00,btc-updown-5m-1783860600,https://polymarket.com/zh/event/btc-updown-5m-1783860600,20:50-20:55,73.00,24.00,72.00,23.00,5.48,105.83,734.36,25.42,72.50,23.50,1.00,1.00,15703.32,25522.37,25532.37,15678.32,54,25,23,57,63994.01,64002.11,,
2026-07-12T20:54:41+08:00,btc-updown-5m-1783860600,https://polymarket.com/zh/event/btc-updown-5m-1783860600,20:50-20:55,71.00,30.00,70.00,29.00,39.91,50.68,50.68,9.54,70.50,29.50,1.00,1.00,15668.33,25597.37,25582.37,15643.33,55,26,26,55,63994.01,64002.41,,
2026-07-12T20:54:43+08:00,btc-updown-5m-1783860600,https://polymarket.com/zh/event/btc-updown-5m-1783860600,20:50-20:55,65.00,36.00,64.00,35.00,2.68,77.68,72.05,2.68,64.50,35.50,1.00,1.00,15505.33,25516.37,25531.37,15515.33,54,30,30,54,63994.01,64002.42,,
2026-07-12T20:54:45+08:00,btc-updown-5m-1783860600,https://polymarket.com/zh/event/btc-updown-5m-1783860600,20:50-20:55,76.00,35.00,68.00,25.00,20.00,9.22,13.34,9.59,72.00,30.00,8.00,10.00,14639.45,24855.17,24905.17,14639.44,64,24,25,62,63994.01,64002.41,,
2026-07-12T20:54:47+08:00,btc-updown-5m-1783860600,https://polymarket.com/zh/event/btc-updown-5m-1783860600,20:50-20:55,76.00,29.00,69.00,22.00,5.00,5.07,5.00,5.45,72.50,25.50,7.00,7.00,14519.44,26507.64,26457.64,14509.44,60,24,22,61,63994.01,64002.42,,
2026-07-12T20:54:49+08:00,btc-updown-5m-1783860600,https://polymarket.com/zh/event/btc-updown-5m-1783860600,20:50-20:55,77.00,22.00,76.00,15.00,7.40,13.98,9.56,8.08,76.50,18.50,1.00,7.00,13824.34,25921.64,25843.64,13819.33,55,18,14,52,63994.01,64002.41,,
2026-07-12T20:54:51+08:00,btc-updown-5m-1783860600,https://polymarket.com/zh/event/btc-updown-5m-1783860600,20:50-20:55,89.00,12.00,86.00,8.00,5.00,51.66,16.97,1.94,87.50,10.00,3.00,4.00,13602.33,16179.64,16147.57,13822.33,56,8,7,58,63994.01,64002.41,,
2026-07-12T20:54:53+08:00,btc-updown-5m-1783860600,https://polymarket.com/zh/event/btc-updown-5m-1783860600,20:50-20:55,95.00,6.00,94.00,5.00,129.57,52.63,5.00,99.70,94.50,5.50,1.00,1.00,15292.33,15031.12,15129.05,15307.33,58,5,5,60,63994.01,64002.41,,
2026-07-12T20:54:55+08:00,btc-updown-5m-1783860600,https://polymarket.com/zh/event/btc-updown-5m-1783860600,20:50-20:55,96.00,5.00,95.00,4.00,107.29,119.02,202.35,400.00,95.50,4.50,1.00,1.00,16282.33,13543.68,13709.15,16197.33,59,4,4,61,63994.01,64002.41,,
2026-07-12T20:54:57+08:00,btc-updown-5m-1783860600,https://polymarket.com/zh/event/btc-updown-5m-1783860600,20:50-20:55,99.00,4.00,98.00,2.00,10062.07,23.47,311.39,1679.41,98.50,3.00,1.00,2.00,13848.92,10062.07,11736.48,13838.92,53,1,2,47,63994.01,64002.41,,
2026-07-12T20:54:59+08:00,btc-updown-5m-1783860600,https://polymarket.com/zh/event/btc-updown-5m-1783860600,20:50-20:55,99.00,2.00,98.00,1.00,1568.71,164.18,214.18,526.71,98.50,1.50,1.00,1.00,9335.70,1568.71,526.71,11310.71,54,1,1,55,63994.01,64002.41,,
2026-07-12T20:55:02+08:00,btc-updown-5m-1783860900,https://polymarket.com/zh/event/btc-updown-5m-1783860900,20:55-21:00,52.00,51.00,51.00,50.00,578.99,53.69,127.68,600.00,51.50,50.50,1.00,1.00,22319.69,19844.40,19829.40,22339.89,51,48,50,49,64002.41,64002.41,,
2026-07-12T20:55:04+08:00,btc-updown-5m-1783860900,https://polymarket.com/zh/event/btc-updown-5m-1783860900,20:55-21:00,49.00,67.00,48.00,60.00,728.97,3.52,61.00,11.99,48.50,63.50,1.00,7.00,22234.89,20074.60,20094.60,22249.89,43,51,60,33,64002.41,64002.41,,
2026-07-12T20:55:06+08:00,btc-updown-5m-1783860900,https://polymarket.com/zh/event/btc-updown-5m-1783860900,20:55-21:00,30.00,71.00,29.00,70.00,75.00,416.55,423.86,20.00,29.50,70.50,1.00,1.00,23700.89,20133.71,20228.60,23766.89,29,70,70,29,64002.41,63987.56,,
2026-07-12T20:55:08+08:00,btc-updown-5m-1783860900,https://polymarket.com/zh/event/btc-updown-5m-1783860900,20:55-21:00,31.00,70.00,30.00,69.00,173.19,4.00,20.00,141.22,30.50,69.50,1.00,1.00,21914.07,20404.71,20424.71,21924.07,30,69,69,30,64002.41,63987.56,,
2026-07-12T20:55:10+08:00,btc-updown-5m-1783860900,https://polymarket.com/zh/event/btc-updown-5m-1783860900,20:55-21:00,30.00,71.00,29.00,70.00,29.00,428.45,423.45,29.00,29.50,70.50,1.00,1.00,21904.07,18438.61,18410.96,21885.32,29,70,70,29,64002.41,63987.56,,
2026-07-12T20:55:12+08:00,btc-updown-5m-1783860900,https://polymarket.com/zh/event/btc-updown-5m-1783860900,20:55-21:00,34.00,67.00,33.00,66.00,238.41,55.96,78.66,277.06,33.50,66.50,1.00,1.00,21997.77,18502.30,18582.30,21982.77,33,66,66,33,64002.41,63987.57,,
2026-07-12T20:55:14+08:00,btc-updown-5m-1783860900,https://polymarket.com/zh/event/btc-updown-5m-1783860900,20:55-21:00,34.00,67.00,33.00,66.00,137.57,36.09,36.09,137.57,33.50,66.50,1.00,1.00,22384.77,19237.90,19237.91,22500.77,33,66,66,33,64002.41,63987.56,,
2026-07-12T20:55:16+08:00,btc-updown-5m-1783860900,https://polymarket.com/zh/event/btc-updown-5m-1783860900,20:55-21:00,33.00,68.00,32.00,67.00,49.13,303.24,279.24,44.13,32.50,67.50,1.00,1.00,23676.77,19408.21,19383.21,23777.77,32,67,67,32,64002.41,63987.56,,
2026-07-12T20:55:18+08:00,btc-updown-5m-1783860900,https://polymarket.com/zh/event/btc-updown-5m-1783860900,20:55-21:00,44.00,57.00,43.00,56.00,18.87,180.39,173.32,18.87,43.50,56.50,1.00,1.00,23460.59,19539.42,19504.41,23460.59,43,56,56,43,64002.41,63997.93,,
2026-07-12T20:55:20+08:00,btc-updown-5m-1783860900,https://polymarket.com/zh/event/btc-updown-5m-1783860900,20:55-21:00,47.00,55.00,46.00,54.00,75.67,47.54,82.74,561.30,46.50,54.50,1.00,1.00,23735.59,20188.30,20118.30,23680.59,46,53,54,45,64002.41,63997.93,,
2026-07-12T20:55:22+08:00,btc-updown-5m-1783860900,https://polymarket.com/zh/event/btc-updown-5m-1783860900,20:55-21:00,44.00,57.00,43.00,56.00,58.60,78.16,78.16,58.60,43.50,56.50,1.00,1.00,26660.24,20452.56,20452.56,26650.24,43,56,56,43,64002.41,63997.93,,
2026-07-12T20:55:24+08:00,btc-updown-5m-1783860900,https://polymarket.com/zh/event/btc-updown-5m-1783860900,20:55-21:00,47.00,54.00,46.00,53.00,480.30,65.44,34.44,396.43,46.50,53.50,1.00,1.00,27055.53,21070.66,21070.66,27050.53,46,53,53,46,64002.41,63997.94,,
2026-07-12T20:55:26+08:00,btc-updown-5m-1783860900,https://polymarket.com/zh/event/btc-updown-5m-1783860900,20:55-21:00,48.00,53.00,47.00,52.00,64.71,50.46,50.46,62.62,47.50,52.50,1.00,1.00,27212.53,21282.65,21382.65,27197.53,47,52,52,47,64002.41,63997.93,,
2026-07-12T20:55:28+08:00,btc-updown-5m-1783860900,https://polymarket.com/zh/event/btc-updown-5m-1783860900,20:55-21:00,45.00,56.00,44.00,55.00,386.34,266.02,64.52,30.97,44.50,55.50,1.00,1.00,27187.53,21368.94,21408.95,27192.53,44,55,55,44,64002.41,63997.93,,
2026-07-12T20:55:30+08:00,btc-updown-5m-1783860900,https://polymarket.com/zh/event/btc-updown-5m-1783860900,20:55-21:00,46.00,55.00,45.00,54.00,170.07,7.20,16.30,170.07,45.50,54.50,1.00,1.00,27197.23,21348.95,21238.94,27182.23,45,54,54,45,64002.41,63997.93,,
2026-07-12T20:55:32+08:00,btc-updown-5m-1783860900,https://polymarket.com/zh/event/btc-updown-5m-1783860900,20:55-21:00,44.00,57.00,43.00,56.00,519.02,124.47,109.47,517.03,43.50,56.50,1.00,1.00,26727.23,20863.94,20958.94,26722.23,43,56,56,43,64002.41,63997.93,,
2026-07-12T20:55:34+08:00,btc-updown-5m-1783860900,https://polymarket.com/zh/event/btc-updown-5m-1783860900,20:55-21:00,43.00,58.00,42.00,57.00,76.40,571.82,571.82,76.40,42.50,57.50,1.00,1.00,26727.23,20790.06,20780.05,26712.23,42,57,57,42,64002.41,63997.93,,
2026-07-12T20:55:36+08:00,btc-updown-5m-1783860900,https://polymarket.com/zh/event/btc-updown-5m-1783860900,20:55-21:00,44.00,57.00,43.00,56.00,76.51,648.31,648.31,81.51,43.50,56.50,1.00,1.00,26737.23,20950.05,20755.05,26727.23,43,56,56,43,64002.41,63997.93,,
2026-07-12T20:55:38+08:00,btc-updown-5m-1783860900,https://polymarket.com/zh/event/btc-updown-5m-1783860900,20:55-21:00,45.00,56.00,44.00,55.00,156.25,469.62,474.62,211.25,44.50,55.50,1.00,1.00,26732.23,20828.94,20848.94,26737.23,44,55,55,44,64002.41,63997.93,,
2026-07-12T20:55:40+08:00,btc-updown-5m-1783860900,https://polymarket.com/zh/event/btc-updown-5m-1783860900,20:55-21:00,45.00,56.00,44.00,55.00,57.77,7.17,464.34,156.38,44.50,55.50,1.00,1.00,26732.23,20833.94,20868.94,26717.23,44,55,55,44,64002.41,63997.93,,
2026-07-12T20:55:42+08:00,btc-updown-5m-1783860900,https://polymarket.com/zh/event/btc-updown-5m-1783860900,20:55-21:00,43.00,58.00,42.00,57.00,119.40,272.52,297.52,119.40,42.50,57.50,1.00,1.00,26776.23,20894.05,20997.94,26771.23,42,57,57,42,64002.41,63997.93,,
2026-07-12T20:55:44+08:00,btc-updown-5m-1783860900,https://polymarket.com/zh/event/btc-updown-5m-1783860900,20:55-21:00,43.00,58.00,42.00,57.00,43.92,315.42,321.03,58.94,42.50,57.50,1.00,1.00,26781.23,20894.05,20904.05,26766.23,42,57,57,42,64002.41,63997.93,,
2026-07-12T20:55:46+08:00,btc-updown-5m-1783860900,https://polymarket.com/zh/event/btc-updown-5m-1783860900,20:55-21:00,44.00,57.00,43.00,56.00,110.68,488.66,493.66,110.68,43.50,56.50,1.00,1.00,26315.23,20962.94,20902.94,26320.23,43,56,56,43,64002.41,63997.93,,
2026-07-12T20:55:48+08:00,btc-updown-5m-1783860900,https://polymarket.com/zh/event/btc-updown-5m-1783860900,20:55-21:00,45.00,56.00,44.00,55.00,204.49,38.12,38.12,199.49,44.50,55.50,1.00,1.00,26341.23,20810.22,21035.23,26632.23,44,55,55,44,64002.41,63997.93,,
2026-07-12T20:55:50+08:00,btc-updown-5m-1783860900,https://polymarket.com/zh/event/btc-updown-5m-1783860900,20:55-21:00,43.00,58.00,42.00,57.00,227.32,97.47,137.47,227.32,42.50,57.50,1.00,1.00,26629.23,21000.22,20915.22,26775.23,42,57,57,42,64002.41,63997.93,,
2026-07-12T20:55:52+08:00,btc-updown-5m-1783860900,https://polymarket.com/zh/event/btc-updown-5m-1783860900,20:55-21:00,44.00,57.00,43.00,56.00,158.39,151.40,156.67,158.39,43.50,56.50,1.00,1.00,26531.23,20676.33,20656.34,26531.23,43,56,56,43,64002.41,63997.93,,
2026-07-12T20:55:54+08:00,btc-updown-5m-1783860900,https://polymarket.com/zh/event/btc-updown-5m-1783860900,20:55-21:00,42.00,59.00,41.00,58.00,87.62,287.55,287.55,87.62,41.50,58.50,1.00,1.00,26531.23,20671.34,20646.33,26531.23,41,58,58,41,64002.41,63997.93,,
2026-07-12T20:55:56+08:00,btc-updown-5m-1783860900,https://polymarket.com/zh/event/btc-updown-5m-1783860900,20:55-21:00,42.00,59.00,41.00,58.00,130.28,241.35,241.35,132.89,41.50,58.50,1.00,1.00,26527.23,20755.22,20670.23,26552.23,41,58,58,41,64002.41,63997.93,,
2026-07-12T20:55:58+08:00,btc-updown-5m-1783860900,https://polymarket.com/zh/event/btc-updown-5m-1783860900,20:55-21:00,42.00,59.00,41.00,58.00,146.87,17.00,22.53,146.87,41.50,58.50,1.00,1.00,26527.23,20655.22,20680.23,26537.23,41,58,58,41,64002.41,63997.94,,
2026-07-12T20:56:00+08:00,btc-updown-5m-1783860900,https://polymarket.com/zh/event/btc-updown-5m-1783860900,20:55-21:00,42.00,61.00,41.00,60.00,199.48,10.00,5.00,220.22,41.50,60.50,1.00,1.00,34725.75,28870.22,28880.22,34725.75,41,58,60,39,64002.41,63997.93,,
2026-07-12T20:56:02+08:00,btc-updown-5m-1783860900,https://polymarket.com/zh/event/btc-updown-5m-1783860900,20:55-21:00,37.00,64.00,36.00,63.00,300.61,59.43,59.43,290.61,36.50,63.50,1.00,1.00,34739.81,29329.73,29224.73,34734.81,36,63,63,36,64002.41,63993.16,,
2026-07-12T20:56:04+08:00,btc-updown-5m-1783860900,https://polymarket.com/zh/event/btc-updown-5m-1783860900,20:55-21:00,34.00,67.00,33.00,66.00,50.00,122.25,117.25,50.00,33.50,66.50,1.00,1.00,34894.15,29334.73,29219.73,34889.15,33,66,66,33,64002.41,63993.16,,
2026-07-12T20:56:06+08:00,btc-updown-5m-1783860900,https://polymarket.com/zh/event/btc-updown-5m-1783860900,20:55-21:00,35.00,66.00,33.00,65.00,20.00,96.02,104.56,20.00,34.00,65.50,2.00,1.00,34716.15,29050.62,29065.63,34732.88,33,65,64,34,64002.41,63993.16,,
2026-07-12T20:56:08+08:00,btc-updown-5m-1783860900,https://polymarket.com/zh/event/btc-updown-5m-1783860900,20:55-21:00,35.00,66.00,34.00,65.00,103.28,130.15,111.91,10.00,34.50,65.50,1.00,1.00,34518.88,28871.63,28951.62,34518.88,34,65,65,34,64002.41,63993.16,,
2026-07-12T20:56:10+08:00,btc-updown-5m-1783860900,https://polymarket.com/zh/event/btc-updown-5m-1783860900,20:55-21:00,36.00,65.00,35.00,64.00,110.04,148.04,148.04,110.04,35.50,64.50,1.00,1.00,34463.88,28806.62,28806.62,34483.88,35,64,64,35,64002.41,63993.17,,
2026-07-12T20:56:12+08:00,btc-updown-5m-1783860900,https://polymarket.com/zh/event/btc-updown-5m-1783860900,20:55-21:00,36.00,68.00,35.00,67.00,148.79,349.08,26.52,50.62,35.50,67.50,1.00,1.00,33591.48,28277.33,28287.33,33596.48,35,64,67,32,64002.41,63993.16,,
2026-07-12T20:56:14+08:00,btc-updown-5m-1783860900,https://polymarket.com/zh/event/btc-updown-5m-1783860900,20:55-21:00,34.00,67.00,33.00,66.00,67.09,131.21,149.51,54.43,33.50,66.50,1.00,1.00,33606.48,28267.33,28262.33,33591.48,33,66,66,33,64002.41,63993.16,,
2026-07-12T20:56:16+08:00,btc-updown-5m-1783860900,https://polymarket.com/zh/event/btc-updown-5m-1783860900,20:55-21:00,34.00,67.00,33.00,66.00,5.29,153.78,153.78,5.29,33.50,66.50,1.00,1.00,33546.48,28261.22,28251.22,33541.48,33,66,66,33,64002.41,63993.17,,
2026-07-12T20:56:18+08:00,btc-updown-5m-1783860900,https://polymarket.com/zh/event/btc-updown-5m-1783860900,20:55-21:00,35.00,66.00,34.00,65.00,16.14,165.92,165.92,16.14,34.50,65.50,1.00,1.00,33900.48,28183.22,28098.22,33915.48,34,65,65,34,64002.41,63993.16,,
2026-07-12T20:56:20+08:00,btc-updown-5m-1783860900,https://polymarket.com/zh/event/btc-updown-5m-1783860900,20:55-21:00,34.00,67.00,33.00,66.00,134.40,45.85,20.00,108.63,33.50,66.50,1.00,1.00,33890.48,28184.33,28278.22,33905.48,33,66,66,33,64002.41,63993.17,,
2026-07-12T20:56:22+08:00,btc-updown-5m-1783860900,https://polymarket.com/zh/event/btc-updown-5m-1783860900,20:55-21:00,34.00,67.00,33.00,66.00,113.63,296.40,296.40,113.63,33.50,66.50,1.00,1.00,33478.48,28194.33,28184.33,33473.48,33,66,66,33,64002.41,63993.16,,
2026-07-12T20:56:24+08:00,btc-updown-5m-1783860900,https://polymarket.com/zh/event/btc-updown-5m-1783860900,20:55-21:00,34.00,67.00,33.00,66.00,48.92,279.88,241.53,48.92,33.50,66.50,1.00,1.00,33440.48,28135.22,28125.22,33435.48,33,66,66,33,64002.41,63993.17,,
2026-07-12T20:56:26+08:00,btc-updown-5m-1783860900,https://polymarket.com/zh/event/btc-updown-5m-1783860900,20:55-21:00,34.00,67.00,33.00,66.00,44.18,296.93,281.41,44.18,33.50,66.50,1.00,1.00,33741.48,28245.47,28250.47,33751.48,33,66,66,33,64002.41,63993.16,,
2026-07-12T20:56:28+08:00,btc-updown-5m-1783860900,https://polymarket.com/zh/event/btc-updown-5m-1783860900,20:55-21:00,32.00,69.00,31.00,68.00,30.23,185.22,101.22,23.98,31.50,68.50,1.00,1.00,33741.48,28160.47,28150.48,33741.48,31,68,68,31,64002.41,63993.16,,
2026-07-12T20:56:30+08:00,btc-updown-5m-1783860900,https://polymarket.com/zh/event/btc-updown-5m-1783860900,20:55-21:00,33.00,68.00,32.00,67.00,16.30,199.48,154.48,16.30,32.50,67.50,1.00,1.00,33751.48,28166.58,28193.58,33789.48,32,67,67,32,64002.41,63993.16,,
2026-07-12T20:56:32+08:00,btc-updown-5m-1783860900,https://polymarket.com/zh/event/btc-updown-5m-1783860900,20:55-21:00,36.00,65.00,35.00,64.00,218.27,41.00,41.00,218.27,35.50,64.50,1.00,1.00,33011.48,27264.58,27249.58,33006.48,35,64,64,35,64002.41,63993.16,,
2026-07-12T20:56:34+08:00,btc-updown-5m-1783860900,https://polymarket.com/zh/event/btc-updown-5m-1783860900,20:55-21:00,34.00,67.00,33.00,66.00,95.27,49.30,202.27,161.85,33.50,66.50,1.00,1.00,33021.48,27248.48,27263.47,33036.48,33,66,66,33,64002.41,63993.16,,
2026-07-12T20:56:36+08:00,btc-updown-5m-1783860900,https://polymarket.com/zh/event/btc-updown-5m-1783860900,20:55-21:00,35.00,66.00,34.00,65.00,25.11,557.85,655.43,25.11,34.50,65.50,1.00,1.00,33036.48,27243.47,27228.47,33031.48,34,65,65,34,64002.41,63993.16,,
2026-07-12T20:56:48+08:00,btc-updown-5m-1783860900,https://polymarket.com/zh/event/btc-updown-5m-1783860900,20:55-21:00,29.00,72.00,28.00,71.00,143.84,50.60,50.60,148.89,28.50,71.50,1.00,1.00,32788.48,27139.58,27139.58,32662.48,28,71,71,28,64002.41,63993.16,,
2026-07-12T20:56:50+08:00,btc-updown-5m-1783860900,https://polymarket.com/zh/event/btc-updown-5m-1783860900,20:55-21:00,23.00,78.00,22.00,77.00,71.78,116.85,125.96,71.78,22.50,77.50,1.00,1.00,33786.48,27828.58,27838.58,33786.48,22,77,77,22,64002.41,63989.96,,
2026-07-12T20:56:52+08:00,btc-updown-5m-1783860900,https://polymarket.com/zh/event/btc-updown-5m-1783860900,20:55-21:00,25.00,76.00,24.00,75.00,397.47,40.00,40.00,420.98,24.50,75.50,1.00,1.00,34116.48,27817.47,27827.47,34116.48,24,75,75,24,64002.41,63987.56,,
2026-07-12T20:56:54+08:00,btc-updown-5m-1783860900,https://polymarket.com/zh/event/btc-updown-5m-1783860900,20:55-21:00,25.00,76.00,24.00,75.00,28.87,208.15,208.15,28.87,24.50,75.50,1.00,1.00,34126.48,27822.47,27827.48,34126.48,24,75,75,24,64002.41,63987.56,,
2026-07-12T20:56:56+08:00,btc-updown-5m-1783860900,https://polymarket.com/zh/event/btc-updown-5m-1783860900,20:55-21:00,27.00,74.00,26.00,73.00,144.01,10.10,10.10,144.01,26.50,73.50,1.00,1.00,33986.48,27832.47,27822.47,33981.48,26,73,73,26,64002.41,63987.56,,
2026-07-12T20:56:58+08:00,btc-updown-5m-1783860900,https://polymarket.com/zh/event/btc-updown-5m-1783860900,20:55-21:00,26.00,75.00,25.00,74.00,61.89,247.93,257.38,61.89,25.50,74.50,1.00,1.00,33701.48,27863.58,27863.58,33701.48,25,74,74,25,64002.41,63987.56,,
2026-07-12T20:57:00+08:00,btc-updown-5m-1783860900,https://polymarket.com/zh/event/btc-updown-5m-1783860900,20:55-21:00,28.00,72.00,27.00,71.00,3.00,110.00,15.00,76.50,27.50,71.50,1.00,1.00,33649.81,27677.47,27693.58,33589.81,27,72,71,28,64002.41,63987.56,,
2026-07-12T20:57:02+08:00,btc-updown-5m-1783860900,https://polymarket.com/zh/event/btc-updown-5m-1783860900,20:55-21:00,23.00,78.00,22.00,77.00,62.45,539.99,529.99,20.45,22.50,77.50,1.00,1.00,33609.81,27597.47,27692.48,33609.81,22,77,77,22,64002.41,63987.57,,
2026-07-12T20:57:04+08:00,btc-updown-5m-1783860900,https://polymarket.com/zh/event/btc-updown-5m-1783860900,20:55-21:00,24.00,77.00,23.00,76.00,28.45,134.21,135.51,28.45,23.50,76.50,1.00,1.00,33934.81,27667.47,27692.47,33934.81,23,76,76,23,64002.41,63987.56,,
2026-07-12T20:57:06+08:00,btc-updown-5m-1783860900,https://polymarket.com/zh/event/btc-updown-5m-1783860900,20:55-21:00,22.00,79.00,21.00,78.00,69.91,282.26,238.53,56.27,21.50,78.50,1.00,1.00,33877.81,27688.58,27698.58,33877.81,21,77,78,21,64002.41,63987.56,,
2026-07-12T20:57:08+08:00,btc-updown-5m-1783860900,https://polymarket.com/zh/event/btc-updown-5m-1783860900,20:55-21:00,22.00,79.00,21.00,78.00,407.74,45.67,57.50,387.85,21.50,78.50,1.00,1.00,33957.81,27808.58,27783.58,33957.81,21,78,78,21,64002.41,63987.56,,
2026-07-12T20:57:10+08:00,btc-updown-5m-1783860900,https://polymarket.com/zh/event/btc-updown-5m-1783860900,20:55-21:00,20.00,83.00,19.00,82.00,138.90,130.23,125.22,14.22,19.50,82.50,1.00,1.00,34263.81,27782.47,27692.47,34243.81,19,80,82,17,64002.41,63987.56,,
2026-07-12T20:57:12+08:00,btc-updown-5m-1783860900,https://polymarket.com/zh/event/btc-updown-5m-1783860900,20:55-21:00,19.00,81.00,18.00,80.00,136.62,112.99,111.36,97.92,18.50,80.50,1.00,1.00,34289.48,27677.47,27592.47,34268.81,18,81,80,19,64002.41,63987.56,,
2026-07-12T20:57:14+08:00,btc-updown-5m-1783860900,https://polymarket.com/zh/event/btc-updown-5m-1783860900,20:55-21:00,20.00,81.00,19.00,80.00,115.54,281.85,281.85,110.54,19.50,80.50,1.00,1.00,33968.81,27684.71,27694.71,33968.81,19,80,80,19,64002.41,63983.72,,
2026-07-12T20:57:16+08:00,btc-updown-5m-1783860900,https://polymarket.com/zh/event/btc-updown-5m-1783860900,20:55-21:00,21.00,78.00,20.00,77.00,21.07,15.00,208.47,45.98,20.50,77.50,1.00,1.00,34268.81,27605.82,27690.82,34277.81,20,79,77,22,64002.41,63985.94,,
2026-07-12T20:57:18+08:00,btc-updown-5m-1783860900,https://polymarket.com/zh/event/btc-updown-5m-1783860900,20:55-21:00,22.00,79.00,21.00,78.00,138.55,6.13,6.13,138.55,21.50,78.50,1.00,1.00,34277.81,27805.82,27690.82,34277.81,21,78,78,21,64002.41,63986.82,,
2026-07-12T20:57:20+08:00,btc-updown-5m-1783860900,https://polymarket.com/zh/event/btc-updown-5m-1783860900,20:55-21:00,23.00,78.00,22.00,77.00,80.10,78.00,78.00,80.10,22.50,77.50,1.00,1.00,34277.81,27794.71,27579.71,34277.81,21,77,77,21,64002.41,63986.81,,
2026-07-12T20:57:22+08:00,btc-updown-5m-1783860900,https://polymarket.com/zh/event/btc-updown-5m-1783860900,20:55-21:00,24.00,77.00,23.00,76.00,26.33,114.40,114.40,26.33,23.50,76.50,1.00,1.00,34262.81,27594.71,27694.71,34262.81,23,76,76,23,64002.41,63987.64,,
2026-07-12T20:57:24+08:00,btc-updown-5m-1783860900,https://polymarket.com/zh/event/btc-updown-5m-1783860900,20:55-21:00,25.00,76.00,24.00,75.00,195.02,87.00,87.00,220.02,24.50,75.50,1.00,1.00,34247.81,27604.71,27809.72,34247.81,24,75,75,24,64002.41,63987.64,,
2026-07-12T20:57:26+08:00,btc-updown-5m-1783860900,https://polymarket.com/zh/event/btc-updown-5m-1783860900,20:55-21:00,24.00,77.00,23.00,76.00,191.00,59.26,59.26,191.00,23.50,76.50,1.00,1.00,34197.81,27595.82,27600.82,34192.81,23,76,76,22,64002.41,63987.64,,
2026-07-12T20:57:28+08:00,btc-updown-5m-1783860900,https://polymarket.com/zh/event/btc-updown-5m-1783860900,20:55-21:00,21.00,82.00,20.00,81.00,59.13,186.47,5.05,20.88,20.50,81.50,1.00,1.00,34197.81,27689.71,27700.82,34192.81,19,79,81,18,64002.41,63987.64,,
2026-07-12T20:57:30+08:00,btc-updown-5m-1783860900,https://polymarket.com/zh/event/btc-updown-5m-1783860900,20:55-21:00,19.00,82.00,18.00,81.00,32.73,227.59,219.64,32.73,18.50,81.50,1.00,1.00,34087.31,27589.71,27569.21,34087.31,18,81,81,18,64002.41,63987.64,,
2026-07-12T20:57:32+08:00,btc-updown-5m-1783860900,https://polymarket.com/zh/event/btc-updown-5m-1783860900,20:55-21:00,19.00,82.00,18.00,81.00,32.46,169.22,174.68,43.46,18.50,81.50,1.00,1.00,33877.11,27379.01,27364.01,33877.11,18,81,81,18,64002.41,63987.64,,
2026-07-12T20:57:34+08:00,btc-updown-5m-1783860900,https://polymarket.com/zh/event/btc-updown-5m-1783860900,20:55-21:00,19.00,82.00,18.00,81.00,34.03,230.20,220.20,28.25,18.50,81.50,1.00,1.00,33893.11,27275.12,27380.12,33893.11,18,81,81,18,64002.41,63987.64,,
2026-07-12T20:57:36+08:00,btc-updown-5m-1783860900,https://polymarket.com/zh/event/btc-updown-5m-1783860900,20:55-21:00,20.00,81.00,19.00,80.00,36.48,145.30,145.30,36.48,19.50,80.50,1.00,1.00,33793.11,27275.12,27280.12,33811.74,19,80,80,19,64002.41,63987.64,,
2026-07-12T20:57:38+08:00,btc-updown-5m-1783860900,https://polymarket.com/zh/event/btc-updown-5m-1783860900,20:55-21:00,19.00,82.00,18.00,81.00,25.92,117.00,132.00,25.92,18.50,81.50,1.00,1.00,33793.11,27169.01,27274.02,33793.11,18,81,81,18,64002.41,63987.64,,
2026-07-12T20:57:40+08:00,btc-updown-5m-1783860900,https://polymarket.com/zh/event/btc-updown-5m-1783860900,20:55-21:00,18.00,83.00,17.00,82.00,43.05,35.00,35.00,54.05,17.50,82.50,1.00,1.00,33820.11,27179.01,27274.02,33820.11,17,82,82,17,64002.41,63987.64,,
2026-07-12T20:57:42+08:00,btc-updown-5m-1783860900,https://polymarket.com/zh/event/btc-updown-5m-1783860900,20:55-21:00,16.00,85.00,15.00,84.00,22.12,215.81,217.70,22.12,15.50,84.50,1.00,1.00,33504.11,27264.01,27264.01,33525.13,15,83,83,15,64002.41,63987.65,,
2026-07-12T20:57:44+08:00,btc-updown-5m-1783860900,https://polymarket.com/zh/event/btc-updown-5m-1783860900,20:55-21:00,18.00,85.00,16.00,84.00,41.00,62.87,15.00,15.00,17.00,84.50,2.00,1.00,33504.11,27290.12,27310.12,33509.11,16,82,84,15,64002.41,63987.64,,
2026-07-12T20:57:46+08:00,btc-updown-5m-1783860900,https://polymarket.com/zh/event/btc-updown-5m-1783860900,20:55-21:00,16.00,85.00,15.00,84.00,22.50,168.36,168.36,22.50,15.50,84.50,1.00,1.00,33495.78,27189.01,27295.12,33495.78,15,84,84,15,64002.41,63987.64,,
2026-07-12T20:57:48+08:00,btc-updown-5m-1783860900,https://polymarket.com/zh/event/btc-updown-5m-1783860900,20:55-21:00,20.00,81.00,19.00,80.00,482.82,11.46,17.64,482.82,19.50,80.50,1.00,1.00,33816.78,27204.02,27179.01,33836.95,19,80,80,19,64002.41,63987.64,,
2026-07-12T20:57:50+08:00,btc-updown-5m-1783860900,https://polymarket.com/zh/event/btc-updown-5m-1783860900,20:55-21:00,17.00,84.00,16.00,83.00,89.66,6.00,6.00,92.77,16.50,83.50,1.00,1.00,33566.78,27364.01,27269.01,33566.78,15,83,83,15,64002.41,63987.64,,
2026-07-12T20:57:52+08:00,btc-updown-5m-1783860900,https://polymarket.com/zh/event/btc-updown-5m-1783860900,20:55-21:00,14.00,87.00,13.00,86.00,134.69,1.55,1.55,134.69,13.50,86.50,1.00,1.00,33245.78,27280.12,27290.12,33245.78,13,86,86,13,64002.41,63987.64,,
2026-07-12T20:57:54+08:00,btc-updown-5m-1783860900,https://polymarket.com/zh/event/btc-updown-5m-1783860900,20:55-21:00,14.00,87.00,13.00,86.00,128.97,1.20,10.40,128.97,13.50,86.50,1.00,1.00,33241.80,27175.12,27285.12,33241.80,13,86,86,13,64002.41,63987.64,,
2026-07-12T20:57:56+08:00,btc-updown-5m-1783860900,https://polymarket.com/zh/event/btc-updown-5m-1783860900,20:55-21:00,20.00,83.00,19.00,82.00,79.80,16.30,55.93,80.00,19.50,82.50,1.00,1.00,33256.80,27169.01,27384.02,33256.80,18,80,82,16,64002.41,63987.64,,
2026-07-12T20:57:58+08:00,btc-updown-5m-1783860900,https://polymarket.com/zh/event/btc-updown-5m-1783860900,20:55-21:00,16.00,85.00,15.00,84.00,18.80,126.11,126.11,18.80,15.50,84.50,1.00,1.00,33246.80,27284.01,27364.01,33246.80,15,84,84,15,64002.41,63987.64,,
2026-07-12T20:58:00+08:00,btc-updown-5m-1783860900,https://polymarket.com/zh/event/btc-updown-5m-1783860900,20:55-21:00,15.00,86.00,14.00,85.00,20.00,183.41,149.23,20.00,14.50,85.50,1.00,1.00,30746.80,27270.12,27194.02,30729.62,14,85,85,14,64002.41,63987.64,,
2026-07-12T20:58:02+08:00,btc-updown-5m-1783860900,https://polymarket.com/zh/event/btc-updown-5m-1783860900,20:55-21:00,16.00,84.00,15.00,83.00,7.18,85.00,107.96,1.80,15.50,83.50,1.00,1.00,30421.80,27070.13,26870.12,30421.80,15,84,83,16,64002.41,63987.64,,
2026-07-12T20:58:04+08:00,btc-updown-5m-1783860900,https://polymarket.com/zh/event/btc-updown-5m-1783860900,20:55-21:00,15.00,86.00,14.00,85.00,8.00,186.49,188.82,8.00,14.50,85.50,1.00,1.00,30276.80,26814.01,26809.01,30271.80,14,85,85,14,64002.41,63987.65,,
2026-07-12T20:58:06+08:00,btc-updown-5m-1783860900,https://polymarket.com/zh/event/btc-updown-5m-1783860900,20:55-21:00,14.00,87.00,13.00,86.00,15.00,144.51,175.38,15.00,13.50,86.50,1.00,1.00,30239.80,26799.01,26794.01,30239.80,13,85,85,13,64002.41,63987.64,,
2026-07-12T20:58:08+08:00,btc-updown-5m-1783860900,https://polymarket.com/zh/event/btc-updown-5m-1783860900,20:55-21:00,14.00,87.00,13.00,86.00,457.39,21.98,21.98,457.39,13.50,86.50,1.00,1.00,30053.88,26794.01,26804.01,30053.88,12,86,85,12,64002.41,63987.64,,
2026-07-12T20:58:10+08:00,btc-updown-5m-1783860900,https://polymarket.com/zh/event/btc-updown-5m-1783860900,20:55-21:00,14.00,85.00,13.00,84.00,44.84,52.67,89.88,32.62,13.50,84.50,1.00,1.00,30053.88,26795.12,26810.12,30058.88,13,85,83,15,64002.41,63987.64,,
2026-07-12T20:58:12+08:00,btc-updown-5m-1783860900,https://polymarket.com/zh/event/btc-updown-5m-1783860900,20:55-21:00,19.00,82.00,18.00,81.00,186.81,21.00,21.00,186.81,18.50,81.50,1.00,1.00,30063.88,26773.12,26778.12,30063.88,18,81,81,18,64002.41,63987.64,,
2026-07-12T20:58:14+08:00,btc-updown-5m-1783860900,https://polymarket.com/zh/event/btc-updown-5m-1783860900,20:55-21:00,19.00,82.00,18.00,81.00,63.38,211.14,211.14,46.84,18.50,81.50,1.00,1.00,28391.88,26843.01,26668.02,28391.88,18,81,81,18,64002.41,63987.65,,
2026-07-12T20:58:16+08:00,btc-updown-5m-1783860900,https://polymarket.com/zh/event/btc-updown-5m-1783860900,20:55-21:00,18.00,83.00,17.00,82.00,230.96,114.75,114.75,222.26,17.50,82.50,1.00,1.00,28377.80,26866.01,26651.01,28372.80,17,82,82,17,64002.41,63987.65,,
2026-07-12T20:58:18+08:00,btc-updown-5m-1783860900,https://polymarket.com/zh/event/btc-updown-5m-1783860900,20:55-21:00,18.00,83.00,17.00,82.00,244.27,103.92,103.92,236.81,17.50,82.50,1.00,1.00,28077.80,26454.12,26568.01,28082.80,17,82,82,17,64002.41,63989.21,,
2026-07-12T20:58:20+08:00,btc-updown-5m-1783860900,https://polymarket.com/zh/event/btc-updown-5m-1783860900,20:55-21:00,18.00,83.00,17.00,82.00,254.58,29.08,29.08,254.58,17.50,82.50,1.00,1.00,28066.70,26434.12,26029.12,27627.80,17,82,82,17,64002.41,63989.20,,
2026-07-12T20:58:22+08:00,btc-updown-5m-1783860900,https://polymarket.com/zh/event/btc-updown-5m-1783860900,20:55-21:00,18.00,83.00,17.00,82.00,155.90,177.97,177.97,155.90,17.50,82.50,1.00,1.00,27210.62,25508.01,25623.02,27227.80,17,82,82,17,64002.41,63989.20,,
2026-07-12T20:58:24+08:00,btc-updown-5m-1783860900,https://polymarket.com/zh/event/btc-updown-5m-1783860900,20:55-21:00,17.00,84.00,16.00,83.00,80.00,60.31,35.00,63.64,16.50,83.50,1.00,1.00,29227.80,25513.01,25613.01,29227.80,16,83,83,16,64002.41,63989.20,,
2026-07-12T20:58:26+08:00,btc-updown-5m-1783860900,https://polymarket.com/zh/event/btc-updown-5m-1783860900,20:55-21:00,16.00,85.00,15.00,84.00,15.00,172.32,172.32,114.00,15.50,84.50,1.00,1.00,26920.13,25708.01,25618.01,26920.13,15,84,83,15,64002.41,63989.20,,
2026-07-12T20:58:28+08:00,btc-updown-5m-1783860900,https://polymarket.com/zh/event/btc-updown-5m-1783860900,20:55-21:00,18.00,83.00,17.00,82.00,530.80,27.57,28.78,530.80,17.50,82.50,1.00,1.00,26686.13,25624.12,25619.12,26686.13,16,82,82,17,64002.41,63989.20,,
2026-07-12T20:58:30+08:00,btc-updown-5m-1783860900,https://polymarket.com/zh/event/btc-updown-5m-1783860900,20:55-21:00,16.00,85.00,15.00,84.00,153.41,4.58,4.58,151.78,15.50,84.50,1.00,1.00,26628.13,25576.12,25571.13,26628.13,15,84,84,15,64002.41,63989.20,,
2026-07-12T20:58:32+08:00,btc-updown-5m-1783860900,https://polymarket.com/zh/event/btc-updown-5m-1783860900,20:55-21:00,15.00,86.00,14.00,85.00,94.32,116.66,116.66,94.32,14.50,85.50,1.00,1.00,26059.13,25125.01,25040.02,26059.13,14,85,85,14,64002.41,63989.20,,
2026-07-12T20:58:34+08:00,btc-updown-5m-1783860900,https://polymarket.com/zh/event/btc-updown-5m-1783860900,20:55-21:00,17.00,84.00,16.00,83.00,41.94,49.30,49.30,36.05,16.50,83.50,1.00,1.00,26069.13,25125.01,25140.01,26093.42,15,83,83,15,64002.41,63989.20,,
2026-07-12T20:58:36+08:00,btc-updown-5m-1783860900,https://polymarket.com/zh/event/btc-updown-5m-1783860900,20:55-21:00,17.00,84.00,16.00,83.00,95.81,12.00,12.00,184.81,16.50,83.50,1.00,1.00,26069.13,25026.12,25035.01,26069.13,16,83,83,16,64002.41,63989.20,,
2026-07-12T20:58:38+08:00,btc-updown-5m-1783860900,https://polymarket.com/zh/event/btc-updown-5m-1783860900,20:55-21:00,16.00,85.00,15.00,84.00,26.54,41.30,41.30,26.54,15.50,84.50,1.00,1.00,26059.13,24941.12,25036.12,26064.13,15,84,84,15,64002.41,63989.21,,
2026-07-12T20:58:40+08:00,btc-updown-5m-1783860900,https://polymarket.com/zh/event/btc-updown-5m-1783860900,20:55-21:00,15.00,86.00,14.00,85.00,20.00,166.41,126.41,20.00,14.50,85.50,1.00,1.00,26068.13,25035.01,24941.13,26090.45,14,85,85,14,64002.41,63989.21,,
2026-07-12T20:58:42+08:00,btc-updown-5m-1783860900,https://polymarket.com/zh/event/btc-updown-5m-1783860900,20:55-21:00,20.00,81.00,19.00,80.00,346.97,15.86,121.86,357.97,19.50,80.50,1.00,1.00,26395.13,24931.01,24876.01,26400.13,19,80,80,19,64002.41,63991.19,,
2026-07-12T20:58:44+08:00,btc-updown-5m-1783860900,https://polymarket.com/zh/event/btc-updown-5m-1783860900,20:55-21:00,17.00,84.00,16.00,83.00,91.61,24.00,24.00,91.61,16.50,83.50,1.00,1.00,26395.13,24799.02,24719.01,26400.13,16,83,83,16,64002.41,63992.06,,
2026-07-12T20:58:46+08:00,btc-updown-5m-1783860900,https://polymarket.com/zh/event/btc-updown-5m-1783860900,20:55-21:00,17.00,84.00,16.00,83.00,67.72,38.30,38.30,61.72,16.50,83.50,1.00,1.00,26345.13,24855.12,24665.13,26345.13,16,83,83,16,64002.41,63992.06,,
2026-07-12T20:58:48+08:00,btc-updown-5m-1783860900,https://polymarket.com/zh/event/btc-updown-5m-1783860900,20:55-21:00,17.00,84.00,16.00,83.00,46.72,36.14,41.14,46.72,16.50,83.50,1.00,1.00,26345.13,24675.13,24770.12,26345.13,16,83,83,16,64002.41,63992.06,,
2026-07-12T20:58:50+08:00,btc-updown-5m-1783860900,https://polymarket.com/zh/event/btc-updown-5m-1783860900,20:55-21:00,17.00,82.00,16.00,81.00,15.95,26.72,27.61,33.29,16.50,81.50,1.00,1.00,26350.13,24620.01,24735.01,26345.13,16,83,81,17,64002.41,63992.07,,
2026-07-12T20:58:52+08:00,btc-updown-5m-1783860900,https://polymarket.com/zh/event/btc-updown-5m-1783860900,20:55-21:00,20.00,81.00,19.00,80.00,196.11,9.12,9.12,196.11,19.50,80.50,1.00,1.00,26039.13,24584.01,24473.01,26039.13,19,80,80,19,64002.41,63992.06,,
2026-07-12T20:58:54+08:00,btc-updown-5m-1783860900,https://polymarket.com/zh/event/btc-updown-5m-1783860900,20:55-21:00,12.00,89.00,11.00,88.00,148.79,169.07,169.07,148.79,11.50,88.50,1.00,1.00,24959.53,24403.01,24423.01,24954.53,11,88,88,11,64002.41,63989.25,,
2026-07-12T20:58:56+08:00,btc-updown-5m-1783860900,https://polymarket.com/zh/event/btc-updown-5m-1783860900,20:55-21:00,11.00,90.00,10.00,89.00,53.53,461.17,486.17,83.53,10.50,89.50,1.00,1.00,24980.00,24409.13,24394.12,24970.00,10,89,89,10,64002.41,63989.25,,
2026-07-12T20:58:58+08:00,btc-updown-5m-1783860900,https://polymarket.com/zh/event/btc-updown-5m-1783860900,20:55-21:00,11.00,90.00,10.00,89.00,35.00,472.21,473.33,45.68,10.50,89.50,1.00,1.00,24973.63,24319.12,24409.12,24983.63,10,89,89,10,64002.41,63989.25,,
2026-07-12T20:59:00+08:00,btc-updown-5m-1783860900,https://polymarket.com/zh/event/btc-updown-5m-1783860900,20:55-21:00,11.00,90.00,10.00,89.00,15.00,466.43,476.43,15.00,10.50,89.50,1.00,1.00,25046.83,24498.01,24871.01,24977.13,10,89,89,10,64002.41,63989.25,,
2026-07-12T20:59:02+08:00,btc-updown-5m-1783860900,https://polymarket.com/zh/event/btc-updown-5m-1783860900,20:55-21:00,12.00,89.00,11.00,88.00,294.24,1.47,8.22,294.24,11.50,88.50,1.00,1.00,24937.13,24881.01,24891.01,24942.13,11,88,88,11,64002.41,63989.25,,
2026-07-12T20:59:04+08:00,btc-updown-5m-1783860900,https://polymarket.com/zh/event/btc-updown-5m-1783860900,20:55-21:00,17.00,84.00,16.00,83.00,67.41,42.88,37.88,67.41,16.50,83.50,1.00,1.00,27297.93,25454.12,25349.12,27350.13,16,82,82,16,64002.41,63992.06,,
2026-07-12T20:59:06+08:00,btc-updown-5m-1783860900,https://polymarket.com/zh/event/btc-updown-5m-1783860900,20:55-21:00,14.00,87.00,13.00,86.00,15.52,346.05,346.05,31.34,13.50,86.50,1.00,1.00,26558.80,25344.12,25334.12,26553.80,13,85,85,13,64002.41,63992.06,,
2026-07-12T20:59:08+08:00,btc-updown-5m-1783860900,https://polymarket.com/zh/event/btc-updown-5m-1783860900,20:55-21:00,17.00,84.00,16.00,83.00,11.01,35.95,89.40,344.93,16.50,83.50,1.00,1.00,26587.80,25328.01,25328.01,26582.80,16,83,83,16,64002.41,63992.06,,
2026-07-12T20:59:10+08:00,btc-updown-5m-1783860900,https://polymarket.com/zh/event/btc-updown-5m-1783860900,20:55-21:00,18.00,83.00,17.00,82.00,14.10,6.00,16.00,27.46,17.50,82.50,1.00,1.00,25127.80,25373.01,25488.01,25127.80,17,82,82,17,64002.41,63992.07,,
2026-07-12T20:59:12+08:00,btc-updown-5m-1783860900,https://polymarket.com/zh/event/btc-updown-5m-1783860900,20:55-21:00,17.00,84.00,16.00,83.00,45.62,4.44,4.44,33.77,16.50,83.50,1.00,1.00,25078.10,24578.01,24673.01,25321.90,16,83,83,16,64002.41,63992.06,,
2026-07-12T20:59:14+08:00,btc-updown-5m-1783860900,https://polymarket.com/zh/event/btc-updown-5m-1783860900,20:55-21:00,19.00,82.00,18.00,81.00,510.71,68.96,68.96,574.71,18.50,81.50,1.00,1.00,25400.60,24704.12,24594.12,25395.60,16,80,79,16,64002.41,63992.06,,
2026-07-12T20:59:16+08:00,btc-updown-5m-1783860900,https://polymarket.com/zh/event/btc-updown-5m-1783860900,20:55-21:00,16.00,85.00,15.00,84.00,78.37,52.31,52.31,78.37,15.50,84.50,1.00,1.00,25020.60,24604.12,24594.12,25025.60,15,84,84,15,64002.41,63992.07,,
2026-07-12T20:59:18+08:00,btc-updown-5m-1783860900,https://polymarket.com/zh/event/btc-updown-5m-1783860900,20:55-21:00,14.00,87.00,13.00,86.00,71.57,131.92,131.92,71.57,13.50,86.50,1.00,1.00,24932.90,24588.01,24508.02,24937.90,13,85,85,13,64002.41,63992.07,,
2026-07-12T20:59:20+08:00,btc-updown-5m-1783860900,https://polymarket.com/zh/event/btc-updown-5m-1783860900,20:55-21:00,14.00,87.00,13.00,86.00,121.57,103.89,103.89,121.57,13.50,86.50,1.00,1.00,24876.70,24603.01,24598.01,24886.70,13,85,85,13,64002.41,63992.07,,
2026-07-12T20:59:22+08:00,btc-updown-5m-1783860900,https://polymarket.com/zh/event/btc-updown-5m-1783860900,20:55-21:00,6.00,95.00,5.00,94.00,73.07,817.57,637.42,103.07,5.50,94.50,1.00,1.00,23784.72,24694.12,24563.01,23970.14,5,92,94,5,64002.41,63992.07,,
2026-07-12T20:59:24+08:00,btc-updown-5m-1783860900,https://polymarket.com/zh/event/btc-updown-5m-1783860900,20:55-21:00,7.00,95.00,6.00,94.00,316.92,227.52,21.80,30.88,6.50,94.50,1.00,1.00,23720.62,24569.12,24559.12,23531.89,6,93,94,5,64002.41,63992.07,,
2026-07-12T20:59:26+08:00,btc-updown-5m-1783860900,https://polymarket.com/zh/event/btc-updown-5m-1783860900,20:55-21:00,6.00,95.00,5.00,94.00,81.19,431.42,412.28,98.16,5.50,94.50,1.00,1.00,23414.60,24563.01,24096.01,23438.74,5,93,94,5,64002.41,63992.06,,
2026-07-12T20:59:28+08:00,btc-updown-5m-1783860900,https://polymarket.com/zh/event/btc-updown-5m-1783860900,20:55-21:00,5.00,96.00,4.00,95.00,102.76,1203.15,1197.43,102.76,4.50,95.50,1.00,1.00,23196.10,24076.01,23956.01,23264.12,4,95,95,4,64002.41,63992.06,,
2026-07-12T20:59:30+08:00,btc-updown-5m-1783860900,https://polymarket.com/zh/event/btc-updown-5m-1783860900,20:55-21:00,5.00,96.00,4.00,95.00,53.76,1037.67,1037.67,53.76,4.50,95.50,1.00,1.00,23114.64,24055.01,23593.36,22955.14,4,95,95,4,64002.41,63992.06,,
2026-07-12T20:59:32+08:00,btc-updown-5m-1783860900,https://polymarket.com/zh/event/btc-updown-5m-1783860900,20:55-21:00,7.00,94.00,6.00,92.00,44.60,15.00,9.36,36.52,6.50,93.00,1.00,2.00,22225.95,23609.46,23624.47,22287.03,5,93,92,6,64002.41,63992.06,,
2026-07-12T20:59:34+08:00,btc-updown-5m-1783860900,https://polymarket.com/zh/event/btc-updown-5m-1783860900,20:55-21:00,7.00,94.00,6.00,93.00,95.70,1.28,2.35,95.70,6.50,93.50,1.00,1.00,21662.43,23608.35,23608.35,21676.36,5,93,93,5,64002.41,63992.06,,
2026-07-12T20:59:36+08:00,btc-updown-5m-1783860900,https://polymarket.com/zh/event/btc-updown-5m-1783860900,20:55-21:00,5.00,96.00,4.00,95.00,50.77,640.04,640.04,50.77,4.50,95.50,1.00,1.00,20834.96,22019.36,21999.37,20903.42,4,90,91,4,64002.41,63992.06,,
2026-07-12T20:59:38+08:00,btc-updown-5m-1783860900,https://polymarket.com/zh/event/btc-updown-5m-1783860900,20:55-21:00,6.00,96.00,4.00,93.00,16.24,361.30,323.85,25.00,5.00,94.50,2.00,3.00,20485.63,22525.47,22520.47,20237.65,4,93,92,4,64002.41,63992.06,,
2026-07-12T20:59:40+08:00,btc-updown-5m-1783860900,https://polymarket.com/zh/event/btc-updown-5m-1783860900,20:55-21:00,5.00,96.00,4.00,95.00,44.18,337.89,369.16,49.18,4.50,95.50,1.00,1.00,20215.33,22222.37,22237.36,20184.06,4,94,94,4,64002.41,63992.06,,
2026-07-12T20:59:42+08:00,btc-updown-5m-1783860900,https://polymarket.com/zh/event/btc-updown-5m-1783860900,20:55-21:00,5.00,96.00,4.00,95.00,44.47,442.37,442.37,5.00,4.50,95.50,1.00,1.00,20243.54,22212.36,22212.36,20298.54,4,95,95,4,64002.41,63992.06,,
2026-07-12T20:59:44+08:00,btc-updown-5m-1783860900,https://polymarket.com/zh/event/btc-updown-5m-1783860900,20:55-21:00,6.00,96.00,4.00,94.00,61.29,384.71,396.17,61.29,5.00,95.00,2.00,2.00,20129.68,22212.37,22202.36,20118.22,4,94,94,4,64002.41,63992.06,,
2026-07-12T20:59:46+08:00,btc-updown-5m-1783860900,https://polymarket.com/zh/event/btc-updown-5m-1783860900,20:55-21:00,5.00,96.00,4.00,95.00,50.20,220.74,230.47,50.20,4.50,95.50,1.00,1.00,18656.40,21067.77,21062.77,18696.67,4,75,75,4,64002.41,63992.06,,
2026-07-12T20:59:48+08:00,btc-updown-5m-1783860900,https://polymarket.com/zh/event/btc-updown-5m-1783860900,20:55-21:00,4.00,97.00,3.00,96.00,298.00,154.20,238.13,308.00,3.50,96.50,1.00,1.00,10172.78,20817.77,20817.77,10083.85,3,74,74,3,64002.41,63992.06,,
2026-07-12T20:59:50+08:00,btc-updown-5m-1783860900,https://polymarket.com/zh/event/btc-updown-5m-1783860900,20:55-21:00,3.00,98.00,2.00,97.00,306.62,426.58,480.68,301.62,2.50,97.50,1.00,1.00,4151.94,20098.77,15141.77,4007.44,2,76,77,2,64002.41,63985.31,,
2026-07-12T20:59:52+08:00,btc-updown-5m-1783860900,https://polymarket.com/zh/event/btc-updown-5m-1783860900,20:55-21:00,2.00,99.00,1.00,98.00,142.00,3394.92,3494.92,212.00,1.50,98.50,1.00,1.00,3494.92,12865.73,12870.73,3394.92,1,75,75,1,64002.41,63982.16,,
2026-07-12T20:59:54+08:00,btc-updown-5m-1783860900,https://polymarket.com/zh/event/btc-updown-5m-1783860900,20:55-21:00,2.00,99.00,1.00,98.00,397.85,878.20,1088.20,412.85,1.50,98.50,1.00,1.00,1088.20,12840.73,12798.98,878.20,1,75,75,1,64002.41,63982.16,,
2026-07-12T20:59:56+08:00,btc-updown-5m-1783860900,https://polymarket.com/zh/event/btc-updown-5m-1783860900,20:55-21:00,1.00,,,99.00,4151.69,,,4191.69,,,,,,13498.97,13518.97,,0,72,72,0,64002.41,63982.16,,
2026-07-12T20:59:58+08:00,btc-updown-5m-1783860900,https://polymarket.com/zh/event/btc-updown-5m-1783860900,20:55-21:00,1.00,,,99.00,9587.99,,,9912.99,,,,,,13448.97,13448.97,,0,72,77,0,64002.41,63982.16,,
2026-07-12T21:00:00+08:00,btc-updown-5m-1783860900,https://polymarket.com/zh/event/btc-updown-5m-1783860900,20:55-21:00,1.00,,,99.00,93140.54,,,93600.44,,,,,,7189.97,6189.97,,0,47,49,0,64002.41,63982.16,,
2026-07-12T21:00:02+08:00,btc-updown-5m-1783861200,https://polymarket.com/zh/event/btc-updown-5m-1783861200,21:00-21:05,50.00,51.00,49.00,50.00,361.35,64.71,64.71,361.35,49.50,50.50,1.00,1.00,19498.33,19725.77,19820.77,19523.33,49,50,50,49,,63982.16,,
2026-07-12T21:00:04+08:00,btc-updown-5m-1783861200,https://polymarket.com/zh/event/btc-updown-5m-1783861200,21:00-21:05,46.00,55.00,45.00,54.00,108.00,217.98,228.89,108.00,45.50,54.50,1.00,1.00,19475.33,19827.77,19812.77,19480.33,45,54,54,45,,63982.17,,
2026-07-12T21:00:06+08:00,btc-updown-5m-1783861200,https://polymarket.com/zh/event/btc-updown-5m-1783861200,21:00-21:05,45.00,56.00,44.00,55.00,50.56,243.72,243.72,35.56,44.50,55.50,1.00,1.00,19797.33,20044.77,19819.77,19897.33,44,55,55,44,,63982.16,,
2026-07-12T21:00:08+08:00,btc-updown-5m-1783861200,https://polymarket.com/zh/event/btc-updown-5m-1783861200,21:00-21:05,45.00,64.00,44.00,61.00,189.00,58.26,88.36,60.00,44.50,62.50,1.00,3.00,17951.33,19969.88,19989.89,17951.33,42,55,58,36,,63981.94,,
2026-07-12T21:00:10+08:00,btc-updown-5m-1783861200,https://polymarket.com/zh/event/btc-updown-5m-1783861200,21:00-21:05,37.00,64.00,36.00,63.00,43.52,202.27,223.60,52.52,36.50,63.50,1.00,1.00,17972.41,18069.55,18060.66,17972.41,36,63,63,36,,63975.00,,
2026-07-12T21:00:12+08:00,btc-updown-5m-1783861200,https://polymarket.com/zh/event/btc-updown-5m-1783861200,21:00-21:05,39.00,62.00,38.00,61.00,269.70,174.69,181.69,284.70,38.50,61.50,1.00,1.00,18107.97,18064.55,17959.55,18092.97,38,61,61,38,,63975.00,,
2026-07-12T21:00:14+08:00,btc-updown-5m-1783861200,https://polymarket.com/zh/event/btc-updown-5m-1783861200,21:00-21:05,25.00,76.00,24.00,75.00,82.12,479.33,508.34,62.12,24.50,75.50,1.00,1.00,20184.97,18616.15,18691.15,20184.97,24,75,75,24,,63965.72,,
2026-07-12T21:00:16+08:00,btc-updown-5m-1783861200,https://polymarket.com/zh/event/btc-updown-5m-1783861200,21:00-21:05,25.00,75.00,24.00,74.00,44.55,280.00,501.70,102.02,24.50,74.50,1.00,1.00,20464.97,18545.66,18560.66,20464.97,24,75,74,25,,63965.72,,
2026-07-12T21:00:18+08:00,btc-updown-5m-1783861200,https://polymarket.com/zh/event/btc-updown-5m-1783861200,21:00-21:05,25.00,76.00,24.00,75.00,225.64,61.86,49.11,351.51,24.50,75.50,1.00,1.00,20484.97,18560.66,18545.66,20474.97,24,75,75,24,,63965.72,,
2026-07-12T21:00:20+08:00,btc-updown-5m-1783861200,https://polymarket.com/zh/event/btc-updown-5m-1783861200,21:00-21:05,26.00,75.00,25.00,74.00,199.33,23.78,33.78,199.33,25.50,74.50,1.00,1.00,20369.97,18656.21,18656.21,20354.97,25,74,74,25,,63965.72,,
2026-07-12T21:00:22+08:00,btc-updown-5m-1783861200,https://polymarket.com/zh/event/btc-updown-5m-1783861200,21:00-21:05,24.00,77.00,23.00,76.00,77.75,600.16,624.45,77.75,23.50,76.50,1.00,1.00,20488.52,18968.81,18863.81,20488.52,23,76,76,23,,63965.73,,
2026-07-12T21:00:24+08:00,btc-updown-5m-1783861200,https://polymarket.com/zh/event/btc-updown-5m-1783861200,21:00-21:05,24.00,77.00,23.00,76.00,82.52,590.76,595.65,82.52,23.50,76.50,1.00,1.00,22284.10,19463.41,19548.40,22284.10,23,76,76,23,,63965.72,,
2026-07-12T21:00:26+08:00,btc-updown-5m-1783861200,https://polymarket.com/zh/event/btc-updown-5m-1783861200,21:00-21:05,25.00,76.00,24.00,75.00,81.68,536.48,536.48,81.68,24.50,75.50,1.00,1.00,22703.20,19856.60,19836.60,22703.20,24,75,75,24,,63965.73,,
2026-07-12T21:00:28+08:00,btc-updown-5m-1783861200,https://polymarket.com/zh/event/btc-updown-5m-1783861200,21:00-21:05,24.00,77.00,23.00,76.00,61.31,242.00,192.68,84.14,23.50,76.50,1.00,1.00,24688.20,19891.30,20011.30,24688.20,23,76,76,23,,63965.73,,
2026-07-12T21:00:30+08:00,btc-updown-5m-1783861200,https://polymarket.com/zh/event/btc-updown-5m-1783861200,21:00-21:05,23.00,78.00,22.00,77.00,85.00,279.79,279.79,85.00,22.50,77.50,1.00,1.00,24183.20,19375.19,19390.19,24183.20,22,77,77,22,,63965.73,,
2026-07-12T21:00:33+08:00,btc-updown-5m-1783861200,https://polymarket.com/zh/event/btc-updown-5m-1783861200,21:00-21:05,24.00,77.00,23.00,76.00,71.05,177.58,196.57,64.05,23.50,76.50,1.00,1.00,24339.20,19370.19,19375.19,24339.20,23,76,76,23,,63965.87,,
2026-07-12T21:00:34+08:00,btc-updown-5m-1783861200,https://polymarket.com/zh/event/btc-updown-5m-1783861200,21:00-21:05,27.00,73.00,26.00,72.00,109.90,146.00,82.64,5.00,26.50,72.50,1.00,1.00,24075.53,19391.30,19480.19,24075.53,26,73,72,27,,63965.87,,
2026-07-12T21:00:36+08:00,btc-updown-5m-1783861200,https://polymarket.com/zh/event/btc-updown-5m-1783861200,21:00-21:05,29.00,72.00,28.00,71.00,208.66,80.57,104.49,208.66,28.50,71.50,1.00,1.00,24050.53,19667.30,19682.31,24050.53,28,71,71,28,,63968.84,,
2026-07-12T21:00:38+08:00,btc-updown-5m-1783861200,https://polymarket.com/zh/event/btc-updown-5m-1783861200,21:00-21:05,28.00,73.00,27.00,72.00,306.45,188.30,138.30,281.45,27.50,72.50,1.00,1.00,24065.53,19766.19,19781.19,24050.53,27,72,72,27,,63968.84,,
2026-07-12T21:00:40+08:00,btc-updown-5m-1783861200,https://polymarket.com/zh/event/btc-updown-5m-1783861200,21:00-21:05,29.00,72.00,28.00,71.00,263.12,0.27,5.27,263.12,28.50,71.50,1.00,1.00,24065.53,19849.89,19734.89,24065.53,28,71,71,28,,63968.84,,
2026-07-12T21:00:42+08:00,btc-updown-5m-1783861200,https://polymarket.com/zh/event/btc-updown-5m-1783861200,21:00-21:05,26.00,75.00,25.00,74.00,135.79,41.79,101.46,135.79,25.50,74.50,1.00,1.00,24250.53,20010.89,20010.89,24350.53,25,74,74,25,,63968.84,,
2026-07-12T21:00:44+08:00,btc-updown-5m-1783861200,https://polymarket.com/zh/event/btc-updown-5m-1783861200,21:00-21:05,26.00,75.00,25.00,74.00,24.00,596.80,581.80,24.00,25.50,74.50,1.00,1.00,24365.53,19902.00,19902.00,24365.53,25,74,74,25,,63968.85,,
2026-07-12T21:00:46+08:00,btc-updown-5m-1783861200,https://polymarket.com/zh/event/btc-updown-5m-1783861200,21:00-21:05,26.00,75.00,25.00,74.00,141.73,17.62,28.62,146.73,25.50,74.50,1.00,1.00,24355.53,19917.00,19932.00,24355.53,25,74,74,25,,63968.85,,
2026-07-12T21:00:48+08:00,btc-updown-5m-1783861200,https://polymarket.com/zh/event/btc-updown-5m-1783861200,21:00-21:05,27.00,74.00,26.00,73.00,25.00,15.00,20.00,146.84,26.50,73.50,1.00,1.00,24233.23,19910.89,19905.89,24439.23,26,73,73,26,,63968.84,,
2026-07-12T21:00:50+08:00,btc-updown-5m-1783861200,https://polymarket.com/zh/event/btc-updown-5m-1783861200,21:00-21:05,27.00,73.00,26.00,72.00,54.30,92.74,147.58,144.17,26.50,72.50,1.00,1.00,24439.23,20000.89,19995.90,24439.23,26,73,72,27,,63968.84,,
2026-07-12T21:00:52+08:00,btc-updown-5m-1783861200,https://polymarket.com/zh/event/btc-updown-5m-1783861200,21:00-21:05,26.00,75.00,25.00,73.00,200.06,29.62,31.00,35.00,25.50,74.00,1.00,2.00,24194.23,19657.00,19652.00,24305.23,25,74,73,25,,63968.84,,
2026-07-12T21:00:54+08:00,btc-updown-5m-1783861200,https://polymarket.com/zh/event/btc-updown-5m-1783861200,21:00-21:05,26.00,75.00,25.00,74.00,52.98,171.20,146.20,52.98,25.50,74.50,1.00,1.00,24269.23,19537.00,19742.00,24269.23,25,74,74,25,,63968.84,,
2026-07-12T21:00:56+08:00,btc-updown-5m-1783861200,https://polymarket.com/zh/event/btc-updown-5m-1783861200,21:00-21:05,25.00,76.00,24.00,75.00,50.56,170.66,195.66,28.56,24.50,75.50,1.00,1.00,24048.23,19640.90,19740.90,24063.23,24,75,75,24,,63968.84,,
2026-07-12T21:00:58+08:00,btc-updown-5m-1783861200,https://polymarket.com/zh/event/btc-updown-5m-1783861200,21:00-21:05,25.00,76.00,24.00,75.00,33.56,246.70,221.70,33.56,24.50,75.50,1.00,1.00,24043.23,19530.89,19645.89,24043.23,24,75,75,24,,63968.84,,
2026-07-12T21:01:00+08:00,btc-updown-5m-1783861200,https://polymarket.com/zh/event/btc-updown-5m-1783861200,21:00-21:05,24.00,76.00,23.00,75.00,28.00,195.89,833.63,5.00,23.50,75.50,1.00,1.00,31669.93,27952.59,27977.59,31584.93,23,76,75,24,,63968.84,,
2026-07-12T21:01:02+08:00,btc-updown-5m-1783861200,https://polymarket.com/zh/event/btc-updown-5m-1783861200,21:00-21:05,29.00,72.00,28.00,71.00,15.00,108.57,153.57,25.00,28.50,71.50,1.00,1.00,31594.93,27973.70,28063.70,31589.93,28,71,71,28,,63968.84,,
2026-07-12T21:01:04+08:00,btc-updown-5m-1783861200,https://polymarket.com/zh/event/btc-updown-5m-1783861200,21:00-21:05,28.00,73.00,27.00,72.00,15.00,233.89,218.89,15.00,27.50,72.50,1.00,1.00,31491.38,27963.70,27973.70,31486.38,27,72,72,27,,63968.84,,
2026-07-12T21:01:06+08:00,btc-updown-5m-1783861200,https://polymarket.com/zh/event/btc-updown-5m-1783861200,21:00-21:05,31.00,79.00,30.00,78.00,303.13,75.00,4.82,123.00,30.50,78.50,1.00,1.00,31533.38,27383.59,27332.59,31418.38,27,69,78,21,,63968.84,,
2026-07-12T21:01:08+08:00,btc-updown-5m-1783861200,https://polymarket.com/zh/event/btc-updown-5m-1783861200,21:00-21:05,21.00,80.00,20.00,79.00,172.31,91.72,141.72,227.11,20.50,79.50,1.00,1.00,30929.38,27227.59,27452.60,30924.38,20,79,79,20,,63965.72,,
2026-07-12T21:01:10+08:00,btc-updown-5m-1783861200,https://polymarket.com/zh/event/btc-updown-5m-1783861200,21:00-21:05,21.00,78.00,20.00,77.00,15.00,35.00,122.12,126.00,20.50,77.50,1.00,1.00,30879.38,27328.70,27337.60,30874.38,20,78,77,22,,63965.72,,
2026-07-12T21:01:12+08:00,btc-updown-5m-1783861200,https://polymarket.com/zh/event/btc-updown-5m-1783861200,21:00-21:05,23.00,79.00,22.00,78.00,222.10,17.62,12.94,37.41,22.50,78.50,1.00,1.00,30649.68,27127.00,27032.00,30644.68,22,77,78,21,,63965.72,,
2026-07-12T21:01:14+08:00,btc-updown-5m-1783861200,https://polymarket.com/zh/event/btc-updown-5m-1783861200,21:00-21:05,23.00,78.00,22.00,77.00,243.27,0.02,0.02,243.27,22.50,77.50,1.00,1.00,30649.68,27105.89,27115.89,30644.68,22,77,77,22,,63965.72,,
2026-07-12T21:01:16+08:00,btc-updown-5m-1783861200,https://polymarket.com/zh/event/btc-updown-5m-1783861200,21:00-21:05,18.00,83.00,17.00,82.00,55.27,621.54,616.54,47.94,17.50,82.50,1.00,1.00,26102.68,27135.90,27115.89,26097.68,17,82,82,17,,63965.40,,
2026-07-12T21:01:18+08:00,btc-updown-5m-1783861200,https://polymarket.com/zh/event/btc-updown-5m-1783861200,21:00-21:05,20.00,81.00,19.00,80.00,26.00,177.97,179.81,26.00,19.50,80.50,1.00,1.00,26043.68,27120.89,27005.89,26043.68,19,80,80,19,,63962.08,,
2026-07-12T21:01:21+08:00,btc-updown-5m-1783861200,https://polymarket.com/zh/event/btc-updown-5m-1783861200,21:00-21:05,18.00,82.00,17.00,81.00,15.00,65.00,307.45,15.18,17.50,81.50,1.00,1.00,26029.68,27397.01,27387.00,26029.68,17,82,81,18,,63962.09,,
2026-07-12T21:01:23+08:00,btc-updown-5m-1783861200,https://polymarket.com/zh/event/btc-updown-5m-1783861200,21:00-21:05,18.00,83.00,17.00,82.00,42.15,403.74,352.07,27.15,17.50,82.50,1.00,1.00,25979.68,27392.01,27292.00,25979.68,17,82,82,17,,63962.08,,
2026-07-12T21:01:24+08:00,btc-updown-5m-1783861200,https://polymarket.com/zh/event/btc-updown-5m-1783861200,21:00-21:05,17.00,84.00,16.00,83.00,20.14,180.73,148.21,26.16,16.50,83.50,1.00,1.00,25726.68,27385.89,27285.89,25726.68,16,83,83,16,,63962.09,,
2026-07-12T21:01:26+08:00,btc-updown-5m-1783861200,https://polymarket.com/zh/event/btc-updown-5m-1783861200,21:00-21:05,17.00,84.00,16.00,83.00,36.69,152.85,127.85,36.69,16.50,83.50,1.00,1.00,25768.68,27255.89,27275.89,25726.68,16,83,83,16,,63962.08,,
2026-07-12T21:01:28+08:00,btc-updown-5m-1783861200,https://polymarket.com/zh/event/btc-updown-5m-1783861200,21:00-21:05,17.00,84.00,16.00,83.00,38.96,177.85,177.85,33.96,16.50,83.50,1.00,1.00,25752.68,27362.00,27370.89,25747.68,16,83,83,16,,63962.08,,
2026-07-12T21:01:35+08:00,btc-updown-5m-1783861200,https://polymarket.com/zh/event/btc-updown-5m-1783861200,21:00-21:05,17.00,84.00,16.00,83.00,30.50,285.43,268.52,30.50,16.50,83.50,1.00,1.00,25526.17,26965.89,27070.90,25526.17,16,83,83,16,,63962.08,,
2026-07-12T21:01:37+08:00,btc-updown-5m-1783861200,https://polymarket.com/zh/event/btc-updown-5m-1783861200,21:00-21:05,17.00,84.00,16.00,83.00,31.61,263.02,272.28,36.61,16.50,83.50,1.00,1.00,25526.17,26970.89,26975.90,25526.17,16,83,83,16,,63962.08,,
2026-07-12T21:01:39+08:00,btc-updown-5m-1783861200,https://polymarket.com/zh/event/btc-updown-5m-1783861200,21:00-21:05,18.00,83.00,17.00,82.00,42.14,229.74,229.74,42.14,17.50,82.50,1.00,1.00,25832.17,26965.89,27165.89,25832.17,17,82,82,17,,63962.08,,
2026-07-12T21:01:41+08:00,btc-updown-5m-1783861200,https://polymarket.com/zh/event/btc-updown-5m-1783861200,21:00-21:05,17.00,84.00,16.00,83.00,26.92,9.94,84.47,41.92,16.50,83.50,1.00,1.00,25832.17,27067.00,27077.00,25857.17,16,83,83,16,,63962.08,,
2026-07-12T21:01:43+08:00,btc-updown-5m-1783861200,https://polymarket.com/zh/event/btc-updown-5m-1783861200,21:00-21:05,16.00,85.00,15.00,84.00,285.02,113.36,148.66,285.02,15.50,84.50,1.00,1.00,25486.17,26980.89,26992.00,25486.17,15,84,84,15,,63962.08,,
2026-07-12T21:01:45+08:00,btc-updown-5m-1783861200,https://polymarket.com/zh/event/btc-updown-5m-1783861200,21:00-21:05,17.00,84.00,16.00,83.00,20.00,158.76,59.00,15.00,16.50,83.50,1.00,1.00,25827.17,26995.89,27010.90,25802.17,16,83,83,16,,63962.08,,
2026-07-12T21:01:47+08:00,btc-updown-5m-1783861200,https://polymarket.com/zh/event/btc-updown-5m-1783861200,21:00-21:05,19.00,82.00,18.00,81.00,235.50,18.98,18.98,220.50,18.50,81.50,1.00,1.00,25825.17,26995.89,27005.90,25820.17,18,81,81,18,,63962.08,,
2026-07-12T21:01:49+08:00,btc-updown-5m-1783861200,https://polymarket.com/zh/event/btc-updown-5m-1783861200,21:00-21:05,16.00,85.00,15.00,84.00,17.81,155.79,180.79,17.81,15.50,84.50,1.00,1.00,27009.17,27017.00,27107.01,27009.17,15,83,83,15,,63962.08,,
2026-07-12T21:01:51+08:00,btc-updown-5m-1783861200,https://polymarket.com/zh/event/btc-updown-5m-1783861200,21:00-21:05,18.00,83.00,17.00,82.00,169.16,8.95,10.16,167.83,17.50,82.50,1.00,1.00,28175.17,27712.00,27922.01,28170.17,17,82,82,17,,63962.09,,
2026-07-12T21:01:53+08:00,btc-updown-5m-1783861200,https://polymarket.com/zh/event/btc-updown-5m-1783861200,21:00-21:05,19.00,82.00,18.00,81.00,253.62,15.00,65.00,268.62,18.50,81.50,1.00,1.00,27350.17,28237.89,28042.89,27345.17,18,81,81,18,,63962.08,,
2026-07-12T21:01:55+08:00,btc-updown-5m-1783861200,https://polymarket.com/zh/event/btc-updown-5m-1783861200,21:00-21:05,17.00,84.00,16.00,83.00,15.00,385.01,385.01,15.00,16.50,83.50,1.00,1.00,27350.17,28137.89,28137.90,27345.17,16,83,83,16,,63962.09,,
2026-07-12T21:01:57+08:00,btc-updown-5m-1783861200,https://polymarket.com/zh/event/btc-updown-5m-1783861200,21:00-21:05,17.00,84.00,16.00,83.00,15.00,367.58,367.58,9.11,16.50,83.50,1.00,1.00,27241.17,28142.89,28127.89,27231.17,16,83,83,16,,63962.09,,
2026-07-12T21:01:59+08:00,btc-updown-5m-1783861200,https://polymarket.com/zh/event/btc-updown-5m-1783861200,21:00-21:05,17.00,84.00,16.00,83.00,9.11,352.00,352.00,9.11,16.50,83.50,1.00,1.00,27177.68,28134.00,28044.00,27177.68,16,83,83,16,,63962.09,,
2026-07-12T21:02:01+08:00,btc-updown-5m-1783861200,https://polymarket.com/zh/event/btc-updown-5m-1783861200,21:00-21:05,16.00,85.00,15.00,84.00,306.94,146.10,146.10,306.94,15.50,84.50,1.00,1.00,26856.68,27969.00,27864.00,26851.68,15,84,84,15,,63962.09,,
2026-07-12T21:02:03+08:00,btc-updown-5m-1783861200,https://polymarket.com/zh/event/btc-updown-5m-1783861200,21:00-21:05,15.00,86.00,14.00,85.00,65.63,134.58,116.56,60.63,14.50,85.50,1.00,1.00,26543.74,27962.89,27862.89,26518.68,14,85,85,14,,63962.09,,
2026-07-12T21:02:05+08:00,btc-updown-5m-1783861200,https://polymarket.com/zh/event/btc-updown-5m-1783861200,21:00-21:05,15.00,86.00,14.00,85.00,300.07,38.16,38.16,300.07,14.50,85.50,1.00,1.00,26593.68,27972.90,27972.89,26538.68,14,85,85,14,,63962.08,,
2026-07-12T21:02:07+08:00,btc-updown-5m-1783861200,https://polymarket.com/zh/event/btc-updown-5m-1783861200,21:00-21:05,14.00,87.00,13.00,86.00,20.00,264.37,264.37,25.00,13.50,86.50,1.00,1.00,26565.47,27974.00,27969.00,26560.47,13,86,86,13,,63962.09,,
2026-07-12T21:02:09+08:00,btc-updown-5m-1783861200,https://polymarket.com/zh/event/btc-updown-5m-1783861200,21:00-21:05,15.00,86.00,14.00,85.00,435.37,314.00,278.06,442.37,14.50,85.50,1.00,1.00,26552.17,27849.00,27964.00,26552.17,14,85,85,14,,63962.09,,
2026-07-12T21:02:11+08:00,btc-updown-5m-1783861200,https://polymarket.com/zh/event/btc-updown-5m-1783861200,21:00-21:05,15.00,86.00,14.00,85.00,372.69,217.52,219.86,372.69,14.50,85.50,1.00,1.00,26568.68,27867.90,27957.89,27163.68,14,85,85,14,,63962.09,,
2026-07-12T21:02:13+08:00,btc-updown-5m-1783861200,https://polymarket.com/zh/event/btc-updown-5m-1783861200,21:00-21:05,15.00,86.00,14.00,85.00,372.69,149.13,149.13,372.69,14.50,85.50,1.00,1.00,27188.68,27735.90,27715.89,27183.68,14,85,85,14,,63962.09,,
2026-07-12T21:02:15+08:00,btc-updown-5m-1783861200,https://polymarket.com/zh/event/btc-updown-5m-1783861200,21:00-21:05,17.00,84.00,16.00,83.00,455.73,36.00,30.00,460.73,16.50,83.50,1.00,1.00,27193.68,27769.04,27669.04,27188.68,16,83,83,16,,63962.09,,
2026-07-12T21:02:17+08:00,btc-updown-5m-1783861200,https://polymarket.com/zh/event/btc-updown-5m-1783861200,21:00-21:05,15.00,86.00,14.00,85.00,150.29,65.90,65.90,150.29,14.50,85.50,1.00,1.00,27188.68,27590.15,27605.16,27206.64,14,85,85,14,,63962.09,,
2026-07-12T21:02:19+08:00,btc-updown-5m-1783861200,https://polymarket.com/zh/event/btc-updown-5m-1783861200,21:00-21:05,15.00,86.00,14.00,85.00,143.62,18.45,18.45,143.62,14.50,85.50,1.00,1.00,27188.68,27770.15,27680.15,27183.68,14,85,85,14,,63962.08,,
2026-07-12T21:02:21+08:00,btc-updown-5m-1783861200,https://polymarket.com/zh/event/btc-updown-5m-1783861200,21:00-21:05,14.00,87.00,13.00,86.00,135.01,30.55,30.55,135.01,13.50,86.50,1.00,1.00,27305.64,27694.05,27689.04,27258.68,13,86,86,13,,63962.08,,
2026-07-12T21:02:23+08:00,btc-updown-5m-1783861200,https://polymarket.com/zh/event/btc-updown-5m-1783861200,21:00-21:05,15.00,86.00,14.00,85.00,394.91,20.00,20.00,394.91,14.50,85.50,1.00,1.00,27268.68,27669.04,27574.04,27263.68,14,85,85,14,,63962.09,,
2026-07-12T21:02:25+08:00,btc-updown-5m-1783861200,https://polymarket.com/zh/event/btc-updown-5m-1783861200,21:00-21:05,13.00,88.00,12.00,87.00,195.64,142.66,142.66,195.64,12.50,87.50,1.00,1.00,27287.17,27615.16,27680.15,27277.17,12,87,87,12,,63962.09,,
2026-07-12T21:02:27+08:00,btc-updown-5m-1783861200,https://polymarket.com/zh/event/btc-updown-5m-1783861200,21:00-21:05,14.00,87.00,13.00,86.00,476.52,80.00,80.00,476.52,13.50,86.50,1.00,1.00,27331.17,27695.16,27685.15,27326.17,13,86,86,13,,63962.08,,
2026-07-12T21:02:29+08:00,btc-updown-5m-1783861200,https://polymarket.com/zh/event/btc-updown-5m-1783861200,21:00-21:05,14.00,87.00,13.00,86.00,503.03,20.00,20.00,503.03,13.50,86.50,1.00,1.00,26836.17,27674.04,27669.04,26836.17,13,86,86,13,,63962.09,,
2026-07-12T21:02:31+08:00,btc-updown-5m-1783861200,https://polymarket.com/zh/event/btc-updown-5m-1783861200,21:00-21:05,13.00,88.00,12.00,87.00,30.52,256.93,256.93,30.52,12.50,87.50,1.00,1.00,26486.81,27458.54,27363.54,26486.81,12,87,87,12,,63962.09,,
2026-07-12T21:02:33+08:00,btc-updown-5m-1783861200,https://polymarket.com/zh/event/btc-updown-5m-1783861200,21:00-21:05,13.00,88.00,12.00,87.00,158.79,130.14,106.68,158.79,12.50,87.50,1.00,1.00,26466.81,27268.54,27278.54,26466.81,12,86,87,12,,63962.09,,
2026-07-12T21:02:35+08:00,btc-updown-5m-1783861200,https://polymarket.com/zh/event/btc-updown-5m-1783861200,21:00-21:05,13.00,88.00,12.00,87.00,128.00,92.53,112.53,128.00,12.50,87.50,1.00,1.00,25912.04,27174.65,27264.65,25912.04,12,87,87,12,,63962.09,,
2026-07-12T21:02:37+08:00,btc-updown-5m-1783861200,https://polymarket.com/zh/event/btc-updown-5m-1783861200,21:00-21:05,12.00,89.00,11.00,88.00,15.13,546.70,640.70,15.13,11.50,88.50,1.00,1.00,25887.04,27259.65,27259.65,25887.04,11,88,88,11,,63962.09,,
2026-07-12T21:02:39+08:00,btc-updown-5m-1783861200,https://polymarket.com/zh/event/btc-updown-5m-1783861200,21:00-21:05,12.00,89.00,11.00,88.00,22.17,416.42,374.72,22.17,11.50,88.50,1.00,1.00,25957.27,27258.54,27263.55,25912.27,11,88,88,11,,63962.09,,
2026-07-12T21:02:41+08:00,btc-updown-5m-1783861200,https://polymarket.com/zh/event/btc-updown-5m-1783861200,21:00-21:05,11.00,90.00,10.00,89.00,20.00,281.26,337.98,20.00,10.50,89.50,1.00,1.00,25962.27,27268.54,27178.54,25962.27,10,89,89,10,,63962.09,,
2026-07-12T21:02:43+08:00,btc-updown-5m-1783861200,https://polymarket.com/zh/event/btc-updown-5m-1783861200,21:00-21:05,10.00,91.00,9.00,90.00,217.11,278.43,314.43,216.01,9.50,90.50,1.00,1.00,26096.27,27273.55,27373.54,26096.27,9,90,90,9,,63962.09,,
2026-07-12T21:02:45+08:00,btc-updown-5m-1783861200,https://polymarket.com/zh/event/btc-updown-5m-1783861200,21:00-21:05,10.00,91.00,9.00,90.00,208.27,139.37,153.46,208.27,9.50,90.50,1.00,1.00,26096.27,27179.65,27279.65,26096.27,9,90,90,9,,63962.09,,
2026-07-12T21:02:47+08:00,btc-updown-5m-1783861200,https://polymarket.com/zh/event/btc-updown-5m-1783861200,21:00-21:05,10.00,91.00,9.00,90.00,148.27,294.75,139.37,5.00,9.50,90.50,1.00,1.00,26101.76,26468.54,26474.65,26051.76,9,90,90,9,,63962.09,,
2026-07-12T21:02:49+08:00,btc-updown-5m-1783861200,https://polymarket.com/zh/event/btc-updown-5m-1783861200,21:00-21:05,10.00,90.00,9.00,89.00,77.53,193.61,193.80,5.00,9.50,89.50,1.00,1.00,26106.76,26368.54,26363.54,26081.76,9,90,89,10,,63962.09,,
2026-07-12T21:02:51+08:00,btc-updown-5m-1783861200,https://polymarket.com/zh/event/btc-updown-5m-1783861200,21:00-21:05,12.00,89.00,11.00,88.00,221.23,234.75,203.14,133.23,11.50,88.50,1.00,1.00,26051.76,27868.54,26553.54,26021.76,11,88,88,11,,63962.09,,
2026-07-12T21:02:53+08:00,btc-updown-5m-1783861200,https://polymarket.com/zh/event/btc-updown-5m-1783861200,21:00-21:05,12.00,89.00,11.00,88.00,50.00,49.00,50.62,37.05,11.50,88.50,1.00,1.00,25947.76,26464.65,26459.65,25972.76,11,88,88,11,,63962.09,,
2026-07-12T21:02:55+08:00,btc-updown-5m-1783861200,https://polymarket.com/zh/event/btc-updown-5m-1783861200,21:00-21:05,16.00,85.00,15.00,84.00,27.26,143.90,138.00,54.95,15.50,84.50,1.00,1.00,26298.37,26459.65,26464.65,26298.37,15,84,84,15,,63962.08,,
2026-07-12T21:02:57+08:00,btc-updown-5m-1783861200,https://polymarket.com/zh/event/btc-updown-5m-1783861200,21:00-21:05,16.00,85.00,15.00,84.00,277.32,23.75,23.75,264.82,15.50,84.50,1.00,1.00,26568.26,27132.24,27137.24,26568.26,15,84,84,15,,63962.09,,
2026-07-12T21:02:59+08:00,btc-updown-5m-1783861200,https://polymarket.com/zh/event/btc-updown-5m-1783861200,21:00-21:05,16.00,85.00,15.00,84.00,239.20,17.31,20.38,260.20,15.50,84.50,1.00,1.00,26568.26,27137.24,27137.24,26568.26,15,84,84,15,,63962.08,,
2026-07-12T21:03:01+08:00,btc-updown-5m-1783861200,https://polymarket.com/zh/event/btc-updown-5m-1783861200,21:00-21:05,15.00,86.00,14.00,85.00,384.43,25.01,25.01,359.43,14.50,85.50,1.00,1.00,26208.26,26821.47,26841.47,26208.26,14,85,85,14,,63962.09,,
2026-07-12T21:03:03+08:00,btc-updown-5m-1783861200,https://polymarket.com/zh/event/btc-updown-5m-1783861200,21:00-21:05,14.00,87.00,13.00,86.00,329.96,34.68,34.68,329.96,13.50,86.50,1.00,1.00,26053.93,26796.48,26701.48,26053.93,13,86,86,13,,63962.09,,
2026-07-12T21:03:05+08:00,btc-updown-5m-1783861200,https://polymarket.com/zh/event/btc-updown-5m-1783861200,21:00-21:05,16.00,85.00,15.00,84.00,228.47,134.18,45.18,96.68,15.50,84.50,1.00,1.00,26039.57,26640.36,26640.37,26038.06,15,84,83,15,,63966.65,,
2026-07-12T21:03:07+08:00,btc-updown-5m-1783861200,https://polymarket.com/zh/event/btc-updown-5m-1783861200,21:00-21:05,24.00,77.00,23.00,76.00,622.55,77.66,69.96,622.55,23.50,76.50,1.00,1.00,25960.73,26660.36,26705.36,25960.73,23,76,76,23,,63967.55,,
2026-07-12T21:03:09+08:00,btc-updown-5m-1783861200,https://polymarket.com/zh/event/btc-updown-5m-1783861200,21:00-21:05,23.00,78.00,22.00,77.00,190.42,513.93,127.59,5.00,22.50,77.50,1.00,1.00,26419.22,26838.66,26733.66,28598.73,22,77,77,22,,63967.55,,
2026-07-12T21:03:11+08:00,btc-updown-5m-1783861200,https://polymarket.com/zh/event/btc-updown-5m-1783861200,21:00-21:05,37.00,64.00,36.00,63.00,37.85,165.02,141.02,37.85,36.50,63.50,1.00,1.00,31809.68,26313.77,26413.77,31819.68,36,63,63,36,,63974.79,,
2026-07-12T21:03:13+08:00,btc-updown-5m-1783861200,https://polymarket.com/zh/event/btc-updown-5m-1783861200,21:00-21:05,45.00,53.00,44.00,51.00,5.00,68.62,10.00,15.00,44.50,52.00,1.00,2.00,31584.68,26302.67,26408.77,31574.68,44,52,51,47,,63974.79,,
2026-07-12T21:03:15+08:00,btc-updown-5m-1783861200,https://polymarket.com/zh/event/btc-updown-5m-1783861200,21:00-21:05,58.00,42.00,54.00,40.00,19.01,15.00,223.53,45.00,56.00,41.00,4.00,2.00,31652.50,25636.66,25641.66,31547.51,54,42,40,58,,63983.89,,
2026-07-12T21:03:17+08:00,btc-updown-5m-1783861200,https://polymarket.com/zh/event/btc-updown-5m-1783861200,21:00-21:05,57.00,44.00,56.00,43.00,91.00,25.00,26.22,106.51,56.50,43.50,1.00,1.00,31286.44,25501.66,25496.66,31266.44,56,43,43,56,,63983.89,,
2026-07-12T21:03:19+08:00,btc-updown-5m-1783861200,https://polymarket.com/zh/event/btc-updown-5m-1783861200,21:00-21:05,46.00,54.00,45.00,53.00,6.62,198.97,404.56,10.00,45.50,53.50,1.00,1.00,31161.44,25447.77,25417.77,31126.44,45,54,53,46,,63983.89,,
2026-07-12T21:03:21+08:00,btc-updown-5m-1783861200,https://polymarket.com/zh/event/btc-updown-5m-1783861200,21:00-21:05,51.00,49.00,50.00,48.00,12.41,55.00,15.00,89.52,50.50,48.50,1.00,1.00,30305.11,24622.77,24512.77,30395.11,49,49,48,51,,63983.89,,
2026-07-12T21:03:23+08:00,btc-updown-5m-1783861200,https://polymarket.com/zh/event/btc-updown-5m-1783861200,21:00-21:05,51.00,51.00,50.00,50.00,165.29,110.15,15.00,45.00,50.50,50.50,1.00,1.00,30285.11,24586.66,24616.66,30275.11,50,49,50,49,,63983.89,,
2026-07-12T21:03:25+08:00,btc-updown-5m-1783861200,https://polymarket.com/zh/event/btc-updown-5m-1783861200,21:00-21:05,52.00,49.00,51.00,48.00,119.32,38.79,38.79,109.70,51.50,48.50,1.00,1.00,30417.62,24521.66,24511.66,30392.61,51,48,48,51,,63983.89,,
2026-07-12T21:03:27+08:00,btc-updown-5m-1783861200,https://polymarket.com/zh/event/btc-updown-5m-1783861200,21:00-21:05,48.00,53.00,47.00,52.00,51.66,272.22,232.59,52.00,47.50,52.50,1.00,1.00,28637.52,25023.78,24898.77,28622.52,47,52,52,47,,63983.89,,
2026-07-12T21:03:29+08:00,btc-updown-5m-1783861200,https://polymarket.com/zh/event/btc-updown-5m-1783861200,21:00-21:05,48.00,53.00,47.00,52.00,44.58,171.95,171.95,44.58,47.50,52.50,1.00,1.00,28637.52,25074.78,25054.77,28622.52,47,52,52,47,,63983.89,,
2026-07-12T21:03:31+08:00,btc-updown-5m-1783861200,https://polymarket.com/zh/event/btc-updown-5m-1783861200,21:00-21:05,49.00,52.00,48.00,51.00,64.73,46.92,111.15,116.95,48.50,51.50,1.00,1.00,28078.52,24499.66,24489.66,28058.52,48,51,51,48,,63983.89,,
2026-07-12T21:03:33+08:00,btc-updown-5m-1783861200,https://polymarket.com/zh/event/btc-updown-5m-1783861200,21:00-21:05,49.00,51.00,48.00,50.00,33.11,844.71,698.48,39.04,48.50,50.50,1.00,1.00,28078.52,26612.57,26622.57,28083.52,48,51,50,49,,63983.89,,
2026-07-12T21:03:35+08:00,btc-updown-5m-1783861200,https://polymarket.com/zh/event/btc-updown-5m-1783861200,21:00-21:05,51.00,50.00,50.00,49.00,25.60,130.89,115.00,25.60,50.50,49.50,1.00,1.00,27872.52,26527.57,26542.57,27982.52,50,49,49,50,,63983.89,,
2026-07-12T21:03:37+08:00,btc-updown-5m-1783861200,https://polymarket.com/zh/event/btc-updown-5m-1783861200,21:00-21:05,51.00,50.00,50.00,49.00,84.89,32.07,26.89,82.92,50.50,49.50,1.00,1.00,27888.63,26522.57,26517.57,27878.63,50,49,49,50,,63983.88,,
2026-07-12T21:03:39+08:00,btc-updown-5m-1783861200,https://polymarket.com/zh/event/btc-updown-5m-1783861200,21:00-21:05,50.00,51.00,49.00,50.00,43.00,918.17,925.05,43.00,49.50,50.50,1.00,1.00,27787.52,26617.57,26613.68,28078.52,49,50,50,49,,63983.89,,
2026-07-12T21:03:41+08:00,btc-updown-5m-1783861200,https://polymarket.com/zh/event/btc-updown-5m-1783861200,21:00-21:05,50.00,51.00,49.00,50.00,46.00,756.88,756.88,46.00,49.50,50.50,1.00,1.00,28083.52,26722.58,26617.57,28058.52,49,50,50,49,,63983.88,,
2026-07-12T21:03:43+08:00,btc-updown-5m-1783861200,https://polymarket.com/zh/event/btc-updown-5m-1783861200,21:00-21:05,51.00,50.00,50.00,49.00,164.77,22.56,26.56,155.46,50.50,49.50,1.00,1.00,28263.52,28527.57,28532.57,28378.52,50,49,49,50,,63983.89,,
2026-07-12T21:03:45+08:00,btc-updown-5m-1783861200,https://polymarket.com/zh/event/btc-updown-5m-1783861200,21:00-21:05,51.00,50.00,50.00,49.00,194.35,14.56,14.56,158.45,50.50,49.50,1.00,1.00,28169.63,28385.72,28400.72,28184.63,50,49,49,50,,63983.88,,
2026-07-12T21:03:47+08:00,btc-updown-5m-1783861200,https://polymarket.com/zh/event/btc-updown-5m-1783861200,21:00-21:05,51.00,50.00,50.00,49.00,157.31,18.39,18.39,151.92,50.50,49.50,1.00,1.00,28174.63,28330.72,28320.72,28174.64,50,49,49,50,,63983.88,,
2026-07-12T21:03:49+08:00,btc-updown-5m-1783861200,https://polymarket.com/zh/event/btc-updown-5m-1783861200,21:00-21:05,49.00,52.00,48.00,51.00,224.26,9.52,9.52,310.01,48.50,51.50,1.00,1.00,28058.52,28440.72,28555.72,28063.52,48,51,51,48,,63983.88,,
2026-07-12T21:03:51+08:00,btc-updown-5m-1783861200,https://polymarket.com/zh/event/btc-updown-5m-1783861200,21:00-21:05,47.00,54.00,46.00,53.00,227.72,100.00,79.00,227.72,46.50,53.50,1.00,1.00,28058.52,28555.73,28535.72,28048.52,46,53,53,46,,63983.88,,
2026-07-12T21:03:53+08:00,btc-updown-5m-1783861200,https://polymarket.com/zh/event/btc-updown-5m-1783861200,21:00-21:05,47.00,54.00,46.00,53.00,76.34,96.09,96.09,76.34,46.50,53.50,1.00,1.00,28063.52,28435.72,28445.72,28063.52,46,53,53,46,,63983.89,,
2026-07-12T21:03:55+08:00,btc-updown-5m-1783861200,https://polymarket.com/zh/event/btc-updown-5m-1783861200,21:00-21:05,50.00,48.00,49.00,47.00,156.79,23.86,174.65,15.00,49.50,47.50,1.00,1.00,28068.52,28556.84,28446.83,28048.52,49,50,47,51,,63983.89,,
2026-07-12T21:03:57+08:00,btc-updown-5m-1783861200,https://polymarket.com/zh/event/btc-updown-5m-1783861200,21:00-21:05,51.00,50.00,50.00,49.00,21.92,233.21,233.21,13.97,50.50,49.50,1.00,1.00,28163.52,28325.72,28310.72,28263.52,50,48,48,50,,63983.89,,
2026-07-12T21:03:59+08:00,btc-updown-5m-1783861200,https://polymarket.com/zh/event/btc-updown-5m-1783861200,21:00-21:05,53.00,48.00,52.00,47.00,15.00,146.19,66.19,10.27,52.50,47.50,1.00,1.00,28283.52,28440.72,28500.72,28288.52,52,47,47,52,,63983.89,,
2026-07-12T21:04:01+08:00,btc-updown-5m-1783861200,https://polymarket.com/zh/event/btc-updown-5m-1783861200,21:00-21:05,55.00,46.00,54.00,45.00,38.53,8.26,8.26,24.00,54.50,45.50,1.00,1.00,26350.61,28312.81,28302.81,26345.61,52,45,45,52,,63983.89,,
2026-07-12T21:04:03+08:00,btc-updown-5m-1783861200,https://polymarket.com/zh/event/btc-updown-5m-1783861200,21:00-21:05,55.00,46.00,54.00,45.00,48.41,23.47,30.00,302.99,54.50,45.50,1.00,1.00,26271.53,28324.04,28314.04,26346.52,54,45,45,53,,63983.89,,
2026-07-12T21:04:05+08:00,btc-updown-5m-1783861200,https://polymarket.com/zh/event/btc-updown-5m-1783861200,21:00-21:05,51.00,51.00,50.00,50.00,45.00,392.51,24.00,20.00,50.50,50.50,1.00,1.00,26341.52,28307.61,28312.61,26366.52,50,49,50,49,,63983.89,,
2026-07-12T21:04:07+08:00,btc-updown-5m-1783861200,https://polymarket.com/zh/event/btc-updown-5m-1783861200,21:00-21:05,50.00,49.00,49.00,48.00,0.73,50.00,821.98,27.73,49.50,48.50,1.00,1.00,26240.41,28521.05,28446.33,26260.41,49,49,48,51,,63983.89,,
2026-07-12T21:04:09+08:00,btc-updown-5m-1783861200,https://polymarket.com/zh/event/btc-updown-5m-1783861200,21:00-21:05,51.00,49.00,50.00,48.00,3.47,90.00,253.24,22.43,50.50,48.50,1.00,1.00,26345.41,28315.02,28330.02,26355.41,50,49,48,51,,63983.88,,
2026-07-12T21:04:11+08:00,btc-updown-5m-1783861200,https://polymarket.com/zh/event/btc-updown-5m-1783861200,21:00-21:05,63.00,38.00,62.00,37.00,80.19,186.87,231.87,5.19,62.50,37.50,1.00,1.00,26360.41,28147.05,28137.05,26445.41,61,37,36,61,,63983.89,,
2026-07-12T21:04:13+08:00,btc-updown-5m-1783861200,https://polymarket.com/zh/event/btc-updown-5m-1783861200,21:00-21:05,70.00,32.00,69.00,31.00,53.40,67.00,60.45,5.00,69.50,31.50,1.00,1.00,26371.52,28011.14,28001.14,26361.52,69,30,31,68,,63987.56,,
2026-07-12T21:04:15+08:00,btc-updown-5m-1783861200,https://polymarket.com/zh/event/btc-updown-5m-1783861200,21:00-21:05,69.00,33.00,66.00,32.00,15.00,50.00,50.00,5.00,67.50,32.50,3.00,1.00,26471.52,28024.14,28111.14,26356.52,62,31,31,65,,63987.56,,
2026-07-12T21:04:17+08:00,btc-updown-5m-1783861200,https://polymarket.com/zh/event/btc-updown-5m-1783861200,21:00-21:05,74.00,27.00,73.00,26.00,8.10,138.37,138.37,8.10,73.50,26.50,1.00,1.00,26355.41,28004.61,28004.61,26350.41,73,26,26,73,,63987.56,,
2026-07-12T21:04:19+08:00,btc-updown-5m-1783861200,https://polymarket.com/zh/event/btc-updown-5m-1783861200,21:00-21:05,78.00,20.00,77.00,14.00,172.91,25.00,56.62,105.67,77.50,17.00,1.00,6.00,26350.42,28038.37,28003.37,26340.42,75,22,14,78,,63987.56,,
2026-07-12T21:04:21+08:00,btc-updown-5m-1783861200,https://polymarket.com/zh/event/btc-updown-5m-1783861200,21:00-21:05,80.00,21.00,79.00,20.00,67.34,139.41,139.18,54.84,79.50,20.50,1.00,1.00,26396.41,28018.37,28018.37,26406.42,78,18,18,77,,63991.34,,
2026-07-12T21:04:23+08:00,btc-updown-5m-1783861200,https://polymarket.com/zh/event/btc-updown-5m-1783861200,21:00-21:05,87.00,14.00,86.00,13.00,97.81,75.69,70.69,29.48,86.50,13.50,1.00,1.00,26522.52,27919.17,27919.17,26302.52,86,13,13,86,,63991.34,,
2026-07-12T21:04:25+08:00,btc-updown-5m-1783861200,https://polymarket.com/zh/event/btc-updown-5m-1783861200,21:00-21:05,87.00,14.00,86.00,13.00,15.00,154.81,163.44,34.26,86.50,13.50,1.00,1.00,28417.52,30139.12,30139.12,28502.52,86,13,13,86,,63991.34,,
2026-07-12T21:04:27+08:00,btc-updown-5m-1783861200,https://polymarket.com/zh/event/btc-updown-5m-1783861200,21:00-21:05,88.00,13.00,87.00,12.00,18.04,270.74,245.62,18.04,87.50,12.50,1.00,1.00,28551.41,29875.02,29875.02,28551.41,87,12,12,87,,63992.03,,
2026-07-12T21:04:29+08:00,btc-updown-5m-1783861200,https://polymarket.com/zh/event/btc-updown-5m-1783861200,21:00-21:05,89.00,12.00,88.00,11.00,94.98,20.00,15.00,94.98,88.50,11.50,1.00,1.00,28461.41,29886.02,29886.02,28466.42,88,11,11,88,,63992.02,,
2026-07-12T21:04:32+08:00,btc-updown-5m-1783861200,https://polymarket.com/zh/event/btc-updown-5m-1783861200,21:00-21:05,94.00,7.00,93.00,6.00,1224.94,13.15,13.15,1245.39,93.50,6.50,1.00,1.00,28600.72,27286.26,27364.16,28595.71,92,6,6,92,,63993.34,,
2026-07-12T21:04:34+08:00,btc-updown-5m-1783861200,https://polymarket.com/zh/event/btc-updown-5m-1783861200,21:00-21:05,93.00,8.00,92.00,7.00,38.42,25.47,25.47,37.34,92.50,7.50,1.00,1.00,28656.82,27238.30,27248.30,28645.71,92,7,7,92,,63993.34,,
2026-07-12T21:04:36+08:00,btc-updown-5m-1783861200,https://polymarket.com/zh/event/btc-updown-5m-1783861200,21:00-21:05,96.00,5.00,95.00,4.00,252.74,226.76,226.76,252.74,95.50,4.50,1.00,1.00,24688.72,23080.67,23080.67,24698.72,95,4,4,95,,63997.00,,
2026-07-12T21:04:38+08:00,btc-updown-5m-1783861200,https://polymarket.com/zh/event/btc-updown-5m-1783861200,21:00-21:05,95.00,6.00,94.00,5.00,15.00,301.10,301.10,15.00,94.50,5.50,1.00,1.00,24217.84,23575.76,23470.81,24222.84,94,5,5,94,,63997.00,,
2026-07-12T21:04:40+08:00,btc-updown-5m-1783861200,https://polymarket.com/zh/event/btc-updown-5m-1783861200,21:00-21:05,98.00,3.00,97.00,2.00,458.46,267.66,355.33,458.46,97.50,2.50,1.00,1.00,23988.72,9212.86,9275.28,24008.72,97,2,2,97,,64000.19,,
2026-07-12T21:04:42+08:00,btc-updown-5m-1783861200,https://polymarket.com/zh/event/btc-updown-5m-1783861200,21:00-21:05,99.00,2.00,98.00,1.00,6951.38,873.59,868.09,5937.13,98.50,1.50,1.00,1.00,21984.64,6951.38,5937.13,21944.63,98,1,1,98,,64003.38,,
2026-07-12T21:04:44+08:00,btc-updown-5m-1783861200,https://polymarket.com/zh/event/btc-updown-5m-1783861200,21:00-21:05,99.00,2.00,98.00,1.00,5436.42,779.62,790.35,5380.91,98.50,1.50,1.00,1.00,21859.63,5436.42,5380.91,21844.64,98,1,1,98,,64003.39,,
2026-07-12T21:04:46+08:00,btc-updown-5m-1783861200,https://polymarket.com/zh/event/btc-updown-5m-1783861200,21:00-21:05,99.00,2.00,98.00,1.00,4807.72,800.05,780.05,4747.15,98.50,1.50,1.00,1.00,20865.04,4807.72,4747.15,20917.08,98,1,1,98,,64004.00,,
2026-07-12T21:04:48+08:00,btc-updown-5m-1783861200,https://polymarket.com/zh/event/btc-updown-5m-1783861200,21:00-21:05,99.00,2.00,97.00,1.00,4411.10,77.50,674.44,4303.95,98.00,1.50,2.00,1.00,20902.09,4411.10,4303.95,20887.08,97,1,1,98,,64003.99,,
2026-07-12T21:04:50+08:00,btc-updown-5m-1783861200,https://polymarket.com/zh/event/btc-updown-5m-1783861200,21:00-21:05,99.00,2.00,98.00,1.00,3429.83,927.32,922.32,3433.81,98.50,1.50,1.00,1.00,20802.08,3429.83,3433.81,15307.76,73,1,1,73,,64011.69,,
2026-07-12T21:04:52+08:00,btc-updown-5m-1783861200,https://polymarket.com/zh/event/btc-updown-5m-1783861200,21:00-21:05,,1.00,99.00,,,543.48,420.25,,,,,,14062.76,,,14067.76,73,0,0,73,,64011.70,,
2026-07-12T21:04:54+08:00,btc-updown-5m-1783861200,https://polymarket.com/zh/event/btc-updown-5m-1783861200,21:00-21:05,,1.00,99.00,,,1409.54,1409.54,,,,,,14297.76,,,14202.76,73,0,0,73,,64011.70,,
2026-07-12T21:04:56+08:00,btc-updown-5m-1783861200,https://polymarket.com/zh/event/btc-updown-5m-1783861200,21:00-21:05,,1.00,99.00,,,6518.43,3483.33,,,,,,14927.76,,,14922.76,74,0,0,72,,64011.69,,
2026-07-12T21:04:58+08:00,btc-updown-5m-1783861200,https://polymarket.com/zh/event/btc-updown-5m-1783861200,21:00-21:05,,1.00,99.00,,,11929.87,11541.83,,,,,,14907.77,,,14907.76,77,0,0,77,,64011.70,,
2026-07-12T21:05:00+08:00,btc-updown-5m-1783861200,https://polymarket.com/zh/event/btc-updown-5m-1783861200,21:00-21:05,,1.00,99.00,,,123263.43,122867.40,,,,,,11547.76,,,10392.76,71,0,0,46,,64013.04,,
2026-07-12T21:05:02+08:00,btc-updown-5m-1783861500,https://polymarket.com/zh/event/btc-updown-5m-1783861500,21:05-21:10,47.00,53.00,46.00,47.00,48.99,15.00,159.44,8.38,46.50,50.00,1.00,6.00,19717.90,19980.86,20085.87,19697.90,46,53,47,47,,64012.91,,
2026-07-12T21:05:04+08:00,btc-updown-5m-1783861500,https://polymarket.com/zh/event/btc-updown-5m-1783861500,21:05-21:10,49.00,53.00,48.00,52.00,144.59,117.00,101.00,30.00,48.50,52.50,1.00,1.00,19787.90,20075.27,19970.27,19872.90,48,51,52,47,,64012.92,,
2026-07-12T21:05:06+08:00,btc-updown-5m-1783861500,https://polymarket.com/zh/event/btc-updown-5m-1783861500,21:05-21:10,42.00,59.00,41.00,58.00,59.17,5.61,29.76,69.17,41.50,58.50,1.00,1.00,20123.90,20451.28,20446.27,20243.90,41,58,58,41,,64006.46,,
2026-07-12T21:05:08+08:00,btc-updown-5m-1783861500,https://polymarket.com/zh/event/btc-updown-5m-1783861500,21:05-21:10,41.00,60.00,40.00,59.00,83.75,8.64,16.58,73.75,40.50,59.50,1.00,1.00,19889.42,18157.38,18152.38,19884.42,39,59,59,39,,64003.92,,
2026-07-12T21:05:10+08:00,btc-updown-5m-1783861500,https://polymarket.com/zh/event/btc-updown-5m-1783861500,21:05-21:10,39.00,62.00,38.00,61.00,62.23,66.72,53.84,31.39,38.50,61.50,1.00,1.00,18182.67,18363.52,18349.58,18067.62,38,61,61,38,,64003.92,,
2026-07-12T21:05:12+08:00,btc-updown-5m-1783861500,https://polymarket.com/zh/event/btc-updown-5m-1783861500,21:05-21:10,33.00,72.00,32.00,71.00,238.00,15.12,0.51,16.00,32.50,71.50,1.00,1.00,20437.78,18651.97,18656.97,20761.78,31,67,71,28,,63992.00,,
2026-07-12T21:05:14+08:00,btc-updown-5m-1783861500,https://polymarket.com/zh/event/btc-updown-5m-1783861500,21:05-21:10,29.00,72.00,28.00,71.00,114.13,71.55,66.55,121.65,28.50,71.50,1.00,1.00,20862.78,19184.97,19189.98,20862.78,28,71,71,28,,63991.22,,
2026-07-12T21:05:16+08:00,btc-updown-5m-1783861500,https://polymarket.com/zh/event/btc-updown-5m-1783861500,21:05-21:10,29.00,72.00,28.00,71.00,32.70,156.78,176.78,32.70,28.50,71.50,1.00,1.00,21442.78,19351.09,19351.08,21442.78,28,71,71,28,,63991.22,,
2026-07-12T21:05:18+08:00,btc-updown-5m-1783861500,https://polymarket.com/zh/event/btc-updown-5m-1783861500,21:05-21:10,29.00,72.00,28.00,71.00,22.35,160.25,108.56,1.35,28.50,71.50,1.00,1.00,21437.78,19361.09,19341.08,22242.78,28,71,71,28,,63991.21,,
2026-07-12T21:05:20+08:00,btc-updown-5m-1783861500,https://polymarket.com/zh/event/btc-updown-5m-1783861500,21:05-21:10,34.00,67.00,33.00,66.00,133.34,188.28,175.47,133.34,33.50,66.50,1.00,1.00,22258.78,21003.57,21236.26,22253.78,33,66,66,33,,63999.07,,
2026-07-12T21:05:22+08:00,btc-updown-5m-1783861500,https://polymarket.com/zh/event/btc-updown-5m-1783861500,21:05-21:10,36.00,64.00,35.00,63.00,16.87,167.08,110.40,138.68,35.50,63.50,1.00,1.00,23271.07,21444.62,21424.62,22835.77,35,64,63,36,,63999.06,,
2026-07-12T21:05:24+08:00,btc-updown-5m-1783861500,https://polymarket.com/zh/event/btc-updown-5m-1783861500,21:05-21:10,36.00,65.00,35.00,64.00,22.00,139.78,116.16,36.00,35.50,64.50,1.00,1.00,23155.06,21495.73,21395.73,23234.36,35,64,64,35,,63999.07,,
2026-07-12T21:05:26+08:00,btc-updown-5m-1783861500,https://polymarket.com/zh/event/btc-updown-5m-1783861500,21:05-21:10,36.00,65.00,35.00,64.00,44.32,240.52,246.30,44.32,35.50,64.50,1.00,1.00,23332.70,21733.33,21728.33,23342.70,35,64,64,35,,63999.07,,
2026-07-12T21:05:28+08:00,btc-updown-5m-1783861500,https://polymarket.com/zh/event/btc-updown-5m-1783861500,21:05-21:10,37.00,64.00,36.00,63.00,253.23,100.00,99.96,450.86,36.50,63.50,1.00,1.00,23378.70,21949.22,21939.21,23363.70,36,63,63,36,,63999.07,,
2026-07-12T21:05:30+08:00,btc-updown-5m-1783861500,https://polymarket.com/zh/event/btc-updown-5m-1783861500,21:05-21:10,34.00,67.00,33.00,66.00,55.72,481.99,455.88,6.30,33.50,66.50,1.00,1.00,23263.70,22076.61,22066.61,23258.70,33,66,66,33,,63999.07,,
2026-07-12T21:05:32+08:00,btc-updown-5m-1783861500,https://polymarket.com/zh/event/btc-updown-5m-1783861500,21:05-21:10,38.00,63.00,37.00,62.00,618.48,5.00,10.00,625.32,37.50,62.50,1.00,1.00,22890.36,21501.61,21621.62,22885.36,37,62,62,36,,64000.15,,
2026-07-12T21:05:34+08:00,btc-updown-5m-1783861500,https://polymarket.com/zh/event/btc-updown-5m-1783861500,21:05-21:10,34.00,67.00,33.00,66.00,69.99,269.34,262.23,69.99,33.50,66.50,1.00,1.00,22843.70,21602.72,21617.72,22838.70,33,66,66,33,,64000.15,,
2026-07-12T21:05:36+08:00,btc-updown-5m-1783861500,https://polymarket.com/zh/event/btc-updown-5m-1783861500,21:05-21:10,34.00,67.00,33.00,66.00,141.50,167.96,167.96,166.50,33.50,66.50,1.00,1.00,24672.70,21587.72,21587.72,24667.70,33,66,66,33,,64000.14,,
2026-07-12T21:05:38+08:00,btc-updown-5m-1783861500,https://polymarket.com/zh/event/btc-updown-5m-1783861500,21:05-21:10,33.00,68.00,32.00,67.00,267.46,24.11,30.00,267.46,32.50,67.50,1.00,1.00,24697.70,21626.62,21491.61,24692.70,32,67,67,32,,64000.15,,
2026-07-12T21:05:40+08:00,btc-updown-5m-1783861500,https://polymarket.com/zh/event/btc-updown-5m-1783861500,21:05-21:10,35.00,66.00,34.00,65.00,85.90,630.59,630.59,85.90,34.50,65.50,1.00,1.00,24707.70,21606.61,21591.61,24702.70,34,65,65,34,,64000.15,,
2026-07-12T21:05:42+08:00,btc-updown-5m-1783861500,https://polymarket.com/zh/event/btc-updown-5m-1783861500,21:05-21:10,35.00,63.00,34.00,62.00,81.92,30.00,614.47,392.18,34.50,62.50,1.00,1.00,24717.70,21612.72,21581.61,24697.70,34,65,62,36,,64000.14,,
2026-07-12T21:05:44+08:00,btc-updown-5m-1783861500,https://polymarket.com/zh/event/btc-updown-5m-1783861500,21:05-21:10,34.00,67.00,33.00,66.00,25.96,234.14,223.04,25.96,33.50,66.50,1.00,1.00,24912.70,21612.73,21602.72,24927.70,33,66,66,33,,64000.14,,
2026-07-12T21:05:46+08:00,btc-updown-5m-1783861500,https://polymarket.com/zh/event/btc-updown-5m-1783861500,21:05-21:10,34.00,67.00,33.00,66.00,80.96,149.75,164.75,30.96,33.50,66.50,1.00,1.00,24930.70,21601.61,21697.73,24930.70,33,66,66,33,,64000.15,,
2026-07-12T21:05:48+08:00,btc-updown-5m-1783861500,https://polymarket.com/zh/event/btc-updown-5m-1783861500,21:05-21:10,34.00,67.00,33.00,66.00,132.43,25.00,25.00,132.43,33.50,66.50,1.00,1.00,24935.70,21626.62,21711.61,24920.70,33,66,66,33,,64000.14,,
2026-07-12T21:05:50+08:00,btc-updown-5m-1783861500,https://polymarket.com/zh/event/btc-updown-5m-1783861500,21:05-21:10,33.00,68.00,32.00,67.00,140.93,265.46,265.46,140.93,32.50,67.50,1.00,1.00,24920.70,21696.61,21611.61,24945.70,32,67,67,32,,64000.14,,
2026-07-12T21:05:52+08:00,btc-updown-5m-1783861500,https://polymarket.com/zh/event/btc-updown-5m-1783861500,21:05-21:10,32.00,69.00,31.00,68.00,622.51,137.80,148.67,627.51,31.50,68.50,1.00,1.00,24655.70,21036.72,20936.73,24665.70,31,68,68,31,,64000.15,,
2026-07-12T21:05:54+08:00,btc-updown-5m-1783861500,https://polymarket.com/zh/event/btc-updown-5m-1783861500,21:05-21:10,32.00,69.00,31.00,68.00,69.84,219.33,240.33,119.84,31.50,68.50,1.00,1.00,24640.70,21126.72,20936.73,24665.70,31,68,68,31,,64000.14,,
2026-07-12T21:05:56+08:00,btc-updown-5m-1783861500,https://polymarket.com/zh/event/btc-updown-5m-1783861500,21:05-21:10,31.00,70.00,30.00,69.00,75.54,301.16,301.16,68.69,30.50,69.50,1.00,1.00,24655.70,21030.61,21010.61,24650.70,30,69,69,30,,64000.15,,
2026-07-12T21:05:58+08:00,btc-updown-5m-1783861500,https://polymarket.com/zh/event/btc-updown-5m-1783861500,21:05-21:10,31.00,71.00,30.00,70.00,112.77,236.60,166.42,201.53,30.50,70.50,1.00,1.00,24645.70,21231.62,21226.61,24650.70,30,69,70,29,,64000.15,,
2026-07-12T21:06:00+08:00,btc-updown-5m-1783861500,https://polymarket.com/zh/event/btc-updown-5m-1783861500,21:05-21:10,31.00,70.00,30.00,69.00,487.99,58.00,58.00,492.99,30.50,69.50,1.00,1.00,32567.40,29477.72,29441.61,32572.40,30,69,69,30,,63998.55,,
2026-07-12T21:06:02+08:00,btc-updown-5m-1783861500,https://polymarket.com/zh/event/btc-updown-5m-1783861500,21:05-21:10,31.00,70.00,30.00,69.00,472.99,199.99,46.66,47.80,30.50,69.50,1.00,1.00,32569.40,29420.43,29395.42,32574.40,30,69,69,30,,63998.55,,
2026-07-12T21:06:04+08:00,btc-updown-5m-1783861500,https://polymarket.com/zh/event/btc-updown-5m-1783861500,21:05-21:10,31.00,70.00,30.00,69.00,27.77,292.27,207.27,27.77,30.50,69.50,1.00,1.00,32574.40,29414.32,29394.31,32584.40,30,69,69,30,,63998.54,,
2026-07-12T21:06:06+08:00,btc-updown-5m-1783861500,https://polymarket.com/zh/event/btc-updown-5m-1783861500,21:05-21:10,31.00,70.00,30.00,69.00,168.42,90.57,90.57,173.42,30.50,69.50,1.00,1.00,32514.40,29249.31,29359.31,32540.40,30,69,69,30,,63998.55,,
2026-07-12T21:06:08+08:00,btc-updown-5m-1783861500,https://polymarket.com/zh/event/btc-updown-5m-1783861500,21:05-21:10,31.00,70.00,30.00,69.00,91.13,115.53,54.94,41.20,30.50,69.50,1.00,1.00,32361.40,29160.31,29060.31,32346.40,30,69,69,30,,63998.54,,
2026-07-12T21:06:10+08:00,btc-updown-5m-1783861500,https://polymarket.com/zh/event/btc-updown-5m-1783861500,21:05-21:10,27.00,73.00,26.00,72.00,53.59,443.31,671.56,42.00,26.50,72.50,1.00,1.00,32296.40,29016.42,29031.42,32296.40,26,73,72,27,,63998.54,,
2026-07-12T21:06:12+08:00,btc-updown-5m-1783861500,https://polymarket.com/zh/event/btc-updown-5m-1783861500,21:05-21:10,28.00,73.00,27.00,72.00,350.91,83.84,83.84,350.91,27.50,72.50,1.00,1.00,31982.70,28802.72,28712.72,31977.70,27,72,72,27,,63998.54,,
2026-07-12T21:06:14+08:00,btc-updown-5m-1783861500,https://polymarket.com/zh/event/btc-updown-5m-1783861500,21:05-21:10,28.00,73.00,27.00,72.00,342.92,32.00,32.00,342.92,27.50,72.50,1.00,1.00,31676.70,28706.61,28691.61,31671.70,27,72,72,27,,63998.54,,
2026-07-12T21:06:16+08:00,btc-updown-5m-1783861500,https://polymarket.com/zh/event/btc-updown-5m-1783861500,21:05-21:10,21.00,80.00,20.00,79.00,87.03,595.30,595.30,102.03,20.50,79.50,1.00,1.00,31936.70,28603.61,28598.61,31931.70,20,79,79,20,,63995.34,,
2026-07-12T21:06:18+08:00,btc-updown-5m-1783861500,https://polymarket.com/zh/event/btc-updown-5m-1783861500,21:05-21:10,21.00,79.00,20.00,78.00,3.76,398.65,592.81,43.45,20.50,78.50,1.00,1.00,31863.70,28509.72,28714.73,31858.70,20,79,78,21,,63995.34,,
2026-07-12T21:06:20+08:00,btc-updown-5m-1783861500,https://polymarket.com/zh/event/btc-updown-5m-1783861500,21:05-21:10,22.00,79.00,21.00,78.00,2.44,146.05,146.05,17.44,21.50,78.50,1.00,1.00,31853.70,28599.72,28619.73,31848.70,21,78,78,21,,63995.34,,
2026-07-12T21:06:22+08:00,btc-updown-5m-1783861500,https://polymarket.com/zh/event/btc-updown-5m-1783861500,21:05-21:10,22.00,79.00,21.00,78.00,79.49,6.92,6.92,99.30,21.50,78.50,1.00,1.00,31853.70,28603.61,28603.61,31848.70,21,78,78,21,,63995.34,,
2026-07-12T21:06:24+08:00,btc-updown-5m-1783861500,https://polymarket.com/zh/event/btc-updown-5m-1783861500,21:05-21:10,21.00,80.00,20.00,79.00,75.76,114.21,114.21,75.76,20.50,79.50,1.00,1.00,31953.70,28693.61,28618.62,31948.70,20,79,79,20,,63995.34,,
2026-07-12T21:06:26+08:00,btc-updown-5m-1783861500,https://polymarket.com/zh/event/btc-updown-5m-1783861500,21:05-21:10,20.00,81.00,19.00,80.00,60.49,140.56,105.74,20.00,19.50,80.50,1.00,1.00,31953.70,28683.61,28703.61,31948.70,19,80,80,19,,63995.34,,
2026-07-12T21:06:28+08:00,btc-updown-5m-1783861500,https://polymarket.com/zh/event/btc-updown-5m-1783861500,21:05-21:10,21.00,80.00,20.00,79.00,45.00,562.20,562.20,45.00,20.50,79.50,1.00,1.00,31963.70,28598.62,28598.61,31958.70,20,79,79,20,,63995.34,,
2026-07-12T21:06:30+08:00,btc-updown-5m-1783861500,https://polymarket.com/zh/event/btc-updown-5m-1783861500,21:05-21:10,21.00,80.00,20.00,79.00,48.50,471.77,433.77,48.50,20.50,79.50,1.00,1.00,31963.70,28598.61,28603.61,31963.70,20,79,79,20,,63995.34,,
2026-07-12T21:06:32+08:00,btc-updown-5m-1783861500,https://polymarket.com/zh/event/btc-updown-5m-1783861500,21:05-21:10,21.00,80.00,20.00,79.00,79.50,1483.23,1497.63,74.50,20.50,79.50,1.00,1.00,31316.70,27815.61,27820.61,31321.70,20,79,79,20,,63995.34,,
2026-07-12T21:06:34+08:00,btc-updown-5m-1783861500,https://polymarket.com/zh/event/btc-updown-5m-1783861500,21:05-21:10,27.00,74.00,26.00,73.00,47.49,317.69,317.69,47.14,26.50,73.50,1.00,1.00,31349.70,27815.61,27820.61,31344.70,26,73,73,26,,63995.34,,
2026-07-12T21:06:36+08:00,btc-updown-5m-1783861500,https://polymarket.com/zh/event/btc-updown-5m-1783861500,21:05-21:10,27.00,74.00,26.00,73.00,50.40,224.13,224.13,50.40,26.50,73.50,1.00,1.00,31344.70,27815.61,27825.61,31334.70,26,73,73,26,,63995.34,,
2026-07-12T21:06:38+08:00,btc-updown-5m-1783861500,https://polymarket.com/zh/event/btc-updown-5m-1783861500,21:05-21:10,26.00,75.00,25.00,74.00,424.81,158.87,158.87,424.81,25.50,74.50,1.00,1.00,31344.70,27815.61,27825.61,31344.70,25,74,74,25,,63995.34,,
2026-07-12T21:06:40+08:00,btc-updown-5m-1783861500,https://polymarket.com/zh/event/btc-updown-5m-1783861500,21:05-21:10,25.00,77.00,24.00,76.00,20.00,10.54,55.75,75.00,24.50,76.50,1.00,1.00,31363.03,27810.61,27720.61,31263.03,24,75,76,23,,63995.35,,
2026-07-12T21:06:42+08:00,btc-updown-5m-1783861500,https://polymarket.com/zh/event/btc-updown-5m-1783861500,21:05-21:10,21.00,80.00,20.00,79.00,92.00,1465.70,1164.54,92.00,20.50,79.50,1.00,1.00,31278.03,27740.61,27640.61,31178.03,20,79,79,20,,63995.34,,
2026-07-12T21:06:44+08:00,btc-updown-5m-1783861500,https://polymarket.com/zh/event/btc-updown-5m-1783861500,21:05-21:10,22.00,79.00,21.00,78.00,62.45,409.68,441.93,140.45,21.50,78.50,1.00,1.00,31273.03,27620.61,27730.61,31278.03,21,78,78,21,,63995.34,,
2026-07-12T21:06:46+08:00,btc-updown-5m-1783861500,https://polymarket.com/zh/event/btc-updown-5m-1783861500,21:05-21:10,22.00,79.00,21.00,78.00,118.25,433.96,433.96,118.25,21.50,78.50,1.00,1.00,31278.03,27489.61,27594.61,31273.03,21,78,78,21,,63995.34,,
2026-07-12T21:06:48+08:00,btc-updown-5m-1783861500,https://polymarket.com/zh/event/btc-updown-5m-1783861500,21:05-21:10,22.00,79.00,21.00,78.00,53.00,428.57,428.57,53.00,21.50,78.50,1.00,1.00,31283.03,27784.61,27799.61,31278.03,21,78,78,21,,63995.34,,
2026-07-12T21:06:50+08:00,btc-updown-5m-1783861500,https://polymarket.com/zh/event/btc-updown-5m-1783861500,21:05-21:10,24.00,77.00,23.00,76.00,59.65,461.19,457.29,84.65,23.50,76.50,1.00,1.00,31127.03,27609.62,27699.61,31127.03,23,76,76,23,,63995.35,,
2026-07-12T21:06:52+08:00,btc-updown-5m-1783861500,https://polymarket.com/zh/event/btc-updown-5m-1783861500,21:05-21:10,24.00,77.00,23.00,76.00,117.95,30.61,7.30,77.42,23.50,76.50,1.00,1.00,30827.03,27704.61,27599.61,30827.03,23,76,76,23,,63995.34,,
2026-07-12T21:06:54+08:00,btc-updown-5m-1783861500,https://polymarket.com/zh/event/btc-updown-5m-1783861500,21:05-21:10,21.00,80.00,20.00,79.00,31.00,1905.89,1891.60,31.00,20.50,79.50,1.00,1.00,30827.03,27724.62,27709.61,30812.03,20,79,79,20,,63992.14,,
2026-07-12T21:06:56+08:00,btc-updown-5m-1783861500,https://polymarket.com/zh/event/btc-updown-5m-1783861500,21:05-21:10,21.00,80.00,20.00,79.00,16.00,1891.02,1896.02,16.00,20.50,79.50,1.00,1.00,30784.03,27789.61,27699.61,30756.03,20,79,79,20,,63992.14,,
2026-07-12T21:06:58+08:00,btc-updown-5m-1783861500,https://polymarket.com/zh/event/btc-updown-5m-1783861500,21:05-21:10,21.00,80.00,20.00,79.00,1.00,1443.45,1443.45,1.00,20.50,79.50,1.00,1.00,30717.03,27704.61,27709.61,30717.03,20,79,79,20,,63992.14,,
2026-07-12T21:07:00+08:00,btc-updown-5m-1783861500,https://polymarket.com/zh/event/btc-updown-5m-1783861500,21:05-21:10,17.00,84.00,16.00,83.00,60.15,232.60,457.20,281.13,16.50,83.50,1.00,1.00,30717.03,27665.61,27655.61,30767.03,16,83,83,16,,63992.14,,
2026-07-12T21:07:02+08:00,btc-updown-5m-1783861500,https://polymarket.com/zh/event/btc-updown-5m-1783861500,21:05-21:10,15.00,86.00,14.00,85.00,36.35,23.62,33.16,35.74,14.50,85.50,1.00,1.00,30819.03,27684.61,27564.62,30824.03,14,85,85,14,,63992.14,,
2026-07-12T21:07:04+08:00,btc-updown-5m-1783861500,https://polymarket.com/zh/event/btc-updown-5m-1783861500,21:05-21:10,15.00,86.00,14.00,85.00,82.92,1.94,18.11,90.76,14.50,85.50,1.00,1.00,28870.03,27604.62,27484.61,28865.03,14,85,85,14,,63992.14,,
2026-07-12T21:07:06+08:00,btc-updown-5m-1783861500,https://polymarket.com/zh/event/btc-updown-5m-1783861500,21:05-21:10,14.00,87.00,13.00,86.00,20.00,453.22,253.66,24.26,13.50,86.50,1.00,1.00,28875.03,27484.61,27584.61,28880.03,13,86,85,13,,63992.14,,
2026-07-12T21:07:08+08:00,btc-updown-5m-1783861500,https://polymarket.com/zh/event/btc-updown-5m-1783861500,21:05-21:10,16.00,85.00,15.00,84.00,73.78,80.69,85.69,354.76,15.50,84.50,1.00,1.00,28875.03,27579.61,27589.61,28880.03,15,84,84,15,,63992.14,,
2026-07-12T21:07:10+08:00,btc-updown-5m-1783861500,https://polymarket.com/zh/event/btc-updown-5m-1783861500,21:05-21:10,16.00,85.00,15.00,84.00,118.99,27.27,27.27,143.99,15.50,84.50,1.00,1.00,28889.03,27484.61,27584.61,28889.03,15,84,84,15,,63992.14,,
2026-07-12T21:07:12+08:00,btc-updown-5m-1783861500,https://polymarket.com/zh/event/btc-updown-5m-1783861500,21:05-21:10,17.00,84.00,16.00,83.00,357.34,67.61,67.61,369.58,16.50,83.50,1.00,1.00,28894.03,27589.61,27594.61,28939.03,15,83,83,15,,63992.14,,
2026-07-12T21:07:14+08:00,btc-updown-5m-1783861500,https://polymarket.com/zh/event/btc-updown-5m-1783861500,21:05-21:10,17.00,84.00,16.00,83.00,162.98,9.04,9.04,167.98,16.50,83.50,1.00,1.00,28839.03,27494.62,27589.61,28839.03,16,83,83,16,,63992.14,,
2026-07-12T21:07:16+08:00,btc-updown-5m-1783861500,https://polymarket.com/zh/event/btc-updown-5m-1783861500,21:05-21:10,17.00,84.00,16.00,83.00,211.97,159.75,159.75,211.97,16.50,83.50,1.00,1.00,28834.03,27579.61,27589.61,28839.03,16,83,83,16,,63992.14,,
2026-07-12T21:07:18+08:00,btc-updown-5m-1783861500,https://polymarket.com/zh/event/btc-updown-5m-1783861500,21:05-21:10,13.00,88.00,12.00,87.00,193.38,355.08,266.08,168.38,12.50,87.50,1.00,1.00,27954.03,27579.61,27594.61,27964.73,12,87,87,12,,63992.14,,
2026-07-12T21:07:20+08:00,btc-updown-5m-1783861500,https://polymarket.com/zh/event/btc-updown-5m-1783861500,21:05-21:10,14.00,87.00,13.00,86.00,12.85,271.35,297.50,52.85,13.50,86.50,1.00,1.00,27907.03,27479.61,27679.61,27927.03,13,86,86,13,,63987.56,,
2026-07-12T21:07:22+08:00,btc-updown-5m-1783861500,https://polymarket.com/zh/event/btc-updown-5m-1783861500,21:05-21:10,14.00,87.00,13.00,86.00,56.50,302.94,302.94,56.50,13.50,86.50,1.00,1.00,27944.03,27644.61,27654.61,27939.03,13,86,86,13,,63987.56,,
2026-07-12T21:07:24+08:00,btc-updown-5m-1783861500,https://polymarket.com/zh/event/btc-updown-5m-1783861500,21:05-21:10,15.00,86.00,14.00,85.00,23.63,191.75,241.75,43.63,14.50,85.50,1.00,1.00,27910.70,27959.61,27854.61,27910.70,14,85,85,14,,63987.56,,
2026-07-12T21:07:26+08:00,btc-updown-5m-1783861500,https://polymarket.com/zh/event/btc-updown-5m-1783861500,21:05-21:10,17.00,84.00,16.00,83.00,92.71,120.94,120.94,85.29,16.50,83.50,1.00,1.00,27895.70,27959.61,27954.61,27875.70,16,83,83,16,,63987.56,,
2026-07-12T21:07:28+08:00,btc-updown-5m-1783861500,https://polymarket.com/zh/event/btc-updown-5m-1783861500,21:05-21:10,17.00,84.00,16.00,83.00,46.00,197.19,197.19,46.00,16.50,83.50,1.00,1.00,27930.70,27959.61,27834.61,27920.70,16,83,83,16,,63987.56,,
2026-07-12T21:07:30+08:00,btc-updown-5m-1783861500,https://polymarket.com/zh/event/btc-updown-5m-1783861500,21:05-21:10,13.00,88.00,12.00,87.00,26.85,349.59,380.27,26.85,12.50,87.50,1.00,1.00,27885.70,27859.62,27834.61,27835.95,12,87,87,12,,63987.56,,
2026-07-12T21:07:32+08:00,btc-updown-5m-1783861500,https://polymarket.com/zh/event/btc-updown-5m-1783861500,21:05-21:10,13.00,88.00,12.00,87.00,31.85,455.88,430.88,31.85,12.50,87.50,1.00,1.00,27560.20,27449.12,27549.11,27232.20,12,87,87,12,,63987.57,,
2026-07-12T21:07:34+08:00,btc-updown-5m-1783861500,https://polymarket.com/zh/event/btc-updown-5m-1783861500,21:05-21:10,14.00,87.00,13.00,86.00,25.88,225.92,236.67,25.88,13.50,86.50,1.00,1.00,27185.20,27549.11,27454.11,27185.20,13,86,86,13,,63987.57,,
2026-07-12T21:07:36+08:00,btc-updown-5m-1783861500,https://polymarket.com/zh/event/btc-updown-5m-1783861500,21:05-21:10,17.00,84.00,16.00,83.00,48.52,120.75,138.61,48.52,16.50,83.50,1.00,1.00,27583.20,27781.11,27666.11,27578.20,16,83,83,16,,63990.72,,
2026-07-12T21:07:38+08:00,btc-updown-5m-1783861500,https://polymarket.com/zh/event/btc-updown-5m-1783861500,21:05-21:10,18.00,83.00,17.00,82.00,97.35,12.00,12.00,85.13,17.50,82.50,1.00,1.00,27538.20,27871.11,27681.11,27623.20,17,82,82,16,,63990.72,,
2026-07-12T21:07:40+08:00,btc-updown-5m-1783861500,https://polymarket.com/zh/event/btc-updown-5m-1783861500,21:05-21:10,31.00,70.00,30.00,69.00,3.02,295.66,275.66,16.45,30.50,69.50,1.00,1.00,29140.20,27857.11,27842.11,29130.20,30,69,69,30,,64001.68,,
2026-07-12T21:07:42+08:00,btc-updown-5m-1783861500,https://polymarket.com/zh/event/btc-updown-5m-1783861500,21:05-21:10,34.00,68.00,32.00,67.00,15.00,202.68,63.05,5.00,33.00,67.50,2.00,1.00,31200.20,27230.11,27140.11,31220.20,32,66,67,32,,64005.52,,
2026-07-12T21:07:44+08:00,btc-updown-5m-1783861500,https://polymarket.com/zh/event/btc-updown-5m-1783861500,21:05-21:10,45.00,56.00,44.00,55.00,388.22,106.03,133.20,400.35,44.50,55.50,1.00,1.00,31201.08,26634.11,26534.11,31219.14,44,55,55,44,,64008.40,,
2026-07-12T21:07:46+08:00,btc-updown-5m-1783861500,https://polymarket.com/zh/event/btc-updown-5m-1783861500,21:05-21:10,43.00,59.00,42.00,58.00,62.68,85.49,31.46,135.23,42.50,58.50,1.00,1.00,30727.14,26634.11,26629.11,30707.14,42,57,58,41,,64008.84,,
2026-07-12T21:07:48+08:00,btc-updown-5m-1783861500,https://polymarket.com/zh/event/btc-updown-5m-1783861500,21:05-21:10,41.00,60.00,40.00,59.00,55.96,88.68,98.68,34.00,40.50,59.50,1.00,1.00,30717.14,26739.11,26674.12,30722.14,40,59,59,40,,64009.39,,
2026-07-12T21:07:50+08:00,btc-updown-5m-1783861500,https://polymarket.com/zh/event/btc-updown-5m-1783861500,21:05-21:10,44.00,60.00,43.00,59.00,129.59,68.16,2.00,111.00,43.50,59.50,1.00,1.00,30728.93,26544.12,26469.11,30728.93,41,56,59,40,,64009.39,,
2026-07-12T21:07:52+08:00,btc-updown-5m-1783861500,https://polymarket.com/zh/event/btc-updown-5m-1783861500,21:05-21:10,41.00,63.00,40.00,61.00,274.28,53.97,68.33,199.90,40.50,62.00,1.00,2.00,30728.93,26609.11,26624.11,30738.93,39,59,61,36,,64009.38,,
2026-07-12T21:07:54+08:00,btc-updown-5m-1783861500,https://polymarket.com/zh/event/btc-updown-5m-1783861500,21:05-21:10,35.00,66.00,34.00,65.00,54.00,341.17,292.17,18.78,34.50,65.50,1.00,1.00,30711.11,26785.12,26755.11,30686.11,34,65,65,34,,64002.00,,
2026-07-12T21:07:56+08:00,btc-updown-5m-1783861500,https://polymarket.com/zh/event/btc-updown-5m-1783861500,21:05-21:10,35.00,66.00,34.00,65.00,56.09,292.27,292.27,61.09,34.50,65.50,1.00,1.00,30731.19,27071.12,27066.11,30741.19,34,65,65,34,,64002.00,,
2026-07-12T21:07:58+08:00,btc-updown-5m-1783861500,https://polymarket.com/zh/event/btc-updown-5m-1783861500,21:05-21:10,37.00,64.00,36.00,63.00,2.00,267.33,272.33,7.16,36.50,63.50,1.00,1.00,30731.19,27156.11,27076.11,30731.19,36,63,63,36,,64002.00,,
2026-07-12T21:08:00+08:00,btc-updown-5m-1783861500,https://polymarket.com/zh/event/btc-updown-5m-1783861500,21:05-21:10,37.00,64.00,36.00,63.00,35.00,334.02,280.49,35.00,36.50,63.50,1.00,1.00,30736.19,26614.11,26629.12,30751.19,36,63,63,36,,64001.99,,
2026-07-12T21:08:02+08:00,btc-updown-5m-1783861500,https://polymarket.com/zh/event/btc-updown-5m-1783861500,21:05-21:10,37.00,64.00,36.00,63.00,377.16,64.00,64.00,377.16,36.50,63.50,1.00,1.00,30406.19,26349.11,26349.11,30391.19,36,63,63,36,,64001.99,,
2026-07-12T21:08:04+08:00,btc-updown-5m-1783861500,https://polymarket.com/zh/event/btc-updown-5m-1783861500,21:05-21:10,34.00,67.00,33.00,66.00,45.00,15.00,30.00,203.72,33.50,66.50,1.00,1.00,30561.19,26179.11,26169.11,30551.19,33,65,66,33,,64002.00,,
2026-07-12T21:08:06+08:00,btc-updown-5m-1783861500,https://polymarket.com/zh/event/btc-updown-5m-1783861500,21:05-21:10,35.00,67.00,34.00,66.00,431.23,22.07,19.73,252.14,34.50,66.50,1.00,1.00,30254.19,26571.11,26676.11,30269.19,34,64,65,33,,64002.00,,
2026-07-12T21:08:08+08:00,btc-updown-5m-1783861500,https://polymarket.com/zh/event/btc-updown-5m-1783861500,21:05-21:10,33.00,68.00,32.00,67.00,61.05,89.51,89.51,61.05,32.50,67.50,1.00,1.00,30581.19,26686.11,26586.11,30576.19,32,67,67,32,,64001.99,,
2026-07-12T21:08:10+08:00,btc-updown-5m-1783861500,https://polymarket.com/zh/event/btc-updown-5m-1783861500,21:05-21:10,31.00,70.00,30.00,69.00,138.73,25.00,32.75,127.07,30.50,69.50,1.00,1.00,30901.19,26576.11,26576.12,30886.19,30,69,69,30,,64001.99,,
2026-07-12T21:08:12+08:00,btc-updown-5m-1783861500,https://polymarket.com/zh/event/btc-updown-5m-1783861500,21:05-21:10,34.00,67.00,33.00,66.00,229.96,36.95,36.95,229.96,33.50,66.50,1.00,1.00,30916.19,26596.11,26586.11,30901.19,33,66,66,33,,64001.99,,
2026-07-12T21:08:15+08:00,btc-updown-5m-1783861500,https://polymarket.com/zh/event/btc-updown-5m-1783861500,21:05-21:10,26.00,73.00,25.00,72.00,256.93,20.00,103.11,43.54,25.50,72.50,1.00,1.00,30690.19,26571.11,26581.11,31011.19,25,74,72,27,,64001.99,,
2026-07-12T21:08:17+08:00,btc-updown-5m-1783861500,https://polymarket.com/zh/event/btc-updown-5m-1783861500,21:05-21:10,30.00,70.00,29.00,69.00,15.00,208.53,60.00,26.78,29.50,69.50,1.00,1.00,30696.19,26176.11,26271.12,30585.19,29,70,69,30,,64001.99,,
2026-07-12T21:08:19+08:00,btc-updown-5m-1783861500,https://polymarket.com/zh/event/btc-updown-5m-1783861500,21:05-21:10,32.00,73.00,31.00,72.00,555.11,84.00,52.00,178.00,31.50,72.50,1.00,1.00,30570.19,26161.11,26291.11,30580.19,29,68,72,27,,64002.00,,
2026-07-12T21:08:21+08:00,btc-updown-5m-1783861500,https://polymarket.com/zh/event/btc-updown-5m-1783861500,21:05-21:10,28.00,73.00,27.00,72.00,275.74,109.53,77.26,218.26,27.50,72.50,1.00,1.00,29965.19,25736.11,25436.12,29575.19,27,72,72,27,,64001.99,,
2026-07-12T21:08:23+08:00,btc-updown-5m-1783861500,https://polymarket.com/zh/event/btc-updown-5m-1783861500,21:05-21:10,24.00,76.00,23.00,75.00,46.79,115.36,849.25,12.00,23.50,75.50,1.00,1.00,29409.19,25316.11,25426.11,29419.19,23,76,75,24,,64001.99,,
2026-07-12T21:08:25+08:00,btc-updown-5m-1783861500,https://polymarket.com/zh/event/btc-updown-5m-1783861500,21:05-21:10,24.00,75.00,23.00,74.00,15.00,51.26,285.07,24.25,23.50,74.50,1.00,1.00,29409.19,25511.11,25311.11,29419.19,23,76,74,25,,64001.99,,
2026-07-12T21:08:27+08:00,btc-updown-5m-1783861500,https://polymarket.com/zh/event/btc-updown-5m-1783861500,21:05-21:10,24.00,77.00,23.00,76.00,142.29,55.71,113.71,79.29,23.50,76.50,1.00,1.00,29305.19,25426.11,25336.12,29320.19,23,76,76,23,,64001.99,,
2026-07-12T21:08:29+08:00,btc-updown-5m-1783861500,https://polymarket.com/zh/event/btc-updown-5m-1783861500,21:05-21:10,24.00,77.00,23.00,76.00,70.29,5.11,0.11,76.20,23.50,76.50,1.00,1.00,29315.19,25426.11,25511.11,29325.19,23,76,76,23,,64001.99,,
2026-07-12T21:08:31+08:00,btc-updown-5m-1783861500,https://polymarket.com/zh/event/btc-updown-5m-1783861500,21:05-21:10,23.00,78.00,22.00,77.00,162.35,34.71,34.71,187.35,22.50,77.50,1.00,1.00,29325.19,25357.23,25313.24,29291.19,22,77,77,22,,64001.99,,
2026-07-12T21:08:33+08:00,btc-updown-5m-1783861500,https://polymarket.com/zh/event/btc-updown-5m-1783861500,21:05-21:10,22.00,79.00,21.00,78.00,21.00,54.32,60.65,17.00,21.50,78.50,1.00,1.00,28766.19,24768.23,24868.23,28776.19,21,78,78,21,,64001.99,,
2026-07-12T21:08:35+08:00,btc-updown-5m-1783861500,https://polymarket.com/zh/event/btc-updown-5m-1783861500,21:05-21:10,26.00,75.00,25.00,74.00,193.54,75.06,75.06,204.30,25.50,74.50,1.00,1.00,29081.19,24868.23,24783.23,29086.19,25,74,74,25,,64002.77,,
2026-07-12T21:08:37+08:00,btc-updown-5m-1783861500,https://polymarket.com/zh/event/btc-updown-5m-1783861500,21:05-21:10,26.00,75.00,25.00,74.00,192.08,46.98,46.98,192.08,25.50,74.50,1.00,1.00,29081.19,24868.23,24783.24,29091.19,25,74,74,25,,64002.77,,
2026-07-12T21:08:39+08:00,btc-updown-5m-1783861500,https://polymarket.com/zh/event/btc-updown-5m-1783861500,21:05-21:10,26.00,75.00,25.00,74.00,12.02,427.64,435.02,12.02,25.50,74.50,1.00,1.00,29066.19,24868.23,24878.24,29076.19,25,71,71,25,,64002.77,,
2026-07-12T21:08:41+08:00,btc-updown-5m-1783861500,https://polymarket.com/zh/event/btc-updown-5m-1783861500,21:05-21:10,35.00,66.00,34.00,65.00,101.45,180.46,91.05,63.45,34.50,65.50,1.00,1.00,29081.19,24943.23,25043.23,29086.19,34,65,65,34,,64002.77,,
2026-07-12T21:08:43+08:00,btc-updown-5m-1783861500,https://polymarket.com/zh/event/btc-updown-5m-1783861500,21:05-21:10,36.00,65.00,35.00,64.00,75.51,126.07,126.07,90.51,35.50,64.50,1.00,1.00,29081.19,25043.23,24858.23,29101.19,35,64,64,35,,64002.76,,
2026-07-12T21:08:45+08:00,btc-updown-5m-1783861500,https://polymarket.com/zh/event/btc-updown-5m-1783861500,21:05-21:10,36.00,64.00,35.00,63.00,27.00,215.36,365.06,51.28,35.50,63.50,1.00,1.00,29091.19,24943.23,24893.23,29086.19,35,64,63,36,,64002.76,,
2026-07-12T21:08:47+08:00,btc-updown-5m-1783861500,https://polymarket.com/zh/event/btc-updown-5m-1783861500,21:05-21:10,36.00,65.00,35.00,64.00,318.96,18.99,23.99,293.96,35.50,64.50,1.00,1.00,28781.19,24864.23,24759.23,28781.19,35,64,64,35,,64005.11,,
2026-07-12T21:08:49+08:00,btc-updown-5m-1783861500,https://polymarket.com/zh/event/btc-updown-5m-1783861500,21:05-21:10,35.00,66.00,34.00,65.00,115.71,33.94,41.52,115.71,34.50,65.50,1.00,1.00,28776.19,25019.23,24924.23,28776.19,34,65,65,34,,64005.11,,
2026-07-12T21:08:51+08:00,btc-updown-5m-1783861500,https://polymarket.com/zh/event/btc-updown-5m-1783861500,21:05-21:10,33.00,68.00,32.00,67.00,123.15,38.68,38.68,148.15,32.50,67.50,1.00,1.00,29061.19,24849.23,24844.23,29066.19,32,67,67,32,,64005.21,,
2026-07-12T21:08:53+08:00,btc-updown-5m-1783861500,https://polymarket.com/zh/event/btc-updown-5m-1783861500,21:05-21:10,30.00,70.00,29.00,69.00,119.17,65.00,19.64,84.01,29.50,69.50,1.00,1.00,29086.19,24849.23,24754.23,29076.19,29,70,69,30,,64005.21,,
2026-07-12T21:08:55+08:00,btc-updown-5m-1783861500,https://polymarket.com/zh/event/btc-updown-5m-1783861500,21:05-21:10,31.00,70.00,30.00,69.00,119.29,70.00,28.70,26.61,30.50,69.50,1.00,1.00,29091.19,24844.23,24844.23,29076.19,30,69,69,30,,64005.21,,
2026-07-12T21:08:57+08:00,btc-updown-5m-1783861500,https://polymarket.com/zh/event/btc-updown-5m-1783861500,21:05-21:10,32.00,69.00,31.00,68.00,21.21,509.63,450.63,21.21,31.50,68.50,1.00,1.00,29096.19,24849.24,25024.23,29086.19,31,67,67,31,,64005.21,,
2026-07-12T21:08:59+08:00,btc-updown-5m-1783861500,https://polymarket.com/zh/event/btc-updown-5m-1783861500,21:05-21:10,32.00,69.00,31.00,68.00,188.09,75.00,75.00,174.09,31.50,68.50,1.00,1.00,29146.19,24869.23,24949.23,29114.01,31,68,68,31,,64005.21,,
2026-07-12T21:09:01+08:00,btc-updown-5m-1783861500,https://polymarket.com/zh/event/btc-updown-5m-1783861500,21:05-21:10,33.00,68.00,32.00,67.00,577.95,50.58,12.58,577.95,32.50,67.50,1.00,1.00,29089.33,24714.03,24704.04,29099.33,32,67,67,32,,64005.20,,
2026-07-12T21:09:03+08:00,btc-updown-5m-1783861500,https://polymarket.com/zh/event/btc-updown-5m-1783861500,21:05-21:10,32.00,69.00,31.00,68.00,25.00,40.01,57.68,9.37,31.50,68.50,1.00,1.00,29205.99,24674.03,24769.03,29220.99,31,67,66,31,,64005.21,,
2026-07-12T21:09:05+08:00,btc-updown-5m-1783861500,https://polymarket.com/zh/event/btc-updown-5m-1783861500,21:05-21:10,31.00,70.00,30.00,69.00,45.00,157.94,157.94,45.00,30.50,69.50,1.00,1.00,29215.99,24774.03,24674.04,29215.99,30,68,68,30,,64005.20,,
2026-07-12T21:09:07+08:00,btc-updown-5m-1783861500,https://polymarket.com/zh/event/btc-updown-5m-1783861500,21:05-21:10,33.00,66.00,32.00,65.00,12.85,86.00,154.65,7.00,32.50,65.50,1.00,1.00,29225.99,24774.03,24874.03,29250.99,32,67,65,34,,64005.21,,
2026-07-12T21:09:09+08:00,btc-updown-5m-1783861500,https://polymarket.com/zh/event/btc-updown-5m-1783861500,21:05-21:10,37.00,63.00,36.00,62.00,33.40,110.00,127.72,88.00,36.50,62.50,1.00,1.00,29240.99,24894.03,24784.03,29225.99,36,63,62,37,,64005.20,,
2026-07-12T21:09:11+08:00,btc-updown-5m-1783861500,https://polymarket.com/zh/event/btc-updown-5m-1783861500,21:05-21:10,36.00,65.00,35.00,64.00,123.93,18.11,18.11,123.93,35.50,64.50,1.00,1.00,29243.03,24900.66,24695.66,29233.03,35,64,64,35,,64005.20,,
2026-07-12T21:09:13+08:00,btc-updown-5m-1783861500,https://polymarket.com/zh/event/btc-updown-5m-1783861500,21:05-21:10,35.00,66.00,34.00,65.00,113.83,32.37,36.21,113.83,34.50,65.50,1.00,1.00,29047.03,24802.45,24807.45,29027.03,32,65,65,32,,64005.20,,
2026-07-12T21:09:15+08:00,btc-updown-5m-1783861500,https://polymarket.com/zh/event/btc-updown-5m-1783861500,21:05-21:10,33.00,67.00,32.00,66.00,22.19,103.40,80.28,9.30,32.50,66.50,1.00,1.00,28858.03,24833.45,24974.45,29153.03,29,67,65,31,,64005.20,,
2026-07-12T21:09:17+08:00,btc-updown-5m-1783861500,https://polymarket.com/zh/event/btc-updown-5m-1783861500,21:05-21:10,34.00,67.00,33.00,66.00,106.35,17.62,12.62,106.33,33.50,66.50,1.00,1.00,29178.03,24894.88,24879.88,29173.03,33,65,65,33,,64006.64,,
2026-07-12T21:09:19+08:00,btc-updown-5m-1783861500,https://polymarket.com/zh/event/btc-updown-5m-1783861500,21:05-21:10,33.00,68.00,32.00,67.00,26.80,225.17,229.59,22.80,32.50,67.50,1.00,1.00,29178.03,24889.88,24804.88,29183.03,32,65,66,32,,64006.63,,
2026-07-12T21:09:21+08:00,btc-updown-5m-1783861500,https://polymarket.com/zh/event/btc-updown-5m-1783861500,21:05-21:10,33.00,68.00,32.00,67.00,12.24,145.47,148.64,12.24,32.50,67.50,1.00,1.00,29183.03,24764.88,24772.03,29183.03,32,65,66,32,,64006.63,,
2026-07-12T21:09:23+08:00,btc-updown-5m-1783861500,https://polymarket.com/zh/event/btc-updown-5m-1783861500,21:05-21:10,32.00,69.00,31.00,68.00,30.00,49.82,49.82,30.00,31.50,68.50,1.00,1.00,29188.03,24900.59,24805.60,29168.03,31,67,68,31,,64006.63,,
2026-07-12T21:09:25+08:00,btc-updown-5m-1783861500,https://polymarket.com/zh/event/btc-updown-5m-1783861500,21:05-21:10,32.00,69.00,31.00,68.00,14.67,167.15,109.20,14.67,31.50,68.50,1.00,1.00,29173.03,24885.59,24905.60,29178.03,31,66,66,31,,64006.63,,
2026-07-12T21:09:27+08:00,btc-updown-5m-1783861500,https://polymarket.com/zh/event/btc-updown-5m-1783861500,21:05-21:10,29.00,73.00,28.00,72.00,104.05,48.99,5.00,112.47,28.50,72.50,1.00,1.00,29022.03,24758.59,24873.59,29007.03,28,71,70,27,,64006.63,,
2026-07-12T21:09:29+08:00,btc-updown-5m-1783861500,https://polymarket.com/zh/event/btc-updown-5m-1783861500,21:05-21:10,27.00,74.00,26.00,73.00,103.58,47.51,53.26,103.58,26.50,73.50,1.00,1.00,29022.03,24752.72,24747.95,29017.03,26,72,71,26,,64006.63,,
2026-07-12T21:09:31+08:00,btc-updown-5m-1783861500,https://polymarket.com/zh/event/btc-updown-5m-1783861500,21:05-21:10,26.00,75.00,25.00,74.00,55.82,98.65,90.32,25.70,25.50,74.50,1.00,1.00,28482.03,24247.49,24262.49,28472.03,25,74,72,25,,64006.64,,
2026-07-12T21:09:33+08:00,btc-updown-5m-1783861500,https://polymarket.com/zh/event/btc-updown-5m-1783861500,21:05-21:10,54.00,47.00,51.00,46.00,49.93,42.00,30.00,40.07,52.50,46.50,3.00,1.00,27017.85,26067.49,26047.49,27002.85,49,45,45,49,,64010.59,,
2026-07-12T21:09:35+08:00,btc-updown-5m-1783861500,https://polymarket.com/zh/event/btc-updown-5m-1783861500,21:05-21:10,45.00,51.00,44.00,50.00,15.00,20.00,15.00,1.00,44.50,50.50,1.00,1.00,27426.86,22356.50,22361.50,27411.86,44,52,49,46,,64010.48,,
2026-07-12T21:09:37+08:00,btc-updown-5m-1783861500,https://polymarket.com/zh/event/btc-updown-5m-1783861500,21:05-21:10,51.00,50.00,50.00,49.00,95.31,21.00,21.00,199.78,50.50,49.50,1.00,1.00,27426.86,22426.50,22371.50,27426.86,43,46,46,44,,64010.48,,
2026-07-12T21:09:39+08:00,btc-updown-5m-1783861500,https://polymarket.com/zh/event/btc-updown-5m-1783861500,21:05-21:10,44.00,57.00,43.00,56.00,33.32,13.00,30.00,10.59,43.50,56.50,1.00,1.00,24926.86,23259.50,23239.50,24891.86,38,50,50,38,,64010.47,,
2026-07-12T21:09:41+08:00,btc-updown-5m-1783861500,https://polymarket.com/zh/event/btc-updown-5m-1783861500,21:05-21:10,45.00,56.00,44.00,55.00,72.15,205.28,214.21,49.92,44.50,55.50,1.00,1.00,25226.86,21264.50,23254.50,25201.86,39,52,54,39,,64010.47,,
2026-07-12T21:09:43+08:00,btc-updown-5m-1783861500,https://polymarket.com/zh/event/btc-updown-5m-1783861500,21:05-21:10,39.00,62.00,38.00,61.00,35.00,11.00,11.00,27.33,38.50,61.50,1.00,1.00,23006.86,23328.15,23338.16,22986.86,36,57,56,37,,64010.47,,
2026-07-12T21:09:45+08:00,btc-updown-5m-1783861500,https://polymarket.com/zh/event/btc-updown-5m-1783861500,21:05-21:10,41.00,66.00,34.00,59.00,276.79,5.00,5.00,269.07,37.50,62.50,7.00,7.00,21892.87,22324.16,22281.67,21790.27,29,49,53,29,,64010.47,,
2026-07-12T21:09:47+08:00,btc-updown-5m-1783861500,https://polymarket.com/zh/event/btc-updown-5m-1783861500,21:05-21:10,42.00,57.00,41.00,50.00,6.30,5.00,5.40,24.97,41.50,53.50,1.00,7.00,21584.27,21871.56,21881.56,21569.27,29,38,35,31,,64010.47,,
2026-07-12T21:09:49+08:00,btc-updown-5m-1783861500,https://polymarket.com/zh/event/btc-updown-5m-1783861500,21:05-21:10,40.00,61.00,39.00,60.00,211.48,11.39,11.39,204.99,39.50,60.50,1.00,1.00,21599.27,21876.57,21866.56,21579.27,30,51,51,29,,64010.47,,
2026-07-12T21:09:51+08:00,btc-updown-5m-1783861500,https://polymarket.com/zh/event/btc-updown-5m-1783861500,21:05-21:10,64.00,41.00,61.00,40.00,25.78,10.00,10.00,5.00,62.50,40.50,3.00,1.00,13570.27,13559.56,13624.56,13585.27,40,27,30,33,,64010.47,,
2026-07-12T21:09:53+08:00,btc-updown-5m-1783861500,https://polymarket.com/zh/event/btc-updown-5m-1783861500,21:05-21:10,71.00,44.00,65.00,27.00,10.00,10.61,5.00,37.00,68.00,35.50,6.00,17.00,13560.27,13732.58,13722.58,13570.27,33,20,18,38,,64010.48,,
2026-07-12T21:09:55+08:00,btc-updown-5m-1783861500,https://polymarket.com/zh/event/btc-updown-5m-1783861500,21:05-21:10,79.00,32.00,78.00,25.00,5.00,8.86,120.00,5.00,78.50,28.50,1.00,7.00,13440.28,13082.58,13082.58,13415.27,41,13,17,46,,64010.47,,
2026-07-12T21:09:57+08:00,btc-updown-5m-1783861500,https://polymarket.com/zh/event/btc-updown-5m-1783861500,21:05-21:10,93.00,9.00,91.00,8.00,34.16,24.22,20.00,14.93,92.00,8.50,2.00,1.00,13340.27,10484.18,10348.96,13335.27,50,7,7,52,,64010.48,,
2026-07-12T21:09:59+08:00,btc-updown-5m-1783861500,https://polymarket.com/zh/event/btc-updown-5m-1783861500,21:05-21:10,98.00,3.00,97.00,1.00,92.37,197.36,197.36,3652.46,97.50,2.00,1.00,2.00,14314.33,4851.51,3652.46,14209.33,72,2,1,72,,64010.48,,
2026-07-12T21:10:01+08:00,btc-updown-5m-1783861800,https://polymarket.com/zh/event/btc-updown-5m-1783861800,21:10-21:15,49.00,52.00,48.00,51.00,105.91,145.66,126.56,105.91,48.50,51.50,1.00,1.00,19929.07,22230.82,22115.82,19919.07,48,51,51,48,64010.47,64010.47,,
2026-07-12T21:10:03+08:00,btc-updown-5m-1783861800,https://polymarket.com/zh/event/btc-updown-5m-1783861800,21:10-21:15,50.00,51.00,49.00,50.00,4534.75,578.58,580.55,4528.85,49.50,50.50,1.00,1.00,20072.96,22669.72,22469.71,20067.96,49,50,50,49,64010.47,64010.47,,
2026-07-12T21:10:05+08:00,btc-updown-5m-1783861800,https://polymarket.com/zh/event/btc-updown-5m-1783861800,21:10-21:15,50.00,51.00,49.00,50.00,4410.87,240.29,225.29,4410.87,49.50,50.50,1.00,1.00,20205.96,22607.71,22597.71,20220.96,49,50,50,49,64010.47,64010.47,,
2026-07-12T21:10:07+08:00,btc-updown-5m-1783861800,https://polymarket.com/zh/event/btc-updown-5m-1783861800,21:10-21:15,50.00,51.00,49.00,50.00,3977.13,99.00,104.00,3990.15,49.50,50.50,1.00,1.00,20097.96,22614.71,22594.71,20107.96,49,50,50,49,64010.47,64010.47,,
2026-07-12T21:10:09+08:00,btc-updown-5m-1783861800,https://polymarket.com/zh/event/btc-updown-5m-1783861800,21:10-21:15,50.00,51.00,49.00,50.00,3461.85,85.54,85.54,3468.47,49.50,50.50,1.00,1.00,18107.96,20609.71,20619.71,18142.96,49,50,50,49,64010.47,64010.47,,
2026-07-12T21:10:11+08:00,btc-updown-5m-1783861800,https://polymarket.com/zh/event/btc-updown-5m-1783861800,21:10-21:15,50.00,51.00,49.00,50.00,3189.60,241.58,131.58,3110.78,49.50,50.50,1.00,1.00,18638.66,20593.41,20663.41,18643.66,49,50,50,49,64010.47,64011.33,,
2026-07-12T21:10:13+08:00,btc-updown-5m-1783861800,https://polymarket.com/zh/event/btc-updown-5m-1783861800,21:10-21:15,49.00,52.00,48.00,51.00,136.17,102.72,122.51,146.41,48.50,51.50,1.00,1.00,18835.66,20885.41,20875.41,18855.66,48,51,51,48,64010.47,64014.14,,
2026-07-12T21:10:15+08:00,btc-updown-5m-1783861800,https://polymarket.com/zh/event/btc-updown-5m-1783861800,21:10-21:15,49.00,52.00,48.00,51.00,223.26,28.51,13.51,223.26,48.50,51.50,1.00,1.00,19531.46,21432.01,21722.21,19632.46,48,51,51,48,64010.47,64014.13,,
2026-07-12T21:10:17+08:00,btc-updown-5m-1783861800,https://polymarket.com/zh/event/btc-updown-5m-1783861800,21:10-21:15,48.00,53.00,47.00,52.00,41.53,341.67,341.67,41.53,47.50,52.50,1.00,1.00,19923.66,22088.41,22168.41,19933.66,47,52,52,47,64010.47,64016.11,,
2026-07-12T21:10:19+08:00,btc-updown-5m-1783861800,https://polymarket.com/zh/event/btc-updown-5m-1783861800,21:10-21:15,48.00,53.00,47.00,52.00,49.16,93.79,135.78,82.07,47.50,52.50,1.00,1.00,19968.66,22088.41,22153.42,19998.66,47,52,52,47,64010.47,64016.11,,
2026-07-12T21:10:21+08:00,btc-updown-5m-1783861800,https://polymarket.com/zh/event/btc-updown-5m-1783861800,21:10-21:15,47.00,54.00,46.00,53.00,371.17,189.68,194.68,390.03,46.50,53.50,1.00,1.00,20105.32,22350.07,22347.35,19668.32,46,53,53,46,64010.47,64016.11,,
2026-07-12T21:10:23+08:00,btc-updown-5m-1783861800,https://polymarket.com/zh/event/btc-updown-5m-1783861800,21:10-21:15,47.00,54.00,46.00,53.00,131.26,76.74,67.88,131.15,46.50,53.50,1.00,1.00,20459.61,24974.34,24959.34,20548.91,46,53,53,46,64010.47,64016.11,,
2026-07-12T21:10:25+08:00,btc-updown-5m-1783861800,https://polymarket.com/zh/event/btc-updown-5m-1783861800,21:10-21:15,47.00,54.00,46.00,53.00,136.53,109.28,109.28,133.97,46.50,53.50,1.00,1.00,20918.91,25316.95,25321.94,20933.91,46,53,53,46,64010.47,64016.10,,
2026-07-12T21:10:27+08:00,btc-updown-5m-1783861800,https://polymarket.com/zh/event/btc-updown-5m-1783861800,21:10-21:15,49.00,52.00,48.00,51.00,560.89,67.93,101.40,565.89,48.50,51.50,1.00,1.00,21120.90,25528.93,25523.94,21125.90,48,51,51,48,64010.47,64016.10,,
2026-07-12T21:10:29+08:00,btc-updown-5m-1783861800,https://polymarket.com/zh/event/btc-updown-5m-1783861800,21:10-21:15,49.00,52.00,48.00,51.00,291.61,22.68,22.68,286.61,48.50,51.50,1.00,1.00,21148.60,25501.33,25381.34,21198.30,48,51,51,48,64010.47,64016.10,,
2026-07-12T21:10:31+08:00,btc-updown-5m-1783861800,https://polymarket.com/zh/event/btc-updown-5m-1783861800,21:10-21:15,48.00,53.00,47.00,52.00,176.09,191.80,185.80,167.00,47.50,52.50,1.00,1.00,20828.30,24931.33,25031.33,20853.30,47,52,52,47,64010.47,64016.10,,
2026-07-12T21:10:33+08:00,btc-updown-5m-1783861800,https://polymarket.com/zh/event/btc-updown-5m-1783861800,21:10-21:15,48.00,53.00,47.00,52.00,44.99,198.44,271.09,44.99,47.50,52.50,1.00,1.00,20858.30,25041.33,24926.34,20838.30,47,52,52,47,64010.47,64016.10,,
2026-07-12T21:10:35+08:00,btc-updown-5m-1783861800,https://polymarket.com/zh/event/btc-updown-5m-1783861800,21:10-21:15,49.00,52.00,48.00,51.00,58.44,60.83,120.12,58.44,48.50,51.50,1.00,1.00,20932.30,24928.05,24698.05,20937.30,48,51,51,48,64010.47,64016.11,,
2026-07-12T21:10:37+08:00,btc-updown-5m-1783861800,https://polymarket.com/zh/event/btc-updown-5m-1783861800,21:10-21:15,49.00,52.00,48.00,51.00,27.93,94.18,143.75,32.93,48.50,51.50,1.00,1.00,20599.30,24951.95,25176.95,20614.30,48,51,51,48,64010.47,64016.11,,
2026-07-12T21:10:39+08:00,btc-updown-5m-1783861800,https://polymarket.com/zh/event/btc-updown-5m-1783861800,21:10-21:15,48.00,53.00,47.00,52.00,81.72,456.12,456.12,81.72,47.50,52.50,1.00,1.00,20528.30,24307.95,24287.96,20528.30,47,51,51,47,64010.47,64016.11,,
2026-07-12T21:10:41+08:00,btc-updown-5m-1783861800,https://polymarket.com/zh/event/btc-updown-5m-1783861800,21:10-21:15,52.00,49.00,51.00,48.00,91.32,21.07,28.07,142.16,51.50,48.50,1.00,1.00,20731.91,24355.95,24330.95,20736.91,50,48,48,51,64010.47,64016.10,,
2026-07-12T21:10:43+08:00,btc-updown-5m-1783861800,https://polymarket.com/zh/event/btc-updown-5m-1783861800,21:10-21:15,50.00,51.00,49.00,50.00,140.11,12.00,12.00,120.11,49.50,50.50,1.00,1.00,20606.91,24360.79,24355.79,20626.91,49,50,50,49,64010.47,64016.11,,
2026-07-12T21:10:45+08:00,btc-updown-5m-1783861800,https://polymarket.com/zh/event/btc-updown-5m-1783861800,21:10-21:15,46.00,55.00,45.00,54.00,57.11,181.31,131.31,57.11,45.50,54.50,1.00,1.00,20621.91,24570.79,24345.79,20616.91,45,53,53,45,64010.47,64016.11,,
2026-07-12T21:10:47+08:00,btc-updown-5m-1783861800,https://polymarket.com/zh/event/btc-updown-5m-1783861800,21:10-21:15,47.00,54.00,46.00,53.00,5.90,230.54,250.54,5.90,46.50,53.50,1.00,1.00,20621.91,24651.79,24746.79,20646.91,46,53,53,46,64010.47,64016.10,,
2026-07-12T21:10:49+08:00,btc-updown-5m-1783861800,https://polymarket.com/zh/event/btc-updown-5m-1783861800,21:10-21:15,50.00,51.00,49.00,50.00,5.00,504.21,504.21,10.00,49.50,50.50,1.00,1.00,20631.91,24555.79,24330.79,20631.91,49,50,50,49,64010.47,64016.11,,
2026-07-12T21:10:51+08:00,btc-updown-5m-1783861800,https://polymarket.com/zh/event/btc-updown-5m-1783861800,21:10-21:15,51.00,50.00,50.00,49.00,17.50,538.84,558.84,42.50,50.50,49.50,1.00,1.00,20466.91,24246.79,24236.79,20481.92,49,49,49,49,64010.47,64016.10,,
2026-07-12T21:10:53+08:00,btc-updown-5m-1783861800,https://polymarket.com/zh/event/btc-updown-5m-1783861800,21:10-21:15,50.00,51.00,49.00,50.00,221.80,20.00,10.00,259.80,49.50,50.50,1.00,1.00,20366.91,24446.79,24241.79,20381.92,49,50,50,49,64010.47,64016.10,,
2026-07-12T21:10:55+08:00,btc-updown-5m-1783861800,https://polymarket.com/zh/event/btc-updown-5m-1783861800,21:10-21:15,49.00,52.00,48.00,51.00,188.82,24.32,26.25,178.61,48.50,51.50,1.00,1.00,20361.91,24200.79,24090.80,20371.91,48,51,51,48,64010.47,64016.10,,
2026-07-12T21:10:57+08:00,btc-updown-5m-1783861800,https://polymarket.com/zh/event/btc-updown-5m-1783861800,21:10-21:15,52.00,49.00,51.00,48.00,6.00,680.00,430.00,6.00,51.50,48.50,1.00,1.00,20361.91,24199.55,24099.55,20471.91,51,48,48,51,64010.47,64016.10,,
2026-07-12T21:10:59+08:00,btc-updown-5m-1783861800,https://polymarket.com/zh/event/btc-updown-5m-1783861800,21:10-21:15,52.00,49.00,51.00,48.00,258.70,15.58,15.58,258.70,51.50,48.50,1.00,1.00,20481.92,23874.55,23889.55,20476.91,51,48,48,51,64010.47,64016.10,,
2026-07-12T21:11:01+08:00,btc-updown-5m-1783861800,https://polymarket.com/zh/event/btc-updown-5m-1783861800,21:10-21:15,51.00,50.00,50.00,49.00,59.00,393.21,393.21,47.77,50.50,49.50,1.00,1.00,28945.32,32342.95,32322.95,28940.31,50,49,49,50,64010.47,64016.11,,
2026-07-12T21:11:03+08:00,btc-updown-5m-1783861800,https://polymarket.com/zh/event/btc-updown-5m-1783861800,21:10-21:15,55.00,46.00,54.00,45.00,81.09,45.09,85.90,81.09,54.50,45.50,1.00,1.00,28945.32,32342.95,32322.95,28830.31,54,45,45,54,64010.47,64016.10,,
2026-07-12T21:11:05+08:00,btc-updown-5m-1783861800,https://polymarket.com/zh/event/btc-updown-5m-1783861800,21:10-21:15,50.00,51.00,49.00,50.00,267.00,457.90,452.90,267.00,49.50,50.50,1.00,1.00,28820.31,32463.50,32448.49,28815.31,49,50,50,49,64010.47,64016.10,,
2026-07-12T21:11:07+08:00,btc-updown-5m-1783861800,https://polymarket.com/zh/event/btc-updown-5m-1783861800,21:10-21:15,50.00,51.00,49.00,50.00,310.11,152.39,79.95,193.12,49.50,50.50,1.00,1.00,28458.31,32096.49,32206.49,28473.31,49,50,49,49,64010.47,64016.10,,
2026-07-12T21:11:09+08:00,btc-updown-5m-1783861800,https://polymarket.com/zh/event/btc-updown-5m-1783861800,21:10-21:15,55.00,46.00,54.00,45.00,1353.22,55.14,55.14,1644.12,54.50,45.50,1.00,1.00,28588.31,31921.49,31926.49,28488.31,54,45,45,54,64010.47,64016.10,,
2026-07-12T21:11:11+08:00,btc-updown-5m-1783861800,https://polymarket.com/zh/event/btc-updown-5m-1783861800,21:10-21:15,54.00,47.00,53.00,46.00,114.24,170.39,30.19,345.24,53.50,46.50,1.00,1.00,28179.91,31916.49,31921.49,28154.91,53,46,46,53,64010.47,64016.10,,
2026-07-12T21:11:13+08:00,btc-updown-5m-1783861800,https://polymarket.com/zh/event/btc-updown-5m-1783861800,21:10-21:15,54.00,48.00,53.00,47.00,417.05,166.32,8.11,100.00,53.50,47.50,1.00,1.00,27962.91,31386.09,31401.09,27967.91,53,46,47,52,64010.47,64016.10,,
2026-07-12T21:11:15+08:00,btc-updown-5m-1783861800,https://polymarket.com/zh/event/btc-updown-5m-1783861800,21:10-21:15,52.00,49.00,51.00,48.00,272.72,64.98,64.98,267.72,51.50,48.50,1.00,1.00,28167.91,31381.09,31401.09,28167.91,51,48,48,51,64010.47,64016.11,,
2026-07-12T21:11:17+08:00,btc-updown-5m-1783861800,https://polymarket.com/zh/event/btc-updown-5m-1783861800,21:10-21:15,51.00,53.00,50.00,52.00,374.68,82.61,139.42,25.00,50.50,52.50,1.00,1.00,27838.91,31534.22,31624.22,27723.91,50,49,52,47,64010.47,64016.11,,
2026-07-12T21:11:19+08:00,btc-updown-5m-1783861800,https://polymarket.com/zh/event/btc-updown-5m-1783861800,21:10-21:15,48.00,53.00,47.00,52.00,220.99,203.32,208.32,225.99,47.50,52.50,1.00,1.00,27723.91,31634.22,31634.22,27718.91,47,52,52,47,64010.47,64016.10,,
2026-07-12T21:11:21+08:00,btc-updown-5m-1783861800,https://polymarket.com/zh/event/btc-updown-5m-1783861800,21:10-21:15,48.00,53.00,47.00,52.00,125.11,125.90,125.90,121.61,47.50,52.50,1.00,1.00,27703.91,31765.22,31770.22,27698.91,47,52,52,47,64010.47,64016.10,,
2026-07-12T21:11:23+08:00,btc-updown-5m-1783861800,https://polymarket.com/zh/event/btc-updown-5m-1783861800,21:10-21:15,49.00,52.00,48.00,51.00,106.62,49.64,107.71,527.05,48.50,51.50,1.00,1.00,27718.91,32071.22,32076.22,27703.91,48,51,51,48,64010.47,64016.10,,
2026-07-12T21:11:25+08:00,btc-updown-5m-1783861800,https://polymarket.com/zh/event/btc-updown-5m-1783861800,21:10-21:15,50.00,51.00,49.00,50.00,587.13,54.03,54.03,587.13,49.50,50.50,1.00,1.00,27849.91,32075.13,32085.14,27829.91,49,50,50,49,64010.47,64016.10,,
2026-07-12T21:11:27+08:00,btc-updown-5m-1783861800,https://polymarket.com/zh/event/btc-updown-5m-1783861800,21:10-21:15,48.00,53.00,47.00,52.00,24.98,304.63,304.63,24.98,47.50,52.50,1.00,1.00,27849.91,32045.62,32065.63,27824.91,47,52,52,47,64010.47,64016.10,,
2026-07-12T21:11:29+08:00,btc-updown-5m-1783861800,https://polymarket.com/zh/event/btc-updown-5m-1783861800,21:10-21:15,48.00,53.00,47.00,52.00,116.90,10.52,5.52,106.90,47.50,52.50,1.00,1.00,27869.91,31643.83,31658.84,27854.91,47,52,52,47,64010.47,64018.00,,
2026-07-12T21:11:31+08:00,btc-updown-5m-1783861800,https://polymarket.com/zh/event/btc-updown-5m-1783861800,21:10-21:15,52.00,49.00,51.00,48.00,376.61,60.84,50.84,361.61,51.50,48.50,1.00,1.00,27211.91,31238.83,31238.83,27181.91,51,48,48,51,64010.47,64018.01,,
2026-07-12T21:11:33+08:00,btc-updown-5m-1783861800,https://polymarket.com/zh/event/btc-updown-5m-1783861800,21:10-21:15,50.00,51.00,49.00,50.00,184.23,66.51,121.30,204.23,49.50,50.50,1.00,1.00,27081.91,31358.83,31368.84,27076.91,49,50,50,49,64010.47,64018.01,,
2026-07-12T21:11:35+08:00,btc-updown-5m-1783861800,https://polymarket.com/zh/event/btc-updown-5m-1783861800,21:10-21:15,50.00,51.00,49.00,50.00,380.75,86.22,89.28,385.75,49.50,50.50,1.00,1.00,27056.91,31450.13,31365.13,27066.91,49,50,50,49,64010.47,64018.01,,
2026-07-12T21:11:37+08:00,btc-updown-5m-1783861800,https://polymarket.com/zh/event/btc-updown-5m-1783861800,21:10-21:15,47.00,54.00,46.00,53.00,25.06,474.92,480.92,18.67,46.50,53.50,1.00,1.00,27081.91,31330.13,31445.13,27086.91,46,53,52,46,64010.47,64018.01,,
2026-07-12T21:11:39+08:00,btc-updown-5m-1783861800,https://polymarket.com/zh/event/btc-updown-5m-1783861800,21:10-21:15,42.00,65.00,36.00,64.00,157.13,57.54,58.77,15.00,39.00,64.50,6.00,1.00,26644.91,31465.14,31260.14,26644.91,36,58,63,35,64010.47,64006.58,,
2026-07-12T21:11:41+08:00,btc-updown-5m-1783861800,https://polymarket.com/zh/event/btc-updown-5m-1783861800,21:10-21:15,31.00,70.00,30.00,69.00,216.73,25.00,25.00,391.73,30.50,69.50,1.00,1.00,27449.91,31792.13,32377.13,27439.91,30,69,69,30,64010.47,64006.57,,
2026-07-12T21:11:43+08:00,btc-updown-5m-1783861800,https://polymarket.com/zh/event/btc-updown-5m-1783861800,21:10-21:15,31.00,70.00,30.00,69.00,261.61,53.25,161.25,261.61,30.50,69.50,1.00,1.00,27499.91,32477.13,32472.13,27489.91,30,69,69,30,64010.47,64006.57,,
2026-07-12T21:11:45+08:00,btc-updown-5m-1783861800,https://polymarket.com/zh/event/btc-updown-5m-1783861800,21:10-21:15,29.00,72.00,28.00,71.00,42.75,74.53,149.53,170.92,28.50,71.50,1.00,1.00,29494.91,32392.13,32482.13,29494.91,28,71,71,28,64010.47,64006.57,,
2026-07-12T21:11:47+08:00,btc-updown-5m-1783861800,https://polymarket.com/zh/event/btc-updown-5m-1783861800,21:10-21:15,28.00,73.00,27.00,72.00,79.26,73.86,169.86,79.26,27.50,72.50,1.00,1.00,29499.91,30587.14,30597.14,29494.91,27,72,72,27,64010.47,64006.58,,
2026-07-12T21:11:49+08:00,btc-updown-5m-1783861800,https://polymarket.com/zh/event/btc-updown-5m-1783861800,21:10-21:15,31.00,70.00,30.00,69.00,9.66,174.30,107.71,12.05,30.50,69.50,1.00,1.00,29504.91,30492.13,30377.13,29499.91,30,69,69,30,64010.47,64006.58,,
2026-07-12T21:11:51+08:00,btc-updown-5m-1783861800,https://polymarket.com/zh/event/btc-updown-5m-1783861800,21:10-21:15,34.00,67.00,33.00,66.00,195.73,41.27,71.27,220.73,33.50,66.50,1.00,1.00,29564.91,30477.13,30472.13,29554.91,33,66,66,33,64010.47,64006.58,,
2026-07-12T21:11:53+08:00,btc-updown-5m-1783861800,https://polymarket.com/zh/event/btc-updown-5m-1783861800,21:10-21:15,32.00,69.00,31.00,68.00,49.22,230.45,202.45,99.22,31.50,68.50,1.00,1.00,29554.91,30492.13,30382.13,29559.91,31,68,68,31,64010.47,64006.57,,
2026-07-12T21:11:55+08:00,btc-updown-5m-1783861800,https://polymarket.com/zh/event/btc-updown-5m-1783861800,21:10-21:15,39.00,62.00,38.00,61.00,239.61,538.47,174.24,146.47,38.50,61.50,1.00,1.00,29554.91,30472.13,30487.13,29569.91,38,61,61,38,64010.47,64006.57,,
2026-07-12T21:11:57+08:00,btc-updown-5m-1783861800,https://polymarket.com/zh/event/btc-updown-5m-1783861800,21:10-21:15,39.00,62.00,38.00,61.00,298.16,141.73,144.96,303.16,38.50,61.50,1.00,1.00,29497.91,30472.13,30477.13,29507.91,38,61,61,38,64010.47,64006.57,,
2026-07-12T21:11:59+08:00,btc-updown-5m-1783861800,https://polymarket.com/zh/event/btc-updown-5m-1783861800,21:10-21:15,33.00,68.00,32.00,67.00,196.13,13.00,28.00,191.13,32.50,67.50,1.00,1.00,29492.91,30482.13,30502.13,29502.91,32,67,67,32,64010.47,64006.57,,
2026-07-12T21:12:01+08:00,btc-updown-5m-1783861800,https://polymarket.com/zh/event/btc-updown-5m-1783861800,21:10-21:15,31.00,70.00,30.00,69.00,146.92,47.67,113.22,143.69,30.50,69.50,1.00,1.00,29447.91,30617.13,30302.13,29427.91,30,69,69,30,64010.47,64006.57,,
2026-07-12T21:12:03+08:00,btc-updown-5m-1783861800,https://polymarket.com/zh/event/btc-updown-5m-1783861800,21:10-21:15,38.00,63.00,37.00,62.00,738.52,15.99,15.99,744.52,37.50,62.50,1.00,1.00,29445.93,30182.13,30297.13,29455.93,36,62,62,36,64010.47,64006.57,,
2026-07-12T21:12:05+08:00,btc-updown-5m-1783861800,https://polymarket.com/zh/event/btc-updown-5m-1783861800,21:10-21:15,38.00,63.00,37.00,62.00,353.02,7.98,7.98,351.04,37.50,62.50,1.00,1.00,29460.93,30312.13,30202.13,29455.93,37,62,62,37,64010.47,64006.57,,
2026-07-12T21:12:07+08:00,btc-updown-5m-1783861800,https://polymarket.com/zh/event/btc-updown-5m-1783861800,21:10-21:15,37.00,64.00,36.00,63.00,16.00,151.39,142.39,23.94,36.50,63.50,1.00,1.00,29435.93,30417.13,30302.14,29430.93,36,63,63,36,64010.47,64006.68,,
2026-07-12T21:12:09+08:00,btc-updown-5m-1783861800,https://polymarket.com/zh/event/btc-updown-5m-1783861800,21:10-21:15,37.00,64.00,36.00,63.00,58.82,410.11,401.90,20.82,36.50,63.50,1.00,1.00,29430.93,30387.13,30287.13,29430.93,36,63,63,36,64010.47,64006.68,,
2026-07-12T21:12:11+08:00,btc-updown-5m-1783861800,https://polymarket.com/zh/event/btc-updown-5m-1783861800,21:10-21:15,38.00,63.00,37.00,62.00,39.92,227.65,227.65,39.92,37.50,62.50,1.00,1.00,29425.93,30302.13,30407.13,29440.93,37,62,62,37,64010.47,64006.68,,
2026-07-12T21:12:13+08:00,btc-updown-5m-1783861800,https://polymarket.com/zh/event/btc-updown-5m-1783861800,21:10-21:15,37.00,64.00,36.00,63.00,140.13,234.79,248.84,128.23,36.50,63.50,1.00,1.00,29440.93,30317.14,30292.13,29435.93,36,63,63,36,64010.47,64006.68,,
2026-07-12T21:12:15+08:00,btc-updown-5m-1783861800,https://polymarket.com/zh/event/btc-updown-5m-1783861800,21:10-21:15,37.00,64.00,36.00,63.00,232.96,64.01,73.22,237.96,36.50,63.50,1.00,1.00,29385.93,30191.14,29991.13,29385.93,36,63,63,36,64010.47,64006.68,,
2026-07-12T21:12:17+08:00,btc-updown-5m-1783861800,https://polymarket.com/zh/event/btc-updown-5m-1783861800,21:10-21:15,35.00,66.00,34.00,65.00,153.08,43.42,31.28,153.08,34.50,65.50,1.00,1.00,29385.93,29996.13,29901.13,29400.93,34,65,65,34,64010.47,64006.68,,
2026-07-12T21:12:19+08:00,btc-updown-5m-1783861800,https://polymarket.com/zh/event/btc-updown-5m-1783861800,21:10-21:15,34.00,67.00,33.00,66.00,85.00,66.00,131.20,85.00,33.50,66.50,1.00,1.00,29691.93,30327.13,30337.14,29696.93,33,66,66,33,64010.47,64006.68,,
2026-07-12T21:12:21+08:00,btc-updown-5m-1783861800,https://polymarket.com/zh/event/btc-updown-5m-1783861800,21:10-21:15,31.00,70.00,30.00,69.00,356.28,42.48,53.18,356.28,30.50,69.50,1.00,1.00,30806.93,30237.13,30332.13,30791.93,30,69,69,30,64010.47,64006.68,,
2026-07-12T21:12:23+08:00,btc-updown-5m-1783861800,https://polymarket.com/zh/event/btc-updown-5m-1783861800,21:10-21:15,33.00,68.00,32.00,67.00,65.97,53.18,147.43,149.88,32.50,67.50,1.00,1.00,30796.93,30332.13,30327.13,30791.93,32,67,67,32,64010.47,64006.68,,
2026-07-12T21:12:25+08:00,btc-updown-5m-1783861800,https://polymarket.com/zh/event/btc-updown-5m-1783861800,21:10-21:15,36.00,66.00,35.00,65.00,337.27,16.95,62.30,50.00,35.50,65.50,1.00,1.00,30962.93,30317.13,30322.13,30962.93,35,64,65,34,64010.47,64006.69,,
2026-07-12T21:12:27+08:00,btc-updown-5m-1783861800,https://polymarket.com/zh/event/btc-updown-5m-1783861800,21:10-21:15,34.00,67.00,33.00,66.00,280.50,54.17,54.17,280.50,33.50,66.50,1.00,1.00,30806.93,30125.28,30125.28,30806.93,32,66,66,32,64010.47,64006.68,,
2026-07-12T21:12:29+08:00,btc-updown-5m-1783861800,https://polymarket.com/zh/event/btc-updown-5m-1783861800,21:10-21:15,30.00,71.00,29.00,70.00,100.41,76.09,76.09,100.41,29.50,70.50,1.00,1.00,30806.93,30210.28,30230.28,30806.93,29,68,68,29,64010.47,64006.68,,
2026-07-12T21:12:31+08:00,btc-updown-5m-1783861800,https://polymarket.com/zh/event/btc-updown-5m-1783861800,21:10-21:15,30.00,71.00,29.00,70.00,50.00,120.72,75.41,95.00,29.50,70.50,1.00,1.00,30516.43,29824.78,29814.79,30506.43,29,69,69,29,64010.47,64006.68,,
2026-07-12T21:12:33+08:00,btc-updown-5m-1783861800,https://polymarket.com/zh/event/btc-updown-5m-1783861800,21:10-21:15,30.00,71.00,29.00,70.00,80.43,102.87,64.67,90.43,29.50,70.50,1.00,1.00,30491.43,29724.78,29714.78,30491.43,29,69,69,29,64010.47,64006.69,,
2026-07-12T21:12:35+08:00,btc-updown-5m-1783861800,https://polymarket.com/zh/event/btc-updown-5m-1783861800,21:10-21:15,29.00,72.00,28.00,71.00,55.00,65.97,65.97,50.00,28.50,71.50,1.00,1.00,30391.43,29824.78,29709.78,30391.43,28,70,70,28,64010.47,64006.69,,
2026-07-12T21:12:38+08:00,btc-updown-5m-1783861800,https://polymarket.com/zh/event/btc-updown-5m-1783861800,21:10-21:15,29.00,73.00,28.00,72.00,55.00,389.42,117.92,45.00,28.50,72.50,1.00,1.00,30391.43,29709.78,29699.78,30391.43,28,70,71,27,64010.47,64006.69,,
2026-07-12T21:12:40+08:00,btc-updown-5m-1783861800,https://polymarket.com/zh/event/btc-updown-5m-1783861800,21:10-21:15,27.00,74.00,26.00,73.00,131.48,8.00,8.00,126.48,26.50,73.50,1.00,1.00,30391.43,29724.78,29839.78,30391.43,26,73,73,26,64010.47,64006.69,,
2026-07-12T21:12:42+08:00,btc-updown-5m-1783861800,https://polymarket.com/zh/event/btc-updown-5m-1783861800,21:10-21:15,26.00,75.00,25.00,74.00,29.80,172.01,161.97,24.80,25.50,74.50,1.00,1.00,30331.43,29774.78,29674.78,30341.43,25,74,74,25,64010.47,64006.69,,
2026-07-12T21:12:43+08:00,btc-updown-5m-1783861800,https://polymarket.com/zh/event/btc-updown-5m-1783861800,21:10-21:15,12.00,89.00,11.00,88.00,134.86,9.01,161.41,205.13,11.50,88.50,1.00,1.00,28949.77,29918.78,29923.78,28895.77,11,88,88,11,64010.47,63998.48,,
2026-07-12T21:12:45+08:00,btc-updown-5m-1783861800,https://polymarket.com/zh/event/btc-updown-5m-1783861800,21:10-21:15,9.00,92.00,8.00,91.00,52.00,840.18,866.94,58.00,8.50,91.50,1.00,1.00,28971.77,29913.78,29838.79,29021.77,8,90,91,8,64010.47,63994.85,,
2026-07-12T21:12:47+08:00,btc-updown-5m-1783861800,https://polymarket.com/zh/event/btc-updown-5m-1783861800,21:10-21:15,11.00,90.00,10.00,89.00,175.96,134.45,134.45,175.96,10.50,89.50,1.00,1.00,29116.77,29932.78,29932.78,29141.77,10,89,89,10,64010.47,63994.84,,
2026-07-12T21:12:49+08:00,btc-updown-5m-1783861800,https://polymarket.com/zh/event/btc-updown-5m-1783861800,21:10-21:15,11.00,90.00,10.00,89.00,68.57,82.51,46.00,50.41,10.50,89.50,1.00,1.00,29129.81,30012.78,29932.78,29129.81,10,89,89,10,64010.47,63994.85,,
2026-07-12T21:12:51+08:00,btc-updown-5m-1783861800,https://polymarket.com/zh/event/btc-updown-5m-1783861800,21:10-21:15,15.00,90.00,14.00,89.00,86.44,171.40,70.00,15.00,14.50,89.50,1.00,1.00,28918.27,29922.78,29912.78,28988.27,14,85,89,10,64010.47,63994.85,,
2026-07-12T21:12:53+08:00,btc-updown-5m-1783861800,https://polymarket.com/zh/event/btc-updown-5m-1783861800,21:10-21:15,12.00,89.00,11.00,88.00,45.97,36.53,36.53,45.97,11.50,88.50,1.00,1.00,29008.77,30017.78,30012.78,29008.77,11,88,88,11,64010.47,63994.84,,
2026-07-12T21:12:55+08:00,btc-updown-5m-1783861800,https://polymarket.com/zh/event/btc-updown-5m-1783861800,21:10-21:15,13.00,88.00,12.00,87.00,33.71,277.09,283.92,26.01,12.50,87.50,1.00,1.00,31266.77,29882.78,29992.78,31266.77,12,87,87,12,64010.47,63994.84,,
2026-07-12T21:12:57+08:00,btc-updown-5m-1783861800,https://polymarket.com/zh/event/btc-updown-5m-1783861800,21:10-21:15,13.00,88.00,12.00,87.00,149.57,121.77,198.41,149.57,12.50,87.50,1.00,1.00,28302.07,29786.78,29696.79,28312.07,12,87,87,12,64010.47,63994.84,,
2026-07-12T21:12:59+08:00,btc-updown-5m-1783861800,https://polymarket.com/zh/event/btc-updown-5m-1783861800,21:10-21:15,12.00,90.00,11.00,89.00,65.12,15.20,40.65,70.00,11.50,89.50,1.00,1.00,28362.07,28678.78,28588.78,28357.07,11,88,89,10,64010.47,63994.84,,
2026-07-12T21:13:01+08:00,btc-updown-5m-1783861800,https://polymarket.com/zh/event/btc-updown-5m-1783861800,21:10-21:15,9.00,92.00,8.00,91.00,15.56,257.13,265.85,15.56,8.50,91.50,1.00,1.00,28386.85,26287.78,26392.78,28386.85,8,91,91,8,64010.47,63994.84,,
2026-07-12T21:13:03+08:00,btc-updown-5m-1783861800,https://polymarket.com/zh/event/btc-updown-5m-1783861800,21:10-21:15,9.00,92.00,8.00,91.00,13.02,323.22,323.22,11.00,8.50,91.50,1.00,1.00,28306.00,26127.79,26232.78,28306.00,8,91,91,8,64010.47,63994.84,,
2026-07-12T21:13:05+08:00,btc-updown-5m-1783861800,https://polymarket.com/zh/event/btc-updown-5m-1783861800,21:10-21:15,9.00,92.00,8.00,91.00,37.44,451.35,451.49,32.00,8.50,91.50,1.00,1.00,28277.00,26207.78,26197.78,28322.00,8,91,91,8,64010.47,63994.84,,
2026-07-12T21:13:07+08:00,btc-updown-5m-1783861800,https://polymarket.com/zh/event/btc-updown-5m-1783861800,21:10-21:15,11.00,90.00,10.00,89.00,265.12,24.44,24.44,265.12,10.50,89.50,1.00,1.00,28285.29,26297.78,26197.78,28270.85,10,89,89,10,64010.47,63994.84,,
2026-07-12T21:13:09+08:00,btc-updown-5m-1783861800,https://polymarket.com/zh/event/btc-updown-5m-1783861800,21:10-21:15,12.00,89.00,11.00,88.00,253.93,18.74,18.74,253.93,11.50,88.50,1.00,1.00,28240.85,26197.78,26197.78,28240.85,11,88,88,11,64010.47,63994.84,,
2026-07-12T21:13:11+08:00,btc-updown-5m-1783861800,https://polymarket.com/zh/event/btc-updown-5m-1783861800,21:10-21:15,11.00,90.00,10.00,89.00,141.77,5.54,5.54,132.67,10.50,89.50,1.00,1.00,28174.19,26302.79,26202.78,28174.19,10,89,89,10,64010.47,63994.84,,
2026-07-12T21:13:13+08:00,btc-updown-5m-1783861800,https://polymarket.com/zh/event/btc-updown-5m-1783861800,21:10-21:15,10.00,91.00,9.00,90.00,20.00,834.23,543.24,21.00,9.50,90.50,1.00,1.00,28241.49,26197.78,26207.79,28206.49,9,90,90,9,64010.47,63994.84,,
2026-07-12T21:13:16+08:00,btc-updown-5m-1783861800,https://polymarket.com/zh/event/btc-updown-5m-1783861800,21:10-21:15,10.00,91.00,9.00,90.00,367.96,398.57,309.67,372.96,9.50,90.50,1.00,1.00,28243.97,26202.78,26212.78,28248.97,9,90,90,9,64010.47,63994.84,,
2026-07-12T21:13:18+08:00,btc-updown-5m-1783861800,https://polymarket.com/zh/event/btc-updown-5m-1783861800,21:10-21:15,10.00,91.00,9.00,90.00,370.02,406.73,406.73,370.02,9.50,90.50,1.00,1.00,27741.49,25907.78,26017.78,27741.49,9,90,90,9,64010.47,63994.84,,
2026-07-12T21:13:19+08:00,btc-updown-5m-1783861800,https://polymarket.com/zh/event/btc-updown-5m-1783861800,21:10-21:15,12.00,89.00,11.00,88.00,240.67,69.87,44.87,133.68,11.50,88.50,1.00,1.00,27879.33,25762.78,25882.79,27879.33,11,88,88,11,64010.47,63994.84,,
2026-07-12T21:13:21+08:00,btc-updown-5m-1783861800,https://polymarket.com/zh/event/btc-updown-5m-1783861800,21:10-21:15,12.00,89.00,11.00,88.00,115.34,210.26,210.26,115.34,11.50,88.50,1.00,1.00,26938.49,24755.78,24850.78,26933.49,11,88,88,11,64010.47,63994.84,,
2026-07-12T21:13:23+08:00,btc-updown-5m-1783861800,https://polymarket.com/zh/event/btc-updown-5m-1783861800,21:10-21:15,11.00,90.00,10.00,89.00,153.60,50.26,78.60,114.95,10.50,89.50,1.00,1.00,26963.49,24442.78,24547.78,26983.49,10,89,89,10,64010.47,63994.84,,
2026-07-12T21:13:25+08:00,btc-updown-5m-1783861800,https://polymarket.com/zh/event/btc-updown-5m-1783861800,21:10-21:15,10.00,91.00,9.00,90.00,15.00,322.28,338.58,15.00,9.50,90.50,1.00,1.00,26988.49,24436.78,24456.78,26983.49,9,90,90,9,64010.47,63994.85,,
2026-07-12T21:13:27+08:00,btc-updown-5m-1783861800,https://polymarket.com/zh/event/btc-updown-5m-1783861800,21:10-21:15,10.00,91.00,9.00,90.00,13.00,122.24,122.24,13.00,9.50,90.50,1.00,1.00,26988.49,24361.79,24451.78,26988.49,9,90,90,9,64010.47,63994.84,,
2026-07-12T21:13:29+08:00,btc-updown-5m-1783861800,https://polymarket.com/zh/event/btc-updown-5m-1783861800,21:10-21:15,9.00,92.00,8.00,91.00,118.99,266.88,216.88,118.99,8.50,91.50,1.00,1.00,27040.95,24451.78,24356.78,27050.95,8,91,91,8,64010.47,63994.84,,
2026-07-12T21:13:31+08:00,btc-updown-5m-1783861800,https://polymarket.com/zh/event/btc-updown-5m-1783861800,21:10-21:15,9.00,92.00,8.00,91.00,16.81,148.00,231.95,15.70,8.50,91.50,1.00,1.00,26510.20,23807.78,23992.78,26480.20,8,91,91,8,64010.47,63994.85,,
2026-07-12T21:13:33+08:00,btc-updown-5m-1783861800,https://polymarket.com/zh/event/btc-updown-5m-1783861800,21:10-21:15,10.00,91.00,9.00,90.00,69.13,302.66,305.96,69.13,9.50,90.50,1.00,1.00,26232.47,23887.78,23877.78,26232.47,9,90,90,9,64010.47,63994.84,,
2026-07-12T21:13:35+08:00,btc-updown-5m-1783861800,https://polymarket.com/zh/event/btc-updown-5m-1783861800,21:10-21:15,10.00,91.00,9.00,90.00,204.21,5.00,5.00,204.21,9.50,90.50,1.00,1.00,26168.28,23877.78,23892.78,26173.28,9,90,90,9,64010.47,63994.84,,
2026-07-12T21:13:37+08:00,btc-updown-5m-1783861800,https://polymarket.com/zh/event/btc-updown-5m-1783861800,21:10-21:15,9.00,92.00,8.00,91.00,62.23,127.24,190.24,62.23,8.50,91.50,1.00,1.00,26168.28,23837.78,24027.78,26173.28,8,91,91,8,64010.47,63994.84,,
2026-07-12T21:13:39+08:00,btc-updown-5m-1783861800,https://polymarket.com/zh/event/btc-updown-5m-1783861800,21:10-21:15,12.00,89.00,11.00,88.00,161.32,66.01,53.01,183.16,11.50,88.50,1.00,1.00,26098.78,23942.78,23922.78,26128.78,11,88,88,11,64010.47,63995.24,,
2026-07-12T21:13:41+08:00,btc-updown-5m-1783861800,https://polymarket.com/zh/event/btc-updown-5m-1783861800,21:10-21:15,11.00,90.00,10.00,89.00,63.40,161.29,130.43,63.40,10.50,89.50,1.00,1.00,26061.66,23927.78,23942.79,25941.66,10,89,89,10,64010.47,63998.31,,
2026-07-12T21:13:43+08:00,btc-updown-5m-1783861800,https://polymarket.com/zh/event/btc-updown-5m-1783861800,21:10-21:15,9.00,90.00,8.00,89.00,2.22,20.00,566.21,98.72,8.50,89.50,1.00,1.00,25962.94,23852.78,24022.78,26001.66,8,91,89,10,64010.47,63998.31,,
2026-07-12T21:13:45+08:00,btc-updown-5m-1783861800,https://polymarket.com/zh/event/btc-updown-5m-1783861800,21:10-21:15,10.00,91.00,9.00,90.00,84.40,33.26,33.26,84.40,9.50,90.50,1.00,1.00,26027.03,23877.78,23977.78,26032.03,9,90,90,9,64010.47,63998.30,,
2026-07-12T21:13:47+08:00,btc-updown-5m-1783861800,https://polymarket.com/zh/event/btc-updown-5m-1783861800,21:10-21:15,11.00,90.00,10.00,89.00,104.68,101.56,101.56,84.68,10.50,89.50,1.00,1.00,25961.66,23867.78,23887.79,25966.66,10,89,89,10,64010.47,63998.30,,
2026-07-12T21:13:49+08:00,btc-updown-5m-1783861800,https://polymarket.com/zh/event/btc-updown-5m-1783861800,21:10-21:15,12.00,88.00,11.00,87.00,51.57,70.00,491.41,114.94,11.50,87.50,1.00,1.00,25295.66,23854.78,23749.78,25325.66,11,88,87,12,64010.47,63998.30,,
2026-07-12T21:13:51+08:00,btc-updown-5m-1783861800,https://polymarket.com/zh/event/btc-updown-5m-1783861800,21:10-21:15,13.00,88.00,12.00,87.00,29.06,289.32,289.73,29.06,12.50,87.50,1.00,1.00,25270.66,23779.78,23969.78,25270.66,12,85,84,12,64010.47,63998.30,,
2026-07-12T21:13:53+08:00,btc-updown-5m-1783861800,https://polymarket.com/zh/event/btc-updown-5m-1783861800,21:10-21:15,13.00,88.00,12.00,87.00,83.66,55.55,55.55,83.66,12.50,87.50,1.00,1.00,25358.66,23882.78,23892.79,25363.66,12,87,87,12,64010.47,63998.30,,
2026-07-12T21:13:55+08:00,btc-updown-5m-1783861800,https://polymarket.com/zh/event/btc-updown-5m-1783861800,21:10-21:15,14.00,89.00,13.00,88.00,86.15,51.76,81.26,25.00,13.50,88.50,1.00,1.00,25338.66,23897.79,23877.78,25313.66,13,86,87,11,64010.47,63998.30,,
2026-07-12T21:13:57+08:00,btc-updown-5m-1783861800,https://polymarket.com/zh/event/btc-updown-5m-1783861800,21:10-21:15,11.00,90.00,10.00,89.00,18.13,367.56,317.56,18.13,10.50,89.50,1.00,1.00,25503.66,23787.78,23897.78,25483.66,10,88,88,10,64010.47,63998.30,,
2026-07-12T21:13:59+08:00,btc-updown-5m-1783861800,https://polymarket.com/zh/event/btc-updown-5m-1783861800,21:10-21:15,11.00,90.00,10.00,89.00,31.17,219.35,234.91,31.17,10.50,89.50,1.00,1.00,25003.66,24082.78,24019.94,25003.66,10,88,88,10,64010.47,63998.30,,
2026-07-12T21:14:01+08:00,btc-updown-5m-1783861800,https://polymarket.com/zh/event/btc-updown-5m-1783861800,21:10-21:15,10.00,91.00,9.00,90.00,72.94,33.40,40.00,82.94,9.50,90.50,1.00,1.00,24861.62,23996.73,24011.74,24871.62,9,88,88,9,64010.47,63998.30,,
2026-07-12T21:14:03+08:00,btc-updown-5m-1783861800,https://polymarket.com/zh/event/btc-updown-5m-1783861800,21:10-21:15,9.00,92.00,8.00,91.00,99.21,82.46,82.46,99.21,8.50,91.50,1.00,1.00,24861.21,24024.73,24029.73,24926.21,8,89,89,8,64010.47,63998.30,,
2026-07-12T21:14:05+08:00,btc-updown-5m-1783861800,https://polymarket.com/zh/event/btc-updown-5m-1783861800,21:10-21:15,8.00,93.00,7.00,92.00,81.95,530.63,489.23,81.95,7.50,92.50,1.00,1.00,24743.03,24044.74,23924.73,24738.03,7,89,89,7,64010.47,63998.30,,
2026-07-12T21:14:07+08:00,btc-updown-5m-1783861800,https://polymarket.com/zh/event/btc-updown-5m-1783861800,21:10-21:15,8.00,93.00,7.00,92.00,96.31,27.56,28.64,96.31,7.50,92.50,1.00,1.00,24353.03,24682.73,24567.73,24348.03,7,90,90,7,64010.47,63998.30,,
2026-07-12T21:14:09+08:00,btc-updown-5m-1783861800,https://polymarket.com/zh/event/btc-updown-5m-1783861800,21:10-21:15,7.00,94.00,6.00,93.00,143.08,281.01,281.01,143.08,6.50,93.50,1.00,1.00,24478.93,24499.85,24584.85,24473.93,6,93,93,6,64010.47,63998.30,,
2026-07-12T21:14:11+08:00,btc-updown-5m-1783861800,https://polymarket.com/zh/event/btc-updown-5m-1783861800,21:10-21:15,7.00,94.00,6.00,93.00,184.18,202.66,202.66,184.18,6.50,93.50,1.00,1.00,23928.06,24499.85,24594.85,23948.57,6,93,93,6,64010.47,63998.30,,
2026-07-12T21:14:13+08:00,btc-updown-5m-1783861800,https://polymarket.com/zh/event/btc-updown-5m-1783861800,21:10-21:15,6.00,95.00,5.00,94.00,229.83,397.49,397.49,198.19,5.50,94.50,1.00,1.00,22323.62,24594.85,24594.85,22293.11,5,94,94,5,64010.47,63998.30,,
2026-07-12T21:14:15+08:00,btc-updown-5m-1783861800,https://polymarket.com/zh/event/btc-updown-5m-1783861800,21:10-21:15,6.00,95.00,5.00,94.00,253.44,38.00,357.11,236.77,5.50,94.50,1.00,1.00,22293.48,24589.86,24594.85,21974.37,5,94,94,5,64010.47,63998.30,,
2026-07-12T21:14:17+08:00,btc-updown-5m-1783861800,https://polymarket.com/zh/event/btc-updown-5m-1783861800,21:10-21:15,5.00,96.00,4.00,95.00,551.99,217.48,217.48,527.99,4.50,95.50,1.00,1.00,22001.97,24559.85,24569.85,22004.71,4,95,95,4,64010.47,63998.30,,
2026-07-12T21:14:19+08:00,btc-updown-5m-1783861800,https://polymarket.com/zh/event/btc-updown-5m-1783861800,21:10-21:15,4.00,97.00,3.00,96.00,230.35,2191.99,2141.99,230.35,3.50,96.50,1.00,1.00,21751.12,24458.85,24363.85,21806.28,3,96,96,3,64010.47,63998.30,,
2026-07-12T21:14:21+08:00,btc-updown-5m-1783861800,https://polymarket.com/zh/event/btc-updown-5m-1783861800,21:10-21:15,4.00,97.00,3.00,96.00,443.95,1437.35,1487.35,443.95,3.50,96.50,1.00,1.00,13149.48,24360.85,24445.85,13099.48,3,96,96,3,64010.47,63998.30,,
2026-07-12T21:14:23+08:00,btc-updown-5m-1783861800,https://polymarket.com/zh/event/btc-updown-5m-1783861800,21:10-21:15,4.00,97.00,3.00,96.00,487.03,1015.99,1015.99,487.03,3.50,96.50,1.00,1.00,12678.81,24545.85,24360.85,12678.81,3,96,96,3,64010.47,63998.30,,
2026-07-12T21:14:25+08:00,btc-updown-5m-1783861800,https://polymarket.com/zh/event/btc-updown-5m-1783861800,21:10-21:15,4.00,97.00,3.00,96.00,261.94,1002.73,1007.89,301.58,3.50,96.50,1.00,1.00,12498.28,24345.85,24450.85,12487.55,3,96,96,3,64010.47,63998.30,,
2026-07-12T21:14:27+08:00,btc-updown-5m-1783861800,https://polymarket.com/zh/event/btc-updown-5m-1783861800,21:10-21:15,4.00,97.00,3.00,96.00,380.06,808.24,813.40,380.06,3.50,96.50,1.00,1.00,11637.12,24500.85,24515.86,11631.96,3,96,96,3,64010.47,63994.82,,
2026-07-12T21:14:29+08:00,btc-updown-5m-1783861800,https://polymarket.com/zh/event/btc-updown-5m-1783861800,21:10-21:15,4.00,97.00,3.00,96.00,223.50,665.57,665.57,223.50,3.50,96.50,1.00,1.00,11583.53,24600.85,24400.85,11583.53,3,96,96,3,64010.47,63992.66,,
2026-07-12T21:14:31+08:00,btc-updown-5m-1783861800,https://polymarket.com/zh/event/btc-updown-5m-1783861800,21:10-21:15,4.00,97.00,3.00,96.00,197.44,533.09,533.09,197.44,3.50,96.50,1.00,1.00,12301.05,24009.19,24014.19,12438.67,3,96,96,3,64010.47,63992.66,,
2026-07-12T21:14:33+08:00,btc-updown-5m-1783861800,https://polymarket.com/zh/event/btc-updown-5m-1783861800,21:10-21:15,4.00,97.00,3.00,96.00,204.11,171.19,191.82,294.11,3.50,96.50,1.00,1.00,12002.54,24049.19,24064.19,12031.91,3,96,96,3,64010.47,63992.66,,
2026-07-12T21:14:35+08:00,btc-updown-5m-1783861800,https://polymarket.com/zh/event/btc-updown-5m-1783861800,21:10-21:15,3.00,98.00,2.00,97.00,232.50,385.80,439.91,232.87,2.50,97.50,1.00,1.00,11221.57,22420.20,22405.20,11167.46,2,97,97,2,64010.47,63992.66,,
2026-07-12T21:14:37+08:00,btc-updown-5m-1783861800,https://polymarket.com/zh/event/btc-updown-5m-1783861800,21:10-21:15,3.00,98.00,2.00,97.00,261.45,232.66,293.89,299.45,2.50,97.50,1.00,1.00,6075.55,22393.20,22383.20,6014.32,2,97,97,2,64010.47,63992.66,,
2026-07-12T21:14:39+08:00,btc-updown-5m-1783861800,https://polymarket.com/zh/event/btc-updown-5m-1783861800,21:10-21:15,2.00,99.00,1.00,98.00,991.04,4682.29,4697.31,991.04,1.50,98.50,1.00,1.00,4697.31,22061.95,22051.95,4682.29,1,98,98,1,64010.47,63997.37,,
2026-07-12T21:14:41+08:00,btc-updown-5m-1783861800,https://polymarket.com/zh/event/btc-updown-5m-1783861800,21:10-21:15,2.00,99.00,1.00,98.00,982.60,4455.10,4465.10,982.60,1.50,98.50,1.00,1.00,4465.10,22051.95,22066.95,4455.10,1,98,98,1,64010.47,63997.36,,
2026-07-12T21:14:43+08:00,btc-updown-5m-1783861800,https://polymarket.com/zh/event/btc-updown-5m-1783861800,21:10-21:15,2.00,99.00,1.00,98.00,987.60,3933.15,3936.19,987.60,1.50,98.50,1.00,1.00,3936.19,22063.55,22073.56,3933.15,1,98,98,1,64010.47,63997.37,,
2026-07-12T21:14:45+08:00,btc-updown-5m-1783861800,https://polymarket.com/zh/event/btc-updown-5m-1783861800,21:10-21:15,2.00,99.00,1.00,98.00,813.00,3552.13,3557.13,818.00,1.50,98.50,1.00,1.00,3557.13,21187.46,21077.36,3552.13,1,98,98,1,64010.47,63997.37,,
2026-07-12T21:14:47+08:00,btc-updown-5m-1783861800,https://polymarket.com/zh/event/btc-updown-5m-1783861800,21:10-21:15,2.00,99.00,1.00,98.00,931.41,2443.79,2448.79,931.41,1.50,98.50,1.00,1.00,2448.79,21057.36,21052.36,2443.79,1,98,98,1,64010.47,63997.36,,
2026-07-12T21:14:49+08:00,btc-updown-5m-1783861800,https://polymarket.com/zh/event/btc-updown-5m-1783861800,21:10-21:15,2.00,99.00,1.00,98.00,882.41,1100.95,1118.10,871.41,1.50,98.50,1.00,1.00,1118.10,20971.93,20931.92,1100.95,1,88,88,1,64010.47,63997.36,,
2026-07-12T21:14:51+08:00,btc-updown-5m-1783861800,https://polymarket.com/zh/event/btc-updown-5m-1783861800,21:10-21:15,1.00,,,99.00,697.66,,,727.66,,,,,,13759.93,13744.92,,0,88,88,0,64010.47,63997.36,,
2026-07-12T21:14:53+08:00,btc-updown-5m-1783861800,https://polymarket.com/zh/event/btc-updown-5m-1783861800,21:10-21:15,1.00,,,99.00,749.26,,,690.26,,,,,,13769.93,13739.92,,0,88,88,0,64010.47,63997.36,,
2026-07-12T21:14:55+08:00,btc-updown-5m-1783861800,https://polymarket.com/zh/event/btc-updown-5m-1783861800,21:10-21:15,1.00,,,99.00,663.61,,,834.70,,,,,,13514.92,13469.92,,0,87,87,0,64010.47,63997.36,,
2026-07-12T21:14:57+08:00,btc-updown-5m-1783861800,https://polymarket.com/zh/event/btc-updown-5m-1783861800,21:10-21:15,1.00,,,99.00,1039.95,,,1050.00,,,,,,14337.92,14347.92,,0,85,84,0,64010.47,64002.11,,
2026-07-12T21:14:59+08:00,btc-updown-5m-1783861800,https://polymarket.com/zh/event/btc-updown-5m-1783861800,21:10-21:15,1.00,,,99.00,13423.46,,,17981.13,,,,,,13551.92,13651.92,,0,71,70,0,64010.47,64002.11,,
2026-07-12T21:15:01+08:00,btc-updown-5m-1783862100,https://polymarket.com/zh/event/btc-updown-5m-1783862100,21:15-21:20,47.00,54.00,46.00,53.00,368.23,185.91,178.13,368.23,46.50,53.50,1.00,1.00,19466.89,22239.60,22275.03,19500.33,46,52,52,46,64002.11,64002.11,,
2026-07-12T21:15:03+08:00,btc-updown-5m-1783862100,https://polymarket.com/zh/event/btc-updown-5m-1783862100,21:15-21:20,49.00,52.00,48.00,51.00,89.97,144.20,156.46,85.64,48.50,51.50,1.00,1.00,19265.89,22575.23,22585.23,19275.89,48,50,50,48,64002.11,64002.11,,
2026-07-12T21:15:05+08:00,btc-updown-5m-1783862100,https://polymarket.com/zh/event/btc-updown-5m-1783862100,21:15-21:20,48.00,54.00,46.00,53.00,109.79,202.96,110.83,110.00,47.00,53.50,2.00,1.00,19449.89,22549.23,22644.23,19454.89,46,52,53,46,64002.11,64002.11,,
2026-07-12T21:15:07+08:00,btc-updown-5m-1783862100,https://polymarket.com/zh/event/btc-updown-5m-1783862100,21:15-21:20,46.00,55.00,45.00,54.00,280.40,14.66,53.76,280.40,45.50,54.50,1.00,1.00,19506.89,22531.23,22716.23,19491.89,45,54,54,45,64002.11,64002.11,,
2026-07-12T21:15:09+08:00,btc-updown-5m-1783862100,https://polymarket.com/zh/event/btc-updown-5m-1783862100,21:15-21:20,41.00,58.00,40.00,57.00,9.04,541.22,53.75,1.81,40.50,57.50,1.00,1.00,17481.89,20531.23,20963.23,17823.89,40,58,56,42,64002.11,64002.11,,
2026-07-12T21:15:11+08:00,btc-updown-5m-1783862100,https://polymarket.com/zh/event/btc-updown-5m-1783862100,21:15-21:20,38.00,63.00,37.00,62.00,263.29,68.94,72.12,503.29,37.50,62.50,1.00,1.00,17895.59,21071.93,21081.93,17895.59,37,62,62,37,64002.11,63997.30,,
2026-07-12T21:15:13+08:00,btc-updown-5m-1783862100,https://polymarket.com/zh/event/btc-updown-5m-1783862100,21:15-21:20,37.00,64.00,36.00,63.00,418.11,166.81,181.81,379.59,36.50,63.50,1.00,1.00,17875.59,21076.93,21176.93,17830.59,36,63,63,36,64002.11,63997.31,,
2026-07-12T21:15:15+08:00,btc-updown-5m-1783862100,https://polymarket.com/zh/event/btc-updown-5m-1783862100,21:15-21:20,42.00,60.00,41.00,59.00,83.09,6.00,5.15,62.01,41.50,59.50,1.00,1.00,18200.39,21916.73,21770.93,18210.39,41,58,59,40,64002.11,63997.31,,
2026-07-12T21:15:17+08:00,btc-updown-5m-1783862100,https://polymarket.com/zh/event/btc-updown-5m-1783862100,21:15-21:20,36.00,65.00,35.00,64.00,361.00,640.70,719.17,361.00,35.50,64.50,1.00,1.00,18339.59,21650.93,21665.93,18319.59,35,63,63,35,64002.11,63997.30,,
2026-07-12T21:15:19+08:00,btc-updown-5m-1783862100,https://polymarket.com/zh/event/btc-updown-5m-1783862100,21:15-21:20,36.00,65.00,35.00,64.00,201.94,406.21,391.21,121.82,35.50,64.50,1.00,1.00,18544.59,21660.93,21755.93,18539.59,35,64,64,35,64002.11,63997.30,,
2026-07-12T21:15:21+08:00,btc-updown-5m-1783862100,https://polymarket.com/zh/event/btc-updown-5m-1783862100,21:15-21:20,33.00,68.00,32.00,67.00,107.16,5.00,50.69,245.07,32.50,67.50,1.00,1.00,18903.20,22422.18,22342.19,18852.20,32,65,66,32,64002.11,63992.67,,
2026-07-12T21:15:23+08:00,btc-updown-5m-1783862100,https://polymarket.com/zh/event/btc-updown-5m-1783862100,21:15-21:20,32.00,69.00,31.00,68.00,34.00,581.86,586.21,35.87,31.50,68.50,1.00,1.00,18909.90,22653.87,22633.88,18904.90,31,68,68,31,64002.11,63992.67,,
2026-07-12T21:15:25+08:00,btc-updown-5m-1783862100,https://polymarket.com/zh/event/btc-updown-5m-1783862100,21:15-21:20,38.00,63.00,37.00,62.00,47.21,26.41,28.00,101.12,37.50,62.50,1.00,1.00,19506.55,22800.87,22790.87,19506.55,37,62,62,37,64002.11,63992.66,,
2026-07-12T21:15:27+08:00,btc-updown-5m-1783862100,https://polymarket.com/zh/event/btc-updown-5m-1783862100,21:15-21:20,38.00,63.00,37.00,62.00,251.90,24.45,24.45,238.74,37.50,62.50,1.00,1.00,19829.55,22920.57,22825.57,19829.55,37,62,62,37,64002.11,63992.67,,
2026-07-12T21:15:29+08:00,btc-updown-5m-1783862100,https://polymarket.com/zh/event/btc-updown-5m-1783862100,21:15-21:20,38.00,63.00,37.00,62.00,162.71,99.41,99.41,157.71,37.50,62.50,1.00,1.00,19848.41,22760.57,22860.57,19828.41,37,62,62,37,64002.11,63992.66,,
2026-07-12T21:15:31+08:00,btc-updown-5m-1783862100,https://polymarket.com/zh/event/btc-updown-5m-1783862100,21:15-21:20,37.00,64.00,36.00,63.00,141.86,303.70,298.69,231.86,36.50,63.50,1.00,1.00,21388.41,22285.57,22200.57,21383.41,36,63,63,36,64002.11,63992.66,,
2026-07-12T21:15:33+08:00,btc-updown-5m-1783862100,https://polymarket.com/zh/event/btc-updown-5m-1783862100,21:15-21:20,37.00,64.00,36.00,63.00,199.90,134.16,179.16,199.90,36.50,63.50,1.00,1.00,21388.41,22300.57,22390.58,21388.41,36,63,63,36,64002.11,63992.67,,
2026-07-12T21:15:35+08:00,btc-updown-5m-1783862100,https://polymarket.com/zh/event/btc-updown-5m-1783862100,21:15-21:20,27.00,74.00,26.00,73.00,72.55,275.39,276.66,83.84,26.50,73.50,1.00,1.00,21932.49,23680.57,23770.57,21937.49,26,73,73,26,64002.11,63987.57,,
2026-07-12T21:15:37+08:00,btc-updown-5m-1783862100,https://polymarket.com/zh/event/btc-updown-5m-1783862100,21:15-21:20,30.00,71.00,29.00,70.00,168.61,71.86,71.86,113.61,29.50,70.50,1.00,1.00,21897.49,23705.57,23615.57,21897.49,29,68,68,29,64002.11,63987.57,,
2026-07-12T21:15:39+08:00,btc-updown-5m-1783862100,https://polymarket.com/zh/event/btc-updown-5m-1783862100,21:15-21:20,32.00,69.00,31.00,68.00,306.14,100.02,107.92,460.23,31.50,68.50,1.00,1.00,21917.49,23630.57,23715.57,21897.49,31,68,68,30,64002.11,63987.57,,
2026-07-12T21:15:41+08:00,btc-updown-5m-1783862100,https://polymarket.com/zh/event/btc-updown-5m-1783862100,21:15-21:20,26.00,75.00,25.00,74.00,85.83,50.62,50.62,81.98,25.50,74.50,1.00,1.00,22392.49,23270.57,23360.57,22382.49,25,74,74,25,64002.11,63984.36,,
2026-07-12T21:15:43+08:00,btc-updown-5m-1783862100,https://polymarket.com/zh/event/btc-updown-5m-1783862100,21:15-21:20,26.00,75.00,25.00,74.00,92.36,312.95,241.07,17.00,25.50,74.50,1.00,1.00,22392.49,23375.58,23355.57,22417.49,25,74,74,25,64002.11,63984.36,,
2026-07-12T21:15:45+08:00,btc-updown-5m-1783862100,https://polymarket.com/zh/event/btc-updown-5m-1783862100,21:15-21:20,27.00,74.00,26.00,73.00,137.19,56.67,63.03,136.19,26.50,73.50,1.00,1.00,23502.49,23355.58,23360.57,23517.49,26,73,73,26,64002.11,63984.36,,
2026-07-12T21:15:47+08:00,btc-updown-5m-1783862100,https://polymarket.com/zh/event/btc-updown-5m-1783862100,21:15-21:20,27.00,74.00,26.00,73.00,207.63,89.84,97.39,203.92,26.50,73.50,1.00,1.00,23517.49,23475.57,23465.58,23517.49,26,73,73,26,64002.11,63984.37,,
2026-07-12T21:15:49+08:00,btc-updown-5m-1783862100,https://polymarket.com/zh/event/btc-updown-5m-1783862100,21:15-21:20,26.00,75.00,25.00,74.00,14.00,406.91,406.91,14.00,25.50,74.50,1.00,1.00,23612.49,23440.57,23355.58,23612.49,25,74,74,25,64002.11,63984.36,,
2026-07-12T21:15:51+08:00,btc-updown-5m-1783862100,https://polymarket.com/zh/event/btc-updown-5m-1783862100,21:15-21:20,26.00,75.00,25.00,74.00,35.00,411.69,411.69,35.00,25.50,74.50,1.00,1.00,22662.49,22985.57,22985.57,22662.49,25,73,73,25,64002.11,63984.36,,
2026-07-12T21:15:53+08:00,btc-updown-5m-1783862100,https://polymarket.com/zh/event/btc-updown-5m-1783862100,21:15-21:20,23.00,78.00,22.00,77.00,9.20,560.10,565.10,9.20,22.50,77.50,1.00,1.00,22064.19,22309.69,22294.69,22064.19,22,77,77,22,64002.11,63984.36,,
2026-07-12T21:15:55+08:00,btc-updown-5m-1783862100,https://polymarket.com/zh/event/btc-updown-5m-1783862100,21:15-21:20,25.00,76.00,24.00,75.00,2674.03,138.00,138.00,2674.77,24.50,75.50,1.00,1.00,22059.19,22386.55,22476.56,22059.19,24,75,75,24,64002.11,63984.37,,
2026-07-12T21:15:57+08:00,btc-updown-5m-1783862100,https://polymarket.com/zh/event/btc-updown-5m-1783862100,21:15-21:20,24.00,77.00,23.00,76.00,236.93,35.00,35.00,205.21,23.50,76.50,1.00,1.00,22064.19,22476.55,22386.56,22064.19,23,76,76,23,64002.11,63984.37,,
2026-07-12T21:15:59+08:00,btc-updown-5m-1783862100,https://polymarket.com/zh/event/btc-updown-5m-1783862100,21:15-21:20,23.00,78.00,22.00,77.00,166.70,182.95,182.95,163.00,22.50,77.50,1.00,1.00,24064.19,22371.55,22386.55,24074.19,22,77,77,22,64002.11,63984.36,,
2026-07-12T21:16:02+08:00,btc-updown-5m-1783862100,https://polymarket.com/zh/event/btc-updown-5m-1783862100,21:15-21:20,23.00,78.00,22.00,77.00,252.28,144.08,194.08,252.28,22.50,77.50,1.00,1.00,32000.89,30718.25,30698.25,32000.89,22,77,77,22,64002.11,63984.37,,
2026-07-12T21:16:04+08:00,btc-updown-5m-1783862100,https://polymarket.com/zh/event/btc-updown-5m-1783862100,21:15-21:20,22.00,79.00,21.00,78.00,135.90,145.31,354.10,469.84,21.50,78.50,1.00,1.00,29995.89,30698.25,30685.25,29982.89,21,78,78,21,64002.11,63984.36,,
2026-07-12T21:16:06+08:00,btc-updown-5m-1783862100,https://polymarket.com/zh/event/btc-updown-5m-1783862100,21:15-21:20,22.00,79.00,21.00,78.00,632.77,85.13,85.13,632.77,21.50,78.50,1.00,1.00,30112.87,30790.25,30790.25,30122.87,21,78,78,21,64002.11,63984.36,,
2026-07-12T21:16:08+08:00,btc-updown-5m-1783862100,https://polymarket.com/zh/event/btc-updown-5m-1783862100,21:15-21:20,22.00,79.00,21.00,78.00,93.18,100.52,150.52,93.18,21.50,78.50,1.00,1.00,29753.87,30530.25,30535.25,29763.87,21,78,78,21,64002.11,63984.36,,
2026-07-12T21:16:09+08:00,btc-updown-5m-1783862100,https://polymarket.com/zh/event/btc-updown-5m-1783862100,21:15-21:20,22.00,79.00,21.00,78.00,65.00,523.66,388.36,65.00,21.50,78.50,1.00,1.00,29760.53,30530.25,30530.25,29755.53,21,78,78,21,64002.11,63984.36,,
2026-07-12T21:16:11+08:00,btc-updown-5m-1783862100,https://polymarket.com/zh/event/btc-updown-5m-1783862100,21:15-21:20,22.00,79.00,21.00,78.00,10.00,482.50,482.50,10.00,21.50,78.50,1.00,1.00,29553.83,30403.55,30513.55,29548.83,21,78,78,21,64002.11,63984.36,,
2026-07-12T21:16:13+08:00,btc-updown-5m-1783862100,https://polymarket.com/zh/event/btc-updown-5m-1783862100,21:15-21:20,23.00,79.00,22.00,78.00,425.63,193.44,7.71,148.00,22.50,78.50,1.00,1.00,29446.83,30313.55,30333.55,29451.83,22,77,78,21,64002.11,63984.36,,
2026-07-12T21:16:15+08:00,btc-updown-5m-1783862100,https://polymarket.com/zh/event/btc-updown-5m-1783862100,21:15-21:20,14.00,86.00,11.00,85.00,5.00,28.07,818.22,60.00,12.50,85.50,3.00,1.00,29456.83,30303.55,30298.55,29436.83,11,85,85,14,64002.11,63984.36,,
2026-07-12T21:16:17+08:00,btc-updown-5m-1783862100,https://polymarket.com/zh/event/btc-updown-5m-1783862100,21:15-21:20,19.00,82.00,18.00,81.00,31.55,240.83,252.05,31.55,18.50,81.50,1.00,1.00,29395.43,30223.55,30318.55,29390.43,18,81,81,18,64002.11,63984.36,,
2026-07-12T21:16:20+08:00,btc-updown-5m-1783862100,https://polymarket.com/zh/event/btc-updown-5m-1783862100,21:15-21:20,20.00,81.00,19.00,80.00,374.21,38.62,47.27,374.21,19.50,80.50,1.00,1.00,29395.43,30303.56,30408.55,29395.43,19,80,80,19,64002.11,63984.36,,
2026-07-12T21:16:21+08:00,btc-updown-5m-1783862100,https://polymarket.com/zh/event/btc-updown-5m-1783862100,21:15-21:20,20.00,81.00,19.00,80.00,358.52,46.04,46.04,348.52,19.50,80.50,1.00,1.00,29395.43,30288.55,30303.55,29390.43,19,80,80,19,64002.11,63984.36,,
2026-07-12T21:16:23+08:00,btc-updown-5m-1783862100,https://polymarket.com/zh/event/btc-updown-5m-1783862100,21:15-21:20,20.00,81.00,19.00,80.00,327.56,24.80,24.80,327.56,19.50,80.50,1.00,1.00,29395.43,30288.55,30288.56,29380.43,19,80,80,19,64002.11,63984.36,,
2026-07-12T21:16:25+08:00,btc-updown-5m-1783862100,https://polymarket.com/zh/event/btc-updown-5m-1783862100,21:15-21:20,20.00,81.00,19.00,80.00,315.21,18.26,18.26,315.21,19.50,80.50,1.00,1.00,29395.43,30378.55,30193.55,29390.43,19,80,80,19,64002.11,63984.36,,
2026-07-12T21:16:28+08:00,btc-updown-5m-1783862100,https://polymarket.com/zh/event/btc-updown-5m-1783862100,21:15-21:20,20.00,81.00,19.00,80.00,85.29,24.10,24.10,85.29,19.50,80.50,1.00,1.00,29546.43,30278.55,30283.55,29536.43,19,80,80,19,64002.11,63984.36,,
2026-07-12T21:16:29+08:00,btc-updown-5m-1783862100,https://polymarket.com/zh/event/btc-updown-5m-1783862100,21:15-21:20,20.00,81.00,19.00,80.00,75.72,4.84,4.84,75.72,19.50,80.50,1.00,1.00,29551.43,30373.55,30283.55,29546.43,19,80,80,19,64002.11,63984.36,,
2026-07-12T21:16:32+08:00,btc-updown-5m-1783862100,https://polymarket.com/zh/event/btc-updown-5m-1783862100,21:15-21:20,19.00,82.00,18.00,81.00,105.65,271.23,271.23,125.65,18.50,81.50,1.00,1.00,29191.43,29923.55,29938.55,29191.43,18,81,81,18,64002.11,63984.36,,
2026-07-12T21:16:33+08:00,btc-updown-5m-1783862100,https://polymarket.com/zh/event/btc-updown-5m-1783862100,21:15-21:20,19.00,82.00,18.00,81.00,85.69,265.01,265.01,85.69,18.50,81.50,1.00,1.00,29196.43,30018.55,29938.55,29191.43,18,81,81,18,64002.11,63984.36,,
2026-07-12T21:16:35+08:00,btc-updown-5m-1783862100,https://polymarket.com/zh/event/btc-updown-5m-1783862100,21:15-21:20,18.00,84.00,17.00,83.00,179.55,37.57,12.59,101.00,17.50,83.50,1.00,1.00,29431.43,30038.55,30038.55,29426.43,17,82,83,16,64002.11,63984.36,,
2026-07-12T21:16:38+08:00,btc-updown-5m-1783862100,https://polymarket.com/zh/event/btc-updown-5m-1783862100,21:15-21:20,17.00,84.00,16.00,83.00,279.62,21.36,21.36,234.62,16.50,83.50,1.00,1.00,29145.43,30143.56,30043.55,29145.43,16,83,83,16,64002.11,63984.37,,
2026-07-12T21:16:40+08:00,btc-updown-5m-1783862100,https://polymarket.com/zh/event/btc-updown-5m-1783862100,21:15-21:20,17.00,84.00,16.00,83.00,124.85,90.22,90.22,124.85,16.50,83.50,1.00,1.00,29120.43,30033.55,30033.55,29135.43,16,83,83,16,64002.11,63984.36,,
2026-07-12T21:16:42+08:00,btc-updown-5m-1783862100,https://polymarket.com/zh/event/btc-updown-5m-1783862100,21:15-21:20,17.00,84.00,16.00,83.00,180.18,13.37,18.79,165.18,16.50,83.50,1.00,1.00,29045.43,29943.56,29938.55,29050.43,16,83,83,16,64002.11,63984.36,,
2026-07-12T21:16:44+08:00,btc-updown-5m-1783862100,https://polymarket.com/zh/event/btc-updown-5m-1783862100,21:15-21:20,10.00,90.00,9.00,89.00,55.00,16.27,216.67,50.00,9.50,89.50,1.00,1.00,25740.56,29404.56,29299.55,23431.13,9,90,89,10,64002.11,63975.04,,
2026-07-12T21:16:46+08:00,btc-updown-5m-1783862100,https://polymarket.com/zh/event/btc-updown-5m-1783862100,21:15-21:20,9.00,92.00,8.00,91.00,36.00,523.86,509.12,36.00,8.50,91.50,1.00,1.00,23552.52,29354.55,29364.55,23552.52,8,91,91,8,64002.11,63975.04,,
2026-07-12T21:16:47+08:00,btc-updown-5m-1783862100,https://polymarket.com/zh/event/btc-updown-5m-1783862100,21:15-21:20,10.00,91.00,9.00,90.00,298.38,6.60,21.60,298.38,9.50,90.50,1.00,1.00,23630.52,29559.55,29579.55,23633.52,9,90,90,9,64002.11,63975.05,,
2026-07-12T21:16:50+08:00,btc-updown-5m-1783862100,https://polymarket.com/zh/event/btc-updown-5m-1783862100,21:15-21:20,10.00,90.00,9.00,89.00,7.33,25.00,187.78,124.04,9.50,89.50,1.00,1.00,23575.82,29584.56,29584.55,23565.82,9,90,89,10,64002.11,63975.04,,
2026-07-12T21:16:52+08:00,btc-updown-5m-1783862100,https://polymarket.com/zh/event/btc-updown-5m-1783862100,21:15-21:20,10.00,91.00,9.00,90.00,15.73,121.89,121.89,5.73,9.50,90.50,1.00,1.00,23629.58,29429.55,29534.55,23624.58,9,90,90,9,64002.11,63975.04,,
2026-07-12T21:16:53+08:00,btc-updown-5m-1783862100,https://polymarket.com/zh/event/btc-updown-5m-1783862100,21:15-21:20,10.00,91.00,9.00,90.00,23.84,94.82,100.92,15.00,9.50,90.50,1.00,1.00,23574.43,29519.55,29634.55,23569.43,9,90,90,9,64002.11,63975.05,,
2026-07-12T21:16:55+08:00,btc-updown-5m-1783862100,https://polymarket.com/zh/event/btc-updown-5m-1783862100,21:15-21:20,10.00,91.00,9.00,90.00,68.43,203.96,210.06,68.43,9.50,90.50,1.00,1.00,22455.06,29514.55,29524.55,22450.06,9,90,90,9,64002.11,63975.04,,
2026-07-12T21:16:57+08:00,btc-updown-5m-1783862100,https://polymarket.com/zh/event/btc-updown-5m-1783862100,21:15-21:20,12.00,89.00,11.00,88.00,173.73,63.52,58.52,186.50,11.50,88.50,1.00,1.00,22380.06,29509.55,29509.55,22375.06,11,88,88,11,64002.11,63975.04,,
2026-07-12T21:17:00+08:00,btc-updown-5m-1783862100,https://polymarket.com/zh/event/btc-updown-5m-1783862100,21:15-21:20,12.00,89.00,11.00,88.00,166.10,11.00,16.62,166.10,11.50,88.50,1.00,1.00,22440.36,29519.55,29514.55,22440.36,10,88,88,10,64002.11,63975.04,,
2026-07-12T21:17:02+08:00,btc-updown-5m-1783862100,https://polymarket.com/zh/event/btc-updown-5m-1783862100,21:15-21:20,12.00,89.00,11.00,88.00,182.58,49.18,137.64,275.46,11.50,88.50,1.00,1.00,22331.06,29549.55,29549.55,22326.06,11,88,88,11,64002.11,63975.04,,
2026-07-12T21:17:03+08:00,btc-updown-5m-1783862100,https://polymarket.com/zh/event/btc-updown-5m-1783862100,21:15-21:20,7.00,94.00,6.00,93.00,45.15,933.04,952.18,41.01,6.50,93.50,1.00,1.00,22471.47,29424.55,29439.55,22466.47,6,93,93,6,64002.11,63975.04,,
