ts_iso,slug,market_url,window_text,buy_up_cents,buy_down_cents,sell_up_cents,sell_down_cents,buy_up_size,buy_down_size,sell_up_size,sell_down_size,mid_up_cents,mid_down_cents,spread_up_cents,spread_down_cents,bid_depth_up_5,ask_depth_up_5,bid_depth_down_5,ask_depth_down_5,level_count_bid_up,level_count_ask_up,level_count_bid_down,level_count_ask_down,target_price,final_price,trade_count_1s,trade_volume_1s
2026-09-10T02:18:48+08:00,btc-updown-5m-1788977700,https://polymarket.com/zh/event/btc-updown-5m-1788977700,02:15-02:20,91.00,10.00,90.00,9.00,645.77,659.35,659.35,642.47,90.50,9.50,1.00,1.00,14614.64,16024.34,16126.34,14614.64,90,9,9,90,,78604.97,,
2026-09-10T02:18:50+08:00,btc-updown-5m-1788977700,https://polymarket.com/zh/event/btc-updown-5m-1788977700,02:15-02:20,91.00,10.00,90.00,9.00,334.50,708.75,708.75,334.50,90.50,9.50,1.00,1.00,14619.64,16146.51,15245.51,14614.64,90,9,9,90,,78604.97,,
2026-09-10T02:18:53+08:00,btc-updown-5m-1788977700,https://polymarket.com/zh/event/btc-updown-5m-1788977700,02:15-02:20,95.00,6.00,94.00,5.00,502.84,392.93,397.93,502.84,94.50,5.50,1.00,1.00,15604.64,11371.83,9616.83,15114.64,94,5,5,94,,78606.43,,
2026-09-10T02:18:55+08:00,btc-updown-5m-1788977700,https://polymarket.com/zh/event/btc-updown-5m-1788977700,02:15-02:20,95.00,5.00,94.00,4.00,100.00,106.72,386.75,1334.00,94.50,4.50,1.00,1.00,14037.44,8388.59,8423.59,14987.44,94,5,4,95,,78606.44,,
2026-09-10T02:18:58+08:00,btc-updown-5m-1788977700,https://polymarket.com/zh/event/btc-updown-5m-1788977700,02:15-02:20,95.00,7.00,94.00,6.00,128.00,605.09,333.76,46.80,94.50,6.50,1.00,1.00,7432.39,7800.07,7687.07,7427.39,94,5,6,93,,78606.43,,
2026-09-10T02:19:00+08:00,btc-updown-5m-1788977700,https://polymarket.com/zh/event/btc-updown-5m-1788977700,02:15-02:20,93.00,8.00,92.00,7.00,188.42,262.33,232.33,61.04,92.50,7.50,1.00,1.00,7333.87,7369.79,7330.12,7343.87,92,7,7,92,,78606.43,,
2026-09-10T02:19:02+08:00,btc-updown-5m-1788977700,https://polymarket.com/zh/event/btc-updown-5m-1788977700,02:15-02:20,58.00,60.00,55.00,43.00,190.00,277.60,83.26,65.94,56.50,51.50,3.00,17.00,7763.88,6697.12,6742.12,7823.87,46,34,39,40,,78600.00,,
2026-09-10T02:19:05+08:00,btc-updown-5m-1788977700,https://polymarket.com/zh/event/btc-updown-5m-1788977700,02:15-02:20,27.00,79.00,25.00,76.00,35.84,10.26,5.00,132.50,26.00,77.50,2.00,3.00,6228.87,7403.12,7392.12,6298.87,25,64,75,13,,78586.70,,
2026-09-10T02:19:07+08:00,btc-updown-5m-1788977700,https://polymarket.com/zh/event/btc-updown-5m-1788977700,02:15-02:20,31.00,71.00,30.00,70.00,514.04,5.00,639.94,387.94,30.50,70.50,1.00,1.00,6798.87,8379.12,9893.12,6798.87,30,69,70,29,,78576.33,,
2026-09-10T02:19:09+08:00,btc-updown-5m-1788977700,https://polymarket.com/zh/event/btc-updown-5m-1788977700,02:15-02:20,43.00,58.00,42.00,57.00,169.97,600.65,545.50,169.97,42.50,57.50,1.00,1.00,7175.59,7611.12,7618.12,7141.43,42,56,57,42,,78580.01,,
2026-09-10T02:19:12+08:00,btc-updown-5m-1788977700,https://polymarket.com/zh/event/btc-updown-5m-1788977700,02:15-02:20,39.00,63.00,38.00,62.00,208.60,133.73,30.00,262.57,38.50,62.50,1.00,1.00,7205.59,7977.12,8075.46,7249.77,32,61,62,30,,78585.67,,
2026-09-10T02:19:14+08:00,btc-updown-5m-1788977700,https://polymarket.com/zh/event/btc-updown-5m-1788977700,02:15-02:20,11.00,90.00,10.00,89.00,221.36,302.00,339.45,135.00,10.50,89.50,1.00,1.00,6719.88,8363.12,8363.12,6714.88,10,89,89,10,,78576.32,,
2026-09-10T02:19:16+08:00,btc-updown-5m-1788977700,https://polymarket.com/zh/event/btc-updown-5m-1788977700,02:15-02:20,8.00,94.00,7.00,93.00,229.01,346.29,115.00,89.56,7.50,93.50,1.00,1.00,7939.71,8157.12,8173.12,7769.42,7,92,93,6,,78570.72,,
2026-09-10T02:19:19+08:00,btc-updown-5m-1788977700,https://polymarket.com/zh/event/btc-updown-5m-1788977700,02:15-02:20,8.00,93.00,7.00,92.00,176.51,60.01,74.00,356.81,7.50,92.50,1.00,1.00,6880.74,8162.12,8174.12,5681.43,7,92,92,7,,78571.73,,
2026-09-10T02:19:21+08:00,btc-updown-5m-1788977700,https://polymarket.com/zh/event/btc-updown-5m-1788977700,02:15-02:20,5.00,96.00,4.00,95.00,80.00,1331.91,1249.00,80.00,4.50,95.50,1.00,1.00,6938.10,7934.23,7933.23,6946.01,4,95,95,4,,78571.72,,
2026-09-10T02:19:23+08:00,btc-updown-5m-1788977700,https://polymarket.com/zh/event/btc-updown-5m-1788977700,02:15-02:20,4.00,97.00,3.00,96.00,355.65,648.66,335.65,250.65,3.50,96.50,1.00,1.00,5253.88,7945.24,7934.23,6119.89,3,96,96,3,,78571.73,,
2026-09-10T02:19:26+08:00,btc-updown-5m-1788977700,https://polymarket.com/zh/event/btc-updown-5m-1788977700,02:15-02:20,4.00,97.00,3.00,96.00,58.93,173.96,178.96,73.93,3.50,96.50,1.00,1.00,5193.83,7934.23,7929.23,5173.83,3,96,96,3,,78571.72,,
2026-09-10T02:19:28+08:00,btc-updown-5m-1788977700,https://polymarket.com/zh/event/btc-updown-5m-1788977700,02:15-02:20,2.00,99.00,1.00,98.00,165.00,3666.06,3693.06,165.00,1.50,98.50,1.00,1.00,3693.06,7934.23,7924.23,3666.06,1,98,98,1,,78570.14,,
2026-09-10T02:19:31+08:00,btc-updown-5m-1788977700,https://polymarket.com/zh/event/btc-updown-5m-1788977700,02:15-02:20,2.00,99.00,1.00,98.00,71.00,2779.06,2791.06,71.00,1.50,98.50,1.00,1.00,2791.06,7844.23,7854.24,2779.06,1,98,98,1,,78566.40,,
2026-09-10T02:19:33+08:00,btc-updown-5m-1788977700,https://polymarket.com/zh/event/btc-updown-5m-1788977700,02:15-02:20,1.00,,,99.00,8259.13,,,8352.47,,,,,,7568.23,7573.23,,0,99,99,0,,78562.02,,
2026-09-10T02:19:35+08:00,btc-updown-5m-1788977700,https://polymarket.com/zh/event/btc-updown-5m-1788977700,02:15-02:20,1.00,,,99.00,9111.82,,,9311.82,,,,,,7568.23,7562.23,,0,99,99,0,,78562.02,,
2026-09-10T02:19:38+08:00,btc-updown-5m-1788977700,https://polymarket.com/zh/event/btc-updown-5m-1788977700,02:15-02:20,1.00,,,99.00,10750.11,,,10750.11,,,,,,7568.23,7562.23,,0,99,99,0,,78562.01,,
2026-09-10T02:19:40+08:00,btc-updown-5m-1788977700,https://polymarket.com/zh/event/btc-updown-5m-1788977700,02:15-02:20,1.00,,,99.00,11776.16,,,11776.16,,,,,,7452.23,7453.23,,0,99,99,0,,78562.01,,
2026-09-10T02:19:43+08:00,btc-updown-5m-1788977700,https://polymarket.com/zh/event/btc-updown-5m-1788977700,02:15-02:20,1.00,,,99.00,17222.03,,,17222.03,,,,,,7368.23,7367.23,,0,99,99,0,,78562.01,,
2026-09-10T02:19:45+08:00,btc-updown-5m-1788977700,https://polymarket.com/zh/event/btc-updown-5m-1788977700,02:15-02:20,1.00,,,99.00,17552.03,,,17580.32,,,,,,7363.21,7369.21,,0,99,99,0,,78562.01,,
2026-09-10T02:19:47+08:00,btc-updown-5m-1788977700,https://polymarket.com/zh/event/btc-updown-5m-1788977700,02:15-02:20,1.00,,,99.00,18394.31,,,18794.31,,,,,,7368.21,7362.21,,0,99,99,0,,78555.50,,
2026-09-10T02:19:50+08:00,btc-updown-5m-1788977700,https://polymarket.com/zh/event/btc-updown-5m-1788977700,02:15-02:20,1.00,,,99.00,19139.67,,,19139.67,,,,,,7372.21,7383.21,,0,99,99,0,,78555.48,,
2026-09-10T02:19:52+08:00,btc-updown-5m-1788977700,https://polymarket.com/zh/event/btc-updown-5m-1788977700,02:15-02:20,1.00,,,99.00,20818.18,,,20818.18,,,,,,7352.21,7357.21,,0,99,99,0,,78555.48,,
2026-09-10T02:19:54+08:00,btc-updown-5m-1788977700,https://polymarket.com/zh/event/btc-updown-5m-1788977700,02:15-02:20,1.00,,,99.00,29846.77,,,29846.77,,,,,,6308.21,6308.21,,0,99,99,0,,78555.48,,
2026-09-10T02:19:57+08:00,btc-updown-5m-1788977700,https://polymarket.com/zh/event/btc-updown-5m-1788977700,02:15-02:20,1.00,,,99.00,29722.34,,,29732.44,,,,,,4828.21,4834.21,,0,99,99,0,,78555.48,,
2026-09-10T02:19:59+08:00,btc-updown-5m-1788977700,https://polymarket.com/zh/event/btc-updown-5m-1788977700,02:15-02:20,1.00,,,99.00,46739.33,,,46739.33,,,,,,4803.21,4793.21,,0,99,99,0,,78555.49,,
2026-09-10T02:20:02+08:00,btc-updown-5m-1788978000,https://polymarket.com/zh/event/btc-updown-5m-1788978000,02:20-02:25,41.00,60.00,40.00,59.00,170.04,278.34,278.34,147.56,40.50,59.50,1.00,1.00,26253.27,27557.52,27566.52,26153.27,40,59,59,40,78555.48,78555.48,,
2026-09-10T02:20:04+08:00,btc-updown-5m-1788978000,https://polymarket.com/zh/event/btc-updown-5m-1788978000,02:20-02:25,39.00,62.00,38.00,61.00,604.98,5.19,16.00,597.41,38.50,61.50,1.00,1.00,26679.10,27400.36,27480.36,26689.10,38,61,61,38,78555.48,78555.48,,
2026-09-10T02:20:07+08:00,btc-updown-5m-1788978000,https://polymarket.com/zh/event/btc-updown-5m-1788978000,02:20-02:25,40.00,61.00,39.00,60.00,251.72,513.63,513.68,251.72,39.50,60.50,1.00,1.00,26430.76,27427.01,27443.01,26440.76,39,60,60,39,78555.48,78555.48,,
2026-09-10T02:20:09+08:00,btc-updown-5m-1788978000,https://polymarket.com/zh/event/btc-updown-5m-1788978000,02:20-02:25,41.00,60.00,40.00,59.00,39.44,249.03,249.03,39.44,40.50,59.50,1.00,1.00,24517.53,25519.78,25518.78,24522.53,40,59,59,40,78555.48,78555.48,,
2026-09-10T02:20:11+08:00,btc-updown-5m-1788978000,https://polymarket.com/zh/event/btc-updown-5m-1788978000,02:20-02:25,41.00,60.00,40.00,59.00,264.00,448.28,324.31,15.00,40.50,59.50,1.00,1.00,24516.23,25528.48,25538.48,24526.23,40,59,59,40,78555.48,78555.48,,
2026-09-10T02:20:14+08:00,btc-updown-5m-1788978000,https://polymarket.com/zh/event/btc-updown-5m-1788978000,02:20-02:25,42.00,59.00,41.00,58.00,17.61,636.25,636.25,17.61,41.50,58.50,1.00,1.00,24816.23,25823.48,25844.49,24821.23,41,58,58,41,78555.48,78555.48,,
2026-09-10T02:20:16+08:00,btc-updown-5m-1788978000,https://polymarket.com/zh/event/btc-updown-5m-1788978000,02:20-02:25,42.00,59.00,41.00,58.00,188.61,546.60,554.99,188.61,41.50,58.50,1.00,1.00,25342.13,26389.28,26389.28,25337.13,41,58,58,41,78555.48,78555.49,,
2026-09-10T02:20:19+08:00,btc-updown-5m-1788978000,https://polymarket.com/zh/event/btc-updown-5m-1788978000,02:20-02:25,42.00,59.00,41.00,58.00,92.00,366.99,572.64,535.00,41.50,58.50,1.00,1.00,24868.43,25914.68,25689.69,24628.43,41,58,58,41,78555.48,78555.48,,
2026-09-10T02:20:21+08:00,btc-updown-5m-1788978000,https://polymarket.com/zh/event/btc-updown-5m-1788978000,02:20-02:25,42.00,59.00,41.00,58.00,546.60,372.26,372.31,546.60,41.50,58.50,1.00,1.00,23413.43,24540.68,24226.69,23168.43,41,58,58,41,78555.48,78555.48,,
2026-09-10T02:20:24+08:00,btc-updown-5m-1788978000,https://polymarket.com/zh/event/btc-updown-5m-1788978000,02:20-02:25,44.00,46.00,43.00,45.00,10.35,77.71,182.00,261.71,43.50,45.50,1.00,1.00,23158.43,24265.68,23979.68,22936.95,43,56,45,54,78555.48,78566.41,,
2026-09-10T02:20:26+08:00,btc-updown-5m-1788978000,https://polymarket.com/zh/event/btc-updown-5m-1788978000,02:20-02:25,55.00,46.00,54.00,45.00,395.61,143.68,266.18,395.61,54.50,45.50,1.00,1.00,23733.29,22898.02,22903.02,23748.29,54,45,45,54,78555.48,78571.72,,
2026-09-10T02:20:29+08:00,btc-updown-5m-1788978000,https://polymarket.com/zh/event/btc-updown-5m-1788978000,02:20-02:25,54.00,47.00,53.00,46.00,550.50,132.08,132.08,550.50,53.50,46.50,1.00,1.00,23503.73,22668.02,22663.02,24498.72,53,46,46,53,78555.48,78571.72,,
2026-09-10T02:20:31+08:00,btc-updown-5m-1788978000,https://polymarket.com/zh/event/btc-updown-5m-1788978000,02:20-02:25,54.00,47.00,53.00,46.00,351.47,76.46,73.59,351.47,53.50,46.50,1.00,1.00,22040.72,21823.02,21823.02,22035.72,53,46,46,53,78555.48,78571.72,,
2026-09-10T02:20:34+08:00,btc-updown-5m-1788978000,https://polymarket.com/zh/event/btc-updown-5m-1788978000,02:20-02:25,51.00,50.00,50.00,49.00,239.95,168.15,254.46,229.95,50.50,49.50,1.00,1.00,21707.72,21359.02,21364.02,21667.72,50,49,49,50,78555.48,78571.72,,
2026-09-10T02:20:36+08:00,btc-updown-5m-1788978000,https://polymarket.com/zh/event/btc-updown-5m-1788978000,02:20-02:25,52.00,49.00,51.00,48.00,193.15,741.13,741.13,193.15,51.50,48.50,1.00,1.00,22212.73,21308.02,21308.02,22212.73,51,48,48,51,78555.48,78571.72,,
2026-09-10T02:20:38+08:00,btc-updown-5m-1788978000,https://polymarket.com/zh/event/btc-updown-5m-1788978000,02:20-02:25,52.00,49.00,51.00,48.00,184.95,987.29,897.29,184.95,51.50,48.50,1.00,1.00,21707.73,21293.02,21298.02,22207.72,51,48,48,51,78555.48,78571.72,,
2026-09-10T02:20:41+08:00,btc-updown-5m-1788978000,https://polymarket.com/zh/event/btc-updown-5m-1788978000,02:20-02:25,52.00,49.00,51.00,48.00,110.00,932.73,940.73,104.80,51.50,48.50,1.00,1.00,21707.72,21308.02,21293.02,22197.72,51,48,48,51,78555.48,78571.72,,
2026-09-10T02:20:43+08:00,btc-updown-5m-1788978000,https://polymarket.com/zh/event/btc-updown-5m-1788978000,02:20-02:25,52.00,48.00,51.00,47.00,13.00,877.45,779.98,109.81,51.50,47.50,1.00,1.00,21642.72,21293.02,21348.02,22197.72,51,48,47,52,78555.48,78571.72,,
2026-09-10T02:20:46+08:00,btc-updown-5m-1788978000,https://polymarket.com/zh/event/btc-updown-5m-1788978000,02:20-02:25,53.00,49.00,52.00,48.00,551.76,90.20,0.20,539.54,52.50,48.50,1.00,1.00,22227.72,21433.02,21423.02,21717.72,52,47,48,51,78555.48,78571.73,,
2026-09-10T02:20:48+08:00,btc-updown-5m-1788978000,https://polymarket.com/zh/event/btc-updown-5m-1788978000,02:20-02:25,52.00,49.00,51.00,48.00,645.50,32.20,32.20,640.50,51.50,48.50,1.00,1.00,23227.72,21433.02,21418.02,22722.72,51,48,48,51,78555.48,78571.72,,
2026-09-10T02:20:50+08:00,btc-updown-5m-1788978000,https://polymarket.com/zh/event/btc-updown-5m-1788978000,02:20-02:25,54.00,47.00,53.00,46.00,215.00,589.20,589.20,215.00,53.50,46.50,1.00,1.00,21217.72,21373.02,21028.02,21232.72,53,46,46,53,78555.48,78576.34,,
2026-09-10T02:20:53+08:00,btc-updown-5m-1788978000,https://polymarket.com/zh/event/btc-updown-5m-1788978000,02:20-02:25,52.00,49.00,51.00,48.00,494.76,163.31,163.31,494.66,51.50,48.50,1.00,1.00,21757.72,20868.02,20848.02,21737.72,51,48,48,51,78555.48,78576.34,,
2026-09-10T02:20:55+08:00,btc-updown-5m-1788978000,https://polymarket.com/zh/event/btc-updown-5m-1788978000,02:20-02:25,52.00,49.00,51.00,48.00,195.00,328.51,285.20,185.00,51.50,48.50,1.00,1.00,21478.12,20618.02,20603.02,21468.12,51,48,48,51,78555.48,78576.35,,
2026-09-10T02:20:58+08:00,btc-updown-5m-1788978000,https://polymarket.com/zh/event/btc-updown-5m-1788978000,02:20-02:25,54.00,47.00,53.00,46.00,309.57,10.20,453.75,756.18,53.50,46.50,1.00,1.00,20788.12,20368.02,20378.02,21263.12,53,46,46,53,78555.48,78576.34,,
2026-09-10T02:21:00+08:00,btc-updown-5m-1788978000,https://polymarket.com/zh/event/btc-updown-5m-1788978000,02:20-02:25,52.00,49.00,51.00,48.00,502.31,103.20,165.01,472.31,51.50,48.50,1.00,1.00,21398.13,20033.02,20028.02,20898.12,51,48,48,51,78555.48,78576.34,,
2026-09-10T02:21:02+08:00,btc-updown-5m-1788978000,https://polymarket.com/zh/event/btc-updown-5m-1788978000,02:20-02:25,51.00,50.00,50.00,49.00,260.00,732.74,493.34,140.00,50.50,49.50,1.00,1.00,18250.12,17540.02,17430.02,17745.12,50,49,49,50,78555.48,78576.34,,
2026-09-10T02:21:05+08:00,btc-updown-5m-1788978000,https://polymarket.com/zh/event/btc-updown-5m-1788978000,02:20-02:25,51.00,50.00,50.00,49.00,57.84,525.01,540.01,52.84,50.50,49.50,1.00,1.00,18118.13,17248.02,17263.02,18128.13,50,49,49,50,78555.48,78576.34,,
2026-09-10T02:21:07+08:00,btc-updown-5m-1788978000,https://polymarket.com/zh/event/btc-updown-5m-1788978000,02:20-02:25,57.00,48.00,51.00,42.00,10.00,200.00,308.87,15.00,54.00,45.00,6.00,6.00,17445.12,16591.02,16557.68,17416.79,51,43,42,52,78555.48,78585.68,,
2026-09-10T02:21:09+08:00,btc-updown-5m-1788978000,https://polymarket.com/zh/event/btc-updown-5m-1788978000,02:20-02:25,73.00,28.00,72.00,27.00,245.41,104.70,104.70,245.41,72.50,27.50,1.00,1.00,17846.79,15993.68,15993.68,17846.79,72,27,27,72,78555.48,78596.15,,
2026-09-10T02:21:12+08:00,btc-updown-5m-1788978000,https://polymarket.com/zh/event/btc-updown-5m-1788978000,02:20-02:25,72.00,29.00,71.00,28.00,101.28,200.54,170.60,50.00,71.50,28.50,1.00,1.00,17879.36,15945.68,15945.68,17894.36,71,28,28,71,78555.48,78596.15,,
2026-09-10T02:21:14+08:00,btc-updown-5m-1788978000,https://polymarket.com/zh/event/btc-updown-5m-1788978000,02:20-02:25,73.00,28.00,72.00,27.00,551.22,169.65,139.25,546.22,72.50,27.50,1.00,1.00,17874.35,15940.68,15940.68,17874.35,72,27,27,72,78555.48,78596.16,,
2026-09-10T02:21:17+08:00,btc-updown-5m-1788978000,https://polymarket.com/zh/event/btc-updown-5m-1788978000,02:20-02:25,74.00,27.00,73.00,26.00,146.30,596.20,541.20,134.54,73.50,26.50,1.00,1.00,18379.36,15895.68,15749.68,17738.35,73,26,26,73,78555.48,78596.15,,
2026-09-10T02:21:19+08:00,btc-updown-5m-1788978000,https://polymarket.com/zh/event/btc-updown-5m-1788978000,02:20-02:25,77.00,24.00,76.00,23.00,87.56,1347.54,1055.44,12.56,76.50,23.50,1.00,1.00,17748.35,15914.68,15909.68,17733.35,76,23,23,76,78555.48,78606.08,,
2026-09-10T02:21:22+08:00,btc-updown-5m-1788978000,https://polymarket.com/zh/event/btc-updown-5m-1788978000,02:20-02:25,80.00,21.00,79.00,20.00,411.87,927.62,932.62,416.87,79.50,20.50,1.00,1.00,18228.35,15959.68,15959.68,17728.35,79,20,20,79,78555.48,78609.16,,
2026-09-10T02:21:24+08:00,btc-updown-5m-1788978000,https://polymarket.com/zh/event/btc-updown-5m-1788978000,02:20-02:25,85.00,17.00,84.00,16.00,994.75,142.75,101.69,821.06,84.50,16.50,1.00,1.00,17728.35,16520.03,16530.03,17723.35,84,15,16,83,78555.48,78616.00,,
2026-09-10T02:21:26+08:00,btc-updown-5m-1788978000,https://polymarket.com/zh/event/btc-updown-5m-1788978000,02:20-02:25,85.00,17.00,84.00,16.00,331.35,276.83,35.30,49.00,84.50,16.50,1.00,1.00,17733.35,16525.03,16525.03,17748.35,84,15,16,83,78555.48,78620.31,,
2026-09-10T02:21:29+08:00,btc-updown-5m-1788978000,https://polymarket.com/zh/event/btc-updown-5m-1788978000,02:20-02:25,85.00,16.00,84.00,15.00,366.40,101.00,151.00,361.40,84.50,15.50,1.00,1.00,17223.35,16525.03,16515.03,17723.35,84,15,15,84,78555.48,78620.31,,
2026-09-10T02:21:31+08:00,btc-updown-5m-1788978000,https://polymarket.com/zh/event/btc-updown-5m-1788978000,02:20-02:25,87.00,15.00,85.00,12.00,8.98,253.55,133.55,15.00,86.00,13.50,2.00,3.00,17007.36,15328.02,15328.02,17012.36,85,13,12,85,78555.48,78633.59,,
2026-09-10T02:21:34+08:00,btc-updown-5m-1788978000,https://polymarket.com/zh/event/btc-updown-5m-1788978000,02:20-02:25,87.00,14.00,86.00,13.00,436.55,333.20,318.20,436.55,86.50,13.50,1.00,1.00,16979.35,15647.38,15647.38,17969.35,86,13,13,86,78555.48,78630.48,,
2026-09-10T02:21:36+08:00,btc-updown-5m-1788978000,https://polymarket.com/zh/event/btc-updown-5m-1788978000,02:20-02:25,87.00,14.00,86.00,13.00,47.70,1119.98,1114.98,47.70,86.50,13.50,1.00,1.00,16984.36,15887.71,15887.71,16484.35,86,13,13,86,78555.48,78630.48,,
2026-09-10T02:21:38+08:00,btc-updown-5m-1788978000,https://polymarket.com/zh/event/btc-updown-5m-1788978000,02:20-02:25,87.00,14.00,86.00,13.00,247.70,430.64,419.84,247.70,86.50,13.50,1.00,1.00,17469.35,15867.60,15867.60,16984.35,86,13,13,86,78555.48,78630.49,,
2026-09-10T02:21:41+08:00,btc-updown-5m-1788978000,https://polymarket.com/zh/event/btc-updown-5m-1788978000,02:20-02:25,87.00,14.00,86.00,13.00,362.95,229.50,224.50,359.38,86.50,13.50,1.00,1.00,16924.35,15798.87,15803.87,16929.35,86,13,13,86,78555.48,78628.91,,
2026-09-10T02:21:43+08:00,btc-updown-5m-1788978000,https://polymarket.com/zh/event/btc-updown-5m-1788978000,02:20-02:25,87.00,14.00,86.00,13.00,125.18,271.94,312.29,125.18,86.50,13.50,1.00,1.00,17657.70,16078.42,16078.42,16697.69,86,13,13,86,78555.48,78628.91,,
2026-09-10T02:21:46+08:00,btc-updown-5m-1788978000,https://polymarket.com/zh/event/btc-updown-5m-1788978000,02:20-02:25,88.00,13.00,87.00,12.00,269.24,353.05,470.08,457.30,87.50,12.50,1.00,1.00,17197.69,16242.80,16242.80,17202.70,87,12,12,87,78555.48,78628.91,,
2026-09-10T02:21:48+08:00,btc-updown-5m-1788978000,https://polymarket.com/zh/event/btc-updown-5m-1788978000,02:20-02:25,88.00,13.00,87.00,12.00,276.16,118.07,223.42,169.76,87.50,12.50,1.00,1.00,16652.69,16308.42,16313.42,17202.69,87,12,12,87,78555.48,78628.91,,
2026-09-10T02:21:50+08:00,btc-updown-5m-1788978000,https://polymarket.com/zh/event/btc-updown-5m-1788978000,02:20-02:25,88.00,13.00,87.00,12.00,263.86,216.23,138.46,173.86,87.50,12.50,1.00,1.00,17147.69,16299.24,16373.00,17147.69,87,12,12,87,78555.48,78628.91,,
2026-09-10T02:21:53+08:00,btc-updown-5m-1788978000,https://polymarket.com/zh/event/btc-updown-5m-1788978000,02:20-02:25,89.00,12.00,88.00,11.00,246.64,223.95,223.95,166.64,88.50,11.50,1.00,1.00,17102.69,16323.00,16323.00,16597.69,88,11,11,88,78555.48,78628.92,,
2026-09-10T02:21:55+08:00,btc-updown-5m-1788978000,https://polymarket.com/zh/event/btc-updown-5m-1788978000,02:20-02:25,90.00,11.00,89.00,10.00,994.07,43.05,33.05,986.75,89.50,10.50,1.00,1.00,16657.69,16313.34,16308.34,17167.69,89,10,10,89,78555.48,78627.84,,
2026-09-10T02:21:57+08:00,btc-updown-5m-1788978000,https://polymarket.com/zh/event/btc-updown-5m-1788978000,02:20-02:25,90.00,11.00,89.00,10.00,841.77,518.29,518.29,841.77,89.50,10.50,1.00,1.00,16550.69,16308.34,16308.34,16555.69,89,10,10,89,78555.48,78627.84,,
2026-09-10T02:22:00+08:00,btc-updown-5m-1788978000,https://polymarket.com/zh/event/btc-updown-5m-1788978000,02:20-02:25,90.00,11.00,89.00,10.00,357.44,729.39,689.09,96.00,89.50,10.50,1.00,1.00,16827.35,16108.53,16089.53,16808.35,89,10,10,89,78555.48,78627.84,,
2026-09-10T02:22:02+08:00,btc-updown-5m-1788978000,https://polymarket.com/zh/event/btc-updown-5m-1788978000,02:20-02:25,90.00,11.00,89.00,10.00,80.00,645.87,645.87,78.88,89.50,10.50,1.00,1.00,17078.35,15767.53,15767.53,16078.35,89,10,10,89,78555.48,78627.84,,
2026-09-10T02:22:04+08:00,btc-updown-5m-1788978000,https://polymarket.com/zh/event/btc-updown-5m-1788978000,02:20-02:25,91.00,10.00,90.00,9.00,352.71,217.18,245.98,352.71,90.50,9.50,1.00,1.00,16593.35,15759.19,15759.19,16078.35,90,9,9,90,78555.48,78627.84,,
2026-09-10T02:22:07+08:00,btc-updown-5m-1788978000,https://polymarket.com/zh/event/btc-updown-5m-1788978000,02:20-02:25,92.00,9.00,91.00,8.00,989.20,77.94,77.94,968.20,91.50,8.50,1.00,1.00,16088.35,15692.98,15754.42,16588.35,91,8,8,91,78555.48,78628.91,,
2026-09-10T02:22:09+08:00,btc-updown-5m-1788978000,https://polymarket.com/zh/event/btc-updown-5m-1788978000,02:20-02:25,91.00,18.00,90.00,17.00,826.12,5.00,25.00,66.00,90.50,17.50,1.00,1.00,16588.36,15461.14,15446.47,16548.36,90,9,16,82,78555.48,78628.91,,
2026-09-10T02:22:12+08:00,btc-updown-5m-1788978000,https://polymarket.com/zh/event/btc-updown-5m-1788978000,02:20-02:25,79.00,22.00,78.00,21.00,148.24,445.14,395.14,115.00,78.50,21.50,1.00,1.00,16028.35,15404.87,15404.87,16028.35,78,21,21,78,78555.48,78611.19,,
2026-09-10T02:22:14+08:00,btc-updown-5m-1788978000,https://polymarket.com/zh/event/btc-updown-5m-1788978000,02:20-02:25,81.00,23.00,78.00,22.00,405.00,459.00,5.00,165.00,79.50,22.50,3.00,1.00,16093.36,15371.20,15386.20,17098.35,78,19,22,77,78555.48,78606.14,,
2026-09-10T02:22:16+08:00,btc-updown-5m-1788978000,https://polymarket.com/zh/event/btc-updown-5m-1788978000,02:20-02:25,80.00,21.00,79.00,20.00,85.00,390.00,455.00,266.33,79.50,20.50,1.00,1.00,17058.36,15331.20,15321.20,16038.35,79,20,20,79,78555.48,78606.13,,
2026-09-10T02:22:19+08:00,btc-updown-5m-1788978000,https://polymarket.com/zh/event/btc-updown-5m-1788978000,02:20-02:25,81.00,20.00,80.00,19.00,219.29,421.63,421.63,178.42,80.50,19.50,1.00,1.00,17053.35,15311.20,15316.20,16058.36,80,19,19,80,78555.48,78606.13,,
2026-09-10T02:22:21+08:00,btc-updown-5m-1788978000,https://polymarket.com/zh/event/btc-updown-5m-1788978000,02:20-02:25,71.00,30.00,70.00,29.00,331.86,52.22,62.22,391.86,70.50,29.50,1.00,1.00,17013.36,15350.85,15350.85,17003.36,70,29,29,70,78555.48,78596.58,,
2026-09-10T02:22:24+08:00,btc-updown-5m-1788978000,https://polymarket.com/zh/event/btc-updown-5m-1788978000,02:20-02:25,70.00,34.00,69.00,33.00,371.57,35.00,15.00,536.00,69.50,33.50,1.00,1.00,16493.36,15355.85,15355.85,16488.36,69,30,33,61,78555.48,78596.15,,
2026-09-10T02:22:26+08:00,btc-updown-5m-1788978000,https://polymarket.com/zh/event/btc-updown-5m-1788978000,02:20-02:25,55.00,46.00,54.00,45.00,224.24,888.71,918.71,224.24,54.50,45.50,1.00,1.00,15136.97,15664.19,15674.19,15146.97,54,45,45,54,78555.48,78576.39,,
2026-09-10T02:22:28+08:00,btc-updown-5m-1788978000,https://polymarket.com/zh/event/btc-updown-5m-1788978000,02:20-02:25,71.00,30.00,70.00,29.00,224.25,435.00,355.00,217.84,70.50,29.50,1.00,1.00,16558.63,15596.85,15411.85,16553.63,70,29,29,70,78555.48,78596.58,,
2026-09-10T02:22:31+08:00,btc-updown-5m-1788978000,https://polymarket.com/zh/event/btc-updown-5m-1788978000,02:20-02:25,73.00,28.00,72.00,27.00,263.83,419.98,414.98,263.83,72.50,27.50,1.00,1.00,16483.55,15354.25,15359.25,16483.55,72,27,27,72,78555.48,78591.96,,
2026-09-10T02:22:33+08:00,btc-updown-5m-1788978000,https://polymarket.com/zh/event/btc-updown-5m-1788978000,02:20-02:25,72.00,29.00,71.00,28.00,306.16,846.28,846.28,306.16,71.50,28.50,1.00,1.00,16488.55,15349.25,15354.25,17003.56,71,28,28,71,78555.48,78592.63,,
2026-09-10T02:22:36+08:00,btc-updown-5m-1788978000,https://polymarket.com/zh/event/btc-updown-5m-1788978000,02:20-02:25,64.00,37.00,63.00,36.00,130.10,328.13,236.95,101.00,63.50,36.50,1.00,1.00,16448.55,15474.25,15464.25,16438.55,63,36,36,63,78555.48,78586.26,,
2026-09-10T02:22:38+08:00,btc-updown-5m-1788978000,https://polymarket.com/zh/event/btc-updown-5m-1788978000,02:20-02:25,64.00,37.00,63.00,36.00,157.81,576.69,576.69,156.24,63.50,36.50,1.00,1.00,15303.55,15459.25,15464.25,15778.55,63,36,36,63,78555.48,78586.25,,
2026-09-10T02:22:40+08:00,btc-updown-5m-1788978000,https://polymarket.com/zh/event/btc-updown-5m-1788978000,02:20-02:25,67.00,34.00,66.00,33.00,72.22,864.54,800.00,192.22,66.50,33.50,1.00,1.00,15753.55,15449.25,15409.25,16308.55,66,33,33,66,78555.48,78586.25,,
2026-09-10T02:22:43+08:00,btc-updown-5m-1788978000,https://polymarket.com/zh/event/btc-updown-5m-1788978000,02:20-02:25,67.00,33.00,66.00,32.00,85.00,535.00,613.63,125.00,66.50,32.50,1.00,1.00,15818.55,15414.25,15399.25,15293.55,66,33,32,67,78555.48,78586.25,,
2026-09-10T02:22:45+08:00,btc-updown-5m-1788978000,https://polymarket.com/zh/event/btc-updown-5m-1788978000,02:20-02:25,74.00,27.00,73.00,26.00,352.32,421.30,313.72,145.18,73.50,26.50,1.00,1.00,16393.55,15199.60,15209.60,15903.55,73,26,26,73,78555.48,78590.93,,
2026-09-10T02:22:48+08:00,btc-updown-5m-1788978000,https://polymarket.com/zh/event/btc-updown-5m-1788978000,02:20-02:25,74.00,27.00,73.00,26.00,89.56,444.04,415.04,89.56,73.50,26.50,1.00,1.00,16393.55,15222.29,15227.29,16898.55,73,26,26,73,78555.48,78592.80,,
2026-09-10T02:22:50+08:00,btc-updown-5m-1788978000,https://polymarket.com/zh/event/btc-updown-5m-1788978000,02:20-02:25,79.00,22.00,78.00,21.00,198.06,149.08,154.54,205.26,78.50,21.50,1.00,1.00,16007.91,15387.29,15387.29,16507.91,78,21,21,78,78555.48,78600.02,,
2026-09-10T02:22:53+08:00,btc-updown-5m-1788978000,https://polymarket.com/zh/event/btc-updown-5m-1788978000,02:20-02:25,66.00,35.00,65.00,34.00,5.00,858.00,853.00,3.48,65.50,34.50,1.00,1.00,17027.91,15447.29,15437.29,17417.91,65,34,34,65,78555.48,78589.81,,
2026-09-10T02:22:55+08:00,btc-updown-5m-1788978000,https://polymarket.com/zh/event/btc-updown-5m-1788978000,02:20-02:25,66.00,35.00,65.00,34.00,55.00,256.34,251.34,55.00,65.50,34.50,1.00,1.00,16917.91,16041.94,16036.94,16922.91,65,34,34,65,78555.48,78589.81,,
2026-09-10T02:22:57+08:00,btc-updown-5m-1788978000,https://polymarket.com/zh/event/btc-updown-5m-1788978000,02:20-02:25,76.00,25.00,75.00,24.00,28.56,342.22,291.50,156.05,75.50,24.50,1.00,1.00,16842.82,15792.20,15920.55,17071.16,75,24,24,75,78555.48,78596.48,,
2026-09-10T02:23:00+08:00,btc-updown-5m-1788978000,https://polymarket.com/zh/event/btc-updown-5m-1788978000,02:20-02:25,74.00,27.00,73.00,26.00,469.05,165.00,165.00,363.05,73.50,26.50,1.00,1.00,17076.16,15935.55,15810.55,17086.16,73,26,26,73,78555.48,78597.43,,
2026-09-10T02:23:02+08:00,btc-updown-5m-1788978000,https://polymarket.com/zh/event/btc-updown-5m-1788978000,02:20-02:25,79.00,21.00,78.00,20.00,19.98,541.51,568.00,79.91,78.50,20.50,1.00,1.00,16960.69,15620.08,15610.08,16975.69,78,21,20,79,78555.48,78597.43,,
2026-09-10T02:23:05+08:00,btc-updown-5m-1788978000,https://polymarket.com/zh/event/btc-updown-5m-1788978000,02:20-02:25,80.00,21.00,79.00,20.00,58.15,305.72,305.72,58.15,79.50,20.50,1.00,1.00,16515.70,15660.08,15660.08,17015.70,79,20,20,79,78555.48,78597.44,,
2026-09-10T02:23:07+08:00,btc-updown-5m-1788978000,https://polymarket.com/zh/event/btc-updown-5m-1788978000,02:20-02:25,72.00,29.00,71.00,28.00,207.66,304.00,130.00,90.66,71.50,28.50,1.00,1.00,16965.29,15701.33,15706.33,16965.29,71,28,28,71,78555.48,78591.91,,
2026-09-10T02:23:10+08:00,btc-updown-5m-1788978000,https://polymarket.com/zh/event/btc-updown-5m-1788978000,02:20-02:25,79.00,22.00,78.00,21.00,519.04,60.00,70.00,547.77,78.50,21.50,1.00,1.00,16480.29,15661.33,15661.33,16975.29,78,21,21,78,78555.48,78596.83,,
2026-09-10T02:23:12+08:00,btc-updown-5m-1788978000,https://polymarket.com/zh/event/btc-updown-5m-1788978000,02:20-02:25,70.00,31.00,69.00,30.00,184.80,67.99,470.16,554.80,69.50,30.50,1.00,1.00,16480.29,15896.33,15891.33,16970.29,69,30,30,67,78555.48,78585.00,,
2026-09-10T02:23:14+08:00,btc-updown-5m-1788978000,https://polymarket.com/zh/event/btc-updown-5m-1788978000,02:20-02:25,63.00,38.00,62.00,37.00,14.06,768.84,763.84,8.08,62.50,37.50,1.00,1.00,16095.30,15891.33,15876.33,16080.29,62,37,37,62,78555.48,78583.03,,
2026-09-10T02:23:17+08:00,btc-updown-5m-1788978000,https://polymarket.com/zh/event/btc-updown-5m-1788978000,02:20-02:25,69.00,33.00,67.00,32.00,239.00,102.20,105.00,787.32,68.00,32.50,2.00,1.00,16935.29,15696.33,15711.33,16455.29,67,31,32,67,78555.48,78592.04,,
2026-09-10T02:23:19+08:00,btc-updown-5m-1788978000,https://polymarket.com/zh/event/btc-updown-5m-1788978000,02:20-02:25,69.00,32.00,68.00,31.00,139.74,719.87,719.87,139.74,68.50,31.50,1.00,1.00,17000.29,15871.33,15861.33,16995.29,68,31,31,68,78555.48,78586.46,,
2026-09-10T02:23:21+08:00,btc-updown-5m-1788978000,https://polymarket.com/zh/event/btc-updown-5m-1788978000,02:20-02:25,68.00,33.00,67.00,32.00,240.20,149.22,145.00,333.25,67.50,32.50,1.00,1.00,16990.93,15871.33,15856.33,16975.93,67,32,32,67,78555.48,78586.46,,
2026-09-10T02:23:24+08:00,btc-updown-5m-1788978000,https://polymarket.com/zh/event/btc-updown-5m-1788978000,02:20-02:25,69.00,32.00,68.00,31.00,455.18,145.00,135.00,455.18,68.50,31.50,1.00,1.00,16492.74,15861.33,15866.33,17507.74,68,31,31,68,78555.48,78586.46,,
2026-09-10T02:23:26+08:00,btc-updown-5m-1788978000,https://polymarket.com/zh/event/btc-updown-5m-1788978000,02:20-02:25,70.00,31.00,69.00,30.00,103.57,873.77,873.77,23.57,69.50,30.50,1.00,1.00,17487.73,15851.33,15856.33,16997.73,69,30,30,69,78555.48,78586.46,,
2026-09-10T02:23:29+08:00,btc-updown-5m-1788978000,https://polymarket.com/zh/event/btc-updown-5m-1788978000,02:20-02:25,71.00,30.00,70.00,29.00,35.95,522.69,582.10,41.47,70.50,29.50,1.00,1.00,16997.73,15861.33,15861.33,17012.74,70,29,29,70,78555.48,78586.46,,
2026-09-10T02:23:31+08:00,btc-updown-5m-1788978000,https://polymarket.com/zh/event/btc-updown-5m-1788978000,02:20-02:25,74.00,27.00,73.00,26.00,53.85,729.29,453.00,86.78,73.50,26.50,1.00,1.00,16802.73,15696.33,15691.33,16807.73,73,26,26,73,78555.48,78586.47,,
2026-09-10T02:23:33+08:00,btc-updown-5m-1788978000,https://polymarket.com/zh/event/btc-updown-5m-1788978000,02:20-02:25,74.00,27.00,73.00,26.00,286.64,225.00,310.00,367.64,73.50,26.50,1.00,1.00,17310.12,15666.33,15676.33,17315.12,73,26,26,73,78555.48,78592.03,,
2026-09-10T02:23:36+08:00,btc-updown-5m-1788978000,https://polymarket.com/zh/event/btc-updown-5m-1788978000,02:20-02:25,47.00,54.00,46.00,52.00,5.00,183.00,30.00,79.68,46.50,53.00,1.00,2.00,16790.12,15606.99,15612.99,16790.12,46,53,52,46,78555.48,78576.32,,
2026-09-10T02:23:38+08:00,btc-updown-5m-1788978000,https://polymarket.com/zh/event/btc-updown-5m-1788978000,02:20-02:25,48.00,53.00,47.00,52.00,410.82,180.89,180.89,410.82,47.50,52.50,1.00,1.00,15535.12,15796.06,15807.06,15535.12,47,52,52,47,78555.48,78576.32,,
2026-09-10T02:23:40+08:00,btc-updown-5m-1788978000,https://polymarket.com/zh/event/btc-updown-5m-1788978000,02:20-02:25,32.00,69.00,31.00,68.00,582.73,29.44,129.12,519.03,31.50,68.50,1.00,1.00,15760.12,16811.06,16816.06,15712.12,31,68,68,31,78555.48,78570.00,,
2026-09-10T02:23:43+08:00,btc-updown-5m-1788978000,https://polymarket.com/zh/event/btc-updown-5m-1788978000,02:20-02:25,32.00,69.00,31.00,68.00,559.05,751.45,795.78,506.70,31.50,68.50,1.00,1.00,15712.12,16814.81,16825.81,15727.12,31,68,68,31,78555.48,78567.06,,
2026-09-10T02:23:45+08:00,btc-updown-5m-1788978000,https://polymarket.com/zh/event/btc-updown-5m-1788978000,02:20-02:25,10.00,91.00,9.00,90.00,448.43,383.37,401.42,12.78,9.50,90.50,1.00,1.00,17175.97,16700.82,16689.81,16121.41,9,90,90,9,78555.48,78550.00,,
2026-09-10T02:23:48+08:00,btc-updown-5m-1788978000,https://polymarket.com/zh/event/btc-updown-5m-1788978000,02:20-02:25,11.00,90.00,10.00,89.00,510.71,275.52,276.66,465.25,10.50,89.50,1.00,1.00,17044.77,16704.82,16694.81,17044.77,10,89,89,10,78555.48,78550.00,,
2026-09-10T02:23:50+08:00,btc-updown-5m-1788978000,https://polymarket.com/zh/event/btc-updown-5m-1788978000,02:20-02:25,11.00,89.00,10.00,88.00,85.00,214.00,63.00,165.00,10.50,88.50,1.00,1.00,16000.16,16689.81,16683.81,15990.16,10,89,88,11,78555.48,78550.00,,
2026-09-10T02:23:52+08:00,btc-updown-5m-1788978000,https://polymarket.com/zh/event/btc-updown-5m-1788978000,02:20-02:25,10.00,91.00,9.00,90.00,114.15,228.24,238.24,124.15,9.50,90.50,1.00,1.00,15875.16,16684.81,16692.75,15875.16,9,90,90,9,78555.48,78550.00,,
2026-09-10T02:23:55+08:00,btc-updown-5m-1788978000,https://polymarket.com/zh/event/btc-updown-5m-1788978000,02:20-02:25,10.00,91.00,9.00,90.00,421.78,11.12,21.12,436.78,9.50,90.50,1.00,1.00,15760.16,16686.75,16069.55,15460.96,9,90,90,9,78555.48,78550.01,,
2026-09-10T02:23:57+08:00,btc-updown-5m-1788978000,https://polymarket.com/zh/event/btc-updown-5m-1788978000,02:20-02:25,8.00,94.00,7.00,92.00,175.00,138.00,98.60,504.55,7.50,93.00,1.00,2.00,8300.91,9564.51,9569.52,7489.57,7,92,92,6,78555.48,78550.12,,
2026-09-10T02:23:59+08:00,btc-updown-5m-1788978000,https://polymarket.com/zh/event/btc-updown-5m-1788978000,02:20-02:25,6.00,96.00,5.00,95.00,361.30,125.25,20.00,208.42,5.50,95.50,1.00,1.00,8093.34,9447.51,9435.51,8049.59,5,94,95,4,78555.48,78550.00,,
2026-09-10T02:24:02+08:00,btc-updown-5m-1788978000,https://polymarket.com/zh/event/btc-updown-5m-1788978000,02:20-02:25,10.00,92.00,9.00,91.00,50.00,24.26,18.94,229.10,9.50,91.50,1.00,1.00,8073.16,9068.51,9069.51,8276.16,9,90,91,8,78555.48,78555.19,,
2026-09-10T02:24:04+08:00,btc-updown-5m-1788978000,https://polymarket.com/zh/event/btc-updown-5m-1788978000,02:20-02:25,8.00,93.00,7.00,92.00,346.85,17.50,29.33,346.85,7.50,92.50,1.00,1.00,8128.37,9089.51,9073.51,8128.37,7,92,92,7,78555.48,78558.05,,
2026-09-10T02:24:08+08:00,btc-updown-5m-1788978000,https://polymarket.com/zh/event/btc-updown-5m-1788978000,02:20-02:25,13.00,90.00,12.00,88.00,167.36,321.00,18.87,69.00,12.50,89.00,1.00,2.00,7612.00,9078.51,9078.51,7483.15,12,87,88,10,78555.48,78565.79,,
2026-09-10T02:24:10+08:00,btc-updown-5m-1788978000,https://polymarket.com/zh/event/btc-updown-5m-1788978000,02:20-02:25,10.00,91.00,9.00,90.00,58.78,107.48,124.57,58.78,9.50,90.50,1.00,1.00,7904.46,9068.51,9068.51,7904.46,9,90,90,9,78555.48,78566.91,,
2026-09-10T02:24:13+08:00,btc-updown-5m-1788978000,https://polymarket.com/zh/event/btc-updown-5m-1788978000,02:20-02:25,7.00,94.00,6.00,93.00,292.98,4.68,4.68,288.69,6.50,93.50,1.00,1.00,8159.46,9072.51,9084.51,8164.46,6,93,93,6,78555.48,78565.90,,
2026-09-10T02:24:15+08:00,btc-updown-5m-1788978000,https://polymarket.com/zh/event/btc-updown-5m-1788978000,02:20-02:25,6.00,95.00,5.00,94.00,290.97,74.85,23.80,172.13,5.50,94.50,1.00,1.00,7244.26,8683.51,8684.51,7015.31,5,94,94,5,78555.48,78562.54,,
2026-09-10T02:24:17+08:00,btc-updown-5m-1788978000,https://polymarket.com/zh/event/btc-updown-5m-1788978000,02:20-02:25,5.00,96.00,4.00,95.00,300.85,202.84,111.98,219.00,4.50,95.50,1.00,1.00,6673.95,8673.51,8667.51,6779.81,4,95,95,4,78555.48,78562.54,,
2026-09-10T02:24:20+08:00,btc-updown-5m-1788978000,https://polymarket.com/zh/event/btc-updown-5m-1788978000,02:20-02:25,2.00,99.00,1.00,98.00,164.09,4167.05,4197.36,164.09,1.50,98.50,1.00,1.00,4197.36,8511.85,8510.85,4167.05,1,98,98,1,78555.48,78560.96,,
2026-09-10T02:24:22+08:00,btc-updown-5m-1788978000,https://polymarket.com/zh/event/btc-updown-5m-1788978000,02:20-02:25,5.00,97.00,4.00,96.00,205.00,211.81,757.16,173.00,4.50,96.50,1.00,1.00,5160.86,8232.85,8247.85,4294.84,4,95,96,3,78555.48,78559.82,,
2026-09-10T02:24:25+08:00,btc-updown-5m-1788978000,https://polymarket.com/zh/event/btc-updown-5m-1788978000,02:20-02:25,4.00,98.00,2.00,97.00,10.35,416.87,509.58,60.00,3.00,97.50,2.00,1.00,4446.38,8206.84,8206.84,4413.67,2,96,97,2,78555.48,78559.82,,
2026-09-10T02:24:27+08:00,btc-updown-5m-1788978000,https://polymarket.com/zh/event/btc-updown-5m-1788978000,02:20-02:25,4.00,97.00,3.00,96.00,114.77,18.10,223.78,274.77,3.50,96.50,1.00,1.00,4410.58,8195.85,8211.85,4204.90,3,96,96,3,78555.48,78562.54,,
2026-09-10T02:24:29+08:00,btc-updown-5m-1788978000,https://polymarket.com/zh/event/btc-updown-5m-1788978000,02:20-02:25,2.00,99.00,1.00,98.00,169.33,941.42,936.42,167.55,1.50,98.50,1.00,1.00,936.42,8090.84,8101.84,941.42,1,98,98,1,78555.48,78562.55,,
2026-09-10T02:24:32+08:00,btc-updown-5m-1788978000,https://polymarket.com/zh/event/btc-updown-5m-1788978000,02:20-02:25,1.00,,,99.00,2716.99,,,2716.99,,,,,,7785.84,7394.84,,0,99,99,0,78555.48,78562.55,,
2026-09-10T02:24:34+08:00,btc-updown-5m-1788978000,https://polymarket.com/zh/event/btc-updown-5m-1788978000,02:20-02:25,1.00,,,99.00,3147.29,,,2178.66,,,,,,7435.84,7410.84,,0,99,99,0,78555.48,78566.91,,
2026-09-10T02:24:36+08:00,btc-updown-5m-1788978000,https://polymarket.com/zh/event/btc-updown-5m-1788978000,02:20-02:25,1.00,,,99.00,1201.19,,,1201.19,,,,,,7389.84,7395.84,,0,99,99,0,78555.48,78575.64,,
2026-09-10T02:24:39+08:00,btc-updown-5m-1788978000,https://polymarket.com/zh/event/btc-updown-5m-1788978000,02:20-02:25,1.00,,,99.00,724.05,,,724.05,,,,,,7380.84,7380.84,,0,99,99,0,78555.48,78575.65,,
2026-09-10T02:24:41+08:00,btc-updown-5m-1788978000,https://polymarket.com/zh/event/btc-updown-5m-1788978000,02:20-02:25,1.00,,,99.00,5057.33,,,5057.33,,,,,,7254.82,7244.82,,0,99,99,0,78555.48,78575.64,,
2026-09-10T02:24:43+08:00,btc-updown-5m-1788978000,https://polymarket.com/zh/event/btc-updown-5m-1788978000,02:20-02:25,1.00,,,99.00,5839.68,,,5839.68,,,,,,7199.82,7205.82,,0,99,99,0,78555.48,78575.64,,
2026-09-10T02:24:46+08:00,btc-updown-5m-1788978000,https://polymarket.com/zh/event/btc-updown-5m-1788978000,02:20-02:25,1.00,,,99.00,6314.68,,,6314.68,,,,,,7299.82,7294.82,,0,99,99,0,78555.48,78575.64,,
2026-09-10T02:24:48+08:00,btc-updown-5m-1788978000,https://polymarket.com/zh/event/btc-updown-5m-1788978000,02:20-02:25,1.00,,,99.00,6182.68,,,6182.68,,,,,,6505.82,6504.82,,0,99,99,0,78555.48,78583.22,,
2026-09-10T02:24:51+08:00,btc-updown-5m-1788978000,https://polymarket.com/zh/event/btc-updown-5m-1788978000,02:20-02:25,1.00,,,99.00,6568.07,,,6568.07,,,,,,6500.82,6495.82,,0,99,99,0,78555.48,78586.67,,
2026-09-10T02:24:53+08:00,btc-updown-5m-1788978000,https://polymarket.com/zh/event/btc-updown-5m-1788978000,02:20-02:25,1.00,,,99.00,7826.11,,,15986.11,,,,,,6479.82,6480.82,,0,99,99,0,78555.48,78586.67,,
2026-09-10T02:24:55+08:00,btc-updown-5m-1788978000,https://polymarket.com/zh/event/btc-updown-5m-1788978000,02:20-02:25,1.00,,,99.00,17816.06,,,17913.38,,,,,,5419.82,5330.82,,0,99,99,0,78555.48,78586.68,,
2026-09-10T02:24:58+08:00,btc-updown-5m-1788978000,https://polymarket.com/zh/event/btc-updown-5m-1788978000,02:20-02:25,1.00,,,99.00,25180.28,,,25185.28,,,,,,4875.82,4859.82,,0,99,99,0,78555.48,78590.66,,
2026-09-10T02:25:00+08:00,btc-updown-5m-1788978300,https://polymarket.com/zh/event/btc-updown-5m-1788978300,02:25-02:30,60.00,41.00,59.00,40.00,80.00,81.65,156.65,74.96,59.50,40.50,1.00,1.00,140788.92,139802.77,139792.77,139792.12,59,37,38,59,78577.52,78579.75,,
2026-09-10T02:25:03+08:00,btc-updown-5m-1788978300,https://polymarket.com/zh/event/btc-updown-5m-1788978300,02:25-02:30,61.00,40.00,60.00,39.00,568.05,7.50,325.00,1466.87,60.50,39.50,1.00,1.00,27411.96,25739.81,25726.81,27421.97,60,39,39,59,78577.52,78575.71,,
2026-09-10T02:25:05+08:00,btc-updown-5m-1788978300,https://polymarket.com/zh/event/btc-updown-5m-1788978300,02:25-02:30,54.00,47.00,53.00,46.00,33.40,1006.83,1016.83,2.90,53.50,46.50,1.00,1.00,26872.39,26135.81,26045.81,27882.39,53,45,45,53,78577.52,78571.56,,
2026-09-10T02:25:08+08:00,btc-updown-5m-1788978300,https://polymarket.com/zh/event/btc-updown-5m-1788978300,02:25-02:30,63.00,38.00,62.00,37.00,15.10,623.87,628.87,115.05,62.50,37.50,1.00,1.00,27452.40,25820.81,23830.81,27467.40,62,37,37,62,78577.52,78579.75,,
2026-09-10T02:25:10+08:00,btc-updown-5m-1788978300,https://polymarket.com/zh/event/btc-updown-5m-1788978300,02:25-02:30,67.00,34.00,66.00,33.00,28.11,410.00,405.00,113.11,66.50,33.50,1.00,1.00,26134.39,24071.81,24026.81,26119.99,66,33,33,66,78577.52,78585.28,,
2026-09-10T02:25:12+08:00,btc-updown-5m-1788978300,https://polymarket.com/zh/event/btc-updown-5m-1788978300,02:25-02:30,60.00,41.00,59.00,40.00,176.61,528.09,508.09,181.61,59.50,40.50,1.00,1.00,26059.75,24431.56,24441.56,26069.75,59,40,40,59,78577.52,78580.18,,
2026-09-10T02:25:15+08:00,btc-updown-5m-1788978300,https://polymarket.com/zh/event/btc-updown-5m-1788978300,02:25-02:30,59.00,42.00,58.00,41.00,1143.90,34.91,24.91,958.90,58.50,41.50,1.00,1.00,25989.74,24371.56,24366.56,25964.74,58,41,41,58,78577.52,78580.17,,
2026-09-10T02:25:17+08:00,btc-updown-5m-1788978300,https://polymarket.com/zh/event/btc-updown-5m-1788978300,02:25-02:30,54.00,47.00,53.00,46.00,85.69,448.60,464.88,80.69,53.50,46.50,1.00,1.00,26646.94,24973.76,24958.76,26571.94,53,46,46,53,78577.52,78572.79,,
2026-09-10T02:25:19+08:00,btc-updown-5m-1788978300,https://polymarket.com/zh/event/btc-updown-5m-1788978300,02:25-02:30,59.00,42.00,58.00,41.00,4.91,711.49,717.61,4.91,58.50,41.50,1.00,1.00,25946.94,24242.76,24232.76,25436.94,58,41,41,58,78577.52,78572.78,,
2026-09-10T02:25:22+08:00,btc-updown-5m-1788978300,https://polymarket.com/zh/event/btc-updown-5m-1788978300,02:25-02:30,63.00,38.00,62.00,37.00,439.46,300.00,290.00,524.13,62.50,37.50,1.00,1.00,24200.28,23001.11,22991.11,24690.28,62,37,37,62,78577.52,78576.00,,
2026-09-10T02:25:24+08:00,btc-updown-5m-1788978300,https://polymarket.com/zh/event/btc-updown-5m-1788978300,02:25-02:30,61.00,40.00,60.00,39.00,539.94,297.24,287.24,516.74,60.50,39.50,1.00,1.00,24455.28,22756.11,22587.76,24216.94,60,39,39,60,78577.52,78577.57,,
2026-09-10T02:25:27+08:00,btc-updown-5m-1788978300,https://polymarket.com/zh/event/btc-updown-5m-1788978300,02:25-02:30,63.00,38.00,62.00,37.00,87.30,949.41,949.41,17.93,62.50,37.50,1.00,1.00,24451.95,22257.76,22337.76,23456.95,62,37,37,62,78577.52,78577.57,,
2026-09-10T02:25:29+08:00,btc-updown-5m-1788978300,https://polymarket.com/zh/event/btc-updown-5m-1788978300,02:25-02:30,63.00,39.00,62.00,38.00,1124.41,187.50,10.50,587.20,62.50,38.50,1.00,1.00,23666.94,22072.76,22057.76,23646.94,62,37,38,61,78577.52,78580.19,,
2026-09-10T02:25:31+08:00,btc-updown-5m-1788978300,https://polymarket.com/zh/event/btc-updown-5m-1788978300,02:25-02:30,61.00,40.00,60.00,39.00,476.57,310.40,377.92,502.29,60.50,39.50,1.00,1.00,22626.94,21087.76,21042.76,22106.94,60,39,39,60,78577.52,78578.09,,
2026-09-10T02:25:34+08:00,btc-updown-5m-1788978300,https://polymarket.com/zh/event/btc-updown-5m-1788978300,02:25-02:30,64.00,37.00,63.00,36.00,666.78,8.29,8.29,783.59,63.50,36.50,1.00,1.00,22431.95,20752.76,20742.76,21921.94,63,36,36,62,78577.52,78580.18,,
2026-09-10T02:25:36+08:00,btc-updown-5m-1788978300,https://polymarket.com/zh/event/btc-updown-5m-1788978300,02:25-02:30,57.00,39.00,56.00,38.00,5.00,673.92,1325.43,10.00,56.50,38.50,1.00,1.00,22391.95,20713.76,20723.76,21916.95,56,42,38,61,78577.52,78571.55,,
2026-09-10T02:25:38+08:00,btc-updown-5m-1788978300,https://polymarket.com/zh/event/btc-updown-5m-1788978300,02:25-02:30,63.00,38.00,62.00,37.00,22.52,444.72,1007.74,266.03,62.50,37.50,1.00,1.00,21896.94,20788.76,20798.76,22391.94,62,37,37,62,78577.52,78580.19,,
2026-09-10T02:25:41+08:00,btc-updown-5m-1788978300,https://polymarket.com/zh/event/btc-updown-5m-1788978300,02:25-02:30,57.00,43.00,56.00,42.00,5.00,649.86,773.55,51.67,56.50,42.50,1.00,1.00,22386.94,20734.44,20734.44,22881.94,56,42,42,57,78577.52,78572.14,,
2026-09-10T02:25:43+08:00,btc-updown-5m-1788978300,https://polymarket.com/zh/event/btc-updown-5m-1788978300,02:25-02:30,61.00,40.00,60.00,39.00,238.89,229.40,210.00,245.00,60.50,39.50,1.00,1.00,22891.95,20809.44,20769.44,22886.95,60,39,39,60,78577.52,78575.05,,
2026-09-10T02:25:46+08:00,btc-updown-5m-1788978300,https://polymarket.com/zh/event/btc-updown-5m-1788978300,02:25-02:30,60.00,41.00,59.00,40.00,17.00,387.76,133.23,15.08,59.50,40.50,1.00,1.00,21891.94,20739.44,20754.44,22386.94,59,40,40,59,78577.52,78575.05,,
2026-09-10T02:25:48+08:00,btc-updown-5m-1788978300,https://polymarket.com/zh/event/btc-updown-5m-1788978300,02:25-02:30,63.00,38.00,62.00,37.00,622.09,80.00,125.00,627.09,62.50,37.50,1.00,1.00,22906.94,20729.44,20734.44,22406.94,62,37,37,62,78577.52,78575.17,,
2026-09-10T02:25:50+08:00,btc-updown-5m-1788978300,https://polymarket.com/zh/event/btc-updown-5m-1788978300,02:25-02:30,64.00,33.00,62.00,30.00,15.00,81.34,320.56,77.23,63.00,31.50,2.00,3.00,22351.94,20689.44,20144.44,22366.95,62,36,30,67,78577.52,78576.26,,
2026-09-10T02:25:53+08:00,btc-updown-5m-1788978300,https://polymarket.com/zh/event/btc-updown-5m-1788978300,02:25-02:30,68.00,33.00,67.00,32.00,457.25,255.80,316.00,324.25,67.50,32.50,1.00,1.00,21381.94,20279.44,20029.44,21626.94,67,32,32,67,78577.52,78585.65,,
2026-09-10T02:25:55+08:00,btc-updown-5m-1788978300,https://polymarket.com/zh/event/btc-updown-5m-1788978300,02:25-02:30,68.00,33.00,67.00,32.00,906.67,123.47,126.40,910.14,67.50,32.50,1.00,1.00,21651.94,20019.44,20014.44,21631.94,67,32,32,67,78577.52,78585.96,,
2026-09-10T02:25:58+08:00,btc-updown-5m-1788978300,https://polymarket.com/zh/event/btc-updown-5m-1788978300,02:25-02:30,67.00,34.00,66.00,33.00,826.77,124.11,124.11,826.77,66.50,33.50,1.00,1.00,20891.94,19809.44,19809.44,20896.94,66,33,33,66,78577.52,78585.98,,
2026-09-10T02:26:00+08:00,btc-updown-5m-1788978300,https://polymarket.com/zh/event/btc-updown-5m-1788978300,02:25-02:30,64.00,39.00,63.00,37.00,165.00,5.00,20.00,170.00,63.50,38.00,1.00,2.00,21056.94,19489.44,19394.44,21036.94,63,36,37,60,78577.52,78585.98,,
2026-09-10T02:26:02+08:00,btc-updown-5m-1788978300,https://polymarket.com/zh/event/btc-updown-5m-1788978300,02:25-02:30,58.00,43.00,57.00,42.00,149.83,976.41,976.41,243.56,57.50,42.50,1.00,1.00,18919.94,16706.44,16706.44,18434.94,57,42,42,57,78577.52,78577.73,,
2026-09-10T02:26:05+08:00,btc-updown-5m-1788978300,https://polymarket.com/zh/event/btc-updown-5m-1788978300,02:25-02:30,58.00,43.00,57.00,42.00,242.94,870.44,860.44,122.94,57.50,42.50,1.00,1.00,18444.94,16717.44,16717.44,18929.94,57,42,42,57,78577.52,78576.74,,
2026-09-10T02:26:07+08:00,btc-updown-5m-1788978300,https://polymarket.com/zh/event/btc-updown-5m-1788978300,02:25-02:30,58.00,43.00,57.00,42.00,268.07,747.27,667.27,188.07,57.50,42.50,1.00,1.00,17158.05,15916.44,15911.44,17168.06,57,42,42,57,78577.52,78576.74,,
2026-09-10T02:26:09+08:00,btc-updown-5m-1788978300,https://polymarket.com/zh/event/btc-updown-5m-1788978300,02:25-02:30,59.00,42.00,58.00,41.00,279.39,292.59,292.59,276.21,58.50,41.50,1.00,1.00,16918.05,15671.44,15676.44,16933.06,58,41,41,58,78577.52,78576.74,,
2026-09-10T02:26:12+08:00,btc-updown-5m-1788978300,https://polymarket.com/zh/event/btc-updown-5m-1788978300,02:25-02:30,63.00,38.00,62.00,37.00,73.26,424.00,435.98,169.26,62.50,37.50,1.00,1.00,17271.05,15554.44,15559.44,16786.05,62,37,37,62,78577.52,78575.39,,
2026-09-10T02:26:14+08:00,btc-updown-5m-1788978300,https://polymarket.com/zh/event/btc-updown-5m-1788978300,02:25-02:30,63.00,38.00,62.00,37.00,557.34,380.42,205.00,417.80,62.50,37.50,1.00,1.00,17751.05,15544.44,15559.44,16766.05,62,37,37,62,78577.52,78577.14,,
2026-09-10T02:26:17+08:00,btc-updown-5m-1788978300,https://polymarket.com/zh/event/btc-updown-5m-1788978300,02:25-02:30,63.00,38.00,62.00,37.00,194.78,278.00,258.00,194.78,62.50,37.50,1.00,1.00,16751.05,15598.44,15613.44,16751.05,62,37,37,62,78577.52,78577.32,,
2026-09-10T02:26:19+08:00,btc-updown-5m-1788978300,https://polymarket.com/zh/event/btc-updown-5m-1788978300,02:25-02:30,68.00,33.00,67.00,32.00,660.09,105.00,105.00,660.09,67.50,32.50,1.00,1.00,16615.05,15433.44,15468.44,17125.05,67,32,32,67,78577.52,78579.87,,
2026-09-10T02:26:21+08:00,btc-updown-5m-1788978300,https://polymarket.com/zh/event/btc-updown-5m-1788978300,02:25-02:30,68.00,33.00,67.00,32.00,760.40,95.64,81.64,760.40,67.50,32.50,1.00,1.00,17125.05,15438.44,15463.44,17115.05,67,32,32,67,78577.52,78580.00,,
2026-09-10T02:26:24+08:00,btc-updown-5m-1788978300,https://polymarket.com/zh/event/btc-updown-5m-1788978300,02:25-02:30,73.00,28.00,72.00,27.00,8.61,1013.63,1138.63,58.61,72.50,27.50,1.00,1.00,17130.05,15227.44,15352.44,16630.05,72,27,27,72,78577.52,78584.21,,
2026-09-10T02:26:26+08:00,btc-updown-5m-1788978300,https://polymarket.com/zh/event/btc-updown-5m-1788978300,02:25-02:30,73.00,29.00,72.00,28.00,597.01,374.31,175.50,400.00,72.50,28.50,1.00,1.00,17630.06,15322.44,15367.44,17135.05,72,27,28,71,78577.52,78589.64,,
2026-09-10T02:26:28+08:00,btc-updown-5m-1788978300,https://polymarket.com/zh/event/btc-updown-5m-1788978300,02:25-02:30,72.00,29.00,71.00,28.00,309.49,261.56,261.56,434.49,71.50,28.50,1.00,1.00,17125.05,15402.44,15402.44,17130.05,71,28,28,71,78577.52,78589.64,,
2026-09-10T02:26:31+08:00,btc-updown-5m-1788978300,https://polymarket.com/zh/event/btc-updown-5m-1788978300,02:25-02:30,72.00,29.00,71.00,28.00,602.35,172.92,166.62,602.30,71.50,28.50,1.00,1.00,17135.05,15417.44,15422.44,17135.05,71,28,28,71,78577.52,78589.64,,
2026-09-10T02:26:33+08:00,btc-updown-5m-1788978300,https://polymarket.com/zh/event/btc-updown-5m-1788978300,02:25-02:30,72.00,29.00,71.00,28.00,405.96,181.02,196.02,405.96,71.50,28.50,1.00,1.00,17640.05,15352.44,15352.44,16640.05,71,28,28,71,78577.52,78589.64,,
2026-09-10T02:26:35+08:00,btc-updown-5m-1788978300,https://polymarket.com/zh/event/btc-updown-5m-1788978300,02:25-02:30,72.00,29.00,71.00,28.00,718.80,285.00,295.00,1127.97,71.50,28.50,1.00,1.00,16600.05,15347.44,15347.44,17105.05,71,28,28,71,78577.52,78589.13,,
2026-09-10T02:26:38+08:00,btc-updown-5m-1788978300,https://polymarket.com/zh/event/btc-updown-5m-1788978300,02:25-02:30,61.00,40.00,60.00,39.00,612.33,15.00,15.00,663.33,60.50,39.50,1.00,1.00,17040.05,15398.44,15378.44,16535.05,60,39,39,60,78577.52,78575.91,,
2026-09-10T02:26:40+08:00,btc-updown-5m-1788978300,https://polymarket.com/zh/event/btc-updown-5m-1788978300,02:25-02:30,58.00,48.00,57.00,47.00,416.40,184.95,135.00,160.00,57.50,47.50,1.00,1.00,17035.06,15348.44,15343.44,17035.06,57,42,46,52,78577.52,78575.92,,
2026-09-10T02:26:43+08:00,btc-updown-5m-1788978300,https://polymarket.com/zh/event/btc-updown-5m-1788978300,02:25-02:30,61.00,40.00,60.00,39.00,116.75,642.93,1293.13,571.75,60.50,39.50,1.00,1.00,16590.05,15403.44,15383.44,16580.05,60,39,39,60,78577.52,78574.33,,
2026-09-10T02:26:45+08:00,btc-updown-5m-1788978300,https://polymarket.com/zh/event/btc-updown-5m-1788978300,02:25-02:30,60.00,41.00,59.00,40.00,154.95,417.77,432.77,164.95,59.50,40.50,1.00,1.00,16580.05,15358.44,15303.44,17575.05,59,40,40,59,78577.52,78574.33,,
2026-09-10T02:26:47+08:00,btc-updown-5m-1788978300,https://polymarket.com/zh/event/btc-updown-5m-1788978300,02:25-02:30,62.00,39.00,61.00,38.00,172.00,502.43,562.43,280.87,61.50,38.50,1.00,1.00,17095.05,15437.44,15427.44,17080.05,61,38,38,61,78577.52,78571.75,,
2026-09-10T02:26:50+08:00,btc-updown-5m-1788978300,https://polymarket.com/zh/event/btc-updown-5m-1788978300,02:25-02:30,61.00,40.00,60.00,39.00,796.98,55.00,55.00,810.34,60.50,39.50,1.00,1.00,17075.05,15453.44,15448.44,17075.05,60,39,39,60,78577.52,78572.03,,
2026-09-10T02:26:52+08:00,btc-updown-5m-1788978300,https://polymarket.com/zh/event/btc-updown-5m-1788978300,02:25-02:30,61.00,40.00,60.00,39.00,888.60,1091.43,44.00,286.57,60.50,39.50,1.00,1.00,17020.05,15443.44,15448.44,16520.05,60,39,39,60,78577.52,78572.18,,
2026-09-10T02:26:55+08:00,btc-updown-5m-1788978300,https://polymarket.com/zh/event/btc-updown-5m-1788978300,02:25-02:30,62.00,39.00,61.00,38.00,20.00,640.79,658.62,19.95,61.50,38.50,1.00,1.00,17085.05,15398.44,15398.44,16570.05,61,38,38,61,78577.52,78572.36,,
2026-09-10T02:26:57+08:00,btc-updown-5m-1788978300,https://polymarket.com/zh/event/btc-updown-5m-1788978300,02:25-02:30,65.00,36.00,64.00,35.00,743.16,75.00,80.00,643.16,64.50,35.50,1.00,1.00,16983.06,15453.44,15443.44,16988.06,64,35,35,64,78577.52,78577.10,,
2026-09-10T02:26:59+08:00,btc-updown-5m-1788978300,https://polymarket.com/zh/event/btc-updown-5m-1788978300,02:25-02:30,65.00,36.00,64.00,35.00,40.00,1231.91,1231.91,160.00,64.50,35.50,1.00,1.00,16978.06,15442.44,15442.44,16483.05,64,35,35,64,78577.52,78577.77,,
2026-09-10T02:27:02+08:00,btc-updown-5m-1788978300,https://polymarket.com/zh/event/btc-updown-5m-1788978300,02:25-02:30,65.00,36.00,64.00,35.00,146.07,1276.98,1205.98,131.07,64.50,35.50,1.00,1.00,16729.05,15277.44,15192.44,17244.06,64,35,35,64,78577.52,78577.77,,
2026-09-10T02:27:04+08:00,btc-updown-5m-1788978300,https://polymarket.com/zh/event/btc-updown-5m-1788978300,02:25-02:30,65.00,36.00,64.00,35.00,207.89,1458.54,1487.00,215.18,64.50,35.50,1.00,1.00,16734.05,15062.44,15052.44,16224.05,64,35,35,64,78577.52,78577.78,,
2026-09-10T02:27:07+08:00,btc-updown-5m-1788978300,https://polymarket.com/zh/event/btc-updown-5m-1788978300,02:25-02:30,65.00,36.00,64.00,35.00,202.79,1114.46,1196.20,281.20,64.50,35.50,1.00,1.00,16729.05,15062.44,15072.44,16684.05,64,35,35,64,78577.52,78577.78,,
2026-09-10T02:27:09+08:00,btc-updown-5m-1788978300,https://polymarket.com/zh/event/btc-updown-5m-1788978300,02:25-02:30,65.00,36.00,64.00,35.00,24.90,1273.84,1273.84,34.90,64.50,35.50,1.00,1.00,16224.05,15047.44,15052.44,16739.05,64,35,35,64,78577.52,78577.78,,
2026-09-10T02:27:11+08:00,btc-updown-5m-1788978300,https://polymarket.com/zh/event/btc-updown-5m-1788978300,02:25-02:30,66.00,35.00,65.00,34.00,100.00,717.52,476.82,5.00,65.50,34.50,1.00,1.00,16734.05,15057.44,15047.44,17229.05,65,34,34,65,78577.52,78577.78,,
2026-09-10T02:27:14+08:00,btc-updown-5m-1788978300,https://polymarket.com/zh/event/btc-updown-5m-1788978300,02:25-02:30,71.00,32.00,70.00,31.00,505.78,427.17,17.14,9.71,70.50,31.50,1.00,1.00,16249.05,14907.44,14907.44,16239.05,70,29,31,68,78577.52,78584.74,,
2026-09-10T02:27:16+08:00,btc-updown-5m-1788978300,https://polymarket.com/zh/event/btc-updown-5m-1788978300,02:25-02:30,70.00,31.00,69.00,30.00,83.50,356.38,328.20,83.50,69.50,30.50,1.00,1.00,17204.05,15072.44,15082.44,16719.06,69,30,30,69,78577.52,78584.74,,
2026-09-10T02:27:19+08:00,btc-updown-5m-1788978300,https://polymarket.com/zh/event/btc-updown-5m-1788978300,02:25-02:30,70.00,31.00,69.00,30.00,85.00,441.68,433.82,85.00,69.50,30.50,1.00,1.00,17194.05,15077.44,15082.44,16709.06,69,30,30,69,78577.52,78584.74,,
2026-09-10T02:27:21+08:00,btc-updown-5m-1788978300,https://polymarket.com/zh/event/btc-updown-5m-1788978300,02:25-02:30,74.00,23.00,73.00,22.00,238.25,358.63,1146.86,137.10,73.50,22.50,1.00,1.00,16729.06,16659.44,15949.44,17249.06,73,26,22,77,78577.52,78587.60,,
2026-09-10T02:27:24+08:00,btc-updown-5m-1788978300,https://polymarket.com/zh/event/btc-updown-5m-1788978300,02:25-02:30,63.00,37.00,62.00,36.00,204.95,85.28,148.00,230.38,62.50,36.50,1.00,1.00,16694.05,15659.44,15704.44,16199.05,62,37,36,63,78577.52,78589.65,,
2026-09-10T02:27:26+08:00,btc-updown-5m-1788978300,https://polymarket.com/zh/event/btc-updown-5m-1788978300,02:25-02:30,64.00,37.00,63.00,36.00,334.92,480.93,417.66,285.53,63.50,36.50,1.00,1.00,16689.06,15905.44,15905.44,16694.06,63,36,36,63,78577.52,78577.81,,
2026-09-10T02:27:28+08:00,btc-updown-5m-1788978300,https://polymarket.com/zh/event/btc-updown-5m-1788978300,02:25-02:30,70.00,31.00,69.00,30.00,328.40,335.54,330.54,223.40,69.50,30.50,1.00,1.00,16704.05,15905.44,15824.44,16704.05,69,30,30,69,78577.52,78581.64,,
2026-09-10T02:27:31+08:00,btc-updown-5m-1788978300,https://polymarket.com/zh/event/btc-updown-5m-1788978300,02:25-02:30,73.00,27.00,72.00,26.00,5.00,160.00,60.00,460.10,72.50,26.50,1.00,1.00,16652.45,15857.04,15642.84,16142.45,72,27,26,73,78577.52,78585.94,,
2026-09-10T02:27:33+08:00,btc-updown-5m-1788978300,https://polymarket.com/zh/event/btc-updown-5m-1788978300,02:25-02:30,74.00,26.00,73.00,25.00,20.00,429.48,498.31,158.06,73.50,25.50,1.00,1.00,16657.45,15637.84,15637.84,16157.45,73,26,25,74,78577.52,78586.43,,
2026-09-10T02:27:35+08:00,btc-updown-5m-1788978300,https://polymarket.com/zh/event/btc-updown-5m-1788978300,02:25-02:30,80.00,21.00,79.00,20.00,733.36,140.00,55.00,652.11,79.50,20.50,1.00,1.00,16642.45,17652.84,17652.84,16642.45,79,20,20,79,78577.52,78589.64,,
2026-09-10T02:27:38+08:00,btc-updown-5m-1788978300,https://polymarket.com/zh/event/btc-updown-5m-1788978300,02:25-02:30,79.00,22.00,78.00,21.00,402.55,141.61,136.61,332.39,78.50,21.50,1.00,1.00,16127.45,17622.84,17617.84,16627.45,78,21,21,78,78577.52,78589.64,,
2026-09-10T02:27:40+08:00,btc-updown-5m-1788978300,https://polymarket.com/zh/event/btc-updown-5m-1788978300,02:25-02:30,79.00,22.00,78.00,21.00,362.15,197.05,197.05,357.15,78.50,21.50,1.00,1.00,16638.90,17617.84,17617.84,16648.90,78,21,21,78,78577.52,78589.64,,
2026-09-10T02:27:43+08:00,btc-updown-5m-1788978300,https://polymarket.com/zh/event/btc-updown-5m-1788978300,02:25-02:30,79.00,22.00,78.00,21.00,75.00,901.85,764.25,4.95,78.50,21.50,1.00,1.00,16633.90,17654.98,17644.98,16138.90,78,21,21,78,78577.52,78589.64,,
2026-09-10T02:27:45+08:00,btc-updown-5m-1788978300,https://polymarket.com/zh/event/btc-updown-5m-1788978300,02:25-02:30,80.00,19.00,79.00,18.00,25.92,412.80,2266.83,91.98,79.50,18.50,1.00,1.00,16633.90,17779.98,17734.98,16643.90,79,20,18,81,78577.52,78589.64,,
2026-09-10T02:27:48+08:00,btc-updown-5m-1788978300,https://polymarket.com/zh/event/btc-updown-5m-1788978300,02:25-02:30,82.00,19.00,81.00,18.00,117.55,637.37,571.09,105.00,81.50,18.50,1.00,1.00,16628.90,17800.98,17800.98,16128.90,81,18,18,81,78577.52,78589.64,,
2026-09-10T02:27:50+08:00,btc-updown-5m-1788978300,https://polymarket.com/zh/event/btc-updown-5m-1788978300,02:25-02:30,82.00,18.00,81.00,17.00,3.17,728.70,1247.23,2.94,81.50,17.50,1.00,1.00,16633.90,17828.34,17828.34,17123.90,81,18,17,82,78577.52,78589.64,,
2026-09-10T02:27:52+08:00,btc-updown-5m-1788978300,https://polymarket.com/zh/event/btc-updown-5m-1788978300,02:25-02:30,85.00,16.00,84.00,15.00,269.07,306.69,519.70,324.02,84.50,15.50,1.00,1.00,16623.90,17755.34,17755.34,16628.90,84,15,15,84,78577.52,78589.64,,
2026-09-10T02:27:55+08:00,btc-updown-5m-1788978300,https://polymarket.com/zh/event/btc-updown-5m-1788978300,02:25-02:30,92.00,9.00,91.00,8.00,226.33,125.00,20.00,767.11,91.50,8.50,1.00,1.00,16618.90,17393.87,18338.92,16623.90,91,8,8,91,78577.52,78599.44,,
2026-09-10T02:27:57+08:00,btc-updown-5m-1788978300,https://polymarket.com/zh/event/btc-updown-5m-1788978300,02:25-02:30,92.00,9.00,91.00,8.00,340.83,290.54,300.54,350.83,91.50,8.50,1.00,1.00,16541.82,18503.24,18493.24,16526.81,91,8,8,91,78577.52,78599.99,,
2026-09-10T02:28:00+08:00,btc-updown-5m-1788978300,https://polymarket.com/zh/event/btc-updown-5m-1788978300,02:25-02:30,92.00,9.00,91.00,8.00,48.01,471.20,417.14,65.00,91.50,8.50,1.00,1.00,16516.81,18468.24,18458.24,16511.81,91,8,8,91,78577.52,78599.99,,
2026-09-10T02:28:02+08:00,btc-updown-5m-1788978300,https://polymarket.com/zh/event/btc-updown-5m-1788978300,02:25-02:30,90.00,11.00,89.00,10.00,575.56,179.31,22.87,583.14,89.50,10.50,1.00,1.00,16404.47,17562.63,17497.63,16409.46,89,10,10,89,78577.52,78599.99,,
2026-09-10T02:28:04+08:00,btc-updown-5m-1788978300,https://polymarket.com/zh/event/btc-updown-5m-1788978300,02:25-02:30,88.00,13.00,87.00,12.00,432.77,95.00,15.00,461.96,87.50,12.50,1.00,1.00,16874.46,17548.49,17548.49,16379.46,87,12,12,87,78577.52,78600.00,,
2026-09-10T02:28:07+08:00,btc-updown-5m-1788978300,https://polymarket.com/zh/event/btc-updown-5m-1788978300,02:25-02:30,88.00,13.00,87.00,12.00,95.00,882.32,790.42,95.00,87.50,12.50,1.00,1.00,16384.46,17658.64,17663.64,15874.46,87,12,12,87,78577.52,78593.56,,
2026-09-10T02:28:09+08:00,btc-updown-5m-1788978300,https://polymarket.com/zh/event/btc-updown-5m-1788978300,02:25-02:30,88.00,12.00,87.00,11.00,10.00,472.85,957.29,39.10,87.50,11.50,1.00,1.00,16374.46,17578.90,17621.26,15879.46,87,12,11,88,78577.52,78594.30,,
2026-09-10T02:28:12+08:00,btc-updown-5m-1788978300,https://polymarket.com/zh/event/btc-updown-5m-1788978300,02:25-02:30,90.00,11.00,89.00,10.00,129.40,338.39,427.49,160.25,89.50,10.50,1.00,1.00,15879.47,17678.66,17678.66,15879.47,89,10,10,89,78577.52,78596.03,,
2026-09-10T02:28:14+08:00,btc-updown-5m-1788978300,https://polymarket.com/zh/event/btc-updown-5m-1788978300,02:25-02:30,90.00,11.00,89.00,10.00,311.02,192.35,201.45,296.02,89.50,10.50,1.00,1.00,16389.46,17673.65,17668.65,15894.46,89,10,10,89,78577.52,78596.03,,
2026-09-10T02:28:16+08:00,btc-updown-5m-1788978300,https://polymarket.com/zh/event/btc-updown-5m-1788978300,02:25-02:30,90.00,11.00,89.00,10.00,106.80,618.84,598.61,101.76,89.50,10.50,1.00,1.00,16364.46,17543.65,17511.93,16369.46,89,10,10,89,78577.52,78594.46,,
2026-09-10T02:28:19+08:00,btc-updown-5m-1788978300,https://polymarket.com/zh/event/btc-updown-5m-1788978300,02:25-02:30,90.00,11.00,89.00,10.00,28.80,1048.87,1048.87,28.80,89.50,10.50,1.00,1.00,15864.47,17528.65,17528.65,16364.47,89,10,10,89,78577.52,78594.46,,
2026-09-10T02:28:21+08:00,btc-updown-5m-1788978300,https://polymarket.com/zh/event/btc-updown-5m-1788978300,02:25-02:30,91.00,10.00,90.00,9.00,321.45,610.32,610.32,321.45,90.50,9.50,1.00,1.00,16364.46,16894.64,16889.64,16369.46,90,9,9,90,78577.52,78594.46,,
2026-09-10T02:28:23+08:00,btc-updown-5m-1788978300,https://polymarket.com/zh/event/btc-updown-5m-1788978300,02:25-02:30,91.00,10.00,90.00,9.00,15.90,646.29,638.29,15.90,90.50,9.50,1.00,1.00,16349.46,16732.64,16582.64,15799.46,90,9,9,90,78577.52,78594.46,,
2026-09-10T02:28:26+08:00,btc-updown-5m-1788978300,https://polymarket.com/zh/event/btc-updown-5m-1788978300,02:25-02:30,92.00,9.00,91.00,8.00,50.00,698.29,698.29,43.51,91.50,8.50,1.00,1.00,16814.47,16497.24,16512.24,16314.47,91,8,8,91,78577.52,78594.46,,
2026-09-10T02:28:28+08:00,btc-updown-5m-1788978300,https://polymarket.com/zh/event/btc-updown-5m-1788978300,02:25-02:30,93.00,8.00,92.00,7.00,343.05,397.33,456.15,526.54,92.50,7.50,1.00,1.00,16299.46,16476.97,16523.69,16799.46,92,7,7,92,78577.52,78594.46,,
2026-09-10T02:28:30+08:00,btc-updown-5m-1788978300,https://polymarket.com/zh/event/btc-updown-5m-1788978300,02:25-02:30,75.00,26.00,74.00,25.00,715.37,35.00,25.00,847.21,74.50,25.50,1.00,1.00,16124.46,17045.71,15029.04,15569.46,74,25,25,74,78577.52,78581.64,,
2026-09-10T02:28:33+08:00,btc-updown-5m-1788978300,https://polymarket.com/zh/event/btc-updown-5m-1788978300,02:25-02:30,79.00,21.00,78.00,20.00,66.19,728.88,554.35,299.95,78.50,20.50,1.00,1.00,16119.46,16660.72,16660.72,16119.46,78,21,20,79,78577.52,78577.77,,
2026-09-10T02:28:35+08:00,btc-updown-5m-1788978300,https://polymarket.com/zh/event/btc-updown-5m-1788978300,02:25-02:30,97.00,4.00,95.00,3.00,294.94,227.99,108.02,141.84,96.00,3.50,2.00,1.00,16104.46,12662.98,6793.16,16056.47,95,3,3,96,78577.52,78580.70,,
2026-09-10T02:28:37+08:00,btc-updown-5m-1788978300,https://polymarket.com/zh/event/btc-updown-5m-1788978300,02:25-02:30,95.00,7.00,94.00,6.00,10.00,253.46,126.00,411.60,94.50,6.50,1.00,1.00,16200.87,9212.18,8313.71,16200.87,94,5,6,93,78577.52,78607.74,,
2026-09-10T02:28:40+08:00,btc-updown-5m-1788978300,https://polymarket.com/zh/event/btc-updown-5m-1788978300,02:25-02:30,94.00,7.00,93.00,6.00,554.17,45.00,23.69,554.17,93.50,6.50,1.00,1.00,16220.87,8674.03,8763.34,15715.87,93,6,6,93,78577.52,78602.64,,
2026-09-10T02:28:42+08:00,btc-updown-5m-1788978300,https://polymarket.com/zh/event/btc-updown-5m-1788978300,02:25-02:30,95.00,6.00,94.00,5.00,256.23,705.23,613.66,235.17,94.50,5.50,1.00,1.00,16205.88,8554.87,8592.81,15710.88,94,5,5,94,78577.52,78602.64,,
2026-09-10T02:28:45+08:00,btc-updown-5m-1788978300,https://polymarket.com/zh/event/btc-updown-5m-1788978300,02:25-02:30,94.00,6.00,93.00,5.00,80.00,174.12,568.71,351.00,93.50,5.50,1.00,1.00,15695.87,8261.33,8406.33,16195.87,93,6,5,94,78577.52,78600.89,,
2026-09-10T02:28:47+08:00,btc-updown-5m-1788978300,https://polymarket.com/zh/event/btc-updown-5m-1788978300,02:25-02:30,96.00,5.00,95.00,4.00,315.00,454.59,439.59,315.00,95.50,4.50,1.00,1.00,16200.87,7846.34,7775.04,16200.87,95,4,4,95,78577.52,78600.89,,
2026-09-10T02:28:49+08:00,btc-updown-5m-1788978300,https://polymarket.com/zh/event/btc-updown-5m-1788978300,02:25-02:30,97.00,4.00,96.00,3.00,128.65,348.06,348.06,128.65,96.50,3.50,1.00,1.00,15700.87,7538.69,7472.39,16205.87,96,3,3,96,78577.52,78600.42,,
2026-09-10T02:28:52+08:00,btc-updown-5m-1788978300,https://polymarket.com/zh/event/btc-updown-5m-1788978300,02:25-02:30,98.00,3.00,97.00,2.00,1087.23,201.02,165.00,860.69,97.50,2.50,1.00,1.00,16705.88,6274.15,6047.61,16150.88,97,2,2,97,78577.52,78600.67,,
2026-09-10T02:28:54+08:00,btc-updown-5m-1788978300,https://polymarket.com/zh/event/btc-updown-5m-1788978300,02:25-02:30,98.00,3.00,97.00,2.00,100.32,30.00,531.53,355.32,97.50,2.50,1.00,1.00,15616.43,5383.57,5618.57,16086.43,97,2,2,97,78577.52,78600.67,,
2026-09-10T02:28:56+08:00,btc-updown-5m-1788978300,https://polymarket.com/zh/event/btc-updown-5m-1788978300,02:25-02:30,99.00,2.00,98.00,1.00,2268.33,232.42,232.42,2238.02,98.50,1.50,1.00,1.00,8345.08,2268.33,2238.02,8335.08,98,1,1,98,78577.52,78600.67,,
2026-09-10T02:28:59+08:00,btc-updown-5m-1788978300,https://polymarket.com/zh/event/btc-updown-5m-1788978300,02:25-02:30,99.00,2.00,98.00,1.00,1209.69,509.72,494.72,1204.69,98.50,1.50,1.00,1.00,8329.07,1209.69,1204.69,7829.07,98,1,1,98,78577.52,78600.67,,
2026-09-10T02:29:01+08:00,btc-updown-5m-1788978300,https://polymarket.com/zh/event/btc-updown-5m-1788978300,02:25-02:30,97.00,4.00,96.00,3.00,100.84,557.28,557.28,86.00,96.50,3.50,1.00,1.00,8795.55,830.36,815.52,8801.55,96,3,3,96,78577.52,78591.18,,
2026-09-10T02:29:04+08:00,btc-updown-5m-1788978300,https://polymarket.com/zh/event/btc-updown-5m-1788978300,02:25-02:30,,1.00,99.00,,,2460.35,3247.75,,,,,,8301.55,,,8301.55,99,0,0,99,78577.52,78602.64,,
2026-09-10T02:29:06+08:00,btc-updown-5m-1788978300,https://polymarket.com/zh/event/btc-updown-5m-1788978300,02:25-02:30,,1.00,99.00,,,2932.22,2932.22,,,,,,7796.55,,,7791.55,99,0,0,99,78577.52,78600.56,,
2026-09-10T02:29:09+08:00,btc-updown-5m-1788978300,https://polymarket.com/zh/event/btc-updown-5m-1788978300,02:25-02:30,,1.00,99.00,,,5476.06,5476.06,,,,,,8291.55,,,8296.55,99,0,0,99,78577.52,78600.57,,
2026-09-10T02:29:11+08:00,btc-updown-5m-1788978300,https://polymarket.com/zh/event/btc-updown-5m-1788978300,02:25-02:30,,1.00,99.00,,,5308.89,5308.89,,,,,,8301.55,,,7796.55,99,0,0,99,78577.52,78603.22,,
2026-09-10T02:29:13+08:00,btc-updown-5m-1788978300,https://polymarket.com/zh/event/btc-updown-5m-1788978300,02:25-02:30,,1.00,99.00,,,6303.33,5546.33,,,,,,8311.55,,,8291.55,99,0,0,99,78577.52,78603.22,,
2026-09-10T02:29:16+08:00,btc-updown-5m-1788978300,https://polymarket.com/zh/event/btc-updown-5m-1788978300,02:25-02:30,,1.00,99.00,,,19453.54,18894.53,,,,,,8246.55,,,7746.55,99,0,0,99,78577.52,78603.22,,
2026-09-10T02:29:18+08:00,btc-updown-5m-1788978300,https://polymarket.com/zh/event/btc-updown-5m-1788978300,02:25-02:30,,1.00,99.00,,,20123.54,20033.54,,,,,,7751.55,,,7746.55,99,0,0,99,78577.52,78603.22,,
2026-09-10T02:29:20+08:00,btc-updown-5m-1788978300,https://polymarket.com/zh/event/btc-updown-5m-1788978300,02:25-02:30,,1.00,99.00,,,20442.41,20442.41,,,,,,7551.55,,,7551.55,99,0,0,99,78577.52,78603.23,,
2026-09-10T02:29:23+08:00,btc-updown-5m-1788978300,https://polymarket.com/zh/event/btc-updown-5m-1788978300,02:25-02:30,,1.00,99.00,,,20200.49,20550.49,,,,,,8246.55,,,7246.55,99,0,0,99,78577.52,78603.22,,
2026-09-10T02:29:25+08:00,btc-updown-5m-1788978300,https://polymarket.com/zh/event/btc-updown-5m-1788978300,02:25-02:30,,1.00,99.00,,,20494.58,20494.58,,,,,,7236.55,,,7246.55,99,0,0,99,78577.52,78603.23,,
2026-09-10T02:29:28+08:00,btc-updown-5m-1788978300,https://polymarket.com/zh/event/btc-updown-5m-1788978300,02:25-02:30,,1.00,99.00,,,20645.79,20655.59,,,,,,7231.56,,,8226.55,99,0,0,99,78577.52,78603.22,,
2026-09-10T02:29:30+08:00,btc-updown-5m-1788978300,https://polymarket.com/zh/event/btc-updown-5m-1788978300,02:25-02:30,,1.00,99.00,,,24604.79,24584.80,,,,,,7936.56,,,7426.55,99,0,0,99,78577.52,78603.22,,
2026-09-10T02:29:32+08:00,btc-updown-5m-1788978300,https://polymarket.com/zh/event/btc-updown-5m-1788978300,02:25-02:30,,1.00,99.00,,,25879.38,25879.38,,,,,,7021.55,,,7016.55,99,0,0,99,78577.52,78603.22,,
2026-09-10T02:29:35+08:00,btc-updown-5m-1788978300,https://polymarket.com/zh/event/btc-updown-5m-1788978300,02:25-02:30,,1.00,99.00,,,25892.76,25882.76,,,,,,6501.55,,,7001.55,99,0,0,99,78577.52,78603.23,,
2026-09-10T02:29:37+08:00,btc-updown-5m-1788978300,https://polymarket.com/zh/event/btc-updown-5m-1788978300,02:25-02:30,,1.00,99.00,,,26530.30,26530.30,,,,,,6506.55,,,6521.55,99,0,0,99,78577.52,78608.29,,
2026-09-10T02:29:40+08:00,btc-updown-5m-1788978300,https://polymarket.com/zh/event/btc-updown-5m-1788978300,02:25-02:30,,1.00,99.00,,,27725.99,27720.98,,,,,,6511.55,,,6516.55,99,0,0,99,78577.52,78608.29,,
2026-09-10T02:29:42+08:00,btc-updown-5m-1788978300,https://polymarket.com/zh/event/btc-updown-5m-1788978300,02:25-02:30,,1.00,99.00,,,27773.54,27773.54,,,,,,7401.55,,,6396.55,99,0,0,99,78577.52,78608.29,,
2026-09-10T02:29:45+08:00,btc-updown-5m-1788978300,https://polymarket.com/zh/event/btc-updown-5m-1788978300,02:25-02:30,,1.00,99.00,,,27769.11,27764.11,,,,,,6411.55,,,6906.55,99,0,0,99,78577.52,78608.29,,
2026-09-10T02:29:47+08:00,btc-updown-5m-1788978300,https://polymarket.com/zh/event/btc-updown-5m-1788978300,02:25-02:30,,1.00,99.00,,,27356.40,27356.40,,,,,,6401.55,,,6911.55,99,0,0,99,78577.52,78608.30,,
2026-09-10T02:29:49+08:00,btc-updown-5m-1788978300,https://polymarket.com/zh/event/btc-updown-5m-1788978300,02:25-02:30,,1.00,99.00,,,27605.15,27605.15,,,,,,6896.55,,,6901.55,99,0,0,99,78577.52,78608.29,,
2026-09-10T02:29:52+08:00,btc-updown-5m-1788978300,https://polymarket.com/zh/event/btc-updown-5m-1788978300,02:25-02:30,,1.00,99.00,,,27685.21,27680.20,,,,,,6886.55,,,6376.56,99,0,0,99,78577.52,78608.29,,
2026-09-10T02:29:54+08:00,btc-updown-5m-1788978300,https://polymarket.com/zh/event/btc-updown-5m-1788978300,02:25-02:30,,1.00,99.00,,,35720.30,35725.31,,,,,,6886.56,,,6886.55,99,0,0,99,78577.52,78608.29,,
2026-09-10T02:29:57+08:00,btc-updown-5m-1788978300,https://polymarket.com/zh/event/btc-updown-5m-1788978300,02:25-02:30,,1.00,99.00,,,41462.17,41462.17,,,,,,5006.55,,,5511.55,99,0,0,99,78577.52,78608.29,,
2026-09-10T02:29:59+08:00,btc-updown-5m-1788978300,https://polymarket.com/zh/event/btc-updown-5m-1788978300,02:25-02:30,,1.00,99.00,,,41861.16,41861.16,,,,,,4991.55,,,5441.55,99,0,0,99,78577.52,78614.75,,
2026-09-10T02:30:02+08:00,btc-updown-5m-1788978600,https://polymarket.com/zh/event/btc-updown-5m-1788978600,02:30-02:35,55.00,50.00,54.00,49.00,445.09,144.43,25.00,152.14,54.50,49.50,1.00,1.00,16051.68,15335.78,15336.78,16552.68,54,45,49,50,78605.75,78606.75,,
2026-09-10T02:30:04+08:00,btc-updown-5m-1788978600,https://polymarket.com/zh/event/btc-updown-5m-1788978600,02:30-02:35,42.00,59.00,41.00,58.00,245.00,602.53,597.53,245.00,41.50,58.50,1.00,1.00,16396.16,16558.78,16588.79,16471.16,41,58,58,41,78605.75,78593.50,,
2026-09-10T02:30:06+08:00,btc-updown-5m-1788978600,https://polymarket.com/zh/event/btc-updown-5m-1788978600,02:30-02:35,42.00,59.00,41.00,58.00,605.96,191.00,240.78,590.96,41.50,58.50,1.00,1.00,17056.21,17406.84,17416.84,17056.21,41,58,58,41,78605.75,78593.50,,
2026-09-10T02:30:09+08:00,btc-updown-5m-1788978600,https://polymarket.com/zh/event/btc-updown-5m-1788978600,02:30-02:35,51.00,50.00,50.00,49.00,23.65,901.82,814.82,21.68,50.50,49.50,1.00,1.00,16642.71,16378.94,16401.81,16637.71,50,49,49,50,78605.75,78606.75,,
2026-09-10T02:30:11+08:00,btc-updown-5m-1788978600,https://polymarket.com/zh/event/btc-updown-5m-1788978600,02:30-02:35,51.00,50.00,50.00,49.00,10.00,623.76,618.76,10.00,50.50,49.50,1.00,1.00,17045.31,15561.81,15561.81,16850.31,50,49,49,50,78605.75,78606.75,,
2026-09-10T02:30:14+08:00,btc-updown-5m-1788978600,https://polymarket.com/zh/event/btc-updown-5m-1788978600,02:30-02:35,59.00,42.00,58.00,41.00,264.55,633.52,618.52,288.28,58.50,41.50,1.00,1.00,17296.97,15783.47,15783.47,17286.97,58,41,41,58,78605.75,78606.75,,
2026-09-10T02:30:16+08:00,btc-updown-5m-1788978600,https://polymarket.com/zh/event/btc-updown-5m-1788978600,02:30-02:35,53.00,48.00,52.00,47.00,355.00,769.28,770.28,350.00,52.50,47.50,1.00,1.00,17852.21,16368.27,16405.67,17367.20,52,47,47,52,78605.75,78611.11,,
2026-09-10T02:30:18+08:00,btc-updown-5m-1788978600,https://polymarket.com/zh/event/btc-updown-5m-1788978600,02:30-02:35,53.00,48.00,52.00,47.00,454.71,249.17,244.17,454.71,52.50,47.50,1.00,1.00,17134.60,16175.67,15700.67,17169.60,52,47,47,52,78605.75,78611.11,,
2026-09-10T02:30:21+08:00,btc-updown-5m-1788978600,https://polymarket.com/zh/event/btc-updown-5m-1788978600,02:30-02:35,56.00,45.00,55.00,44.00,239.59,5.00,266.92,557.85,55.50,44.50,1.00,1.00,15718.60,14221.67,14245.67,16223.60,55,44,44,55,78605.75,78611.11,,
2026-09-10T02:30:23+08:00,btc-updown-5m-1788978600,https://polymarket.com/zh/event/btc-updown-5m-1788978600,02:30-02:35,55.00,46.00,54.00,45.00,467.90,333.26,338.26,387.90,54.50,45.50,1.00,1.00,15228.60,14235.67,14005.67,14998.60,54,45,45,54,78605.75,78611.12,,
2026-09-10T02:30:25+08:00,btc-updown-5m-1788978600,https://polymarket.com/zh/event/btc-updown-5m-1788978600,02:30-02:35,52.00,49.00,51.00,48.00,95.00,522.52,582.52,290.00,51.50,48.50,1.00,1.00,15248.60,13760.67,13781.67,15753.60,51,48,48,51,78605.75,78611.12,,
2026-09-10T02:30:28+08:00,btc-updown-5m-1788978600,https://polymarket.com/zh/event/btc-updown-5m-1788978600,02:30-02:35,52.00,49.00,51.00,48.00,299.23,1027.80,504.43,89.23,51.50,48.50,1.00,1.00,14453.60,13520.67,13530.67,14473.61,51,48,48,51,78605.75,78611.11,,
2026-09-10T02:30:30+08:00,btc-updown-5m-1788978600,https://polymarket.com/zh/event/btc-updown-5m-1788978600,02:30-02:35,53.00,48.00,52.00,47.00,179.86,884.93,792.94,25.56,52.50,47.50,1.00,1.00,14458.61,13280.67,13230.67,14443.60,52,47,47,52,78605.75,78611.11,,
2026-09-10T02:30:33+08:00,btc-updown-5m-1788978600,https://polymarket.com/zh/event/btc-updown-5m-1788978600,02:30-02:35,54.00,47.00,53.00,46.00,628.96,376.71,376.71,628.96,53.50,46.50,1.00,1.00,13968.60,12465.67,12480.67,13973.60,53,46,46,53,78605.75,78609.62,,
2026-09-10T02:30:35+08:00,btc-updown-5m-1788978600,https://polymarket.com/zh/event/btc-updown-5m-1788978600,02:30-02:35,50.00,51.00,49.00,50.00,265.00,399.86,394.33,265.00,49.50,50.50,1.00,1.00,12996.94,12377.01,12361.01,12991.94,49,50,50,49,78605.75,78602.35,,
2026-09-10T02:30:38+08:00,btc-updown-5m-1788978600,https://polymarket.com/zh/event/btc-updown-5m-1788978600,02:30-02:35,50.00,51.00,49.00,50.00,145.54,124.44,584.76,582.57,49.50,50.50,1.00,1.00,12985.94,12294.01,12289.01,12980.94,49,50,50,49,78605.75,78603.46,,
2026-09-10T02:30:40+08:00,btc-updown-5m-1788978600,https://polymarket.com/zh/event/btc-updown-5m-1788978600,02:30-02:35,48.00,53.00,47.00,52.00,1033.37,215.15,215.15,968.37,47.50,52.50,1.00,1.00,12830.94,12305.02,12300.03,12835.94,47,52,52,47,78605.75,78599.13,,
2026-09-10T02:30:42+08:00,btc-updown-5m-1788978600,https://polymarket.com/zh/event/btc-updown-5m-1788978600,02:30-02:35,49.00,52.00,48.00,51.00,65.00,510.86,505.91,70.00,48.50,51.50,1.00,1.00,12890.94,12266.02,12271.02,12890.94,48,51,51,48,78605.75,78600.14,,
2026-09-10T02:30:45+08:00,btc-updown-5m-1788978600,https://polymarket.com/zh/event/btc-updown-5m-1788978600,02:30-02:35,37.00,64.00,36.00,63.00,439.95,320.66,245.00,442.24,36.50,63.50,1.00,1.00,12824.08,13164.67,13170.67,12835.08,36,63,63,36,78605.75,78593.35,,
2026-09-10T02:30:47+08:00,btc-updown-5m-1788978600,https://polymarket.com/zh/event/btc-updown-5m-1788978600,02:30-02:35,38.00,63.00,37.00,62.00,122.00,609.09,614.14,172.00,37.50,62.50,1.00,1.00,12833.65,13185.67,13175.67,12819.65,37,62,62,37,78605.75,78587.16,,
2026-09-10T02:30:50+08:00,btc-updown-5m-1788978600,https://polymarket.com/zh/event/btc-updown-5m-1788978600,02:30-02:35,39.00,62.00,38.00,61.00,353.46,275.50,210.00,374.00,38.50,61.50,1.00,1.00,12823.65,13175.67,13185.67,12878.65,38,61,61,38,78605.75,78587.08,,
2026-09-10T02:30:52+08:00,btc-updown-5m-1788978600,https://polymarket.com/zh/event/btc-updown-5m-1788978600,02:30-02:35,45.00,56.00,44.00,55.00,426.64,585.17,339.30,160.54,44.50,55.50,1.00,1.00,12274.65,12614.67,12620.67,12274.65,44,55,55,44,78605.75,78592.94,,
2026-09-10T02:30:54+08:00,btc-updown-5m-1788978600,https://polymarket.com/zh/event/btc-updown-5m-1788978600,02:30-02:35,45.00,56.00,44.00,55.00,611.23,25.00,15.00,611.23,44.50,55.50,1.00,1.00,12049.65,12340.67,12325.67,12034.65,44,55,55,44,78605.75,78593.95,,
2026-09-10T02:30:57+08:00,btc-updown-5m-1788978600,https://polymarket.com/zh/event/btc-updown-5m-1788978600,02:30-02:35,43.00,58.00,42.00,57.00,620.73,10.00,90.00,695.73,42.50,57.50,1.00,1.00,11749.65,12155.67,12140.67,11754.65,42,57,57,42,78605.75,78593.95,,
2026-09-10T02:30:59+08:00,btc-updown-5m-1788978600,https://polymarket.com/zh/event/btc-updown-5m-1788978600,02:30-02:35,42.00,59.00,41.00,58.00,903.45,98.94,98.94,903.45,41.50,58.50,1.00,1.00,11754.65,12149.67,11910.67,11509.65,41,58,58,41,78605.75,78593.95,,
2026-09-10T02:31:01+08:00,btc-updown-5m-1788978600,https://polymarket.com/zh/event/btc-updown-5m-1788978600,02:30-02:35,43.00,58.00,42.00,57.00,211.17,648.01,648.01,201.17,42.50,57.50,1.00,1.00,9233.65,9570.67,9253.67,8926.65,42,57,57,42,78605.75,78593.95,,
2026-09-10T02:31:04+08:00,btc-updown-5m-1788978600,https://polymarket.com/zh/event/btc-updown-5m-1788978600,02:30-02:35,44.00,57.00,43.00,56.00,520.35,149.73,155.00,520.35,43.50,56.50,1.00,1.00,8635.65,8962.67,8967.68,8635.65,43,56,56,43,78605.75,78594.29,,
2026-09-10T02:31:06+08:00,btc-updown-5m-1788978600,https://polymarket.com/zh/event/btc-updown-5m-1788978600,02:30-02:35,47.00,54.00,46.00,53.00,438.99,276.50,307.66,590.38,46.50,53.50,1.00,1.00,8269.17,8527.67,8587.67,8274.17,46,53,53,46,78605.75,78594.47,,
2026-09-10T02:31:09+08:00,btc-updown-5m-1788978600,https://polymarket.com/zh/event/btc-updown-5m-1788978600,02:30-02:35,46.00,55.00,45.00,54.00,549.84,16.36,16.36,629.14,45.50,54.50,1.00,1.00,8209.17,8542.67,8541.67,8219.17,45,54,54,45,78605.75,78594.47,,
2026-09-10T02:31:11+08:00,btc-updown-5m-1788978600,https://polymarket.com/zh/event/btc-updown-5m-1788978600,02:30-02:35,45.00,54.00,44.00,53.00,5.00,253.16,1147.33,10.00,44.50,53.50,1.00,1.00,7974.17,8301.68,8318.68,7979.17,44,55,53,46,78605.75,78597.83,,
2026-09-10T02:31:13+08:00,btc-updown-5m-1788978600,https://polymarket.com/zh/event/btc-updown-5m-1788978600,02:30-02:35,47.00,54.00,46.00,53.00,93.82,602.36,522.36,87.82,46.50,53.50,1.00,1.00,7807.17,8135.67,8129.67,7807.17,46,53,53,46,78605.75,78597.83,,
2026-09-10T02:31:16+08:00,btc-updown-5m-1788978600,https://polymarket.com/zh/event/btc-updown-5m-1788978600,02:30-02:35,41.00,61.00,40.00,60.00,475.00,10.00,10.00,846.16,40.50,60.50,1.00,1.00,7767.17,8166.67,8161.67,7777.17,40,59,60,39,78605.75,78593.96,,
2026-09-10T02:31:18+08:00,btc-updown-5m-1788978600,https://polymarket.com/zh/event/btc-updown-5m-1788978600,02:30-02:35,39.00,62.00,38.00,61.00,599.86,114.90,104.95,596.98,38.50,61.50,1.00,1.00,7662.65,8009.67,7994.67,7602.65,38,61,61,38,78605.75,78593.96,,
2026-09-10T02:31:21+08:00,btc-updown-5m-1788978600,https://polymarket.com/zh/event/btc-updown-5m-1788978600,02:30-02:35,39.00,62.00,38.00,61.00,385.86,285.30,290.30,385.86,38.50,61.50,1.00,1.00,7658.65,7999.67,8009.67,7668.65,38,61,61,38,78605.75,78593.96,,
2026-09-10T02:31:23+08:00,btc-updown-5m-1788978600,https://polymarket.com/zh/event/btc-updown-5m-1788978600,02:30-02:35,40.00,61.00,39.00,60.00,472.59,75.00,75.00,482.59,39.50,60.50,1.00,1.00,7652.65,7994.67,7999.67,7668.65,39,60,60,39,78605.75,78593.97,,
2026-09-10T02:31:25+08:00,btc-updown-5m-1788978600,https://polymarket.com/zh/event/btc-updown-5m-1788978600,02:30-02:35,40.00,61.00,39.00,60.00,475.73,59.95,60.00,480.73,39.50,60.50,1.00,1.00,7638.65,8020.67,7994.67,7623.65,39,60,60,39,78605.75,78593.96,,
2026-09-10T02:31:28+08:00,btc-updown-5m-1788978600,https://polymarket.com/zh/event/btc-updown-5m-1788978600,02:30-02:35,39.00,62.00,38.00,61.00,285.00,504.20,499.20,285.00,38.50,61.50,1.00,1.00,7668.65,8004.67,7994.67,7658.65,38,61,61,38,78605.75,78593.96,,
2026-09-10T02:31:30+08:00,btc-updown-5m-1788978600,https://polymarket.com/zh/event/btc-updown-5m-1788978600,02:30-02:35,44.00,57.00,43.00,56.00,85.00,530.00,428.26,105.00,43.50,56.50,1.00,1.00,7663.65,7960.67,7964.67,7673.65,43,56,56,43,78605.75,78593.96,,
2026-09-10T02:31:33+08:00,btc-updown-5m-1788978600,https://polymarket.com/zh/event/btc-updown-5m-1788978600,02:30-02:35,44.00,57.00,43.00,56.00,20.85,533.36,533.36,140.85,43.50,56.50,1.00,1.00,6927.65,7943.68,7944.67,6927.65,43,56,56,43,78605.75,78593.96,,
2026-09-10T02:31:35+08:00,btc-updown-5m-1788978600,https://polymarket.com/zh/event/btc-updown-5m-1788978600,02:30-02:35,44.00,57.00,43.00,56.00,230.75,894.06,498.10,5.75,43.50,56.50,1.00,1.00,6947.65,7938.67,7945.67,6927.65,43,56,55,43,78605.75,78593.96,,
2026-09-10T02:31:37+08:00,btc-updown-5m-1788978600,https://polymarket.com/zh/event/btc-updown-5m-1788978600,02:30-02:35,47.00,54.00,46.00,53.00,248.41,380.09,308.17,248.41,46.50,53.50,1.00,1.00,6947.65,7960.68,7938.68,6932.65,46,53,53,46,78605.75,78597.83,,
2026-09-10T02:31:40+08:00,btc-updown-5m-1788978600,https://polymarket.com/zh/event/btc-updown-5m-1788978600,02:30-02:35,47.00,54.00,46.00,53.00,340.60,143.74,145.60,460.53,46.50,53.50,1.00,1.00,6882.65,7944.67,7959.68,6882.65,46,53,53,46,78605.75,78597.83,,
2026-09-10T02:31:42+08:00,btc-updown-5m-1788978600,https://polymarket.com/zh/event/btc-updown-5m-1788978600,02:30-02:35,38.00,63.00,37.00,62.00,936.45,60.08,58.70,941.45,37.50,62.50,1.00,1.00,6911.65,7994.67,8008.67,6906.65,37,62,62,37,78605.75,78593.95,,
2026-09-10T02:31:45+08:00,btc-updown-5m-1788978600,https://polymarket.com/zh/event/btc-updown-5m-1788978600,02:30-02:35,37.00,64.00,36.00,63.00,816.47,433.00,265.83,425.00,36.50,63.50,1.00,1.00,6927.65,8009.67,7988.67,6882.65,36,63,63,36,78605.75,78592.38,,
2026-09-10T02:31:47+08:00,btc-updown-5m-1788978600,https://polymarket.com/zh/event/btc-updown-5m-1788978600,02:30-02:35,38.00,63.00,37.00,62.00,459.30,430.74,433.92,454.30,37.50,62.50,1.00,1.00,7017.65,7954.67,7944.67,7007.65,37,62,62,37,78605.75,78592.38,,
2026-09-10T02:31:49+08:00,btc-updown-5m-1788978600,https://polymarket.com/zh/event/btc-updown-5m-1788978600,02:30-02:35,40.00,58.00,39.00,57.00,32.00,180.00,878.69,10.00,39.50,57.50,1.00,1.00,6917.65,7939.67,7964.68,6897.65,39,60,57,42,78605.75,78592.38,,
2026-09-10T02:31:52+08:00,btc-updown-5m-1788978600,https://polymarket.com/zh/event/btc-updown-5m-1788978600,02:30-02:35,39.00,62.00,38.00,61.00,308.00,557.94,557.94,308.00,38.50,61.50,1.00,1.00,6977.65,8010.68,7994.68,6962.65,38,61,61,38,78605.75,78595.54,,
2026-09-10T02:31:54+08:00,btc-updown-5m-1788978600,https://polymarket.com/zh/event/btc-updown-5m-1788978600,02:30-02:35,39.00,62.00,38.00,61.00,364.43,282.68,357.68,444.43,38.50,61.50,1.00,1.00,6972.65,7949.67,7959.67,7022.65,38,61,61,38,78605.75,78595.54,,
2026-09-10T02:31:56+08:00,btc-updown-5m-1788978600,https://polymarket.com/zh/event/btc-updown-5m-1788978600,02:30-02:35,44.00,57.00,43.00,56.00,15.00,407.24,427.24,10.00,43.50,56.50,1.00,1.00,6904.65,7954.67,7944.67,6899.65,43,56,56,43,78605.75,78595.54,,
2026-09-10T02:31:59+08:00,btc-updown-5m-1788978600,https://polymarket.com/zh/event/btc-updown-5m-1788978600,02:30-02:35,58.00,43.00,57.00,42.00,256.82,421.79,411.79,250.17,57.50,42.50,1.00,1.00,7452.53,6787.01,7092.01,7857.51,57,42,42,57,78605.75,78608.86,,
2026-09-10T02:32:01+08:00,btc-updown-5m-1788978600,https://polymarket.com/zh/event/btc-updown-5m-1788978600,02:30-02:35,37.00,64.00,36.00,63.00,217.29,150.60,30.00,198.74,36.50,63.50,1.00,1.00,7551.67,7622.67,7937.67,7016.65,36,63,63,36,78605.75,78595.05,,
2026-09-10T02:32:03+08:00,btc-updown-5m-1788978600,https://polymarket.com/zh/event/btc-updown-5m-1788978600,02:30-02:35,39.00,62.00,38.00,61.00,285.47,555.15,525.15,195.47,38.50,61.50,1.00,1.00,6481.65,7737.68,7728.68,6456.65,38,61,61,38,78605.75,78595.05,,
2026-09-10T02:32:06+08:00,btc-updown-5m-1788978600,https://polymarket.com/zh/event/btc-updown-5m-1788978600,02:30-02:35,37.00,64.00,36.00,63.00,20.00,175.00,89.98,479.89,36.50,63.50,1.00,1.00,6450.65,6898.67,6908.67,6480.65,36,63,63,36,78605.75,78595.05,,
2026-09-10T02:32:08+08:00,btc-updown-5m-1788978600,https://polymarket.com/zh/event/btc-updown-5m-1788978600,02:30-02:35,27.00,74.00,26.00,73.00,408.33,365.60,120.60,636.14,26.50,73.50,1.00,1.00,6255.65,7463.67,7462.67,6270.65,26,73,73,26,78605.75,78587.07,,
2026-09-10T02:32:10+08:00,btc-updown-5m-1788978600,https://polymarket.com/zh/event/btc-updown-5m-1788978600,02:30-02:35,20.00,81.00,19.00,80.00,255.00,177.15,614.21,398.10,19.50,80.50,1.00,1.00,7454.63,7768.67,7768.67,7505.30,19,80,80,19,78605.75,78575.04,,
2026-09-10T02:32:13+08:00,btc-updown-5m-1788978600,https://polymarket.com/zh/event/btc-updown-5m-1788978600,02:30-02:35,22.00,79.00,21.00,78.00,26.41,1022.31,1147.31,31.41,21.50,78.50,1.00,1.00,7519.30,7758.67,7753.67,7519.30,21,78,78,21,78605.75,78575.04,,
2026-09-10T02:32:15+08:00,btc-updown-5m-1788978600,https://polymarket.com/zh/event/btc-updown-5m-1788978600,02:30-02:35,24.00,78.00,23.00,77.00,483.00,94.95,87.65,777.50,23.50,77.50,1.00,1.00,6864.30,7728.68,7723.68,6814.30,23,76,77,22,78605.75,78575.63,,
2026-09-10T02:32:18+08:00,btc-updown-5m-1788978600,https://polymarket.com/zh/event/btc-updown-5m-1788978600,02:30-02:35,13.00,88.00,12.00,87.00,596.72,101.03,101.03,519.79,12.50,87.50,1.00,1.00,10591.36,7730.67,7728.68,10591.36,12,87,87,12,78605.75,78556.48,,
2026-09-10T02:32:20+08:00,btc-updown-5m-1788978600,https://polymarket.com/zh/event/btc-updown-5m-1788978600,02:30-02:35,12.00,89.00,11.00,88.00,32.95,485.06,485.06,32.95,11.50,88.50,1.00,1.00,10772.88,7695.67,7695.67,10772.88,11,88,88,11,78605.75,78554.49,,
2026-09-10T02:32:22+08:00,btc-updown-5m-1788978600,https://polymarket.com/zh/event/btc-updown-5m-1788978600,02:30-02:35,14.00,87.00,13.00,86.00,217.75,400.56,400.56,217.75,13.50,86.50,1.00,1.00,10995.36,7707.67,7712.67,10990.36,13,86,86,13,78605.75,78560.00,,
2026-09-10T02:32:25+08:00,btc-updown-5m-1788978600,https://polymarket.com/zh/event/btc-updown-5m-1788978600,02:30-02:35,14.00,87.00,13.00,86.00,258.81,327.91,327.91,253.81,13.50,86.50,1.00,1.00,10918.98,7691.67,7691.67,10918.98,13,86,86,13,78605.75,78560.00,,
2026-09-10T02:32:27+08:00,btc-updown-5m-1788978600,https://polymarket.com/zh/event/btc-updown-5m-1788978600,02:30-02:35,16.00,85.00,15.00,84.00,169.88,820.19,373.00,34.88,15.50,84.50,1.00,1.00,10868.22,7635.67,7690.67,10878.22,15,84,84,15,78605.75,78560.01,,
2026-09-10T02:32:29+08:00,btc-updown-5m-1788978600,https://polymarket.com/zh/event/btc-updown-5m-1788978600,02:30-02:35,20.00,81.00,19.00,80.00,69.29,153.17,153.17,199.29,19.50,80.50,1.00,1.00,10682.24,7652.68,7646.68,10667.24,19,80,80,19,78605.75,78566.41,,
2026-09-10T02:32:32+08:00,btc-updown-5m-1788978600,https://polymarket.com/zh/event/btc-updown-5m-1788978600,02:30-02:35,14.00,87.00,13.00,86.00,148.00,152.16,75.00,384.41,13.50,86.50,1.00,1.00,10827.38,7640.07,7630.07,10910.38,13,86,86,13,78605.75,78560.01,,
2026-09-10T02:32:34+08:00,btc-updown-5m-1788978600,https://polymarket.com/zh/event/btc-updown-5m-1788978600,02:30-02:35,13.00,88.00,12.00,87.00,496.22,70.00,147.94,501.22,12.50,87.50,1.00,1.00,11006.30,7625.07,7625.07,10976.18,12,87,87,12,78605.75,78560.02,,
2026-09-10T02:32:36+08:00,btc-updown-5m-1788978600,https://polymarket.com/zh/event/btc-updown-5m-1788978600,02:30-02:35,12.00,89.00,11.00,88.00,546.04,144.84,190.00,446.04,11.50,88.50,1.00,1.00,11162.67,7630.07,7609.07,11162.67,11,88,88,11,78605.75,78560.01,,
2026-09-10T02:32:39+08:00,btc-updown-5m-1788978600,https://polymarket.com/zh/event/btc-updown-5m-1788978600,02:30-02:35,13.00,88.00,12.00,87.00,100.78,965.36,1010.36,73.81,12.50,87.50,1.00,1.00,11069.13,7575.07,7571.08,11069.13,12,87,87,12,78605.75,78560.01,,
2026-09-10T02:32:41+08:00,btc-updown-5m-1788978600,https://polymarket.com/zh/event/btc-updown-5m-1788978600,02:30-02:35,13.00,88.00,12.00,87.00,252.96,658.29,614.43,208.10,12.50,87.50,1.00,1.00,11074.13,7570.07,7565.07,11084.13,12,87,87,12,78605.75,78560.02,,
2026-09-10T02:32:43+08:00,btc-updown-5m-1788978600,https://polymarket.com/zh/event/btc-updown-5m-1788978600,02:30-02:35,15.00,86.00,14.00,85.00,64.08,473.35,488.35,64.08,14.50,85.50,1.00,1.00,11122.47,7797.42,7798.42,11122.47,14,85,85,14,78605.75,78563.88,,
2026-09-10T02:32:46+08:00,btc-updown-5m-1788978600,https://polymarket.com/zh/event/btc-updown-5m-1788978600,02:30-02:35,16.00,85.00,15.00,84.00,213.25,897.42,842.42,73.56,15.50,84.50,1.00,1.00,11342.47,7798.42,7803.42,11332.47,15,84,84,15,78605.75,78563.89,,
2026-09-10T02:32:48+08:00,btc-updown-5m-1788978600,https://polymarket.com/zh/event/btc-updown-5m-1788978600,02:30-02:35,17.00,84.00,16.00,83.00,1043.34,50.00,45.00,638.53,16.50,83.50,1.00,1.00,11187.02,7853.42,7853.42,11152.47,16,83,83,16,78605.75,78566.40,,
2026-09-10T02:32:51+08:00,btc-updown-5m-1788978600,https://polymarket.com/zh/event/btc-updown-5m-1788978600,02:30-02:35,17.00,84.00,16.00,83.00,741.83,45.01,45.01,741.83,16.50,83.50,1.00,1.00,11313.29,7742.43,7753.42,11313.29,16,83,83,16,78605.75,78566.40,,
2026-09-10T02:32:53+08:00,btc-updown-5m-1788978600,https://polymarket.com/zh/event/btc-updown-5m-1788978600,02:30-02:35,23.00,78.00,22.00,77.00,415.10,349.87,349.87,425.10,22.50,77.50,1.00,1.00,8298.63,7782.42,7788.42,8303.63,22,77,77,22,78605.75,78576.31,,
2026-09-10T02:32:55+08:00,btc-updown-5m-1788978600,https://polymarket.com/zh/event/btc-updown-5m-1788978600,02:30-02:35,25.00,77.00,24.00,76.00,190.00,351.82,337.15,85.00,24.50,76.50,1.00,1.00,8348.63,7787.42,7788.42,8353.63,24,75,76,23,78605.75,78584.38,,
2026-09-10T02:32:58+08:00,btc-updown-5m-1788978600,https://polymarket.com/zh/event/btc-updown-5m-1788978600,02:30-02:35,24.00,77.00,23.00,76.00,176.17,102.14,97.14,176.17,23.50,76.50,1.00,1.00,8218.54,7718.33,7718.33,8386.85,23,76,76,23,78605.75,78584.38,,
2026-09-10T02:33:00+08:00,btc-updown-5m-1788978600,https://polymarket.com/zh/event/btc-updown-5m-1788978600,02:30-02:35,25.00,76.00,24.00,75.00,602.30,205.14,207.36,602.30,24.50,75.50,1.00,1.00,7581.85,7717.33,7723.33,7581.85,24,75,75,24,78605.75,78584.39,,
2026-09-10T02:33:02+08:00,btc-updown-5m-1788978600,https://polymarket.com/zh/event/btc-updown-5m-1788978600,02:30-02:35,23.00,78.00,22.00,77.00,520.00,84.13,85.42,520.00,22.50,77.50,1.00,1.00,7435.61,7625.69,7625.69,7445.61,22,77,77,22,78605.75,78584.38,,
2026-09-10T02:33:05+08:00,btc-updown-5m-1788978600,https://polymarket.com/zh/event/btc-updown-5m-1788978600,02:30-02:35,22.00,79.00,21.00,78.00,135.00,449.82,439.82,50.00,21.50,78.50,1.00,1.00,7395.61,7595.70,7579.70,7395.61,21,78,78,21,78605.75,78584.38,,
2026-09-10T02:33:07+08:00,btc-updown-5m-1788978600,https://polymarket.com/zh/event/btc-updown-5m-1788978600,02:30-02:35,23.00,78.00,22.00,77.00,253.00,433.52,423.52,253.00,22.50,77.50,1.00,1.00,7410.61,7559.69,7569.69,7405.61,22,77,77,22,78605.75,78584.38,,
2026-09-10T02:33:09+08:00,btc-updown-5m-1788978600,https://polymarket.com/zh/event/btc-updown-5m-1788978600,02:30-02:35,24.00,77.00,23.00,76.00,597.71,151.10,155.00,609.81,23.50,76.50,1.00,1.00,7405.61,7568.69,7569.69,7405.61,23,76,76,23,78605.75,78584.38,,
2026-09-10T02:33:12+08:00,btc-updown-5m-1788978600,https://polymarket.com/zh/event/btc-updown-5m-1788978600,02:30-02:35,19.00,82.00,18.00,81.00,440.91,657.99,175.00,150.00,18.50,81.50,1.00,1.00,7386.61,7584.69,7600.69,7431.61,18,81,81,18,78605.75,78584.38,,
2026-09-10T02:33:14+08:00,btc-updown-5m-1788978600,https://polymarket.com/zh/event/btc-updown-5m-1788978600,02:30-02:35,21.00,80.00,20.00,79.00,655.85,135.87,141.75,663.85,20.50,79.50,1.00,1.00,9321.61,7675.69,7669.69,9321.61,20,79,79,20,78605.75,78584.38,,
2026-09-10T02:33:17+08:00,btc-updown-5m-1788978600,https://polymarket.com/zh/event/btc-updown-5m-1788978600,02:30-02:35,39.00,62.00,38.00,61.00,20.00,826.74,200.70,55.00,38.50,61.50,1.00,1.00,7616.61,7609.69,7615.69,7601.61,38,61,61,38,78605.75,78597.19,,
2026-09-10T02:33:19+08:00,btc-updown-5m-1788978600,https://polymarket.com/zh/event/btc-updown-5m-1788978600,02:30-02:35,44.00,57.00,43.00,56.00,179.27,232.64,237.64,174.27,43.50,56.50,1.00,1.00,8025.13,6960.69,7364.69,8035.13,43,56,56,43,78605.75,78597.20,,
2026-09-10T02:33:21+08:00,btc-updown-5m-1788978600,https://polymarket.com/zh/event/btc-updown-5m-1788978600,02:30-02:35,45.00,56.00,44.00,55.00,294.46,27.63,27.63,294.46,44.50,55.50,1.00,1.00,8020.13,7434.69,7434.69,8020.13,44,55,55,44,78605.75,78600.42,,
2026-09-10T02:33:24+08:00,btc-updown-5m-1788978600,https://polymarket.com/zh/event/btc-updown-5m-1788978600,02:30-02:35,49.00,49.00,48.00,48.00,17.95,125.00,90.00,348.65,48.50,48.50,1.00,1.00,8053.47,7463.04,7438.03,8548.48,47,49,48,51,78605.75,78600.42,,
2026-09-10T02:33:26+08:00,btc-updown-5m-1788978600,https://polymarket.com/zh/event/btc-updown-5m-1788978600,02:30-02:35,53.00,48.00,52.00,47.00,94.90,758.76,626.43,5.00,52.50,47.50,1.00,1.00,8813.47,7088.03,7083.03,8803.47,52,47,47,52,78605.75,78600.42,,
2026-09-10T02:33:28+08:00,btc-updown-5m-1788978600,https://polymarket.com/zh/event/btc-updown-5m-1788978600,02:30-02:35,55.00,46.00,54.00,45.00,491.00,16.58,135.20,487.38,54.50,45.50,1.00,1.00,8873.47,7208.03,7208.03,8468.47,54,45,45,54,78605.75,78603.37,,
2026-09-10T02:33:31+08:00,btc-updown-5m-1788978600,https://polymarket.com/zh/event/btc-updown-5m-1788978600,02:30-02:35,56.00,44.00,55.00,43.00,10.00,946.02,671.02,105.00,55.50,43.50,1.00,1.00,8758.47,7103.03,7108.03,8763.47,55,44,43,56,78605.75,78603.37,,
2026-09-10T02:33:33+08:00,btc-updown-5m-1788978600,https://polymarket.com/zh/event/btc-updown-5m-1788978600,02:30-02:35,57.00,44.00,56.00,43.00,257.73,385.33,310.33,69.73,56.50,43.50,1.00,1.00,9238.47,7008.03,7023.03,8748.47,56,43,43,56,78605.75,78606.08,,
2026-09-10T02:33:36+08:00,btc-updown-5m-1788978600,https://polymarket.com/zh/event/btc-updown-5m-1788978600,02:30-02:35,51.00,50.00,50.00,49.00,794.52,23.20,33.60,795.54,50.50,49.50,1.00,1.00,9293.47,7138.03,7148.03,9253.47,50,49,49,50,78605.75,78606.07,,
2026-09-10T02:33:38+08:00,btc-updown-5m-1788978600,https://polymarket.com/zh/event/btc-updown-5m-1788978600,02:30-02:35,78.00,23.00,77.00,22.00,194.12,117.13,221.45,380.81,77.50,22.50,1.00,1.00,8828.79,8237.00,8237.00,8828.79,77,22,22,77,78605.75,78615.99,,
2026-09-10T02:33:40+08:00,btc-updown-5m-1788978600,https://polymarket.com/zh/event/btc-updown-5m-1788978600,02:30-02:35,77.00,24.00,76.00,23.00,427.21,190.11,163.11,432.21,76.50,23.50,1.00,1.00,9173.79,9626.89,9656.89,8678.79,76,23,23,76,78605.75,78617.13,,
2026-09-10T02:33:43+08:00,btc-updown-5m-1788978600,https://polymarket.com/zh/event/btc-updown-5m-1788978600,02:30-02:35,75.00,25.00,74.00,24.00,30.86,177.00,357.00,85.58,74.50,24.50,1.00,1.00,9203.79,9593.89,9633.89,9203.79,74,25,24,75,78605.75,78611.02,,
2026-09-10T02:33:45+08:00,btc-updown-5m-1788978600,https://polymarket.com/zh/event/btc-updown-5m-1788978600,02:30-02:35,93.00,8.00,92.00,7.00,23.92,527.71,512.71,38.45,92.50,7.50,1.00,1.00,9693.80,7491.04,7721.39,9198.80,92,7,7,92,78605.75,78629.06,,
2026-09-10T02:33:47+08:00,btc-updown-5m-1788978600,https://polymarket.com/zh/event/btc-updown-5m-1788978600,02:30-02:35,93.00,7.00,92.00,6.00,108.29,323.71,618.16,277.05,92.50,6.50,1.00,1.00,8703.79,8250.44,8198.44,8703.79,92,7,6,93,78605.75,78633.45,,
2026-09-10T02:33:50+08:00,btc-updown-5m-1788978600,https://polymarket.com/zh/event/btc-updown-5m-1788978600,02:30-02:35,94.00,7.00,93.00,6.00,161.41,208.43,218.43,154.69,93.50,6.50,1.00,1.00,9678.80,7967.57,8067.57,9673.79,93,6,6,93,78605.75,78633.46,,
2026-09-10T02:33:52+08:00,btc-updown-5m-1788978600,https://polymarket.com/zh/event/btc-updown-5m-1788978600,02:30-02:35,93.00,8.00,92.00,7.00,95.00,503.20,483.09,95.00,92.50,7.50,1.00,1.00,9188.80,10414.72,10414.72,9188.80,92,7,7,92,78605.75,78632.94,,
2026-09-10T02:33:55+08:00,btc-updown-5m-1788978600,https://polymarket.com/zh/event/btc-updown-5m-1788978600,02:30-02:35,81.00,20.00,80.00,19.00,208.74,285.11,15.00,182.25,80.50,19.50,1.00,1.00,9198.79,7441.13,7551.78,9198.79,80,19,19,80,78605.75,78629.22,,
2026-09-10T02:33:57+08:00,btc-updown-5m-1788978600,https://polymarket.com/zh/event/btc-updown-5m-1788978600,02:30-02:35,80.00,21.00,79.00,20.00,240.46,62.84,170.00,241.71,79.50,20.50,1.00,1.00,8581.59,6715.18,6695.18,8581.59,79,20,20,79,78605.75,78619.46,,
2026-09-10T02:33:59+08:00,btc-updown-5m-1788978600,https://polymarket.com/zh/event/btc-updown-5m-1788978600,02:30-02:35,85.00,12.00,84.00,11.00,8.49,492.58,1021.00,6.06,84.50,11.50,1.00,1.00,8561.59,7147.58,7027.93,8561.59,84,13,11,88,78605.75,78619.46,,
2026-09-10T02:34:02+08:00,btc-updown-5m-1788978600,https://polymarket.com/zh/event/btc-updown-5m-1788978600,02:30-02:35,90.00,11.00,89.00,10.00,39.61,476.99,482.99,37.41,89.50,10.50,1.00,1.00,7973.07,8604.53,8599.53,8478.07,89,10,10,89,78605.75,78619.47,,
2026-09-10T02:34:04+08:00,btc-updown-5m-1788978600,https://polymarket.com/zh/event/btc-updown-5m-1788978600,02:30-02:35,97.00,4.00,96.00,3.00,204.00,1647.34,1123.02,207.00,96.50,3.50,1.00,1.00,8444.46,4802.59,4700.59,8449.45,96,3,3,96,78605.75,78619.47,,
2026-09-10T02:34:06+08:00,btc-updown-5m-1788978600,https://polymarket.com/zh/event/btc-updown-5m-1788978600,02:30-02:35,98.00,3.00,97.00,2.00,673.80,667.22,700.56,663.18,97.50,2.50,1.00,1.00,8262.01,4106.97,4111.35,8262.01,97,2,2,97,78605.75,78632.93,,
2026-09-10T02:34:09+08:00,btc-updown-5m-1788978600,https://polymarket.com/zh/event/btc-updown-5m-1788978600,02:30-02:35,98.00,4.00,97.00,3.00,593.05,703.75,5.00,103.00,97.50,3.50,1.00,1.00,8217.01,4141.22,3765.79,8732.02,97,2,3,96,78605.75,78631.87,,
2026-09-10T02:34:11+08:00,btc-updown-5m-1788978600,https://polymarket.com/zh/event/btc-updown-5m-1788978600,02:30-02:35,98.00,3.00,97.00,2.00,132.95,671.13,671.13,132.95,97.50,2.50,1.00,1.00,8212.01,3758.99,3678.99,8207.01,97,2,2,97,78605.75,78631.87,,
2026-09-10T02:34:13+08:00,btc-updown-5m-1788978600,https://polymarket.com/zh/event/btc-updown-5m-1788978600,02:30-02:35,99.00,2.00,98.00,1.00,323.02,187.92,130.36,100.00,98.50,1.50,1.00,1.00,8121.01,323.02,100.00,8616.01,98,1,1,98,78605.75,78631.87,,
2026-09-10T02:34:16+08:00,btc-updown-5m-1788978600,https://polymarket.com/zh/event/btc-updown-5m-1788978600,02:30-02:35,,1.00,99.00,,,1414.30,1606.26,,,,,,7601.01,,,8106.01,99,0,0,99,78605.75,78631.87,,
2026-09-10T02:34:18+08:00,btc-updown-5m-1788978600,https://polymarket.com/zh/event/btc-updown-5m-1788978600,02:30-02:35,,1.00,99.00,,,4691.08,4590.08,,,,,,7621.01,,,7601.01,99,0,0,99,78605.75,78623.37,,
2026-09-10T02:34:21+08:00,btc-updown-5m-1788978600,https://polymarket.com/zh/event/btc-updown-5m-1788978600,02:30-02:35,,1.00,99.00,,,2534.35,2539.36,,,,,,7311.02,,,7811.01,99,0,0,99,78605.75,78620.94,,
2026-09-10T02:34:23+08:00,btc-updown-5m-1788978600,https://polymarket.com/zh/event/btc-updown-5m-1788978600,02:30-02:35,97.00,4.00,96.00,3.00,403.98,23.00,119.21,308.98,96.50,3.50,1.00,1.00,7822.01,1759.29,753.29,7822.01,96,3,3,96,78605.75,78610.00,,
2026-09-10T02:34:25+08:00,btc-updown-5m-1788978600,https://polymarket.com/zh/event/btc-updown-5m-1788978600,02:30-02:35,86.00,16.00,78.00,15.00,494.57,5.00,287.00,112.61,82.00,15.50,8.00,1.00,7087.01,2373.31,2353.31,6452.01,66,12,14,72,78605.75,78596.16,,
2026-09-10T02:34:28+08:00,btc-updown-5m-1788978600,https://polymarket.com/zh/event/btc-updown-5m-1788978600,02:30-02:35,86.00,19.00,80.00,18.00,393.00,74.21,5.00,110.00,83.00,18.50,6.00,1.00,8401.08,3203.31,3953.31,9324.41,80,14,18,81,78605.75,78596.16,,
2026-09-10T02:34:30+08:00,btc-updown-5m-1788978600,https://polymarket.com/zh/event/btc-updown-5m-1788978600,02:30-02:35,55.00,46.00,54.00,45.00,105.93,13.84,134.52,135.93,54.50,45.50,1.00,1.00,8352.75,4298.31,4388.31,8347.75,45,45,45,47,78605.75,78586.24,,
2026-09-10T02:34:32+08:00,btc-updown-5m-1788978600,https://polymarket.com/zh/event/btc-updown-5m-1788978600,02:30-02:35,52.00,51.00,51.00,49.00,200.00,36.88,5.00,52.74,51.50,50.00,1.00,2.00,7187.75,4488.31,4473.31,6682.76,51,45,44,49,78605.75,78580.69,,
2026-09-10T02:34:35+08:00,btc-updown-5m-1788978600,https://polymarket.com/zh/event/btc-updown-5m-1788978600,02:30-02:35,24.00,79.00,23.00,78.00,254.37,150.64,236.32,188.00,23.50,78.50,1.00,1.00,6235.11,4390.32,4379.31,6197.75,23,69,73,21,78605.75,78580.68,,
2026-09-10T02:34:37+08:00,btc-updown-5m-1788978600,https://polymarket.com/zh/event/btc-updown-5m-1788978600,02:30-02:35,5.00,97.00,4.00,96.00,535.11,282.00,42.23,20.06,4.50,96.50,1.00,1.00,4752.98,3264.32,3264.31,4695.75,4,93,96,3,78605.75,78565.00,,
2026-09-10T02:34:40+08:00,btc-updown-5m-1788978600,https://polymarket.com/zh/event/btc-updown-5m-1788978600,02:30-02:35,3.00,98.00,2.00,97.00,35.00,496.37,531.43,52.00,2.50,97.50,1.00,1.00,4238.75,3288.31,3299.31,4077.38,2,97,97,2,78605.75,78562.32,,
2026-09-10T02:34:42+08:00,btc-updown-5m-1788978600,https://polymarket.com/zh/event/btc-updown-5m-1788978600,02:30-02:35,3.00,99.00,2.00,98.00,50.28,2939.49,24.79,5.00,2.50,98.50,1.00,1.00,2964.28,2199.31,2199.31,2939.49,2,97,98,1,78605.75,78562.31,,
2026-09-10T02:34:44+08:00,btc-updown-5m-1788978600,https://polymarket.com/zh/event/btc-updown-5m-1788978600,02:30-02:35,1.00,,,99.00,1783.45,,,1573.24,,,,,,2209.31,2203.31,,0,99,99,0,78605.75,78562.31,,
2026-09-10T02:34:47+08:00,btc-updown-5m-1788978600,https://polymarket.com/zh/event/btc-updown-5m-1788978600,02:30-02:35,1.00,,,99.00,3983.46,,,3883.46,,,,,,2214.31,2213.31,,0,99,99,0,78605.75,78562.31,,
2026-09-10T02:34:49+08:00,btc-updown-5m-1788978600,https://polymarket.com/zh/event/btc-updown-5m-1788978600,02:30-02:35,1.00,,,99.00,763.91,,,763.91,,,,,,2205.31,2210.31,,0,99,99,0,78605.75,78566.40,,
2026-09-10T02:34:52+08:00,btc-updown-5m-1788978600,https://polymarket.com/zh/event/btc-updown-5m-1788978600,02:30-02:35,1.00,,,99.00,1492.86,,,1492.86,,,,,,2203.31,2219.31,,0,99,99,0,78605.75,78566.40,,
2026-09-10T02:34:54+08:00,btc-updown-5m-1788978600,https://polymarket.com/zh/event/btc-updown-5m-1788978600,02:30-02:35,1.00,,,99.00,14103.93,,,14103.93,,,,,,2159.31,2153.31,,0,99,99,0,78605.75,78566.40,,
2026-09-10T02:34:56+08:00,btc-updown-5m-1788978600,https://polymarket.com/zh/event/btc-updown-5m-1788978600,02:30-02:35,1.00,,,99.00,12976.38,,,13091.38,,,,,,700.31,700.31,,0,99,99,0,78605.75,78566.41,,
2026-09-10T02:34:59+08:00,btc-updown-5m-1788978600,https://polymarket.com/zh/event/btc-updown-5m-1788978600,02:30-02:35,1.00,,,99.00,21824.84,,,21824.84,,,,,,691.31,676.31,,0,99,99,0,78605.75,78568.21,,
2026-09-10T02:35:01+08:00,btc-updown-5m-1788978900,https://polymarket.com/zh/event/btc-updown-5m-1788978900,02:35-02:40,33.00,68.00,32.00,67.00,98.93,287.76,39.68,82.71,32.50,67.50,1.00,1.00,25280.49,26578.65,26587.65,25270.49,32,67,67,32,78568.57,78568.57,,
2026-09-10T02:35:04+08:00,btc-updown-5m-1788978900,https://polymarket.com/zh/event/btc-updown-5m-1788978900,02:35-02:40,28.00,73.00,27.00,72.00,678.94,113.50,15.00,659.94,27.50,72.50,1.00,1.00,25372.69,26707.85,26689.85,25422.69,27,72,72,27,78568.57,78566.41,,
2026-09-10T02:35:06+08:00,btc-updown-5m-1788978900,https://polymarket.com/zh/event/btc-updown-5m-1788978900,02:35-02:40,28.00,73.00,27.00,72.00,635.15,50.00,113.94,1128.73,27.50,72.50,1.00,1.00,25682.69,26710.86,26710.85,25642.69,27,72,72,27,78568.57,78562.31,,
2026-09-10T02:35:09+08:00,btc-updown-5m-1788978900,https://polymarket.com/zh/event/btc-updown-5m-1788978900,02:35-02:40,26.00,76.00,25.00,75.00,983.00,122.91,35.82,577.12,25.50,75.50,1.00,1.00,25422.69,24710.85,24352.85,23422.69,25,74,75,24,78568.57,78556.48,,
2026-09-10T02:35:11+08:00,btc-updown-5m-1788978900,https://polymarket.com/zh/event/btc-updown-5m-1788978900,02:35-02:40,21.00,81.00,20.00,80.00,563.27,35.00,329.70,5.02,20.50,80.50,1.00,1.00,23492.69,24312.85,24286.86,24527.69,20,79,80,19,78568.57,78521.69,,
2026-09-10T02:35:14+08:00,btc-updown-5m-1788978900,https://polymarket.com/zh/event/btc-updown-5m-1788978900,02:35-02:40,18.00,83.00,17.00,82.00,337.78,1401.00,1481.00,331.12,17.50,82.50,1.00,1.00,25662.69,24589.85,24578.85,25662.69,17,82,82,17,78568.57,78534.34,,
2026-09-10T02:35:16+08:00,btc-updown-5m-1788978900,https://polymarket.com/zh/event/btc-updown-5m-1788978900,02:35-02:40,18.00,83.00,17.00,82.00,620.44,241.23,233.37,483.99,17.50,82.50,1.00,1.00,26041.99,24969.05,25073.35,26091.69,17,82,82,17,78568.57,78535.58,,
2026-09-10T02:35:18+08:00,btc-updown-5m-1788978900,https://polymarket.com/zh/event/btc-updown-5m-1788978900,02:35-02:40,19.00,82.00,18.00,81.00,559.86,90.00,65.00,779.59,18.50,81.50,1.00,1.00,26219.29,25166.05,24452.05,25454.29,18,81,81,18,78568.57,78534.73,,
2026-09-10T02:35:21+08:00,btc-updown-5m-1788978900,https://polymarket.com/zh/event/btc-updown-5m-1788978900,02:35-02:40,18.00,83.00,17.00,82.00,475.99,235.00,239.01,512.40,17.50,82.50,1.00,1.00,23944.29,23011.05,23002.05,23924.29,17,82,82,17,78568.57,78533.38,,
2026-09-10T02:35:23+08:00,btc-updown-5m-1788978900,https://polymarket.com/zh/event/btc-updown-5m-1788978900,02:35-02:40,18.00,83.00,17.00,82.00,156.37,894.48,569.00,5.01,17.50,82.50,1.00,1.00,23839.29,22957.06,22912.06,23849.29,17,82,82,17,78568.57,78533.39,,
2026-09-10T02:35:25+08:00,btc-updown-5m-1788978900,https://polymarket.com/zh/event/btc-updown-5m-1788978900,02:35-02:40,20.00,81.00,19.00,80.00,564.54,1119.42,1057.00,659.54,19.50,80.50,1.00,1.00,23414.29,22412.05,22462.05,23414.29,19,80,80,19,78568.57,78540.43,,
2026-09-10T02:35:28+08:00,btc-updown-5m-1788978900,https://polymarket.com/zh/event/btc-updown-5m-1788978900,02:35-02:40,20.00,81.00,19.00,80.00,382.45,1009.12,1009.12,382.45,19.50,80.50,1.00,1.00,23179.29,22212.05,22218.05,23179.29,19,80,80,19,78568.57,78546.16,,
2026-09-10T02:35:30+08:00,btc-updown-5m-1788978900,https://polymarket.com/zh/event/btc-updown-5m-1788978900,02:35-02:40,20.00,81.00,19.00,80.00,488.45,1103.29,1103.29,488.45,19.50,80.50,1.00,1.00,22579.29,21967.05,21972.05,22594.29,19,80,80,19,78568.57,78545.03,,
2026-09-10T02:35:32+08:00,btc-updown-5m-1788978900,https://polymarket.com/zh/event/btc-updown-5m-1788978900,02:35-02:40,22.00,78.00,21.00,77.00,182.46,1138.17,416.01,279.30,21.50,77.50,1.00,1.00,22089.29,21101.05,21101.05,22099.29,21,78,77,22,78568.57,78551.55,,
2026-09-10T02:35:35+08:00,btc-updown-5m-1788978900,https://polymarket.com/zh/event/btc-updown-5m-1788978900,02:35-02:40,23.00,78.00,22.00,77.00,505.39,179.74,169.74,495.39,22.50,77.50,1.00,1.00,21864.29,20908.05,20902.05,21864.29,22,77,77,22,78568.57,78551.40,,
2026-09-10T02:35:37+08:00,btc-updown-5m-1788978900,https://polymarket.com/zh/event/btc-updown-5m-1788978900,02:35-02:40,24.00,77.00,23.00,76.00,361.00,411.58,426.58,362.59,23.50,76.50,1.00,1.00,21859.29,20852.05,20852.05,21869.29,23,76,76,23,78568.57,78551.55,,
2026-09-10T02:35:40+08:00,btc-updown-5m-1788978900,https://polymarket.com/zh/event/btc-updown-5m-1788978900,02:35-02:40,20.00,81.00,19.00,80.00,150.00,648.59,648.59,155.00,19.50,80.50,1.00,1.00,21814.29,20918.06,20912.05,21824.29,19,80,80,19,78568.57,78546.24,,
2026-09-10T02:35:42+08:00,btc-updown-5m-1788978900,https://polymarket.com/zh/event/btc-updown-5m-1788978900,02:35-02:40,18.00,83.00,17.00,82.00,330.00,299.34,274.79,345.00,17.50,82.50,1.00,1.00,21829.29,20921.05,20920.05,21829.29,17,82,82,17,78568.57,78550.91,,
2026-09-10T02:35:44+08:00,btc-updown-5m-1788978900,https://polymarket.com/zh/event/btc-updown-5m-1788978900,02:35-02:40,20.00,79.00,19.00,78.00,10.00,1259.36,441.58,210.11,19.50,78.50,1.00,1.00,21844.29,20926.06,20936.06,21864.29,19,80,78,21,78568.57,78551.08,,
2026-09-10T02:35:47+08:00,btc-updown-5m-1788978900,https://polymarket.com/zh/event/btc-updown-5m-1788978900,02:35-02:40,22.00,79.00,21.00,78.00,428.70,1035.43,1020.43,323.95,21.50,78.50,1.00,1.00,21864.29,20915.05,20920.05,21864.29,21,78,78,21,78568.57,78552.50,,
2026-09-10T02:35:49+08:00,btc-updown-5m-1788978900,https://polymarket.com/zh/event/btc-updown-5m-1788978900,02:35-02:40,22.00,86.00,20.00,85.00,546.00,121.92,15.00,447.08,21.00,85.50,2.00,1.00,21774.29,20942.06,20948.06,21774.29,19,78,84,14,78568.57,78543.35,,
2026-09-10T02:35:52+08:00,btc-updown-5m-1788978900,https://polymarket.com/zh/event/btc-updown-5m-1788978900,02:35-02:40,12.00,89.00,11.00,88.00,468.83,371.77,341.77,505.49,11.50,88.50,1.00,1.00,23482.06,20351.35,20356.35,23482.06,11,88,88,11,78568.57,78517.00,,
2026-09-10T02:35:54+08:00,btc-updown-5m-1788978900,https://polymarket.com/zh/event/btc-updown-5m-1788978900,02:35-02:40,12.00,89.00,11.00,88.00,437.61,199.95,279.95,495.25,11.50,88.50,1.00,1.00,23257.06,20121.35,20121.35,23257.06,11,88,88,11,78568.57,78518.98,,
2026-09-10T02:35:56+08:00,btc-updown-5m-1788978900,https://polymarket.com/zh/event/btc-updown-5m-1788978900,02:35-02:40,16.00,85.00,15.00,84.00,636.46,271.09,282.86,631.46,15.50,84.50,1.00,1.00,22076.88,20116.35,19882.35,21836.88,15,84,84,15,78568.57,78534.28,,
2026-09-10T02:35:59+08:00,btc-updown-5m-1788978900,https://polymarket.com/zh/event/btc-updown-5m-1788978900,02:35-02:40,15.00,86.00,14.00,85.00,540.95,175.00,160.00,400.95,14.50,85.50,1.00,1.00,21951.88,19881.35,19881.35,21951.88,14,85,85,14,78568.57,78534.28,,
2026-09-10T02:36:01+08:00,btc-updown-5m-1788978900,https://polymarket.com/zh/event/btc-updown-5m-1788978900,02:35-02:40,15.00,86.00,14.00,85.00,110.19,25.00,300.85,232.14,14.50,85.50,1.00,1.00,19400.22,17301.35,17322.36,19400.22,14,85,85,14,78568.57,78534.71,,
2026-09-10T02:36:03+08:00,btc-updown-5m-1788978900,https://polymarket.com/zh/event/btc-updown-5m-1788978900,02:35-02:40,18.00,83.00,17.00,82.00,141.80,518.97,513.97,147.89,17.50,82.50,1.00,1.00,17766.88,16889.07,16757.07,17639.88,17,82,82,17,78568.57,78534.71,,
2026-09-10T02:36:06+08:00,btc-updown-5m-1788978900,https://polymarket.com/zh/event/btc-updown-5m-1788978900,02:35-02:40,18.00,83.00,17.00,82.00,144.69,636.16,646.16,129.69,17.50,82.50,1.00,1.00,17381.88,16494.07,16130.07,17028.88,17,82,82,17,78568.57,78544.54,,
2026-09-10T02:36:08+08:00,btc-updown-5m-1788978900,https://polymarket.com/zh/event/btc-updown-5m-1788978900,02:35-02:40,16.00,85.00,15.00,84.00,99.69,437.03,437.03,99.69,15.50,84.50,1.00,1.00,16863.88,16151.07,15905.07,16623.88,15,84,84,15,78568.57,78541.31,,
2026-09-10T02:36:11+08:00,btc-updown-5m-1788978900,https://polymarket.com/zh/event/btc-updown-5m-1788978900,02:35-02:40,19.00,82.00,18.00,81.00,205.00,535.31,325.31,150.00,18.50,81.50,1.00,1.00,16733.88,15927.07,15916.07,16733.88,18,81,81,18,78568.57,78540.90,,
2026-09-10T02:36:13+08:00,btc-updown-5m-1788978900,https://polymarket.com/zh/event/btc-updown-5m-1788978900,02:35-02:40,19.00,82.00,18.00,81.00,1545.68,9.95,12.00,1540.41,18.50,81.50,1.00,1.00,16576.88,15965.07,15935.07,16566.88,18,81,81,18,78568.57,78547.29,,
2026-09-10T02:36:15+08:00,btc-updown-5m-1788978900,https://polymarket.com/zh/event/btc-updown-5m-1788978900,02:35-02:40,18.00,83.00,17.00,82.00,359.56,635.91,640.91,369.56,17.50,82.50,1.00,1.00,16576.88,15931.07,15927.07,16576.88,17,82,82,17,78568.57,78547.35,,
2026-09-10T02:36:17+08:00,btc-updown-5m-1788978900,https://polymarket.com/zh/event/btc-updown-5m-1788978900,02:35-02:40,18.00,83.00,17.00,82.00,518.44,560.81,560.81,515.32,17.50,82.50,1.00,1.00,16420.88,15981.07,15966.07,16420.88,17,82,82,17,78568.57,78547.35,,
2026-09-10T02:36:20+08:00,btc-updown-5m-1788978900,https://polymarket.com/zh/event/btc-updown-5m-1788978900,02:35-02:40,17.00,84.00,16.00,83.00,320.00,781.93,781.98,320.00,16.50,83.50,1.00,1.00,16425.88,15976.07,15976.07,16425.88,16,83,83,16,78568.57,78547.28,,
2026-09-10T02:36:22+08:00,btc-updown-5m-1788978900,https://polymarket.com/zh/event/btc-updown-5m-1788978900,02:35-02:40,17.00,85.00,16.00,84.00,880.82,110.00,266.94,647.28,16.50,84.50,1.00,1.00,16415.88,15961.07,15961.07,16430.88,16,83,84,15,78568.57,78547.28,,
2026-09-10T02:36:25+08:00,btc-updown-5m-1788978900,https://polymarket.com/zh/event/btc-updown-5m-1788978900,02:35-02:40,15.00,86.00,14.00,85.00,475.48,330.33,330.33,460.57,14.50,85.50,1.00,1.00,16425.88,15955.07,15982.07,16430.88,14,85,85,14,78568.57,78541.42,,
2026-09-10T02:36:27+08:00,btc-updown-5m-1788978900,https://polymarket.com/zh/event/btc-updown-5m-1788978900,02:35-02:40,17.00,84.00,16.00,83.00,420.24,360.33,145.00,239.51,16.50,83.50,1.00,1.00,16425.88,15976.07,15976.07,16425.88,16,83,83,16,78568.57,78543.38,,
2026-09-10T02:36:29+08:00,btc-updown-5m-1788978900,https://polymarket.com/zh/event/btc-updown-5m-1788978900,02:35-02:40,19.00,82.00,18.00,81.00,286.85,207.94,207.94,286.85,18.50,81.50,1.00,1.00,16425.88,15966.07,15961.07,16415.88,18,81,81,18,78568.57,78547.35,,
2026-09-10T02:36:32+08:00,btc-updown-5m-1788978900,https://polymarket.com/zh/event/btc-updown-5m-1788978900,02:35-02:40,25.00,76.00,24.00,75.00,316.11,145.51,145.51,316.11,24.50,75.50,1.00,1.00,16455.88,15981.07,15981.07,16460.88,24,75,75,24,78568.57,78561.25,,
2026-09-10T02:36:34+08:00,btc-updown-5m-1788978900,https://polymarket.com/zh/event/btc-updown-5m-1788978900,02:35-02:40,24.00,78.00,23.00,77.00,1063.79,187.60,0.80,474.00,23.50,77.50,1.00,1.00,16455.88,15976.07,15976.08,16445.88,23,76,77,22,78568.57,78561.24,,
2026-09-10T02:36:36+08:00,btc-updown-5m-1788978900,https://polymarket.com/zh/event/btc-updown-5m-1788978900,02:35-02:40,22.00,79.00,21.00,78.00,361.00,308.44,339.80,361.00,21.50,78.50,1.00,1.00,16400.88,15955.07,15960.07,16400.88,21,78,78,21,78568.57,78561.25,,
2026-09-10T02:36:39+08:00,btc-updown-5m-1788978900,https://polymarket.com/zh/event/btc-updown-5m-1788978900,02:35-02:40,22.00,80.00,21.00,79.00,398.46,821.40,71.83,360.00,21.50,79.50,1.00,1.00,16460.88,15961.07,15961.07,16400.88,21,78,79,20,78568.57,78561.24,,
2026-09-10T02:36:41+08:00,btc-updown-5m-1788978900,https://polymarket.com/zh/event/btc-updown-5m-1788978900,02:35-02:40,21.00,80.00,20.00,79.00,171.04,996.83,1057.79,283.88,20.50,79.50,1.00,1.00,16425.88,15986.08,15972.08,16450.88,20,79,79,20,78568.57,78561.25,,
2026-09-10T02:36:43+08:00,btc-updown-5m-1788978900,https://polymarket.com/zh/event/btc-updown-5m-1788978900,02:35-02:40,13.00,88.00,12.00,87.00,129.39,88.05,196.86,139.39,12.50,87.50,1.00,1.00,17986.88,15961.07,15956.07,18011.88,12,87,87,12,78568.57,78541.43,,
2026-09-10T02:36:46+08:00,btc-updown-5m-1788978900,https://polymarket.com/zh/event/btc-updown-5m-1788978900,02:35-02:40,13.00,87.00,12.00,86.00,48.41,896.72,257.41,221.00,12.50,86.50,1.00,1.00,17956.88,15967.07,15961.07,17620.88,12,87,86,13,78568.57,78541.43,,
2026-09-10T02:36:48+08:00,btc-updown-5m-1788978900,https://polymarket.com/zh/event/btc-updown-5m-1788978900,02:35-02:40,16.00,85.00,15.00,84.00,209.14,319.94,325.89,692.35,15.50,84.50,1.00,1.00,17691.88,15975.07,15981.07,17696.88,15,84,84,15,78568.57,78546.23,,
2026-09-10T02:36:51+08:00,btc-updown-5m-1788978900,https://polymarket.com/zh/event/btc-updown-5m-1788978900,02:35-02:40,15.00,86.00,14.00,85.00,1189.45,64.88,64.88,1189.45,14.50,85.50,1.00,1.00,17651.88,15971.07,15971.07,17701.88,14,85,85,14,78568.57,78539.96,,
2026-09-10T02:36:53+08:00,btc-updown-5m-1788978900,https://polymarket.com/zh/event/btc-updown-5m-1788978900,02:35-02:40,14.00,87.00,13.00,86.00,457.41,20.00,100.00,462.41,13.50,86.50,1.00,1.00,17691.88,15976.07,15961.07,17686.88,13,86,86,13,78568.57,78539.96,,
2026-09-10T02:36:55+08:00,btc-updown-5m-1788978900,https://polymarket.com/zh/event/btc-updown-5m-1788978900,02:35-02:40,13.00,88.00,12.00,87.00,194.05,433.96,446.46,274.05,12.50,87.50,1.00,1.00,17750.88,15960.07,15955.07,17750.88,12,87,87,12,78568.57,78540.59,,
2026-09-10T02:36:58+08:00,btc-updown-5m-1788978900,https://polymarket.com/zh/event/btc-updown-5m-1788978900,02:35-02:40,13.00,88.00,12.00,87.00,339.08,268.71,244.97,272.30,12.50,87.50,1.00,1.00,18477.21,15965.07,15981.07,18482.21,12,87,87,12,78568.57,78541.60,,
2026-09-10T02:37:00+08:00,btc-updown-5m-1788978900,https://polymarket.com/zh/event/btc-updown-5m-1788978900,02:35-02:40,13.00,88.00,12.00,87.00,202.30,270.79,252.14,35.00,12.50,87.50,1.00,1.00,18511.06,15920.07,15910.07,18511.06,12,87,87,12,78568.57,78541.60,,
2026-09-10T02:37:03+08:00,btc-updown-5m-1788978900,https://polymarket.com/zh/event/btc-updown-5m-1788978900,02:35-02:40,14.00,87.00,13.00,86.00,1149.82,156.50,156.50,1149.82,13.50,86.50,1.00,1.00,18229.57,15654.07,15654.07,18229.57,13,86,86,13,78568.57,78538.80,,
2026-09-10T02:37:05+08:00,btc-updown-5m-1788978900,https://polymarket.com/zh/event/btc-updown-5m-1788978900,02:35-02:40,9.00,92.00,8.00,91.00,414.21,752.02,752.02,191.98,8.50,91.50,1.00,1.00,19746.24,15649.07,15659.08,19819.04,8,91,91,8,78568.57,78536.73,,
2026-09-10T02:37:07+08:00,btc-updown-5m-1788978900,https://polymarket.com/zh/event/btc-updown-5m-1788978900,02:35-02:40,11.00,90.00,10.00,89.00,1078.68,317.02,79.88,667.43,10.50,89.50,1.00,1.00,19599.24,15638.07,15649.08,19619.24,10,89,89,10,78568.57,78536.73,,
2026-09-10T02:37:10+08:00,btc-updown-5m-1788978900,https://polymarket.com/zh/event/btc-updown-5m-1788978900,02:35-02:40,11.00,90.00,10.00,89.00,895.68,169.97,139.97,916.68,10.50,89.50,1.00,1.00,19380.09,15649.07,15649.07,19351.24,10,89,89,10,78568.57,78536.73,,
2026-09-10T02:37:12+08:00,btc-updown-5m-1788978900,https://polymarket.com/zh/event/btc-updown-5m-1788978900,02:35-02:40,10.00,91.00,9.00,90.00,37.17,315.94,315.94,87.78,9.50,90.50,1.00,1.00,19335.55,15645.07,15633.07,19242.07,9,90,90,9,78568.57,78536.73,,
2026-09-10T02:37:14+08:00,btc-updown-5m-1788978900,https://polymarket.com/zh/event/btc-updown-5m-1788978900,02:35-02:40,11.00,90.00,10.00,89.00,1181.85,20.00,20.00,1181.85,10.50,89.50,1.00,1.00,19851.36,15650.08,15644.08,19851.36,10,89,89,10,78568.57,78536.73,,
2026-09-10T02:37:17+08:00,btc-updown-5m-1788978900,https://polymarket.com/zh/event/btc-updown-5m-1788978900,02:35-02:40,9.00,92.00,8.00,91.00,379.00,332.60,333.69,114.00,8.50,91.50,1.00,1.00,19970.70,15643.08,15639.07,19937.36,8,91,91,8,78568.57,78536.73,,
2026-09-10T02:37:19+08:00,btc-updown-5m-1788978900,https://polymarket.com/zh/event/btc-updown-5m-1788978900,02:35-02:40,8.00,93.00,7.00,92.00,85.00,514.83,421.00,17.61,7.50,92.50,1.00,1.00,19991.34,15634.07,15633.07,19996.34,7,92,92,7,78568.57,78536.73,,
2026-09-10T02:37:22+08:00,btc-updown-5m-1788978900,https://polymarket.com/zh/event/btc-updown-5m-1788978900,02:35-02:40,8.00,93.00,7.00,92.00,257.61,369.53,379.53,257.61,7.50,92.50,1.00,1.00,20046.33,15650.07,15645.07,20001.34,7,92,92,7,78568.57,78536.73,,
2026-09-10T02:37:24+08:00,btc-updown-5m-1788978900,https://polymarket.com/zh/event/btc-updown-5m-1788978900,02:35-02:40,8.00,93.00,7.00,92.00,394.49,67.77,67.77,414.49,7.50,92.50,1.00,1.00,19824.00,15639.07,15644.08,19824.00,7,92,92,7,78568.57,78536.73,,
2026-09-10T02:37:27+08:00,btc-updown-5m-1788978900,https://polymarket.com/zh/event/btc-updown-5m-1788978900,02:35-02:40,7.00,94.00,6.00,93.00,251.53,760.66,760.66,184.38,6.50,93.50,1.00,1.00,19879.87,15639.07,15648.07,19774.87,6,93,93,6,78568.57,78536.73,,
2026-09-10T02:37:29+08:00,btc-updown-5m-1788978900,https://polymarket.com/zh/event/btc-updown-5m-1788978900,02:35-02:40,7.00,94.00,6.00,93.00,244.30,230.67,230.67,244.30,6.50,93.50,1.00,1.00,19562.99,15645.07,15639.07,19557.99,6,93,93,6,78568.57,78536.74,,
2026-09-10T02:37:31+08:00,btc-updown-5m-1788978900,https://polymarket.com/zh/event/btc-updown-5m-1788978900,02:35-02:40,7.00,94.00,6.00,93.00,470.87,100.00,100.00,470.87,6.50,93.50,1.00,1.00,19397.99,15577.47,15576.47,19397.99,6,93,93,6,78568.57,78534.48,,
2026-09-10T02:37:34+08:00,btc-updown-5m-1788978900,https://polymarket.com/zh/event/btc-updown-5m-1788978900,02:35-02:40,7.00,94.00,6.00,93.00,320.00,105.00,254.73,336.07,6.50,93.50,1.00,1.00,19534.60,15566.47,15566.47,19614.60,6,93,93,6,78568.57,78534.49,,
2026-09-10T02:37:36+08:00,btc-updown-5m-1788978900,https://polymarket.com/zh/event/btc-updown-5m-1788978900,02:35-02:40,7.00,94.00,6.00,93.00,413.63,15.00,15.00,413.08,6.50,93.50,1.00,1.00,19363.99,15557.47,15551.47,19331.59,6,93,93,6,78568.57,78536.74,,
2026-09-10T02:37:38+08:00,btc-updown-5m-1788978900,https://polymarket.com/zh/event/btc-updown-5m-1788978900,02:35-02:40,6.00,95.00,5.00,94.00,68.45,560.27,587.67,68.45,5.50,94.50,1.00,1.00,19567.60,15502.47,15492.47,19546.20,5,94,94,5,78568.57,78536.74,,
2026-09-10T02:37:41+08:00,btc-updown-5m-1788978900,https://polymarket.com/zh/event/btc-updown-5m-1788978900,02:35-02:40,6.00,95.00,5.00,94.00,284.45,526.96,333.00,194.45,5.50,94.50,1.00,1.00,19582.41,15535.47,15530.47,19860.02,5,94,94,5,78568.57,78536.74,,
2026-09-10T02:37:43+08:00,btc-updown-5m-1788978900,https://polymarket.com/zh/event/btc-updown-5m-1788978900,02:35-02:40,5.00,96.00,4.00,95.00,421.13,222.94,229.00,486.63,4.50,95.50,1.00,1.00,17842.16,15481.47,15500.47,17846.10,4,95,95,4,78568.57,78534.48,,
2026-09-10T02:37:45+08:00,btc-updown-5m-1788978900,https://polymarket.com/zh/event/btc-updown-5m-1788978900,02:35-02:40,5.00,96.00,4.00,95.00,362.97,99.00,99.00,367.97,4.50,95.50,1.00,1.00,17832.16,15515.47,15521.47,17797.16,4,95,95,4,78568.57,78534.48,,
2026-09-10T02:37:47+08:00,btc-updown-5m-1788978900,https://polymarket.com/zh/event/btc-updown-5m-1788978900,02:35-02:40,4.00,97.00,3.00,96.00,155.29,839.05,1046.59,30.29,3.50,96.50,1.00,1.00,15365.34,15378.47,15378.47,14962.99,3,96,96,3,78568.57,78534.48,,
2026-09-10T02:37:50+08:00,btc-updown-5m-1788978900,https://polymarket.com/zh/event/btc-updown-5m-1788978900,02:35-02:40,4.00,97.00,3.00,96.00,511.45,401.68,446.38,483.80,3.50,96.50,1.00,1.00,13797.13,15417.47,15407.47,13616.12,3,96,96,3,78568.57,78532.52,,
2026-09-10T02:37:52+08:00,btc-updown-5m-1788978900,https://polymarket.com/zh/event/btc-updown-5m-1788978900,02:35-02:40,4.00,97.00,3.00,96.00,418.80,357.35,357.35,433.80,3.50,96.50,1.00,1.00,13588.10,15383.47,15373.47,13588.10,3,96,96,3,78568.57,78528.90,,
2026-09-10T02:37:55+08:00,btc-updown-5m-1788978900,https://polymarket.com/zh/event/btc-updown-5m-1788978900,02:35-02:40,4.00,97.00,3.00,96.00,462.30,227.01,237.01,462.30,3.50,96.50,1.00,1.00,13050.76,15363.47,15368.47,13040.76,3,96,96,3,78568.57,78530.18,,
2026-09-10T02:37:57+08:00,btc-updown-5m-1788978900,https://polymarket.com/zh/event/btc-updown-5m-1788978900,02:35-02:40,3.00,98.00,2.00,97.00,901.36,1780.77,1780.77,901.36,2.50,97.50,1.00,1.00,12432.06,15363.39,15353.38,12432.06,2,97,97,2,78568.57,78528.90,,
2026-09-10T02:37:59+08:00,btc-updown-5m-1788978900,https://polymarket.com/zh/event/btc-updown-5m-1788978900,02:35-02:40,4.00,97.00,3.00,96.00,1012.05,144.91,144.91,1017.05,3.50,96.50,1.00,1.00,12523.91,15302.38,15319.38,12528.91,3,96,96,3,78568.57,78528.90,,
2026-09-10T02:38:02+08:00,btc-updown-5m-1788978900,https://polymarket.com/zh/event/btc-updown-5m-1788978900,02:35-02:40,4.00,97.00,3.00,96.00,449.23,443.67,323.76,338.75,3.50,96.50,1.00,1.00,12400.45,15298.39,15298.39,12620.36,3,96,96,3,78568.57,78528.90,,
2026-09-10T02:38:04+08:00,btc-updown-5m-1788978900,https://polymarket.com/zh/event/btc-updown-5m-1788978900,02:35-02:40,5.00,96.00,4.00,95.00,349.15,307.00,502.00,427.05,4.50,95.50,1.00,1.00,12849.78,15309.39,15292.39,12732.78,4,95,95,4,78568.57,78532.51,,
2026-09-10T02:38:06+08:00,btc-updown-5m-1788978900,https://polymarket.com/zh/event/btc-updown-5m-1788978900,02:35-02:40,5.00,96.00,4.00,95.00,1465.14,164.69,169.90,1465.14,4.50,95.50,1.00,1.00,12656.68,15328.38,15334.38,12651.47,4,95,95,4,78568.57,78532.52,,
2026-09-10T02:38:09+08:00,btc-updown-5m-1788978900,https://polymarket.com/zh/event/btc-updown-5m-1788978900,02:35-02:40,5.00,96.00,4.00,95.00,1389.64,163.64,163.64,1389.64,4.50,95.50,1.00,1.00,12680.42,15338.38,15337.38,12475.61,4,95,95,4,78568.57,78532.51,,
2026-09-10T02:38:11+08:00,btc-updown-5m-1788978900,https://polymarket.com/zh/event/btc-updown-5m-1788978900,02:35-02:40,5.00,96.00,4.00,95.00,1463.05,46.64,46.64,1359.96,4.50,95.50,1.00,1.00,7436.45,15348.38,15272.38,7436.45,4,95,95,4,78568.57,78532.52,,
2026-09-10T02:38:13+08:00,btc-updown-5m-1788978900,https://polymarket.com/zh/event/btc-updown-5m-1788978900,02:35-02:40,5.00,96.00,4.00,95.00,2072.17,122.45,122.45,2072.17,4.50,95.50,1.00,1.00,7264.65,15344.38,15333.38,7214.65,4,95,95,4,78568.57,78532.51,,
2026-09-10T02:38:16+08:00,btc-updown-5m-1788978900,https://polymarket.com/zh/event/btc-updown-5m-1788978900,02:35-02:40,5.00,96.00,4.00,95.00,2097.17,116.40,116.40,2097.17,4.50,95.50,1.00,1.00,6956.45,15322.38,15318.38,6956.45,4,95,95,4,78568.57,78532.51,,
2026-09-10T02:38:18+08:00,btc-updown-5m-1788978900,https://polymarket.com/zh/event/btc-updown-5m-1788978900,02:35-02:40,5.00,96.00,4.00,95.00,2112.17,10.14,10.14,2107.17,4.50,95.50,1.00,1.00,6830.19,15323.38,15312.38,6800.19,4,95,95,4,78568.57,78534.48,,
2026-09-10T02:38:20+08:00,btc-updown-5m-1788978900,https://polymarket.com/zh/event/btc-updown-5m-1788978900,02:35-02:40,5.00,96.00,4.00,95.00,2094.53,102.01,102.01,2094.53,4.50,95.50,1.00,1.00,6767.06,15268.38,15268.38,6767.06,4,95,95,4,78568.57,78534.49,,
2026-09-10T02:38:23+08:00,btc-updown-5m-1788978900,https://polymarket.com/zh/event/btc-updown-5m-1788978900,02:35-02:40,4.00,97.00,3.00,96.00,1365.78,175.48,170.48,1360.78,3.50,96.50,1.00,1.00,6704.53,15313.38,15307.38,6709.53,3,96,96,3,78568.57,78534.48,,
2026-09-10T02:38:25+08:00,btc-updown-5m-1788978900,https://polymarket.com/zh/event/btc-updown-5m-1788978900,02:35-02:40,2.00,99.00,1.00,98.00,277.26,3762.95,3709.95,277.26,1.50,98.50,1.00,1.00,3709.95,15202.39,15203.39,3762.95,1,98,98,1,78568.57,78535.07,,
2026-09-10T02:38:27+08:00,btc-updown-5m-1788978900,https://polymarket.com/zh/event/btc-updown-5m-1788978900,02:35-02:40,2.00,99.00,1.00,98.00,286.40,3255.80,3255.80,286.40,1.50,98.50,1.00,1.00,3255.80,15143.38,15142.38,3255.80,1,98,98,1,78568.57,78535.07,,
2026-09-10T02:38:30+08:00,btc-updown-5m-1788978900,https://polymarket.com/zh/event/btc-updown-5m-1788978900,02:35-02:40,2.00,99.00,1.00,98.00,231.40,2924.80,3165.80,216.40,1.50,98.50,1.00,1.00,3165.80,15118.38,15017.38,2924.80,1,98,98,1,78568.57,78535.08,,
2026-09-10T02:38:32+08:00,btc-updown-5m-1788978900,https://polymarket.com/zh/event/btc-updown-5m-1788978900,02:35-02:40,2.00,99.00,1.00,98.00,291.21,2699.85,2699.85,291.21,1.50,98.50,1.00,1.00,2699.85,15022.39,15023.38,2699.85,1,98,98,1,78568.57,78536.56,,
2026-09-10T02:38:34+08:00,btc-updown-5m-1788978900,https://polymarket.com/zh/event/btc-updown-5m-1788978900,02:35-02:40,2.00,99.00,1.00,98.00,250.18,2124.77,2124.77,268.18,1.50,98.50,1.00,1.00,2124.77,15012.38,15023.38,2124.77,1,98,98,1,78568.57,78536.56,,
2026-09-10T02:38:37+08:00,btc-updown-5m-1788978900,https://polymarket.com/zh/event/btc-updown-5m-1788978900,02:35-02:40,2.00,99.00,1.00,98.00,322.13,1888.16,1893.16,721.85,1.50,98.50,1.00,1.00,1893.16,15027.38,15033.38,1888.16,1,98,98,1,78568.57,78536.54,,
2026-09-10T02:38:39+08:00,btc-updown-5m-1788978900,https://polymarket.com/zh/event/btc-updown-5m-1788978900,02:35-02:40,2.00,99.00,1.00,98.00,696.35,1552.52,1552.52,342.13,1.50,98.50,1.00,1.00,1552.52,15018.38,15018.38,1552.52,1,98,98,1,78568.57,78536.54,,
2026-09-10T02:38:42+08:00,btc-updown-5m-1788978900,https://polymarket.com/zh/event/btc-updown-5m-1788978900,02:35-02:40,2.00,99.00,1.00,98.00,805.15,818.78,535.18,157.83,1.50,98.50,1.00,1.00,535.18,15017.38,15012.38,818.78,1,98,98,1,78568.57,78536.57,,
2026-09-10T02:38:44+08:00,btc-updown-5m-1788978900,https://polymarket.com/zh/event/btc-updown-5m-1788978900,02:35-02:40,2.00,99.00,1.00,98.00,244.74,588.80,588.80,244.74,1.50,98.50,1.00,1.00,588.80,15012.38,15012.38,588.80,1,98,98,1,78568.57,78545.47,,
2026-09-10T02:38:47+08:00,btc-updown-5m-1788978900,https://polymarket.com/zh/event/btc-updown-5m-1788978900,02:35-02:40,3.00,98.00,2.00,97.00,1114.08,111.00,31.00,764.86,2.50,97.50,1.00,1.00,498.76,14878.39,14873.39,578.76,2,97,97,2,78568.57,78545.46,,
2026-09-10T02:38:49+08:00,btc-updown-5m-1788978900,https://polymarket.com/zh/event/btc-updown-5m-1788978900,02:35-02:40,6.00,95.00,5.00,94.00,2106.53,5.00,50.00,2106.53,5.50,94.50,1.00,1.00,1529.99,14878.38,14882.38,1631.30,5,94,94,5,78568.57,78556.47,,
2026-09-10T02:38:51+08:00,btc-updown-5m-1788978900,https://polymarket.com/zh/event/btc-updown-5m-1788978900,02:35-02:40,5.00,96.00,4.00,95.00,295.37,162.74,216.96,270.37,4.50,95.50,1.00,1.00,2744.46,14877.38,14883.38,2695.24,4,95,95,4,78568.57,78556.47,,
2026-09-10T02:38:54+08:00,btc-updown-5m-1788978900,https://polymarket.com/zh/event/btc-updown-5m-1788978900,02:35-02:40,4.00,97.00,3.00,96.00,435.02,15.87,20.00,415.02,3.50,96.50,1.00,1.00,1604.48,14857.38,14867.38,1595.35,3,96,96,3,78568.57,78556.48,,
2026-09-10T02:38:56+08:00,btc-updown-5m-1788978900,https://polymarket.com/zh/event/btc-updown-5m-1788978900,02:35-02:40,3.00,98.00,2.00,97.00,157.03,408.62,408.62,129.43,2.50,97.50,1.00,1.00,1095.45,7241.13,7236.13,1095.45,2,97,97,2,78568.57,78556.48,,
2026-09-10T02:38:59+08:00,btc-updown-5m-1788978900,https://polymarket.com/zh/event/btc-updown-5m-1788978900,02:35-02:40,3.00,98.00,2.00,97.00,229.15,103.89,301.67,268.66,2.50,97.50,1.00,1.00,842.76,7241.13,7225.13,657.98,2,97,97,2,78568.57,78556.47,,
2026-09-10T02:39:01+08:00,btc-updown-5m-1788978900,https://polymarket.com/zh/event/btc-updown-5m-1788978900,02:35-02:40,1.00,,,99.00,2177.20,,,1677.20,,,,,,7206.48,7201.48,,0,99,99,0,78568.57,78556.47,,
2026-09-10T02:39:04+08:00,btc-updown-5m-1788978900,https://polymarket.com/zh/event/btc-updown-5m-1788978900,02:35-02:40,1.00,,,99.00,3620.44,,,3620.44,,,,,,7136.48,7120.48,,0,99,99,0,78568.57,78556.47,,
2026-09-10T02:39:06+08:00,btc-updown-5m-1788978900,https://polymarket.com/zh/event/btc-updown-5m-1788978900,02:35-02:40,0.10,,,99.90,5000.00,,,5000.00,,,,,,7126.48,7125.48,,0,104,105,0,78568.57,78550.26,,
2026-09-10T02:39:08+08:00,btc-updown-5m-1788978900,https://polymarket.com/zh/event/btc-updown-5m-1788978900,02:35-02:40,0.10,,,99.90,5003.24,,,5003.24,,,,,,7125.48,7120.48,,0,108,108,0,78568.57,78550.26,,
2026-09-10T02:39:11+08:00,btc-updown-5m-1788978900,https://polymarket.com/zh/event/btc-updown-5m-1788978900,02:35-02:40,0.10,,,99.90,8056.25,,,8056.25,,,,,,7136.48,7131.48,,0,107,108,0,78568.57,78551.84,,
2026-09-10T02:39:13+08:00,btc-updown-5m-1788978900,https://polymarket.com/zh/event/btc-updown-5m-1788978900,02:35-02:40,0.10,,,99.90,7162.13,,,7162.13,,,,,,6510.48,6510.48,,0,107,108,0,78568.57,78551.84,,
2026-09-10T02:39:16+08:00,btc-updown-5m-1788978900,https://polymarket.com/zh/event/btc-updown-5m-1788978900,02:35-02:40,0.10,,,99.90,7346.28,,,7332.13,,,,,,6516.48,6510.48,,0,109,109,0,78568.57,78551.84,,
2026-09-10T02:39:18+08:00,btc-updown-5m-1788978900,https://polymarket.com/zh/event/btc-updown-5m-1788978900,02:35-02:40,0.10,,,99.90,7325.77,,,7325.77,,,,,,6511.48,6505.48,,0,109,109,0,78568.57,78551.84,,
2026-09-10T02:39:20+08:00,btc-updown-5m-1788978900,https://polymarket.com/zh/event/btc-updown-5m-1788978900,02:35-02:40,0.10,,,99.90,7405.77,,,7405.77,,,,,,6515.48,6521.48,,0,108,110,0,78568.57,78551.84,,
2026-09-10T02:39:23+08:00,btc-updown-5m-1788978900,https://polymarket.com/zh/event/btc-updown-5m-1788978900,02:35-02:40,0.10,,,99.90,7482.61,,,7482.61,,,,,,6231.48,6221.48,,0,107,107,0,78568.57,78551.85,,
2026-09-10T02:39:25+08:00,btc-updown-5m-1788978900,https://polymarket.com/zh/event/btc-updown-5m-1788978900,02:35-02:40,0.10,,,99.90,7537.61,,,7572.61,,,,,,6216.48,6211.48,,0,107,108,0,78568.57,78551.84,,
2026-09-10T02:39:27+08:00,btc-updown-5m-1788978900,https://polymarket.com/zh/event/btc-updown-5m-1788978900,02:35-02:40,0.10,,,99.90,7052.61,,,7052.61,,,,,,6216.48,6222.48,,0,110,110,0,78568.57,78551.84,,
2026-09-10T02:39:30+08:00,btc-updown-5m-1788978900,https://polymarket.com/zh/event/btc-updown-5m-1788978900,02:35-02:40,0.10,,,99.90,7052.61,,,7062.61,,,,,,6201.48,6135.48,,0,109,109,0,78568.57,78551.85,,
2026-09-10T02:39:32+08:00,btc-updown-5m-1788978900,https://polymarket.com/zh/event/btc-updown-5m-1788978900,02:35-02:40,0.10,,,99.90,6067.61,,,6067.61,,,,,,5761.48,5746.48,,0,110,111,0,78568.57,78551.84,,
2026-09-10T02:39:35+08:00,btc-updown-5m-1788978900,https://polymarket.com/zh/event/btc-updown-5m-1788978900,02:35-02:40,0.10,,,99.90,5067.61,,,5079.31,,,,,,5746.48,5741.48,,0,115,115,0,78568.57,78550.27,,
2026-09-10T02:39:37+08:00,btc-updown-5m-1788978900,https://polymarket.com/zh/event/btc-updown-5m-1788978900,02:35-02:40,0.10,,,99.90,5073.84,,,5098.84,,,,,,5740.48,5751.48,,0,115,115,0,78568.57,78548.43,,
2026-09-10T02:39:39+08:00,btc-updown-5m-1788978900,https://polymarket.com/zh/event/btc-updown-5m-1788978900,02:35-02:40,0.10,,,99.90,10626.91,,,10626.91,,,,,,5746.48,5746.48,,0,115,115,0,78568.57,78545.28,,
2026-09-10T02:39:42+08:00,btc-updown-5m-1788978900,https://polymarket.com/zh/event/btc-updown-5m-1788978900,02:35-02:40,0.10,,,99.90,9632.00,,,9625.78,,,,,,5625.46,5631.46,,0,115,115,0,78568.57,78545.18,,
2026-09-10T02:39:44+08:00,btc-updown-5m-1788978900,https://polymarket.com/zh/event/btc-updown-5m-1788978900,02:35-02:40,0.10,,,99.90,9667.12,,,9667.12,,,,,,5626.46,5626.46,,0,115,115,0,78568.57,78545.18,,
2026-09-10T02:39:46+08:00,btc-updown-5m-1788978900,https://polymarket.com/zh/event/btc-updown-5m-1788978900,02:35-02:40,0.10,,,99.90,9675.21,,,9675.21,,,,,,5636.46,5641.46,,0,116,116,0,78568.57,78530.00,,
2026-09-10T02:39:49+08:00,btc-updown-5m-1788978900,https://polymarket.com/zh/event/btc-updown-5m-1788978900,02:35-02:40,0.10,,,99.90,10160.30,,,10160.30,,,,,,5626.46,5630.46,,0,116,116,0,78568.57,78538.61,,
2026-09-10T02:39:51+08:00,btc-updown-5m-1788978900,https://polymarket.com/zh/event/btc-updown-5m-1788978900,02:35-02:40,0.10,,,99.90,10201.76,,,10201.76,,,,,,5616.46,5610.46,,0,116,116,0,78568.57,78536.32,,
2026-09-10T02:39:54+08:00,btc-updown-5m-1788978900,https://polymarket.com/zh/event/btc-updown-5m-1788978900,02:35-02:40,0.10,,,99.90,14365.90,,,14354.22,,,,,,5601.46,5600.46,,0,116,116,0,78568.57,78536.33,,
2026-09-10T02:39:56+08:00,btc-updown-5m-1788978900,https://polymarket.com/zh/event/btc-updown-5m-1788978900,02:35-02:40,0.10,,,99.90,14363.10,,,14363.10,,,,,,4626.46,4646.46,,0,115,115,0,78568.57,78534.00,,
2026-09-10T02:39:58+08:00,btc-updown-5m-1788978900,https://polymarket.com/zh/event/btc-updown-5m-1788978900,02:35-02:40,0.10,,,99.90,14333.00,,,14333.00,,,,,,4631.46,4631.46,,0,114,113,0,78568.57,78533.99,,
2026-09-10T02:40:01+08:00,btc-updown-5m-1788979200,https://polymarket.com/zh/event/btc-updown-5m-1788979200,02:40-02:45,36.00,65.00,35.00,64.00,271.95,5.00,5.00,233.06,35.50,64.50,1.00,1.00,24775.92,25840.69,25864.99,24837.22,34,64,64,34,78528.91,78528.91,,
2026-09-10T02:40:04+08:00,btc-updown-5m-1788979200,https://polymarket.com/zh/event/btc-updown-5m-1788979200,02:40-02:45,32.00,69.00,31.00,68.00,396.99,705.65,254.26,264.05,31.50,68.50,1.00,1.00,25243.35,26307.43,26322.43,25501.35,31,68,68,31,78528.91,78528.90,,
2026-09-10T02:40:06+08:00,btc-updown-5m-1788979200,https://polymarket.com/zh/event/btc-updown-5m-1788979200,02:40-02:45,32.00,69.00,31.00,68.00,133.02,1337.76,1337.76,123.64,31.50,68.50,1.00,1.00,25756.35,26655.43,26675.43,25761.35,31,68,68,31,78528.91,78528.90,,
2026-09-10T02:40:08+08:00,btc-updown-5m-1788979200,https://polymarket.com/zh/event/btc-updown-5m-1788979200,02:40-02:45,45.00,56.00,44.00,55.00,214.32,417.41,333.13,110.77,44.50,55.50,1.00,1.00,25758.87,24828.42,24834.42,25758.87,44,55,55,44,78528.91,78557.86,,
2026-09-10T02:40:11+08:00,btc-updown-5m-1788979200,https://polymarket.com/zh/event/btc-updown-5m-1788979200,02:40-02:45,47.00,54.00,46.00,53.00,308.30,508.27,518.27,289.99,46.50,53.50,1.00,1.00,23724.87,24588.42,24598.42,23734.87,46,53,53,46,78528.91,78542.33,,
2026-09-10T02:40:13+08:00,btc-updown-5m-1788979200,https://polymarket.com/zh/event/btc-updown-5m-1788979200,02:40-02:45,39.00,62.00,38.00,61.00,399.68,560.00,500.00,269.68,38.50,61.50,1.00,1.00,23824.87,24914.42,24898.42,23879.87,38,61,61,38,78528.91,78532.71,,
2026-09-10T02:40:15+08:00,btc-updown-5m-1788979200,https://polymarket.com/zh/event/btc-updown-5m-1788979200,02:40-02:45,42.00,59.00,41.00,58.00,278.92,555.00,190.00,176.92,41.50,58.50,1.00,1.00,24423.37,25040.72,25248.32,24494.67,41,58,58,41,78528.91,78532.12,,
2026-09-10T02:40:18+08:00,btc-updown-5m-1788979200,https://polymarket.com/zh/event/btc-updown-5m-1788979200,02:40-02:45,46.00,55.00,45.00,54.00,312.58,658.37,638.37,310.35,45.50,54.50,1.00,1.00,24502.07,25500.62,25516.62,24506.07,45,54,54,45,78528.91,78542.70,,
2026-09-10T02:40:20+08:00,btc-updown-5m-1788979200,https://polymarket.com/zh/event/btc-updown-5m-1788979200,02:40-02:45,45.00,56.00,44.00,55.00,711.37,420.54,315.28,711.37,44.50,55.50,1.00,1.00,22532.07,23586.62,23346.62,22292.07,44,55,55,44,78528.91,78541.97,,
2026-09-10T02:40:23+08:00,btc-updown-5m-1788979200,https://polymarket.com/zh/event/btc-updown-5m-1788979200,02:40-02:45,45.00,56.00,44.00,55.00,427.90,431.86,431.86,427.90,44.50,55.50,1.00,1.00,22317.07,23366.90,23377.90,22327.07,44,55,55,44,78528.91,78541.96,,
2026-09-10T02:40:25+08:00,btc-updown-5m-1788979200,https://polymarket.com/zh/event/btc-updown-5m-1788979200,02:40-02:45,44.00,57.00,43.00,56.00,448.01,384.70,394.70,348.01,43.50,56.50,1.00,1.00,22012.07,23142.90,22866.90,21762.07,43,56,56,43,78528.91,78541.96,,
2026-09-10T02:40:27+08:00,btc-updown-5m-1788979200,https://polymarket.com/zh/event/btc-updown-5m-1788979200,02:40-02:45,44.00,57.00,43.00,56.00,421.09,127.92,127.92,421.04,43.50,56.50,1.00,1.00,21767.07,22882.91,22867.90,21762.07,43,56,56,43,78528.91,78541.96,,
2026-09-10T02:40:30+08:00,btc-updown-5m-1788979200,https://polymarket.com/zh/event/btc-updown-5m-1788979200,02:40-02:45,43.00,58.00,42.00,57.00,103.95,838.46,928.46,183.95,42.50,57.50,1.00,1.00,21277.07,22386.90,22397.90,20972.07,42,57,57,42,78528.91,78541.96,,
2026-09-10T02:40:32+08:00,btc-updown-5m-1788979200,https://polymarket.com/zh/event/btc-updown-5m-1788979200,02:40-02:45,41.00,60.00,40.00,59.00,1080.05,24.56,21.35,1065.05,40.50,59.50,1.00,1.00,20477.07,21638.91,21643.91,20482.07,40,59,59,40,78528.91,78538.78,,
2026-09-10T02:40:35+08:00,btc-updown-5m-1788979200,https://polymarket.com/zh/event/btc-updown-5m-1788979200,02:40-02:45,39.00,63.00,38.00,62.00,35.00,693.75,573.20,217.55,38.50,62.50,1.00,1.00,20257.07,21373.91,21341.91,20242.07,38,61,62,37,78528.91,78534.52,,
2026-09-10T02:40:37+08:00,btc-updown-5m-1788979200,https://polymarket.com/zh/event/btc-updown-5m-1788979200,02:40-02:45,38.00,63.00,37.00,62.00,289.59,771.96,580.60,269.59,37.50,62.50,1.00,1.00,20217.07,21327.91,21316.90,20217.07,37,62,62,37,78528.91,78534.52,,
2026-09-10T02:40:39+08:00,btc-updown-5m-1788979200,https://polymarket.com/zh/event/btc-updown-5m-1788979200,02:40-02:45,39.00,62.00,38.00,61.00,705.43,203.39,208.39,705.43,38.50,61.50,1.00,1.00,20247.07,21332.90,21332.90,20252.07,38,61,61,38,78528.91,78534.53,,
2026-09-10T02:40:42+08:00,btc-updown-5m-1788979200,https://polymarket.com/zh/event/btc-updown-5m-1788979200,02:40-02:45,39.00,62.00,38.00,61.00,627.56,182.32,182.32,632.56,38.50,61.50,1.00,1.00,20247.07,21273.90,21272.90,20251.07,38,61,61,38,78528.91,78534.52,,
2026-09-10T02:40:44+08:00,btc-updown-5m-1788979200,https://polymarket.com/zh/event/btc-updown-5m-1788979200,02:40-02:45,39.00,62.00,38.00,61.00,692.01,81.57,81.62,692.01,38.50,61.50,1.00,1.00,20247.07,21327.90,21311.90,20242.07,38,61,61,38,78528.91,78534.52,,
2026-09-10T02:40:47+08:00,btc-updown-5m-1788979200,https://polymarket.com/zh/event/btc-updown-5m-1788979200,02:40-02:45,38.00,63.00,37.00,62.00,182.99,510.84,610.84,177.85,37.50,62.50,1.00,1.00,20262.07,21322.91,21337.90,20267.07,37,62,62,37,78528.91,78534.53,,
2026-09-10T02:40:49+08:00,btc-updown-5m-1788979200,https://polymarket.com/zh/event/btc-updown-5m-1788979200,02:40-02:45,39.00,62.00,38.00,61.00,25.00,750.19,745.19,9.87,38.50,61.50,1.00,1.00,20292.07,21271.90,21287.90,20282.07,38,61,61,38,78528.91,78534.52,,
2026-09-10T02:40:51+08:00,btc-updown-5m-1788979200,https://polymarket.com/zh/event/btc-updown-5m-1788979200,02:40-02:45,45.00,56.00,44.00,55.00,332.52,525.60,515.30,333.96,44.50,55.50,1.00,1.00,19717.07,20762.90,20176.90,19717.07,44,55,55,44,78528.91,78536.11,,
2026-09-10T02:40:54+08:00,btc-updown-5m-1788979200,https://polymarket.com/zh/event/btc-updown-5m-1788979200,02:40-02:45,46.00,55.00,45.00,54.00,335.37,169.90,164.90,160.00,45.50,54.50,1.00,1.00,19482.07,19951.91,19962.91,19497.07,45,54,54,45,78528.91,78538.79,,
2026-09-10T02:40:56+08:00,btc-updown-5m-1788979200,https://polymarket.com/zh/event/btc-updown-5m-1788979200,02:40-02:45,48.00,53.00,47.00,52.00,54.35,639.87,780.56,50.18,47.50,52.50,1.00,1.00,19482.07,19936.90,19952.90,19497.07,47,52,52,47,78528.91,78541.96,,
2026-09-10T02:40:58+08:00,btc-updown-5m-1788979200,https://polymarket.com/zh/event/btc-updown-5m-1788979200,02:40-02:45,43.00,58.00,42.00,57.00,420.14,228.52,148.57,435.24,42.50,57.50,1.00,1.00,19242.07,19348.90,19326.90,19237.07,42,57,57,42,78528.91,78537.34,,
2026-09-10T02:41:01+08:00,btc-updown-5m-1788979200,https://polymarket.com/zh/event/btc-updown-5m-1788979200,02:40-02:45,42.00,59.00,41.00,58.00,175.85,676.05,672.75,175.85,41.50,58.50,1.00,1.00,16672.07,17353.90,17347.90,16657.07,41,58,58,41,78528.91,78537.35,,
2026-09-10T02:41:03+08:00,btc-updown-5m-1788979200,https://polymarket.com/zh/event/btc-updown-5m-1788979200,02:40-02:45,42.00,59.00,41.00,58.00,175.85,815.67,784.99,175.85,41.50,58.50,1.00,1.00,16064.07,16744.90,16748.90,16069.07,41,58,58,41,78528.91,78537.35,,
2026-09-10T02:41:06+08:00,btc-updown-5m-1788979200,https://polymarket.com/zh/event/btc-updown-5m-1788979200,02:40-02:45,42.00,59.00,41.00,58.00,146.23,110.40,760.65,694.15,41.50,58.50,1.00,1.00,15819.07,16509.90,16224.90,15534.07,41,58,58,41,78528.91,78537.34,,
2026-09-10T02:41:08+08:00,btc-updown-5m-1788979200,https://polymarket.com/zh/event/btc-updown-5m-1788979200,02:40-02:45,35.00,66.00,34.00,65.00,209.00,218.46,230.80,469.00,34.50,65.50,1.00,1.00,15409.07,16533.90,16304.90,15190.55,34,65,65,34,78528.91,78532.11,,
2026-09-10T02:41:10+08:00,btc-updown-5m-1788979200,https://polymarket.com/zh/event/btc-updown-5m-1788979200,02:40-02:45,31.00,76.00,27.00,75.00,120.00,72.20,6.60,29.79,29.00,75.50,4.00,1.00,15325.55,16293.91,16289.91,15389.55,27,68,75,24,78528.91,78521.08,,
2026-09-10T02:41:13+08:00,btc-updown-5m-1788979200,https://polymarket.com/zh/event/btc-updown-5m-1788979200,02:40-02:45,26.00,75.00,25.00,74.00,70.00,1165.72,1160.72,65.00,25.50,74.50,1.00,1.00,15267.55,15976.90,15931.90,15187.55,25,74,74,25,78528.91,78517.42,,
2026-09-10T02:41:15+08:00,btc-updown-5m-1788979200,https://polymarket.com/zh/event/btc-updown-5m-1788979200,02:40-02:45,29.00,72.00,28.00,71.00,40.00,229.03,234.08,26.63,28.50,71.50,1.00,1.00,15197.55,15931.90,15947.91,15192.55,28,71,71,28,78528.91,78517.12,,
2026-09-10T02:41:18+08:00,btc-updown-5m-1788979200,https://polymarket.com/zh/event/btc-updown-5m-1788979200,02:40-02:45,29.00,72.00,28.00,71.00,394.62,214.98,214.98,394.70,28.50,71.50,1.00,1.00,15321.55,15986.90,15985.90,15326.55,28,71,71,28,78528.91,78517.11,,
2026-09-10T02:41:20+08:00,btc-updown-5m-1788979200,https://polymarket.com/zh/event/btc-updown-5m-1788979200,02:40-02:45,29.00,72.00,28.00,71.00,390.33,262.62,207.62,405.33,28.50,71.50,1.00,1.00,15321.55,15976.90,15920.90,15321.55,28,71,71,28,78528.91,78517.11,,
2026-09-10T02:41:22+08:00,btc-updown-5m-1788979200,https://polymarket.com/zh/event/btc-updown-5m-1788979200,02:40-02:45,30.00,71.00,29.00,70.00,528.25,302.90,352.90,545.18,29.50,70.50,1.00,1.00,15376.55,15946.91,16008.91,15346.55,29,70,70,29,78528.91,78517.11,,
2026-09-10T02:41:25+08:00,btc-updown-5m-1788979200,https://polymarket.com/zh/event/btc-updown-5m-1788979200,02:40-02:45,30.00,71.00,29.00,70.00,570.18,299.45,299.45,565.18,29.50,70.50,1.00,1.00,15476.55,15965.90,15976.91,15476.55,29,70,70,29,78528.91,78517.11,,
2026-09-10T02:41:27+08:00,btc-updown-5m-1788979200,https://polymarket.com/zh/event/btc-updown-5m-1788979200,02:40-02:45,30.00,71.00,29.00,70.00,171.54,211.02,194.97,131.44,29.50,70.50,1.00,1.00,15261.55,15940.93,15931.90,15276.55,29,70,70,29,78528.91,78517.11,,
2026-09-10T02:41:30+08:00,btc-updown-5m-1788979200,https://polymarket.com/zh/event/btc-updown-5m-1788979200,02:40-02:45,30.00,71.00,29.00,70.00,171.89,236.86,236.86,171.89,29.50,70.50,1.00,1.00,15201.55,15921.90,15921.90,15201.55,29,70,70,29,78528.91,78517.11,,
2026-09-10T02:41:32+08:00,btc-updown-5m-1788979200,https://polymarket.com/zh/event/btc-updown-5m-1788979200,02:40-02:45,30.00,71.00,29.00,70.00,439.98,88.59,147.18,444.98,29.50,70.50,1.00,1.00,15191.55,15925.91,15921.90,15201.55,29,70,70,29,78528.91,78517.12,,
2026-09-10T02:41:34+08:00,btc-updown-5m-1788979200,https://polymarket.com/zh/event/btc-updown-5m-1788979200,02:40-02:45,28.00,73.00,27.00,72.00,440.40,68.53,68.58,741.02,27.50,72.50,1.00,1.00,15156.55,15980.91,15990.91,15156.55,27,72,72,27,78528.91,78517.12,,
2026-09-10T02:41:37+08:00,btc-updown-5m-1788979200,https://polymarket.com/zh/event/btc-updown-5m-1788979200,02:40-02:45,27.00,74.00,26.00,73.00,256.60,48.64,136.36,282.65,26.50,73.50,1.00,1.00,15121.55,15986.90,15976.90,15121.55,26,73,73,26,78528.91,78517.12,,
2026-09-10T02:41:39+08:00,btc-updown-5m-1788979200,https://polymarket.com/zh/event/btc-updown-5m-1788979200,02:40-02:45,27.00,74.00,26.00,73.00,201.95,227.40,232.40,201.95,26.50,73.50,1.00,1.00,15196.55,15976.90,15971.90,15196.55,26,73,73,26,78528.91,78517.11,,
2026-09-10T02:41:41+08:00,btc-updown-5m-1788979200,https://polymarket.com/zh/event/btc-updown-5m-1788979200,02:40-02:45,21.00,80.00,20.00,79.00,626.26,161.50,167.87,651.26,20.50,79.50,1.00,1.00,18108.54,15991.91,15991.91,18267.39,20,79,79,20,78528.91,78515.21,,
2026-09-10T02:41:44+08:00,btc-updown-5m-1788979200,https://polymarket.com/zh/event/btc-updown-5m-1788979200,02:40-02:45,20.00,81.00,19.00,80.00,360.49,428.93,415.17,376.12,19.50,80.50,1.00,1.00,18338.54,15977.91,15965.90,18343.54,19,80,80,19,78528.91,78515.21,,
2026-09-10T02:41:46+08:00,btc-updown-5m-1788979200,https://polymarket.com/zh/event/btc-updown-5m-1788979200,02:40-02:45,20.00,80.00,19.00,79.00,16.25,503.00,469.17,191.80,19.50,79.50,1.00,1.00,18365.90,15977.90,15961.90,18375.90,19,80,79,20,78528.91,78509.50,,
2026-09-10T02:41:48+08:00,btc-updown-5m-1788979200,https://polymarket.com/zh/event/btc-updown-5m-1788979200,02:40-02:45,20.00,82.00,19.00,81.00,373.10,17.00,25.16,332.89,19.50,81.50,1.00,1.00,18380.90,15981.90,15950.90,18101.38,19,80,81,18,78528.91,78509.50,,
2026-09-10T02:41:51+08:00,btc-updown-5m-1788979200,https://polymarket.com/zh/event/btc-updown-5m-1788979200,02:40-02:45,17.00,83.00,16.00,82.00,9.19,328.00,254.84,137.80,16.50,82.50,1.00,1.00,18491.38,15996.94,15976.90,18486.38,16,83,82,17,78528.91,78503.42,,
2026-09-10T02:41:53+08:00,btc-updown-5m-1788979200,https://polymarket.com/zh/event/btc-updown-5m-1788979200,02:40-02:45,18.00,83.00,17.00,82.00,412.84,273.80,193.80,334.23,17.50,82.50,1.00,1.00,18476.38,15966.90,15970.90,18476.38,17,82,82,17,78528.91,78504.99,,
2026-09-10T02:41:56+08:00,btc-updown-5m-1788979200,https://polymarket.com/zh/event/btc-updown-5m-1788979200,02:40-02:45,18.00,83.00,17.00,82.00,383.15,551.43,262.57,157.33,17.50,82.50,1.00,1.00,18481.38,15971.90,15981.90,18516.83,17,82,82,17,78528.91,78504.99,,
2026-09-10T02:41:58+08:00,btc-updown-5m-1788979200,https://polymarket.com/zh/event/btc-updown-5m-1788979200,02:40-02:45,25.00,76.00,24.00,75.00,468.55,54.95,55.00,468.55,24.50,75.50,1.00,1.00,18477.89,15992.90,15986.90,18437.89,24,75,75,24,78528.91,78517.18,,
2026-09-10T02:42:00+08:00,btc-updown-5m-1788979200,https://polymarket.com/zh/event/btc-updown-5m-1788979200,02:40-02:45,24.00,77.00,23.00,76.00,314.00,64.65,114.65,404.87,23.50,76.50,1.00,1.00,18410.89,15914.91,15910.91,18420.89,23,76,76,23,78528.91,78515.29,,
2026-09-10T02:42:03+08:00,btc-updown-5m-1788979200,https://polymarket.com/zh/event/btc-updown-5m-1788979200,02:40-02:45,25.00,74.00,24.00,73.00,52.93,616.09,834.42,251.60,24.50,73.50,1.00,1.00,17860.89,15585.90,15575.90,17857.05,24,75,73,26,78528.91,78519.54,,
2026-09-10T02:42:05+08:00,btc-updown-5m-1788979200,https://polymarket.com/zh/event/btc-updown-5m-1788979200,02:40-02:45,27.00,74.00,26.00,73.00,696.56,5.00,5.00,696.56,26.50,73.50,1.00,1.00,17963.53,15580.90,15605.92,17968.53,26,73,73,26,78528.91,78519.54,,
2026-09-10T02:42:07+08:00,btc-updown-5m-1788979200,https://polymarket.com/zh/event/btc-updown-5m-1788979200,02:40-02:45,16.00,85.00,15.00,84.00,108.42,350.57,335.57,98.42,15.50,84.50,1.00,1.00,18488.39,15619.90,15614.90,18488.39,15,84,84,15,78528.91,78507.85,,
2026-09-10T02:42:10+08:00,btc-updown-5m-1788979200,https://polymarket.com/zh/event/btc-updown-5m-1788979200,02:40-02:45,16.00,85.00,15.00,84.00,346.45,300.00,310.00,346.45,15.50,84.50,1.00,1.00,18586.39,15625.91,15625.91,18596.39,15,84,84,15,78528.91,78507.85,,
2026-09-10T02:42:12+08:00,btc-updown-5m-1788979200,https://polymarket.com/zh/event/btc-updown-5m-1788979200,02:40-02:45,18.00,83.00,17.00,82.00,553.05,109.19,109.19,549.81,17.50,82.50,1.00,1.00,18576.84,15635.91,15630.90,18586.84,17,82,82,17,78528.91,78507.85,,
2026-09-10T02:42:14+08:00,btc-updown-5m-1788979200,https://polymarket.com/zh/event/btc-updown-5m-1788979200,02:40-02:45,19.00,82.00,18.00,81.00,351.67,589.98,589.98,341.67,18.50,81.50,1.00,1.00,18556.84,15570.90,15575.90,18556.84,18,81,81,18,78528.91,78507.86,,
2026-09-10T02:42:17+08:00,btc-updown-5m-1788979200,https://polymarket.com/zh/event/btc-updown-5m-1788979200,02:40-02:45,18.00,83.00,17.00,82.00,502.67,193.38,178.38,502.67,17.50,82.50,1.00,1.00,18486.39,15580.90,15580.90,18496.39,17,82,82,17,78528.91,78508.18,,
2026-09-10T02:42:19+08:00,btc-updown-5m-1788979200,https://polymarket.com/zh/event/btc-updown-5m-1788979200,02:40-02:45,18.00,83.00,17.00,82.00,887.95,18.38,33.38,897.95,17.50,82.50,1.00,1.00,18497.21,15601.90,15600.90,18497.21,17,82,82,17,78528.91,78508.18,,
2026-09-10T02:42:21+08:00,btc-updown-5m-1788979200,https://polymarket.com/zh/event/btc-updown-5m-1788979200,02:40-02:45,17.00,84.00,16.00,83.00,935.53,20.69,44.18,960.37,16.50,83.50,1.00,1.00,18522.21,15579.90,15586.90,18527.21,16,83,83,16,78528.91,78508.18,,
2026-09-10T02:42:24+08:00,btc-updown-5m-1788979200,https://polymarket.com/zh/event/btc-updown-5m-1788979200,02:40-02:45,16.00,85.00,15.00,84.00,675.85,40.49,51.38,664.52,15.50,84.50,1.00,1.00,18575.21,15601.90,15595.90,18585.21,15,84,84,15,78528.91,78508.18,,
2026-09-10T02:42:26+08:00,btc-updown-5m-1788979200,https://polymarket.com/zh/event/btc-updown-5m-1788979200,02:40-02:45,16.00,85.00,15.00,84.00,444.48,5.00,105.38,754.48,15.50,84.50,1.00,1.00,18094.20,15595.90,15590.90,13848.19,15,84,84,15,78528.91,78495.83,,
2026-09-10T02:42:29+08:00,btc-updown-5m-1788979200,https://polymarket.com/zh/event/btc-updown-5m-1788979200,02:40-02:45,8.00,93.00,7.00,92.00,111.59,403.52,1210.37,294.65,7.50,92.50,1.00,1.00,11395.79,15508.90,15507.90,12193.97,7,92,92,7,78528.91,78495.07,,
2026-09-10T02:42:31+08:00,btc-updown-5m-1788979200,https://polymarket.com/zh/event/btc-updown-5m-1788979200,02:40-02:45,7.00,93.00,6.00,92.00,179.39,443.17,464.63,115.25,6.50,92.50,1.00,1.00,13728.06,15451.30,15462.30,12829.86,6,93,92,7,78528.91,78492.73,,
2026-09-10T02:42:34+08:00,btc-updown-5m-1788979200,https://polymarket.com/zh/event/btc-updown-5m-1788979200,02:40-02:45,9.00,92.00,8.00,91.00,545.92,88.01,227.01,545.92,8.50,91.50,1.00,1.00,12659.86,15445.30,15446.30,12864.86,8,91,91,8,78528.91,78494.49,,
2026-09-10T02:42:36+08:00,btc-updown-5m-1788979200,https://polymarket.com/zh/event/btc-updown-5m-1788979200,02:40-02:45,7.00,94.00,6.00,93.00,430.39,1241.00,1241.00,430.39,6.50,93.50,1.00,1.00,12768.06,15426.30,15425.30,12763.06,6,93,93,6,78528.91,78496.74,,
2026-09-10T02:42:38+08:00,btc-updown-5m-1788979200,https://polymarket.com/zh/event/btc-updown-5m-1788979200,02:40-02:45,7.00,94.00,6.00,93.00,398.81,1197.11,1197.11,398.81,6.50,93.50,1.00,1.00,12248.06,15441.30,15447.30,12248.06,6,93,93,6,78528.91,78496.74,,
2026-09-10T02:42:41+08:00,btc-updown-5m-1788979200,https://polymarket.com/zh/event/btc-updown-5m-1788979200,02:40-02:45,7.00,94.00,6.00,93.00,396.10,1237.08,1252.08,396.10,6.50,93.50,1.00,1.00,12287.06,15431.30,15431.30,12377.06,6,93,93,6,78528.91,78496.74,,
2026-09-10T02:42:43+08:00,btc-updown-5m-1788979200,https://polymarket.com/zh/event/btc-updown-5m-1788979200,02:40-02:45,8.00,93.00,7.00,92.00,799.63,258.62,258.62,799.63,7.50,92.50,1.00,1.00,12271.61,15386.30,15386.30,12271.61,7,92,92,7,78528.91,78500.37,,
2026-09-10T02:42:46+08:00,btc-updown-5m-1788979200,https://polymarket.com/zh/event/btc-updown-5m-1788979200,02:40-02:45,8.00,93.00,7.00,92.00,562.13,280.54,280.54,562.13,7.50,92.50,1.00,1.00,12708.71,15375.31,15375.31,12703.71,7,92,92,7,78528.91,78501.80,,
2026-09-10T02:42:48+08:00,btc-updown-5m-1788979200,https://polymarket.com/zh/event/btc-updown-5m-1788979200,02:40-02:45,7.00,94.00,6.00,93.00,618.32,218.50,203.50,604.03,6.50,93.50,1.00,1.00,13407.58,15446.30,15426.30,13472.28,6,93,93,6,78528.91,78496.74,,
2026-09-10T02:42:50+08:00,btc-updown-5m-1788979200,https://polymarket.com/zh/event/btc-updown-5m-1788979200,02:40-02:45,6.00,95.00,5.00,94.00,747.57,318.70,318.70,740.61,5.50,94.50,1.00,1.00,12766.86,15411.30,15416.30,12796.86,5,94,94,5,78528.91,78492.73,,
2026-09-10T02:42:53+08:00,btc-updown-5m-1788979200,https://polymarket.com/zh/event/btc-updown-5m-1788979200,02:40-02:45,7.00,94.00,6.00,93.00,787.78,137.89,138.96,712.78,6.50,93.50,1.00,1.00,13549.24,15349.31,15394.30,13549.24,6,93,93,6,78528.91,78499.67,,
2026-09-10T02:42:55+08:00,btc-updown-5m-1788979200,https://polymarket.com/zh/event/btc-updown-5m-1788979200,02:40-02:45,5.00,96.00,4.00,95.00,709.67,222.57,277.48,719.67,4.50,95.50,1.00,1.00,12644.54,15349.03,15329.02,12589.63,4,95,95,4,78528.91,78488.43,,
2026-09-10T02:42:57+08:00,btc-updown-5m-1788979200,https://polymarket.com/zh/event/btc-updown-5m-1788979200,02:40-02:45,5.00,96.00,4.00,95.00,792.75,15.00,95.00,792.75,4.50,95.50,1.00,1.00,12623.09,15273.93,15262.93,12623.09,4,95,95,4,78528.91,78488.43,,
2026-09-10T02:43:00+08:00,btc-updown-5m-1788979200,https://polymarket.com/zh/event/btc-updown-5m-1788979200,02:40-02:45,5.00,96.00,4.00,95.00,889.32,133.98,117.12,684.32,4.50,95.50,1.00,1.00,8456.60,15247.93,15253.93,8588.46,4,95,95,4,78528.91,78488.44,,
2026-09-10T02:43:03+08:00,btc-updown-5m-1788979200,https://polymarket.com/zh/event/btc-updown-5m-1788979200,02:40-02:45,5.00,96.00,4.00,95.00,734.12,60.00,50.00,734.12,4.50,95.50,1.00,1.00,8864.48,15268.93,15268.93,8829.48,4,95,95,4,78528.91,78488.43,,
2026-09-10T02:43:05+08:00,btc-updown-5m-1788979200,https://polymarket.com/zh/event/btc-updown-5m-1788979200,02:40-02:45,5.00,97.00,4.00,96.00,547.07,353.39,183.95,268.90,4.50,96.50,1.00,1.00,8949.52,15192.93,15159.93,8840.66,4,95,96,3,78528.91,78487.04,,
2026-09-10T02:43:07+08:00,btc-updown-5m-1788979200,https://polymarket.com/zh/event/btc-updown-5m-1788979200,02:40-02:45,3.00,97.00,2.00,96.00,22.75,141.57,2578.17,444.38,2.50,96.50,1.00,1.00,7818.57,15144.93,15165.93,7840.14,2,97,96,3,78528.91,78483.33,,
2026-09-10T02:43:10+08:00,btc-updown-5m-1788979200,https://polymarket.com/zh/event/btc-updown-5m-1788979200,02:40-02:45,5.00,96.00,4.00,95.00,146.37,344.19,344.19,146.37,4.50,95.50,1.00,1.00,9220.64,15116.93,15095.93,9225.64,4,95,95,4,78528.91,78499.67,,
2026-09-10T02:43:12+08:00,btc-updown-5m-1788979200,https://polymarket.com/zh/event/btc-updown-5m-1788979200,02:40-02:45,5.00,96.00,4.00,95.00,432.23,133.76,133.76,382.23,4.50,95.50,1.00,1.00,12019.21,15095.93,15089.93,11922.91,4,95,95,4,78528.91,78499.67,,
2026-09-10T02:43:15+08:00,btc-updown-5m-1788979200,https://polymarket.com/zh/event/btc-updown-5m-1788979200,02:40-02:45,5.00,95.00,4.00,94.00,9.29,408.00,1597.23,319.02,4.50,94.50,1.00,1.00,13422.22,15101.93,15090.93,12532.99,4,95,94,5,78528.91,78499.67,,
2026-09-10T02:43:17+08:00,btc-updown-5m-1788979200,https://polymarket.com/zh/event/btc-updown-5m-1788979200,02:40-02:45,13.00,88.00,12.00,87.00,351.00,169.76,195.00,351.00,12.50,87.50,1.00,1.00,10610.17,15110.93,15100.93,10620.17,12,87,87,12,78528.91,78520.73,,
2026-09-10T02:43:19+08:00,btc-updown-5m-1788979200,https://polymarket.com/zh/event/btc-updown-5m-1788979200,02:40-02:45,13.00,88.00,12.00,87.00,418.33,106.46,106.46,379.86,12.50,87.50,1.00,1.00,10704.17,15115.93,15110.93,10704.17,12,87,87,12,78528.91,78520.73,,
2026-09-10T02:43:22+08:00,btc-updown-5m-1788979200,https://polymarket.com/zh/event/btc-updown-5m-1788979200,02:40-02:45,11.00,90.00,10.00,89.00,475.80,239.80,188.44,550.80,10.50,89.50,1.00,1.00,10109.99,15124.93,15135.93,10114.99,10,89,89,10,78528.91,78520.73,,
2026-09-10T02:43:24+08:00,btc-updown-5m-1788979200,https://polymarket.com/zh/event/btc-updown-5m-1788979200,02:40-02:45,10.00,91.00,9.00,90.00,530.56,200.00,200.00,520.56,9.50,90.50,1.00,1.00,10384.99,15135.93,15140.93,10384.99,9,90,90,9,78528.91,78519.30,,
2026-09-10T02:43:26+08:00,btc-updown-5m-1788979200,https://polymarket.com/zh/event/btc-updown-5m-1788979200,02:40-02:45,8.00,93.00,7.00,92.00,240.00,827.42,838.50,240.00,7.50,92.50,1.00,1.00,10419.99,15140.93,15150.93,10419.99,7,92,92,7,78528.91,78519.30,,
2026-09-10T02:43:29+08:00,btc-updown-5m-1788979200,https://polymarket.com/zh/event/btc-updown-5m-1788979200,02:40-02:45,8.00,93.00,7.00,92.00,350.47,857.40,453.88,188.75,7.50,92.50,1.00,1.00,10572.70,15145.93,15130.93,10407.70,7,92,92,7,78528.91,78519.79,,
2026-09-10T02:43:31+08:00,btc-updown-5m-1788979200,https://polymarket.com/zh/event/btc-updown-5m-1788979200,02:40-02:45,12.00,90.00,11.00,89.00,473.47,91.00,364.47,673.00,11.50,89.50,1.00,1.00,10782.30,15006.94,15056.93,10802.30,11,88,89,10,78528.91,78527.71,,
2026-09-10T02:43:33+08:00,btc-updown-5m-1788979200,https://polymarket.com/zh/event/btc-updown-5m-1788979200,02:40-02:45,11.00,90.00,10.00,89.00,688.00,62.51,65.40,673.00,10.50,89.50,1.00,1.00,10658.79,15046.93,15045.93,8908.79,10,89,89,10,78528.91,78524.20,,
2026-09-10T02:43:36+08:00,btc-updown-5m-1788979200,https://polymarket.com/zh/event/btc-updown-5m-1788979200,02:40-02:45,12.00,91.00,11.00,90.00,374.66,75.00,72.53,335.00,11.50,90.50,1.00,1.00,10618.79,14991.94,14991.94,10319.28,11,88,90,9,78528.91,78527.71,,
2026-09-10T02:43:38+08:00,btc-updown-5m-1788979200,https://polymarket.com/zh/event/btc-updown-5m-1788979200,02:40-02:45,6.00,95.00,5.00,94.00,310.63,165.00,100.00,365.63,5.50,94.50,1.00,1.00,10244.30,15040.93,15060.94,10132.30,5,94,94,5,78528.91,78521.00,,
2026-09-10T02:43:41+08:00,btc-updown-5m-1788979200,https://polymarket.com/zh/event/btc-updown-5m-1788979200,02:40-02:45,4.00,97.00,3.00,96.00,65.00,542.94,600.74,60.00,3.50,96.50,1.00,1.00,8938.20,15024.93,15030.93,8880.40,3,96,96,3,78528.91,78513.84,,
2026-09-10T02:43:43+08:00,btc-updown-5m-1788979200,https://polymarket.com/zh/event/btc-updown-5m-1788979200,02:40-02:45,4.00,97.00,3.00,96.00,192.37,579.05,484.05,181.22,3.50,96.50,1.00,1.00,7492.79,15046.93,15039.93,7537.79,3,96,96,3,78528.91,78513.85,,
2026-09-10T02:43:46+08:00,btc-updown-5m-1788979200,https://polymarket.com/zh/event/btc-updown-5m-1788979200,02:40-02:45,4.00,98.00,3.00,97.00,404.00,1072.05,4.81,199.92,3.50,97.50,1.00,1.00,6062.55,15045.93,15039.93,6182.74,3,96,97,2,78528.91,78513.56,,
2026-09-10T02:43:48+08:00,btc-updown-5m-1788979200,https://polymarket.com/zh/event/btc-updown-5m-1788979200,02:40-02:45,3.00,98.00,2.00,97.00,60.00,733.34,733.34,60.00,2.50,97.50,1.00,1.00,5835.03,14975.80,14969.80,5835.03,2,97,97,2,78528.91,78510.82,,
2026-09-10T02:43:51+08:00,btc-updown-5m-1788979200,https://polymarket.com/zh/event/btc-updown-5m-1788979200,02:40-02:45,3.00,98.00,2.00,97.00,132.80,531.65,531.65,177.50,2.50,97.50,1.00,1.00,5638.34,14961.81,14950.81,5638.34,2,97,97,2,78528.91,78510.81,,
2026-09-10T02:43:53+08:00,btc-updown-5m-1788979200,https://polymarket.com/zh/event/btc-updown-5m-1788979200,02:40-02:45,3.00,97.00,2.00,96.00,18.00,90.00,589.62,601.13,2.50,96.50,1.00,1.00,5696.31,14955.81,14960.81,5636.31,2,97,96,3,78528.91,78510.81,,
2026-09-10T02:43:55+08:00,btc-updown-5m-1788979200,https://polymarket.com/zh/event/btc-updown-5m-1788979200,02:40-02:45,4.00,97.00,3.00,96.00,147.50,360.53,399.18,184.71,3.50,96.50,1.00,1.00,5314.19,14293.60,14298.60,5265.54,3,96,96,3,78528.91,78516.70,,
2026-09-10T02:43:58+08:00,btc-updown-5m-1788979200,https://polymarket.com/zh/event/btc-updown-5m-1788979200,02:40-02:45,4.00,97.00,3.00,96.00,325.10,361.14,376.30,360.10,3.50,96.50,1.00,1.00,5264.11,7282.55,7267.55,5263.95,3,96,96,3,78528.91,78522.29,,
2026-09-10T02:44:00+08:00,btc-updown-5m-1788979200,https://polymarket.com/zh/event/btc-updown-5m-1788979200,02:40-02:45,2.00,99.00,1.00,98.00,313.06,1832.52,1792.52,280.00,1.50,98.50,1.00,1.00,1792.52,7188.90,7188.90,1832.52,1,98,98,1,78528.91,78522.29,,
2026-09-10T02:44:02+08:00,btc-updown-5m-1788979200,https://polymarket.com/zh/event/btc-updown-5m-1788979200,02:40-02:45,2.00,99.00,1.00,98.00,329.38,1101.88,1107.00,329.38,1.50,98.50,1.00,1.00,1107.00,7167.90,7173.90,1101.88,1,98,98,1,78528.91,78518.24,,
2026-09-10T02:44:05+08:00,btc-updown-5m-1788979200,https://polymarket.com/zh/event/btc-updown-5m-1788979200,02:40-02:45,2.00,99.00,1.00,98.00,394.13,849.28,849.28,399.13,1.50,98.50,1.00,1.00,849.28,7158.90,7153.90,849.28,1,98,98,1,78528.91,78516.49,,
2026-09-10T02:44:07+08:00,btc-updown-5m-1788979200,https://polymarket.com/zh/event/btc-updown-5m-1788979200,02:40-02:45,1.00,,,99.00,4112.00,,,5124.86,,,,,,7141.90,7162.90,,0,99,99,0,78528.91,78516.49,,
2026-09-10T02:44:10+08:00,btc-updown-5m-1788979200,https://polymarket.com/zh/event/btc-updown-5m-1788979200,02:40-02:45,1.00,,,99.00,5189.24,,,5169.24,,,,,,7152.90,7157.90,,0,99,99,0,78528.91,78516.49,,
2026-09-10T02:44:12+08:00,btc-updown-5m-1788979200,https://polymarket.com/zh/event/btc-updown-5m-1788979200,02:40-02:45,1.00,,,99.00,4123.18,,,4123.18,,,,,,7157.90,7162.90,,0,99,99,0,78528.91,78516.49,,
2026-09-10T02:44:14+08:00,btc-updown-5m-1788979200,https://polymarket.com/zh/event/btc-updown-5m-1788979200,02:40-02:45,1.00,,,99.00,4168.61,,,9626.62,,,,,,7163.90,7157.90,,0,99,99,0,78528.91,78516.49,,
2026-09-10T02:44:17+08:00,btc-updown-5m-1788979200,https://polymarket.com/zh/event/btc-updown-5m-1788979200,02:40-02:45,1.00,,,99.00,15695.35,,,15695.35,,,,,,7112.90,7123.90,,0,99,99,0,78528.91,78515.29,,
2026-09-10T02:44:19+08:00,btc-updown-5m-1788979200,https://polymarket.com/zh/event/btc-updown-5m-1788979200,02:40-02:45,1.00,,,99.00,15908.23,,,16259.23,,,,,,7513.90,7508.90,,0,99,99,0,78528.91,78515.28,,
2026-09-10T02:44:23+08:00,btc-updown-5m-1788979200,https://polymarket.com/zh/event/btc-updown-5m-1788979200,02:40-02:45,1.00,,,99.00,16743.24,,,16758.24,,,,,,7207.90,7201.90,,0,99,99,0,78528.91,78515.28,,
2026-09-10T02:44:25+08:00,btc-updown-5m-1788979200,https://polymarket.com/zh/event/btc-updown-5m-1788979200,02:40-02:45,1.00,,,99.00,17058.19,,,17058.19,,,,,,7201.90,7196.90,,0,99,99,0,78528.91,78515.28,,
2026-09-10T02:44:28+08:00,btc-updown-5m-1788979200,https://polymarket.com/zh/event/btc-updown-5m-1788979200,02:40-02:45,1.00,,,99.00,18868.38,,,19235.38,,,,,,7202.90,7186.90,,0,99,99,0,78528.91,78515.28,,
2026-09-10T02:44:30+08:00,btc-updown-5m-1788979200,https://polymarket.com/zh/event/btc-updown-5m-1788979200,02:40-02:45,1.00,,,99.00,21615.63,,,21615.63,,,,,,7107.90,7101.90,,0,99,99,0,78528.91,78516.50,,
2026-09-10T02:44:33+08:00,btc-updown-5m-1788979200,https://polymarket.com/zh/event/btc-updown-5m-1788979200,02:40-02:45,1.00,,,99.00,21615.63,,,21627.59,,,,,,6677.90,6671.90,,0,99,99,0,78528.91,78516.49,,
2026-09-10T02:44:35+08:00,btc-updown-5m-1788979200,https://polymarket.com/zh/event/btc-updown-5m-1788979200,02:40-02:45,1.00,,,99.00,21733.23,,,21788.23,,,,,,6733.90,6732.90,,0,99,99,0,78528.91,78522.30,,
2026-09-10T02:44:37+08:00,btc-updown-5m-1788979200,https://polymarket.com/zh/event/btc-updown-5m-1788979200,02:40-02:45,1.00,,,99.00,21654.97,,,21654.97,,,,,,6722.90,6723.90,,0,99,99,0,78528.91,78522.29,,
2026-09-10T02:44:40+08:00,btc-updown-5m-1788979200,https://polymarket.com/zh/event/btc-updown-5m-1788979200,02:40-02:45,1.00,,,99.00,22185.22,,,22185.22,,,,,,6717.90,6617.90,,0,99,99,0,78528.91,78522.29,,
2026-09-10T02:44:42+08:00,btc-updown-5m-1788979200,https://polymarket.com/zh/event/btc-updown-5m-1788979200,02:40-02:45,1.00,,,99.00,23107.27,,,23107.27,,,,,,6601.90,6618.90,,0,99,99,0,78528.91,78521.67,,
2026-09-10T02:44:45+08:00,btc-updown-5m-1788979200,https://polymarket.com/zh/event/btc-updown-5m-1788979200,02:40-02:45,1.00,,,99.00,23264.47,,,23269.47,,,,,,6601.90,6606.90,,0,99,99,0,78528.91,78522.29,,
2026-09-10T02:44:48+08:00,btc-updown-5m-1788979200,https://polymarket.com/zh/event/btc-updown-5m-1788979200,02:40-02:45,0.10,,,99.90,19337.36,,,19337.36,,,,,,6014.90,6607.90,,0,103,102,0,78528.91,78522.29,,
2026-09-10T02:44:50+08:00,btc-updown-5m-1788979200,https://polymarket.com/zh/event/btc-updown-5m-1788979200,02:40-02:45,0.10,,,99.90,19366.88,,,19366.88,,,,,,6602.90,6602.90,,0,106,106,0,78528.91,78522.30,,
2026-09-10T02:44:52+08:00,btc-updown-5m-1788979200,https://polymarket.com/zh/event/btc-updown-5m-1788979200,02:40-02:45,0.10,,,99.90,19361.89,,,19361.89,,,,,,5987.90,5982.90,,0,109,110,0,78528.91,78521.93,,
2026-09-10T02:44:54+08:00,btc-updown-5m-1788979200,https://polymarket.com/zh/event/btc-updown-5m-1788979200,02:40-02:45,0.10,,,99.90,23881.89,,,23881.89,,,,,,5987.90,6008.90,,0,111,111,0,78528.91,78521.92,,
2026-09-10T02:44:57+08:00,btc-updown-5m-1788979200,https://polymarket.com/zh/event/btc-updown-5m-1788979200,02:40-02:45,0.10,,,99.90,23930.37,,,23930.37,,,,,,5027.90,5011.90,,0,111,111,0,78528.91,78521.92,,
2026-09-10T02:44:59+08:00,btc-updown-5m-1788979200,https://polymarket.com/zh/event/btc-updown-5m-1788979200,02:40-02:45,0.10,,,99.90,23955.37,,,23966.20,,,,,,4962.90,4956.90,,0,104,104,0,78528.91,78521.92,,
2026-09-10T02:45:02+08:00,btc-updown-5m-1788979500,https://polymarket.com/zh/event/btc-updown-5m-1788979500,02:45-02:50,53.00,48.00,52.00,47.00,10.00,329.16,169.16,18.11,52.50,47.50,1.00,1.00,25998.81,24492.94,24492.94,25988.81,52,47,47,52,78522.29,78522.29,,
2026-09-10T02:45:04+08:00,btc-updown-5m-1788979500,https://polymarket.com/zh/event/btc-updown-5m-1788979500,02:45-02:50,53.00,48.00,52.00,47.00,188.28,409.80,416.37,188.28,52.50,47.50,1.00,1.00,26948.06,24867.19,24972.19,26908.06,52,47,47,52,78522.29,78522.30,,
2026-09-10T02:45:07+08:00,btc-updown-5m-1788979500,https://polymarket.com/zh/event/btc-updown-5m-1788979500,02:45-02:50,55.00,46.00,54.00,45.00,22.66,907.67,907.67,22.26,54.50,45.50,1.00,1.00,27153.06,25437.19,25447.19,27173.49,54,45,45,54,78522.29,78522.29,,
2026-09-10T02:45:09+08:00,btc-updown-5m-1788979500,https://polymarket.com/zh/event/btc-updown-5m-1788979500,02:45-02:50,56.00,64.00,55.00,61.00,370.61,70.00,67.74,205.91,55.50,62.50,1.00,3.00,24658.49,23457.19,23437.19,25138.49,54,44,51,33,78522.29,78522.30,,
2026-09-10T02:45:11+08:00,btc-updown-5m-1788979500,https://polymarket.com/zh/event/btc-updown-5m-1788979500,02:45-02:50,32.00,70.00,31.00,69.00,709.23,57.89,339.22,1271.95,31.50,69.50,1.00,1.00,24220.97,24507.19,24523.19,24255.97,30,68,69,29,78522.29,78484.82,,
2026-09-10T02:45:14+08:00,btc-updown-5m-1788979500,https://polymarket.com/zh/event/btc-updown-5m-1788979500,02:45-02:50,30.00,71.00,29.00,70.00,312.09,990.30,1098.35,360.25,29.50,70.50,1.00,1.00,26857.97,24814.19,24848.19,24040.97,29,70,70,29,78522.29,78484.87,,
2026-09-10T02:45:16+08:00,btc-updown-5m-1788979500,https://polymarket.com/zh/event/btc-updown-5m-1788979500,02:45-02:50,31.00,70.00,30.00,69.00,366.03,477.79,477.79,376.03,30.50,69.50,1.00,1.00,24354.97,25119.49,25110.49,24464.97,30,69,69,30,78522.29,78484.87,,
2026-09-10T02:45:19+08:00,btc-updown-5m-1788979500,https://polymarket.com/zh/event/btc-updown-5m-1788979500,02:45-02:50,31.00,75.00,30.00,74.00,769.91,13.41,99.22,309.75,30.50,74.50,1.00,1.00,23754.97,24395.49,24379.49,23814.97,30,69,74,25,78522.29,78484.87,,
2026-09-10T02:45:21+08:00,btc-updown-5m-1788979500,https://polymarket.com/zh/event/btc-updown-5m-1788979500,02:45-02:50,25.00,76.00,24.00,75.00,1020.56,180.00,105.00,925.56,24.50,75.50,1.00,1.00,22889.17,22952.40,22966.40,22889.17,24,75,75,24,78522.29,78470.30,,
2026-09-10T02:45:24+08:00,btc-updown-5m-1788979500,https://polymarket.com/zh/event/btc-updown-5m-1788979500,02:45-02:50,26.00,75.00,25.00,74.00,293.42,70.00,105.79,298.42,25.50,74.50,1.00,1.00,22917.57,22728.39,22737.39,22917.57,25,74,74,25,78522.29,78477.85,,
2026-09-10T02:45:26+08:00,btc-updown-5m-1788979500,https://polymarket.com/zh/event/btc-updown-5m-1788979500,02:45-02:50,25.00,79.00,24.00,77.00,534.29,77.61,29.20,288.00,24.50,78.00,1.00,2.00,22642.57,22472.39,22482.40,23532.57,24,75,77,21,78522.29,78476.28,,
2026-09-10T02:45:28+08:00,btc-updown-5m-1788979500,https://polymarket.com/zh/event/btc-updown-5m-1788979500,02:45-02:50,22.00,79.00,21.00,78.00,401.39,220.55,217.64,271.39,21.50,78.50,1.00,1.00,24912.56,22242.39,22242.39,24907.56,21,78,78,21,78522.29,78470.29,,
2026-09-10T02:45:31+08:00,btc-updown-5m-1788979500,https://polymarket.com/zh/event/btc-updown-5m-1788979500,02:45-02:50,22.00,79.00,21.00,78.00,459.07,47.94,60.60,533.61,21.50,78.50,1.00,1.00,24097.56,21752.39,21426.39,24102.56,21,78,78,21,78522.29,78470.29,,
2026-09-10T02:45:33+08:00,btc-updown-5m-1788979500,https://polymarket.com/zh/event/btc-updown-5m-1788979500,02:45-02:50,23.00,78.00,22.00,77.00,500.08,1129.89,1114.45,447.32,22.50,77.50,1.00,1.00,23637.56,20957.39,20946.39,23642.56,22,77,77,22,78522.29,78470.29,,
2026-09-10T02:45:36+08:00,btc-updown-5m-1788979500,https://polymarket.com/zh/event/btc-updown-5m-1788979500,02:45-02:50,23.00,78.00,22.00,77.00,369.47,1118.03,1118.03,354.12,22.50,77.50,1.00,1.00,23652.56,20967.39,20957.40,23652.56,22,77,77,22,78522.29,78470.29,,
2026-09-10T02:45:38+08:00,btc-updown-5m-1788979500,https://polymarket.com/zh/event/btc-updown-5m-1788979500,02:45-02:50,23.00,78.00,22.00,77.00,110.31,1240.77,1238.87,200.31,22.50,77.50,1.00,1.00,23652.56,20946.39,20951.39,23647.56,22,77,77,22,78522.29,78470.29,,
2026-09-10T02:45:40+08:00,btc-updown-5m-1788979500,https://polymarket.com/zh/event/btc-updown-5m-1788979500,02:45-02:50,23.00,78.00,22.00,77.00,45.00,1364.47,1364.47,37.96,22.50,77.50,1.00,1.00,23647.56,20907.39,20907.39,23637.56,22,77,77,22,78522.29,78470.30,,
2026-09-10T02:45:43+08:00,btc-updown-5m-1788979500,https://polymarket.com/zh/event/btc-updown-5m-1788979500,02:45-02:50,24.00,77.00,23.00,76.00,434.00,264.60,309.60,473.70,23.50,76.50,1.00,1.00,23662.56,20901.40,20912.40,23662.56,23,76,76,23,78522.29,78470.32,,
2026-09-10T02:45:45+08:00,btc-updown-5m-1788979500,https://polymarket.com/zh/event/btc-updown-5m-1788979500,02:45-02:50,23.00,78.00,22.00,77.00,260.00,1319.18,1329.18,260.00,22.50,77.50,1.00,1.00,23672.56,20901.39,20912.39,23637.56,22,77,77,22,78522.29,78472.28,,
2026-09-10T02:45:47+08:00,btc-updown-5m-1788979500,https://polymarket.com/zh/event/btc-updown-5m-1788979500,02:45-02:50,26.00,75.00,25.00,74.00,180.97,576.19,363.80,10.00,25.50,74.50,1.00,1.00,23652.56,20951.39,20963.39,23652.56,25,74,74,25,78522.29,78479.00,,
2026-09-10T02:45:50+08:00,btc-updown-5m-1788979500,https://polymarket.com/zh/event/btc-updown-5m-1788979500,02:45-02:50,26.00,75.00,25.00,74.00,250.38,228.80,208.80,250.38,25.50,74.50,1.00,1.00,23667.56,20952.39,20956.39,23667.56,25,74,74,25,78522.29,78484.87,,
2026-09-10T02:45:52+08:00,btc-updown-5m-1788979500,https://polymarket.com/zh/event/btc-updown-5m-1788979500,02:45-02:50,35.00,67.00,34.00,66.00,358.38,41.80,24.26,1116.94,34.50,66.50,1.00,1.00,19905.57,20418.40,20412.40,19920.57,34,65,66,33,78522.29,78493.85,,
2026-09-10T02:45:54+08:00,btc-updown-5m-1788979500,https://polymarket.com/zh/event/btc-updown-5m-1788979500,02:45-02:50,32.00,69.00,31.00,68.00,660.56,117.20,237.20,655.06,31.50,68.50,1.00,1.00,20325.57,20178.40,20182.40,20340.57,31,68,68,31,78522.29,78489.11,,
2026-09-10T02:45:57+08:00,btc-updown-5m-1788979500,https://polymarket.com/zh/event/btc-updown-5m-1788979500,02:45-02:50,28.00,73.00,27.00,72.00,290.09,213.15,203.15,290.09,27.50,72.50,1.00,1.00,19880.57,19946.40,19941.39,19885.57,27,72,72,27,78522.29,78485.00,,
2026-09-10T02:45:59+08:00,btc-updown-5m-1788979500,https://polymarket.com/zh/event/btc-updown-5m-1788979500,02:45-02:50,30.00,71.00,29.00,70.00,575.77,310.19,310.19,485.77,29.50,70.50,1.00,1.00,19740.57,19922.39,19688.39,19505.57,29,70,70,29,78522.29,78485.04,,
2026-09-10T02:46:01+08:00,btc-updown-5m-1788979500,https://polymarket.com/zh/event/btc-updown-5m-1788979500,02:45-02:50,30.00,71.00,29.00,70.00,91.00,453.92,459.00,91.00,29.50,70.50,1.00,1.00,17247.57,17228.39,17239.39,17247.57,29,70,70,29,78522.29,78489.82,,
2026-09-10T02:46:04+08:00,btc-updown-5m-1788979500,https://polymarket.com/zh/event/btc-updown-5m-1788979500,02:45-02:50,28.00,73.00,27.00,72.00,964.85,166.60,116.60,809.85,27.50,72.50,1.00,1.00,17077.57,17034.39,17034.39,17027.57,27,72,72,27,78522.29,78489.82,,
2026-09-10T02:46:06+08:00,btc-updown-5m-1788979500,https://polymarket.com/zh/event/btc-updown-5m-1788979500,02:45-02:50,28.00,73.00,27.00,72.00,828.09,151.38,164.12,738.80,27.50,72.50,1.00,1.00,16307.57,16469.88,16469.88,16307.57,27,72,72,27,78522.29,78486.15,,
2026-09-10T02:46:09+08:00,btc-updown-5m-1788979500,https://polymarket.com/zh/event/btc-updown-5m-1788979500,02:45-02:50,28.00,73.00,27.00,72.00,441.84,178.24,188.24,451.84,27.50,72.50,1.00,1.00,16022.57,16229.88,16239.88,16022.57,27,72,72,27,78522.29,78486.15,,
2026-09-10T02:46:11+08:00,btc-updown-5m-1788979500,https://polymarket.com/zh/event/btc-updown-5m-1788979500,02:45-02:50,28.00,73.00,27.00,72.00,665.22,122.27,132.27,665.22,27.50,72.50,1.00,1.00,16027.57,16224.88,16235.88,16027.57,27,72,72,27,78522.29,78486.15,,
2026-09-10T02:46:13+08:00,btc-updown-5m-1788979500,https://polymarket.com/zh/event/btc-updown-5m-1788979500,02:45-02:50,28.00,73.00,27.00,72.00,373.63,200.84,207.69,163.28,27.50,72.50,1.00,1.00,15905.57,16175.88,16169.88,15910.57,27,72,72,27,78522.29,78486.16,,
2026-09-10T02:46:16+08:00,btc-updown-5m-1788979500,https://polymarket.com/zh/event/btc-updown-5m-1788979500,02:45-02:50,28.00,73.00,27.00,72.00,285.40,185.59,185.59,295.40,27.50,72.50,1.00,1.00,15845.57,16169.88,16169.88,15845.57,27,72,72,27,78522.29,78486.16,,
2026-09-10T02:46:18+08:00,btc-updown-5m-1788979500,https://polymarket.com/zh/event/btc-updown-5m-1788979500,02:45-02:50,27.00,74.00,26.00,73.00,135.00,633.46,524.82,135.00,26.50,73.50,1.00,1.00,15699.57,16163.88,16179.89,15694.57,26,73,73,26,78522.29,78488.55,,
2026-09-10T02:46:20+08:00,btc-updown-5m-1788979500,https://polymarket.com/zh/event/btc-updown-5m-1788979500,02:45-02:50,27.00,74.00,26.00,73.00,245.67,658.78,656.90,245.67,26.50,73.50,1.00,1.00,15704.57,16168.88,16173.88,15704.57,26,73,73,26,78522.29,78489.74,,
2026-09-10T02:46:23+08:00,btc-updown-5m-1788979500,https://polymarket.com/zh/event/btc-updown-5m-1788979500,02:45-02:50,28.00,73.00,27.00,72.00,117.28,888.02,870.53,5.00,27.50,72.50,1.00,1.00,15591.17,16190.88,16174.88,15466.17,27,72,72,27,78522.29,78489.74,,
2026-09-10T02:46:26+08:00,btc-updown-5m-1788979500,https://polymarket.com/zh/event/btc-updown-5m-1788979500,02:45-02:50,39.00,62.00,38.00,61.00,309.21,282.25,312.25,299.21,38.50,61.50,1.00,1.00,15311.17,16200.88,16190.88,15301.17,38,61,61,38,78522.29,78504.16,,
2026-09-10T02:46:28+08:00,btc-updown-5m-1788979500,https://polymarket.com/zh/event/btc-updown-5m-1788979500,02:45-02:50,38.00,63.00,37.00,62.00,509.36,5.60,5.60,509.36,37.50,62.50,1.00,1.00,15301.17,16179.88,16169.88,15316.17,37,62,62,37,78522.29,78504.01,,
2026-09-10T02:46:30+08:00,btc-updown-5m-1788979500,https://polymarket.com/zh/event/btc-updown-5m-1788979500,02:45-02:50,38.00,63.00,37.00,62.00,161.30,340.72,330.72,161.30,37.50,62.50,1.00,1.00,15301.17,16228.89,16233.89,15306.17,37,62,62,37,78522.29,78505.80,,
2026-09-10T02:46:33+08:00,btc-updown-5m-1788979500,https://polymarket.com/zh/event/btc-updown-5m-1788979500,02:45-02:50,36.00,65.00,35.00,64.00,130.00,441.40,436.40,130.00,35.50,64.50,1.00,1.00,15261.17,16229.88,16218.88,15251.17,35,64,64,35,78522.29,78505.49,,
2026-09-10T02:46:35+08:00,btc-updown-5m-1788979500,https://polymarket.com/zh/event/btc-updown-5m-1788979500,02:45-02:50,36.00,65.00,35.00,64.00,235.00,241.40,261.73,391.80,35.50,64.50,1.00,1.00,15256.17,16224.89,16235.88,15261.17,35,64,64,35,78522.29,78505.49,,
2026-09-10T02:46:37+08:00,btc-updown-5m-1788979500,https://polymarket.com/zh/event/btc-updown-5m-1788979500,02:45-02:50,34.00,67.00,33.00,66.00,747.85,83.24,86.23,742.85,33.50,66.50,1.00,1.00,15276.17,16244.88,16228.88,15281.17,33,66,66,33,78522.29,78504.01,,
2026-09-10T02:46:40+08:00,btc-updown-5m-1788979500,https://polymarket.com/zh/event/btc-updown-5m-1788979500,02:45-02:50,30.00,71.00,29.00,70.00,421.68,337.60,571.60,441.68,29.50,70.50,1.00,1.00,15161.17,16234.88,16234.88,15156.17,29,70,70,29,78522.29,78494.06,,
2026-09-10T02:46:42+08:00,btc-updown-5m-1788979500,https://polymarket.com/zh/event/btc-updown-5m-1788979500,02:45-02:50,30.00,71.00,29.00,70.00,20.00,1050.80,1107.50,100.00,29.50,70.50,1.00,1.00,15351.17,16200.88,16194.88,15351.17,29,70,70,29,78522.29,78496.70,,
2026-09-10T02:46:45+08:00,btc-updown-5m-1788979500,https://polymarket.com/zh/event/btc-updown-5m-1788979500,02:45-02:50,32.00,69.00,31.00,68.00,25.00,1316.30,790.80,10.00,31.50,68.50,1.00,1.00,15401.17,16234.88,16249.88,15411.17,31,68,68,31,78522.29,78496.70,,
2026-09-10T02:46:47+08:00,btc-updown-5m-1788979500,https://polymarket.com/zh/event/btc-updown-5m-1788979500,02:45-02:50,35.00,65.00,34.00,62.00,15.00,474.00,898.27,5.00,34.50,63.50,1.00,3.00,15346.17,16255.89,16229.88,15336.17,34,65,62,35,78522.29,78501.99,,
2026-09-10T02:46:49+08:00,btc-updown-5m-1788979500,https://polymarket.com/zh/event/btc-updown-5m-1788979500,02:45-02:50,52.00,49.00,51.00,48.00,341.02,325.00,315.00,336.02,51.50,48.50,1.00,1.00,15847.18,15498.88,15493.88,15332.17,51,48,48,51,78522.29,78516.79,,
2026-09-10T02:46:52+08:00,btc-updown-5m-1788979500,https://polymarket.com/zh/event/btc-updown-5m-1788979500,02:45-02:50,52.00,49.00,51.00,48.00,419.95,89.84,200.36,499.95,51.50,48.50,1.00,1.00,15842.17,15519.28,15519.28,16342.18,51,48,48,51,78522.29,78516.79,,
2026-09-10T02:46:54+08:00,btc-updown-5m-1788979500,https://polymarket.com/zh/event/btc-updown-5m-1788979500,02:45-02:50,51.00,51.00,50.00,50.00,340.00,145.00,145.00,724.16,50.50,50.50,1.00,1.00,15747.17,15469.28,15464.28,15732.17,50,49,50,49,78522.29,78516.80,,
2026-09-10T02:46:56+08:00,btc-updown-5m-1788979500,https://polymarket.com/zh/event/btc-updown-5m-1788979500,02:45-02:50,49.00,54.00,48.00,53.00,588.71,49.34,145.70,214.15,48.50,53.50,1.00,1.00,15775.51,16018.63,15997.62,15749.51,48,51,53,46,78522.29,78516.79,,
2026-09-10T02:46:59+08:00,btc-updown-5m-1788979500,https://polymarket.com/zh/event/btc-updown-5m-1788979500,02:45-02:50,47.00,54.00,46.00,53.00,239.95,112.19,112.19,249.90,46.50,53.50,1.00,1.00,15679.17,15981.28,15979.28,15684.17,46,53,53,46,78522.29,78516.79,,
2026-09-10T02:47:01+08:00,btc-updown-5m-1788979500,https://polymarket.com/zh/event/btc-updown-5m-1788979500,02:45-02:50,36.00,65.00,35.00,64.00,260.64,564.54,363.24,100.64,35.50,64.50,1.00,1.00,15480.17,16559.28,16569.28,15475.17,35,64,64,35,78522.29,78504.79,,
2026-09-10T02:47:03+08:00,btc-updown-5m-1788979500,https://polymarket.com/zh/event/btc-updown-5m-1788979500,02:45-02:50,38.00,64.00,37.00,63.00,802.70,85.00,10.00,1234.85,37.50,63.50,1.00,1.00,15496.17,16349.28,16344.28,15481.17,37,62,63,36,78522.29,78502.23,,
2026-09-10T02:47:06+08:00,btc-updown-5m-1788979500,https://polymarket.com/zh/event/btc-updown-5m-1788979500,02:45-02:50,33.00,68.00,32.00,67.00,129.90,409.55,399.55,129.90,32.50,67.50,1.00,1.00,17405.17,16353.28,16354.28,17360.17,32,67,67,32,78522.29,78502.24,,
2026-09-10T02:47:08+08:00,btc-updown-5m-1788979500,https://polymarket.com/zh/event/btc-updown-5m-1788979500,02:45-02:50,36.00,65.00,35.00,64.00,395.43,484.52,379.52,400.43,35.50,64.50,1.00,1.00,17460.17,16295.28,16299.28,17475.17,35,64,64,35,78522.29,78502.24,,
2026-09-10T02:47:11+08:00,btc-updown-5m-1788979500,https://polymarket.com/zh/event/btc-updown-5m-1788979500,02:45-02:50,36.00,65.00,35.00,64.00,498.81,84.07,70.00,409.43,35.50,64.50,1.00,1.00,17460.17,16444.28,16443.28,17476.17,35,64,64,35,78522.29,78502.23,,
2026-09-10T02:47:13+08:00,btc-updown-5m-1788979500,https://polymarket.com/zh/event/btc-updown-5m-1788979500,02:45-02:50,27.00,77.00,26.00,76.00,1098.27,59.98,20.95,170.00,26.50,76.50,1.00,1.00,17410.17,16428.28,16424.29,16245.17,26,73,76,23,78522.29,78502.24,,
2026-09-10T02:47:16+08:00,btc-updown-5m-1788979500,https://polymarket.com/zh/event/btc-updown-5m-1788979500,02:45-02:50,23.00,78.00,22.00,77.00,397.86,146.12,182.65,402.86,22.50,77.50,1.00,1.00,18668.57,16408.28,16419.28,18673.57,22,77,77,22,78522.29,78487.05,,
2026-09-10T02:47:18+08:00,btc-updown-5m-1788979500,https://polymarket.com/zh/event/btc-updown-5m-1788979500,02:45-02:50,22.00,79.00,21.00,78.00,461.93,239.90,179.95,352.43,21.50,78.50,1.00,1.00,18738.57,16414.28,16409.28,18733.57,21,78,78,21,78522.29,78487.05,,
2026-09-10T02:47:20+08:00,btc-updown-5m-1788979500,https://polymarket.com/zh/event/btc-updown-5m-1788979500,02:45-02:50,24.00,77.00,23.00,76.00,20.00,826.84,515.84,20.00,23.50,76.50,1.00,1.00,18905.98,16404.28,16398.28,18905.98,23,76,76,23,78522.29,78487.06,,
2026-09-10T02:47:23+08:00,btc-updown-5m-1788979500,https://polymarket.com/zh/event/btc-updown-5m-1788979500,02:45-02:50,29.00,78.00,28.00,77.00,978.00,139.92,15.93,333.00,28.50,77.50,1.00,1.00,18525.98,16410.28,16409.28,18760.98,28,71,77,22,78522.29,78491.07,,
2026-09-10T02:47:25+08:00,btc-updown-5m-1788979500,https://polymarket.com/zh/event/btc-updown-5m-1788979500,02:45-02:50,21.00,81.00,20.00,80.00,303.56,96.24,20.00,179.00,20.50,80.50,1.00,1.00,18865.98,16415.28,16403.29,18865.98,20,79,80,19,78522.29,78484.39,,
2026-09-10T02:47:28+08:00,btc-updown-5m-1788979500,https://polymarket.com/zh/event/btc-updown-5m-1788979500,02:45-02:50,22.00,79.00,21.00,78.00,704.62,182.29,194.95,648.51,21.50,78.50,1.00,1.00,18870.98,16435.28,16429.28,18875.98,21,78,78,21,78522.29,78484.39,,
2026-09-10T02:47:30+08:00,btc-updown-5m-1788979500,https://polymarket.com/zh/event/btc-updown-5m-1788979500,02:45-02:50,24.00,77.00,23.00,76.00,578.48,416.91,329.95,369.14,23.50,76.50,1.00,1.00,18873.82,16419.28,16380.08,18857.82,23,76,76,23,78522.29,78488.74,,
2026-09-10T02:47:32+08:00,btc-updown-5m-1788979500,https://polymarket.com/zh/event/btc-updown-5m-1788979500,02:45-02:50,24.00,77.00,23.00,76.00,305.47,240.63,241.93,305.47,23.50,76.50,1.00,1.00,18846.42,16357.68,16327.68,18846.42,23,76,76,23,78522.29,78488.74,,
2026-09-10T02:47:35+08:00,btc-updown-5m-1788979500,https://polymarket.com/zh/event/btc-updown-5m-1788979500,02:45-02:50,24.00,77.00,23.00,76.00,377.57,98.09,73.09,472.57,23.50,76.50,1.00,1.00,18811.42,16368.68,16362.68,18811.42,23,76,76,23,78522.29,78490.77,,
2026-09-10T02:47:37+08:00,btc-updown-5m-1788979500,https://polymarket.com/zh/event/btc-updown-5m-1788979500,02:45-02:50,22.00,79.00,21.00,78.00,175.00,948.72,926.20,181.41,21.50,78.50,1.00,1.00,18801.42,16341.68,16352.68,18816.42,21,78,78,21,78522.29,78490.77,,
2026-09-10T02:47:40+08:00,btc-updown-5m-1788979500,https://polymarket.com/zh/event/btc-updown-5m-1788979500,02:45-02:50,22.00,79.00,21.00,78.00,109.88,1036.69,1036.69,189.88,21.50,78.50,1.00,1.00,18811.42,16348.68,16341.68,18811.42,21,78,78,21,78522.29,78490.77,,
2026-09-10T02:47:42+08:00,btc-updown-5m-1788979500,https://polymarket.com/zh/event/btc-updown-5m-1788979500,02:45-02:50,22.00,79.00,21.00,78.00,134.09,745.10,935.10,134.09,21.50,78.50,1.00,1.00,18811.42,16326.68,16347.68,18811.42,21,78,78,21,78522.29,78490.77,,
2026-09-10T02:47:44+08:00,btc-updown-5m-1788979500,https://polymarket.com/zh/event/btc-updown-5m-1788979500,02:45-02:50,23.00,78.00,22.00,77.00,1324.12,185.00,185.00,1294.12,22.50,77.50,1.00,1.00,18776.42,16342.68,16341.68,18781.42,22,77,77,22,78522.29,78490.77,,
2026-09-10T02:47:47+08:00,btc-updown-5m-1788979500,https://polymarket.com/zh/event/btc-updown-5m-1788979500,02:45-02:50,23.00,78.00,22.00,77.00,1434.12,60.26,60.26,1453.70,22.50,77.50,1.00,1.00,18776.42,16368.69,16337.69,18781.42,22,77,77,22,78522.29,78490.77,,
2026-09-10T02:47:49+08:00,btc-updown-5m-1788979500,https://polymarket.com/zh/event/btc-updown-5m-1788979500,02:45-02:50,39.00,62.00,38.00,61.00,10.00,298.67,125.20,29.00,38.50,61.50,1.00,1.00,18091.42,16292.68,16291.69,18221.42,38,61,61,38,78522.29,78506.87,,
2026-09-10T02:47:52+08:00,btc-updown-5m-1788979500,https://polymarket.com/zh/event/btc-updown-5m-1788979500,02:45-02:50,40.00,61.00,39.00,60.00,501.88,20.00,156.56,698.82,39.50,60.50,1.00,1.00,18070.42,16298.69,16308.69,18085.42,39,60,60,39,78522.29,78506.88,,
2026-09-10T02:47:54+08:00,btc-updown-5m-1788979500,https://polymarket.com/zh/event/btc-updown-5m-1788979500,02:45-02:50,43.00,58.00,42.00,57.00,5.06,607.80,602.80,5.06,42.50,57.50,1.00,1.00,15467.42,16341.69,16348.69,15447.42,42,57,57,42,78522.29,78514.99,,
2026-09-10T02:47:56+08:00,btc-updown-5m-1788979500,https://polymarket.com/zh/event/btc-updown-5m-1788979500,02:45-02:50,42.00,58.00,41.00,57.00,15.67,141.28,63.71,163.47,41.50,57.50,1.00,1.00,15397.42,16402.59,16327.59,15377.33,41,58,57,42,78522.29,78515.00,,
2026-09-10T02:47:59+08:00,btc-updown-5m-1788979500,https://polymarket.com/zh/event/btc-updown-5m-1788979500,02:45-02:50,43.00,58.00,42.00,57.00,137.27,556.39,779.72,218.27,42.50,57.50,1.00,1.00,15412.33,16262.59,16272.59,15412.33,42,57,57,42,78522.29,78514.99,,
2026-09-10T02:48:01+08:00,btc-updown-5m-1788979500,https://polymarket.com/zh/event/btc-updown-5m-1788979500,02:45-02:50,46.00,55.00,45.00,54.00,65.95,960.39,959.40,65.95,45.50,54.50,1.00,1.00,15422.33,16262.59,16262.60,15412.33,45,54,54,45,78522.29,78514.99,,
2026-09-10T02:48:04+08:00,btc-updown-5m-1788979500,https://polymarket.com/zh/event/btc-updown-5m-1788979500,02:45-02:50,46.00,55.00,45.00,54.00,769.67,243.59,248.81,737.25,45.50,54.50,1.00,1.00,15362.33,16337.59,16347.59,15372.33,45,54,54,45,78522.29,78515.98,,
2026-09-10T02:48:06+08:00,btc-updown-5m-1788979500,https://polymarket.com/zh/event/btc-updown-5m-1788979500,02:45-02:50,38.00,63.00,37.00,62.00,229.00,90.00,10.00,560.90,37.50,62.50,1.00,1.00,15347.33,16242.59,16246.59,15357.33,37,62,62,37,78522.29,78509.61,,
2026-09-10T02:48:09+08:00,btc-updown-5m-1788979500,https://polymarket.com/zh/event/btc-updown-5m-1788979500,02:45-02:50,43.00,58.00,42.00,57.00,291.86,519.55,539.55,297.07,42.50,57.50,1.00,1.00,15515.33,16262.59,16278.59,15525.33,42,57,57,42,78522.29,78509.61,,
2026-09-10T02:48:11+08:00,btc-updown-5m-1788979500,https://polymarket.com/zh/event/btc-updown-5m-1788979500,02:45-02:50,42.00,59.00,41.00,58.00,353.95,50.00,144.40,878.71,41.50,58.50,1.00,1.00,15514.33,16312.59,16292.59,15514.33,41,58,58,40,78522.29,78509.61,,
2026-09-10T02:48:14+08:00,btc-updown-5m-1788979500,https://polymarket.com/zh/event/btc-updown-5m-1788979500,02:45-02:50,32.00,70.00,30.00,69.00,110.00,286.47,10.00,216.77,31.00,69.50,2.00,1.00,18164.33,16251.59,16247.59,18154.33,30,68,69,30,78522.29,78509.62,,
2026-09-10T02:48:16+08:00,btc-updown-5m-1788979500,https://polymarket.com/zh/event/btc-updown-5m-1788979500,02:45-02:50,32.00,69.00,31.00,68.00,411.29,53.50,58.50,416.29,31.50,68.50,1.00,1.00,18235.93,16237.59,16232.59,18220.93,31,68,68,31,78522.29,78505.17,,
2026-09-10T02:48:18+08:00,btc-updown-5m-1788979500,https://polymarket.com/zh/event/btc-updown-5m-1788979500,02:45-02:50,32.00,69.00,31.00,68.00,511.75,216.25,136.25,500.75,31.50,68.50,1.00,1.00,18217.93,16242.60,16241.59,18237.93,31,68,68,31,78522.29,78505.17,,
2026-09-10T02:48:21+08:00,btc-updown-5m-1788979500,https://polymarket.com/zh/event/btc-updown-5m-1788979500,02:45-02:50,32.00,69.00,31.00,68.00,617.16,232.95,172.95,608.63,31.50,68.50,1.00,1.00,18132.93,16228.59,16233.59,18147.93,31,68,68,31,78522.29,78505.17,,
2026-09-10T02:48:23+08:00,btc-updown-5m-1788979500,https://polymarket.com/zh/event/btc-updown-5m-1788979500,02:45-02:50,34.00,66.00,33.00,63.00,134.76,852.96,871.10,5.00,33.50,64.50,1.00,3.00,18152.93,16182.60,16177.59,18137.93,33,66,63,34,78522.29,78505.18,,
2026-09-10T02:48:25+08:00,btc-updown-5m-1788979500,https://polymarket.com/zh/event/btc-updown-5m-1788979500,02:45-02:50,36.00,68.00,34.00,66.00,166.00,90.00,88.48,502.97,35.00,67.00,2.00,2.00,18192.93,16227.59,16227.59,18177.93,34,64,66,32,78522.29,78512.38,,
2026-09-10T02:48:28+08:00,btc-updown-5m-1788979500,https://polymarket.com/zh/event/btc-updown-5m-1788979500,02:45-02:50,32.00,69.00,31.00,68.00,266.87,263.21,234.95,433.79,31.50,68.50,1.00,1.00,18192.93,16226.59,16217.59,18212.93,31,68,68,31,78522.29,78508.14,,
2026-09-10T02:48:30+08:00,btc-updown-5m-1788979500,https://polymarket.com/zh/event/btc-updown-5m-1788979500,02:45-02:50,35.00,66.00,34.00,65.00,453.93,257.16,252.16,458.93,34.50,65.50,1.00,1.00,17977.93,16117.59,16121.59,17982.93,34,65,65,34,78522.29,78508.13,,
2026-09-10T02:48:33+08:00,btc-updown-5m-1788979500,https://polymarket.com/zh/event/btc-updown-5m-1788979500,02:45-02:50,39.00,62.00,38.00,61.00,771.72,164.54,172.47,801.85,38.50,61.50,1.00,1.00,17977.93,16153.59,16148.60,17992.93,38,61,61,38,78522.29,78508.13,,
2026-09-10T02:48:35+08:00,btc-updown-5m-1788979500,https://polymarket.com/zh/event/btc-updown-5m-1788979500,02:45-02:50,32.00,70.00,31.00,69.00,960.00,170.00,50.00,275.00,31.50,69.50,1.00,1.00,18000.86,16133.60,16132.59,18040.86,31,68,69,30,78522.29,78508.13,,
2026-09-10T02:48:37+08:00,btc-updown-5m-1788979500,https://polymarket.com/zh/event/btc-updown-5m-1788979500,02:45-02:50,30.00,71.00,29.00,70.00,20.00,1127.19,1022.19,5.00,29.50,70.50,1.00,1.00,17994.86,16121.59,16126.59,18054.86,29,70,70,29,78522.29,78508.14,,
2026-09-10T02:48:40+08:00,btc-updown-5m-1788979500,https://polymarket.com/zh/event/btc-updown-5m-1788979500,02:45-02:50,36.00,65.00,35.00,64.00,444.00,165.00,10.00,521.61,35.50,64.50,1.00,1.00,15129.86,16066.59,16066.59,15129.86,35,64,64,35,78522.29,78509.49,,
2026-09-10T02:48:42+08:00,btc-updown-5m-1788979500,https://polymarket.com/zh/event/btc-updown-5m-1788979500,02:45-02:50,31.00,70.00,30.00,69.00,891.94,349.12,49.95,658.94,30.50,69.50,1.00,1.00,15239.86,16137.59,16110.60,15274.86,30,69,69,30,78522.29,78509.50,,
2026-09-10T02:48:45+08:00,btc-updown-5m-1788979500,https://polymarket.com/zh/event/btc-updown-5m-1788979500,02:45-02:50,37.00,64.00,36.00,63.00,225.30,725.78,486.88,25.00,36.50,63.50,1.00,1.00,15279.86,16186.59,16056.59,15084.86,36,63,63,36,78522.29,78509.50,,
2026-09-10T02:48:47+08:00,btc-updown-5m-1788979500,https://polymarket.com/zh/event/btc-updown-5m-1788979500,02:45-02:50,37.00,64.00,36.00,63.00,540.42,50.90,123.41,540.42,36.50,63.50,1.00,1.00,15029.86,16041.60,16056.60,15034.86,36,63,63,36,78522.29,78509.49,,
