ts_iso,slug,market_url,window_text,buy_up_cents,buy_down_cents,sell_up_cents,sell_down_cents,buy_up_size,buy_down_size,sell_up_size,sell_down_size,mid_up_cents,mid_down_cents,spread_up_cents,spread_down_cents,bid_depth_up_5,ask_depth_up_5,bid_depth_down_5,ask_depth_down_5,level_count_bid_up,level_count_ask_up,level_count_bid_down,level_count_ask_down,target_price,final_price,trade_count_1s,trade_volume_1s
2026-08-17T11:40:38+08:00,btc-updown-5m-1786938000,https://polymarket.com/zh/event/btc-updown-5m-1786938000,11:40-11:45,20.00,81.00,19.00,80.00,133.36,141.66,141.66,133.36,19.50,80.50,1.00,1.00,12975.67,8743.33,8843.33,12980.67,19,80,80,19,,63289.79,,
2026-08-17T11:40:40+08:00,btc-updown-5m-1786938000,https://polymarket.com/zh/event/btc-updown-5m-1786938000,11:40-11:45,22.00,79.00,21.00,78.00,18.92,383.87,413.21,35.00,21.50,78.50,1.00,1.00,13171.67,8408.33,8298.34,13171.67,21,78,78,21,,63289.79,,
2026-08-17T11:40:42+08:00,btc-updown-5m-1786938000,https://polymarket.com/zh/event/btc-updown-5m-1786938000,11:40-11:45,21.00,80.00,20.00,79.00,633.36,286.40,244.40,649.43,20.50,79.50,1.00,1.00,13003.67,8853.34,8758.33,13005.67,20,79,79,20,,63291.62,,
2026-08-17T11:40:44+08:00,btc-updown-5m-1786938000,https://polymarket.com/zh/event/btc-updown-5m-1786938000,11:40-11:45,21.00,80.00,20.00,79.00,911.95,20.00,70.00,912.95,20.50,79.50,1.00,1.00,12958.67,8743.33,8748.33,12983.67,20,79,79,20,,63291.62,,
2026-08-17T11:40:46+08:00,btc-updown-5m-1786938000,https://polymarket.com/zh/event/btc-updown-5m-1786938000,11:40-11:45,20.00,81.00,19.00,80.00,307.40,19.21,70.00,454.90,19.50,80.50,1.00,1.00,12985.67,8743.33,8843.33,12877.67,19,80,80,19,,63291.63,,
2026-08-17T11:40:48+08:00,btc-updown-5m-1786938000,https://polymarket.com/zh/event/btc-updown-5m-1786938000,11:40-11:45,18.00,83.00,17.00,82.00,283.33,38.79,40.00,331.33,17.50,82.50,1.00,1.00,13089.67,8863.33,8843.33,13089.67,17,82,82,17,,63291.57,,
2026-08-17T11:40:50+08:00,btc-updown-5m-1786938000,https://polymarket.com/zh/event/btc-updown-5m-1786938000,11:40-11:45,18.00,83.00,17.00,82.00,337.57,49.60,49.60,337.57,17.50,82.50,1.00,1.00,13090.67,8848.33,8753.33,13089.67,17,82,82,17,,63289.80,,
2026-08-17T11:40:52+08:00,btc-updown-5m-1786938000,https://polymarket.com/zh/event/btc-updown-5m-1786938000,11:40-11:45,17.00,84.00,16.00,83.00,92.49,347.37,357.37,92.49,16.50,83.50,1.00,1.00,13034.67,8398.33,8393.33,13029.67,16,83,83,16,,63288.52,,
2026-08-17T11:40:54+08:00,btc-updown-5m-1786938000,https://polymarket.com/zh/event/btc-updown-5m-1786938000,11:40-11:45,17.00,84.00,16.00,83.00,333.10,40.00,40.00,430.10,16.50,83.50,1.00,1.00,12764.67,8503.33,8608.33,12764.67,16,83,83,16,,63288.52,,
2026-08-17T11:40:56+08:00,btc-updown-5m-1786938000,https://polymarket.com/zh/event/btc-updown-5m-1786938000,11:40-11:45,17.00,84.00,16.00,83.00,368.30,30.00,30.00,367.89,16.50,83.50,1.00,1.00,12732.67,8613.33,8503.33,12732.67,16,83,83,16,,63288.53,,
2026-08-17T11:40:58+08:00,btc-updown-5m-1786938000,https://polymarket.com/zh/event/btc-updown-5m-1786938000,11:40-11:45,17.00,83.00,16.00,82.00,70.00,377.45,441.68,75.05,16.50,82.50,1.00,1.00,12504.67,8263.33,7813.33,12478.67,16,83,82,17,,63288.53,,
2026-08-17T11:41:00+08:00,btc-updown-5m-1786938000,https://polymarket.com/zh/event/btc-updown-5m-1786938000,11:40-11:45,18.00,83.00,17.00,82.00,88.05,508.01,498.01,88.05,17.50,82.50,1.00,1.00,16251.67,11878.33,11788.33,16256.67,17,82,82,17,,63288.53,,
2026-08-17T11:41:02+08:00,btc-updown-5m-1786938000,https://polymarket.com/zh/event/btc-updown-5m-1786938000,11:40-11:45,18.00,84.00,17.00,83.00,457.66,15.00,18.01,257.02,17.50,83.50,1.00,1.00,14736.67,11988.38,11748.34,14391.67,17,82,83,16,,63288.53,,
2026-08-17T11:41:04+08:00,btc-updown-5m-1786938000,https://polymarket.com/zh/event/btc-updown-5m-1786938000,11:40-11:45,16.00,85.00,15.00,84.00,265.97,231.13,268.60,336.53,15.50,84.50,1.00,1.00,14518.67,11848.34,11753.33,14523.67,15,84,84,15,,63288.53,,
2026-08-17T11:41:06+08:00,btc-updown-5m-1786938000,https://polymarket.com/zh/event/btc-updown-5m-1786938000,11:40-11:45,16.00,85.00,15.00,84.00,270.92,188.85,188.85,265.17,15.50,84.50,1.00,1.00,14278.67,11609.33,11345.33,14115.67,15,84,84,15,,63288.52,,
2026-08-17T11:41:08+08:00,btc-updown-5m-1786938000,https://polymarket.com/zh/event/btc-updown-5m-1786938000,11:40-11:45,16.00,85.00,15.00,84.00,66.97,281.76,266.43,66.97,15.50,84.50,1.00,1.00,13955.67,10885.33,10990.33,14060.67,15,84,84,15,,63288.52,,
2026-08-17T11:41:10+08:00,btc-updown-5m-1786938000,https://polymarket.com/zh/event/btc-updown-5m-1786938000,11:40-11:45,15.00,86.00,14.00,85.00,47.00,35.00,25.63,167.81,14.50,85.50,1.00,1.00,9471.67,10666.33,10750.34,9471.67,14,85,85,14,,63288.52,,
2026-08-17T11:41:12+08:00,btc-updown-5m-1786938000,https://polymarket.com/zh/event/btc-updown-5m-1786938000,11:40-11:45,21.00,80.00,20.00,79.00,291.26,338.89,360.15,276.02,20.50,79.50,1.00,1.00,13832.67,10661.33,10761.34,13872.67,20,79,79,20,,63290.58,,
2026-08-17T11:41:14+08:00,btc-updown-5m-1786938000,https://polymarket.com/zh/event/btc-updown-5m-1786938000,11:40-11:45,23.00,78.00,22.00,77.00,25.65,367.39,367.39,4.94,22.50,77.50,1.00,1.00,13971.67,10785.33,10785.34,11838.68,22,77,77,22,,63295.19,,
2026-08-17T11:41:16+08:00,btc-updown-5m-1786938000,https://polymarket.com/zh/event/btc-updown-5m-1786938000,11:40-11:45,25.00,74.00,24.00,73.00,9.12,35.00,3411.50,439.64,24.50,73.50,1.00,1.00,14012.67,10745.33,10666.33,15275.67,24,75,73,26,,63295.20,,
2026-08-17T11:41:17+08:00,btc-updown-5m-1786938000,https://polymarket.com/zh/event/btc-updown-5m-1786938000,11:40-11:45,19.00,82.00,18.00,81.00,50.00,387.19,307.66,10.00,18.50,81.50,1.00,1.00,14567.67,10761.33,10651.33,14560.67,18,81,81,18,,63295.20,,
2026-08-17T11:41:19+08:00,btc-updown-5m-1786938000,https://polymarket.com/zh/event/btc-updown-5m-1786938000,11:40-11:45,16.00,85.00,15.00,84.00,328.51,138.19,138.19,325.52,15.50,84.50,1.00,1.00,14777.67,11100.33,11205.33,14782.67,15,84,84,15,,63295.19,,
2026-08-17T11:41:21+08:00,btc-updown-5m-1786938000,https://polymarket.com/zh/event/btc-updown-5m-1786938000,11:40-11:45,16.00,85.00,15.00,84.00,196.35,161.08,164.61,196.35,15.50,84.50,1.00,1.00,14809.67,11105.33,11201.33,14789.67,15,84,84,15,,63295.19,,
2026-08-17T11:41:23+08:00,btc-updown-5m-1786938000,https://polymarket.com/zh/event/btc-updown-5m-1786938000,11:40-11:45,12.00,89.00,11.00,88.00,130.85,359.31,302.66,130.85,11.50,88.50,1.00,1.00,10373.03,11106.33,11110.33,10393.03,11,88,88,11,,63289.31,,
2026-08-17T11:41:25+08:00,btc-updown-5m-1786938000,https://polymarket.com/zh/event/btc-updown-5m-1786938000,11:40-11:45,11.00,90.00,10.00,89.00,50.00,76.97,93.07,67.50,10.50,89.50,1.00,1.00,9815.67,11210.33,11201.33,9915.67,10,89,89,10,,63288.52,,
2026-08-17T11:41:27+08:00,btc-updown-5m-1786938000,https://polymarket.com/zh/event/btc-updown-5m-1786938000,11:40-11:45,12.00,89.00,11.00,88.00,113.00,358.27,356.12,98.00,11.50,88.50,1.00,1.00,8971.03,11111.33,11200.34,8951.03,11,88,88,11,,63288.52,,
2026-08-17T11:41:29+08:00,btc-updown-5m-1786938000,https://polymarket.com/zh/event/btc-updown-5m-1786938000,11:40-11:45,13.00,88.00,12.00,87.00,212.65,121.00,106.00,175.37,12.50,87.50,1.00,1.00,9418.03,11106.33,11195.33,9418.03,12,87,87,12,,63288.53,,
2026-08-17T11:41:31+08:00,btc-updown-5m-1786938000,https://polymarket.com/zh/event/btc-updown-5m-1786938000,11:40-11:45,13.00,88.00,12.00,87.00,235.70,28.34,41.00,225.70,12.50,87.50,1.00,1.00,8427.03,10268.33,10353.33,8332.03,12,87,87,12,,63288.52,,
2026-08-17T11:41:33+08:00,btc-updown-5m-1786938000,https://polymarket.com/zh/event/btc-updown-5m-1786938000,11:40-11:45,10.00,91.00,9.00,90.00,96.50,452.03,452.03,96.50,9.50,90.50,1.00,1.00,7858.03,10264.33,9813.34,5568.04,9,90,90,9,,63288.52,,
2026-08-17T11:41:35+08:00,btc-updown-5m-1786938000,https://polymarket.com/zh/event/btc-updown-5m-1786938000,11:40-11:45,10.00,91.00,9.00,90.00,429.70,18.00,20.14,585.70,9.50,90.50,1.00,1.00,7806.03,10253.33,10359.33,7806.03,9,90,90,9,,63288.52,,
2026-08-17T11:41:37+08:00,btc-updown-5m-1786938000,https://polymarket.com/zh/event/btc-updown-5m-1786938000,11:40-11:45,10.00,91.00,9.00,90.00,474.97,136.38,123.38,474.97,9.50,90.50,1.00,1.00,5614.53,10253.33,10364.33,5614.53,9,90,90,9,,63287.25,,
2026-08-17T11:41:39+08:00,btc-updown-5m-1786938000,https://polymarket.com/zh/event/btc-updown-5m-1786938000,11:40-11:45,10.00,91.00,9.00,90.00,448.19,180.01,180.01,448.19,9.50,90.50,1.00,1.00,7872.52,10353.33,10353.33,7872.52,9,90,90,9,,63287.26,,
2026-08-17T11:41:41+08:00,btc-updown-5m-1786938000,https://polymarket.com/zh/event/btc-updown-5m-1786938000,11:40-11:45,10.00,91.00,9.00,90.00,427.58,117.40,117.40,427.58,9.50,90.50,1.00,1.00,7104.19,10284.33,10253.33,7897.52,9,90,90,9,,63287.25,,
2026-08-17T11:41:43+08:00,btc-updown-5m-1786938000,https://polymarket.com/zh/event/btc-updown-5m-1786938000,11:40-11:45,10.00,91.00,9.00,90.00,123.98,237.17,237.17,123.98,9.50,90.50,1.00,1.00,7939.82,9829.33,9903.33,7950.82,9,90,90,9,,63287.25,,
2026-08-17T11:41:45+08:00,btc-updown-5m-1786938000,https://polymarket.com/zh/event/btc-updown-5m-1786938000,11:40-11:45,10.00,91.00,9.00,90.00,124.11,251.14,218.95,62.07,9.50,90.50,1.00,1.00,7949.82,9928.33,9814.33,7934.82,9,90,90,9,,63287.25,,
2026-08-17T11:41:47+08:00,btc-updown-5m-1786938000,https://polymarket.com/zh/event/btc-updown-5m-1786938000,11:40-11:45,10.00,91.00,9.00,90.00,45.00,319.12,320.44,45.00,9.50,90.50,1.00,1.00,7985.82,9933.33,9923.34,7980.82,9,90,90,9,,63287.25,,
2026-08-17T11:41:49+08:00,btc-updown-5m-1786938000,https://polymarket.com/zh/event/btc-updown-5m-1786938000,11:40-11:45,11.00,90.00,10.00,89.00,293.76,62.77,62.77,293.76,10.50,89.50,1.00,1.00,8954.30,10258.34,10273.33,9069.30,10,89,89,10,,63287.26,,
2026-08-17T11:41:51+08:00,btc-updown-5m-1786938000,https://polymarket.com/zh/event/btc-updown-5m-1786938000,11:40-11:45,11.00,90.00,10.00,89.00,236.63,52.01,52.01,248.19,10.50,89.50,1.00,1.00,8959.82,10258.34,10269.33,8949.82,10,89,89,10,,63287.25,,
2026-08-17T11:41:53+08:00,btc-updown-5m-1786938000,https://polymarket.com/zh/event/btc-updown-5m-1786938000,11:40-11:45,11.00,87.00,10.00,86.00,5.00,65.98,1120.90,5.00,10.50,86.50,1.00,1.00,8300.64,10029.33,9819.33,7136.64,10,89,86,13,,63287.26,,
2026-08-17T11:41:55+08:00,btc-updown-5m-1786938000,https://polymarket.com/zh/event/btc-updown-5m-1786938000,11:40-11:45,15.00,86.00,14.00,85.00,143.84,218.73,218.73,138.84,14.50,85.50,1.00,1.00,8009.64,9908.33,9908.33,8009.64,14,85,85,14,,63295.11,,
2026-08-17T11:41:57+08:00,btc-updown-5m-1786938000,https://polymarket.com/zh/event/btc-updown-5m-1786938000,11:40-11:45,15.00,86.00,14.00,85.00,30.00,491.49,405.49,30.00,14.50,85.50,1.00,1.00,7898.33,9959.33,9863.33,7898.33,14,85,85,14,,63294.47,,
2026-08-17T11:41:58+08:00,btc-updown-5m-1786938000,https://polymarket.com/zh/event/btc-updown-5m-1786938000,11:40-11:45,15.00,85.00,14.00,84.00,10.00,767.68,534.22,10.00,14.50,84.50,1.00,1.00,7801.33,9983.34,9863.33,7746.33,14,85,84,15,,63294.47,,
2026-08-17T11:42:00+08:00,btc-updown-5m-1786938000,https://polymarket.com/zh/event/btc-updown-5m-1786938000,11:40-11:45,16.00,85.00,15.00,84.00,38.62,660.93,693.07,51.62,15.50,84.50,1.00,1.00,7674.33,9789.33,9769.33,7684.33,15,84,84,15,,63294.47,,
2026-08-17T11:42:02+08:00,btc-updown-5m-1786938000,https://polymarket.com/zh/event/btc-updown-5m-1786938000,11:40-11:45,16.00,85.00,15.00,84.00,49.62,625.78,638.84,86.95,15.50,84.50,1.00,1.00,7744.82,9634.33,9720.33,7649.82,15,84,84,15,,63294.47,,
2026-08-17T11:42:04+08:00,btc-updown-5m-1786938000,https://polymarket.com/zh/event/btc-updown-5m-1786938000,11:40-11:45,16.00,85.00,15.00,84.00,394.01,69.58,149.58,394.01,15.50,84.50,1.00,1.00,7639.82,10174.33,10084.33,7639.82,15,84,84,15,,63294.47,,
2026-08-17T11:42:06+08:00,btc-updown-5m-1786938000,https://polymarket.com/zh/event/btc-updown-5m-1786938000,11:40-11:45,16.00,85.00,15.00,84.00,384.39,69.58,69.58,366.36,15.50,84.50,1.00,1.00,7749.82,9619.33,9645.33,7739.82,15,84,84,15,,63294.47,,
2026-08-17T11:42:08+08:00,btc-updown-5m-1786938000,https://polymarket.com/zh/event/btc-updown-5m-1786938000,11:40-11:45,16.00,85.00,15.00,84.00,254.35,68.40,68.40,281.67,15.50,84.50,1.00,1.00,7749.82,9735.33,9724.33,7744.82,15,84,84,15,,63294.47,,
2026-08-17T11:42:10+08:00,btc-updown-5m-1786938000,https://polymarket.com/zh/event/btc-updown-5m-1786938000,11:40-11:45,16.00,85.00,15.00,84.00,206.47,183.76,187.57,197.72,15.50,84.50,1.00,1.00,7845.80,9729.33,9635.33,7870.80,15,84,84,15,,63294.47,,
2026-08-17T11:42:12+08:00,btc-updown-5m-1786938000,https://polymarket.com/zh/event/btc-updown-5m-1786938000,11:40-11:45,16.00,85.00,15.00,84.00,273.06,116.60,117.78,349.07,15.50,84.50,1.00,1.00,7774.98,9600.33,9584.33,7774.98,15,84,84,15,,63294.47,,
2026-08-17T11:42:14+08:00,btc-updown-5m-1786938000,https://polymarket.com/zh/event/btc-updown-5m-1786938000,11:40-11:45,12.00,89.00,11.00,88.00,405.81,98.94,88.94,405.81,11.50,88.50,1.00,1.00,8434.98,10124.33,10055.33,8430.98,11,88,88,11,,63294.47,,
2026-08-17T11:42:16+08:00,btc-updown-5m-1786938000,https://polymarket.com/zh/event/btc-updown-5m-1786938000,11:40-11:45,15.00,86.00,14.00,85.00,408.89,30.00,30.00,473.64,14.50,85.50,1.00,1.00,8648.98,10029.34,10139.33,8732.98,14,85,85,14,,63294.47,,
2026-08-17T11:42:18+08:00,btc-updown-5m-1786938000,https://polymarket.com/zh/event/btc-updown-5m-1786938000,11:40-11:45,14.00,87.00,13.00,86.00,358.76,40.86,40.86,358.76,13.50,86.50,1.00,1.00,8737.98,10029.34,10144.33,8733.98,13,86,86,13,,63294.47,,
2026-08-17T11:42:20+08:00,btc-updown-5m-1786938000,https://polymarket.com/zh/event/btc-updown-5m-1786938000,11:40-11:45,13.00,88.00,12.00,87.00,365.19,45.00,65.31,357.49,12.50,87.50,1.00,1.00,8392.80,10039.38,10116.83,8885.80,12,87,87,12,,63294.47,,
2026-08-17T11:42:22+08:00,btc-updown-5m-1786938000,https://polymarket.com/zh/event/btc-updown-5m-1786938000,11:40-11:45,13.00,88.00,12.00,87.00,25.00,152.05,163.05,48.03,12.50,87.50,1.00,1.00,8172.13,10037.83,10021.84,8316.80,12,87,87,12,,63294.47,,
2026-08-17T11:42:24+08:00,btc-updown-5m-1786938000,https://polymarket.com/zh/event/btc-updown-5m-1786938000,11:40-11:45,23.00,79.00,22.00,78.00,169.36,110.00,8.71,93.76,22.50,78.50,1.00,1.00,13226.13,9311.83,9307.84,13087.13,22,77,78,21,,63294.47,,
2026-08-17T11:42:26+08:00,btc-updown-5m-1786938000,https://polymarket.com/zh/event/btc-updown-5m-1786938000,11:40-11:45,23.00,78.00,22.00,77.00,68.84,6.61,206.30,107.90,22.50,77.50,1.00,1.00,13167.13,9411.84,9296.83,13159.49,22,77,77,22,,63298.47,,
2026-08-17T11:42:28+08:00,btc-updown-5m-1786938000,https://polymarket.com/zh/event/btc-updown-5m-1786938000,11:40-11:45,22.00,79.00,21.00,78.00,62.57,252.09,242.09,42.57,21.50,78.50,1.00,1.00,12945.98,9321.83,9407.83,12955.98,21,78,78,21,,63298.47,,
2026-08-17T11:42:30+08:00,btc-updown-5m-1786938000,https://polymarket.com/zh/event/btc-updown-5m-1786938000,11:40-11:45,19.00,82.00,18.00,81.00,364.17,51.56,51.56,364.17,18.50,81.50,1.00,1.00,12836.98,9416.83,9411.84,12734.98,18,81,81,18,,63298.47,,
2026-08-17T11:42:32+08:00,btc-updown-5m-1786938000,https://polymarket.com/zh/event/btc-updown-5m-1786938000,11:40-11:45,16.00,84.00,15.00,83.00,10.00,121.98,144.14,92.74,15.50,83.50,1.00,1.00,12804.98,9296.83,9322.83,12540.98,15,84,83,15,,63296.11,,
2026-08-17T11:42:34+08:00,btc-updown-5m-1786938000,https://polymarket.com/zh/event/btc-updown-5m-1786938000,11:40-11:45,15.00,86.00,14.00,85.00,51.21,353.05,343.05,56.21,14.50,85.50,1.00,1.00,12874.98,9307.83,9416.83,12864.98,14,85,85,14,,63296.12,,
2026-08-17T11:42:36+08:00,btc-updown-5m-1786938000,https://polymarket.com/zh/event/btc-updown-5m-1786938000,11:40-11:45,15.00,86.00,14.00,85.00,54.96,87.08,87.06,125.33,14.50,85.50,1.00,1.00,8873.98,9407.83,9316.83,8863.98,14,85,85,14,,63296.11,,
2026-08-17T11:42:38+08:00,btc-updown-5m-1786938000,https://polymarket.com/zh/event/btc-updown-5m-1786938000,11:40-11:45,9.00,92.00,8.00,91.00,53.45,196.38,189.52,53.45,8.50,91.50,1.00,1.00,5851.05,9344.33,9396.83,5616.87,8,91,91,8,,63295.80,,
2026-08-17T11:42:40+08:00,btc-updown-5m-1786938000,https://polymarket.com/zh/event/btc-updown-5m-1786938000,11:40-11:45,13.00,88.00,12.00,87.00,50.68,58.34,73.34,557.62,12.50,87.50,1.00,1.00,6600.99,9306.83,9317.83,6610.81,12,87,87,12,,63294.55,,
2026-08-17T11:42:42+08:00,btc-updown-5m-1786938000,https://polymarket.com/zh/event/btc-updown-5m-1786938000,11:40-11:45,13.00,88.00,12.00,87.00,610.68,53.34,28.34,610.68,12.50,87.50,1.00,1.00,6650.81,9436.84,9401.83,6660.81,12,87,87,12,,63294.55,,
2026-08-17T11:42:44+08:00,btc-updown-5m-1786938000,https://polymarket.com/zh/event/btc-updown-5m-1786938000,11:40-11:45,12.00,89.00,11.00,88.00,366.71,72.13,42.13,336.71,11.50,88.50,1.00,1.00,6644.81,9756.83,9851.83,6570.81,11,88,88,11,,63294.55,,
2026-08-17T11:42:46+08:00,btc-updown-5m-1786938000,https://polymarket.com/zh/event/btc-updown-5m-1786938000,11:40-11:45,11.00,90.00,10.00,89.00,287.35,124.95,129.95,287.35,10.50,89.50,1.00,1.00,5547.81,9762.83,9756.83,5368.81,10,89,89,10,,63294.55,,
2026-08-17T11:42:48+08:00,btc-updown-5m-1786938000,https://polymarket.com/zh/event/btc-updown-5m-1786938000,11:40-11:45,10.00,91.00,9.00,90.00,195.11,149.76,149.76,195.11,9.50,90.50,1.00,1.00,5584.45,9866.83,9731.83,5584.45,9,90,90,9,,63294.56,,
2026-08-17T11:42:50+08:00,btc-updown-5m-1786938000,https://polymarket.com/zh/event/btc-updown-5m-1786938000,11:40-11:45,12.00,89.00,11.00,88.00,195.28,40.00,40.00,195.28,11.50,88.50,1.00,1.00,6958.45,9406.83,9317.83,6953.45,11,88,88,11,,63294.56,,
2026-08-17T11:42:51+08:00,btc-updown-5m-1786938000,https://polymarket.com/zh/event/btc-updown-5m-1786938000,11:40-11:45,11.00,90.00,10.00,89.00,262.73,40.00,40.00,262.73,10.50,89.50,1.00,1.00,6135.45,9309.34,9419.33,6225.45,10,89,89,10,,63294.56,,
2026-08-17T11:42:53+08:00,btc-updown-5m-1786938000,https://polymarket.com/zh/event/btc-updown-5m-1786938000,11:40-11:45,11.00,90.00,10.00,89.00,10.00,357.42,291.14,15.00,10.50,89.50,1.00,1.00,6295.45,9417.84,9411.83,6285.45,10,89,89,10,,63294.56,,
2026-08-17T11:42:55+08:00,btc-updown-5m-1786938000,https://polymarket.com/zh/event/btc-updown-5m-1786938000,11:40-11:45,12.00,89.00,11.00,88.00,289.44,146.00,146.00,289.44,11.50,88.50,1.00,1.00,7263.45,9746.83,9767.83,7264.45,11,88,88,11,,63294.56,,
2026-08-17T11:42:57+08:00,btc-updown-5m-1786938000,https://polymarket.com/zh/event/btc-updown-5m-1786938000,11:40-11:45,12.00,89.00,11.00,88.00,67.53,163.37,163.37,74.11,11.50,88.50,1.00,1.00,7318.67,9447.83,9326.84,7318.67,11,88,88,11,,63294.56,,
2026-08-17T11:42:59+08:00,btc-updown-5m-1786938000,https://polymarket.com/zh/event/btc-updown-5m-1786938000,11:40-11:45,18.00,83.00,17.00,82.00,338.62,66.93,66.93,407.31,17.50,82.50,1.00,1.00,5776.81,9476.83,9447.83,5792.81,17,82,82,17,,63298.47,,
2026-08-17T11:43:01+08:00,btc-updown-5m-1786938000,https://polymarket.com/zh/event/btc-updown-5m-1786938000,11:40-11:45,17.00,84.00,16.00,83.00,270.50,61.99,59.01,280.50,16.50,83.50,1.00,1.00,5402.72,9346.03,9315.03,5412.72,16,83,83,16,,63298.47,,
2026-08-17T11:43:03+08:00,btc-updown-5m-1786938000,https://polymarket.com/zh/event/btc-updown-5m-1786938000,11:40-11:45,17.00,84.00,16.00,83.00,517.07,10.69,40.69,457.07,16.50,83.50,1.00,1.00,5402.72,9349.98,9484.98,5122.72,16,83,83,16,,63298.47,,
2026-08-17T11:43:05+08:00,btc-updown-5m-1786938000,https://polymarket.com/zh/event/btc-updown-5m-1786938000,11:40-11:45,16.00,85.00,15.00,84.00,319.78,98.35,98.35,319.78,15.50,84.50,1.00,1.00,5519.72,9839.98,9745.98,5465.05,15,84,84,15,,63298.48,,
2026-08-17T11:43:07+08:00,btc-updown-5m-1786938000,https://polymarket.com/zh/event/btc-updown-5m-1786938000,11:40-11:45,14.00,87.00,13.00,86.00,231.24,99.52,99.52,231.24,13.50,86.50,1.00,1.00,6376.36,9729.98,9655.98,6366.36,13,86,86,13,,63298.47,,
2026-08-17T11:43:09+08:00,btc-updown-5m-1786938000,https://polymarket.com/zh/event/btc-updown-5m-1786938000,11:40-11:45,11.00,90.00,10.00,89.00,72.10,134.55,134.55,72.10,10.50,89.50,1.00,1.00,6008.72,9735.98,9749.98,6004.72,10,89,89,10,,63298.47,,
2026-08-17T11:43:11+08:00,btc-updown-5m-1786938000,https://polymarket.com/zh/event/btc-updown-5m-1786938000,11:40-11:45,11.00,89.00,10.00,88.00,10.00,106.00,134.58,160.04,10.50,88.50,1.00,1.00,6046.36,9934.98,9744.98,6036.36,10,89,88,11,,63298.47,,
2026-08-17T11:43:13+08:00,btc-updown-5m-1786938000,https://polymarket.com/zh/event/btc-updown-5m-1786938000,11:40-11:45,12.00,89.00,11.00,88.00,213.75,54.00,96.78,243.75,11.50,88.50,1.00,1.00,5616.36,9644.98,9750.98,5611.36,11,88,88,11,,63298.47,,
2026-08-17T11:43:15+08:00,btc-updown-5m-1786938000,https://polymarket.com/zh/event/btc-updown-5m-1786938000,11:40-11:45,12.00,89.00,11.00,88.00,209.41,18.85,18.85,214.41,11.50,88.50,1.00,1.00,4980.36,9639.98,9749.98,5100.36,11,88,88,11,,63298.47,,
2026-08-17T11:43:17+08:00,btc-updown-5m-1786938000,https://polymarket.com/zh/event/btc-updown-5m-1786938000,11:40-11:45,11.00,90.00,10.00,89.00,42.62,87.81,98.30,55.00,10.50,89.50,1.00,1.00,5031.36,9284.98,9279.98,5031.36,10,89,89,10,,63298.47,,
2026-08-17T11:43:19+08:00,btc-updown-5m-1786938000,https://polymarket.com/zh/event/btc-updown-5m-1786938000,11:40-11:45,12.00,89.00,11.00,88.00,253.48,30.00,30.00,253.48,11.50,88.50,1.00,1.00,5047.50,9194.98,9205.99,5058.50,11,88,88,11,,63298.47,,
2026-08-17T11:43:21+08:00,btc-updown-5m-1786938000,https://polymarket.com/zh/event/btc-updown-5m-1786938000,11:40-11:45,9.00,92.00,8.00,91.00,33.32,19.87,14.87,22.16,8.50,91.50,1.00,1.00,4952.50,9749.99,9729.98,4958.50,8,91,91,8,,63298.47,,
2026-08-17T11:43:23+08:00,btc-updown-5m-1786938000,https://polymarket.com/zh/event/btc-updown-5m-1786938000,11:40-11:45,9.00,92.00,8.00,91.00,121.00,124.71,124.71,121.00,8.50,91.50,1.00,1.00,5113.38,9665.98,9669.99,5109.38,8,91,91,8,,63298.47,,
2026-08-17T11:43:25+08:00,btc-updown-5m-1786938000,https://polymarket.com/zh/event/btc-updown-5m-1786938000,11:40-11:45,14.00,87.00,13.00,86.00,65.91,210.00,197.00,65.91,13.50,86.50,1.00,1.00,9518.04,9889.99,9800.98,9534.04,13,86,86,13,,63300.19,,
2026-08-17T11:43:27+08:00,btc-updown-5m-1786938000,https://polymarket.com/zh/event/btc-updown-5m-1786938000,11:40-11:45,14.00,87.00,13.00,86.00,175.80,112.00,112.00,157.77,13.50,86.50,1.00,1.00,6039.19,9739.98,9734.98,6044.19,13,86,86,13,,63300.19,,
2026-08-17T11:43:29+08:00,btc-updown-5m-1786938000,https://polymarket.com/zh/event/btc-updown-5m-1786938000,11:40-11:45,13.00,88.00,12.00,87.00,335.82,18.71,18.71,411.95,12.50,87.50,1.00,1.00,6151.50,9653.48,9737.48,6278.09,12,87,87,12,,63300.19,,
2026-08-17T11:43:31+08:00,btc-updown-5m-1786938000,https://polymarket.com/zh/event/btc-updown-5m-1786938000,11:40-11:45,4.00,97.00,3.00,96.00,238.76,425.77,635.62,326.56,3.50,96.50,1.00,1.00,2543.92,9842.48,9592.48,2244.07,3,96,96,3,,63280.42,,
2026-08-17T11:43:33+08:00,btc-updown-5m-1786938000,https://polymarket.com/zh/event/btc-updown-5m-1786938000,11:40-11:45,3.00,99.00,2.00,98.00,663.56,1329.32,420.95,73.32,2.50,98.50,1.00,1.00,1750.27,9704.48,9589.48,1329.32,2,97,98,1,,63277.75,,
2026-08-17T11:43:35+08:00,btc-updown-5m-1786938000,https://polymarket.com/zh/event/btc-updown-5m-1786938000,11:40-11:45,2.00,99.00,1.00,98.00,126.70,1833.62,1256.01,126.70,1.50,98.50,1.00,1.00,1256.01,9358.96,9348.97,1833.62,1,98,98,1,,63277.75,,
2026-08-17T11:43:37+08:00,btc-updown-5m-1786938000,https://polymarket.com/zh/event/btc-updown-5m-1786938000,11:40-11:45,2.00,99.00,1.00,98.00,83.17,1750.33,1507.33,83.17,1.50,98.50,1.00,1.00,1507.33,9502.92,9602.91,1750.33,1,98,98,1,,63277.99,,
2026-08-17T11:43:39+08:00,btc-updown-5m-1786938000,https://polymarket.com/zh/event/btc-updown-5m-1786938000,11:40-11:45,3.00,99.00,2.00,98.00,161.39,1503.25,4708.95,49.98,2.50,98.50,1.00,1.00,6356.88,9513.91,9392.91,1503.25,2,97,98,1,,63277.99,,
2026-08-17T11:43:41+08:00,btc-updown-5m-1786938000,https://polymarket.com/zh/event/btc-updown-5m-1786938000,11:40-11:45,2.00,99.00,1.00,98.00,65.77,860.38,860.38,65.77,1.50,98.50,1.00,1.00,860.38,9553.96,9432.91,860.38,1,98,98,1,,63284.78,,
2026-08-17T11:43:42+08:00,btc-updown-5m-1786938000,https://polymarket.com/zh/event/btc-updown-5m-1786938000,11:40-11:45,3.00,98.00,2.00,97.00,580.05,5.00,5.00,580.05,2.50,97.50,1.00,1.00,778.01,9432.91,9548.91,778.01,2,97,97,2,,63284.78,,
2026-08-17T11:43:45+08:00,btc-updown-5m-1786938000,https://polymarket.com/zh/event/btc-updown-5m-1786938000,11:40-11:45,2.00,99.00,1.00,98.00,363.65,232.45,225.45,376.65,1.50,98.50,1.00,1.00,225.45,9437.91,9433.91,232.45,1,98,98,1,,63284.78,,
2026-08-17T11:43:46+08:00,btc-updown-5m-1786938000,https://polymarket.com/zh/event/btc-updown-5m-1786938000,11:40-11:45,2.00,99.00,1.00,98.00,339.60,37.01,37.01,357.34,1.50,98.50,1.00,1.00,37.01,9537.92,9543.96,37.01,1,98,98,1,,63284.78,,
2026-08-17T11:43:48+08:00,btc-updown-5m-1786938000,https://polymarket.com/zh/event/btc-updown-5m-1786938000,11:40-11:45,2.00,99.00,,98.00,5.00,30.38,,28.69,,98.50,,1.00,,9542.91,9533.91,30.38,0,98,98,1,,63284.78,,
2026-08-17T11:43:50+08:00,btc-updown-5m-1786938000,https://polymarket.com/zh/event/btc-updown-5m-1786938000,11:40-11:45,2.00,99.00,1.00,98.00,332.08,48.73,48.68,332.08,1.50,98.50,1.00,1.00,48.68,9527.91,9427.91,48.73,1,98,98,1,,63284.78,,
2026-08-17T11:43:52+08:00,btc-updown-5m-1786938000,https://polymarket.com/zh/event/btc-updown-5m-1786938000,11:40-11:45,2.00,99.00,1.00,98.00,363.11,131.72,119.44,363.11,1.50,98.50,1.00,1.00,119.44,9542.96,9438.96,131.72,1,98,98,1,,63284.78,,
2026-08-17T11:43:54+08:00,btc-updown-5m-1786938000,https://polymarket.com/zh/event/btc-updown-5m-1786938000,11:40-11:45,2.00,99.00,1.00,98.00,361.80,149.01,160.83,361.80,1.50,98.50,1.00,1.00,160.83,9090.42,8970.41,149.01,1,98,98,1,,63287.89,,
2026-08-17T11:43:56+08:00,btc-updown-5m-1786938000,https://polymarket.com/zh/event/btc-updown-5m-1786938000,11:40-11:45,1.00,,,99.00,4035.01,,,4035.01,,,,,,8375.92,8386.92,,0,99,99,0,,63287.89,,
2026-08-17T11:43:58+08:00,btc-updown-5m-1786938000,https://polymarket.com/zh/event/btc-updown-5m-1786938000,11:40-11:45,1.00,,,99.00,4552.85,,,4552.85,,,,,,8393.92,8398.92,,0,99,99,0,,63287.89,,
2026-08-17T11:44:00+08:00,btc-updown-5m-1786938000,https://polymarket.com/zh/event/btc-updown-5m-1786938000,11:40-11:45,1.00,,,99.00,4893.45,,,4893.45,,,,,,4188.92,4187.92,,0,99,99,0,,63287.89,,
2026-08-17T11:44:02+08:00,btc-updown-5m-1786938000,https://polymarket.com/zh/event/btc-updown-5m-1786938000,11:40-11:45,1.00,,,99.00,4757.70,,,4787.70,,,,,,4197.92,4182.92,,0,99,99,0,,63287.89,,
2026-08-17T11:44:04+08:00,btc-updown-5m-1786938000,https://polymarket.com/zh/event/btc-updown-5m-1786938000,11:40-11:45,1.00,,,99.00,5557.70,,,5557.70,,,,,,4180.42,4175.42,,0,99,99,0,,63287.90,,
2026-08-17T11:44:06+08:00,btc-updown-5m-1786938000,https://polymarket.com/zh/event/btc-updown-5m-1786938000,11:40-11:45,1.00,,,99.00,6357.43,,,6357.43,,,,,,4190.42,4181.42,,0,99,99,0,,63287.89,,
2026-08-17T11:44:08+08:00,btc-updown-5m-1786938000,https://polymarket.com/zh/event/btc-updown-5m-1786938000,11:40-11:45,1.00,,,99.00,6495.68,,,6495.68,,,,,,4170.42,4186.42,,0,99,99,0,,63287.89,,
2026-08-17T11:44:10+08:00,btc-updown-5m-1786938000,https://polymarket.com/zh/event/btc-updown-5m-1786938000,11:40-11:45,1.00,,,99.00,6595.68,,,6621.68,,,,,,4176.42,4170.42,,0,99,99,0,,63287.90,,
2026-08-17T11:44:12+08:00,btc-updown-5m-1786938000,https://polymarket.com/zh/event/btc-updown-5m-1786938000,11:40-11:45,1.00,,,99.00,8136.68,,,8236.68,,,,,,4170.42,4170.42,,0,99,99,0,,63287.89,,
2026-08-17T11:44:14+08:00,btc-updown-5m-1786938000,https://polymarket.com/zh/event/btc-updown-5m-1786938000,11:40-11:45,1.00,,,99.00,8241.68,,,8271.68,,,,,,4170.42,4181.42,,0,99,99,0,,63287.89,,
2026-08-17T11:44:16+08:00,btc-updown-5m-1786938000,https://polymarket.com/zh/event/btc-updown-5m-1786938000,11:40-11:45,1.00,,,99.00,11250.55,,,11150.55,,,,,,4181.42,4180.42,,0,99,99,0,,63286.37,,
2026-08-17T11:44:18+08:00,btc-updown-5m-1786938000,https://polymarket.com/zh/event/btc-updown-5m-1786938000,11:40-11:45,1.00,,,99.00,11192.26,,,11192.26,,,,,,4168.42,4163.42,,0,99,99,0,,63286.38,,
2026-08-17T11:44:20+08:00,btc-updown-5m-1786938000,https://polymarket.com/zh/event/btc-updown-5m-1786938000,11:40-11:45,1.00,,,99.00,11222.46,,,11222.46,,,,,,4163.42,4163.42,,0,99,99,0,,63286.38,,
2026-08-17T11:44:22+08:00,btc-updown-5m-1786938000,https://polymarket.com/zh/event/btc-updown-5m-1786938000,11:40-11:45,1.00,,,99.00,11325.46,,,11425.46,,,,,,4179.42,4178.42,,0,99,99,0,,63286.38,,
2026-08-17T11:44:24+08:00,btc-updown-5m-1786938000,https://polymarket.com/zh/event/btc-updown-5m-1786938000,11:40-11:45,0.10,,,99.90,5094.75,,,5094.75,,,,,,4163.42,4169.42,,0,105,105,0,,63286.38,,
2026-08-17T11:44:26+08:00,btc-updown-5m-1786938000,https://polymarket.com/zh/event/btc-updown-5m-1786938000,11:40-11:45,0.10,,,99.90,5154.75,,,5159.75,,,,,,3903.41,3904.41,,0,107,107,0,,63286.38,,
2026-08-17T11:44:28+08:00,btc-updown-5m-1786938000,https://polymarket.com/zh/event/btc-updown-5m-1786938000,11:40-11:45,0.10,,,99.90,5159.75,,,5159.75,,,,,,3914.41,3893.41,,0,107,107,0,,63286.38,,
2026-08-17T11:44:29+08:00,btc-updown-5m-1786938000,https://polymarket.com/zh/event/btc-updown-5m-1786938000,11:40-11:45,0.10,,,99.90,5679.75,,,5679.75,,,,,,4158.41,4168.41,,0,107,107,0,,63286.38,,
2026-08-17T11:44:31+08:00,btc-updown-5m-1786938000,https://polymarket.com/zh/event/btc-updown-5m-1786938000,11:40-11:45,0.10,,,99.90,5710.02,,,5710.02,,,,,,3663.41,3408.41,,0,107,107,0,,63286.38,,
2026-08-17T11:44:33+08:00,btc-updown-5m-1786938000,https://polymarket.com/zh/event/btc-updown-5m-1786938000,11:40-11:45,0.10,,,99.90,5715.02,,,5715.02,,,,,,3404.41,3394.41,,0,109,109,0,,63286.39,,
2026-08-17T11:44:35+08:00,btc-updown-5m-1786938000,https://polymarket.com/zh/event/btc-updown-5m-1786938000,11:40-11:45,0.10,,,99.90,5737.51,,,5737.51,,,,,,3393.41,3394.41,,0,109,109,0,,63286.38,,
2026-08-17T11:44:37+08:00,btc-updown-5m-1786938000,https://polymarket.com/zh/event/btc-updown-5m-1786938000,11:40-11:45,0.10,,,99.90,5737.51,,,5737.51,,,,,,3388.41,3404.41,,0,109,109,0,,63286.38,,
2026-08-17T11:44:39+08:00,btc-updown-5m-1786938000,https://polymarket.com/zh/event/btc-updown-5m-1786938000,11:40-11:45,0.10,,,99.90,7095.32,,,7095.32,,,,,,3414.41,3393.41,,0,109,109,0,,63286.38,,
2026-08-17T11:44:41+08:00,btc-updown-5m-1786938000,https://polymarket.com/zh/event/btc-updown-5m-1786938000,11:40-11:45,0.10,,,99.90,7332.92,,,7332.92,,,,,,3393.41,3398.41,,0,109,109,0,,63286.38,,
2026-08-17T11:44:43+08:00,btc-updown-5m-1786938000,https://polymarket.com/zh/event/btc-updown-5m-1786938000,11:40-11:45,0.10,,,99.90,36867.48,,,36867.48,,,,,,3408.41,3399.41,,0,109,109,0,,63286.38,,
2026-08-17T11:44:45+08:00,btc-updown-5m-1786938000,https://polymarket.com/zh/event/btc-updown-5m-1786938000,11:40-11:45,0.10,,,99.90,41877.48,,,41877.48,,,,,,3399.41,3398.41,,0,109,109,0,,63286.38,,
2026-08-17T11:44:47+08:00,btc-updown-5m-1786938000,https://polymarket.com/zh/event/btc-updown-5m-1786938000,11:40-11:45,0.10,,,99.90,42493.79,,,42493.79,,,,,,3408.41,3399.41,,0,109,109,0,,63286.38,,
2026-08-17T11:44:49+08:00,btc-updown-5m-1786938000,https://polymarket.com/zh/event/btc-updown-5m-1786938000,11:40-11:45,0.10,,,99.90,42493.79,,,42493.79,,,,,,3398.41,3409.41,,0,110,110,0,,63286.38,,
2026-08-17T11:44:51+08:00,btc-updown-5m-1786938000,https://polymarket.com/zh/event/btc-updown-5m-1786938000,11:40-11:45,0.10,,,99.90,42523.79,,,42523.79,,,,,,3414.41,3393.41,,0,110,110,0,,63286.38,,
2026-08-17T11:44:53+08:00,btc-updown-5m-1786938000,https://polymarket.com/zh/event/btc-updown-5m-1786938000,11:40-11:45,0.10,,,99.90,45523.79,,,45523.79,,,,,,3393.41,3403.41,,0,110,110,0,,63286.38,,
2026-08-17T11:44:55+08:00,btc-updown-5m-1786938000,https://polymarket.com/zh/event/btc-updown-5m-1786938000,11:40-11:45,0.10,,,99.90,45523.60,,,45523.60,,,,,,3398.41,3414.41,,0,110,110,0,,63287.01,,
2026-08-17T11:44:57+08:00,btc-updown-5m-1786938000,https://polymarket.com/zh/event/btc-updown-5m-1786938000,11:40-11:45,0.10,,,99.90,45423.50,,,45423.50,,,,,,2164.41,2153.41,,0,110,110,0,,63287.00,,
2026-08-17T11:44:59+08:00,btc-updown-5m-1786938000,https://polymarket.com/zh/event/btc-updown-5m-1786938000,11:40-11:45,0.10,,,99.90,45542.38,,,45542.38,,,,,,2153.41,2163.41,,0,111,111,0,,63287.00,,
2026-08-17T11:45:01+08:00,btc-updown-5m-1786938300,https://polymarket.com/zh/event/btc-updown-5m-1786938300,11:45-11:50,48.00,53.00,47.00,52.00,20.74,20.00,32.00,10.74,47.50,52.50,1.00,1.00,13601.45,11794.49,12419.49,13996.45,43,49,51,47,63287.00,63287.00,,
2026-08-17T11:45:03+08:00,btc-updown-5m-1786938300,https://polymarket.com/zh/event/btc-updown-5m-1786938300,11:45-11:50,50.00,51.00,49.00,50.00,308.32,59.92,81.00,308.32,49.50,50.50,1.00,1.00,15147.47,13340.52,13590.52,15127.47,49,50,50,49,63287.00,63287.00,,
2026-08-17T11:45:05+08:00,btc-updown-5m-1786938300,https://polymarket.com/zh/event/btc-updown-5m-1786938300,11:45-11:50,50.00,51.00,49.00,50.00,277.43,144.99,144.99,387.41,49.50,50.50,1.00,1.00,15357.47,13480.52,13480.52,15367.47,49,50,50,49,63287.00,63287.01,,
2026-08-17T11:45:07+08:00,btc-updown-5m-1786938300,https://polymarket.com/zh/event/btc-updown-5m-1786938300,11:45-11:50,50.00,51.00,49.00,50.00,97.52,144.58,178.02,97.52,49.50,50.50,1.00,1.00,15119.50,13092.55,13192.56,15104.50,49,50,50,49,63287.00,63287.00,,
2026-08-17T11:45:09+08:00,btc-updown-5m-1786938300,https://polymarket.com/zh/event/btc-updown-5m-1786938300,11:45-11:50,49.00,52.00,48.00,51.00,92.95,424.68,424.68,92.95,48.50,51.50,1.00,1.00,13099.50,11212.55,11112.55,13119.50,48,51,51,48,63287.00,63287.00,,
2026-08-17T11:45:11+08:00,btc-updown-5m-1786938300,https://polymarket.com/zh/event/btc-updown-5m-1786938300,11:45-11:50,50.00,51.00,49.00,50.00,40.00,323.44,323.44,40.00,49.50,50.50,1.00,1.00,15590.50,13145.31,13260.32,15595.50,49,50,50,49,63287.00,63287.00,,
2026-08-17T11:45:13+08:00,btc-updown-5m-1786938300,https://polymarket.com/zh/event/btc-updown-5m-1786938300,11:45-11:50,52.00,49.00,51.00,48.00,5.00,371.91,371.91,2.98,51.50,48.50,1.00,1.00,15076.50,13555.31,13560.31,15201.51,51,47,47,51,63287.00,63287.00,,
2026-08-17T11:45:15+08:00,btc-updown-5m-1786938300,https://polymarket.com/zh/event/btc-updown-5m-1786938300,11:45-11:50,53.00,48.00,52.00,47.00,19.33,437.92,397.92,19.33,52.50,47.50,1.00,1.00,15176.50,13555.31,13560.31,15106.50,52,47,47,52,63287.00,63287.00,,
2026-08-17T11:45:17+08:00,btc-updown-5m-1786938300,https://polymarket.com/zh/event/btc-updown-5m-1786938300,11:45-11:50,54.00,47.00,53.00,46.00,50.09,346.29,184.73,20.83,53.50,46.50,1.00,1.00,15986.79,13565.31,13852.91,16076.09,53,46,46,53,63287.00,63287.01,,
2026-08-17T11:45:19+08:00,btc-updown-5m-1786938300,https://polymarket.com/zh/event/btc-updown-5m-1786938300,11:45-11:50,55.00,46.00,54.00,45.00,98.98,90.47,90.47,98.98,54.50,45.50,1.00,1.00,15363.49,14082.30,13762.30,15373.49,54,45,45,54,63287.00,63287.00,,
2026-08-17T11:45:21+08:00,btc-updown-5m-1786938300,https://polymarket.com/zh/event/btc-updown-5m-1786938300,11:45-11:50,55.00,46.00,54.00,45.00,169.33,72.00,72.00,169.33,54.50,45.50,1.00,1.00,13833.49,12407.30,12302.30,13948.50,54,45,45,54,63287.00,63287.00,,
2026-08-17T11:45:22+08:00,btc-updown-5m-1786938300,https://polymarket.com/zh/event/btc-updown-5m-1786938300,11:45-11:50,55.00,47.00,54.00,46.00,502.92,20.00,61.00,259.02,54.50,46.50,1.00,1.00,13923.50,12267.30,12282.30,14018.49,54,45,46,53,63287.00,63287.00,,
2026-08-17T11:45:24+08:00,btc-updown-5m-1786938300,https://polymarket.com/zh/event/btc-updown-5m-1786938300,11:45-11:50,53.00,47.00,52.00,46.00,20.00,166.00,227.59,29.91,52.50,46.50,1.00,1.00,13338.49,12047.30,12077.30,13678.49,52,47,46,53,63287.00,63287.00,,
2026-08-17T11:45:26+08:00,btc-updown-5m-1786938300,https://polymarket.com/zh/event/btc-updown-5m-1786938300,11:45-11:50,54.00,47.00,53.00,46.00,71.81,59.44,142.08,99.85,53.50,46.50,1.00,1.00,13423.49,11812.30,11802.30,13103.49,53,46,46,53,63287.00,63287.00,,
2026-08-17T11:45:28+08:00,btc-updown-5m-1786938300,https://polymarket.com/zh/event/btc-updown-5m-1786938300,11:45-11:50,55.00,46.00,54.00,45.00,174.39,57.56,57.56,174.39,54.50,45.50,1.00,1.00,13278.49,11532.30,11522.30,13178.49,54,45,45,54,63287.00,63287.00,,
2026-08-17T11:45:30+08:00,btc-updown-5m-1786938300,https://polymarket.com/zh/event/btc-updown-5m-1786938300,11:45-11:50,55.00,46.00,54.00,45.00,185.16,67.56,62.56,185.16,54.50,45.50,1.00,1.00,12793.50,11112.30,11117.30,12803.49,54,45,45,54,63287.00,63287.00,,
2026-08-17T11:45:32+08:00,btc-updown-5m-1786938300,https://polymarket.com/zh/event/btc-updown-5m-1786938300,11:45-11:50,55.00,46.00,54.00,45.00,418.27,64.34,40.00,379.91,54.50,45.50,1.00,1.00,11993.49,10872.30,10867.30,12113.49,54,45,45,54,63287.00,63287.00,,
2026-08-17T11:45:34+08:00,btc-updown-5m-1786938300,https://polymarket.com/zh/event/btc-updown-5m-1786938300,11:45-11:50,53.00,48.00,52.00,47.00,359.08,192.77,187.77,326.33,52.50,47.50,1.00,1.00,11753.49,10567.30,10972.30,12198.49,52,47,47,52,63287.00,63287.00,,
2026-08-17T11:45:36+08:00,btc-updown-5m-1786938300,https://polymarket.com/zh/event/btc-updown-5m-1786938300,11:45-11:50,53.00,48.00,52.00,47.00,575.06,25.00,25.00,556.69,52.50,47.50,1.00,1.00,11813.49,11072.30,11047.30,12253.49,52,47,47,52,63287.00,63287.00,,
2026-08-17T11:45:38+08:00,btc-updown-5m-1786938300,https://polymarket.com/zh/event/btc-updown-5m-1786938300,11:45-11:50,50.00,51.00,49.00,50.00,476.30,95.55,80.55,481.30,49.50,50.50,1.00,1.00,12193.49,10772.30,10657.30,12203.49,49,50,50,49,63287.00,63284.71,,
2026-08-17T11:45:40+08:00,btc-updown-5m-1786938300,https://polymarket.com/zh/event/btc-updown-5m-1786938300,11:45-11:50,50.00,51.00,49.00,50.00,154.94,53.75,53.75,154.94,49.50,50.50,1.00,1.00,12133.49,10682.30,10577.30,12113.49,49,50,50,49,63287.00,63284.71,,
2026-08-17T11:45:42+08:00,btc-updown-5m-1786938300,https://polymarket.com/zh/event/btc-updown-5m-1786938300,11:45-11:50,49.00,52.00,48.00,51.00,385.12,98.50,98.50,406.45,48.50,51.50,1.00,1.00,12153.49,10692.30,10697.30,12133.49,48,51,51,48,63287.00,63284.71,,
2026-08-17T11:45:44+08:00,btc-updown-5m-1786938300,https://polymarket.com/zh/event/btc-updown-5m-1786938300,11:45-11:50,49.00,52.00,48.00,51.00,333.96,100.69,100.69,333.96,48.50,51.50,1.00,1.00,12143.49,10592.31,10607.30,12148.49,48,51,51,48,63287.00,63284.71,,
2026-08-17T11:45:46+08:00,btc-updown-5m-1786938300,https://polymarket.com/zh/event/btc-updown-5m-1786938300,11:45-11:50,49.00,52.00,48.00,51.00,156.51,209.74,175.85,156.51,48.50,51.50,1.00,1.00,12148.49,10237.30,10257.35,12158.49,48,51,51,48,63287.00,63284.71,,
2026-08-17T11:45:48+08:00,btc-updown-5m-1786938300,https://polymarket.com/zh/event/btc-updown-5m-1786938300,11:45-11:50,49.00,52.00,48.00,51.00,220.50,82.70,100.69,220.50,48.50,51.50,1.00,1.00,12148.49,10137.30,10237.30,12158.49,48,51,51,48,63287.00,63284.71,,
2026-08-17T11:45:50+08:00,btc-updown-5m-1786938300,https://polymarket.com/zh/event/btc-updown-5m-1786938300,11:45-11:50,49.00,52.00,48.00,51.00,92.49,402.13,402.13,92.49,48.50,51.50,1.00,1.00,12608.49,10242.30,10142.31,12598.49,48,51,51,48,63287.00,63284.71,,
2026-08-17T11:45:52+08:00,btc-updown-5m-1786938300,https://polymarket.com/zh/event/btc-updown-5m-1786938300,11:45-11:50,49.00,52.00,48.00,51.00,24.80,414.23,384.23,24.80,48.50,51.50,1.00,1.00,12588.49,10262.31,10237.30,12598.49,48,51,51,48,63287.00,63284.71,,
2026-08-17T11:45:54+08:00,btc-updown-5m-1786938300,https://polymarket.com/zh/event/btc-updown-5m-1786938300,11:45-11:50,49.00,52.00,48.00,51.00,127.54,177.49,407.15,148.10,48.50,51.50,1.00,1.00,11898.49,10007.30,9912.30,11918.49,48,51,51,48,63287.00,63284.71,,
2026-08-17T11:45:56+08:00,btc-updown-5m-1786938300,https://polymarket.com/zh/event/btc-updown-5m-1786938300,11:45-11:50,49.00,52.00,48.00,51.00,15.90,310.39,163.68,15.90,48.50,51.50,1.00,1.00,11903.49,9907.30,10002.30,11918.49,48,51,51,48,63287.00,63284.71,,
2026-08-17T11:45:58+08:00,btc-updown-5m-1786938300,https://polymarket.com/zh/event/btc-updown-5m-1786938300,11:45-11:50,49.00,52.00,48.00,51.00,32.96,325.39,325.39,32.96,48.50,51.50,1.00,1.00,11563.49,9662.30,9682.36,11558.49,48,51,51,48,63287.00,63284.71,,
2026-08-17T11:46:00+08:00,btc-updown-5m-1786938300,https://polymarket.com/zh/event/btc-updown-5m-1786938300,11:45-11:50,49.00,52.00,48.00,51.00,10.00,338.39,338.39,10.00,48.50,51.50,1.00,1.00,11333.49,9547.31,13847.30,15513.49,48,51,51,48,63287.00,63284.71,,
2026-08-17T11:46:02+08:00,btc-updown-5m-1786938300,https://polymarket.com/zh/event/btc-updown-5m-1786938300,11:45-11:50,49.00,50.00,48.00,49.00,10.00,15.00,311.46,200.54,48.50,49.50,1.00,1.00,13993.49,13507.30,13702.30,13688.49,48,51,49,50,63287.00,63284.71,,
2026-08-17T11:46:04+08:00,btc-updown-5m-1786938300,https://polymarket.com/zh/event/btc-updown-5m-1786938300,11:45-11:50,51.00,50.00,50.00,49.00,325.72,73.60,73.60,325.72,50.50,49.50,1.00,1.00,13798.49,14112.30,14112.30,13888.49,50,49,49,50,63287.00,63284.71,,
2026-08-17T11:46:06+08:00,btc-updown-5m-1786938300,https://polymarket.com/zh/event/btc-updown-5m-1786938300,11:45-11:50,51.00,50.00,50.00,49.00,184.13,44.56,44.56,176.64,50.50,49.50,1.00,1.00,13658.49,13417.30,13259.30,13364.49,50,49,49,50,63287.00,63284.71,,
2026-08-17T11:46:08+08:00,btc-updown-5m-1786938300,https://polymarket.com/zh/event/btc-updown-5m-1786938300,11:45-11:50,51.00,50.00,50.00,49.00,26.04,455.31,455.31,26.04,50.50,49.50,1.00,1.00,13435.49,13189.30,13214.30,13835.49,50,49,49,50,63287.00,63284.71,,
2026-08-17T11:46:10+08:00,btc-updown-5m-1786938300,https://polymarket.com/zh/event/btc-updown-5m-1786938300,11:45-11:50,52.00,49.00,51.00,48.00,15.00,386.00,386.00,20.00,51.50,48.50,1.00,1.00,13190.49,12949.30,12954.30,13200.49,51,48,48,51,63287.00,63284.72,,
2026-08-17T11:46:11+08:00,btc-updown-5m-1786938300,https://polymarket.com/zh/event/btc-updown-5m-1786938300,11:45-11:50,53.00,48.00,52.00,47.00,100.03,234.89,234.89,100.03,52.50,47.50,1.00,1.00,13095.49,12974.30,12949.30,13700.49,52,47,47,52,63287.00,63284.72,,
2026-08-17T11:46:13+08:00,btc-updown-5m-1786938300,https://polymarket.com/zh/event/btc-updown-5m-1786938300,11:45-11:50,52.00,49.00,51.00,48.00,30.00,332.07,109.31,5.00,51.50,48.50,1.00,1.00,13008.49,13357.30,13342.30,12503.49,51,48,48,51,63287.00,63284.71,,
2026-08-17T11:46:15+08:00,btc-updown-5m-1786938300,https://polymarket.com/zh/event/btc-updown-5m-1786938300,11:45-11:50,53.00,48.00,52.00,47.00,215.48,41.07,41.07,215.48,52.50,47.50,1.00,1.00,13653.49,12912.30,12892.30,14053.49,52,47,47,52,63287.00,63284.72,,
2026-08-17T11:46:17+08:00,btc-updown-5m-1786938300,https://polymarket.com/zh/event/btc-updown-5m-1786938300,11:45-11:50,52.00,49.00,51.00,48.00,244.74,91.32,91.32,244.74,51.50,48.50,1.00,1.00,12514.49,12829.30,12844.30,12924.49,51,48,48,51,63287.00,63284.71,,
2026-08-17T11:46:19+08:00,btc-updown-5m-1786938300,https://polymarket.com/zh/event/btc-updown-5m-1786938300,11:45-11:50,52.00,49.00,51.00,48.00,20.38,345.96,345.96,27.38,51.50,48.50,1.00,1.00,12524.49,12824.30,12844.30,12929.49,51,48,48,51,63287.00,63284.71,,
2026-08-17T11:46:21+08:00,btc-updown-5m-1786938300,https://polymarket.com/zh/event/btc-updown-5m-1786938300,11:45-11:50,53.00,48.00,52.00,47.00,361.49,426.39,25.00,303.80,52.50,47.50,1.00,1.00,12429.50,13269.30,13289.30,12419.49,52,47,47,52,63287.00,63284.71,,
2026-08-17T11:46:23+08:00,btc-updown-5m-1786938300,https://polymarket.com/zh/event/btc-updown-5m-1786938300,11:45-11:50,53.00,48.00,52.00,47.00,24.33,524.57,514.57,3.04,52.50,47.50,1.00,1.00,12989.49,12834.30,12829.30,13374.49,52,47,47,52,63287.00,63284.72,,
2026-08-17T11:46:25+08:00,btc-updown-5m-1786938300,https://polymarket.com/zh/event/btc-updown-5m-1786938300,11:45-11:50,53.00,48.00,52.00,47.00,516.64,349.69,319.69,568.49,52.50,47.50,1.00,1.00,12924.49,12819.30,13254.30,12939.49,52,47,47,52,63287.00,63284.71,,
2026-08-17T11:46:27+08:00,btc-updown-5m-1786938300,https://polymarket.com/zh/event/btc-updown-5m-1786938300,11:45-11:50,53.00,48.00,52.00,47.00,159.68,194.67,194.67,169.68,52.50,47.50,1.00,1.00,12879.49,12854.30,12819.30,12974.49,52,47,47,52,63287.00,63284.72,,
2026-08-17T11:46:29+08:00,btc-updown-5m-1786938300,https://polymarket.com/zh/event/btc-updown-5m-1786938300,11:45-11:50,53.00,48.00,52.00,47.00,119.72,204.31,204.31,137.68,52.50,47.50,1.00,1.00,12859.49,12834.30,12819.30,13369.49,52,47,47,52,63287.00,63284.71,,
2026-08-17T11:46:31+08:00,btc-updown-5m-1786938300,https://polymarket.com/zh/event/btc-updown-5m-1786938300,11:45-11:50,53.00,48.00,52.00,47.00,174.17,189.64,200.58,168.50,52.50,47.50,1.00,1.00,12167.49,11992.30,11992.30,11587.49,52,47,47,52,63287.00,63284.72,,
2026-08-17T11:46:33+08:00,btc-updown-5m-1786938300,https://polymarket.com/zh/event/btc-updown-5m-1786938300,11:45-11:50,53.00,48.00,52.00,47.00,204.52,180.54,180.54,204.52,52.50,47.50,1.00,1.00,12167.49,11987.30,11982.30,11582.49,52,47,47,52,63287.00,63284.71,,
2026-08-17T11:46:35+08:00,btc-updown-5m-1786938300,https://polymarket.com/zh/event/btc-updown-5m-1786938300,11:45-11:50,53.00,48.00,52.00,47.00,522.11,46.24,46.24,522.11,52.50,47.50,1.00,1.00,11677.49,12452.30,12427.30,11577.49,52,47,47,52,63287.00,63284.72,,
2026-08-17T11:46:37+08:00,btc-updown-5m-1786938300,https://polymarket.com/zh/event/btc-updown-5m-1786938300,11:45-11:50,53.00,48.00,52.00,47.00,522.91,31.24,31.24,507.91,52.50,47.50,1.00,1.00,11682.49,12437.30,12437.30,12067.49,52,47,47,52,63287.00,63284.72,,
2026-08-17T11:46:39+08:00,btc-updown-5m-1786938300,https://polymarket.com/zh/event/btc-updown-5m-1786938300,11:45-11:50,53.00,48.00,52.00,47.00,514.40,24.99,24.99,532.36,52.50,47.50,1.00,1.00,11682.49,12002.30,12022.30,12182.49,52,47,47,52,63287.00,63284.71,,
2026-08-17T11:46:41+08:00,btc-updown-5m-1786938300,https://polymarket.com/zh/event/btc-updown-5m-1786938300,11:45-11:50,50.00,55.00,47.00,53.00,680.10,10.00,13.73,50.00,48.50,54.00,3.00,2.00,12282.49,11867.30,11757.30,11807.49,43,50,53,41,63287.00,63284.71,,
2026-08-17T11:46:43+08:00,btc-updown-5m-1786938300,https://polymarket.com/zh/event/btc-updown-5m-1786938300,11:45-11:50,41.00,60.00,40.00,59.00,124.67,701.84,701.84,111.63,40.50,59.50,1.00,1.00,11722.49,12988.30,13002.30,11712.49,40,59,59,40,63287.00,63280.43,,
2026-08-17T11:46:45+08:00,btc-updown-5m-1786938300,https://polymarket.com/zh/event/btc-updown-5m-1786938300,11:45-11:50,44.00,57.00,43.00,56.00,136.53,520.62,520.17,191.68,43.50,56.50,1.00,1.00,11724.49,12439.30,12440.30,11709.49,43,56,56,43,63287.00,63280.42,,
2026-08-17T11:46:47+08:00,btc-updown-5m-1786938300,https://polymarket.com/zh/event/btc-updown-5m-1786938300,11:45-11:50,45.00,56.00,44.00,55.00,369.19,128.43,143.45,384.72,44.50,55.50,1.00,1.00,11704.49,12525.35,12409.36,11689.49,44,55,55,44,63287.00,63280.37,,
2026-08-17T11:46:49+08:00,btc-updown-5m-1786938300,https://polymarket.com/zh/event/btc-updown-5m-1786938300,11:45-11:50,45.00,56.00,44.00,55.00,559.90,54.85,54.85,537.67,44.50,55.50,1.00,1.00,11689.49,12764.30,12875.31,11704.49,44,55,55,44,63287.00,63280.38,,
2026-08-17T11:46:51+08:00,btc-updown-5m-1786938300,https://polymarket.com/zh/event/btc-updown-5m-1786938300,11:45-11:50,45.00,56.00,44.00,55.00,467.67,52.97,52.97,458.67,44.50,55.50,1.00,1.00,11679.49,12571.21,12572.20,11694.49,44,55,55,44,63287.00,63280.37,,
2026-08-17T11:46:53+08:00,btc-updown-5m-1786938300,https://polymarket.com/zh/event/btc-updown-5m-1786938300,11:45-11:50,47.00,54.00,46.00,53.00,133.26,519.80,469.80,138.47,46.50,53.50,1.00,1.00,12394.49,12471.20,12462.20,12389.49,46,53,53,46,63287.00,63280.37,,
2026-08-17T11:46:55+08:00,btc-updown-5m-1786938300,https://polymarket.com/zh/event/btc-updown-5m-1786938300,11:45-11:50,47.00,54.00,46.00,53.00,40.40,383.41,488.17,35.40,46.50,53.50,1.00,1.00,12394.49,12587.20,12466.20,12394.49,46,53,53,46,63287.00,63280.37,,
2026-08-17T11:46:57+08:00,btc-updown-5m-1786938300,https://polymarket.com/zh/event/btc-updown-5m-1786938300,11:45-11:50,49.00,52.00,48.00,51.00,346.08,332.90,107.97,55.60,48.50,51.50,1.00,1.00,12280.49,12616.20,12716.20,12300.49,48,51,51,48,63287.00,63280.37,,
2026-08-17T11:46:59+08:00,btc-updown-5m-1786938300,https://polymarket.com/zh/event/btc-updown-5m-1786938300,11:45-11:50,51.00,50.00,50.00,49.00,20.88,619.96,559.96,15.40,50.50,49.50,1.00,1.00,11980.49,13021.20,13036.20,11895.49,50,49,49,50,63287.00,63283.26,,
2026-08-17T11:47:00+08:00,btc-updown-5m-1786938300,https://polymarket.com/zh/event/btc-updown-5m-1786938300,11:45-11:50,52.00,49.00,51.00,48.00,35.40,528.03,488.03,5.00,51.50,48.50,1.00,1.00,11990.49,12917.20,12922.20,12380.49,51,48,48,51,63287.00,63284.95,,
2026-08-17T11:47:02+08:00,btc-updown-5m-1786938300,https://polymarket.com/zh/event/btc-updown-5m-1786938300,11:45-11:50,56.00,45.00,55.00,44.00,302.03,52.90,52.90,302.03,55.50,44.50,1.00,1.00,12272.49,12212.20,12182.20,11852.49,55,44,44,55,63287.00,63284.95,,
2026-08-17T11:47:04+08:00,btc-updown-5m-1786938300,https://polymarket.com/zh/event/btc-updown-5m-1786938300,11:45-11:50,56.00,45.00,55.00,44.00,305.03,2.91,12.16,305.03,55.50,44.50,1.00,1.00,11767.49,12182.20,12177.20,11852.49,55,44,44,54,63287.00,63284.95,,
2026-08-17T11:47:06+08:00,btc-updown-5m-1786938300,https://polymarket.com/zh/event/btc-updown-5m-1786938300,11:45-11:50,56.00,45.00,55.00,44.00,240.03,5.68,5.68,240.03,55.50,44.50,1.00,1.00,12427.49,12222.20,12247.20,12322.50,54,44,44,54,63287.00,63284.95,,
2026-08-17T11:47:08+08:00,btc-updown-5m-1786938300,https://polymarket.com/zh/event/btc-updown-5m-1786938300,11:45-11:50,54.00,46.00,53.00,45.00,69.98,126.01,85.68,130.33,53.50,45.50,1.00,1.00,12407.49,12292.20,12677.20,11817.49,53,46,45,54,63287.00,63284.95,,
2026-08-17T11:47:10+08:00,btc-updown-5m-1786938300,https://polymarket.com/zh/event/btc-updown-5m-1786938300,11:45-11:50,54.00,47.00,53.00,46.00,483.61,99.17,99.17,515.64,53.50,46.50,1.00,1.00,11812.50,12717.21,12717.21,11932.49,53,46,46,53,63287.00,63284.95,,
2026-08-17T11:47:12+08:00,btc-updown-5m-1786938300,https://polymarket.com/zh/event/btc-updown-5m-1786938300,11:45-11:50,54.00,47.00,53.00,46.00,204.00,521.75,507.57,183.00,53.50,46.50,1.00,1.00,11777.49,13322.21,12877.21,11887.49,53,46,46,53,63287.00,63284.95,,
2026-08-17T11:47:14+08:00,btc-updown-5m-1786938300,https://polymarket.com/zh/event/btc-updown-5m-1786938300,11:45-11:50,54.00,47.00,53.00,46.00,274.49,14.00,14.00,340.86,53.50,46.50,1.00,1.00,11867.49,12747.21,12737.21,11867.50,53,46,46,53,63287.00,63284.95,,
2026-08-17T11:47:16+08:00,btc-updown-5m-1786938300,https://polymarket.com/zh/event/btc-updown-5m-1786938300,11:45-11:50,53.00,48.00,52.00,47.00,466.86,44.14,47.91,466.86,52.50,47.50,1.00,1.00,11877.49,13242.21,13232.21,11887.50,52,47,47,52,63287.00,63284.95,,
2026-08-17T11:47:18+08:00,btc-updown-5m-1786938300,https://polymarket.com/zh/event/btc-updown-5m-1786938300,11:45-11:50,53.00,48.00,52.00,47.00,466.52,24.14,44.14,453.56,52.50,47.50,1.00,1.00,11782.50,13237.21,13252.21,11767.49,52,47,47,52,63287.00,63284.95,,
2026-08-17T11:47:20+08:00,btc-updown-5m-1786938300,https://polymarket.com/zh/event/btc-updown-5m-1786938300,11:45-11:50,53.00,48.00,52.00,47.00,367.95,7.46,18.63,367.95,52.50,47.50,1.00,1.00,11782.49,12802.21,12797.21,11872.50,52,47,47,52,63287.00,63284.96,,
2026-08-17T11:47:22+08:00,btc-updown-5m-1786938300,https://polymarket.com/zh/event/btc-updown-5m-1786938300,11:45-11:50,54.00,47.00,53.00,46.00,84.56,445.79,343.76,91.56,53.50,46.50,1.00,1.00,11987.50,12992.21,12907.21,11767.49,53,46,46,53,63287.00,63284.95,,
2026-08-17T11:47:24+08:00,btc-updown-5m-1786938300,https://polymarket.com/zh/event/btc-updown-5m-1786938300,11:45-11:50,54.00,47.00,53.00,46.00,343.34,22.87,17.87,343.34,53.50,46.50,1.00,1.00,11777.49,13177.21,13192.21,12282.49,53,46,46,53,63287.00,63284.95,,
2026-08-17T11:47:26+08:00,btc-updown-5m-1786938300,https://polymarket.com/zh/event/btc-updown-5m-1786938300,11:45-11:50,54.00,47.00,53.00,46.00,347.63,27.87,27.87,347.63,53.50,46.50,1.00,1.00,11952.49,13242.21,13197.21,11427.49,53,46,46,53,63287.00,63284.95,,
2026-08-17T11:47:28+08:00,btc-updown-5m-1786938300,https://polymarket.com/zh/event/btc-updown-5m-1786938300,11:45-11:50,53.00,48.00,52.00,47.00,387.65,26.47,20.47,461.65,52.50,47.50,1.00,1.00,11777.49,13242.21,13247.21,11877.49,52,47,47,52,63287.00,63284.95,,
2026-08-17T11:47:30+08:00,btc-updown-5m-1786938300,https://polymarket.com/zh/event/btc-updown-5m-1786938300,11:45-11:50,53.00,48.00,52.00,47.00,239.73,1.00,1.00,239.73,52.50,47.50,1.00,1.00,11632.49,13242.21,13257.21,12560.49,52,47,47,52,63287.00,63284.95,,
2026-08-17T11:47:32+08:00,btc-updown-5m-1786938300,https://polymarket.com/zh/event/btc-updown-5m-1786938300,11:45-11:50,52.00,48.00,51.00,47.00,11.21,68.00,463.21,0.47,51.50,47.50,1.00,1.00,12287.50,12587.21,12855.54,11972.49,51,48,37,52,63287.00,63284.95,,
2026-08-17T11:47:34+08:00,btc-updown-5m-1786938300,https://polymarket.com/zh/event/btc-updown-5m-1786938300,11:45-11:50,86.00,15.00,84.00,14.00,3.75,112.07,10.00,39.77,85.00,14.50,2.00,1.00,10973.83,8840.17,8793.86,11377.15,84,14,14,85,63287.00,63294.23,,
2026-08-17T11:47:36+08:00,btc-updown-5m-1786938300,https://polymarket.com/zh/event/btc-updown-5m-1786938300,11:45-11:50,86.00,15.00,85.00,14.00,383.01,39.08,39.08,448.94,85.50,14.50,1.00,1.00,10950.49,9975.21,9965.21,10460.49,85,14,14,85,63287.00,63294.47,,
2026-08-17T11:47:38+08:00,btc-updown-5m-1786938300,https://polymarket.com/zh/event/btc-updown-5m-1786938300,11:45-11:50,85.00,16.00,84.00,15.00,557.19,20.81,20.81,586.06,84.50,15.50,1.00,1.00,10490.49,10015.21,10000.21,10095.49,84,15,15,84,63287.00,63294.47,,
2026-08-17T11:47:40+08:00,btc-updown-5m-1786938300,https://polymarket.com/zh/event/btc-updown-5m-1786938300,11:45-11:50,84.00,17.00,83.00,16.00,1097.38,73.23,73.23,1183.38,83.50,16.50,1.00,1.00,9990.49,9898.57,9866.21,9995.49,83,16,16,83,63287.00,63294.48,,
2026-08-17T11:47:42+08:00,btc-updown-5m-1786938300,https://polymarket.com/zh/event/btc-updown-5m-1786938300,11:45-11:50,83.00,18.00,82.00,17.00,193.85,214.65,209.65,211.85,82.50,17.50,1.00,1.00,10105.49,9805.06,9795.06,9995.49,82,17,17,82,63287.00,63294.47,,
2026-08-17T11:47:44+08:00,btc-updown-5m-1786938300,https://polymarket.com/zh/event/btc-updown-5m-1786938300,11:45-11:50,83.00,18.00,82.00,17.00,182.74,92.38,92.38,182.74,82.50,17.50,1.00,1.00,10100.49,9680.06,9690.06,10505.49,82,17,17,82,63287.00,63294.48,,
2026-08-17T11:47:46+08:00,btc-updown-5m-1786938300,https://polymarket.com/zh/event/btc-updown-5m-1786938300,11:45-11:50,83.00,18.00,82.00,17.00,648.50,202.00,405.08,779.90,82.50,17.50,1.00,1.00,10320.50,9605.06,9610.06,10900.49,82,17,17,82,63287.00,63294.48,,
2026-08-17T11:47:48+08:00,btc-updown-5m-1786938300,https://polymarket.com/zh/event/btc-updown-5m-1786938300,11:45-11:50,88.00,13.00,87.00,12.00,48.58,187.98,207.95,108.58,87.50,12.50,1.00,1.00,10905.49,9640.06,9650.06,10790.49,87,12,12,87,63287.00,63300.19,,
2026-08-17T11:47:50+08:00,btc-updown-5m-1786938300,https://polymarket.com/zh/event/btc-updown-5m-1786938300,11:45-11:50,89.00,12.00,88.00,11.00,15.00,399.79,399.79,9.94,88.50,11.50,1.00,1.00,10795.49,10634.88,10669.88,10790.49,88,11,11,88,63287.00,63300.19,,
2026-08-17T11:47:52+08:00,btc-updown-5m-1786938300,https://polymarket.com/zh/event/btc-updown-5m-1786938300,11:45-11:50,90.00,11.00,89.00,10.00,493.86,214.00,237.54,486.11,89.50,10.50,1.00,1.00,10795.49,9947.52,9962.52,11300.49,89,10,10,89,63287.00,63300.19,,
2026-08-17T11:47:54+08:00,btc-updown-5m-1786938300,https://polymarket.com/zh/event/btc-updown-5m-1786938300,11:45-11:50,90.00,11.00,89.00,10.00,157.37,455.19,385.19,46.25,89.50,10.50,1.00,1.00,11405.49,9857.52,9857.52,10895.49,89,10,10,89,63287.00,63300.19,,
2026-08-17T11:47:56+08:00,btc-updown-5m-1786938300,https://polymarket.com/zh/event/btc-updown-5m-1786938300,11:45-11:50,94.00,8.00,93.00,7.00,96.78,143.43,335.28,45.77,93.50,7.50,1.00,1.00,10895.49,5412.77,5372.77,11315.50,93,6,7,92,63287.00,63303.01,,
2026-08-17T11:47:57+08:00,btc-updown-5m-1786938300,https://polymarket.com/zh/event/btc-updown-5m-1786938300,11:45-11:50,93.00,8.00,92.00,7.00,735.34,12.43,12.43,735.34,92.50,7.50,1.00,1.00,11310.49,5551.77,5541.77,10815.49,92,7,7,92,63287.00,63303.01,,
2026-08-17T11:47:59+08:00,btc-updown-5m-1786938300,https://polymarket.com/zh/event/btc-updown-5m-1786938300,11:45-11:50,92.00,9.00,91.00,8.00,10.00,455.88,455.88,10.00,91.50,8.50,1.00,1.00,10910.49,5436.13,5481.04,11325.49,91,8,8,91,63287.00,63307.19,,
2026-08-17T11:48:01+08:00,btc-updown-5m-1786938300,https://polymarket.com/zh/event/btc-updown-5m-1786938300,11:45-11:50,92.00,9.00,91.00,8.00,60.13,338.84,338.84,59.00,91.50,8.50,1.00,1.00,11245.40,5644.28,5649.28,10765.41,91,8,8,91,63287.00,63307.19,,
2026-08-17T11:48:03+08:00,btc-updown-5m-1786938300,https://polymarket.com/zh/event/btc-updown-5m-1786938300,11:45-11:50,93.00,8.00,92.00,7.00,768.76,69.00,39.00,757.19,92.50,7.50,1.00,1.00,10750.40,6731.92,6741.92,11285.40,92,7,7,92,63287.00,63307.19,,
2026-08-17T11:48:05+08:00,btc-updown-5m-1786938300,https://polymarket.com/zh/event/btc-updown-5m-1786938300,11:45-11:50,95.00,6.00,94.00,5.00,1427.26,78.44,78.44,1427.26,94.50,5.50,1.00,1.00,10625.40,6763.62,6753.62,11235.40,94,5,5,94,63287.00,63307.19,,
2026-08-17T11:48:07+08:00,btc-updown-5m-1786938300,https://polymarket.com/zh/event/btc-updown-5m-1786938300,11:45-11:50,94.00,7.00,93.00,6.00,98.34,154.70,99.04,98.34,93.50,6.50,1.00,1.00,11231.40,7407.96,7365.96,10916.40,93,6,6,93,63287.00,63307.20,,
2026-08-17T11:48:09+08:00,btc-updown-5m-1786938300,https://polymarket.com/zh/event/btc-updown-5m-1786938300,11:45-11:50,94.00,7.00,93.00,6.00,141.47,236.95,236.95,141.47,93.50,6.50,1.00,1.00,11016.40,6762.57,6822.57,10916.40,93,6,6,93,63287.00,63307.19,,
2026-08-17T11:48:11+08:00,btc-updown-5m-1786938300,https://polymarket.com/zh/event/btc-updown-5m-1786938300,11:45-11:50,95.00,6.00,94.00,5.00,1440.63,142.66,142.66,1440.63,94.50,5.50,1.00,1.00,12026.40,7093.99,7103.99,11506.40,94,5,5,94,63287.00,63307.20,,
2026-08-17T11:48:13+08:00,btc-updown-5m-1786938300,https://polymarket.com/zh/event/btc-updown-5m-1786938300,11:45-11:50,94.00,7.00,93.00,6.00,408.77,155.00,155.00,408.77,93.50,6.50,1.00,1.00,10991.40,8106.96,8211.16,10461.40,93,6,6,93,63287.00,63307.20,,
2026-08-17T11:48:15+08:00,btc-updown-5m-1786938300,https://polymarket.com/zh/event/btc-updown-5m-1786938300,11:45-11:50,95.00,6.00,94.00,5.00,1894.56,369.10,257.76,1773.45,94.50,5.50,1.00,1.00,10821.40,5699.19,5775.38,11421.40,94,5,5,94,63287.00,63307.20,,
2026-08-17T11:48:17+08:00,btc-updown-5m-1786938300,https://polymarket.com/zh/event/btc-updown-5m-1786938300,11:45-11:50,95.00,6.00,94.00,5.00,1478.22,504.23,504.23,1448.22,94.50,5.50,1.00,1.00,10921.40,5771.15,5745.15,10821.41,94,5,5,94,63287.00,63318.64,,
2026-08-17T11:48:19+08:00,btc-updown-5m-1786938300,https://polymarket.com/zh/event/btc-updown-5m-1786938300,11:45-11:50,95.00,6.00,94.00,5.00,1226.61,544.35,544.35,1226.61,94.50,5.50,1.00,1.00,10916.40,7650.53,7649.53,10926.40,94,5,5,94,63287.00,63318.64,,
2026-08-17T11:48:21+08:00,btc-updown-5m-1786938300,https://polymarket.com/zh/event/btc-updown-5m-1786938300,11:45-11:50,95.00,6.00,94.00,5.00,550.84,580.43,580.43,550.84,94.50,5.50,1.00,1.00,10806.40,6848.76,6919.76,11421.40,94,5,5,94,63287.00,63318.64,,
2026-08-17T11:48:23+08:00,btc-updown-5m-1786938300,https://polymarket.com/zh/event/btc-updown-5m-1786938300,11:45-11:50,95.00,6.00,94.00,5.00,404.72,579.63,491.26,403.66,94.50,5.50,1.00,1.00,10916.41,6814.64,6803.58,10931.40,94,5,5,94,63287.00,63317.37,,
2026-08-17T11:48:25+08:00,btc-updown-5m-1786938300,https://polymarket.com/zh/event/btc-updown-5m-1786938300,11:45-11:50,95.00,6.00,94.00,5.00,348.85,579.63,579.63,348.85,94.50,5.50,1.00,1.00,10811.40,6729.77,6719.77,11431.40,94,5,5,94,63287.00,63317.37,,
2026-08-17T11:48:27+08:00,btc-updown-5m-1786938300,https://polymarket.com/zh/event/btc-updown-5m-1786938300,11:45-11:50,95.00,6.00,94.00,5.00,184.31,625.37,626.63,79.04,94.50,5.50,1.00,1.00,10921.40,4349.72,4152.45,10821.40,94,5,5,94,63287.00,63317.37,,
2026-08-17T11:48:29+08:00,btc-updown-5m-1786938300,https://polymarket.com/zh/event/btc-updown-5m-1786938300,11:45-11:50,97.00,4.00,96.00,3.00,559.47,525.00,455.00,456.37,96.50,3.50,1.00,1.00,10881.40,3403.54,3300.44,11371.40,96,3,3,96,63287.00,63317.38,,
2026-08-17T11:48:31+08:00,btc-updown-5m-1786938300,https://polymarket.com/zh/event/btc-updown-5m-1786938300,11:45-11:50,99.00,2.00,98.00,1.00,2043.70,231.57,316.57,2732.03,98.50,1.50,1.00,1.00,11000.72,2043.70,2732.03,10495.72,98,1,1,98,63287.00,63317.38,,
2026-08-17T11:48:33+08:00,btc-updown-5m-1786938300,https://polymarket.com/zh/event/btc-updown-5m-1786938300,11:45-11:50,99.00,2.00,98.00,1.00,3762.23,313.76,381.32,3775.19,98.50,1.50,1.00,1.00,10075.72,3762.23,3775.19,9985.73,98,1,1,98,63287.00,63317.38,,
2026-08-17T11:48:35+08:00,btc-updown-5m-1786938300,https://polymarket.com/zh/event/btc-updown-5m-1786938300,11:45-11:50,99.00,2.00,98.00,1.00,3752.37,281.50,236.50,2302.82,98.50,1.50,1.00,1.00,9980.72,3752.37,2302.82,10840.72,98,1,1,98,63287.00,63317.38,,
2026-08-17T11:48:37+08:00,btc-updown-5m-1786938300,https://polymarket.com/zh/event/btc-updown-5m-1786938300,11:45-11:50,99.00,2.00,98.00,1.00,545.39,1118.39,1118.39,509.88,98.50,1.50,1.00,1.00,11275.72,545.39,509.88,10670.72,98,1,1,98,63287.00,63324.37,,
2026-08-17T11:48:39+08:00,btc-updown-5m-1786938300,https://polymarket.com/zh/event/btc-updown-5m-1786938300,11:45-11:50,,1.00,99.00,,,434.19,529.19,,,,,,10665.72,,,10675.72,99,0,0,99,63287.00,63324.37,,
2026-08-17T11:48:40+08:00,btc-updown-5m-1786938300,https://polymarket.com/zh/event/btc-updown-5m-1786938300,11:45-11:50,,1.00,99.00,,,2880.92,2880.92,,,,,,10400.72,,,10890.72,99,0,0,99,63287.00,63324.37,,
2026-08-17T11:48:42+08:00,btc-updown-5m-1786938300,https://polymarket.com/zh/event/btc-updown-5m-1786938300,11:45-11:50,,1.00,99.00,,,3403.43,3140.83,,,,,,10900.72,,,10405.72,99,0,0,99,63287.00,63324.37,,
2026-08-17T11:48:44+08:00,btc-updown-5m-1786938300,https://polymarket.com/zh/event/btc-updown-5m-1786938300,11:45-11:50,,1.00,99.00,,,650.70,3349.78,,,,,,10900.72,,,10400.72,99,0,0,99,63287.00,63324.37,,
2026-08-17T11:48:46+08:00,btc-updown-5m-1786938300,https://polymarket.com/zh/event/btc-updown-5m-1786938300,11:45-11:50,,1.00,99.00,,,22.91,22.91,,,,,,10505.72,,,10505.72,99,0,0,99,63287.00,63317.37,,
2026-08-17T11:48:48+08:00,btc-updown-5m-1786938300,https://polymarket.com/zh/event/btc-updown-5m-1786938300,11:45-11:50,,1.00,99.00,,,132.96,132.96,,,,,,10995.72,,,10515.72,99,0,0,99,63287.00,63317.38,,
2026-08-17T11:48:50+08:00,btc-updown-5m-1786938300,https://polymarket.com/zh/event/btc-updown-5m-1786938300,11:45-11:50,,1.00,99.00,,,99.89,99.89,,,,,,10555.72,,,10045.72,99,0,0,99,63287.00,63317.38,,
2026-08-17T11:48:52+08:00,btc-updown-5m-1786938300,https://polymarket.com/zh/event/btc-updown-5m-1786938300,11:45-11:50,99.00,2.00,98.00,1.00,143.72,165.90,146.60,137.72,98.50,1.50,1.00,1.00,10645.72,143.72,137.72,10150.73,98,1,1,98,63287.00,63314.97,,
2026-08-17T11:48:54+08:00,btc-updown-5m-1786938300,https://polymarket.com/zh/event/btc-updown-5m-1786938300,11:45-11:50,99.00,2.00,98.00,1.00,173.86,349.86,269.86,100.80,98.50,1.50,1.00,1.00,10160.72,173.86,100.80,10560.72,98,1,1,98,63287.00,63313.90,,
2026-08-17T11:48:56+08:00,btc-updown-5m-1786938300,https://polymarket.com/zh/event/btc-updown-5m-1786938300,11:45-11:50,99.00,3.00,98.00,2.00,350.30,30.08,8.84,143.66,98.50,2.50,1.00,1.00,11289.06,350.30,418.78,11689.06,98,1,2,97,63287.00,63311.83,,
2026-08-17T11:48:58+08:00,btc-updown-5m-1786938300,https://polymarket.com/zh/event/btc-updown-5m-1786938300,11:45-11:50,99.00,2.00,98.00,1.00,114.82,189.73,189.73,114.82,98.50,1.50,1.00,1.00,12173.72,114.82,114.82,11668.72,98,1,1,98,63287.00,63311.82,,
2026-08-17T11:49:00+08:00,btc-updown-5m-1786938300,https://polymarket.com/zh/event/btc-updown-5m-1786938300,11:45-11:50,98.00,2.00,97.00,1.00,28.96,72.00,321.93,212.26,97.50,1.50,1.00,1.00,5363.73,63.96,212.26,5938.73,97,2,1,98,63287.00,63305.55,,
2026-08-17T11:49:02+08:00,btc-updown-5m-1786938300,https://polymarket.com/zh/event/btc-updown-5m-1786938300,11:45-11:50,99.00,2.00,98.00,1.00,83.72,108.37,108.37,83.72,98.50,1.50,1.00,1.00,6983.73,83.72,83.72,6988.73,98,1,1,98,63287.00,63305.54,,
2026-08-17T11:49:04+08:00,btc-updown-5m-1786938300,https://polymarket.com/zh/event/btc-updown-5m-1786938300,11:45-11:50,99.00,2.00,98.00,1.00,66.34,82.00,89.43,65.31,98.50,1.50,1.00,1.00,5338.73,66.34,65.31,5848.73,98,1,1,98,63287.00,63305.55,,
2026-08-17T11:49:06+08:00,btc-updown-5m-1786938300,https://polymarket.com/zh/event/btc-updown-5m-1786938300,11:45-11:50,,1.00,99.00,,,89.00,89.01,,,,,,5348.74,,,5353.73,99,0,0,99,63287.00,63305.55,,
2026-08-17T11:49:08+08:00,btc-updown-5m-1786938300,https://polymarket.com/zh/event/btc-updown-5m-1786938300,11:45-11:50,99.00,2.00,98.00,1.00,81.26,180.59,160.59,81.26,98.50,1.50,1.00,1.00,5953.73,81.26,81.26,5348.73,98,1,1,98,63287.00,63305.54,,
2026-08-17T11:49:10+08:00,btc-updown-5m-1786938300,https://polymarket.com/zh/event/btc-updown-5m-1786938300,11:45-11:50,,1.00,99.00,,,1112.36,1122.36,,,,,,5838.73,,,5343.73,99,0,0,99,63287.00,63305.55,,
2026-08-17T11:49:12+08:00,btc-updown-5m-1786938300,https://polymarket.com/zh/event/btc-updown-5m-1786938300,11:45-11:50,,1.00,99.00,,,3686.66,3686.66,,,,,,5358.73,,,5838.73,99,0,0,99,63287.00,63305.55,,
2026-08-17T11:49:14+08:00,btc-updown-5m-1786938300,https://polymarket.com/zh/event/btc-updown-5m-1786938300,11:45-11:50,,1.00,99.00,,,3612.66,3617.67,,,,,,5358.74,,,5338.73,99,0,0,99,63287.00,63305.55,,
2026-08-17T11:49:16+08:00,btc-updown-5m-1786938300,https://polymarket.com/zh/event/btc-updown-5m-1786938300,11:45-11:50,,1.00,99.00,,,6250.26,6250.26,,,,,,5353.73,,,6253.73,99,0,0,99,63287.00,63305.55,,
2026-08-17T11:49:18+08:00,btc-updown-5m-1786938300,https://polymarket.com/zh/event/btc-updown-5m-1786938300,11:45-11:50,,1.00,99.00,,,7843.04,7843.04,,,,,,5263.73,,,5253.74,99,0,0,99,63287.00,63305.55,,
2026-08-17T11:49:20+08:00,btc-updown-5m-1786938300,https://polymarket.com/zh/event/btc-updown-5m-1786938300,11:45-11:50,,1.00,99.00,,,7382.62,7382.62,,,,,,5243.73,,,5758.73,99,0,0,99,63287.00,63309.06,,
2026-08-17T11:49:21+08:00,btc-updown-5m-1786938300,https://polymarket.com/zh/event/btc-updown-5m-1786938300,11:45-11:50,,1.00,99.00,,,7534.73,7614.19,,,,,,5253.74,,,5758.73,99,0,0,99,63287.00,63307.18,,
2026-08-17T11:49:23+08:00,btc-updown-5m-1786938300,https://polymarket.com/zh/event/btc-updown-5m-1786938300,11:45-11:50,,1.00,99.00,,,8241.00,8246.00,,,,,,5253.73,,,5957.06,99,0,0,99,63287.00,63305.55,,
2026-08-17T11:49:25+08:00,btc-updown-5m-1786938300,https://polymarket.com/zh/event/btc-updown-5m-1786938300,11:45-11:50,,1.00,99.00,,,8525.55,8505.55,,,,,,5238.73,,,5248.73,99,0,0,99,63287.00,63305.42,,
2026-08-17T11:49:27+08:00,btc-updown-5m-1786938300,https://polymarket.com/zh/event/btc-updown-5m-1786938300,11:45-11:50,,1.00,99.00,,,8567.55,8585.51,,,,,,5238.73,,,5748.73,99,0,0,99,63287.00,63305.43,,
2026-08-17T11:49:29+08:00,btc-updown-5m-1786938300,https://polymarket.com/zh/event/btc-updown-5m-1786938300,11:45-11:50,,1.00,99.00,,,9610.06,9610.06,,,,,,5238.73,,,5243.73,99,0,0,99,63287.00,63305.43,,
2026-08-17T11:49:31+08:00,btc-updown-5m-1786938300,https://polymarket.com/zh/event/btc-updown-5m-1786938300,11:45-11:50,,1.00,99.00,,,11362.19,11362.19,,,,,,5133.73,,,4628.73,99,0,0,99,63287.00,63305.43,,
2026-08-17T11:49:33+08:00,btc-updown-5m-1786938300,https://polymarket.com/zh/event/btc-updown-5m-1786938300,11:45-11:50,,1.00,99.00,,,16644.16,16644.16,,,,,,4673.73,,,5178.73,99,0,0,99,63287.00,63311.81,,
2026-08-17T11:49:35+08:00,btc-updown-5m-1786938300,https://polymarket.com/zh/event/btc-updown-5m-1786938300,11:45-11:50,,1.00,99.00,,,16718.26,16718.26,,,,,,5193.73,,,4668.73,99,0,0,99,63287.00,63311.81,,
2026-08-17T11:49:37+08:00,btc-updown-5m-1786938300,https://polymarket.com/zh/event/btc-updown-5m-1786938300,11:45-11:50,,1.00,99.00,,,16741.08,16741.08,,,,,,4678.73,,,5168.73,99,0,0,99,63287.00,63311.81,,
2026-08-17T11:49:39+08:00,btc-updown-5m-1786938300,https://polymarket.com/zh/event/btc-updown-5m-1786938300,11:45-11:50,,1.00,99.00,,,17241.08,17241.08,,,,,,5178.73,,,4673.73,99,0,0,99,63287.00,63311.81,,
2026-08-17T11:49:41+08:00,btc-updown-5m-1786938300,https://polymarket.com/zh/event/btc-updown-5m-1786938300,11:45-11:50,,1.00,99.00,,,16927.58,16927.58,,,,,,4668.72,,,4678.72,99,0,0,99,63287.00,63312.49,,
2026-08-17T11:49:43+08:00,btc-updown-5m-1786938300,https://polymarket.com/zh/event/btc-updown-5m-1786938300,11:45-11:50,,1.00,99.00,,,16941.91,16936.90,,,,,,5163.72,,,4678.73,99,0,0,99,63287.00,63312.49,,
2026-08-17T11:49:45+08:00,btc-updown-5m-1786938300,https://polymarket.com/zh/event/btc-updown-5m-1786938300,11:45-11:50,,1.00,99.00,,,17132.66,17132.66,,,,,,4663.72,,,4663.72,99,0,0,99,63287.00,63312.49,,
2026-08-17T11:49:47+08:00,btc-updown-5m-1786938300,https://polymarket.com/zh/event/btc-updown-5m-1786938300,11:45-11:50,,1.00,99.00,,,17147.76,17132.76,,,,,,5043.72,,,4553.72,99,0,0,99,63287.00,63312.50,,
2026-08-17T11:49:49+08:00,btc-updown-5m-1786938300,https://polymarket.com/zh/event/btc-updown-5m-1786938300,11:45-11:50,,1.00,99.00,,,17489.76,17494.77,,,,,,4553.72,,,5053.72,99,0,0,99,63287.00,63311.84,,
2026-08-17T11:49:51+08:00,btc-updown-5m-1786938300,https://polymarket.com/zh/event/btc-updown-5m-1786938300,11:45-11:50,,1.00,99.00,,,17571.70,17571.70,,,,,,5033.72,,,4553.72,99,0,0,99,63287.00,63311.82,,
2026-08-17T11:49:53+08:00,btc-updown-5m-1786938300,https://polymarket.com/zh/event/btc-updown-5m-1786938300,11:45-11:50,,1.00,99.00,,,23626.72,23626.72,,,,,,5058.72,,,4533.72,99,0,0,99,63287.00,63311.82,,
2026-08-17T11:49:55+08:00,btc-updown-5m-1786938300,https://polymarket.com/zh/event/btc-updown-5m-1786938300,11:45-11:50,,1.00,99.00,,,23737.72,23737.72,,,,,,4543.72,,,4533.72,99,0,0,99,63287.00,63311.82,,
2026-08-17T11:49:57+08:00,btc-updown-5m-1786938300,https://polymarket.com/zh/event/btc-updown-5m-1786938300,11:45-11:50,,1.00,99.00,,,26968.43,26968.43,,,,,,3223.72,,,3213.72,99,0,0,99,63287.00,63311.82,,
2026-08-17T11:49:59+08:00,btc-updown-5m-1786938300,https://polymarket.com/zh/event/btc-updown-5m-1786938300,11:45-11:50,,1.00,99.00,,,28194.57,28202.53,,,,,,3213.72,,,3663.72,99,0,0,99,63287.00,63308.18,,
2026-08-17T11:50:01+08:00,btc-updown-5m-1786938600,https://polymarket.com/zh/event/btc-updown-5m-1786938600,11:50-11:55,50.00,51.00,49.00,50.00,27.00,74.00,74.00,256.00,49.50,50.50,1.00,1.00,11726.68,10643.87,10318.87,12141.68,44,49,50,49,63308.18,63308.18,,
2026-08-17T11:50:03+08:00,btc-updown-5m-1786938600,https://polymarket.com/zh/event/btc-updown-5m-1786938600,11:50-11:55,49.00,52.00,48.00,51.00,321.50,159.58,159.58,321.50,48.50,51.50,1.00,1.00,13346.02,11158.22,11658.22,13436.02,48,51,51,48,63308.18,63308.18,,
2026-08-17T11:50:05+08:00,btc-updown-5m-1786938600,https://polymarket.com/zh/event/btc-updown-5m-1786938600,11:50-11:55,49.00,52.00,48.00,51.00,369.21,46.66,46.66,369.21,48.50,51.50,1.00,1.00,13446.02,11713.22,11798.22,13538.02,48,51,51,48,63308.18,63308.18,,
2026-08-17T11:50:07+08:00,btc-updown-5m-1786938600,https://polymarket.com/zh/event/btc-updown-5m-1786938600,11:50-11:55,49.00,52.00,48.00,51.00,51.72,190.97,200.59,66.72,48.50,51.50,1.00,1.00,13290.05,11634.26,11537.25,13725.05,48,51,51,48,63308.18,63308.18,,
2026-08-17T11:50:09+08:00,btc-updown-5m-1786938600,https://polymarket.com/zh/event/btc-updown-5m-1786938600,11:50-11:55,48.00,53.00,47.00,52.00,539.06,64.99,89.99,566.25,47.50,52.50,1.00,1.00,12330.05,11082.25,11082.25,12300.05,47,52,52,47,63308.18,63308.18,,
2026-08-17T11:50:11+08:00,btc-updown-5m-1786938600,https://polymarket.com/zh/event/btc-updown-5m-1786938600,11:50-11:55,48.00,53.00,47.00,52.00,537.97,57.00,57.00,535.78,47.50,52.50,1.00,1.00,14376.05,13018.26,13028.25,14361.05,47,52,52,47,63308.18,63308.17,,
2026-08-17T11:50:13+08:00,btc-updown-5m-1786938600,https://polymarket.com/zh/event/btc-updown-5m-1786938600,11:50-11:55,48.00,53.00,47.00,52.00,518.71,149.00,149.00,518.71,47.50,52.50,1.00,1.00,14676.05,13418.25,12978.25,14666.05,47,52,52,47,63308.18,63308.18,,
2026-08-17T11:50:15+08:00,btc-updown-5m-1786938600,https://polymarket.com/zh/event/btc-updown-5m-1786938600,11:50-11:55,52.00,49.00,51.00,48.00,109.91,96.83,89.83,109.91,51.50,48.50,1.00,1.00,14661.05,13263.25,13278.25,14761.05,51,48,48,51,63308.18,63308.18,,
2026-08-17T11:50:17+08:00,btc-updown-5m-1786938600,https://polymarket.com/zh/event/btc-updown-5m-1786938600,11:50-11:55,52.00,49.00,51.00,48.00,142.38,178.08,178.08,142.38,51.50,48.50,1.00,1.00,14806.05,13075.25,13100.25,14986.34,51,48,48,51,63308.18,63308.17,,
2026-08-17T11:50:19+08:00,btc-updown-5m-1786938600,https://polymarket.com/zh/event/btc-updown-5m-1786938600,11:50-11:55,52.00,49.00,51.00,48.00,43.03,398.05,398.05,37.26,51.50,48.50,1.00,1.00,14828.05,12962.24,12982.24,14823.04,51,48,48,51,63308.18,63308.98,,
2026-08-17T11:50:21+08:00,btc-updown-5m-1786938600,https://polymarket.com/zh/event/btc-updown-5m-1786938600,11:50-11:55,53.00,45.00,52.00,44.00,19.00,59.98,705.36,81.00,52.50,44.50,1.00,1.00,13458.04,11497.24,11117.24,13568.04,52,47,44,55,63308.18,63308.98,,
2026-08-17T11:50:23+08:00,btc-updown-5m-1786938600,https://polymarket.com/zh/event/btc-updown-5m-1786938600,11:50-11:55,56.00,45.00,55.00,44.00,41.25,168.37,333.28,79.79,55.50,44.50,1.00,1.00,13668.04,11092.24,11107.24,13663.04,55,44,44,55,63308.18,63308.99,,
2026-08-17T11:50:25+08:00,btc-updown-5m-1786938600,https://polymarket.com/zh/event/btc-updown-5m-1786938600,11:50-11:55,55.00,46.00,54.00,45.00,17.72,382.12,382.12,17.72,54.50,45.50,1.00,1.00,13433.04,11257.24,11022.24,13173.04,54,45,45,54,63308.18,63308.98,,
2026-08-17T11:50:27+08:00,btc-updown-5m-1786938600,https://polymarket.com/zh/event/btc-updown-5m-1786938600,11:50-11:55,68.00,33.00,67.00,32.00,28.00,96.19,50.00,97.00,67.50,32.50,1.00,1.00,13663.05,10431.24,10516.24,13943.04,67,32,32,67,63308.18,63311.82,,
2026-08-17T11:50:29+08:00,btc-updown-5m-1786938600,https://polymarket.com/zh/event/btc-updown-5m-1786938600,11:50-11:55,68.00,33.00,67.00,32.00,51.66,564.61,452.17,10.00,67.50,32.50,1.00,1.00,13610.04,10588.24,11061.57,13450.04,67,32,31,67,63308.18,63311.83,,
2026-08-17T11:50:31+08:00,btc-updown-5m-1786938600,https://polymarket.com/zh/event/btc-updown-5m-1786938600,11:50-11:55,72.00,29.00,71.00,28.00,413.92,61.82,61.82,387.64,71.50,28.50,1.00,1.00,13135.05,10108.24,10118.24,13125.04,71,28,28,71,63308.18,63313.48,,
2026-08-17T11:50:33+08:00,btc-updown-5m-1786938600,https://polymarket.com/zh/event/btc-updown-5m-1786938600,11:50-11:55,80.00,21.00,79.00,20.00,1071.22,8.96,20.73,1169.97,79.50,20.50,1.00,1.00,12760.04,9898.24,9708.24,12660.04,79,20,20,79,63308.18,63318.12,,
2026-08-17T11:50:35+08:00,btc-updown-5m-1786938600,https://polymarket.com/zh/event/btc-updown-5m-1786938600,11:50-11:55,80.00,21.00,79.00,20.00,89.96,123.21,123.21,248.38,79.50,20.50,1.00,1.00,12680.04,7362.24,7407.24,12670.04,79,20,20,79,63308.18,63323.65,,
2026-08-17T11:50:37+08:00,btc-updown-5m-1786938600,https://polymarket.com/zh/event/btc-updown-5m-1786938600,11:50-11:55,78.00,23.00,77.00,22.00,305.07,97.54,92.54,292.26,77.50,22.50,1.00,1.00,12735.04,7468.24,7463.24,13155.04,77,22,22,77,63308.18,63323.81,,
2026-08-17T11:50:39+08:00,btc-updown-5m-1786938600,https://polymarket.com/zh/event/btc-updown-5m-1786938600,11:50-11:55,78.00,23.00,77.00,22.00,373.96,90.21,90.21,376.46,77.50,22.50,1.00,1.00,12295.04,7458.24,7453.24,12205.04,77,22,22,77,63308.18,63323.80,,
2026-08-17T11:50:41+08:00,btc-updown-5m-1786938600,https://polymarket.com/zh/event/btc-updown-5m-1786938600,11:50-11:55,77.00,24.00,76.00,23.00,367.37,52.00,5.00,337.37,76.50,23.50,1.00,1.00,12295.04,7548.24,7538.24,12305.04,76,23,23,76,63308.18,63323.80,,
2026-08-17T11:50:43+08:00,btc-updown-5m-1786938600,https://polymarket.com/zh/event/btc-updown-5m-1786938600,11:50-11:55,77.00,23.00,76.00,22.00,24.20,350.98,439.14,75.93,76.50,22.50,1.00,1.00,12745.04,7138.24,7133.24,12665.04,76,23,22,77,63308.18,63323.81,,
2026-08-17T11:50:45+08:00,btc-updown-5m-1786938600,https://polymarket.com/zh/event/btc-updown-5m-1786938600,11:50-11:55,78.00,23.00,77.00,22.00,410.21,56.00,56.00,403.79,77.50,22.50,1.00,1.00,12650.04,7418.24,7163.24,12770.04,77,22,22,77,63308.18,63323.81,,
2026-08-17T11:50:47+08:00,btc-updown-5m-1786938600,https://polymarket.com/zh/event/btc-updown-5m-1786938600,11:50-11:55,77.00,24.00,76.00,23.00,250.06,127.79,127.79,323.06,76.50,23.50,1.00,1.00,12745.04,7148.24,7148.24,12650.04,76,23,23,76,63308.18,63323.81,,
2026-08-17T11:50:49+08:00,btc-updown-5m-1786938600,https://polymarket.com/zh/event/btc-updown-5m-1786938600,11:50-11:55,77.00,24.00,76.00,23.00,50.94,352.58,55.00,11.45,76.50,23.50,1.00,1.00,12535.04,7203.24,7208.24,12445.04,76,23,23,76,63308.18,63323.81,,
2026-08-17T11:50:50+08:00,btc-updown-5m-1786938600,https://polymarket.com/zh/event/btc-updown-5m-1786938600,11:50-11:55,78.00,23.00,77.00,22.00,204.88,93.44,93.44,204.88,77.50,22.50,1.00,1.00,12545.04,7488.24,7498.24,12535.04,77,22,22,77,63308.18,63323.80,,
2026-08-17T11:50:52+08:00,btc-updown-5m-1786938600,https://polymarket.com/zh/event/btc-updown-5m-1786938600,11:50-11:55,78.00,23.00,77.00,22.00,171.38,103.86,68.65,171.38,77.50,22.50,1.00,1.00,12550.05,7188.24,7198.24,12445.04,77,22,22,77,63308.18,63323.81,,
2026-08-17T11:50:54+08:00,btc-updown-5m-1786938600,https://polymarket.com/zh/event/btc-updown-5m-1786938600,11:50-11:55,78.00,23.00,77.00,22.00,354.95,64.70,64.70,391.68,77.50,22.50,1.00,1.00,11770.04,6948.24,6958.24,11850.04,77,22,22,77,63308.18,63323.81,,
2026-08-17T11:50:56+08:00,btc-updown-5m-1786938600,https://polymarket.com/zh/event/btc-updown-5m-1786938600,11:50-11:55,78.00,23.00,77.00,22.00,386.12,52.30,56.65,386.12,77.50,22.50,1.00,1.00,11630.04,6713.24,6713.24,11515.04,77,22,22,77,63308.18,63323.81,,
2026-08-17T11:50:58+08:00,btc-updown-5m-1786938600,https://polymarket.com/zh/event/btc-updown-5m-1786938600,11:50-11:55,77.00,23.00,76.00,22.00,45.00,380.89,444.76,62.93,76.50,22.50,1.00,1.00,11605.04,6673.24,7003.24,11975.04,76,23,22,77,63308.18,63323.81,,
2026-08-17T11:51:00+08:00,btc-updown-5m-1786938600,https://polymarket.com/zh/event/btc-updown-5m-1786938600,11:50-11:55,78.00,23.00,77.00,22.00,9.41,470.69,525.69,15.00,77.50,22.50,1.00,1.00,15680.05,10463.24,10453.24,15785.04,77,22,22,77,63308.18,63323.81,,
2026-08-17T11:51:02+08:00,btc-updown-5m-1786938600,https://polymarket.com/zh/event/btc-updown-5m-1786938600,11:50-11:55,79.00,22.00,78.00,21.00,33.28,630.06,620.06,33.28,78.50,21.50,1.00,1.00,14135.04,10133.24,10123.24,14155.04,78,21,21,78,63308.18,63323.81,,
2026-08-17T11:51:04+08:00,btc-updown-5m-1786938600,https://polymarket.com/zh/event/btc-updown-5m-1786938600,11:50-11:55,79.00,22.00,78.00,21.00,24.99,401.83,391.83,24.99,78.50,21.50,1.00,1.00,14140.04,10228.24,10223.24,14260.04,78,21,21,78,63308.18,63323.80,,
2026-08-17T11:51:06+08:00,btc-updown-5m-1786938600,https://polymarket.com/zh/event/btc-updown-5m-1786938600,11:50-11:55,79.00,21.00,78.00,20.00,26.97,178.00,404.93,326.88,78.50,20.50,1.00,1.00,13672.05,9645.24,9635.24,13782.04,78,21,20,79,63308.18,63323.81,,
2026-08-17T11:51:08+08:00,btc-updown-5m-1786938600,https://polymarket.com/zh/event/btc-updown-5m-1786938600,11:50-11:55,80.00,21.00,79.00,20.00,302.02,56.56,56.56,357.18,79.50,20.50,1.00,1.00,13077.04,9445.24,9430.24,13592.04,79,20,20,79,63308.18,63323.81,,
2026-08-17T11:51:10+08:00,btc-updown-5m-1786938600,https://polymarket.com/zh/event/btc-updown-5m-1786938600,11:50-11:55,80.00,21.00,79.00,20.00,113.31,267.04,280.89,113.31,79.50,20.50,1.00,1.00,13532.04,9355.24,9355.24,13537.04,79,20,20,79,63308.18,63323.81,,
2026-08-17T11:51:12+08:00,btc-updown-5m-1786938600,https://polymarket.com/zh/event/btc-updown-5m-1786938600,11:50-11:55,80.00,21.00,79.00,20.00,44.23,155.92,138.43,44.23,79.50,20.50,1.00,1.00,13532.04,9358.24,9353.24,13527.04,79,20,20,79,63308.18,63323.80,,
2026-08-17T11:51:14+08:00,btc-updown-5m-1786938600,https://polymarket.com/zh/event/btc-updown-5m-1786938600,11:50-11:55,79.00,22.00,78.00,21.00,223.32,68.01,78.01,437.21,78.50,21.50,1.00,1.00,13087.04,9348.24,9538.24,13582.04,78,21,21,78,63308.18,63323.81,,
2026-08-17T11:51:16+08:00,btc-updown-5m-1786938600,https://polymarket.com/zh/event/btc-updown-5m-1786938600,11:50-11:55,79.00,22.00,78.00,21.00,139.70,298.92,282.66,89.70,78.50,21.50,1.00,1.00,13487.04,9533.24,9543.24,12987.04,78,21,21,78,63308.18,63323.81,,
2026-08-17T11:51:18+08:00,btc-updown-5m-1786938600,https://polymarket.com/zh/event/btc-updown-5m-1786938600,11:50-11:55,79.00,21.00,78.00,20.00,80.00,260.98,537.05,20.00,78.50,20.50,1.00,1.00,13102.04,9400.24,9410.24,13577.04,78,21,20,79,63308.18,63323.81,,
2026-08-17T11:51:20+08:00,btc-updown-5m-1786938600,https://polymarket.com/zh/event/btc-updown-5m-1786938600,11:50-11:55,80.00,21.00,79.00,20.00,237.08,20.00,20.00,270.10,79.50,20.50,1.00,1.00,12987.04,9405.24,9405.24,13102.04,79,20,20,79,63308.18,63323.81,,
2026-08-17T11:51:22+08:00,btc-updown-5m-1786938600,https://polymarket.com/zh/event/btc-updown-5m-1786938600,11:50-11:55,80.00,21.00,79.00,20.00,262.81,10.00,10.00,262.81,79.50,20.50,1.00,1.00,12992.04,9415.24,9405.24,12987.04,79,20,20,79,63308.18,63323.81,,
2026-08-17T11:51:24+08:00,btc-updown-5m-1786938600,https://polymarket.com/zh/event/btc-updown-5m-1786938600,11:50-11:55,78.00,23.00,77.00,22.00,84.00,371.75,371.75,84.00,77.50,22.50,1.00,1.00,12977.04,9415.24,9405.24,13097.04,77,22,22,77,63308.18,63323.81,,
2026-08-17T11:51:26+08:00,btc-updown-5m-1786938600,https://polymarket.com/zh/event/btc-updown-5m-1786938600,11:50-11:55,78.00,23.00,77.00,22.00,65.00,410.85,410.85,65.00,77.50,22.50,1.00,1.00,12982.04,10960.24,10945.24,13087.04,77,22,22,77,63308.18,63323.81,,
2026-08-17T11:51:28+08:00,btc-updown-5m-1786938600,https://polymarket.com/zh/event/btc-updown-5m-1786938600,11:50-11:55,78.00,22.00,77.00,21.00,6.18,413.26,475.85,28.73,77.50,21.50,1.00,1.00,13077.04,10945.24,10935.24,13002.04,77,22,21,78,63308.18,63323.81,,
2026-08-17T11:51:30+08:00,btc-updown-5m-1786938600,https://polymarket.com/zh/event/btc-updown-5m-1786938600,11:50-11:55,80.00,21.00,79.00,20.00,243.32,202.50,202.50,243.32,79.50,20.50,1.00,1.00,13432.04,10955.24,10950.24,13542.04,79,20,20,79,63308.18,63323.81,,
2026-08-17T11:51:32+08:00,btc-updown-5m-1786938600,https://polymarket.com/zh/event/btc-updown-5m-1786938600,11:50-11:55,80.00,21.00,79.00,20.00,58.65,326.51,318.77,58.65,79.50,20.50,1.00,1.00,13100.05,10108.24,10108.24,13195.04,79,20,20,79,63308.18,63323.81,,
2026-08-17T11:51:34+08:00,btc-updown-5m-1786938600,https://polymarket.com/zh/event/btc-updown-5m-1786938600,11:50-11:55,56.00,46.00,55.00,45.00,466.31,30.00,35.00,413.98,55.50,45.50,1.00,1.00,12140.04,11222.54,11287.54,12645.04,55,44,45,54,63308.18,63311.83,,
2026-08-17T11:51:36+08:00,btc-updown-5m-1786938600,https://polymarket.com/zh/event/btc-updown-5m-1786938600,11:50-11:55,78.00,23.00,71.00,19.00,23.00,34.93,15.00,53.00,74.50,21.00,7.00,4.00,12360.05,11577.54,12117.54,12255.04,70,20,19,73,63308.18,63310.32,,
2026-08-17T11:51:38+08:00,btc-updown-5m-1786938600,https://polymarket.com/zh/event/btc-updown-5m-1786938600,11:50-11:55,94.00,7.00,93.00,6.00,112.96,144.31,10.00,338.25,93.50,6.50,1.00,1.00,11140.04,4689.52,5265.72,10760.04,92,6,6,93,63308.18,63329.65,,
2026-08-17T11:51:40+08:00,btc-updown-5m-1786938600,https://polymarket.com/zh/event/btc-updown-5m-1786938600,11:50-11:55,94.00,7.00,93.00,6.00,269.16,130.76,268.48,264.17,93.50,6.50,1.00,1.00,10270.04,7213.90,7265.21,10870.04,93,6,6,93,63308.18,63352.63,,
2026-08-17T11:51:42+08:00,btc-updown-5m-1786938600,https://polymarket.com/zh/event/btc-updown-5m-1786938600,11:50-11:55,94.00,7.00,93.00,6.00,177.78,180.04,180.04,172.78,93.50,6.50,1.00,1.00,11084.99,7474.98,7458.98,10574.99,93,6,6,93,63308.18,63352.63,,
2026-08-17T11:51:44+08:00,btc-updown-5m-1786938600,https://polymarket.com/zh/event/btc-updown-5m-1786938600,11:50-11:55,94.00,9.00,93.00,8.00,1549.31,1.27,15.61,91.96,93.50,8.50,1.00,1.00,10784.99,7472.52,7509.52,10839.99,93,6,8,91,63308.18,63352.63,,
2026-08-17T11:51:46+08:00,btc-updown-5m-1786938600,https://polymarket.com/zh/event/btc-updown-5m-1786938600,11:50-11:55,89.00,12.00,88.00,11.00,126.18,43.03,18.38,76.86,88.50,11.50,1.00,1.00,10409.99,7213.95,7132.95,11009.99,88,11,11,88,63308.18,63343.41,,
2026-08-17T11:51:48+08:00,btc-updown-5m-1786938600,https://polymarket.com/zh/event/btc-updown-5m-1786938600,11:50-11:55,87.00,14.00,86.00,13.00,751.69,25.53,25.53,769.79,86.50,13.50,1.00,1.00,10909.99,6566.95,6576.95,10499.99,86,13,13,86,63308.18,63343.41,,
2026-08-17T11:51:50+08:00,btc-updown-5m-1786938600,https://polymarket.com/zh/event/btc-updown-5m-1786938600,11:50-11:55,87.00,14.00,86.00,13.00,483.54,2.61,2.61,483.54,86.50,13.50,1.00,1.00,10914.99,6641.95,6651.95,10509.99,86,13,13,86,63308.18,63343.40,,
2026-08-17T11:51:52+08:00,btc-updown-5m-1786938600,https://polymarket.com/zh/event/btc-updown-5m-1786938600,11:50-11:55,86.00,15.00,85.00,14.00,73.85,505.69,524.41,73.85,85.50,14.50,1.00,1.00,10959.99,6521.95,6516.95,10859.99,85,14,14,85,63308.18,63343.40,,
2026-08-17T11:51:54+08:00,btc-updown-5m-1786938600,https://polymarket.com/zh/event/btc-updown-5m-1786938600,11:50-11:55,86.00,15.00,85.00,14.00,513.80,446.74,210.62,47.81,85.50,14.50,1.00,1.00,10969.99,6436.95,6451.95,10960.00,85,14,14,85,63308.18,63343.03,,
2026-08-17T11:51:55+08:00,btc-updown-5m-1786938600,https://polymarket.com/zh/event/btc-updown-5m-1786938600,11:50-11:55,87.00,14.00,86.00,13.00,117.89,497.54,605.69,186.33,86.50,13.50,1.00,1.00,11083.33,6915.30,6905.30,11183.33,86,13,13,86,63308.18,63341.21,,
2026-08-17T11:51:57+08:00,btc-updown-5m-1786938600,https://polymarket.com/zh/event/btc-updown-5m-1786938600,11:50-11:55,88.00,13.00,87.00,12.00,8.65,544.32,525.20,8.00,87.50,12.50,1.00,1.00,11579.33,6829.30,6844.30,10999.33,87,12,12,87,63308.18,63342.41,,
2026-08-17T11:51:59+08:00,btc-updown-5m-1786938600,https://polymarket.com/zh/event/btc-updown-5m-1786938600,11:50-11:55,88.00,13.00,87.00,12.00,61.37,539.69,530.20,61.37,87.50,12.50,1.00,1.00,11074.33,6869.30,6930.30,11579.33,87,12,12,87,63308.18,63342.35,,
2026-08-17T11:52:01+08:00,btc-updown-5m-1786938600,https://polymarket.com/zh/event/btc-updown-5m-1786938600,11:50-11:55,89.00,12.00,88.00,11.00,61.05,291.48,407.48,125.89,88.50,11.50,1.00,1.00,11444.33,6850.30,6595.30,10834.33,88,11,11,88,63308.18,63342.34,,
2026-08-17T11:52:03+08:00,btc-updown-5m-1786938600,https://polymarket.com/zh/event/btc-updown-5m-1786938600,11:50-11:55,89.00,12.00,88.00,11.00,142.10,118.29,110.79,142.10,88.50,11.50,1.00,1.00,10944.33,6863.30,6868.30,11449.33,88,11,11,88,63308.18,63342.34,,
2026-08-17T11:52:05+08:00,btc-updown-5m-1786938600,https://polymarket.com/zh/event/btc-updown-5m-1786938600,11:50-11:55,88.00,13.00,87.00,12.00,211.19,245.99,263.49,211.19,87.50,12.50,1.00,1.00,10409.34,6753.30,6763.30,10384.33,87,12,12,87,63308.18,63342.34,,
2026-08-17T11:52:07+08:00,btc-updown-5m-1786938600,https://polymarket.com/zh/event/btc-updown-5m-1786938600,11:50-11:55,88.00,12.00,87.00,11.00,94.93,272.43,334.01,249.43,87.50,11.50,1.00,1.00,10944.33,6638.30,6656.30,11444.33,87,12,11,88,63308.18,63342.35,,
2026-08-17T11:52:09+08:00,btc-updown-5m-1786938600,https://polymarket.com/zh/event/btc-updown-5m-1786938600,11:50-11:55,89.00,11.00,88.00,10.00,10.00,331.73,513.74,80.00,88.50,10.50,1.00,1.00,10844.33,6941.30,6944.30,11349.33,88,11,10,89,63308.18,63342.35,,
2026-08-17T11:52:11+08:00,btc-updown-5m-1786938600,https://polymarket.com/zh/event/btc-updown-5m-1786938600,11:50-11:55,91.00,10.00,90.00,9.00,275.70,260.39,209.72,228.94,90.50,9.50,1.00,1.00,11309.33,7013.30,7024.30,10919.33,90,9,9,90,63308.18,63342.35,,
2026-08-17T11:52:13+08:00,btc-updown-5m-1786938600,https://polymarket.com/zh/event/btc-updown-5m-1786938600,11:50-11:55,92.00,9.00,91.00,8.00,42.82,236.89,289.34,83.19,91.50,8.50,1.00,1.00,10799.33,6972.30,6884.30,11304.33,91,8,8,91,63308.18,63342.35,,
2026-08-17T11:52:15+08:00,btc-updown-5m-1786938600,https://polymarket.com/zh/event/btc-updown-5m-1786938600,11:50-11:55,92.00,9.00,91.00,8.00,104.01,200.31,187.06,104.01,91.50,8.50,1.00,1.00,11394.33,7088.66,7078.66,10914.33,91,8,8,91,63308.18,63343.39,,
2026-08-17T11:52:17+08:00,btc-updown-5m-1786938600,https://polymarket.com/zh/event/btc-updown-5m-1786938600,11:50-11:55,92.00,9.00,91.00,8.00,23.91,262.01,262.01,23.91,91.50,8.50,1.00,1.00,11899.34,7075.66,7065.66,11414.33,91,8,8,91,63308.18,63343.39,,
2026-08-17T11:52:19+08:00,btc-updown-5m-1786938600,https://polymarket.com/zh/event/btc-updown-5m-1786938600,11:50-11:55,94.00,7.00,93.00,6.00,257.64,46.96,209.36,471.95,93.50,6.50,1.00,1.00,10894.33,7195.95,7305.65,10459.33,93,6,6,93,63308.18,63343.40,,
2026-08-17T11:52:21+08:00,btc-updown-5m-1786938600,https://polymarket.com/zh/event/btc-updown-5m-1786938600,11:50-11:55,97.00,4.00,96.00,3.00,239.75,532.75,560.18,255.31,96.50,3.50,1.00,1.00,10876.33,5140.56,5256.12,10168.34,96,3,3,96,63308.18,63352.63,,
2026-08-17T11:52:23+08:00,btc-updown-5m-1786938600,https://polymarket.com/zh/event/btc-updown-5m-1786938600,11:50-11:55,98.00,3.00,97.00,2.00,1141.08,268.00,255.00,1090.78,97.50,2.50,1.00,1.00,9970.33,4982.09,4831.79,10130.33,97,2,2,97,63308.18,63352.63,,
2026-08-17T11:52:25+08:00,btc-updown-5m-1786938600,https://polymarket.com/zh/event/btc-updown-5m-1786938600,11:50-11:55,98.00,3.00,97.00,2.00,1201.83,247.75,244.83,1173.63,97.50,2.50,1.00,1.00,9619.34,4872.84,4844.64,9489.33,97,2,2,97,63308.18,63352.63,,
2026-08-17T11:52:27+08:00,btc-updown-5m-1786938600,https://polymarket.com/zh/event/btc-updown-5m-1786938600,11:50-11:55,97.00,4.00,96.00,3.00,2.77,195.48,195.48,2.77,96.50,3.50,1.00,1.00,9994.33,5091.51,4964.51,9584.33,96,3,3,96,63308.18,63352.63,,
2026-08-17T11:52:29+08:00,btc-updown-5m-1786938600,https://polymarket.com/zh/event/btc-updown-5m-1786938600,11:50-11:55,97.00,4.00,96.00,3.00,163.89,132.00,87.00,150.11,96.50,3.50,1.00,1.00,9989.33,5145.82,5127.04,9594.34,96,3,3,96,63308.18,63352.63,,
2026-08-17T11:52:31+08:00,btc-updown-5m-1786938600,https://polymarket.com/zh/event/btc-updown-5m-1786938600,11:50-11:55,98.00,3.00,97.00,2.00,1211.60,86.00,126.00,1044.29,97.50,2.50,1.00,1.00,9484.33,5167.61,5082.61,10004.33,97,2,2,97,63308.18,63352.72,,
2026-08-17T11:52:33+08:00,btc-updown-5m-1786938600,https://polymarket.com/zh/event/btc-updown-5m-1786938600,11:50-11:55,98.00,3.00,97.00,2.00,638.08,179.42,179.42,636.44,97.50,2.50,1.00,1.00,10434.34,4660.40,4658.76,10544.33,97,2,2,97,63308.18,63355.50,,
2026-08-17T11:52:35+08:00,btc-updown-5m-1786938600,https://polymarket.com/zh/event/btc-updown-5m-1786938600,11:50-11:55,98.00,3.00,97.00,2.00,411.11,282.37,282.37,407.81,97.50,2.50,1.00,1.00,9934.33,4360.43,4362.13,10459.33,97,2,2,97,63308.18,63357.32,,
2026-08-17T11:52:37+08:00,btc-updown-5m-1786938600,https://polymarket.com/zh/event/btc-updown-5m-1786938600,11:50-11:55,99.00,2.00,98.00,1.00,1701.22,693.50,694.50,1688.58,98.50,1.50,1.00,1.00,10529.34,1701.22,1688.58,10039.33,98,1,1,98,63308.18,63365.28,,
2026-08-17T11:52:39+08:00,btc-updown-5m-1786938600,https://polymarket.com/zh/event/btc-updown-5m-1786938600,11:50-11:55,99.00,2.00,98.00,1.00,1445.26,671.50,736.50,1320.26,98.50,1.50,1.00,1.00,9929.33,1445.26,1320.26,9954.33,98,1,1,98,63308.18,63369.00,,
2026-08-17T11:52:41+08:00,btc-updown-5m-1786938600,https://polymarket.com/zh/event/btc-updown-5m-1786938600,11:50-11:55,,1.00,99.00,,,2693.59,2693.59,,,,,,10324.33,,,9839.33,99,0,0,99,63308.18,63369.00,,
2026-08-17T11:52:43+08:00,btc-updown-5m-1786938600,https://polymarket.com/zh/event/btc-updown-5m-1786938600,11:50-11:55,,1.00,99.00,,,2496.18,2496.18,,,,,,9834.33,,,10349.33,99,0,0,99,63308.18,63369.00,,
2026-08-17T11:52:45+08:00,btc-updown-5m-1786938600,https://polymarket.com/zh/event/btc-updown-5m-1786938600,11:50-11:55,,1.00,99.00,,,2289.87,2289.87,,,,,,10339.33,,,9824.33,99,0,0,99,63308.18,63369.00,,
2026-08-17T11:52:47+08:00,btc-updown-5m-1786938600,https://polymarket.com/zh/event/btc-updown-5m-1786938600,11:50-11:55,,1.00,99.00,,,2294.68,2289.67,,,,,,9839.33,,,9834.34,99,0,0,99,63308.18,63369.00,,
2026-08-17T11:52:48+08:00,btc-updown-5m-1786938600,https://polymarket.com/zh/event/btc-updown-5m-1786938600,11:50-11:55,,1.00,99.00,,,2203.52,2173.52,,,,,,9839.33,,,10334.33,99,0,0,99,63308.18,63369.00,,
2026-08-17T11:52:50+08:00,btc-updown-5m-1786938600,https://polymarket.com/zh/event/btc-updown-5m-1786938600,11:50-11:55,,1.00,99.00,,,2110.76,2115.77,,,,,,9389.34,,,9384.33,99,0,0,99,63308.18,63369.00,,
2026-08-17T11:52:52+08:00,btc-updown-5m-1786938600,https://polymarket.com/zh/event/btc-updown-5m-1786938600,11:50-11:55,,1.00,99.00,,,2121.15,2121.15,,,,,,9394.33,,,9374.33,99,0,0,99,63308.18,63369.00,,
2026-08-17T11:52:54+08:00,btc-updown-5m-1786938600,https://polymarket.com/zh/event/btc-updown-5m-1786938600,11:50-11:55,,1.00,99.00,,,3307.82,3307.82,,,,,,9384.33,,,9384.33,99,0,0,99,63308.18,63373.43,,
2026-08-17T11:52:56+08:00,btc-updown-5m-1786938600,https://polymarket.com/zh/event/btc-updown-5m-1786938600,11:50-11:55,,1.00,99.00,,,3367.82,3367.82,,,,,,9884.33,,,9384.33,99,0,0,99,63308.18,63374.61,,
2026-08-17T11:52:58+08:00,btc-updown-5m-1786938600,https://polymarket.com/zh/event/btc-updown-5m-1786938600,11:50-11:55,,1.00,99.00,,,3386.36,3386.36,,,,,,9399.33,,,9384.33,99,0,0,99,63308.18,63374.61,,
2026-08-17T11:53:00+08:00,btc-updown-5m-1786938600,https://polymarket.com/zh/event/btc-updown-5m-1786938600,11:50-11:55,,1.00,99.00,,,4152.50,4152.50,,,,,,9884.24,,,9394.24,99,0,0,99,63308.18,63375.86,,
2026-08-17T11:53:02+08:00,btc-updown-5m-1786938600,https://polymarket.com/zh/event/btc-updown-5m-1786938600,11:50-11:55,,1.00,99.00,,,4238.07,4233.06,,,,,,9369.24,,,9389.25,99,0,0,99,63308.18,63377.76,,
2026-08-17T11:53:04+08:00,btc-updown-5m-1786938600,https://polymarket.com/zh/event/btc-updown-5m-1786938600,11:50-11:55,,1.00,99.00,,,4143.06,4148.07,,,,,,9894.25,,,9379.24,99,0,0,99,63308.18,63377.82,,
2026-08-17T11:53:06+08:00,btc-updown-5m-1786938600,https://polymarket.com/zh/event/btc-updown-5m-1786938600,11:50-11:55,,1.00,99.00,,,4061.53,4061.53,,,,,,9379.24,,,9984.24,99,0,0,99,63308.18,63377.94,,
2026-08-17T11:53:08+08:00,btc-updown-5m-1786938600,https://polymarket.com/zh/event/btc-updown-5m-1786938600,11:50-11:55,,1.00,99.00,,,4140.15,4140.15,,,,,,9984.24,,,9984.24,99,0,0,99,63308.18,63377.95,,
2026-08-17T11:53:10+08:00,btc-updown-5m-1786938600,https://polymarket.com/zh/event/btc-updown-5m-1786938600,11:50-11:55,,1.00,99.00,,,4397.17,4402.18,,,,,,9494.25,,,9479.24,99,0,0,99,63308.18,63377.95,,
2026-08-17T11:53:12+08:00,btc-updown-5m-1786938600,https://polymarket.com/zh/event/btc-updown-5m-1786938600,11:50-11:55,,1.00,99.00,,,4523.76,4523.76,,,,,,9979.24,,,9484.24,99,0,0,99,63308.18,63378.25,,
2026-08-17T11:53:14+08:00,btc-updown-5m-1786938600,https://polymarket.com/zh/event/btc-updown-5m-1786938600,11:50-11:55,,1.00,99.00,,,4453.76,4453.76,,,,,,9479.24,,,9484.24,99,0,0,99,63308.18,63379.48,,
2026-08-17T11:53:16+08:00,btc-updown-5m-1786938600,https://polymarket.com/zh/event/btc-updown-5m-1786938600,11:50-11:55,,1.00,99.00,,,4558.76,4458.76,,,,,,9479.24,,,9494.24,99,0,0,99,63308.18,63379.48,,
2026-08-17T11:53:18+08:00,btc-updown-5m-1786938600,https://polymarket.com/zh/event/btc-updown-5m-1786938600,11:50-11:55,,1.00,99.00,,,4421.98,4396.83,,,,,,9484.25,,,10489.24,99,0,0,99,63308.18,63380.95,,
2026-08-17T11:53:20+08:00,btc-updown-5m-1786938600,https://polymarket.com/zh/event/btc-updown-5m-1786938600,11:50-11:55,,1.00,99.00,,,4376.98,4381.99,,,,,,9499.25,,,9484.24,99,0,0,99,63308.18,63380.95,,
2026-08-17T11:53:22+08:00,btc-updown-5m-1786938600,https://polymarket.com/zh/event/btc-updown-5m-1786938600,11:50-11:55,,1.00,99.00,,,4449.63,4427.63,,,,,,9979.24,,,9489.24,99,0,0,99,63308.18,63380.95,,
2026-08-17T11:53:24+08:00,btc-updown-5m-1786938600,https://polymarket.com/zh/event/btc-updown-5m-1786938600,11:50-11:55,,1.00,99.00,,,4784.78,4784.78,,,,,,9489.24,,,9989.24,99,0,0,99,63308.18,63393.58,,
2026-08-17T11:53:26+08:00,btc-updown-5m-1786938600,https://polymarket.com/zh/event/btc-updown-5m-1786938600,11:50-11:55,,1.00,99.00,,,4692.14,4697.14,,,,,,9479.24,,,9989.24,99,0,0,99,63308.18,63394.86,,
2026-08-17T11:53:28+08:00,btc-updown-5m-1786938600,https://polymarket.com/zh/event/btc-updown-5m-1786938600,11:50-11:55,,1.00,99.00,,,4709.78,4714.79,,,,,,9979.24,,,9489.24,99,0,0,99,63308.18,63394.86,,
2026-08-17T11:53:30+08:00,btc-updown-5m-1786938600,https://polymarket.com/zh/event/btc-updown-5m-1786938600,11:50-11:55,,1.00,99.00,,,4806.50,4776.40,,,,,,9504.24,,,9979.24,99,0,0,99,63308.18,63399.99,,
2026-08-17T11:53:32+08:00,btc-updown-5m-1786938600,https://polymarket.com/zh/event/btc-updown-5m-1786938600,11:50-11:55,,1.00,99.00,,,6595.84,6595.84,,,,,,9479.24,,,9489.24,99,0,0,99,63308.18,63402.87,,
2026-08-17T11:53:34+08:00,btc-updown-5m-1786938600,https://polymarket.com/zh/event/btc-updown-5m-1786938600,11:50-11:55,,1.00,99.00,,,6600.84,6600.84,,,,,,9979.24,,,9984.24,99,0,0,99,63308.18,63402.87,,
2026-08-17T11:53:36+08:00,btc-updown-5m-1786938600,https://polymarket.com/zh/event/btc-updown-5m-1786938600,11:50-11:55,,1.00,99.00,,,6595.28,6665.85,,,,,,9489.24,,,9479.24,99,0,0,99,63308.18,63408.92,,
2026-08-17T11:53:38+08:00,btc-updown-5m-1786938600,https://polymarket.com/zh/event/btc-updown-5m-1786938600,11:50-11:55,,1.00,99.00,,,5139.27,5204.03,,,,,,9999.24,,,9484.24,99,0,0,99,63308.18,63409.15,,
2026-08-17T11:53:40+08:00,btc-updown-5m-1786938600,https://polymarket.com/zh/event/btc-updown-5m-1786938600,11:50-11:55,,1.00,99.00,,,5171.54,5171.54,,,,,,9984.24,,,9979.24,99,0,0,99,63308.18,63399.99,,
2026-08-17T11:53:42+08:00,btc-updown-5m-1786938600,https://polymarket.com/zh/event/btc-updown-5m-1786938600,11:50-11:55,,1.00,99.00,,,5515.57,5515.57,,,,,,9479.24,,,9989.24,99,0,0,99,63308.18,63396.60,,
2026-08-17T11:53:44+08:00,btc-updown-5m-1786938600,https://polymarket.com/zh/event/btc-updown-5m-1786938600,11:50-11:55,,1.00,99.00,,,5577.37,5577.37,,,,,,9979.24,,,9489.24,99,0,0,99,63308.18,63396.60,,
2026-08-17T11:53:46+08:00,btc-updown-5m-1786938600,https://polymarket.com/zh/event/btc-updown-5m-1786938600,11:50-11:55,,1.00,99.00,,,5618.43,5623.44,,,,,,9489.25,,,9489.24,99,0,0,99,63308.18,63396.66,,
2026-08-17T11:53:48+08:00,btc-updown-5m-1786938600,https://polymarket.com/zh/event/btc-updown-5m-1786938600,11:50-11:55,,1.00,99.00,,,6613.43,6613.43,,,,,,9479.24,,,9474.24,99,0,0,99,63308.18,63403.47,,
2026-08-17T11:53:50+08:00,btc-updown-5m-1786938600,https://polymarket.com/zh/event/btc-updown-5m-1786938600,11:50-11:55,,1.00,99.00,,,6912.15,6912.15,,,,,,9984.24,,,9489.24,99,0,0,99,63308.18,63403.47,,
2026-08-17T11:53:52+08:00,btc-updown-5m-1786938600,https://polymarket.com/zh/event/btc-updown-5m-1786938600,11:50-11:55,,1.00,99.00,,,6935.06,6920.05,,,,,,9989.24,,,9489.25,99,0,0,99,63308.18,63403.48,,
2026-08-17T11:53:54+08:00,btc-updown-5m-1786938600,https://polymarket.com/zh/event/btc-updown-5m-1786938600,11:50-11:55,,1.00,99.00,,,5930.05,5935.06,,,,,,10099.24,,,9494.24,99,0,0,99,63308.18,63403.47,,
2026-08-17T11:53:55+08:00,btc-updown-5m-1786938600,https://polymarket.com/zh/event/btc-updown-5m-1786938600,11:50-11:55,,1.00,99.00,,,5667.45,5672.46,,,,,,8877.26,,,8872.25,99,0,0,99,63308.18,63403.47,,
2026-08-17T11:53:57+08:00,btc-updown-5m-1786938600,https://polymarket.com/zh/event/btc-updown-5m-1786938600,11:50-11:55,,1.00,99.00,,,5537.45,5537.45,,,,,,8882.25,,,9372.25,99,0,0,99,63308.18,63403.47,,
2026-08-17T11:53:59+08:00,btc-updown-5m-1786938600,https://polymarket.com/zh/event/btc-updown-5m-1786938600,11:50-11:55,,1.00,99.00,,,13133.42,13870.42,,,,,,8872.25,,,8872.25,99,0,0,99,63308.18,63414.88,,
2026-08-17T11:54:01+08:00,btc-updown-5m-1786938600,https://polymarket.com/zh/event/btc-updown-5m-1786938600,11:50-11:55,,1.00,99.00,,,14885.56,14885.56,,,,,,4443.91,,,4443.91,99,0,0,99,63308.18,63415.43,,
2026-08-17T11:54:03+08:00,btc-updown-5m-1786938600,https://polymarket.com/zh/event/btc-updown-5m-1786938600,11:50-11:55,,1.00,99.00,,,16504.56,16504.56,,,,,,4453.91,,,4463.91,99,0,0,99,63308.18,63415.43,,
2026-08-17T11:54:05+08:00,btc-updown-5m-1786938600,https://polymarket.com/zh/event/btc-updown-5m-1786938600,11:50-11:55,,1.00,99.00,,,16529.56,16529.56,,,,,,4948.91,,,4458.91,99,0,0,99,63308.18,63412.20,,
2026-08-17T11:54:07+08:00,btc-updown-5m-1786938600,https://polymarket.com/zh/event/btc-updown-5m-1786938600,11:50-11:55,,1.00,99.00,,,16889.56,16884.56,,,,,,4443.91,,,4453.91,99,0,0,99,63308.18,63412.19,,
2026-08-17T11:54:09+08:00,btc-updown-5m-1786938600,https://polymarket.com/zh/event/btc-updown-5m-1786938600,11:50-11:55,,1.00,99.00,,,16589.56,16574.56,,,,,,4453.91,,,4453.91,99,0,0,99,63308.18,63412.19,,
2026-08-17T11:54:11+08:00,btc-updown-5m-1786938600,https://polymarket.com/zh/event/btc-updown-5m-1786938600,11:50-11:55,,1.00,99.00,,,16894.56,16894.56,,,,,,4948.91,,,4458.91,99,0,0,99,63308.18,63412.94,,
2026-08-17T11:54:13+08:00,btc-updown-5m-1786938600,https://polymarket.com/zh/event/btc-updown-5m-1786938600,11:50-11:55,,1.00,99.00,,,18179.56,16909.56,,,,,,4948.91,,,4453.91,99,0,0,99,63308.18,63412.21,,
2026-08-17T11:54:15+08:00,btc-updown-5m-1786938600,https://polymarket.com/zh/event/btc-updown-5m-1786938600,11:50-11:55,,1.00,99.00,,,19782.43,19772.38,,,,,,4443.91,,,4448.91,99,0,0,99,63308.18,63415.44,,
2026-08-17T11:54:17+08:00,btc-updown-5m-1786938600,https://polymarket.com/zh/event/btc-updown-5m-1786938600,11:50-11:55,,1.00,99.00,,,21652.83,21637.83,,,,,,4458.91,,,4443.91,99,0,0,99,63308.18,63412.74,,
2026-08-17T11:54:19+08:00,btc-updown-5m-1786938600,https://polymarket.com/zh/event/btc-updown-5m-1786938600,11:50-11:55,,1.00,99.00,,,22399.83,22399.83,,,,,,4453.91,,,4943.91,99,0,0,99,63308.18,63412.22,,
2026-08-17T11:54:21+08:00,btc-updown-5m-1786938600,https://polymarket.com/zh/event/btc-updown-5m-1786938600,11:50-11:55,,1.00,99.00,,,22593.75,22605.28,,,,,,4458.91,,,4443.91,99,0,0,99,63308.18,63413.95,,
2026-08-17T11:54:23+08:00,btc-updown-5m-1786938600,https://polymarket.com/zh/event/btc-updown-5m-1786938600,11:50-11:55,,1.00,99.00,,,22613.95,22613.95,,,,,,4453.91,,,4943.91,99,0,0,99,63308.18,63413.71,,
2026-08-17T11:54:25+08:00,btc-updown-5m-1786938600,https://polymarket.com/zh/event/btc-updown-5m-1786938600,11:50-11:55,,1.00,99.00,,,23009.07,22372.94,,,,,,4453.91,,,4443.91,99,0,0,99,63308.18,63413.70,,
2026-08-17T11:54:27+08:00,btc-updown-5m-1786938600,https://polymarket.com/zh/event/btc-updown-5m-1786938600,11:50-11:55,,1.00,99.00,,,23036.40,23006.40,,,,,,4438.91,,,4438.91,99,0,0,99,63308.18,63413.70,,
2026-08-17T11:54:29+08:00,btc-updown-5m-1786938600,https://polymarket.com/zh/event/btc-updown-5m-1786938600,11:50-11:55,,1.00,99.00,,,23126.40,23116.40,,,,,,4438.91,,,4938.91,99,0,0,99,63308.18,63413.70,,
2026-08-17T11:54:31+08:00,btc-updown-5m-1786938600,https://polymarket.com/zh/event/btc-updown-5m-1786938600,11:50-11:55,,1.00,99.00,,,25454.29,25412.79,,,,,,4433.91,,,3843.91,99,0,0,99,63308.18,63421.71,,
2026-08-17T11:54:33+08:00,btc-updown-5m-1786938600,https://polymarket.com/zh/event/btc-updown-5m-1786938600,11:50-11:55,,1.00,99.00,,,25412.79,25412.79,,,,,,3873.91,,,3878.91,99,0,0,99,63308.18,63421.71,,
2026-08-17T11:54:35+08:00,btc-updown-5m-1786938600,https://polymarket.com/zh/event/btc-updown-5m-1786938600,11:50-11:55,,1.00,99.00,,,24512.85,24437.84,,,,,,3873.91,,,3878.92,99,0,0,99,63308.18,63421.71,,
2026-08-17T11:54:37+08:00,btc-updown-5m-1786938600,https://polymarket.com/zh/event/btc-updown-5m-1786938600,11:50-11:55,,1.00,99.00,,,23602.84,23607.85,,,,,,3878.92,,,3883.91,99,0,0,99,63308.18,63421.71,,
2026-08-17T11:54:39+08:00,btc-updown-5m-1786938600,https://polymarket.com/zh/event/btc-updown-5m-1786938600,11:50-11:55,,1.00,99.00,,,23687.84,23682.84,,,,,,3878.91,,,4388.91,99,0,0,99,63308.18,63421.71,,
2026-08-17T11:54:41+08:00,btc-updown-5m-1786938600,https://polymarket.com/zh/event/btc-updown-5m-1786938600,11:50-11:55,,1.00,99.00,,,23649.94,23622.94,,,,,,3883.91,,,4373.91,99,0,0,99,63308.18,63421.71,,
2026-08-17T11:54:43+08:00,btc-updown-5m-1786938600,https://polymarket.com/zh/event/btc-updown-5m-1786938600,11:50-11:55,,1.00,99.00,,,25449.01,25454.02,,,,,,3883.92,,,3888.91,99,0,0,99,63308.18,63421.71,,
2026-08-17T11:54:45+08:00,btc-updown-5m-1786938600,https://polymarket.com/zh/event/btc-updown-5m-1786938600,11:50-11:55,,1.00,99.00,,,26960.01,26965.01,,,,,,3873.91,,,4383.91,99,0,0,99,63308.18,63421.71,,
2026-08-17T11:54:47+08:00,btc-updown-5m-1786938600,https://polymarket.com/zh/event/btc-updown-5m-1786938600,11:50-11:55,,1.00,99.00,,,27433.46,27433.46,,,,,,4383.91,,,3873.91,99,0,0,99,63308.18,63426.60,,
2026-08-17T11:54:48+08:00,btc-updown-5m-1786938600,https://polymarket.com/zh/event/btc-updown-5m-1786938600,11:50-11:55,,1.00,99.00,,,27280.46,27653.47,,,,,,3888.92,,,3873.91,99,0,0,99,63308.18,63427.94,,
2026-08-17T11:54:50+08:00,btc-updown-5m-1786938600,https://polymarket.com/zh/event/btc-updown-5m-1786938600,11:50-11:55,,1.00,99.00,,,27937.57,27887.57,,,,,,4393.91,,,3873.91,99,0,0,99,63308.18,63427.94,,
2026-08-17T11:54:52+08:00,btc-updown-5m-1786938600,https://polymarket.com/zh/event/btc-updown-5m-1786938600,11:50-11:55,,1.00,99.00,,,27067.47,27067.47,,,,,,3878.91,,,3883.91,99,0,0,99,63308.18,63421.20,,
2026-08-17T11:54:54+08:00,btc-updown-5m-1786938600,https://polymarket.com/zh/event/btc-updown-5m-1786938600,11:50-11:55,,1.00,99.00,,,33271.50,33634.50,,,,,,3873.91,,,3883.91,99,0,0,99,63308.18,63421.20,,
2026-08-17T11:54:56+08:00,btc-updown-5m-1786938600,https://polymarket.com/zh/event/btc-updown-5m-1786938600,11:50-11:55,,1.00,99.00,,,34288.22,34338.22,,,,,,2563.91,,,3053.91,99,0,0,99,63308.18,63422.16,,
2026-08-17T11:54:58+08:00,btc-updown-5m-1786938600,https://polymarket.com/zh/event/btc-updown-5m-1786938600,11:50-11:55,,1.00,99.00,,,36056.34,34996.24,,,,,,3068.91,,,2553.91,99,0,0,99,63308.18,63422.16,,
2026-08-17T11:55:00+08:00,btc-updown-5m-1786938900,https://polymarket.com/zh/event/btc-updown-5m-1786938900,11:55-12:00,56.00,45.00,55.00,44.00,56.72,163.89,78.24,54.93,55.50,44.50,1.00,1.00,134775.34,132891.00,132886.00,134365.34,45,35,35,45,63422.16,63422.16,,
2026-08-17T11:55:02+08:00,btc-updown-5m-1786938900,https://polymarket.com/zh/event/btc-updown-5m-1786938900,11:55-12:00,58.00,43.00,57.00,42.00,384.22,56.00,39.00,425.22,57.50,42.50,1.00,1.00,15995.28,12567.70,12920.96,15990.28,57,42,42,57,63422.16,63422.17,,
2026-08-17T11:55:04+08:00,btc-updown-5m-1786938900,https://polymarket.com/zh/event/btc-updown-5m-1786938900,11:55-12:00,57.00,44.00,56.00,43.00,83.89,177.90,161.51,53.89,56.50,43.50,1.00,1.00,16668.29,14137.96,14097.96,16828.28,56,43,43,56,63422.16,63425.58,,
2026-08-17T11:55:06+08:00,btc-updown-5m-1786938900,https://polymarket.com/zh/event/btc-updown-5m-1786938900,11:55-12:00,62.00,39.00,61.00,38.00,61.85,248.64,199.18,53.32,61.50,38.50,1.00,1.00,16844.28,14340.96,14325.96,16939.28,61,38,38,61,63422.16,63425.58,,
2026-08-17T11:55:08+08:00,btc-updown-5m-1786938900,https://polymarket.com/zh/event/btc-updown-5m-1786938900,11:55-12:00,67.00,33.00,66.00,32.00,37.73,333.32,363.85,228.38,66.50,32.50,1.00,1.00,16650.78,11685.46,11719.46,16564.78,66,33,32,67,63422.16,63427.94,,
2026-08-17T11:55:10+08:00,btc-updown-5m-1786938900,https://polymarket.com/zh/event/btc-updown-5m-1786938900,11:55-12:00,68.00,33.00,67.00,32.00,42.29,365.98,305.98,40.81,67.50,32.50,1.00,1.00,14256.78,11469.46,11471.46,14246.78,67,32,32,67,63422.16,63430.48,,
2026-08-17T11:55:12+08:00,btc-updown-5m-1786938900,https://polymarket.com/zh/event/btc-updown-5m-1786938900,11:55-12:00,68.00,33.00,67.00,32.00,22.67,530.49,535.49,22.67,67.50,32.50,1.00,1.00,16866.78,13796.46,13796.46,16956.79,67,32,32,67,63422.16,63430.48,,
2026-08-17T11:55:14+08:00,btc-updown-5m-1786938900,https://polymarket.com/zh/event/btc-updown-5m-1786938900,11:55-12:00,71.00,30.00,70.00,29.00,69.85,45.64,45.64,44.89,70.50,29.50,1.00,1.00,15453.78,13004.46,13004.46,15348.79,70,29,29,70,63422.16,63436.33,,
2026-08-17T11:55:16+08:00,btc-updown-5m-1786938900,https://polymarket.com/zh/event/btc-updown-5m-1786938900,11:55-12:00,70.00,31.00,69.00,30.00,80.63,52.00,82.00,80.63,69.50,30.50,1.00,1.00,15953.78,14106.46,14126.46,15453.78,69,30,30,69,63422.16,63436.33,,
2026-08-17T11:55:18+08:00,btc-updown-5m-1786938900,https://polymarket.com/zh/event/btc-updown-5m-1786938900,11:55-12:00,71.00,30.00,70.00,29.00,97.10,409.24,433.66,114.77,70.50,29.50,1.00,1.00,15585.77,14633.75,14693.45,15570.77,70,29,29,70,63422.16,63436.33,,
2026-08-17T11:55:20+08:00,btc-updown-5m-1786938900,https://polymarket.com/zh/event/btc-updown-5m-1786938900,11:55-12:00,71.00,30.00,70.00,29.00,29.39,332.69,652.37,138.41,70.50,29.50,1.00,1.00,14760.77,13889.45,13659.45,14515.77,70,29,29,70,63422.16,63436.33,,
2026-08-17T11:55:22+08:00,btc-updown-5m-1786938900,https://polymarket.com/zh/event/btc-updown-5m-1786938900,11:55-12:00,73.00,28.00,72.00,27.00,654.72,120.00,105.00,588.75,72.50,27.50,1.00,1.00,13875.77,12724.45,12734.45,13770.77,72,27,27,72,63422.16,63436.33,,
2026-08-17T11:55:24+08:00,btc-updown-5m-1786938900,https://polymarket.com/zh/event/btc-updown-5m-1786938900,11:55-12:00,72.00,29.00,71.00,28.00,349.95,48.23,16.72,341.44,71.50,28.50,1.00,1.00,13185.77,12479.45,12479.45,13195.77,71,28,28,71,63422.16,63436.33,,
2026-08-17T11:55:26+08:00,btc-updown-5m-1786938900,https://polymarket.com/zh/event/btc-updown-5m-1786938900,11:55-12:00,74.00,27.00,73.00,26.00,203.98,500.09,344.00,80.79,73.50,26.50,1.00,1.00,13042.77,11250.45,11260.45,13532.77,73,26,26,73,63422.16,63436.33,,
2026-08-17T11:55:28+08:00,btc-updown-5m-1786938900,https://polymarket.com/zh/event/btc-updown-5m-1786938900,11:55-12:00,73.00,27.00,72.00,26.00,18.34,277.08,235.09,63.50,72.50,26.50,1.00,1.00,12548.77,11470.45,11480.45,12223.77,72,27,26,73,63422.16,63436.33,,
2026-08-17T11:55:30+08:00,btc-updown-5m-1786938900,https://polymarket.com/zh/event/btc-updown-5m-1786938900,11:55-12:00,74.00,27.00,73.00,26.00,423.43,15.00,15.00,423.43,73.50,26.50,1.00,1.00,12085.77,11222.45,10982.45,11755.78,72,26,26,72,63422.16,63436.33,,
2026-08-17T11:55:32+08:00,btc-updown-5m-1786938900,https://polymarket.com/zh/event/btc-updown-5m-1786938900,11:55-12:00,71.00,28.00,70.00,27.00,99.73,122.92,48.66,30.39,70.50,27.50,1.00,1.00,12392.77,10552.45,10812.45,12069.78,70,29,27,72,63422.16,63436.33,,
2026-08-17T11:55:34+08:00,btc-updown-5m-1786938900,https://polymarket.com/zh/event/btc-updown-5m-1786938900,11:55-12:00,73.00,29.00,72.00,28.00,554.04,5.00,61.00,836.81,72.50,28.50,1.00,1.00,11814.77,10507.45,11071.45,11889.77,72,27,28,71,63422.16,63436.33,,
2026-08-17T11:55:36+08:00,btc-updown-5m-1786938900,https://polymarket.com/zh/event/btc-updown-5m-1786938900,11:55-12:00,69.00,32.00,68.00,31.00,348.57,83.96,83.96,259.19,68.50,31.50,1.00,1.00,12079.77,10966.45,11215.45,12069.77,68,31,31,68,63422.16,63436.33,,
2026-08-17T11:55:38+08:00,btc-updown-5m-1786938900,https://polymarket.com/zh/event/btc-updown-5m-1786938900,11:55-12:00,70.00,31.00,69.00,30.00,30.71,51.19,329.03,454.80,69.50,30.50,1.00,1.00,11974.77,11447.69,11422.69,12069.77,69,30,30,69,63422.16,63436.33,,
2026-08-17T11:55:40+08:00,btc-updown-5m-1786938900,https://polymarket.com/zh/event/btc-updown-5m-1786938900,11:55-12:00,77.00,24.00,76.00,23.00,434.65,70.00,40.00,474.65,76.50,23.50,1.00,1.00,11595.77,9148.69,9133.69,11595.77,76,23,23,76,63422.16,63439.62,,
2026-08-17T11:55:42+08:00,btc-updown-5m-1786938900,https://polymarket.com/zh/event/btc-updown-5m-1786938900,11:55-12:00,76.00,25.00,75.00,24.00,393.54,60.00,68.83,400.07,75.50,24.50,1.00,1.00,11595.77,9633.69,9178.69,11595.77,75,24,24,75,63422.16,63439.62,,
2026-08-17T11:55:44+08:00,btc-updown-5m-1786938900,https://polymarket.com/zh/event/btc-updown-5m-1786938900,11:55-12:00,71.00,30.00,70.00,29.00,12.33,320.94,343.32,52.33,70.50,29.50,1.00,1.00,11590.78,10731.69,11613.69,11605.78,70,29,29,70,63422.16,63439.62,,
2026-08-17T11:55:46+08:00,btc-updown-5m-1786938900,https://polymarket.com/zh/event/btc-updown-5m-1786938900,11:55-12:00,73.00,28.00,72.00,27.00,20.00,673.25,712.54,20.00,72.50,27.50,1.00,1.00,11495.77,11508.69,11948.69,11595.77,72,27,27,72,63422.16,63439.62,,
2026-08-17T11:55:48+08:00,btc-updown-5m-1786938900,https://polymarket.com/zh/event/btc-updown-5m-1786938900,11:55-12:00,78.00,23.00,75.00,16.00,20.00,382.70,26.00,320.88,76.50,19.50,3.00,7.00,11435.77,10747.02,11610.35,11325.78,75,20,16,77,63422.16,63450.77,,
2026-08-17T11:55:50+08:00,btc-updown-5m-1786938900,https://polymarket.com/zh/event/btc-updown-5m-1786938900,11:55-12:00,87.00,14.00,86.00,13.00,378.81,62.50,69.50,403.39,86.50,13.50,1.00,1.00,11010.77,12556.68,12566.68,11125.77,86,13,13,86,63422.16,63459.88,,
2026-08-17T11:55:52+08:00,btc-updown-5m-1786938900,https://polymarket.com/zh/event/btc-updown-5m-1786938900,11:55-12:00,86.00,15.00,85.00,14.00,231.32,299.72,299.72,236.32,85.50,14.50,1.00,1.00,11790.77,12025.53,12015.53,11285.77,85,14,14,85,63422.16,63459.88,,
2026-08-17T11:55:54+08:00,btc-updown-5m-1786938900,https://polymarket.com/zh/event/btc-updown-5m-1786938900,11:55-12:00,80.00,23.00,78.00,21.00,62.00,10.00,17.00,375.33,79.00,22.00,2.00,2.00,10890.77,10247.02,10799.38,10975.77,78,20,21,77,63422.16,63458.29,,
2026-08-17T11:55:56+08:00,btc-updown-5m-1786938900,https://polymarket.com/zh/event/btc-updown-5m-1786938900,11:55-12:00,81.00,20.00,80.00,19.00,80.00,445.02,367.02,47.53,80.50,19.50,1.00,1.00,11055.78,11362.02,11377.02,11150.77,80,19,19,80,63422.16,63449.99,,
2026-08-17T11:55:58+08:00,btc-updown-5m-1786938900,https://polymarket.com/zh/event/btc-updown-5m-1786938900,11:55-12:00,82.00,19.00,81.00,18.00,27.69,303.46,374.83,49.69,81.50,18.50,1.00,1.00,11116.51,11114.02,11129.02,11106.50,81,18,18,81,63422.16,63448.64,,
2026-08-17T11:56:00+08:00,btc-updown-5m-1786938900,https://polymarket.com/zh/event/btc-updown-5m-1786938900,11:55-12:00,81.00,20.00,80.00,19.00,226.53,38.00,41.05,216.72,80.50,19.50,1.00,1.00,10871.50,10874.02,10889.02,15071.50,80,19,19,80,63422.16,63448.63,,
2026-08-17T11:56:02+08:00,btc-updown-5m-1786938900,https://polymarket.com/zh/event/btc-updown-5m-1786938900,11:55-12:00,86.00,15.00,85.00,14.00,188.00,88.00,106.98,247.00,85.50,14.50,1.00,1.00,13531.50,10696.85,11680.18,13541.50,85,14,14,85,63422.16,63456.25,,
2026-08-17T11:56:04+08:00,btc-updown-5m-1786938900,https://polymarket.com/zh/event/btc-updown-5m-1786938900,11:55-12:00,87.00,14.00,86.00,13.00,80.00,55.00,183.47,1279.35,86.50,13.50,1.00,1.00,13191.50,10735.18,10096.85,13296.51,86,13,13,86,63422.16,63456.26,,
2026-08-17T11:56:06+08:00,btc-updown-5m-1786938900,https://polymarket.com/zh/event/btc-updown-5m-1786938900,11:55-12:00,83.00,19.00,82.00,18.00,665.24,95.73,47.53,435.92,82.50,18.50,1.00,1.00,12611.50,10769.52,10619.52,12521.50,82,17,18,81,63422.16,63455.22,,
2026-08-17T11:56:08+08:00,btc-updown-5m-1786938900,https://polymarket.com/zh/event/btc-updown-5m-1786938900,11:55-12:00,80.00,21.00,79.00,20.00,116.01,252.39,501.96,367.51,79.50,20.50,1.00,1.00,12901.50,10267.52,10267.52,12806.50,79,20,20,79,63422.16,63448.63,,
2026-08-17T11:56:10+08:00,btc-updown-5m-1786938900,https://polymarket.com/zh/event/btc-updown-5m-1786938900,11:55-12:00,78.00,23.00,77.00,22.00,32.00,487.89,500.89,30.00,77.50,22.50,1.00,1.00,13061.50,10171.02,10171.02,12576.51,77,22,22,77,63422.16,63448.64,,
2026-08-17T11:56:11+08:00,btc-updown-5m-1786938900,https://polymarket.com/zh/event/btc-updown-5m-1786938900,11:55-12:00,79.00,22.00,78.00,21.00,35.00,798.31,706.31,25.00,78.50,21.50,1.00,1.00,13166.51,10026.02,10016.02,12661.50,78,21,21,78,63422.16,63448.64,,
2026-08-17T11:56:13+08:00,btc-updown-5m-1786938900,https://polymarket.com/zh/event/btc-updown-5m-1786938900,11:55-12:00,79.00,22.00,78.00,21.00,105.92,371.63,389.18,75.92,78.50,21.50,1.00,1.00,13051.50,10071.52,10091.52,12661.50,78,21,21,78,63422.16,63448.63,,
2026-08-17T11:56:16+08:00,btc-updown-5m-1786938900,https://polymarket.com/zh/event/btc-updown-5m-1786938900,11:55-12:00,78.00,23.00,77.00,22.00,177.47,108.00,125.08,177.47,77.50,22.50,1.00,1.00,13341.50,10068.02,10068.02,12836.51,77,22,22,77,63422.16,63448.63,,
2026-08-17T11:56:17+08:00,btc-updown-5m-1786938900,https://polymarket.com/zh/event/btc-updown-5m-1786938900,11:55-12:00,80.00,21.00,79.00,20.00,65.00,119.45,76.63,65.00,79.50,20.50,1.00,1.00,12826.51,10042.52,10062.52,12836.50,79,20,20,79,63422.16,63448.63,,
2026-08-17T11:56:19+08:00,btc-updown-5m-1786938900,https://polymarket.com/zh/event/btc-updown-5m-1786938900,11:55-12:00,80.00,21.00,79.00,20.00,105.50,190.66,150.66,45.50,79.50,20.50,1.00,1.00,12931.50,10362.52,10352.52,13331.50,79,20,20,79,63422.16,63448.63,,
2026-08-17T11:56:21+08:00,btc-updown-5m-1786938900,https://polymarket.com/zh/event/btc-updown-5m-1786938900,11:55-12:00,81.00,20.00,80.00,19.00,430.61,1198.92,86.42,60.32,80.50,19.50,1.00,1.00,13426.50,10362.52,10352.52,12836.50,80,19,19,80,63422.16,63448.63,,
2026-08-17T11:56:23+08:00,btc-updown-5m-1786938900,https://polymarket.com/zh/event/btc-updown-5m-1786938900,11:55-12:00,80.00,21.00,79.00,20.00,428.19,88.00,98.00,410.87,79.50,20.50,1.00,1.00,12981.50,9823.52,9823.52,12471.50,79,20,20,79,63422.16,63448.63,,
2026-08-17T11:56:25+08:00,btc-updown-5m-1786938900,https://polymarket.com/zh/event/btc-updown-5m-1786938900,11:55-12:00,79.00,22.00,78.00,21.00,401.82,13.33,20.00,381.82,78.50,21.50,1.00,1.00,12381.50,9909.82,9919.82,12481.50,78,21,21,78,63422.16,63448.63,,
2026-08-17T11:56:27+08:00,btc-updown-5m-1786938900,https://polymarket.com/zh/event/btc-updown-5m-1786938900,11:55-12:00,79.00,22.00,78.00,21.00,163.00,66.00,66.00,142.00,78.50,21.50,1.00,1.00,12386.50,10163.82,10173.82,13476.50,78,21,21,78,63422.16,63448.63,,
2026-08-17T11:56:29+08:00,btc-updown-5m-1786938900,https://polymarket.com/zh/event/btc-updown-5m-1786938900,11:55-12:00,79.00,22.00,78.00,21.00,104.57,117.45,109.86,111.57,78.50,21.50,1.00,1.00,12391.50,10088.82,10098.82,12971.50,78,21,21,78,63422.16,63448.63,,
2026-08-17T11:56:31+08:00,btc-updown-5m-1786938900,https://polymarket.com/zh/event/btc-updown-5m-1786938900,11:55-12:00,79.00,22.00,78.00,21.00,22.54,215.16,102.87,22.54,78.50,21.50,1.00,1.00,11589.50,9231.82,9216.82,12199.51,78,21,21,78,63422.16,63448.63,,
2026-08-17T11:56:33+08:00,btc-updown-5m-1786938900,https://polymarket.com/zh/event/btc-updown-5m-1786938900,11:55-12:00,82.00,19.00,81.00,18.00,445.84,20.00,15.00,457.06,81.50,18.50,1.00,1.00,12079.50,9366.82,9226.82,12489.50,81,18,18,81,63422.16,63448.63,,
2026-08-17T11:56:35+08:00,btc-updown-5m-1786938900,https://polymarket.com/zh/event/btc-updown-5m-1786938900,11:55-12:00,82.00,19.00,81.00,18.00,26.00,280.12,280.12,56.00,81.50,18.50,1.00,1.00,11979.50,9387.18,9382.18,12599.51,81,18,18,81,63422.16,63448.63,,
2026-08-17T11:56:37+08:00,btc-updown-5m-1786938900,https://polymarket.com/zh/event/btc-updown-5m-1786938900,11:55-12:00,83.00,18.00,82.00,17.00,217.35,59.00,59.00,225.74,82.50,17.50,1.00,1.00,12084.50,9642.18,9632.18,12104.50,82,17,17,82,63422.16,63448.63,,
2026-08-17T11:56:39+08:00,btc-updown-5m-1786938900,https://polymarket.com/zh/event/btc-updown-5m-1786938900,11:55-12:00,83.00,18.00,82.00,17.00,669.51,20.00,45.00,395.51,82.50,17.50,1.00,1.00,11634.50,9522.18,9617.18,12054.50,82,17,17,82,63422.16,63448.64,,
2026-08-17T11:56:41+08:00,btc-updown-5m-1786938900,https://polymarket.com/zh/event/btc-updown-5m-1786938900,11:55-12:00,58.00,40.00,57.00,39.00,7.50,215.27,204.86,5.00,57.50,39.50,1.00,1.00,12389.50,13452.83,13447.83,12379.51,57,42,39,60,63422.16,63434.28,,
2026-08-17T11:56:43+08:00,btc-updown-5m-1786938900,https://polymarket.com/zh/event/btc-updown-5m-1786938900,11:55-12:00,58.00,44.00,57.00,43.00,423.70,18.65,20.00,266.53,57.50,43.50,1.00,1.00,11889.51,13540.33,13590.33,11929.50,57,42,43,56,63422.16,63431.15,,
2026-08-17T11:56:45+08:00,btc-updown-5m-1786938900,https://polymarket.com/zh/event/btc-updown-5m-1786938900,11:55-12:00,57.00,45.00,56.00,44.00,717.50,55.00,15.00,340.23,56.50,44.50,1.00,1.00,12214.50,13382.83,13377.83,11689.50,56,43,44,55,63422.16,63431.14,,
2026-08-17T11:56:47+08:00,btc-updown-5m-1786938900,https://polymarket.com/zh/event/btc-updown-5m-1786938900,11:55-12:00,45.00,56.00,44.00,55.00,126.07,306.29,310.08,100.00,44.50,55.50,1.00,1.00,10954.50,13972.33,14116.33,10949.50,44,55,55,44,63422.16,63422.17,,
2026-08-17T11:56:49+08:00,btc-updown-5m-1786938900,https://polymarket.com/zh/event/btc-updown-5m-1786938900,11:55-12:00,42.00,59.00,41.00,58.00,128.39,90.03,96.24,153.39,41.50,58.50,1.00,1.00,10959.50,14192.33,14077.33,10554.50,41,58,58,41,63422.16,63414.85,,
2026-08-17T11:56:51+08:00,btc-updown-5m-1786938900,https://polymarket.com/zh/event/btc-updown-5m-1786938900,11:55-12:00,41.00,60.00,40.00,59.00,8.00,214.11,244.95,8.00,40.50,59.50,1.00,1.00,10549.50,14377.99,14367.00,10529.50,40,59,59,40,63422.16,63413.43,,
2026-08-17T11:56:53+08:00,btc-updown-5m-1786938900,https://polymarket.com/zh/event/btc-updown-5m-1786938900,11:55-12:00,40.00,61.00,39.00,60.00,355.17,52.82,23.07,391.20,39.50,60.50,1.00,1.00,10124.50,14471.99,14482.99,10134.50,39,60,60,39,63422.16,63413.43,,
2026-08-17T11:56:55+08:00,btc-updown-5m-1786938900,https://polymarket.com/zh/event/btc-updown-5m-1786938900,11:55-12:00,39.00,62.00,38.00,61.00,248.57,69.01,71.92,286.05,38.50,61.50,1.00,1.00,10139.50,14472.99,14456.99,10144.50,38,61,61,38,63422.16,63413.43,,
2026-08-17T11:56:57+08:00,btc-updown-5m-1786938900,https://polymarket.com/zh/event/btc-updown-5m-1786938900,11:55-12:00,38.00,63.00,37.00,62.00,21.03,318.76,352.11,35.00,37.50,62.50,1.00,1.00,10451.50,14481.99,14462.99,10461.50,37,62,62,37,63422.16,63413.43,,
2026-08-17T11:56:59+08:00,btc-updown-5m-1786938900,https://polymarket.com/zh/event/btc-updown-5m-1786938900,11:55-12:00,38.00,63.00,37.00,62.00,86.40,23.20,18.09,68.00,37.50,62.50,1.00,1.00,10446.50,14889.04,14898.04,10456.50,37,62,62,37,63422.16,63413.43,,
2026-08-17T11:57:00+08:00,btc-updown-5m-1786938900,https://polymarket.com/zh/event/btc-updown-5m-1786938900,11:55-12:00,37.00,64.00,36.00,63.00,238.01,18.19,26.00,187.68,36.50,63.50,1.00,1.00,10311.50,14666.99,14689.99,10296.50,36,63,63,36,63422.16,63413.43,,
2026-08-17T11:57:02+08:00,btc-updown-5m-1786938900,https://polymarket.com/zh/event/btc-updown-5m-1786938900,11:55-12:00,35.00,66.00,34.00,65.00,430.30,204.58,203.58,237.50,34.50,65.50,1.00,1.00,10201.50,14664.99,14541.99,10176.50,34,65,65,34,63422.16,63413.43,,
2026-08-17T11:57:04+08:00,btc-updown-5m-1786938900,https://polymarket.com/zh/event/btc-updown-5m-1786938900,11:55-12:00,35.00,66.00,34.00,65.00,92.16,190.76,190.76,89.24,34.50,65.50,1.00,1.00,10636.50,14621.99,14642.00,10651.50,34,65,65,34,63422.16,63413.43,,
2026-08-17T11:57:06+08:00,btc-updown-5m-1786938900,https://polymarket.com/zh/event/btc-updown-5m-1786938900,11:55-12:00,25.00,77.00,24.00,76.00,244.57,83.00,108.85,212.52,24.50,76.50,1.00,1.00,10935.50,14786.99,14786.99,10925.50,24,75,76,23,63422.16,63413.43,,
2026-08-17T11:57:08+08:00,btc-updown-5m-1786938900,https://polymarket.com/zh/event/btc-updown-5m-1786938900,11:55-12:00,22.00,79.00,21.00,78.00,348.00,41.25,50.00,348.00,21.50,78.50,1.00,1.00,12107.16,14252.99,14243.99,12137.16,21,78,78,21,63422.16,63406.03,,
2026-08-17T11:57:10+08:00,btc-updown-5m-1786938900,https://polymarket.com/zh/event/btc-updown-5m-1786938900,11:55-12:00,17.00,84.00,16.00,83.00,114.48,65.45,66.82,114.48,16.50,83.50,1.00,1.00,12713.49,12927.99,12843.99,12698.49,16,83,83,16,63422.16,63399.75,,
2026-08-17T11:57:12+08:00,btc-updown-5m-1786938900,https://polymarket.com/zh/event/btc-updown-5m-1786938900,11:55-12:00,13.00,88.00,12.00,87.00,70.00,93.74,165.74,47.23,12.50,87.50,1.00,1.00,12960.85,12898.99,12848.00,12920.85,12,87,87,12,63422.16,63399.75,,
2026-08-17T11:57:14+08:00,btc-updown-5m-1786938900,https://polymarket.com/zh/event/btc-updown-5m-1786938900,11:55-12:00,14.00,87.00,13.00,86.00,50.00,148.80,259.67,45.71,13.50,86.50,1.00,1.00,13154.04,13053.04,13178.99,13154.04,13,86,86,13,63422.16,63399.75,,
2026-08-17T11:57:16+08:00,btc-updown-5m-1786938900,https://polymarket.com/zh/event/btc-updown-5m-1786938900,11:55-12:00,13.00,89.00,12.00,88.00,497.69,29.19,20.00,339.98,12.50,88.50,1.00,1.00,13014.04,13047.99,13163.99,13004.02,12,87,88,11,63422.16,63396.61,,
2026-08-17T11:57:18+08:00,btc-updown-5m-1786938900,https://polymarket.com/zh/event/btc-updown-5m-1786938900,11:55-12:00,9.00,92.00,8.00,91.00,466.83,5.00,5.00,402.83,8.50,91.50,1.00,1.00,9044.70,13000.99,13116.99,9059.68,8,91,91,8,63422.16,63390.33,,
2026-08-17T11:57:20+08:00,btc-updown-5m-1786938900,https://polymarket.com/zh/event/btc-updown-5m-1786938900,11:55-12:00,9.00,92.00,8.00,91.00,268.02,51.81,51.81,273.02,8.50,91.50,1.00,1.00,8937.67,12976.99,12981.00,8898.98,8,91,91,8,63422.16,63390.33,,
2026-08-17T11:57:22+08:00,btc-updown-5m-1786938900,https://polymarket.com/zh/event/btc-updown-5m-1786938900,11:55-12:00,7.00,94.00,6.00,93.00,232.69,202.03,212.03,223.87,6.50,93.50,1.00,1.00,8462.35,13070.99,13191.00,8544.64,6,93,93,6,63422.16,63384.05,,
2026-08-17T11:57:24+08:00,btc-updown-5m-1786938900,https://polymarket.com/zh/event/btc-updown-5m-1786938900,11:55-12:00,8.00,93.00,7.00,92.00,11.00,375.49,375.49,11.00,7.50,92.50,1.00,1.00,9119.29,12746.00,13060.99,9235.29,7,92,92,7,63422.16,63384.06,,
2026-08-17T11:57:26+08:00,btc-updown-5m-1786938900,https://polymarket.com/zh/event/btc-updown-5m-1786938900,11:55-12:00,7.00,94.00,6.00,93.00,171.98,209.02,210.09,176.98,6.50,93.50,1.00,1.00,9923.29,13085.99,13186.99,9908.29,6,93,93,6,63422.16,63384.05,,
2026-08-17T11:57:28+08:00,btc-updown-5m-1786938900,https://polymarket.com/zh/event/btc-updown-5m-1786938900,11:55-12:00,7.00,94.00,6.00,93.00,306.42,110.82,130.82,316.42,6.50,93.50,1.00,1.00,9182.27,13190.99,13110.99,8933.91,6,93,93,6,63422.16,63384.05,,
2026-08-17T11:57:30+08:00,btc-updown-5m-1786938900,https://polymarket.com/zh/event/btc-updown-5m-1786938900,11:55-12:00,6.00,95.00,5.00,94.00,136.37,339.31,191.42,123.04,5.50,94.50,1.00,1.00,8783.33,13060.99,13170.99,9068.25,5,94,94,5,63422.16,63384.05,,
2026-08-17T11:57:32+08:00,btc-updown-5m-1786938900,https://polymarket.com/zh/event/btc-updown-5m-1786938900,11:55-12:00,6.00,96.00,4.00,95.00,212.11,282.43,287.43,228.61,5.00,95.50,2.00,1.00,8434.84,13210.99,13190.99,8429.84,4,94,95,4,63422.16,63384.05,,
2026-08-17T11:57:34+08:00,btc-updown-5m-1786938900,https://polymarket.com/zh/event/btc-updown-5m-1786938900,11:55-12:00,5.00,96.00,4.00,95.00,221.62,259.29,259.29,221.62,4.50,95.50,1.00,1.00,7761.70,12975.99,13050.99,7761.70,4,95,95,4,63422.16,63380.91,,
2026-08-17T11:57:36+08:00,btc-updown-5m-1786938900,https://polymarket.com/zh/event/btc-updown-5m-1786938900,11:55-12:00,5.00,96.00,4.00,95.00,308.20,128.69,142.03,313.20,4.50,95.50,1.00,1.00,6079.75,12705.99,12790.99,6061.41,4,95,95,4,63422.16,63380.91,,
2026-08-17T11:57:38+08:00,btc-updown-5m-1786938900,https://polymarket.com/zh/event/btc-updown-5m-1786938900,11:55-12:00,5.00,96.00,4.00,95.00,587.20,4.05,10.00,587.20,4.50,95.50,1.00,1.00,5577.23,12655.99,12771.99,5576.28,4,95,95,4,63422.16,63379.50,,
2026-08-17T11:57:40+08:00,btc-updown-5m-1786938900,https://polymarket.com/zh/event/btc-updown-5m-1786938900,11:55-12:00,4.00,97.00,3.00,96.00,285.75,538.02,673.67,365.75,3.50,96.50,1.00,1.00,5569.90,12776.04,12776.99,5399.25,3,96,96,3,63422.16,63376.17,,
2026-08-17T11:57:42+08:00,btc-updown-5m-1786938900,https://polymarket.com/zh/event/btc-updown-5m-1786938900,11:55-12:00,3.00,98.00,2.00,97.00,35.00,1199.50,1193.56,35.00,2.50,97.50,1.00,1.00,4557.53,12336.99,12292.99,4427.16,2,97,97,2,63422.16,63374.65,,
2026-08-17T11:57:44+08:00,btc-updown-5m-1786938900,https://polymarket.com/zh/event/btc-updown-5m-1786938900,11:55-12:00,3.00,98.00,2.00,97.00,216.95,1103.18,1241.46,216.95,2.50,97.50,1.00,1.00,4439.12,12672.99,12593.99,4300.84,2,97,97,2,63422.16,63373.53,,
2026-08-17T11:57:46+08:00,btc-updown-5m-1786938900,https://polymarket.com/zh/event/btc-updown-5m-1786938900,11:55-12:00,4.00,97.00,2.00,96.00,271.34,15.54,980.28,419.24,3.00,96.50,2.00,1.00,3499.61,10762.74,10758.73,3394.15,2,96,96,3,63422.16,63373.54,,
2026-08-17T11:57:48+08:00,btc-updown-5m-1786938900,https://polymarket.com/zh/event/btc-updown-5m-1786938900,11:55-12:00,4.00,97.00,3.00,96.00,1553.79,45.00,50.00,1559.54,3.50,96.50,1.00,1.00,3282.95,10672.71,10773.71,3397.95,3,96,96,3,63422.16,63373.54,,
2026-08-17T11:57:50+08:00,btc-updown-5m-1786938900,https://polymarket.com/zh/event/btc-updown-5m-1786938900,11:55-12:00,4.00,97.00,3.00,96.00,1540.08,25.00,25.00,1540.08,3.50,96.50,1.00,1.00,3357.95,10722.71,10827.71,3357.95,3,96,96,3,63422.16,63370.68,,
2026-08-17T11:57:51+08:00,btc-updown-5m-1786938900,https://polymarket.com/zh/event/btc-updown-5m-1786938900,11:55-12:00,3.00,98.00,2.00,97.00,267.00,774.72,774.72,267.00,2.50,97.50,1.00,1.00,3510.05,11157.71,11195.71,3510.05,2,97,97,2,63422.16,63370.68,,
2026-08-17T11:57:53+08:00,btc-updown-5m-1786938900,https://polymarket.com/zh/event/btc-updown-5m-1786938900,11:55-12:00,4.00,97.00,3.00,96.00,1404.85,229.94,262.01,1404.85,3.50,96.50,1.00,1.00,3802.43,10743.71,11187.71,3840.36,3,96,96,3,63422.16,63370.68,,
2026-08-17T11:57:55+08:00,btc-updown-5m-1786938900,https://polymarket.com/zh/event/btc-updown-5m-1786938900,11:55-12:00,2.00,99.00,1.00,98.00,451.25,2229.21,2204.73,951.72,1.50,98.50,1.00,1.00,2204.73,11092.71,11077.71,2229.21,1,98,98,1,63422.16,63367.96,,
2026-08-17T11:57:57+08:00,btc-updown-5m-1786938900,https://polymarket.com/zh/event/btc-updown-5m-1786938900,11:55-12:00,2.00,99.00,1.00,98.00,740.95,2438.66,2438.66,722.50,1.50,98.50,1.00,1.00,2438.66,11067.71,11088.71,2438.66,1,98,98,1,63422.16,63366.16,,
2026-08-17T11:57:59+08:00,btc-updown-5m-1786938900,https://polymarket.com/zh/event/btc-updown-5m-1786938900,11:55-12:00,2.00,99.00,1.00,98.00,1188.51,2427.55,2429.55,1188.51,1.50,98.50,1.00,1.00,2429.55,11072.71,11177.71,2427.55,1,98,98,1,63422.16,63364.95,,
2026-08-17T11:58:01+08:00,btc-updown-5m-1786938900,https://polymarket.com/zh/event/btc-updown-5m-1786938900,11:55-12:00,2.00,99.00,1.00,98.00,1426.40,1446.46,1433.46,1426.40,1.50,98.50,1.00,1.00,1433.46,10987.62,10887.62,1446.46,1,98,98,1,63422.16,63363.71,,
2026-08-17T11:58:03+08:00,btc-updown-5m-1786938900,https://polymarket.com/zh/event/btc-updown-5m-1786938900,11:55-12:00,2.00,99.00,1.00,98.00,1781.00,1272.04,1272.04,1281.00,1.50,98.50,1.00,1.00,1272.04,10898.62,11003.63,1272.04,1,98,98,1,63422.16,63363.70,,
2026-08-17T11:58:05+08:00,btc-updown-5m-1786938900,https://polymarket.com/zh/event/btc-updown-5m-1786938900,11:55-12:00,2.00,99.00,1.00,98.00,1158.38,1315.55,1285.55,1158.38,1.50,98.50,1.00,1.00,1285.55,11002.63,10902.62,1315.55,1,98,98,1,63422.16,63363.71,,
2026-08-17T11:58:07+08:00,btc-updown-5m-1786938900,https://polymarket.com/zh/event/btc-updown-5m-1786938900,11:55-12:00,2.00,99.00,1.00,98.00,1238.49,900.20,905.04,1259.39,1.50,98.50,1.00,1.00,905.04,10902.67,10807.62,900.20,1,98,98,1,63422.16,63363.67,,
2026-08-17T11:58:09+08:00,btc-updown-5m-1786938900,https://polymarket.com/zh/event/btc-updown-5m-1786938900,11:55-12:00,2.00,99.00,1.00,98.00,1258.19,281.62,282.99,1255.07,1.50,98.50,1.00,1.00,282.99,10918.62,10807.63,281.62,1,98,98,1,63422.16,63363.68,,
2026-08-17T11:58:11+08:00,btc-updown-5m-1786938900,https://polymarket.com/zh/event/btc-updown-5m-1786938900,11:55-12:00,1.00,,,99.00,1107.83,,,1107.83,,,,,,10798.62,10803.62,,0,99,99,0,63422.16,63363.68,,
2026-08-17T11:58:13+08:00,btc-updown-5m-1786938900,https://polymarket.com/zh/event/btc-updown-5m-1786938900,11:55-12:00,1.00,,,99.00,1257.83,,,1263.43,,,,,,10793.62,10807.62,,0,99,99,0,63422.16,63363.63,,
2026-08-17T11:58:15+08:00,btc-updown-5m-1786938900,https://polymarket.com/zh/event/btc-updown-5m-1786938900,11:55-12:00,1.00,,,99.00,1318.43,,,1318.43,,,,,,10797.62,10792.62,,0,99,99,0,63422.16,63363.63,,
2026-08-17T11:58:17+08:00,btc-updown-5m-1786938900,https://polymarket.com/zh/event/btc-updown-5m-1786938900,11:55-12:00,1.00,,,99.00,1376.99,,,1386.99,,,,,,10352.62,10343.62,,0,99,99,0,63422.16,63363.63,,
2026-08-17T11:58:19+08:00,btc-updown-5m-1786938900,https://polymarket.com/zh/event/btc-updown-5m-1786938900,11:55-12:00,1.00,,,99.00,1405.74,,,1405.74,,,,,,10343.62,10347.62,,0,99,99,0,63422.16,63363.63,,
2026-08-17T11:58:21+08:00,btc-updown-5m-1786938900,https://polymarket.com/zh/event/btc-updown-5m-1786938900,11:55-12:00,1.00,,,99.00,1698.74,,,1698.74,,,,,,10347.62,10352.62,,0,99,99,0,63422.16,63363.44,,
2026-08-17T11:58:23+08:00,btc-updown-5m-1786938900,https://polymarket.com/zh/event/btc-updown-5m-1786938900,11:55-12:00,1.00,,,99.00,2006.74,,,2006.74,,,,,,10347.62,10353.62,,0,99,99,0,63422.16,63363.44,,
2026-08-17T11:58:25+08:00,btc-updown-5m-1786938900,https://polymarket.com/zh/event/btc-updown-5m-1786938900,11:55-12:00,1.00,,,99.00,2006.74,,,2006.74,,,,,,10353.62,10357.62,,0,99,99,0,63422.16,63363.44,,
2026-08-17T11:58:26+08:00,btc-updown-5m-1786938900,https://polymarket.com/zh/event/btc-updown-5m-1786938900,11:55-12:00,1.00,,,99.00,2006.74,,,2006.74,,,,,,10342.62,10368.62,,0,99,99,0,63422.16,63363.44,,
2026-08-17T11:58:28+08:00,btc-updown-5m-1786938900,https://polymarket.com/zh/event/btc-updown-5m-1786938900,11:55-12:00,1.00,,,99.00,1986.74,,,1986.74,,,,,,10347.62,10347.62,,0,99,99,0,63422.16,63363.44,,
2026-08-17T11:58:30+08:00,btc-updown-5m-1786938900,https://polymarket.com/zh/event/btc-updown-5m-1786938900,11:55-12:00,1.00,,,99.00,1141.98,,,1141.98,,,,,,10352.62,10353.62,,0,99,99,0,63422.16,63363.44,,
2026-08-17T11:58:32+08:00,btc-updown-5m-1786938900,https://polymarket.com/zh/event/btc-updown-5m-1786938900,11:55-12:00,1.00,,,99.00,1168.04,,,1168.04,,,,,,10347.62,10337.62,,0,99,99,0,63422.16,63363.44,,
2026-08-17T11:58:34+08:00,btc-updown-5m-1786938900,https://polymarket.com/zh/event/btc-updown-5m-1786938900,11:55-12:00,1.00,99.90,0.90,99.80,3680.41,4500.00,105.75,33.32,0.95,99.85,0.10,0.10,4610.95,12467.90,12702.90,4500.00,3,103,105,1,63422.16,63363.44,,
2026-08-17T11:58:36+08:00,btc-updown-5m-1786938900,https://polymarket.com/zh/event/btc-updown-5m-1786938900,11:55-12:00,0.70,99.90,0.10,99.30,211.36,4498.63,4498.63,211.36,0.40,99.60,0.60,0.60,4498.63,12717.91,12702.90,4498.63,1,117,116,1,63422.16,63363.44,,
2026-08-17T11:58:38+08:00,btc-updown-5m-1786938900,https://polymarket.com/zh/event/btc-updown-5m-1786938900,11:55-12:00,0.70,99.90,0.10,99.30,201.36,4513.63,4513.63,201.36,0.40,99.60,0.60,0.60,4513.63,12827.90,12823.90,4513.63,1,119,119,1,63422.16,63363.44,,
2026-08-17T11:58:40+08:00,btc-updown-5m-1786938900,https://polymarket.com/zh/event/btc-updown-5m-1786938900,11:55-12:00,0.70,99.90,0.10,99.30,201.36,4463.63,4463.63,201.36,0.40,99.60,0.60,0.60,4463.63,12843.90,12832.95,4463.63,1,119,119,1,63422.16,63363.39,,
2026-08-17T11:58:42+08:00,btc-updown-5m-1786938900,https://polymarket.com/zh/event/btc-updown-5m-1786938900,11:55-12:00,0.70,99.90,0.10,99.30,251.36,4413.63,4413.63,301.36,0.40,99.60,0.60,0.60,4413.63,12837.91,12833.90,4413.63,1,121,121,1,63422.16,63363.39,,
2026-08-17T11:58:44+08:00,btc-updown-5m-1786938900,https://polymarket.com/zh/event/btc-updown-5m-1786938900,11:55-12:00,0.70,99.90,0.10,99.30,301.36,4413.63,4413.63,301.36,0.40,99.60,0.60,0.60,4413.63,13087.90,13087.90,4413.63,1,120,120,1,63422.16,63363.39,,
2026-08-17T11:58:46+08:00,btc-updown-5m-1786938900,https://polymarket.com/zh/event/btc-updown-5m-1786938900,11:55-12:00,0.70,99.90,0.10,99.30,301.36,2625.00,2625.00,301.36,0.40,99.60,0.60,0.60,2625.00,12998.90,12987.90,2625.00,1,120,120,1,63422.16,63363.39,,
2026-08-17T11:58:48+08:00,btc-updown-5m-1786938900,https://polymarket.com/zh/event/btc-updown-5m-1786938900,11:55-12:00,0.60,99.90,0.10,99.40,90.00,2625.00,2625.00,90.00,0.35,99.65,0.50,0.50,2625.00,13202.91,13103.91,2625.00,1,120,120,1,63422.16,63363.39,,
2026-08-17T11:58:50+08:00,btc-updown-5m-1786938900,https://polymarket.com/zh/event/btc-updown-5m-1786938900,11:55-12:00,0.60,99.90,0.10,99.40,82.50,2625.00,2625.00,82.50,0.35,99.65,0.50,0.50,2625.00,12828.90,12732.90,2625.00,1,122,122,1,63422.16,63363.39,,
2026-08-17T11:58:52+08:00,btc-updown-5m-1786938900,https://polymarket.com/zh/event/btc-updown-5m-1786938900,11:55-12:00,0.60,99.90,0.10,99.40,183.10,2625.00,2625.00,183.10,0.35,99.65,0.50,0.50,2625.00,12817.90,12732.90,2625.00,1,120,120,1,63422.16,63363.39,,
2026-08-17T11:58:54+08:00,btc-updown-5m-1786938900,https://polymarket.com/zh/event/btc-updown-5m-1786938900,11:55-12:00,0.50,99.90,0.10,99.50,100.50,2568.68,2568.68,100.50,0.30,99.70,0.40,0.40,2568.68,10232.90,10217.90,2568.68,1,120,120,1,63422.16,63363.39,,
2026-08-17T11:58:56+08:00,btc-updown-5m-1786938900,https://polymarket.com/zh/event/btc-updown-5m-1786938900,11:55-12:00,0.50,99.90,0.10,99.50,100.50,2233.37,2233.37,100.50,0.30,99.70,0.40,0.40,2233.37,10065.61,10041.61,2233.37,1,121,121,1,63422.16,63360.76,,
2026-08-17T11:58:58+08:00,btc-updown-5m-1786938900,https://polymarket.com/zh/event/btc-updown-5m-1786938900,11:55-12:00,0.30,99.90,0.10,99.70,100.30,2233.37,2233.37,100.30,0.20,99.80,0.20,0.20,2233.37,9985.61,9896.61,2233.37,1,121,121,1,63422.16,63360.75,,
2026-08-17T11:59:00+08:00,btc-updown-5m-1786938900,https://polymarket.com/zh/event/btc-updown-5m-1786938900,11:55-12:00,0.20,99.90,0.10,99.80,100.20,2228.37,2228.37,100.20,0.15,99.85,0.10,0.10,2228.37,9950.61,5853.27,2228.37,1,123,123,1,63422.16,63360.76,,
2026-08-17T11:59:02+08:00,btc-updown-5m-1786938900,https://polymarket.com/zh/event/btc-updown-5m-1786938900,11:55-12:00,0.20,99.90,0.10,99.60,20.20,2234.38,2262.27,434.12,0.15,99.75,0.10,0.30,2262.27,5652.27,5632.27,2234.38,1,120,119,1,63422.16,63364.25,,
2026-08-17T11:59:04+08:00,btc-updown-5m-1786938900,https://polymarket.com/zh/event/btc-updown-5m-1786938900,11:55-12:00,0.30,99.90,0.10,99.70,100.30,125.00,125.00,100.30,0.20,99.80,0.20,0.20,125.00,5367.27,5287.28,125.00,1,123,123,1,63422.16,63364.79,,
2026-08-17T11:59:06+08:00,btc-updown-5m-1786938900,https://polymarket.com/zh/event/btc-updown-5m-1786938900,11:55-12:00,0.30,99.90,0.10,99.80,105.30,115.00,115.00,100.20,0.20,99.85,0.20,0.10,115.00,5732.28,5648.27,115.00,1,120,122,1,63422.16,63364.79,,
2026-08-17T11:59:08+08:00,btc-updown-5m-1786938900,https://polymarket.com/zh/event/btc-updown-5m-1786938900,11:55-12:00,0.20,99.90,0.10,99.80,105.20,15.00,15.00,105.20,0.15,99.85,0.10,0.10,15.00,5632.32,5747.27,15.00,1,118,120,1,63422.16,63364.78,,
2026-08-17T11:59:10+08:00,btc-updown-5m-1786938900,https://polymarket.com/zh/event/btc-updown-5m-1786938900,11:55-12:00,0.10,,,99.90,145.10,,,145.10,,,,,,5373.27,5367.27,,0,116,117,0,63422.16,63364.79,,
2026-08-17T11:59:12+08:00,btc-updown-5m-1786938900,https://polymarket.com/zh/event/btc-updown-5m-1786938900,11:55-12:00,0.10,,,99.90,145.10,,,145.10,,,,,,5367.27,5357.27,,0,117,116,0,63422.16,63364.78,,
2026-08-17T11:59:14+08:00,btc-updown-5m-1786938900,https://polymarket.com/zh/event/btc-updown-5m-1786938900,11:55-12:00,0.10,,,99.90,150.10,,,150.10,,,,,,5367.27,5357.27,,0,116,116,0,63422.16,63364.79,,
2026-08-17T11:59:15+08:00,btc-updown-5m-1786938900,https://polymarket.com/zh/event/btc-updown-5m-1786938900,11:55-12:00,0.10,,,99.90,450.10,,,450.10,,,,,,5007.27,4903.27,,0,117,115,0,63422.16,63364.79,,
2026-08-17T11:59:18+08:00,btc-updown-5m-1786938900,https://polymarket.com/zh/event/btc-updown-5m-1786938900,11:55-12:00,0.10,,,99.90,440.30,,,440.30,,,,,,4923.27,4897.27,,0,117,117,0,63422.16,63364.79,,
2026-08-17T11:59:19+08:00,btc-updown-5m-1786938900,https://polymarket.com/zh/event/btc-updown-5m-1786938900,11:55-12:00,0.10,,,99.90,540.30,,,540.30,,,,,,4917.27,4897.27,,0,115,115,0,63422.16,63364.79,,
2026-08-17T11:59:21+08:00,btc-updown-5m-1786938900,https://polymarket.com/zh/event/btc-updown-5m-1786938900,11:55-12:00,0.10,,,99.90,540.30,,,540.30,,,,,,4907.27,4908.27,,0,117,117,0,63422.16,63364.79,,
2026-08-17T11:59:23+08:00,btc-updown-5m-1786938900,https://polymarket.com/zh/event/btc-updown-5m-1786938900,11:55-12:00,0.10,,,99.90,540.30,,,540.30,,,,,,4907.27,4917.27,,0,112,112,0,63422.16,63364.79,,
2026-08-17T11:59:25+08:00,btc-updown-5m-1786938900,https://polymarket.com/zh/event/btc-updown-5m-1786938900,11:55-12:00,0.10,,,99.90,740.30,,,740.30,,,,,,4907.27,4928.27,,0,112,111,0,63422.16,63364.79,,
2026-08-17T11:59:27+08:00,btc-updown-5m-1786938900,https://polymarket.com/zh/event/btc-updown-5m-1786938900,11:55-12:00,0.10,,,99.90,740.30,,,740.30,,,,,,4902.27,5003.27,,0,110,110,0,63422.16,63364.79,,
2026-08-17T11:59:29+08:00,btc-updown-5m-1786938900,https://polymarket.com/zh/event/btc-updown-5m-1786938900,11:55-12:00,0.10,,,99.90,740.30,,,740.30,,,,,,4913.27,4922.27,,0,109,109,0,63422.16,63364.79,,
2026-08-17T11:59:31+08:00,btc-updown-5m-1786938900,https://polymarket.com/zh/event/btc-updown-5m-1786938900,11:55-12:00,0.10,,,99.90,915.42,,,915.42,,,,,,4400.77,4404.77,,0,109,109,0,63422.16,63364.79,,
2026-08-17T11:59:33+08:00,btc-updown-5m-1786938900,https://polymarket.com/zh/event/btc-updown-5m-1786938900,11:55-12:00,0.10,,,99.90,899.31,,,899.31,,,,,,4589.77,4525.77,,0,109,109,0,63422.16,63364.02,,
2026-08-17T11:59:35+08:00,btc-updown-5m-1786938900,https://polymarket.com/zh/event/btc-updown-5m-1786938900,11:55-12:00,0.10,,,99.90,899.31,,,899.31,,,,,,4389.77,4404.77,,0,109,109,0,63422.16,63364.02,,
2026-08-17T11:59:37+08:00,btc-updown-5m-1786938900,https://polymarket.com/zh/event/btc-updown-5m-1786938900,11:55-12:00,0.10,,,99.90,899.31,,,899.31,,,,,,4409.77,4400.77,,0,109,109,0,63422.16,63364.02,,
2026-08-17T11:59:39+08:00,btc-updown-5m-1786938900,https://polymarket.com/zh/event/btc-updown-5m-1786938900,11:55-12:00,0.10,,,99.90,918.66,,,918.66,,,,,,4384.77,4415.77,,0,109,109,0,63422.16,63364.02,,
2026-08-17T11:59:41+08:00,btc-updown-5m-1786938900,https://polymarket.com/zh/event/btc-updown-5m-1786938900,11:55-12:00,0.10,,,99.90,5980.53,,,5980.53,,,,,,4374.25,4373.25,,0,109,109,0,63422.16,63364.02,,
2026-08-17T11:59:43+08:00,btc-updown-5m-1786938900,https://polymarket.com/zh/event/btc-updown-5m-1786938900,11:55-12:00,0.10,,,99.90,5980.53,,,5980.53,,,,,,4363.25,4379.25,,0,109,109,0,63422.16,63364.02,,
2026-08-17T11:59:45+08:00,btc-updown-5m-1786938900,https://polymarket.com/zh/event/btc-updown-5m-1786938900,11:55-12:00,0.10,,,99.90,5951.57,,,5951.57,,,,,,4394.25,4363.25,,0,109,109,0,63422.16,63364.02,,
2026-08-17T11:59:47+08:00,btc-updown-5m-1786938900,https://polymarket.com/zh/event/btc-updown-5m-1786938900,11:55-12:00,0.10,,,99.90,6000.38,,,6000.38,,,,,,4363.25,4353.25,,0,109,109,0,63422.16,63364.02,,
2026-08-17T11:59:49+08:00,btc-updown-5m-1786938900,https://polymarket.com/zh/event/btc-updown-5m-1786938900,11:55-12:00,0.10,,,99.90,11285.07,,,11285.07,,,,,,4374.25,4353.25,,0,109,109,0,63422.16,63360.76,,
2026-08-17T11:59:51+08:00,btc-updown-5m-1786938900,https://polymarket.com/zh/event/btc-updown-5m-1786938900,11:55-12:00,0.10,,,99.90,11285.07,,,11285.07,,,,,,4343.25,4318.25,,0,109,109,0,63422.16,63360.76,,
2026-08-17T11:59:53+08:00,btc-updown-5m-1786938900,https://polymarket.com/zh/event/btc-updown-5m-1786938900,11:55-12:00,0.10,,,99.90,10595.84,,,10595.84,,,,,,4328.25,4324.25,,0,109,109,0,63422.16,63364.53,,
2026-08-17T11:59:55+08:00,btc-updown-5m-1786938900,https://polymarket.com/zh/event/btc-updown-5m-1786938900,11:55-12:00,0.10,,,99.90,10815.94,,,10815.94,,,,,,4324.25,4344.25,,0,109,109,0,63422.16,63366.49,,
2026-08-17T11:59:57+08:00,btc-updown-5m-1786938900,https://polymarket.com/zh/event/btc-updown-5m-1786938900,11:55-12:00,0.10,,,99.90,10815.94,,,10815.94,,,,,,3089.25,3088.25,,0,109,109,0,63422.16,63367.81,,
2026-08-17T11:59:59+08:00,btc-updown-5m-1786938900,https://polymarket.com/zh/event/btc-updown-5m-1786938900,11:55-12:00,0.10,,,99.90,10815.94,,,10848.94,,,,,,3083.25,3028.25,,0,109,109,0,63422.16,63367.81,,
2026-08-17T12:00:01+08:00,btc-updown-5m-1786939200,https://polymarket.com/zh/event/btc-updown-5m-1786939200,12:00-12:05,65.00,36.00,64.00,35.00,83.99,316.89,319.67,42.85,64.50,35.50,1.00,1.00,13928.46,11040.81,11050.81,14178.46,43,27,28,42,63367.81,63377.76,,
2026-08-17T12:00:03+08:00,btc-updown-5m-1786939200,https://polymarket.com/zh/event/btc-updown-5m-1786939200,12:00-12:05,74.00,27.00,73.00,26.00,215.53,197.90,140.90,223.59,73.50,26.50,1.00,1.00,15033.79,13696.73,13773.73,15078.79,73,26,26,73,63367.81,63392.99,,
2026-08-17T12:00:05+08:00,btc-updown-5m-1786939200,https://polymarket.com/zh/event/btc-updown-5m-1786939200,12:00-12:05,74.00,27.00,73.00,26.00,98.02,1001.11,991.86,70.99,73.50,26.50,1.00,1.00,16211.79,13427.73,13427.73,16112.79,73,26,26,73,63367.81,63388.18,,
2026-08-17T12:00:07+08:00,btc-updown-5m-1786939200,https://polymarket.com/zh/event/btc-updown-5m-1786939200,12:00-12:05,70.00,31.00,69.00,30.00,386.32,64.64,64.64,363.59,69.50,30.50,1.00,1.00,14998.79,14153.73,14148.73,14893.80,69,30,30,69,63367.81,63388.18,,
2026-08-17T12:00:09+08:00,btc-updown-5m-1786939200,https://polymarket.com/zh/event/btc-updown-5m-1786939200,12:00-12:05,71.00,30.00,70.00,29.00,336.55,522.87,522.87,341.55,70.50,29.50,1.00,1.00,12993.79,11436.73,11406.73,13013.79,70,29,29,70,63367.81,63385.64,,
2026-08-17T12:00:11+08:00,btc-updown-5m-1786939200,https://polymarket.com/zh/event/btc-updown-5m-1786939200,12:00-12:05,71.00,30.00,70.00,29.00,340.60,411.90,429.72,340.60,70.50,29.50,1.00,1.00,13279.79,11851.73,11861.73,13274.79,70,29,29,70,63367.81,63386.35,,
2026-08-17T12:00:13+08:00,btc-updown-5m-1786939200,https://polymarket.com/zh/event/btc-updown-5m-1786939200,12:00-12:05,73.00,28.00,72.00,27.00,26.05,369.58,282.62,26.05,72.50,27.50,1.00,1.00,13312.53,11244.47,11254.47,13392.53,72,27,27,72,63367.81,63385.64,,
2026-08-17T12:00:15+08:00,btc-updown-5m-1786939200,https://polymarket.com/zh/event/btc-updown-5m-1786939200,12:00-12:05,77.00,24.00,76.00,23.00,8.68,370.98,386.77,13.68,76.50,23.50,1.00,1.00,13567.53,10899.47,10899.47,13477.54,76,22,22,76,63367.81,63385.64,,
2026-08-17T12:00:17+08:00,btc-updown-5m-1786939200,https://polymarket.com/zh/event/btc-updown-5m-1786939200,12:00-12:05,69.00,32.00,68.00,31.00,255.78,211.56,124.72,250.78,68.50,31.50,1.00,1.00,13852.53,12259.47,12129.47,14020.13,68,31,31,68,63367.81,63384.05,,
2026-08-17T12:00:19+08:00,btc-updown-5m-1786939200,https://polymarket.com/zh/event/btc-updown-5m-1786939200,12:00-12:05,73.00,28.00,72.00,27.00,11.92,186.17,208.70,11.92,72.50,27.50,1.00,1.00,13759.52,12206.46,12241.46,13649.52,72,27,27,72,63367.81,63384.05,,
2026-08-17T12:00:21+08:00,btc-updown-5m-1786939200,https://polymarket.com/zh/event/btc-updown-5m-1786939200,12:00-12:05,73.00,28.00,72.00,27.00,27.16,185.23,185.23,27.16,72.50,27.50,1.00,1.00,12784.53,10831.46,10821.46,12189.52,72,27,27,72,63367.81,63384.05,,
2026-08-17T12:00:23+08:00,btc-updown-5m-1786939200,https://polymarket.com/zh/event/btc-updown-5m-1786939200,12:00-12:05,75.00,26.00,74.00,25.00,146.43,173.21,205.57,146.43,74.50,25.50,1.00,1.00,12284.52,10886.46,10876.46,12179.52,74,25,25,74,63367.81,63385.63,,
2026-08-17T12:00:25+08:00,btc-updown-5m-1786939200,https://polymarket.com/zh/event/btc-updown-5m-1786939200,12:00-12:05,72.00,32.00,71.00,31.00,286.10,258.98,104.31,57.00,71.50,31.50,1.00,1.00,12029.52,10456.46,9971.46,11254.52,71,28,31,68,63367.81,63385.62,,
2026-08-17T12:00:27+08:00,btc-updown-5m-1786939200,https://polymarket.com/zh/event/btc-updown-5m-1786939200,12:00-12:05,69.00,32.00,68.00,31.00,457.89,115.74,161.84,457.89,68.50,31.50,1.00,1.00,11211.52,10103.46,10098.46,11311.53,68,31,31,68,63367.81,63385.62,,
2026-08-17T12:00:29+08:00,btc-updown-5m-1786939200,https://polymarket.com/zh/event/btc-updown-5m-1786939200,12:00-12:05,56.00,45.00,55.00,44.00,41.89,74.99,51.00,30.00,55.50,44.50,1.00,1.00,11266.53,9769.46,9769.46,10976.52,55,44,44,55,63367.81,63380.90,,
2026-08-17T12:00:31+08:00,btc-updown-5m-1786939200,https://polymarket.com/zh/event/btc-updown-5m-1786939200,12:00-12:05,54.00,47.00,53.00,46.00,125.50,130.90,116.90,65.50,53.50,46.50,1.00,1.00,10601.52,10990.46,10975.46,10591.53,53,46,46,53,63367.81,63377.76,,
2026-08-17T12:00:33+08:00,btc-updown-5m-1786939200,https://polymarket.com/zh/event/btc-updown-5m-1786939200,12:00-12:05,54.00,47.00,53.00,46.00,60.00,31.91,72.00,150.00,53.50,46.50,1.00,1.00,10256.52,10750.46,10735.46,10351.53,53,46,46,53,63367.81,63374.63,,
2026-08-17T12:00:35+08:00,btc-updown-5m-1786939200,https://polymarket.com/zh/event/btc-updown-5m-1786939200,12:00-12:05,54.00,47.00,53.00,46.00,5.00,292.98,292.98,5.00,53.50,46.50,1.00,1.00,9981.52,10500.46,10500.46,9981.52,53,46,46,53,63367.81,63374.63,,
2026-08-17T12:00:37+08:00,btc-updown-5m-1786939200,https://polymarket.com/zh/event/btc-updown-5m-1786939200,12:00-12:05,54.00,47.00,53.00,46.00,5.00,292.98,292.98,5.00,53.50,46.50,1.00,1.00,9981.52,10500.46,10500.46,9981.52,53,46,46,53,63367.81,63374.63,,
2026-08-17T12:00:39+08:00,btc-updown-5m-1786939200,https://polymarket.com/zh/event/btc-updown-5m-1786939200,12:00-12:05,54.00,47.00,53.00,46.00,5.00,292.98,292.98,5.00,53.50,46.50,1.00,1.00,9956.52,10475.46,10475.46,9956.52,53,46,46,53,63367.81,63374.63,,
2026-08-17T12:00:40+08:00,btc-updown-5m-1786939200,https://polymarket.com/zh/event/btc-updown-5m-1786939200,12:00-12:05,55.00,46.00,54.00,45.00,680.51,60.00,60.00,680.51,54.50,45.50,1.00,1.00,9296.52,10471.46,10666.46,10126.52,54,45,45,54,63367.81,63373.36,,
2026-08-17T12:00:42+08:00,btc-updown-5m-1786939200,https://polymarket.com/zh/event/btc-updown-5m-1786939200,12:00-12:05,60.00,41.00,59.00,40.00,299.94,28.00,30.00,506.79,59.50,40.50,1.00,1.00,10026.52,10006.46,9986.46,10026.52,59,40,40,59,63367.81,63373.36,,
2026-08-17T12:00:44+08:00,btc-updown-5m-1786939200,https://polymarket.com/zh/event/btc-updown-5m-1786939200,12:00-12:05,81.00,20.00,80.00,19.00,173.81,245.00,60.00,54.50,80.50,19.50,1.00,1.00,12541.52,9402.80,9980.80,13216.53,78,19,19,80,63367.81,63403.51,,
2026-08-17T12:00:46+08:00,btc-updown-5m-1786939200,https://polymarket.com/zh/event/btc-updown-5m-1786939200,12:00-12:05,81.00,19.00,80.00,18.00,29.50,164.32,220.90,600.30,80.50,18.50,1.00,1.00,12601.52,8759.81,8789.81,12601.52,80,19,18,81,63367.81,63404.16,,
2026-08-17T12:00:48+08:00,btc-updown-5m-1786939200,https://polymarket.com/zh/event/btc-updown-5m-1786939200,12:00-12:05,84.00,17.00,83.00,16.00,96.00,5.00,132.00,54.51,83.50,16.50,1.00,1.00,10925.53,8244.93,7967.95,11005.53,83,15,16,83,63367.81,63404.16,,
2026-08-17T12:00:50+08:00,btc-updown-5m-1786939200,https://polymarket.com/zh/event/btc-updown-5m-1786939200,12:00-12:05,87.00,16.00,86.00,15.00,594.91,12.50,23.11,504.79,86.50,15.50,1.00,1.00,10566.52,7976.96,8189.96,10546.52,86,13,15,84,63367.81,63418.59,,
2026-08-17T12:00:52+08:00,btc-updown-5m-1786939200,https://polymarket.com/zh/event/btc-updown-5m-1786939200,12:00-12:05,80.00,21.00,79.00,20.00,99.40,406.47,266.52,89.34,79.50,20.50,1.00,1.00,10021.52,8461.96,8466.96,10121.52,79,20,20,79,63367.81,63409.17,,
2026-08-17T12:00:54+08:00,btc-updown-5m-1786939200,https://polymarket.com/zh/event/btc-updown-5m-1786939200,12:00-12:05,81.00,20.00,80.00,19.00,45.00,590.54,590.54,45.00,80.50,19.50,1.00,1.00,10306.52,10206.95,10206.95,10306.52,80,19,19,80,63367.81,63409.17,,
2026-08-17T12:00:56+08:00,btc-updown-5m-1786939200,https://polymarket.com/zh/event/btc-updown-5m-1786939200,12:00-12:05,80.00,24.00,79.00,23.00,933.59,51.30,29.98,102.76,79.50,23.50,1.00,1.00,9635.01,9987.95,10122.95,9655.02,77,20,23,76,63367.81,63409.17,,
2026-08-17T12:00:58+08:00,btc-updown-5m-1786939200,https://polymarket.com/zh/event/btc-updown-5m-1786939200,12:00-12:05,87.00,14.00,86.00,13.00,179.64,154.00,34.00,397.27,86.50,13.50,1.00,1.00,10012.01,9763.45,9711.12,9407.00,86,13,13,86,63367.81,63436.82,,
2026-08-17T12:01:00+08:00,btc-updown-5m-1786939200,https://polymarket.com/zh/event/btc-updown-5m-1786939200,12:00-12:05,91.00,10.00,90.00,9.00,438.44,470.01,490.76,523.45,90.50,9.50,1.00,1.00,13177.00,10957.12,10812.12,13182.00,90,9,9,90,63367.81,63448.76,,
2026-08-17T12:01:02+08:00,btc-updown-5m-1786939200,https://polymarket.com/zh/event/btc-updown-5m-1786939200,12:00-12:05,91.00,10.00,90.00,9.00,145.57,693.96,651.31,131.57,90.50,9.50,1.00,1.00,12382.00,10750.83,10755.83,12297.01,90,9,9,90,63367.81,63447.75,,
2026-08-17T12:01:04+08:00,btc-updown-5m-1786939200,https://polymarket.com/zh/event/btc-updown-5m-1786939200,12:00-12:05,92.00,9.00,91.00,8.00,105.32,334.04,302.48,128.33,91.50,8.50,1.00,1.00,11656.90,10833.19,10818.19,11766.91,91,8,8,91,63367.81,63451.99,,
2026-08-17T12:01:06+08:00,btc-updown-5m-1786939200,https://polymarket.com/zh/event/btc-updown-5m-1786939200,12:00-12:05,93.00,8.00,92.00,7.00,379.00,328.86,303.86,347.37,92.50,7.50,1.00,1.00,11361.90,10513.28,10513.28,11361.90,92,7,7,92,63367.81,63451.99,,
2026-08-17T12:01:08+08:00,btc-updown-5m-1786939200,https://polymarket.com/zh/event/btc-updown-5m-1786939200,12:00-12:05,93.00,9.00,92.00,8.00,825.03,142.55,106.68,241.02,92.50,8.50,1.00,1.00,11496.90,8316.35,9173.68,10971.90,92,7,8,91,63367.81,63449.26,,
2026-08-17T12:01:10+08:00,btc-updown-5m-1786939200,https://polymarket.com/zh/event/btc-updown-5m-1786939200,12:00-12:05,89.00,12.00,88.00,11.00,94.10,66.04,693.57,1335.88,88.50,11.50,1.00,1.00,11749.64,7450.13,8024.46,12249.64,88,11,11,88,63367.81,63437.43,,
2026-08-17T12:01:12+08:00,btc-updown-5m-1786939200,https://polymarket.com/zh/event/btc-updown-5m-1786939200,12:00-12:05,86.00,15.00,85.00,14.00,250.57,273.64,414.50,143.04,85.50,14.50,1.00,1.00,11354.64,8169.12,8084.12,11774.64,85,14,14,85,63367.81,63424.87,,
2026-08-17T12:01:14+08:00,btc-updown-5m-1786939200,https://polymarket.com/zh/event/btc-updown-5m-1786939200,12:00-12:05,87.00,14.00,86.00,13.00,104.00,235.98,235.98,104.00,86.50,13.50,1.00,1.00,11269.65,8153.30,8153.30,11269.65,86,13,13,86,63367.81,63420.54,,
2026-08-17T12:01:16+08:00,btc-updown-5m-1786939200,https://polymarket.com/zh/event/btc-updown-5m-1786939200,12:00-12:05,84.00,16.00,83.00,15.00,80.00,125.00,387.96,84.00,83.50,15.50,1.00,1.00,11354.64,7992.61,8007.61,11364.64,83,16,15,84,63367.81,63418.58,,
2026-08-17T12:01:18+08:00,btc-updown-5m-1786939200,https://polymarket.com/zh/event/btc-updown-5m-1786939200,12:00-12:05,84.00,17.00,83.00,16.00,64.53,183.15,125.12,94.53,83.50,16.50,1.00,1.00,11839.64,7889.61,7974.61,11854.64,83,16,16,83,63367.81,63417.64,,
2026-08-17T12:01:21+08:00,btc-updown-5m-1786939200,https://polymarket.com/zh/event/btc-updown-5m-1786939200,12:00-12:05,84.00,17.00,83.00,16.00,53.46,352.08,332.08,53.46,83.50,16.50,1.00,1.00,11239.64,8056.61,8041.61,11854.64,83,16,16,83,63367.81,63418.56,,
2026-08-17T12:01:23+08:00,btc-updown-5m-1786939200,https://polymarket.com/zh/event/btc-updown-5m-1786939200,12:00-12:05,85.00,16.00,84.00,15.00,55.78,480.62,460.62,45.78,84.50,15.50,1.00,1.00,11264.64,8206.61,8216.61,11839.64,84,15,15,84,63367.81,63417.44,,
2026-08-17T12:01:25+08:00,btc-updown-5m-1786939200,https://polymarket.com/zh/event/btc-updown-5m-1786939200,12:00-12:05,85.00,16.00,84.00,15.00,31.32,334.72,425.37,169.35,84.50,15.50,1.00,1.00,11849.64,8116.61,8236.61,11749.64,84,15,15,84,63367.81,63417.43,,
2026-08-17T12:01:27+08:00,btc-updown-5m-1786939200,https://polymarket.com/zh/event/btc-updown-5m-1786939200,12:00-12:05,86.00,15.00,85.00,14.00,514.23,50.00,43.33,802.23,85.50,14.50,1.00,1.00,11779.65,8242.61,8202.61,11369.64,85,14,14,85,63367.81,63417.44,,
2026-08-17T12:01:29+08:00,btc-updown-5m-1786939200,https://polymarket.com/zh/event/btc-updown-5m-1786939200,12:00-12:05,86.00,15.00,85.00,14.00,408.29,40.00,40.00,408.29,85.50,14.50,1.00,1.00,11249.64,8281.37,8185.37,11744.64,85,14,14,85,63367.81,63417.44,,
2026-08-17T12:01:31+08:00,btc-updown-5m-1786939200,https://polymarket.com/zh/event/btc-updown-5m-1786939200,12:00-12:05,86.00,15.00,85.00,14.00,69.55,232.45,232.45,63.73,85.50,14.50,1.00,1.00,12304.64,9297.01,9297.01,11714.64,85,14,14,85,63367.81,63417.44,,
2026-08-17T12:01:33+08:00,btc-updown-5m-1786939200,https://polymarket.com/zh/event/btc-updown-5m-1786939200,12:00-12:05,88.00,13.00,87.00,12.00,185.32,134.00,226.98,252.42,87.50,12.50,1.00,1.00,11704.64,9176.51,9187.51,12299.64,87,12,12,87,63367.81,63418.58,,
2026-08-17T12:01:35+08:00,btc-updown-5m-1786939200,https://polymarket.com/zh/event/btc-updown-5m-1786939200,12:00-12:05,88.00,13.00,87.00,12.00,140.04,377.14,382.14,140.04,87.50,12.50,1.00,1.00,11709.64,9441.51,9441.51,11809.65,87,12,12,87,63367.81,63418.59,,
2026-08-17T12:01:36+08:00,btc-updown-5m-1786939200,https://polymarket.com/zh/event/btc-updown-5m-1786939200,12:00-12:05,88.00,13.00,87.00,12.00,136.72,49.00,35.00,136.72,87.50,12.50,1.00,1.00,11809.65,9453.51,9448.51,11714.64,87,12,12,87,63367.81,63418.58,,
2026-08-17T12:01:38+08:00,btc-updown-5m-1786939200,https://polymarket.com/zh/event/btc-updown-5m-1786939200,12:00-12:05,90.00,11.00,89.00,10.00,129.25,51.81,56.44,423.48,89.50,10.50,1.00,1.00,11349.65,9523.51,9486.51,11264.64,89,10,10,89,63367.81,63418.59,,
2026-08-17T12:01:40+08:00,btc-updown-5m-1786939200,https://polymarket.com/zh/event/btc-updown-5m-1786939200,12:00-12:05,90.00,11.00,89.00,10.00,441.25,60.00,60.00,327.82,89.50,10.50,1.00,1.00,11754.64,9393.51,9383.51,11864.64,89,10,10,89,63367.81,63418.59,,
2026-08-17T12:01:42+08:00,btc-updown-5m-1786939200,https://polymarket.com/zh/event/btc-updown-5m-1786939200,12:00-12:05,89.00,10.00,88.00,9.00,26.62,274.62,227.86,95.00,88.50,9.50,1.00,1.00,11809.64,9447.51,9437.51,12299.64,88,11,9,90,63367.81,63418.59,,
2026-08-17T12:01:44+08:00,btc-updown-5m-1786939200,https://polymarket.com/zh/event/btc-updown-5m-1786939200,12:00-12:05,92.00,9.00,91.00,8.00,70.00,276.97,276.97,96.00,91.50,8.50,1.00,1.00,11804.64,9179.51,9469.51,11814.64,91,8,8,91,63367.81,63418.59,,
2026-08-17T12:01:46+08:00,btc-updown-5m-1786939200,https://polymarket.com/zh/event/btc-updown-5m-1786939200,12:00-12:05,92.00,9.00,91.00,8.00,30.00,226.95,220.95,30.00,91.50,8.50,1.00,1.00,12204.64,9394.08,9480.08,11814.64,91,8,8,91,63367.81,63418.59,,
2026-08-17T12:01:48+08:00,btc-updown-5m-1786939200,https://polymarket.com/zh/event/btc-updown-5m-1786939200,12:00-12:05,92.00,9.00,91.00,8.00,30.00,85.03,90.03,30.00,91.50,8.50,1.00,1.00,11794.64,9486.08,9471.08,12309.64,91,8,8,91,63367.81,63418.59,,
2026-08-17T12:01:50+08:00,btc-updown-5m-1786939200,https://polymarket.com/zh/event/btc-updown-5m-1786939200,12:00-12:05,91.00,10.00,90.00,9.00,318.22,159.90,144.90,318.22,90.50,9.50,1.00,1.00,12204.64,9576.08,9596.08,11794.64,90,9,9,90,63367.81,63418.58,,
2026-08-17T12:01:52+08:00,btc-updown-5m-1786939200,https://polymarket.com/zh/event/btc-updown-5m-1786939200,12:00-12:05,91.00,10.00,90.00,9.00,208.63,199.89,214.89,218.63,90.50,9.50,1.00,1.00,12294.64,9671.08,9671.08,11804.64,90,9,9,90,63367.81,63418.58,,
2026-08-17T12:01:54+08:00,btc-updown-5m-1786939200,https://polymarket.com/zh/event/btc-updown-5m-1786939200,12:00-12:05,91.00,10.00,90.00,9.00,55.90,214.35,214.35,40.00,90.50,9.50,1.00,1.00,11704.65,9631.08,9641.08,12189.64,90,9,9,90,63367.81,63418.58,,
2026-08-17T12:01:56+08:00,btc-updown-5m-1786939200,https://polymarket.com/zh/event/btc-updown-5m-1786939200,12:00-12:05,92.00,9.00,91.00,8.00,30.00,169.61,169.61,30.00,91.50,8.50,1.00,1.00,11715.64,9653.08,9668.08,12110.64,91,8,8,91,63367.81,63418.59,,
2026-08-17T12:01:58+08:00,btc-updown-5m-1786939200,https://polymarket.com/zh/event/btc-updown-5m-1786939200,12:00-12:05,91.00,10.00,90.00,9.00,96.90,200.66,310.66,96.90,90.50,9.50,1.00,1.00,12205.64,9596.08,9756.08,11605.64,90,9,9,90,63367.81,63418.59,,
2026-08-17T12:02:00+08:00,btc-updown-5m-1786939200,https://polymarket.com/zh/event/btc-updown-5m-1786939200,12:00-12:05,91.00,10.00,90.00,9.00,286.61,98.30,91.97,505.97,90.50,9.50,1.00,1.00,11103.64,9485.08,9639.53,11688.64,90,9,9,90,63367.81,63418.59,,
2026-08-17T12:02:02+08:00,btc-updown-5m-1786939200,https://polymarket.com/zh/event/btc-updown-5m-1786939200,12:00-12:05,94.00,7.00,93.00,6.00,531.76,8.00,43.00,576.00,93.50,6.50,1.00,1.00,11028.64,8475.68,8935.37,10933.64,93,6,6,93,63367.81,63418.59,,
2026-08-17T12:02:04+08:00,btc-updown-5m-1786939200,https://polymarket.com/zh/event/btc-updown-5m-1786939200,12:00-12:05,91.00,10.00,90.00,9.00,143.32,48.30,95.82,237.06,90.50,9.50,1.00,1.00,10923.64,9015.38,9031.38,11308.65,90,9,9,90,63367.81,63416.74,,
2026-08-17T12:02:06+08:00,btc-updown-5m-1786939200,https://polymarket.com/zh/event/btc-updown-5m-1786939200,12:00-12:05,91.00,10.00,90.00,9.00,230.81,27.52,14.84,258.21,90.50,9.50,1.00,1.00,11513.64,9274.38,9164.38,12023.64,90,9,9,90,63367.81,63416.74,,
2026-08-17T12:02:08+08:00,btc-updown-5m-1786939200,https://polymarket.com/zh/event/btc-updown-5m-1786939200,12:00-12:05,91.00,10.00,90.00,9.00,138.00,122.15,104.63,138.00,90.50,9.50,1.00,1.00,11418.65,9116.38,9206.38,11428.64,90,9,9,90,63367.81,63412.32,,
2026-08-17T12:02:10+08:00,btc-updown-5m-1786939200,https://polymarket.com/zh/event/btc-updown-5m-1786939200,12:00-12:05,91.00,10.00,90.00,9.00,63.00,237.51,237.51,63.00,90.50,9.50,1.00,1.00,11523.64,9060.38,9183.38,11938.64,90,9,9,90,63367.81,63412.32,,
2026-08-17T12:02:12+08:00,btc-updown-5m-1786939200,https://polymarket.com/zh/event/btc-updown-5m-1786939200,12:00-12:05,92.00,9.00,91.00,8.00,236.71,229.95,229.95,236.71,91.50,8.50,1.00,1.00,11483.64,9011.38,8624.38,11378.65,91,8,8,91,63367.81,63412.32,,
2026-08-17T12:02:14+08:00,btc-updown-5m-1786939200,https://polymarket.com/zh/event/btc-updown-5m-1786939200,12:00-12:05,93.00,8.00,92.00,7.00,19.39,259.50,234.50,43.00,92.50,7.50,1.00,1.00,11988.64,8956.38,8966.38,11378.64,92,7,7,92,63367.81,63412.32,,
2026-08-17T12:02:16+08:00,btc-updown-5m-1786939200,https://polymarket.com/zh/event/btc-updown-5m-1786939200,12:00-12:05,93.00,8.00,92.00,7.00,39.76,211.22,211.22,172.76,92.50,7.50,1.00,1.00,12003.64,8995.38,9089.38,11388.64,92,7,7,92,63367.81,63412.33,,
2026-08-17T12:02:18+08:00,btc-updown-5m-1786939200,https://polymarket.com/zh/event/btc-updown-5m-1786939200,12:00-12:05,94.00,7.00,93.00,6.00,460.17,20.00,20.00,465.17,93.50,6.50,1.00,1.00,10948.64,9059.38,8916.38,11543.64,93,6,6,93,63367.81,63412.33,,
2026-08-17T12:02:20+08:00,btc-updown-5m-1786939200,https://polymarket.com/zh/event/btc-updown-5m-1786939200,12:00-12:05,92.00,9.00,91.00,8.00,81.22,318.52,318.52,81.22,91.50,8.50,1.00,1.00,11048.65,8916.38,8906.38,10948.64,91,8,8,91,63367.81,63412.32,,
2026-08-17T12:02:22+08:00,btc-updown-5m-1786939200,https://polymarket.com/zh/event/btc-updown-5m-1786939200,12:00-12:05,92.00,9.00,91.00,8.00,55.00,281.23,276.23,70.00,91.50,8.50,1.00,1.00,11023.64,9016.38,9006.38,11033.64,91,8,8,91,63367.81,63412.33,,
2026-08-17T12:02:24+08:00,btc-updown-5m-1786939200,https://polymarket.com/zh/event/btc-updown-5m-1786939200,12:00-12:05,92.00,9.00,91.00,8.00,50.64,321.23,321.23,50.64,91.50,8.50,1.00,1.00,11423.64,9223.69,9213.69,10933.64,91,8,8,91,63367.81,63412.33,,
2026-08-17T12:02:26+08:00,btc-updown-5m-1786939200,https://polymarket.com/zh/event/btc-updown-5m-1786939200,12:00-12:05,92.00,9.00,91.00,8.00,35.00,316.23,316.23,35.00,91.50,8.50,1.00,1.00,11423.64,9163.68,9163.68,11033.64,91,8,8,91,63367.81,63412.33,,
2026-08-17T12:02:27+08:00,btc-updown-5m-1786939200,https://polymarket.com/zh/event/btc-updown-5m-1786939200,12:00-12:05,93.00,7.00,92.00,6.00,21.77,153.54,250.82,275.38,92.50,6.50,1.00,1.00,11033.64,9015.99,9000.99,11428.64,92,7,6,93,63367.81,63412.33,,
2026-08-17T12:02:29+08:00,btc-updown-5m-1786939200,https://polymarket.com/zh/event/btc-updown-5m-1786939200,12:00-12:05,94.00,7.00,93.00,6.00,163.00,222.31,222.31,163.00,93.50,6.50,1.00,1.00,11498.65,9185.06,9195.06,11478.64,93,6,6,93,63367.81,63412.33,,
2026-08-17T12:02:31+08:00,btc-updown-5m-1786939200,https://polymarket.com/zh/event/btc-updown-5m-1786939200,12:00-12:05,95.00,6.00,94.00,5.00,208.96,222.67,222.67,346.96,94.50,5.50,1.00,1.00,11948.64,8901.55,9209.55,11433.64,94,5,5,94,63367.81,63412.33,,
2026-08-17T12:02:33+08:00,btc-updown-5m-1786939200,https://polymarket.com/zh/event/btc-updown-5m-1786939200,12:00-12:05,95.00,6.00,94.00,5.00,327.41,282.93,221.67,327.41,94.50,5.50,1.00,1.00,11353.64,9035.00,9050.00,11928.64,94,5,5,94,63367.81,63412.33,,
2026-08-17T12:02:35+08:00,btc-updown-5m-1786939200,https://polymarket.com/zh/event/btc-updown-5m-1786939200,12:00-12:05,95.00,6.00,94.00,5.00,13.00,340.34,340.34,13.00,94.50,5.50,1.00,1.00,11433.64,8641.53,7495.08,11328.64,94,5,5,94,63367.81,63412.32,,
2026-08-17T12:02:37+08:00,btc-updown-5m-1786939200,https://polymarket.com/zh/event/btc-updown-5m-1786939200,12:00-12:05,96.00,5.00,95.00,4.00,606.26,137.00,146.00,591.81,95.50,4.50,1.00,1.00,11378.64,7696.72,7682.27,11888.64,95,4,4,95,63367.81,63412.32,,
2026-08-17T12:02:39+08:00,btc-updown-5m-1786939200,https://polymarket.com/zh/event/btc-updown-5m-1786939200,12:00-12:05,95.00,6.00,94.00,5.00,138.01,238.70,238.70,127.48,94.50,5.50,1.00,1.00,11773.64,7592.68,7572.15,11383.64,94,5,5,94,63367.81,63412.32,,
2026-08-17T12:02:41+08:00,btc-updown-5m-1786939200,https://polymarket.com/zh/event/btc-updown-5m-1786939200,12:00-12:05,95.00,6.00,94.00,5.00,96.01,319.05,319.05,96.01,94.50,5.50,1.00,1.00,11262.64,7422.31,7412.31,11872.64,94,5,5,94,63367.81,63412.32,,
2026-08-17T12:02:43+08:00,btc-updown-5m-1786939200,https://polymarket.com/zh/event/btc-updown-5m-1786939200,12:00-12:05,95.00,5.00,94.00,4.00,62.01,122.98,309.05,210.65,94.50,4.50,1.00,1.00,11437.64,7786.46,7729.45,10917.65,94,5,4,95,63367.81,63412.32,,
2026-08-17T12:02:45+08:00,btc-updown-5m-1786939200,https://polymarket.com/zh/event/btc-updown-5m-1786939200,12:00-12:05,96.00,5.00,95.00,4.00,199.44,127.75,104.60,199.44,95.50,4.50,1.00,1.00,10822.64,7698.24,7693.24,10917.65,95,4,4,95,63367.81,63412.32,,
2026-08-17T12:02:47+08:00,btc-updown-5m-1786939200,https://polymarket.com/zh/event/btc-updown-5m-1786939200,12:00-12:05,97.00,4.00,96.00,3.00,1214.01,276.80,281.80,1214.01,96.50,3.50,1.00,1.00,10822.64,7335.27,7330.27,10912.64,96,3,3,96,63367.81,63412.32,,
2026-08-17T12:02:49+08:00,btc-updown-5m-1786939200,https://polymarket.com/zh/event/btc-updown-5m-1786939200,12:00-12:05,97.00,4.00,96.00,3.00,816.72,479.20,479.20,816.72,96.50,3.50,1.00,1.00,11272.64,6927.98,6927.98,11862.64,96,3,3,96,63367.81,63412.32,,
2026-08-17T12:02:51+08:00,btc-updown-5m-1786939200,https://polymarket.com/zh/event/btc-updown-5m-1786939200,12:00-12:05,97.00,4.00,96.00,3.00,760.76,550.21,540.04,760.76,96.50,3.50,1.00,1.00,11887.64,6872.02,6922.02,11272.64,96,3,3,96,63367.81,63412.32,,
2026-08-17T12:02:53+08:00,btc-updown-5m-1786939200,https://polymarket.com/zh/event/btc-updown-5m-1786939200,12:00-12:05,97.00,4.00,96.00,3.00,624.47,521.27,499.76,418.57,96.50,3.50,1.00,1.00,11446.48,6690.73,6484.83,11936.47,96,3,3,96,63367.81,63412.33,,
2026-08-17T12:02:55+08:00,btc-updown-5m-1786939200,https://polymarket.com/zh/event/btc-updown-5m-1786939200,12:00-12:05,97.00,4.00,96.00,3.00,298.86,577.06,577.06,298.86,96.50,3.50,1.00,1.00,11451.48,6378.12,6372.12,11336.47,96,3,3,96,63367.81,63412.33,,
2026-08-17T12:02:57+08:00,btc-updown-5m-1786939200,https://polymarket.com/zh/event/btc-updown-5m-1786939200,12:00-12:05,97.00,4.00,96.00,3.00,298.86,556.66,572.26,448.86,96.50,3.50,1.00,1.00,11341.47,6364.12,6474.12,11326.47,96,3,3,96,63367.81,63412.33,,
2026-08-17T12:02:59+08:00,btc-updown-5m-1786939200,https://polymarket.com/zh/event/btc-updown-5m-1786939200,12:00-12:05,97.00,4.00,96.00,3.00,81.20,577.02,577.02,73.86,96.50,3.50,1.00,1.00,11436.47,6182.46,6250.12,11831.47,96,3,3,96,63367.81,63412.33,,
2026-08-17T12:03:01+08:00,btc-updown-5m-1786939200,https://polymarket.com/zh/event/btc-updown-5m-1786939200,12:00-12:05,97.00,4.00,96.00,3.00,28.79,536.22,506.22,28.79,96.50,3.50,1.00,1.00,11181.38,5880.36,5880.36,11296.38,96,3,3,96,63367.81,63412.32,,
2026-08-17T12:03:03+08:00,btc-updown-5m-1786939200,https://polymarket.com/zh/event/btc-updown-5m-1786939200,12:00-12:05,98.00,3.00,97.00,2.00,2911.92,298.06,293.06,2908.85,97.50,2.50,1.00,1.00,11736.38,5441.78,5433.71,11271.39,97,2,2,97,63367.81,63412.32,,
2026-08-17T12:03:05+08:00,btc-updown-5m-1786939200,https://polymarket.com/zh/event/btc-updown-5m-1786939200,12:00-12:05,97.00,4.00,96.00,3.00,47.79,292.18,287.18,52.79,96.50,3.50,1.00,1.00,11339.16,5985.95,5985.95,10839.16,96,3,3,96,63367.81,63409.17,,
2026-08-17T12:03:07+08:00,btc-updown-5m-1786939200,https://polymarket.com/zh/event/btc-updown-5m-1786939200,12:00-12:05,98.00,3.00,97.00,2.00,2817.98,110.00,110.00,2672.98,97.50,2.50,1.00,1.00,10749.16,5392.84,5197.84,10859.16,97,2,2,97,63367.81,63409.17,,
2026-08-17T12:03:09+08:00,btc-updown-5m-1786939200,https://polymarket.com/zh/event/btc-updown-5m-1786939200,12:00-12:05,98.00,3.00,97.00,2.00,200.00,249.92,204.92,84.00,97.50,2.50,1.00,1.00,11364.16,4859.85,4743.85,10854.17,97,2,2,97,63367.81,63412.33,,
2026-08-17T12:03:11+08:00,btc-updown-5m-1786939200,https://polymarket.com/zh/event/btc-updown-5m-1786939200,12:00-12:05,99.00,2.00,98.00,1.00,2427.28,118.36,113.36,2422.28,98.50,1.50,1.00,1.00,11349.16,2427.28,2422.28,10864.17,98,1,1,98,63367.81,63419.84,,
2026-08-17T12:03:13+08:00,btc-updown-5m-1786939200,https://polymarket.com/zh/event/btc-updown-5m-1786939200,12:00-12:05,99.00,2.00,98.00,1.00,562.60,271.19,271.19,562.60,98.50,1.50,1.00,1.00,10769.16,562.60,562.60,11154.16,98,1,1,98,63367.81,63419.85,,
2026-08-17T12:03:15+08:00,btc-updown-5m-1786939200,https://polymarket.com/zh/event/btc-updown-5m-1786939200,12:00-12:05,99.00,1.00,98.00,,205.19,1402.82,509.54,,98.50,,1.00,,11249.16,205.19,,10659.17,98,1,0,99,63367.81,63421.50,,
2026-08-17T12:03:17+08:00,btc-updown-5m-1786939200,https://polymarket.com/zh/event/btc-updown-5m-1786939200,12:00-12:05,,1.00,99.00,,,1738.70,1738.70,,,,,,10644.16,,,10649.16,99,0,0,99,63367.81,63421.50,,
2026-08-17T12:03:19+08:00,btc-updown-5m-1786939200,https://polymarket.com/zh/event/btc-updown-5m-1786939200,12:00-12:05,,1.00,99.00,,,1682.88,1682.88,,,,,,11144.16,,,10654.16,99,0,0,99,63367.81,63421.50,,
2026-08-17T12:03:21+08:00,btc-updown-5m-1786939200,https://polymarket.com/zh/event/btc-updown-5m-1786939200,12:00-12:05,,1.00,99.00,,,1671.20,1671.20,,,,,,11144.16,,,11159.16,99,0,0,99,63367.81,63421.50,,
2026-08-17T12:03:23+08:00,btc-updown-5m-1786939200,https://polymarket.com/zh/event/btc-updown-5m-1786939200,12:00-12:05,,1.00,99.00,,,1576.20,1576.20,,,,,,11154.16,,,10644.16,99,0,0,99,63367.81,63421.50,,
2026-08-17T12:03:25+08:00,btc-updown-5m-1786939200,https://polymarket.com/zh/event/btc-updown-5m-1786939200,12:00-12:05,,1.00,99.00,,,1474.03,1474.03,,,,,,10649.16,,,10664.16,99,0,0,99,63367.81,63421.50,,
2026-08-17T12:03:27+08:00,btc-updown-5m-1786939200,https://polymarket.com/zh/event/btc-updown-5m-1786939200,12:00-12:05,,1.00,99.00,,,1672.03,1672.03,,,,,,11199.16,,,10204.16,99,0,0,99,63367.81,63421.50,,
2026-08-17T12:03:29+08:00,btc-updown-5m-1786939200,https://polymarket.com/zh/event/btc-updown-5m-1786939200,12:00-12:05,,1.00,99.00,,,1431.17,1436.18,,,,,,10219.17,,,10704.16,99,0,0,99,63367.81,63421.50,,
2026-08-17T12:03:31+08:00,btc-updown-5m-1786939200,https://polymarket.com/zh/event/btc-updown-5m-1786939200,12:00-12:05,,1.00,99.00,,,1491.27,1341.27,,,,,,10209.16,,,10704.16,99,0,0,99,63367.81,63421.50,,
2026-08-17T12:03:33+08:00,btc-updown-5m-1786939200,https://polymarket.com/zh/event/btc-updown-5m-1786939200,12:00-12:05,,1.00,99.00,,,1621.28,1616.27,,,,,,10719.16,,,10209.17,99,0,0,99,63367.81,63421.50,,
2026-08-17T12:03:35+08:00,btc-updown-5m-1786939200,https://polymarket.com/zh/event/btc-updown-5m-1786939200,12:00-12:05,,1.00,99.00,,,986.86,986.86,,,,,,10199.16,,,10709.16,99,0,0,99,63367.81,63412.30,,
2026-08-17T12:03:37+08:00,btc-updown-5m-1786939200,https://polymarket.com/zh/event/btc-updown-5m-1786939200,12:00-12:05,,1.00,99.00,,,986.87,986.87,,,,,,10699.16,,,10719.17,99,0,0,99,63367.81,63412.31,,
2026-08-17T12:03:39+08:00,btc-updown-5m-1786939200,https://polymarket.com/zh/event/btc-updown-5m-1786939200,12:00-12:05,,1.00,99.00,,,966.11,972.12,,,,,,10199.16,,,10714.16,99,0,0,99,63367.81,63412.31,,
2026-08-17T12:03:41+08:00,btc-updown-5m-1786939200,https://polymarket.com/zh/event/btc-updown-5m-1786939200,12:00-12:05,,1.00,99.00,,,1021.12,1016.11,,,,,,10204.16,,,10719.17,99,0,0,99,63367.81,63412.31,,
2026-08-17T12:03:43+08:00,btc-updown-5m-1786939200,https://polymarket.com/zh/event/btc-updown-5m-1786939200,12:00-12:05,,1.00,99.00,,,1015.48,1010.47,,,,,,10199.16,,,10219.17,99,0,0,99,63367.81,63411.33,,
2026-08-17T12:03:45+08:00,btc-updown-5m-1786939200,https://polymarket.com/zh/event/btc-updown-5m-1786939200,12:00-12:05,,1.00,99.00,,,1035.47,1035.47,,,,,,10204.16,,,10209.16,99,0,0,99,63367.81,63411.33,,
2026-08-17T12:03:47+08:00,btc-updown-5m-1786939200,https://polymarket.com/zh/event/btc-updown-5m-1786939200,12:00-12:05,,1.00,99.00,,,1040.51,1040.51,,,,,,10214.16,,,10694.16,99,0,0,99,63367.81,63411.33,,
2026-08-17T12:03:49+08:00,btc-updown-5m-1786939200,https://polymarket.com/zh/event/btc-updown-5m-1786939200,12:00-12:05,,1.00,99.00,,,919.81,919.81,,,,,,10719.16,,,10194.16,99,0,0,99,63367.81,63411.33,,
2026-08-17T12:03:51+08:00,btc-updown-5m-1786939200,https://polymarket.com/zh/event/btc-updown-5m-1786939200,12:00-12:05,,1.00,99.00,,,992.33,962.33,,,,,,10204.16,,,10694.16,99,0,0,99,63367.81,63411.33,,
2026-08-17T12:03:53+08:00,btc-updown-5m-1786939200,https://polymarket.com/zh/event/btc-updown-5m-1786939200,12:00-12:05,,1.00,99.00,,,4733.43,4733.43,,,,,,10219.16,,,10699.16,99,0,0,99,63367.81,63424.86,,
2026-08-17T12:03:55+08:00,btc-updown-5m-1786939200,https://polymarket.com/zh/event/btc-updown-5m-1786939200,12:00-12:05,,1.00,99.00,,,4058.83,4058.83,,,,,,10112.17,,,9592.17,99,0,0,99,63367.81,63425.44,,
2026-08-17T12:03:57+08:00,btc-updown-5m-1786939200,https://polymarket.com/zh/event/btc-updown-5m-1786939200,12:00-12:05,,1.00,99.00,,,4239.83,4219.83,,,,,,9597.17,,,10092.17,99,0,0,99,63367.81,63425.44,,
2026-08-17T12:03:59+08:00,btc-updown-5m-1786939200,https://polymarket.com/zh/event/btc-updown-5m-1786939200,12:00-12:05,,1.00,99.00,,,4931.83,4931.83,,,,,,9602.17,,,10102.17,99,0,0,99,63367.81,63425.44,,
2026-08-17T12:04:01+08:00,btc-updown-5m-1786939200,https://polymarket.com/zh/event/btc-updown-5m-1786939200,12:00-12:05,,1.00,99.00,,,6631.88,6631.88,,,,,,5168.83,,,5168.83,99,0,0,99,63367.81,63425.45,,
2026-08-17T12:04:03+08:00,btc-updown-5m-1786939200,https://polymarket.com/zh/event/btc-updown-5m-1786939200,12:00-12:05,,1.00,99.00,,,7131.88,7131.88,,,,,,5183.83,,,5663.83,99,0,0,99,63367.81,63430.05,,
2026-08-17T12:04:05+08:00,btc-updown-5m-1786939200,https://polymarket.com/zh/event/btc-updown-5m-1786939200,12:00-12:05,,1.00,99.00,,,7071.88,7071.88,,,,,,5668.83,,,5168.83,99,0,0,99,63367.81,63428.78,,
2026-08-17T12:04:07+08:00,btc-updown-5m-1786939200,https://polymarket.com/zh/event/btc-updown-5m-1786939200,12:00-12:05,,1.00,99.00,,,6636.88,6836.88,,,,,,5178.83,,,6168.83,99,0,0,99,63367.81,63428.74,,
2026-08-17T12:04:09+08:00,btc-updown-5m-1786939200,https://polymarket.com/zh/event/btc-updown-5m-1786939200,12:00-12:05,,1.00,99.00,,,6636.88,6641.89,,,,,,5163.84,,,5168.83,99,0,0,99,63367.81,63428.56,,
2026-08-17T12:04:11+08:00,btc-updown-5m-1786939200,https://polymarket.com/zh/event/btc-updown-5m-1786939200,12:00-12:05,,1.00,99.00,,,5776.88,5776.88,,,,,,5163.83,,,5173.83,99,0,0,99,63367.81,63428.57,,
2026-08-17T12:04:13+08:00,btc-updown-5m-1786939200,https://polymarket.com/zh/event/btc-updown-5m-1786939200,12:00-12:05,,1.00,99.00,,,7326.89,7306.88,,,,,,5178.83,,,5163.84,99,0,0,99,63367.81,63428.57,,
2026-08-17T12:04:15+08:00,btc-updown-5m-1786939200,https://polymarket.com/zh/event/btc-updown-5m-1786939200,12:00-12:05,,1.00,99.00,,,8933.02,7398.02,,,,,,5668.83,,,5663.83,99,0,0,99,63367.81,63428.57,,
2026-08-17T12:04:17+08:00,btc-updown-5m-1786939200,https://polymarket.com/zh/event/btc-updown-5m-1786939200,12:00-12:05,,1.00,99.00,,,12620.06,12620.06,,,,,,5583.83,,,5058.83,99,0,0,99,63367.81,63428.57,,
2026-08-17T12:04:19+08:00,btc-updown-5m-1786939200,https://polymarket.com/zh/event/btc-updown-5m-1786939200,12:00-12:05,,1.00,99.00,,,12650.06,12650.06,,,,,,5073.83,,,5063.83,99,0,0,99,63367.81,63428.57,,
2026-08-17T12:04:21+08:00,btc-updown-5m-1786939200,https://polymarket.com/zh/event/btc-updown-5m-1786939200,12:00-12:05,,1.00,99.00,,,12752.33,12752.33,,,,,,5083.83,,,5058.83,99,0,0,99,63367.81,63428.57,,
2026-08-17T12:04:23+08:00,btc-updown-5m-1786939200,https://polymarket.com/zh/event/btc-updown-5m-1786939200,12:00-12:05,,1.00,99.00,,,12025.33,12025.33,,,,,,5083.83,,,5563.83,99,0,0,99,63367.81,63428.57,,
2026-08-17T12:04:25+08:00,btc-updown-5m-1786939200,https://polymarket.com/zh/event/btc-updown-5m-1786939200,12:00-12:05,,1.00,99.00,,,13500.66,13482.33,,,,,,5068.83,,,5073.83,99,0,0,99,63367.81,63428.57,,
2026-08-17T12:04:27+08:00,btc-updown-5m-1786939200,https://polymarket.com/zh/event/btc-updown-5m-1786939200,12:00-12:05,,1.00,99.00,,,13628.58,13600.66,,,,,,5058.83,,,5068.83,99,0,0,99,63367.81,63428.57,,
2026-08-17T12:04:28+08:00,btc-updown-5m-1786939200,https://polymarket.com/zh/event/btc-updown-5m-1786939200,12:00-12:05,,1.00,99.00,,,13600.30,13600.30,,,,,,5553.83,,,5573.83,99,0,0,99,63367.81,63428.57,,
2026-08-17T12:04:30+08:00,btc-updown-5m-1786939200,https://polymarket.com/zh/event/btc-updown-5m-1786939200,12:00-12:05,,1.00,99.00,,,15477.64,15477.64,,,,,,5058.83,,,5058.83,99,0,0,99,63367.81,63428.57,,
2026-08-17T12:04:32+08:00,btc-updown-5m-1786939200,https://polymarket.com/zh/event/btc-updown-5m-1786939200,12:00-12:05,,1.00,99.00,,,15477.64,15477.64,,,,,,4998.83,,,4498.83,99,0,0,99,63367.81,63428.57,,
2026-08-17T12:04:34+08:00,btc-updown-5m-1786939200,https://polymarket.com/zh/event/btc-updown-5m-1786939200,12:00-12:05,,1.00,99.00,,,15542.64,15542.64,,,,,,4488.83,,,4503.83,99,0,0,99,63367.81,63428.57,,
2026-08-17T12:04:36+08:00,btc-updown-5m-1786939200,https://polymarket.com/zh/event/btc-updown-5m-1786939200,12:00-12:05,,1.00,99.00,,,15324.69,15324.69,,,,,,4513.83,,,4988.83,99,0,0,99,63367.81,63428.56,,
2026-08-17T12:04:38+08:00,btc-updown-5m-1786939200,https://polymarket.com/zh/event/btc-updown-5m-1786939200,12:00-12:05,,1.00,99.00,,,15224.69,15224.69,,,,,,4998.83,,,4488.83,99,0,0,99,63367.81,63428.57,,
2026-08-17T12:04:40+08:00,btc-updown-5m-1786939200,https://polymarket.com/zh/event/btc-updown-5m-1786939200,12:00-12:05,,1.00,99.00,,,15349.79,15349.79,,,,,,4477.08,,,4972.08,99,0,0,99,63367.81,63428.57,,
2026-08-17T12:04:42+08:00,btc-updown-5m-1786939200,https://polymarket.com/zh/event/btc-updown-5m-1786939200,12:00-12:05,,1.00,99.00,,,15426.79,15426.79,,,,,,4482.09,,,4467.08,99,0,0,99,63367.81,63428.57,,
2026-08-17T12:04:44+08:00,btc-updown-5m-1786939200,https://polymarket.com/zh/event/btc-updown-5m-1786939200,12:00-12:05,,1.00,99.00,,,15460.79,15460.79,,,,,,4477.08,,,4967.08,99,0,0,99,63367.81,63428.57,,
2026-08-17T12:04:46+08:00,btc-updown-5m-1786939200,https://polymarket.com/zh/event/btc-updown-5m-1786939200,12:00-12:05,,1.00,99.00,,,15426.24,15511.25,,,,,,4977.09,,,4467.08,99,0,0,99,63367.81,63429.83,,
2026-08-17T12:04:48+08:00,btc-updown-5m-1786939200,https://polymarket.com/zh/event/btc-updown-5m-1786939200,12:00-12:05,,1.00,99.00,,,15476.24,15476.24,,,,,,4477.08,,,4477.08,99,0,0,99,63367.81,63430.03,,
2026-08-17T12:04:50+08:00,btc-updown-5m-1786939200,https://polymarket.com/zh/event/btc-updown-5m-1786939200,12:00-12:05,,1.00,99.00,,,17994.34,17994.34,,,,,,4477.08,,,4982.08,99,0,0,99,63367.81,63430.03,,
2026-08-17T12:04:52+08:00,btc-updown-5m-1786939200,https://polymarket.com/zh/event/btc-updown-5m-1786939200,12:00-12:05,,1.00,99.00,,,20004.30,20009.39,,,,,,4462.08,,,4467.09,99,0,0,99,63367.81,63430.03,,
2026-08-17T12:04:54+08:00,btc-updown-5m-1786939200,https://polymarket.com/zh/event/btc-updown-5m-1786939200,12:00-12:05,,1.00,99.00,,,25945.32,25945.32,,,,,,4452.08,,,4962.08,99,0,0,99,63367.81,63430.03,,
2026-08-17T12:04:56+08:00,btc-updown-5m-1786939200,https://polymarket.com/zh/event/btc-updown-5m-1786939200,12:00-12:05,,1.00,99.00,,,27261.98,27261.98,,,,,,3142.08,,,3637.08,99,0,0,99,63367.81,63430.03,,
2026-08-17T12:04:58+08:00,btc-updown-5m-1786939200,https://polymarket.com/zh/event/btc-updown-5m-1786939200,12:00-12:05,,1.00,99.00,,,28330.46,28305.45,,,,,,3137.08,,,3137.08,99,0,0,99,63367.81,63430.03,,
2026-08-17T12:05:00+08:00,btc-updown-5m-1786939500,https://polymarket.com/zh/event/btc-updown-5m-1786939500,12:05-12:10,51.00,50.00,50.00,49.00,119.62,75.00,75.00,119.62,50.50,49.50,1.00,1.00,133857.43,132920.32,132930.32,133882.43,39,38,38,39,63430.03,63430.03,,
2026-08-17T12:05:02+08:00,btc-updown-5m-1786939500,https://polymarket.com/zh/event/btc-updown-5m-1786939500,12:05-12:10,55.00,46.00,54.00,45.00,104.09,45.00,25.00,247.94,54.50,45.50,1.00,1.00,13958.43,12166.32,12994.42,14791.52,54,45,45,54,63430.03,63430.03,,
2026-08-17T12:05:04+08:00,btc-updown-5m-1786939500,https://polymarket.com/zh/event/btc-updown-5m-1786939500,12:05-12:10,55.00,46.00,54.00,45.00,194.38,55.59,55.59,194.38,54.50,45.50,1.00,1.00,15286.51,13879.42,13874.42,15161.51,54,45,45,54,63430.03,63430.03,,
2026-08-17T12:05:06+08:00,btc-updown-5m-1786939500,https://polymarket.com/zh/event/btc-updown-5m-1786939500,12:05-12:10,55.00,46.00,54.00,45.00,351.61,35.61,15.61,350.09,54.50,45.50,1.00,1.00,15060.47,13743.42,13670.42,15065.47,54,45,45,54,63430.03,63430.03,,
2026-08-17T12:05:08+08:00,btc-updown-5m-1786939500,https://polymarket.com/zh/event/btc-updown-5m-1786939500,12:05-12:10,53.00,48.00,52.00,47.00,23.90,342.30,579.90,23.90,52.50,47.50,1.00,1.00,13420.47,13570.42,13580.42,13510.47,52,47,47,52,63430.03,63430.02,,
2026-08-17T12:05:10+08:00,btc-updown-5m-1786939500,https://polymarket.com/zh/event/btc-updown-5m-1786939500,12:05-12:10,54.00,46.00,53.00,45.00,25.00,366.96,337.32,42.18,53.50,45.50,1.00,1.00,13227.47,11595.42,11285.42,13217.47,53,46,45,54,63430.03,63430.03,,
2026-08-17T12:05:12+08:00,btc-updown-5m-1786939500,https://polymarket.com/zh/event/btc-updown-5m-1786939500,12:05-12:10,57.00,44.00,56.00,43.00,66.88,365.49,352.77,9.88,56.50,43.50,1.00,1.00,16137.47,13207.42,13232.42,16232.47,56,43,43,56,63430.03,63431.00,,
2026-08-17T12:05:14+08:00,btc-updown-5m-1786939500,https://polymarket.com/zh/event/btc-updown-5m-1786939500,12:05-12:10,59.00,42.00,58.00,41.00,15.00,465.04,470.04,15.00,58.50,41.50,1.00,1.00,16217.47,13192.42,13182.42,16122.47,58,41,41,58,63430.03,63434.27,,
2026-08-17T12:05:16+08:00,btc-updown-5m-1786939500,https://polymarket.com/zh/event/btc-updown-5m-1786939500,12:05-12:10,58.00,43.00,57.00,42.00,91.99,276.78,153.50,25.00,57.50,42.50,1.00,1.00,16727.47,13202.42,13182.42,16717.47,57,42,42,57,63430.03,63434.27,,
2026-08-17T12:05:18+08:00,btc-updown-5m-1786939500,https://polymarket.com/zh/event/btc-updown-5m-1786939500,12:05-12:10,59.00,43.00,58.00,42.00,183.10,20.00,20.00,315.23,58.50,42.50,1.00,1.00,16122.47,13207.42,13187.42,16217.47,58,41,42,57,63430.03,63436.60,,
2026-08-17T12:05:20+08:00,btc-updown-5m-1786939500,https://polymarket.com/zh/event/btc-updown-5m-1786939500,12:05-12:10,57.00,44.00,56.00,43.00,10.00,388.69,383.69,10.00,56.50,43.50,1.00,1.00,15692.47,12472.42,12007.42,15217.47,56,43,43,56,63430.03,63436.59,,
2026-08-17T12:05:22+08:00,btc-updown-5m-1786939500,https://polymarket.com/zh/event/btc-updown-5m-1786939500,12:05-12:10,55.00,45.00,54.00,44.00,9.30,208.32,791.94,5.00,54.50,44.50,1.00,1.00,14227.47,12157.42,11317.42,14247.47,54,45,44,55,63430.03,63436.59,,
2026-08-17T12:05:24+08:00,btc-updown-5m-1786939500,https://polymarket.com/zh/event/btc-updown-5m-1786939500,12:05-12:10,56.00,45.00,55.00,44.00,524.11,20.00,39.00,469.61,55.50,44.50,1.00,1.00,13987.47,11077.42,11082.42,14107.48,55,44,44,55,63430.03,63436.59,,
2026-08-17T12:05:26+08:00,btc-updown-5m-1786939500,https://polymarket.com/zh/event/btc-updown-5m-1786939500,12:05-12:10,55.00,46.00,54.00,45.00,62.13,228.14,460.74,62.13,54.50,45.50,1.00,1.00,13867.47,11227.42,11202.42,13827.47,54,45,45,54,63430.03,63436.66,,
2026-08-17T12:05:28+08:00,btc-updown-5m-1786939500,https://polymarket.com/zh/event/btc-updown-5m-1786939500,12:05-12:10,60.00,41.00,59.00,40.00,327.46,65.00,60.00,290.08,59.50,40.50,1.00,1.00,13042.47,11002.42,11027.42,13232.47,59,40,40,59,63430.03,63436.67,,
2026-08-17T12:05:30+08:00,btc-updown-5m-1786939500,https://polymarket.com/zh/event/btc-updown-5m-1786939500,12:05-12:10,59.00,42.00,58.00,41.00,295.28,34.00,29.00,278.98,58.50,41.50,1.00,1.00,12899.47,10754.42,10769.42,12809.47,58,41,41,58,63430.03,63436.67,,
2026-08-17T12:05:31+08:00,btc-updown-5m-1786939500,https://polymarket.com/zh/event/btc-updown-5m-1786939500,12:05-12:10,61.00,41.00,60.00,40.00,372.21,33.00,15.00,896.64,60.50,40.50,1.00,1.00,12424.47,10299.42,10279.42,12314.47,60,39,40,59,63430.03,63436.67,,
2026-08-17T12:05:33+08:00,btc-updown-5m-1786939500,https://polymarket.com/zh/event/btc-updown-5m-1786939500,12:05-12:10,58.00,44.00,57.00,43.00,253.98,186.67,5.00,270.61,57.50,43.50,1.00,1.00,12579.47,10559.42,10304.42,12444.47,57,42,43,56,63430.03,63436.66,,
2026-08-17T12:05:35+08:00,btc-updown-5m-1786939500,https://polymarket.com/zh/event/btc-updown-5m-1786939500,12:05-12:10,57.00,44.00,56.00,43.00,56.63,343.23,371.23,56.63,56.50,43.50,1.00,1.00,12449.47,10324.42,10314.42,12444.48,56,43,43,56,63430.03,63436.67,,
2026-08-17T12:05:37+08:00,btc-updown-5m-1786939500,https://polymarket.com/zh/event/btc-updown-5m-1786939500,12:05-12:10,58.00,41.00,57.00,40.00,5.00,109.98,377.98,19.91,57.50,40.50,1.00,1.00,12424.48,10279.42,10299.42,12319.47,57,42,40,59,63430.03,63436.67,,
2026-08-17T12:05:39+08:00,btc-updown-5m-1786939500,https://polymarket.com/zh/event/btc-updown-5m-1786939500,12:05-12:10,60.00,41.00,59.00,40.00,178.57,13.00,18.00,228.60,59.50,40.50,1.00,1.00,12879.47,10279.42,10294.42,12874.47,59,40,40,59,63430.03,63440.50,,
2026-08-17T12:05:41+08:00,btc-updown-5m-1786939500,https://polymarket.com/zh/event/btc-updown-5m-1786939500,12:05-12:10,60.00,41.00,59.00,40.00,312.49,15.00,15.00,320.34,59.50,40.50,1.00,1.00,12429.48,10289.42,10289.42,12409.47,59,40,40,59,63430.03,63440.50,,
2026-08-17T12:05:43+08:00,btc-updown-5m-1786939500,https://polymarket.com/zh/event/btc-updown-5m-1786939500,12:05-12:10,59.00,40.00,58.00,39.00,553.38,30.00,35.00,26.60,58.50,39.50,1.00,1.00,12329.47,10294.42,10339.42,12309.47,58,41,37,60,63430.03,63440.50,,
2026-08-17T12:05:45+08:00,btc-updown-5m-1786939500,https://polymarket.com/zh/event/btc-updown-5m-1786939500,12:05-12:10,62.00,39.00,61.00,38.00,49.97,427.72,427.72,32.15,61.50,38.50,1.00,1.00,12419.47,10279.42,10294.42,12424.47,61,37,37,61,63430.03,63440.50,,
2026-08-17T12:05:47+08:00,btc-updown-5m-1786939500,https://polymarket.com/zh/event/btc-updown-5m-1786939500,12:05-12:10,62.00,39.00,61.00,38.00,22.60,458.82,458.82,20.98,61.50,38.50,1.00,1.00,12919.47,10279.42,10299.42,12419.47,61,38,38,61,63430.03,63440.50,,
2026-08-17T12:05:49+08:00,btc-updown-5m-1786939500,https://polymarket.com/zh/event/btc-updown-5m-1786939500,12:05-12:10,63.00,38.00,62.00,37.00,49.82,334.67,265.13,49.82,62.50,37.50,1.00,1.00,12314.47,9834.42,10294.42,12434.48,62,37,37,62,63430.03,63440.51,,
2026-08-17T12:05:51+08:00,btc-updown-5m-1786939500,https://polymarket.com/zh/event/btc-updown-5m-1786939500,12:05-12:10,59.00,44.00,57.00,43.00,43.32,359.35,104.00,103.00,58.00,43.50,2.00,1.00,12419.47,10299.42,10279.42,12859.47,57,41,43,56,63430.03,63440.48,,
2026-08-17T12:05:53+08:00,btc-updown-5m-1786939500,https://polymarket.com/zh/event/btc-updown-5m-1786939500,12:05-12:10,60.00,40.00,59.00,39.00,23.00,391.07,330.63,64.62,59.50,39.50,1.00,1.00,12764.47,10289.42,10279.42,12769.47,59,40,39,60,63430.03,63440.48,,
2026-08-17T12:05:55+08:00,btc-updown-5m-1786939500,https://polymarket.com/zh/event/btc-updown-5m-1786939500,12:05-12:10,62.00,39.00,61.00,38.00,172.32,61.00,196.99,201.70,61.50,38.50,1.00,1.00,12629.47,10049.42,10049.42,12524.48,61,38,38,61,63430.03,63439.59,,
2026-08-17T12:05:57+08:00,btc-updown-5m-1786939500,https://polymarket.com/zh/event/btc-updown-5m-1786939500,12:05-12:10,60.00,41.00,59.00,40.00,255.17,146.78,151.78,255.17,59.50,40.50,1.00,1.00,11849.47,9814.42,9809.42,11929.47,59,40,40,59,63430.03,63439.59,,
2026-08-17T12:05:59+08:00,btc-updown-5m-1786939500,https://polymarket.com/zh/event/btc-updown-5m-1786939500,12:05-12:10,59.00,42.00,58.00,41.00,5.00,469.31,464.31,10.00,58.50,41.50,1.00,1.00,12389.47,9799.42,9819.42,12284.47,58,41,41,58,63430.03,63439.59,,
2026-08-17T12:06:01+08:00,btc-updown-5m-1786939500,https://polymarket.com/zh/event/btc-updown-5m-1786939500,12:05-12:10,60.00,41.00,59.00,40.00,237.22,274.45,177.00,227.22,59.50,40.50,1.00,1.00,14819.47,13524.42,13524.42,14259.47,59,40,40,59,63430.03,63439.59,,
2026-08-17T12:06:03+08:00,btc-updown-5m-1786939500,https://polymarket.com/zh/event/btc-updown-5m-1786939500,12:05-12:10,62.00,39.00,61.00,38.00,11.77,336.79,266.93,8.22,61.50,38.50,1.00,1.00,15059.47,13289.42,13284.42,14974.47,61,38,38,61,63430.03,63439.59,,
2026-08-17T12:06:05+08:00,btc-updown-5m-1786939500,https://polymarket.com/zh/event/btc-updown-5m-1786939500,12:05-12:10,62.00,42.00,61.00,41.00,819.12,5.00,5.00,45.00,61.50,41.50,1.00,1.00,15159.47,13289.42,13289.42,14459.47,59,38,41,56,63430.03,63439.59,,
2026-08-17T12:06:07+08:00,btc-updown-5m-1786939500,https://polymarket.com/zh/event/btc-updown-5m-1786939500,12:05-12:10,47.00,54.00,46.00,53.00,50.74,227.09,182.09,65.74,46.50,53.50,1.00,1.00,12811.47,12986.42,12821.42,12766.47,46,53,53,46,63430.03,63431.00,,
2026-08-17T12:06:09+08:00,btc-updown-5m-1786939500,https://polymarket.com/zh/event/btc-updown-5m-1786939500,12:05-12:10,47.00,54.00,46.00,53.00,12.74,182.60,191.45,2.10,46.50,53.50,1.00,1.00,12761.47,12841.42,12837.42,12776.47,46,53,53,46,63430.03,63429.55,,
2026-08-17T12:06:11+08:00,btc-updown-5m-1786939500,https://polymarket.com/zh/event/btc-updown-5m-1786939500,12:05-12:10,48.00,53.00,47.00,52.00,23.41,443.52,443.52,23.41,47.50,52.50,1.00,1.00,12756.47,12931.42,12941.42,12766.47,47,52,52,47,63430.03,63429.55,,
2026-08-17T12:06:13+08:00,btc-updown-5m-1786939500,https://polymarket.com/zh/event/btc-updown-5m-1786939500,12:05-12:10,49.00,52.00,48.00,51.00,239.21,196.88,230.81,189.05,48.50,51.50,1.00,1.00,13109.47,12790.42,12899.42,13114.47,48,51,51,48,63430.03,63429.53,,
2026-08-17T12:06:15+08:00,btc-updown-5m-1786939500,https://polymarket.com/zh/event/btc-updown-5m-1786939500,12:05-12:10,47.00,54.00,46.00,53.00,468.64,60.00,60.00,508.56,46.50,53.50,1.00,1.00,12669.47,12779.42,12805.42,12674.47,46,53,53,46,63430.03,63429.53,,
2026-08-17T12:06:16+08:00,btc-updown-5m-1786939500,https://polymarket.com/zh/event/btc-updown-5m-1786939500,12:05-12:10,48.00,53.00,47.00,52.00,22.76,431.61,431.61,28.00,47.50,52.50,1.00,1.00,12669.47,12880.42,12789.42,12664.47,47,52,52,47,63430.03,63429.53,,
2026-08-17T12:06:18+08:00,btc-updown-5m-1786939500,https://polymarket.com/zh/event/btc-updown-5m-1786939500,12:05-12:10,49.00,52.00,48.00,51.00,207.50,70.00,77.00,353.55,48.50,51.50,1.00,1.00,12596.47,12706.47,12826.47,12591.47,48,51,51,48,63430.03,63429.53,,
2026-08-17T12:06:20+08:00,btc-updown-5m-1786939500,https://polymarket.com/zh/event/btc-updown-5m-1786939500,12:05-12:10,48.00,53.00,47.00,52.00,225.78,174.04,166.28,106.00,47.50,52.50,1.00,1.00,12596.47,12701.42,12711.42,12606.47,47,52,52,47,63430.03,63429.53,,
2026-08-17T12:06:22+08:00,btc-updown-5m-1786939500,https://polymarket.com/zh/event/btc-updown-5m-1786939500,12:05-12:10,45.00,57.00,44.00,56.00,219.98,21.00,50.00,409.52,44.50,56.50,1.00,1.00,12201.47,12721.43,12807.42,12201.47,43,55,56,42,63430.03,63424.59,,
2026-08-17T12:06:24+08:00,btc-updown-5m-1786939500,https://polymarket.com/zh/event/btc-updown-5m-1786939500,12:05-12:10,39.00,62.00,38.00,61.00,31.40,294.21,307.41,31.40,38.50,61.50,1.00,1.00,12646.47,12897.42,13006.43,12657.46,38,61,61,38,63430.03,63420.82,,
2026-08-17T12:06:26+08:00,btc-updown-5m-1786939500,https://polymarket.com/zh/event/btc-updown-5m-1786939500,12:05-12:10,40.00,61.00,39.00,60.00,39.00,259.94,259.94,39.00,39.50,60.50,1.00,1.00,12667.46,12926.43,12921.42,12687.46,39,60,60,39,63430.03,63420.82,,
2026-08-17T12:06:28+08:00,btc-updown-5m-1786939500,https://polymarket.com/zh/event/btc-updown-5m-1786939500,12:05-12:10,40.00,61.00,39.00,60.00,205.82,95.50,144.50,205.82,39.50,60.50,1.00,1.00,12327.46,13021.42,12921.42,12347.46,39,60,60,39,63430.03,63420.82,,
2026-08-17T12:06:30+08:00,btc-updown-5m-1786939500,https://polymarket.com/zh/event/btc-updown-5m-1786939500,12:05-12:10,42.00,56.00,41.00,55.00,11.93,69.98,200.22,50.80,41.50,55.50,1.00,1.00,12227.46,13021.42,12597.43,12602.46,41,58,55,44,63430.03,63420.82,,
2026-08-17T12:06:32+08:00,btc-updown-5m-1786939500,https://polymarket.com/zh/event/btc-updown-5m-1786939500,12:05-12:10,44.00,57.00,43.00,56.00,408.28,43.44,43.44,408.28,43.50,56.50,1.00,1.00,11831.46,12189.42,12175.42,11841.46,43,56,56,43,63430.03,63420.82,,
2026-08-17T12:06:34+08:00,btc-updown-5m-1786939500,https://polymarket.com/zh/event/btc-updown-5m-1786939500,12:05-12:10,43.00,58.00,42.00,57.00,946.59,6.55,10.00,961.59,42.50,57.50,1.00,1.00,11391.46,12189.47,12315.47,11391.46,42,57,57,42,63430.03,63420.82,,
2026-08-17T12:06:36+08:00,btc-updown-5m-1786939500,https://polymarket.com/zh/event/btc-updown-5m-1786939500,12:05-12:10,43.00,58.00,42.00,57.00,835.56,4.71,4.71,840.56,42.50,57.50,1.00,1.00,11391.46,12395.42,12189.42,11391.46,42,57,57,42,63430.03,63420.82,,
2026-08-17T12:06:38+08:00,btc-updown-5m-1786939500,https://polymarket.com/zh/event/btc-updown-5m-1786939500,12:05-12:10,43.00,58.00,42.00,57.00,30.00,383.05,384.78,30.00,42.50,57.50,1.00,1.00,11401.46,12190.42,12289.43,11391.46,42,57,57,42,63430.03,63420.82,,
2026-08-17T12:06:40+08:00,btc-updown-5m-1786939500,https://polymarket.com/zh/event/btc-updown-5m-1786939500,12:05-12:10,43.00,56.00,42.00,55.00,10.00,378.08,476.05,50.00,42.50,55.50,1.00,1.00,11281.46,12309.42,12184.42,11286.46,42,57,55,44,63430.03,63420.82,,
2026-08-17T12:06:42+08:00,btc-updown-5m-1786939500,https://polymarket.com/zh/event/btc-updown-5m-1786939500,12:05-12:10,43.00,58.00,42.00,57.00,211.45,201.82,102.00,8.00,42.50,57.50,1.00,1.00,11741.46,12404.42,12294.42,11731.46,42,57,57,42,63430.03,63420.82,,
2026-08-17T12:06:44+08:00,btc-updown-5m-1786939500,https://polymarket.com/zh/event/btc-updown-5m-1786939500,12:05-12:10,41.00,59.00,40.00,58.00,20.00,108.93,158.27,116.80,40.50,58.50,1.00,1.00,11746.46,12315.42,12294.42,11736.46,40,59,58,41,63430.03,63419.06,,
2026-08-17T12:06:46+08:00,btc-updown-5m-1786939500,https://polymarket.com/zh/event/btc-updown-5m-1786939500,12:05-12:10,41.00,60.00,40.00,59.00,97.20,47.00,76.91,125.58,40.50,59.50,1.00,1.00,11721.46,12414.48,12304.42,11741.46,40,59,59,40,63430.03,63419.05,,
2026-08-17T12:06:48+08:00,btc-updown-5m-1786939500,https://polymarket.com/zh/event/btc-updown-5m-1786939500,12:05-12:10,39.00,62.00,38.00,61.00,338.55,74.11,59.11,326.55,38.50,61.50,1.00,1.00,11306.46,12394.42,12420.43,11716.46,38,61,61,38,63430.03,63419.06,,
2026-08-17T12:06:50+08:00,btc-updown-5m-1786939500,https://polymarket.com/zh/event/btc-updown-5m-1786939500,12:05-12:10,40.00,59.00,39.00,57.00,5.00,16.66,338.74,76.00,39.50,58.00,1.00,2.00,11721.46,12310.42,12394.42,11706.46,39,60,57,41,63430.03,63419.06,,
2026-08-17T12:06:52+08:00,btc-updown-5m-1786939500,https://polymarket.com/zh/event/btc-updown-5m-1786939500,12:05-12:10,45.00,56.00,44.00,55.00,42.00,359.71,324.81,51.00,44.50,55.50,1.00,1.00,11296.46,11954.42,11944.42,11306.46,44,55,55,44,63430.03,63422.16,,
2026-08-17T12:06:54+08:00,btc-updown-5m-1786939500,https://polymarket.com/zh/event/btc-updown-5m-1786939500,12:05-12:10,45.00,56.00,44.00,55.00,53.76,263.20,219.98,34.00,44.50,55.50,1.00,1.00,11271.46,11860.42,11959.42,11271.46,44,55,55,44,63430.03,63422.17,,
2026-08-17T12:06:56+08:00,btc-updown-5m-1786939500,https://polymarket.com/zh/event/btc-updown-5m-1786939500,12:05-12:10,47.00,54.00,46.00,53.00,55.29,169.78,173.49,49.29,46.50,53.50,1.00,1.00,12037.46,11854.42,11860.42,12022.46,46,53,53,46,63430.03,63422.17,,
2026-08-17T12:06:58+08:00,btc-updown-5m-1786939500,https://polymarket.com/zh/event/btc-updown-5m-1786939500,12:05-12:10,47.00,54.00,46.00,53.00,61.00,343.92,340.92,66.00,46.50,53.50,1.00,1.00,12047.46,12084.43,12114.42,11982.46,46,53,53,46,63430.03,63422.17,,
2026-08-17T12:07:00+08:00,btc-updown-5m-1786939500,https://polymarket.com/zh/event/btc-updown-5m-1786939500,12:05-12:10,47.00,54.00,46.00,53.00,491.31,1.74,1.74,491.31,46.50,53.50,1.00,1.00,11542.46,12406.42,12501.42,11525.47,46,53,53,46,63430.03,63422.17,,
2026-08-17T12:07:02+08:00,btc-updown-5m-1786939500,https://polymarket.com/zh/event/btc-updown-5m-1786939500,12:05-12:10,50.00,51.00,49.00,50.00,158.68,444.79,272.98,153.68,49.50,50.50,1.00,1.00,11856.47,11791.42,12170.42,11846.47,49,50,50,49,63430.03,63422.17,,
2026-08-17T12:07:04+08:00,btc-updown-5m-1786939500,https://polymarket.com/zh/event/btc-updown-5m-1786939500,12:05-12:10,48.00,53.00,47.00,52.00,306.24,434.59,21.00,25.94,47.50,52.50,1.00,1.00,11860.47,12330.42,12236.42,11845.47,47,52,46,47,63430.03,63426.11,,
2026-08-17T12:07:06+08:00,btc-updown-5m-1786939500,https://polymarket.com/zh/event/btc-updown-5m-1786939500,12:05-12:10,57.00,44.00,56.00,43.00,561.53,20.00,20.00,566.53,56.50,43.50,1.00,1.00,11865.47,11825.78,11825.78,12335.47,56,43,43,56,63430.03,63429.53,,
2026-08-17T12:07:08+08:00,btc-updown-5m-1786939500,https://polymarket.com/zh/event/btc-updown-5m-1786939500,12:05-12:10,56.00,45.00,55.00,44.00,77.13,317.57,339.68,82.13,55.50,44.50,1.00,1.00,11755.47,11835.78,11830.78,12340.47,55,44,44,55,63430.03,63429.52,,
2026-08-17T12:07:10+08:00,btc-updown-5m-1786939500,https://polymarket.com/zh/event/btc-updown-5m-1786939500,12:05-12:10,57.00,44.00,56.00,43.00,50.00,266.69,250.98,45.00,56.50,43.50,1.00,1.00,11840.47,11820.78,11835.78,11750.47,56,43,43,56,63430.03,63429.53,,
2026-08-17T12:07:12+08:00,btc-updown-5m-1786939500,https://polymarket.com/zh/event/btc-updown-5m-1786939500,12:05-12:10,57.00,44.00,56.00,43.00,74.67,755.01,606.11,64.67,56.50,43.50,1.00,1.00,11700.47,11780.78,11790.78,11715.47,56,43,43,56,63430.03,63429.53,,
2026-08-17T12:07:14+08:00,btc-updown-5m-1786939500,https://polymarket.com/zh/event/btc-updown-5m-1786939500,12:05-12:10,61.00,39.00,60.00,38.00,22.24,392.44,469.96,102.98,60.50,38.50,1.00,1.00,12215.47,11335.78,11335.78,12305.48,60,39,38,61,63430.03,63429.53,,
2026-08-17T12:07:16+08:00,btc-updown-5m-1786939500,https://polymarket.com/zh/event/btc-updown-5m-1786939500,12:05-12:10,71.00,30.00,70.00,29.00,117.48,220.99,224.58,111.07,70.50,29.50,1.00,1.00,12150.47,13579.78,13589.78,12230.47,70,29,29,70,63430.03,63436.48,,
2026-08-17T12:07:18+08:00,btc-updown-5m-1786939500,https://polymarket.com/zh/event/btc-updown-5m-1786939500,12:05-12:10,71.00,30.00,70.00,29.00,556.25,125.45,141.45,692.13,70.50,29.50,1.00,1.00,12725.47,13399.78,13379.78,12145.47,70,29,29,70,63430.03,63436.48,,
2026-08-17T12:07:20+08:00,btc-updown-5m-1786939500,https://polymarket.com/zh/event/btc-updown-5m-1786939500,12:05-12:10,71.00,30.00,70.00,29.00,653.66,78.33,78.33,669.62,70.50,29.50,1.00,1.00,12745.47,11850.13,11855.13,12135.47,70,29,29,70,63430.03,63436.48,,
2026-08-17T12:07:22+08:00,btc-updown-5m-1786939500,https://polymarket.com/zh/event/btc-updown-5m-1786939500,12:05-12:10,72.00,29.00,71.00,28.00,132.00,238.87,225.98,127.00,71.50,28.50,1.00,1.00,12245.48,11130.13,11135.13,12235.47,71,28,28,71,63430.03,63436.48,,
2026-08-17T12:07:24+08:00,btc-updown-5m-1786939500,https://polymarket.com/zh/event/btc-updown-5m-1786939500,12:05-12:10,68.00,33.00,67.00,32.00,295.09,3.00,3.00,289.97,67.50,32.50,1.00,1.00,12250.48,11330.13,11335.13,12235.47,67,32,32,67,63430.03,63436.48,,
2026-08-17T12:07:26+08:00,btc-updown-5m-1786939500,https://polymarket.com/zh/event/btc-updown-5m-1786939500,12:05-12:10,65.00,34.00,64.00,33.00,4.30,217.68,921.94,29.30,64.50,33.50,1.00,1.00,12415.47,11490.77,11525.77,12405.47,64,35,33,66,63430.03,63436.48,,
2026-08-17T12:07:28+08:00,btc-updown-5m-1786939500,https://polymarket.com/zh/event/btc-updown-5m-1786939500,12:05-12:10,69.00,32.00,68.00,31.00,40.00,44.00,44.00,70.00,68.50,31.50,1.00,1.00,12925.47,11397.27,11422.27,12935.47,68,31,31,68,63430.03,63436.49,,
2026-08-17T12:07:30+08:00,btc-updown-5m-1786939500,https://polymarket.com/zh/event/btc-updown-5m-1786939500,12:05-12:10,67.00,34.00,66.00,33.00,70.00,221.58,201.58,70.00,66.50,33.50,1.00,1.00,12630.47,11388.27,11388.27,13145.47,66,33,33,66,63430.03,63436.49,,
2026-08-17T12:07:32+08:00,btc-updown-5m-1786939500,https://polymarket.com/zh/event/btc-updown-5m-1786939500,12:05-12:10,68.00,33.00,67.00,32.00,348.82,91.00,132.99,419.43,67.50,32.50,1.00,1.00,12525.48,11462.27,11442.27,12515.47,67,32,32,67,63430.03,63436.49,,
2026-08-17T12:07:34+08:00,btc-updown-5m-1786939500,https://polymarket.com/zh/event/btc-updown-5m-1786939500,12:05-12:10,70.00,31.00,69.00,30.00,56.00,306.28,356.28,253.47,69.50,30.50,1.00,1.00,12625.47,11482.27,11462.27,13020.47,69,30,30,69,63430.03,63436.49,,
2026-08-17T12:07:36+08:00,btc-updown-5m-1786939500,https://polymarket.com/zh/event/btc-updown-5m-1786939500,12:05-12:10,69.00,32.00,68.00,31.00,146.32,30.00,10.00,162.49,68.50,31.50,1.00,1.00,12590.47,11362.27,11347.27,13180.47,68,31,31,68,63430.03,63436.49,,
2026-08-17T12:07:38+08:00,btc-updown-5m-1786939500,https://polymarket.com/zh/event/btc-updown-5m-1786939500,12:05-12:10,69.00,32.00,68.00,31.00,79.65,336.26,279.35,57.41,68.50,31.50,1.00,1.00,12550.47,10872.27,10872.27,13060.47,68,31,31,68,63430.03,63436.49,,
2026-08-17T12:07:40+08:00,btc-updown-5m-1786939500,https://polymarket.com/zh/event/btc-updown-5m-1786939500,12:05-12:10,65.00,35.00,64.00,34.00,5.00,214.98,169.27,52.80,64.50,34.50,1.00,1.00,12682.10,11068.27,11103.27,12682.11,64,35,34,65,63430.03,63436.49,,
2026-08-17T12:07:42+08:00,btc-updown-5m-1786939500,https://polymarket.com/zh/event/btc-updown-5m-1786939500,12:05-12:10,68.00,33.00,67.00,32.00,171.89,78.18,78.18,171.89,67.50,32.50,1.00,1.00,12650.47,11372.27,11377.27,12565.47,67,32,32,67,63430.03,63436.49,,
2026-08-17T12:07:44+08:00,btc-updown-5m-1786939500,https://polymarket.com/zh/event/btc-updown-5m-1786939500,12:05-12:10,70.00,31.00,69.00,30.00,5.42,263.82,267.04,5.42,69.50,30.50,1.00,1.00,12555.48,11397.27,11432.27,12665.47,69,30,30,69,63430.03,63436.48,,
2026-08-17T12:07:46+08:00,btc-updown-5m-1786939500,https://polymarket.com/zh/event/btc-updown-5m-1786939500,12:05-12:10,69.00,32.00,68.00,31.00,266.98,15.00,15.00,291.84,68.50,31.50,1.00,1.00,13170.47,11352.27,11357.27,12690.47,68,31,31,68,63430.03,63436.48,,
2026-08-17T12:07:48+08:00,btc-updown-5m-1786939500,https://polymarket.com/zh/event/btc-updown-5m-1786939500,12:05-12:10,68.00,33.00,67.00,32.00,39.00,346.73,313.73,31.00,67.50,32.50,1.00,1.00,12660.47,11377.27,11367.27,13055.47,67,32,32,67,63430.03,63436.48,,
2026-08-17T12:07:50+08:00,btc-updown-5m-1786939500,https://polymarket.com/zh/event/btc-updown-5m-1786939500,12:05-12:10,68.00,33.00,67.00,32.00,29.99,126.39,126.39,29.99,67.50,32.50,1.00,1.00,12215.47,11387.27,11377.27,12205.47,67,32,32,67,63430.03,63436.48,,
2026-08-17T12:07:52+08:00,btc-updown-5m-1786939500,https://polymarket.com/zh/event/btc-updown-5m-1786939500,12:05-12:10,69.00,32.00,68.00,31.00,35.00,368.03,285.03,35.00,68.50,31.50,1.00,1.00,12560.47,10917.27,10932.27,13055.48,68,31,31,68,63430.03,63436.48,,
2026-08-17T12:07:54+08:00,btc-updown-5m-1786939500,https://polymarket.com/zh/event/btc-updown-5m-1786939500,12:05-12:10,70.00,31.00,69.00,30.00,126.12,176.63,169.00,112.90,69.50,30.50,1.00,1.00,13155.47,11407.27,11422.27,12560.47,69,30,30,69,63430.03,63436.48,,
2026-08-17T12:07:56+08:00,btc-updown-5m-1786939500,https://polymarket.com/zh/event/btc-updown-5m-1786939500,12:05-12:10,73.00,28.00,72.00,27.00,188.20,5.00,31.66,695.37,72.50,27.50,1.00,1.00,13170.47,10997.27,10997.27,12660.47,72,27,27,71,63430.03,63436.49,,
2026-08-17T12:07:58+08:00,btc-updown-5m-1786939500,https://polymarket.com/zh/event/btc-updown-5m-1786939500,12:05-12:10,73.00,28.00,72.00,27.00,586.77,35.00,35.00,503.77,72.50,27.50,1.00,1.00,12655.47,11785.60,12583.93,13155.47,72,27,27,72,63430.03,63436.48,,
2026-08-17T12:08:00+08:00,btc-updown-5m-1786939500,https://polymarket.com/zh/event/btc-updown-5m-1786939500,12:05-12:10,73.00,28.00,72.00,27.00,531.49,60.00,60.00,531.49,72.50,27.50,1.00,1.00,13160.47,13357.26,13357.26,12655.39,72,27,27,72,63430.03,63436.48,,
2026-08-17T12:08:01+08:00,btc-updown-5m-1786939500,https://polymarket.com/zh/event/btc-updown-5m-1786939500,12:05-12:10,79.00,22.00,78.00,21.00,143.42,5.00,58.81,427.57,78.50,21.50,1.00,1.00,12395.39,13012.17,12997.17,12405.38,78,21,21,78,63430.03,63436.49,,
2026-08-17T12:08:03+08:00,btc-updown-5m-1786939500,https://polymarket.com/zh/event/btc-updown-5m-1786939500,12:05-12:10,78.00,23.00,77.00,22.00,108.60,57.89,128.50,139.69,77.50,22.50,1.00,1.00,12525.38,13002.17,13267.17,12525.38,77,22,22,77,63430.03,63436.48,,
2026-08-17T12:08:06+08:00,btc-updown-5m-1786939500,https://polymarket.com/zh/event/btc-updown-5m-1786939500,12:05-12:10,76.00,25.00,75.00,24.00,25.00,295.96,295.96,25.00,75.50,24.50,1.00,1.00,12465.38,13452.17,13452.17,12075.39,75,24,24,75,63430.03,63436.49,,
2026-08-17T12:08:07+08:00,btc-updown-5m-1786939500,https://polymarket.com/zh/event/btc-updown-5m-1786939500,12:05-12:10,78.00,23.00,77.00,22.00,27.93,53.67,53.67,27.93,77.50,22.50,1.00,1.00,12570.38,13282.17,13282.17,12570.38,77,22,22,77,63430.03,63436.49,,
2026-08-17T12:08:09+08:00,btc-updown-5m-1786939500,https://polymarket.com/zh/event/btc-updown-5m-1786939500,12:05-12:10,79.00,22.00,78.00,21.00,13.84,308.04,298.04,19.12,78.50,21.50,1.00,1.00,12020.38,12843.17,12848.17,12500.38,78,21,21,78,63430.03,63436.49,,
2026-08-17T12:08:11+08:00,btc-updown-5m-1786939500,https://polymarket.com/zh/event/btc-updown-5m-1786939500,12:05-12:10,76.00,25.00,75.00,24.00,27.00,110.45,112.26,32.00,75.50,24.50,1.00,1.00,12180.38,13082.17,13077.17,12080.38,75,24,24,75,63430.03,63436.48,,
2026-08-17T12:08:13+08:00,btc-updown-5m-1786939500,https://polymarket.com/zh/event/btc-updown-5m-1786939500,12:05-12:10,76.00,25.00,75.00,24.00,13.68,107.26,107.26,11.93,75.50,24.50,1.00,1.00,12420.38,13247.17,12817.17,12535.38,75,24,24,75,63430.03,63436.49,,
2026-08-17T12:08:15+08:00,btc-updown-5m-1786939500,https://polymarket.com/zh/event/btc-updown-5m-1786939500,12:05-12:10,73.00,28.00,72.00,27.00,8.63,356.75,361.75,4.52,72.50,27.50,1.00,1.00,13030.39,13247.17,13247.17,13025.38,72,27,27,72,63430.03,63436.48,,
2026-08-17T12:08:17+08:00,btc-updown-5m-1786939500,https://polymarket.com/zh/event/btc-updown-5m-1786939500,12:05-12:10,80.00,21.00,79.00,20.00,92.55,52.50,152.48,82.30,79.50,20.50,1.00,1.00,12520.38,12090.51,12090.51,13020.38,79,20,20,79,63430.03,63436.48,,
2026-08-17T12:08:19+08:00,btc-updown-5m-1786939500,https://polymarket.com/zh/event/btc-updown-5m-1786939500,12:05-12:10,82.00,19.00,81.00,18.00,57.36,46.38,51.38,38.55,81.50,18.50,1.00,1.00,12530.38,11356.85,11312.18,13030.39,81,18,18,81,63430.03,63436.49,,
2026-08-17T12:08:21+08:00,btc-updown-5m-1786939500,https://polymarket.com/zh/event/btc-updown-5m-1786939500,12:05-12:10,88.00,13.00,87.00,12.00,16.93,68.59,66.99,16.93,87.50,12.50,1.00,1.00,11516.38,12356.17,11756.17,11916.38,87,12,12,87,63430.03,63437.42,,
2026-08-17T12:08:23+08:00,btc-updown-5m-1786939500,https://polymarket.com/zh/event/btc-updown-5m-1786939500,12:05-12:10,89.00,12.00,88.00,11.00,55.40,55.50,50.50,47.61,88.50,11.50,1.00,1.00,11027.38,10772.17,10772.17,11512.38,88,11,11,88,63430.03,63439.09,,
2026-08-17T12:08:25+08:00,btc-updown-5m-1786939500,https://polymarket.com/zh/event/btc-updown-5m-1786939500,12:05-12:10,89.00,12.00,88.00,11.00,88.64,67.84,90.84,98.64,88.50,11.50,1.00,1.00,10922.38,10727.17,10763.17,10922.38,88,11,11,88,63430.03,63439.09,,
2026-08-17T12:08:27+08:00,btc-updown-5m-1786939500,https://polymarket.com/zh/event/btc-updown-5m-1786939500,12:05-12:10,88.00,13.00,87.00,12.00,1105.24,90.00,81.10,1105.24,87.50,12.50,1.00,1.00,10472.38,10250.51,10250.51,10982.39,87,12,12,87,63430.03,63439.09,,
2026-08-17T12:08:29+08:00,btc-updown-5m-1786939500,https://polymarket.com/zh/event/btc-updown-5m-1786939500,12:05-12:10,91.00,10.00,90.00,9.00,121.33,390.01,395.01,119.13,90.50,9.50,1.00,1.00,10108.38,9187.63,9114.12,10573.39,90,9,9,90,63430.03,63439.09,,
2026-08-17T12:08:31+08:00,btc-updown-5m-1786939500,https://polymarket.com/zh/event/btc-updown-5m-1786939500,12:05-12:10,91.00,10.00,90.00,9.00,77.38,363.90,358.90,72.98,90.50,9.50,1.00,1.00,10133.38,9428.63,9428.63,10528.38,90,9,9,90,63430.03,63440.50,,
2026-08-17T12:08:33+08:00,btc-updown-5m-1786939500,https://polymarket.com/zh/event/btc-updown-5m-1786939500,12:05-12:10,93.00,8.00,92.00,7.00,965.05,117.30,92.30,965.05,92.50,7.50,1.00,1.00,10628.38,8527.33,8532.33,10043.38,92,7,7,92,63430.03,63440.51,,
2026-08-17T12:08:35+08:00,btc-updown-5m-1786939500,https://polymarket.com/zh/event/btc-updown-5m-1786939500,12:05-12:10,97.00,4.00,96.00,3.00,555.88,225.39,205.39,555.88,96.50,3.50,1.00,1.00,9510.38,3911.46,3911.46,10010.38,96,3,3,96,63430.03,63446.27,,
2026-08-17T12:08:37+08:00,btc-updown-5m-1786939500,https://polymarket.com/zh/event/btc-updown-5m-1786939500,12:05-12:10,97.00,4.00,96.00,3.00,272.69,290.07,196.67,264.14,96.50,3.50,1.00,1.00,9525.38,3628.27,3619.72,10025.38,96,3,3,96,63430.03,63446.26,,
2026-08-17T12:08:39+08:00,btc-updown-5m-1786939500,https://polymarket.com/zh/event/btc-updown-5m-1786939500,12:05-12:10,97.00,4.00,96.00,3.00,264.14,296.51,296.51,264.14,96.50,3.50,1.00,1.00,9430.39,3619.72,3619.72,9430.39,96,3,3,96,63430.03,63446.27,,
2026-08-17T12:08:41+08:00,btc-updown-5m-1786939500,https://polymarket.com/zh/event/btc-updown-5m-1786939500,12:05-12:10,96.00,5.00,95.00,4.00,383.68,103.11,78.11,429.26,95.50,4.50,1.00,1.00,9906.38,3880.11,3935.69,9506.38,95,4,4,95,63430.03,63446.27,,
2026-08-17T12:08:43+08:00,btc-updown-5m-1786939500,https://polymarket.com/zh/event/btc-updown-5m-1786939500,12:05-12:10,97.00,4.00,96.00,3.00,49.26,770.97,770.97,49.26,96.50,3.50,1.00,1.00,9851.38,3079.84,3079.84,9841.38,96,3,3,96,63430.03,63446.27,,
2026-08-17T12:08:45+08:00,btc-updown-5m-1786939500,https://polymarket.com/zh/event/btc-updown-5m-1786939500,12:05-12:10,98.00,3.00,97.00,2.00,1130.66,147.16,132.16,1246.40,97.50,2.50,1.00,1.00,9936.38,3134.05,3149.79,10064.98,97,2,2,97,63430.03,63446.27,,
2026-08-17T12:08:47+08:00,btc-updown-5m-1786939500,https://polymarket.com/zh/event/btc-updown-5m-1786939500,12:05-12:10,98.00,3.00,97.00,2.00,1189.19,149.82,154.82,1151.19,97.50,2.50,1.00,1.00,9499.98,3105.58,3142.58,9999.98,97,2,2,97,63430.03,63446.27,,
2026-08-17T12:08:49+08:00,btc-updown-5m-1786939500,https://polymarket.com/zh/event/btc-updown-5m-1786939500,12:05-12:10,96.00,4.00,95.00,3.00,7.06,164.98,306.10,60.00,95.50,3.50,1.00,1.00,9514.98,3060.09,3043.03,9104.98,95,4,3,96,63430.03,63446.27,,
2026-08-17T12:08:51+08:00,btc-updown-5m-1786939500,https://polymarket.com/zh/event/btc-updown-5m-1786939500,12:05-12:10,98.00,3.00,97.00,2.00,1052.74,113.00,102.74,1058.81,97.50,2.50,1.00,1.00,10014.98,3291.13,3187.20,10024.99,97,2,2,97,63430.03,63446.27,,
2026-08-17T12:08:53+08:00,btc-updown-5m-1786939500,https://polymarket.com/zh/event/btc-updown-5m-1786939500,12:05-12:10,99.00,2.00,98.00,1.00,2141.80,670.18,672.29,2140.78,98.50,1.50,1.00,1.00,9499.98,2141.80,2140.78,9909.98,98,1,1,98,63430.03,63448.06,,
2026-08-17T12:08:55+08:00,btc-updown-5m-1786939500,https://polymarket.com/zh/event/btc-updown-5m-1786939500,12:05-12:10,98.00,3.00,97.00,2.00,22.97,131.50,126.50,22.00,97.50,2.50,1.00,1.00,9904.99,2054.84,2053.87,9504.98,97,2,2,97,63430.03,63448.08,,
2026-08-17T12:08:57+08:00,btc-updown-5m-1786939500,https://polymarket.com/zh/event/btc-updown-5m-1786939500,12:05-12:10,99.00,2.00,98.00,1.00,1587.96,122.08,71.67,1574.46,98.50,1.50,1.00,1.00,10006.98,1587.96,1574.46,9416.98,98,1,1,98,63430.03,63448.08,,
2026-08-17T12:08:59+08:00,btc-updown-5m-1786939500,https://polymarket.com/zh/event/btc-updown-5m-1786939500,12:05-12:10,99.00,2.00,98.00,1.00,868.72,231.01,206.01,847.46,98.50,1.50,1.00,1.00,9406.98,868.72,847.46,9516.98,98,1,1,98,63430.03,63455.38,,
2026-08-17T12:09:00+08:00,btc-updown-5m-1786939500,https://polymarket.com/zh/event/btc-updown-5m-1786939500,12:05-12:10,99.00,2.00,98.00,1.00,612.00,502.78,502.78,611.69,98.50,1.50,1.00,1.00,5106.98,612.00,611.69,5706.98,98,1,1,98,63430.03,63455.39,,
2026-08-17T12:09:02+08:00,btc-updown-5m-1786939500,https://polymarket.com/zh/event/btc-updown-5m-1786939500,12:05-12:10,99.00,2.00,98.00,1.00,437.71,466.13,440.40,427.71,98.50,1.50,1.00,1.00,5788.64,437.71,427.71,5388.64,98,1,1,98,63430.03,63455.39,,
2026-08-17T12:09:04+08:00,btc-updown-5m-1786939500,https://polymarket.com/zh/event/btc-updown-5m-1786939500,12:05-12:10,,1.00,99.00,,,2017.45,2012.45,,,,,,5253.64,,,5748.64,99,0,0,99,63430.03,63456.26,,
2026-08-17T12:09:06+08:00,btc-updown-5m-1786939500,https://polymarket.com/zh/event/btc-updown-5m-1786939500,12:05-12:10,,1.00,99.00,,,3562.14,3557.13,,,,,,5748.64,,,5253.65,99,0,0,99,63430.03,63457.39,,
2026-08-17T12:09:08+08:00,btc-updown-5m-1786939500,https://polymarket.com/zh/event/btc-updown-5m-1786939500,12:05-12:10,,1.00,99.00,,,6398.30,6403.31,,,,,,5253.65,,,5248.64,99,0,0,99,63430.03,63458.63,,
2026-08-17T12:09:10+08:00,btc-updown-5m-1786939500,https://polymarket.com/zh/event/btc-updown-5m-1786939500,12:05-12:10,,1.00,99.00,,,6460.03,6509.64,,,,,,5753.64,,,5258.64,99,0,0,99,63430.03,63458.63,,
2026-08-17T12:09:12+08:00,btc-updown-5m-1786939500,https://polymarket.com/zh/event/btc-updown-5m-1786939500,12:05-12:10,,1.00,99.00,,,6439.89,6441.89,,,,,,4808.64,,,5313.64,99,0,0,99,63430.03,63458.63,,
2026-08-17T12:09:14+08:00,btc-updown-5m-1786939500,https://polymarket.com/zh/event/btc-updown-5m-1786939500,12:05-12:10,,1.00,99.00,,,8461.38,8456.38,,,,,,4808.64,,,4813.64,99,0,0,99,63430.03,63458.63,,
2026-08-17T12:09:16+08:00,btc-updown-5m-1786939500,https://polymarket.com/zh/event/btc-updown-5m-1786939500,12:05-12:10,,1.00,99.00,,,10593.42,10593.42,,,,,,4708.64,,,5198.64,99,0,0,99,63430.03,63461.31,,
2026-08-17T12:09:18+08:00,btc-updown-5m-1786939500,https://polymarket.com/zh/event/btc-updown-5m-1786939500,12:05-12:10,,1.00,99.00,,,10790.13,10675.13,,,,,,5201.64,,,4696.64,99,0,0,99,63430.03,63461.31,,
2026-08-17T12:09:20+08:00,btc-updown-5m-1786939500,https://polymarket.com/zh/event/btc-updown-5m-1786939500,12:05-12:10,,1.00,99.00,,,10842.41,10812.40,,,,,,5191.64,,,4696.65,99,0,0,99,63430.03,63461.31,,
2026-08-17T12:09:22+08:00,btc-updown-5m-1786939500,https://polymarket.com/zh/event/btc-updown-5m-1786939500,12:05-12:10,,1.00,99.00,,,10878.40,10878.40,,,,,,4691.64,,,5196.64,99,0,0,99,63430.03,63461.32,,
2026-08-17T12:09:24+08:00,btc-updown-5m-1786939500,https://polymarket.com/zh/event/btc-updown-5m-1786939500,12:05-12:10,,1.00,99.00,,,10962.40,10962.40,,,,,,5191.64,,,5196.64,99,0,0,99,63430.03,63461.32,,
2026-08-17T12:09:26+08:00,btc-updown-5m-1786939500,https://polymarket.com/zh/event/btc-updown-5m-1786939500,12:05-12:10,,1.00,99.00,,,13662.48,13663.49,,,,,,4691.64,,,4686.64,99,0,0,99,63430.03,63459.72,,
2026-08-17T12:09:28+08:00,btc-updown-5m-1786939500,https://polymarket.com/zh/event/btc-updown-5m-1786939500,12:05-12:10,,1.00,99.00,,,13746.62,13713.94,,,,,,4696.64,,,4691.65,99,0,0,99,63430.03,63459.29,,
2026-08-17T12:09:30+08:00,btc-updown-5m-1786939500,https://polymarket.com/zh/event/btc-updown-5m-1786939500,12:05-12:10,,1.00,99.00,,,13477.00,13463.87,,,,,,4701.65,,,4681.64,99,0,0,99,63430.03,63458.63,,
2026-08-17T12:09:32+08:00,btc-updown-5m-1786939500,https://polymarket.com/zh/event/btc-updown-5m-1786939500,12:05-12:10,,1.00,99.00,,,15214.25,15214.25,,,,,,4081.64,,,4581.64,99,0,0,99,63430.03,63449.99,,
2026-08-17T12:09:34+08:00,btc-updown-5m-1786939500,https://polymarket.com/zh/event/btc-updown-5m-1786939500,12:05-12:10,,5.00,98.00,,,15.00,30.00,,,,,,4591.64,,,4086.64,95,0,0,94,63430.03,63431.15,,
2026-08-17T12:09:36+08:00,btc-updown-5m-1786939500,https://polymarket.com/zh/event/btc-updown-5m-1786939500,12:05-12:10,,4.00,99.00,3.00,,35.00,15.00,100.00,,3.50,,1.00,3211.64,,100.00,3216.65,99,0,1,95,63430.03,63428.00,,
2026-08-17T12:09:37+08:00,btc-updown-5m-1786939500,https://polymarket.com/zh/event/btc-updown-5m-1786939500,12:05-12:10,,2.00,99.00,,,2.37,5.01,,,,,,3176.65,,,3181.64,99,0,0,98,63430.03,63428.01,,
2026-08-17T12:09:39+08:00,btc-updown-5m-1786939500,https://polymarket.com/zh/event/btc-updown-5m-1786939500,12:05-12:10,99.00,2.00,98.00,1.00,105.00,10.00,10.00,110.00,98.50,1.50,1.00,1.00,3451.64,105.00,110.00,2956.64,98,1,1,98,63430.03,63420.69,,
2026-08-17T12:09:41+08:00,btc-updown-5m-1786939500,https://polymarket.com/zh/event/btc-updown-5m-1786939500,12:05-12:10,98.00,3.00,97.00,2.00,10.00,160.00,60.00,0.28,97.50,2.50,1.00,1.00,2936.64,211.05,110.33,2946.63,97,2,2,97,63430.03,63420.69,,
2026-08-17T12:09:43+08:00,btc-updown-5m-1786939500,https://polymarket.com/zh/event/btc-updown-5m-1786939500,12:05-12:10,,1.00,99.00,,,46.71,51.71,,,,,,3601.63,,,3431.63,99,0,0,99,63430.03,63420.69,,
2026-08-17T12:09:45+08:00,btc-updown-5m-1786939500,https://polymarket.com/zh/event/btc-updown-5m-1786939500,12:05-12:10,97.00,1.00,96.00,,123.32,76.01,10.00,,96.50,,1.00,,2846.63,248.00,,2831.64,96,3,0,99,63430.03,63420.69,,
2026-08-17T12:09:47+08:00,btc-updown-5m-1786939500,https://polymarket.com/zh/event/btc-updown-5m-1786939500,12:05-12:10,99.00,2.00,98.00,1.00,36.42,24.00,9.00,36.42,98.50,1.50,1.00,1.00,2841.63,36.42,36.42,2826.63,98,1,1,98,63430.03,63420.69,,
2026-08-17T12:09:49+08:00,btc-updown-5m-1786939500,https://polymarket.com/zh/event/btc-updown-5m-1786939500,12:05-12:10,99.00,2.00,98.00,1.00,24.31,295.00,25.00,24.31,98.50,1.50,1.00,1.00,2841.63,24.31,24.31,2831.63,98,1,1,98,63430.03,63420.69,,
2026-08-17T12:09:51+08:00,btc-updown-5m-1786939500,https://polymarket.com/zh/event/btc-updown-5m-1786939500,12:05-12:10,,1.00,99.00,,,250.00,250.00,,,,,,2826.63,,,2821.63,99,0,0,99,63430.03,63422.66,,
2026-08-17T12:09:53+08:00,btc-updown-5m-1786939500,https://polymarket.com/zh/event/btc-updown-5m-1786939500,12:05-12:10,,1.00,99.00,,,250.00,250.00,,,,,,2821.63,,,2821.63,99,0,0,99,63430.03,63422.66,,
2026-08-17T12:09:55+08:00,btc-updown-5m-1786939500,https://polymarket.com/zh/event/btc-updown-5m-1786939500,12:05-12:10,,1.00,99.00,,,1313.64,1308.63,,,,,,3321.63,,,2826.64,99,0,0,99,63430.03,63422.66,,
2026-08-17T12:09:57+08:00,btc-updown-5m-1786939500,https://polymarket.com/zh/event/btc-updown-5m-1786939500,12:05-12:10,,1.00,99.00,,,1508.10,1513.11,,,,,,2371.64,,,2366.63,99,0,0,99,63430.03,63422.66,,
2026-08-17T12:09:59+08:00,btc-updown-5m-1786939500,https://polymarket.com/zh/event/btc-updown-5m-1786939500,12:05-12:10,,1.00,99.00,,,2737.19,2747.19,,,,,,5816.63,,,5316.63,99,0,0,99,63430.03,63422.66,,
2026-08-17T12:10:01+08:00,btc-updown-5m-1786939800,https://polymarket.com/zh/event/btc-updown-5m-1786939800,12:10-12:15,37.00,64.00,36.00,63.00,70.74,405.72,410.72,70.74,36.50,63.50,1.00,1.00,14746.69,14108.25,14228.25,14746.69,36,63,63,36,63428.01,63428.01,,
2026-08-17T12:10:03+08:00,btc-updown-5m-1786939800,https://polymarket.com/zh/event/btc-updown-5m-1786939800,12:10-12:15,37.00,64.00,36.00,63.00,144.00,340.07,340.07,152.00,36.50,63.50,1.00,1.00,15436.69,14773.25,14838.26,15436.69,36,63,63,36,63428.01,63428.00,,
2026-08-17T12:10:05+08:00,btc-updown-5m-1786939800,https://polymarket.com/zh/event/btc-updown-5m-1786939800,12:10-12:15,37.00,64.00,36.00,63.00,123.62,396.50,427.40,118.62,36.50,63.50,1.00,1.00,15474.69,14993.26,14903.30,15504.69,36,63,63,36,63428.01,63428.01,,
2026-08-17T12:10:07+08:00,btc-updown-5m-1786939800,https://polymarket.com/zh/event/btc-updown-5m-1786939800,12:10-12:15,37.00,63.00,36.00,62.00,123.97,241.57,98.62,1.77,36.50,62.50,1.00,1.00,14799.69,14736.25,14636.25,14779.69,36,63,62,37,63428.01,63428.00,,
2026-08-17T12:10:09+08:00,btc-updown-5m-1786939800,https://polymarket.com/zh/event/btc-updown-5m-1786939800,12:10-12:15,38.00,63.00,37.00,62.00,317.61,327.57,181.97,114.52,37.50,62.50,1.00,1.00,12784.69,13076.25,13186.26,12789.69,37,62,62,37,63428.01,63428.01,,
2026-08-17T12:10:11+08:00,btc-updown-5m-1786939800,https://polymarket.com/zh/event/btc-updown-5m-1786939800,12:10-12:15,39.00,62.00,38.00,61.00,847.42,113.59,108.59,769.06,38.50,61.50,1.00,1.00,14797.69,15310.94,15095.94,14797.69,38,61,61,38,63428.01,63428.01,,
2026-08-17T12:10:13+08:00,btc-updown-5m-1786939800,https://polymarket.com/zh/event/btc-updown-5m-1786939800,12:10-12:15,36.00,65.00,35.00,64.00,375.16,35.00,35.00,357.14,35.50,64.50,1.00,1.00,14787.69,15110.95,15200.94,14802.69,35,64,64,35,63428.01,63428.01,,
2026-08-17T12:10:15+08:00,btc-updown-5m-1786939800,https://polymarket.com/zh/event/btc-updown-5m-1786939800,12:10-12:15,35.00,66.00,34.00,65.00,431.80,5.00,33.85,451.80,34.50,65.50,1.00,1.00,14812.69,15115.94,15200.94,14817.69,34,65,65,34,63428.01,63428.01,,
2026-08-17T12:10:17+08:00,btc-updown-5m-1786939800,https://polymarket.com/zh/event/btc-updown-5m-1786939800,12:10-12:15,34.00,67.00,33.00,66.00,148.00,276.51,294.31,148.00,33.50,66.50,1.00,1.00,14857.69,15115.94,15210.94,14847.69,33,66,66,33,63428.01,63428.00,,
2026-08-17T12:10:19+08:00,btc-updown-5m-1786939800,https://polymarket.com/zh/event/btc-updown-5m-1786939800,12:10-12:15,34.00,67.00,33.00,66.00,76.52,366.63,384.43,45.00,33.50,66.50,1.00,1.00,15044.68,15387.93,15307.93,15039.68,33,66,66,33,63428.01,63428.00,,
2026-08-17T12:10:21+08:00,btc-updown-5m-1786939800,https://polymarket.com/zh/event/btc-updown-5m-1786939800,12:10-12:15,38.00,63.00,37.00,62.00,314.12,384.18,425.18,277.46,37.50,62.50,1.00,1.00,13994.68,13372.93,13477.93,13974.68,37,62,62,37,63428.01,63428.46,,
2026-08-17T12:10:23+08:00,btc-updown-5m-1786939800,https://polymarket.com/zh/event/btc-updown-5m-1786939800,12:10-12:15,39.00,62.00,38.00,61.00,92.44,340.61,379.61,92.44,38.50,61.50,1.00,1.00,13989.68,13467.93,13392.93,13989.68,38,61,61,38,63428.01,63428.46,,
2026-08-17T12:10:25+08:00,btc-updown-5m-1786939800,https://polymarket.com/zh/event/btc-updown-5m-1786939800,12:10-12:15,44.00,57.00,43.00,56.00,193.56,118.80,239.78,226.17,43.50,56.50,1.00,1.00,13754.68,13592.93,13682.93,13729.68,43,56,56,43,63428.01,63428.47,,
2026-08-17T12:10:27+08:00,btc-updown-5m-1786939800,https://polymarket.com/zh/event/btc-updown-5m-1786939800,12:10-12:15,44.00,57.00,43.00,56.00,299.04,107.08,126.64,271.26,43.50,56.50,1.00,1.00,13479.68,13462.93,13462.93,13464.68,43,56,56,43,63428.01,63428.47,,
2026-08-17T12:10:29+08:00,btc-updown-5m-1786939800,https://polymarket.com/zh/event/btc-updown-5m-1786939800,12:10-12:15,43.00,58.00,42.00,57.00,390.41,194.69,194.69,395.41,42.50,57.50,1.00,1.00,13229.68,13202.93,13172.93,13234.68,42,57,57,42,63428.01,63431.14,,
2026-08-17T12:10:31+08:00,btc-updown-5m-1786939800,https://polymarket.com/zh/event/btc-updown-5m-1786939800,12:10-12:15,43.00,58.00,42.00,57.00,245.61,155.20,155.20,245.61,42.50,57.50,1.00,1.00,12744.68,12612.93,12697.93,12754.68,42,57,57,42,63428.01,63431.14,,
2026-08-17T12:10:33+08:00,btc-updown-5m-1786939800,https://polymarket.com/zh/event/btc-updown-5m-1786939800,12:10-12:15,43.00,58.00,42.00,57.00,271.76,218.20,140.20,261.48,42.50,57.50,1.00,1.00,12494.68,12742.93,12732.93,12494.68,42,57,57,42,63428.01,63432.60,,
2026-08-17T12:10:35+08:00,btc-updown-5m-1786939800,https://polymarket.com/zh/event/btc-updown-5m-1786939800,12:10-12:15,39.00,62.00,38.00,61.00,267.44,28.38,30.00,495.10,38.50,61.50,1.00,1.00,11814.68,12507.93,12392.93,11804.68,38,61,61,38,63428.01,63432.59,,
2026-08-17T12:10:37+08:00,btc-updown-5m-1786939800,https://polymarket.com/zh/event/btc-updown-5m-1786939800,12:10-12:15,38.00,63.00,37.00,62.00,121.65,332.80,176.91,90.86,37.50,62.50,1.00,1.00,11794.68,12377.98,12372.94,11784.68,37,62,62,37,63428.01,63431.14,,
